# https://github.com/mikedh/trimesh
v 2.00000000 0.00000000 10.77768900
v 2.00000000 -0.97356647 10.74681651
v 2.00000000 -1.94106330 10.63131371
v 2.00000000 -2.89384593 10.43011171
v 2.00000000 -3.82314836 10.14428148
v 2.00000000 -4.72082455 9.77712842
v 2.00000000 -5.57994148 9.33375247
v 2.00000000 -6.39500066 8.82022815
v 2.00000000 -7.16170037 8.24268351
v 2.00000000 -7.87632373 7.60658225
v 2.00000000 -8.53498215 6.91643269
v 2.00000000 -9.13300744 6.17599024
v 2.00000000 -9.66474215 5.38884450
v 2.00000000 -10.12384091 4.55914986
v 2.00000000 -10.50401380 3.69221651
v 2.00000000 -10.79998003 2.79474001
v 2.00000000 -11.00831698 1.87458745
v 2.00000000 -11.12791569 0.94022461
v 2.00000000 -11.15988296 0.00000000
v 2.00000000 -11.10691679 -0.93845037
v 2.00000000 -10.97236155 -1.86846466
v 2.00000000 -10.75925831 -2.78420234
v 2.00000000 -10.46970553 -3.68015697
v 2.00000000 -10.10473675 -4.55054652
v 2.00000000 -9.66474215 -5.38884450
v 2.00000000 -9.15027444 -6.18766666
v 2.00000000 -8.56295051 -6.93909721
v 2.00000000 -7.90613410 -7.63537170
v 2.00000000 -7.18516861 -8.26969403
v 2.00000000 -6.40709114 -8.83690380
v 2.00000000 -5.57994148 -9.33375247
v 2.00000000 -4.71191613 -9.75867851
v 2.00000000 -3.81066118 -10.11114817
v 2.00000000 -2.88293458 -10.39078459
v 2.00000000 -1.93472338 -10.59658966
v 2.00000000 -0.97172931 -10.72653676
v 2.00000000 -0.00000000 -10.77768900
v 2.00000000 0.97356647 -10.74681651
v 2.00000000 1.94106330 -10.63131371
v 2.00000000 2.89384593 -10.43011171
v 2.00000000 3.82314836 -10.14428148
v 2.00000000 4.72082455 -9.77712842
v 2.00000000 5.57994148 -9.33375247
v 2.00000000 6.39500066 -8.82022815
v 2.00000000 7.16170037 -8.24268351
v 2.00000000 7.87632373 -7.60658225
v 2.00000000 8.53498215 -6.91643269
v 2.00000000 9.13300744 -6.17599024
v 2.00000000 9.66474215 -5.38884450
v 2.00000000 10.12384091 -4.55914986
v 2.00000000 10.50401380 -3.69221651
v 2.00000000 10.79998003 -2.79474001
v 2.00000000 11.00831698 -1.87458745
v 2.00000000 11.12791569 -0.94022461
v 2.00000000 11.15988296 -0.00000000
v 2.00000000 11.10691679 0.93845037
v 2.00000000 10.97236155 1.86846466
v 2.00000000 10.75925831 2.78420234
v 2.00000000 10.46970553 3.68015697
v 2.00000000 10.10473675 4.55054652
v 2.00000000 9.66474215 5.38884450
v 2.00000000 9.15027444 6.18766666
v 2.00000000 8.56295051 6.93909721
v 2.00000000 7.90613410 7.63537170
v 2.00000000 7.18516861 8.26969403
v 2.00000000 6.40709114 8.83690380
v 2.00000000 5.57994148 9.33375247
v 2.00000000 4.71191613 9.75867851
v 2.00000000 3.81066118 10.11114817
v 2.00000000 2.88293458 10.39078459
v 2.00000000 1.93472338 10.59658966
v 2.00000000 0.97172931 10.72653676
v 4.00000000 0.00000000 10.80295820
v 4.00000000 -0.97480325 10.77102445
v 4.00000000 -1.94339874 10.65454650
v 4.00000000 -2.89725664 10.45264831
v 4.00000000 -3.82774828 10.16644995
v 4.00000000 -4.72682170 9.79915206
v 4.00000000 -5.58754296 9.35563624
v 4.00000000 -6.40430146 8.84172106
v 4.00000000 -7.17259990 8.26332626
v 4.00000000 -7.88850574 7.62582036
v 4.00000000 -8.54797170 6.93375402
v 4.00000000 -9.14629037 6.19103974
v 4.00000000 -9.67790830 5.40147910
v 4.00000000 -10.13670184 4.56941965
v 4.00000000 -10.51665198 3.70028517
v 4.00000000 -10.81270897 2.80077867
v 4.00000000 -11.02156192 1.87868402
v 4.00000000 -11.14205215 0.94234253
v 4.00000000 -11.17508592 0.00000000
v 4.00000000 -11.12307054 -0.94073716
v 4.00000000 -10.98906060 -1.87314399
v 4.00000000 -10.77589924 -2.79124398
v 4.00000000 -10.48563958 -3.68937345
v 4.00000000 -10.11943295 -4.56163518
v 4.00000000 -9.67790830 -5.40147910
v 4.00000000 -9.16189859 -6.20160480
v 4.00000000 -8.57325324 -6.95426134
v 4.00000000 -7.91545233 -7.65186964
v 4.00000000 -7.19381363 -8.28776593
v 4.00000000 -6.41523046 -8.85680953
v 4.00000000 -5.58754296 -9.35563624
v 4.00000000 -4.71876908 -9.78245822
v 4.00000000 -3.81646069 -10.13647026
v 4.00000000 -2.88739350 -10.41706434
v 4.00000000 -1.93766788 -10.62312747
v 4.00000000 -0.97314258 -10.75267492
v 4.00000000 -0.00000000 -10.80295820
v 4.00000000 0.97480325 -10.77102445
v 4.00000000 1.94339874 -10.65454650
v 4.00000000 2.89725664 -10.45264831
v 4.00000000 3.82774828 -10.16644995
v 4.00000000 4.72682170 -9.79915206
v 4.00000000 5.58754296 -9.35563624
v 4.00000000 6.40430146 -8.84172106
v 4.00000000 7.17259990 -8.26332626
v 4.00000000 7.88850574 -7.62582036
v 4.00000000 8.54797170 -6.93375402
v 4.00000000 9.14629037 -6.19103974
v 4.00000000 9.67790830 -5.40147910
v 4.00000000 10.13670184 -4.56941965
v 4.00000000 10.51665198 -3.70028517
v 4.00000000 10.81270897 -2.80077867
v 4.00000000 11.02156192 -1.87868402
v 4.00000000 11.14205215 -0.94234253
v 4.00000000 11.17508592 -0.00000000
v 4.00000000 11.12307054 0.94073716
v 4.00000000 10.98906060 1.87314399
v 4.00000000 10.77589924 2.79124398
v 4.00000000 10.48563958 3.68937345
v 4.00000000 10.11943295 4.56163518
v 4.00000000 9.67790830 5.40147910
v 4.00000000 9.16189859 6.20160480
v 4.00000000 8.57325324 6.95426134
v 4.00000000 7.91545233 7.65186964
v 4.00000000 7.19381363 8.28776593
v 4.00000000 6.41523046 8.85680953
v 4.00000000 5.58754296 9.35563624
v 4.00000000 4.71876908 9.78245822
v 4.00000000 3.81646069 10.13647026
v 4.00000000 2.88739350 10.41706434
v 4.00000000 1.93766788 10.62312747
v 4.00000000 0.97314258 10.75267492
v 6.00000000 0.00000000 10.82239073
v 6.00000000 -0.97555496 10.78963770
v 6.00000000 -1.94479698 10.67240761
v 6.00000000 -2.89928643 10.46997332
v 6.00000000 -3.83050228 10.18349281
v 6.00000000 -4.73046671 9.81608583
v 6.00000000 -5.59224654 9.37246530
v 6.00000000 -6.41014591 8.85825213
v 6.00000000 -7.17951770 8.27920516
v 6.00000000 -7.89626398 7.64061933
v 6.00000000 -8.55621601 6.94707800
v 6.00000000 -9.15463711 6.20261492
v 6.00000000 -9.68605514 5.41119537
v 6.00000000 -10.14451861 4.57731600
v 6.00000000 -10.52421852 3.70648827
v 6.00000000 -10.82028427 2.80542090
v 6.00000000 -11.02949174 1.88183341
v 6.00000000 -11.15064418 0.94397098
v 6.00000000 -11.18449309 0.00000000
v 6.00000000 -11.13322125 -0.94249602
v 6.00000000 -10.99965928 -1.87674345
v 6.00000000 -10.78649719 -2.79666078
v 6.00000000 -10.49575272 -3.69646299
v 6.00000000 -10.12866775 -4.57016392
v 6.00000000 -9.68605514 -5.41119537
v 6.00000000 -9.16896365 -6.21232170
v 6.00000000 -8.57942155 -6.96591934
v 6.00000000 -7.92099784 -7.66455242
v 6.00000000 -7.19898945 -8.30165940
v 6.00000000 -6.42017747 -8.87211485
v 6.00000000 -5.59224654 -9.37246530
v 6.00000000 -4.72307534 -9.80074816
v 6.00000000 -3.82014158 -10.15594861
v 6.00000000 -2.89023321 -10.43728010
v 6.00000000 -1.93953671 -10.64354099
v 6.00000000 -0.97403065 -10.77277884
v 6.00000000 -0.00000000 -10.82239073
v 6.00000000 0.97555496 -10.78963770
v 6.00000000 1.94479698 -10.67240761
v 6.00000000 2.89928643 -10.46997332
v 6.00000000 3.83050228 -10.18349281
v 6.00000000 4.73046671 -9.81608583
v 6.00000000 5.59224654 -9.37246530
v 6.00000000 6.41014591 -8.85825213
v 6.00000000 7.17951770 -8.27920516
v 6.00000000 7.89626398 -7.64061933
v 6.00000000 8.55621601 -6.94707800
v 6.00000000 9.15463711 -6.20261492
v 6.00000000 9.68605514 -5.41119537
v 6.00000000 10.14451861 -4.57731600
v 6.00000000 10.52421852 -3.70648827
v 6.00000000 10.82028427 -2.80542090
v 6.00000000 11.02949174 -1.88183341
v 6.00000000 11.15064418 -0.94397098
v 6.00000000 11.18449309 -0.00000000
v 6.00000000 11.13322125 0.94249602
v 6.00000000 10.99965928 1.87674345
v 6.00000000 10.78649719 2.79666078
v 6.00000000 10.49575272 3.69646299
v 6.00000000 10.12866775 4.57016392
v 6.00000000 9.68605514 5.41119537
v 6.00000000 9.16896365 6.21232170
v 6.00000000 8.57942155 6.96591934
v 6.00000000 7.92099784 7.66455242
v 6.00000000 7.19898945 8.30165940
v 6.00000000 6.42017747 8.87211485
v 6.00000000 5.59224654 9.37246530
v 6.00000000 4.72307534 9.80074816
v 6.00000000 3.82014158 10.15594861
v 6.00000000 2.89023321 10.43728010
v 6.00000000 1.93953671 10.64354099
v 6.00000000 0.97403065 10.77277884
v 8.00000000 0.00000000 10.83640662
v 8.00000000 -0.97625964 10.80306097
v 8.00000000 -1.94612932 10.68528718
v 8.00000000 -2.90123317 10.48246584
v 8.00000000 -3.83312648 10.19578236
v 8.00000000 -4.73388372 9.82829792
v 8.00000000 -5.59657106 9.38460342
v 8.00000000 -6.41543013 8.87017672
v 8.00000000 -7.18570481 8.29066022
v 8.00000000 -7.90317699 7.65129563
v 8.00000000 -8.56358952 6.95668993
v 8.00000000 -9.16218376 6.21096460
v 8.00000000 -9.69354543 5.41820331
v 8.00000000 -10.15184640 4.58301059
v 8.00000000 -10.53142846 3.71096129
v 8.00000000 -10.82754958 2.80876826
v 8.00000000 -11.03704783 1.88410443
v 8.00000000 -11.15869874 0.94514537
v 8.00000000 -11.19314213 0.00000000
v 8.00000000 -11.14239895 -0.94376477
v 8.00000000 -11.00913847 -1.87934010
v 8.00000000 -10.79594054 -2.80056857
v 8.00000000 -10.50479767 -3.70157740
v 8.00000000 -10.13701735 -4.57631607
v 8.00000000 -9.69354543 -5.41820331
v 8.00000000 -9.17558676 -6.22005038
v 8.00000000 -8.58529914 -6.97432589
v 8.00000000 -7.92631642 -7.67369758
v 8.00000000 -7.20392134 -8.31167793
v 8.00000000 -6.42481502 -8.88315255
v 8.00000000 -5.59657106 -9.38460342
v 8.00000000 -4.72696882 -9.81394148
v 8.00000000 -3.82343367 -10.17000031
v 8.00000000 -2.89276355 -10.45186420
v 8.00000000 -1.94120815 -10.65826733
v 8.00000000 -0.97483359 -10.78728067
v 8.00000000 -0.00000000 -10.83640662
v 8.00000000 0.97625964 -10.80306097
v 8.00000000 1.94612932 -10.68528718
v 8.00000000 2.90123317 -10.48246584
v 8.00000000 3.83312648 -10.19578236
v 8.00000000 4.73388372 -9.82829792
v 8.00000000 5.59657106 -9.38460342
v 8.00000000 6.41543013 -8.87017672
v 8.00000000 7.18570481 -8.29066022
v 8.00000000 7.90317699 -7.65129563
v 8.00000000 8.56358952 -6.95668993
v 8.00000000 9.16218376 -6.21096460
v 8.00000000 9.69354543 -5.41820331
v 8.00000000 10.15184640 -4.58301059
v 8.00000000 10.53142846 -3.71096129
v 8.00000000 10.82754958 -2.80876826
v 8.00000000 11.03704783 -1.88410443
v 8.00000000 11.15869874 -0.94514537
v 8.00000000 11.19314213 -0.00000000
v 8.00000000 11.14239895 0.94376477
v 8.00000000 11.00913847 1.87934010
v 8.00000000 10.79594054 2.80056857
v 8.00000000 10.50479767 3.70157740
v 8.00000000 10.13701735 4.57631607
v 8.00000000 9.69354543 5.41820331
v 8.00000000 9.17558676 6.22005038
v 8.00000000 8.58529914 6.97432589
v 8.00000000 7.92631642 7.67369758
v 8.00000000 7.20392134 8.31167793
v 8.00000000 6.42481502 8.88315255
v 8.00000000 5.59657106 9.38460342
v 8.00000000 4.72696882 9.81394148
v 8.00000000 3.82343367 10.17000031
v 8.00000000 2.89276355 10.45186420
v 8.00000000 1.94120815 10.65826733
v 8.00000000 0.97483359 10.78728067
v 10.00000000 0.00000000 10.85216513
v 10.00000000 -0.97582995 10.81815148
v 10.00000000 -1.94519132 10.69976518
v 10.00000000 -2.89979041 10.49650828
v 10.00000000 -3.83127898 10.20959711
v 10.00000000 -4.73180018 9.84202681
v 10.00000000 -5.59442817 9.39825068
v 10.00000000 -6.41334146 8.88358530
v 10.00000000 -7.18366728 8.30354176
v 10.00000000 -7.90105765 7.66330174
v 10.00000000 -8.56116129 6.96749883
v 10.00000000 -9.15920082 6.22035339
v 10.00000000 -9.68983384 5.42608256
v 10.00000000 -10.14737823 4.58941247
v 10.00000000 -10.52635249 3.71598945
v 10.00000000 -10.82216515 2.81253092
v 10.00000000 -11.03172816 1.88665729
v 10.00000000 -11.15378742 0.94646561
v 10.00000000 -11.18885635 0.00000000
v 10.00000000 -11.13877132 -0.94519141
v 10.00000000 -11.00601680 -1.88226011
v 10.00000000 -10.79304547 -2.80496311
v 10.00000000 -10.50181900 -3.70732869
v 10.00000000 -10.13371704 -4.58323385
v 10.00000000 -9.68983384 -5.42608256
v 10.00000000 -9.17154828 -6.22873901
v 10.00000000 -8.58116117 -6.98377573
v 10.00000000 -7.92237474 -7.68397736
v 10.00000000 -7.20044917 -8.32293982
v 10.00000000 -6.42198724 -8.89556120
v 10.00000000 -5.59442817 -9.39825068
v 10.00000000 -4.72542986 -9.82877671
v 10.00000000 -3.82234952 -10.18580187
v 10.00000000 -2.89198782 -10.46826485
v 10.00000000 -1.94065771 -10.67482752
v 10.00000000 -0.97451622 -10.80358724
v 10.00000000 -0.00000000 -10.85216513
v 10.00000000 0.97582995 -10.81815148
v 10.00000000 1.94519132 -10.69976518
v 10.00000000 2.89979041 -10.49650828
v 10.00000000 3.83127898 -10.20959711
v 10.00000000 4.73180018 -9.84202681
v 10.00000000 5.59442817 -9.39825068
v 10.00000000 6.41334146 -8.88358530
v 10.00000000 7.18366728 -8.30354176
v 10.00000000 7.90105765 -7.66330174
v 10.00000000 8.56116129 -6.96749883
v 10.00000000 9.15920082 -6.22035339
v 10.00000000 9.68983384 -5.42608256
v 10.00000000 10.14737823 -4.58941247
v 10.00000000 10.52635249 -3.71598945
v 10.00000000 10.82216515 -2.81253092
v 10.00000000 11.03172816 -1.88665729
v 10.00000000 11.15378742 -0.94646561
v 10.00000000 11.18885635 -0.00000000
v 10.00000000 11.13877132 0.94519141
v 10.00000000 11.00601680 1.88226011
v 10.00000000 10.79304547 2.80496311
v 10.00000000 10.50181900 3.70732869
v 10.00000000 10.13371704 4.58323385
v 10.00000000 9.68983384 5.42608256
v 10.00000000 9.17154828 6.22873901
v 10.00000000 8.58116117 6.98377573
v 10.00000000 7.92237474 7.68397736
v 10.00000000 7.20044917 8.32293982
v 10.00000000 6.42198724 8.89556120
v 10.00000000 5.59442817 9.39825068
v 10.00000000 4.72542986 9.82877671
v 10.00000000 3.82234952 10.18580187
v 10.00000000 2.89198782 10.46826485
v 10.00000000 1.94065771 10.67482752
v 10.00000000 0.97451622 10.80358724
v 12.00000000 0.00000000 10.87387985
v 12.00000000 -0.97474054 10.83894278
v 12.00000000 -1.94290760 10.71971036
v 12.00000000 -2.89632482 10.51585260
v 12.00000000 -3.82678093 10.22862857
v 12.00000000 -4.72651762 9.86094210
v 12.00000000 -5.58862357 9.41705618
v 12.00000000 -6.40719341 8.90206432
v 12.00000000 -7.17719635 8.32129605
v 12.00000000 -7.89410793 7.67984997
v 12.00000000 -8.55344954 6.98239645
v 12.00000000 -9.15042050 6.23329254
v 12.00000000 -9.67977997 5.43693992
v 12.00000000 -10.13604974 4.59823282
v 12.00000000 -10.51399419 3.72291634
v 12.00000000 -10.80923140 2.81771421
v 12.00000000 -11.01877653 1.89017416
v 12.00000000 -11.14133538 0.94828462
v 12.00000000 -11.17724714 0.00000000
v 12.00000000 -11.12809331 -0.94715753
v 12.00000000 -10.99610276 -1.88628468
v 12.00000000 -10.78355197 -2.81102018
v 12.00000000 -10.49235913 -3.71525555
v 12.00000000 -10.12400251 -4.59276758
v 12.00000000 -9.67977997 -5.43693992
v 12.00000000 -9.16130920 -6.24070996
v 12.00000000 -8.57108659 -6.99679402
v 12.00000000 -7.91290657 -7.69813839
v 12.00000000 -7.19199560 -8.33845441
v 12.00000000 -6.41481776 -8.91265749
v 12.00000000 -5.58862357 -9.41705618
v 12.00000000 -4.72089990 -9.84922185
v 12.00000000 -3.81890641 -10.20758073
v 12.00000000 -2.88944404 -10.49087015
v 12.00000000 -1.93890960 -10.69765200
v 12.00000000 -0.97358201 -10.82606012
v 12.00000000 -0.00000000 -10.87387985
v 12.00000000 0.97474054 -10.83894278
v 12.00000000 1.94290760 -10.71971036
v 12.00000000 2.89632482 -10.51585260
v 12.00000000 3.82678093 -10.22862857
v 12.00000000 4.72651762 -9.86094210
v 12.00000000 5.58862357 -9.41705618
v 12.00000000 6.40719341 -8.90206432
v 12.00000000 7.17719635 -8.32129605
v 12.00000000 7.89410793 -7.67984997
v 12.00000000 8.55344954 -6.98239645
v 12.00000000 9.15042050 -6.23329254
v 12.00000000 9.67977997 -5.43693992
v 12.00000000 10.13604974 -4.59823282
v 12.00000000 10.51399419 -3.72291634
v 12.00000000 10.80923140 -2.81771421
v 12.00000000 11.01877653 -1.89017416
v 12.00000000 11.14133538 -0.94828462
v 12.00000000 11.17724714 -0.00000000
v 12.00000000 11.12809331 0.94715753
v 12.00000000 10.99610276 1.88628468
v 12.00000000 10.78355197 2.81102018
v 12.00000000 10.49235913 3.71525555
v 12.00000000 10.12400251 4.59276758
v 12.00000000 9.67977997 5.43693992
v 12.00000000 9.16130920 6.24070996
v 12.00000000 8.57108659 6.99679402
v 12.00000000 7.91290657 7.69813839
v 12.00000000 7.19199560 8.33845441
v 12.00000000 6.41481776 8.91265749
v 12.00000000 5.58862357 9.41705618
v 12.00000000 4.72089990 9.84922185
v 12.00000000 3.81890641 10.20758073
v 12.00000000 2.88944404 10.49087015
v 12.00000000 1.93890960 10.69765200
v 12.00000000 0.97358201 10.82606012
v 14.00000000 0.00000000 10.90737181
v 14.00000000 -0.97325908 10.87100379
v 14.00000000 -1.93978196 10.75046158
v 14.00000000 -2.89157121 10.54567556
v 14.00000000 -3.82062462 10.25797104
v 14.00000000 -4.71933399 9.89011024
v 14.00000000 -5.58080895 9.44606107
v 14.00000000 -6.39901387 8.93057118
v 14.00000000 -7.16867384 8.34868851
v 14.00000000 -7.88499195 7.70538283
v 14.00000000 -8.54329281 7.00538145
v 14.00000000 -9.13873890 6.25325326
v 14.00000000 -9.66624464 5.45368590
v 14.00000000 -10.12064441 4.61183415
v 14.00000000 -10.49707988 3.73359612
v 14.00000000 -10.79149066 2.82570525
v 14.00000000 -11.00105015 1.89559643
v 14.00000000 -11.12440215 0.95108959
v 14.00000000 -11.16161790 0.00000000
v 14.00000000 -11.11388698 -0.95019059
v 14.00000000 -10.98304552 -1.89249404
v 14.00000000 -10.77109931 -2.82036586
v 14.00000000 -10.47990006 -3.72748561
v 14.00000000 -10.11107802 -4.60747488
v 14.00000000 -9.66624464 -5.45368590
v 14.00000000 -9.14738533 -6.25916964
v 14.00000000 -8.55729792 -7.01686545
v 14.00000000 -7.89991945 -7.71997031
v 14.00000000 -7.18042553 -8.36237461
v 14.00000000 -6.40506816 -8.93902065
v 14.00000000 -5.58080895 -9.44606107
v 14.00000000 -4.71487311 -9.88076177
v 14.00000000 -3.81437168 -10.24118256
v 14.00000000 -2.88610736 -10.52574870
v 14.00000000 -1.93660726 -10.73286707
v 14.00000000 -0.97233912 -10.86072814
v 14.00000000 -0.00000000 -10.90737181
v 14.00000000 0.97325908 -10.87100379
v 14.00000000 1.93978196 -10.75046158
v 14.00000000 2.89157121 -10.54567556
v 14.00000000 3.82062462 -10.25797104
v 14.00000000 4.71933399 -9.89011024
v 14.00000000 5.58080895 -9.44606107
v 14.00000000 6.39901387 -8.93057118
v 14.00000000 7.16867384 -8.34868851
v 14.00000000 7.88499195 -7.70538283
v 14.00000000 8.54329281 -7.00538145
v 14.00000000 9.13873890 -6.25325326
v 14.00000000 9.66624464 -5.45368590
v 14.00000000 10.12064441 -4.61183415
v 14.00000000 10.49707988 -3.73359612
v 14.00000000 10.79149066 -2.82570525
v 14.00000000 11.00105015 -1.89559643
v 14.00000000 11.12440215 -0.95108959
v 14.00000000 11.16161790 -0.00000000
v 14.00000000 11.11388698 0.95019059
v 14.00000000 10.98304552 1.89249404
v 14.00000000 10.77109931 2.82036586
v 14.00000000 10.47990006 3.72748561
v 14.00000000 10.11107802 4.60747488
v 14.00000000 9.66624464 5.45368590
v 14.00000000 9.14738533 6.25916964
v 14.00000000 8.55729792 7.01686545
v 14.00000000 7.89991945 7.71997031
v 14.00000000 7.18042553 8.36237461
v 14.00000000 6.40506816 8.93902065
v 14.00000000 5.58080895 9.44606107
v 14.00000000 4.71487311 9.88076177
v 14.00000000 3.81437168 10.24118256
v 14.00000000 2.88610736 10.52574870
v 14.00000000 1.93660726 10.73286707
v 14.00000000 0.97233912 10.86072814
v 16.00000000 0.00000000 10.93808791
v 16.00000000 -0.97210525 10.90040040
v 16.00000000 -1.93732405 10.77865186
v 16.00000000 -2.88782098 10.57301289
v 16.00000000 -3.81578349 10.28486990
v 16.00000000 -4.71373907 9.91685439
v 16.00000000 -5.57481510 9.47266200
v 16.00000000 -6.39285557 8.95672122
v 16.00000000 -7.16236112 8.37382017
v 16.00000000 -7.87828458 7.72880964
v 16.00000000 -8.53576959 7.02646941
v 16.00000000 -9.12994393 6.27156372
v 16.00000000 -9.65586299 5.46904396
v 16.00000000 -10.10864605 4.62430515
v 16.00000000 -10.48377897 3.74338651
v 16.00000000 -10.77749464 2.83303027
v 16.00000000 -10.98711065 1.90056714
v 16.00000000 -11.11121381 0.95366146
v 16.00000000 -11.14963020 0.00000000
v 16.00000000 -11.10319117 -0.95297289
v 16.00000000 -10.97337386 -1.89819093
v 16.00000000 -10.76193688 -2.82894067
v 16.00000000 -10.47067147 -3.73870628
v 16.00000000 -10.10134729 -4.62096625
v 16.00000000 -9.65586299 -5.46904396
v 16.00000000 -9.13654080 -6.27609525
v 16.00000000 -8.54645492 -7.03526535
v 16.00000000 -7.88967365 -7.73998263
v 16.00000000 -7.17132717 -8.38430276
v 16.00000000 -6.39747474 -8.96319293
v 16.00000000 -5.57481510 -9.47266200
v 16.00000000 -4.71033560 -9.90969411
v 16.00000000 -3.81101275 -10.27201109
v 16.00000000 -2.88365230 -10.55775032
v 16.00000000 -1.93490188 -10.76517570
v 16.00000000 -0.97140336 -10.89252997
v 16.00000000 -0.00000000 -10.93808791
v 16.00000000 0.97210525 -10.90040040
v 16.00000000 1.93732405 -10.77865186
v 16.00000000 2.88782098 -10.57301289
v 16.00000000 3.81578349 -10.28486990
v 16.00000000 4.71373907 -9.91685439
v 16.00000000 5.57481510 -9.47266200
v 16.00000000 6.39285557 -8.95672122
v 16.00000000 7.16236112 -8.37382017
v 16.00000000 7.87828458 -7.72880964
v 16.00000000 8.53576959 -7.02646941
v 16.00000000 9.12994393 -6.27156372
v 16.00000000 9.65586299 -5.46904396
v 16.00000000 10.10864605 -4.62430515
v 16.00000000 10.48377897 -3.74338651
v 16.00000000 10.77749464 -2.83303027
v 16.00000000 10.98711065 -1.90056714
v 16.00000000 11.11121381 -0.95366146
v 16.00000000 11.14963020 -0.00000000
v 16.00000000 11.10319117 0.95297289
v 16.00000000 10.97337386 1.89819093
v 16.00000000 10.76193688 2.82894067
v 16.00000000 10.47067147 3.73870628
v 16.00000000 10.10134729 4.62096625
v 16.00000000 9.65586299 5.46904396
v 16.00000000 9.13654080 6.27609525
v 16.00000000 8.54645492 7.03526535
v 16.00000000 7.88967365 7.73998263
v 16.00000000 7.17132717 8.38430276
v 16.00000000 6.39747474 8.96319293
v 16.00000000 5.57481510 9.47266200
v 16.00000000 4.71033560 9.90969411
v 16.00000000 3.81101275 10.27201109
v 16.00000000 2.88365230 10.55775032
v 16.00000000 1.93490188 10.76517570
v 16.00000000 0.97140336 10.89252997
v 18.00000000 0.00000000 10.96240910
v 18.00000000 -0.97133585 10.92367195
v 18.00000000 -1.93566550 10.80096478
v 18.00000000 -2.88528042 10.59464935
v 18.00000000 -3.81251678 10.30616064
v 18.00000000 -4.71000829 9.93802614
v 18.00000000 -5.57089532 9.49372476
v 18.00000000 -6.38892580 8.97743096
v 18.00000000 -7.15842217 8.39372601
v 18.00000000 -7.87413873 7.74736601
v 18.00000000 -8.53107534 7.04317240
v 18.00000000 -9.12433165 6.28606483
v 18.00000000 -9.64907374 5.48120455
v 18.00000000 -10.10064536 4.63417770
v 18.00000000 -10.47480377 3.75113570
v 18.00000000 -10.76801311 2.83882774
v 18.00000000 -10.97770456 1.90450151
v 18.00000000 -11.10241962 0.95569746
v 18.00000000 -11.14179064 0.00000000
v 18.00000000 -11.09636590 -0.95517635
v 18.00000000 -10.96733905 -1.90270322
v 18.00000000 -10.75627354 -2.83573277
v 18.00000000 -10.46491312 -3.74759376
v 18.00000000 -10.09513787 -4.63165086
v 18.00000000 -9.64907374 -5.48120455
v 18.00000000 -9.12930951 -6.28949425
v 18.00000000 -8.53913827 -7.04982908
v 18.00000000 -7.88273270 -7.75582161
v 18.00000000 -7.16518777 -8.40165913
v 18.00000000 -6.39241134 -8.98232868
v 18.00000000 -5.57089532 -9.49372476
v 18.00000000 -4.70744010 -9.93260731
v 18.00000000 -3.80891688 -10.29642923
v 18.00000000 -2.88213481 -10.58309878
v 18.00000000 -1.93383778 -10.79076616
v 18.00000000 -0.97080622 -10.91771569
v 18.00000000 -0.00000000 -10.96240910
v 18.00000000 0.97133585 -10.92367195
v 18.00000000 1.93566550 -10.80096478
v 18.00000000 2.88528042 -10.59464935
v 18.00000000 3.81251678 -10.30616064
v 18.00000000 4.71000829 -9.93802614
v 18.00000000 5.57089532 -9.49372476
v 18.00000000 6.38892580 -8.97743096
v 18.00000000 7.15842217 -8.39372601
v 18.00000000 7.87413873 -7.74736601
v 18.00000000 8.53107534 -7.04317240
v 18.00000000 9.12433165 -6.28606483
v 18.00000000 9.64907374 -5.48120455
v 18.00000000 10.10064536 -4.63417770
v 18.00000000 10.47480377 -3.75113570
v 18.00000000 10.76801311 -2.83882774
v 18.00000000 10.97770456 -1.90450151
v 18.00000000 11.10241962 -0.95569746
v 18.00000000 11.14179064 -0.00000000
v 18.00000000 11.09636590 0.95517635
v 18.00000000 10.96733905 1.90270322
v 18.00000000 10.75627354 2.83573277
v 18.00000000 10.46491312 3.74759376
v 18.00000000 10.09513787 4.63165086
v 18.00000000 9.64907374 5.48120455
v 18.00000000 9.12930951 6.28949425
v 18.00000000 8.53913827 7.04982908
v 18.00000000 7.88273270 7.75582161
v 18.00000000 7.16518777 8.40165913
v 18.00000000 6.39241134 8.98232868
v 18.00000000 5.57089532 9.49372476
v 18.00000000 4.70744010 9.93260731
v 18.00000000 3.80891688 10.29642923
v 18.00000000 2.88213481 10.58309878
v 18.00000000 1.93383778 10.79076616
v 18.00000000 0.97080622 10.91771569
v 20.00000000 0.00000000 10.97692953
v 20.00000000 -0.97090728 10.93756368
v 20.00000000 -1.93473671 10.81428273
v 20.00000000 -2.88385521 10.60756296
v 20.00000000 -3.81068743 10.31886848
v 20.00000000 -4.70793014 9.95066442
v 20.00000000 -5.56873129 9.50629983
v 20.00000000 -6.38678131 8.98979694
v 20.00000000 -7.15629619 8.40561308
v 20.00000000 -7.87191167 7.75844758
v 20.00000000 -8.52854169 7.05314684
v 20.00000000 -9.12126900 6.29472358
v 20.00000000 -9.64532553 5.48846476
v 20.00000000 -10.09618876 4.64007102
v 20.00000000 -10.46977766 3.75576098
v 20.00000000 -10.76269418 2.84228793
v 20.00000000 -10.97243713 1.90684982
v 20.00000000 -11.09752102 0.95691283
v 20.00000000 -11.13746258 0.00000000
v 20.00000000 -11.09264132 -0.95649206
v 20.00000000 -10.96408186 -1.90539780
v 20.00000000 -10.75323131 -2.83978891
v 20.00000000 -10.46180514 -3.75290105
v 20.00000000 -10.09174936 -4.63803073
v 20.00000000 -9.64532553 -5.48846476
v 20.00000000 -9.12528148 -6.29749266
v 20.00000000 -8.53504094 -7.05852175
v 20.00000000 -7.87883896 -7.76527503
v 20.00000000 -7.16174971 -8.41201866
v 20.00000000 -6.38959088 -8.99375159
v 20.00000000 -5.56873129 -9.50629983
v 20.00000000 -4.70586001 -9.94628900
v 20.00000000 -3.80778567 -10.31101088
v 20.00000000 -2.88131965 -10.59823649
v 20.00000000 -1.93326345 -10.80604788
v 20.00000000 -0.97048036 -10.93275432
v 20.00000000 -0.00000000 -10.97692953
v 20.00000000 0.97090728 -10.93756368
v 20.00000000 1.93473671 -10.81428273
v 20.00000000 2.88385521 -10.60756296
v 20.00000000 3.81068743 -10.31886848
v 20.00000000 4.70793014 -9.95066442
v 20.00000000 5.56873129 -9.50629983
v 20.00000000 6.38678131 -8.98979694
v 20.00000000 7.15629619 -8.40561308
v 20.00000000 7.87191167 -7.75844758
v 20.00000000 8.52854169 -7.05314684
v 20.00000000 9.12126900 -6.29472358
v 20.00000000 9.64532553 -5.48846476
v 20.00000000 10.09618876 -4.64007102
v 20.00000000 10.46977766 -3.75576098
v 20.00000000 10.76269418 -2.84228793
v 20.00000000 10.97243713 -1.90684982
v 20.00000000 11.09752102 -0.95691283
v 20.00000000 11.13746258 -0.00000000
v 20.00000000 11.09264132 0.95649206
v 20.00000000 10.96408186 1.90539780
v 20.00000000 10.75323131 2.83978891
v 20.00000000 10.46180514 3.75290105
v 20.00000000 10.09174936 4.63803073
v 20.00000000 9.64532553 5.48846476
v 20.00000000 9.12528148 6.29749266
v 20.00000000 8.53504094 7.05852175
v 20.00000000 7.87883896 7.76527503
v 20.00000000 7.16174971 8.41201866
v 20.00000000 6.38959088 8.99375159
v 20.00000000 5.56873129 9.50629983
v 20.00000000 4.70586001 9.94628900
v 20.00000000 3.80778567 10.31101088
v 20.00000000 2.88131965 10.59823649
v 20.00000000 1.93326345 10.80604788
v 20.00000000 0.97048036 10.93275432
v 22.00000000 0.00000000 10.98246896
v 22.00000000 -0.97019694 10.94286286
v 22.00000000 -1.93329272 10.81936273
v 22.00000000 -2.88168730 10.61248862
v 22.00000000 -3.80784332 10.32371576
v 22.00000000 -4.70448570 9.95548545
v 22.00000000 -5.56476914 9.51109712
v 22.00000000 -6.38236571 8.99451479
v 22.00000000 -7.15145408 8.41014844
v 22.00000000 -7.86662785 7.76267569
v 22.00000000 -8.52277110 7.05695246
v 22.00000000 -9.11496286 6.29802706
v 22.00000000 -9.63846288 5.49123448
v 22.00000000 -10.08880215 4.64231911
v 22.00000000 -10.46196353 3.75752524
v 22.00000000 -10.75460343 2.84360776
v 22.00000000 -10.96424785 1.90774556
v 22.00000000 -11.08940180 0.95737645
v 22.00000000 -11.12953828 0.00000000
v 22.00000000 -11.08497224 -0.95699403
v 22.00000000 -10.95666332 -1.90642588
v 22.00000000 -10.74601349 -2.84133650
v 22.00000000 -10.45472646 -3.75492597
v 22.00000000 -10.08477227 -4.64046478
v 22.00000000 -9.63846288 -5.49123448
v 22.00000000 -9.11860520 -6.30054376
v 22.00000000 -8.52867081 -7.06183749
v 22.00000000 -7.87291612 -7.76888086
v 22.00000000 -7.15640453 -8.41597020
v 22.00000000 -6.38491610 -8.99810901
v 22.00000000 -5.56476914 -9.51109712
v 22.00000000 -4.70260654 -9.95150883
v 22.00000000 -3.80520924 -10.31657432
v 22.00000000 -2.87938564 -10.60401219
v 22.00000000 -1.93195536 -10.81187843
v 22.00000000 -0.96980941 -10.93849184
v 22.00000000 -0.00000000 -10.98246896
v 22.00000000 0.97019694 -10.94286286
v 22.00000000 1.93329272 -10.81936273
v 22.00000000 2.88168730 -10.61248862
v 22.00000000 3.80784332 -10.32371576
v 22.00000000 4.70448570 -9.95548545
v 22.00000000 5.56476914 -9.51109712
v 22.00000000 6.38236571 -8.99451479
v 22.00000000 7.15145408 -8.41014844
v 22.00000000 7.86662785 -7.76267569
v 22.00000000 8.52277110 -7.05695246
v 22.00000000 9.11496286 -6.29802706
v 22.00000000 9.63846288 -5.49123448
v 22.00000000 10.08880215 -4.64231911
v 22.00000000 10.46196353 -3.75752524
v 22.00000000 10.75460343 -2.84360776
v 22.00000000 10.96424785 -1.90774556
v 22.00000000 11.08940180 -0.95737645
v 22.00000000 11.12953828 -0.00000000
v 22.00000000 11.08497224 0.95699403
v 22.00000000 10.95666332 1.90642588
v 22.00000000 10.74601349 2.84133650
v 22.00000000 10.45472646 3.75492597
v 22.00000000 10.08477227 4.64046478
v 22.00000000 9.63846288 5.49123448
v 22.00000000 9.11860520 6.30054376
v 22.00000000 8.52867081 7.06183749
v 22.00000000 7.87291612 7.76888086
v 22.00000000 7.15640453 8.41597020
v 22.00000000 6.38491610 8.99810901
v 22.00000000 5.56476914 9.51109712
v 22.00000000 4.70260654 9.95150883
v 22.00000000 3.80520924 10.31657432
v 22.00000000 2.87938564 10.60401219
v 22.00000000 1.93195536 10.81187843
v 22.00000000 0.96980941 10.93849184
v 24.00000000 0.00000000 10.98874001
v 24.00000000 -0.96967285 10.94886166
v 24.00000000 -1.93221612 10.82511321
v 24.00000000 -2.88006499 10.61806431
v 24.00000000 -3.80572284 10.32920280
v 24.00000000 -4.70194436 9.96094298
v 24.00000000 -5.56188989 9.51652800
v 24.00000000 -6.37920892 8.99985598
v 24.00000000 -7.14803628 8.41528316
v 24.00000000 -7.86291634 7.76746260
v 24.00000000 -8.51869792 7.06126100
v 24.00000000 -9.11045450 6.30176700
v 24.00000000 -9.63347587 5.49437000
v 24.00000000 -10.08335223 4.64486399
v 24.00000000 -10.45613757 3.75952236
v 24.00000000 -10.74854887 2.84510176
v 24.00000000 -10.95814218 1.90875953
v 24.00000000 -11.08341137 0.95790127
v 24.00000000 -11.12377977 0.00000000
v 24.00000000 -11.07948950 -0.95756232
v 24.00000000 -10.95142695 -1.90758983
v 24.00000000 -10.74094346 -2.84308863
v 24.00000000 -10.44972997 -3.75721850
v 24.00000000 -10.07978423 -4.64322041
v 24.00000000 -9.63347587 -5.49437000
v 24.00000000 -9.11367938 -6.30399767
v 24.00000000 -8.52392144 -7.06559085
v 24.00000000 -7.86848388 -7.77296255
v 24.00000000 -7.15241934 -8.42044327
v 24.00000000 -6.38146700 -9.00304170
v 24.00000000 -5.56188989 -9.51652800
v 24.00000000 -4.70028058 -9.95741830
v 24.00000000 -3.80339066 -10.32287299
v 24.00000000 -2.87802713 -10.61055123
v 24.00000000 -1.93103205 -10.81847950
v 24.00000000 -0.96932973 -10.94498740
v 24.00000000 -0.00000000 -10.98874001
v 24.00000000 0.96967285 -10.94886166
v 24.00000000 1.93221612 -10.82511321
v 24.00000000 2.88006499 -10.61806431
v 24.00000000 3.80572284 -10.32920280
v 24.00000000 4.70194436 -9.96094298
v 24.00000000 5.56188989 -9.51652800
v 24.00000000 6.37920892 -8.99985598
v 24.00000000 7.14803628 -8.41528316
v 24.00000000 7.86291634 -7.76746260
v 24.00000000 8.51869792 -7.06126100
v 24.00000000 9.11045450 -6.30176700
v 24.00000000 9.63347587 -5.49437000
v 24.00000000 10.08335223 -4.64486399
v 24.00000000 10.45613757 -3.75952236
v 24.00000000 10.74854887 -2.84510176
v 24.00000000 10.95814218 -1.90875953
v 24.00000000 11.08341137 -0.95790127
v 24.00000000 11.12377977 -0.00000000
v 24.00000000 11.07948950 0.95756232
v 24.00000000 10.95142695 1.90758983
v 24.00000000 10.74094346 2.84308863
v 24.00000000 10.44972997 3.75721850
v 24.00000000 10.07978423 4.64322041
v 24.00000000 9.63347587 5.49437000
v 24.00000000 9.11367938 6.30399767
v 24.00000000 8.52392144 7.06559085
v 24.00000000 7.86848388 7.77296255
v 24.00000000 7.15241934 8.42044327
v 24.00000000 6.38146700 9.00304170
v 24.00000000 5.56188989 9.51652800
v 24.00000000 4.70028058 9.95741830
v 24.00000000 3.80339066 10.32287299
v 24.00000000 2.87802713 10.61055123
v 24.00000000 1.93103205 10.81847950
v 24.00000000 0.96932973 10.94498740
v 26.00000000 0.00000000 10.99641385
v 26.00000000 -0.97009597 10.95620197
v 26.00000000 -1.93301978 10.83214937
v 26.00000000 -2.88124135 10.62488650
v 26.00000000 -3.80730574 10.33591663
v 26.00000000 -4.70399607 9.96762097
v 26.00000000 -5.56447208 9.52317374
v 26.00000000 -6.38234869 9.00639227
v 26.00000000 -7.15170062 8.42156701
v 26.00000000 -7.86700600 7.77332086
v 26.00000000 -8.52306491 7.06653377
v 26.00000000 -9.11493856 6.30634376
v 26.00000000 -9.63794836 5.49820692
v 26.00000000 -10.08775212 4.64797799
v 26.00000000 -10.46048654 3.76196600
v 26.00000000 -10.75293911 2.84692976
v 26.00000000 -10.96269994 1.91000019
v 26.00000000 -11.08824764 0.95854347
v 26.00000000 -11.12894416 0.00000000
v 26.00000000 -11.08494269 -0.95825777
v 26.00000000 -10.95704104 -1.90901426
v 26.00000000 -10.74653005 -2.84523291
v 26.00000000 -10.45508687 -3.76002408
v 26.00000000 -10.08474538 -4.64659262
v 26.00000000 -9.63794836 -5.49820692
v 26.00000000 -9.11765616 -6.30822398
v 26.00000000 -8.52746676 -7.07018337
v 26.00000000 -7.87169776 -7.77795674
v 26.00000000 -7.15539421 -8.42591644
v 26.00000000 -6.38425157 -9.00907750
v 26.00000000 -5.56447208 -9.52317374
v 26.00000000 -4.70259400 -9.96465003
v 26.00000000 -3.80534042 -10.33058126
v 26.00000000 -2.87952405 -10.61855376
v 26.00000000 -1.93202196 -10.82655785
v 26.00000000 -0.96980682 -10.95293638
v 26.00000000 -0.00000000 -10.99641385
v 26.00000000 0.97009597 -10.95620197
v 26.00000000 1.93301978 -10.83214937
v 26.00000000 2.88124135 -10.62488650
v 26.00000000 3.80730574 -10.33591663
v 26.00000000 4.70399607 -9.96762097
v 26.00000000 5.56447208 -9.52317374
v 26.00000000 6.38234869 -9.00639227
v 26.00000000 7.15170062 -8.42156701
v 26.00000000 7.86700600 -7.77332086
v 26.00000000 8.52306491 -7.06653377
v 26.00000000 9.11493856 -6.30634376
v 26.00000000 9.63794836 -5.49820692
v 26.00000000 10.08775212 -4.64797799
v 26.00000000 10.46048654 -3.76196600
v 26.00000000 10.75293911 -2.84692976
v 26.00000000 10.96269994 -1.91000019
v 26.00000000 11.08824764 -0.95854347
v 26.00000000 11.12894416 -0.00000000
v 26.00000000 11.08494269 0.95825777
v 26.00000000 10.95704104 1.90901426
v 26.00000000 10.74653005 2.84523291
v 26.00000000 10.45508687 3.76002408
v 26.00000000 10.08474538 4.64659262
v 26.00000000 9.63794836 5.49820692
v 26.00000000 9.11765616 6.30822398
v 26.00000000 8.52746676 7.07018337
v 26.00000000 7.87169776 7.77795674
v 26.00000000 7.15539421 8.42591644
v 26.00000000 6.38425157 9.00907750
v 26.00000000 5.56447208 9.52317374
v 26.00000000 4.70259400 9.96465003
v 26.00000000 3.80534042 10.33058126
v 26.00000000 2.87952405 10.61855376
v 26.00000000 1.93202196 10.82655785
v 26.00000000 0.96980682 10.95293638
v 28.00000000 0.00000000 11.00188838
v 28.00000000 -0.97016741 10.96143830
v 28.00000000 -1.93313397 10.83716854
v 28.00000000 -2.88139620 10.62975296
v 28.00000000 -3.80753065 10.34070587
v 28.00000000 -4.70434248 9.97238482
v 28.00000000 -5.56499263 9.52791483
v 28.00000000 -6.38307284 9.01105548
v 28.00000000 -7.15261633 8.42605026
v 28.00000000 -7.86805530 7.77750053
v 28.00000000 -8.52415621 7.07029567
v 28.00000000 -9.11597275 6.30960898
v 28.00000000 -9.63884998 5.50094419
v 28.00000000 -10.08849501 4.65019941
v 28.00000000 -10.46110448 3.76370914
v 28.00000000 -10.75351700 2.84823372
v 28.00000000 -10.96334755 1.91088521
v 28.00000000 -11.08906421 0.95900159
v 28.00000000 -11.12998526 0.00000000
v 28.00000000 -11.08620040 -0.95875392
v 28.00000000 -10.95844399 -1.91003053
v 28.00000000 -10.74796342 -2.84676277
v 28.00000000 -10.45642556 -3.76202575
v 28.00000000 -10.08588961 -4.64899848
v 28.00000000 -9.63884998 -5.50094419
v 28.00000000 -9.11832760 -6.31123889
v 28.00000000 -8.52797051 -7.07345940
v 28.00000000 -7.87212080 -7.78151924
v 28.00000000 -7.15581691 -8.42982066
v 28.00000000 -6.38472172 -9.01338324
v 28.00000000 -5.56499263 -9.52791483
v 28.00000000 -4.70312756 -9.96980941
v 28.00000000 -3.80582766 -10.33608079
v 28.00000000 -2.87990812 -10.62426330
v 28.00000000 -1.93226934 -10.83232142
v 28.00000000 -0.96991686 -10.95860745
v 28.00000000 -0.00000000 -11.00188838
v 28.00000000 0.97016741 -10.96143830
v 28.00000000 1.93313397 -10.83716854
v 28.00000000 2.88139620 -10.62975296
v 28.00000000 3.80753065 -10.34070587
v 28.00000000 4.70434248 -9.97238482
v 28.00000000 5.56499263 -9.52791483
v 28.00000000 6.38307284 -9.01105548
v 28.00000000 7.15261633 -8.42605026
v 28.00000000 7.86805530 -7.77750053
v 28.00000000 8.52415621 -7.07029567
v 28.00000000 9.11597275 -6.30960898
v 28.00000000 9.63884998 -5.50094419
v 28.00000000 10.08849501 -4.65019941
v 28.00000000 10.46110448 -3.76370914
v 28.00000000 10.75351700 -2.84823372
v 28.00000000 10.96334755 -1.91088521
v 28.00000000 11.08906421 -0.95900159
v 28.00000000 11.12998526 -0.00000000
v 28.00000000 11.08620040 0.95875392
v 28.00000000 10.95844399 1.91003053
v 28.00000000 10.74796342 2.84676277
v 28.00000000 10.45642556 3.76202575
v 28.00000000 10.08588961 4.64899848
v 28.00000000 9.63884998 5.50094419
v 28.00000000 9.11832760 6.31123889
v 28.00000000 8.52797051 7.07345940
v 28.00000000 7.87212080 7.78151924
v 28.00000000 7.15581691 8.42982066
v 28.00000000 6.38472172 9.01338324
v 28.00000000 5.56499263 9.52791483
v 28.00000000 4.70312756 9.96980941
v 28.00000000 3.80582766 10.33608079
v 28.00000000 2.87990812 10.62426330
v 28.00000000 1.93226934 10.83232142
v 28.00000000 0.96991686 10.95860745
v 30.00000000 0.00000000 11.00592081
v 30.00000000 -0.97016153 10.96529513
v 30.00000000 -1.93310151 10.84086532
v 30.00000000 -2.88133649 10.63333722
v 30.00000000 -3.80746671 10.34423329
v 30.00000000 -4.70431396 9.97589365
v 30.00000000 -5.56504048 9.53140702
v 30.00000000 -6.38322133 9.01449043
v 30.00000000 -7.15285954 8.42935272
v 30.00000000 -7.86835376 7.78057938
v 30.00000000 -8.52444605 7.07306676
v 30.00000000 -9.11618483 6.31201415
v 30.00000000 -9.63893286 5.50296041
v 30.00000000 -10.08843385 4.65183561
v 30.00000000 -10.46092880 3.76499301
v 30.00000000 -10.75329418 2.84919412
v 30.00000000 -10.96316344 1.91153705
v 30.00000000 -11.08899698 0.95933902
v 30.00000000 -11.13008096 0.00000000
v 30.00000000 -11.08645831 -0.95911939
v 30.00000000 -10.95881661 -1.91077914
v 30.00000000 -10.74837112 -2.84788971
v 30.00000000 -10.45678110 -3.76350021
v 30.00000000 -10.08612425 -4.65077064
v 30.00000000 -9.63893286 -5.50296041
v 30.00000000 -9.11827232 -6.31345953
v 30.00000000 -8.52782729 -7.07587230
v 30.00000000 -7.87195769 -7.78414310
v 30.00000000 -7.15569673 -8.43269624
v 30.00000000 -6.38468301 -9.01655464
v 30.00000000 -5.56504048 -9.53140702
v 30.00000000 -4.70323698 -9.97360982
v 30.00000000 -3.80595707 -10.34013186
v 30.00000000 -2.88001736 -10.62846909
v 30.00000000 -1.93233504 -10.83656697
v 30.00000000 -0.96993942 -10.96278479
v 30.00000000 -0.00000000 -11.00592081
v 30.00000000 0.97016153 -10.96529513
v 30.00000000 1.93310151 -10.84086532
v 30.00000000 2.88133649 -10.63333722
v 30.00000000 3.80746671 -10.34423329
v 30.00000000 4.70431396 -9.97589365
v 30.00000000 5.56504048 -9.53140702
v 30.00000000 6.38322133 -9.01449043
v 30.00000000 7.15285954 -8.42935272
v 30.00000000 7.86835376 -7.78057938
v 30.00000000 8.52444605 -7.07306676
v 30.00000000 9.11618483 -6.31201415
v 30.00000000 9.63893286 -5.50296041
v 30.00000000 10.08843385 -4.65183561
v 30.00000000 10.46092880 -3.76499301
v 30.00000000 10.75329418 -2.84919412
v 30.00000000 10.96316344 -1.91153705
v 30.00000000 11.08899698 -0.95933902
v 30.00000000 11.13008096 -0.00000000
v 30.00000000 11.08645831 0.95911939
v 30.00000000 10.95881661 1.91077914
v 30.00000000 10.74837112 2.84788971
v 30.00000000 10.45678110 3.76350021
v 30.00000000 10.08612425 4.65077064
v 30.00000000 9.63893286 5.50296041
v 30.00000000 9.11827232 6.31345953
v 30.00000000 8.52782729 7.07587230
v 30.00000000 7.87195769 7.78414310
v 30.00000000 7.15569673 8.43269624
v 30.00000000 6.38468301 9.01655464
v 30.00000000 5.56504048 9.53140702
v 30.00000000 4.70323698 9.97360982
v 30.00000000 3.80595707 10.34013186
v 30.00000000 2.88001736 10.62846909
v 30.00000000 1.93233504 10.83656697
v 30.00000000 0.96993942 10.96278479
v 32.00000000 0.00000000 11.00617162
v 32.00000000 -0.97052011 10.96553502
v 32.00000000 -1.93381472 10.84109524
v 32.00000000 -2.88239884 10.63356015
v 32.00000000 -3.80887145 10.34445268
v 32.00000000 -4.70605273 9.97611189
v 32.00000000 -5.56710247 9.53162422
v 32.00000000 -6.38559230 9.01470408
v 32.00000000 -7.15552116 8.42955813
v 32.00000000 -7.87128354 7.78077088
v 32.00000000 -8.52761805 7.07323912
v 32.00000000 -9.11957092 6.31216375
v 32.00000000 -9.64250432 5.50308581
v 32.00000000 -10.09216266 4.65193737
v 32.00000000 -10.46478831 3.76507287
v 32.00000000 -10.75725892 2.84925385
v 32.00000000 -10.96720824 1.91157759
v 32.00000000 -11.09309561 0.95936000
v 32.00000000 -11.13420493 0.00000000
v 32.00000000 -11.09057624 -0.95914212
v 32.00000000 -10.96289444 -1.91082570
v 32.00000000 -10.75237328 -2.84795980
v 32.00000000 -10.46067212 -3.76359192
v 32.00000000 -10.08987061 -4.65088086
v 32.00000000 -9.64250432 -5.50308581
v 32.00000000 -9.12164255 -6.31359764
v 32.00000000 -8.53097359 -7.07602238
v 32.00000000 -7.87486008 -7.78430629
v 32.00000000 -7.15833679 -8.43287509
v 32.00000000 -6.38704287 -9.01675189
v 32.00000000 -5.56710247 -9.53162422
v 32.00000000 -4.70498393 -9.97384620
v 32.00000000 -3.80737328 -10.34038383
v 32.00000000 -2.88108974 -10.62873068
v 32.00000000 -1.93305408 -10.83683104
v 32.00000000 -0.97029969 -10.96304461
v 32.00000000 -0.00000000 -11.00617162
v 32.00000000 0.97052011 -10.96553502
v 32.00000000 1.93381472 -10.84109524
v 32.00000000 2.88239884 -10.63356015
v 32.00000000 3.80887145 -10.34445268
v 32.00000000 4.70605273 -9.97611189
v 32.00000000 5.56710247 -9.53162422
v 32.00000000 6.38559230 -9.01470408
v 32.00000000 7.15552116 -8.42955813
v 32.00000000 7.87128354 -7.78077088
v 32.00000000 8.52761805 -7.07323912
v 32.00000000 9.11957092 -6.31216375
v 32.00000000 9.64250432 -5.50308581
v 32.00000000 10.09216266 -4.65193737
v 32.00000000 10.46478831 -3.76507287
v 32.00000000 10.75725892 -2.84925385
v 32.00000000 10.96720824 -1.91157759
v 32.00000000 11.09309561 -0.95936000
v 32.00000000 11.13420493 -0.00000000
v 32.00000000 11.09057624 0.95914212
v 32.00000000 10.96289444 1.91082570
v 32.00000000 10.75237328 2.84795980
v 32.00000000 10.46067212 3.76359192
v 32.00000000 10.08987061 4.65088086
v 32.00000000 9.64250432 5.50308581
v 32.00000000 9.12164255 6.31359764
v 32.00000000 8.53097359 7.07602238
v 32.00000000 7.87486008 7.78430629
v 32.00000000 7.15833679 8.43287509
v 32.00000000 6.38704287 9.01675189
v 32.00000000 5.56710247 9.53162422
v 32.00000000 4.70498393 9.97384620
v 32.00000000 3.80737328 10.34038383
v 32.00000000 2.88108974 10.62873068
v 32.00000000 1.93305408 10.83683104
v 32.00000000 0.97029969 10.96304461
v 34.00000000 0.00000000 11.00452860
v 34.00000000 -0.97101376 10.96396356
v 34.00000000 -1.93480681 10.83958901
v 34.00000000 -2.88388220 10.63209976
v 34.00000000 -3.81082549 10.34301545
v 34.00000000 -4.70844647 9.97468222
v 34.00000000 -5.56990090 9.53020132
v 34.00000000 -6.38876399 9.01330449
v 34.00000000 -7.15904394 8.42821251
v 34.00000000 -7.87514609 7.77951637
v 34.00000000 -8.53181634 7.07211001
v 34.00000000 -9.12410055 6.31118374
v 34.00000000 -9.64735134 5.50226430
v 34.00000000 -10.09729603 4.65127071
v 34.00000000 -10.47015699 3.76454976
v 34.00000000 -10.76279488 2.84886255
v 34.00000000 -10.97283468 1.91131200
v 34.00000000 -11.09873811 0.95922252
v 34.00000000 -11.13980179 0.00000000
v 34.00000000 -11.09608486 -0.95899321
v 34.00000000 -10.96829166 -1.91052067
v 34.00000000 -10.75764962 -2.84750062
v 34.00000000 -10.46582209 -3.76299114
v 34.00000000 -10.09488219 -4.65015878
v 34.00000000 -9.64735134 -5.50226430
v 34.00000000 -9.12628227 -6.31269285
v 34.00000000 -8.53535018 -7.07503925
v 34.00000000 -7.87891268 -7.78323722
v 34.00000000 -7.16200919 -8.43170345
v 34.00000000 -6.39029164 -9.01545971
v 34.00000000 -5.56990090 -9.53020132
v 34.00000000 -4.70732087 -9.97229769
v 34.00000000 -3.80924772 -10.33873318
v 34.00000000 -2.88250353 -10.62701699
v 34.00000000 -1.93400575 -10.83510115
v 34.00000000 -0.97078163 -10.96134253
v 34.00000000 -0.00000000 -11.00452860
v 34.00000000 0.97101376 -10.96396356
v 34.00000000 1.93480681 -10.83958901
v 34.00000000 2.88388220 -10.63209976
v 34.00000000 3.81082549 -10.34301545
v 34.00000000 4.70844647 -9.97468222
v 34.00000000 5.56990090 -9.53020132
v 34.00000000 6.38876399 -9.01330449
v 34.00000000 7.15904394 -8.42821251
v 34.00000000 7.87514609 -7.77951637
v 34.00000000 8.53181634 -7.07211001
v 34.00000000 9.12410055 -6.31118374
v 34.00000000 9.64735134 -5.50226430
v 34.00000000 10.09729603 -4.65127071
v 34.00000000 10.47015699 -3.76454976
v 34.00000000 10.76279488 -2.84886255
v 34.00000000 10.97283468 -1.91131200
v 34.00000000 11.09873811 -0.95922252
v 34.00000000 11.13980179 -0.00000000
v 34.00000000 11.09608486 0.95899321
v 34.00000000 10.96829166 1.91052067
v 34.00000000 10.75764962 2.84750062
v 34.00000000 10.46582209 3.76299114
v 34.00000000 10.09488219 4.65015878
v 34.00000000 9.64735134 5.50226430
v 34.00000000 9.12628227 6.31269285
v 34.00000000 8.53535018 7.07503925
v 34.00000000 7.87891268 7.78323722
v 34.00000000 7.16200919 8.43170345
v 34.00000000 6.39029164 9.01545971
v 34.00000000 5.56990090 9.53020132
v 34.00000000 4.70732087 9.97229769
v 34.00000000 3.80924772 10.33873318
v 34.00000000 2.88250353 10.62701699
v 34.00000000 1.93400575 10.83510115
v 34.00000000 0.97078163 10.96134253
v 36.00000000 0.00000000 11.00450906
v 36.00000000 -0.97097352 10.96394487
v 36.00000000 -1.93472673 10.83957110
v 36.00000000 -2.88376288 10.63208240
v 36.00000000 -3.81066776 10.34299836
v 36.00000000 -4.70825133 9.97466522
v 36.00000000 -5.56966966 9.53018440
v 36.00000000 -6.38849831 9.01328784
v 36.00000000 -7.15874586 8.42819651
v 36.00000000 -7.87481804 7.77950145
v 36.00000000 -8.53146109 7.07209658
v 36.00000000 -9.12372112 6.31117209
v 36.00000000 -9.64695084 5.50225453
v 36.00000000 -10.09687757 4.65126278
v 36.00000000 -10.46972362 3.76454354
v 36.00000000 -10.76234960 2.84885789
v 36.00000000 -10.97238050 1.91130884
v 36.00000000 -11.09827814 0.95922088
v 36.00000000 -11.13933933 0.00000000
v 36.00000000 -11.09562342 -0.95899144
v 36.00000000 -10.96783497 -1.91051704
v 36.00000000 -10.75720150 -2.84749516
v 36.00000000 -10.46538632 -3.76298399
v 36.00000000 -10.09446239 -4.65015020
v 36.00000000 -9.64695084 -5.50225453
v 36.00000000 -9.12590404 -6.31268209
v 36.00000000 -8.53499689 -7.07502756
v 36.00000000 -7.87858671 -7.78322451
v 36.00000000 -7.16171275 -8.43168952
v 36.00000000 -6.39002680 -9.01544434
v 36.00000000 -5.56966966 -9.53018440
v 36.00000000 -4.70712512 -9.97227928
v 36.00000000 -3.80908911 -10.33871356
v 36.00000000 -2.88238345 -10.62699661
v 36.00000000 -1.93392522 -10.83508058
v 36.00000000 -0.97074126 -10.96132229
v 36.00000000 -0.00000000 -11.00450906
v 36.00000000 0.97097352 -10.96394487
v 36.00000000 1.93472673 -10.83957110
v 36.00000000 2.88376288 -10.63208240
v 36.00000000 3.81066776 -10.34299836
v 36.00000000 4.70825133 -9.97466522
v 36.00000000 5.56966966 -9.53018440
v 36.00000000 6.38849831 -9.01328784
v 36.00000000 7.15874586 -8.42819651
v 36.00000000 7.87481804 -7.77950145
v 36.00000000 8.53146109 -7.07209658
v 36.00000000 9.12372112 -6.31117209
v 36.00000000 9.64695084 -5.50225453
v 36.00000000 10.09687757 -4.65126278
v 36.00000000 10.46972362 -3.76454354
v 36.00000000 10.76234960 -2.84885789
v 36.00000000 10.97238050 -1.91130884
v 36.00000000 11.09827814 -0.95922088
v 36.00000000 11.13933933 -0.00000000
v 36.00000000 11.09562342 0.95899144
v 36.00000000 10.96783497 1.91051704
v 36.00000000 10.75720150 2.84749516
v 36.00000000 10.46538632 3.76298399
v 36.00000000 10.09446239 4.65015020
v 36.00000000 9.64695084 5.50225453
v 36.00000000 9.12590404 6.31268209
v 36.00000000 8.53499689 7.07502756
v 36.00000000 7.87858671 7.78322451
v 36.00000000 7.16171275 8.43168952
v 36.00000000 6.39002680 9.01544434
v 36.00000000 5.56966966 9.53018440
v 36.00000000 4.70712512 9.97227928
v 36.00000000 3.80908911 10.33871356
v 36.00000000 2.88238345 10.62699661
v 36.00000000 1.93392522 10.83508058
v 36.00000000 0.97074126 10.96132229
v 38.00000000 0.00000000 11.00343549
v 38.00000000 -0.97077633 10.96291805
v 38.00000000 -1.93433933 10.83858689
v 38.00000000 -2.88318848 10.63112815
v 38.00000000 -3.80990474 10.34205924
v 38.00000000 -4.70729515 9.97373106
v 38.00000000 -5.56851680 9.52925466
v 38.00000000 -6.38715102 9.01237334
v 38.00000000 -7.15721566 8.42731729
v 38.00000000 -7.87312655 7.77868176
v 38.00000000 -8.52963748 7.07135883
v 38.00000000 -9.12179699 6.31053175
v 38.00000000 -9.64495402 5.50171774
v 38.00000000 -10.09482702 4.65082717
v 38.00000000 -10.46762726 3.76420172
v 38.00000000 -10.76020589 2.84860220
v 38.00000000 -10.97018349 1.91113530
v 38.00000000 -11.09602422 0.95913105
v 38.00000000 -11.13703360 0.00000000
v 38.00000000 -11.09328343 -0.95889414
v 38.00000000 -10.96549057 -1.91031774
v 38.00000000 -10.75489087 -2.84719513
v 38.00000000 -10.46314932 -3.76259144
v 38.00000000 -10.09233353 -4.64967839
v 38.00000000 -9.64495402 -5.50171774
v 38.00000000 -9.12405069 -6.31209088
v 38.00000000 -8.53328792 -7.07438517
v 38.00000000 -7.87701741 -7.78252595
v 38.00000000 -7.16027875 -8.43092394
v 38.00000000 -6.38872907 -9.01460001
v 38.00000000 -5.56851680 -9.52925466
v 38.00000000 -4.70613241 -9.97126748
v 38.00000000 -3.80827491 -10.33763502
v 38.00000000 -2.88176432 -10.62587689
v 38.00000000 -1.93351184 -10.83395027
v 38.00000000 -0.97053654 -10.96021014
v 38.00000000 -0.00000000 -11.00343549
v 38.00000000 0.97077633 -10.96291805
v 38.00000000 1.93433933 -10.83858689
v 38.00000000 2.88318848 -10.63112815
v 38.00000000 3.80990474 -10.34205924
v 38.00000000 4.70729515 -9.97373106
v 38.00000000 5.56851680 -9.52925466
v 38.00000000 6.38715102 -9.01237334
v 38.00000000 7.15721566 -8.42731729
v 38.00000000 7.87312655 -7.77868176
v 38.00000000 8.52963748 -7.07135883
v 38.00000000 9.12179699 -6.31053175
v 38.00000000 9.64495402 -5.50171774
v 38.00000000 10.09482702 -4.65082717
v 38.00000000 10.46762726 -3.76420172
v 38.00000000 10.76020589 -2.84860220
v 38.00000000 10.97018349 -1.91113530
v 38.00000000 11.09602422 -0.95913105
v 38.00000000 11.13703360 -0.00000000
v 38.00000000 11.09328343 0.95889414
v 38.00000000 10.96549057 1.91031774
v 38.00000000 10.75489087 2.84719513
v 38.00000000 10.46314932 3.76259144
v 38.00000000 10.09233353 4.64967839
v 38.00000000 9.64495402 5.50171774
v 38.00000000 9.12405069 6.31209088
v 38.00000000 8.53328792 7.07438517
v 38.00000000 7.87701741 7.78252595
v 38.00000000 7.16027875 8.43092394
v 38.00000000 6.38872907 9.01460001
v 38.00000000 5.56851680 9.52925466
v 38.00000000 4.70613241 9.97126748
v 38.00000000 3.80827491 10.33763502
v 38.00000000 2.88176432 10.62587689
v 38.00000000 1.93351184 10.83395027
v 38.00000000 0.97053654 10.96021014
v 40.00000000 0.00000000 11.00212963
v 40.00000000 -0.97130306 10.96166905
v 40.00000000 -1.93539561 10.83738972
v 40.00000000 -2.88476656 10.62996740
v 40.00000000 -3.81198520 10.34091691
v 40.00000000 -4.70984927 9.97259475
v 40.00000000 -5.57151176 9.52812376
v 40.00000000 -6.39055591 9.01126099
v 40.00000000 -7.16100617 8.42624784
v 40.00000000 -7.87728618 7.77768472
v 40.00000000 -8.53415483 7.07046145
v 40.00000000 -9.12665969 6.30975287
v 40.00000000 -9.65014144 5.50106482
v 40.00000000 -10.10030435 4.65029730
v 40.00000000 -10.47334326 3.76378595
v 40.00000000 -10.76609535 2.84829118
v 40.00000000 -10.97617393 1.91092421
v 40.00000000 -11.10204479 0.95902178
v 40.00000000 -11.14302351 0.00000000
v 40.00000000 -11.09919710 -0.95877579
v 40.00000000 -10.97129797 -1.91007532
v 40.00000000 -10.76057303 -2.84683019
v 40.00000000 -10.46869068 -3.76211396
v 40.00000000 -10.09771361 -4.64910450
v 40.00000000 -9.65014144 -5.50106482
v 40.00000000 -9.12900129 -6.31137174
v 40.00000000 -8.53794765 -7.07360377
v 40.00000000 -7.88132880 -7.78167622
v 40.00000000 -7.16418873 -8.42999270
v 40.00000000 -6.39219552 -9.01357298
v 40.00000000 -5.57151176 -9.52812376
v 40.00000000 -4.70864119 -9.97003677
v 40.00000000 -3.81029180 -10.33632315
v 40.00000000 -2.88328685 -10.62451491
v 40.00000000 -1.93453585 -10.83257541
v 40.00000000 -0.97105392 -10.95885737
v 40.00000000 -0.00000000 -11.00212963
v 40.00000000 0.97130306 -10.96166905
v 40.00000000 1.93539561 -10.83738972
v 40.00000000 2.88476656 -10.62996740
v 40.00000000 3.81198520 -10.34091691
v 40.00000000 4.70984927 -9.97259475
v 40.00000000 5.57151176 -9.52812376
v 40.00000000 6.39055591 -9.01126099
v 40.00000000 7.16100617 -8.42624784
v 40.00000000 7.87728618 -7.77768472
v 40.00000000 8.53415483 -7.07046145
v 40.00000000 9.12665969 -6.30975287
v 40.00000000 9.65014144 -5.50106482
v 40.00000000 10.10030435 -4.65029730
v 40.00000000 10.47334326 -3.76378595
v 40.00000000 10.76609535 -2.84829118
v 40.00000000 10.97617393 -1.91092421
v 40.00000000 11.10204479 -0.95902178
v 40.00000000 11.14302351 -0.00000000
v 40.00000000 11.09919710 0.95877579
v 40.00000000 10.97129797 1.91007532
v 40.00000000 10.76057303 2.84683019
v 40.00000000 10.46869068 3.76211396
v 40.00000000 10.09771361 4.64910450
v 40.00000000 9.65014144 5.50106482
v 40.00000000 9.12900129 6.31137174
v 40.00000000 8.53794765 7.07360377
v 40.00000000 7.88132880 7.78167622
v 40.00000000 7.16418873 8.42999270
v 40.00000000 6.39219552 9.01357298
v 40.00000000 5.57151176 9.52812376
v 40.00000000 4.70864119 9.97003677
v 40.00000000 3.81029180 10.33632315
v 40.00000000 2.88328685 10.62451491
v 40.00000000 1.93453585 10.83257541
v 40.00000000 0.97105392 10.95885737
v 42.00000000 0.00000000 10.99865893
v 42.00000000 -0.97150682 10.95834939
v 42.00000000 -1.93581949 10.83420775
v 42.00000000 -2.88540812 10.62688226
v 42.00000000 -3.81282009 10.33788071
v 42.00000000 -4.71083730 9.96957462
v 42.00000000 -5.57261023 9.52511804
v 42.00000000 -6.39173518 9.00830460
v 42.00000000 -7.16226142 8.42340553
v 42.00000000 -7.87864033 7.77503488
v 42.00000000 -8.53565078 7.06807647
v 42.00000000 -9.12834386 6.30768279
v 42.00000000 -9.65204404 5.49932946
v 42.00000000 -10.10242319 4.64888900
v 42.00000000 -10.47563710 3.76268086
v 42.00000000 -10.76848971 2.84746452
v 42.00000000 -10.97857790 1.91036314
v 42.00000000 -11.10437377 0.95873134
v 42.00000000 -11.14522045 0.00000000
v 42.00000000 -11.10124527 -0.95846123
v 42.00000000 -10.97322112 -1.90943102
v 42.00000000 -10.76242283 -2.84586028
v 42.00000000 -10.47052572 -3.76084494
v 42.00000000 -10.09957698 -4.64757924
v 42.00000000 -9.65204404 -5.49932946
v 42.00000000 -9.13091637 -6.30946039
v 42.00000000 -8.53981761 -7.07152689
v 42.00000000 -7.88308159 -7.77941774
v 42.00000000 -7.16575781 -8.42751757
v 42.00000000 -6.39353647 -9.01084328
v 42.00000000 -5.57261023 -9.52511804
v 42.00000000 -4.70951009 -9.96676584
v 42.00000000 -3.81095970 -10.33283655
v 42.00000000 -2.88378251 -10.62089516
v 42.00000000 -1.93487495 -10.82892141
v 42.00000000 -0.97123311 -10.95526203
v 42.00000000 -0.00000000 -10.99865893
v 42.00000000 0.97150682 -10.95834939
v 42.00000000 1.93581949 -10.83420775
v 42.00000000 2.88540812 -10.62688226
v 42.00000000 3.81282009 -10.33788071
v 42.00000000 4.71083730 -9.96957462
v 42.00000000 5.57261023 -9.52511804
v 42.00000000 6.39173518 -9.00830460
v 42.00000000 7.16226142 -8.42340553
v 42.00000000 7.87864033 -7.77503488
v 42.00000000 8.53565078 -7.06807647
v 42.00000000 9.12834386 -6.30768279
v 42.00000000 9.65204404 -5.49932946
v 42.00000000 10.10242319 -4.64888900
v 42.00000000 10.47563710 -3.76268086
v 42.00000000 10.76848971 -2.84746452
v 42.00000000 10.97857790 -1.91036314
v 42.00000000 11.10437377 -0.95873134
v 42.00000000 11.14522045 -0.00000000
v 42.00000000 11.10124527 0.95846123
v 42.00000000 10.97322112 1.90943102
v 42.00000000 10.76242283 2.84586028
v 42.00000000 10.47052572 3.76084494
v 42.00000000 10.09957698 4.64757924
v 42.00000000 9.65204404 5.49932946
v 42.00000000 9.13091637 6.30946039
v 42.00000000 8.53981761 7.07152689
v 42.00000000 7.88308159 7.77941774
v 42.00000000 7.16575781 8.42751757
v 42.00000000 6.39353647 9.01084328
v 42.00000000 5.57261023 9.52511804
v 42.00000000 4.70951009 9.96676584
v 42.00000000 3.81095970 10.33283655
v 42.00000000 2.88378251 10.62089516
v 42.00000000 1.93487495 10.82892141
v 42.00000000 0.97123311 10.95526203
v 44.00000000 0.00000000 10.99408224
v 44.00000000 -0.97203794 10.95397175
v 44.00000000 -1.93690139 10.83001160
v 44.00000000 -2.88703359 10.62281375
v 44.00000000 -3.81495101 10.33387679
v 44.00000000 -4.71341270 9.96559198
v 44.00000000 -5.57556398 9.52115451
v 44.00000000 -6.39501667 9.00440626
v 44.00000000 -7.16585115 8.41965768
v 44.00000000 -7.88255393 7.77154083
v 44.00000000 -8.53992885 7.06493165
v 44.00000000 -9.13303031 6.30495314
v 44.00000000 -9.65716009 5.49704112
v 44.00000000 -10.10794616 4.64703186
v 44.00000000 -10.48149175 3.76122356
v 44.00000000 -10.77455605 2.84637437
v 44.00000000 -10.98471363 1.90962325
v 44.00000000 -11.11044450 0.95834835
v 44.00000000 -11.15112795 0.00000000
v 44.00000000 -11.10694459 -0.95804646
v 44.00000000 -10.97872090 -1.90858145
v 44.00000000 -10.76776892 -2.84458137
v 44.00000000 -10.47577356 -3.75917161
v 44.00000000 -10.10476204 -4.64556799
v 44.00000000 -9.65716009 -5.49704112
v 44.00000000 -9.13590821 -6.30693989
v 44.00000000 -8.54459036 -7.06878804
v 44.00000000 -7.88752246 -7.77643938
v 44.00000000 -7.16976262 -8.42425354
v 44.00000000 -6.39703180 -9.00724363
v 44.00000000 -5.57556398 -9.52115451
v 44.00000000 -4.71192793 -9.96245271
v 44.00000000 -3.81286975 -10.32823912
v 44.00000000 -2.88521499 -10.61612220
v 44.00000000 -1.93584471 -10.82410326
v 44.00000000 -0.97173174 -10.95052113
v 44.00000000 -0.00000000 -10.99408224
v 44.00000000 0.97203794 -10.95397175
v 44.00000000 1.93690139 -10.83001160
v 44.00000000 2.88703359 -10.62281375
v 44.00000000 3.81495101 -10.33387679
v 44.00000000 4.71341270 -9.96559198
v 44.00000000 5.57556398 -9.52115451
v 44.00000000 6.39501667 -9.00440626
v 44.00000000 7.16585115 -8.41965768
v 44.00000000 7.88255393 -7.77154083
v 44.00000000 8.53992885 -7.06493165
v 44.00000000 9.13303031 -6.30495314
v 44.00000000 9.65716009 -5.49704112
v 44.00000000 10.10794616 -4.64703186
v 44.00000000 10.48149175 -3.76122356
v 44.00000000 10.77455605 -2.84637437
v 44.00000000 10.98471363 -1.90962325
v 44.00000000 11.11044450 -0.95834835
v 44.00000000 11.15112795 -0.00000000
v 44.00000000 11.10694459 0.95804646
v 44.00000000 10.97872090 1.90858145
v 44.00000000 10.76776892 2.84458137
v 44.00000000 10.47577356 3.75917161
v 44.00000000 10.10476204 4.64556799
v 44.00000000 9.65716009 5.49704112
v 44.00000000 9.13590821 6.30693989
v 44.00000000 8.54459036 7.06878804
v 44.00000000 7.88752246 7.77643938
v 44.00000000 7.16976262 8.42425354
v 44.00000000 6.39703180 9.00724363
v 44.00000000 5.57556398 9.52115451
v 44.00000000 4.71192793 9.96245271
v 44.00000000 3.81286975 10.32823912
v 44.00000000 2.88521499 10.61612220
v 44.00000000 1.93584471 10.82410326
v 44.00000000 0.97173174 10.95052113
v 46.00000000 0.00000000 10.99301824
v 46.00000000 -0.97214879 10.95295400
v 46.00000000 -1.93712775 10.82903602
v 46.00000000 -2.88737398 10.62186784
v 46.00000000 -3.81539685 10.33294591
v 46.00000000 -4.71395020 9.96466606
v 46.00000000 -5.57617822 9.52023306
v 46.00000000 -6.39569643 9.00349997
v 46.00000000 -7.16659254 8.41878639
v 46.00000000 -7.88336130 7.77072855
v 46.00000000 -8.54081241 7.06420056
v 46.00000000 -9.13400111 6.30431855
v 46.00000000 -9.65822399 5.49650912
v 46.00000000 -10.10909882 4.64660010
v 46.00000000 -10.48271669 3.76088474
v 46.00000000 -10.77582640 2.84612091
v 46.00000000 -10.98599738 1.90945123
v 46.00000000 -11.11171149 0.95825931
v 46.00000000 -11.15235644 0.00000000
v 46.00000000 -11.10812522 -0.95795003
v 46.00000000 -10.97985679 -1.90838394
v 46.00000000 -10.76887181 -2.84428406
v 46.00000000 -10.47685741 -3.75878261
v 46.00000000 -10.10583614 -4.64510042
v 46.00000000 -9.65822399 -5.49650912
v 46.00000000 -9.13695003 -6.30635390
v 46.00000000 -8.54558894 -7.06815128
v 46.00000000 -7.88845242 -7.77574693
v 46.00000000 -7.17060053 -8.42349468
v 46.00000000 -6.39776129 -9.00640676
v 46.00000000 -5.57617822 -9.52023306
v 46.00000000 -4.71242879 -9.96145000
v 46.00000000 -3.81326424 -10.32717034
v 46.00000000 -2.88551050 -10.61501261
v 46.00000000 -1.93604500 -10.82298316
v 46.00000000 -0.97183503 -10.94941897
v 46.00000000 -0.00000000 -10.99301824
v 46.00000000 0.97214879 -10.95295400
v 46.00000000 1.93712775 -10.82903602
v 46.00000000 2.88737398 -10.62186784
v 46.00000000 3.81539685 -10.33294591
v 46.00000000 4.71395020 -9.96466606
v 46.00000000 5.57617822 -9.52023306
v 46.00000000 6.39569643 -9.00349997
v 46.00000000 7.16659254 -8.41878639
v 46.00000000 7.88336130 -7.77072855
v 46.00000000 8.54081241 -7.06420056
v 46.00000000 9.13400111 -6.30431855
v 46.00000000 9.65822399 -5.49650912
v 46.00000000 10.10909882 -4.64660010
v 46.00000000 10.48271669 -3.76088474
v 46.00000000 10.77582640 -2.84612091
v 46.00000000 10.98599738 -1.90945123
v 46.00000000 11.11171149 -0.95825931
v 46.00000000 11.15235644 -0.00000000
v 46.00000000 11.10812522 0.95795003
v 46.00000000 10.97985679 1.90838394
v 46.00000000 10.76887181 2.84428406
v 46.00000000 10.47685741 3.75878261
v 46.00000000 10.10583614 4.64510042
v 46.00000000 9.65822399 5.49650912
v 46.00000000 9.13695003 6.30635390
v 46.00000000 8.54558894 7.06815128
v 46.00000000 7.88845242 7.77574693
v 46.00000000 7.17060053 8.42349468
v 46.00000000 6.39776129 9.00640676
v 46.00000000 5.57617822 9.52023306
v 46.00000000 4.71242879 9.96145000
v 46.00000000 3.81326424 10.32717034
v 46.00000000 2.88551050 10.61501261
v 46.00000000 1.93604500 10.82298316
v 46.00000000 0.97183503 10.94941897
v 48.00000000 0.00000000 10.99412860
v 48.00000000 -0.97212715 10.95401609
v 48.00000000 -1.93707892 10.83005410
v 48.00000000 -2.88729808 10.62285496
v 48.00000000 -3.81530067 10.33391734
v 48.00000000 -4.71384530 9.96563232
v 48.00000000 -5.57607664 9.52119466
v 48.00000000 -6.39560576 9.00444574
v 48.00000000 -7.16651213 8.41969563
v 48.00000000 -7.88328138 7.77157622
v 48.00000000 -8.54071657 7.06496350
v 48.00000000 -9.13387161 6.30498078
v 48.00000000 -9.65804805 5.49706430
v 48.00000000 -10.10887386 4.64705067
v 48.00000000 -10.48245245 3.76123832
v 48.00000000 -10.77554312 2.84638541
v 48.00000000 -10.98572045 1.90963074
v 48.00000000 -11.11146422 0.95835223
v 48.00000000 -11.15215328 0.00000000
v 48.00000000 -11.10796773 -0.95805066
v 48.00000000 -10.97973358 -1.90859005
v 48.00000000 -10.76876263 -2.84459432
v 48.00000000 -10.47673985 -3.75918856
v 48.00000000 -10.10569287 -4.64558836
v 48.00000000 -9.65804805 -5.49706430
v 48.00000000 -9.13674671 -6.30696542
v 48.00000000 -8.54537353 -7.06881578
v 48.00000000 -7.88824504 -7.77646955
v 48.00000000 -7.17041978 -8.42428660
v 48.00000000 -6.39761892 -9.00728009
v 48.00000000 -5.57607664 -9.52119466
v 48.00000000 -4.71236197 -9.96249640
v 48.00000000 -3.81322146 -10.32828569
v 48.00000000 -2.88548125 -10.61617054
v 48.00000000 -1.93602327 -10.82415206
v 48.00000000 -0.97182125 -10.95056915
v 48.00000000 -0.00000000 -10.99412860
v 48.00000000 0.97212715 -10.95401609
v 48.00000000 1.93707892 -10.83005410
v 48.00000000 2.88729808 -10.62285496
v 48.00000000 3.81530067 -10.33391734
v 48.00000000 4.71384530 -9.96563232
v 48.00000000 5.57607664 -9.52119466
v 48.00000000 6.39560576 -9.00444574
v 48.00000000 7.16651213 -8.41969563
v 48.00000000 7.88328138 -7.77157622
v 48.00000000 8.54071657 -7.06496350
v 48.00000000 9.13387161 -6.30498078
v 48.00000000 9.65804805 -5.49706430
v 48.00000000 10.10887386 -4.64705067
v 48.00000000 10.48245245 -3.76123832
v 48.00000000 10.77554312 -2.84638541
v 48.00000000 10.98572045 -1.90963074
v 48.00000000 11.11146422 -0.95835223
v 48.00000000 11.15215328 -0.00000000
v 48.00000000 11.10796773 0.95805066
v 48.00000000 10.97973358 1.90859005
v 48.00000000 10.76876263 2.84459432
v 48.00000000 10.47673985 3.75918856
v 48.00000000 10.10569287 4.64558836
v 48.00000000 9.65804805 5.49706430
v 48.00000000 9.13674671 6.30696542
v 48.00000000 8.54537353 7.06881578
v 48.00000000 7.88824504 7.77646955
v 48.00000000 7.17041978 8.42428660
v 48.00000000 6.39761892 9.00728009
v 48.00000000 5.57607664 9.52119466
v 48.00000000 4.71236197 9.96249640
v 48.00000000 3.81322146 10.32828569
v 48.00000000 2.88548125 10.61617054
v 48.00000000 1.93602327 10.82415206
v 48.00000000 0.97182125 10.95056915
v 50.00000000 0.00000000 10.99437246
v 50.00000000 -0.97212261 10.95424935
v 50.00000000 -1.93706860 10.83027769
v 50.00000000 -2.88728202 10.62307175
v 50.00000000 -3.81528036 10.33413069
v 50.00000000 -4.71382326 9.96584453
v 50.00000000 -5.57605552 9.52140585
v 50.00000000 -6.39558720 9.00465345
v 50.00000000 -7.16649599 8.41989533
v 50.00000000 -7.88326550 7.77176239
v 50.00000000 -8.54069734 7.06513106
v 50.00000000 -9.13384511 6.30512623
v 50.00000000 -9.65801146 5.49718623
v 50.00000000 -10.10882660 4.64714963
v 50.00000000 -10.48239664 3.76131597
v 50.00000000 -10.77548319 2.84644350
v 50.00000000 -10.98566196 1.90967017
v 50.00000000 -11.11141227 0.95837264
v 50.00000000 -11.15211103 0.00000000
v 50.00000000 -11.10793550 -0.95807276
v 50.00000000 -10.97970885 -1.90863532
v 50.00000000 -10.76874094 -2.84466247
v 50.00000000 -10.47671625 -3.75927772
v 50.00000000 -10.10566354 -4.64569553
v 50.00000000 -9.65801146 -5.49718623
v 50.00000000 -9.13670399 -6.30709972
v 50.00000000 -8.54532803 -7.06896172
v 50.00000000 -7.88820117 -7.77662825
v 50.00000000 -7.17038160 -8.42446053
v 50.00000000 -6.39758901 -9.00747190
v 50.00000000 -5.57605552 -9.52140585
v 50.00000000 -4.71234830 -9.96272621
v 50.00000000 -3.81321287 -10.32853065
v 50.00000000 -2.88547544 -10.61642485
v 50.00000000 -1.93601891 -10.82440878
v 50.00000000 -0.97181843 -10.95082176
v 50.00000000 -0.00000000 -10.99437246
v 50.00000000 0.97212261 -10.95424935
v 50.00000000 1.93706860 -10.83027769
v 50.00000000 2.88728202 -10.62307175
v 50.00000000 3.81528036 -10.33413069
v 50.00000000 4.71382326 -9.96584453
v 50.00000000 5.57605552 -9.52140585
v 50.00000000 6.39558720 -9.00465345
v 50.00000000 7.16649599 -8.41989533
v 50.00000000 7.88326550 -7.77176239
v 50.00000000 8.54069734 -7.06513106
v 50.00000000 9.13384511 -6.30512623
v 50.00000000 9.65801146 -5.49718623
v 50.00000000 10.10882660 -4.64714963
v 50.00000000 10.48239664 -3.76131597
v 50.00000000 10.77548319 -2.84644350
v 50.00000000 10.98566196 -1.90967017
v 50.00000000 11.11141227 -0.95837264
v 50.00000000 11.15211103 -0.00000000
v 50.00000000 11.10793550 0.95807276
v 50.00000000 10.97970885 1.90863532
v 50.00000000 10.76874094 2.84466247
v 50.00000000 10.47671625 3.75927772
v 50.00000000 10.10566354 4.64569553
v 50.00000000 9.65801146 5.49718623
v 50.00000000 9.13670399 6.30709972
v 50.00000000 8.54532803 7.06896172
v 50.00000000 7.88820117 7.77662825
v 50.00000000 7.17038160 8.42446053
v 50.00000000 6.39758901 9.00747190
v 50.00000000 5.57605552 9.52140585
v 50.00000000 4.71234830 9.96272621
v 50.00000000 3.81321287 10.32853065
v 50.00000000 2.88547544 10.61642485
v 50.00000000 1.93601891 10.82440878
v 50.00000000 0.97181843 10.95082176
v 52.00000000 0.00000000 10.98979554
v 52.00000000 -0.97215727 10.94987134
v 52.00000000 -1.93716127 10.82608107
v 52.00000000 -2.88743301 10.61900275
v 52.00000000 -3.81546287 10.33012633
v 52.00000000 -4.71399134 9.96186156
v 52.00000000 -5.57616155 9.51744212
v 52.00000000 -6.39560236 9.00075502
v 52.00000000 -7.16642562 8.41614747
v 52.00000000 -7.88315292 7.76826836
v 52.00000000 -8.54061348 7.06198624
v 52.00000000 -9.13386676 6.30239651
v 52.00000000 -9.65819512 5.49489777
v 52.00000000 -10.10918706 4.64529233
v 52.00000000 -10.48289808 3.75985850
v 52.00000000 -10.77604668 2.84535321
v 52.00000000 -10.98618748 1.90893019
v 52.00000000 -11.11180847 0.95798961
v 52.00000000 -11.15232311 0.00000000
v 52.00000000 -11.10796183 -0.95765798
v 52.00000000 -10.97960104 -1.90778575
v 52.00000000 -10.76858714 -2.84338356
v 52.00000000 -10.47661338 -3.75760439
v 52.00000000 -10.10568749 -4.64368424
v 52.00000000 -9.65819512 -5.49489777
v 52.00000000 -9.13702978 -6.30457901
v 52.00000000 -8.54573681 -7.06622257
v 52.00000000 -7.88861367 -7.77364954
v 52.00000000 -7.17072461 -8.42119614
v 52.00000000 -6.39781713 -9.00387195
v 52.00000000 -5.57616155 -9.51744212
v 52.00000000 -4.71235947 -9.95841299
v 52.00000000 -3.81317543 -10.32393322
v 52.00000000 -2.88543423 -10.61165192
v 52.00000000 -1.93599990 -10.81959063
v 52.00000000 -0.97182073 -10.94608075
v 52.00000000 -0.00000000 -10.98979554
v 52.00000000 0.97215727 -10.94987134
v 52.00000000 1.93716127 -10.82608107
v 52.00000000 2.88743301 -10.61900275
v 52.00000000 3.81546287 -10.33012633
v 52.00000000 4.71399134 -9.96186156
v 52.00000000 5.57616155 -9.51744212
v 52.00000000 6.39560236 -9.00075502
v 52.00000000 7.16642562 -8.41614747
v 52.00000000 7.88315292 -7.76826836
v 52.00000000 8.54061348 -7.06198624
v 52.00000000 9.13386676 -6.30239651
v 52.00000000 9.65819512 -5.49489777
v 52.00000000 10.10918706 -4.64529233
v 52.00000000 10.48289808 -3.75985850
v 52.00000000 10.77604668 -2.84535321
v 52.00000000 10.98618748 -1.90893019
v 52.00000000 11.11180847 -0.95798961
v 52.00000000 11.15232311 -0.00000000
v 52.00000000 11.10796183 0.95765798
v 52.00000000 10.97960104 1.90778575
v 52.00000000 10.76858714 2.84338356
v 52.00000000 10.47661338 3.75760439
v 52.00000000 10.10568749 4.64368424
v 52.00000000 9.65819512 5.49489777
v 52.00000000 9.13702978 6.30457901
v 52.00000000 8.54573681 7.06622257
v 52.00000000 7.88861367 7.77364954
v 52.00000000 7.17072461 8.42119614
v 52.00000000 6.39781713 9.00387195
v 52.00000000 5.57616155 9.51744212
v 52.00000000 4.71235947 9.95841299
v 52.00000000 3.81317543 10.32393322
v 52.00000000 2.88543423 10.61165192
v 52.00000000 1.93599990 10.81959063
v 52.00000000 0.97182073 10.94608075
v 54.00000000 0.00000000 10.98940852
v 54.00000000 -0.97218723 10.94950114
v 54.00000000 -1.93722296 10.82572620
v 54.00000000 -2.88752605 10.61865867
v 54.00000000 -3.81558439 10.32978771
v 54.00000000 -4.71413662 9.96152475
v 54.00000000 -5.57632556 9.51710695
v 54.00000000 -6.39578146 9.00042538
v 54.00000000 -7.16661892 8.41583056
v 54.00000000 -7.88336258 7.76797292
v 54.00000000 -8.54084385 7.06172032
v 54.00000000 -9.13412254 6.30216570
v 54.00000000 -9.65847919 5.49470426
v 54.00000000 -10.10949861 4.64513528
v 54.00000000 -10.48323194 3.75973525
v 54.00000000 -10.77639394 2.84526101
v 54.00000000 -10.98653737 1.90886761
v 54.00000000 -11.11215093 0.95795722
v 54.00000000 -11.15265112 0.00000000
v 54.00000000 -11.10827290 -0.95762290
v 54.00000000 -10.97989720 -1.90771391
v 54.00000000 -10.76887354 -2.84327542
v 54.00000000 -10.47689597 -3.75746290
v 54.00000000 -10.10597049 -4.64351417
v 54.00000000 -9.65847919 -5.49470426
v 54.00000000 -9.13731138 -6.30436586
v 54.00000000 -8.54600898 -7.06599095
v 54.00000000 -7.88886789 -7.77339765
v 54.00000000 -7.17095298 -8.42092010
v 54.00000000 -6.39801430 -9.00356753
v 54.00000000 -5.57632556 -9.51710695
v 54.00000000 -4.71249143 -9.95804828
v 54.00000000 -3.81327828 -10.32354447
v 54.00000000 -2.88551097 -10.61124834
v 54.00000000 -1.93605212 -10.81918322
v 54.00000000 -0.97184795 -10.94567987
v 54.00000000 -0.00000000 -10.98940852
v 54.00000000 0.97218723 -10.94950114
v 54.00000000 1.93722296 -10.82572620
v 54.00000000 2.88752605 -10.61865867
v 54.00000000 3.81558439 -10.32978771
v 54.00000000 4.71413662 -9.96152475
v 54.00000000 5.57632556 -9.51710695
v 54.00000000 6.39578146 -9.00042538
v 54.00000000 7.16661892 -8.41583056
v 54.00000000 7.88336258 -7.76797292
v 54.00000000 8.54084385 -7.06172032
v 54.00000000 9.13412254 -6.30216570
v 54.00000000 9.65847919 -5.49470426
v 54.00000000 10.10949861 -4.64513528
v 54.00000000 10.48323194 -3.75973525
v 54.00000000 10.77639394 -2.84526101
v 54.00000000 10.98653737 -1.90886761
v 54.00000000 11.11215093 -0.95795722
v 54.00000000 11.15265112 -0.00000000
v 54.00000000 11.10827290 0.95762290
v 54.00000000 10.97989720 1.90771391
v 54.00000000 10.76887354 2.84327542
v 54.00000000 10.47689597 3.75746290
v 54.00000000 10.10597049 4.64351417
v 54.00000000 9.65847919 5.49470426
v 54.00000000 9.13731138 6.30436586
v 54.00000000 8.54600898 7.06599095
v 54.00000000 7.88886789 7.77339765
v 54.00000000 7.17095298 8.42092010
v 54.00000000 6.39801430 9.00356753
v 54.00000000 5.57632556 9.51710695
v 54.00000000 4.71249143 9.95804828
v 54.00000000 3.81327828 10.32354447
v 54.00000000 2.88551097 10.61124834
v 54.00000000 1.93605212 10.81918322
v 54.00000000 0.97184795 10.94567987
v 56.00000000 0.00000000 10.98713599
v 56.00000000 -0.97294626 10.94732731
v 56.00000000 -1.93874715 10.82364239
v 56.00000000 -2.88980432 10.61663821
v 56.00000000 -3.81858644 10.32779936
v 56.00000000 -4.71781712 9.95954707
v 56.00000000 -5.58063309 9.51513888
v 56.00000000 -6.40066909 8.99848978
v 56.00000000 -7.17205221 8.41396976
v 56.00000000 -7.88932178 7.76623815
v 56.00000000 -8.54731899 7.06015892
v 56.00000000 -9.14110281 6.30081037
v 56.00000000 -9.66594005 5.49356799
v 56.00000000 -10.11739146 4.64421307
v 56.00000000 -10.49148002 3.75901155
v 56.00000000 -10.78489654 2.84471963
v 56.00000000 -10.99518144 1.90850018
v 56.00000000 -11.12082659 0.95776704
v 56.00000000 -11.16126618 0.00000000
v 56.00000000 -11.11676179 -0.95741696
v 56.00000000 -10.98822149 -1.90729210
v 56.00000000 -10.77701397 -2.84264046
v 56.00000000 -10.48483891 -3.75663210
v 56.00000000 -10.11369344 -4.64251556
v 56.00000000 -9.66594005 -5.49356799
v 56.00000000 -9.14444521 -6.30311424
v 56.00000000 -8.55273287 -7.06463084
v 56.00000000 -7.89509222 -7.77191857
v 56.00000000 -7.17659500 -8.41929918
v 56.00000000 -6.40300947 -9.00178003
v 56.00000000 -5.58063309 -9.51513888
v 56.00000000 -4.71609270 -9.95590674
v 56.00000000 -3.81616927 -10.32126186
v 56.00000000 -2.88769219 -10.60887861
v 56.00000000 -1.93751992 -10.81679102
v 56.00000000 -0.97259063 -10.94332593
v 56.00000000 -0.00000000 -10.98713599
v 56.00000000 0.97294626 -10.94732731
v 56.00000000 1.93874715 -10.82364239
v 56.00000000 2.88980432 -10.61663821
v 56.00000000 3.81858644 -10.32779936
v 56.00000000 4.71781712 -9.95954707
v 56.00000000 5.58063309 -9.51513888
v 56.00000000 6.40066909 -8.99848978
v 56.00000000 7.17205221 -8.41396976
v 56.00000000 7.88932178 -7.76623815
v 56.00000000 8.54731899 -7.06015892
v 56.00000000 9.14110281 -6.30081037
v 56.00000000 9.66594005 -5.49356799
v 56.00000000 10.11739146 -4.64421307
v 56.00000000 10.49148002 -3.75901155
v 56.00000000 10.78489654 -2.84471963
v 56.00000000 10.99518144 -1.90850018
v 56.00000000 11.12082659 -0.95776704
v 56.00000000 11.16126618 -0.00000000
v 56.00000000 11.11676179 0.95741696
v 56.00000000 10.98822149 1.90729210
v 56.00000000 10.77701397 2.84264046
v 56.00000000 10.48483891 3.75663210
v 56.00000000 10.11369344 4.64251556
v 56.00000000 9.66594005 5.49356799
v 56.00000000 9.14444521 6.30311424
v 56.00000000 8.55273287 7.06463084
v 56.00000000 7.89509222 7.77191857
v 56.00000000 7.17659500 8.41929918
v 56.00000000 6.40300947 9.00178003
v 56.00000000 5.58063309 9.51513888
v 56.00000000 4.71609270 9.95590674
v 56.00000000 3.81616927 10.32126186
v 56.00000000 2.88769219 10.60887861
v 56.00000000 1.93751992 10.81679102
v 56.00000000 0.97259063 10.94332593
v 58.00000000 0.00000000 10.98321074
v 58.00000000 -0.97267916 10.94357245
v 58.00000000 -1.93823516 10.82004295
v 58.00000000 -2.88905222 10.61314817
v 58.00000000 -3.81757803 10.32436482
v 58.00000000 -4.71652199 9.95613101
v 58.00000000 -5.57902148 9.51173951
v 58.00000000 -6.39872931 8.99514657
v 58.00000000 -7.16980370 8.41075579
v 58.00000000 -7.88681821 7.76324189
v 58.00000000 -8.54463932 7.05746208
v 58.00000000 -9.13833251 6.29846943
v 58.00000000 -9.66314865 5.49160537
v 58.00000000 -10.11461404 4.64262014
v 58.00000000 -10.48870944 3.75776148
v 58.00000000 -10.78208968 2.84378448
v 58.00000000 -10.99227784 1.90786551
v 58.00000000 -11.11777370 0.95743853
v 58.00000000 -11.15804295 0.00000000
v 58.00000000 -11.11339276 -0.95706125
v 58.00000000 -10.98477657 -1.90656355
v 58.00000000 -10.77359403 -2.84154375
v 58.00000000 -10.48155181 -3.75519714
v 58.00000000 -10.11062839 -4.64079072
v 58.00000000 -9.66314865 -5.49160537
v 58.00000000 -9.14193488 -6.30095231
v 58.00000000 -8.55047428 -7.06228147
v 58.00000000 -7.89303746 -7.76936369
v 58.00000000 -7.17469981 -8.41649932
v 58.00000000 -6.40125171 -8.99869249
v 58.00000000 -5.57902148 -9.51173951
v 58.00000000 -4.71466345 -9.95220782
v 58.00000000 -3.81497287 -10.31731934
v 58.00000000 -2.88677582 -10.60478564
v 58.00000000 -1.93691249 -10.81265922
v 58.00000000 -0.97229588 -10.93926015
v 58.00000000 -0.00000000 -10.98321074
v 58.00000000 0.97267916 -10.94357245
v 58.00000000 1.93823516 -10.82004295
v 58.00000000 2.88905222 -10.61314817
v 58.00000000 3.81757803 -10.32436482
v 58.00000000 4.71652199 -9.95613101
v 58.00000000 5.57902148 -9.51173951
v 58.00000000 6.39872931 -8.99514657
v 58.00000000 7.16980370 -8.41075579
v 58.00000000 7.88681821 -7.76324189
v 58.00000000 8.54463932 -7.05746208
v 58.00000000 9.13833251 -6.29846943
v 58.00000000 9.66314865 -5.49160537
v 58.00000000 10.11461404 -4.64262014
v 58.00000000 10.48870944 -3.75776148
v 58.00000000 10.78208968 -2.84378448
v 58.00000000 10.99227784 -1.90786551
v 58.00000000 11.11777370 -0.95743853
v 58.00000000 11.15804295 -0.00000000
v 58.00000000 11.11339276 0.95706125
v 58.00000000 10.98477657 1.90656355
v 58.00000000 10.77359403 2.84154375
v 58.00000000 10.48155181 3.75519714
v 58.00000000 10.11062839 4.64079072
v 58.00000000 9.66314865 5.49160537
v 58.00000000 9.14193488 6.30095231
v 58.00000000 8.55047428 7.06228147
v 58.00000000 7.89303746 7.76936369
v 58.00000000 7.17469981 8.41649932
v 58.00000000 6.40125171 8.99869249
v 58.00000000 5.57902148 9.51173951
v 58.00000000 4.71466345 9.95220782
v 58.00000000 3.81497287 10.31731934
v 58.00000000 2.88677582 10.60478564
v 58.00000000 1.93691249 10.81265922
v 58.00000000 0.97229588 10.93926015
v 60.00000000 0.00000000 10.98186693
v 60.00000000 -0.97275493 10.94228696
v 60.00000000 -1.93839308 10.81881065
v 60.00000000 -2.88929138 10.61195332
v 60.00000000 -3.81788906 10.32318897
v 60.00000000 -4.71688939 9.95496151
v 60.00000000 -5.57942880 9.51057575
v 60.00000000 -6.39916521 8.99400205
v 60.00000000 -7.17026647 8.40965552
v 60.00000000 -7.88731692 7.76221616
v 60.00000000 -8.54519082 7.05653885
v 60.00000000 -9.13895504 6.29766803
v 60.00000000 -9.66385416 5.49093347
v 60.00000000 -10.11540193 4.64207479
v 60.00000000 -10.48956398 3.75733351
v 60.00000000 -10.78298223 2.84346432
v 60.00000000 -10.99317341 1.90764822
v 60.00000000 -11.11863973 0.95732606
v 60.00000000 -11.15885761 0.00000000
v 60.00000000 -11.11414983 -0.95693948
v 60.00000000 -10.98548556 -1.90631414
v 60.00000000 -10.77427528 -2.84116830
v 60.00000000 -10.48222832 -3.75470590
v 60.00000000 -10.11131716 -4.64020024
v 60.00000000 -9.66385416 -5.49093347
v 60.00000000 -9.14264700 -6.30021217
v 60.00000000 -8.55117090 -7.06147714
v 60.00000000 -7.89369085 -7.76848900
v 60.00000000 -7.17528435 -8.41554076
v 60.00000000 -6.40175035 -8.99763545
v 60.00000000 -5.57942880 -9.51057575
v 60.00000000 -4.71498462 -9.95094153
v 60.00000000 -3.81521910 -10.31596967
v 60.00000000 -2.88695836 -10.60338447
v 60.00000000 -1.93703750 -10.81124475
v 60.00000000 -0.97236212 -10.93786827
v 60.00000000 -0.00000000 -10.98186693
v 60.00000000 0.97275493 -10.94228696
v 60.00000000 1.93839308 -10.81881065
v 60.00000000 2.88929138 -10.61195332
v 60.00000000 3.81788906 -10.32318897
v 60.00000000 4.71688939 -9.95496151
v 60.00000000 5.57942880 -9.51057575
v 60.00000000 6.39916521 -8.99400205
v 60.00000000 7.17026647 -8.40965552
v 60.00000000 7.88731692 -7.76221616
v 60.00000000 8.54519082 -7.05653885
v 60.00000000 9.13895504 -6.29766803
v 60.00000000 9.66385416 -5.49093347
v 60.00000000 10.11540193 -4.64207479
v 60.00000000 10.48956398 -3.75733351
v 60.00000000 10.78298223 -2.84346432
v 60.00000000 10.99317341 -1.90764822
v 60.00000000 11.11863973 -0.95732606
v 60.00000000 11.15885761 -0.00000000
v 60.00000000 11.11414983 0.95693948
v 60.00000000 10.98548556 1.90631414
v 60.00000000 10.77427528 2.84116830
v 60.00000000 10.48222832 3.75470590
v 60.00000000 10.11131716 4.64020024
v 60.00000000 9.66385416 5.49093347
v 60.00000000 9.14264700 6.30021217
v 60.00000000 8.55117090 7.06147714
v 60.00000000 7.89369085 7.76848900
v 60.00000000 7.17528435 8.41554076
v 60.00000000 6.40175035 8.99763545
v 60.00000000 5.57942880 9.51057575
v 60.00000000 4.71498462 9.95094153
v 60.00000000 3.81521910 10.31596967
v 60.00000000 2.88695836 10.60338447
v 60.00000000 1.93703750 10.81124475
v 60.00000000 0.97236212 10.93786827
v 62.00000000 0.00000000 10.98188750
v 62.00000000 -0.97285145 10.94230663
v 62.00000000 -1.93858530 10.81882951
v 62.00000000 -2.88957785 10.61197161
v 62.00000000 -3.81826767 10.32320697
v 62.00000000 -4.71735741 9.95497941
v 62.00000000 -5.57998283 9.51059356
v 62.00000000 -6.39980111 8.99401957
v 62.00000000 -7.17097939 8.40967237
v 62.00000000 -7.88810129 7.76223186
v 62.00000000 -8.54604045 7.05655298
v 62.00000000 -9.13986320 6.29768030
v 62.00000000 -9.66481376 5.49094375
v 62.00000000 -10.11640561 4.64208314
v 62.00000000 -10.49060421 3.75734006
v 62.00000000 -10.78405134 2.84346922
v 62.00000000 -10.99426358 1.90765154
v 62.00000000 -11.11974296 0.95732778
v 62.00000000 -11.15996566 0.00000000
v 62.00000000 -11.11525428 -0.95694134
v 62.00000000 -10.98657782 -1.90631796
v 62.00000000 -10.77534675 -2.84117405
v 62.00000000 -10.48327054 -3.75471342
v 62.00000000 -10.11232194 -4.64020928
v 62.00000000 -9.66481376 -5.49094375
v 62.00000000 -9.14355416 -6.30022350
v 62.00000000 -8.55201891 -7.06148946
v 62.00000000 -7.89447350 -7.76850239
v 62.00000000 -7.17599591 -8.41555543
v 62.00000000 -6.40238555 -8.99765163
v 62.00000000 -5.57998283 -9.51059356
v 62.00000000 -4.71545316 -9.95096091
v 62.00000000 -3.81559844 -10.31599033
v 62.00000000 -2.88724546 -10.60340591
v 62.00000000 -1.93723010 -10.81126640
v 62.00000000 -0.97245874 -10.93788958
v 62.00000000 -0.00000000 -10.98188750
v 62.00000000 0.97285145 -10.94230663
v 62.00000000 1.93858530 -10.81882951
v 62.00000000 2.88957785 -10.61197161
v 62.00000000 3.81826767 -10.32320697
v 62.00000000 4.71735741 -9.95497941
v 62.00000000 5.57998283 -9.51059356
v 62.00000000 6.39980111 -8.99401957
v 62.00000000 7.17097939 -8.40967237
v 62.00000000 7.88810129 -7.76223186
v 62.00000000 8.54604045 -7.05655298
v 62.00000000 9.13986320 -6.29768030
v 62.00000000 9.66481376 -5.49094375
v 62.00000000 10.11640561 -4.64208314
v 62.00000000 10.49060421 -3.75734006
v 62.00000000 10.78405134 -2.84346922
v 62.00000000 10.99426358 -1.90765154
v 62.00000000 11.11974296 -0.95732778
v 62.00000000 11.15996566 -0.00000000
v 62.00000000 11.11525428 0.95694134
v 62.00000000 10.98657782 1.90631796
v 62.00000000 10.77534675 2.84117405
v 62.00000000 10.48327054 3.75471342
v 62.00000000 10.11232194 4.64020928
v 62.00000000 9.66481376 5.49094375
v 62.00000000 9.14355416 6.30022350
v 62.00000000 8.55201891 7.06148946
v 62.00000000 7.89447350 7.76850239
v 62.00000000 7.17599591 8.41555543
v 62.00000000 6.40238555 8.99765163
v 62.00000000 5.57998283 9.51059356
v 62.00000000 4.71545316 9.95096091
v 62.00000000 3.81559844 10.31599033
v 62.00000000 2.88724546 10.60340591
v 62.00000000 1.93723010 10.81126640
v 62.00000000 0.97245874 10.93788958
v 64.00000000 0.00000000 10.98076622
v 64.00000000 -0.97324633 10.94123400
v 64.00000000 -1.93937796 10.81780125
v 64.00000000 -2.89076251 10.61097459
v 64.00000000 -3.81982891 10.32222581
v 64.00000000 -4.71927219 9.95400356
v 64.00000000 -5.58222500 9.50962250
v 64.00000000 -6.40234659 8.99306458
v 64.00000000 -7.17381017 8.40875431
v 64.00000000 -7.89120654 7.76137600
v 64.00000000 -8.54941405 7.05578264
v 64.00000000 -9.14349852 6.29701161
v 64.00000000 -9.66869731 5.49038311
v 64.00000000 -10.12051188 4.64162809
v 64.00000000 -10.49489367 3.75698295
v 64.00000000 -10.78847257 2.84320207
v 64.00000000 -10.99875898 1.90747023
v 64.00000000 -11.12425648 0.95723394
v 64.00000000 -11.16444999 0.00000000
v 64.00000000 -11.11967530 -0.95683973
v 64.00000000 -10.99091484 -1.90610985
v 64.00000000 -10.77958860 -2.84086078
v 64.00000000 -10.48740888 -3.75430353
v 64.00000000 -10.11634405 -4.63971658
v 64.00000000 -9.66869731 -5.49038311
v 64.00000000 -9.14726554 -6.29960591
v 64.00000000 -8.55551571 -7.06081831
v 64.00000000 -7.89771006 -7.76777252
v 64.00000000 -7.17893007 -8.41475558
v 64.00000000 -6.40498429 -8.99676962
v 64.00000000 -5.58222500 -9.50962250
v 64.00000000 -4.71732871 -9.94990431
v 64.00000000 -3.81710467 -10.31486416
v 64.00000000 -2.88838206 -10.60223678
v 64.00000000 -1.93799483 -10.81008617
v 64.00000000 -0.97284553 -10.93672819
v 64.00000000 -0.00000000 -10.98076622
v 64.00000000 0.97324633 -10.94123400
v 64.00000000 1.93937796 -10.81780125
v 64.00000000 2.89076251 -10.61097459
v 64.00000000 3.81982891 -10.32222581
v 64.00000000 4.71927219 -9.95400356
v 64.00000000 5.58222500 -9.50962250
v 64.00000000 6.40234659 -8.99306458
v 64.00000000 7.17381017 -8.40875431
v 64.00000000 7.89120654 -7.76137600
v 64.00000000 8.54941405 -7.05578264
v 64.00000000 9.14349852 -6.29701161
v 64.00000000 9.66869731 -5.49038311
v 64.00000000 10.12051188 -4.64162809
v 64.00000000 10.49489367 -3.75698295
v 64.00000000 10.78847257 -2.84320207
v 64.00000000 10.99875898 -1.90747023
v 64.00000000 11.12425648 -0.95723394
v 64.00000000 11.16444999 -0.00000000
v 64.00000000 11.11967530 0.95683973
v 64.00000000 10.99091484 1.90610985
v 64.00000000 10.77958860 2.84086078
v 64.00000000 10.48740888 3.75430353
v 64.00000000 10.11634405 4.63971658
v 64.00000000 9.66869731 5.49038311
v 64.00000000 9.14726554 6.29960591
v 64.00000000 8.55551571 7.06081831
v 64.00000000 7.89771006 7.76777252
v 64.00000000 7.17893007 8.41475558
v 64.00000000 6.40498429 8.99676962
v 64.00000000 5.58222500 9.50962250
v 64.00000000 4.71732871 9.94990431
v 64.00000000 3.81710467 10.31486416
v 64.00000000 2.88838206 10.60223678
v 64.00000000 1.93799483 10.81008617
v 64.00000000 0.97284553 10.93672819
v 66.00000000 0.00000000 10.97995327
v 66.00000000 -0.97279052 10.94045631
v 66.00000000 -1.93847387 10.81705573
v 66.00000000 -2.88941719 10.61025172
v 66.00000000 -3.81804819 10.32151445
v 66.00000000 -4.71706198 9.95329604
v 66.00000000 -5.57959413 9.50891847
v 66.00000000 -6.39931029 8.99237220
v 66.00000000 -7.17039248 8.40808871
v 66.00000000 -7.88744082 7.76075549
v 66.00000000 -8.54534100 7.05522413
v 66.00000000 -9.13916224 6.29652680
v 66.00000000 -9.66414053 5.48997664
v 66.00000000 -10.11577205 4.64129817
v 66.00000000 -10.49000120 3.75672403
v 66.00000000 -10.78345177 2.84300838
v 66.00000000 -10.99363162 1.90733878
v 66.00000000 -11.11904656 0.95716590
v 66.00000000 -11.15918827 0.00000000
v 66.00000000 -11.11440181 -0.95676606
v 66.00000000 -10.98567863 -1.90595898
v 66.00000000 -10.77444453 -2.84063366
v 66.00000000 -10.48241254 -3.75400635
v 66.00000000 -10.11154640 -4.63935936
v 66.00000000 -9.66414053 -5.48997664
v 66.00000000 -9.14298153 -6.29915814
v 66.00000000 -8.55152733 -7.06033170
v 66.00000000 -7.89403458 -7.76724334
v 66.00000000 -7.17558342 -8.41417567
v 66.00000000 -6.40198459 -8.99613014
v 66.00000000 -5.57959413 -9.50891847
v 66.00000000 -4.71509152 -9.94913826
v 66.00000000 -3.81528615 -10.31404768
v 66.00000000 -2.88700371 -10.60138915
v 66.00000000 -1.93707154 -10.80923048
v 66.00000000 -0.97238416 -10.93588616
v 66.00000000 -0.00000000 -10.97995327
v 66.00000000 0.97279052 -10.94045631
v 66.00000000 1.93847387 -10.81705573
v 66.00000000 2.88941719 -10.61025172
v 66.00000000 3.81804819 -10.32151445
v 66.00000000 4.71706198 -9.95329604
v 66.00000000 5.57959413 -9.50891847
v 66.00000000 6.39931029 -8.99237220
v 66.00000000 7.17039248 -8.40808871
v 66.00000000 7.88744082 -7.76075549
v 66.00000000 8.54534100 -7.05522413
v 66.00000000 9.13916224 -6.29652680
v 66.00000000 9.66414053 -5.48997664
v 66.00000000 10.11577205 -4.64129817
v 66.00000000 10.49000120 -3.75672403
v 66.00000000 10.78345177 -2.84300838
v 66.00000000 10.99363162 -1.90733878
v 66.00000000 11.11904656 -0.95716590
v 66.00000000 11.15918827 -0.00000000
v 66.00000000 11.11440181 0.95676606
v 66.00000000 10.98567863 1.90595898
v 66.00000000 10.77444453 2.84063366
v 66.00000000 10.48241254 3.75400635
v 66.00000000 10.11154640 4.63935936
v 66.00000000 9.66414053 5.48997664
v 66.00000000 9.14298153 6.29915814
v 66.00000000 8.55152733 7.06033170
v 66.00000000 7.89403458 7.76724334
v 66.00000000 7.17558342 8.41417567
v 66.00000000 6.40198459 8.99613014
v 66.00000000 5.57959413 9.50891847
v 66.00000000 4.71509152 9.94913826
v 66.00000000 3.81528615 10.31404768
v 66.00000000 2.88700371 10.60138915
v 66.00000000 1.93707154 10.80923048
v 66.00000000 0.97238416 10.93588616
v 68.00000000 0.00000000 10.97436058
v 68.00000000 -0.97330659 10.93510607
v 68.00000000 -1.93953109 10.81192671
v 68.00000000 -2.89100878 10.60527850
v 68.00000000 -3.82013051 10.31662039
v 68.00000000 -4.71956438 9.94842856
v 68.00000000 -5.58244060 9.50407505
v 68.00000000 -6.40244471 8.98760906
v 68.00000000 -7.17379771 8.40350988
v 68.00000000 -7.89114354 7.75648688
v 68.00000000 -8.54939919 7.05138204
v 68.00000000 -9.14363865 6.29319162
v 68.00000000 -9.66907075 5.48718029
v 68.00000000 -10.12113847 4.63902842
v 68.00000000 -10.49572230 3.75494274
v 68.00000000 -10.78939167 2.84167581
v 68.00000000 -10.99962740 1.90643439
v 68.00000000 -11.12494522 0.95669782
v 68.00000000 -11.16488120 0.00000000
v 68.00000000 -11.11984570 -0.95625928
v 68.00000000 -10.99089574 -1.90492104
v 68.00000000 -10.77950253 -2.83907124
v 68.00000000 -10.48739065 -3.75196202
v 68.00000000 -10.11649908 -4.63690196
v 68.00000000 -9.66907075 -5.48718029
v 68.00000000 -9.14783188 -6.29607765
v 68.00000000 -8.55619122 -7.05698397
v 68.00000000 -7.89838288 -7.76360269
v 68.00000000 -7.17949689 -8.41018600
v 68.00000000 -6.40538084 -8.99173074
v 68.00000000 -5.58244060 -9.50407505
v 68.00000000 -4.71740100 -9.94386834
v 68.00000000 -3.81709803 -10.30843092
v 68.00000000 -2.88835900 -10.59555812
v 68.00000000 -1.93799146 -10.80334406
v 68.00000000 -0.97286044 -10.93009358
v 68.00000000 -0.00000000 -10.97436058
v 68.00000000 0.97330659 -10.93510607
v 68.00000000 1.93953109 -10.81192671
v 68.00000000 2.89100878 -10.60527850
v 68.00000000 3.82013051 -10.31662039
v 68.00000000 4.71956438 -9.94842856
v 68.00000000 5.58244060 -9.50407505
v 68.00000000 6.40244471 -8.98760906
v 68.00000000 7.17379771 -8.40350988
v 68.00000000 7.89114354 -7.75648688
v 68.00000000 8.54939919 -7.05138204
v 68.00000000 9.14363865 -6.29319162
v 68.00000000 9.66907075 -5.48718029
v 68.00000000 10.12113847 -4.63902842
v 68.00000000 10.49572230 -3.75494274
v 68.00000000 10.78939167 -2.84167581
v 68.00000000 10.99962740 -1.90643439
v 68.00000000 11.12494522 -0.95669782
v 68.00000000 11.16488120 -0.00000000
v 68.00000000 11.11984570 0.95625928
v 68.00000000 10.99089574 1.90492104
v 68.00000000 10.77950253 2.83907124
v 68.00000000 10.48739065 3.75196202
v 68.00000000 10.11649908 4.63690196
v 68.00000000 9.66907075 5.48718029
v 68.00000000 9.14783188 6.29607765
v 68.00000000 8.55619122 7.05698397
v 68.00000000 7.89838288 7.76360269
v 68.00000000 7.17949689 8.41018600
v 68.00000000 6.40538084 8.99173074
v 68.00000000 5.58244060 9.50407505
v 68.00000000 4.71740100 9.94386834
v 68.00000000 3.81709803 10.30843092
v 68.00000000 2.88835900 10.59555812
v 68.00000000 1.93799146 10.80334406
v 68.00000000 0.97286044 10.93009358
v 70.00000000 0.00000000 10.97084768
v 70.00000000 -0.97339183 10.93174535
v 70.00000000 -1.93971908 10.80870485
v 70.00000000 -2.89129889 10.60215448
v 70.00000000 -3.82050078 10.31354613
v 70.00000000 -4.71997772 9.94537107
v 70.00000000 -5.58285821 9.50103279
v 70.00000000 -6.40284185 8.98461732
v 70.00000000 -7.17417557 8.40063396
v 70.00000000 -7.89153214 7.75380583
v 70.00000000 -8.54984951 7.04896886
v 70.00000000 -9.14420583 6.29109678
v 70.00000000 -9.66979408 5.48542384
v 70.00000000 -10.12202488 4.63760269
v 70.00000000 -10.49673962 3.75382380
v 70.00000000 -10.79047435 2.84083873
v 70.00000000 -11.00069356 1.90586629
v 70.00000000 -11.12591954 0.95640379
v 70.00000000 -11.16571643 0.00000000
v 70.00000000 -11.12053547 -0.95594097
v 70.00000000 -10.99147466 -1.90426912
v 70.00000000 -10.78003338 -2.83808991
v 70.00000000 -10.48794305 -3.75067799
v 70.00000000 -10.11712661 -4.63535846
v 70.00000000 -9.66979408 -5.48542384
v 70.00000000 -9.14863305 -6.29414265
v 70.00000000 -8.55702054 -7.05488105
v 70.00000000 -7.89917546 -7.76131575
v 70.00000000 -7.18019278 -8.40767984
v 70.00000000 -6.40594183 -8.98896728
v 70.00000000 -5.58285821 -9.50103279
v 70.00000000 -4.71769362 -9.94055829
v 70.00000000 -3.81729909 -10.30490308
v 70.00000000 -2.88850124 -10.59189574
v 70.00000000 -1.93809354 -10.79964685
v 70.00000000 -0.97292079 -10.92645524
v 70.00000000 -0.00000000 -10.97084768
v 70.00000000 0.97339183 -10.93174535
v 70.00000000 1.93971908 -10.80870485
v 70.00000000 2.89129889 -10.60215448
v 70.00000000 3.82050078 -10.31354613
v 70.00000000 4.71997772 -9.94537107
v 70.00000000 5.58285821 -9.50103279
v 70.00000000 6.40284185 -8.98461732
v 70.00000000 7.17417557 -8.40063396
v 70.00000000 7.89153214 -7.75380583
v 70.00000000 8.54984951 -7.04896886
v 70.00000000 9.14420583 -6.29109678
v 70.00000000 9.66979408 -5.48542384
v 70.00000000 10.12202488 -4.63760269
v 70.00000000 10.49673962 -3.75382380
v 70.00000000 10.79047435 -2.84083873
v 70.00000000 11.00069356 -1.90586629
v 70.00000000 11.12591954 -0.95640379
v 70.00000000 11.16571643 -0.00000000
v 70.00000000 11.12053547 0.95594097
v 70.00000000 10.99147466 1.90426912
v 70.00000000 10.78003338 2.83808991
v 70.00000000 10.48794305 3.75067799
v 70.00000000 10.11712661 4.63535846
v 70.00000000 9.66979408 5.48542384
v 70.00000000 9.14863305 6.29414265
v 70.00000000 8.55702054 7.05488105
v 70.00000000 7.89917546 7.76131575
v 70.00000000 7.18019278 8.40767984
v 70.00000000 6.40594183 8.98896728
v 70.00000000 5.58285821 9.50103279
v 70.00000000 4.71769362 9.94055829
v 70.00000000 3.81729909 10.30490308
v 70.00000000 2.88850124 10.59189574
v 70.00000000 1.93809354 10.79964685
v 70.00000000 0.97292079 10.92645524
v 72.00000000 0.00000000 10.97249885
v 72.00000000 -0.97329061 10.93332500
v 72.00000000 -1.93950885 10.81021925
v 72.00000000 -2.89098087 10.60362289
v 72.00000000 -3.82008670 10.31499115
v 72.00000000 -4.71948688 9.94680820
v 72.00000000 -5.58231115 9.50246275
v 72.00000000 -6.40225289 8.98602353
v 72.00000000 -7.17354721 8.40198572
v 72.00000000 -7.89085366 7.75506599
v 72.00000000 -8.54910066 7.05010312
v 72.00000000 -9.14336470 6.29208141
v 72.00000000 -9.66884654 5.48624943
v 72.00000000 -10.12097227 4.63827284
v 72.00000000 -10.49560194 3.75434974
v 72.00000000 -10.78928749 2.84123219
v 72.00000000 -10.99950126 1.90613332
v 72.00000000 -11.12476254 0.95654199
v 72.00000000 -11.16462230 0.00000000
v 72.00000000 -11.11951255 -0.95609058
v 72.00000000 -10.99051195 -1.90457554
v 72.00000000 -10.77910655 -2.83855116
v 72.00000000 -10.48702444 -3.75128152
v 72.00000000 -10.11619599 -4.63608395
v 72.00000000 -9.66884654 -5.48624943
v 72.00000000 -9.14768167 -6.29505217
v 72.00000000 -8.55609309 -7.05586950
v 72.00000000 -7.89830662 -7.76239070
v 72.00000000 -7.17941456 -8.40885783
v 72.00000000 -6.40527566 -8.99026620
v 72.00000000 -5.58231115 -9.50246275
v 72.00000000 -4.71725966 -9.94211411
v 72.00000000 -3.81696474 -10.30656126
v 72.00000000 -2.88825290 -10.59361715
v 72.00000000 -1.93792379 -10.80138463
v 72.00000000 -0.97283129 -10.92816536
v 72.00000000 -0.00000000 -10.97249885
v 72.00000000 0.97329061 -10.93332500
v 72.00000000 1.93950885 -10.81021925
v 72.00000000 2.89098087 -10.60362289
v 72.00000000 3.82008670 -10.31499115
v 72.00000000 4.71948688 -9.94680820
v 72.00000000 5.58231115 -9.50246275
v 72.00000000 6.40225289 -8.98602353
v 72.00000000 7.17354721 -8.40198572
v 72.00000000 7.89085366 -7.75506599
v 72.00000000 8.54910066 -7.05010312
v 72.00000000 9.14336470 -6.29208141
v 72.00000000 9.66884654 -5.48624943
v 72.00000000 10.12097227 -4.63827284
v 72.00000000 10.49560194 -3.75434974
v 72.00000000 10.78928749 -2.84123219
v 72.00000000 10.99950126 -1.90613332
v 72.00000000 11.12476254 -0.95654199
v 72.00000000 11.16462230 -0.00000000
v 72.00000000 11.11951255 0.95609058
v 72.00000000 10.99051195 1.90457554
v 72.00000000 10.77910655 2.83855116
v 72.00000000 10.48702444 3.75128152
v 72.00000000 10.11619599 4.63608395
v 72.00000000 9.66884654 5.48624943
v 72.00000000 9.14768167 6.29505217
v 72.00000000 8.55609309 7.05586950
v 72.00000000 7.89830662 7.76239070
v 72.00000000 7.17941456 8.40885783
v 72.00000000 6.40527566 8.99026620
v 72.00000000 5.58231115 9.50246275
v 72.00000000 4.71725966 9.94211411
v 72.00000000 3.81696474 10.30656126
v 72.00000000 2.88825290 10.59361715
v 72.00000000 1.93792379 10.80138463
v 72.00000000 0.97283129 10.92816536
v 74.00000000 0.00000000 10.97270959
v 74.00000000 -0.97336801 10.93352661
v 74.00000000 -1.93966200 10.81041252
v 74.00000000 -2.89120857 10.60381030
v 74.00000000 -3.82038836 10.31517557
v 74.00000000 -4.71986221 9.94699161
v 74.00000000 -5.58275938 9.50264525
v 74.00000000 -6.40277186 8.98620300
v 74.00000000 -7.17413273 8.40215824
v 74.00000000 -7.89149935 7.75522682
v 74.00000000 -8.54979845 7.05024788
v 74.00000000 -9.14410587 6.29220708
v 74.00000000 -9.66962289 5.48635479
v 74.00000000 -10.12177717 4.63835836
v 74.00000000 -10.49643075 3.75441687
v 74.00000000 -10.79013728 2.84128241
v 74.00000000 -11.00036986 1.90616740
v 74.00000000 -11.12564727 0.95655963
v 74.00000000 -11.16551876 0.00000000
v 74.00000000 -11.12041390 -0.95610968
v 74.00000000 -10.99140902 -1.90461465
v 74.00000000 -10.77998858 -2.83861003
v 74.00000000 -10.48788042 -3.75135854
v 74.00000000 -10.11701602 -4.63617654
v 74.00000000 -9.66962289 -5.48635479
v 74.00000000 -9.14840916 -6.29516825
v 74.00000000 -8.55676874 -7.05599565
v 74.00000000 -7.89892871 -7.76252789
v 74.00000000 -7.17998150 -8.40900817
v 74.00000000 -6.40578506 -8.99043198
v 74.00000000 -5.58275938 -9.50264525
v 74.00000000 -4.71764205 -9.94231268
v 74.00000000 -3.81727629 -10.30677289
v 74.00000000 -2.88848923 -10.59383685
v 74.00000000 -1.93808197 -10.80160642
v 74.00000000 -0.97291015 -10.92838362
v 74.00000000 -0.00000000 -10.97270959
v 74.00000000 0.97336801 -10.93352661
v 74.00000000 1.93966200 -10.81041252
v 74.00000000 2.89120857 -10.60381030
v 74.00000000 3.82038836 -10.31517557
v 74.00000000 4.71986221 -9.94699161
v 74.00000000 5.58275938 -9.50264525
v 74.00000000 6.40277186 -8.98620300
v 74.00000000 7.17413273 -8.40215824
v 74.00000000 7.89149935 -7.75522682
v 74.00000000 8.54979845 -7.05024788
v 74.00000000 9.14410587 -6.29220708
v 74.00000000 9.66962289 -5.48635479
v 74.00000000 10.12177717 -4.63835836
v 74.00000000 10.49643075 -3.75441687
v 74.00000000 10.79013728 -2.84128241
v 74.00000000 11.00036986 -1.90616740
v 74.00000000 11.12564727 -0.95655963
v 74.00000000 11.16551876 -0.00000000
v 74.00000000 11.12041390 0.95610968
v 74.00000000 10.99140902 1.90461465
v 74.00000000 10.77998858 2.83861003
v 74.00000000 10.48788042 3.75135854
v 74.00000000 10.11701602 4.63617654
v 74.00000000 9.66962289 5.48635479
v 74.00000000 9.14840916 6.29516825
v 74.00000000 8.55676874 7.05599565
v 74.00000000 7.89892871 7.76252789
v 74.00000000 7.17998150 8.40900817
v 74.00000000 6.40578506 8.99043198
v 74.00000000 5.58275938 9.50264525
v 74.00000000 4.71764205 9.94231268
v 74.00000000 3.81727629 10.30677289
v 74.00000000 2.88848923 10.59383685
v 74.00000000 1.93808197 10.80160642
v 74.00000000 0.97291015 10.92838362
v 76.00000000 0.00000000 10.96973495
v 76.00000000 -0.97344274 10.93068080
v 76.00000000 -1.93982626 10.80768428
v 76.00000000 -2.89146178 10.60116490
v 76.00000000 -3.82071188 10.31257232
v 76.00000000 -4.72022455 9.94440258
v 76.00000000 -5.58312759 9.50006914
v 76.00000000 -6.40312487 8.98366969
v 76.00000000 -7.17447142 8.39972303
v 76.00000000 -7.89184902 7.75295662
v 76.00000000 -8.55020209 7.04820449
v 76.00000000 -9.14461002 6.29043324
v 76.00000000 -9.67026065 5.48486748
v 76.00000000 -10.12255422 4.63715108
v 76.00000000 -10.49731963 3.75346936
v 76.00000000 -10.79108228 2.84057357
v 76.00000000 -11.00130141 1.90568634
v 76.00000000 -11.12650138 0.95631065
v 76.00000000 -11.16625518 0.00000000
v 76.00000000 -11.12102703 -0.95584014
v 76.00000000 -10.99192793 -1.90406263
v 76.00000000 -10.78046624 -2.83777908
v 76.00000000 -10.48837556 -3.75027128
v 76.00000000 -10.11757382 -4.63486955
v 76.00000000 -9.67026065 -5.48486748
v 76.00000000 -9.14911148 -6.29352972
v 76.00000000 -8.55749336 -7.05421492
v 76.00000000 -7.89962050 -7.76059133
v 76.00000000 -7.18058953 -8.40688598
v 76.00000000 -6.40627683 -8.98809193
v 76.00000000 -5.58312759 -9.50006914
v 76.00000000 -4.71790215 -9.93950983
v 76.00000000 -3.81745651 -10.30378566
v 76.00000000 -2.88861722 -10.59073570
v 76.00000000 -1.93817346 -10.79847577
v 76.00000000 -0.97296379 -10.92530279
v 76.00000000 -0.00000000 -10.96973495
v 76.00000000 0.97344274 -10.93068080
v 76.00000000 1.93982626 -10.80768428
v 76.00000000 2.89146178 -10.60116490
v 76.00000000 3.82071188 -10.31257232
v 76.00000000 4.72022455 -9.94440258
v 76.00000000 5.58312759 -9.50006914
v 76.00000000 6.40312487 -8.98366969
v 76.00000000 7.17447142 -8.39972303
v 76.00000000 7.89184902 -7.75295662
v 76.00000000 8.55020209 -7.04820449
v 76.00000000 9.14461002 -6.29043324
v 76.00000000 9.67026065 -5.48486748
v 76.00000000 10.12255422 -4.63715108
v 76.00000000 10.49731963 -3.75346936
v 76.00000000 10.79108228 -2.84057357
v 76.00000000 11.00130141 -1.90568634
v 76.00000000 11.12650138 -0.95631065
v 76.00000000 11.16625518 -0.00000000
v 76.00000000 11.12102703 0.95584014
v 76.00000000 10.99192793 1.90406263
v 76.00000000 10.78046624 2.83777908
v 76.00000000 10.48837556 3.75027128
v 76.00000000 10.11757382 4.63486955
v 76.00000000 9.67026065 5.48486748
v 76.00000000 9.14911148 6.29352972
v 76.00000000 8.55749336 7.05421492
v 76.00000000 7.89962050 7.76059133
v 76.00000000 7.18058953 8.40688598
v 76.00000000 6.40627683 8.98809193
v 76.00000000 5.58312759 9.50006914
v 76.00000000 4.71790215 9.93950983
v 76.00000000 3.81745651 10.30378566
v 76.00000000 2.88861722 10.59073570
v 76.00000000 1.93817346 10.79847577
v 76.00000000 0.97296379 10.92530279
v 78.00000000 0.00000000 10.96875111
v 78.00000000 -0.97380031 10.92973955
v 78.00000000 -1.94054390 10.80678191
v 78.00000000 -2.89253424 10.60028992
v 78.00000000 -3.82212535 10.31171128
v 78.00000000 -4.72195844 9.94354626
v 78.00000000 -5.58515847 9.49921711
v 78.00000000 -6.40543110 8.98283183
v 78.00000000 -7.17703666 8.39891761
v 78.00000000 -7.89466318 7.75220578
v 78.00000000 -8.55325923 7.04752867
v 78.00000000 -9.14790366 6.28984656
v 78.00000000 -9.67377823 5.48437555
v 78.00000000 -10.12627254 4.63675177
v 78.00000000 -10.50120310 3.75315597
v 78.00000000 -10.79508476 2.84033912
v 78.00000000 -11.00537133 1.90552723
v 78.00000000 -11.13058849 0.95622831
v 78.00000000 -11.17031693 0.00000000
v 78.00000000 -11.12503252 -0.95575099
v 78.00000000 -10.99585811 -1.90388006
v 78.00000000 -10.78431046 -2.83750425
v 78.00000000 -10.49212569 -3.74991168
v 78.00000000 -10.12121789 -4.63443728
v 78.00000000 -9.67377823 -5.48437555
v 78.00000000 -9.15247223 -6.29298778
v 78.00000000 -8.56065920 -7.05362594
v 78.00000000 -7.90255052 -7.75995080
v 78.00000000 -7.18324598 -8.40618406
v 78.00000000 -6.40863005 -8.98731796
v 78.00000000 -5.58515847 -9.49921711
v 78.00000000 -4.71960141 -9.93858282
v 78.00000000 -3.81882144 -10.30279767
v 78.00000000 -2.88964728 -10.58971003
v 78.00000000 -1.93886646 -10.79744035
v 78.00000000 -0.97331423 -10.92428384
v 78.00000000 -0.00000000 -10.96875111
v 78.00000000 0.97380031 -10.92973955
v 78.00000000 1.94054390 -10.80678191
v 78.00000000 2.89253424 -10.60028992
v 78.00000000 3.82212535 -10.31171128
v 78.00000000 4.72195844 -9.94354626
v 78.00000000 5.58515847 -9.49921711
v 78.00000000 6.40543110 -8.98283183
v 78.00000000 7.17703666 -8.39891761
v 78.00000000 7.89466318 -7.75220578
v 78.00000000 8.55325923 -7.04752867
v 78.00000000 9.14790366 -6.28984656
v 78.00000000 9.67377823 -5.48437555
v 78.00000000 10.12627254 -4.63675177
v 78.00000000 10.50120310 -3.75315597
v 78.00000000 10.79508476 -2.84033912
v 78.00000000 11.00537133 -1.90552723
v 78.00000000 11.13058849 -0.95622831
v 78.00000000 11.17031693 -0.00000000
v 78.00000000 11.12503252 0.95575099
v 78.00000000 10.99585811 1.90388006
v 78.00000000 10.78431046 2.83750425
v 78.00000000 10.49212569 3.74991168
v 78.00000000 10.12121789 4.63443728
v 78.00000000 9.67377823 5.48437555
v 78.00000000 9.15247223 6.29298778
v 78.00000000 8.56065920 7.05362594
v 78.00000000 7.90255052 7.75995080
v 78.00000000 7.18324598 8.40618406
v 78.00000000 6.40863005 8.98731796
v 78.00000000 5.58515847 9.49921711
v 78.00000000 4.71960141 9.93858282
v 78.00000000 3.81882144 10.30279767
v 78.00000000 2.88964728 10.58971003
v 78.00000000 1.93886646 10.79744035
v 78.00000000 0.97331423 10.92428384
v 80.00000000 0.00000000 10.96813288
v 80.00000000 -0.97323236 10.92914809
v 80.00000000 -1.93941530 10.80621487
v 80.00000000 -2.89085372 10.59974010
v 80.00000000 -3.81990244 10.31117022
v 80.00000000 -4.71920443 9.94300817
v 80.00000000 -5.58188847 9.49868171
v 80.00000000 -6.40166646 8.98230533
v 80.00000000 -7.17280671 8.39841151
v 80.00000000 -7.89000553 7.75173398
v 80.00000000 -8.54821817 7.04710400
v 80.00000000 -9.14252720 6.28947791
v 80.00000000 -9.66811444 5.48406644
v 80.00000000 -10.12036657 4.63650085
v 80.00000000 -10.49509571 3.75295904
v 80.00000000 -10.78881295 2.84019180
v 80.00000000 -10.99897072 1.90542724
v 80.00000000 -11.12409676 0.95617656
v 80.00000000 -11.16377694 0.00000000
v 80.00000000 -11.11849404 -0.95569498
v 80.00000000 -10.98937745 -1.90376533
v 80.00000000 -10.77794798 -2.83733156
v 80.00000000 -10.48594192 -3.74968572
v 80.00000000 -10.11526938 -4.63416565
v 80.00000000 -9.66811444 -5.48406644
v 80.00000000 -9.14713421 -6.29264724
v 80.00000000 -8.55568041 -7.05325583
v 80.00000000 -7.89795923 -7.75954830
v 80.00000000 -7.17906828 -8.40574298
v 80.00000000 -6.40489233 -8.98683161
v 80.00000000 -5.58188847 -9.49868171
v 80.00000000 -4.71682758 -9.93800031
v 80.00000000 -3.81657074 -10.30217684
v 80.00000000 -2.88794246 -10.58906554
v 80.00000000 -1.93772375 -10.79678972
v 80.00000000 -0.97274218 -10.92364356
v 80.00000000 -0.00000000 -10.96813288
v 80.00000000 0.97323236 -10.92914809
v 80.00000000 1.93941530 -10.80621487
v 80.00000000 2.89085372 -10.59974010
v 80.00000000 3.81990244 -10.31117022
v 80.00000000 4.71920443 -9.94300817
v 80.00000000 5.58188847 -9.49868171
v 80.00000000 6.40166646 -8.98230533
v 80.00000000 7.17280671 -8.39841151
v 80.00000000 7.89000553 -7.75173398
v 80.00000000 8.54821817 -7.04710400
v 80.00000000 9.14252720 -6.28947791
v 80.00000000 9.66811444 -5.48406644
v 80.00000000 10.12036657 -4.63650085
v 80.00000000 10.49509571 -3.75295904
v 80.00000000 10.78881295 -2.84019180
v 80.00000000 10.99897072 -1.90542724
v 80.00000000 11.12409676 -0.95617656
v 80.00000000 11.16377694 -0.00000000
v 80.00000000 11.11849404 0.95569498
v 80.00000000 10.98937745 1.90376533
v 80.00000000 10.77794798 2.83733156
v 80.00000000 10.48594192 3.74968572
v 80.00000000 10.11526938 4.63416565
v 80.00000000 9.66811444 5.48406644
v 80.00000000 9.14713421 6.29264724
v 80.00000000 8.55568041 7.05325583
v 80.00000000 7.89795923 7.75954830
v 80.00000000 7.17906828 8.40574298
v 80.00000000 6.40489233 8.98683161
v 80.00000000 5.58188847 9.49868171
v 80.00000000 4.71682758 9.93800031
v 80.00000000 3.81657074 10.30217684
v 80.00000000 2.88794246 10.58906554
v 80.00000000 1.93772375 10.79678972
v 80.00000000 0.97274218 10.92364356
v 82.00000000 0.00000000 10.96683453
v 82.00000000 -0.97367530 10.92790593
v 82.00000000 -1.94030468 10.80502400
v 82.00000000 -2.89218306 10.59858538
v 82.00000000 -3.82165418 10.31003390
v 82.00000000 -4.72135227 9.94187809
v 82.00000000 -5.58440257 9.49755730
v 82.00000000 -6.40451955 8.98119964
v 82.00000000 -7.17597867 8.39734865
v 82.00000000 -7.89348464 7.75074314
v 82.00000000 -8.55199836 7.04621215
v 82.00000000 -9.14660183 6.28870369
v 82.00000000 -9.67246899 5.48341726
v 82.00000000 -10.12497261 4.63597389
v 82.00000000 -10.49990856 3.75254546
v 82.00000000 -10.79377414 2.83988239
v 82.00000000 -11.00401464 1.90521726
v 82.00000000 -11.12915963 0.95606788
v 82.00000000 -11.16880515 0.00000000
v 82.00000000 -11.12344932 -0.95557733
v 82.00000000 -10.99423716 -1.90352440
v 82.00000000 -10.78270054 -2.83696889
v 82.00000000 -10.49057900 -3.74921118
v 82.00000000 -10.11977755 -4.63359520
v 82.00000000 -9.67246899 -5.48341726
v 82.00000000 -9.15129731 -6.29193204
v 82.00000000 -8.55960389 -7.05247855
v 82.00000000 -7.90159108 -7.75870298
v 82.00000000 -7.18236046 -8.40481665
v 82.00000000 -6.40780736 -8.98581020
v 82.00000000 -5.58440257 -9.49755730
v 82.00000000 -4.71892977 -9.93677697
v 82.00000000 -3.81825850 -10.30087305
v 82.00000000 -2.88921590 -10.58771203
v 82.00000000 -1.93858064 -10.79542333
v 82.00000000 -0.97317571 -10.92229889
v 82.00000000 -0.00000000 -10.96683453
v 82.00000000 0.97367530 -10.92790593
v 82.00000000 1.94030468 -10.80502400
v 82.00000000 2.89218306 -10.59858538
v 82.00000000 3.82165418 -10.31003390
v 82.00000000 4.72135227 -9.94187809
v 82.00000000 5.58440257 -9.49755730
v 82.00000000 6.40451955 -8.98119964
v 82.00000000 7.17597867 -8.39734865
v 82.00000000 7.89348464 -7.75074314
v 82.00000000 8.55199836 -7.04621215
v 82.00000000 9.14660183 -6.28870369
v 82.00000000 9.67246899 -5.48341726
v 82.00000000 10.12497261 -4.63597389
v 82.00000000 10.49990856 -3.75254546
v 82.00000000 10.79377414 -2.83988239
v 82.00000000 11.00401464 -1.90521726
v 82.00000000 11.12915963 -0.95606788
v 82.00000000 11.16880515 -0.00000000
v 82.00000000 11.12344932 0.95557733
v 82.00000000 10.99423716 1.90352440
v 82.00000000 10.78270054 2.83696889
v 82.00000000 10.49057900 3.74921118
v 82.00000000 10.11977755 4.63359520
v 82.00000000 9.67246899 5.48341726
v 82.00000000 9.15129731 6.29193204
v 82.00000000 8.55960389 7.05247855
v 82.00000000 7.90159108 7.75870298
v 82.00000000 7.18236046 8.40481665
v 82.00000000 6.40780736 8.98581020
v 82.00000000 5.58440257 9.49755730
v 82.00000000 4.71892977 9.93677697
v 82.00000000 3.81825850 10.30087305
v 82.00000000 2.88921590 10.58771203
v 82.00000000 1.93858064 10.79542333
v 82.00000000 0.97317571 10.92229889
v 84.00000000 0.00000000 10.96696663
v 84.00000000 -0.97296691 10.92803232
v 84.00000000 -1.93889233 10.80514517
v 84.00000000 -2.89007748 10.59870287
v 84.00000000 -3.81887241 10.31014953
v 84.00000000 -4.71791726 9.94199307
v 84.00000000 -5.58034234 9.49767171
v 84.00000000 -6.39986611 8.98131214
v 84.00000000 -7.17076722 8.39745679
v 84.00000000 -7.88775313 7.75084396
v 84.00000000 -8.54578759 7.04630290
v 84.00000000 -9.13995603 6.28878247
v 84.00000000 -9.66543646 5.48348332
v 84.00000000 -10.11760622 4.63602751
v 84.00000000 -10.49226570 3.75258754
v 84.00000000 -10.78591599 2.83991387
v 84.00000000 -10.99600484 1.90523862
v 84.00000000 -11.12106264 0.95607894
v 84.00000000 -11.16068468 0.00000000
v 84.00000000 -11.11536717 -0.95558930
v 84.00000000 -10.98625276 -1.90354892
v 84.00000000 -10.77487115 -2.83700579
v 84.00000000 -10.48296037 -3.74925946
v 84.00000000 -10.11242465 -4.63365324
v 84.00000000 -9.66543646 -5.48348332
v 84.00000000 -9.14463931 -6.29200481
v 84.00000000 -8.55337337 -7.05255764
v 84.00000000 -7.89583851 -7.75878899
v 84.00000000 -7.17713244 -8.40491090
v 84.00000000 -6.40314538 -8.98591413
v 84.00000000 -5.58034234 -9.49767171
v 84.00000000 -4.71550106 -9.93690145
v 84.00000000 -3.81548554 -10.30100571
v 84.00000000 -2.88711802 -10.58784974
v 84.00000000 -1.93717278 -10.79556236
v 84.00000000 -0.97246862 -10.92243571
v 84.00000000 -0.00000000 -10.96696663
v 84.00000000 0.97296691 -10.92803232
v 84.00000000 1.93889233 -10.80514517
v 84.00000000 2.89007748 -10.59870287
v 84.00000000 3.81887241 -10.31014953
v 84.00000000 4.71791726 -9.94199307
v 84.00000000 5.58034234 -9.49767171
v 84.00000000 6.39986611 -8.98131214
v 84.00000000 7.17076722 -8.39745679
v 84.00000000 7.88775313 -7.75084396
v 84.00000000 8.54578759 -7.04630290
v 84.00000000 9.13995603 -6.28878247
v 84.00000000 9.66543646 -5.48348332
v 84.00000000 10.11760622 -4.63602751
v 84.00000000 10.49226570 -3.75258754
v 84.00000000 10.78591599 -2.83991387
v 84.00000000 10.99600484 -1.90523862
v 84.00000000 11.12106264 -0.95607894
v 84.00000000 11.16068468 -0.00000000
v 84.00000000 11.11536717 0.95558930
v 84.00000000 10.98625276 1.90354892
v 84.00000000 10.77487115 2.83700579
v 84.00000000 10.48296037 3.74925946
v 84.00000000 10.11242465 4.63365324
v 84.00000000 9.66543646 5.48348332
v 84.00000000 9.14463931 6.29200481
v 84.00000000 8.55337337 7.05255764
v 84.00000000 7.89583851 7.75878899
v 84.00000000 7.17713244 8.40491090
v 84.00000000 6.40314538 8.98591413
v 84.00000000 5.58034234 9.49767171
v 84.00000000 4.71550106 9.93690145
v 84.00000000 3.81548554 10.30100571
v 84.00000000 2.88711802 10.58784974
v 84.00000000 1.93717278 10.79556236
v 84.00000000 0.97246862 10.92243571
v 86.00000000 0.00000000 10.96704318
v 86.00000000 -0.97309671 10.92810555
v 86.00000000 -1.93915061 10.80521538
v 86.00000000 -2.89046224 10.59877095
v 86.00000000 -3.81938110 10.31021652
v 86.00000000 -4.71854668 9.94205970
v 86.00000000 -5.58108837 9.49773800
v 86.00000000 -6.40072348 8.98137733
v 86.00000000 -7.17172932 8.39751945
v 86.00000000 -7.88881202 7.75090237
v 86.00000000 -8.54693419 7.04635548
v 86.00000000 -9.14118048 6.28882811
v 86.00000000 -9.66672861 5.48352159
v 86.00000000 -10.11895601 4.63605857
v 86.00000000 -10.49366334 3.75261192
v 86.00000000 -10.78735193 2.83993212
v 86.00000000 -10.99746958 1.90525100
v 86.00000000 -11.12254630 0.95608535
v 86.00000000 -11.16217673 0.00000000
v 86.00000000 -11.11685626 -0.95559624
v 86.00000000 -10.98772679 -1.90356312
v 86.00000000 -10.77631763 -2.83702717
v 86.00000000 -10.48436688 -3.74928744
v 86.00000000 -10.11377938 -4.63368687
v 86.00000000 -9.66672861 -5.48352159
v 86.00000000 -9.14585929 -6.29204698
v 86.00000000 -8.55451273 -7.05260346
v 86.00000000 -7.89688970 -7.75883883
v 86.00000000 -7.17808848 -8.40496551
v 86.00000000 -6.40399962 -8.98597435
v 86.00000000 -5.58108837 -9.49773800
v 86.00000000 -4.71613278 -9.93697357
v 86.00000000 -3.81599747 -10.30108257
v 86.00000000 -2.88750561 -10.58792954
v 86.00000000 -1.93743269 -10.79564291
v 86.00000000 -0.97259890 -10.92251498
v 86.00000000 -0.00000000 -10.96704318
v 86.00000000 0.97309671 -10.92810555
v 86.00000000 1.93915061 -10.80521538
v 86.00000000 2.89046224 -10.59877095
v 86.00000000 3.81938110 -10.31021652
v 86.00000000 4.71854668 -9.94205970
v 86.00000000 5.58108837 -9.49773800
v 86.00000000 6.40072348 -8.98137733
v 86.00000000 7.17172932 -8.39751945
v 86.00000000 7.88881202 -7.75090237
v 86.00000000 8.54693419 -7.04635548
v 86.00000000 9.14118048 -6.28882811
v 86.00000000 9.66672861 -5.48352159
v 86.00000000 10.11895601 -4.63605857
v 86.00000000 10.49366334 -3.75261192
v 86.00000000 10.78735193 -2.83993212
v 86.00000000 10.99746958 -1.90525100
v 86.00000000 11.12254630 -0.95608535
v 86.00000000 11.16217673 -0.00000000
v 86.00000000 11.11685626 0.95559624
v 86.00000000 10.98772679 1.90356312
v 86.00000000 10.77631763 2.83702717
v 86.00000000 10.48436688 3.74928744
v 86.00000000 10.11377938 4.63368687
v 86.00000000 9.66672861 5.48352159
v 86.00000000 9.14585929 6.29204698
v 86.00000000 8.55451273 7.05260346
v 86.00000000 7.89688970 7.75883883
v 86.00000000 7.17808848 8.40496551
v 86.00000000 6.40399962 8.98597435
v 86.00000000 5.58108837 9.49773800
v 86.00000000 4.71613278 9.93697357
v 86.00000000 3.81599747 10.30108257
v 86.00000000 2.88750561 10.58792954
v 86.00000000 1.93743269 10.79564291
v 86.00000000 0.97259890 10.92251498
v 88.00000000 0.00000000 10.96394557
v 88.00000000 -0.97333823 10.92514197
v 88.00000000 -1.93964788 10.80237413
v 88.00000000 -2.89121219 10.59601593
v 88.00000000 -3.82036055 10.30750543
v 88.00000000 -4.71971781 9.93936352
v 88.00000000 -5.58241072 9.49505539
v 88.00000000 -6.40216790 8.97873940
v 88.00000000 -7.17328854 8.39498374
v 88.00000000 -7.89050330 7.74853850
v 88.00000000 -8.54879238 7.04422776
v 88.00000000 -9.14324332 6.28698101
v 88.00000000 -9.66901899 5.48197278
v 88.00000000 -10.12146751 4.63480133
v 88.00000000 -10.49635433 3.75162517
v 88.00000000 -10.79015078 2.83919391
v 88.00000000 -11.00028977 1.90475002
v 88.00000000 -11.12530689 0.95582607
v 88.00000000 -11.16482143 0.00000000
v 88.00000000 -11.11936494 -0.95531557
v 88.00000000 -10.99011564 -1.90298832
v 88.00000000 -10.77862796 -2.83616193
v 88.00000000 -10.48664629 -3.74815530
v 88.00000000 -10.11606170 -4.63232591
v 88.00000000 -9.66901899 -5.48197278
v 88.00000000 -9.14812928 -6.29034064
v 88.00000000 -8.55670645 -7.05074897
v 88.00000000 -7.89893859 -7.75682202
v 88.00000000 -7.17992923 -8.40275541
v 88.00000000 -6.40558908 -8.98353745
v 88.00000000 -5.58241072 -9.49505539
v 88.00000000 -4.71719704 -9.93405497
v 88.00000000 -3.81682711 -10.29797206
v 88.00000000 -2.88812466 -10.58470043
v 88.00000000 -1.93785391 -10.79238306
v 88.00000000 -0.97281838 -10.91930692
v 88.00000000 -0.00000000 -10.96394557
v 88.00000000 0.97333823 -10.92514197
v 88.00000000 1.93964788 -10.80237413
v 88.00000000 2.89121219 -10.59601593
v 88.00000000 3.82036055 -10.30750543
v 88.00000000 4.71971781 -9.93936352
v 88.00000000 5.58241072 -9.49505539
v 88.00000000 6.40216790 -8.97873940
v 88.00000000 7.17328854 -8.39498374
v 88.00000000 7.89050330 -7.74853850
v 88.00000000 8.54879238 -7.04422776
v 88.00000000 9.14324332 -6.28698101
v 88.00000000 9.66901899 -5.48197278
v 88.00000000 10.12146751 -4.63480133
v 88.00000000 10.49635433 -3.75162517
v 88.00000000 10.79015078 -2.83919391
v 88.00000000 11.00028977 -1.90475002
v 88.00000000 11.12530689 -0.95582607
v 88.00000000 11.16482143 -0.00000000
v 88.00000000 11.11936494 0.95531557
v 88.00000000 10.99011564 1.90298832
v 88.00000000 10.77862796 2.83616193
v 88.00000000 10.48664629 3.74815530
v 88.00000000 10.11606170 4.63232591
v 88.00000000 9.66901899 5.48197278
v 88.00000000 9.14812928 6.29034064
v 88.00000000 8.55670645 7.05074897
v 88.00000000 7.89893859 7.75682202
v 88.00000000 7.17992923 8.40275541
v 88.00000000 6.40558908 8.98353745
v 88.00000000 5.58241072 9.49505539
v 88.00000000 4.71719704 9.93405497
v 88.00000000 3.81682711 10.29797206
v 88.00000000 2.88812466 10.58470043
v 88.00000000 1.93785391 10.79238306
v 88.00000000 0.97281838 10.91930692
v 90.00000000 0.00000000 10.96283732
v 90.00000000 -0.97282685 10.92408165
v 90.00000000 -1.93863453 10.80135758
v 90.00000000 -2.88970482 10.59503022
v 90.00000000 -3.81836463 10.30653544
v 90.00000000 -4.71723813 9.93839887
v 90.00000000 -5.57945531 9.49409561
v 90.00000000 -6.39875271 8.97779563
v 90.00000000 -7.16944083 8.39407654
v 90.00000000 -7.88626236 7.74769278
v 90.00000000 -8.54420686 7.04346653
v 90.00000000 -9.13836592 6.28632017
v 90.00000000 -9.66390007 5.48141866
v 90.00000000 -10.11614982 4.63435151
v 90.00000000 -10.49087061 3.75127212
v 90.00000000 -10.78452520 2.83892979
v 90.00000000 -10.99454277 1.90457077
v 90.00000000 -11.11946180 0.95573330
v 90.00000000 -11.15891062 0.00000000
v 90.00000000 -11.11343339 -0.95521515
v 90.00000000 -10.98422061 -1.90278267
v 90.00000000 -10.77283472 -2.83585238
v 90.00000000 -10.48102132 -3.74775026
v 90.00000000 -10.11066536 -4.63183900
v 90.00000000 -9.66390007 -5.48141866
v 90.00000000 -9.14332297 -6.28973015
v 90.00000000 -8.55223608 -7.05008546
v 90.00000000 -7.89482038 -7.75610043
v 90.00000000 -7.17617814 -8.40196467
v 90.00000000 -6.40222367 -8.98266557
v 90.00000000 -5.57945531 -9.49409561
v 90.00000000 -4.71468069 -9.93301078
v 90.00000000 -3.81477979 -10.29685922
v 90.00000000 -2.88657236 -10.58354516
v 90.00000000 -1.93681446 -10.79121679
v 90.00000000 -0.97229943 -10.91815917
v 90.00000000 -0.00000000 -10.96283732
v 90.00000000 0.97282685 -10.92408165
v 90.00000000 1.93863453 -10.80135758
v 90.00000000 2.88970482 -10.59503022
v 90.00000000 3.81836463 -10.30653544
v 90.00000000 4.71723813 -9.93839887
v 90.00000000 5.57945531 -9.49409561
v 90.00000000 6.39875271 -8.97779563
v 90.00000000 7.16944083 -8.39407654
v 90.00000000 7.88626236 -7.74769278
v 90.00000000 8.54420686 -7.04346653
v 90.00000000 9.13836592 -6.28632017
v 90.00000000 9.66390007 -5.48141866
v 90.00000000 10.11614982 -4.63435151
v 90.00000000 10.49087061 -3.75127212
v 90.00000000 10.78452520 -2.83892979
v 90.00000000 10.99454277 -1.90457077
v 90.00000000 11.11946180 -0.95573330
v 90.00000000 11.15891062 -0.00000000
v 90.00000000 11.11343339 0.95521515
v 90.00000000 10.98422061 1.90278267
v 90.00000000 10.77283472 2.83585238
v 90.00000000 10.48102132 3.74775026
v 90.00000000 10.11066536 4.63183900
v 90.00000000 9.66390007 5.48141866
v 90.00000000 9.14332297 6.28973015
v 90.00000000 8.55223608 7.05008546
v 90.00000000 7.89482038 7.75610043
v 90.00000000 7.17617814 8.40196467
v 90.00000000 6.40222367 8.98266557
v 90.00000000 5.57945531 9.49409561
v 90.00000000 4.71468069 9.93301078
v 90.00000000 3.81477979 10.29685922
v 90.00000000 2.88657236 10.58354516
v 90.00000000 1.93681446 10.79121679
v 90.00000000 0.97229943 10.91815917
v 92.00000000 0.00000000 10.96242175
v 92.00000000 -0.97365973 10.92368406
v 92.00000000 -1.94029642 10.80097639
v 92.00000000 -2.89218318 10.59466060
v 92.00000000 -3.82163792 10.30617172
v 92.00000000 -4.72127676 9.93803716
v 92.00000000 -5.58422368 9.49373572
v 92.00000000 -6.40421160 8.97744174
v 92.00000000 -7.17554927 8.39373637
v 92.00000000 -7.89297834 7.74737567
v 92.00000000 -8.55148662 7.04318109
v 92.00000000 -9.14616203 6.28607238
v 92.00000000 -9.67215914 5.48121088
v 92.00000000 -10.12481069 4.63418283
v 92.00000000 -10.49986390 3.75113973
v 92.00000000 -10.79377459 2.83883075
v 92.00000000 -11.00396784 1.90450356
v 92.00000000 -11.12898165 0.95569852
v 92.00000000 -11.16844737 0.00000000
v 92.00000000 -11.12291446 -0.95517750
v 92.00000000 -10.99357928 -1.90270556
v 92.00000000 -10.78200892 -2.83573631
v 92.00000000 -10.48995126 -3.74759838
v 92.00000000 -10.11929095 -4.63165642
v 92.00000000 -9.67215914 -5.48121088
v 92.00000000 -9.15115096 -6.28950122
v 92.00000000 -8.55956748 -7.04983666
v 92.00000000 -7.90159141 -7.75582985
v 92.00000000 -7.18232991 -8.40166816
v 92.00000000 -6.40770489 -8.98233864
v 92.00000000 -5.58422368 -9.49373572
v 92.00000000 -4.71870286 -9.93261924
v 92.00000000 -3.81803002 -10.29644193
v 92.00000000 -2.88903058 -10.58311197
v 92.00000000 -1.93846464 -10.79077947
v 92.00000000 -0.97312892 -10.91772880
v 92.00000000 -0.00000000 -10.96242175
v 92.00000000 0.97365973 -10.92368406
v 92.00000000 1.94029642 -10.80097639
v 92.00000000 2.89218318 -10.59466060
v 92.00000000 3.82163792 -10.30617172
v 92.00000000 4.72127676 -9.93803716
v 92.00000000 5.58422368 -9.49373572
v 92.00000000 6.40421160 -8.97744174
v 92.00000000 7.17554927 -8.39373637
v 92.00000000 7.89297834 -7.74737567
v 92.00000000 8.55148662 -7.04318109
v 92.00000000 9.14616203 -6.28607238
v 92.00000000 9.67215914 -5.48121088
v 92.00000000 10.12481069 -4.63418283
v 92.00000000 10.49986390 -3.75113973
v 92.00000000 10.79377459 -2.83883075
v 92.00000000 11.00396784 -1.90450356
v 92.00000000 11.12898165 -0.95569852
v 92.00000000 11.16844737 -0.00000000
v 92.00000000 11.12291446 0.95517750
v 92.00000000 10.99357928 1.90270556
v 92.00000000 10.78200892 2.83573631
v 92.00000000 10.48995126 3.74759838
v 92.00000000 10.11929095 4.63165642
v 92.00000000 9.67215914 5.48121088
v 92.00000000 9.15115096 6.28950122
v 92.00000000 8.55956748 7.04983666
v 92.00000000 7.90159141 7.75582985
v 92.00000000 7.18232991 8.40166816
v 92.00000000 6.40770489 8.98233864
v 92.00000000 5.58422368 9.49373572
v 92.00000000 4.71870286 9.93261924
v 92.00000000 3.81803002 10.29644193
v 92.00000000 2.88903058 10.58311197
v 92.00000000 1.93846464 10.79077947
v 92.00000000 0.97312892 10.91772880
v 94.00000000 0.00000000 10.96257672
v 94.00000000 -0.97366310 10.92383232
v 94.00000000 -1.94030234 10.80111854
v 94.00000000 -2.89219156 10.59479844
v 94.00000000 -3.82164957 10.30630735
v 94.00000000 -4.72129309 9.93817204
v 94.00000000 -5.58424615 9.49386993
v 94.00000000 -6.40424097 8.97757370
v 94.00000000 -7.17558513 8.39386322
v 94.00000000 -7.89301898 7.74749392
v 94.00000000 -8.55152936 7.04328753
v 94.00000000 -9.14620397 6.28616478
v 94.00000000 -9.67219805 5.48128836
v 94.00000000 -10.12484571 4.63424573
v 94.00000000 -10.49989589 3.75118910
v 94.00000000 -10.79380585 2.83886769
v 94.00000000 -11.00400136 1.90452862
v 94.00000000 -11.12902014 0.95571149
v 94.00000000 -11.16849229 0.00000000
v 94.00000000 -11.12296547 -0.95519154
v 94.00000000 -10.99363424 -1.90273432
v 94.00000000 -10.78206444 -2.83577959
v 94.00000000 -10.49000369 -3.74765502
v 94.00000000 -10.11933736 -4.63172450
v 94.00000000 -9.67219805 -5.48128836
v 94.00000000 -9.15118261 -6.28958659
v 94.00000000 -8.55959355 -7.04992944
v 94.00000000 -7.90161429 -7.75593075
v 94.00000000 -7.18235179 -8.40177873
v 94.00000000 -6.40772705 -8.98246055
v 94.00000000 -5.58424615 -9.49386993
v 94.00000000 -4.71872450 -9.93276525
v 94.00000000 -3.81804910 -10.29659754
v 94.00000000 -2.88904546 -10.58327351
v 94.00000000 -1.93847433 -10.79094255
v 94.00000000 -0.97313338 -10.91788928
v 94.00000000 -0.00000000 -10.96257672
v 94.00000000 0.97366310 -10.92383232
v 94.00000000 1.94030234 -10.80111854
v 94.00000000 2.89219156 -10.59479844
v 94.00000000 3.82164957 -10.30630735
v 94.00000000 4.72129309 -9.93817204
v 94.00000000 5.58424615 -9.49386993
v 94.00000000 6.40424097 -8.97757370
v 94.00000000 7.17558513 -8.39386322
v 94.00000000 7.89301898 -7.74749392
v 94.00000000 8.55152936 -7.04328753
v 94.00000000 9.14620397 -6.28616478
v 94.00000000 9.67219805 -5.48128836
v 94.00000000 10.12484571 -4.63424573
v 94.00000000 10.49989589 -3.75118910
v 94.00000000 10.79380585 -2.83886769
v 94.00000000 11.00400136 -1.90452862
v 94.00000000 11.12902014 -0.95571149
v 94.00000000 11.16849229 -0.00000000
v 94.00000000 11.12296547 0.95519154
v 94.00000000 10.99363424 1.90273432
v 94.00000000 10.78206444 2.83577959
v 94.00000000 10.49000369 3.74765502
v 94.00000000 10.11933736 4.63172450
v 94.00000000 9.67219805 5.48128836
v 94.00000000 9.15118261 6.28958659
v 94.00000000 8.55959355 7.04992944
v 94.00000000 7.90161429 7.75593075
v 94.00000000 7.18235179 8.40177873
v 94.00000000 6.40772705 8.98246055
v 94.00000000 5.58424615 9.49386993
v 94.00000000 4.71872450 9.93276525
v 94.00000000 3.81804910 10.29659754
v 94.00000000 2.88904546 10.58327351
v 94.00000000 1.93847433 10.79094255
v 94.00000000 0.97313338 10.91788928
v 96.00000000 0.00000000 10.96161984
v 96.00000000 -0.97387459 10.92291683
v 96.00000000 -1.94072873 10.80024081
v 96.00000000 -2.89282983 10.59394735
v 96.00000000 -3.82248940 10.30546984
v 96.00000000 -4.72231861 9.93733915
v 96.00000000 -5.58543967 9.49304125
v 96.00000000 -6.40558746 8.97675885
v 96.00000000 -7.17707551 8.39307995
v 96.00000000 -7.89465100 7.74676374
v 96.00000000 -8.55330552 7.04263029
v 96.00000000 -9.14812696 6.28559421
v 96.00000000 -9.67426530 5.48080992
v 96.00000000 -10.12704494 4.63385735
v 96.00000000 -10.50220331 3.75088427
v 96.00000000 -10.79618791 2.83863964
v 96.00000000 -11.00641956 1.90437385
v 96.00000000 -11.13143748 0.95563139
v 96.00000000 -11.17087935 0.00000000
v 96.00000000 -11.12530408 -0.95510484
v 96.00000000 -10.99591762 -1.90255677
v 96.00000000 -10.78429382 -2.83551232
v 96.00000000 -10.49218247 -3.74730531
v 96.00000000 -10.12146495 -4.63130410
v 96.00000000 -9.67426530 -5.48080992
v 96.00000000 -9.15317035 -6.28905948
v 96.00000000 -8.56147458 -7.04935654
v 96.00000000 -7.90335808 -7.75530771
v 96.00000000 -7.18393016 -8.40109599
v 96.00000000 -6.40911888 -8.98170776
v 96.00000000 -5.58543967 -9.49304125
v 96.00000000 -4.71971662 -9.93186369
v 96.00000000 -3.81884211 -10.29563672
v 96.00000000 -2.88964282 -10.58227606
v 96.00000000 -1.93887695 -10.78993560
v 96.00000000 -0.97333799 -10.91689831
v 96.00000000 -0.00000000 -10.96161984
v 96.00000000 0.97387459 -10.92291683
v 96.00000000 1.94072873 -10.80024081
v 96.00000000 2.89282983 -10.59394735
v 96.00000000 3.82248940 -10.30546984
v 96.00000000 4.72231861 -9.93733915
v 96.00000000 5.58543967 -9.49304125
v 96.00000000 6.40558746 -8.97675885
v 96.00000000 7.17707551 -8.39307995
v 96.00000000 7.89465100 -7.74676374
v 96.00000000 8.55330552 -7.04263029
v 96.00000000 9.14812696 -6.28559421
v 96.00000000 9.67426530 -5.48080992
v 96.00000000 10.12704494 -4.63385735
v 96.00000000 10.50220331 -3.75088427
v 96.00000000 10.79618791 -2.83863964
v 96.00000000 11.00641956 -1.90437385
v 96.00000000 11.13143748 -0.95563139
v 96.00000000 11.17087935 -0.00000000
v 96.00000000 11.12530408 0.95510484
v 96.00000000 10.99591762 1.90255677
v 96.00000000 10.78429382 2.83551232
v 96.00000000 10.49218247 3.74730531
v 96.00000000 10.12146495 4.63130410
v 96.00000000 9.67426530 5.48080992
v 96.00000000 9.15317035 6.28905948
v 96.00000000 8.56147458 7.04935654
v 96.00000000 7.90335808 7.75530771
v 96.00000000 7.18393016 8.40109599
v 96.00000000 6.40911888 8.98170776
v 96.00000000 5.58543967 9.49304125
v 96.00000000 4.71971662 9.93186369
v 96.00000000 3.81884211 10.29563672
v 96.00000000 2.88964282 10.58227606
v 96.00000000 1.93887695 10.78993560
v 96.00000000 0.97333799 10.91689831
v 98.00000000 0.00000000 10.95992194
v 98.00000000 -0.97294211 10.92129233
v 98.00000000 -1.93887925 10.79868333
v 98.00000000 -2.89007780 10.59243712
v 98.00000000 -3.81884664 10.30398371
v 98.00000000 -4.71779702 9.93586123
v 98.00000000 -5.58005721 9.49157082
v 98.00000000 -6.39937513 8.97531296
v 98.00000000 -7.17008253 8.39169012
v 98.00000000 -7.88694579 7.74546810
v 98.00000000 -8.54497162 7.04146408
v 98.00000000 -9.13925483 6.28458179
v 98.00000000 -9.66494260 5.47996097
v 98.00000000 -10.11734836 4.63316818
v 98.00000000 -10.49219491 3.75034336
v 98.00000000 -10.78591717 2.83823497
v 98.00000000 -10.99593065 1.90409923
v 98.00000000 -11.12077920 0.95548927
v 98.00000000 -11.16011442 0.00000000
v 98.00000000 -11.11451442 -0.95495100
v 98.00000000 -10.98520376 -1.90224172
v 98.00000000 -10.77376831 -2.83503809
v 98.00000000 -10.48195943 -3.74668478
v 98.00000000 -10.11164885 -4.63055813
v 98.00000000 -9.66494260 -5.47996097
v 98.00000000 -9.14440625 -6.28812415
v 98.00000000 -8.55331565 -7.04833997
v 98.00000000 -7.89583938 -7.75420215
v 98.00000000 -7.17708401 -8.39988448
v 98.00000000 -6.40298219 -8.98037196
v 98.00000000 -5.58005721 -9.49157082
v 98.00000000 -4.71513929 -9.93026396
v 98.00000000 -3.81512123 -10.29393183
v 98.00000000 -2.88682252 -10.58050619
v 98.00000000 -1.93698781 -10.78814886
v 98.00000000 -0.97239401 -10.91513993
v 98.00000000 -0.00000000 -10.95992194
v 98.00000000 0.97294211 -10.92129233
v 98.00000000 1.93887925 -10.79868333
v 98.00000000 2.89007780 -10.59243712
v 98.00000000 3.81884664 -10.30398371
v 98.00000000 4.71779702 -9.93586123
v 98.00000000 5.58005721 -9.49157082
v 98.00000000 6.39937513 -8.97531296
v 98.00000000 7.17008253 -8.39169012
v 98.00000000 7.88694579 -7.74546810
v 98.00000000 8.54497162 -7.04146408
v 98.00000000 9.13925483 -6.28458179
v 98.00000000 9.66494260 -5.47996097
v 98.00000000 10.11734836 -4.63316818
v 98.00000000 10.49219491 -3.75034336
v 98.00000000 10.78591717 -2.83823497
v 98.00000000 10.99593065 -1.90409923
v 98.00000000 11.12077920 -0.95548927
v 98.00000000 11.16011442 -0.00000000
v 98.00000000 11.11451442 0.95495100
v 98.00000000 10.98520376 1.90224172
v 98.00000000 10.77376831 2.83503809
v 98.00000000 10.48195943 3.74668478
v 98.00000000 10.11164885 4.63055813
v 98.00000000 9.66494260 5.47996097
v 98.00000000 9.14440625 6.28812415
v 98.00000000 8.55331565 7.04833997
v 98.00000000 7.89583938 7.75420215
v 98.00000000 7.17708401 8.39988448
v 98.00000000 6.40298219 8.98037196
v 98.00000000 5.58005721 9.49157082
v 98.00000000 4.71513929 9.93026396
v 98.00000000 3.81512123 10.29393183
v 98.00000000 2.88682252 10.58050619
v 98.00000000 1.93698781 10.78814886
v 98.00000000 0.97239401 10.91513993
v 100.00000000 0.00000000 10.95840322
v 100.00000000 -0.97354836 10.91983925
v 100.00000000 -1.94009522 10.79729019
v 100.00000000 -2.89189458 10.59108624
v 100.00000000 -3.82124162 10.30265439
v 100.00000000 -4.72073671 9.93453927
v 100.00000000 -5.58350335 9.49025558
v 100.00000000 -6.40329189 8.97401968
v 100.00000000 -7.17444198 8.39044698
v 100.00000000 -7.89172941 7.74430923
v 100.00000000 -8.55016701 7.04042097
v 100.00000000 -9.14484856 6.28367623
v 100.00000000 -9.67091149 5.47920161
v 100.00000000 -10.12365254 4.63255174
v 100.00000000 -10.49877507 3.74985953
v 100.00000000 -10.79269750 2.83787301
v 100.00000000 -11.00282673 1.90385358
v 100.00000000 -11.12770863 0.95536214
v 100.00000000 -11.16700670 0.00000000
v 100.00000000 -11.12131711 -0.95481340
v 100.00000000 -10.99188283 -1.90195992
v 100.00000000 -10.78030286 -2.83461391
v 100.00000000 -10.48833252 -3.74612975
v 100.00000000 -10.11783773 -4.62989090
v 100.00000000 -9.67091149 -5.47920161
v 100.00000000 -9.15010418 -6.28728751
v 100.00000000 -8.55867985 -7.04743066
v 100.00000000 -7.90080292 -7.75321324
v 100.00000000 -7.18158511 -8.39880081
v 100.00000000 -6.40697193 -8.97917713
v 100.00000000 -5.58350335 -9.49025558
v 100.00000000 -4.71802522 -9.92883308
v 100.00000000 -3.81744084 -10.29240690
v 100.00000000 -2.88857344 -10.57892314
v 100.00000000 -1.93816551 -10.78655072
v 100.00000000 -0.97298917 -10.91356713
v 100.00000000 -0.00000000 -10.95840322
v 100.00000000 0.97354836 -10.91983925
v 100.00000000 1.94009522 -10.79729019
v 100.00000000 2.89189458 -10.59108624
v 100.00000000 3.82124162 -10.30265439
v 100.00000000 4.72073671 -9.93453927
v 100.00000000 5.58350335 -9.49025558
v 100.00000000 6.40329189 -8.97401968
v 100.00000000 7.17444198 -8.39044698
v 100.00000000 7.89172941 -7.74430923
v 100.00000000 8.55016701 -7.04042097
v 100.00000000 9.14484856 -6.28367623
v 100.00000000 9.67091149 -5.47920161
v 100.00000000 10.12365254 -4.63255174
v 100.00000000 10.49877507 -3.74985953
v 100.00000000 10.79269750 -2.83787301
v 100.00000000 11.00282673 -1.90385358
v 100.00000000 11.12770863 -0.95536214
v 100.00000000 11.16700670 -0.00000000
v 100.00000000 11.12131711 0.95481340
v 100.00000000 10.99188283 1.90195992
v 100.00000000 10.78030286 2.83461391
v 100.00000000 10.48833252 3.74612975
v 100.00000000 10.11783773 4.62989090
v 100.00000000 9.67091149 5.47920161
v 100.00000000 9.15010418 6.28728751
v 100.00000000 8.55867985 7.04743066
v 100.00000000 7.90080292 7.75321324
v 100.00000000 7.18158511 8.39880081
v 100.00000000 6.40697193 8.97917713
v 100.00000000 5.58350335 9.49025558
v 100.00000000 4.71802522 9.92883308
v 100.00000000 3.81744084 10.29240690
v 100.00000000 2.88857344 10.57892314
v 100.00000000 1.93816551 10.78655072
v 100.00000000 0.97298917 10.91356713
v 100.09378325 0.00000000 10.74649614
v 100.09352507 -0.97308565 10.71691140
v 100.09252746 -1.94026320 10.60259645
v 100.09077905 -2.89273954 10.40224877
v 100.08828867 -3.82157248 10.11687978
v 100.08508628 -4.71849302 9.74992165
v 100.08121868 -5.57656200 9.30673866
v 100.07674159 -6.39041144 8.79371518
v 100.07171069 -7.15597291 8.21723135
v 100.06617467 -7.86978783 7.58286598
v 100.06017241 -8.52815643 6.89507579
v 100.05373504 -9.12645336 6.15742565
v 100.04689163 -9.65888872 5.37324807
v 100.03967638 -10.11884094 4.54646313
v 100.03213445 -10.49968410 3.68224310
v 100.02432417 -10.79585094 2.78727416
v 100.01631509 -11.00377940 1.86952382
v 100.00818238 -11.12241983 0.93760826
v 100.00000000 -11.15312400 0.00000000
v 99.99183489 -11.09894617 -0.93562945
v 99.98374451 -10.96358657 -1.86269512
v 99.97577839 -10.75033010 -2.77552158
v 99.96798293 -10.46133255 -3.66879320
v 99.96040735 -10.09748532 -4.53686791
v 99.95310837 -9.65888872 -5.37324807
v 99.94615131 -9.14575530 -6.17044827
v 99.93960699 -8.55942090 -6.92035334
v 99.93354512 -7.90311140 -7.61497462
v 99.92802641 -7.18220692 -8.24735596
v 99.92309611 -6.40392680 -8.81231340
v 99.91878132 -5.57656200 -9.30673866
v 99.91509330 -4.70853473 -9.72934463
v 99.91203381 -3.80761366 -10.07992647
v 99.90960372 -2.88054227 -10.35838756
v 99.90781051 -1.93317612 -10.56386899
v 99.90667231 -0.97103197 -10.69429356
v 99.90621675 -0.00000000 -10.74649614
v 99.90647493 0.97308565 -10.71691140
v 99.90747254 1.94026320 -10.60259645
v 99.90922095 2.89273954 -10.40224877
v 99.91171133 3.82157248 -10.11687978
v 99.91491372 4.71849302 -9.74992165
v 99.91878132 5.57656200 -9.30673866
v 99.92325841 6.39041144 -8.79371518
v 99.92828931 7.15597291 -8.21723135
v 99.93382533 7.86978783 -7.58286598
v 99.93982759 8.52815643 -6.89507579
v 99.94626496 9.12645336 -6.15742565
v 99.95310837 9.65888872 -5.37324807
v 99.96032362 10.11884094 -4.54646313
v 99.96786555 10.49968410 -3.68224310
v 99.97567583 10.79585094 -2.78727416
v 99.98368491 11.00377940 -1.86952382
v 99.99181762 11.12241983 -0.93760826
v 100.00000000 11.15312400 -0.00000000
v 100.00816511 11.09894617 0.93562945
v 100.01625549 10.96358657 1.86269512
v 100.02422161 10.75033010 2.77552158
v 100.03201707 10.46133255 3.66879320
v 100.03959265 10.09748532 4.53686791
v 100.04689163 9.65888872 5.37324807
v 100.05384869 9.14575530 6.17044827
v 100.06039301 8.55942090 6.92035334
v 100.06645488 7.90311140 7.61497462
v 100.07197359 7.18220692 8.24735596
v 100.07690389 6.40392680 8.81231340
v 100.08121868 5.57656200 9.30673866
v 100.08490670 4.70853473 9.72934463
v 100.08796619 3.80761366 10.07992647
v 100.09039628 2.88054227 10.35838756
v 100.09218949 1.93317612 10.56386899
v 100.09332769 0.97103197 10.69429356
v 101.06627818 0.00000000 10.72104397
v 101.06552041 -0.97293617 10.69210620
v 101.06254326 -1.94004409 10.57841342
v 101.05730960 -2.89245590 10.37854770
v 101.04984511 -3.82114092 10.09349062
v 101.04024131 -4.71776821 9.72673621
v 101.02864205 -5.57539490 9.28377821
v 101.01521848 -6.38871747 8.77115270
v 101.00014089 -7.15378320 8.19536296
v 100.98355683 -7.86726169 7.56204320
v 100.96558229 -8.52554682 6.87562327
v 100.94630813 -9.12403411 6.13957255
v 100.92581823 -9.65686724 5.35709513
v 100.90421220 -10.11728658 4.53199381
v 100.88162362 -10.49849839 3.66937098
v 100.85822742 -10.79479238 2.77590621
v 100.83423348 -11.00253677 1.85961448
v 100.80986930 -11.12071130 0.92918399
v 100.78535829 -11.15078980 -0.00685372
v 100.76090174 -11.09600406 -0.94081180
v 100.73667103 -10.96023173 -1.86614529
v 100.71281259 -10.74687933 -2.77726227
v 100.68946310 -10.45813139 -3.66894323
v 100.66676845 -10.09480868 -4.53561714
v 100.64489835 -9.65686724 -5.37080256
v 100.62405007 -9.14435041 -6.16696611
v 100.60443865 -8.55845431 -6.91589616
v 100.58627612 -7.90233648 -7.60949521
v 100.56974665 -7.18139585 -8.24072987
v 100.55498628 -6.40294309 -8.80440595
v 100.54207453 -5.57539490 -9.29748565
v 100.53104155 -4.70728659 -9.71881822
v 100.52188842 -3.80644853 -10.06836197
v 100.51461405 -2.87961764 -10.34615918
v 100.50923910 -1.93258457 -10.55142022
v 100.50581861 -0.97077457 -10.68204341
v 100.50443840 -0.00000000 -10.73475141
v 100.50519616 0.97293617 -10.70581363
v 100.50817331 1.94004409 -10.59212085
v 100.51340698 2.89245590 -10.39225514
v 100.52087146 3.82114092 -10.10719806
v 100.53047527 4.71776821 -9.74044365
v 100.54207453 5.57539490 -9.29748565
v 100.55549810 6.38871747 -8.78486014
v 100.57057569 7.15378320 -8.20907040
v 100.58715975 7.86726169 -7.57575063
v 100.60513429 8.52554682 -6.88933071
v 100.62440845 9.12403411 -6.15327999
v 100.64489835 9.65686724 -5.37080256
v 100.66650438 10.11728658 -4.54570124
v 100.68909296 10.49849839 -3.68307841
v 100.71248916 10.79479238 -2.78961364
v 100.73648310 11.00253677 -1.87332191
v 100.76084728 11.12071130 -0.94289142
v 100.78535829 11.15078980 -0.00685372
v 100.80981484 11.09600406 0.92710436
v 100.83404555 10.96023173 1.85243786
v 100.85790399 10.74687933 2.76355483
v 100.88125348 10.45813139 3.65523580
v 100.90394813 10.09480868 4.52190970
v 100.92581823 9.65686724 5.35709513
v 100.94666651 9.14435041 6.15325867
v 100.96627793 8.55845431 6.90218872
v 100.98444046 7.90233648 7.59578778
v 101.00096992 7.18139585 8.22702243
v 101.01573030 6.40294309 8.79069851
v 101.02864205 5.57539490 9.28377821
v 101.03967503 4.70728659 9.70511078
v 101.04882816 3.80644853 10.05465453
v 101.05610253 2.87961764 10.33245175
v 101.06147748 1.93258457 10.53771279
v 101.06489797 0.97077457 10.66833597
v 102.03811450 0.00000000 10.68323879
v 102.03687124 -0.97278295 10.65476345
v 102.03192822 -1.93979374 10.54154968
v 102.02322004 -2.89211273 10.34209968
v 102.01078864 -3.82064783 10.05737382
v 101.99478839 -4.71702523 9.69090786
v 101.97546300 -5.57429981 9.24828357
v 101.95310234 -6.38721336 8.73614015
v 101.92799397 -7.15189425 8.16106409
v 101.90038549 -7.86510185 7.52872596
v 101.87046942 -8.52329566 6.84353514
v 101.83839425 -9.12188602 6.10889304
v 101.80429593 -9.65497048 5.32791300
v 101.76833684 -10.11569325 4.50431456
v 101.73073756 -10.49714365 3.64314936
v 101.69178939 -10.79351166 2.75108971
v 101.65184359 -11.00111698 1.83618046
v 101.61128153 -11.11895995 0.90715654
v 101.57047735 -11.14859961 -0.02741278
v 101.52976700 -11.09339171 -0.95983305
v 101.48943491 -10.95733769 -1.88358980
v 101.44972259 -10.74392893 -2.79315152
v 101.41085491 -10.45536993 -3.68336781
v 101.37307284 -10.09243204 -4.54871934
v 101.33665878 -9.65497048 -5.38273857
v 101.30194295 -9.14291031 -6.17786168
v 101.26928669 -8.55734990 -6.92581311
v 101.23904670 -7.90139893 -7.61842275
v 101.21153230 -7.18046915 -8.24860615
v 101.18697049 -6.40193472 -8.81116411
v 101.16549170 -5.57429981 -9.30310914
v 101.14714202 -4.70617835 -9.72338598
v 101.13191829 -3.80544344 -10.07206667
v 101.11981445 -2.87882708 -10.34929026
v 101.11086284 -1.93207427 -10.55431573
v 101.10515595 -0.97054601 -10.68502517
v 101.10284020 -0.00000000 -10.73806436
v 101.10408346 0.97278295 -10.70958902
v 101.10902648 1.93979374 -10.59637525
v 101.11773466 2.89211273 -10.39692524
v 101.13016606 3.82064783 -10.11219939
v 101.14616631 4.71702523 -9.74573343
v 101.16549170 5.57429981 -9.30310914
v 101.18785237 6.38721336 -8.79096572
v 101.21296073 7.15189425 -8.21588965
v 101.24056921 7.86510185 -7.58355153
v 101.27048529 8.52329566 -6.89836071
v 101.30256045 9.12188602 -6.16371861
v 101.33665878 9.65497048 -5.38273857
v 101.37261786 10.11569325 -4.55914013
v 101.41021715 10.49714365 -3.69797493
v 101.44916531 10.79351166 -2.80591527
v 101.48911111 11.00111698 -1.89100603
v 101.52967317 11.11895995 -0.96198211
v 101.57047735 11.14859961 -0.02741278
v 101.61118770 11.09339171 0.90500748
v 101.65151979 10.95733769 1.82876423
v 101.69123211 10.74392893 2.73832595
v 101.73009980 10.45536993 3.62854224
v 101.76788186 10.09243204 4.49389377
v 101.80429593 9.65497048 5.32791300
v 101.83901175 9.14291031 6.12303611
v 101.87166801 8.55734990 6.87098754
v 101.90190800 7.90139893 7.56359719
v 101.92942241 7.18046915 8.19378058
v 101.95398422 6.40193472 8.75633854
v 101.97546300 5.57429981 9.24828357
v 101.99381268 4.70617835 9.66856042
v 102.00903641 3.80544344 10.01724110
v 102.02114026 2.87882708 10.29446470
v 102.03009186 1.93207427 10.49949017
v 102.03579876 0.97054601 10.63019960
v 103.00907493 0.00000000 10.63042987
v 103.00735711 -0.97270049 10.60234371
v 103.00045946 -1.93967449 10.48956809
v 102.98828642 -2.89195955 10.29054067
v 102.97089565 -3.82041295 10.00620416
v 102.94850540 -4.71662542 9.64012685
v 102.92146132 -5.57364970 9.19795998
v 102.89017445 -6.38626444 8.68642414
v 102.85505161 -7.15066416 8.11217090
v 102.81644132 -7.86368158 7.48089817
v 102.77461212 -8.52182971 6.79699674
v 102.72976857 -9.12053083 6.06381118
v 102.68209648 -9.65384447 5.28437947
v 102.63181911 -10.11483586 4.46235167
v 102.57924276 -10.49649832 3.60273592
v 102.52477499 -10.79293998 2.71219580
v 102.46890914 -11.00044067 1.79879718
v 102.41218156 -11.11801752 0.87130945
v 102.35511803 -11.14729941 -0.06167094
v 102.29818936 -11.09174361 -0.99244652
v 102.24179229 -10.95545310 -1.91453046
v 102.18626199 -10.74198880 -2.82244284
v 102.13190989 -10.45357167 -3.71109178
v 102.07907085 -10.09093265 -4.57500245
v 102.02813958 -9.65384447 -5.40772134
v 101.97958003 -9.14213537 -6.20166298
v 101.93390133 -8.55682383 -6.94850310
v 101.89160660 -7.90098043 -7.64001580
v 101.85313152 -7.18002772 -8.26907791
v 101.81879418 -6.40139210 -8.83048833
v 101.78877474 -5.57364970 -9.32130186
v 101.76313294 -4.70547917 -9.74054160
v 101.74185870 -3.80478893 -10.08837230
v 101.72493870 -2.87830722 -10.36501195
v 101.71241580 -1.93174197 -10.56975945
v 101.70442031 -0.97040182 -10.70048456
v 101.70116113 -0.00000000 -10.75377174
v 101.70287895 0.97270049 -10.72568558
v 101.70977661 1.93967449 -10.61290996
v 101.72194964 2.89195955 -10.41388254
v 101.73934041 3.82041295 -10.12954603
v 101.76173066 4.71662542 -9.76346872
v 101.78877474 5.57364970 -9.32130186
v 101.82006161 6.38626444 -8.80976601
v 101.85518445 7.15066416 -8.23551278
v 101.89379474 7.86368158 -7.60424004
v 101.93562395 8.52182971 -6.92033861
v 101.98046749 9.12053083 -6.18715305
v 102.02813958 9.65384447 -5.40772134
v 102.07841695 10.11483586 -4.58569354
v 102.13099331 10.49649832 -3.72607779
v 102.18546107 10.79293998 -2.83553768
v 102.24132693 11.00044067 -1.92213906
v 102.29805451 11.11801752 -0.99465133
v 102.35511803 11.14729941 -0.06167094
v 102.41204670 11.09174361 0.86910465
v 102.46844377 10.95545310 1.79118859
v 102.52397407 10.74198880 2.69910097
v 102.57832617 10.45357167 3.58774991
v 102.63116521 10.09093265 4.45166058
v 102.68209648 9.65384447 5.28437947
v 102.73065603 9.14213537 6.07832110
v 102.77633473 8.55682383 6.82516123
v 102.81862946 7.90098043 7.51667393
v 102.85710455 7.18002772 8.14573604
v 102.89144188 6.40139210 8.70714646
v 102.92146132 5.57364970 9.19795998
v 102.94710312 4.70547917 9.61719972
v 102.96837736 3.80478893 9.96503043
v 102.98529736 2.87830722 10.24167008
v 102.99782026 1.93174197 10.44641758
v 103.00581575 0.97040182 10.57714269
v 103.97909552 0.00000000 10.56428294
v 103.97690460 -0.97262451 10.53644467
v 103.96805529 -1.93954960 10.42400352
v 103.95242173 -2.89178787 10.22536030
v 103.93007724 -3.82016697 9.94144668
v 103.90130398 -4.71625699 9.57584764
v 103.86654960 -5.57310958 9.13425141
v 103.82634643 -6.38552527 8.62342178
v 103.78122063 -7.14973772 8.05004408
v 103.73162158 -7.86262293 7.41982835
v 103.67789374 -8.52072561 6.73715148
v 103.62029754 -9.11947519 6.00532236
v 103.55906842 -9.65290895 5.22733260
v 103.49449023 -10.11404575 4.40678894
v 103.42695485 -10.49582250 3.54867053
v 103.35698594 -10.79229925 2.65963128
v 103.28521885 -10.99973240 1.74774389
v 103.21234486 -11.11714905 0.82179203
v 103.13904132 -11.14621917 -0.10961774
v 103.06591376 -11.09045982 -1.03879145
v 102.99347109 -10.95403370 -1.95926291
v 102.92214189 -10.74054267 -2.86558628
v 102.85232393 -10.45221730 -3.75270755
v 102.78444574 -10.08976470 -4.61518176
v 102.71901422 -9.65290895 -5.44656808
v 102.65662695 -9.14142124 -6.23927346
v 102.59794088 -8.55627289 -6.98495073
v 102.54360553 -7.90051138 -7.67534676
v 102.49418292 -7.17956543 -8.30332053
v 102.45008220 -6.40089206 -8.86367334
v 102.41153304 -5.57310958 -9.35348688
v 102.37860865 -4.70493455 -9.77183097
v 102.35129177 -3.80429598 -10.11892472
v 102.32956163 -2.87791973 -10.39503237
v 102.31347151 -1.93149169 -10.59947677
v 102.30318952 -0.97028951 -10.73012186
v 102.29898712 -0.00000000 -10.78351842
v 102.30117804 0.97262451 -10.75568014
v 102.31002735 1.93954960 -10.64323900
v 102.32566091 2.89178787 -10.44459577
v 102.34800539 3.82016697 -10.16068216
v 102.37677866 4.71625699 -9.79508312
v 102.41153304 5.57310958 -9.35348688
v 102.45173620 6.38552527 -8.84265726
v 102.49686201 7.14973772 -8.26927955
v 102.54646106 7.86262293 -7.63906382
v 102.60018889 8.52072561 -6.95638696
v 102.65778510 9.11947519 -6.22455784
v 102.71901422 9.65290895 -5.44656808
v 102.78359240 10.11404575 -4.62602442
v 102.85112779 10.49582250 -3.76790601
v 102.92109669 10.79229925 -2.87886676
v 102.99286379 10.99973240 -1.96697937
v 103.06573778 11.11714905 -1.04102751
v 103.13904132 11.14621917 -0.10961774
v 103.21216888 11.09045982 0.81955597
v 103.28461155 10.95403370 1.74002743
v 103.35594075 10.74054267 2.64635081
v 103.42575870 10.45221730 3.53347207
v 103.49363690 10.08976470 4.39594629
v 103.55906842 9.65290895 5.22733260
v 103.62145569 9.14142124 6.02003799
v 103.68014176 8.55627289 6.76571525
v 103.73447711 7.90051138 7.45611128
v 103.78389971 7.17956543 8.08408505
v 103.82800044 6.40089206 8.64443787
v 103.86654960 5.57310958 9.13425141
v 103.89947399 4.70493455 9.55259549
v 103.92679086 3.80429598 9.89968925
v 103.94852101 2.87791973 10.17579689
v 103.96461113 1.93149169 10.38024129
v 103.97489312 0.97028951 10.51088639
v 104.94799831 0.00000000 10.48407381
v 104.94533105 -0.97254303 10.45637326
v 104.93452918 -1.93939901 10.34419150
v 104.91543727 -2.89156982 10.14591447
v 104.88814448 -3.81987035 9.86246802
v 104.85299638 -4.71586186 9.49744104
v 104.81054173 -5.57259587 9.05653263
v 104.76143302 -6.38488292 8.54651921
v 104.70631480 -7.14897434 7.97409454
v 104.64573685 -7.86176564 7.34496849
v 104.58011961 -8.51981585 6.66350744
v 104.50977986 -9.11855781 5.93300114
v 104.43500337 -9.65201917 5.15641761
v 104.35613524 -10.11319839 4.33734077
v 104.27365319 -10.49500754 3.48073196
v 104.18819688 -10.79148547 2.59323424
v 104.10054315 -10.99887832 1.68291545
v 104.01153755 -11.11621765 0.75855697
v 103.92200842 -11.14519173 -0.17123859
v 103.83269573 -11.08934417 -1.09878636
v 103.74422060 -10.95286413 -2.01763571
v 103.65710543 -10.73937159 -2.92236131
v 103.57183477 -10.45110131 -3.80793099
v 103.48893111 -10.08874971 -4.66891844
v 103.40901348 -9.65201917 -5.49889478
v 103.33281261 -9.14065537 -6.29027108
v 103.26113244 -8.55560853 -7.03469813
v 103.19476803 -7.89991566 -7.72391881
v 103.13440709 -7.17900797 -8.35079115
v 103.08054959 -6.40035579 -8.91012265
v 103.03347512 -5.57259587 -9.39900980
v 102.99327113 -4.70446125 -9.81654415
v 102.95991423 -3.80388979 -10.16296883
v 102.93337701 -2.87760594 -10.43856839
v 102.91372358 -1.93128546 -10.64267701
v 102.90115968 -0.97019190 -10.77315816
v 102.89601854 -0.00000000 -10.82655098
v 102.89868579 0.97254303 -10.79885044
v 102.90948767 1.93939901 -10.68666867
v 102.92857958 2.89156982 -10.48839164
v 102.95587236 3.81987035 -10.20494519
v 102.99102047 4.71586186 -9.83991821
v 103.03347512 5.57259587 -9.39900980
v 103.08258382 6.38488292 -8.88899638
v 103.13770205 7.14897434 -8.31657171
v 103.19828000 7.86176564 -7.68744566
v 103.26389723 8.51981585 -7.00598461
v 103.33423699 9.11855781 -6.27547831
v 103.40901348 9.65201917 -5.49889478
v 103.48788161 10.11319839 -4.67981794
v 103.57036366 10.49500754 -3.82320913
v 103.65581997 10.79148547 -2.93571142
v 103.74347370 10.99887832 -2.02539262
v 103.83247929 11.11621765 -1.10103414
v 103.92200842 11.14519173 -0.17123859
v 104.01132112 11.08934417 0.75630919
v 104.09979625 10.95286413 1.67515853
v 104.18691141 10.73937159 2.57988414
v 104.27218207 10.45110131 3.46545381
v 104.35508574 10.08874971 4.32644127
v 104.43500337 9.65201917 5.15641761
v 104.51120424 9.14065537 5.94779391
v 104.58288441 8.55560853 6.69222096
v 104.64924881 7.89991566 7.38144164
v 104.70960976 7.17900797 8.00831398
v 104.76346725 6.40035579 8.56764548
v 104.81054173 5.57259587 9.05653263
v 104.85074572 4.70446125 9.47406698
v 104.88410262 3.80388979 9.82049166
v 104.91063984 2.87760594 10.09609121
v 104.93029326 1.93128546 10.30019984
v 104.94285717 0.97019190 10.43068099
v 105.91508640 0.00000000 10.38497766
v 105.91195633 -0.97248767 10.35750537
v 105.89921690 -1.93931083 10.24569287
v 105.87668089 -2.89145047 10.04789684
v 105.84445265 -3.81969668 9.76503323
v 105.80294233 -4.71559342 9.40070184
v 105.75280222 -5.57219125 8.96062776
v 105.69480785 -6.38431894 8.45161770
v 105.62972444 -7.14826040 7.88038793
v 105.55820316 -7.86094730 7.25265370
v 105.48073978 -8.51896502 6.57276630
v 105.39770543 -9.11775236 5.84398317
v 105.30943362 -9.65131836 5.06923147
v 105.21632827 -10.11262272 4.25205625
v 105.11895143 -10.49453039 3.39739074
v 105.01805847 -10.79104005 2.51186455
v 104.91456848 -10.99837826 1.60354457
v 104.80948250 -11.11558489 0.68121684
v 104.70378085 -11.14438250 -0.24651471
v 104.59833804 -11.08836464 -1.17197439
v 104.49388647 -10.95177032 -2.08873398
v 104.39104057 -10.73825370 -2.99140085
v 104.29036964 -10.45005761 -3.87497834
v 104.19248857 -10.08785857 -4.73406940
v 104.09812807 -9.65131836 -5.56226089
v 104.00815279 -9.14013506 -6.35196383
v 103.92351538 -8.55521956 -7.09481683
v 103.84515842 -7.89958958 -7.78254699
v 103.77389667 -7.17868158 -8.40800337
v 103.71032102 -6.39999147 -8.96599971
v 103.65475947 -5.57219125 -9.45365718
v 103.60731103 -4.70404570 -9.87010680
v 103.56794288 -3.80350992 -10.21563661
v 103.53661826 -2.87730641 -10.49056926
v 103.51341071 -1.93109259 -10.69425935
v 103.49856399 -0.97010620 -10.82456728
v 103.49247530 -0.00000000 -10.87800707
v 103.49560537 0.97248767 -10.85053479
v 103.50834479 1.93931083 -10.73872228
v 103.53088081 2.89145047 -10.54092625
v 103.56310904 3.81969668 -10.25806265
v 103.60461936 4.71559342 -9.89373125
v 103.65475947 5.57219125 -9.45365718
v 103.71275384 6.38431894 -8.94464712
v 103.77783725 7.14826040 -8.37341734
v 103.84935853 7.86094730 -7.74568311
v 103.92682192 8.51896502 -7.06579571
v 104.00985627 9.11775236 -6.33701259
v 104.09812807 9.65131836 -5.56226089
v 104.19123343 10.11262272 -4.74508566
v 104.28861026 10.49453039 -3.89042016
v 104.38950323 10.79104005 -3.00489397
v 104.49299322 10.99837826 -2.09657399
v 104.59807919 11.11558489 -1.17424625
v 104.70378085 11.14438250 -0.24651471
v 104.80922366 11.08836464 0.67894497
v 104.91367522 10.95177032 1.59570456
v 105.01652112 10.73825370 2.49837143
v 105.11719206 10.45005761 3.38194893
v 105.21507312 10.08785857 4.24103998
v 105.30943362 9.65131836 5.06923147
v 105.39940891 9.14013506 5.85893442
v 105.48404632 8.55521956 6.60178742
v 105.56240327 7.89958958 7.28951758
v 105.63366502 7.17868158 7.91497395
v 105.69724067 6.39999147 8.47297029
v 105.75280222 5.57219125 8.96062776
v 105.80025067 4.70404570 9.37707738
v 105.83961882 3.80350992 9.72260719
v 105.87094343 2.87730641 9.99753984
v 105.89415099 1.93109259 10.20122993
v 105.90899770 0.97010620 10.33153786
v 106.88032015 0.00000000 10.26976640
v 106.87673038 -0.97239950 10.24249939
v 106.86205928 -1.93915340 10.13106131
v 106.83608746 -2.89122577 9.93378580
v 106.79893438 -3.81938661 9.65158008
v 106.75107482 -4.71516591 9.28805064
v 106.69326486 -5.57161376 8.84894041
v 106.62640334 -6.38357421 8.34107677
v 106.55137636 -7.14735834 7.77119027
v 106.46893646 -7.85992780 7.14499704
v 106.37965449 -8.51788998 6.46683318
v 106.28395554 -9.11668879 5.73992749
v 106.18222030 -9.65031811 4.96717161
v 106.07491098 -10.11170592 4.15207636
v 105.96267358 -10.49367847 3.29954874
v 105.84637892 -10.79020146 2.41620308
v 105.72708825 -10.99748544 1.51010043
v 105.60595803 -11.11457716 0.59002513
v 105.48412045 -11.14322752 -0.33542318
v 105.36258439 -11.08707120 -1.25858122
v 105.24219318 -10.95038828 -2.17304326
v 105.12365278 -10.73686105 -3.07344701
v 105.00761674 -10.44873888 -3.95482818
v 104.89479200 -10.08668183 -4.81181721
v 104.78602061 -9.65031811 -5.63801797
v 104.68230105 -9.13930642 -6.42584620
v 104.58473476 -8.55452506 -7.16693574
v 104.49441191 -7.89897569 -7.85300590
v 104.41227432 -7.17809883 -8.47690282
v 104.33900367 -6.39941125 -9.03344868
v 104.27497605 -5.57161376 -9.51978676
v 104.22030150 -4.70349698 -9.93508116
v 104.17493727 -3.80302994 -10.27965670
v 104.13883677 -2.87693325 -10.55386722
v 104.11208271 -1.93084890 -10.75708453
v 104.09495691 -0.96999304 -10.88716787
v 104.08792076 -0.00000000 -10.94061276
v 104.09151053 0.97239950 -10.91334574
v 104.10618163 1.93915340 -10.80190766
v 104.13215344 2.89122577 -10.60463215
v 104.16930653 3.81938661 -10.32242643
v 104.21716609 4.71516591 -9.95889699
v 104.27497605 5.57161376 -9.51978676
v 104.34183757 6.38357421 -9.01192312
v 104.41686455 7.14735834 -8.44203662
v 104.49930445 7.85992780 -7.81584339
v 104.58858642 8.51788998 -7.13767953
v 104.68428536 9.11668879 -6.41077384
v 104.78602061 9.65031811 -5.63801797
v 104.89332993 10.11170592 -4.82292271
v 105.00556732 10.49367847 -3.97039509
v 105.12186198 10.79020146 -3.08704943
v 105.24115266 10.99748544 -2.18094678
v 105.36228287 11.11457716 -1.26087148
v 105.48412045 11.14322752 -0.33542318
v 105.60565652 11.08707120 0.58773487
v 105.72604773 10.95038828 1.50219691
v 105.84458813 10.73686105 2.40260065
v 105.96062416 10.44873888 3.28398183
v 106.07344891 10.08668183 4.14097086
v 106.18222030 9.65031811 4.96717161
v 106.28593986 9.13930642 5.75499985
v 106.38350615 8.55452506 6.49608939
v 106.47382899 7.89897569 7.18215955
v 106.55596658 7.17809883 7.80605647
v 106.62923724 6.39941125 8.36260233
v 106.69326486 5.57161376 8.84894041
v 106.74793940 4.70349698 9.26423481
v 106.79330363 3.80302994 9.60881035
v 106.82940413 2.87693325 9.88302087
v 106.85615820 1.93084890 10.08623818
v 106.87328400 0.96999304 10.21632152
v 107.84316513 0.00000000 10.13660307
v 107.83912884 -0.97233230 10.10959563
v 107.82254169 -1.93904366 9.99860837
v 107.79315000 -2.89107537 9.80194403
v 107.75108771 -3.81917045 9.52049869
v 107.69689533 -4.71484003 9.15788898
v 107.63143495 -5.57113320 8.71988334
v 107.55573136 -6.38291395 8.21333881
v 107.47079363 -7.14652899 7.64500719
v 107.37747652 -7.85897946 7.02060783
v 107.27642533 -8.51690160 6.34445850
v 107.16811715 -9.11574584 5.61975156
v 107.05297734 -9.64948576 4.84933308
v 106.93152405 -10.11100707 4.03667019
v 106.80448578 -10.49308459 3.18663723
v 106.67284839 -10.78964018 2.30583092
v 106.53781593 -10.99686304 1.40230761
v 106.40070136 -11.11380899 0.48485262
v 106.26278954 -11.14226641 -0.43793691
v 106.12522375 -11.08592444 -1.35841115
v 105.98895725 -10.94911765 -2.27019158
v 105.85478579 -10.73556559 -3.16795376
v 105.72344521 -10.44752646 -4.04677413
v 105.59573289 -10.08563855 -4.90131721
v 105.47260175 -9.64948576 -5.72520689
v 105.35518475 -9.13867477 -6.51086235
v 105.24473364 -8.55404093 -7.24990805
v 105.14248793 -7.89856481 -7.93405002
v 105.04951776 -7.17769259 -8.55612798
v 104.96659557 -6.39896897 -9.11097327
v 104.89414414 -5.57113320 -9.59575716
v 104.83228193 -4.70301049 -10.00968686
v 104.78095316 -3.80258865 -10.35313568
v 104.74009881 -2.87658613 -10.62649849
v 104.70980942 -1.93062486 -10.82916953
v 104.69040528 -0.96989271 -10.95900568
v 104.68241396 -0.00000000 -11.01247688
v 104.68645024 0.97233230 -10.98546945
v 104.70303740 1.93904366 -10.87448218
v 104.73242908 2.89107537 -10.67781784
v 104.77449137 3.81917045 -10.39637250
v 104.82868376 4.71484003 -10.03376279
v 104.89414414 5.57113320 -9.59575716
v 104.96984773 6.38291395 -9.08921262
v 105.05478545 7.14652899 -8.52088100
v 105.14810256 7.85897946 -7.89648165
v 105.24915376 8.51690160 -7.22033231
v 105.35746194 9.11574584 -6.49562538
v 105.47260175 9.64948576 -5.72520689
v 105.59405503 10.11100707 -4.91254400
v 105.72109331 10.49308459 -4.06251104
v 105.85273069 10.78964018 -3.18170473
v 105.98776316 10.99686304 -2.27818142
v 106.12487772 11.11380899 -1.36072643
v 106.26278954 11.14226641 -0.43793691
v 106.40035534 11.08592444 0.48253734
v 106.53662184 10.94911765 1.39431777
v 106.67079330 10.73556559 2.29207994
v 106.80213388 10.44752646 3.17090031
v 106.92984620 10.08563855 4.02544340
v 107.05297734 9.64948576 4.84933308
v 107.17039433 9.13867477 5.63498853
v 107.28084545 8.55404093 6.37403423
v 107.38309115 7.89856481 7.05817620
v 107.47606133 7.17769259 7.68025417
v 107.55898351 6.39896897 8.23509946
v 107.63143495 5.57113320 8.71988334
v 107.69329716 4.70301049 9.13381305
v 107.74462593 3.80258865 9.47726186
v 107.78548027 2.87658613 9.75062468
v 107.81576966 1.93062486 9.95329572
v 107.83517381 0.96989271 10.08313187
v 108.80301331 0.00000000 9.98401099
v 108.79855678 -0.97234481 9.95737981
v 108.78008173 -1.93910674 9.84697727
v 108.74729577 -2.89119022 9.65105608
v 108.70034609 -3.81929471 9.37049587
v 108.63984121 -4.71490069 9.00893300
v 108.56675415 -5.57105487 8.57218191
v 108.48224134 -6.38265191 8.06715329
v 108.38743942 -7.14609407 7.50063937
v 108.28330736 -7.85844414 6.87837067
v 108.17056367 -8.51638328 6.20464095
v 108.04973363 -9.11537160 5.48258912
v 107.92128212 -9.64935009 4.71499316
v 107.78577854 -10.11113716 3.90525573
v 107.64403093 -10.49342597 3.05820539
v 107.49713978 -10.79006879 2.18041847
v 107.34645347 -10.99722082 1.27995260
v 107.19344400 -11.11395198 0.36560406
v 107.03955093 -11.14210974 -0.55402467
v 106.88605225 -11.08546932 -1.47129659
v 106.73400941 -10.94845130 -2.37986878
v 106.58430448 -10.73483433 -3.27447018
v 106.43775162 -10.44689064 -4.15023554
v 106.29523573 -10.08522449 -5.00187690
v 106.15781974 -9.64935009 -5.82304250
v 106.02677269 -9.13879235 -6.60614876
v 105.90350013 -8.55431923 -7.34279655
v 105.78939494 -7.89887857 -8.02466228
v 105.68565831 -7.17792611 -8.64456795
v 105.59315371 -6.39905129 -9.19735362
v 105.51234771 -5.57105487 -9.68023126
v 105.44336184 -4.70281742 -10.09247455
v 105.38612091 -3.80235723 -10.43453282
v 105.34054805 -2.87639019 -10.70686552
v 105.30673888 -1.93050736 -10.90890116
v 105.28505303 -0.96985290 -11.03849069
v 105.27608855 -0.00000000 -11.09206033
v 105.28054508 0.97234481 -11.06542916
v 105.29902012 1.93910674 -10.95502662
v 105.33180609 2.89119022 -10.75910543
v 105.37875576 3.81929471 -10.47854522
v 105.43926064 4.71490069 -10.11698235
v 105.51234771 5.57105487 -9.68023126
v 105.59686051 6.38265191 -9.17520263
v 105.69166243 7.14609407 -8.60868871
v 105.79579450 7.85844414 -7.98642002
v 105.90853819 8.51638328 -7.31269030
v 106.02936822 9.11537160 -6.59063847
v 106.15781974 9.64935009 -5.82304250
v 106.29332331 10.11113716 -5.01330507
v 106.43507092 10.49342597 -4.16625474
v 106.58196208 10.79006879 -3.28846782
v 106.73264839 10.99722082 -2.38800194
v 106.88565786 11.11395198 -1.47365340
v 107.03955093 11.14210974 -0.55402467
v 107.19304960 11.08546932 0.36324725
v 107.34509244 10.94845130 1.27181943
v 107.49479738 10.73483433 2.16642083
v 107.64135024 10.44689064 3.04218619
v 107.78386612 10.08522449 3.89382755
v 107.92128212 9.64935009 4.71499316
v 108.05232916 9.13879235 5.49809941
v 108.17560173 8.55431923 6.23474721
v 108.28970692 7.89887857 6.91661293
v 108.39344355 7.17792611 7.53651860
v 108.48594814 6.39905129 8.08930427
v 108.56675415 5.57105487 8.57218191
v 108.63574002 4.70281742 8.98442521
v 108.69298094 3.80235723 9.32648348
v 108.73855380 2.87639019 9.59881618
v 108.77236298 1.93050736 9.80085182
v 108.79404883 0.96985290 9.93044135
v 109.75975230 0.00000000 9.81378244
v 109.75489445 -0.97231082 9.78757179
v 109.73455335 -1.93908197 9.67782107
v 109.69839479 -2.89117672 9.48272691
v 109.64657838 -3.81924592 9.20315057
v 109.57978219 -4.71473590 8.84275058
v 109.49909343 -5.57069102 8.40739302
v 109.40580409 -6.38204076 7.90404880
v 109.30118146 -7.14525024 7.33955559
v 109.18628997 -7.85745188 6.71965655
v 109.06192045 -8.51537764 6.04861867
v 108.92864359 -9.11449880 5.32952110
v 108.78696015 -9.64871987 4.56506566
v 108.63748741 -10.11078376 3.75858295
v 108.48111083 -10.49329192 2.91485041
v 108.31904504 -10.79001842 2.04042167
v 108.15278375 -10.99708033 1.14335599
v 107.98395956 -11.11356354 0.23246218
v 107.81416800 -11.14138203 -0.68365111
v 107.64482187 -11.08440788 -1.59736105
v 107.47708941 -10.94715848 -2.50236442
v 107.31193650 -10.73347887 -3.39344979
v 107.15025278 -10.44565705 -4.26581704
v 106.99300850 -10.08425883 -5.11423129
v 106.84137584 -9.64871987 -5.93236789
v 106.69676096 -9.13847294 -6.71263996
v 106.56072547 -8.55420995 -7.44662177
v 106.43481825 -7.89884170 -8.12595635
v 106.32037337 -7.17783441 -8.74344569
v 106.21834537 -6.39882764 -9.29393951
v 106.12924256 -5.57069102 -9.77469525
v 106.05318577 -4.70236712 -10.18506096
v 105.99007594 -3.80190824 -10.52557112
v 105.93981453 -2.87602700 -10.79675745
v 105.90250033 -1.93027940 -10.99808683
v 105.87853290 -0.96976003 -11.12740350
v 105.86858369 -0.00000000 -11.18108467
v 105.87344154 0.97231082 -11.15487402
v 105.89378264 1.93908197 -11.04512330
v 105.92994120 2.89117672 -10.85002913
v 105.98175761 3.81924592 -10.57045280
v 106.04855380 4.71473590 -10.21005281
v 106.12924256 5.57069102 -9.77469525
v 106.22253190 6.38204076 -9.27135102
v 106.32715453 7.14525024 -8.70685781
v 106.44204602 7.85745188 -8.08695877
v 106.56641554 8.51537764 -7.41592090
v 106.69969240 9.11449880 -6.69682333
v 106.84137584 9.64871987 -5.93236789
v 106.99084858 10.11078376 -5.12588518
v 107.14722516 10.49329192 -4.28215264
v 107.30929095 10.79001842 -3.40772389
v 107.47555224 10.99708033 -2.51065822
v 107.64437643 11.11356354 -1.59976441
v 107.81416800 11.14138203 -0.68365111
v 107.98351412 11.08440788 0.23005882
v 108.15124658 10.94715848 1.13506219
v 108.31639949 10.73347887 2.02614756
v 108.47808321 10.44565705 2.89851482
v 108.63532749 10.08425883 3.74692906
v 108.78696015 9.64871987 4.56506566
v 108.93157503 9.13847294 5.34533773
v 109.06761052 8.55420995 6.07931954
v 109.19351774 7.89884170 6.75865413
v 109.30796262 7.17783441 7.37614347
v 109.40999062 6.39882764 7.92663728
v 109.49909343 5.57069102 8.40739302
v 109.57515022 4.70236712 8.81775873
v 109.63826005 3.80190824 9.15826889
v 109.68852146 2.87602700 9.42945522
v 109.72583566 1.93027940 9.63078460
v 109.74980309 0.96976003 9.76010127
v 110.71390749 0.00000000 9.63023309
v 110.70863371 -0.97222945 9.60431163
v 110.68641793 -1.93894525 9.49511762
v 110.64688712 -2.89098680 9.30081745
v 110.59021401 -3.81897663 9.02226022
v 110.51714443 -4.71434133 8.66311177
v 110.42887617 -5.57012429 8.22925942
v 110.32683249 -6.38127603 7.72769869
v 110.21240779 -7.14429919 7.16528331
v 110.08677021 -7.85636781 6.54775487
v 109.95078331 -8.51424423 5.87935790
v 109.80506539 -9.11340664 5.16313144
v 109.65015614 -9.64773828 4.40172817
v 109.48672347 -10.10993761 3.59843094
v 109.31573170 -10.49255206 2.75797955
v 109.13850937 -10.78930963 1.88690394
v 108.95669377 -10.99630495 0.99325172
v 108.77207576 -11.11263347 0.08582524
v 108.58640479 -11.14024858 -0.82677674
v 108.40122761 -11.08307968 -1.73695168
v 108.21781984 -10.94570140 -2.63842968
v 108.03723294 -10.73199800 -3.52604266
v 107.86043415 -10.44426671 -4.39503646
v 107.68848049 -10.08305047 -5.24021570
v 107.52265344 -9.64773828 -6.05528166
v 107.36449456 -9.13770816 -6.83265743
v 107.21571856 -8.55360681 -7.56391481
v 107.07802704 -7.89832283 -8.24069026
v 106.95288455 -7.17732832 -8.85578524
v 106.84133612 -6.39829214 -9.40406327
v 106.74393341 -5.57012429 -9.88281291
v 106.66079991 -4.70180365 -10.29142712
v 106.59181684 -3.80140220 -10.63048973
v 106.53686752 -2.87563020 -10.90057428
v 106.49605564 -1.93002248 -11.10117110
v 106.46981990 -0.96964383 -11.23012388
v 106.45890210 -0.00000000 -11.28378658
v 106.46417588 0.97222945 -11.25786512
v 106.48639165 1.93894525 -11.14867111
v 106.52592246 2.89098680 -10.95437094
v 106.58259557 3.81897663 -10.67581371
v 106.65566515 4.71434133 -10.31666525
v 106.74393341 5.57012429 -9.88281291
v 106.84597709 6.38127603 -9.38125218
v 106.96040180 7.14429919 -8.81883680
v 107.08603938 7.85636781 -8.20130836
v 107.22202628 8.51424423 -7.53291139
v 107.36774420 9.11340664 -6.81668493
v 107.52265344 9.64773828 -6.05528166
v 107.68608611 10.10993761 -5.25198443
v 107.85707788 10.49255206 -4.41153304
v 108.03430022 10.78930963 -3.54045743
v 108.21611582 10.99630495 -2.64680521
v 108.40073382 11.11263347 -1.73937873
v 108.58640479 11.14024858 -0.82677674
v 108.77158198 11.08307968 0.08339819
v 108.95498975 10.94570140 0.98487619
v 109.13557665 10.73199800 1.87248917
v 109.31237544 10.44426671 2.74148297
v 109.48432909 10.08305047 3.58666221
v 109.65015614 9.64773828 4.40172817
v 109.80831503 9.13770816 5.17910394
v 109.95709102 8.55360681 5.91036132
v 110.09478254 7.89832283 6.58713677
v 110.21992503 7.17732832 7.20223175
v 110.33147346 6.39829214 7.75050978
v 110.42887617 5.57012429 8.22925942
v 110.51200967 4.70180365 8.63787363
v 110.58099274 3.80140220 8.97693624
v 110.63594206 2.87563020 9.24702079
v 110.67675395 1.93002248 9.44761761
v 110.70298969 0.96964383 9.57657039
v 111.66481653 0.00000000 9.43092274
v 111.65912769 -0.97214856 9.40526202
v 111.63504332 -1.93880503 9.29662446
v 111.59215182 -2.89078923 9.10315338
v 111.53063902 -3.81870045 8.82568709
v 111.45131822 -4.71394909 8.46789409
v 111.35549727 -5.56957785 8.03567369
v 111.24473006 -6.38055467 7.53603512
v 111.12053757 -7.14341326 6.97583896
v 110.98419120 -7.85536200 6.36082028
v 110.83662702 -8.51318841 5.69520124
v 110.67851085 -9.11237643 4.98198529
v 110.51042131 -9.64679181 4.22378239
v 110.33307686 -10.10909645 3.42383324
v 110.14752047 -10.49179326 2.58684246
v 109.95519417 -10.78857229 1.71931460
v 109.75787831 -10.99550972 0.82928030
v 109.55752137 -11.11170888 -0.07447149
v 109.35602609 -11.13915570 -0.98335797
v 109.15507268 -11.08182681 -1.88980023
v 108.95604381 -10.94434406 -2.78756144
v 108.76007629 -10.73062405 -3.67151377
v 108.56821479 -10.44297156 -4.53694510
v 108.38160284 -10.08191065 -5.37869717
v 108.20163086 -9.64679181 -6.19049832
v 108.02997525 -9.13694789 -6.96478674
v 107.86850323 -8.55298823 -7.69313996
v 107.71906844 -7.89778306 -8.36719674
v 107.58326538 -7.17680927 -8.97976477
v 107.46222923 -6.39775979 -9.52572354
v 107.35655491 -5.56957785 -10.00238962
v 107.26636870 -4.70127214 -10.40919332
v 107.19153233 -3.80093080 -10.74675837
v 107.13191117 -2.87526205 -11.01569202
v 107.08761386 -1.92978314 -11.21550431
v 107.05911808 -0.96953422 -11.34404044
v 107.04723564 -0.00000000 -11.39763867
v 107.05292448 0.97214856 -11.37197795
v 107.07700885 1.93880503 -11.26334039
v 107.11990036 2.89078923 -11.06986931
v 107.18141315 3.81870045 -10.79240303
v 107.26073395 4.71394909 -10.43461002
v 107.35655491 5.56957785 -10.00238962
v 107.46732211 6.38055467 -9.50275105
v 107.59151461 7.14341326 -8.94255490
v 107.72786097 7.85536200 -8.32753621
v 107.87542516 8.51318841 -7.66191718
v 108.03354133 9.11237643 -6.94870123
v 108.20163086 9.64679181 -6.19049832
v 108.37897532 10.10909645 -5.39054918
v 108.56453171 10.49179326 -4.55355840
v 108.75685800 10.78857229 -3.68603054
v 108.95417386 10.99550972 -2.79599623
v 109.15453081 11.11170888 -1.89224445
v 109.35602609 11.13915570 -0.98335797
v 109.55697950 11.08182681 -0.07691570
v 109.75600837 10.94434406 0.82084550
v 109.95197588 10.73062405 1.70479784
v 110.14383739 10.44297156 2.57022916
v 110.33044933 10.08191065 3.41198124
v 110.51042131 9.64679181 4.22378239
v 110.68207692 9.13694789 4.99807080
v 110.84354894 8.55298823 5.72642403
v 110.99298373 7.89778306 6.40048081
v 111.12878679 7.17680927 7.01304883
v 111.24982294 6.39775979 7.55900761
v 111.35549727 5.56957785 8.03567369
v 111.44568347 4.70127214 8.44247738
v 111.52051985 3.80093080 8.78004243
v 111.58014100 2.87526205 9.04897608
v 111.62443832 1.92978314 9.24878837
v 111.65293409 0.96953422 9.37732450
v 112.61262074 0.00000000 9.21751329
v 112.60650011 -0.97195289 9.19201907
v 112.58053746 -1.93842295 9.08387684
v 112.53428606 -2.89022398 8.89122590
v 112.46794567 -3.81794789 8.61489829
v 112.38239496 -4.71300030 8.25855394
v 112.27904767 -5.56842481 7.82808146
v 112.15958343 -6.37919695 7.33047711
v 112.02564569 -7.14186298 6.77258626
v 111.87860712 -7.85364504 6.16012655
v 111.71947670 -8.51134087 5.49730066
v 111.54897035 -9.11043740 4.78709057
v 111.36770909 -9.64479470 4.03208310
v 111.17646507 -10.10706177 3.23549444
v 110.97636160 -10.48972562 2.40200347
v 110.76895387 -10.78646273 1.53808814
v 110.55616332 -10.99334281 0.65175170
v 110.34009327 -11.10947240 -0.24824483
v 110.12279745 -11.13684963 -1.15334708
v 109.90608848 -11.07946871 -2.05600491
v 109.69145677 -10.94196890 -2.95001031
v 109.48012650 -10.72827863 -3.83026422
v 109.27322216 -10.44070521 -4.69208283
v 109.07197549 -10.07976531 -5.53033553
v 108.87788580 -9.64479470 -6.33877727
v 108.69276241 -9.13510888 -7.10987171
v 108.51862158 -8.55130268 -7.83522045
v 108.35746525 -7.89623875 -8.50648485
v 108.21101509 -7.17539492 -9.11649367
v 108.08049575 -6.39647210 -9.66014585
v 107.96654723 -5.56842481 -10.13477563
v 107.86930249 -4.70027176 -10.53982910
v 107.78860853 -3.80010592 -10.87594365
v 107.72431683 -2.87463360 -11.14373786
v 107.67654290 -1.92936434 -11.34273058
v 107.64580259 -0.96932791 -11.47077318
v 107.63297416 -0.00000000 -11.52420746
v 107.63909478 0.97195289 -11.49871323
v 107.66505743 1.93842295 -11.39057101
v 107.71130883 2.89022398 -11.19792007
v 107.77764922 3.81794789 -10.92159246
v 107.86319993 4.71300030 -10.56524811
v 107.96654723 5.56842481 -10.13477563
v 108.08601146 6.37919695 -9.63717128
v 108.21994920 7.14186298 -9.07928042
v 108.36698777 7.85364504 -8.46682072
v 108.52611819 8.51134087 -7.80399483
v 108.69662455 9.11043740 -7.09378474
v 108.87788580 9.64479470 -6.33877727
v 109.06912982 10.10706177 -5.54218861
v 109.26923330 10.48972562 -4.70869764
v 109.47664102 10.78646273 -3.84478231
v 109.68943157 10.99334281 -2.95844587
v 109.90550162 11.10947240 -2.05844934
v 110.12279745 11.13684963 -1.15334708
v 110.33950641 11.07946871 -0.25068926
v 110.55413812 10.94196890 0.64331614
v 110.76546839 10.72827863 1.52357006
v 110.97237273 10.44070521 2.38538867
v 111.17361940 10.07976531 3.22364136
v 111.36770909 9.64479470 4.03208310
v 111.55283249 9.13510888 4.80317754
v 111.72697331 8.55130268 5.52852628
v 111.88812964 7.89623875 6.19979068
v 112.03457980 7.17539492 6.80979950
v 112.16509914 6.39647210 7.35345168
v 112.27904767 5.56842481 7.82808146
v 112.37629240 4.70027176 8.23313493
v 112.45698636 3.80010592 8.56924948
v 112.52127807 2.87463360 8.83704369
v 112.56905199 1.92936434 9.03603641
v 112.59979230 0.96932791 9.16407901
v 113.55674973 0.00000000 8.98845413
v 113.55019234 -0.97198213 8.96309859
v 113.52235299 -1.93848487 8.85545178
v 113.47275123 -2.89031827 8.66365601
v 113.40160097 -3.81806985 8.38853839
v 113.30984535 -4.71314206 8.03374573
v 113.19900214 -5.56857807 7.60514680
v 113.07087456 -6.37935618 7.10971422
v 112.92722668 -7.14202783 6.55426909
v 112.76953142 -7.85382090 5.94450675
v 112.59887064 -8.51153733 5.28461049
v 112.41601112 -9.11066481 4.57754521
v 112.22161752 -9.64506015 3.82588091
v 112.01651665 -10.10736576 3.03281470
v 111.80191254 -10.49006069 2.20300218
v 111.57947317 -10.78681464 1.34289294
v 111.35125989 -10.99369397 0.46045768
v 111.11952947 -11.10980654 -0.43557738
v 110.88648530 -11.13715615 -1.33669232
v 110.65407171 -11.07974527 -2.23536899
v 110.42388679 -10.94222147 -3.12542805
v 110.19724259 -10.72851887 -4.00179615
v 109.97534409 -10.44094620 -4.85981396
v 109.75951163 -10.08001692 -5.69437618
v 109.55135309 -9.64506015 -6.49926554
v 109.35280961 -9.13538364 -7.26697620
v 109.16604486 -8.55157583 -7.98914192
v 108.99320724 -7.89649637 -8.65745538
v 108.83614422 -7.17562412 -9.26477303
v 108.69616942 -6.39666449 -9.80601542
v 108.57396847 -5.56857807 -10.27853144
v 108.46968246 -4.70038908 -10.68177553
v 108.38314541 -3.80019363 -11.01638946
v 108.31419647 -2.87469797 -11.28299522
v 108.26295876 -1.92940887 -11.48111677
v 108.22998581 -0.96935211 -11.60861371
v 108.21622087 -0.00000000 -11.66183876
v 108.22277826 0.97198213 -11.63648322
v 108.25061762 1.93848487 -11.52883641
v 108.30021938 2.89031827 -11.33704064
v 108.37136963 3.81806985 -11.06192302
v 108.46312525 4.71314206 -10.70713036
v 108.57396847 5.56857807 -10.27853144
v 108.70209605 6.37935618 -9.78309885
v 108.84574392 7.14202783 -9.22765373
v 109.00343919 7.85382090 -8.61789139
v 109.17409996 8.51153733 -7.95799513
v 109.35695948 9.11066481 -7.25092984
v 109.55135309 9.64506015 -6.49926554
v 109.75645395 10.10736576 -5.70619934
v 109.97105806 10.49006069 -4.87638682
v 110.19349744 10.78681464 -4.01627758
v 110.42171071 10.99369397 -3.13384231
v 110.65344113 11.10980654 -2.23780726
v 110.88648530 11.13715615 -1.33669232
v 111.11889889 11.07974527 -0.43801564
v 111.34908382 10.94222147 0.45204342
v 111.57572802 10.72851887 1.32841151
v 111.79762651 10.44094620 2.18642932
v 112.01345898 10.08001692 3.02099155
v 112.22161752 9.64506015 3.82588091
v 112.42016099 9.13538364 4.59359156
v 112.60692575 8.55157583 5.31575728
v 112.77976336 7.89649637 5.98407075
v 112.93682638 7.17562412 6.59138839
v 113.07680118 6.39666449 7.13263079
v 113.19900214 5.56857807 7.60514680
v 113.30328815 4.70038908 8.00839089
v 113.38982520 3.80019363 8.34300483
v 113.45877413 2.87469797 8.60961058
v 113.51001185 1.92940887 8.80773213
v 113.54298480 0.96935211 8.93522907
v 114.49719879 0.00000000 8.74466252
v 114.49018815 -0.97191362 8.71938300
v 114.46046351 -1.93834276 8.61219940
v 114.40751421 -2.89010339 8.42127037
v 114.33156909 -3.81778995 8.14742112
v 114.23363364 -4.71280989 7.79427729
v 114.11532540 -5.56820721 7.36767158
v 113.97856622 -6.37895612 6.87453390
v 113.82523664 -7.14160032 6.32164528
v 113.65690768 -7.85335900 5.71467069
v 113.47473455 -8.51102784 5.05777560
v 113.27953738 -9.11009347 4.35391734
v 113.07202791 -9.64441779 3.60566235
v 112.85309077 -10.10665342 2.81620054
v 112.62401231 -10.48929168 1.99017028
v 112.38657289 -10.78601270 1.13399141
v 112.14297177 -10.99288804 0.25559413
v 111.89561627 -11.10902356 -0.63634098
v 111.64685703 -11.13641442 -1.53333782
v 111.39876896 -11.07905044 -2.42791448
v 111.15305846 -10.94156648 -3.31391793
v 110.91112743 -10.72788790 -4.18629306
v 110.67426371 -10.44032122 -5.04039602
v 110.44387781 -10.07938479 -5.87114074
v 110.22168615 -9.64441779 -6.67233799
v 110.00975965 -9.13473980 -7.43652028
v 109.81040582 -8.55094892 -8.15536694
v 109.62591571 -7.89590931 -8.82061678
v 109.45825971 -7.17509809 -9.42516481
v 109.30883966 -6.39621367 -9.96395608
v 109.17838866 -5.56820721 -10.43434721
v 109.06705977 -4.70009432 -10.83578620
v 108.97467886 -3.79996616 -11.16890103
v 108.90107677 -2.87452890 -11.43430156
v 108.84638619 -1.92929338 -11.63150944
v 108.81119746 -0.96929132 -11.75839589
v 108.79651527 -0.00000000 -11.81133816
v 108.80352590 0.97191362 -11.78605863
v 108.83325055 1.93834276 -11.67887504
v 108.88619985 2.89010339 -11.48794601
v 108.96214497 3.81778995 -11.21409676
v 109.06008042 4.71280989 -10.86095292
v 109.17838866 5.56820721 -10.43434721
v 109.31514784 6.37895612 -9.94120953
v 109.46847742 7.14160032 -9.38832091
v 109.63680637 7.85335900 -8.78134632
v 109.81897951 8.51102784 -8.12445124
v 110.01417668 9.11009347 -7.42059297
v 110.22168615 9.64441779 -6.67233799
v 110.44062329 10.10665342 -5.88287617
v 110.66970175 10.48929168 -5.05684592
v 110.90714117 10.78601270 -4.20066704
v 111.15074229 10.99288804 -3.32226976
v 111.39809779 11.10902356 -2.43033466
v 111.64685703 11.13641442 -1.53333782
v 111.89494510 11.07905044 -0.63876115
v 112.14065560 10.94156648 0.24724230
v 112.38258663 10.72788790 1.11961742
v 112.61945035 10.44032122 1.97372038
v 112.84983625 10.07938479 2.80446510
v 113.07202791 9.64441779 3.60566235
v 113.28395441 9.13473980 4.36984464
v 113.48330824 8.55094892 5.08869130
v 113.66779835 7.89590931 5.75394115
v 113.83545435 7.17509809 6.35848918
v 113.98487440 6.39621367 6.89728045
v 114.11532540 5.56820721 7.36767158
v 114.22665429 4.70009432 7.76911056
v 114.31903520 3.79996616 8.10222539
v 114.39263729 2.87452890 8.36762593
v 114.44732787 1.92929338 8.56483380
v 114.48251660 0.96929132 8.69172026
v 115.43291940 0.00000000 8.48331374
v 115.42547050 -0.97183791 8.45816667
v 115.39388149 -1.93819258 8.35152394
v 115.33760931 -2.88987992 8.16155225
v 115.25689710 -3.81749416 7.88907239
v 115.15281364 -4.71244278 7.53769252
v 115.02707841 -5.56777025 7.11321752
v 114.88173435 -6.37845186 6.62254419
v 114.71878042 -7.14103274 6.07242094
v 114.53988645 -7.85273363 5.46848501
v 114.34628007 -8.51035142 4.81488084
v 114.13883264 -9.10937330 4.11455004
v 113.91830021 -9.64366096 3.37004503
v 113.68562261 -10.10586614 2.58453862
v 113.44216674 -10.48847901 1.76264538
v 113.18982473 -10.78517870 0.91075303
v 112.93093403 -10.99203635 0.03675269
v 112.66805334 -11.10815820 -0.85071767
v 112.40368101 -11.13554050 -1.74322368
v 112.14002229 -11.07817462 -2.63332060
v 111.87889058 -10.94069689 -3.51488649
v 111.62177555 -10.72703362 -4.38289227
v 111.37004564 -10.43949147 -5.23271821
v 111.12519968 -10.07858800 -6.05930432
v 110.88906182 -9.64366096 -6.85649239
v 110.66383312 -9.13402823 -7.61685174
v 110.45196626 -8.55028643 -8.33210225
v 110.25589643 -7.89529878 -8.99402290
v 110.07771795 -7.17454219 -9.59554339
v 109.91892071 -6.39571542 -10.13163388
v 109.78028361 -5.56777025 -10.59966488
v 109.66196895 -4.69972277 -10.99908848
v 109.56379117 -3.79966416 -11.33053111
v 109.48557012 -2.87430000 -11.59460097
v 109.42744658 -1.92914005 -11.79082273
v 109.39004805 -0.96921469 -11.91707804
v 109.37444262 -0.00000000 -11.96976110
v 109.38189152 0.97183791 -11.94461404
v 109.41348054 1.93819258 -11.83797131
v 109.46975272 2.88987992 -11.64799961
v 109.55046493 3.81749416 -11.37551976
v 109.65454839 4.71244278 -11.02413989
v 109.78028361 5.56777025 -10.59966488
v 109.92562767 6.37845186 -10.10899155
v 110.08858160 7.14103274 -9.55886830
v 110.26747557 7.85273363 -8.95493238
v 110.46108195 8.51035142 -8.30132820
v 110.66852938 9.10937330 -7.60099741
v 110.88906182 9.64366096 -6.85649239
v 111.12173942 10.10586614 -6.07098598
v 111.36519529 10.48847901 -5.24909274
v 111.61753729 10.78517870 -4.39720039
v 111.87642799 10.99203635 -3.52320005
v 112.13930869 11.10815820 -2.63572969
v 112.40368101 11.13554050 -1.74322368
v 112.66733973 11.07817462 -0.85312676
v 112.92847144 10.94069689 0.02843912
v 113.18558647 10.72703362 0.89644490
v 113.43731638 10.43949147 1.74627085
v 113.68216234 10.07858800 2.57285695
v 113.91830021 9.64366096 3.37004503
v 114.14352891 9.13402823 4.13040437
v 114.35539576 8.55028643 4.84565488
v 114.55146559 7.89529878 5.50757554
v 114.72964407 7.17454219 6.10909602
v 114.88844131 6.39571542 6.64518651
v 115.02707841 5.56777025 7.11321752
v 115.14539307 4.69972277 7.51264111
v 115.24357085 3.79966416 7.84408374
v 115.32179191 2.87430000 8.10815360
v 115.37991544 1.92914005 8.30437537
v 115.41731397 0.96921469 8.43063068
v 116.36366463 0.00000000 8.20482166
v 116.35579101 -0.97181195 8.17984971
v 116.32235765 -1.93814621 8.07381265
v 116.26278724 -2.88981373 7.88487945
v 116.17733660 -3.81740282 7.61386463
v 116.06713859 -4.71231686 7.26436120
v 115.93401642 -5.56760018 6.84215162
v 115.78013620 -6.37823255 6.35410592
v 115.60761692 -7.14076712 5.80694466
v 115.41822769 -7.85243343 5.20627878
v 115.21326778 -8.51003487 4.55622898
v 114.99365781 -9.10906011 3.85971515
v 114.76019567 -9.64336639 3.11926784
v 114.51387406 -10.10559611 2.33803549
v 114.25613880 -10.48822806 1.52060368
v 113.98899312 -10.78493167 0.67332584
v 113.71491286 -10.99177335 -0.19594570
v 113.43660857 -11.10786138 -1.07861413
v 113.15672671 -11.13520036 -1.96628598
v 112.87760246 -11.07779374 -2.85155501
v 112.60115501 -10.94028994 -3.72833432
v 112.32895990 -10.72662355 -4.59162689
v 112.06246407 -10.43910316 -5.43684371
v 111.80325300 -10.07824148 -6.25895617
v 111.55325775 -9.64336639 -7.05183980
v 111.31480976 -9.13378417 -7.80810020
v 111.09050786 -8.55008185 -8.51949495
v 110.88293259 -7.89511794 -9.17783959
v 110.69430297 -7.17437053 -9.77609632
v 110.52619669 -6.39554453 -10.30926132
v 110.37943700 -5.56760018 -10.77472358
v 110.25419297 -4.69956118 -11.17194691
v 110.15026480 -3.79952282 -11.50156496
v 110.06745892 -2.87419012 -11.76419165
v 110.00592300 -1.92906829 -11.95935867
v 109.96632190 -0.96918137 -12.08495730
v 109.94978879 -0.00000000 -12.13739362
v 109.95766242 0.97181195 -12.11242167
v 109.99109577 1.93814621 -12.00638462
v 110.05066618 2.88981373 -11.81745142
v 110.13611683 3.81740282 -11.54643660
v 110.24631483 4.71231686 -11.19693317
v 110.37943700 5.56760018 -10.77472358
v 110.53331722 6.37823255 -10.28667788
v 110.70583651 7.14076712 -9.73951662
v 110.89522573 7.85243343 -9.13885074
v 111.10018564 8.51003487 -8.48880095
v 111.31979561 9.10906011 -7.79228711
v 111.55325775 9.64336639 -7.05183980
v 111.79957937 10.10559611 -6.27060745
v 112.05731462 10.48822806 -5.45317565
v 112.32446030 10.78493167 -4.60589780
v 112.59854057 10.99177335 -3.73662626
v 112.87684485 11.10786138 -2.85395783
v 113.15672671 11.13520036 -1.96628598
v 113.43585097 11.07779374 -1.08101695
v 113.71229842 10.94028994 -0.20423765
v 113.98449352 10.72662355 0.65905493
v 114.25098936 10.43910316 1.50427174
v 114.51020042 10.07824148 2.32638421
v 114.76019567 9.64336639 3.11926784
v 114.99864366 9.13378417 3.87552824
v 115.22294556 8.55008185 4.58692299
v 115.43052083 7.89511794 5.24526763
v 115.61915045 7.17437053 5.84352435
v 115.78725673 6.39554453 6.37668935
v 115.93401642 5.56760018 6.84215162
v 116.05926045 4.69956118 7.23937495
v 116.16318863 3.79952282 7.56899300
v 116.24599450 2.87419012 7.83161969
v 116.30753043 1.92906829 8.02678671
v 116.34713152 0.96918137 8.15238534
v 117.29017167 0.00000000 7.91246932
v 117.28184505 -0.97174237 7.88758368
v 117.24654922 -1.93800020 7.78209555
v 117.18367832 -2.88959208 7.59419423
v 117.09350419 -3.81711524 7.32469217
v 116.97722043 -4.71197946 6.97715666
v 116.83674712 -5.56723004 6.55732618
v 116.67436552 -6.37784125 6.07201873
v 116.49230798 -7.14035591 5.52790611
v 116.29243965 -7.85199208 4.93056262
v 116.07613222 -8.50954481 4.28408787
v 115.84435988 -9.10850126 3.59139335
v 115.59796821 -9.64272528 2.85500628
v 115.33800806 -10.10487257 2.07806727
v 115.06600702 -10.48743793 1.26514186
v 114.78407904 -10.78410445 0.42254796
v 114.49483519 -10.99094528 -0.44191080
v 114.20113350 -11.10706608 -1.31969261
v 113.90576475 -11.13446008 -2.20245677
v 113.61119250 -11.07711411 -3.08284041
v 113.31944300 -10.93965994 -3.95478777
v 113.03218110 -10.72602065 -4.81332307
v 112.75093633 -10.43850202 -5.65387508
v 112.47738371 -10.07762317 -6.47143769
v 112.21356128 -9.64272528 -7.25991981
v 111.96192775 -9.13313020 -8.01197317
v 111.72522254 -8.54943773 -8.71941046
v 111.50616547 -7.89451237 -9.37410304
v 111.30709574 -7.17383004 -9.96905974
v 111.12967781 -6.39508662 -10.49930604
v 110.97478237 -5.56723004 -10.96223972
v 110.84259173 -4.69927286 -11.35731590
v 110.73289976 -3.79930402 -11.68515064
v 110.64550620 -2.87402857 -11.94634245
v 110.58056886 -1.92895721 -12.14041971
v 110.53878858 -0.96912191 -12.26528781
v 110.52135782 -0.00000000 -12.31738286
v 110.52968444 0.97174237 -12.29249721
v 110.56498027 1.93800020 -12.18700909
v 110.62785118 2.88959208 -11.99910777
v 110.71802530 3.81711524 -11.72960570
v 110.83430906 4.71197946 -11.38207019
v 110.97478237 5.56723004 -10.96223972
v 111.13716397 6.37784125 -10.47693226
v 111.31922151 7.14035591 -9.93281964
v 111.51908985 7.85199208 -9.33547615
v 111.73539727 8.50954481 -8.68900140
v 111.96716962 9.10850126 -7.99630688
v 112.21356128 9.64272528 -7.25991981
v 112.47352144 10.10487257 -6.48298081
v 112.74552248 10.48743793 -5.67005540
v 113.02745045 10.78410445 -4.82746149
v 113.31669431 10.99094528 -3.96300273
v 113.61039599 11.10706608 -3.08522092
v 113.90576475 11.13446008 -2.20245677
v 114.20033699 11.07711411 -1.32207313
v 114.49208650 10.93965994 -0.45012577
v 114.77934839 10.72602065 0.40840953
v 115.06059316 10.43850202 1.24896154
v 115.33414578 10.07762317 2.06652416
v 115.59796821 9.64272528 2.85500628
v 115.84960174 9.13313020 3.60705964
v 116.08630695 8.54943773 4.31449692
v 116.30536402 7.89451237 4.96918951
v 116.50443375 7.17383004 5.56414621
v 116.68185168 6.39508662 6.09439251
v 116.83674712 5.56723004 6.55732618
v 116.96893776 4.69927286 6.95240237
v 117.07862973 3.79930402 7.28023711
v 117.16602329 2.87402857 7.54142892
v 117.23096063 1.92895721 7.73550618
v 117.27274091 0.96912191 7.86037427
v 118.21102274 0.00000000 7.60275289
v 118.20226166 -0.97172125 7.57801235
v 118.16512887 -1.93795756 7.47315259
v 118.09898727 -2.88952821 7.28637447
v 118.00412290 -3.81703126 7.01848576
v 117.88179130 -4.71187709 6.67303199
v 117.73401212 -5.56711117 6.25571644
v 117.56318490 -6.37770747 5.77331526
v 117.37165784 -7.14020812 5.23245953
v 117.16139294 -7.85183035 4.63868977
v 116.93383331 -8.50936868 3.99608121
v 116.69000400 -9.10831022 3.30752845
v 116.43079485 -9.64251940 2.57554440
v 116.15731161 -10.10465302 1.80325157
v 115.87116150 -10.48720719 0.99518856
v 115.57456839 -10.78386610 0.15763547
v 115.27027904 -10.99070347 -0.70165114
v 114.96129997 -11.10682476 -1.57418111
v 114.65056695 -11.13422234 -2.45166410
v 114.34067164 -11.07688177 -3.32678147
v 114.03374572 -10.93943350 -4.19351351
v 113.73154085 -10.72579973 -5.04691374
v 113.43566629 -10.43828596 -5.88243772
v 113.14788434 -10.07741180 -6.69510890
v 112.87033905 -9.64251940 -7.47887259
v 112.60561691 -9.13293177 -8.22642488
v 112.35659958 -8.54924963 -8.92962812
v 112.12614807 -7.89433789 -9.58040309
v 111.91672309 -7.17367221 -10.17180100
v 111.73007562 -6.39494767 -10.69887720
v 111.56712179 -5.56711117 -11.15904463
v 111.42805368 -4.69917430 -11.55176083
v 111.31265483 -3.79922538 -11.87763714
v 111.22071486 -2.87396938 -12.13726761
v 111.15239993 -1.92891728 -12.33018302
v 111.10844729 -0.96910158 -12.45430145
v 111.09011116 -0.00000000 -12.50608109
v 111.09887224 0.97172125 -12.48134054
v 111.13600503 1.93795756 -12.37648078
v 111.20214663 2.88952821 -12.18970266
v 111.29701100 3.81703126 -11.92181396
v 111.41934260 4.71187709 -11.57636019
v 111.56712179 5.56711117 -11.15904463
v 111.73794900 6.37770747 -10.67664346
v 111.92947606 7.14020812 -10.13578773
v 112.13974096 7.85183035 -9.54201797
v 112.36730059 8.50936868 -8.89940940
v 112.61112991 9.10831022 -8.21085665
v 112.87033905 9.64251940 -7.47887259
v 113.14382229 10.10465302 -6.70657976
v 113.42997241 10.48720719 -5.89851676
v 113.72656551 10.78386610 -5.06096367
v 114.03085486 10.99070347 -4.20167706
v 114.33983393 11.10682476 -3.32914709
v 114.65056695 11.13422234 -2.45166410
v 114.96046227 11.07688177 -1.57654672
v 115.26738818 10.93943350 -0.70981468
v 115.56959305 10.72579973 0.14358554
v 115.86546761 10.43828596 0.97910952
v 116.15324957 10.07741180 1.79178070
v 116.43079485 9.64251940 2.57554440
v 116.69551700 9.13293177 3.32309668
v 116.94453432 8.54924963 4.02629993
v 117.17498583 7.89433789 4.67707490
v 117.38441081 7.17367221 5.26847280
v 117.57105828 6.39494767 5.79554900
v 117.73401212 5.56711117 6.25571644
v 117.87308022 4.69917430 6.64843264
v 117.98847907 3.79922538 6.97430895
v 118.08041904 2.87396938 7.23393941
v 118.14873397 1.92891728 7.42685482
v 118.19268661 0.96910158 7.55097325
v 119.12637793 0.00000000 7.27714024
v 119.11718293 -0.97180305 7.25254711
v 119.07822255 -1.93811945 7.14834283
v 119.00882899 -2.88976892 6.96274133
v 118.90930252 -3.81735012 6.69654569
v 118.78096002 -4.71227370 6.35327808
v 118.62591964 -5.56758463 5.93860376
v 118.44669802 -6.37825546 5.45925376
v 118.24575803 -7.14082620 4.92181533
v 118.02515776 -7.85251189 4.33179310
v 117.78641136 -8.51010528 3.69323685
v 117.53059474 -9.10909282 3.00902424
v 117.25864219 -9.64333946 2.28165409
v 116.97171439 -10.10550357 1.51423083
v 116.67149789 -10.48808325 0.71126533
v 116.36032587 -10.78476443 -0.12100204
v 116.04107976 -10.99162159 -0.97486454
v 115.71691340 -11.10775966 -1.84188687
v 115.39090645 -11.13516927 -2.71383206
v 115.06577782 -11.07783352 -3.58342809
v 114.74376414 -10.94038047 -4.44469281
v 114.42670355 -10.72673072 -5.29270986
v 114.11628491 -10.43918954 -6.12296223
v 113.81435747 -10.07827767 -6.93050386
v 113.52317071 -9.64333946 -7.70931822
v 113.24543791 -9.13370052 -8.45214834
v 112.98418179 -8.54996380 -9.15090956
v 112.74240333 -7.89499551 -9.79757543
v 112.52268369 -7.17427147 -10.38524230
v 112.32685983 -6.39548596 -10.90899702
v 112.15589326 -5.56758463 -11.36626789
v 112.00998624 -4.69957806 -11.75651392
v 111.88891256 -3.79955426 -12.08034020
v 111.79245225 -2.87421883 -12.33833502
v 111.72078001 -1.92908426 -12.53003114
v 111.67466917 -0.96918485 -12.65336016
v 111.65543497 -0.00000000 -12.70480437
v 111.66462997 0.97180305 -12.68021124
v 111.70359035 1.93811945 -12.57600696
v 111.77298391 2.88976892 -12.39040546
v 111.87251038 3.81735012 -12.12420982
v 112.00085288 4.71227370 -11.78094221
v 112.15589326 5.56758463 -11.36626789
v 112.33511488 6.37825546 -10.88691789
v 112.53605487 7.14082620 -10.34947946
v 112.75665514 7.85251189 -9.75945723
v 112.99540154 8.51010528 -9.12090098
v 113.25121816 9.10909282 -8.43668837
v 113.52317071 9.64333946 -7.70931822
v 113.81009851 10.10550357 -6.94189496
v 114.11031501 10.48808325 -6.13892946
v 114.42148703 10.78476443 -5.30666209
v 114.74073313 10.99162159 -4.45279959
v 115.06489950 11.10775966 -3.58577726
v 115.39090645 11.13516927 -2.71383206
v 115.71603508 11.07783352 -1.84423604
v 116.03804876 10.94038047 -0.98297132
v 116.35510935 10.72673072 -0.13495427
v 116.66552799 10.43918954 0.69529810
v 116.96745543 10.07827767 1.50283973
v 117.25864219 9.64333946 2.28165409
v 117.53637499 9.13370052 3.02448421
v 117.79763111 8.54996380 3.72324544
v 118.03940957 7.89499551 4.36991130
v 118.25912921 7.17427147 4.95757817
v 118.45495307 6.39548596 5.48133289
v 118.62591964 5.56758463 5.93860376
v 118.77182666 4.69957806 6.32884979
v 118.89290034 3.79955426 6.65267607
v 118.98936065 2.87421883 6.91067089
v 119.06103289 1.92908426 7.10236701
v 119.10714373 0.96918485 7.22569603
v 120.03635412 0.00000000 6.93671556
v 120.02670964 -0.97193537 6.91223163
v 119.98591656 -1.93837595 6.80867236
v 119.91327996 -2.89014734 6.62427360
v 119.80911506 -3.81785534 6.35983562
v 119.67479790 -4.71291535 6.01885163
v 119.51254072 -5.56837184 5.60693780
v 119.32497204 -6.37919071 5.13076696
v 119.11466508 -7.14190072 4.59687163
v 118.88377174 -7.85370456 4.01071475
v 118.63387750 -8.51138584 3.37632126
v 118.36611154 -9.11042849 2.69655777
v 118.08145592 -9.64470294 1.97391738
v 117.78112929 -10.10687958 1.21149381
v 117.46689898 -10.48947133 0.41377370
v 117.14120689 -10.78617673 -0.41304385
v 116.80706682 -10.99307631 -1.26130784
v 116.46777681 -11.10927215 -2.12264571
v 116.12655773 -11.13674368 -2.98888081
v 115.78625439 -11.07945786 -3.85279116
v 115.44920878 -10.94202672 -4.70843128
v 115.11734736 -10.72835995 -5.55091060
v 114.79244074 -10.44076038 -6.37573409
v 114.47642659 -10.07975545 -7.17798276
v 114.17165954 -9.64470294 -7.95167899
v 113.88097739 -9.13494421 -8.68961862
v 113.60754016 -8.55109537 -9.38377947
v 113.35448467 -7.89602938 -10.02619826
v 113.12450949 -7.17522097 -10.61002426
v 112.91953664 -6.39635680 -11.13037815
v 112.74057473 -5.56837184 -11.58469941
v 112.58784008 -4.70026716 -11.97243893
v 112.46110143 -3.80012600 -12.29418372
v 112.36013334 -2.87465538 -12.55050615
v 112.28512097 -1.92937454 -12.74093616
v 112.23687277 -0.96932696 -12.86342133
v 112.21676134 -0.00000000 -12.91447718
v 112.22640582 0.97193537 -12.88999324
v 112.26719890 1.93837595 -12.78643398
v 112.33983550 2.89014734 -12.60203522
v 112.44400040 3.81785534 -12.33759723
v 112.57831756 4.71291535 -11.99661325
v 112.74057473 5.56837184 -11.58469941
v 112.92814341 6.37919071 -11.10852858
v 113.13845038 7.14190072 -10.57463324
v 113.36934372 7.85370456 -9.98847636
v 113.61923795 8.51138584 -9.35408288
v 113.88700392 9.11042849 -8.67431938
v 114.17165954 9.64470294 -7.95167899
v 114.47198617 10.10687958 -7.18925543
v 114.78621647 10.48947133 -6.39153531
v 115.11190857 10.78617673 -5.56471777
v 115.44604864 10.99307631 -4.71645378
v 115.78533865 11.10927215 -3.85511590
v 116.12655773 11.13674368 -2.98888081
v 116.46686107 11.07945786 -2.12497045
v 116.80390668 10.94202672 -1.26933033
v 117.13576810 10.72835995 -0.42685102
v 117.46067472 10.44076038 0.39797247
v 117.77668887 10.07975545 1.20022114
v 118.08145592 9.64470294 1.97391738
v 118.37213807 9.13494421 2.71185701
v 118.64557530 8.55109537 3.40601785
v 118.89863079 7.89602938 4.04843664
v 119.12860597 7.17522097 4.63226265
v 119.33357882 6.39635680 5.15261654
v 119.51254072 5.56837184 5.60693780
v 119.66527538 4.70026716 5.99467732
v 119.79201402 3.80012600 6.31642210
v 119.89298212 2.87465538 6.57274454
v 119.96799449 1.92937454 6.76317454
v 120.01624268 0.96932696 6.88565972
v 120.93937407 0.00000000 6.57827999
v 120.92931810 -0.97208479 6.55400275
v 120.88673713 -1.93867864 6.45120318
v 120.81090293 -2.89060120 6.26812324
v 120.70214401 -3.81845150 6.00555596
v 120.56189854 -4.71363988 5.66697344
v 120.39247940 -5.56920943 5.25795947
v 120.19663462 -6.38012907 4.78514834
v 119.97705383 -7.14293387 4.25503341
v 119.73598524 -7.85483366 3.67304237
v 119.47508376 -8.51261710 3.04317046
v 119.19552628 -9.11176861 2.36825902
v 118.89833539 -9.64615369 1.65077672
v 118.58478091 -10.10843334 0.89378925
v 118.25670668 -10.49110928 0.10174799
v 117.91666230 -10.78787056 -0.71919175
v 117.56779577 -10.99479290 -1.56143007
v 117.21355241 -11.11098000 -2.41664918
v 116.85729670 -11.13841886 -3.27672654
v 116.50199944 -11.08108762 -4.13449001
v 116.15010518 -10.94360960 -4.98403792
v 115.80362357 -10.72990233 -5.82051852
v 115.46440131 -10.44227074 -6.63947350
v 115.13446003 -10.08123816 -7.43602221
v 114.81625802 -9.64615369 -8.20422981
v 114.51275951 -9.13634855 -8.93694004
v 114.22726625 -8.55243065 -9.62618173
v 113.96305607 -7.89726935 -10.26404154
v 113.72294846 -7.17634140 -10.84371257
v 113.50895058 -6.39734013 -11.36034917
v 113.32211401 -5.56920943 -11.81141256
v 113.16266153 -4.70095856 -12.19636489
v 113.03034805 -3.80067573 -12.51579788
v 112.92493503 -2.87506866 -12.77028743
v 112.84661426 -1.92965364 -12.95937051
v 112.79623045 -0.96946955 -13.08100778
v 112.77521934 -0.00000000 -13.13173308
v 112.78527530 0.97208479 -13.10745584
v 112.82785628 1.93867864 -13.00465627
v 112.90369047 2.89060120 -12.82157633
v 113.01244940 3.81845150 -12.55900905
v 113.15269487 4.71363988 -12.22042653
v 113.32211401 5.56920943 -11.81141256
v 113.51795879 6.38012907 -11.33860143
v 113.73753958 7.14293387 -10.80848650
v 113.97860817 7.85483366 -10.22649545
v 114.23950965 8.51261710 -9.59662355
v 114.51906712 9.11176861 -8.92171211
v 114.81625802 9.64615369 -8.20422981
v 115.12981250 10.10843334 -7.44724234
v 115.45788673 10.49110928 -6.65520108
v 115.79793111 10.78787056 -5.83426134
v 116.14679764 10.99479290 -4.99202302
v 116.50104099 11.11098000 -4.13680391
v 116.85729670 11.13841886 -3.27672654
v 117.21259396 11.08108762 -2.41896308
v 117.56448823 10.94360960 -1.56941517
v 117.91096984 10.72990233 -0.73293457
v 118.25019210 10.44227074 0.08602041
v 118.58013338 10.08123816 0.88256912
v 118.89833539 9.64615369 1.65077672
v 119.20183390 9.13634855 2.38348695
v 119.48732716 8.55243065 3.07272864
v 119.75153734 7.89726935 3.71058845
v 119.99164494 7.17634140 4.29025949
v 120.20564283 6.39734013 4.80689608
v 120.39247940 5.56920943 5.25795947
v 120.55193188 4.70095856 5.64291180
v 120.68424535 3.80067573 5.96234479
v 120.78965838 2.87506866 6.21683434
v 120.86797915 1.92965364 6.40591742
v 120.91836296 0.96946955 6.52755469
v 121.83528522 0.00000000 6.20253307
v 121.82485085 -0.97232604 6.17853566
v 121.78052267 -1.93917351 6.07658781
v 121.70153395 -2.89134655 5.89492621
v 121.58822497 -3.81942621 5.63433338
v 121.44209857 -4.71480970 5.29826569
v 121.26557373 -5.57053756 4.89228635
v 121.06152435 -6.38158854 4.42300488
v 120.83276153 -7.14451686 3.89688643
v 120.58163179 -7.85655387 3.31932757
v 120.30985774 -8.51450363 2.69429004
v 120.01865922 -9.11385295 2.02457930
v 119.70909300 -9.64845409 1.31262574
v 119.38247427 -10.11094202 0.56145407
v 119.04071956 -10.49378726 -0.22452793
v 118.68648521 -10.79065222 -1.03921116
v 118.32305478 -10.99759945 -1.87504395
v 117.95402332 -11.11373750 -2.72375818
v 117.58290078 -11.14107513 -3.57728159
v 117.21278388 -11.08362245 -4.42849220
v 116.84621716 -10.94603487 -5.27153794
v 116.48528905 -10.73225218 -6.10161575
v 116.13191729 -10.44458491 -6.91431516
v 115.78820363 -10.08354426 -7.70480247
v 115.45670856 -9.64845409 -8.46718893
v 115.14052420 -9.13861598 -9.19436318
v 114.84309768 -8.55461375 -9.87839734
v 114.56785204 -7.89930567 -10.51141897
v 114.31773059 -7.17817324 -11.08665892
v 114.09482553 -6.39892780 -11.59930546
v 113.90022783 -5.57053756 -12.04684954
v 113.73416031 -4.70203391 -12.42877868
v 113.59635641 -3.80151802 -12.74570596
v 113.48655805 -2.87569830 -12.99822491
v 113.40496034 -1.93008128 -13.18588679
v 113.35244518 -0.96969132 -13.30666337
v 113.33051634 -0.00000000 -13.35709626
v 113.34095071 0.97232604 -13.33309885
v 113.38527890 1.93917351 -13.23115100
v 113.46426761 2.89134655 -13.04948940
v 113.57757660 3.81942621 -12.78889657
v 113.72370299 4.71480970 -12.45282887
v 113.90022783 5.57053756 -12.04684954
v 114.10427722 6.38158854 -11.57756807
v 114.33304003 7.14451686 -11.05144962
v 114.58416977 7.85655387 -10.47389075
v 114.85594383 8.51450363 -9.84885323
v 115.14714234 9.11385295 -9.17914249
v 115.45670856 9.64845409 -8.46718893
v 115.78332730 10.11094202 -7.71601726
v 116.12508200 10.49378726 -6.93003525
v 116.47931635 10.79065222 -6.11535203
v 116.84274679 10.99759945 -5.27951924
v 117.21177824 11.11373750 -4.43080501
v 117.58290078 11.14107513 -3.57728159
v 117.95301769 11.08362245 -2.72607099
v 118.31958441 10.94603487 -1.88302525
v 118.68051251 10.73225218 -1.05294744
v 119.03388427 10.44458491 -0.24024803
v 119.37759794 10.08354426 0.55023928
v 119.70909300 9.64845409 1.31262574
v 120.02527737 9.13861598 2.03979999
v 120.32270388 8.55461375 2.72383415
v 120.59794952 7.89930567 3.35685578
v 120.84807097 7.17817324 3.93209573
v 121.07097603 6.39892780 4.44474227
v 121.26557373 5.57053756 4.89228635
v 121.43164125 4.70203391 5.27421549
v 121.56944516 3.80151802 5.59114277
v 121.67924352 2.87569830 5.84366172
v 121.76084123 1.93008128 6.03132360
v 121.81335638 0.96969132 6.15210018
v 122.72604967 0.00000000 5.81471549
v 122.71517825 -0.97206551 5.79086032
v 122.66905927 -1.93864792 5.68966145
v 122.58689895 -2.89055962 5.50937710
v 122.46905209 -3.81839100 5.25078575
v 122.31707968 -4.71354636 4.91731273
v 122.13349333 -5.56906847 4.51446927
v 121.92127711 -6.37993259 4.04880326
v 121.68335064 -7.14268515 3.52672128
v 121.42215249 -7.85454857 2.95357424
v 121.13947494 -8.51232069 2.33329497
v 120.83658956 -9.11148801 1.66867366
v 120.51459931 -9.64590955 0.96213054
v 120.17487558 -10.10823279 0.21667486
v 119.81941368 -10.49094306 -0.56331508
v 119.45097630 -10.78771538 -1.37177715
v 119.07297672 -10.99461870 -2.20122150
v 118.68915149 -11.11075956 -3.04344912
v 118.30314894 -11.13813695 -3.89045441
v 117.91818909 -11.08074638 -4.73517170
v 117.53691942 -10.94322854 -5.57179163
v 117.16151441 -10.72951288 -6.39554276
v 116.79397140 -10.44190714 -7.20204228
v 116.43647834 -10.08092770 -7.98648920
v 116.09169857 -9.64590955 -8.74303935
v 115.76284627 -9.13616729 -9.46463987
v 115.45350335 -8.55229514 -10.14343094
v 115.16722628 -7.89715576 -10.77160865
v 114.90707358 -7.17622770 -11.34246166
v 114.67522075 -6.39721320 -11.85121626
v 114.47280454 -5.56906847 -12.29537808
v 114.30006092 -4.70081379 -12.67442937
v 114.15671772 -3.80054339 -12.98896732
v 114.04251086 -2.87496431 -13.23957140
v 113.95764540 -1.92958645 -13.42579166
v 113.90303772 -0.96943969 -13.54561727
v 113.88024820 -0.00000000 -13.59562430
v 113.89111963 0.97206551 -13.57176913
v 113.93723861 1.93864792 -13.47057027
v 114.01939892 2.89055962 -13.29028591
v 114.13724579 3.81839100 -13.03169456
v 114.28921820 4.71354636 -12.69822155
v 114.47280454 5.56906847 -12.29537808
v 114.68502077 6.37993259 -11.82971207
v 114.92294724 7.14268515 -11.30763009
v 115.18414539 7.85454857 -10.73448305
v 115.46682294 8.51232069 -10.11420379
v 115.76970832 9.11148801 -9.44958247
v 116.09169857 9.64590955 -8.74303935
v 116.43142230 10.10823279 -7.99758367
v 116.78688419 10.49094306 -7.21759373
v 117.15532158 10.78771538 -6.40913167
v 117.53332115 10.99461870 -5.57968731
v 117.91714639 11.11075956 -4.73745969
v 118.30314894 11.13813695 -3.89045441
v 118.68810879 11.08074638 -3.04573711
v 119.06937846 10.94322854 -2.20911718
v 119.44478347 10.72951288 -1.38536606
v 119.81232648 10.44190714 -0.57886653
v 120.16981954 10.08092770 0.20558039
v 120.51459931 9.64590955 0.96213054
v 120.84345161 9.13616729 1.68373105
v 121.15279452 8.55229514 2.36252213
v 121.43907160 7.89715576 2.99069984
v 121.69922430 7.17622770 3.56155285
v 121.93107713 6.39721320 4.07030745
v 122.13349333 5.56906847 4.51446927
v 122.30623696 4.70081379 4.89352056
v 122.44958016 3.80054339 5.20805851
v 122.56378702 2.87496431 5.45866259
v 122.64865248 1.92958645 5.64488285
v 122.70326016 0.96943969 5.76470846
v 123.60976402 0.00000000 5.41105752
v 123.59846408 -0.97193038 5.38736672
v 123.55057319 -1.93837442 5.28696138
v 123.46526979 -2.89014964 5.10811908
v 123.34292284 -3.81785232 4.85161335
v 123.18515152 -4.71289116 4.52083890
v 122.99456041 -5.56831016 4.12125634
v 122.77424406 -6.37908203 3.65935350
v 122.52723076 -7.14174782 3.14147935
v 122.25605086 -7.85352383 2.57293887
v 121.96256556 -8.51120362 1.95763414
v 121.64809697 -9.11027328 1.29833704
v 121.31379290 -9.64459611 0.59745397
v 120.96107955 -10.10682771 -0.14202494
v 120.59202982 -10.48946303 -0.91575378
v 120.20951188 -10.78618531 -1.71771933
v 119.81706815 -10.99306761 -2.54049472
v 119.41857605 -11.10921513 -3.37595078
v 119.01782178 -11.13662032 -4.21614958
v 118.61814778 -11.07926911 -5.05408355
v 118.22230335 -10.94179246 -5.88398866
v 117.83254767 -10.72811306 -6.70112842
v 117.45095634 -10.44053684 -7.50115129
v 117.07980226 -10.07958373 -8.27929201
v 116.72185066 -9.64459611 -9.02975314
v 116.38043724 -9.13489733 -9.74554125
v 116.05927841 -8.55108861 -10.41886474
v 115.76206387 -7.89603567 -11.04198799
v 115.49196709 -7.17521530 -11.60825766
v 115.25124631 -6.39632397 -12.11293926
v 115.04108315 -5.56831016 -12.55355550
v 114.86172550 -4.70018708 -12.92958663
v 114.71289436 -3.80004464 -13.24161760
v 114.59431859 -2.87458923 -13.49021688
v 114.50621256 -1.92933323 -13.67493502
v 114.44952706 -0.96931045 -13.79377863
v 114.42587954 -0.00000000 -13.84335669
v 114.43717947 0.97193038 -13.81966589
v 114.48507037 1.93837442 -13.71926054
v 114.57037377 2.89014964 -13.54041825
v 114.69272072 3.81785232 -13.28391252
v 114.85049204 4.71289116 -12.95313807
v 115.04108315 5.56831016 -12.55355550
v 115.26139950 6.37908203 -12.09165266
v 115.50841280 7.14174782 -11.57377852
v 115.77959270 7.85352383 -11.00523803
v 116.07307800 8.51120362 -10.38993331
v 116.38754658 9.11027328 -9.73063621
v 116.72185066 9.64459611 -9.02975314
v 117.07456401 10.10682771 -8.29027422
v 117.44361373 10.48946303 -7.51654538
v 117.82613168 10.78618531 -6.71457984
v 118.21857541 10.99306761 -5.89180445
v 118.61706751 11.10921513 -5.05634839
v 119.01782178 11.13662032 -4.21614958
v 119.41749578 11.07926911 -3.37821562
v 119.81334021 10.94179246 -2.54831051
v 120.20309588 10.72811306 -1.73117074
v 120.58468722 10.44053684 -0.93114788
v 120.95584130 10.07958373 -0.15300716
v 121.31379290 9.64459611 0.59745397
v 121.65520631 9.13489733 1.31324208
v 121.97636515 8.55108861 1.98656558
v 122.27357969 7.89603567 2.60968882
v 122.54367646 7.17521530 3.17595849
v 122.78439724 6.39632397 3.68064010
v 122.99456041 5.56831016 4.12125634
v 123.17391805 4.70018708 4.49728746
v 123.32274919 3.80004464 4.80931843
v 123.44132497 2.87458923 5.05791771
v 123.52943100 1.92933323 5.24263585
v 123.58611649 0.96931045 5.36147946
v 124.48442644 0.00000000 4.98825182
v 124.47277788 -0.97175801 4.96488842
v 124.42320024 -1.93804833 4.86545106
v 124.33483060 -2.88967308 4.68820899
v 124.20804844 -3.81721004 4.43392332
v 124.04453816 -4.71205529 4.10597242
v 123.84701218 -5.56725298 3.70979659
v 123.61869297 -6.37779098 3.25185911
v 123.36273154 -7.14023674 2.73847990
v 123.08175604 -7.85183568 2.17493024
v 122.77769298 -8.50940279 1.56507408
v 122.45190330 -9.10842947 0.91164107
v 122.10556402 -9.64276503 0.21699195
v 121.74014186 -10.10503519 -0.51593152
v 121.35777846 -10.48769839 -1.28283385
v 120.96144605 -10.78440675 -2.07775369
v 120.55482103 -10.99121825 -2.89331731
v 120.14192948 -11.10724483 -3.72144965
v 119.72670161 -11.13450597 -4.55426792
v 119.31260339 -11.07702680 -5.38482044
v 118.90248053 -10.93947735 -6.20739964
v 118.49866645 -10.72580701 -7.01732539
v 118.10330300 -10.43832780 -7.81030179
v 117.71873906 -10.07754374 -8.58161773
v 117.34783919 -9.64276503 -9.32552779
v 116.99406559 -9.13327718 -10.03508786
v 116.66127983 -8.54965006 -10.70255282
v 116.35331705 -7.89473367 -11.32023060
v 116.07347419 -7.17400821 -11.88150854
v 115.82409292 -6.39518953 -12.38168999
v 115.60639103 -5.56725298 -12.81833243
v 115.42061202 -4.69923582 -13.19094747
v 115.26645060 -3.79924061 -13.50014745
v 115.14361202 -2.87397133 -13.74652354
v 115.05231163 -1.92892501 -13.92964379
v 114.99353736 -0.96911427 -14.04752673
v 114.96897677 -0.00000000 -14.09678766
v 114.98062533 0.97175801 -14.07342425
v 115.03020297 1.93804833 -13.97398689
v 115.11857261 2.88967308 -13.79674482
v 115.24535477 3.81721004 -13.54245915
v 115.40886505 4.71205529 -13.21450826
v 115.60639103 5.56725298 -12.81833243
v 115.83471024 6.37779098 -12.36039495
v 116.09067167 7.14023674 -11.84701573
v 116.37164717 7.85183568 -11.28346607
v 116.67571023 8.50940279 -10.67360992
v 117.00149991 9.10842947 -10.02017691
v 117.34783919 9.64276503 -9.32552779
v 117.71326135 10.10503519 -8.59260431
v 118.09562475 10.48769839 -7.82570198
v 118.49195716 10.78440675 -7.03078214
v 118.89858218 10.99121825 -6.21521852
v 119.31147374 11.10724483 -5.38708618
v 119.72670161 11.13450597 -4.55426792
v 120.14079982 11.07702680 -3.72371539
v 120.55092268 10.93947735 -2.90113620
v 120.95473676 10.72580701 -2.09121045
v 121.35010021 10.43832780 -1.29823405
v 121.73466415 10.07754374 -0.52691810
v 122.10556402 9.64276503 0.21699195
v 122.45933763 9.13327718 0.92655202
v 122.79212338 8.54965006 1.59401699
v 123.10008616 7.89473367 2.21169477
v 123.37992902 7.17400821 2.77297271
v 123.62931029 6.39518953 3.27315416
v 123.84701218 5.56725298 3.70979659
v 124.03279119 4.69923582 4.08241164
v 124.18695261 3.79924061 4.39161162
v 124.30979120 2.87397133 4.63798771
v 124.40109158 1.92892501 4.82110795
v 124.45986585 0.96911427 4.93899089
v 125.35264321 0.00000000 4.55242445
v 125.34060795 -0.97179149 4.52930494
v 125.28932025 -1.93812034 4.43078218
v 125.19788360 -2.88978330 4.25513402
v 125.06668983 -3.81735188 4.00311312
v 124.89748392 -4.71221768 3.67807160
v 124.69307680 -5.56742428 3.28540917
v 124.45680787 -6.37796360 2.83154079
v 124.19194174 -7.14041061 2.32273767
v 123.90119987 -7.85201906 1.76422774
v 123.58657514 -8.50960999 1.15983925
v 123.24947306 -9.10867601 0.51227219
v 122.89110785 -9.64306172 -0.17614098
v 122.51299381 -10.10538342 -0.90249130
v 122.11734517 -10.48808808 -1.66252525
v 121.70723760 -10.78481809 -2.45033457
v 121.28647714 -10.99162666 -3.25860790
v 120.85923242 -11.10762759 -4.07933737
v 120.42957249 -11.13484857 -4.90470641
v 120.00108465 -11.07732662 -5.72782390
v 119.57671262 -10.93974374 -6.54303498
v 119.15886867 -10.72605751 -7.34570573
v 118.74976647 -10.43858198 -8.13158376
v 118.35183462 -10.07781651 -8.89600371
v 117.96803713 -9.64306172 -9.63327184
v 117.60195834 -9.13359192 -10.33650265
v 117.25759741 -8.54996774 -10.99801384
v 116.93892648 -7.89503479 -11.61017500
v 116.64935980 -7.17427478 -12.16642743
v 116.39132098 -6.39540992 -12.66211538
v 116.16606818 -5.56742428 -13.09482199
v 115.97384926 -4.69936302 -13.46407110
v 115.81434337 -3.79933313 -13.77047906
v 115.68724130 -2.87403845 -14.01463987
v 115.59276382 -1.92897198 -14.19612942
v 115.53193405 -0.96914050 -14.31298232
v 115.50650177 -0.00000000 -14.36183728
v 115.51853703 0.97179149 -14.33871776
v 115.56982473 1.93812034 -14.24019500
v 115.66126137 2.88978330 -14.06454684
v 115.79245515 3.81735188 -13.81252594
v 115.96166105 4.71221768 -13.48748442
v 116.16606818 5.56742428 -13.09482199
v 116.40233710 6.37796360 -12.64095361
v 116.66720324 7.14041061 -12.13215049
v 116.95794511 7.85201906 -11.57364056
v 117.27256984 8.50960999 -10.96925207
v 117.60967191 9.10867601 -10.32168502
v 117.96803713 9.64306172 -9.63327184
v 118.34615117 10.10538342 -8.90692153
v 118.74179980 10.48808808 -8.14688757
v 119.15190738 10.78481809 -7.35907826
v 119.57266784 10.99162666 -6.55080493
v 119.99991256 11.10762759 -5.73007546
v 120.42957249 11.13484857 -4.90470641
v 120.85806033 11.07732662 -4.08158893
v 121.28243236 10.93974374 -3.26637785
v 121.70027630 10.72605751 -2.46370710
v 122.10937851 10.43858198 -1.67782907
v 122.50731035 10.07781651 -0.91340911
v 122.89110785 9.64306172 -0.17614098
v 123.25718663 9.13359192 0.52708982
v 123.60154756 8.54996774 1.18860101
v 123.92021849 7.89503479 1.80076217
v 124.20978518 7.17427478 2.35701460
v 124.46782399 6.39540992 2.85270255
v 124.69307680 5.56742428 3.28540917
v 124.88529572 4.69936302 3.65465827
v 125.04480160 3.79933313 3.96106623
v 125.17190368 2.87403845 4.20522705
v 125.26638116 1.92897198 4.38671660
v 125.32721093 0.96914050 4.50356950
v 126.21341485 0.00000000 4.10208845
v 126.20098517 -0.97194249 4.07919582
v 126.14799249 -1.93842338 3.98159546
v 126.05350911 -2.89023617 3.80757871
v 125.91793956 -3.81794875 3.55789066
v 125.74308779 -4.71294985 3.23585377
v 125.53186002 -5.56828188 2.84682060
v 125.28770885 -6.37893748 2.39715008
v 125.01400922 -7.14149386 1.89305807
v 124.71357409 -7.85320744 1.33972540
v 124.38846255 -8.51090097 0.74094443
v 124.04012596 -9.11006685 0.09938824
v 123.66981759 -9.64454712 -0.58263493
v 123.27910098 -10.10695357 -1.30224541
v 122.87026350 -10.48972797 -2.05523038
v 122.44648338 -10.78650823 -2.83573627
v 122.01169425 -10.99334527 -3.63651823
v 121.57020472 -11.10935347 -4.44964079
v 121.12622033 -11.13656375 -5.26735832
v 120.68344828 -11.07901806 -6.08284298
v 120.24493013 -10.94140338 -6.89049294
v 119.81315772 -10.72768086 -7.68571881
v 119.39041749 -10.44016559 -8.46430944
v 118.97921837 -10.07935533 -9.22164402
v 118.58262306 -9.64454712 -9.95208171
v 118.20433614 -9.13501108 -10.64879955
v 117.84849133 -8.55130459 -11.30418416
v 117.51919459 -7.89627206 -11.91067330
v 117.21997502 -7.17539653 -12.46176720
v 116.95333725 -6.39640362 -12.95285288
v 116.72058063 -5.56828188 -13.38153725
v 116.52195976 -4.70008058 -13.74735138
v 116.35714124 -3.79990952 -14.05090933
v 116.22580395 -2.87447342 -14.29280253
v 116.12817527 -1.92926462 -14.47261219
v 116.06531273 -0.96928848 -14.58839058
v 116.03902580 -0.00000000 -14.63680510
v 116.05145548 0.97194249 -14.61391246
v 116.10444816 1.93842338 -14.51631210
v 116.19893154 2.89023617 -14.34229535
v 116.33450109 3.81794875 -14.09260730
v 116.50935286 4.71294985 -13.77057041
v 116.72058063 5.56828188 -13.38153725
v 116.96473180 6.37893748 -12.93186672
v 117.23843143 7.14149386 -12.42777471
v 117.53886656 7.85320744 -11.87444204
v 117.86397810 8.51090097 -11.27566107
v 118.21231469 9.11006685 -10.63410488
v 118.58262306 9.64454712 -9.95208171
v 118.97333967 10.10695357 -9.23247124
v 119.38217715 10.48972797 -8.47948626
v 119.80595728 10.78650823 -7.69898037
v 120.24074640 10.99334527 -6.89819842
v 120.68223593 11.10935347 -6.08507585
v 121.12622033 11.13656375 -5.26735832
v 121.56899237 11.07901806 -4.45187367
v 122.00751052 10.94140338 -3.64422370
v 122.43928294 10.72768086 -2.84899783
v 122.86202316 10.44016559 -2.07040720
v 123.27322229 10.07935533 -1.31307262
v 123.66981759 9.64454712 -0.58263493
v 124.04810451 9.13501108 0.11408290
v 124.40394932 8.55130459 0.76946752
v 124.73324606 7.89627206 1.37595666
v 125.03246563 7.17539653 1.92705056
v 125.29910340 6.39640362 2.41813624
v 125.53186002 5.56828188 2.84682060
v 125.73048089 4.70008058 3.21263473
v 125.89529941 3.79990952 3.51619269
v 126.02663670 2.87447342 3.75808589
v 126.12426538 1.92926462 3.93789555
v 126.18712792 0.96928848 4.05367394
v 127.06510284 0.00000000 3.63487951
v 127.05232762 -0.97216761 3.61229939
v 126.99768778 -1.93888562 3.51572381
v 126.90021647 -2.89093260 3.34344384
v 126.76032877 -3.81885917 3.09619317
v 126.57989146 -4.71404148 2.77727130
v 126.36191440 -5.56951949 2.39199816
v 126.10997320 -6.38029539 1.94669359
v 125.82756095 -7.14296491 1.44753162
v 125.51758525 -7.85480525 0.89965143
v 125.18216897 -8.51265409 0.30680516
v 124.82280219 -9.11200614 -0.32837348
v 124.44076787 -9.64669073 -1.00361683
v 124.03767011 -10.10929457 -1.71608972
v 123.61586384 -10.49222935 -2.46162977
v 123.17862861 -10.78910734 -3.23444043
v 122.73002794 -10.99596674 -4.02733943
v 122.27451434 -11.11192665 -4.83245699
v 121.81643291 -11.13903898 -5.64211318
v 121.35961089 -11.08137649 -6.44954337
v 120.90718400 -10.94365715 -7.24920518
v 120.46171713 -10.72986352 -8.03656521
v 120.02556216 -10.44231611 -8.80746651
v 119.60130259 -10.08150096 -9.55734277
v 119.19209795 -9.64669073 -10.28060952
v 118.80177540 -9.13712696 -10.97050229
v 118.43460897 -8.55334373 -11.61946676
v 118.09484505 -7.89817474 -12.21999745
v 117.78613208 -7.17710757 -12.76564578
v 117.51105580 -6.39788517 -13.25184147
v 117.27095142 -5.56951949 -13.67622452
v 117.06607060 -4.70108110 -14.03835013
v 116.89605597 -3.80069224 -14.33884998
v 116.76056480 -2.87505826 -14.57832982
v 116.65982611 -1.92966202 -14.75638485
v 116.59493331 -0.96949482 -14.87108247
v 116.56776298 -0.00000000 -14.91910587
v 116.58053820 0.97216761 -14.89652575
v 116.63517804 1.93888562 -14.79995016
v 116.73264935 2.89093260 -14.62767020
v 116.87253705 3.81885917 -14.38041952
v 117.05297437 4.71404148 -14.06149765
v 117.27095142 5.56951949 -13.67622452
v 117.52289262 6.38029539 -13.23091994
v 117.80530488 7.14296491 -12.73175798
v 118.11528058 7.85480525 -12.18387778
v 118.45069686 8.51265409 -11.59103152
v 118.81006364 9.11200614 -10.95585288
v 119.19209795 9.64669073 -10.28060952
v 119.59519571 10.10929457 -9.56813664
v 120.01700198 10.49222935 -8.82259659
v 120.45423721 10.78910734 -8.04978593
v 120.90283788 10.99596674 -7.25688692
v 121.35835148 11.11192665 -6.45176937
v 121.81643291 11.13903898 -5.64211318
v 122.27325493 11.08137649 -4.83468299
v 122.72568182 10.94365715 -4.03502117
v 123.17114869 10.72986352 -3.24766115
v 123.60730366 10.44231611 -2.47675985
v 124.03156323 10.08150096 -1.72688359
v 124.44076787 9.64669073 -1.00361683
v 124.83109042 9.13712696 -0.31372407
v 125.19825685 8.55334373 0.33524040
v 125.53802077 7.89817474 0.93577110
v 125.84673374 7.17710757 1.48141942
v 126.12181003 6.39788517 1.96761511
v 126.36191440 5.56951949 2.39199816
v 126.56679522 4.70108110 2.75412378
v 126.73680985 3.80069224 3.05462363
v 126.87230102 2.87505826 3.29410346
v 126.97303971 1.92966202 3.47215849
v 127.03793251 0.96949482 3.58685612
v 127.91040586 0.00000000 3.15618966
v 127.89721267 -0.97219199 3.13379207
v 127.84087181 -1.93892786 3.03814427
v 127.74039144 -2.89099211 2.86756244
v 127.59620057 -3.81894238 2.62277492
v 127.41022074 -4.71415969 2.30704383
v 127.18554892 -5.56968424 1.92562676
v 126.92586422 -6.38051294 1.48476963
v 126.63476192 -7.14323214 0.99057599
v 126.31523656 -7.85510866 0.44812957
v 125.96947720 -8.51297257 -0.13885334
v 125.59902349 -9.11231684 -0.76775895
v 125.20520293 -9.64697609 -1.43633359
v 124.78967354 -10.10954809 -2.14176251
v 124.35486531 -10.49245796 -2.87992039
v 123.90415865 -10.78932944 -3.64506847
v 123.44173980 -10.99620633 -4.43009990
v 122.97219492 -11.11220531 -5.22722892
v 122.50000000 -11.13936849 -6.02885683
v 122.02909904 -11.08175434 -6.82828802
v 121.56272557 -10.94406658 -7.62003307
v 121.10352650 -10.73027798 -8.39959839
v 120.65392974 -10.44270678 -9.16286223
v 120.21660090 -10.08184472 -9.90529927
v 119.79479707 -9.64697609 -10.62138007
v 119.39246087 -9.13735610 -11.30441141
v 119.01399350 -8.55353010 -11.94692149
v 118.66376722 -7.89833733 -12.54148774
v 118.34553923 -7.17726395 -13.08173165
v 118.06197418 -6.39804562 -13.56312959
v 117.81445108 -5.56968424 -13.98334042
v 117.60323482 -4.70124140 -14.34191448
v 117.42796364 -3.80083443 -14.63946589
v 117.28828994 -2.87516932 -14.87658479
v 117.18445254 -1.92973422 -15.05286572
v 117.11757741 -0.96952788 -15.16639716
v 117.08959414 -0.00000000 -15.21390332
v 117.10278733 0.97219199 -15.19150572
v 117.15912819 1.93892786 -15.09585793
v 117.25960856 2.89099211 -14.92527610
v 117.40379943 3.81894238 -14.68048858
v 117.58977926 4.71415969 -14.36475749
v 117.81445108 5.56968424 -13.98334042
v 118.07413578 6.38051294 -13.54248329
v 118.36523808 7.14323214 -13.04828965
v 118.68476344 7.85510866 -12.50584323
v 119.03052280 8.51297257 -11.91886032
v 119.40097651 9.11231684 -11.28995471
v 119.79479707 9.64697609 -10.62138007
v 120.21032646 10.10954809 -9.91595115
v 120.64513469 10.49245796 -9.17779326
v 121.09584135 10.78932944 -8.41264519
v 121.55826020 10.99620633 -7.62761376
v 122.02780508 11.11220531 -6.83048474
v 122.50000000 11.13936849 -6.02885683
v 122.97090096 11.08175434 -5.22942564
v 123.43727443 10.94406658 -4.43768059
v 123.89647350 10.73027798 -3.65811527
v 124.34607026 10.44270678 -2.89485143
v 124.78339910 10.08184472 -2.15241439
v 125.20520293 9.64697609 -1.43633359
v 125.60753913 9.13735610 -0.75330225
v 125.98600650 8.55353010 -0.11079217
v 126.33623278 7.89833733 0.48377408
v 126.65446077 7.17726395 1.02401799
v 126.93802582 6.39804562 1.50541593
v 127.18554892 5.56968424 1.92562676
v 127.39676518 4.70124140 2.28420082
v 127.57203636 3.80083443 2.58175223
v 127.71171006 2.87516932 2.81887113
v 127.81554746 1.92973422 2.99515206
v 127.88242259 0.96952788 3.10868350
v 128.74663557 0.00000000 2.66181547
v 128.73305189 -0.97207763 2.63964892
v 128.67504884 -1.93869939 2.54499655
v 128.57160564 -2.89065124 2.37619258
v 128.42316401 -3.81849237 2.13395786
v 128.23170200 -4.71360514 1.82152025
v 128.00040749 -5.56903056 1.44408193
v 127.73306769 -6.37976584 1.00782302
v 127.43338352 -7.14239716 0.51878290
v 127.10443765 -7.85419105 -0.01800798
v 126.74848373 -8.51197748 -0.59887199
v 126.36710701 -9.11124987 -1.22122222
v 125.96167447 -9.64584388 -1.88282800
v 125.53389328 -10.10835884 -2.58090346
v 125.08626524 -10.49122157 -3.31136603
v 124.62227040 -10.78805729 -4.06853680
v 124.14621826 -10.99491058 -4.84538327
v 123.66283000 -11.11089811 -5.63420122
v 123.17671337 -11.13806113 -6.42747147
v 122.69192859 -11.08045677 -7.21856833
v 122.21180458 -10.94278732 -8.00205950
v 121.73906651 -10.72902450 -8.77349793
v 121.27621406 -10.44148613 -9.52880447
v 120.82599160 -10.08066423 -10.26350075
v 120.39175227 -9.64584388 -10.97211494
v 119.97755476 -9.13628121 -11.64802385
v 119.58792977 -8.55252218 -12.28383404
v 119.22737813 -7.89740605 -12.87220084
v 118.89976762 -7.17641821 -13.40681261
v 118.60784138 -6.39729297 -13.88319294
v 118.35301925 -5.56903056 -14.29902486
v 118.13557427 -4.70069093 -14.65386282
v 117.95513443 -3.80039015 -14.94831387
v 117.81134223 -2.87483345 -15.18296142
v 117.70444371 -1.92950865 -15.35740395
v 117.63559796 -0.96941435 -15.46975000
v 117.60679117 -0.00000000 -15.51675841
v 117.62037485 0.97207763 -15.49459186
v 117.67837790 1.93869939 -15.39993948
v 117.78182111 2.89065124 -15.23113551
v 117.93026273 3.81849237 -14.98890080
v 118.12172475 4.71360514 -14.67646319
v 118.35301925 5.56903056 -14.29902486
v 118.62035905 6.37976584 -13.86276596
v 118.92004322 7.14239716 -13.37372584
v 119.24898909 7.85419105 -12.83693496
v 119.60494302 8.51197748 -12.25607095
v 119.98631973 9.11124987 -11.63372072
v 120.39175227 9.64584388 -10.97211494
v 120.81953346 10.10835884 -10.27403948
v 121.26716150 10.49122157 -9.54357691
v 121.73115635 10.78805729 -8.78640614
v 122.20720848 10.99491058 -8.00955966
v 122.69059674 11.11089811 -7.22074171
v 123.17671337 11.13806113 -6.42747147
v 123.66149815 11.08045677 -5.63637460
v 124.14162216 10.94278732 -4.85288344
v 124.61436024 10.72902450 -4.08144501
v 125.07721268 10.44148613 -3.32613846
v 125.52743514 10.08066423 -2.59144218
v 125.96167447 9.64584388 -1.88282800
v 126.37587198 9.13628121 -1.20691909
v 126.76549697 8.55252218 -0.57110889
v 127.12604861 7.89740605 0.01725791
v 127.45365912 7.17641821 0.55186967
v 127.74558537 6.39729297 1.02825000
v 128.00040749 5.56903056 1.44408193
v 128.21785247 4.70069093 1.79891988
v 128.39829231 3.80039015 2.09337093
v 128.54208452 2.87483345 2.32801849
v 128.64898304 1.92950865 2.50246102
v 128.71782878 0.96941435 2.61480707
v 129.57588910 0.00000000 2.15571270
v 129.56184595 -0.97146152 2.13366937
v 129.50213086 -1.93745325 2.03993545
v 129.39570765 -2.88878373 1.87288449
v 129.24303405 -3.81603795 1.63323494
v 129.04613676 -4.71061764 1.32416810
v 128.80827867 -5.56556930 0.95080569
v 128.53333630 -6.37587927 0.51923262
v 128.22510081 -7.13811054 0.03539981
v 127.88673552 -7.84950325 -0.49572732
v 127.52056091 -8.50686888 -1.07050632
v 127.12821821 -9.10569926 -1.68636100
v 126.71112799 -9.63984880 -2.34106149
v 126.27105940 -10.10195214 -3.03183081
v 125.81059310 -10.48447811 -3.75461812
v 125.33330827 -10.78108766 -4.50380524
v 124.84363067 -10.98784337 -5.27244510
v 124.34640651 -11.10385600 -6.05293069
v 123.84636689 -11.13113860 -6.83783567
v 123.34768499 -11.07370651 -7.62060946
v 122.85378849 -10.93621982 -8.39587167
v 122.36748933 -10.72262084 -9.15920845
v 121.89136909 -10.43521950 -9.90656753
v 121.42825797 -10.07452305 -10.63350637
v 120.98160579 -9.63984880 -11.33460986
v 120.55558034 -9.13049062 -12.00333585
v 120.15482914 -8.54702487 -12.63238924
v 119.78396750 -7.89230393 -13.21452540
v 119.44696351 -7.17180541 -13.74351571
v 119.14663664 -6.39323836 -14.21493446
v 118.88445511 -5.56556930 -14.62647704
v 118.66071557 -4.69782725 -14.97767775
v 118.47505457 -3.79810929 -15.26910715
v 118.32712071 -2.87311759 -15.50131680
v 118.21717507 -1.92835062 -15.67389688
v 118.14640665 -0.96882378 -15.78498105
v 118.11684468 -0.00000000 -15.83138405
v 118.13088783 0.97146152 -15.80934072
v 118.19060293 1.93745325 -15.71560680
v 118.29702613 2.88878373 -15.54855583
v 118.44969973 3.81603795 -15.30890628
v 118.64659702 4.71061764 -14.99983944
v 118.88445511 5.56556930 -14.62647704
v 119.15939748 6.37587927 -14.19490396
v 119.46763297 7.13811054 -13.71107115
v 119.80599826 7.84950325 -13.17994403
v 120.17217287 8.50686888 -12.60516503
v 120.56451558 9.10569926 -11.98931035
v 120.98160579 9.63984880 -11.33460986
v 121.42167438 10.10195214 -10.64384054
v 121.88214068 10.48447811 -9.92105323
v 122.35942551 10.78108766 -9.17186611
v 122.84910311 10.98784337 -8.40322625
v 123.34632727 11.10385600 -7.62274066
v 123.84636689 11.13113860 -6.83783567
v 124.34504879 11.07370651 -6.05506188
v 124.83894529 10.93621982 -5.27979968
v 125.32524445 10.72262084 -4.51646290
v 125.80136469 10.43521950 -3.76910382
v 126.26447581 10.07452305 -3.04216498
v 126.71112799 9.63984880 -2.34106149
v 127.13715344 9.13049062 -1.67233549
v 127.53790464 8.54702487 -1.04328210
v 127.90876628 7.89230393 -0.46114595
v 128.24577027 7.17180541 0.06784436
v 128.54609714 6.39323836 0.53926311
v 128.80827867 5.56556930 0.95080569
v 129.03201821 4.69782725 1.30200641
v 129.21767921 3.79810929 1.59343580
v 129.36561307 2.87311759 1.82564546
v 129.47555871 1.92835062 1.99822554
v 129.54632713 0.96882378 2.10930970
v 130.39638916 0.00000000 1.63541807
v 130.38188027 -0.97087600 1.61349753
v 130.32046159 -1.93626667 1.52070403
v 130.21108381 -2.88700426 1.35545223
v 130.05422095 -3.81370085 1.11845831
v 129.85194676 -4.70777845 0.81285534
v 129.60759596 -5.56228888 0.44368155
v 129.32513067 -6.37220632 0.01692304
v 129.00842904 -7.13406840 -0.46156092
v 128.66073317 -7.84508643 -0.98687208
v 128.28443008 -8.50205164 -1.55540403
v 127.88121802 -9.10045376 -2.16459100
v 127.45257287 -9.63416695 -2.81220318
v 127.00032708 -10.09586347 -3.49547204
v 126.52714054 -10.47805698 -4.21037891
v 126.03669055 -10.77444658 -4.95136802
v 125.53351697 -10.98111396 -5.71158037
v 125.02258832 -11.09716347 -6.48350936
v 124.50875658 -11.12457776 -7.25982444
v 123.99630634 -11.06732730 -8.03405230
v 123.48876364 -10.93002690 -8.80086567
v 122.98902767 -10.71658736 -9.55588436
v 122.49976266 -10.42931028 -10.29508315
v 122.02388498 -10.06871944 -11.01405590
v 121.56494028 -9.63416695 -11.70744570
v 121.12720339 -9.12498747 -12.36879401
v 120.71543553 -8.54179031 -12.99090738
v 120.33436332 -7.88744232 -13.56664469
v 119.98805259 -7.16741310 -14.08986312
v 119.67939813 -6.38938502 -14.55618915
v 119.40991719 -5.56228888 -14.96333043
v 119.17993225 -4.69512098 -15.31079978
v 118.98909117 -3.79595851 -15.59912920
v 118.83705107 -2.87150093 -15.82883673
v 118.72408916 -1.92725864 -15.99950356
v 118.65142354 -0.96826567 -16.10928934
v 118.62112399 -0.00000000 -16.15506696
v 118.63563288 0.97087600 -16.13314641
v 118.69705156 1.93626667 -16.04035291
v 118.80642934 2.88700426 -15.87510111
v 118.96329220 3.81370085 -15.63810719
v 119.16556639 4.70777845 -15.33250423
v 119.40991719 5.56228888 -14.96333043
v 119.69238249 6.37220632 -14.53657192
v 120.00908411 7.13406840 -14.05808797
v 120.35677998 7.84508643 -13.53277681
v 120.73308307 8.50205164 -12.96424486
v 121.13629513 9.10045376 -12.35505788
v 121.56494028 9.63416695 -11.70744570
v 122.01718607 10.09586347 -11.02417685
v 122.49037261 10.47805698 -10.30926998
v 122.98082260 10.77444658 -9.56828087
v 123.48399618 10.98111396 -8.80806852
v 123.99492483 11.09716347 -8.03613952
v 124.50875658 11.12457776 -7.25982444
v 125.02120681 11.06732730 -6.48559659
v 125.52874952 10.93002690 -5.71878321
v 126.02848549 10.71658736 -4.96376452
v 126.51775049 10.42931028 -4.22456574
v 126.99362817 10.06871944 -3.50559299
v 127.45257287 9.63416695 -2.81220318
v 127.89030976 9.12498747 -2.15085488
v 128.30207762 8.54179031 -1.52874151
v 128.68314983 7.88744232 -0.95300420
v 129.02946056 7.16741310 -0.42978577
v 129.33811502 6.38938502 0.03654026
v 129.60759596 5.56228888 0.44368155
v 129.83758090 4.69512098 0.79115089
v 130.02842198 3.79595851 1.07948031
v 130.18046208 2.87150093 1.30918784
v 130.29342400 1.92725864 1.47985468
v 130.36608961 0.96826567 1.58964045
v 131.20818198 0.00000000 1.10149477
v 131.19318902 -0.97039667 1.07967987
v 131.13006447 -1.93528786 0.98783308
v 131.01775032 -2.88553238 0.82441499
v 130.85673783 -3.81177297 0.59014035
v 130.64914488 -4.70545417 0.28809074
v 130.39837236 -5.55963262 -0.07678555
v 130.10846129 -6.36926655 -0.49860877
v 129.78337123 -7.13086198 -0.97161774
v 129.42641998 -7.84159464 -1.49098503
v 129.04006131 -8.49823038 -2.05314038
v 128.62605333 -9.09625533 -2.65552573
v 128.18593132 -9.62956616 -3.29590723
v 127.72159463 -10.09087903 -3.97152130
v 127.23578401 -10.47276016 -4.67838015
v 126.73227390 -10.76895344 -5.41099191
v 126.21571510 -10.97556283 -6.16258962
v 125.69119428 -11.09168467 -6.92577214
v 125.16368066 -11.11926523 -7.69330924
v 124.63756828 -11.06222147 -8.45880749
v 124.11648182 -10.92511438 -9.21699300
v 123.60340977 -10.71181748 -9.96351746
v 123.10110159 -10.42462281 -10.69438040
v 122.61256135 -10.06407430 -11.40521086
v 122.14142999 -9.62956616 -12.09071124
v 121.69208627 -9.12048236 -12.74451041
v 121.26940020 -8.53747231 -13.35952246
v 120.87820423 -7.88342106 -13.92871613
v 120.52265793 -7.16378986 -14.44603921
v 120.20573006 -6.38623050 -14.90717212
v 119.92898896 -5.55963262 -15.30983292
v 119.69278765 -4.69295492 -15.65350796
v 119.49679125 -3.79425241 -15.93868449
v 119.34067045 -2.87022284 -16.16584166
v 119.22472093 -1.92639243 -16.33454925
v 119.15018867 -0.96781897 -16.44299436
v 119.11917933 -0.00000000 -16.48811324
v 119.13417229 0.97039667 -16.46629834
v 119.19729684 1.93528786 -16.37445155
v 119.30961099 2.88553238 -16.21103346
v 119.47062348 3.81177297 -15.97675882
v 119.67821643 4.70545417 -15.67470921
v 119.92898896 5.55963262 -15.30983292
v 120.21890002 6.36926655 -14.88800970
v 120.54399008 7.13086198 -14.41500073
v 120.90094133 7.84159464 -13.89563344
v 121.28730000 8.49823038 -13.33347809
v 121.70130798 9.09625533 -12.73109274
v 122.14142999 9.62956616 -12.09071124
v 122.60576668 10.09087903 -11.41509717
v 123.09157730 10.47276016 -10.70823832
v 123.59508742 10.76895344 -9.97562656
v 124.11164621 10.97556283 -9.22402885
v 124.63616703 11.09168467 -8.46084633
v 125.16368066 11.11926523 -7.69330924
v 125.68979303 11.06222147 -6.92781098
v 126.21087949 10.92511438 -6.16962547
v 126.72395154 10.71181748 -5.42310101
v 127.22625972 10.42462281 -4.69223807
v 127.71479996 10.06407430 -3.98140761
v 128.18593132 9.62956616 -3.29590723
v 128.63527504 9.12048236 -2.64210806
v 129.05796112 8.53747231 -2.02709601
v 129.44915708 7.88342106 -1.45790234
v 129.80470339 7.16378986 -0.94057926
v 130.12163126 6.38623050 -0.47944635
v 130.39837236 5.55963262 -0.07678555
v 130.63457367 4.69295492 0.26688949
v 130.83057007 3.79425241 0.55206602
v 130.98669086 2.87022284 0.77922319
v 131.10264038 1.92639243 0.94793078
v 131.17717264 0.96781897 1.05637589
v 132.01158537 0.00000000 0.55482670
v 131.99606683 -0.97007029 0.53307052
v 131.93121314 -1.93460536 0.44214899
v 131.81596626 -2.88449756 0.28057883
v 131.65083664 -3.81042872 0.04907564
v 131.43798117 -4.70387156 -0.24933673
v 131.18085636 -5.55788695 -0.60981242
v 130.88356986 -6.36740938 -1.02659271
v 130.55015239 -7.12889998 -1.49402677
v 130.18399233 -7.83948433 -2.00736424
v 129.78761131 -8.49589216 -2.56306994
v 129.36283356 -9.09360302 -3.15858638
v 128.91126250 -9.62654258 -3.79166565
v 128.43487220 -10.08748511 -4.45954023
v 127.93648832 -10.46906687 -5.15824866
v 127.41998167 -10.76509144 -5.88236427
v 126.89010898 -10.97169222 -6.62521838
v 126.35206815 -11.08795414 -7.37952381
v 125.81093964 -11.11577390 -8.13815801
v 125.27122438 -11.05899592 -8.89481089
v 124.73664732 -10.92210842 -9.64426028
v 124.21029126 -10.70893475 -10.38218427
v 123.69499684 -10.42175456 -11.10460041
v 123.19385996 -10.06113979 -11.80716840
v 122.71061677 -9.62654258 -12.48465036
v 122.24974500 -9.11741482 -13.13076875
v 121.81621481 -8.53446150 -13.73855566
v 121.41495505 -7.88059388 -14.30110110
v 121.05021198 -7.16126350 -14.81245203
v 120.72502661 -6.38408258 -15.26834509
v 120.44102291 -5.55788695 -15.66650360
v 120.19859415 -4.69158653 -16.00637619
v 119.99743457 -3.79320845 -16.28839152
v 119.83723856 -2.86945042 -16.51297804
v 119.71832516 -1.92586240 -16.67968847
v 119.64196603 -0.96753677 -16.78674003
v 119.61029391 -0.00000000 -16.83114271
v 119.62581244 0.97007029 -16.80938653
v 119.69066613 1.93460536 -16.71846501
v 119.80591301 2.88449756 -16.55689484
v 119.97104263 3.81042872 -16.32539166
v 120.18389810 4.70387156 -16.02697929
v 120.44102291 5.55788695 -15.66650360
v 120.73830941 6.36740938 -15.24972330
v 121.07172689 7.12889998 -14.78228924
v 121.43788694 7.83948433 -14.26895178
v 121.83426796 8.49589216 -13.71324607
v 122.25904571 9.09360302 -13.11772964
v 122.71061677 9.62654258 -12.48465036
v 123.18700708 10.08748511 -11.81677578
v 123.68539095 10.46906687 -11.11806736
v 124.20189760 10.76509144 -10.39395174
v 124.73177029 10.97169222 -9.65109763
v 125.26981112 11.08795414 -8.89679220
v 125.81093964 11.11577390 -8.13815801
v 126.35065489 11.05899592 -7.38150512
v 126.88523195 10.92210842 -6.63205573
v 127.41158801 10.70893475 -5.89413174
v 127.92688244 10.42175456 -5.17171561
v 128.42801932 10.06113979 -4.46914761
v 128.91126250 9.62654258 -3.79166565
v 129.37213427 9.11741482 -3.14554726
v 129.80566446 8.53446150 -2.53776035
v 130.20692423 7.88059388 -1.97521491
v 130.57166729 7.16126350 -1.46386399
v 130.89685266 6.38408258 -1.00797092
v 131.18085636 5.55788695 -0.60981242
v 131.42328512 4.69158653 -0.26993983
v 131.62444470 3.79320845 0.01207550
v 131.78464071 2.86945042 0.23666203
v 131.90355411 1.92586240 0.40337246
v 131.97991324 0.96753677 0.51042402
v 132.80561020 0.00000000 -0.00557558
v 132.78955531 -0.96985378 -0.02727251
v 132.72297795 -1.93414030 -0.11724665
v 132.60482321 -2.88378601 -0.27692362
v 132.43562131 -3.80951272 -0.50558687
v 132.21756591 -4.70282171 -0.80027183
v 131.95416495 -5.55677743 -1.15623779
v 131.64958771 -6.36628863 -1.56785030
v 131.30793178 -7.12776873 -2.02957180
v 130.93265374 -7.83829012 -2.53673096
v 130.52634288 -8.49454399 -3.08582857
v 130.09089135 -9.09200242 -3.67430755
v 129.62797327 -9.62462083 -4.29990542
v 129.13963966 -10.08523371 -4.95985042
v 128.62880192 -10.46655019 -5.65020801
v 128.09942614 -10.76243589 -6.36561832
v 127.55637231 -10.96905471 -7.09951345
v 127.00494615 -11.08547946 -7.84472313
v 126.45033635 -11.11355485 -8.59423525
v 125.89714892 -11.05704939 -9.34182516
v 125.34920886 -10.92037525 -10.08232365
v 124.80969432 -10.70730342 -10.81143571
v 124.28153858 -10.42010079 -11.52519723
v 123.76793009 -10.05936890 -12.21929926
v 123.27269943 -9.62462083 -12.88856509
v 122.80042070 -9.11537993 -13.52681316
v 122.35616032 -8.53240989 -14.12719661
v 121.94493928 -7.87864988 -14.68292995
v 121.57108736 -7.15954199 -15.18816183
v 121.23771659 -6.38265774 -15.63868656
v 120.94650776 -5.55677743 -16.03223271
v 120.69789756 -4.69076075 -16.36821011
v 120.49161344 -3.79260652 -16.64698710
v 120.32737694 -2.86901330 -16.86894000
v 120.20553205 -1.92555680 -17.03360391
v 120.12737510 -0.96736647 -17.13922697
v 120.09506251 -0.00000000 -17.18289492
v 120.11111739 0.96985378 -17.16119799
v 120.17769475 1.93414030 -17.07122386
v 120.29584949 2.88378601 -16.91154689
v 120.46505140 3.80951272 -16.68288364
v 120.68310680 4.70282171 -16.38819868
v 120.94650776 5.55677743 -16.03223271
v 121.25108499 6.36628863 -15.62062020
v 121.59274093 7.12776873 -15.15889871
v 121.96801897 7.83829012 -14.65173954
v 122.37432982 8.49454399 -14.10264194
v 122.80978136 9.09200242 -13.51416296
v 123.27269943 9.62462083 -12.88856509
v 123.76103304 10.08523371 -12.22862009
v 124.27187079 10.46655019 -11.53826250
v 124.80124657 10.76243589 -10.82285219
v 125.34430040 10.96905471 -10.08895706
v 125.89572656 11.08547946 -9.34374737
v 126.45033635 11.11355485 -8.59423525
v 127.00352378 11.05704939 -7.84664535
v 127.55146384 10.92037525 -7.10614686
v 128.09097838 10.70730342 -6.37703480
v 128.61913413 10.42010079 -5.66327328
v 129.13274261 10.05936890 -4.96917124
v 129.62797327 9.62462083 -4.29990542
v 130.10025200 9.11537993 -3.66165735
v 130.54451239 8.53240989 -3.06127389
v 130.95573343 7.87864988 -2.50554055
v 131.32958535 7.15954199 -2.00030868
v 131.66295611 6.38265774 -1.54978395
v 131.95416495 5.55677743 -1.15623779
v 132.20277514 4.69076075 -0.82026040
v 132.40905927 3.79260652 -0.54148340
v 132.57329577 2.86901330 -0.31953051
v 132.69514066 1.92555680 -0.15486659
v 132.77329761 0.96736647 -0.04924354
v 133.59131179 0.00000000 -0.57787957
v 133.57465634 -0.96969400 -0.59958538
v 133.50631189 -1.93377583 -0.68865360
v 133.38523951 -2.88321761 -0.84643820
v 133.21199222 -3.80879485 -1.07221846
v 132.98879301 -4.70204691 -1.36309733
v 132.71918597 -5.55604215 -1.71445607
v 132.40738411 -6.36565324 -2.12080417
v 132.05753709 -7.12722738 -2.57673367
v 131.67316248 -7.83776333 -3.07766042
v 131.25691922 -8.49389883 -3.62011921
v 130.81077697 -9.09109499 -4.20154309
v 130.33649392 -9.62334729 -4.81964081
v 129.83620992 -10.08357215 -5.47162360
v 129.31292866 -10.46457786 -6.15357703
v 128.77071078 -10.76031460 -6.86020912
v 128.21451268 -10.96698769 -7.58506059
v 127.64973821 -11.08365310 -8.32108902
v 127.08167604 -11.11208430 -9.06140205
v 126.51503393 -11.05594583 -9.79986442
v 125.95373991 -10.91954585 -10.53135703
v 125.40107536 -10.70658382 -11.25160349
v 124.86007555 -10.41930938 -11.95664818
v 124.33402803 -10.05836492 -12.64220665
v 123.82685817 -9.62334729 -13.30316329
v 123.34322962 -9.11387815 -13.93344028
v 122.88829281 -8.53080203 -14.52632548
v 122.46714732 -7.87709700 -15.07517297
v 122.08419651 -7.15819284 -15.57424418
v 121.74262124 -6.38160618 -16.01939373
v 121.44416611 -5.55604215 -16.40834803
v 121.18932587 -4.69029259 -16.74046230
v 120.97787886 -3.79231848 -17.01602541
v 120.80958893 -2.86882049 -17.23534512
v 120.68483238 -1.92541055 -17.39793102
v 120.60492710 -0.96726993 -17.50206560
v 120.57204029 -0.00000000 -17.54492453
v 120.58869574 0.96969400 -17.52321872
v 120.65704019 1.93377583 -17.43415050
v 120.77811258 2.88321761 -17.27636590
v 120.95135987 3.80879485 -17.05058563
v 121.17455907 4.70204691 -16.75970676
v 121.44416611 5.55604215 -16.40834803
v 121.75596798 6.36565324 -16.00199993
v 122.10581499 7.12722738 -15.54607042
v 122.49018960 7.83776333 -15.04514367
v 122.90643287 8.49389883 -14.50268489
v 123.35257511 9.09109499 -13.92126100
v 123.82685817 9.62334729 -13.30316329
v 124.32714216 10.08357215 -12.65118049
v 124.85042343 10.46457786 -11.96922707
v 125.39264130 10.76031460 -11.26259498
v 125.94883940 10.96698769 -10.53774350
v 126.51361387 11.08365310 -9.80171508
v 127.08167604 11.11208430 -9.06140205
v 127.64831815 11.05594583 -8.32293967
v 128.20961217 10.91954585 -7.59144706
v 128.76227672 10.70658382 -6.87120060
v 129.30327653 10.41930938 -6.16615592
v 129.82932405 10.05836492 -5.48059745
v 130.33649392 9.62334729 -4.81964081
v 130.82012246 9.11387815 -4.18936382
v 131.27505928 8.53080203 -3.59647862
v 131.69620477 7.87709700 -3.04763113
v 132.07915558 7.15819284 -2.54855992
v 132.42073084 6.38160618 -2.10341036
v 132.71918597 5.55604215 -1.71445607
v 132.97402622 4.69029259 -1.38234180
v 133.18547322 3.79231848 -1.10677869
v 133.35376316 2.86882049 -0.88745898
v 133.47851971 1.92541055 -0.72487308
v 133.55842499 0.96726993 -0.62073849
v 134.36521569 0.00000000 -1.16618373
v 134.34802914 -0.96991029 -1.18779018
v 134.27799786 -1.93417627 -1.27583157
v 134.15408754 -2.88379782 -1.43160819
v 133.97687086 -3.80958357 -1.65440009
v 133.74860579 -4.70309571 -1.94136862
v 133.47288469 -5.55740292 -2.28799755
v 133.15397850 -6.36735185 -2.68891757
v 132.79610034 -7.12924382 -3.13883209
v 132.40283337 -7.84002699 -3.63323642
v 131.97690283 -8.49630193 -4.16870450
v 131.52034579 -9.09352085 -4.74267537
v 131.03499104 -9.62570422 -5.35284991
v 130.52305498 -10.08582130 -5.99644174
v 129.98762572 -10.46674484 -6.66956857
v 129.43285678 -10.76248000 -7.36700871
v 128.86380445 -10.96925872 -8.08240555
v 128.28597657 -11.08612532 -8.80883475
v 127.70476639 -11.11480585 -9.53951609
v 127.12498376 -11.05889599 -10.26840275
v 126.55065468 -10.92263522 -10.99043336
v 125.98515453 -10.70967604 -11.70136449
v 125.43161007 -10.42225723 -12.39726524
v 124.89339997 -10.06104888 -13.07388807
v 124.37454174 -9.62570422 -13.72618227
v 123.87979223 -9.11591101 -14.34816764
v 123.41439425 -8.53256857 -14.93325309
v 122.98353563 -7.87868218 -15.47491661
v 122.59169998 -7.15967514 -15.96752154
v 122.24213717 -6.38302961 -16.40698222
v 121.93664809 -5.55740292 -16.79103463
v 121.67577165 -4.69154414 -17.11900127
v 121.45932073 -3.79339140 -17.39111736
v 121.28708755 -2.86964905 -17.60764415
v 121.15947364 -1.92595529 -17.76807683
v 121.07782057 -0.96752803 -17.87072879
v 121.04431709 -0.00000000 -17.91284845
v 121.06150364 0.96991029 -17.89124199
v 121.13153492 1.93417627 -17.80320061
v 121.25544524 2.88379782 -17.64742398
v 121.43266192 3.80958357 -17.42463208
v 121.66092699 4.70309571 -17.13766356
v 121.93664809 5.55740292 -16.79103463
v 122.25555428 6.36735185 -16.39011460
v 122.61343244 7.12924382 -15.94020009
v 123.00669941 7.84002699 -15.44579575
v 123.43262995 8.49630193 -14.91032767
v 123.88918699 9.09352085 -14.33635681
v 124.37454174 9.62570422 -13.72618227
v 124.88647779 10.08582130 -13.08259044
v 125.42190706 10.46674484 -12.40946360
v 125.97667600 10.76248000 -11.71202346
v 126.54572833 10.96925872 -10.99662663
v 127.12355621 11.08612532 -10.27019743
v 127.70476639 11.11480585 -9.53951609
v 128.28454902 11.05889599 -8.81062942
v 128.85887810 10.92263522 -8.08859882
v 129.42437825 10.70967604 -7.37766769
v 129.97792271 10.42225723 -6.68176693
v 130.51613281 10.06104888 -6.00514410
v 131.03499104 9.62570422 -5.35284991
v 131.52974055 9.11591101 -4.73086454
v 131.99513853 8.53256857 -4.14577908
v 132.42599715 7.87868218 -3.60411556
v 132.81783280 7.15967514 -3.11151064
v 133.16739561 6.38302961 -2.67204996
v 133.47288469 5.55740292 -2.28799755
v 133.73376113 4.69154414 -1.96003091
v 133.95021204 3.79339140 -1.68791482
v 134.12244523 2.86964905 -1.47138802
v 134.25005914 1.92595529 -1.31095535
v 134.33171220 0.96752803 -1.20830338
v 135.12614203 0.00000000 -1.77121472
v 135.10853326 -0.97011113 -1.79257586
v 135.03693209 -1.93456746 -1.87943503
v 134.91029032 -2.88437600 -2.03306378
v 134.72919532 -3.81035407 -2.25274958
v 134.49594956 -4.70406958 -2.53569931
v 134.21421387 -5.55859034 -2.87747204
v 133.88834075 -6.36875442 -3.27278774
v 133.52262577 -7.13084879 -3.71643549
v 133.12072590 -7.84180592 -4.20397902
v 132.68542765 -8.49821467 -4.73203801
v 132.21881957 -9.09552393 -5.29807888
v 131.72277981 -9.62776089 -5.89982323
v 131.19958175 -10.08790976 -6.53451323
v 130.65238590 -10.46886176 -7.19831488
v 130.08543662 -10.76463778 -7.88607935
v 129.50389665 -10.97147727 -8.59154375
v 128.91338825 -11.08842092 -9.30788771
v 128.31941760 -11.11718068 -10.02843173
v 127.72689801 -11.06133199 -10.74721547
v 127.13994606 -10.92509418 -11.45924512
v 126.56201679 -10.71210609 -12.16032939
v 125.99631217 -10.42460354 -12.84658397
v 125.44628966 -10.06326508 -13.51381463
v 124.91605538 -9.62776089 -14.15704024
v 124.41046609 -9.11779864 -14.77036910
v 123.93487140 -8.53429430 -15.34731158
v 123.49456390 -7.88026178 -15.88144730
v 123.09411892 -7.16112320 -16.36722590
v 122.73685629 -6.38435134 -16.80062013
v 122.42462133 -5.55859034 -17.17939143
v 122.15797485 -4.69257757 -17.50285947
v 121.93673789 -3.79424539 -17.77124137
v 121.76070849 -2.87030018 -17.98478211
v 121.63030211 -1.92638887 -18.14297769
v 121.54688769 -0.96774115 -18.24416748
v 121.51269317 -0.00000000 -18.28564875
v 121.53030193 0.97011113 -18.26428761
v 121.60190310 1.93456746 -18.17742844
v 121.72854487 2.88437600 -18.02379969
v 121.90963987 3.81035407 -17.80411389
v 122.14288563 4.70406958 -17.52116415
v 122.42462133 5.55859034 -17.17939143
v 122.75049444 6.36875442 -16.78407573
v 123.11620943 7.13084879 -16.34042798
v 123.51810930 7.84180592 -15.85288445
v 123.95340754 8.49821467 -15.32482545
v 124.42001563 9.09552393 -14.75878458
v 124.91605538 9.62776089 -14.15704024
v 125.43925344 10.08790976 -13.52235024
v 125.98644930 10.46886176 -12.85854859
v 126.55339857 10.76463778 -12.17078412
v 127.13493855 10.97147727 -11.46531972
v 127.72544694 11.08842092 -10.74897576
v 128.31941760 11.11718068 -10.02843173
v 128.91193719 11.06133199 -9.30964799
v 129.49888913 10.92509418 -8.59761835
v 130.07681841 10.71210609 -7.89653408
v 130.64252303 10.42460354 -7.21027950
v 131.19254553 10.06326508 -6.54304884
v 131.72277981 9.62776089 -5.89982323
v 132.22836911 9.11779864 -5.28649437
v 132.70396379 8.53429430 -4.70955188
v 133.14427130 7.88026178 -4.17541617
v 133.54471627 7.16112320 -3.68963756
v 133.90197890 6.38435134 -3.25624334
v 134.21421387 5.55859034 -2.87747204
v 134.48086034 4.69257757 -2.55400400
v 134.70209731 3.79424539 -2.28562210
v 134.87812671 2.87030018 -2.07208136
v 135.00853308 1.92638887 -1.91388578
v 135.09194751 0.96774115 -1.81269599
v 135.87586473 0.00000000 -2.39010113
v 135.85785995 -0.97024029 -2.41118203
v 135.78472990 -1.93482008 -2.49680631
v 135.65540906 -2.88474994 -2.64822155
v 135.47049835 -3.81085163 -2.86472418
v 135.23234608 -4.70469587 -3.14356466
v 134.94468471 -5.55934988 -3.48037286
v 134.61195199 -6.36964702 -3.86995281
v 134.23852872 -7.13186657 -4.30717529
v 133.82814640 -7.84293257 -4.78767125
v 133.38365118 -8.49942761 -5.30810829
v 132.90717930 -9.09679869 -5.86598519
v 132.40065358 -9.62907644 -6.45905060
v 131.86639990 -10.08925286 -7.08458128
v 131.30764797 -10.47022879 -7.73879574
v 130.72873156 -10.76603336 -8.41661977
v 130.13491988 -10.97290993 -9.11188391
v 129.53195038 -11.08989722 -9.81787050
v 128.92544244 -11.11869975 -10.52800006
v 128.32041194 -11.06288227 -11.23639975
v 127.72106355 -10.92665351 -11.93814655
v 127.13092824 -10.71364513 -12.62910623
v 126.55327911 -10.42609143 -13.30544646
v 125.99164913 -10.06467548 -13.96303068
v 125.45023129 -9.62907644 -14.59694952
v 124.93398239 -9.11901257 -15.20139932
v 124.44836051 -8.53540871 -15.76998949
v 123.99876493 -7.88128342 -16.29639828
v 123.58986397 -7.16205830 -16.77515980
v 123.22504673 -6.38520135 -17.20230589
v 122.90620016 -5.55934988 -17.57562726
v 122.63390238 -4.69323525 -17.89444700
v 122.40797727 -3.79478694 -18.15897132
v 122.22822427 -2.87071256 -18.36943504
v 122.09507037 -1.92666382 -18.52533822
v 122.00991227 -0.96787678 -18.62504555
v 121.97502014 -0.00000000 -18.66589899
v 121.99302493 0.97024029 -18.64481809
v 122.06615497 1.93482008 -18.55919381
v 122.19547581 2.88474994 -18.40777856
v 122.38038652 3.81085163 -18.19127594
v 122.61853879 4.70469587 -17.91243546
v 122.90620016 5.55934988 -17.57562726
v 123.23893288 6.36964702 -17.18604731
v 123.61235615 7.13186657 -16.74882483
v 124.02273847 7.84293257 -16.26832887
v 124.46723370 8.49942761 -15.74789183
v 124.94370558 9.09679869 -15.19001493
v 125.45023129 9.62907644 -14.59694952
v 125.98448497 10.08925286 -13.97141884
v 126.54323690 10.47022879 -13.31720438
v 127.12215331 10.76603336 -12.63938035
v 127.71596499 10.97290993 -11.94411620
v 128.31893449 11.08989722 -11.23812962
v 128.92544244 11.11869975 -10.52800006
v 129.53047293 11.06288227 -9.81960037
v 130.12982132 10.92665351 -9.11785357
v 130.71995664 10.71364513 -8.42689389
v 131.29760576 10.42609143 -7.75055366
v 131.85923574 10.06467548 -7.09296944
v 132.40065358 9.62907644 -6.45905060
v 132.91690248 9.11901257 -5.85460080
v 133.40252436 8.53540871 -5.28601063
v 133.85211994 7.88128342 -4.75960184
v 134.26102091 7.16205830 -4.28084032
v 134.62583814 6.38520135 -3.85369423
v 134.94468471 5.55934988 -3.48037286
v 135.21698249 4.69323525 -3.16155312
v 135.44290760 3.79478694 -2.89702880
v 135.62266060 2.87071256 -2.68656507
v 135.75581450 1.92666382 -2.53066189
v 135.84097260 0.96787678 -2.43095456
v 136.61555777 0.00000000 -3.02100218
v 136.59712528 -0.97040659 -3.04183632
v 136.52245436 -1.93514000 -3.12623645
v 136.39046922 -2.88522055 -3.27541850
v 136.20178587 -3.81148175 -3.48868624
v 135.95879407 -4.70550228 -3.76333850
v 135.66528916 -5.56034885 -4.09508545
v 135.32578385 -6.37084452 -4.47882640
v 134.94473551 -7.13325084 -4.90952320
v 134.52594577 -7.84447238 -5.38287890
v 134.07232097 -8.50107732 -5.89560846
v 133.58604996 -9.09850890 -6.44523786
v 133.06910704 -9.63080672 -7.02953553
v 132.52387663 -10.09098221 -7.64580640
v 131.95366066 -10.47196005 -8.29031832
v 131.36288123 -10.76778970 -8.95807299
v 130.75690956 -10.97472430 -9.64299936
v 130.14159214 -11.09179808 -10.33848919
v 129.52265630 -11.12069771 -11.03806889
v 128.90521795 -11.06496211 -11.73595600
v 128.29357073 -10.92877433 -12.42729741
v 127.69132526 -10.71574854 -13.10801209
v 127.10183030 -10.42811510 -13.77431493
v 126.52869726 -10.06656765 -14.42212400
v 125.97620557 -9.63080672 -15.04660225
v 125.44940766 -9.12057562 -15.64203897
v 124.95386260 -8.53682005 -16.20215076
v 124.49506831 -7.88256914 -16.72072337
v 124.07778000 -7.16324255 -17.19238201
v 123.70545437 -6.38629580 -17.61321958
v 123.38002345 -5.56034885 -17.98105233
v 123.10209041 -4.69411759 -18.29519848
v 122.87149153 -3.79552349 -18.55584310
v 122.68803580 -2.87127617 -18.76320208
v 122.55216564 -1.92703778 -18.91677536
v 122.46530360 -0.96805875 -19.01495503
v 122.42975484 -0.00000000 -19.05513560
v 122.44818733 0.97040659 -19.03430146
v 122.52285825 1.93514000 -18.94990133
v 122.65484339 2.88522055 -18.80071928
v 122.84352674 3.81148175 -18.58745154
v 123.08651854 4.70550228 -18.31279928
v 123.38002345 5.56034885 -17.98105233
v 123.71952876 6.37084452 -17.59731138
v 124.10057710 7.13325084 -17.16661458
v 124.51936684 7.84447238 -16.69325888
v 124.97299164 8.50107732 -16.18052932
v 125.45926265 9.09850890 -15.63089992
v 125.97620557 9.63080672 -15.04660225
v 126.52143597 10.09098221 -14.43033138
v 127.09165195 10.47196005 -13.78581946
v 127.68243138 10.76778970 -13.11806479
v 128.28840305 10.97472430 -12.43313842
v 128.90372047 11.09179808 -11.73764859
v 129.52265630 11.12069771 -11.03806889
v 130.14009466 11.06496211 -10.34018178
v 130.75174188 10.92877433 -9.64884037
v 131.35398735 10.71574854 -8.96812569
v 131.94348231 10.42811510 -8.30182285
v 132.51661535 10.06656765 -7.65401378
v 133.06910704 9.63080672 -7.02953553
v 133.59590495 9.12057562 -6.43409881
v 134.09145000 8.53682005 -5.87398702
v 134.55024430 7.88256914 -5.35541441
v 134.96753261 7.16324255 -4.88375577
v 135.33985824 6.38629580 -4.46291820
v 135.66528916 5.56034885 -4.09508545
v 135.94322220 4.69411759 -3.78093930
v 136.17382108 3.79552349 -3.52029468
v 136.35727681 2.87127617 -3.31293570
v 136.49314697 1.92703778 -3.15936242
v 136.58000900 0.96805875 -3.06118275
v 137.34223727 0.00000000 -3.66683822
v 137.32345963 -0.97044031 -3.68733042
v 137.24734153 -1.93521011 -3.77039876
v 137.11278328 -2.88532665 -3.91724332
v 136.92041221 -3.81161984 -4.12717950
v 136.67266642 -4.70566577 -4.39754659
v 136.37341874 -5.56053074 -4.72411813
v 136.02727398 -6.37103993 -5.10186885
v 135.63877983 -7.13345896 -5.52583582
v 135.21181372 -7.84469695 -5.99178756
v 134.74933827 -8.50132535 -6.49649095
v 134.25358285 -9.09878797 -7.03751306
v 133.72655728 -9.63112175 -7.61266054
v 133.17068981 -10.09133281 -8.21928343
v 132.58934531 -10.47233945 -8.85370963
v 131.98703234 -10.76818566 -9.51101889
v 131.36922848 -10.97512192 -10.18523350
v 130.74189648 -11.09218346 -10.86984625
v 130.11087729 -11.12106147 -11.55848285
v 129.48138737 -11.06530149 -12.24545055
v 128.85780351 -10.92909320 -12.92597292
v 128.24380497 -10.71605532 -13.59603475
v 127.64280375 -10.42841935 -14.25191249
v 127.05848023 -10.06687641 -14.88958970
v 126.49519729 -9.63112175 -15.50430517
v 125.95810746 -9.12089251 -16.09043586
v 125.45288107 -8.53712934 -16.64179373
v 124.98512635 -7.88285901 -17.15225843
v 124.55969356 -7.16350208 -17.61653685
v 124.18010734 -6.38651769 -18.03078251
v 123.84833583 -5.56053074 -18.39284758
v 123.56499068 -4.69426156 -18.70206455
v 123.32990097 -3.79563423 -18.95861995
v 123.14286854 -2.87135837 -19.16273004
v 123.00434277 -1.92709401 -19.31390439
v 122.91577467 -0.96808844 -19.41055950
v 122.87951730 -0.00000000 -19.45012748
v 122.89829494 0.97044031 -19.42963528
v 122.97441304 1.93521011 -19.34656695
v 123.10897129 2.88532665 -19.19972239
v 123.30134236 3.81161984 -18.98978620
v 123.54908815 4.70566577 -18.71941912
v 123.84833583 5.56053074 -18.39284758
v 124.19448060 6.37103993 -18.01509686
v 124.58297475 7.13345896 -17.59112989
v 125.00994085 7.84469695 -17.12517815
v 125.47241630 8.50132535 -16.62047476
v 125.96817172 9.09878797 -16.07945265
v 126.49519729 9.63112175 -15.50430517
v 127.05106476 10.09133281 -14.89768227
v 127.63240926 10.47233945 -14.26325607
v 128.23472223 10.76818566 -13.60594682
v 128.85252609 10.97512192 -12.93173221
v 129.47985810 11.09218346 -12.24711946
v 130.11087729 11.12106147 -11.55848285
v 130.74036720 11.06530149 -10.87151516
v 131.36395106 10.92909320 -10.19099279
v 131.97794960 10.71605532 -9.52093096
v 132.57895082 10.42841935 -8.86505322
v 133.16327434 10.06687641 -8.22737600
v 133.72655728 9.63112175 -7.61266054
v 134.26364711 9.12089251 -7.02652984
v 134.76887351 8.53712934 -6.47517198
v 135.23662822 7.88285901 -5.96470728
v 135.66206102 7.16350208 -5.50042886
v 136.04164723 6.38651769 -5.08618319
v 136.37341874 5.56053074 -4.72411813
v 136.65676389 4.69426156 -4.41490116
v 136.89185360 3.79563423 -4.15834575
v 137.07888604 2.87135837 -3.95423567
v 137.21741181 1.92709401 -3.80306132
v 137.30597990 0.96808844 -3.70640621
v 138.05875286 0.00000000 -4.32396035
v 138.03958569 -0.97051001 -4.34415834
v 137.96199740 -1.93534285 -4.42591934
v 137.82487383 -2.88552114 -4.57041742
v 137.62885577 -3.81188128 -4.77697736
v 137.37642397 -4.70600376 -5.04298497
v 137.07151728 -5.56095477 -5.36428958
v 136.71881916 -6.37155407 -5.73595586
v 136.32295641 -7.13405788 -6.15310815
v 135.88787662 -7.84536495 -6.61158658
v 135.41659977 -8.50203911 -7.10820876
v 134.91140250 -9.09952225 -7.64057561
v 134.37433953 -9.63185620 -8.20652189
v 133.80789132 -10.09205764 -8.80343376
v 133.21549002 -10.47305774 -9.42769447
v 132.60172966 -10.76891150 -10.07446294
v 131.97218856 -10.97587469 -10.73786084
v 131.33293809 -11.09298017 -11.41149028
v 130.68992620 -11.12190954 -12.08908343
v 130.04846697 -11.06619446 -12.76504042
v 129.41302192 -10.93001080 -13.43465978
v 128.78734430 -10.71696783 -14.09398642
v 128.17491573 -10.42929491 -14.73935148
v 127.57948990 -10.06768881 -15.36679939
v 127.00551288 -9.63185620 -15.97164496
v 126.45823183 -9.12154763 -16.54835885
v 125.94341883 -8.53771489 -17.09085856
v 125.46678203 -7.88339036 -17.59312895
v 125.03325899 -7.16399342 -18.04996691
v 124.64644032 -6.38697641 -18.45758873
v 124.30833513 -5.56095477 -18.81387727
v 124.01957402 -4.69464039 -19.11816799
v 123.77999171 -3.79595291 -19.37063506
v 123.58939388 -2.87160287 -19.57148326
v 123.44824216 -1.92725580 -19.72022615
v 123.35801360 -0.96816656 -19.81530721
v 123.32109955 -0.00000000 -19.85420650
v 123.34026672 0.97051001 -19.83400852
v 123.41785501 1.93534285 -19.75224752
v 123.55497858 2.88552114 -19.60774943
v 123.75099663 3.81188128 -19.40118950
v 124.00342844 4.70600376 -19.13518188
v 124.30833513 5.56095477 -18.81387727
v 124.66103325 6.37155407 -18.44221100
v 125.05689600 7.13405788 -18.02505870
v 125.49197578 7.84536495 -17.56658027
v 125.96325263 8.50203911 -17.06995809
v 126.46844991 9.09952225 -16.53759124
v 127.00551288 9.63185620 -15.97164496
v 127.57196109 10.09205764 -15.37473310
v 128.16436238 10.47305774 -14.75047239
v 128.77812275 10.76891150 -14.10370391
v 129.40766385 10.97587469 -13.44030601
v 130.04691432 11.09298017 -12.76667657
v 130.68992620 11.12190954 -12.08908343
v 131.33138544 11.06619446 -11.41312643
v 131.96683049 10.93001080 -10.74350707
v 132.59250810 10.71696783 -10.08418043
v 133.20493668 10.42929491 -9.43881537
v 133.80036251 10.06768881 -8.81136747
v 134.37433953 9.63185620 -8.20652189
v 134.92162057 9.12154763 -7.62980800
v 135.43643357 8.53771489 -7.08730829
v 135.91307037 7.88339036 -6.58503791
v 136.34659341 7.16399342 -6.12819994
v 136.73341208 6.38697641 -5.72057812
v 137.07151728 5.56095477 -5.36428958
v 137.36027839 4.69464039 -5.05999886
v 137.59986069 3.79595291 -4.80753180
v 137.79045852 2.87160287 -4.60668359
v 137.93161025 1.92725580 -4.45794071
v 138.02183880 0.96816656 -4.36285965
v 138.74233628 0.00000000 -4.97125650
v 138.72281454 -0.97066617 -4.99123674
v 138.64398558 -1.93564320 -5.07191712
v 138.50472957 -2.88596294 -5.21444377
v 138.30569993 -3.81247287 -5.41814792
v 138.04940912 -4.70676100 -5.68045811
v 137.73984328 -5.56189307 -5.99729458
v 137.38174230 -6.37267909 -6.36380611
v 136.97979136 -7.13535856 -6.77519749
v 136.53799266 -7.84681184 -7.22737250
v 136.05941475 -8.50358919 -7.71719055
v 135.54637819 -9.10112893 -8.24227656
v 135.00098148 -9.63348138 -8.80048274
v 134.42575423 -10.09368154 -9.38922008
v 133.82418761 -10.47468312 -10.00491541
v 133.20094614 -10.77056031 -10.64279466
v 132.56168838 -10.97757811 -11.29706636
v 131.91257100 -11.09476513 -11.96142926
v 131.25962667 -11.12378613 -12.62970898
v 130.60824877 -11.06814840 -13.29638549
v 129.96297061 -10.93200354 -13.95681900
v 129.32761063 -10.71894432 -14.60710138
v 128.70571278 -10.43119637 -15.24360545
v 128.10109477 -10.06946645 -15.86242384
v 127.51827186 -9.63348138 -16.45893523
v 126.96256636 -9.12301537 -17.02769233
v 126.43982870 -8.53903991 -17.56270728
v 125.95584324 -7.88459737 -18.05805987
v 125.51561512 -7.16510524 -18.50862743
v 125.12278855 -6.38800413 -18.91068013
v 124.77941006 -5.56189307 -19.26212339
v 124.48613314 -4.69546932 -19.56228836
v 124.24280592 -3.79664499 -19.81133050
v 124.04924464 -2.87213247 -20.00943786
v 123.90592470 -1.92760718 -20.15612389
v 123.81434325 -0.96833751 -20.24985627
v 123.77691706 -0.00000000 -20.28816147
v 123.79643880 0.97066617 -20.26818123
v 123.87526776 1.93564320 -20.18750085
v 124.01452377 2.88596294 -20.04497420
v 124.21355341 3.81247287 -19.84127005
v 124.46984422 4.70676100 -19.57895986
v 124.77941006 5.56189307 -19.26212339
v 125.13751104 6.37267909 -18.89561186
v 125.53946199 7.13535856 -18.48422048
v 125.98126068 7.84681184 -18.03204547
v 126.45983859 8.50358919 -17.54222742
v 126.97287516 9.10112893 -17.01714141
v 127.51827186 9.63348138 -16.45893523
v 128.09349912 10.09368154 -15.87019789
v 128.69506573 10.47468312 -15.25450255
v 129.31830720 10.77056031 -14.61662331
v 129.95756496 10.97757811 -13.96235161
v 130.60668234 11.09476513 -13.29798871
v 131.25962667 11.12378613 -12.62970898
v 131.91100457 11.06814840 -11.96303248
v 132.55628274 10.93200354 -11.30259897
v 133.19164271 10.71894432 -10.65231659
v 133.81354056 10.43119637 -10.01581252
v 134.41815857 10.06946645 -9.39699413
v 135.00098148 9.63348138 -8.80048274
v 135.55668698 9.12301537 -8.23172564
v 136.07942465 8.53903991 -7.69671069
v 136.56341010 7.88459737 -7.20135810
v 137.00363822 7.16510524 -6.75079054
v 137.39646479 6.38800413 -6.34873784
v 137.73984328 5.56189307 -5.99729458
v 138.03312020 4.69546932 -5.69712961
v 138.27644742 3.79664499 -5.44808747
v 138.47000870 2.87213247 -5.24998011
v 138.61332864 1.92760718 -5.10329408
v 138.70491009 0.96833751 -5.00956170
v 139.16335357 0.00000000 -5.38289856
v 139.14371597 -0.97076687 -5.40276369
v 139.06441722 -1.93584411 -5.48298120
v 138.92433067 -2.88626254 -5.62469079
v 138.72411364 -3.81286857 -5.82722754
v 138.46629363 -4.70724926 -6.08803467
v 138.15488068 -5.56246959 -6.40305565
v 137.79464314 -6.37333916 -6.76746692
v 137.39029425 -7.13609721 -7.17650061
v 136.94586017 -7.84762398 -7.62608392
v 136.46442770 -8.50446949 -8.11309427
v 135.94833119 -9.10207161 -8.63517030
v 135.39968152 -9.63447995 -9.19017664
v 134.82102328 -10.09472861 -9.77553923
v 134.21586841 -10.47577031 -10.38770545
v 133.58890925 -10.77167844 -11.02192857
v 132.94583818 -10.97871750 -11.67245029
v 132.29284868 -11.09591605 -12.33300535
v 131.63600947 -11.12493919 -12.99745471
v 130.98074615 -11.06929482 -13.66030994
v 130.33161901 -10.93313523 -14.31695789
v 129.69246923 -10.72005372 -14.96351288
v 129.06686179 -10.43227621 -15.59636862
v 128.45863712 -10.07050942 -16.21164020
v 127.87233742 -9.63447995 -16.80473279
v 127.31331678 -9.12396175 -17.37023026
v 126.78746066 -8.53992620 -17.90217896
v 126.30058805 -7.88541590 -18.39469250
v 125.85773401 -7.16584893 -18.84267746
v 125.46256452 -6.38866679 -19.24242539
v 125.11713826 -5.56246959 -19.59185378
v 124.82211248 -4.69595566 -19.89029773
v 124.57733423 -3.79703802 -20.13791199
v 124.38261853 -2.87242974 -20.33488367
v 124.23844356 -1.92780672 -20.48072906
v 124.14631540 -0.96843781 -20.57392462
v 124.10866537 -0.00000000 -20.61201086
v 124.12830297 0.97076687 -20.59214574
v 124.20760173 1.93584411 -20.51192823
v 124.34768827 2.88626254 -20.37021864
v 124.54790530 3.81286857 -20.16768189
v 124.80572531 4.70724926 -19.90687476
v 125.11713826 5.56246959 -19.59185378
v 125.47737580 6.37333916 -19.22744251
v 125.88172469 7.13609721 -18.81840882
v 126.32615878 7.84762398 -18.36882551
v 126.80759124 8.50446949 -17.88181516
v 127.32368775 9.10207161 -17.35973913
v 127.87233742 9.63447995 -16.80473279
v 128.45099566 10.09472861 -16.21937019
v 129.05615053 10.47577031 -15.60720398
v 129.68310969 10.77167844 -14.97298085
v 130.32618076 10.97871750 -14.32245914
v 130.97917026 11.09591605 -13.66190408
v 131.63600947 11.12493919 -12.99745471
v 132.29127279 11.06929482 -12.33459949
v 132.94039993 10.93313523 -11.67795154
v 133.57954972 10.72005372 -11.03139655
v 134.20515715 10.43227621 -10.39854081
v 134.81338182 10.07050942 -9.78326923
v 135.39968152 9.63447995 -9.19017664
v 135.95870216 9.12396175 -8.62467917
v 136.48455828 8.53992620 -8.09273046
v 136.97143089 7.88541590 -7.60021693
v 137.41428493 7.16584893 -7.15223197
v 137.80945442 6.38866679 -6.75248404
v 138.15488068 5.56246959 -6.40305565
v 138.44990646 4.69595566 -6.10461169
v 138.69468471 3.79703802 -5.85699744
v 138.88940041 2.87242974 -5.66002575
v 139.03357539 1.92780672 -5.51418036
v 139.12570354 0.96843781 -5.42098481
v 140.59137453 0.00000000 -6.78319194
v 140.57150141 -0.96955905 -6.80329532
v 140.49198557 -1.93339407 -6.88373243
v 140.35174312 -2.88258702 -7.02559973
v 140.15144226 -3.80804295 -7.22822128
v 139.89358730 -4.70139257 -7.48906376
v 139.58213992 -5.55571205 -7.80411958
v 139.22181175 -6.36578395 -8.16862252
v 138.81726991 -7.12779175 -8.57785140
v 138.37251949 -7.83855245 -9.02775470
v 137.89065674 -8.49457143 -9.51520034
v 137.37405082 -9.09128167 -10.03779166
v 136.82485968 -9.62277554 -10.59334576
v 136.24567073 -10.08216891 -11.17924520
v 135.64002116 -10.46251201 -11.79191186
v 135.01260500 -10.75796122 -12.42659727
v 134.36909625 -10.96482266 -13.07756174
v 133.71566085 -11.08211069 -13.73856787
v 133.05834482 -11.11142409 -14.40349958
v 132.40256724 -11.05617285 -15.06687501
v 131.75290248 -10.92041053 -15.72406681
v 131.11322188 -10.70766177 -16.37115877
v 130.48712535 -10.42013445 -17.00450928
v 129.87847888 -10.05857145 -17.62020754
v 129.29182996 -9.62277554 -18.21365340
v 128.73251414 -9.11260986 -18.77944947
v 128.20638041 -8.52911793 -19.31167900
v 127.71920670 -7.87537420 -19.80449712
v 127.27599880 -7.15677971 -20.25284004
v 126.88041836 -6.38071811 -20.65300369
v 126.53454971 -5.55571205 -21.00287958
v 126.23910031 -4.69038890 -21.30175207
v 125.99397739 -3.79261878 -21.54971500
v 125.79904721 -2.86910932 -21.74690364
v 125.65481343 -1.92556302 -21.89280852
v 125.56277287 -0.96728979 -21.98591546
v 125.52531510 -0.00000000 -22.02380722
v 125.54518823 0.96955905 -22.00370384
v 125.62470407 1.93339407 -21.92326673
v 125.76494651 2.88258702 -21.78139943
v 125.96524737 3.80804295 -21.57877788
v 126.22310233 4.70139257 -21.31793540
v 126.53454971 5.55571205 -21.00287958
v 126.89487788 6.36578395 -20.63837664
v 127.29941972 7.12779175 -20.22914776
v 127.74417014 7.83855245 -19.77924445
v 128.22603289 8.49457143 -19.29179882
v 128.74263881 9.09128167 -18.76920749
v 129.29182996 9.62277554 -18.21365340
v 129.87101890 10.08216891 -17.62775395
v 130.47666848 10.46251201 -17.01508730
v 131.10408463 10.75796122 -16.38040189
v 131.74759339 10.96482266 -15.72943742
v 132.40102879 11.08211069 -15.06843129
v 133.05834482 11.11142409 -14.40349958
v 133.71412239 11.05617285 -13.74012415
v 134.36378715 10.92041053 -13.08293235
v 135.00346775 10.70766177 -12.43584039
v 135.62956428 10.42013445 -11.80248988
v 136.23821075 10.05857145 -11.18679162
v 136.82485968 9.62277554 -10.59334576
v 137.38417549 9.11260986 -10.02754969
v 137.91030923 8.52911793 -9.49532015
v 138.39748293 7.87537420 -9.00250204
v 138.84069083 7.15677971 -8.55415912
v 139.23627127 6.38071811 -8.15399547
v 139.58213992 5.55571205 -7.80411958
v 139.87758932 4.69038890 -7.50524709
v 140.12271225 3.79261878 -7.25728416
v 140.31764243 2.86910932 -7.06009552
v 140.46187621 1.92556302 -6.91419064
v 140.55391676 0.96728979 -6.82108370
v 142.01376440 0.00000000 -8.18918165
v 141.99388901 -0.97037981 -8.20928732
v 141.91437109 -1.93503035 -8.28972654
v 141.77412714 -2.88502640 -8.43159535
v 141.57382549 -3.81126577 -8.63421771
v 141.31597019 -4.70537243 -8.89506053
v 141.00452248 -5.56041668 -9.21011668
v 140.64419344 -6.37117636 -9.57462050
v 140.23964975 -7.13383113 -9.98385125
v 139.79489630 -7.84519464 -10.43375763
v 139.31302942 -8.50176888 -10.92120743
v 138.79641862 -9.09898282 -11.44380370
v 138.24722228 -9.63092419 -11.99936305
v 137.66802825 -10.09070374 -12.58526764
v 137.06237393 -10.47136666 -13.19793909
v 136.43495339 -10.76706511 -13.83262894
v 135.79144044 -10.97410242 -14.48359766
v 135.13800076 -11.09149200 -15.14460811
v 134.48068016 -11.12083335 -15.80954444
v 133.82489766 -11.06553845 -16.47292486
v 133.17522774 -10.92966339 -17.13012188
v 132.53554205 -10.71673518 -17.77721899
v 131.90944083 -10.42896342 -18.41057424
v 131.30079032 -10.06709199 -19.02627660
v 130.71413804 -9.63092419 -19.61972584
v 130.15481940 -9.12032393 -20.18552477
v 129.62868300 -8.53633631 -20.71775700
v 129.14150641 -7.88203871 -21.21057803
v 128.69829512 -7.16283665 -21.65892439
v 128.30271074 -6.38611957 -22.05909202
v 127.95683784 -5.56041668 -22.40897221
v 127.66138438 -4.69436209 -22.70784880
v 127.41625815 -3.79583226 -22.95581508
v 127.22132591 -2.87154054 -23.15300580
v 127.07709157 -1.92719455 -23.29891125
v 126.98505186 -0.96810917 -23.39201734
v 126.94759593 -0.00000000 -23.42990724
v 126.96747131 0.97037981 -23.40980157
v 127.04698924 1.93503035 -23.32936235
v 127.18723318 2.88502640 -23.18749354
v 127.38753484 3.81126577 -22.98487118
v 127.64539014 4.70537243 -22.72402836
v 127.95683784 5.56041668 -22.40897221
v 128.31716688 6.37117636 -22.04446838
v 128.72171057 7.13383113 -21.63523764
v 129.16646402 7.84519464 -21.18533126
v 129.64833090 8.50176888 -20.69788146
v 130.16494170 9.09898282 -20.17528519
v 130.71413804 9.63092419 -19.61972584
v 131.29333208 10.09070374 -19.03382125
v 131.89898640 10.47136666 -18.42114980
v 132.52640693 10.76706511 -17.78645995
v 133.16991989 10.97410242 -17.13549123
v 133.82335956 11.09149200 -16.47448078
v 134.48068016 11.12083335 -15.80954444
v 135.13646267 11.06553845 -15.14616402
v 135.78613259 10.92966339 -14.48896701
v 136.42581827 10.71673518 -13.84186990
v 137.05191950 10.42896342 -13.20851465
v 137.66057001 10.06709199 -12.59281229
v 138.24722228 9.63092419 -11.99936305
v 138.80654092 9.12032393 -11.43356412
v 139.33267732 8.53633631 -10.90133189
v 139.81985392 7.88203871 -10.40851085
v 140.26306521 7.16283665 -9.96016450
v 140.65864959 6.38611957 -9.55999687
v 141.00452248 5.56041668 -9.21011668
v 141.29997594 4.69436209 -8.91124008
v 141.54510218 3.79583226 -8.66327381
v 141.74003441 2.87154054 -8.46608308
v 141.88426876 1.92719455 -8.32017764
v 141.97630847 0.96810917 -8.22707155
v 143.44017943 0.00000000 -9.59109957
v 143.42013483 -0.97126797 -9.61137640
v 143.34046099 -1.93677159 -9.69197334
v 143.20010514 -2.88760625 -9.83395537
v 142.99974339 -3.81469536 -10.03663851
v 142.74186317 -4.70967910 -10.29750654
v 142.43039094 -5.56562325 -10.61258750
v 142.06999704 -6.37727683 -10.97715693
v 141.66531501 -7.14077250 -11.38652762
v 141.22033459 -7.85287279 -11.83666359
v 140.73815890 -8.51004128 -12.32442580
v 140.22118247 -9.10769519 -12.84739193
v 139.67159747 -9.63994224 -13.40334444
v 139.09202255 -10.09993943 -13.98963434
v 138.48601322 -10.48078935 -14.60266491
v 137.85826478 -10.77669322 -15.23768646
v 137.21443782 -10.98397751 -15.88897282
v 136.56067823 -11.10164367 -16.55030689
v 135.90301551 -11.13124650 -17.21558931
v 135.24686399 -11.07613382 -17.87934302
v 134.59680826 -10.94029819 -18.53693032
v 133.95674164 -10.72722372 -19.18441277
v 133.33028945 -10.43911103 -19.81812306
v 132.72133632 -10.07673133 -20.43413154
v 132.13443355 -9.63994224 -21.02783418
v 131.57490322 -9.12867146 -21.59384724
v 131.04856773 -8.54401776 -22.12628087
v 130.56117515 -7.88908698 -22.61932040
v 130.11770993 -7.16928215 -23.06792362
v 129.72183057 -6.39196457 -23.46838965
v 129.37564008 -5.56562325 -23.81859112
v 129.07988246 -4.69885699 -24.11777540
v 128.83450875 -3.79952569 -24.36599201
v 128.63942256 -2.87435093 -24.56333848
v 128.49514606 -1.92906975 -24.70928657
v 128.40316936 -0.96903614 -24.80232892
v 128.36585159 -0.00000000 -24.84007905
v 128.38589618 0.97126797 -24.81980222
v 128.46557002 1.93677159 -24.73920528
v 128.60592588 2.88760625 -24.59722325
v 128.80628763 3.81469536 -24.39454011
v 129.06416785 4.70967910 -24.13367208
v 129.37564008 5.56562325 -23.81859112
v 129.73603398 6.37727683 -23.45402169
v 130.14071601 7.14077250 -23.04465100
v 130.58569642 7.85287279 -22.59451502
v 131.06787212 8.51004128 -22.10675282
v 131.58484855 9.10769519 -21.58378669
v 132.13443355 9.63994224 -21.02783418
v 132.71400847 10.09993943 -20.44154428
v 133.32001780 10.48078935 -19.82851371
v 133.94776624 10.77669322 -19.19349216
v 134.59159320 10.98397751 -18.54220580
v 135.24535279 11.10164367 -17.88087173
v 135.90301551 11.13124650 -17.21558931
v 136.55916702 11.07613382 -16.55183560
v 137.20922276 10.94029819 -15.89424830
v 137.84928937 10.72722372 -15.24676585
v 138.47574157 10.43911103 -14.61305556
v 139.08469470 10.07673133 -13.99704708
v 139.67159747 9.63994224 -13.40334444
v 140.23112780 9.12867146 -12.83733137
v 140.75746328 8.54401776 -12.30489775
v 141.24485586 7.88908698 -11.81185822
v 141.68832109 7.16928215 -11.36325500
v 142.08420045 6.39196457 -10.96278897
v 142.43039094 5.56562325 -10.61258750
v 142.72614856 4.69885699 -10.31340322
v 142.97152226 3.79952569 -10.06518661
v 143.16660846 2.87435093 -9.86784014
v 143.31088495 1.92906975 -9.72189205
v 143.40286166 0.96903614 -9.62884970
v 144.87334981 0.00000000 -10.98618386
v 144.85285499 -0.97273905 -11.00691614
v 144.77276647 -1.93962569 -11.08793257
v 144.63211319 -2.89181828 -11.23021546
v 144.43159212 -3.82031683 -11.43305977
v 144.17364630 -4.71681238 -11.69399416
v 143.86210970 -5.57436499 -12.00914023
v 143.50154424 -6.38765179 -12.37388322
v 143.09649521 -7.15268392 -12.78362515
v 142.65091208 -7.86609066 -13.23437083
v 142.16791596 -8.52423675 -13.72296296
v 141.64996802 -9.12251217 -14.24691186
v 141.09935033 -9.65508338 -14.80390902
v 140.51876347 -10.11523679 -15.39122258
v 139.91181115 -10.49623424 -16.00520707
v 139.28319192 -10.79241276 -16.64110950
v 138.63853116 -11.00016391 -17.29323932
v 137.98392213 -11.11845822 -17.95543267
v 137.32535085 -11.14872998 -18.62163418
v 136.66821922 -11.09415318 -19.28637936
v 136.01713864 -10.95854754 -19.94500338
v 135.37606016 -10.74527968 -20.59350942
v 134.74867578 -10.45652435 -21.22816269
v 134.13891907 -10.09312480 -21.84498406
v 133.55135138 -9.65508338 -22.43935933
v 132.99125933 -9.14249774 -23.00594062
v 132.46439554 -8.55660855 -23.53890867
v 131.97642959 -7.90059448 -24.03252821
v 131.53228990 -7.17984707 -24.48181372
v 131.13562668 -6.40164584 -24.88307269
v 130.78859201 -5.57436499 -25.23412812
v 130.49202584 -4.70650139 -25.53413031
v 130.24599428 -3.80586362 -25.78301240
v 130.05049893 -2.87918901 -25.98077277
v 129.90611068 -1.93228760 -26.12683390
v 129.81430191 -0.97061263 -26.21970638
v 129.77735190 -0.00000000 -26.25708449
v 129.79784672 0.97273905 -26.23635221
v 129.87793524 1.93962569 -26.15533578
v 130.01858852 2.89181828 -26.01305289
v 130.21910959 3.82031683 -25.81020858
v 130.47705541 4.71681238 -25.54927419
v 130.78859201 5.57436499 -25.23412812
v 131.14915747 6.38765179 -24.86938513
v 131.55420650 7.15268392 -24.45964320
v 131.99978963 7.86609066 -24.00889752
v 132.48278575 8.52423675 -23.52030539
v 133.00073369 9.12251217 -22.99635649
v 133.55135138 9.65508338 -22.43935933
v 134.13193824 10.11523679 -21.85204577
v 134.73889056 10.49623424 -21.23806129
v 135.36750979 10.79241276 -20.60215885
v 136.01217055 11.00016391 -19.95002903
v 136.66677958 11.11845822 -19.28783568
v 137.32535085 11.14872998 -18.62163418
v 137.98248249 11.09415318 -17.95688899
v 138.63356307 10.95854754 -17.29826497
v 139.27464155 10.74527968 -16.64975893
v 139.90202593 10.45652435 -16.01510566
v 140.51178264 10.09312480 -15.39828429
v 141.09935033 9.65508338 -14.80390902
v 141.65944238 9.14249774 -14.23732773
v 142.18630617 8.55660855 -13.70435968
v 142.67427212 7.90059448 -13.21074014
v 143.11841181 7.17984707 -12.76145463
v 143.51507502 6.40164584 -12.36019566
v 143.86210970 5.57436499 -12.00914023
v 144.15867587 4.70650139 -11.70913804
v 144.40470743 3.80586362 -11.46025595
v 144.60020278 2.87918901 -11.26249558
v 144.74459103 1.93228760 -11.11643445
v 144.83639980 0.97061263 -11.02356197
v 146.31378517 0.00000000 -12.37391901
v 146.29253554 -0.97484464 -12.39541483
v 146.21175236 -1.94369137 -12.47713397
v 146.07060163 -2.89780747 -12.61992008
v 145.86981524 -3.82832467 -12.82303279
v 145.61176179 -4.72702241 -13.08407605
v 145.30012011 -5.58695377 -13.39932842
v 144.93927027 -6.40267727 -13.76435908
v 144.53360955 -7.17000176 -14.17471979
v 144.08701982 -7.88533437 -14.62648373
v 143.60265235 -8.54487536 -15.11646310
v 143.08308004 -9.14397079 -15.64205519
v 142.53073568 -9.67688779 -16.20079902
v 141.94845721 -10.13713227 -16.78982379
v 141.33992917 -10.51823558 -17.40540226
v 140.70985548 -10.81476469 -18.04277601
v 140.06380245 -11.02322155 -18.69631423
v 139.40777499 -11.14252528 -19.35994245
v 138.74768620 -11.17390754 -20.02767904
v 138.08891704 -11.12024963 -20.69408073
v 137.43612386 -10.98508001 -21.35443719
v 136.79335446 -10.77156706 -22.00465373
v 136.16441267 -10.48184135 -22.64088246
v 135.55331403 -10.11686656 -23.25906131
v 134.96463672 -9.67688779 -23.85455906
v 134.40360787 -9.16228763 -24.42208800
v 133.87586301 -8.57454421 -24.95594733
v 133.38694005 -7.91695723 -25.45053497
v 132.94167341 -7.19489688 -25.90096048
v 132.54369939 -6.41550287 -26.30354544
v 132.19525229 -5.58695377 -26.65602966
v 131.89733297 -4.71757235 -26.95740068
v 131.65020050 -3.81507825 -27.20739644
v 131.45402084 -2.88623270 -27.40584904
v 131.30944652 -1.93696599 -27.55209841
v 131.21792019 -0.97289578 -27.64468516
v 131.18158723 -0.00000000 -27.68143907
v 131.20283686 0.97484464 -27.65994325
v 131.28362004 1.94369137 -27.57822411
v 131.42477077 2.89780747 -27.43543800
v 131.62555716 3.82832467 -27.23232529
v 131.88361061 4.72702241 -26.97128203
v 132.19525229 5.58695377 -26.65602966
v 132.55610213 6.40267727 -26.29099900
v 132.96176285 7.17000176 -25.88063829
v 133.40835258 7.88533437 -25.42887435
v 133.89272005 8.54487536 -24.93889499
v 134.41229236 9.14397079 -24.41330289
v 134.96463672 9.67688779 -23.85455906
v 135.54691519 10.13713227 -23.26553429
v 136.15544323 10.51823558 -22.64995582
v 136.78551692 10.81476469 -22.01258207
v 137.43156995 11.02322155 -21.35904386
v 138.08759742 11.14252528 -20.69541564
v 138.74768620 11.17390754 -20.02767904
v 139.40645537 11.12024963 -19.36127736
v 140.05924855 10.98508001 -18.70092089
v 140.70201794 10.77156706 -18.05070435
v 141.33095973 10.48184135 -17.41447562
v 141.94205837 10.11686656 -16.79629677
v 142.53073568 9.67688779 -16.20079902
v 143.09176453 9.16228763 -15.63327008
v 143.61950939 8.57454421 -15.09941075
v 144.10843235 7.91695723 -14.60482311
v 144.55369899 7.19489688 -14.15439760
v 144.95167301 6.41550287 -13.75181265
v 145.30012011 5.58695377 -13.39932842
v 145.59803943 4.71757235 -13.09795740
v 145.84517190 3.81507825 -12.84796165
v 146.04135156 2.88623270 -12.64950904
v 146.18592588 1.93696599 -12.50325967
v 146.27745221 0.97289578 -12.41067292
v 147.75334345 0.00000000 -13.76254139
v 147.73137246 -0.97665681 -13.78476693
v 147.64992606 -1.94717790 -13.86715699
v 147.50830126 -2.90293641 -14.01042265
v 147.30726336 -3.83519179 -14.21378978
v 147.04910977 -4.73580962 -14.47493434
v 146.73737096 -5.59783771 -14.79028497
v 146.37625309 -6.41572239 -15.15558677
v 145.97001192 -7.18508005 -15.56653465
v 145.52246464 -7.90210628 -16.01926724
v 145.03679133 -8.56284496 -16.51056757
v 144.51567166 -9.16260115 -17.03772496
v 143.96168250 -9.69573933 -17.59813265
v 143.37779307 -10.15597650 -18.18878704
v 142.76776512 -10.53710284 -18.80588279
v 142.13630767 -10.83390616 -19.44465633
v 141.48893052 -11.04299464 -20.09953401
v 140.83155403 -11.16323845 -20.76452688
v 140.17002155 -11.19567543 -21.43372391
v 139.50969393 -11.14290656 -22.10170210
v 138.85527047 -11.00818129 -22.76370773
v 138.21089140 -10.79447792 -23.41555259
v 137.58046743 -10.50388433 -24.05328068
v 136.96809242 -10.13747915 -24.67275068
v 136.37836059 -9.69573933 -25.26931516
v 135.81644215 -9.17931968 -25.83774401
v 135.28786061 -8.58992494 -26.37244971
v 134.79802795 -7.93096976 -26.86795759
v 134.35168871 -7.20780285 -27.31946813
v 133.95246581 -6.42742884 -27.72331644
v 133.60267213 -5.59783771 -28.07716284
v 133.30346238 -4.72718416 -28.37983924
v 133.05528009 -3.82310124 -28.63089699
v 132.85844831 -2.89237164 -28.83000926
v 132.71369764 -1.94103937 -28.97643701
v 132.62244231 -0.97487800 -29.06874963
v 132.58669964 -0.00000000 -29.10490642
v 132.60867063 0.97665681 -29.08268088
v 132.69011704 1.94717790 -29.00029083
v 132.83174183 2.90293641 -28.85702517
v 133.03277974 3.83519179 -28.65365803
v 133.29093332 4.73580962 -28.39251347
v 133.60267213 5.59783771 -28.07716284
v 133.96379000 6.41572239 -27.71186104
v 134.37003117 7.18508005 -27.30091316
v 134.81757845 7.90210628 -26.84818057
v 135.30325176 8.56284496 -26.35688024
v 135.82437144 9.16260115 -25.82972286
v 136.37836059 9.69573933 -25.26931516
v 136.96225003 10.15597650 -24.67866077
v 137.57227797 10.53710284 -24.06156502
v 138.20373542 10.83390616 -23.42279148
v 138.85111257 11.04299464 -22.76791381
v 139.50848906 11.16323845 -22.10292093
v 140.17002155 11.19567543 -21.43372391
v 140.83034917 11.14290656 -20.76574571
v 141.48477263 11.00818129 -20.10374008
v 142.12915169 10.79447792 -19.45189522
v 142.75957566 10.50388433 -18.81416713
v 143.37195067 10.13747915 -18.19469713
v 143.96168250 9.69573933 -17.59813265
v 144.52360094 9.17931968 -17.02970380
v 145.05218248 8.58992494 -16.49499810
v 145.54201514 7.93096976 -15.99949022
v 145.98835438 7.20780285 -15.54797968
v 146.38757729 6.42742884 -15.14413137
v 146.73737096 5.59783771 -14.79028497
v 147.03658071 4.72718416 -14.48760857
v 147.28476300 3.82310124 -14.23655083
v 147.48159478 2.89237164 -14.03743855
v 147.62634545 1.94103937 -13.89101080
v 147.71760078 0.97487800 -13.79869818
v 149.19240602 0.00000000 -15.15166523
v 149.16973151 -0.97708829 -15.17460245
v 149.08763888 -1.94791505 -15.25764621
v 148.94555301 -2.90396828 -15.40137829
v 148.74427172 -3.83664369 -15.60499163
v 148.48602300 -4.73790184 -15.86623243
v 148.17419251 -5.60079492 -16.18167580
v 147.81281673 -6.41966756 -16.54723848
v 147.40601332 -7.18995478 -16.95875514
v 146.95753630 -7.90765139 -17.41242823
v 146.47059385 -8.56865444 -17.90501240
v 145.94796976 -9.16823543 -18.43369163
v 145.39238146 -9.70086136 -18.99571700
v 144.80692619 -10.16046329 -19.58795537
v 144.19544101 -10.54109192 -20.20652524
v 143.56263985 -10.83775716 -20.84665805
v 142.91397733 -11.04717523 -21.50283599
v 142.25529127 -11.16817024 -22.16915361
v 141.59235689 -11.20158984 -22.83976877
v 140.93051542 -11.14975857 -23.50927836
v 140.27450797 -11.01564981 -24.17288633
v 139.62856494 -10.80205268 -24.82631329
v 138.99670122 -10.51101071 -25.46549779
v 138.38308708 -10.14371291 -26.08622128
v 137.79233233 -9.70086136 -26.68382054
v 137.22955157 -9.18337500 -27.25312170
v 136.70015902 -8.59317686 -27.78864780
v 136.20944374 -7.93378888 -28.28504853
v 135.76206250 -7.21053154 -28.73761314
v 135.36162517 -6.43026840 -29.14268995
v 135.01052127 -5.60079492 -29.49786175
v 134.71005558 -4.73009101 -29.80180865
v 134.46085155 -3.82569503 -30.05389996
v 134.26338553 -2.89440129 -30.25365383
v 134.11846426 -1.94235627 -30.40025416
v 134.02747421 -0.97547748 -30.49229843
v 133.99230776 -0.00000000 -30.52787232
v 134.01498227 0.97708829 -30.50493510
v 134.09707491 1.94791505 -30.42189133
v 134.23916078 2.90396828 -30.27815925
v 134.44044206 3.83664369 -30.07454591
v 134.69869079 4.73790184 -29.81330511
v 135.01052127 5.60079492 -29.49786175
v 135.37189705 6.41966756 -29.13229906
v 135.77870047 7.18995478 -28.72078240
v 136.22717749 7.90765139 -28.26710931
v 136.71411993 8.56865444 -27.77452514
v 137.23674402 9.16823543 -27.24584591
v 137.79233233 9.70086136 -26.68382054
v 138.37778760 10.16046329 -26.09158217
v 138.98927278 10.54109192 -25.47301230
v 139.62207393 10.83775716 -24.83287949
v 140.27073645 11.04717523 -24.17670155
v 140.92942251 11.16817024 -23.51038393
v 141.59235689 11.20158984 -22.83976877
v 142.25419837 11.14975857 -22.17025918
v 142.91020581 11.01564981 -21.50665121
v 143.55614885 10.80205268 -20.85322426
v 144.18801256 10.51101071 -20.21403975
v 144.80162670 10.14371291 -19.59331626
v 145.39238146 9.70086136 -18.99571700
v 145.95516222 9.18337500 -18.42641585
v 146.48455476 8.59317686 -17.89088974
v 146.97527005 7.93378888 -17.39448901
v 147.42265128 7.21053154 -16.94192441
v 147.82308862 6.43026840 -16.53684759
v 148.17419251 5.60079492 -16.18167580
v 148.47465821 4.73009101 -15.87772889
v 148.72386224 3.82569503 -15.62563758
v 148.92132825 2.89440129 -15.42588371
v 149.06624952 1.94235627 -15.27928338
v 149.15723957 0.97547748 -15.18723912
v 150.63105488 0.00000000 -16.54120758
v 150.60769146 -0.97792975 -16.56484168
v 150.52496661 -1.94947242 -16.64852499
v 150.38243043 -2.90622450 -16.79271259
v 150.18091263 -3.83971111 -16.99656518
v 149.92257313 -4.74198210 -17.25789781
v 149.61065577 -5.60609096 -17.57342907
v 149.24903075 -6.42628058 -17.93924388
v 148.84168040 -7.19780684 -18.35131381
v 148.39229688 -7.91646675 -18.80590389
v 147.90411585 -8.57801216 -19.29974100
v 147.38002306 -9.17767980 -19.82990596
v 146.82287356 -9.71003438 -20.39351061
v 146.23589000 -10.16921344 -20.98729497
v 145.62298315 -10.54951958 -21.60730298
v 144.98887174 -10.84617749 -22.24876123
v 144.33895624 -11.05600751 -22.90620667
v 143.67899359 -11.17778823 -23.57381567
v 143.01469224 -11.21218192 -24.24581364
v 142.35137411 -11.16124414 -24.91681699
v 141.69382126 -11.02767986 -25.58198827
v 141.04635233 -10.81409469 -26.23695880
v 140.41308427 -10.52248965 -26.87756391
v 139.79826212 -10.15416213 -27.49950941
v 139.20651092 -9.71003438 -28.09811667
v 138.64289078 -9.19128369 -28.66826693
v 138.11270879 -8.60004716 -29.20459163
v 137.62113355 -7.93995299 -29.70186227
v 137.17273585 -7.21629640 -30.15545512
v 136.77111270 -6.43580612 -30.56173149
v 136.41872871 -5.60609096 -30.91819821
v 136.11703560 -4.73496356 -31.22338675
v 135.86683310 -3.82987302 -31.47648810
v 135.66874769 -2.89762794 -31.67686854
v 135.52366066 -1.94447749 -31.82363655
v 135.43293131 -0.97648233 -31.91541709
v 135.39832960 -0.00000000 -31.95041969
v 135.42169302 0.97792975 -31.92678559
v 135.50441787 1.94947242 -31.84310228
v 135.64695405 2.90622450 -31.69891468
v 135.84847184 3.83971111 -31.49506209
v 136.10681134 4.74198210 -31.23372946
v 136.41872871 5.60609096 -30.91819821
v 136.78035373 6.42628058 -30.55238339
v 137.18770408 7.19780684 -30.14031346
v 137.63708760 7.91646675 -29.68572338
v 138.12526863 8.57801216 -29.19188627
v 138.64936142 9.17767980 -28.66172132
v 139.20651092 9.71003438 -28.09811667
v 139.79349448 10.16921344 -27.50433230
v 140.40640132 10.54951958 -26.88432429
v 141.04051274 10.84617749 -26.24286604
v 141.69042823 11.05600751 -25.58542061
v 142.35039088 11.17778823 -24.91781161
v 143.01469224 11.21218192 -24.24581364
v 143.67801037 11.16124414 -23.57481028
v 144.33556322 11.02767986 -22.90963900
v 144.98303215 10.81409469 -22.25466848
v 145.61630020 10.52248965 -21.61406336
v 146.23112235 10.15416213 -20.99211786
v 146.82287356 9.71003438 -20.39351061
v 147.38649370 9.19128369 -19.82336035
v 147.91667569 8.60004716 -19.28703565
v 148.40825093 7.93995299 -18.78976500
v 148.85664863 7.21629640 -18.33617215
v 149.25827178 6.43580612 -17.92989578
v 149.61065577 5.60609096 -17.57342907
v 149.91234888 4.73496356 -17.26824053
v 150.16255138 3.82987302 -17.01513917
v 150.36063679 2.89762794 -16.81475873
v 150.50572382 1.94447749 -16.66799073
v 150.59645317 0.97648233 -16.57621018
v 152.06228217 0.00000000 -17.93825748
v 152.03854210 -0.97753520 -17.96227260
v 151.95547182 -1.94862040 -18.04630533
v 151.81268994 -2.90491862 -18.19074149
v 151.61104358 -3.83803296 -18.39472413
v 151.35265543 -4.74006889 -18.65610597
v 151.04069176 -5.60408667 -18.97168406
v 150.67893184 -6.42427874 -19.33763535
v 150.27128396 -7.19580741 -19.75000624
v 149.82140645 -7.91436549 -20.20509605
v 149.33254996 -8.57562933 -20.69961645
v 148.80765600 -9.17482087 -21.23059185
v 148.24965488 -9.70656285 -21.79505799
v 147.66183781 -10.16511054 -22.38968552
v 147.04815587 -10.54490889 -23.01047760
v 146.41333036 -10.84130390 -23.65265822
v 145.76273216 -11.05117546 -24.31079427
v 145.10207393 -11.17327841 -24.97910691
v 144.43702758 -11.20817335 -25.65185850
v 143.77290448 -11.15776732 -26.32367616
v 143.11450903 -11.02461656 -26.98969980
v 142.46620814 -10.81122431 -27.64551193
v 141.83217454 -10.51956668 -28.28689146
v 141.21669414 -10.15099902 -28.90950283
v 140.62440029 -9.70656285 -29.50865901
v 140.06032330 -9.18757535 -30.07927142
v 139.52971163 -8.59628849 -30.61603078
v 139.03766800 -7.93638527 -31.11377523
v 138.58871616 -7.21314250 -31.56792865
v 138.18644608 -6.43320952 -31.97485944
v 137.83336341 -5.60408667 -32.33203294
v 137.53100022 -4.73348858 -32.63789932
v 137.28025266 -3.82880915 -32.89155205
v 137.08182927 -2.89685882 -33.09227438
v 136.93665216 -1.94393735 -33.23913351
v 136.84606573 -0.97617815 -33.33076948
v 136.81177300 -0.00000000 -33.36545953
v 136.83551307 0.97753520 -33.34144440
v 136.91858335 1.94862040 -33.25741167
v 137.06136523 2.90491862 -33.11297551
v 137.26301159 3.83803296 -32.90899287
v 137.52139974 4.74006889 -32.64761104
v 137.83336341 5.60408667 -32.33203294
v 138.19512333 6.42427874 -31.96608166
v 138.60277121 7.19580741 -31.55371076
v 139.05264872 7.91436549 -31.09862095
v 139.54150521 8.57562933 -30.60410055
v 140.06639917 9.17482087 -30.07312515
v 140.62440029 9.70656285 -29.50865901
v 141.21221736 10.16511054 -28.91403148
v 141.82589930 10.54490889 -28.29323940
v 142.46072481 10.84130390 -27.65105878
v 143.11132301 11.05117546 -26.99292273
v 143.77198124 11.17327841 -26.32461010
v 144.43702758 11.20817335 -25.65185850
v 145.10115069 11.15776732 -24.98004084
v 145.75954614 11.02461656 -24.31401721
v 146.40784703 10.81122431 -23.65820508
v 147.04188063 10.51956668 -23.01682554
v 147.65736103 10.15099902 -22.39421417
v 148.24965488 9.70656285 -21.79505799
v 148.81373187 9.18757535 -21.22444558
v 149.34434354 8.59628849 -20.68768623
v 149.83638717 7.93638527 -20.18994177
v 150.28533901 7.21314250 -19.73578836
v 150.68760909 6.43320952 -19.32885756
v 151.04069176 5.60408667 -18.97168406
v 151.34305495 4.73348858 -18.66581769
v 151.59380251 3.82880915 -18.41216495
v 151.79222590 2.89685882 -18.21144263
v 151.93740301 1.94393735 -18.06458349
v 152.02798944 0.97617815 -17.97294752
v 153.49262046 0.00000000 -19.33620667
v 153.46854070 -0.97735486 -19.36056542
v 153.38515904 -1.94820198 -19.44491315
v 153.24215585 -2.90426273 -19.58957317
v 153.04039400 -3.83720884 -19.79367265
v 152.78196258 -4.73919443 -20.05509826
v 152.46995786 -5.60328460 -20.37071787
v 152.10807710 -6.42362535 -20.73679140
v 151.70016180 -7.19529399 -21.14943282
v 151.24983973 -7.91388880 -21.60497233
v 150.76037510 -8.57501747 -22.10010791
v 150.23475969 -9.17388774 -22.63181312
v 149.67599169 -9.70517361 -23.19705502
v 149.08742416 -10.16323524 -23.79244172
v 148.47304449 -10.54264463 -24.41393961
v 147.83757633 -10.83885607 -25.05677032
v 147.18636384 -11.04880249 -25.71552779
v 146.52507972 -11.17121712 -26.38447356
v 145.85936293 -11.20656919 -27.05790337
v 145.19451527 -11.15663251 -27.73045398
v 144.53536132 -11.02382996 -28.39724491
v 143.88631148 -10.81057315 -29.05381465
v 143.25158882 -10.51881612 -29.69589123
v 142.63551610 -10.14996661 -30.31910179
v 142.04273417 -9.70517361 -30.91875171
v 141.47824639 -9.18588039 -31.48977966
v 140.94724838 -8.59444265 -32.02692983
v 140.45478341 -7.93459334 -32.52510052
v 140.00533277 -7.21159366 -32.97975851
v 139.60248008 -6.43202269 -33.38727866
v 139.24876800 -5.60328460 -33.74508886
v 138.94580110 -4.73300716 -34.05156595
v 138.69456245 -3.82853597 -34.30571545
v 138.49583468 -2.89668434 -34.50674569
v 138.35057665 -1.94379865 -34.65368669
v 138.26011934 -0.97607887 -34.74519203
v 138.22610540 -0.00000000 -34.77960006
v 138.25018516 0.97735486 -34.75524131
v 138.33356682 1.94820198 -34.67089359
v 138.47657001 2.90426273 -34.52623356
v 138.67833187 3.83720884 -34.32213409
v 138.93676329 4.73919443 -34.06070847
v 139.24876800 5.60328460 -33.74508886
v 139.61064877 6.42362535 -33.37901533
v 140.01856407 7.19529399 -32.96637391
v 140.46888613 7.91388880 -32.51083441
v 140.95835076 8.57501747 -32.01569882
v 141.48396617 9.17388774 -31.48399362
v 142.04273417 9.70517361 -30.91875171
v 142.63130170 10.16323524 -30.32336502
v 143.24568137 10.54264463 -29.70186712
v 143.88114953 10.83885607 -29.05903641
v 144.53236203 11.04880249 -28.40027895
v 145.19364614 11.17121712 -27.73133318
v 145.85936293 11.20656919 -27.05790337
v 146.52421060 11.15663251 -26.38535276
v 147.18336454 11.02382996 -25.71856183
v 147.83241438 10.81057315 -25.06199208
v 148.46713704 10.51881612 -24.41991550
v 149.08320976 10.14996661 -23.79670495
v 149.67599169 9.70517361 -23.19705502
v 150.24047947 9.18588039 -22.62602707
v 150.77147748 8.59444265 -22.08887690
v 151.26394245 7.93459334 -21.59070622
v 151.71339309 7.21159366 -21.13604823
v 152.11624578 6.43202269 -20.72852807
v 152.46995786 5.60328460 -20.37071787
v 152.77292476 4.73300716 -20.06424079
v 153.02416341 3.82853597 -19.81009128
v 153.22289118 2.89668434 -19.60906104
v 153.36814921 1.94379865 -19.46212005
v 153.45860652 0.97607887 -19.37061470
v 154.92200876 0.00000000 -20.73511687
v 154.89762908 -0.97714107 -20.75977901
v 154.81397261 -1.94772390 -20.84440473
v 154.67077427 -2.90352172 -20.98926217
v 154.46891079 -3.83626720 -21.19346444
v 154.21044163 -4.73815777 -21.45492824
v 153.89840125 -5.60226317 -21.77058393
v 153.53641443 -6.42268883 -22.13676474
v 153.12826373 -7.19443744 -22.54964429
v 152.67754994 -7.91302424 -23.00558006
v 152.18754919 -8.57399666 -23.50125797
v 151.66129768 -9.17255026 -24.03360665
v 151.10185352 -9.70340444 -24.59953255
v 150.51262436 -10.16101212 -25.19558853
v 149.89762970 -10.54005752 -25.81770854
v 149.26159522 -10.83609059 -26.46111214
v 148.60984147 -11.04609117 -27.12041713
v 147.94800588 -11.16877351 -27.78992076
v 147.28169828 -11.20452634 -28.46394823
v 146.61621201 -11.15500596 -29.13714484
v 145.95638948 -11.02251764 -29.80461210
v 145.30667949 -10.80939213 -30.46184965
v 144.67134953 -10.51756392 -31.10454057
v 144.05475489 -10.14848682 -31.72827908
v 143.46154304 -9.70340444 -32.32836391
v 142.89669356 -9.18387105 -32.89975775
v 142.36535537 -8.59233361 -33.43725205
v 141.87251923 -7.93256887 -33.93579820
v 141.42262895 -7.20982396 -34.39090092
v 141.01926253 -6.43061574 -34.79894076
v 140.66499531 -5.60226317 -35.15731253
v 140.36149586 -4.73231712 -35.46432833
v 140.10982403 -3.82808020 -35.71891604
v 139.91082784 -2.89636789 -35.92021781
v 139.76549861 -1.94356726 -36.06723082
v 139.67515550 -0.97593656 -36.15862066
v 139.64138780 -0.00000000 -36.19277960
v 139.66576747 0.97714107 -36.16811746
v 139.74942394 1.94772390 -36.08349174
v 139.89262229 2.90352172 -35.93863429
v 140.09448576 3.83626720 -35.73443202
v 140.35295492 4.73815777 -35.47296823
v 140.66499531 5.60226317 -35.15731253
v 141.02698212 6.42268883 -34.79113173
v 141.43513283 7.19443744 -34.37825218
v 141.88584662 7.91302424 -33.92231640
v 142.37584736 8.57399666 -33.42663849
v 142.90209888 9.17255026 -32.89428981
v 143.46154304 9.70340444 -32.32836391
v 144.05077219 10.16101212 -31.73230793
v 144.66576685 10.54005752 -31.11018792
v 145.30180133 10.83609059 -30.46678433
v 145.95355509 11.04609117 -29.80747933
v 146.61539067 11.16877351 -29.13797570
v 147.28169828 11.20452634 -28.46394823
v 147.94718454 11.15500596 -27.79075163
v 148.60700707 11.02251764 -27.12328437
v 149.25671706 10.80939213 -26.46604682
v 149.89204703 10.51756392 -25.82335590
v 150.50864166 10.14848682 -25.19961738
v 151.10185352 9.70340444 -24.59953255
v 151.66670299 9.18387105 -24.02813871
v 152.19804119 8.59233361 -23.49064442
v 152.69087732 7.93256887 -22.99209827
v 153.14076760 7.20982396 -22.53699554
v 153.54413402 6.43061574 -22.12895570
v 153.89840125 5.60226317 -21.77058393
v 154.20190069 4.73231712 -21.46356813
v 154.45357252 3.82808020 -21.20898042
v 154.65256872 2.89636789 -21.00767865
v 154.79789794 1.94356726 -20.86066564
v 154.88824106 0.97593656 -20.76927580
v 156.35111636 0.00000000 -22.13431102
v 156.32644822 -0.97712375 -22.15926496
v 156.24252753 -1.94763953 -22.24415796
v 156.09914168 -2.90336876 -22.38920508
v 155.89718078 -3.83610102 -22.59350590
v 155.63867573 -4.73807381 -22.85500600
v 155.32660153 -5.60236003 -23.17069590
v 154.96451329 -6.42302501 -23.53697932
v 154.55613680 -7.19499881 -23.95008727
v 154.10504691 -7.91371612 -24.40640350
v 153.61453124 -8.57466568 -24.90260230
v 153.08766868 -9.17303036 -25.43556911
v 152.52757499 -9.70357222 -26.00215206
v 151.93771035 -10.16083208 -26.59885089
v 151.32212508 -10.53960093 -27.22156835
v 150.68554686 -10.83551971 -27.86552199
v 150.03327349 -11.04561266 -28.52535261
v 149.37090849 -11.16857561 -29.19539180
v 148.70403362 -11.20472006 -29.86999310
v 148.03793414 -11.15558982 -30.54381003
v 147.37746953 -11.02337771 -31.21192680
v 146.72712555 -10.81033726 -31.86980569
v 146.09121242 -10.51838459 -32.51308654
v 145.47411672 -10.14901800 -33.13733192
v 144.88049226 -9.70357222 -33.73783414
v 144.31529575 -9.18370833 -34.30957903
v 143.78363118 -8.59196140 -34.84740348
v 143.29043879 -7.93215095 -35.34631001
v 142.84012633 -7.20951164 -35.80183981
v 142.43626638 -6.43050180 -36.21037889
v 142.08146571 -5.60236003 -36.56929029
v 141.77745448 -4.73256482 -36.87682381
v 141.52536636 -3.82837890 -37.13183263
v 141.32611227 -2.89662114 -37.33339528
v 141.18071480 -1.94371891 -37.48047733
v 141.09048167 -0.97598764 -37.57175591
v 141.05695089 -0.00000000 -37.60567518
v 141.08161903 0.97712375 -37.58072123
v 141.16553972 1.94763953 -37.49582823
v 141.30892556 2.90336876 -37.35078112
v 141.51088646 3.83610102 -37.14648029
v 141.76939151 4.73807381 -36.88498019
v 142.08146571 5.60236003 -36.56929029
v 142.44355396 6.42302501 -36.20300688
v 142.85193045 7.19499881 -35.78989893
v 143.30302034 7.91371612 -35.33358270
v 143.79353601 8.57466568 -34.83738390
v 144.32039857 9.17303036 -34.30441709
v 144.88049226 9.70357222 -33.73783414
v 145.47035690 10.16083208 -33.14113530
v 146.08594217 10.53960093 -32.51841785
v 146.72252039 10.83551971 -31.87446421
v 147.37479375 11.04561266 -31.21463358
v 148.03715876 11.16857561 -30.54459440
v 148.70403362 11.20472006 -29.86999310
v 149.37013311 11.15558982 -29.19617616
v 150.03059772 11.02337771 -28.52805939
v 150.68094169 10.81033726 -27.87018051
v 151.31685483 10.51838459 -27.22689966
v 151.93395052 10.14901800 -26.60265428
v 152.52757499 9.70357222 -26.00215206
v 153.09277149 9.18370833 -25.43040717
v 153.62443607 8.59196140 -24.89258271
v 154.11762845 7.93215095 -24.39367619
v 154.56794091 7.20951164 -23.93814639
v 154.97180087 6.43050180 -23.52960730
v 155.32660153 5.60236003 -23.17069590
v 155.63061277 4.73256482 -22.86316238
v 155.88270089 3.82837890 -22.60815356
v 156.08195498 2.89662114 -22.40659091
v 156.22735245 1.94371891 -22.25950886
v 156.31758558 0.97598764 -22.16823029
v 157.77935288 0.00000000 -23.53438634
v 157.75443300 -0.97684198 -23.55959494
v 157.67028180 -1.94703445 -23.64472112
v 157.52673249 -2.90244306 -23.78993360
v 157.32468681 -3.83490924 -23.99432018
v 157.06615076 -4.73670749 -24.25585164
v 156.75404745 -5.60091534 -24.57157099
v 156.39187113 -6.42156480 -24.93794349
v 155.98329810 -7.19352409 -25.35125027
v 155.53188052 -7.91215894 -25.80789798
v 155.04091604 -8.57290818 -26.30455079
v 154.51352081 -9.17094497 -26.83805644
v 153.95286092 -9.70106993 -27.40521215
v 153.36244237 -10.15790200 -28.00247132
v 152.74634240 -10.53632655 -28.62570944
v 152.10929040 -10.83206498 -29.27014234
v 151.45656434 -11.04218107 -29.93043091
v 150.79373810 -11.16535492 -30.60093668
v 150.12636897 -11.20183067 -31.27603796
v 149.45973510 -11.15305372 -31.95039547
v 148.79871092 -11.02111831 -32.61907830
v 148.14781442 -10.80821011 -33.27751611
v 147.51139309 -10.51622869 -33.92131103
v 146.89386085 -10.14671074 -34.54599802
v 146.29987701 -9.70106993 -35.14686378
v 145.73437834 -9.18106002 -35.71891434
v 145.20242957 -8.58929210 -36.25702628
v 144.70892688 -7.92962192 -36.75624671
v 144.25824650 -7.20727183 -37.21214869
v 143.85395630 -6.42864743 -37.62112300
v 143.49869049 -5.60091534 -37.98050494
v 143.19423294 -4.73148892 -38.28848994
v 142.94178179 -3.82759422 -38.54386600
v 142.74230287 -2.89605117 -38.74565609
v 142.59684602 -1.94332052 -38.89279821
v 142.50670900 -0.97576576 -38.98397955
v 142.47338506 -0.00000000 -39.01768959
v 142.49830494 0.97684198 -38.99248098
v 142.58245614 1.94703445 -38.90735481
v 142.72600545 2.90244306 -38.76214233
v 142.92805113 3.83490924 -38.55775574
v 143.18658718 4.73670749 -38.29622429
v 143.49869049 5.60091534 -37.98050494
v 143.86086680 6.42156480 -37.61413244
v 144.26943984 7.19352409 -37.20082566
v 144.72085742 7.91215894 -36.74417794
v 145.21182190 8.57290818 -36.24752513
v 145.73921712 9.17094497 -35.71401949
v 146.29987701 9.70106993 -35.14686378
v 146.89029557 10.15790200 -34.54960461
v 147.50639554 10.53632655 -33.92636649
v 148.14344754 10.83206498 -33.28193358
v 148.79617360 11.04218107 -32.62164502
v 149.45899984 11.16535492 -31.95113925
v 150.12636897 11.20183067 -31.27603796
v 150.79300284 11.15305372 -30.60168046
v 151.45402702 11.02111831 -29.93299763
v 152.10492352 10.80821011 -29.27455982
v 152.74134485 10.51622869 -28.63076489
v 153.35887709 10.14671074 -28.00607790
v 153.95286092 9.70106993 -27.40521215
v 154.51835960 9.18106002 -26.83316159
v 155.05030837 8.58929210 -26.29504965
v 155.54381106 7.92962192 -25.79582922
v 155.99449144 7.20727183 -25.33992724
v 156.39878164 6.42864743 -24.93095292
v 156.75404745 5.60091534 -24.57157099
v 157.05850500 4.73148892 -24.26358598
v 157.31095614 3.82759422 -24.00820993
v 157.51043507 2.89605117 -23.80641984
v 157.65589192 1.94332052 -23.65927772
v 157.74602893 0.97576576 -23.56809638
v 159.20720269 0.00000000 -24.93485285
v 159.18204723 -0.97711756 -24.96029976
v 159.09768040 -1.94754312 -25.04564407
v 158.95397826 -2.90317920 -25.19101115
v 158.75185346 -3.83591114 -25.39547777
v 158.49328868 -4.73804377 -25.65703829
v 158.18115846 -5.60265514 -25.97278486
v 157.81890011 -6.42374284 -26.33924034
v 157.41014357 -7.19611444 -26.75273275
v 156.95841981 -7.91506868 -27.20969020
v 156.46703583 -8.57599524 -27.70676736
v 155.93914268 -9.17405554 -28.24077671
v 155.37795350 -9.70408336 -28.80846784
v 154.78701719 -10.16076766 -29.40625076
v 154.17043620 -10.53907923 -30.02997548
v 153.53294149 -10.83481228 -30.67485622
v 152.87979248 -11.04506591 -31.33557264
v 152.21653529 -11.16850480 -32.00651435
v 151.54870432 -11.20531028 -32.68208283
v 150.88157106 -11.15683657 -33.35694551
v 150.22002390 -11.02508696 -34.02615737
v 149.56861102 -10.81218489 -34.68511755
v 148.93171477 -10.52001553 -35.32939289
v 148.31377465 -10.15015226 -35.95449249
v 147.71945513 -9.70408336 -36.55569782
v 147.15367427 -9.18365010 -37.12803383
v 146.62146011 -8.59153610 -37.66641424
v 146.12766755 -7.93163308 -38.16592790
v 145.67664333 -7.20915478 -38.62217770
v 145.27195092 -6.43046103 -39.03155889
v 144.91625017 -5.60265514 -39.39138080
v 144.61137526 -4.73309373 -39.69978800
v 144.35858465 -3.82897252 -39.95550745
v 144.15889552 -2.89711621 -40.15751018
v 144.01338326 -1.94402030 -40.30470836
v 143.92333629 -0.97609672 -40.39579861
v 143.89020594 -0.00000000 -40.42931281
v 143.91536140 0.97711756 -40.40386590
v 143.99972823 1.94754312 -40.31852159
v 144.14343037 2.90317920 -40.17315451
v 144.34555517 3.83591114 -39.96868789
v 144.60411995 4.73804377 -39.70712737
v 144.91625017 5.60265514 -39.39138080
v 145.27850852 6.42374284 -39.02492531
v 145.68726506 7.19611444 -38.61143291
v 146.13898882 7.91506868 -38.15447546
v 146.63037280 8.57599524 -37.65739829
v 147.15826595 9.17405554 -37.12338895
v 147.71945513 9.70408336 -36.55569782
v 148.31039144 10.16076766 -35.95791490
v 148.92697243 10.53907923 -35.33419018
v 149.56446714 10.83481228 -34.68930944
v 150.21761615 11.04506591 -34.02859302
v 150.88087335 11.16850480 -33.35765131
v 151.54870432 11.20531028 -32.68208283
v 152.21583757 11.15683657 -32.00722014
v 152.87738473 11.02508696 -31.33800828
v 153.52879761 10.81218489 -30.67904811
v 154.16569386 10.52001553 -30.03477276
v 154.78363398 10.15015226 -29.40967317
v 155.37795350 9.70408336 -28.80846784
v 155.94373436 9.18365010 -28.23613183
v 156.47594852 8.59153610 -27.69775142
v 156.96974108 7.93163308 -27.19823775
v 157.42076530 7.20915478 -26.74198796
v 157.82545771 6.43046103 -26.33260677
v 158.18115846 5.60265514 -25.97278486
v 158.48603337 4.73309373 -25.66437766
v 158.73882398 3.82897252 -25.40865820
v 158.93851311 2.89711621 -25.20665548
v 159.08402537 1.94402030 -25.05945730
v 159.17407234 0.97609672 -24.96836704
v 160.63707559 0.00000000 -26.33327283
v 160.61159763 -0.97704192 -26.35904598
v 160.52693569 -1.94733687 -26.44468881
v 160.38302454 -2.90284147 -26.59026732
v 160.18079174 -3.83550489 -26.79484320
v 159.92218806 -4.73767702 -27.05644306
v 159.61002152 -5.60243977 -27.37222638
v 159.24765146 -6.42374648 -27.73879487
v 158.83864436 -7.19632418 -28.15254074
v 158.38650212 -7.91538222 -28.60992151
v 157.89454460 -8.57624520 -29.10757887
v 157.36597056 -9.17406073 -29.64227699
v 156.80405762 -9.70371032 -30.21070026
v 156.21241339 -10.15998115 -30.80919930
v 155.59517481 -10.53796308 -31.43358923
v 154.95707502 -10.83355185 -32.07908206
v 154.30334800 -11.04389617 -32.74038319
v 153.63950187 -11.16764028 -33.41192066
v 152.97103966 -11.20487953 -34.08812769
v 152.30322376 -11.15684289 -34.76368094
v 151.64096166 -11.02540830 -35.43361602
v 150.98884283 -10.81261320 -36.09329032
v 150.35129740 -10.52032215 -36.73822237
v 149.73279984 -10.15015800 -37.36388587
v 149.13802170 -9.70371032 -37.96555513
v 148.57185543 -9.18293922 -38.53828102
v 148.03927878 -8.59062621 -39.07702811
v 147.54509015 -7.93071038 -39.57694243
v 147.09359592 -7.20839128 -40.03366769
v 146.68835346 -6.42996327 -40.44360529
v 146.33205780 -5.60243977 -40.80402901
v 146.02661195 -4.73309641 -41.11301376
v 145.77335696 -3.82908412 -41.36920298
v 145.57338037 -2.89723097 -41.57149651
v 145.42779246 -1.94407696 -41.71877119
v 145.33786894 -0.97609727 -41.80973657
v 145.30500374 -0.00000000 -41.84298256
v 145.33048169 0.97704192 -41.81720941
v 145.41514363 1.94733687 -41.73156658
v 145.55905478 2.90284147 -41.58598806
v 145.76128758 3.83550489 -41.38141219
v 146.01989126 4.73767702 -41.11981232
v 146.33205780 5.60243977 -40.80402901
v 146.69442786 6.42374648 -40.43746052
v 147.10343496 7.19632418 -40.02371465
v 147.55557720 7.91538222 -39.56633388
v 148.04753472 8.57624520 -39.06867652
v 148.57610876 9.17406073 -38.53397840
v 149.13802170 9.70371032 -37.96555513
v 149.72966593 10.15998115 -37.36705609
v 150.34690451 10.53796308 -36.74266616
v 150.98500430 10.83355185 -36.09717333
v 151.63873133 11.04389617 -35.43587219
v 152.30257746 11.16764028 -34.76433472
v 152.97103966 11.20487953 -34.08812769
v 153.63885557 11.15684289 -33.41257445
v 154.30111766 11.02540830 -32.74263936
v 154.95323650 10.81261320 -32.08296506
v 155.59078192 10.52032215 -31.43803302
v 156.20927948 10.15015800 -30.81236952
v 156.80405762 9.70371032 -30.21070026
v 157.37022390 9.18293922 -29.63797437
v 157.90280054 8.59062621 -29.09922728
v 158.39698918 7.93071038 -28.59931295
v 158.84848341 7.20839128 -28.14258770
v 159.25372586 6.42996327 -27.73265009
v 159.61002152 5.60243977 -27.37222638
v 159.91546737 4.73309641 -27.06324163
v 160.16872236 3.82908412 -26.80705241
v 160.36869896 2.89723097 -26.60475888
v 160.51428686 1.94407696 -26.45748419
v 160.60421038 0.97609727 -26.36651881
v 162.06615632 0.00000000 -27.73249415
v 162.04038926 -0.97710159 -27.75855975
v 161.95546288 -1.94740610 -27.84447009
v 161.81136457 -2.90291758 -27.99023794
v 161.60903527 -3.83564126 -28.19491142
v 161.35039714 -4.73796632 -28.45654614
v 161.03819854 -5.60297727 -28.77236188
v 160.67572893 -6.42458704 -29.13903108
v 160.26649784 -7.19744990 -29.55300353
v 159.81398116 -7.91669456 -30.01076309
v 159.32151021 -8.57758677 -30.50893982
v 158.79232658 -9.17526117 -31.04425459
v 158.22976567 -9.70464131 -31.61333336
v 157.63748771 -10.16060156 -32.21247347
v 157.01966056 -10.53833774 -32.83745877
v 156.38101932 -10.83383591 -33.48349934
v 155.72677513 -11.04428883 -34.14532362
v 155.06240206 -11.16832223 -34.81739413
v 154.39337501 -11.20595454 -35.49417256
v 153.72494816 -11.15830278 -36.17034383
v 153.06204614 -11.02713300 -36.84092624
v 152.40929545 -10.81440589 -37.50123972
v 151.77116903 -10.52196784 -38.14675949
v 151.15217270 -10.15148617 -38.77292754
v 150.55698435 -9.70464131 -39.37501176
v 149.99047345 -9.18349997 -39.94808627
v 149.45757269 -8.59093164 -40.48716124
v 148.96302976 -7.93091833 -40.98743396
v 148.51111486 -7.20864757 -41.44458476
v 148.10537993 -6.43035591 -41.85502055
v 147.74855147 -5.60297727 -42.21598323
v 147.44259423 -4.73371574 -42.52548530
v 147.18892331 -3.82968310 -42.78209527
v 146.98868930 -2.89771132 -42.98464919
v 146.84303383 -1.94438107 -43.13199223
v 146.75322113 -0.97622500 -43.22284551
v 146.72059369 -0.00000000 -43.25585097
v 146.74636075 0.97710159 -43.22978536
v 146.83128713 1.94740610 -43.14387503
v 146.97538545 2.90291758 -42.99810718
v 147.17771474 3.83564126 -42.79343370
v 147.43635287 4.73796632 -42.53179898
v 147.74855147 5.60297727 -42.21598323
v 148.11102108 6.42458704 -41.84931404
v 148.52025217 7.19744990 -41.43534159
v 148.97276886 7.91669456 -40.97758203
v 149.46523980 8.57758677 -40.47940530
v 149.99442343 9.17526117 -39.94409053
v 150.55698435 9.70464131 -39.37501176
v 151.14926231 10.16060156 -38.77587165
v 151.76708945 10.53833774 -38.15088635
v 152.40573070 10.83383591 -37.50484578
v 153.05997488 11.04428883 -36.84302150
v 153.72434795 11.16832223 -36.17095099
v 154.39337501 11.20595454 -35.49417256
v 155.06180186 11.15830278 -34.81800129
v 155.72470387 11.02713300 -34.14741888
v 156.37745456 10.81440589 -33.48710539
v 157.01558098 10.52196784 -32.84158562
v 157.63457731 10.15148617 -32.21541758
v 158.22976567 9.70464131 -31.61333336
v 158.79627656 9.18349997 -31.04025885
v 159.32917732 8.59093164 -30.50118388
v 159.82372025 7.93091833 -30.00091116
v 160.27563515 7.20864757 -29.54376036
v 160.68137009 6.43035591 -29.13332457
v 161.03819854 5.60297727 -28.77236188
v 161.34415578 4.73371574 -28.46285982
v 161.59782671 3.82968310 -28.20624985
v 161.79806071 2.89771132 -28.00369593
v 161.94371619 1.94438107 -27.85635289
v 162.03352889 0.97622500 -27.76549961
v 163.49429607 0.00000000 -29.13266737
v 163.46827986 -0.97663748 -29.15898501
v 163.38312566 -1.94643840 -29.24512580
v 163.23886621 -2.90145176 -29.39105665
v 163.03645399 -3.83373525 -29.59581402
v 162.77778649 -4.73571588 -29.85747845
v 162.46556065 -5.60048404 -30.17332175
v 162.10300567 -6.42192109 -30.54007730
v 161.69358204 -7.19462156 -30.95424452
v 161.24074318 -7.91364735 -31.41233000
v 160.74783032 -8.57421609 -31.91095376
v 160.21812193 -9.17145381 -32.44679937
v 159.65500321 -9.70032291 -33.01644240
v 159.06217977 -10.15577549 -33.61613431
v 158.44384611 -10.53310102 -34.24163201
v 157.80473897 -10.82836539 -34.88814386
v 157.15004985 -11.03880069 -35.55041823
v 156.48522343 -11.16301751 -36.22294735
v 155.81571035 -11.20096809 -36.90021742
v 155.14675775 -11.15367253 -37.57692054
v 154.48330501 -11.02279973 -38.24806006
v 153.83001052 -10.81024332 -38.90892364
v 153.19138413 -10.51783309 -39.55494917
v 152.57195867 -10.14727371 -40.18155131
v 151.97641749 -9.70032291 -40.78399245
v 151.40961027 -9.17913800 -41.35736673
v 150.87643080 -8.58666263 -41.89672363
v 150.38158312 -7.92691363 -42.39730463
v 149.92930620 -7.20506544 -42.85482164
v 149.52314730 -6.42730162 -43.26568632
v 149.16586006 -5.60048404 -43.62711310
v 148.85946243 -4.73175144 -43.93706066
v 148.60543332 -3.82817817 -44.19403296
v 148.40497770 -2.89659597 -44.39681107
v 148.25926417 -1.94361700 -44.54421284
v 148.16954710 -0.97581990 -44.63496937
v 148.13712464 -0.00000000 -44.66776748
v 148.16314085 0.97663748 -44.64144984
v 148.24829505 1.94643840 -44.55530904
v 148.39255450 2.90145176 -44.40937820
v 148.59496671 3.83373525 -44.20462083
v 148.85363422 4.73571588 -43.94295640
v 149.16586006 5.60048404 -43.62711310
v 149.52841503 6.42192109 -43.26035755
v 149.93783866 7.19462156 -42.84619032
v 150.39067753 7.91364735 -42.38810485
v 150.88359039 8.57421609 -41.88948109
v 151.41329878 9.17145381 -41.35363548
v 151.97641749 9.70032291 -40.78399245
v 152.56924093 10.15577549 -40.18430054
v 153.18757460 10.53310102 -39.55880284
v 153.82668174 10.82836539 -38.91229099
v 154.48137086 11.03880069 -38.25001662
v 155.14619727 11.16301751 -37.57748750
v 155.81571035 11.20096809 -36.90021742
v 156.48466296 11.15367253 -36.22351431
v 157.14811569 11.02279973 -35.55237479
v 157.80141018 10.81024332 -34.89151121
v 158.44003657 10.51783309 -34.24548568
v 159.05946203 10.14727371 -33.61888354
v 159.65500321 9.70032291 -33.01644240
v 160.22181044 9.17913800 -32.44306812
v 160.75498990 8.58666263 -31.90371122
v 161.24983759 7.92691363 -31.40313022
v 161.70211450 7.20506544 -30.94561321
v 162.10827341 6.42730162 -30.53474853
v 162.46556065 5.60048404 -30.17332175
v 162.77195828 4.73175144 -29.86337419
v 163.02598739 3.82817817 -29.60640189
v 163.22644301 2.89659597 -29.40362378
v 163.37215654 1.94361700 -29.25622201
v 163.46187361 0.97581990 -29.16546548
v 164.92245247 0.00000000 -30.53282374
v 164.89618604 -0.97605495 -30.55939449
v 164.81080312 -1.94523458 -30.64576666
v 164.66638199 -2.89963394 -30.79186106
v 164.46388673 -3.83136419 -30.99670244
v 164.20519001 -4.73289118 -31.25839642
v 163.89293717 -5.59731199 -31.57426703
v 163.53029688 -6.41847712 -31.94110889
v 163.12068033 -7.19092187 -32.35547127
v 162.66751839 -7.90964183 -32.81388355
v 162.17416225 -8.56980698 -33.31295574
v 161.64392741 -9.16653531 -33.84933390
v 161.08024908 -9.69482876 -34.41954301
v 160.48687845 -10.14971789 -35.01978846
v 159.86803675 -10.52658660 -35.64580008
v 159.22846241 -10.82158117 -36.29278455
v 158.57332715 -11.03197350 -36.95551022
v 157.90804616 -11.15635912 -37.62849918
v 157.23804570 -11.19462399 -38.30626229
v 156.56856580 -11.14769100 -38.98349880
v 155.90456069 -11.01713148 -39.65519710
v 155.25072076 -10.80477168 -40.31661243
v 154.61159294 -10.51242451 -40.96314521
v 153.99173719 -10.14183189 -41.59018264
v 153.39584231 -9.69482876 -42.19298157
v 152.82873811 -9.17366294 -42.76665626
v 152.29527933 -8.58135202 -43.30629571
v 151.80012612 -7.92194724 -43.80718578
v 151.34748612 -7.20060931 -44.26507008
v 150.94090185 -6.42346794 -44.67636505
v 150.58315422 -5.59731199 -45.03825755
v 150.27631463 -4.72921388 -45.34865220
v 150.02192606 -3.82620961 -45.60598813
v 149.82124807 -2.89512985 -45.80899117
v 149.67547639 -1.94261753 -45.95645177
v 149.58585548 -0.97529659 -46.04711103
v 149.55363893 -0.00000000 -46.07970084
v 149.57990536 0.97605495 -46.05313009
v 149.66528828 1.94523458 -45.96675792
v 149.80970941 2.89963394 -45.82066352
v 150.01220467 3.83136419 -45.61582214
v 150.27090138 4.73289118 -45.35412816
v 150.58315422 5.59731199 -45.03825755
v 150.94579452 6.41847712 -44.67141569
v 151.35541107 7.19092187 -44.25705331
v 151.80857301 7.90964183 -43.79864103
v 152.30192915 8.56980698 -43.29956884
v 152.83216399 9.16653531 -42.76319068
v 153.39584231 9.69482876 -42.19298157
v 153.98921295 10.14971789 -41.59273612
v 154.60805465 10.52658660 -40.96672450
v 155.24762899 10.82158117 -40.31974003
v 155.90276425 11.03197350 -39.65701436
v 156.56804524 11.15635912 -38.98402540
v 157.23804570 11.19462399 -38.30626229
v 157.90752559 11.14769100 -37.62902578
v 158.57153071 11.01713148 -36.95732748
v 159.22537063 10.80477168 -36.29591215
v 159.86449846 10.51242451 -35.64937937
v 160.48435421 10.14183189 -35.02234194
v 161.08024908 9.69482876 -34.41954301
v 161.64735329 9.17366294 -33.84586832
v 162.18081207 8.58135202 -33.30622887
v 162.67596528 7.92194724 -32.80533880
v 163.12860528 7.20060931 -32.34745450
v 163.53518955 6.42346794 -31.93615953
v 163.89293717 5.59731199 -31.57426703
v 164.19977677 4.72921388 -31.26387238
v 164.45416534 3.82620961 -31.00653645
v 164.65484333 2.89512985 -30.80353341
v 164.80061501 1.94261753 -30.65607281
v 164.89023592 0.97529659 -30.56541355
v 166.34855360 0.00000000 -31.93505919
v 166.32212512 -0.97517549 -31.96179387
v 166.23659409 -1.94345417 -32.04831586
v 166.09206833 -2.89696489 -32.19451611
v 165.88951940 -3.82785746 -32.39941178
v 165.63080392 -4.72862667 -32.66112474
v 165.31853378 -5.59237750 -32.97701285
v 164.95583844 -6.41294366 -33.34391039
v 164.54609719 -7.18482503 -33.75839892
v 164.09272626 -7.90297693 -34.21702261
v 163.59908329 -8.56254105 -34.71638495
v 163.06850777 -9.15863271 -35.25310773
v 162.50446732 -9.68628196 -35.82368317
v 161.91074261 -10.14057262 -36.42428679
v 161.29157222 -10.51695195 -37.05063091
v 160.65169565 -10.81162018 -37.69792112
v 159.99627182 -11.02187629 -38.36093871
v 159.33069679 -11.14630684 -39.03422511
v 158.66038105 -11.18475500 -39.71230716
v 157.99056002 -11.13808042 -40.38988875
v 157.32619751 -11.00779058 -41.06194858
v 156.67200469 -10.79566725 -41.72372090
v 156.03255247 -10.50351152 -42.37058184
v 155.41241837 -10.13308848 -42.99790083
v 154.81629477 -9.68628196 -43.60093114
v 154.24899854 -9.16539714 -44.17480008
v 153.71535918 -8.57349778 -44.71462221
v 153.22000837 -7.91465528 -45.21571216
v 152.76713347 -7.19401883 -45.67383409
v 152.36027392 -6.41768016 -46.08540753
v 152.00222831 -5.59237750 -46.44760146
v 151.69510262 -4.72513676 -46.75828552
v 151.44048137 -3.82296555 -47.01585682
v 151.23965948 -2.89269032 -47.21900544
v 151.09385022 -1.94097048 -47.36650405
v 151.00429165 -0.97445577 -47.45710025
v 150.97220849 -0.00000000 -47.48955512
v 150.99863698 0.97517549 -47.46282044
v 151.08416800 1.94345417 -47.37629845
v 151.22869376 2.89696489 -47.23009820
v 151.43124269 3.82785746 -47.02520253
v 151.68995817 4.72862667 -46.76348957
v 152.00222831 5.59237750 -46.44760146
v 152.36492365 6.41294366 -46.08070392
v 152.77466490 7.18482503 -45.66621539
v 153.22803583 7.90297693 -45.20759170
v 153.72167880 8.56254105 -44.70822936
v 154.25225432 9.15863271 -44.17150658
v 154.81629477 9.68628196 -43.60093114
v 155.41001948 10.14057262 -43.00032752
v 156.02918987 10.51695195 -42.37398340
v 156.66906644 10.81162018 -41.72669320
v 157.32449027 11.02187629 -41.06367560
v 157.99006530 11.14630684 -40.39038920
v 158.66038105 11.18475500 -39.71230716
v 159.33020207 11.13808042 -39.03472556
v 159.99456458 11.00779058 -38.36266573
v 160.64875740 10.79566725 -37.70089341
v 161.28820962 10.50351152 -37.05403247
v 161.90834372 10.13308848 -36.42671348
v 162.50446732 9.68628196 -35.82368317
v 163.07176355 9.16539714 -35.24981423
v 163.60540292 8.57349778 -34.70999210
v 164.10075372 7.91465528 -34.20890215
v 164.55362862 7.19401883 -33.75078022
v 164.96048817 6.41768016 -33.33920679
v 165.31853378 5.59237750 -32.97701285
v 165.62565947 4.72513676 -32.66632879
v 165.88028072 3.82296555 -32.40875749
v 166.08110261 2.89269032 -32.20560887
v 166.22691187 1.94097048 -32.05811027
v 166.31647044 0.97445577 -31.96751406
v 167.77600698 0.00000000 -33.33592672
v 167.74935802 -0.97526264 -33.36288444
v 167.66362555 -1.94359022 -33.44961020
v 167.51895752 -2.89714718 -33.59595436
v 167.31633572 -3.82812544 -33.80092375
v 167.05759492 -4.72904927 -34.06266233
v 166.74530148 -5.59302530 -34.37857400
v 166.38253153 -6.41385636 -34.74554703
v 165.97262090 -7.18598699 -35.16020689
v 165.51896596 -7.90431117 -35.61911789
v 165.02493309 -8.56392581 -36.11887464
v 164.49389444 -9.15993618 -36.65606592
v 163.92936169 -9.68740398 -37.22713937
v 163.33515566 -10.14147888 -37.82822988
v 162.71553851 -10.51768821 -38.45502594
v 162.07525120 -10.81230048 -39.10273164
v 161.41943521 -11.02264790 -39.76614593
v 160.75346062 -11.14730298 -40.43983653
v 160.08271639 -11.18605059 -41.11835202
v 159.41243171 -11.13966561 -41.79640264
v 158.74758343 -11.00957080 -42.46895387
v 158.09291095 -10.79748985 -43.13121141
v 157.45301781 -10.50521018 -43.77851837
v 156.83250547 -10.13453064 -44.40621999
v 156.23607109 -9.68740398 -45.00956467
v 155.66851403 -9.16621624 -45.58369747
v 155.13462935 -8.57409799 -46.12376775
v 154.63901007 -7.91515329 -46.62512930
v 154.18581589 -7.19452246 -47.08357420
v 153.77858209 -6.41825371 -47.49552622
v 153.42013130 -5.59302530 -47.85813004
v 153.11261657 -4.72580925 -48.16920764
v 152.85767892 -3.82358381 -48.42709901
v 152.65666138 -2.89317869 -48.63044555
v 152.51080111 -1.94128438 -48.77799576
v 152.42132742 -0.97459446 -48.86850609
v 152.38942580 -0.00000000 -48.90077732
v 152.41607476 0.97526264 -48.87381960
v 152.50180723 1.94359022 -48.78709384
v 152.64647526 2.89714718 -48.64074968
v 152.84909706 3.82812544 -48.43578029
v 153.10783786 4.72904927 -48.17404171
v 153.42013130 5.59302530 -47.85813004
v 153.78290126 6.41385636 -47.49115702
v 154.19281188 7.18598699 -47.07649715
v 154.64646682 7.90431117 -46.61758615
v 155.14049969 8.56392581 -46.11782940
v 155.67153834 9.15993618 -45.58063812
v 156.23607109 9.68740398 -45.00956467
v 156.83027712 10.14147888 -44.40847416
v 157.44989427 10.51768821 -43.78167810
v 158.09018159 10.81230048 -43.13397240
v 158.74599757 11.02264790 -42.47055811
v 159.41197216 11.14730298 -41.79686751
v 160.08271639 11.18605059 -41.11835202
v 160.75300107 11.13966561 -40.44030140
v 161.41784935 11.00957080 -39.76775017
v 162.07252184 10.79748985 -39.10549263
v 162.71241497 10.50521018 -38.45818567
v 163.33292731 10.13453064 -37.83048405
v 163.92936169 9.68740398 -37.22713937
v 164.49691875 9.16621624 -36.65300657
v 165.03080343 8.57409799 -36.11293629
v 165.52642272 7.91515329 -35.61157474
v 165.97961690 7.19452246 -35.15312984
v 166.38685069 6.41825371 -34.74117782
v 166.74530148 5.59302530 -34.37857400
v 167.05281621 4.72580925 -34.06749640
v 167.30775386 3.82358381 -33.80960504
v 167.50877141 2.89317869 -33.60625850
v 167.65463167 1.94128438 -33.45870829
v 167.74410536 0.97459446 -33.36819795
v 169.20642324 0.00000000 -34.73379705
v 169.17942560 -0.97562867 -34.76110748
v 169.09337468 -1.94426025 -34.84815539
v 168.94848190 -2.89811351 -34.99472690
v 168.74574521 -3.82944513 -35.19981251
v 168.48696482 -4.73082417 -35.46159114
v 168.17463510 -5.59535826 -35.77753952
v 167.81174778 -6.41680000 -36.14463126
v 167.40157002 -7.18950517 -36.55956136
v 166.94746670 -7.90826971 -37.01892593
v 166.45281805 -8.56811861 -37.51930559
v 165.92104785 -9.16414013 -38.05723690
v 165.35573749 -9.69144479 -38.62909697
v 164.76077128 -10.14528516 -39.23095648
v 164.14044864 -10.52131404 -39.85846619
v 163.49951284 -10.81590687 -40.50682789
v 162.84307781 -11.02644780 -41.17086840
v 162.17647245 -11.15148676 -41.84519707
v 161.50505174 -11.19071651 -42.52439689
v 160.83403494 -11.14477815 -43.20318810
v 160.16841956 -11.01496097 -43.87651533
v 159.51298960 -10.80289732 -44.53953911
v 158.87240027 -10.51035342 -45.18755034
v 158.25129080 -10.13918187 -45.81585600
v 157.65436599 -9.69144479 -46.41969680
v 157.08639741 -9.16965649 -46.99424588
v 156.55212570 -8.57705379 -47.53470769
v 156.05608267 -7.91779336 -48.03649788
v 155.60238434 -7.19700267 -48.49545278
v 155.19455937 -6.42066260 -48.90800282
v 154.83546838 -5.59535826 -49.27125425
v 154.52733890 -4.72797816 -49.58295373
v 154.27190128 -3.82545580 -49.84135086
v 154.07057465 -2.89462761 -50.04501007
v 153.92463396 -1.94223481 -50.19264163
v 153.83529469 -0.97504175 -50.28301598
v 153.80368024 -0.00000000 -50.31499672
v 153.83067787 0.97562867 -50.28768629
v 153.91672880 1.94426025 -50.20063838
v 154.06162157 2.89811351 -50.05406687
v 154.26435826 3.82944513 -49.84898127
v 154.52313866 4.73082417 -49.58720264
v 154.83546838 5.59535826 -49.27125425
v 155.19835569 6.41680000 -48.90416251
v 155.60853346 7.18950517 -48.48923242
v 156.06263678 7.90826971 -48.02986784
v 156.55728542 8.56811861 -47.52948818
v 157.08905562 9.16414013 -46.99155687
v 157.65436599 9.69144479 -46.41969680
v 158.24933220 10.14528516 -45.81783729
v 158.86965484 10.52131404 -45.19032758
v 159.51059064 10.81590687 -44.54196588
v 160.16702566 11.02644780 -43.87792537
v 160.83363102 11.15148676 -43.20359670
v 161.50505174 11.19071651 -42.52439689
v 162.17606853 11.14477815 -41.84560567
v 162.84168392 11.01496097 -41.17227844
v 163.49711387 10.80289732 -40.50925466
v 164.13770320 10.51035342 -39.86124343
v 164.75881267 10.13918187 -39.23293777
v 165.35573749 9.69144479 -38.62909697
v 165.92370606 9.16965649 -38.05454789
v 166.45797778 8.57705379 -37.51408609
v 166.95402080 7.91779336 -37.01229589
v 167.40771914 7.19700267 -36.55334099
v 167.81554411 6.42066260 -36.14079095
v 168.17463510 5.59535826 -35.77753952
v 168.48276458 4.72797816 -35.46584004
v 168.73820220 3.82545580 -35.20744291
v 168.93952883 2.89462761 -35.00378371
v 169.08546952 1.94223481 -34.85615214
v 169.17480878 0.97504175 -34.76577779
v 170.63240556 0.00000000 -36.13615269
v 170.60525034 -0.97524977 -36.16362252
v 170.51905554 -1.94347835 -36.25081598
v 170.37406129 -2.89693339 -36.39749014
v 170.17127281 -3.82790510 -36.60262813
v 169.91247471 -4.72898688 -36.86442468
v 169.60012882 -5.59329070 -37.18038942
v 169.23718872 -6.41454994 -37.54753455
v 168.82689050 -7.18708349 -37.96258650
v 168.37258484 -7.90564593 -38.42215576
v 167.87765823 -8.56523257 -38.92281661
v 167.34555775 -9.16092672 -39.46108202
v 166.77989632 -9.68786367 -40.03329722
v 166.18458694 -10.14134510 -40.63550388
v 165.56394587 -10.51708281 -41.26333571
v 164.92271742 -10.81150258 -41.91199345
v 164.26600306 -11.02201344 -42.57631653
v 163.59911308 -11.14715592 -43.25093312
v 162.92738708 -11.18658140 -43.93044175
v 162.25603986 -11.14087023 -44.60956722
v 161.59007823 -11.01125074 -45.28324471
v 160.93430638 -10.79931317 -45.94661436
v 160.29340282 -10.50681317 -46.59494344
v 159.67202391 -10.13562656 -47.22352167
v 159.07487785 -9.68786367 -47.82758628
v 158.50672368 -9.16609532 -48.40232311
v 157.97227741 -8.57360446 -48.94296148
v 157.47604322 -7.91456920 -49.44494506
v 157.02211733 -7.19410834 -49.90413015
v 156.61402545 -6.41816904 -50.31695019
v 156.25464535 -5.59329070 -50.68049408
v 155.94623823 -4.72632029 -50.99247442
v 155.69057481 -3.82416725 -51.25109996
v 155.48910862 -2.89366724 -51.45490035
v 155.34313168 -1.94158060 -51.60256858
v 155.25385324 -0.97469985 -51.69288140
v 155.22236861 -0.00000000 -51.72473081
v 155.24952382 0.97524977 -51.69726098
v 155.33571863 1.94347835 -51.61006752
v 155.48071288 2.89693339 -51.46339336
v 155.68350135 3.82790510 -51.25825537
v 155.94229946 4.72898688 -50.99645883
v 156.25464535 5.59329070 -50.68049408
v 156.61758545 6.41454994 -50.31334895
v 157.02788367 7.18708349 -49.89829700
v 157.48218933 7.90564593 -49.43872774
v 157.97711594 8.56523257 -48.93806689
v 158.50921641 9.16092672 -48.39980149
v 159.07487785 9.68786367 -47.82758628
v 159.67018723 10.14134510 -47.22537963
v 160.29082830 10.51708281 -46.59754779
v 160.93205674 10.81150258 -45.94889005
v 161.58877111 11.02201344 -45.28456698
v 162.25566109 11.14715592 -44.60995039
v 162.92738708 11.18658140 -43.93044175
v 163.59873430 11.14087023 -43.25131628
v 164.26469594 11.01125074 -42.57763879
v 164.92046779 10.79931317 -41.91426915
v 165.56137134 10.50681317 -41.26594007
v 166.18275026 10.13562656 -40.63736184
v 166.77989632 9.68786367 -40.03329722
v 167.34805049 9.16609532 -39.45856040
v 167.88249675 8.57360446 -38.91792202
v 168.37873095 7.91456920 -38.41593844
v 168.83265684 7.19410834 -37.95675336
v 169.24074872 6.41816904 -37.54393331
v 169.60012882 5.59329070 -37.18038942
v 169.90853594 4.72632029 -36.86840908
v 170.16419936 3.82416725 -36.60978354
v 170.36566555 2.89366724 -36.40598316
v 170.51164248 1.94158060 -36.25831493
v 170.60092093 0.97469985 -36.16800210
v 172.05833785 0.00000000 -37.53855894
v 172.03102708 -0.97451157 -37.56618612
v 171.94469028 -1.94198083 -37.65352323
v 171.79959591 -2.89468677 -37.80029866
v 171.59675640 -3.82495555 -38.00548828
v 171.33794093 -4.72540733 -38.26730239
v 171.02557921 -5.58916088 -38.58328315
v 170.66258716 -6.40993304 -38.95048084
v 170.25217021 -7.18200844 -39.36565289
v 169.79766500 -7.90010290 -39.82542401
v 169.30246419 -8.55918436 -40.32636223
v 168.77003790 -9.15433309 -40.86495723
v 168.20403014 -9.68071062 -41.43752278
v 167.60838223 -10.13366873 -42.04007188
v 166.98742708 -10.50897901 -42.66822143
v 166.34591001 -10.80311812 -43.31717114
v 165.68892018 -11.01352056 -43.98177288
v 165.02174951 -11.13871822 -44.65667341
v 164.34972243 -11.17832176 -45.33648662
v 163.67804930 -11.13285153 -46.01594177
v 163.01174614 -11.00347531 -46.68996474
v 162.35563705 -10.79174125 -47.35367553
v 161.71442358 -10.49939394 -48.00231812
v 161.09277894 -10.12833139 -48.63116516
v 160.49541472 -9.68071062 -49.23545046
v 159.92707758 -9.15915716 -49.81037237
v 159.39245923 -8.56699818 -50.35118482
v 158.89603653 -7.90843134 -50.85335909
v 158.44188621 -7.18856501 -51.31277122
v 158.03353101 -6.41331088 -51.72585764
v 157.67386565 -5.58916088 -52.08969008
v 157.36518457 -4.72291849 -52.40194755
v 157.10929836 -3.82146687 -52.66079847
v 156.90769448 -2.89163835 -52.86473814
v 156.76168183 -1.94020958 -53.01244250
v 156.67246347 -0.97399830 -53.10269455
v 156.64110701 -0.00000000 -53.13441430
v 156.66841778 0.97451157 -53.10678711
v 156.75475458 1.94198083 -53.01945001
v 156.89984895 2.89468677 -52.87267457
v 157.10268846 3.82495555 -52.66748496
v 157.36150393 4.72540733 -52.40567084
v 157.67386565 5.58916088 -52.08969008
v 158.03685770 6.40993304 -51.72249240
v 158.44727465 7.18200844 -51.30732035
v 158.90177986 7.90010290 -50.84754922
v 159.39698067 8.55918436 -50.34661100
v 159.92940696 9.15433309 -49.80801600
v 160.49541472 9.68071062 -49.23545046
v 161.09106263 10.13366873 -48.63290136
v 161.71201778 10.50897901 -48.00475180
v 162.35353485 10.80311812 -47.35580209
v 163.01052468 11.01352056 -46.69120035
v 163.67769535 11.13871822 -46.01629982
v 164.34972243 11.17832176 -45.33648662
v 165.02139556 11.13285153 -44.65703146
v 165.68769872 11.00347531 -43.98300849
v 166.34380781 10.79174125 -43.31929770
v 166.98502128 10.49939394 -42.67065511
v 167.60666592 10.12833139 -42.04180808
v 168.20403014 9.68071062 -41.43752278
v 168.77236728 9.15915716 -40.86260086
v 169.30698563 8.56699818 -40.32178841
v 169.80340833 7.90843134 -39.81961414
v 170.25755865 7.18856501 -39.36020201
v 170.66591385 6.41331088 -38.94711560
v 171.02557921 5.58916088 -38.58328315
v 171.33426028 4.72291849 -38.27102568
v 171.59014650 3.82146687 -38.01217476
v 171.79175038 2.89163835 -37.80823509
v 171.93776303 1.94020958 -37.66053073
v 172.02698139 0.97399830 -37.57027869
v 173.48673885 0.00000000 -38.93846787
v 173.45916547 -0.97336566 -38.96636071
v 173.37258899 -1.93965277 -39.05394027
v 173.22732572 -2.89119232 -39.20088656
v 173.02440025 -3.82037016 -39.40616313
v 172.76555571 -4.71985081 -39.66800666
v 172.45316757 -5.58276379 -39.98401414
v 172.09008816 -6.40279746 -40.35130019
v 171.67947115 -7.17417827 -40.76667463
v 171.22462946 -7.89155623 -41.22678613
v 170.72896616 -8.54985273 -41.72819220
v 170.19599028 -9.14414243 -42.26734316
v 169.62939831 -9.66963054 -42.84049968
v 169.03317942 -10.12175272 -43.44362638
v 168.41169457 -10.49638076 -44.07231178
v 167.76969080 -10.79007663 -44.72175382
v 167.11223650 -11.00031747 -45.38682541
v 166.44459255 -11.12562039 -46.06220469
v 165.77205778 -11.16552759 -46.74253148
v 165.09983504 -11.12045837 -47.42254262
v 164.43295588 -10.99147880 -48.09714826
v 163.77627802 -10.78006629 -48.76143440
v 163.13454191 -10.48794700 -49.41060569
v 162.51244921 -10.11705647 -50.03990598
v 161.91471724 -9.66963054 -50.64456329
v 161.34607172 -9.14838706 -51.21979715
v 160.81116335 -8.55672799 -51.76090299
v 160.31442285 -7.89888431 -52.26339874
v 159.85989402 -7.17994730 -52.72319376
v 159.45109462 -6.40576958 -53.13672952
v 159.09094798 -5.58276379 -53.50104882
v 158.78180465 -4.71766091 -53.81377390
v 158.52554250 -3.81730053 -54.07300511
v 158.32370634 -2.88851006 -54.27717975
v 158.17763353 -1.93809427 -54.42494497
v 158.08851671 -0.97291404 -54.51509430
v 158.05737670 -0.00000000 -54.54659510
v 158.08495008 0.97336566 -54.51870225
v 158.17152656 1.93965277 -54.43112270
v 158.31678983 2.89119232 -54.28417640
v 158.51971530 3.82037016 -54.07889983
v 158.77855984 4.71985081 -53.81705631
v 159.09094798 5.58276379 -53.50104882
v 159.45402739 6.40279746 -53.13376277
v 159.86464440 7.17417827 -52.71838834
v 160.31948610 7.89155623 -52.25827683
v 160.81514939 8.54985273 -51.75687077
v 161.34812527 9.14414243 -51.21771981
v 161.91471724 9.66963054 -50.64456329
v 162.51093613 10.12175272 -50.04143659
v 163.13242099 10.49638076 -49.41275119
v 163.77442475 10.79007663 -48.76330915
v 164.43187905 11.00031747 -48.09823756
v 165.09952300 11.12562039 -47.42285827
v 165.77205778 11.16552759 -46.74253148
v 166.44428051 11.12045837 -46.06252035
v 167.11115967 10.99147880 -45.38791471
v 167.76783753 10.78006629 -44.72362856
v 168.40957364 10.48794700 -44.07445728
v 169.03166634 10.11705647 -43.44515699
v 169.62939831 9.66963054 -42.84049968
v 170.19804383 9.14838706 -42.26526581
v 170.73295220 8.55672799 -41.72415997
v 171.22969270 7.89888431 -41.22166423
v 171.68422153 7.17994730 -40.76186921
v 172.09302093 6.40576958 -40.34833344
v 172.45316757 5.58276379 -39.98401414
v 172.76231090 4.71766091 -39.67128906
v 173.01857305 3.81730053 -39.41205785
v 173.22040921 2.88851006 -39.20788321
v 173.36648202 1.93809427 -39.06011799
v 173.45559884 0.97291404 -38.96996866
v 174.91402517 0.00000000 -40.33950440
v 174.88623716 -0.97402386 -40.36761436
v 174.79946485 -1.94092801 -40.45539201
v 174.65406366 -2.89307333 -40.60247783
v 174.45106810 -3.82288191 -40.80782530
v 174.19220004 -4.72304241 -41.06969262
v 173.87979058 -5.58668194 -41.38572166
v 173.51664011 -6.40745525 -41.75307961
v 173.10585994 -7.17953189 -42.16861908
v 172.65074362 -7.89749942 -42.62900840
v 172.15470275 -8.55623292 -43.13079641
v 171.62127812 -9.15079445 -43.67040132
v 171.05420915 -9.67641697 -44.24404037
v 170.45752408 -10.12859713 -44.84763865
v 169.83560682 -10.50328171 -45.47676147
v 169.19320582 -10.79709665 -46.12660534
v 168.53537246 -11.00754974 -46.79206038
v 167.86734228 -11.13314363 -47.46783038
v 167.19439312 -11.17336388 -48.14857635
v 166.52172175 -11.12854809 -48.82904131
v 165.85437238 -10.99968101 -49.50412261
v 165.19723023 -10.78818483 -50.16887844
v 164.55506750 -10.49577346 -50.81848128
v 163.93260912 -10.12441625 -51.44815148
v 163.33457710 -9.67641697 -52.05311232
v 162.76568004 -9.15457328 -52.62860064
v 162.23053509 -8.56235370 -53.16994580
v 161.73353528 -7.90402332 -53.67270386
v 161.27869747 -7.18466783 -54.13281143
v 160.86953536 -6.41010122 -54.54671411
v 160.50899566 -5.58668194 -54.91143104
v 160.19947476 -4.72109283 -55.22453806
v 159.94290556 -3.82014912 -55.48407987
v 159.74087973 -2.89068541 -55.68844639
v 159.59475787 -1.93954054 -55.83626122
v 159.50572412 -0.97362180 -55.92632651
v 159.47476107 -0.00000000 -55.95764830
v 159.50254908 0.97402386 -55.92953834
v 159.58932139 1.94092801 -55.84176068
v 159.73472259 2.89307333 -55.69467486
v 159.93771814 3.82288191 -55.48932740
v 160.19658620 4.72304241 -55.22746008
v 160.50899566 5.58668194 -54.91143104
v 160.87214614 6.40745525 -54.54407309
v 161.28292630 7.17953189 -54.12853361
v 161.73804262 7.89749942 -53.66814430
v 162.23408349 8.55623292 -53.16635628
v 162.76750812 9.15079445 -52.62675138
v 163.33457710 9.67641697 -52.05311232
v 163.93126217 10.12859713 -51.44951404
v 164.55317943 10.50328171 -50.82039123
v 165.19558043 10.79709665 -50.17054735
v 165.85341379 11.00754974 -49.50509231
v 166.52144397 11.13314363 -48.82932231
v 167.19439312 11.17336388 -48.14857635
v 167.86706450 11.12854809 -47.46811138
v 168.53441386 10.99968101 -46.79303009
v 169.19155602 10.78818483 -46.12827426
v 169.83371875 10.49577346 -45.47867141
v 170.45617712 10.12441625 -44.84900121
v 171.05420915 9.67641697 -44.24404037
v 171.62310621 9.15457328 -43.66855205
v 172.15825116 8.56235370 -43.12720689
v 172.65525096 7.90402332 -42.62444883
v 173.11008877 7.18466783 -42.16434126
v 173.51925088 6.41010122 -41.75043858
v 173.87979058 5.58668194 -41.38572166
v 174.18931148 4.72109283 -41.07261464
v 174.44588068 3.82014912 -40.81307282
v 174.64790652 2.89068541 -40.60870631
v 174.79402838 1.93954054 -40.46089148
v 174.88306212 0.97362180 -40.37082619
f 1 2 73
f 2 74 73
f 2 3 74
f 3 75 74
f 3 4 75
f 4 76 75
f 4 5 76
f 5 77 76
f 5 6 77
f 6 78 77
f 6 7 78
f 7 79 78
f 7 8 79
f 8 80 79
f 8 9 80
f 9 81 80
f 9 10 81
f 10 82 81
f 10 11 82
f 11 83 82
f 11 12 83
f 12 84 83
f 12 13 84
f 13 85 84
f 13 14 85
f 14 86 85
f 14 15 86
f 15 87 86
f 15 16 87
f 16 88 87
f 16 17 88
f 17 89 88
f 17 18 89
f 18 90 89
f 18 19 90
f 19 91 90
f 19 20 91
f 20 92 91
f 20 21 92
f 21 93 92
f 21 22 93
f 22 94 93
f 22 23 94
f 23 95 94
f 23 24 95
f 24 96 95
f 24 25 96
f 25 97 96
f 25 26 97
f 26 98 97
f 26 27 98
f 27 99 98
f 27 28 99
f 28 100 99
f 28 29 100
f 29 101 100
f 29 30 101
f 30 102 101
f 30 31 102
f 31 103 102
f 31 32 103
f 32 104 103
f 32 33 104
f 33 105 104
f 33 34 105
f 34 106 105
f 34 35 106
f 35 107 106
f 35 36 107
f 36 108 107
f 36 37 108
f 37 109 108
f 37 38 109
f 38 110 109
f 38 39 110
f 39 111 110
f 39 40 111
f 40 112 111
f 40 41 112
f 41 113 112
f 41 42 113
f 42 114 113
f 42 43 114
f 43 115 114
f 43 44 115
f 44 116 115
f 44 45 116
f 45 117 116
f 45 46 117
f 46 118 117
f 46 47 118
f 47 119 118
f 47 48 119
f 48 120 119
f 48 49 120
f 49 121 120
f 49 50 121
f 50 122 121
f 50 51 122
f 51 123 122
f 51 52 123
f 52 124 123
f 52 53 124
f 53 125 124
f 53 54 125
f 54 126 125
f 54 55 126
f 55 127 126
f 55 56 127
f 56 128 127
f 56 57 128
f 57 129 128
f 57 58 129
f 58 130 129
f 58 59 130
f 59 131 130
f 59 60 131
f 60 132 131
f 60 61 132
f 61 133 132
f 61 62 133
f 62 134 133
f 62 63 134
f 63 135 134
f 63 64 135
f 64 136 135
f 64 65 136
f 65 137 136
f 65 66 137
f 66 138 137
f 66 67 138
f 67 139 138
f 67 68 139
f 68 140 139
f 68 69 140
f 69 141 140
f 69 70 141
f 70 142 141
f 70 71 142
f 71 143 142
f 71 72 143
f 72 144 143
f 72 1 144
f 1 73 144
f 73 74 145
f 74 146 145
f 74 75 146
f 75 147 146
f 75 76 147
f 76 148 147
f 76 77 148
f 77 149 148
f 77 78 149
f 78 150 149
f 78 79 150
f 79 151 150
f 79 80 151
f 80 152 151
f 80 81 152
f 81 153 152
f 81 82 153
f 82 154 153
f 82 83 154
f 83 155 154
f 83 84 155
f 84 156 155
f 84 85 156
f 85 157 156
f 85 86 157
f 86 158 157
f 86 87 158
f 87 159 158
f 87 88 159
f 88 160 159
f 88 89 160
f 89 161 160
f 89 90 161
f 90 162 161
f 90 91 162
f 91 163 162
f 91 92 163
f 92 164 163
f 92 93 164
f 93 165 164
f 93 94 165
f 94 166 165
f 94 95 166
f 95 167 166
f 95 96 167
f 96 168 167
f 96 97 168
f 97 169 168
f 97 98 169
f 98 170 169
f 98 99 170
f 99 171 170
f 99 100 171
f 100 172 171
f 100 101 172
f 101 173 172
f 101 102 173
f 102 174 173
f 102 103 174
f 103 175 174
f 103 104 175
f 104 176 175
f 104 105 176
f 105 177 176
f 105 106 177
f 106 178 177
f 106 107 178
f 107 179 178
f 107 108 179
f 108 180 179
f 108 109 180
f 109 181 180
f 109 110 181
f 110 182 181
f 110 111 182
f 111 183 182
f 111 112 183
f 112 184 183
f 112 113 184
f 113 185 184
f 113 114 185
f 114 186 185
f 114 115 186
f 115 187 186
f 115 116 187
f 116 188 187
f 116 117 188
f 117 189 188
f 117 118 189
f 118 190 189
f 118 119 190
f 119 191 190
f 119 120 191
f 120 192 191
f 120 121 192
f 121 193 192
f 121 122 193
f 122 194 193
f 122 123 194
f 123 195 194
f 123 124 195
f 124 196 195
f 124 125 196
f 125 197 196
f 125 126 197
f 126 198 197
f 126 127 198
f 127 199 198
f 127 128 199
f 128 200 199
f 128 129 200
f 129 201 200
f 129 130 201
f 130 202 201
f 130 131 202
f 131 203 202
f 131 132 203
f 132 204 203
f 132 133 204
f 133 205 204
f 133 134 205
f 134 206 205
f 134 135 206
f 135 207 206
f 135 136 207
f 136 208 207
f 136 137 208
f 137 209 208
f 137 138 209
f 138 210 209
f 138 139 210
f 139 211 210
f 139 140 211
f 140 212 211
f 140 141 212
f 141 213 212
f 141 142 213
f 142 214 213
f 142 143 214
f 143 215 214
f 143 144 215
f 144 216 215
f 144 73 216
f 73 145 216
f 145 146 217
f 146 218 217
f 146 147 218
f 147 219 218
f 147 148 219
f 148 220 219
f 148 149 220
f 149 221 220
f 149 150 221
f 150 222 221
f 150 151 222
f 151 223 222
f 151 152 223
f 152 224 223
f 152 153 224
f 153 225 224
f 153 154 225
f 154 226 225
f 154 155 226
f 155 227 226
f 155 156 227
f 156 228 227
f 156 157 228
f 157 229 228
f 157 158 229
f 158 230 229
f 158 159 230
f 159 231 230
f 159 160 231
f 160 232 231
f 160 161 232
f 161 233 232
f 161 162 233
f 162 234 233
f 162 163 234
f 163 235 234
f 163 164 235
f 164 236 235
f 164 165 236
f 165 237 236
f 165 166 237
f 166 238 237
f 166 167 238
f 167 239 238
f 167 168 239
f 168 240 239
f 168 169 240
f 169 241 240
f 169 170 241
f 170 242 241
f 170 171 242
f 171 243 242
f 171 172 243
f 172 244 243
f 172 173 244
f 173 245 244
f 173 174 245
f 174 246 245
f 174 175 246
f 175 247 246
f 175 176 247
f 176 248 247
f 176 177 248
f 177 249 248
f 177 178 249
f 178 250 249
f 178 179 250
f 179 251 250
f 179 180 251
f 180 252 251
f 180 181 252
f 181 253 252
f 181 182 253
f 182 254 253
f 182 183 254
f 183 255 254
f 183 184 255
f 184 256 255
f 184 185 256
f 185 257 256
f 185 186 257
f 186 258 257
f 186 187 258
f 187 259 258
f 187 188 259
f 188 260 259
f 188 189 260
f 189 261 260
f 189 190 261
f 190 262 261
f 190 191 262
f 191 263 262
f 191 192 263
f 192 264 263
f 192 193 264
f 193 265 264
f 193 194 265
f 194 266 265
f 194 195 266
f 195 267 266
f 195 196 267
f 196 268 267
f 196 197 268
f 197 269 268
f 197 198 269
f 198 270 269
f 198 199 270
f 199 271 270
f 199 200 271
f 200 272 271
f 200 201 272
f 201 273 272
f 201 202 273
f 202 274 273
f 202 203 274
f 203 275 274
f 203 204 275
f 204 276 275
f 204 205 276
f 205 277 276
f 205 206 277
f 206 278 277
f 206 207 278
f 207 279 278
f 207 208 279
f 208 280 279
f 208 209 280
f 209 281 280
f 209 210 281
f 210 282 281
f 210 211 282
f 211 283 282
f 211 212 283
f 212 284 283
f 212 213 284
f 213 285 284
f 213 214 285
f 214 286 285
f 214 215 286
f 215 287 286
f 215 216 287
f 216 288 287
f 216 145 288
f 145 217 288
f 217 218 289
f 218 290 289
f 218 219 290
f 219 291 290
f 219 220 291
f 220 292 291
f 220 221 292
f 221 293 292
f 221 222 293
f 222 294 293
f 222 223 294
f 223 295 294
f 223 224 295
f 224 296 295
f 224 225 296
f 225 297 296
f 225 226 297
f 226 298 297
f 226 227 298
f 227 299 298
f 227 228 299
f 228 300 299
f 228 229 300
f 229 301 300
f 229 230 301
f 230 302 301
f 230 231 302
f 231 303 302
f 231 232 303
f 232 304 303
f 232 233 304
f 233 305 304
f 233 234 305
f 234 306 305
f 234 235 306
f 235 307 306
f 235 236 307
f 236 308 307
f 236 237 308
f 237 309 308
f 237 238 309
f 238 310 309
f 238 239 310
f 239 311 310
f 239 240 311
f 240 312 311
f 240 241 312
f 241 313 312
f 241 242 313
f 242 314 313
f 242 243 314
f 243 315 314
f 243 244 315
f 244 316 315
f 244 245 316
f 245 317 316
f 245 246 317
f 246 318 317
f 246 247 318
f 247 319 318
f 247 248 319
f 248 320 319
f 248 249 320
f 249 321 320
f 249 250 321
f 250 322 321
f 250 251 322
f 251 323 322
f 251 252 323
f 252 324 323
f 252 253 324
f 253 325 324
f 253 254 325
f 254 326 325
f 254 255 326
f 255 327 326
f 255 256 327
f 256 328 327
f 256 257 328
f 257 329 328
f 257 258 329
f 258 330 329
f 258 259 330
f 259 331 330
f 259 260 331
f 260 332 331
f 260 261 332
f 261 333 332
f 261 262 333
f 262 334 333
f 262 263 334
f 263 335 334
f 263 264 335
f 264 336 335
f 264 265 336
f 265 337 336
f 265 266 337
f 266 338 337
f 266 267 338
f 267 339 338
f 267 268 339
f 268 340 339
f 268 269 340
f 269 341 340
f 269 270 341
f 270 342 341
f 270 271 342
f 271 343 342
f 271 272 343
f 272 344 343
f 272 273 344
f 273 345 344
f 273 274 345
f 274 346 345
f 274 275 346
f 275 347 346
f 275 276 347
f 276 348 347
f 276 277 348
f 277 349 348
f 277 278 349
f 278 350 349
f 278 279 350
f 279 351 350
f 279 280 351
f 280 352 351
f 280 281 352
f 281 353 352
f 281 282 353
f 282 354 353
f 282 283 354
f 283 355 354
f 283 284 355
f 284 356 355
f 284 285 356
f 285 357 356
f 285 286 357
f 286 358 357
f 286 287 358
f 287 359 358
f 287 288 359
f 288 360 359
f 288 217 360
f 217 289 360
f 289 290 361
f 290 362 361
f 290 291 362
f 291 363 362
f 291 292 363
f 292 364 363
f 292 293 364
f 293 365 364
f 293 294 365
f 294 366 365
f 294 295 366
f 295 367 366
f 295 296 367
f 296 368 367
f 296 297 368
f 297 369 368
f 297 298 369
f 298 370 369
f 298 299 370
f 299 371 370
f 299 300 371
f 300 372 371
f 300 301 372
f 301 373 372
f 301 302 373
f 302 374 373
f 302 303 374
f 303 375 374
f 303 304 375
f 304 376 375
f 304 305 376
f 305 377 376
f 305 306 377
f 306 378 377
f 306 307 378
f 307 379 378
f 307 308 379
f 308 380 379
f 308 309 380
f 309 381 380
f 309 310 381
f 310 382 381
f 310 311 382
f 311 383 382
f 311 312 383
f 312 384 383
f 312 313 384
f 313 385 384
f 313 314 385
f 314 386 385
f 314 315 386
f 315 387 386
f 315 316 387
f 316 388 387
f 316 317 388
f 317 389 388
f 317 318 389
f 318 390 389
f 318 319 390
f 319 391 390
f 319 320 391
f 320 392 391
f 320 321 392
f 321 393 392
f 321 322 393
f 322 394 393
f 322 323 394
f 323 395 394
f 323 324 395
f 324 396 395
f 324 325 396
f 325 397 396
f 325 326 397
f 326 398 397
f 326 327 398
f 327 399 398
f 327 328 399
f 328 400 399
f 328 329 400
f 329 401 400
f 329 330 401
f 330 402 401
f 330 331 402
f 331 403 402
f 331 332 403
f 332 404 403
f 332 333 404
f 333 405 404
f 333 334 405
f 334 406 405
f 334 335 406
f 335 407 406
f 335 336 407
f 336 408 407
f 336 337 408
f 337 409 408
f 337 338 409
f 338 410 409
f 338 339 410
f 339 411 410
f 339 340 411
f 340 412 411
f 340 341 412
f 341 413 412
f 341 342 413
f 342 414 413
f 342 343 414
f 343 415 414
f 343 344 415
f 344 416 415
f 344 345 416
f 345 417 416
f 345 346 417
f 346 418 417
f 346 347 418
f 347 419 418
f 347 348 419
f 348 420 419
f 348 349 420
f 349 421 420
f 349 350 421
f 350 422 421
f 350 351 422
f 351 423 422
f 351 352 423
f 352 424 423
f 352 353 424
f 353 425 424
f 353 354 425
f 354 426 425
f 354 355 426
f 355 427 426
f 355 356 427
f 356 428 427
f 356 357 428
f 357 429 428
f 357 358 429
f 358 430 429
f 358 359 430
f 359 431 430
f 359 360 431
f 360 432 431
f 360 289 432
f 289 361 432
f 361 362 433
f 362 434 433
f 362 363 434
f 363 435 434
f 363 364 435
f 364 436 435
f 364 365 436
f 365 437 436
f 365 366 437
f 366 438 437
f 366 367 438
f 367 439 438
f 367 368 439
f 368 440 439
f 368 369 440
f 369 441 440
f 369 370 441
f 370 442 441
f 370 371 442
f 371 443 442
f 371 372 443
f 372 444 443
f 372 373 444
f 373 445 444
f 373 374 445
f 374 446 445
f 374 375 446
f 375 447 446
f 375 376 447
f 376 448 447
f 376 377 448
f 377 449 448
f 377 378 449
f 378 450 449
f 378 379 450
f 379 451 450
f 379 380 451
f 380 452 451
f 380 381 452
f 381 453 452
f 381 382 453
f 382 454 453
f 382 383 454
f 383 455 454
f 383 384 455
f 384 456 455
f 384 385 456
f 385 457 456
f 385 386 457
f 386 458 457
f 386 387 458
f 387 459 458
f 387 388 459
f 388 460 459
f 388 389 460
f 389 461 460
f 389 390 461
f 390 462 461
f 390 391 462
f 391 463 462
f 391 392 463
f 392 464 463
f 392 393 464
f 393 465 464
f 393 394 465
f 394 466 465
f 394 395 466
f 395 467 466
f 395 396 467
f 396 468 467
f 396 397 468
f 397 469 468
f 397 398 469
f 398 470 469
f 398 399 470
f 399 471 470
f 399 400 471
f 400 472 471
f 400 401 472
f 401 473 472
f 401 402 473
f 402 474 473
f 402 403 474
f 403 475 474
f 403 404 475
f 404 476 475
f 404 405 476
f 405 477 476
f 405 406 477
f 406 478 477
f 406 407 478
f 407 479 478
f 407 408 479
f 408 480 479
f 408 409 480
f 409 481 480
f 409 410 481
f 410 482 481
f 410 411 482
f 411 483 482
f 411 412 483
f 412 484 483
f 412 413 484
f 413 485 484
f 413 414 485
f 414 486 485
f 414 415 486
f 415 487 486
f 415 416 487
f 416 488 487
f 416 417 488
f 417 489 488
f 417 418 489
f 418 490 489
f 418 419 490
f 419 491 490
f 419 420 491
f 420 492 491
f 420 421 492
f 421 493 492
f 421 422 493
f 422 494 493
f 422 423 494
f 423 495 494
f 423 424 495
f 424 496 495
f 424 425 496
f 425 497 496
f 425 426 497
f 426 498 497
f 426 427 498
f 427 499 498
f 427 428 499
f 428 500 499
f 428 429 500
f 429 501 500
f 429 430 501
f 430 502 501
f 430 431 502
f 431 503 502
f 431 432 503
f 432 504 503
f 432 361 504
f 361 433 504
f 433 434 505
f 434 506 505
f 434 435 506
f 435 507 506
f 435 436 507
f 436 508 507
f 436 437 508
f 437 509 508
f 437 438 509
f 438 510 509
f 438 439 510
f 439 511 510
f 439 440 511
f 440 512 511
f 440 441 512
f 441 513 512
f 441 442 513
f 442 514 513
f 442 443 514
f 443 515 514
f 443 444 515
f 444 516 515
f 444 445 516
f 445 517 516
f 445 446 517
f 446 518 517
f 446 447 518
f 447 519 518
f 447 448 519
f 448 520 519
f 448 449 520
f 449 521 520
f 449 450 521
f 450 522 521
f 450 451 522
f 451 523 522
f 451 452 523
f 452 524 523
f 452 453 524
f 453 525 524
f 453 454 525
f 454 526 525
f 454 455 526
f 455 527 526
f 455 456 527
f 456 528 527
f 456 457 528
f 457 529 528
f 457 458 529
f 458 530 529
f 458 459 530
f 459 531 530
f 459 460 531
f 460 532 531
f 460 461 532
f 461 533 532
f 461 462 533
f 462 534 533
f 462 463 534
f 463 535 534
f 463 464 535
f 464 536 535
f 464 465 536
f 465 537 536
f 465 466 537
f 466 538 537
f 466 467 538
f 467 539 538
f 467 468 539
f 468 540 539
f 468 469 540
f 469 541 540
f 469 470 541
f 470 542 541
f 470 471 542
f 471 543 542
f 471 472 543
f 472 544 543
f 472 473 544
f 473 545 544
f 473 474 545
f 474 546 545
f 474 475 546
f 475 547 546
f 475 476 547
f 476 548 547
f 476 477 548
f 477 549 548
f 477 478 549
f 478 550 549
f 478 479 550
f 479 551 550
f 479 480 551
f 480 552 551
f 480 481 552
f 481 553 552
f 481 482 553
f 482 554 553
f 482 483 554
f 483 555 554
f 483 484 555
f 484 556 555
f 484 485 556
f 485 557 556
f 485 486 557
f 486 558 557
f 486 487 558
f 487 559 558
f 487 488 559
f 488 560 559
f 488 489 560
f 489 561 560
f 489 490 561
f 490 562 561
f 490 491 562
f 491 563 562
f 491 492 563
f 492 564 563
f 492 493 564
f 493 565 564
f 493 494 565
f 494 566 565
f 494 495 566
f 495 567 566
f 495 496 567
f 496 568 567
f 496 497 568
f 497 569 568
f 497 498 569
f 498 570 569
f 498 499 570
f 499 571 570
f 499 500 571
f 500 572 571
f 500 501 572
f 501 573 572
f 501 502 573
f 502 574 573
f 502 503 574
f 503 575 574
f 503 504 575
f 504 576 575
f 504 433 576
f 433 505 576
f 505 506 577
f 506 578 577
f 506 507 578
f 507 579 578
f 507 508 579
f 508 580 579
f 508 509 580
f 509 581 580
f 509 510 581
f 510 582 581
f 510 511 582
f 511 583 582
f 511 512 583
f 512 584 583
f 512 513 584
f 513 585 584
f 513 514 585
f 514 586 585
f 514 515 586
f 515 587 586
f 515 516 587
f 516 588 587
f 516 517 588
f 517 589 588
f 517 518 589
f 518 590 589
f 518 519 590
f 519 591 590
f 519 520 591
f 520 592 591
f 520 521 592
f 521 593 592
f 521 522 593
f 522 594 593
f 522 523 594
f 523 595 594
f 523 524 595
f 524 596 595
f 524 525 596
f 525 597 596
f 525 526 597
f 526 598 597
f 526 527 598
f 527 599 598
f 527 528 599
f 528 600 599
f 528 529 600
f 529 601 600
f 529 530 601
f 530 602 601
f 530 531 602
f 531 603 602
f 531 532 603
f 532 604 603
f 532 533 604
f 533 605 604
f 533 534 605
f 534 606 605
f 534 535 606
f 535 607 606
f 535 536 607
f 536 608 607
f 536 537 608
f 537 609 608
f 537 538 609
f 538 610 609
f 538 539 610
f 539 611 610
f 539 540 611
f 540 612 611
f 540 541 612
f 541 613 612
f 541 542 613
f 542 614 613
f 542 543 614
f 543 615 614
f 543 544 615
f 544 616 615
f 544 545 616
f 545 617 616
f 545 546 617
f 546 618 617
f 546 547 618
f 547 619 618
f 547 548 619
f 548 620 619
f 548 549 620
f 549 621 620
f 549 550 621
f 550 622 621
f 550 551 622
f 551 623 622
f 551 552 623
f 552 624 623
f 552 553 624
f 553 625 624
f 553 554 625
f 554 626 625
f 554 555 626
f 555 627 626
f 555 556 627
f 556 628 627
f 556 557 628
f 557 629 628
f 557 558 629
f 558 630 629
f 558 559 630
f 559 631 630
f 559 560 631
f 560 632 631
f 560 561 632
f 561 633 632
f 561 562 633
f 562 634 633
f 562 563 634
f 563 635 634
f 563 564 635
f 564 636 635
f 564 565 636
f 565 637 636
f 565 566 637
f 566 638 637
f 566 567 638
f 567 639 638
f 567 568 639
f 568 640 639
f 568 569 640
f 569 641 640
f 569 570 641
f 570 642 641
f 570 571 642
f 571 643 642
f 571 572 643
f 572 644 643
f 572 573 644
f 573 645 644
f 573 574 645
f 574 646 645
f 574 575 646
f 575 647 646
f 575 576 647
f 576 648 647
f 576 505 648
f 505 577 648
f 577 578 649
f 578 650 649
f 578 579 650
f 579 651 650
f 579 580 651
f 580 652 651
f 580 581 652
f 581 653 652
f 581 582 653
f 582 654 653
f 582 583 654
f 583 655 654
f 583 584 655
f 584 656 655
f 584 585 656
f 585 657 656
f 585 586 657
f 586 658 657
f 586 587 658
f 587 659 658
f 587 588 659
f 588 660 659
f 588 589 660
f 589 661 660
f 589 590 661
f 590 662 661
f 590 591 662
f 591 663 662
f 591 592 663
f 592 664 663
f 592 593 664
f 593 665 664
f 593 594 665
f 594 666 665
f 594 595 666
f 595 667 666
f 595 596 667
f 596 668 667
f 596 597 668
f 597 669 668
f 597 598 669
f 598 670 669
f 598 599 670
f 599 671 670
f 599 600 671
f 600 672 671
f 600 601 672
f 601 673 672
f 601 602 673
f 602 674 673
f 602 603 674
f 603 675 674
f 603 604 675
f 604 676 675
f 604 605 676
f 605 677 676
f 605 606 677
f 606 678 677
f 606 607 678
f 607 679 678
f 607 608 679
f 608 680 679
f 608 609 680
f 609 681 680
f 609 610 681
f 610 682 681
f 610 611 682
f 611 683 682
f 611 612 683
f 612 684 683
f 612 613 684
f 613 685 684
f 613 614 685
f 614 686 685
f 614 615 686
f 615 687 686
f 615 616 687
f 616 688 687
f 616 617 688
f 617 689 688
f 617 618 689
f 618 690 689
f 618 619 690
f 619 691 690
f 619 620 691
f 620 692 691
f 620 621 692
f 621 693 692
f 621 622 693
f 622 694 693
f 622 623 694
f 623 695 694
f 623 624 695
f 624 696 695
f 624 625 696
f 625 697 696
f 625 626 697
f 626 698 697
f 626 627 698
f 627 699 698
f 627 628 699
f 628 700 699
f 628 629 700
f 629 701 700
f 629 630 701
f 630 702 701
f 630 631 702
f 631 703 702
f 631 632 703
f 632 704 703
f 632 633 704
f 633 705 704
f 633 634 705
f 634 706 705
f 634 635 706
f 635 707 706
f 635 636 707
f 636 708 707
f 636 637 708
f 637 709 708
f 637 638 709
f 638 710 709
f 638 639 710
f 639 711 710
f 639 640 711
f 640 712 711
f 640 641 712
f 641 713 712
f 641 642 713
f 642 714 713
f 642 643 714
f 643 715 714
f 643 644 715
f 644 716 715
f 644 645 716
f 645 717 716
f 645 646 717
f 646 718 717
f 646 647 718
f 647 719 718
f 647 648 719
f 648 720 719
f 648 577 720
f 577 649 720
f 649 650 721
f 650 722 721
f 650 651 722
f 651 723 722
f 651 652 723
f 652 724 723
f 652 653 724
f 653 725 724
f 653 654 725
f 654 726 725
f 654 655 726
f 655 727 726
f 655 656 727
f 656 728 727
f 656 657 728
f 657 729 728
f 657 658 729
f 658 730 729
f 658 659 730
f 659 731 730
f 659 660 731
f 660 732 731
f 660 661 732
f 661 733 732
f 661 662 733
f 662 734 733
f 662 663 734
f 663 735 734
f 663 664 735
f 664 736 735
f 664 665 736
f 665 737 736
f 665 666 737
f 666 738 737
f 666 667 738
f 667 739 738
f 667 668 739
f 668 740 739
f 668 669 740
f 669 741 740
f 669 670 741
f 670 742 741
f 670 671 742
f 671 743 742
f 671 672 743
f 672 744 743
f 672 673 744
f 673 745 744
f 673 674 745
f 674 746 745
f 674 675 746
f 675 747 746
f 675 676 747
f 676 748 747
f 676 677 748
f 677 749 748
f 677 678 749
f 678 750 749
f 678 679 750
f 679 751 750
f 679 680 751
f 680 752 751
f 680 681 752
f 681 753 752
f 681 682 753
f 682 754 753
f 682 683 754
f 683 755 754
f 683 684 755
f 684 756 755
f 684 685 756
f 685 757 756
f 685 686 757
f 686 758 757
f 686 687 758
f 687 759 758
f 687 688 759
f 688 760 759
f 688 689 760
f 689 761 760
f 689 690 761
f 690 762 761
f 690 691 762
f 691 763 762
f 691 692 763
f 692 764 763
f 692 693 764
f 693 765 764
f 693 694 765
f 694 766 765
f 694 695 766
f 695 767 766
f 695 696 767
f 696 768 767
f 696 697 768
f 697 769 768
f 697 698 769
f 698 770 769
f 698 699 770
f 699 771 770
f 699 700 771
f 700 772 771
f 700 701 772
f 701 773 772
f 701 702 773
f 702 774 773
f 702 703 774
f 703 775 774
f 703 704 775
f 704 776 775
f 704 705 776
f 705 777 776
f 705 706 777
f 706 778 777
f 706 707 778
f 707 779 778
f 707 708 779
f 708 780 779
f 708 709 780
f 709 781 780
f 709 710 781
f 710 782 781
f 710 711 782
f 711 783 782
f 711 712 783
f 712 784 783
f 712 713 784
f 713 785 784
f 713 714 785
f 714 786 785
f 714 715 786
f 715 787 786
f 715 716 787
f 716 788 787
f 716 717 788
f 717 789 788
f 717 718 789
f 718 790 789
f 718 719 790
f 719 791 790
f 719 720 791
f 720 792 791
f 720 649 792
f 649 721 792
f 721 722 793
f 722 794 793
f 722 723 794
f 723 795 794
f 723 724 795
f 724 796 795
f 724 725 796
f 725 797 796
f 725 726 797
f 726 798 797
f 726 727 798
f 727 799 798
f 727 728 799
f 728 800 799
f 728 729 800
f 729 801 800
f 729 730 801
f 730 802 801
f 730 731 802
f 731 803 802
f 731 732 803
f 732 804 803
f 732 733 804
f 733 805 804
f 733 734 805
f 734 806 805
f 734 735 806
f 735 807 806
f 735 736 807
f 736 808 807
f 736 737 808
f 737 809 808
f 737 738 809
f 738 810 809
f 738 739 810
f 739 811 810
f 739 740 811
f 740 812 811
f 740 741 812
f 741 813 812
f 741 742 813
f 742 814 813
f 742 743 814
f 743 815 814
f 743 744 815
f 744 816 815
f 744 745 816
f 745 817 816
f 745 746 817
f 746 818 817
f 746 747 818
f 747 819 818
f 747 748 819
f 748 820 819
f 748 749 820
f 749 821 820
f 749 750 821
f 750 822 821
f 750 751 822
f 751 823 822
f 751 752 823
f 752 824 823
f 752 753 824
f 753 825 824
f 753 754 825
f 754 826 825
f 754 755 826
f 755 827 826
f 755 756 827
f 756 828 827
f 756 757 828
f 757 829 828
f 757 758 829
f 758 830 829
f 758 759 830
f 759 831 830
f 759 760 831
f 760 832 831
f 760 761 832
f 761 833 832
f 761 762 833
f 762 834 833
f 762 763 834
f 763 835 834
f 763 764 835
f 764 836 835
f 764 765 836
f 765 837 836
f 765 766 837
f 766 838 837
f 766 767 838
f 767 839 838
f 767 768 839
f 768 840 839
f 768 769 840
f 769 841 840
f 769 770 841
f 770 842 841
f 770 771 842
f 771 843 842
f 771 772 843
f 772 844 843
f 772 773 844
f 773 845 844
f 773 774 845
f 774 846 845
f 774 775 846
f 775 847 846
f 775 776 847
f 776 848 847
f 776 777 848
f 777 849 848
f 777 778 849
f 778 850 849
f 778 779 850
f 779 851 850
f 779 780 851
f 780 852 851
f 780 781 852
f 781 853 852
f 781 782 853
f 782 854 853
f 782 783 854
f 783 855 854
f 783 784 855
f 784 856 855
f 784 785 856
f 785 857 856
f 785 786 857
f 786 858 857
f 786 787 858
f 787 859 858
f 787 788 859
f 788 860 859
f 788 789 860
f 789 861 860
f 789 790 861
f 790 862 861
f 790 791 862
f 791 863 862
f 791 792 863
f 792 864 863
f 792 721 864
f 721 793 864
f 793 794 865
f 794 866 865
f 794 795 866
f 795 867 866
f 795 796 867
f 796 868 867
f 796 797 868
f 797 869 868
f 797 798 869
f 798 870 869
f 798 799 870
f 799 871 870
f 799 800 871
f 800 872 871
f 800 801 872
f 801 873 872
f 801 802 873
f 802 874 873
f 802 803 874
f 803 875 874
f 803 804 875
f 804 876 875
f 804 805 876
f 805 877 876
f 805 806 877
f 806 878 877
f 806 807 878
f 807 879 878
f 807 808 879
f 808 880 879
f 808 809 880
f 809 881 880
f 809 810 881
f 810 882 881
f 810 811 882
f 811 883 882
f 811 812 883
f 812 884 883
f 812 813 884
f 813 885 884
f 813 814 885
f 814 886 885
f 814 815 886
f 815 887 886
f 815 816 887
f 816 888 887
f 816 817 888
f 817 889 888
f 817 818 889
f 818 890 889
f 818 819 890
f 819 891 890
f 819 820 891
f 820 892 891
f 820 821 892
f 821 893 892
f 821 822 893
f 822 894 893
f 822 823 894
f 823 895 894
f 823 824 895
f 824 896 895
f 824 825 896
f 825 897 896
f 825 826 897
f 826 898 897
f 826 827 898
f 827 899 898
f 827 828 899
f 828 900 899
f 828 829 900
f 829 901 900
f 829 830 901
f 830 902 901
f 830 831 902
f 831 903 902
f 831 832 903
f 832 904 903
f 832 833 904
f 833 905 904
f 833 834 905
f 834 906 905
f 834 835 906
f 835 907 906
f 835 836 907
f 836 908 907
f 836 837 908
f 837 909 908
f 837 838 909
f 838 910 909
f 838 839 910
f 839 911 910
f 839 840 911
f 840 912 911
f 840 841 912
f 841 913 912
f 841 842 913
f 842 914 913
f 842 843 914
f 843 915 914
f 843 844 915
f 844 916 915
f 844 845 916
f 845 917 916
f 845 846 917
f 846 918 917
f 846 847 918
f 847 919 918
f 847 848 919
f 848 920 919
f 848 849 920
f 849 921 920
f 849 850 921
f 850 922 921
f 850 851 922
f 851 923 922
f 851 852 923
f 852 924 923
f 852 853 924
f 853 925 924
f 853 854 925
f 854 926 925
f 854 855 926
f 855 927 926
f 855 856 927
f 856 928 927
f 856 857 928
f 857 929 928
f 857 858 929
f 858 930 929
f 858 859 930
f 859 931 930
f 859 860 931
f 860 932 931
f 860 861 932
f 861 933 932
f 861 862 933
f 862 934 933
f 862 863 934
f 863 935 934
f 863 864 935
f 864 936 935
f 864 793 936
f 793 865 936
f 865 866 937
f 866 938 937
f 866 867 938
f 867 939 938
f 867 868 939
f 868 940 939
f 868 869 940
f 869 941 940
f 869 870 941
f 870 942 941
f 870 871 942
f 871 943 942
f 871 872 943
f 872 944 943
f 872 873 944
f 873 945 944
f 873 874 945
f 874 946 945
f 874 875 946
f 875 947 946
f 875 876 947
f 876 948 947
f 876 877 948
f 877 949 948
f 877 878 949
f 878 950 949
f 878 879 950
f 879 951 950
f 879 880 951
f 880 952 951
f 880 881 952
f 881 953 952
f 881 882 953
f 882 954 953
f 882 883 954
f 883 955 954
f 883 884 955
f 884 956 955
f 884 885 956
f 885 957 956
f 885 886 957
f 886 958 957
f 886 887 958
f 887 959 958
f 887 888 959
f 888 960 959
f 888 889 960
f 889 961 960
f 889 890 961
f 890 962 961
f 890 891 962
f 891 963 962
f 891 892 963
f 892 964 963
f 892 893 964
f 893 965 964
f 893 894 965
f 894 966 965
f 894 895 966
f 895 967 966
f 895 896 967
f 896 968 967
f 896 897 968
f 897 969 968
f 897 898 969
f 898 970 969
f 898 899 970
f 899 971 970
f 899 900 971
f 900 972 971
f 900 901 972
f 901 973 972
f 901 902 973
f 902 974 973
f 902 903 974
f 903 975 974
f 903 904 975
f 904 976 975
f 904 905 976
f 905 977 976
f 905 906 977
f 906 978 977
f 906 907 978
f 907 979 978
f 907 908 979
f 908 980 979
f 908 909 980
f 909 981 980
f 909 910 981
f 910 982 981
f 910 911 982
f 911 983 982
f 911 912 983
f 912 984 983
f 912 913 984
f 913 985 984
f 913 914 985
f 914 986 985
f 914 915 986
f 915 987 986
f 915 916 987
f 916 988 987
f 916 917 988
f 917 989 988
f 917 918 989
f 918 990 989
f 918 919 990
f 919 991 990
f 919 920 991
f 920 992 991
f 920 921 992
f 921 993 992
f 921 922 993
f 922 994 993
f 922 923 994
f 923 995 994
f 923 924 995
f 924 996 995
f 924 925 996
f 925 997 996
f 925 926 997
f 926 998 997
f 926 927 998
f 927 999 998
f 927 928 999
f 928 1000 999
f 928 929 1000
f 929 1001 1000
f 929 930 1001
f 930 1002 1001
f 930 931 1002
f 931 1003 1002
f 931 932 1003
f 932 1004 1003
f 932 933 1004
f 933 1005 1004
f 933 934 1005
f 934 1006 1005
f 934 935 1006
f 935 1007 1006
f 935 936 1007
f 936 1008 1007
f 936 865 1008
f 865 937 1008
f 937 938 1009
f 938 1010 1009
f 938 939 1010
f 939 1011 1010
f 939 940 1011
f 940 1012 1011
f 940 941 1012
f 941 1013 1012
f 941 942 1013
f 942 1014 1013
f 942 943 1014
f 943 1015 1014
f 943 944 1015
f 944 1016 1015
f 944 945 1016
f 945 1017 1016
f 945 946 1017
f 946 1018 1017
f 946 947 1018
f 947 1019 1018
f 947 948 1019
f 948 1020 1019
f 948 949 1020
f 949 1021 1020
f 949 950 1021
f 950 1022 1021
f 950 951 1022
f 951 1023 1022
f 951 952 1023
f 952 1024 1023
f 952 953 1024
f 953 1025 1024
f 953 954 1025
f 954 1026 1025
f 954 955 1026
f 955 1027 1026
f 955 956 1027
f 956 1028 1027
f 956 957 1028
f 957 1029 1028
f 957 958 1029
f 958 1030 1029
f 958 959 1030
f 959 1031 1030
f 959 960 1031
f 960 1032 1031
f 960 961 1032
f 961 1033 1032
f 961 962 1033
f 962 1034 1033
f 962 963 1034
f 963 1035 1034
f 963 964 1035
f 964 1036 1035
f 964 965 1036
f 965 1037 1036
f 965 966 1037
f 966 1038 1037
f 966 967 1038
f 967 1039 1038
f 967 968 1039
f 968 1040 1039
f 968 969 1040
f 969 1041 1040
f 969 970 1041
f 970 1042 1041
f 970 971 1042
f 971 1043 1042
f 971 972 1043
f 972 1044 1043
f 972 973 1044
f 973 1045 1044
f 973 974 1045
f 974 1046 1045
f 974 975 1046
f 975 1047 1046
f 975 976 1047
f 976 1048 1047
f 976 977 1048
f 977 1049 1048
f 977 978 1049
f 978 1050 1049
f 978 979 1050
f 979 1051 1050
f 979 980 1051
f 980 1052 1051
f 980 981 1052
f 981 1053 1052
f 981 982 1053
f 982 1054 1053
f 982 983 1054
f 983 1055 1054
f 983 984 1055
f 984 1056 1055
f 984 985 1056
f 985 1057 1056
f 985 986 1057
f 986 1058 1057
f 986 987 1058
f 987 1059 1058
f 987 988 1059
f 988 1060 1059
f 988 989 1060
f 989 1061 1060
f 989 990 1061
f 990 1062 1061
f 990 991 1062
f 991 1063 1062
f 991 992 1063
f 992 1064 1063
f 992 993 1064
f 993 1065 1064
f 993 994 1065
f 994 1066 1065
f 994 995 1066
f 995 1067 1066
f 995 996 1067
f 996 1068 1067
f 996 997 1068
f 997 1069 1068
f 997 998 1069
f 998 1070 1069
f 998 999 1070
f 999 1071 1070
f 999 1000 1071
f 1000 1072 1071
f 1000 1001 1072
f 1001 1073 1072
f 1001 1002 1073
f 1002 1074 1073
f 1002 1003 1074
f 1003 1075 1074
f 1003 1004 1075
f 1004 1076 1075
f 1004 1005 1076
f 1005 1077 1076
f 1005 1006 1077
f 1006 1078 1077
f 1006 1007 1078
f 1007 1079 1078
f 1007 1008 1079
f 1008 1080 1079
f 1008 937 1080
f 937 1009 1080
f 1009 1010 1081
f 1010 1082 1081
f 1010 1011 1082
f 1011 1083 1082
f 1011 1012 1083
f 1012 1084 1083
f 1012 1013 1084
f 1013 1085 1084
f 1013 1014 1085
f 1014 1086 1085
f 1014 1015 1086
f 1015 1087 1086
f 1015 1016 1087
f 1016 1088 1087
f 1016 1017 1088
f 1017 1089 1088
f 1017 1018 1089
f 1018 1090 1089
f 1018 1019 1090
f 1019 1091 1090
f 1019 1020 1091
f 1020 1092 1091
f 1020 1021 1092
f 1021 1093 1092
f 1021 1022 1093
f 1022 1094 1093
f 1022 1023 1094
f 1023 1095 1094
f 1023 1024 1095
f 1024 1096 1095
f 1024 1025 1096
f 1025 1097 1096
f 1025 1026 1097
f 1026 1098 1097
f 1026 1027 1098
f 1027 1099 1098
f 1027 1028 1099
f 1028 1100 1099
f 1028 1029 1100
f 1029 1101 1100
f 1029 1030 1101
f 1030 1102 1101
f 1030 1031 1102
f 1031 1103 1102
f 1031 1032 1103
f 1032 1104 1103
f 1032 1033 1104
f 1033 1105 1104
f 1033 1034 1105
f 1034 1106 1105
f 1034 1035 1106
f 1035 1107 1106
f 1035 1036 1107
f 1036 1108 1107
f 1036 1037 1108
f 1037 1109 1108
f 1037 1038 1109
f 1038 1110 1109
f 1038 1039 1110
f 1039 1111 1110
f 1039 1040 1111
f 1040 1112 1111
f 1040 1041 1112
f 1041 1113 1112
f 1041 1042 1113
f 1042 1114 1113
f 1042 1043 1114
f 1043 1115 1114
f 1043 1044 1115
f 1044 1116 1115
f 1044 1045 1116
f 1045 1117 1116
f 1045 1046 1117
f 1046 1118 1117
f 1046 1047 1118
f 1047 1119 1118
f 1047 1048 1119
f 1048 1120 1119
f 1048 1049 1120
f 1049 1121 1120
f 1049 1050 1121
f 1050 1122 1121
f 1050 1051 1122
f 1051 1123 1122
f 1051 1052 1123
f 1052 1124 1123
f 1052 1053 1124
f 1053 1125 1124
f 1053 1054 1125
f 1054 1126 1125
f 1054 1055 1126
f 1055 1127 1126
f 1055 1056 1127
f 1056 1128 1127
f 1056 1057 1128
f 1057 1129 1128
f 1057 1058 1129
f 1058 1130 1129
f 1058 1059 1130
f 1059 1131 1130
f 1059 1060 1131
f 1060 1132 1131
f 1060 1061 1132
f 1061 1133 1132
f 1061 1062 1133
f 1062 1134 1133
f 1062 1063 1134
f 1063 1135 1134
f 1063 1064 1135
f 1064 1136 1135
f 1064 1065 1136
f 1065 1137 1136
f 1065 1066 1137
f 1066 1138 1137
f 1066 1067 1138
f 1067 1139 1138
f 1067 1068 1139
f 1068 1140 1139
f 1068 1069 1140
f 1069 1141 1140
f 1069 1070 1141
f 1070 1142 1141
f 1070 1071 1142
f 1071 1143 1142
f 1071 1072 1143
f 1072 1144 1143
f 1072 1073 1144
f 1073 1145 1144
f 1073 1074 1145
f 1074 1146 1145
f 1074 1075 1146
f 1075 1147 1146
f 1075 1076 1147
f 1076 1148 1147
f 1076 1077 1148
f 1077 1149 1148
f 1077 1078 1149
f 1078 1150 1149
f 1078 1079 1150
f 1079 1151 1150
f 1079 1080 1151
f 1080 1152 1151
f 1080 1009 1152
f 1009 1081 1152
f 1081 1082 1153
f 1082 1154 1153
f 1082 1083 1154
f 1083 1155 1154
f 1083 1084 1155
f 1084 1156 1155
f 1084 1085 1156
f 1085 1157 1156
f 1085 1086 1157
f 1086 1158 1157
f 1086 1087 1158
f 1087 1159 1158
f 1087 1088 1159
f 1088 1160 1159
f 1088 1089 1160
f 1089 1161 1160
f 1089 1090 1161
f 1090 1162 1161
f 1090 1091 1162
f 1091 1163 1162
f 1091 1092 1163
f 1092 1164 1163
f 1092 1093 1164
f 1093 1165 1164
f 1093 1094 1165
f 1094 1166 1165
f 1094 1095 1166
f 1095 1167 1166
f 1095 1096 1167
f 1096 1168 1167
f 1096 1097 1168
f 1097 1169 1168
f 1097 1098 1169
f 1098 1170 1169
f 1098 1099 1170
f 1099 1171 1170
f 1099 1100 1171
f 1100 1172 1171
f 1100 1101 1172
f 1101 1173 1172
f 1101 1102 1173
f 1102 1174 1173
f 1102 1103 1174
f 1103 1175 1174
f 1103 1104 1175
f 1104 1176 1175
f 1104 1105 1176
f 1105 1177 1176
f 1105 1106 1177
f 1106 1178 1177
f 1106 1107 1178
f 1107 1179 1178
f 1107 1108 1179
f 1108 1180 1179
f 1108 1109 1180
f 1109 1181 1180
f 1109 1110 1181
f 1110 1182 1181
f 1110 1111 1182
f 1111 1183 1182
f 1111 1112 1183
f 1112 1184 1183
f 1112 1113 1184
f 1113 1185 1184
f 1113 1114 1185
f 1114 1186 1185
f 1114 1115 1186
f 1115 1187 1186
f 1115 1116 1187
f 1116 1188 1187
f 1116 1117 1188
f 1117 1189 1188
f 1117 1118 1189
f 1118 1190 1189
f 1118 1119 1190
f 1119 1191 1190
f 1119 1120 1191
f 1120 1192 1191
f 1120 1121 1192
f 1121 1193 1192
f 1121 1122 1193
f 1122 1194 1193
f 1122 1123 1194
f 1123 1195 1194
f 1123 1124 1195
f 1124 1196 1195
f 1124 1125 1196
f 1125 1197 1196
f 1125 1126 1197
f 1126 1198 1197
f 1126 1127 1198
f 1127 1199 1198
f 1127 1128 1199
f 1128 1200 1199
f 1128 1129 1200
f 1129 1201 1200
f 1129 1130 1201
f 1130 1202 1201
f 1130 1131 1202
f 1131 1203 1202
f 1131 1132 1203
f 1132 1204 1203
f 1132 1133 1204
f 1133 1205 1204
f 1133 1134 1205
f 1134 1206 1205
f 1134 1135 1206
f 1135 1207 1206
f 1135 1136 1207
f 1136 1208 1207
f 1136 1137 1208
f 1137 1209 1208
f 1137 1138 1209
f 1138 1210 1209
f 1138 1139 1210
f 1139 1211 1210
f 1139 1140 1211
f 1140 1212 1211
f 1140 1141 1212
f 1141 1213 1212
f 1141 1142 1213
f 1142 1214 1213
f 1142 1143 1214
f 1143 1215 1214
f 1143 1144 1215
f 1144 1216 1215
f 1144 1145 1216
f 1145 1217 1216
f 1145 1146 1217
f 1146 1218 1217
f 1146 1147 1218
f 1147 1219 1218
f 1147 1148 1219
f 1148 1220 1219
f 1148 1149 1220
f 1149 1221 1220
f 1149 1150 1221
f 1150 1222 1221
f 1150 1151 1222
f 1151 1223 1222
f 1151 1152 1223
f 1152 1224 1223
f 1152 1081 1224
f 1081 1153 1224
f 1153 1154 1225
f 1154 1226 1225
f 1154 1155 1226
f 1155 1227 1226
f 1155 1156 1227
f 1156 1228 1227
f 1156 1157 1228
f 1157 1229 1228
f 1157 1158 1229
f 1158 1230 1229
f 1158 1159 1230
f 1159 1231 1230
f 1159 1160 1231
f 1160 1232 1231
f 1160 1161 1232
f 1161 1233 1232
f 1161 1162 1233
f 1162 1234 1233
f 1162 1163 1234
f 1163 1235 1234
f 1163 1164 1235
f 1164 1236 1235
f 1164 1165 1236
f 1165 1237 1236
f 1165 1166 1237
f 1166 1238 1237
f 1166 1167 1238
f 1167 1239 1238
f 1167 1168 1239
f 1168 1240 1239
f 1168 1169 1240
f 1169 1241 1240
f 1169 1170 1241
f 1170 1242 1241
f 1170 1171 1242
f 1171 1243 1242
f 1171 1172 1243
f 1172 1244 1243
f 1172 1173 1244
f 1173 1245 1244
f 1173 1174 1245
f 1174 1246 1245
f 1174 1175 1246
f 1175 1247 1246
f 1175 1176 1247
f 1176 1248 1247
f 1176 1177 1248
f 1177 1249 1248
f 1177 1178 1249
f 1178 1250 1249
f 1178 1179 1250
f 1179 1251 1250
f 1179 1180 1251
f 1180 1252 1251
f 1180 1181 1252
f 1181 1253 1252
f 1181 1182 1253
f 1182 1254 1253
f 1182 1183 1254
f 1183 1255 1254
f 1183 1184 1255
f 1184 1256 1255
f 1184 1185 1256
f 1185 1257 1256
f 1185 1186 1257
f 1186 1258 1257
f 1186 1187 1258
f 1187 1259 1258
f 1187 1188 1259
f 1188 1260 1259
f 1188 1189 1260
f 1189 1261 1260
f 1189 1190 1261
f 1190 1262 1261
f 1190 1191 1262
f 1191 1263 1262
f 1191 1192 1263
f 1192 1264 1263
f 1192 1193 1264
f 1193 1265 1264
f 1193 1194 1265
f 1194 1266 1265
f 1194 1195 1266
f 1195 1267 1266
f 1195 1196 1267
f 1196 1268 1267
f 1196 1197 1268
f 1197 1269 1268
f 1197 1198 1269
f 1198 1270 1269
f 1198 1199 1270
f 1199 1271 1270
f 1199 1200 1271
f 1200 1272 1271
f 1200 1201 1272
f 1201 1273 1272
f 1201 1202 1273
f 1202 1274 1273
f 1202 1203 1274
f 1203 1275 1274
f 1203 1204 1275
f 1204 1276 1275
f 1204 1205 1276
f 1205 1277 1276
f 1205 1206 1277
f 1206 1278 1277
f 1206 1207 1278
f 1207 1279 1278
f 1207 1208 1279
f 1208 1280 1279
f 1208 1209 1280
f 1209 1281 1280
f 1209 1210 1281
f 1210 1282 1281
f 1210 1211 1282
f 1211 1283 1282
f 1211 1212 1283
f 1212 1284 1283
f 1212 1213 1284
f 1213 1285 1284
f 1213 1214 1285
f 1214 1286 1285
f 1214 1215 1286
f 1215 1287 1286
f 1215 1216 1287
f 1216 1288 1287
f 1216 1217 1288
f 1217 1289 1288
f 1217 1218 1289
f 1218 1290 1289
f 1218 1219 1290
f 1219 1291 1290
f 1219 1220 1291
f 1220 1292 1291
f 1220 1221 1292
f 1221 1293 1292
f 1221 1222 1293
f 1222 1294 1293
f 1222 1223 1294
f 1223 1295 1294
f 1223 1224 1295
f 1224 1296 1295
f 1224 1153 1296
f 1153 1225 1296
f 1225 1226 1297
f 1226 1298 1297
f 1226 1227 1298
f 1227 1299 1298
f 1227 1228 1299
f 1228 1300 1299
f 1228 1229 1300
f 1229 1301 1300
f 1229 1230 1301
f 1230 1302 1301
f 1230 1231 1302
f 1231 1303 1302
f 1231 1232 1303
f 1232 1304 1303
f 1232 1233 1304
f 1233 1305 1304
f 1233 1234 1305
f 1234 1306 1305
f 1234 1235 1306
f 1235 1307 1306
f 1235 1236 1307
f 1236 1308 1307
f 1236 1237 1308
f 1237 1309 1308
f 1237 1238 1309
f 1238 1310 1309
f 1238 1239 1310
f 1239 1311 1310
f 1239 1240 1311
f 1240 1312 1311
f 1240 1241 1312
f 1241 1313 1312
f 1241 1242 1313
f 1242 1314 1313
f 1242 1243 1314
f 1243 1315 1314
f 1243 1244 1315
f 1244 1316 1315
f 1244 1245 1316
f 1245 1317 1316
f 1245 1246 1317
f 1246 1318 1317
f 1246 1247 1318
f 1247 1319 1318
f 1247 1248 1319
f 1248 1320 1319
f 1248 1249 1320
f 1249 1321 1320
f 1249 1250 1321
f 1250 1322 1321
f 1250 1251 1322
f 1251 1323 1322
f 1251 1252 1323
f 1252 1324 1323
f 1252 1253 1324
f 1253 1325 1324
f 1253 1254 1325
f 1254 1326 1325
f 1254 1255 1326
f 1255 1327 1326
f 1255 1256 1327
f 1256 1328 1327
f 1256 1257 1328
f 1257 1329 1328
f 1257 1258 1329
f 1258 1330 1329
f 1258 1259 1330
f 1259 1331 1330
f 1259 1260 1331
f 1260 1332 1331
f 1260 1261 1332
f 1261 1333 1332
f 1261 1262 1333
f 1262 1334 1333
f 1262 1263 1334
f 1263 1335 1334
f 1263 1264 1335
f 1264 1336 1335
f 1264 1265 1336
f 1265 1337 1336
f 1265 1266 1337
f 1266 1338 1337
f 1266 1267 1338
f 1267 1339 1338
f 1267 1268 1339
f 1268 1340 1339
f 1268 1269 1340
f 1269 1341 1340
f 1269 1270 1341
f 1270 1342 1341
f 1270 1271 1342
f 1271 1343 1342
f 1271 1272 1343
f 1272 1344 1343
f 1272 1273 1344
f 1273 1345 1344
f 1273 1274 1345
f 1274 1346 1345
f 1274 1275 1346
f 1275 1347 1346
f 1275 1276 1347
f 1276 1348 1347
f 1276 1277 1348
f 1277 1349 1348
f 1277 1278 1349
f 1278 1350 1349
f 1278 1279 1350
f 1279 1351 1350
f 1279 1280 1351
f 1280 1352 1351
f 1280 1281 1352
f 1281 1353 1352
f 1281 1282 1353
f 1282 1354 1353
f 1282 1283 1354
f 1283 1355 1354
f 1283 1284 1355
f 1284 1356 1355
f 1284 1285 1356
f 1285 1357 1356
f 1285 1286 1357
f 1286 1358 1357
f 1286 1287 1358
f 1287 1359 1358
f 1287 1288 1359
f 1288 1360 1359
f 1288 1289 1360
f 1289 1361 1360
f 1289 1290 1361
f 1290 1362 1361
f 1290 1291 1362
f 1291 1363 1362
f 1291 1292 1363
f 1292 1364 1363
f 1292 1293 1364
f 1293 1365 1364
f 1293 1294 1365
f 1294 1366 1365
f 1294 1295 1366
f 1295 1367 1366
f 1295 1296 1367
f 1296 1368 1367
f 1296 1225 1368
f 1225 1297 1368
f 1297 1298 1369
f 1298 1370 1369
f 1298 1299 1370
f 1299 1371 1370
f 1299 1300 1371
f 1300 1372 1371
f 1300 1301 1372
f 1301 1373 1372
f 1301 1302 1373
f 1302 1374 1373
f 1302 1303 1374
f 1303 1375 1374
f 1303 1304 1375
f 1304 1376 1375
f 1304 1305 1376
f 1305 1377 1376
f 1305 1306 1377
f 1306 1378 1377
f 1306 1307 1378
f 1307 1379 1378
f 1307 1308 1379
f 1308 1380 1379
f 1308 1309 1380
f 1309 1381 1380
f 1309 1310 1381
f 1310 1382 1381
f 1310 1311 1382
f 1311 1383 1382
f 1311 1312 1383
f 1312 1384 1383
f 1312 1313 1384
f 1313 1385 1384
f 1313 1314 1385
f 1314 1386 1385
f 1314 1315 1386
f 1315 1387 1386
f 1315 1316 1387
f 1316 1388 1387
f 1316 1317 1388
f 1317 1389 1388
f 1317 1318 1389
f 1318 1390 1389
f 1318 1319 1390
f 1319 1391 1390
f 1319 1320 1391
f 1320 1392 1391
f 1320 1321 1392
f 1321 1393 1392
f 1321 1322 1393
f 1322 1394 1393
f 1322 1323 1394
f 1323 1395 1394
f 1323 1324 1395
f 1324 1396 1395
f 1324 1325 1396
f 1325 1397 1396
f 1325 1326 1397
f 1326 1398 1397
f 1326 1327 1398
f 1327 1399 1398
f 1327 1328 1399
f 1328 1400 1399
f 1328 1329 1400
f 1329 1401 1400
f 1329 1330 1401
f 1330 1402 1401
f 1330 1331 1402
f 1331 1403 1402
f 1331 1332 1403
f 1332 1404 1403
f 1332 1333 1404
f 1333 1405 1404
f 1333 1334 1405
f 1334 1406 1405
f 1334 1335 1406
f 1335 1407 1406
f 1335 1336 1407
f 1336 1408 1407
f 1336 1337 1408
f 1337 1409 1408
f 1337 1338 1409
f 1338 1410 1409
f 1338 1339 1410
f 1339 1411 1410
f 1339 1340 1411
f 1340 1412 1411
f 1340 1341 1412
f 1341 1413 1412
f 1341 1342 1413
f 1342 1414 1413
f 1342 1343 1414
f 1343 1415 1414
f 1343 1344 1415
f 1344 1416 1415
f 1344 1345 1416
f 1345 1417 1416
f 1345 1346 1417
f 1346 1418 1417
f 1346 1347 1418
f 1347 1419 1418
f 1347 1348 1419
f 1348 1420 1419
f 1348 1349 1420
f 1349 1421 1420
f 1349 1350 1421
f 1350 1422 1421
f 1350 1351 1422
f 1351 1423 1422
f 1351 1352 1423
f 1352 1424 1423
f 1352 1353 1424
f 1353 1425 1424
f 1353 1354 1425
f 1354 1426 1425
f 1354 1355 1426
f 1355 1427 1426
f 1355 1356 1427
f 1356 1428 1427
f 1356 1357 1428
f 1357 1429 1428
f 1357 1358 1429
f 1358 1430 1429
f 1358 1359 1430
f 1359 1431 1430
f 1359 1360 1431
f 1360 1432 1431
f 1360 1361 1432
f 1361 1433 1432
f 1361 1362 1433
f 1362 1434 1433
f 1362 1363 1434
f 1363 1435 1434
f 1363 1364 1435
f 1364 1436 1435
f 1364 1365 1436
f 1365 1437 1436
f 1365 1366 1437
f 1366 1438 1437
f 1366 1367 1438
f 1367 1439 1438
f 1367 1368 1439
f 1368 1440 1439
f 1368 1297 1440
f 1297 1369 1440
f 1369 1370 1441
f 1370 1442 1441
f 1370 1371 1442
f 1371 1443 1442
f 1371 1372 1443
f 1372 1444 1443
f 1372 1373 1444
f 1373 1445 1444
f 1373 1374 1445
f 1374 1446 1445
f 1374 1375 1446
f 1375 1447 1446
f 1375 1376 1447
f 1376 1448 1447
f 1376 1377 1448
f 1377 1449 1448
f 1377 1378 1449
f 1378 1450 1449
f 1378 1379 1450
f 1379 1451 1450
f 1379 1380 1451
f 1380 1452 1451
f 1380 1381 1452
f 1381 1453 1452
f 1381 1382 1453
f 1382 1454 1453
f 1382 1383 1454
f 1383 1455 1454
f 1383 1384 1455
f 1384 1456 1455
f 1384 1385 1456
f 1385 1457 1456
f 1385 1386 1457
f 1386 1458 1457
f 1386 1387 1458
f 1387 1459 1458
f 1387 1388 1459
f 1388 1460 1459
f 1388 1389 1460
f 1389 1461 1460
f 1389 1390 1461
f 1390 1462 1461
f 1390 1391 1462
f 1391 1463 1462
f 1391 1392 1463
f 1392 1464 1463
f 1392 1393 1464
f 1393 1465 1464
f 1393 1394 1465
f 1394 1466 1465
f 1394 1395 1466
f 1395 1467 1466
f 1395 1396 1467
f 1396 1468 1467
f 1396 1397 1468
f 1397 1469 1468
f 1397 1398 1469
f 1398 1470 1469
f 1398 1399 1470
f 1399 1471 1470
f 1399 1400 1471
f 1400 1472 1471
f 1400 1401 1472
f 1401 1473 1472
f 1401 1402 1473
f 1402 1474 1473
f 1402 1403 1474
f 1403 1475 1474
f 1403 1404 1475
f 1404 1476 1475
f 1404 1405 1476
f 1405 1477 1476
f 1405 1406 1477
f 1406 1478 1477
f 1406 1407 1478
f 1407 1479 1478
f 1407 1408 1479
f 1408 1480 1479
f 1408 1409 1480
f 1409 1481 1480
f 1409 1410 1481
f 1410 1482 1481
f 1410 1411 1482
f 1411 1483 1482
f 1411 1412 1483
f 1412 1484 1483
f 1412 1413 1484
f 1413 1485 1484
f 1413 1414 1485
f 1414 1486 1485
f 1414 1415 1486
f 1415 1487 1486
f 1415 1416 1487
f 1416 1488 1487
f 1416 1417 1488
f 1417 1489 1488
f 1417 1418 1489
f 1418 1490 1489
f 1418 1419 1490
f 1419 1491 1490
f 1419 1420 1491
f 1420 1492 1491
f 1420 1421 1492
f 1421 1493 1492
f 1421 1422 1493
f 1422 1494 1493
f 1422 1423 1494
f 1423 1495 1494
f 1423 1424 1495
f 1424 1496 1495
f 1424 1425 1496
f 1425 1497 1496
f 1425 1426 1497
f 1426 1498 1497
f 1426 1427 1498
f 1427 1499 1498
f 1427 1428 1499
f 1428 1500 1499
f 1428 1429 1500
f 1429 1501 1500
f 1429 1430 1501
f 1430 1502 1501
f 1430 1431 1502
f 1431 1503 1502
f 1431 1432 1503
f 1432 1504 1503
f 1432 1433 1504
f 1433 1505 1504
f 1433 1434 1505
f 1434 1506 1505
f 1434 1435 1506
f 1435 1507 1506
f 1435 1436 1507
f 1436 1508 1507
f 1436 1437 1508
f 1437 1509 1508
f 1437 1438 1509
f 1438 1510 1509
f 1438 1439 1510
f 1439 1511 1510
f 1439 1440 1511
f 1440 1512 1511
f 1440 1369 1512
f 1369 1441 1512
f 1441 1442 1513
f 1442 1514 1513
f 1442 1443 1514
f 1443 1515 1514
f 1443 1444 1515
f 1444 1516 1515
f 1444 1445 1516
f 1445 1517 1516
f 1445 1446 1517
f 1446 1518 1517
f 1446 1447 1518
f 1447 1519 1518
f 1447 1448 1519
f 1448 1520 1519
f 1448 1449 1520
f 1449 1521 1520
f 1449 1450 1521
f 1450 1522 1521
f 1450 1451 1522
f 1451 1523 1522
f 1451 1452 1523
f 1452 1524 1523
f 1452 1453 1524
f 1453 1525 1524
f 1453 1454 1525
f 1454 1526 1525
f 1454 1455 1526
f 1455 1527 1526
f 1455 1456 1527
f 1456 1528 1527
f 1456 1457 1528
f 1457 1529 1528
f 1457 1458 1529
f 1458 1530 1529
f 1458 1459 1530
f 1459 1531 1530
f 1459 1460 1531
f 1460 1532 1531
f 1460 1461 1532
f 1461 1533 1532
f 1461 1462 1533
f 1462 1534 1533
f 1462 1463 1534
f 1463 1535 1534
f 1463 1464 1535
f 1464 1536 1535
f 1464 1465 1536
f 1465 1537 1536
f 1465 1466 1537
f 1466 1538 1537
f 1466 1467 1538
f 1467 1539 1538
f 1467 1468 1539
f 1468 1540 1539
f 1468 1469 1540
f 1469 1541 1540
f 1469 1470 1541
f 1470 1542 1541
f 1470 1471 1542
f 1471 1543 1542
f 1471 1472 1543
f 1472 1544 1543
f 1472 1473 1544
f 1473 1545 1544
f 1473 1474 1545
f 1474 1546 1545
f 1474 1475 1546
f 1475 1547 1546
f 1475 1476 1547
f 1476 1548 1547
f 1476 1477 1548
f 1477 1549 1548
f 1477 1478 1549
f 1478 1550 1549
f 1478 1479 1550
f 1479 1551 1550
f 1479 1480 1551
f 1480 1552 1551
f 1480 1481 1552
f 1481 1553 1552
f 1481 1482 1553
f 1482 1554 1553
f 1482 1483 1554
f 1483 1555 1554
f 1483 1484 1555
f 1484 1556 1555
f 1484 1485 1556
f 1485 1557 1556
f 1485 1486 1557
f 1486 1558 1557
f 1486 1487 1558
f 1487 1559 1558
f 1487 1488 1559
f 1488 1560 1559
f 1488 1489 1560
f 1489 1561 1560
f 1489 1490 1561
f 1490 1562 1561
f 1490 1491 1562
f 1491 1563 1562
f 1491 1492 1563
f 1492 1564 1563
f 1492 1493 1564
f 1493 1565 1564
f 1493 1494 1565
f 1494 1566 1565
f 1494 1495 1566
f 1495 1567 1566
f 1495 1496 1567
f 1496 1568 1567
f 1496 1497 1568
f 1497 1569 1568
f 1497 1498 1569
f 1498 1570 1569
f 1498 1499 1570
f 1499 1571 1570
f 1499 1500 1571
f 1500 1572 1571
f 1500 1501 1572
f 1501 1573 1572
f 1501 1502 1573
f 1502 1574 1573
f 1502 1503 1574
f 1503 1575 1574
f 1503 1504 1575
f 1504 1576 1575
f 1504 1505 1576
f 1505 1577 1576
f 1505 1506 1577
f 1506 1578 1577
f 1506 1507 1578
f 1507 1579 1578
f 1507 1508 1579
f 1508 1580 1579
f 1508 1509 1580
f 1509 1581 1580
f 1509 1510 1581
f 1510 1582 1581
f 1510 1511 1582
f 1511 1583 1582
f 1511 1512 1583
f 1512 1584 1583
f 1512 1441 1584
f 1441 1513 1584
f 1513 1514 1585
f 1514 1586 1585
f 1514 1515 1586
f 1515 1587 1586
f 1515 1516 1587
f 1516 1588 1587
f 1516 1517 1588
f 1517 1589 1588
f 1517 1518 1589
f 1518 1590 1589
f 1518 1519 1590
f 1519 1591 1590
f 1519 1520 1591
f 1520 1592 1591
f 1520 1521 1592
f 1521 1593 1592
f 1521 1522 1593
f 1522 1594 1593
f 1522 1523 1594
f 1523 1595 1594
f 1523 1524 1595
f 1524 1596 1595
f 1524 1525 1596
f 1525 1597 1596
f 1525 1526 1597
f 1526 1598 1597
f 1526 1527 1598
f 1527 1599 1598
f 1527 1528 1599
f 1528 1600 1599
f 1528 1529 1600
f 1529 1601 1600
f 1529 1530 1601
f 1530 1602 1601
f 1530 1531 1602
f 1531 1603 1602
f 1531 1532 1603
f 1532 1604 1603
f 1532 1533 1604
f 1533 1605 1604
f 1533 1534 1605
f 1534 1606 1605
f 1534 1535 1606
f 1535 1607 1606
f 1535 1536 1607
f 1536 1608 1607
f 1536 1537 1608
f 1537 1609 1608
f 1537 1538 1609
f 1538 1610 1609
f 1538 1539 1610
f 1539 1611 1610
f 1539 1540 1611
f 1540 1612 1611
f 1540 1541 1612
f 1541 1613 1612
f 1541 1542 1613
f 1542 1614 1613
f 1542 1543 1614
f 1543 1615 1614
f 1543 1544 1615
f 1544 1616 1615
f 1544 1545 1616
f 1545 1617 1616
f 1545 1546 1617
f 1546 1618 1617
f 1546 1547 1618
f 1547 1619 1618
f 1547 1548 1619
f 1548 1620 1619
f 1548 1549 1620
f 1549 1621 1620
f 1549 1550 1621
f 1550 1622 1621
f 1550 1551 1622
f 1551 1623 1622
f 1551 1552 1623
f 1552 1624 1623
f 1552 1553 1624
f 1553 1625 1624
f 1553 1554 1625
f 1554 1626 1625
f 1554 1555 1626
f 1555 1627 1626
f 1555 1556 1627
f 1556 1628 1627
f 1556 1557 1628
f 1557 1629 1628
f 1557 1558 1629
f 1558 1630 1629
f 1558 1559 1630
f 1559 1631 1630
f 1559 1560 1631
f 1560 1632 1631
f 1560 1561 1632
f 1561 1633 1632
f 1561 1562 1633
f 1562 1634 1633
f 1562 1563 1634
f 1563 1635 1634
f 1563 1564 1635
f 1564 1636 1635
f 1564 1565 1636
f 1565 1637 1636
f 1565 1566 1637
f 1566 1638 1637
f 1566 1567 1638
f 1567 1639 1638
f 1567 1568 1639
f 1568 1640 1639
f 1568 1569 1640
f 1569 1641 1640
f 1569 1570 1641
f 1570 1642 1641
f 1570 1571 1642
f 1571 1643 1642
f 1571 1572 1643
f 1572 1644 1643
f 1572 1573 1644
f 1573 1645 1644
f 1573 1574 1645
f 1574 1646 1645
f 1574 1575 1646
f 1575 1647 1646
f 1575 1576 1647
f 1576 1648 1647
f 1576 1577 1648
f 1577 1649 1648
f 1577 1578 1649
f 1578 1650 1649
f 1578 1579 1650
f 1579 1651 1650
f 1579 1580 1651
f 1580 1652 1651
f 1580 1581 1652
f 1581 1653 1652
f 1581 1582 1653
f 1582 1654 1653
f 1582 1583 1654
f 1583 1655 1654
f 1583 1584 1655
f 1584 1656 1655
f 1584 1513 1656
f 1513 1585 1656
f 1585 1586 1657
f 1586 1658 1657
f 1586 1587 1658
f 1587 1659 1658
f 1587 1588 1659
f 1588 1660 1659
f 1588 1589 1660
f 1589 1661 1660
f 1589 1590 1661
f 1590 1662 1661
f 1590 1591 1662
f 1591 1663 1662
f 1591 1592 1663
f 1592 1664 1663
f 1592 1593 1664
f 1593 1665 1664
f 1593 1594 1665
f 1594 1666 1665
f 1594 1595 1666
f 1595 1667 1666
f 1595 1596 1667
f 1596 1668 1667
f 1596 1597 1668
f 1597 1669 1668
f 1597 1598 1669
f 1598 1670 1669
f 1598 1599 1670
f 1599 1671 1670
f 1599 1600 1671
f 1600 1672 1671
f 1600 1601 1672
f 1601 1673 1672
f 1601 1602 1673
f 1602 1674 1673
f 1602 1603 1674
f 1603 1675 1674
f 1603 1604 1675
f 1604 1676 1675
f 1604 1605 1676
f 1605 1677 1676
f 1605 1606 1677
f 1606 1678 1677
f 1606 1607 1678
f 1607 1679 1678
f 1607 1608 1679
f 1608 1680 1679
f 1608 1609 1680
f 1609 1681 1680
f 1609 1610 1681
f 1610 1682 1681
f 1610 1611 1682
f 1611 1683 1682
f 1611 1612 1683
f 1612 1684 1683
f 1612 1613 1684
f 1613 1685 1684
f 1613 1614 1685
f 1614 1686 1685
f 1614 1615 1686
f 1615 1687 1686
f 1615 1616 1687
f 1616 1688 1687
f 1616 1617 1688
f 1617 1689 1688
f 1617 1618 1689
f 1618 1690 1689
f 1618 1619 1690
f 1619 1691 1690
f 1619 1620 1691
f 1620 1692 1691
f 1620 1621 1692
f 1621 1693 1692
f 1621 1622 1693
f 1622 1694 1693
f 1622 1623 1694
f 1623 1695 1694
f 1623 1624 1695
f 1624 1696 1695
f 1624 1625 1696
f 1625 1697 1696
f 1625 1626 1697
f 1626 1698 1697
f 1626 1627 1698
f 1627 1699 1698
f 1627 1628 1699
f 1628 1700 1699
f 1628 1629 1700
f 1629 1701 1700
f 1629 1630 1701
f 1630 1702 1701
f 1630 1631 1702
f 1631 1703 1702
f 1631 1632 1703
f 1632 1704 1703
f 1632 1633 1704
f 1633 1705 1704
f 1633 1634 1705
f 1634 1706 1705
f 1634 1635 1706
f 1635 1707 1706
f 1635 1636 1707
f 1636 1708 1707
f 1636 1637 1708
f 1637 1709 1708
f 1637 1638 1709
f 1638 1710 1709
f 1638 1639 1710
f 1639 1711 1710
f 1639 1640 1711
f 1640 1712 1711
f 1640 1641 1712
f 1641 1713 1712
f 1641 1642 1713
f 1642 1714 1713
f 1642 1643 1714
f 1643 1715 1714
f 1643 1644 1715
f 1644 1716 1715
f 1644 1645 1716
f 1645 1717 1716
f 1645 1646 1717
f 1646 1718 1717
f 1646 1647 1718
f 1647 1719 1718
f 1647 1648 1719
f 1648 1720 1719
f 1648 1649 1720
f 1649 1721 1720
f 1649 1650 1721
f 1650 1722 1721
f 1650 1651 1722
f 1651 1723 1722
f 1651 1652 1723
f 1652 1724 1723
f 1652 1653 1724
f 1653 1725 1724
f 1653 1654 1725
f 1654 1726 1725
f 1654 1655 1726
f 1655 1727 1726
f 1655 1656 1727
f 1656 1728 1727
f 1656 1585 1728
f 1585 1657 1728
f 1657 1658 1729
f 1658 1730 1729
f 1658 1659 1730
f 1659 1731 1730
f 1659 1660 1731
f 1660 1732 1731
f 1660 1661 1732
f 1661 1733 1732
f 1661 1662 1733
f 1662 1734 1733
f 1662 1663 1734
f 1663 1735 1734
f 1663 1664 1735
f 1664 1736 1735
f 1664 1665 1736
f 1665 1737 1736
f 1665 1666 1737
f 1666 1738 1737
f 1666 1667 1738
f 1667 1739 1738
f 1667 1668 1739
f 1668 1740 1739
f 1668 1669 1740
f 1669 1741 1740
f 1669 1670 1741
f 1670 1742 1741
f 1670 1671 1742
f 1671 1743 1742
f 1671 1672 1743
f 1672 1744 1743
f 1672 1673 1744
f 1673 1745 1744
f 1673 1674 1745
f 1674 1746 1745
f 1674 1675 1746
f 1675 1747 1746
f 1675 1676 1747
f 1676 1748 1747
f 1676 1677 1748
f 1677 1749 1748
f 1677 1678 1749
f 1678 1750 1749
f 1678 1679 1750
f 1679 1751 1750
f 1679 1680 1751
f 1680 1752 1751
f 1680 1681 1752
f 1681 1753 1752
f 1681 1682 1753
f 1682 1754 1753
f 1682 1683 1754
f 1683 1755 1754
f 1683 1684 1755
f 1684 1756 1755
f 1684 1685 1756
f 1685 1757 1756
f 1685 1686 1757
f 1686 1758 1757
f 1686 1687 1758
f 1687 1759 1758
f 1687 1688 1759
f 1688 1760 1759
f 1688 1689 1760
f 1689 1761 1760
f 1689 1690 1761
f 1690 1762 1761
f 1690 1691 1762
f 1691 1763 1762
f 1691 1692 1763
f 1692 1764 1763
f 1692 1693 1764
f 1693 1765 1764
f 1693 1694 1765
f 1694 1766 1765
f 1694 1695 1766
f 1695 1767 1766
f 1695 1696 1767
f 1696 1768 1767
f 1696 1697 1768
f 1697 1769 1768
f 1697 1698 1769
f 1698 1770 1769
f 1698 1699 1770
f 1699 1771 1770
f 1699 1700 1771
f 1700 1772 1771
f 1700 1701 1772
f 1701 1773 1772
f 1701 1702 1773
f 1702 1774 1773
f 1702 1703 1774
f 1703 1775 1774
f 1703 1704 1775
f 1704 1776 1775
f 1704 1705 1776
f 1705 1777 1776
f 1705 1706 1777
f 1706 1778 1777
f 1706 1707 1778
f 1707 1779 1778
f 1707 1708 1779
f 1708 1780 1779
f 1708 1709 1780
f 1709 1781 1780
f 1709 1710 1781
f 1710 1782 1781
f 1710 1711 1782
f 1711 1783 1782
f 1711 1712 1783
f 1712 1784 1783
f 1712 1713 1784
f 1713 1785 1784
f 1713 1714 1785
f 1714 1786 1785
f 1714 1715 1786
f 1715 1787 1786
f 1715 1716 1787
f 1716 1788 1787
f 1716 1717 1788
f 1717 1789 1788
f 1717 1718 1789
f 1718 1790 1789
f 1718 1719 1790
f 1719 1791 1790
f 1719 1720 1791
f 1720 1792 1791
f 1720 1721 1792
f 1721 1793 1792
f 1721 1722 1793
f 1722 1794 1793
f 1722 1723 1794
f 1723 1795 1794
f 1723 1724 1795
f 1724 1796 1795
f 1724 1725 1796
f 1725 1797 1796
f 1725 1726 1797
f 1726 1798 1797
f 1726 1727 1798
f 1727 1799 1798
f 1727 1728 1799
f 1728 1800 1799
f 1728 1657 1800
f 1657 1729 1800
f 1729 1730 1801
f 1730 1802 1801
f 1730 1731 1802
f 1731 1803 1802
f 1731 1732 1803
f 1732 1804 1803
f 1732 1733 1804
f 1733 1805 1804
f 1733 1734 1805
f 1734 1806 1805
f 1734 1735 1806
f 1735 1807 1806
f 1735 1736 1807
f 1736 1808 1807
f 1736 1737 1808
f 1737 1809 1808
f 1737 1738 1809
f 1738 1810 1809
f 1738 1739 1810
f 1739 1811 1810
f 1739 1740 1811
f 1740 1812 1811
f 1740 1741 1812
f 1741 1813 1812
f 1741 1742 1813
f 1742 1814 1813
f 1742 1743 1814
f 1743 1815 1814
f 1743 1744 1815
f 1744 1816 1815
f 1744 1745 1816
f 1745 1817 1816
f 1745 1746 1817
f 1746 1818 1817
f 1746 1747 1818
f 1747 1819 1818
f 1747 1748 1819
f 1748 1820 1819
f 1748 1749 1820
f 1749 1821 1820
f 1749 1750 1821
f 1750 1822 1821
f 1750 1751 1822
f 1751 1823 1822
f 1751 1752 1823
f 1752 1824 1823
f 1752 1753 1824
f 1753 1825 1824
f 1753 1754 1825
f 1754 1826 1825
f 1754 1755 1826
f 1755 1827 1826
f 1755 1756 1827
f 1756 1828 1827
f 1756 1757 1828
f 1757 1829 1828
f 1757 1758 1829
f 1758 1830 1829
f 1758 1759 1830
f 1759 1831 1830
f 1759 1760 1831
f 1760 1832 1831
f 1760 1761 1832
f 1761 1833 1832
f 1761 1762 1833
f 1762 1834 1833
f 1762 1763 1834
f 1763 1835 1834
f 1763 1764 1835
f 1764 1836 1835
f 1764 1765 1836
f 1765 1837 1836
f 1765 1766 1837
f 1766 1838 1837
f 1766 1767 1838
f 1767 1839 1838
f 1767 1768 1839
f 1768 1840 1839
f 1768 1769 1840
f 1769 1841 1840
f 1769 1770 1841
f 1770 1842 1841
f 1770 1771 1842
f 1771 1843 1842
f 1771 1772 1843
f 1772 1844 1843
f 1772 1773 1844
f 1773 1845 1844
f 1773 1774 1845
f 1774 1846 1845
f 1774 1775 1846
f 1775 1847 1846
f 1775 1776 1847
f 1776 1848 1847
f 1776 1777 1848
f 1777 1849 1848
f 1777 1778 1849
f 1778 1850 1849
f 1778 1779 1850
f 1779 1851 1850
f 1779 1780 1851
f 1780 1852 1851
f 1780 1781 1852
f 1781 1853 1852
f 1781 1782 1853
f 1782 1854 1853
f 1782 1783 1854
f 1783 1855 1854
f 1783 1784 1855
f 1784 1856 1855
f 1784 1785 1856
f 1785 1857 1856
f 1785 1786 1857
f 1786 1858 1857
f 1786 1787 1858
f 1787 1859 1858
f 1787 1788 1859
f 1788 1860 1859
f 1788 1789 1860
f 1789 1861 1860
f 1789 1790 1861
f 1790 1862 1861
f 1790 1791 1862
f 1791 1863 1862
f 1791 1792 1863
f 1792 1864 1863
f 1792 1793 1864
f 1793 1865 1864
f 1793 1794 1865
f 1794 1866 1865
f 1794 1795 1866
f 1795 1867 1866
f 1795 1796 1867
f 1796 1868 1867
f 1796 1797 1868
f 1797 1869 1868
f 1797 1798 1869
f 1798 1870 1869
f 1798 1799 1870
f 1799 1871 1870
f 1799 1800 1871
f 1800 1872 1871
f 1800 1729 1872
f 1729 1801 1872
f 1801 1802 1873
f 1802 1874 1873
f 1802 1803 1874
f 1803 1875 1874
f 1803 1804 1875
f 1804 1876 1875
f 1804 1805 1876
f 1805 1877 1876
f 1805 1806 1877
f 1806 1878 1877
f 1806 1807 1878
f 1807 1879 1878
f 1807 1808 1879
f 1808 1880 1879
f 1808 1809 1880
f 1809 1881 1880
f 1809 1810 1881
f 1810 1882 1881
f 1810 1811 1882
f 1811 1883 1882
f 1811 1812 1883
f 1812 1884 1883
f 1812 1813 1884
f 1813 1885 1884
f 1813 1814 1885
f 1814 1886 1885
f 1814 1815 1886
f 1815 1887 1886
f 1815 1816 1887
f 1816 1888 1887
f 1816 1817 1888
f 1817 1889 1888
f 1817 1818 1889
f 1818 1890 1889
f 1818 1819 1890
f 1819 1891 1890
f 1819 1820 1891
f 1820 1892 1891
f 1820 1821 1892
f 1821 1893 1892
f 1821 1822 1893
f 1822 1894 1893
f 1822 1823 1894
f 1823 1895 1894
f 1823 1824 1895
f 1824 1896 1895
f 1824 1825 1896
f 1825 1897 1896
f 1825 1826 1897
f 1826 1898 1897
f 1826 1827 1898
f 1827 1899 1898
f 1827 1828 1899
f 1828 1900 1899
f 1828 1829 1900
f 1829 1901 1900
f 1829 1830 1901
f 1830 1902 1901
f 1830 1831 1902
f 1831 1903 1902
f 1831 1832 1903
f 1832 1904 1903
f 1832 1833 1904
f 1833 1905 1904
f 1833 1834 1905
f 1834 1906 1905
f 1834 1835 1906
f 1835 1907 1906
f 1835 1836 1907
f 1836 1908 1907
f 1836 1837 1908
f 1837 1909 1908
f 1837 1838 1909
f 1838 1910 1909
f 1838 1839 1910
f 1839 1911 1910
f 1839 1840 1911
f 1840 1912 1911
f 1840 1841 1912
f 1841 1913 1912
f 1841 1842 1913
f 1842 1914 1913
f 1842 1843 1914
f 1843 1915 1914
f 1843 1844 1915
f 1844 1916 1915
f 1844 1845 1916
f 1845 1917 1916
f 1845 1846 1917
f 1846 1918 1917
f 1846 1847 1918
f 1847 1919 1918
f 1847 1848 1919
f 1848 1920 1919
f 1848 1849 1920
f 1849 1921 1920
f 1849 1850 1921
f 1850 1922 1921
f 1850 1851 1922
f 1851 1923 1922
f 1851 1852 1923
f 1852 1924 1923
f 1852 1853 1924
f 1853 1925 1924
f 1853 1854 1925
f 1854 1926 1925
f 1854 1855 1926
f 1855 1927 1926
f 1855 1856 1927
f 1856 1928 1927
f 1856 1857 1928
f 1857 1929 1928
f 1857 1858 1929
f 1858 1930 1929
f 1858 1859 1930
f 1859 1931 1930
f 1859 1860 1931
f 1860 1932 1931
f 1860 1861 1932
f 1861 1933 1932
f 1861 1862 1933
f 1862 1934 1933
f 1862 1863 1934
f 1863 1935 1934
f 1863 1864 1935
f 1864 1936 1935
f 1864 1865 1936
f 1865 1937 1936
f 1865 1866 1937
f 1866 1938 1937
f 1866 1867 1938
f 1867 1939 1938
f 1867 1868 1939
f 1868 1940 1939
f 1868 1869 1940
f 1869 1941 1940
f 1869 1870 1941
f 1870 1942 1941
f 1870 1871 1942
f 1871 1943 1942
f 1871 1872 1943
f 1872 1944 1943
f 1872 1801 1944
f 1801 1873 1944
f 1873 1874 1945
f 1874 1946 1945
f 1874 1875 1946
f 1875 1947 1946
f 1875 1876 1947
f 1876 1948 1947
f 1876 1877 1948
f 1877 1949 1948
f 1877 1878 1949
f 1878 1950 1949
f 1878 1879 1950
f 1879 1951 1950
f 1879 1880 1951
f 1880 1952 1951
f 1880 1881 1952
f 1881 1953 1952
f 1881 1882 1953
f 1882 1954 1953
f 1882 1883 1954
f 1883 1955 1954
f 1883 1884 1955
f 1884 1956 1955
f 1884 1885 1956
f 1885 1957 1956
f 1885 1886 1957
f 1886 1958 1957
f 1886 1887 1958
f 1887 1959 1958
f 1887 1888 1959
f 1888 1960 1959
f 1888 1889 1960
f 1889 1961 1960
f 1889 1890 1961
f 1890 1962 1961
f 1890 1891 1962
f 1891 1963 1962
f 1891 1892 1963
f 1892 1964 1963
f 1892 1893 1964
f 1893 1965 1964
f 1893 1894 1965
f 1894 1966 1965
f 1894 1895 1966
f 1895 1967 1966
f 1895 1896 1967
f 1896 1968 1967
f 1896 1897 1968
f 1897 1969 1968
f 1897 1898 1969
f 1898 1970 1969
f 1898 1899 1970
f 1899 1971 1970
f 1899 1900 1971
f 1900 1972 1971
f 1900 1901 1972
f 1901 1973 1972
f 1901 1902 1973
f 1902 1974 1973
f 1902 1903 1974
f 1903 1975 1974
f 1903 1904 1975
f 1904 1976 1975
f 1904 1905 1976
f 1905 1977 1976
f 1905 1906 1977
f 1906 1978 1977
f 1906 1907 1978
f 1907 1979 1978
f 1907 1908 1979
f 1908 1980 1979
f 1908 1909 1980
f 1909 1981 1980
f 1909 1910 1981
f 1910 1982 1981
f 1910 1911 1982
f 1911 1983 1982
f 1911 1912 1983
f 1912 1984 1983
f 1912 1913 1984
f 1913 1985 1984
f 1913 1914 1985
f 1914 1986 1985
f 1914 1915 1986
f 1915 1987 1986
f 1915 1916 1987
f 1916 1988 1987
f 1916 1917 1988
f 1917 1989 1988
f 1917 1918 1989
f 1918 1990 1989
f 1918 1919 1990
f 1919 1991 1990
f 1919 1920 1991
f 1920 1992 1991
f 1920 1921 1992
f 1921 1993 1992
f 1921 1922 1993
f 1922 1994 1993
f 1922 1923 1994
f 1923 1995 1994
f 1923 1924 1995
f 1924 1996 1995
f 1924 1925 1996
f 1925 1997 1996
f 1925 1926 1997
f 1926 1998 1997
f 1926 1927 1998
f 1927 1999 1998
f 1927 1928 1999
f 1928 2000 1999
f 1928 1929 2000
f 1929 2001 2000
f 1929 1930 2001
f 1930 2002 2001
f 1930 1931 2002
f 1931 2003 2002
f 1931 1932 2003
f 1932 2004 2003
f 1932 1933 2004
f 1933 2005 2004
f 1933 1934 2005
f 1934 2006 2005
f 1934 1935 2006
f 1935 2007 2006
f 1935 1936 2007
f 1936 2008 2007
f 1936 1937 2008
f 1937 2009 2008
f 1937 1938 2009
f 1938 2010 2009
f 1938 1939 2010
f 1939 2011 2010
f 1939 1940 2011
f 1940 2012 2011
f 1940 1941 2012
f 1941 2013 2012
f 1941 1942 2013
f 1942 2014 2013
f 1942 1943 2014
f 1943 2015 2014
f 1943 1944 2015
f 1944 2016 2015
f 1944 1873 2016
f 1873 1945 2016
f 1945 1946 2017
f 1946 2018 2017
f 1946 1947 2018
f 1947 2019 2018
f 1947 1948 2019
f 1948 2020 2019
f 1948 1949 2020
f 1949 2021 2020
f 1949 1950 2021
f 1950 2022 2021
f 1950 1951 2022
f 1951 2023 2022
f 1951 1952 2023
f 1952 2024 2023
f 1952 1953 2024
f 1953 2025 2024
f 1953 1954 2025
f 1954 2026 2025
f 1954 1955 2026
f 1955 2027 2026
f 1955 1956 2027
f 1956 2028 2027
f 1956 1957 2028
f 1957 2029 2028
f 1957 1958 2029
f 1958 2030 2029
f 1958 1959 2030
f 1959 2031 2030
f 1959 1960 2031
f 1960 2032 2031
f 1960 1961 2032
f 1961 2033 2032
f 1961 1962 2033
f 1962 2034 2033
f 1962 1963 2034
f 1963 2035 2034
f 1963 1964 2035
f 1964 2036 2035
f 1964 1965 2036
f 1965 2037 2036
f 1965 1966 2037
f 1966 2038 2037
f 1966 1967 2038
f 1967 2039 2038
f 1967 1968 2039
f 1968 2040 2039
f 1968 1969 2040
f 1969 2041 2040
f 1969 1970 2041
f 1970 2042 2041
f 1970 1971 2042
f 1971 2043 2042
f 1971 1972 2043
f 1972 2044 2043
f 1972 1973 2044
f 1973 2045 2044
f 1973 1974 2045
f 1974 2046 2045
f 1974 1975 2046
f 1975 2047 2046
f 1975 1976 2047
f 1976 2048 2047
f 1976 1977 2048
f 1977 2049 2048
f 1977 1978 2049
f 1978 2050 2049
f 1978 1979 2050
f 1979 2051 2050
f 1979 1980 2051
f 1980 2052 2051
f 1980 1981 2052
f 1981 2053 2052
f 1981 1982 2053
f 1982 2054 2053
f 1982 1983 2054
f 1983 2055 2054
f 1983 1984 2055
f 1984 2056 2055
f 1984 1985 2056
f 1985 2057 2056
f 1985 1986 2057
f 1986 2058 2057
f 1986 1987 2058
f 1987 2059 2058
f 1987 1988 2059
f 1988 2060 2059
f 1988 1989 2060
f 1989 2061 2060
f 1989 1990 2061
f 1990 2062 2061
f 1990 1991 2062
f 1991 2063 2062
f 1991 1992 2063
f 1992 2064 2063
f 1992 1993 2064
f 1993 2065 2064
f 1993 1994 2065
f 1994 2066 2065
f 1994 1995 2066
f 1995 2067 2066
f 1995 1996 2067
f 1996 2068 2067
f 1996 1997 2068
f 1997 2069 2068
f 1997 1998 2069
f 1998 2070 2069
f 1998 1999 2070
f 1999 2071 2070
f 1999 2000 2071
f 2000 2072 2071
f 2000 2001 2072
f 2001 2073 2072
f 2001 2002 2073
f 2002 2074 2073
f 2002 2003 2074
f 2003 2075 2074
f 2003 2004 2075
f 2004 2076 2075
f 2004 2005 2076
f 2005 2077 2076
f 2005 2006 2077
f 2006 2078 2077
f 2006 2007 2078
f 2007 2079 2078
f 2007 2008 2079
f 2008 2080 2079
f 2008 2009 2080
f 2009 2081 2080
f 2009 2010 2081
f 2010 2082 2081
f 2010 2011 2082
f 2011 2083 2082
f 2011 2012 2083
f 2012 2084 2083
f 2012 2013 2084
f 2013 2085 2084
f 2013 2014 2085
f 2014 2086 2085
f 2014 2015 2086
f 2015 2087 2086
f 2015 2016 2087
f 2016 2088 2087
f 2016 1945 2088
f 1945 2017 2088
f 2017 2018 2089
f 2018 2090 2089
f 2018 2019 2090
f 2019 2091 2090
f 2019 2020 2091
f 2020 2092 2091
f 2020 2021 2092
f 2021 2093 2092
f 2021 2022 2093
f 2022 2094 2093
f 2022 2023 2094
f 2023 2095 2094
f 2023 2024 2095
f 2024 2096 2095
f 2024 2025 2096
f 2025 2097 2096
f 2025 2026 2097
f 2026 2098 2097
f 2026 2027 2098
f 2027 2099 2098
f 2027 2028 2099
f 2028 2100 2099
f 2028 2029 2100
f 2029 2101 2100
f 2029 2030 2101
f 2030 2102 2101
f 2030 2031 2102
f 2031 2103 2102
f 2031 2032 2103
f 2032 2104 2103
f 2032 2033 2104
f 2033 2105 2104
f 2033 2034 2105
f 2034 2106 2105
f 2034 2035 2106
f 2035 2107 2106
f 2035 2036 2107
f 2036 2108 2107
f 2036 2037 2108
f 2037 2109 2108
f 2037 2038 2109
f 2038 2110 2109
f 2038 2039 2110
f 2039 2111 2110
f 2039 2040 2111
f 2040 2112 2111
f 2040 2041 2112
f 2041 2113 2112
f 2041 2042 2113
f 2042 2114 2113
f 2042 2043 2114
f 2043 2115 2114
f 2043 2044 2115
f 2044 2116 2115
f 2044 2045 2116
f 2045 2117 2116
f 2045 2046 2117
f 2046 2118 2117
f 2046 2047 2118
f 2047 2119 2118
f 2047 2048 2119
f 2048 2120 2119
f 2048 2049 2120
f 2049 2121 2120
f 2049 2050 2121
f 2050 2122 2121
f 2050 2051 2122
f 2051 2123 2122
f 2051 2052 2123
f 2052 2124 2123
f 2052 2053 2124
f 2053 2125 2124
f 2053 2054 2125
f 2054 2126 2125
f 2054 2055 2126
f 2055 2127 2126
f 2055 2056 2127
f 2056 2128 2127
f 2056 2057 2128
f 2057 2129 2128
f 2057 2058 2129
f 2058 2130 2129
f 2058 2059 2130
f 2059 2131 2130
f 2059 2060 2131
f 2060 2132 2131
f 2060 2061 2132
f 2061 2133 2132
f 2061 2062 2133
f 2062 2134 2133
f 2062 2063 2134
f 2063 2135 2134
f 2063 2064 2135
f 2064 2136 2135
f 2064 2065 2136
f 2065 2137 2136
f 2065 2066 2137
f 2066 2138 2137
f 2066 2067 2138
f 2067 2139 2138
f 2067 2068 2139
f 2068 2140 2139
f 2068 2069 2140
f 2069 2141 2140
f 2069 2070 2141
f 2070 2142 2141
f 2070 2071 2142
f 2071 2143 2142
f 2071 2072 2143
f 2072 2144 2143
f 2072 2073 2144
f 2073 2145 2144
f 2073 2074 2145
f 2074 2146 2145
f 2074 2075 2146
f 2075 2147 2146
f 2075 2076 2147
f 2076 2148 2147
f 2076 2077 2148
f 2077 2149 2148
f 2077 2078 2149
f 2078 2150 2149
f 2078 2079 2150
f 2079 2151 2150
f 2079 2080 2151
f 2080 2152 2151
f 2080 2081 2152
f 2081 2153 2152
f 2081 2082 2153
f 2082 2154 2153
f 2082 2083 2154
f 2083 2155 2154
f 2083 2084 2155
f 2084 2156 2155
f 2084 2085 2156
f 2085 2157 2156
f 2085 2086 2157
f 2086 2158 2157
f 2086 2087 2158
f 2087 2159 2158
f 2087 2088 2159
f 2088 2160 2159
f 2088 2017 2160
f 2017 2089 2160
f 2089 2090 2161
f 2090 2162 2161
f 2090 2091 2162
f 2091 2163 2162
f 2091 2092 2163
f 2092 2164 2163
f 2092 2093 2164
f 2093 2165 2164
f 2093 2094 2165
f 2094 2166 2165
f 2094 2095 2166
f 2095 2167 2166
f 2095 2096 2167
f 2096 2168 2167
f 2096 2097 2168
f 2097 2169 2168
f 2097 2098 2169
f 2098 2170 2169
f 2098 2099 2170
f 2099 2171 2170
f 2099 2100 2171
f 2100 2172 2171
f 2100 2101 2172
f 2101 2173 2172
f 2101 2102 2173
f 2102 2174 2173
f 2102 2103 2174
f 2103 2175 2174
f 2103 2104 2175
f 2104 2176 2175
f 2104 2105 2176
f 2105 2177 2176
f 2105 2106 2177
f 2106 2178 2177
f 2106 2107 2178
f 2107 2179 2178
f 2107 2108 2179
f 2108 2180 2179
f 2108 2109 2180
f 2109 2181 2180
f 2109 2110 2181
f 2110 2182 2181
f 2110 2111 2182
f 2111 2183 2182
f 2111 2112 2183
f 2112 2184 2183
f 2112 2113 2184
f 2113 2185 2184
f 2113 2114 2185
f 2114 2186 2185
f 2114 2115 2186
f 2115 2187 2186
f 2115 2116 2187
f 2116 2188 2187
f 2116 2117 2188
f 2117 2189 2188
f 2117 2118 2189
f 2118 2190 2189
f 2118 2119 2190
f 2119 2191 2190
f 2119 2120 2191
f 2120 2192 2191
f 2120 2121 2192
f 2121 2193 2192
f 2121 2122 2193
f 2122 2194 2193
f 2122 2123 2194
f 2123 2195 2194
f 2123 2124 2195
f 2124 2196 2195
f 2124 2125 2196
f 2125 2197 2196
f 2125 2126 2197
f 2126 2198 2197
f 2126 2127 2198
f 2127 2199 2198
f 2127 2128 2199
f 2128 2200 2199
f 2128 2129 2200
f 2129 2201 2200
f 2129 2130 2201
f 2130 2202 2201
f 2130 2131 2202
f 2131 2203 2202
f 2131 2132 2203
f 2132 2204 2203
f 2132 2133 2204
f 2133 2205 2204
f 2133 2134 2205
f 2134 2206 2205
f 2134 2135 2206
f 2135 2207 2206
f 2135 2136 2207
f 2136 2208 2207
f 2136 2137 2208
f 2137 2209 2208
f 2137 2138 2209
f 2138 2210 2209
f 2138 2139 2210
f 2139 2211 2210
f 2139 2140 2211
f 2140 2212 2211
f 2140 2141 2212
f 2141 2213 2212
f 2141 2142 2213
f 2142 2214 2213
f 2142 2143 2214
f 2143 2215 2214
f 2143 2144 2215
f 2144 2216 2215
f 2144 2145 2216
f 2145 2217 2216
f 2145 2146 2217
f 2146 2218 2217
f 2146 2147 2218
f 2147 2219 2218
f 2147 2148 2219
f 2148 2220 2219
f 2148 2149 2220
f 2149 2221 2220
f 2149 2150 2221
f 2150 2222 2221
f 2150 2151 2222
f 2151 2223 2222
f 2151 2152 2223
f 2152 2224 2223
f 2152 2153 2224
f 2153 2225 2224
f 2153 2154 2225
f 2154 2226 2225
f 2154 2155 2226
f 2155 2227 2226
f 2155 2156 2227
f 2156 2228 2227
f 2156 2157 2228
f 2157 2229 2228
f 2157 2158 2229
f 2158 2230 2229
f 2158 2159 2230
f 2159 2231 2230
f 2159 2160 2231
f 2160 2232 2231
f 2160 2089 2232
f 2089 2161 2232
f 2161 2162 2233
f 2162 2234 2233
f 2162 2163 2234
f 2163 2235 2234
f 2163 2164 2235
f 2164 2236 2235
f 2164 2165 2236
f 2165 2237 2236
f 2165 2166 2237
f 2166 2238 2237
f 2166 2167 2238
f 2167 2239 2238
f 2167 2168 2239
f 2168 2240 2239
f 2168 2169 2240
f 2169 2241 2240
f 2169 2170 2241
f 2170 2242 2241
f 2170 2171 2242
f 2171 2243 2242
f 2171 2172 2243
f 2172 2244 2243
f 2172 2173 2244
f 2173 2245 2244
f 2173 2174 2245
f 2174 2246 2245
f 2174 2175 2246
f 2175 2247 2246
f 2175 2176 2247
f 2176 2248 2247
f 2176 2177 2248
f 2177 2249 2248
f 2177 2178 2249
f 2178 2250 2249
f 2178 2179 2250
f 2179 2251 2250
f 2179 2180 2251
f 2180 2252 2251
f 2180 2181 2252
f 2181 2253 2252
f 2181 2182 2253
f 2182 2254 2253
f 2182 2183 2254
f 2183 2255 2254
f 2183 2184 2255
f 2184 2256 2255
f 2184 2185 2256
f 2185 2257 2256
f 2185 2186 2257
f 2186 2258 2257
f 2186 2187 2258
f 2187 2259 2258
f 2187 2188 2259
f 2188 2260 2259
f 2188 2189 2260
f 2189 2261 2260
f 2189 2190 2261
f 2190 2262 2261
f 2190 2191 2262
f 2191 2263 2262
f 2191 2192 2263
f 2192 2264 2263
f 2192 2193 2264
f 2193 2265 2264
f 2193 2194 2265
f 2194 2266 2265
f 2194 2195 2266
f 2195 2267 2266
f 2195 2196 2267
f 2196 2268 2267
f 2196 2197 2268
f 2197 2269 2268
f 2197 2198 2269
f 2198 2270 2269
f 2198 2199 2270
f 2199 2271 2270
f 2199 2200 2271
f 2200 2272 2271
f 2200 2201 2272
f 2201 2273 2272
f 2201 2202 2273
f 2202 2274 2273
f 2202 2203 2274
f 2203 2275 2274
f 2203 2204 2275
f 2204 2276 2275
f 2204 2205 2276
f 2205 2277 2276
f 2205 2206 2277
f 2206 2278 2277
f 2206 2207 2278
f 2207 2279 2278
f 2207 2208 2279
f 2208 2280 2279
f 2208 2209 2280
f 2209 2281 2280
f 2209 2210 2281
f 2210 2282 2281
f 2210 2211 2282
f 2211 2283 2282
f 2211 2212 2283
f 2212 2284 2283
f 2212 2213 2284
f 2213 2285 2284
f 2213 2214 2285
f 2214 2286 2285
f 2214 2215 2286
f 2215 2287 2286
f 2215 2216 2287
f 2216 2288 2287
f 2216 2217 2288
f 2217 2289 2288
f 2217 2218 2289
f 2218 2290 2289
f 2218 2219 2290
f 2219 2291 2290
f 2219 2220 2291
f 2220 2292 2291
f 2220 2221 2292
f 2221 2293 2292
f 2221 2222 2293
f 2222 2294 2293
f 2222 2223 2294
f 2223 2295 2294
f 2223 2224 2295
f 2224 2296 2295
f 2224 2225 2296
f 2225 2297 2296
f 2225 2226 2297
f 2226 2298 2297
f 2226 2227 2298
f 2227 2299 2298
f 2227 2228 2299
f 2228 2300 2299
f 2228 2229 2300
f 2229 2301 2300
f 2229 2230 2301
f 2230 2302 2301
f 2230 2231 2302
f 2231 2303 2302
f 2231 2232 2303
f 2232 2304 2303
f 2232 2161 2304
f 2161 2233 2304
f 2233 2234 2305
f 2234 2306 2305
f 2234 2235 2306
f 2235 2307 2306
f 2235 2236 2307
f 2236 2308 2307
f 2236 2237 2308
f 2237 2309 2308
f 2237 2238 2309
f 2238 2310 2309
f 2238 2239 2310
f 2239 2311 2310
f 2239 2240 2311
f 2240 2312 2311
f 2240 2241 2312
f 2241 2313 2312
f 2241 2242 2313
f 2242 2314 2313
f 2242 2243 2314
f 2243 2315 2314
f 2243 2244 2315
f 2244 2316 2315
f 2244 2245 2316
f 2245 2317 2316
f 2245 2246 2317
f 2246 2318 2317
f 2246 2247 2318
f 2247 2319 2318
f 2247 2248 2319
f 2248 2320 2319
f 2248 2249 2320
f 2249 2321 2320
f 2249 2250 2321
f 2250 2322 2321
f 2250 2251 2322
f 2251 2323 2322
f 2251 2252 2323
f 2252 2324 2323
f 2252 2253 2324
f 2253 2325 2324
f 2253 2254 2325
f 2254 2326 2325
f 2254 2255 2326
f 2255 2327 2326
f 2255 2256 2327
f 2256 2328 2327
f 2256 2257 2328
f 2257 2329 2328
f 2257 2258 2329
f 2258 2330 2329
f 2258 2259 2330
f 2259 2331 2330
f 2259 2260 2331
f 2260 2332 2331
f 2260 2261 2332
f 2261 2333 2332
f 2261 2262 2333
f 2262 2334 2333
f 2262 2263 2334
f 2263 2335 2334
f 2263 2264 2335
f 2264 2336 2335
f 2264 2265 2336
f 2265 2337 2336
f 2265 2266 2337
f 2266 2338 2337
f 2266 2267 2338
f 2267 2339 2338
f 2267 2268 2339
f 2268 2340 2339
f 2268 2269 2340
f 2269 2341 2340
f 2269 2270 2341
f 2270 2342 2341
f 2270 2271 2342
f 2271 2343 2342
f 2271 2272 2343
f 2272 2344 2343
f 2272 2273 2344
f 2273 2345 2344
f 2273 2274 2345
f 2274 2346 2345
f 2274 2275 2346
f 2275 2347 2346
f 2275 2276 2347
f 2276 2348 2347
f 2276 2277 2348
f 2277 2349 2348
f 2277 2278 2349
f 2278 2350 2349
f 2278 2279 2350
f 2279 2351 2350
f 2279 2280 2351
f 2280 2352 2351
f 2280 2281 2352
f 2281 2353 2352
f 2281 2282 2353
f 2282 2354 2353
f 2282 2283 2354
f 2283 2355 2354
f 2283 2284 2355
f 2284 2356 2355
f 2284 2285 2356
f 2285 2357 2356
f 2285 2286 2357
f 2286 2358 2357
f 2286 2287 2358
f 2287 2359 2358
f 2287 2288 2359
f 2288 2360 2359
f 2288 2289 2360
f 2289 2361 2360
f 2289 2290 2361
f 2290 2362 2361
f 2290 2291 2362
f 2291 2363 2362
f 2291 2292 2363
f 2292 2364 2363
f 2292 2293 2364
f 2293 2365 2364
f 2293 2294 2365
f 2294 2366 2365
f 2294 2295 2366
f 2295 2367 2366
f 2295 2296 2367
f 2296 2368 2367
f 2296 2297 2368
f 2297 2369 2368
f 2297 2298 2369
f 2298 2370 2369
f 2298 2299 2370
f 2299 2371 2370
f 2299 2300 2371
f 2300 2372 2371
f 2300 2301 2372
f 2301 2373 2372
f 2301 2302 2373
f 2302 2374 2373
f 2302 2303 2374
f 2303 2375 2374
f 2303 2304 2375
f 2304 2376 2375
f 2304 2233 2376
f 2233 2305 2376
f 2305 2306 2377
f 2306 2378 2377
f 2306 2307 2378
f 2307 2379 2378
f 2307 2308 2379
f 2308 2380 2379
f 2308 2309 2380
f 2309 2381 2380
f 2309 2310 2381
f 2310 2382 2381
f 2310 2311 2382
f 2311 2383 2382
f 2311 2312 2383
f 2312 2384 2383
f 2312 2313 2384
f 2313 2385 2384
f 2313 2314 2385
f 2314 2386 2385
f 2314 2315 2386
f 2315 2387 2386
f 2315 2316 2387
f 2316 2388 2387
f 2316 2317 2388
f 2317 2389 2388
f 2317 2318 2389
f 2318 2390 2389
f 2318 2319 2390
f 2319 2391 2390
f 2319 2320 2391
f 2320 2392 2391
f 2320 2321 2392
f 2321 2393 2392
f 2321 2322 2393
f 2322 2394 2393
f 2322 2323 2394
f 2323 2395 2394
f 2323 2324 2395
f 2324 2396 2395
f 2324 2325 2396
f 2325 2397 2396
f 2325 2326 2397
f 2326 2398 2397
f 2326 2327 2398
f 2327 2399 2398
f 2327 2328 2399
f 2328 2400 2399
f 2328 2329 2400
f 2329 2401 2400
f 2329 2330 2401
f 2330 2402 2401
f 2330 2331 2402
f 2331 2403 2402
f 2331 2332 2403
f 2332 2404 2403
f 2332 2333 2404
f 2333 2405 2404
f 2333 2334 2405
f 2334 2406 2405
f 2334 2335 2406
f 2335 2407 2406
f 2335 2336 2407
f 2336 2408 2407
f 2336 2337 2408
f 2337 2409 2408
f 2337 2338 2409
f 2338 2410 2409
f 2338 2339 2410
f 2339 2411 2410
f 2339 2340 2411
f 2340 2412 2411
f 2340 2341 2412
f 2341 2413 2412
f 2341 2342 2413
f 2342 2414 2413
f 2342 2343 2414
f 2343 2415 2414
f 2343 2344 2415
f 2344 2416 2415
f 2344 2345 2416
f 2345 2417 2416
f 2345 2346 2417
f 2346 2418 2417
f 2346 2347 2418
f 2347 2419 2418
f 2347 2348 2419
f 2348 2420 2419
f 2348 2349 2420
f 2349 2421 2420
f 2349 2350 2421
f 2350 2422 2421
f 2350 2351 2422
f 2351 2423 2422
f 2351 2352 2423
f 2352 2424 2423
f 2352 2353 2424
f 2353 2425 2424
f 2353 2354 2425
f 2354 2426 2425
f 2354 2355 2426
f 2355 2427 2426
f 2355 2356 2427
f 2356 2428 2427
f 2356 2357 2428
f 2357 2429 2428
f 2357 2358 2429
f 2358 2430 2429
f 2358 2359 2430
f 2359 2431 2430
f 2359 2360 2431
f 2360 2432 2431
f 2360 2361 2432
f 2361 2433 2432
f 2361 2362 2433
f 2362 2434 2433
f 2362 2363 2434
f 2363 2435 2434
f 2363 2364 2435
f 2364 2436 2435
f 2364 2365 2436
f 2365 2437 2436
f 2365 2366 2437
f 2366 2438 2437
f 2366 2367 2438
f 2367 2439 2438
f 2367 2368 2439
f 2368 2440 2439
f 2368 2369 2440
f 2369 2441 2440
f 2369 2370 2441
f 2370 2442 2441
f 2370 2371 2442
f 2371 2443 2442
f 2371 2372 2443
f 2372 2444 2443
f 2372 2373 2444
f 2373 2445 2444
f 2373 2374 2445
f 2374 2446 2445
f 2374 2375 2446
f 2375 2447 2446
f 2375 2376 2447
f 2376 2448 2447
f 2376 2305 2448
f 2305 2377 2448
f 2377 2378 2449
f 2378 2450 2449
f 2378 2379 2450
f 2379 2451 2450
f 2379 2380 2451
f 2380 2452 2451
f 2380 2381 2452
f 2381 2453 2452
f 2381 2382 2453
f 2382 2454 2453
f 2382 2383 2454
f 2383 2455 2454
f 2383 2384 2455
f 2384 2456 2455
f 2384 2385 2456
f 2385 2457 2456
f 2385 2386 2457
f 2386 2458 2457
f 2386 2387 2458
f 2387 2459 2458
f 2387 2388 2459
f 2388 2460 2459
f 2388 2389 2460
f 2389 2461 2460
f 2389 2390 2461
f 2390 2462 2461
f 2390 2391 2462
f 2391 2463 2462
f 2391 2392 2463
f 2392 2464 2463
f 2392 2393 2464
f 2393 2465 2464
f 2393 2394 2465
f 2394 2466 2465
f 2394 2395 2466
f 2395 2467 2466
f 2395 2396 2467
f 2396 2468 2467
f 2396 2397 2468
f 2397 2469 2468
f 2397 2398 2469
f 2398 2470 2469
f 2398 2399 2470
f 2399 2471 2470
f 2399 2400 2471
f 2400 2472 2471
f 2400 2401 2472
f 2401 2473 2472
f 2401 2402 2473
f 2402 2474 2473
f 2402 2403 2474
f 2403 2475 2474
f 2403 2404 2475
f 2404 2476 2475
f 2404 2405 2476
f 2405 2477 2476
f 2405 2406 2477
f 2406 2478 2477
f 2406 2407 2478
f 2407 2479 2478
f 2407 2408 2479
f 2408 2480 2479
f 2408 2409 2480
f 2409 2481 2480
f 2409 2410 2481
f 2410 2482 2481
f 2410 2411 2482
f 2411 2483 2482
f 2411 2412 2483
f 2412 2484 2483
f 2412 2413 2484
f 2413 2485 2484
f 2413 2414 2485
f 2414 2486 2485
f 2414 2415 2486
f 2415 2487 2486
f 2415 2416 2487
f 2416 2488 2487
f 2416 2417 2488
f 2417 2489 2488
f 2417 2418 2489
f 2418 2490 2489
f 2418 2419 2490
f 2419 2491 2490
f 2419 2420 2491
f 2420 2492 2491
f 2420 2421 2492
f 2421 2493 2492
f 2421 2422 2493
f 2422 2494 2493
f 2422 2423 2494
f 2423 2495 2494
f 2423 2424 2495
f 2424 2496 2495
f 2424 2425 2496
f 2425 2497 2496
f 2425 2426 2497
f 2426 2498 2497
f 2426 2427 2498
f 2427 2499 2498
f 2427 2428 2499
f 2428 2500 2499
f 2428 2429 2500
f 2429 2501 2500
f 2429 2430 2501
f 2430 2502 2501
f 2430 2431 2502
f 2431 2503 2502
f 2431 2432 2503
f 2432 2504 2503
f 2432 2433 2504
f 2433 2505 2504
f 2433 2434 2505
f 2434 2506 2505
f 2434 2435 2506
f 2435 2507 2506
f 2435 2436 2507
f 2436 2508 2507
f 2436 2437 2508
f 2437 2509 2508
f 2437 2438 2509
f 2438 2510 2509
f 2438 2439 2510
f 2439 2511 2510
f 2439 2440 2511
f 2440 2512 2511
f 2440 2441 2512
f 2441 2513 2512
f 2441 2442 2513
f 2442 2514 2513
f 2442 2443 2514
f 2443 2515 2514
f 2443 2444 2515
f 2444 2516 2515
f 2444 2445 2516
f 2445 2517 2516
f 2445 2446 2517
f 2446 2518 2517
f 2446 2447 2518
f 2447 2519 2518
f 2447 2448 2519
f 2448 2520 2519
f 2448 2377 2520
f 2377 2449 2520
f 2449 2450 2521
f 2450 2522 2521
f 2450 2451 2522
f 2451 2523 2522
f 2451 2452 2523
f 2452 2524 2523
f 2452 2453 2524
f 2453 2525 2524
f 2453 2454 2525
f 2454 2526 2525
f 2454 2455 2526
f 2455 2527 2526
f 2455 2456 2527
f 2456 2528 2527
f 2456 2457 2528
f 2457 2529 2528
f 2457 2458 2529
f 2458 2530 2529
f 2458 2459 2530
f 2459 2531 2530
f 2459 2460 2531
f 2460 2532 2531
f 2460 2461 2532
f 2461 2533 2532
f 2461 2462 2533
f 2462 2534 2533
f 2462 2463 2534
f 2463 2535 2534
f 2463 2464 2535
f 2464 2536 2535
f 2464 2465 2536
f 2465 2537 2536
f 2465 2466 2537
f 2466 2538 2537
f 2466 2467 2538
f 2467 2539 2538
f 2467 2468 2539
f 2468 2540 2539
f 2468 2469 2540
f 2469 2541 2540
f 2469 2470 2541
f 2470 2542 2541
f 2470 2471 2542
f 2471 2543 2542
f 2471 2472 2543
f 2472 2544 2543
f 2472 2473 2544
f 2473 2545 2544
f 2473 2474 2545
f 2474 2546 2545
f 2474 2475 2546
f 2475 2547 2546
f 2475 2476 2547
f 2476 2548 2547
f 2476 2477 2548
f 2477 2549 2548
f 2477 2478 2549
f 2478 2550 2549
f 2478 2479 2550
f 2479 2551 2550
f 2479 2480 2551
f 2480 2552 2551
f 2480 2481 2552
f 2481 2553 2552
f 2481 2482 2553
f 2482 2554 2553
f 2482 2483 2554
f 2483 2555 2554
f 2483 2484 2555
f 2484 2556 2555
f 2484 2485 2556
f 2485 2557 2556
f 2485 2486 2557
f 2486 2558 2557
f 2486 2487 2558
f 2487 2559 2558
f 2487 2488 2559
f 2488 2560 2559
f 2488 2489 2560
f 2489 2561 2560
f 2489 2490 2561
f 2490 2562 2561
f 2490 2491 2562
f 2491 2563 2562
f 2491 2492 2563
f 2492 2564 2563
f 2492 2493 2564
f 2493 2565 2564
f 2493 2494 2565
f 2494 2566 2565
f 2494 2495 2566
f 2495 2567 2566
f 2495 2496 2567
f 2496 2568 2567
f 2496 2497 2568
f 2497 2569 2568
f 2497 2498 2569
f 2498 2570 2569
f 2498 2499 2570
f 2499 2571 2570
f 2499 2500 2571
f 2500 2572 2571
f 2500 2501 2572
f 2501 2573 2572
f 2501 2502 2573
f 2502 2574 2573
f 2502 2503 2574
f 2503 2575 2574
f 2503 2504 2575
f 2504 2576 2575
f 2504 2505 2576
f 2505 2577 2576
f 2505 2506 2577
f 2506 2578 2577
f 2506 2507 2578
f 2507 2579 2578
f 2507 2508 2579
f 2508 2580 2579
f 2508 2509 2580
f 2509 2581 2580
f 2509 2510 2581
f 2510 2582 2581
f 2510 2511 2582
f 2511 2583 2582
f 2511 2512 2583
f 2512 2584 2583
f 2512 2513 2584
f 2513 2585 2584
f 2513 2514 2585
f 2514 2586 2585
f 2514 2515 2586
f 2515 2587 2586
f 2515 2516 2587
f 2516 2588 2587
f 2516 2517 2588
f 2517 2589 2588
f 2517 2518 2589
f 2518 2590 2589
f 2518 2519 2590
f 2519 2591 2590
f 2519 2520 2591
f 2520 2592 2591
f 2520 2449 2592
f 2449 2521 2592
f 2521 2522 2593
f 2522 2594 2593
f 2522 2523 2594
f 2523 2595 2594
f 2523 2524 2595
f 2524 2596 2595
f 2524 2525 2596
f 2525 2597 2596
f 2525 2526 2597
f 2526 2598 2597
f 2526 2527 2598
f 2527 2599 2598
f 2527 2528 2599
f 2528 2600 2599
f 2528 2529 2600
f 2529 2601 2600
f 2529 2530 2601
f 2530 2602 2601
f 2530 2531 2602
f 2531 2603 2602
f 2531 2532 2603
f 2532 2604 2603
f 2532 2533 2604
f 2533 2605 2604
f 2533 2534 2605
f 2534 2606 2605
f 2534 2535 2606
f 2535 2607 2606
f 2535 2536 2607
f 2536 2608 2607
f 2536 2537 2608
f 2537 2609 2608
f 2537 2538 2609
f 2538 2610 2609
f 2538 2539 2610
f 2539 2611 2610
f 2539 2540 2611
f 2540 2612 2611
f 2540 2541 2612
f 2541 2613 2612
f 2541 2542 2613
f 2542 2614 2613
f 2542 2543 2614
f 2543 2615 2614
f 2543 2544 2615
f 2544 2616 2615
f 2544 2545 2616
f 2545 2617 2616
f 2545 2546 2617
f 2546 2618 2617
f 2546 2547 2618
f 2547 2619 2618
f 2547 2548 2619
f 2548 2620 2619
f 2548 2549 2620
f 2549 2621 2620
f 2549 2550 2621
f 2550 2622 2621
f 2550 2551 2622
f 2551 2623 2622
f 2551 2552 2623
f 2552 2624 2623
f 2552 2553 2624
f 2553 2625 2624
f 2553 2554 2625
f 2554 2626 2625
f 2554 2555 2626
f 2555 2627 2626
f 2555 2556 2627
f 2556 2628 2627
f 2556 2557 2628
f 2557 2629 2628
f 2557 2558 2629
f 2558 2630 2629
f 2558 2559 2630
f 2559 2631 2630
f 2559 2560 2631
f 2560 2632 2631
f 2560 2561 2632
f 2561 2633 2632
f 2561 2562 2633
f 2562 2634 2633
f 2562 2563 2634
f 2563 2635 2634
f 2563 2564 2635
f 2564 2636 2635
f 2564 2565 2636
f 2565 2637 2636
f 2565 2566 2637
f 2566 2638 2637
f 2566 2567 2638
f 2567 2639 2638
f 2567 2568 2639
f 2568 2640 2639
f 2568 2569 2640
f 2569 2641 2640
f 2569 2570 2641
f 2570 2642 2641
f 2570 2571 2642
f 2571 2643 2642
f 2571 2572 2643
f 2572 2644 2643
f 2572 2573 2644
f 2573 2645 2644
f 2573 2574 2645
f 2574 2646 2645
f 2574 2575 2646
f 2575 2647 2646
f 2575 2576 2647
f 2576 2648 2647
f 2576 2577 2648
f 2577 2649 2648
f 2577 2578 2649
f 2578 2650 2649
f 2578 2579 2650
f 2579 2651 2650
f 2579 2580 2651
f 2580 2652 2651
f 2580 2581 2652
f 2581 2653 2652
f 2581 2582 2653
f 2582 2654 2653
f 2582 2583 2654
f 2583 2655 2654
f 2583 2584 2655
f 2584 2656 2655
f 2584 2585 2656
f 2585 2657 2656
f 2585 2586 2657
f 2586 2658 2657
f 2586 2587 2658
f 2587 2659 2658
f 2587 2588 2659
f 2588 2660 2659
f 2588 2589 2660
f 2589 2661 2660
f 2589 2590 2661
f 2590 2662 2661
f 2590 2591 2662
f 2591 2663 2662
f 2591 2592 2663
f 2592 2664 2663
f 2592 2521 2664
f 2521 2593 2664
f 2593 2594 2665
f 2594 2666 2665
f 2594 2595 2666
f 2595 2667 2666
f 2595 2596 2667
f 2596 2668 2667
f 2596 2597 2668
f 2597 2669 2668
f 2597 2598 2669
f 2598 2670 2669
f 2598 2599 2670
f 2599 2671 2670
f 2599 2600 2671
f 2600 2672 2671
f 2600 2601 2672
f 2601 2673 2672
f 2601 2602 2673
f 2602 2674 2673
f 2602 2603 2674
f 2603 2675 2674
f 2603 2604 2675
f 2604 2676 2675
f 2604 2605 2676
f 2605 2677 2676
f 2605 2606 2677
f 2606 2678 2677
f 2606 2607 2678
f 2607 2679 2678
f 2607 2608 2679
f 2608 2680 2679
f 2608 2609 2680
f 2609 2681 2680
f 2609 2610 2681
f 2610 2682 2681
f 2610 2611 2682
f 2611 2683 2682
f 2611 2612 2683
f 2612 2684 2683
f 2612 2613 2684
f 2613 2685 2684
f 2613 2614 2685
f 2614 2686 2685
f 2614 2615 2686
f 2615 2687 2686
f 2615 2616 2687
f 2616 2688 2687
f 2616 2617 2688
f 2617 2689 2688
f 2617 2618 2689
f 2618 2690 2689
f 2618 2619 2690
f 2619 2691 2690
f 2619 2620 2691
f 2620 2692 2691
f 2620 2621 2692
f 2621 2693 2692
f 2621 2622 2693
f 2622 2694 2693
f 2622 2623 2694
f 2623 2695 2694
f 2623 2624 2695
f 2624 2696 2695
f 2624 2625 2696
f 2625 2697 2696
f 2625 2626 2697
f 2626 2698 2697
f 2626 2627 2698
f 2627 2699 2698
f 2627 2628 2699
f 2628 2700 2699
f 2628 2629 2700
f 2629 2701 2700
f 2629 2630 2701
f 2630 2702 2701
f 2630 2631 2702
f 2631 2703 2702
f 2631 2632 2703
f 2632 2704 2703
f 2632 2633 2704
f 2633 2705 2704
f 2633 2634 2705
f 2634 2706 2705
f 2634 2635 2706
f 2635 2707 2706
f 2635 2636 2707
f 2636 2708 2707
f 2636 2637 2708
f 2637 2709 2708
f 2637 2638 2709
f 2638 2710 2709
f 2638 2639 2710
f 2639 2711 2710
f 2639 2640 2711
f 2640 2712 2711
f 2640 2641 2712
f 2641 2713 2712
f 2641 2642 2713
f 2642 2714 2713
f 2642 2643 2714
f 2643 2715 2714
f 2643 2644 2715
f 2644 2716 2715
f 2644 2645 2716
f 2645 2717 2716
f 2645 2646 2717
f 2646 2718 2717
f 2646 2647 2718
f 2647 2719 2718
f 2647 2648 2719
f 2648 2720 2719
f 2648 2649 2720
f 2649 2721 2720
f 2649 2650 2721
f 2650 2722 2721
f 2650 2651 2722
f 2651 2723 2722
f 2651 2652 2723
f 2652 2724 2723
f 2652 2653 2724
f 2653 2725 2724
f 2653 2654 2725
f 2654 2726 2725
f 2654 2655 2726
f 2655 2727 2726
f 2655 2656 2727
f 2656 2728 2727
f 2656 2657 2728
f 2657 2729 2728
f 2657 2658 2729
f 2658 2730 2729
f 2658 2659 2730
f 2659 2731 2730
f 2659 2660 2731
f 2660 2732 2731
f 2660 2661 2732
f 2661 2733 2732
f 2661 2662 2733
f 2662 2734 2733
f 2662 2663 2734
f 2663 2735 2734
f 2663 2664 2735
f 2664 2736 2735
f 2664 2593 2736
f 2593 2665 2736
f 2665 2666 2737
f 2666 2738 2737
f 2666 2667 2738
f 2667 2739 2738
f 2667 2668 2739
f 2668 2740 2739
f 2668 2669 2740
f 2669 2741 2740
f 2669 2670 2741
f 2670 2742 2741
f 2670 2671 2742
f 2671 2743 2742
f 2671 2672 2743
f 2672 2744 2743
f 2672 2673 2744
f 2673 2745 2744
f 2673 2674 2745
f 2674 2746 2745
f 2674 2675 2746
f 2675 2747 2746
f 2675 2676 2747
f 2676 2748 2747
f 2676 2677 2748
f 2677 2749 2748
f 2677 2678 2749
f 2678 2750 2749
f 2678 2679 2750
f 2679 2751 2750
f 2679 2680 2751
f 2680 2752 2751
f 2680 2681 2752
f 2681 2753 2752
f 2681 2682 2753
f 2682 2754 2753
f 2682 2683 2754
f 2683 2755 2754
f 2683 2684 2755
f 2684 2756 2755
f 2684 2685 2756
f 2685 2757 2756
f 2685 2686 2757
f 2686 2758 2757
f 2686 2687 2758
f 2687 2759 2758
f 2687 2688 2759
f 2688 2760 2759
f 2688 2689 2760
f 2689 2761 2760
f 2689 2690 2761
f 2690 2762 2761
f 2690 2691 2762
f 2691 2763 2762
f 2691 2692 2763
f 2692 2764 2763
f 2692 2693 2764
f 2693 2765 2764
f 2693 2694 2765
f 2694 2766 2765
f 2694 2695 2766
f 2695 2767 2766
f 2695 2696 2767
f 2696 2768 2767
f 2696 2697 2768
f 2697 2769 2768
f 2697 2698 2769
f 2698 2770 2769
f 2698 2699 2770
f 2699 2771 2770
f 2699 2700 2771
f 2700 2772 2771
f 2700 2701 2772
f 2701 2773 2772
f 2701 2702 2773
f 2702 2774 2773
f 2702 2703 2774
f 2703 2775 2774
f 2703 2704 2775
f 2704 2776 2775
f 2704 2705 2776
f 2705 2777 2776
f 2705 2706 2777
f 2706 2778 2777
f 2706 2707 2778
f 2707 2779 2778
f 2707 2708 2779
f 2708 2780 2779
f 2708 2709 2780
f 2709 2781 2780
f 2709 2710 2781
f 2710 2782 2781
f 2710 2711 2782
f 2711 2783 2782
f 2711 2712 2783
f 2712 2784 2783
f 2712 2713 2784
f 2713 2785 2784
f 2713 2714 2785
f 2714 2786 2785
f 2714 2715 2786
f 2715 2787 2786
f 2715 2716 2787
f 2716 2788 2787
f 2716 2717 2788
f 2717 2789 2788
f 2717 2718 2789
f 2718 2790 2789
f 2718 2719 2790
f 2719 2791 2790
f 2719 2720 2791
f 2720 2792 2791
f 2720 2721 2792
f 2721 2793 2792
f 2721 2722 2793
f 2722 2794 2793
f 2722 2723 2794
f 2723 2795 2794
f 2723 2724 2795
f 2724 2796 2795
f 2724 2725 2796
f 2725 2797 2796
f 2725 2726 2797
f 2726 2798 2797
f 2726 2727 2798
f 2727 2799 2798
f 2727 2728 2799
f 2728 2800 2799
f 2728 2729 2800
f 2729 2801 2800
f 2729 2730 2801
f 2730 2802 2801
f 2730 2731 2802
f 2731 2803 2802
f 2731 2732 2803
f 2732 2804 2803
f 2732 2733 2804
f 2733 2805 2804
f 2733 2734 2805
f 2734 2806 2805
f 2734 2735 2806
f 2735 2807 2806
f 2735 2736 2807
f 2736 2808 2807
f 2736 2665 2808
f 2665 2737 2808
f 2737 2738 2809
f 2738 2810 2809
f 2738 2739 2810
f 2739 2811 2810
f 2739 2740 2811
f 2740 2812 2811
f 2740 2741 2812
f 2741 2813 2812
f 2741 2742 2813
f 2742 2814 2813
f 2742 2743 2814
f 2743 2815 2814
f 2743 2744 2815
f 2744 2816 2815
f 2744 2745 2816
f 2745 2817 2816
f 2745 2746 2817
f 2746 2818 2817
f 2746 2747 2818
f 2747 2819 2818
f 2747 2748 2819
f 2748 2820 2819
f 2748 2749 2820
f 2749 2821 2820
f 2749 2750 2821
f 2750 2822 2821
f 2750 2751 2822
f 2751 2823 2822
f 2751 2752 2823
f 2752 2824 2823
f 2752 2753 2824
f 2753 2825 2824
f 2753 2754 2825
f 2754 2826 2825
f 2754 2755 2826
f 2755 2827 2826
f 2755 2756 2827
f 2756 2828 2827
f 2756 2757 2828
f 2757 2829 2828
f 2757 2758 2829
f 2758 2830 2829
f 2758 2759 2830
f 2759 2831 2830
f 2759 2760 2831
f 2760 2832 2831
f 2760 2761 2832
f 2761 2833 2832
f 2761 2762 2833
f 2762 2834 2833
f 2762 2763 2834
f 2763 2835 2834
f 2763 2764 2835
f 2764 2836 2835
f 2764 2765 2836
f 2765 2837 2836
f 2765 2766 2837
f 2766 2838 2837
f 2766 2767 2838
f 2767 2839 2838
f 2767 2768 2839
f 2768 2840 2839
f 2768 2769 2840
f 2769 2841 2840
f 2769 2770 2841
f 2770 2842 2841
f 2770 2771 2842
f 2771 2843 2842
f 2771 2772 2843
f 2772 2844 2843
f 2772 2773 2844
f 2773 2845 2844
f 2773 2774 2845
f 2774 2846 2845
f 2774 2775 2846
f 2775 2847 2846
f 2775 2776 2847
f 2776 2848 2847
f 2776 2777 2848
f 2777 2849 2848
f 2777 2778 2849
f 2778 2850 2849
f 2778 2779 2850
f 2779 2851 2850
f 2779 2780 2851
f 2780 2852 2851
f 2780 2781 2852
f 2781 2853 2852
f 2781 2782 2853
f 2782 2854 2853
f 2782 2783 2854
f 2783 2855 2854
f 2783 2784 2855
f 2784 2856 2855
f 2784 2785 2856
f 2785 2857 2856
f 2785 2786 2857
f 2786 2858 2857
f 2786 2787 2858
f 2787 2859 2858
f 2787 2788 2859
f 2788 2860 2859
f 2788 2789 2860
f 2789 2861 2860
f 2789 2790 2861
f 2790 2862 2861
f 2790 2791 2862
f 2791 2863 2862
f 2791 2792 2863
f 2792 2864 2863
f 2792 2793 2864
f 2793 2865 2864
f 2793 2794 2865
f 2794 2866 2865
f 2794 2795 2866
f 2795 2867 2866
f 2795 2796 2867
f 2796 2868 2867
f 2796 2797 2868
f 2797 2869 2868
f 2797 2798 2869
f 2798 2870 2869
f 2798 2799 2870
f 2799 2871 2870
f 2799 2800 2871
f 2800 2872 2871
f 2800 2801 2872
f 2801 2873 2872
f 2801 2802 2873
f 2802 2874 2873
f 2802 2803 2874
f 2803 2875 2874
f 2803 2804 2875
f 2804 2876 2875
f 2804 2805 2876
f 2805 2877 2876
f 2805 2806 2877
f 2806 2878 2877
f 2806 2807 2878
f 2807 2879 2878
f 2807 2808 2879
f 2808 2880 2879
f 2808 2737 2880
f 2737 2809 2880
f 2809 2810 2881
f 2810 2882 2881
f 2810 2811 2882
f 2811 2883 2882
f 2811 2812 2883
f 2812 2884 2883
f 2812 2813 2884
f 2813 2885 2884
f 2813 2814 2885
f 2814 2886 2885
f 2814 2815 2886
f 2815 2887 2886
f 2815 2816 2887
f 2816 2888 2887
f 2816 2817 2888
f 2817 2889 2888
f 2817 2818 2889
f 2818 2890 2889
f 2818 2819 2890
f 2819 2891 2890
f 2819 2820 2891
f 2820 2892 2891
f 2820 2821 2892
f 2821 2893 2892
f 2821 2822 2893
f 2822 2894 2893
f 2822 2823 2894
f 2823 2895 2894
f 2823 2824 2895
f 2824 2896 2895
f 2824 2825 2896
f 2825 2897 2896
f 2825 2826 2897
f 2826 2898 2897
f 2826 2827 2898
f 2827 2899 2898
f 2827 2828 2899
f 2828 2900 2899
f 2828 2829 2900
f 2829 2901 2900
f 2829 2830 2901
f 2830 2902 2901
f 2830 2831 2902
f 2831 2903 2902
f 2831 2832 2903
f 2832 2904 2903
f 2832 2833 2904
f 2833 2905 2904
f 2833 2834 2905
f 2834 2906 2905
f 2834 2835 2906
f 2835 2907 2906
f 2835 2836 2907
f 2836 2908 2907
f 2836 2837 2908
f 2837 2909 2908
f 2837 2838 2909
f 2838 2910 2909
f 2838 2839 2910
f 2839 2911 2910
f 2839 2840 2911
f 2840 2912 2911
f 2840 2841 2912
f 2841 2913 2912
f 2841 2842 2913
f 2842 2914 2913
f 2842 2843 2914
f 2843 2915 2914
f 2843 2844 2915
f 2844 2916 2915
f 2844 2845 2916
f 2845 2917 2916
f 2845 2846 2917
f 2846 2918 2917
f 2846 2847 2918
f 2847 2919 2918
f 2847 2848 2919
f 2848 2920 2919
f 2848 2849 2920
f 2849 2921 2920
f 2849 2850 2921
f 2850 2922 2921
f 2850 2851 2922
f 2851 2923 2922
f 2851 2852 2923
f 2852 2924 2923
f 2852 2853 2924
f 2853 2925 2924
f 2853 2854 2925
f 2854 2926 2925
f 2854 2855 2926
f 2855 2927 2926
f 2855 2856 2927
f 2856 2928 2927
f 2856 2857 2928
f 2857 2929 2928
f 2857 2858 2929
f 2858 2930 2929
f 2858 2859 2930
f 2859 2931 2930
f 2859 2860 2931
f 2860 2932 2931
f 2860 2861 2932
f 2861 2933 2932
f 2861 2862 2933
f 2862 2934 2933
f 2862 2863 2934
f 2863 2935 2934
f 2863 2864 2935
f 2864 2936 2935
f 2864 2865 2936
f 2865 2937 2936
f 2865 2866 2937
f 2866 2938 2937
f 2866 2867 2938
f 2867 2939 2938
f 2867 2868 2939
f 2868 2940 2939
f 2868 2869 2940
f 2869 2941 2940
f 2869 2870 2941
f 2870 2942 2941
f 2870 2871 2942
f 2871 2943 2942
f 2871 2872 2943
f 2872 2944 2943
f 2872 2873 2944
f 2873 2945 2944
f 2873 2874 2945
f 2874 2946 2945
f 2874 2875 2946
f 2875 2947 2946
f 2875 2876 2947
f 2876 2948 2947
f 2876 2877 2948
f 2877 2949 2948
f 2877 2878 2949
f 2878 2950 2949
f 2878 2879 2950
f 2879 2951 2950
f 2879 2880 2951
f 2880 2952 2951
f 2880 2809 2952
f 2809 2881 2952
f 2881 2882 2953
f 2882 2954 2953
f 2882 2883 2954
f 2883 2955 2954
f 2883 2884 2955
f 2884 2956 2955
f 2884 2885 2956
f 2885 2957 2956
f 2885 2886 2957
f 2886 2958 2957
f 2886 2887 2958
f 2887 2959 2958
f 2887 2888 2959
f 2888 2960 2959
f 2888 2889 2960
f 2889 2961 2960
f 2889 2890 2961
f 2890 2962 2961
f 2890 2891 2962
f 2891 2963 2962
f 2891 2892 2963
f 2892 2964 2963
f 2892 2893 2964
f 2893 2965 2964
f 2893 2894 2965
f 2894 2966 2965
f 2894 2895 2966
f 2895 2967 2966
f 2895 2896 2967
f 2896 2968 2967
f 2896 2897 2968
f 2897 2969 2968
f 2897 2898 2969
f 2898 2970 2969
f 2898 2899 2970
f 2899 2971 2970
f 2899 2900 2971
f 2900 2972 2971
f 2900 2901 2972
f 2901 2973 2972
f 2901 2902 2973
f 2902 2974 2973
f 2902 2903 2974
f 2903 2975 2974
f 2903 2904 2975
f 2904 2976 2975
f 2904 2905 2976
f 2905 2977 2976
f 2905 2906 2977
f 2906 2978 2977
f 2906 2907 2978
f 2907 2979 2978
f 2907 2908 2979
f 2908 2980 2979
f 2908 2909 2980
f 2909 2981 2980
f 2909 2910 2981
f 2910 2982 2981
f 2910 2911 2982
f 2911 2983 2982
f 2911 2912 2983
f 2912 2984 2983
f 2912 2913 2984
f 2913 2985 2984
f 2913 2914 2985
f 2914 2986 2985
f 2914 2915 2986
f 2915 2987 2986
f 2915 2916 2987
f 2916 2988 2987
f 2916 2917 2988
f 2917 2989 2988
f 2917 2918 2989
f 2918 2990 2989
f 2918 2919 2990
f 2919 2991 2990
f 2919 2920 2991
f 2920 2992 2991
f 2920 2921 2992
f 2921 2993 2992
f 2921 2922 2993
f 2922 2994 2993
f 2922 2923 2994
f 2923 2995 2994
f 2923 2924 2995
f 2924 2996 2995
f 2924 2925 2996
f 2925 2997 2996
f 2925 2926 2997
f 2926 2998 2997
f 2926 2927 2998
f 2927 2999 2998
f 2927 2928 2999
f 2928 3000 2999
f 2928 2929 3000
f 2929 3001 3000
f 2929 2930 3001
f 2930 3002 3001
f 2930 2931 3002
f 2931 3003 3002
f 2931 2932 3003
f 2932 3004 3003
f 2932 2933 3004
f 2933 3005 3004
f 2933 2934 3005
f 2934 3006 3005
f 2934 2935 3006
f 2935 3007 3006
f 2935 2936 3007
f 2936 3008 3007
f 2936 2937 3008
f 2937 3009 3008
f 2937 2938 3009
f 2938 3010 3009
f 2938 2939 3010
f 2939 3011 3010
f 2939 2940 3011
f 2940 3012 3011
f 2940 2941 3012
f 2941 3013 3012
f 2941 2942 3013
f 2942 3014 3013
f 2942 2943 3014
f 2943 3015 3014
f 2943 2944 3015
f 2944 3016 3015
f 2944 2945 3016
f 2945 3017 3016
f 2945 2946 3017
f 2946 3018 3017
f 2946 2947 3018
f 2947 3019 3018
f 2947 2948 3019
f 2948 3020 3019
f 2948 2949 3020
f 2949 3021 3020
f 2949 2950 3021
f 2950 3022 3021
f 2950 2951 3022
f 2951 3023 3022
f 2951 2952 3023
f 2952 3024 3023
f 2952 2881 3024
f 2881 2953 3024
f 2953 2954 3025
f 2954 3026 3025
f 2954 2955 3026
f 2955 3027 3026
f 2955 2956 3027
f 2956 3028 3027
f 2956 2957 3028
f 2957 3029 3028
f 2957 2958 3029
f 2958 3030 3029
f 2958 2959 3030
f 2959 3031 3030
f 2959 2960 3031
f 2960 3032 3031
f 2960 2961 3032
f 2961 3033 3032
f 2961 2962 3033
f 2962 3034 3033
f 2962 2963 3034
f 2963 3035 3034
f 2963 2964 3035
f 2964 3036 3035
f 2964 2965 3036
f 2965 3037 3036
f 2965 2966 3037
f 2966 3038 3037
f 2966 2967 3038
f 2967 3039 3038
f 2967 2968 3039
f 2968 3040 3039
f 2968 2969 3040
f 2969 3041 3040
f 2969 2970 3041
f 2970 3042 3041
f 2970 2971 3042
f 2971 3043 3042
f 2971 2972 3043
f 2972 3044 3043
f 2972 2973 3044
f 2973 3045 3044
f 2973 2974 3045
f 2974 3046 3045
f 2974 2975 3046
f 2975 3047 3046
f 2975 2976 3047
f 2976 3048 3047
f 2976 2977 3048
f 2977 3049 3048
f 2977 2978 3049
f 2978 3050 3049
f 2978 2979 3050
f 2979 3051 3050
f 2979 2980 3051
f 2980 3052 3051
f 2980 2981 3052
f 2981 3053 3052
f 2981 2982 3053
f 2982 3054 3053
f 2982 2983 3054
f 2983 3055 3054
f 2983 2984 3055
f 2984 3056 3055
f 2984 2985 3056
f 2985 3057 3056
f 2985 2986 3057
f 2986 3058 3057
f 2986 2987 3058
f 2987 3059 3058
f 2987 2988 3059
f 2988 3060 3059
f 2988 2989 3060
f 2989 3061 3060
f 2989 2990 3061
f 2990 3062 3061
f 2990 2991 3062
f 2991 3063 3062
f 2991 2992 3063
f 2992 3064 3063
f 2992 2993 3064
f 2993 3065 3064
f 2993 2994 3065
f 2994 3066 3065
f 2994 2995 3066
f 2995 3067 3066
f 2995 2996 3067
f 2996 3068 3067
f 2996 2997 3068
f 2997 3069 3068
f 2997 2998 3069
f 2998 3070 3069
f 2998 2999 3070
f 2999 3071 3070
f 2999 3000 3071
f 3000 3072 3071
f 3000 3001 3072
f 3001 3073 3072
f 3001 3002 3073
f 3002 3074 3073
f 3002 3003 3074
f 3003 3075 3074
f 3003 3004 3075
f 3004 3076 3075
f 3004 3005 3076
f 3005 3077 3076
f 3005 3006 3077
f 3006 3078 3077
f 3006 3007 3078
f 3007 3079 3078
f 3007 3008 3079
f 3008 3080 3079
f 3008 3009 3080
f 3009 3081 3080
f 3009 3010 3081
f 3010 3082 3081
f 3010 3011 3082
f 3011 3083 3082
f 3011 3012 3083
f 3012 3084 3083
f 3012 3013 3084
f 3013 3085 3084
f 3013 3014 3085
f 3014 3086 3085
f 3014 3015 3086
f 3015 3087 3086
f 3015 3016 3087
f 3016 3088 3087
f 3016 3017 3088
f 3017 3089 3088
f 3017 3018 3089
f 3018 3090 3089
f 3018 3019 3090
f 3019 3091 3090
f 3019 3020 3091
f 3020 3092 3091
f 3020 3021 3092
f 3021 3093 3092
f 3021 3022 3093
f 3022 3094 3093
f 3022 3023 3094
f 3023 3095 3094
f 3023 3024 3095
f 3024 3096 3095
f 3024 2953 3096
f 2953 3025 3096
f 3025 3026 3097
f 3026 3098 3097
f 3026 3027 3098
f 3027 3099 3098
f 3027 3028 3099
f 3028 3100 3099
f 3028 3029 3100
f 3029 3101 3100
f 3029 3030 3101
f 3030 3102 3101
f 3030 3031 3102
f 3031 3103 3102
f 3031 3032 3103
f 3032 3104 3103
f 3032 3033 3104
f 3033 3105 3104
f 3033 3034 3105
f 3034 3106 3105
f 3034 3035 3106
f 3035 3107 3106
f 3035 3036 3107
f 3036 3108 3107
f 3036 3037 3108
f 3037 3109 3108
f 3037 3038 3109
f 3038 3110 3109
f 3038 3039 3110
f 3039 3111 3110
f 3039 3040 3111
f 3040 3112 3111
f 3040 3041 3112
f 3041 3113 3112
f 3041 3042 3113
f 3042 3114 3113
f 3042 3043 3114
f 3043 3115 3114
f 3043 3044 3115
f 3044 3116 3115
f 3044 3045 3116
f 3045 3117 3116
f 3045 3046 3117
f 3046 3118 3117
f 3046 3047 3118
f 3047 3119 3118
f 3047 3048 3119
f 3048 3120 3119
f 3048 3049 3120
f 3049 3121 3120
f 3049 3050 3121
f 3050 3122 3121
f 3050 3051 3122
f 3051 3123 3122
f 3051 3052 3123
f 3052 3124 3123
f 3052 3053 3124
f 3053 3125 3124
f 3053 3054 3125
f 3054 3126 3125
f 3054 3055 3126
f 3055 3127 3126
f 3055 3056 3127
f 3056 3128 3127
f 3056 3057 3128
f 3057 3129 3128
f 3057 3058 3129
f 3058 3130 3129
f 3058 3059 3130
f 3059 3131 3130
f 3059 3060 3131
f 3060 3132 3131
f 3060 3061 3132
f 3061 3133 3132
f 3061 3062 3133
f 3062 3134 3133
f 3062 3063 3134
f 3063 3135 3134
f 3063 3064 3135
f 3064 3136 3135
f 3064 3065 3136
f 3065 3137 3136
f 3065 3066 3137
f 3066 3138 3137
f 3066 3067 3138
f 3067 3139 3138
f 3067 3068 3139
f 3068 3140 3139
f 3068 3069 3140
f 3069 3141 3140
f 3069 3070 3141
f 3070 3142 3141
f 3070 3071 3142
f 3071 3143 3142
f 3071 3072 3143
f 3072 3144 3143
f 3072 3073 3144
f 3073 3145 3144
f 3073 3074 3145
f 3074 3146 3145
f 3074 3075 3146
f 3075 3147 3146
f 3075 3076 3147
f 3076 3148 3147
f 3076 3077 3148
f 3077 3149 3148
f 3077 3078 3149
f 3078 3150 3149
f 3078 3079 3150
f 3079 3151 3150
f 3079 3080 3151
f 3080 3152 3151
f 3080 3081 3152
f 3081 3153 3152
f 3081 3082 3153
f 3082 3154 3153
f 3082 3083 3154
f 3083 3155 3154
f 3083 3084 3155
f 3084 3156 3155
f 3084 3085 3156
f 3085 3157 3156
f 3085 3086 3157
f 3086 3158 3157
f 3086 3087 3158
f 3087 3159 3158
f 3087 3088 3159
f 3088 3160 3159
f 3088 3089 3160
f 3089 3161 3160
f 3089 3090 3161
f 3090 3162 3161
f 3090 3091 3162
f 3091 3163 3162
f 3091 3092 3163
f 3092 3164 3163
f 3092 3093 3164
f 3093 3165 3164
f 3093 3094 3165
f 3094 3166 3165
f 3094 3095 3166
f 3095 3167 3166
f 3095 3096 3167
f 3096 3168 3167
f 3096 3025 3168
f 3025 3097 3168
f 3097 3098 3169
f 3098 3170 3169
f 3098 3099 3170
f 3099 3171 3170
f 3099 3100 3171
f 3100 3172 3171
f 3100 3101 3172
f 3101 3173 3172
f 3101 3102 3173
f 3102 3174 3173
f 3102 3103 3174
f 3103 3175 3174
f 3103 3104 3175
f 3104 3176 3175
f 3104 3105 3176
f 3105 3177 3176
f 3105 3106 3177
f 3106 3178 3177
f 3106 3107 3178
f 3107 3179 3178
f 3107 3108 3179
f 3108 3180 3179
f 3108 3109 3180
f 3109 3181 3180
f 3109 3110 3181
f 3110 3182 3181
f 3110 3111 3182
f 3111 3183 3182
f 3111 3112 3183
f 3112 3184 3183
f 3112 3113 3184
f 3113 3185 3184
f 3113 3114 3185
f 3114 3186 3185
f 3114 3115 3186
f 3115 3187 3186
f 3115 3116 3187
f 3116 3188 3187
f 3116 3117 3188
f 3117 3189 3188
f 3117 3118 3189
f 3118 3190 3189
f 3118 3119 3190
f 3119 3191 3190
f 3119 3120 3191
f 3120 3192 3191
f 3120 3121 3192
f 3121 3193 3192
f 3121 3122 3193
f 3122 3194 3193
f 3122 3123 3194
f 3123 3195 3194
f 3123 3124 3195
f 3124 3196 3195
f 3124 3125 3196
f 3125 3197 3196
f 3125 3126 3197
f 3126 3198 3197
f 3126 3127 3198
f 3127 3199 3198
f 3127 3128 3199
f 3128 3200 3199
f 3128 3129 3200
f 3129 3201 3200
f 3129 3130 3201
f 3130 3202 3201
f 3130 3131 3202
f 3131 3203 3202
f 3131 3132 3203
f 3132 3204 3203
f 3132 3133 3204
f 3133 3205 3204
f 3133 3134 3205
f 3134 3206 3205
f 3134 3135 3206
f 3135 3207 3206
f 3135 3136 3207
f 3136 3208 3207
f 3136 3137 3208
f 3137 3209 3208
f 3137 3138 3209
f 3138 3210 3209
f 3138 3139 3210
f 3139 3211 3210
f 3139 3140 3211
f 3140 3212 3211
f 3140 3141 3212
f 3141 3213 3212
f 3141 3142 3213
f 3142 3214 3213
f 3142 3143 3214
f 3143 3215 3214
f 3143 3144 3215
f 3144 3216 3215
f 3144 3145 3216
f 3145 3217 3216
f 3145 3146 3217
f 3146 3218 3217
f 3146 3147 3218
f 3147 3219 3218
f 3147 3148 3219
f 3148 3220 3219
f 3148 3149 3220
f 3149 3221 3220
f 3149 3150 3221
f 3150 3222 3221
f 3150 3151 3222
f 3151 3223 3222
f 3151 3152 3223
f 3152 3224 3223
f 3152 3153 3224
f 3153 3225 3224
f 3153 3154 3225
f 3154 3226 3225
f 3154 3155 3226
f 3155 3227 3226
f 3155 3156 3227
f 3156 3228 3227
f 3156 3157 3228
f 3157 3229 3228
f 3157 3158 3229
f 3158 3230 3229
f 3158 3159 3230
f 3159 3231 3230
f 3159 3160 3231
f 3160 3232 3231
f 3160 3161 3232
f 3161 3233 3232
f 3161 3162 3233
f 3162 3234 3233
f 3162 3163 3234
f 3163 3235 3234
f 3163 3164 3235
f 3164 3236 3235
f 3164 3165 3236
f 3165 3237 3236
f 3165 3166 3237
f 3166 3238 3237
f 3166 3167 3238
f 3167 3239 3238
f 3167 3168 3239
f 3168 3240 3239
f 3168 3097 3240
f 3097 3169 3240
f 3169 3170 3241
f 3170 3242 3241
f 3170 3171 3242
f 3171 3243 3242
f 3171 3172 3243
f 3172 3244 3243
f 3172 3173 3244
f 3173 3245 3244
f 3173 3174 3245
f 3174 3246 3245
f 3174 3175 3246
f 3175 3247 3246
f 3175 3176 3247
f 3176 3248 3247
f 3176 3177 3248
f 3177 3249 3248
f 3177 3178 3249
f 3178 3250 3249
f 3178 3179 3250
f 3179 3251 3250
f 3179 3180 3251
f 3180 3252 3251
f 3180 3181 3252
f 3181 3253 3252
f 3181 3182 3253
f 3182 3254 3253
f 3182 3183 3254
f 3183 3255 3254
f 3183 3184 3255
f 3184 3256 3255
f 3184 3185 3256
f 3185 3257 3256
f 3185 3186 3257
f 3186 3258 3257
f 3186 3187 3258
f 3187 3259 3258
f 3187 3188 3259
f 3188 3260 3259
f 3188 3189 3260
f 3189 3261 3260
f 3189 3190 3261
f 3190 3262 3261
f 3190 3191 3262
f 3191 3263 3262
f 3191 3192 3263
f 3192 3264 3263
f 3192 3193 3264
f 3193 3265 3264
f 3193 3194 3265
f 3194 3266 3265
f 3194 3195 3266
f 3195 3267 3266
f 3195 3196 3267
f 3196 3268 3267
f 3196 3197 3268
f 3197 3269 3268
f 3197 3198 3269
f 3198 3270 3269
f 3198 3199 3270
f 3199 3271 3270
f 3199 3200 3271
f 3200 3272 3271
f 3200 3201 3272
f 3201 3273 3272
f 3201 3202 3273
f 3202 3274 3273
f 3202 3203 3274
f 3203 3275 3274
f 3203 3204 3275
f 3204 3276 3275
f 3204 3205 3276
f 3205 3277 3276
f 3205 3206 3277
f 3206 3278 3277
f 3206 3207 3278
f 3207 3279 3278
f 3207 3208 3279
f 3208 3280 3279
f 3208 3209 3280
f 3209 3281 3280
f 3209 3210 3281
f 3210 3282 3281
f 3210 3211 3282
f 3211 3283 3282
f 3211 3212 3283
f 3212 3284 3283
f 3212 3213 3284
f 3213 3285 3284
f 3213 3214 3285
f 3214 3286 3285
f 3214 3215 3286
f 3215 3287 3286
f 3215 3216 3287
f 3216 3288 3287
f 3216 3217 3288
f 3217 3289 3288
f 3217 3218 3289
f 3218 3290 3289
f 3218 3219 3290
f 3219 3291 3290
f 3219 3220 3291
f 3220 3292 3291
f 3220 3221 3292
f 3221 3293 3292
f 3221 3222 3293
f 3222 3294 3293
f 3222 3223 3294
f 3223 3295 3294
f 3223 3224 3295
f 3224 3296 3295
f 3224 3225 3296
f 3225 3297 3296
f 3225 3226 3297
f 3226 3298 3297
f 3226 3227 3298
f 3227 3299 3298
f 3227 3228 3299
f 3228 3300 3299
f 3228 3229 3300
f 3229 3301 3300
f 3229 3230 3301
f 3230 3302 3301
f 3230 3231 3302
f 3231 3303 3302
f 3231 3232 3303
f 3232 3304 3303
f 3232 3233 3304
f 3233 3305 3304
f 3233 3234 3305
f 3234 3306 3305
f 3234 3235 3306
f 3235 3307 3306
f 3235 3236 3307
f 3236 3308 3307
f 3236 3237 3308
f 3237 3309 3308
f 3237 3238 3309
f 3238 3310 3309
f 3238 3239 3310
f 3239 3311 3310
f 3239 3240 3311
f 3240 3312 3311
f 3240 3169 3312
f 3169 3241 3312
f 3241 3242 3313
f 3242 3314 3313
f 3242 3243 3314
f 3243 3315 3314
f 3243 3244 3315
f 3244 3316 3315
f 3244 3245 3316
f 3245 3317 3316
f 3245 3246 3317
f 3246 3318 3317
f 3246 3247 3318
f 3247 3319 3318
f 3247 3248 3319
f 3248 3320 3319
f 3248 3249 3320
f 3249 3321 3320
f 3249 3250 3321
f 3250 3322 3321
f 3250 3251 3322
f 3251 3323 3322
f 3251 3252 3323
f 3252 3324 3323
f 3252 3253 3324
f 3253 3325 3324
f 3253 3254 3325
f 3254 3326 3325
f 3254 3255 3326
f 3255 3327 3326
f 3255 3256 3327
f 3256 3328 3327
f 3256 3257 3328
f 3257 3329 3328
f 3257 3258 3329
f 3258 3330 3329
f 3258 3259 3330
f 3259 3331 3330
f 3259 3260 3331
f 3260 3332 3331
f 3260 3261 3332
f 3261 3333 3332
f 3261 3262 3333
f 3262 3334 3333
f 3262 3263 3334
f 3263 3335 3334
f 3263 3264 3335
f 3264 3336 3335
f 3264 3265 3336
f 3265 3337 3336
f 3265 3266 3337
f 3266 3338 3337
f 3266 3267 3338
f 3267 3339 3338
f 3267 3268 3339
f 3268 3340 3339
f 3268 3269 3340
f 3269 3341 3340
f 3269 3270 3341
f 3270 3342 3341
f 3270 3271 3342
f 3271 3343 3342
f 3271 3272 3343
f 3272 3344 3343
f 3272 3273 3344
f 3273 3345 3344
f 3273 3274 3345
f 3274 3346 3345
f 3274 3275 3346
f 3275 3347 3346
f 3275 3276 3347
f 3276 3348 3347
f 3276 3277 3348
f 3277 3349 3348
f 3277 3278 3349
f 3278 3350 3349
f 3278 3279 3350
f 3279 3351 3350
f 3279 3280 3351
f 3280 3352 3351
f 3280 3281 3352
f 3281 3353 3352
f 3281 3282 3353
f 3282 3354 3353
f 3282 3283 3354
f 3283 3355 3354
f 3283 3284 3355
f 3284 3356 3355
f 3284 3285 3356
f 3285 3357 3356
f 3285 3286 3357
f 3286 3358 3357
f 3286 3287 3358
f 3287 3359 3358
f 3287 3288 3359
f 3288 3360 3359
f 3288 3289 3360
f 3289 3361 3360
f 3289 3290 3361
f 3290 3362 3361
f 3290 3291 3362
f 3291 3363 3362
f 3291 3292 3363
f 3292 3364 3363
f 3292 3293 3364
f 3293 3365 3364
f 3293 3294 3365
f 3294 3366 3365
f 3294 3295 3366
f 3295 3367 3366
f 3295 3296 3367
f 3296 3368 3367
f 3296 3297 3368
f 3297 3369 3368
f 3297 3298 3369
f 3298 3370 3369
f 3298 3299 3370
f 3299 3371 3370
f 3299 3300 3371
f 3300 3372 3371
f 3300 3301 3372
f 3301 3373 3372
f 3301 3302 3373
f 3302 3374 3373
f 3302 3303 3374
f 3303 3375 3374
f 3303 3304 3375
f 3304 3376 3375
f 3304 3305 3376
f 3305 3377 3376
f 3305 3306 3377
f 3306 3378 3377
f 3306 3307 3378
f 3307 3379 3378
f 3307 3308 3379
f 3308 3380 3379
f 3308 3309 3380
f 3309 3381 3380
f 3309 3310 3381
f 3310 3382 3381
f 3310 3311 3382
f 3311 3383 3382
f 3311 3312 3383
f 3312 3384 3383
f 3312 3241 3384
f 3241 3313 3384
f 3313 3314 3385
f 3314 3386 3385
f 3314 3315 3386
f 3315 3387 3386
f 3315 3316 3387
f 3316 3388 3387
f 3316 3317 3388
f 3317 3389 3388
f 3317 3318 3389
f 3318 3390 3389
f 3318 3319 3390
f 3319 3391 3390
f 3319 3320 3391
f 3320 3392 3391
f 3320 3321 3392
f 3321 3393 3392
f 3321 3322 3393
f 3322 3394 3393
f 3322 3323 3394
f 3323 3395 3394
f 3323 3324 3395
f 3324 3396 3395
f 3324 3325 3396
f 3325 3397 3396
f 3325 3326 3397
f 3326 3398 3397
f 3326 3327 3398
f 3327 3399 3398
f 3327 3328 3399
f 3328 3400 3399
f 3328 3329 3400
f 3329 3401 3400
f 3329 3330 3401
f 3330 3402 3401
f 3330 3331 3402
f 3331 3403 3402
f 3331 3332 3403
f 3332 3404 3403
f 3332 3333 3404
f 3333 3405 3404
f 3333 3334 3405
f 3334 3406 3405
f 3334 3335 3406
f 3335 3407 3406
f 3335 3336 3407
f 3336 3408 3407
f 3336 3337 3408
f 3337 3409 3408
f 3337 3338 3409
f 3338 3410 3409
f 3338 3339 3410
f 3339 3411 3410
f 3339 3340 3411
f 3340 3412 3411
f 3340 3341 3412
f 3341 3413 3412
f 3341 3342 3413
f 3342 3414 3413
f 3342 3343 3414
f 3343 3415 3414
f 3343 3344 3415
f 3344 3416 3415
f 3344 3345 3416
f 3345 3417 3416
f 3345 3346 3417
f 3346 3418 3417
f 3346 3347 3418
f 3347 3419 3418
f 3347 3348 3419
f 3348 3420 3419
f 3348 3349 3420
f 3349 3421 3420
f 3349 3350 3421
f 3350 3422 3421
f 3350 3351 3422
f 3351 3423 3422
f 3351 3352 3423
f 3352 3424 3423
f 3352 3353 3424
f 3353 3425 3424
f 3353 3354 3425
f 3354 3426 3425
f 3354 3355 3426
f 3355 3427 3426
f 3355 3356 3427
f 3356 3428 3427
f 3356 3357 3428
f 3357 3429 3428
f 3357 3358 3429
f 3358 3430 3429
f 3358 3359 3430
f 3359 3431 3430
f 3359 3360 3431
f 3360 3432 3431
f 3360 3361 3432
f 3361 3433 3432
f 3361 3362 3433
f 3362 3434 3433
f 3362 3363 3434
f 3363 3435 3434
f 3363 3364 3435
f 3364 3436 3435
f 3364 3365 3436
f 3365 3437 3436
f 3365 3366 3437
f 3366 3438 3437
f 3366 3367 3438
f 3367 3439 3438
f 3367 3368 3439
f 3368 3440 3439
f 3368 3369 3440
f 3369 3441 3440
f 3369 3370 3441
f 3370 3442 3441
f 3370 3371 3442
f 3371 3443 3442
f 3371 3372 3443
f 3372 3444 3443
f 3372 3373 3444
f 3373 3445 3444
f 3373 3374 3445
f 3374 3446 3445
f 3374 3375 3446
f 3375 3447 3446
f 3375 3376 3447
f 3376 3448 3447
f 3376 3377 3448
f 3377 3449 3448
f 3377 3378 3449
f 3378 3450 3449
f 3378 3379 3450
f 3379 3451 3450
f 3379 3380 3451
f 3380 3452 3451
f 3380 3381 3452
f 3381 3453 3452
f 3381 3382 3453
f 3382 3454 3453
f 3382 3383 3454
f 3383 3455 3454
f 3383 3384 3455
f 3384 3456 3455
f 3384 3313 3456
f 3313 3385 3456
f 3385 3386 3457
f 3386 3458 3457
f 3386 3387 3458
f 3387 3459 3458
f 3387 3388 3459
f 3388 3460 3459
f 3388 3389 3460
f 3389 3461 3460
f 3389 3390 3461
f 3390 3462 3461
f 3390 3391 3462
f 3391 3463 3462
f 3391 3392 3463
f 3392 3464 3463
f 3392 3393 3464
f 3393 3465 3464
f 3393 3394 3465
f 3394 3466 3465
f 3394 3395 3466
f 3395 3467 3466
f 3395 3396 3467
f 3396 3468 3467
f 3396 3397 3468
f 3397 3469 3468
f 3397 3398 3469
f 3398 3470 3469
f 3398 3399 3470
f 3399 3471 3470
f 3399 3400 3471
f 3400 3472 3471
f 3400 3401 3472
f 3401 3473 3472
f 3401 3402 3473
f 3402 3474 3473
f 3402 3403 3474
f 3403 3475 3474
f 3403 3404 3475
f 3404 3476 3475
f 3404 3405 3476
f 3405 3477 3476
f 3405 3406 3477
f 3406 3478 3477
f 3406 3407 3478
f 3407 3479 3478
f 3407 3408 3479
f 3408 3480 3479
f 3408 3409 3480
f 3409 3481 3480
f 3409 3410 3481
f 3410 3482 3481
f 3410 3411 3482
f 3411 3483 3482
f 3411 3412 3483
f 3412 3484 3483
f 3412 3413 3484
f 3413 3485 3484
f 3413 3414 3485
f 3414 3486 3485
f 3414 3415 3486
f 3415 3487 3486
f 3415 3416 3487
f 3416 3488 3487
f 3416 3417 3488
f 3417 3489 3488
f 3417 3418 3489
f 3418 3490 3489
f 3418 3419 3490
f 3419 3491 3490
f 3419 3420 3491
f 3420 3492 3491
f 3420 3421 3492
f 3421 3493 3492
f 3421 3422 3493
f 3422 3494 3493
f 3422 3423 3494
f 3423 3495 3494
f 3423 3424 3495
f 3424 3496 3495
f 3424 3425 3496
f 3425 3497 3496
f 3425 3426 3497
f 3426 3498 3497
f 3426 3427 3498
f 3427 3499 3498
f 3427 3428 3499
f 3428 3500 3499
f 3428 3429 3500
f 3429 3501 3500
f 3429 3430 3501
f 3430 3502 3501
f 3430 3431 3502
f 3431 3503 3502
f 3431 3432 3503
f 3432 3504 3503
f 3432 3433 3504
f 3433 3505 3504
f 3433 3434 3505
f 3434 3506 3505
f 3434 3435 3506
f 3435 3507 3506
f 3435 3436 3507
f 3436 3508 3507
f 3436 3437 3508
f 3437 3509 3508
f 3437 3438 3509
f 3438 3510 3509
f 3438 3439 3510
f 3439 3511 3510
f 3439 3440 3511
f 3440 3512 3511
f 3440 3441 3512
f 3441 3513 3512
f 3441 3442 3513
f 3442 3514 3513
f 3442 3443 3514
f 3443 3515 3514
f 3443 3444 3515
f 3444 3516 3515
f 3444 3445 3516
f 3445 3517 3516
f 3445 3446 3517
f 3446 3518 3517
f 3446 3447 3518
f 3447 3519 3518
f 3447 3448 3519
f 3448 3520 3519
f 3448 3449 3520
f 3449 3521 3520
f 3449 3450 3521
f 3450 3522 3521
f 3450 3451 3522
f 3451 3523 3522
f 3451 3452 3523
f 3452 3524 3523
f 3452 3453 3524
f 3453 3525 3524
f 3453 3454 3525
f 3454 3526 3525
f 3454 3455 3526
f 3455 3527 3526
f 3455 3456 3527
f 3456 3528 3527
f 3456 3385 3528
f 3385 3457 3528
f 3457 3458 3529
f 3458 3530 3529
f 3458 3459 3530
f 3459 3531 3530
f 3459 3460 3531
f 3460 3532 3531
f 3460 3461 3532
f 3461 3533 3532
f 3461 3462 3533
f 3462 3534 3533
f 3462 3463 3534
f 3463 3535 3534
f 3463 3464 3535
f 3464 3536 3535
f 3464 3465 3536
f 3465 3537 3536
f 3465 3466 3537
f 3466 3538 3537
f 3466 3467 3538
f 3467 3539 3538
f 3467 3468 3539
f 3468 3540 3539
f 3468 3469 3540
f 3469 3541 3540
f 3469 3470 3541
f 3470 3542 3541
f 3470 3471 3542
f 3471 3543 3542
f 3471 3472 3543
f 3472 3544 3543
f 3472 3473 3544
f 3473 3545 3544
f 3473 3474 3545
f 3474 3546 3545
f 3474 3475 3546
f 3475 3547 3546
f 3475 3476 3547
f 3476 3548 3547
f 3476 3477 3548
f 3477 3549 3548
f 3477 3478 3549
f 3478 3550 3549
f 3478 3479 3550
f 3479 3551 3550
f 3479 3480 3551
f 3480 3552 3551
f 3480 3481 3552
f 3481 3553 3552
f 3481 3482 3553
f 3482 3554 3553
f 3482 3483 3554
f 3483 3555 3554
f 3483 3484 3555
f 3484 3556 3555
f 3484 3485 3556
f 3485 3557 3556
f 3485 3486 3557
f 3486 3558 3557
f 3486 3487 3558
f 3487 3559 3558
f 3487 3488 3559
f 3488 3560 3559
f 3488 3489 3560
f 3489 3561 3560
f 3489 3490 3561
f 3490 3562 3561
f 3490 3491 3562
f 3491 3563 3562
f 3491 3492 3563
f 3492 3564 3563
f 3492 3493 3564
f 3493 3565 3564
f 3493 3494 3565
f 3494 3566 3565
f 3494 3495 3566
f 3495 3567 3566
f 3495 3496 3567
f 3496 3568 3567
f 3496 3497 3568
f 3497 3569 3568
f 3497 3498 3569
f 3498 3570 3569
f 3498 3499 3570
f 3499 3571 3570
f 3499 3500 3571
f 3500 3572 3571
f 3500 3501 3572
f 3501 3573 3572
f 3501 3502 3573
f 3502 3574 3573
f 3502 3503 3574
f 3503 3575 3574
f 3503 3504 3575
f 3504 3576 3575
f 3504 3505 3576
f 3505 3577 3576
f 3505 3506 3577
f 3506 3578 3577
f 3506 3507 3578
f 3507 3579 3578
f 3507 3508 3579
f 3508 3580 3579
f 3508 3509 3580
f 3509 3581 3580
f 3509 3510 3581
f 3510 3582 3581
f 3510 3511 3582
f 3511 3583 3582
f 3511 3512 3583
f 3512 3584 3583
f 3512 3513 3584
f 3513 3585 3584
f 3513 3514 3585
f 3514 3586 3585
f 3514 3515 3586
f 3515 3587 3586
f 3515 3516 3587
f 3516 3588 3587
f 3516 3517 3588
f 3517 3589 3588
f 3517 3518 3589
f 3518 3590 3589
f 3518 3519 3590
f 3519 3591 3590
f 3519 3520 3591
f 3520 3592 3591
f 3520 3521 3592
f 3521 3593 3592
f 3521 3522 3593
f 3522 3594 3593
f 3522 3523 3594
f 3523 3595 3594
f 3523 3524 3595
f 3524 3596 3595
f 3524 3525 3596
f 3525 3597 3596
f 3525 3526 3597
f 3526 3598 3597
f 3526 3527 3598
f 3527 3599 3598
f 3527 3528 3599
f 3528 3600 3599
f 3528 3457 3600
f 3457 3529 3600
f 3529 3530 3601
f 3530 3602 3601
f 3530 3531 3602
f 3531 3603 3602
f 3531 3532 3603
f 3532 3604 3603
f 3532 3533 3604
f 3533 3605 3604
f 3533 3534 3605
f 3534 3606 3605
f 3534 3535 3606
f 3535 3607 3606
f 3535 3536 3607
f 3536 3608 3607
f 3536 3537 3608
f 3537 3609 3608
f 3537 3538 3609
f 3538 3610 3609
f 3538 3539 3610
f 3539 3611 3610
f 3539 3540 3611
f 3540 3612 3611
f 3540 3541 3612
f 3541 3613 3612
f 3541 3542 3613
f 3542 3614 3613
f 3542 3543 3614
f 3543 3615 3614
f 3543 3544 3615
f 3544 3616 3615
f 3544 3545 3616
f 3545 3617 3616
f 3545 3546 3617
f 3546 3618 3617
f 3546 3547 3618
f 3547 3619 3618
f 3547 3548 3619
f 3548 3620 3619
f 3548 3549 3620
f 3549 3621 3620
f 3549 3550 3621
f 3550 3622 3621
f 3550 3551 3622
f 3551 3623 3622
f 3551 3552 3623
f 3552 3624 3623
f 3552 3553 3624
f 3553 3625 3624
f 3553 3554 3625
f 3554 3626 3625
f 3554 3555 3626
f 3555 3627 3626
f 3555 3556 3627
f 3556 3628 3627
f 3556 3557 3628
f 3557 3629 3628
f 3557 3558 3629
f 3558 3630 3629
f 3558 3559 3630
f 3559 3631 3630
f 3559 3560 3631
f 3560 3632 3631
f 3560 3561 3632
f 3561 3633 3632
f 3561 3562 3633
f 3562 3634 3633
f 3562 3563 3634
f 3563 3635 3634
f 3563 3564 3635
f 3564 3636 3635
f 3564 3565 3636
f 3565 3637 3636
f 3565 3566 3637
f 3566 3638 3637
f 3566 3567 3638
f 3567 3639 3638
f 3567 3568 3639
f 3568 3640 3639
f 3568 3569 3640
f 3569 3641 3640
f 3569 3570 3641
f 3570 3642 3641
f 3570 3571 3642
f 3571 3643 3642
f 3571 3572 3643
f 3572 3644 3643
f 3572 3573 3644
f 3573 3645 3644
f 3573 3574 3645
f 3574 3646 3645
f 3574 3575 3646
f 3575 3647 3646
f 3575 3576 3647
f 3576 3648 3647
f 3576 3577 3648
f 3577 3649 3648
f 3577 3578 3649
f 3578 3650 3649
f 3578 3579 3650
f 3579 3651 3650
f 3579 3580 3651
f 3580 3652 3651
f 3580 3581 3652
f 3581 3653 3652
f 3581 3582 3653
f 3582 3654 3653
f 3582 3583 3654
f 3583 3655 3654
f 3583 3584 3655
f 3584 3656 3655
f 3584 3585 3656
f 3585 3657 3656
f 3585 3586 3657
f 3586 3658 3657
f 3586 3587 3658
f 3587 3659 3658
f 3587 3588 3659
f 3588 3660 3659
f 3588 3589 3660
f 3589 3661 3660
f 3589 3590 3661
f 3590 3662 3661
f 3590 3591 3662
f 3591 3663 3662
f 3591 3592 3663
f 3592 3664 3663
f 3592 3593 3664
f 3593 3665 3664
f 3593 3594 3665
f 3594 3666 3665
f 3594 3595 3666
f 3595 3667 3666
f 3595 3596 3667
f 3596 3668 3667
f 3596 3597 3668
f 3597 3669 3668
f 3597 3598 3669
f 3598 3670 3669
f 3598 3599 3670
f 3599 3671 3670
f 3599 3600 3671
f 3600 3672 3671
f 3600 3529 3672
f 3529 3601 3672
f 3601 3602 3673
f 3602 3674 3673
f 3602 3603 3674
f 3603 3675 3674
f 3603 3604 3675
f 3604 3676 3675
f 3604 3605 3676
f 3605 3677 3676
f 3605 3606 3677
f 3606 3678 3677
f 3606 3607 3678
f 3607 3679 3678
f 3607 3608 3679
f 3608 3680 3679
f 3608 3609 3680
f 3609 3681 3680
f 3609 3610 3681
f 3610 3682 3681
f 3610 3611 3682
f 3611 3683 3682
f 3611 3612 3683
f 3612 3684 3683
f 3612 3613 3684
f 3613 3685 3684
f 3613 3614 3685
f 3614 3686 3685
f 3614 3615 3686
f 3615 3687 3686
f 3615 3616 3687
f 3616 3688 3687
f 3616 3617 3688
f 3617 3689 3688
f 3617 3618 3689
f 3618 3690 3689
f 3618 3619 3690
f 3619 3691 3690
f 3619 3620 3691
f 3620 3692 3691
f 3620 3621 3692
f 3621 3693 3692
f 3621 3622 3693
f 3622 3694 3693
f 3622 3623 3694
f 3623 3695 3694
f 3623 3624 3695
f 3624 3696 3695
f 3624 3625 3696
f 3625 3697 3696
f 3625 3626 3697
f 3626 3698 3697
f 3626 3627 3698
f 3627 3699 3698
f 3627 3628 3699
f 3628 3700 3699
f 3628 3629 3700
f 3629 3701 3700
f 3629 3630 3701
f 3630 3702 3701
f 3630 3631 3702
f 3631 3703 3702
f 3631 3632 3703
f 3632 3704 3703
f 3632 3633 3704
f 3633 3705 3704
f 3633 3634 3705
f 3634 3706 3705
f 3634 3635 3706
f 3635 3707 3706
f 3635 3636 3707
f 3636 3708 3707
f 3636 3637 3708
f 3637 3709 3708
f 3637 3638 3709
f 3638 3710 3709
f 3638 3639 3710
f 3639 3711 3710
f 3639 3640 3711
f 3640 3712 3711
f 3640 3641 3712
f 3641 3713 3712
f 3641 3642 3713
f 3642 3714 3713
f 3642 3643 3714
f 3643 3715 3714
f 3643 3644 3715
f 3644 3716 3715
f 3644 3645 3716
f 3645 3717 3716
f 3645 3646 3717
f 3646 3718 3717
f 3646 3647 3718
f 3647 3719 3718
f 3647 3648 3719
f 3648 3720 3719
f 3648 3649 3720
f 3649 3721 3720
f 3649 3650 3721
f 3650 3722 3721
f 3650 3651 3722
f 3651 3723 3722
f 3651 3652 3723
f 3652 3724 3723
f 3652 3653 3724
f 3653 3725 3724
f 3653 3654 3725
f 3654 3726 3725
f 3654 3655 3726
f 3655 3727 3726
f 3655 3656 3727
f 3656 3728 3727
f 3656 3657 3728
f 3657 3729 3728
f 3657 3658 3729
f 3658 3730 3729
f 3658 3659 3730
f 3659 3731 3730
f 3659 3660 3731
f 3660 3732 3731
f 3660 3661 3732
f 3661 3733 3732
f 3661 3662 3733
f 3662 3734 3733
f 3662 3663 3734
f 3663 3735 3734
f 3663 3664 3735
f 3664 3736 3735
f 3664 3665 3736
f 3665 3737 3736
f 3665 3666 3737
f 3666 3738 3737
f 3666 3667 3738
f 3667 3739 3738
f 3667 3668 3739
f 3668 3740 3739
f 3668 3669 3740
f 3669 3741 3740
f 3669 3670 3741
f 3670 3742 3741
f 3670 3671 3742
f 3671 3743 3742
f 3671 3672 3743
f 3672 3744 3743
f 3672 3601 3744
f 3601 3673 3744
f 3673 3674 3745
f 3674 3746 3745
f 3674 3675 3746
f 3675 3747 3746
f 3675 3676 3747
f 3676 3748 3747
f 3676 3677 3748
f 3677 3749 3748
f 3677 3678 3749
f 3678 3750 3749
f 3678 3679 3750
f 3679 3751 3750
f 3679 3680 3751
f 3680 3752 3751
f 3680 3681 3752
f 3681 3753 3752
f 3681 3682 3753
f 3682 3754 3753
f 3682 3683 3754
f 3683 3755 3754
f 3683 3684 3755
f 3684 3756 3755
f 3684 3685 3756
f 3685 3757 3756
f 3685 3686 3757
f 3686 3758 3757
f 3686 3687 3758
f 3687 3759 3758
f 3687 3688 3759
f 3688 3760 3759
f 3688 3689 3760
f 3689 3761 3760
f 3689 3690 3761
f 3690 3762 3761
f 3690 3691 3762
f 3691 3763 3762
f 3691 3692 3763
f 3692 3764 3763
f 3692 3693 3764
f 3693 3765 3764
f 3693 3694 3765
f 3694 3766 3765
f 3694 3695 3766
f 3695 3767 3766
f 3695 3696 3767
f 3696 3768 3767
f 3696 3697 3768
f 3697 3769 3768
f 3697 3698 3769
f 3698 3770 3769
f 3698 3699 3770
f 3699 3771 3770
f 3699 3700 3771
f 3700 3772 3771
f 3700 3701 3772
f 3701 3773 3772
f 3701 3702 3773
f 3702 3774 3773
f 3702 3703 3774
f 3703 3775 3774
f 3703 3704 3775
f 3704 3776 3775
f 3704 3705 3776
f 3705 3777 3776
f 3705 3706 3777
f 3706 3778 3777
f 3706 3707 3778
f 3707 3779 3778
f 3707 3708 3779
f 3708 3780 3779
f 3708 3709 3780
f 3709 3781 3780
f 3709 3710 3781
f 3710 3782 3781
f 3710 3711 3782
f 3711 3783 3782
f 3711 3712 3783
f 3712 3784 3783
f 3712 3713 3784
f 3713 3785 3784
f 3713 3714 3785
f 3714 3786 3785
f 3714 3715 3786
f 3715 3787 3786
f 3715 3716 3787
f 3716 3788 3787
f 3716 3717 3788
f 3717 3789 3788
f 3717 3718 3789
f 3718 3790 3789
f 3718 3719 3790
f 3719 3791 3790
f 3719 3720 3791
f 3720 3792 3791
f 3720 3721 3792
f 3721 3793 3792
f 3721 3722 3793
f 3722 3794 3793
f 3722 3723 3794
f 3723 3795 3794
f 3723 3724 3795
f 3724 3796 3795
f 3724 3725 3796
f 3725 3797 3796
f 3725 3726 3797
f 3726 3798 3797
f 3726 3727 3798
f 3727 3799 3798
f 3727 3728 3799
f 3728 3800 3799
f 3728 3729 3800
f 3729 3801 3800
f 3729 3730 3801
f 3730 3802 3801
f 3730 3731 3802
f 3731 3803 3802
f 3731 3732 3803
f 3732 3804 3803
f 3732 3733 3804
f 3733 3805 3804
f 3733 3734 3805
f 3734 3806 3805
f 3734 3735 3806
f 3735 3807 3806
f 3735 3736 3807
f 3736 3808 3807
f 3736 3737 3808
f 3737 3809 3808
f 3737 3738 3809
f 3738 3810 3809
f 3738 3739 3810
f 3739 3811 3810
f 3739 3740 3811
f 3740 3812 3811
f 3740 3741 3812
f 3741 3813 3812
f 3741 3742 3813
f 3742 3814 3813
f 3742 3743 3814
f 3743 3815 3814
f 3743 3744 3815
f 3744 3816 3815
f 3744 3673 3816
f 3673 3745 3816
f 3745 3746 3817
f 3746 3818 3817
f 3746 3747 3818
f 3747 3819 3818
f 3747 3748 3819
f 3748 3820 3819
f 3748 3749 3820
f 3749 3821 3820
f 3749 3750 3821
f 3750 3822 3821
f 3750 3751 3822
f 3751 3823 3822
f 3751 3752 3823
f 3752 3824 3823
f 3752 3753 3824
f 3753 3825 3824
f 3753 3754 3825
f 3754 3826 3825
f 3754 3755 3826
f 3755 3827 3826
f 3755 3756 3827
f 3756 3828 3827
f 3756 3757 3828
f 3757 3829 3828
f 3757 3758 3829
f 3758 3830 3829
f 3758 3759 3830
f 3759 3831 3830
f 3759 3760 3831
f 3760 3832 3831
f 3760 3761 3832
f 3761 3833 3832
f 3761 3762 3833
f 3762 3834 3833
f 3762 3763 3834
f 3763 3835 3834
f 3763 3764 3835
f 3764 3836 3835
f 3764 3765 3836
f 3765 3837 3836
f 3765 3766 3837
f 3766 3838 3837
f 3766 3767 3838
f 3767 3839 3838
f 3767 3768 3839
f 3768 3840 3839
f 3768 3769 3840
f 3769 3841 3840
f 3769 3770 3841
f 3770 3842 3841
f 3770 3771 3842
f 3771 3843 3842
f 3771 3772 3843
f 3772 3844 3843
f 3772 3773 3844
f 3773 3845 3844
f 3773 3774 3845
f 3774 3846 3845
f 3774 3775 3846
f 3775 3847 3846
f 3775 3776 3847
f 3776 3848 3847
f 3776 3777 3848
f 3777 3849 3848
f 3777 3778 3849
f 3778 3850 3849
f 3778 3779 3850
f 3779 3851 3850
f 3779 3780 3851
f 3780 3852 3851
f 3780 3781 3852
f 3781 3853 3852
f 3781 3782 3853
f 3782 3854 3853
f 3782 3783 3854
f 3783 3855 3854
f 3783 3784 3855
f 3784 3856 3855
f 3784 3785 3856
f 3785 3857 3856
f 3785 3786 3857
f 3786 3858 3857
f 3786 3787 3858
f 3787 3859 3858
f 3787 3788 3859
f 3788 3860 3859
f 3788 3789 3860
f 3789 3861 3860
f 3789 3790 3861
f 3790 3862 3861
f 3790 3791 3862
f 3791 3863 3862
f 3791 3792 3863
f 3792 3864 3863
f 3792 3793 3864
f 3793 3865 3864
f 3793 3794 3865
f 3794 3866 3865
f 3794 3795 3866
f 3795 3867 3866
f 3795 3796 3867
f 3796 3868 3867
f 3796 3797 3868
f 3797 3869 3868
f 3797 3798 3869
f 3798 3870 3869
f 3798 3799 3870
f 3799 3871 3870
f 3799 3800 3871
f 3800 3872 3871
f 3800 3801 3872
f 3801 3873 3872
f 3801 3802 3873
f 3802 3874 3873
f 3802 3803 3874
f 3803 3875 3874
f 3803 3804 3875
f 3804 3876 3875
f 3804 3805 3876
f 3805 3877 3876
f 3805 3806 3877
f 3806 3878 3877
f 3806 3807 3878
f 3807 3879 3878
f 3807 3808 3879
f 3808 3880 3879
f 3808 3809 3880
f 3809 3881 3880
f 3809 3810 3881
f 3810 3882 3881
f 3810 3811 3882
f 3811 3883 3882
f 3811 3812 3883
f 3812 3884 3883
f 3812 3813 3884
f 3813 3885 3884
f 3813 3814 3885
f 3814 3886 3885
f 3814 3815 3886
f 3815 3887 3886
f 3815 3816 3887
f 3816 3888 3887
f 3816 3745 3888
f 3745 3817 3888
f 3817 3818 3889
f 3818 3890 3889
f 3818 3819 3890
f 3819 3891 3890
f 3819 3820 3891
f 3820 3892 3891
f 3820 3821 3892
f 3821 3893 3892
f 3821 3822 3893
f 3822 3894 3893
f 3822 3823 3894
f 3823 3895 3894
f 3823 3824 3895
f 3824 3896 3895
f 3824 3825 3896
f 3825 3897 3896
f 3825 3826 3897
f 3826 3898 3897
f 3826 3827 3898
f 3827 3899 3898
f 3827 3828 3899
f 3828 3900 3899
f 3828 3829 3900
f 3829 3901 3900
f 3829 3830 3901
f 3830 3902 3901
f 3830 3831 3902
f 3831 3903 3902
f 3831 3832 3903
f 3832 3904 3903
f 3832 3833 3904
f 3833 3905 3904
f 3833 3834 3905
f 3834 3906 3905
f 3834 3835 3906
f 3835 3907 3906
f 3835 3836 3907
f 3836 3908 3907
f 3836 3837 3908
f 3837 3909 3908
f 3837 3838 3909
f 3838 3910 3909
f 3838 3839 3910
f 3839 3911 3910
f 3839 3840 3911
f 3840 3912 3911
f 3840 3841 3912
f 3841 3913 3912
f 3841 3842 3913
f 3842 3914 3913
f 3842 3843 3914
f 3843 3915 3914
f 3843 3844 3915
f 3844 3916 3915
f 3844 3845 3916
f 3845 3917 3916
f 3845 3846 3917
f 3846 3918 3917
f 3846 3847 3918
f 3847 3919 3918
f 3847 3848 3919
f 3848 3920 3919
f 3848 3849 3920
f 3849 3921 3920
f 3849 3850 3921
f 3850 3922 3921
f 3850 3851 3922
f 3851 3923 3922
f 3851 3852 3923
f 3852 3924 3923
f 3852 3853 3924
f 3853 3925 3924
f 3853 3854 3925
f 3854 3926 3925
f 3854 3855 3926
f 3855 3927 3926
f 3855 3856 3927
f 3856 3928 3927
f 3856 3857 3928
f 3857 3929 3928
f 3857 3858 3929
f 3858 3930 3929
f 3858 3859 3930
f 3859 3931 3930
f 3859 3860 3931
f 3860 3932 3931
f 3860 3861 3932
f 3861 3933 3932
f 3861 3862 3933
f 3862 3934 3933
f 3862 3863 3934
f 3863 3935 3934
f 3863 3864 3935
f 3864 3936 3935
f 3864 3865 3936
f 3865 3937 3936
f 3865 3866 3937
f 3866 3938 3937
f 3866 3867 3938
f 3867 3939 3938
f 3867 3868 3939
f 3868 3940 3939
f 3868 3869 3940
f 3869 3941 3940
f 3869 3870 3941
f 3870 3942 3941
f 3870 3871 3942
f 3871 3943 3942
f 3871 3872 3943
f 3872 3944 3943
f 3872 3873 3944
f 3873 3945 3944
f 3873 3874 3945
f 3874 3946 3945
f 3874 3875 3946
f 3875 3947 3946
f 3875 3876 3947
f 3876 3948 3947
f 3876 3877 3948
f 3877 3949 3948
f 3877 3878 3949
f 3878 3950 3949
f 3878 3879 3950
f 3879 3951 3950
f 3879 3880 3951
f 3880 3952 3951
f 3880 3881 3952
f 3881 3953 3952
f 3881 3882 3953
f 3882 3954 3953
f 3882 3883 3954
f 3883 3955 3954
f 3883 3884 3955
f 3884 3956 3955
f 3884 3885 3956
f 3885 3957 3956
f 3885 3886 3957
f 3886 3958 3957
f 3886 3887 3958
f 3887 3959 3958
f 3887 3888 3959
f 3888 3960 3959
f 3888 3817 3960
f 3817 3889 3960
f 3889 3890 3961
f 3890 3962 3961
f 3890 3891 3962
f 3891 3963 3962
f 3891 3892 3963
f 3892 3964 3963
f 3892 3893 3964
f 3893 3965 3964
f 3893 3894 3965
f 3894 3966 3965
f 3894 3895 3966
f 3895 3967 3966
f 3895 3896 3967
f 3896 3968 3967
f 3896 3897 3968
f 3897 3969 3968
f 3897 3898 3969
f 3898 3970 3969
f 3898 3899 3970
f 3899 3971 3970
f 3899 3900 3971
f 3900 3972 3971
f 3900 3901 3972
f 3901 3973 3972
f 3901 3902 3973
f 3902 3974 3973
f 3902 3903 3974
f 3903 3975 3974
f 3903 3904 3975
f 3904 3976 3975
f 3904 3905 3976
f 3905 3977 3976
f 3905 3906 3977
f 3906 3978 3977
f 3906 3907 3978
f 3907 3979 3978
f 3907 3908 3979
f 3908 3980 3979
f 3908 3909 3980
f 3909 3981 3980
f 3909 3910 3981
f 3910 3982 3981
f 3910 3911 3982
f 3911 3983 3982
f 3911 3912 3983
f 3912 3984 3983
f 3912 3913 3984
f 3913 3985 3984
f 3913 3914 3985
f 3914 3986 3985
f 3914 3915 3986
f 3915 3987 3986
f 3915 3916 3987
f 3916 3988 3987
f 3916 3917 3988
f 3917 3989 3988
f 3917 3918 3989
f 3918 3990 3989
f 3918 3919 3990
f 3919 3991 3990
f 3919 3920 3991
f 3920 3992 3991
f 3920 3921 3992
f 3921 3993 3992
f 3921 3922 3993
f 3922 3994 3993
f 3922 3923 3994
f 3923 3995 3994
f 3923 3924 3995
f 3924 3996 3995
f 3924 3925 3996
f 3925 3997 3996
f 3925 3926 3997
f 3926 3998 3997
f 3926 3927 3998
f 3927 3999 3998
f 3927 3928 3999
f 3928 4000 3999
f 3928 3929 4000
f 3929 4001 4000
f 3929 3930 4001
f 3930 4002 4001
f 3930 3931 4002
f 3931 4003 4002
f 3931 3932 4003
f 3932 4004 4003
f 3932 3933 4004
f 3933 4005 4004
f 3933 3934 4005
f 3934 4006 4005
f 3934 3935 4006
f 3935 4007 4006
f 3935 3936 4007
f 3936 4008 4007
f 3936 3937 4008
f 3937 4009 4008
f 3937 3938 4009
f 3938 4010 4009
f 3938 3939 4010
f 3939 4011 4010
f 3939 3940 4011
f 3940 4012 4011
f 3940 3941 4012
f 3941 4013 4012
f 3941 3942 4013
f 3942 4014 4013
f 3942 3943 4014
f 3943 4015 4014
f 3943 3944 4015
f 3944 4016 4015
f 3944 3945 4016
f 3945 4017 4016
f 3945 3946 4017
f 3946 4018 4017
f 3946 3947 4018
f 3947 4019 4018
f 3947 3948 4019
f 3948 4020 4019
f 3948 3949 4020
f 3949 4021 4020
f 3949 3950 4021
f 3950 4022 4021
f 3950 3951 4022
f 3951 4023 4022
f 3951 3952 4023
f 3952 4024 4023
f 3952 3953 4024
f 3953 4025 4024
f 3953 3954 4025
f 3954 4026 4025
f 3954 3955 4026
f 3955 4027 4026
f 3955 3956 4027
f 3956 4028 4027
f 3956 3957 4028
f 3957 4029 4028
f 3957 3958 4029
f 3958 4030 4029
f 3958 3959 4030
f 3959 4031 4030
f 3959 3960 4031
f 3960 4032 4031
f 3960 3889 4032
f 3889 3961 4032
f 3961 3962 4033
f 3962 4034 4033
f 3962 3963 4034
f 3963 4035 4034
f 3963 3964 4035
f 3964 4036 4035
f 3964 3965 4036
f 3965 4037 4036
f 3965 3966 4037
f 3966 4038 4037
f 3966 3967 4038
f 3967 4039 4038
f 3967 3968 4039
f 3968 4040 4039
f 3968 3969 4040
f 3969 4041 4040
f 3969 3970 4041
f 3970 4042 4041
f 3970 3971 4042
f 3971 4043 4042
f 3971 3972 4043
f 3972 4044 4043
f 3972 3973 4044
f 3973 4045 4044
f 3973 3974 4045
f 3974 4046 4045
f 3974 3975 4046
f 3975 4047 4046
f 3975 3976 4047
f 3976 4048 4047
f 3976 3977 4048
f 3977 4049 4048
f 3977 3978 4049
f 3978 4050 4049
f 3978 3979 4050
f 3979 4051 4050
f 3979 3980 4051
f 3980 4052 4051
f 3980 3981 4052
f 3981 4053 4052
f 3981 3982 4053
f 3982 4054 4053
f 3982 3983 4054
f 3983 4055 4054
f 3983 3984 4055
f 3984 4056 4055
f 3984 3985 4056
f 3985 4057 4056
f 3985 3986 4057
f 3986 4058 4057
f 3986 3987 4058
f 3987 4059 4058
f 3987 3988 4059
f 3988 4060 4059
f 3988 3989 4060
f 3989 4061 4060
f 3989 3990 4061
f 3990 4062 4061
f 3990 3991 4062
f 3991 4063 4062
f 3991 3992 4063
f 3992 4064 4063
f 3992 3993 4064
f 3993 4065 4064
f 3993 3994 4065
f 3994 4066 4065
f 3994 3995 4066
f 3995 4067 4066
f 3995 3996 4067
f 3996 4068 4067
f 3996 3997 4068
f 3997 4069 4068
f 3997 3998 4069
f 3998 4070 4069
f 3998 3999 4070
f 3999 4071 4070
f 3999 4000 4071
f 4000 4072 4071
f 4000 4001 4072
f 4001 4073 4072
f 4001 4002 4073
f 4002 4074 4073
f 4002 4003 4074
f 4003 4075 4074
f 4003 4004 4075
f 4004 4076 4075
f 4004 4005 4076
f 4005 4077 4076
f 4005 4006 4077
f 4006 4078 4077
f 4006 4007 4078
f 4007 4079 4078
f 4007 4008 4079
f 4008 4080 4079
f 4008 4009 4080
f 4009 4081 4080
f 4009 4010 4081
f 4010 4082 4081
f 4010 4011 4082
f 4011 4083 4082
f 4011 4012 4083
f 4012 4084 4083
f 4012 4013 4084
f 4013 4085 4084
f 4013 4014 4085
f 4014 4086 4085
f 4014 4015 4086
f 4015 4087 4086
f 4015 4016 4087
f 4016 4088 4087
f 4016 4017 4088
f 4017 4089 4088
f 4017 4018 4089
f 4018 4090 4089
f 4018 4019 4090
f 4019 4091 4090
f 4019 4020 4091
f 4020 4092 4091
f 4020 4021 4092
f 4021 4093 4092
f 4021 4022 4093
f 4022 4094 4093
f 4022 4023 4094
f 4023 4095 4094
f 4023 4024 4095
f 4024 4096 4095
f 4024 4025 4096
f 4025 4097 4096
f 4025 4026 4097
f 4026 4098 4097
f 4026 4027 4098
f 4027 4099 4098
f 4027 4028 4099
f 4028 4100 4099
f 4028 4029 4100
f 4029 4101 4100
f 4029 4030 4101
f 4030 4102 4101
f 4030 4031 4102
f 4031 4103 4102
f 4031 4032 4103
f 4032 4104 4103
f 4032 3961 4104
f 3961 4033 4104
f 4033 4034 4105
f 4034 4106 4105
f 4034 4035 4106
f 4035 4107 4106
f 4035 4036 4107
f 4036 4108 4107
f 4036 4037 4108
f 4037 4109 4108
f 4037 4038 4109
f 4038 4110 4109
f 4038 4039 4110
f 4039 4111 4110
f 4039 4040 4111
f 4040 4112 4111
f 4040 4041 4112
f 4041 4113 4112
f 4041 4042 4113
f 4042 4114 4113
f 4042 4043 4114
f 4043 4115 4114
f 4043 4044 4115
f 4044 4116 4115
f 4044 4045 4116
f 4045 4117 4116
f 4045 4046 4117
f 4046 4118 4117
f 4046 4047 4118
f 4047 4119 4118
f 4047 4048 4119
f 4048 4120 4119
f 4048 4049 4120
f 4049 4121 4120
f 4049 4050 4121
f 4050 4122 4121
f 4050 4051 4122
f 4051 4123 4122
f 4051 4052 4123
f 4052 4124 4123
f 4052 4053 4124
f 4053 4125 4124
f 4053 4054 4125
f 4054 4126 4125
f 4054 4055 4126
f 4055 4127 4126
f 4055 4056 4127
f 4056 4128 4127
f 4056 4057 4128
f 4057 4129 4128
f 4057 4058 4129
f 4058 4130 4129
f 4058 4059 4130
f 4059 4131 4130
f 4059 4060 4131
f 4060 4132 4131
f 4060 4061 4132
f 4061 4133 4132
f 4061 4062 4133
f 4062 4134 4133
f 4062 4063 4134
f 4063 4135 4134
f 4063 4064 4135
f 4064 4136 4135
f 4064 4065 4136
f 4065 4137 4136
f 4065 4066 4137
f 4066 4138 4137
f 4066 4067 4138
f 4067 4139 4138
f 4067 4068 4139
f 4068 4140 4139
f 4068 4069 4140
f 4069 4141 4140
f 4069 4070 4141
f 4070 4142 4141
f 4070 4071 4142
f 4071 4143 4142
f 4071 4072 4143
f 4072 4144 4143
f 4072 4073 4144
f 4073 4145 4144
f 4073 4074 4145
f 4074 4146 4145
f 4074 4075 4146
f 4075 4147 4146
f 4075 4076 4147
f 4076 4148 4147
f 4076 4077 4148
f 4077 4149 4148
f 4077 4078 4149
f 4078 4150 4149
f 4078 4079 4150
f 4079 4151 4150
f 4079 4080 4151
f 4080 4152 4151
f 4080 4081 4152
f 4081 4153 4152
f 4081 4082 4153
f 4082 4154 4153
f 4082 4083 4154
f 4083 4155 4154
f 4083 4084 4155
f 4084 4156 4155
f 4084 4085 4156
f 4085 4157 4156
f 4085 4086 4157
f 4086 4158 4157
f 4086 4087 4158
f 4087 4159 4158
f 4087 4088 4159
f 4088 4160 4159
f 4088 4089 4160
f 4089 4161 4160
f 4089 4090 4161
f 4090 4162 4161
f 4090 4091 4162
f 4091 4163 4162
f 4091 4092 4163
f 4092 4164 4163
f 4092 4093 4164
f 4093 4165 4164
f 4093 4094 4165
f 4094 4166 4165
f 4094 4095 4166
f 4095 4167 4166
f 4095 4096 4167
f 4096 4168 4167
f 4096 4097 4168
f 4097 4169 4168
f 4097 4098 4169
f 4098 4170 4169
f 4098 4099 4170
f 4099 4171 4170
f 4099 4100 4171
f 4100 4172 4171
f 4100 4101 4172
f 4101 4173 4172
f 4101 4102 4173
f 4102 4174 4173
f 4102 4103 4174
f 4103 4175 4174
f 4103 4104 4175
f 4104 4176 4175
f 4104 4033 4176
f 4033 4105 4176
f 4105 4106 4177
f 4106 4178 4177
f 4106 4107 4178
f 4107 4179 4178
f 4107 4108 4179
f 4108 4180 4179
f 4108 4109 4180
f 4109 4181 4180
f 4109 4110 4181
f 4110 4182 4181
f 4110 4111 4182
f 4111 4183 4182
f 4111 4112 4183
f 4112 4184 4183
f 4112 4113 4184
f 4113 4185 4184
f 4113 4114 4185
f 4114 4186 4185
f 4114 4115 4186
f 4115 4187 4186
f 4115 4116 4187
f 4116 4188 4187
f 4116 4117 4188
f 4117 4189 4188
f 4117 4118 4189
f 4118 4190 4189
f 4118 4119 4190
f 4119 4191 4190
f 4119 4120 4191
f 4120 4192 4191
f 4120 4121 4192
f 4121 4193 4192
f 4121 4122 4193
f 4122 4194 4193
f 4122 4123 4194
f 4123 4195 4194
f 4123 4124 4195
f 4124 4196 4195
f 4124 4125 4196
f 4125 4197 4196
f 4125 4126 4197
f 4126 4198 4197
f 4126 4127 4198
f 4127 4199 4198
f 4127 4128 4199
f 4128 4200 4199
f 4128 4129 4200
f 4129 4201 4200
f 4129 4130 4201
f 4130 4202 4201
f 4130 4131 4202
f 4131 4203 4202
f 4131 4132 4203
f 4132 4204 4203
f 4132 4133 4204
f 4133 4205 4204
f 4133 4134 4205
f 4134 4206 4205
f 4134 4135 4206
f 4135 4207 4206
f 4135 4136 4207
f 4136 4208 4207
f 4136 4137 4208
f 4137 4209 4208
f 4137 4138 4209
f 4138 4210 4209
f 4138 4139 4210
f 4139 4211 4210
f 4139 4140 4211
f 4140 4212 4211
f 4140 4141 4212
f 4141 4213 4212
f 4141 4142 4213
f 4142 4214 4213
f 4142 4143 4214
f 4143 4215 4214
f 4143 4144 4215
f 4144 4216 4215
f 4144 4145 4216
f 4145 4217 4216
f 4145 4146 4217
f 4146 4218 4217
f 4146 4147 4218
f 4147 4219 4218
f 4147 4148 4219
f 4148 4220 4219
f 4148 4149 4220
f 4149 4221 4220
f 4149 4150 4221
f 4150 4222 4221
f 4150 4151 4222
f 4151 4223 4222
f 4151 4152 4223
f 4152 4224 4223
f 4152 4153 4224
f 4153 4225 4224
f 4153 4154 4225
f 4154 4226 4225
f 4154 4155 4226
f 4155 4227 4226
f 4155 4156 4227
f 4156 4228 4227
f 4156 4157 4228
f 4157 4229 4228
f 4157 4158 4229
f 4158 4230 4229
f 4158 4159 4230
f 4159 4231 4230
f 4159 4160 4231
f 4160 4232 4231
f 4160 4161 4232
f 4161 4233 4232
f 4161 4162 4233
f 4162 4234 4233
f 4162 4163 4234
f 4163 4235 4234
f 4163 4164 4235
f 4164 4236 4235
f 4164 4165 4236
f 4165 4237 4236
f 4165 4166 4237
f 4166 4238 4237
f 4166 4167 4238
f 4167 4239 4238
f 4167 4168 4239
f 4168 4240 4239
f 4168 4169 4240
f 4169 4241 4240
f 4169 4170 4241
f 4170 4242 4241
f 4170 4171 4242
f 4171 4243 4242
f 4171 4172 4243
f 4172 4244 4243
f 4172 4173 4244
f 4173 4245 4244
f 4173 4174 4245
f 4174 4246 4245
f 4174 4175 4246
f 4175 4247 4246
f 4175 4176 4247
f 4176 4248 4247
f 4176 4105 4248
f 4105 4177 4248
f 4177 4178 4249
f 4178 4250 4249
f 4178 4179 4250
f 4179 4251 4250
f 4179 4180 4251
f 4180 4252 4251
f 4180 4181 4252
f 4181 4253 4252
f 4181 4182 4253
f 4182 4254 4253
f 4182 4183 4254
f 4183 4255 4254
f 4183 4184 4255
f 4184 4256 4255
f 4184 4185 4256
f 4185 4257 4256
f 4185 4186 4257
f 4186 4258 4257
f 4186 4187 4258
f 4187 4259 4258
f 4187 4188 4259
f 4188 4260 4259
f 4188 4189 4260
f 4189 4261 4260
f 4189 4190 4261
f 4190 4262 4261
f 4190 4191 4262
f 4191 4263 4262
f 4191 4192 4263
f 4192 4264 4263
f 4192 4193 4264
f 4193 4265 4264
f 4193 4194 4265
f 4194 4266 4265
f 4194 4195 4266
f 4195 4267 4266
f 4195 4196 4267
f 4196 4268 4267
f 4196 4197 4268
f 4197 4269 4268
f 4197 4198 4269
f 4198 4270 4269
f 4198 4199 4270
f 4199 4271 4270
f 4199 4200 4271
f 4200 4272 4271
f 4200 4201 4272
f 4201 4273 4272
f 4201 4202 4273
f 4202 4274 4273
f 4202 4203 4274
f 4203 4275 4274
f 4203 4204 4275
f 4204 4276 4275
f 4204 4205 4276
f 4205 4277 4276
f 4205 4206 4277
f 4206 4278 4277
f 4206 4207 4278
f 4207 4279 4278
f 4207 4208 4279
f 4208 4280 4279
f 4208 4209 4280
f 4209 4281 4280
f 4209 4210 4281
f 4210 4282 4281
f 4210 4211 4282
f 4211 4283 4282
f 4211 4212 4283
f 4212 4284 4283
f 4212 4213 4284
f 4213 4285 4284
f 4213 4214 4285
f 4214 4286 4285
f 4214 4215 4286
f 4215 4287 4286
f 4215 4216 4287
f 4216 4288 4287
f 4216 4217 4288
f 4217 4289 4288
f 4217 4218 4289
f 4218 4290 4289
f 4218 4219 4290
f 4219 4291 4290
f 4219 4220 4291
f 4220 4292 4291
f 4220 4221 4292
f 4221 4293 4292
f 4221 4222 4293
f 4222 4294 4293
f 4222 4223 4294
f 4223 4295 4294
f 4223 4224 4295
f 4224 4296 4295
f 4224 4225 4296
f 4225 4297 4296
f 4225 4226 4297
f 4226 4298 4297
f 4226 4227 4298
f 4227 4299 4298
f 4227 4228 4299
f 4228 4300 4299
f 4228 4229 4300
f 4229 4301 4300
f 4229 4230 4301
f 4230 4302 4301
f 4230 4231 4302
f 4231 4303 4302
f 4231 4232 4303
f 4232 4304 4303
f 4232 4233 4304
f 4233 4305 4304
f 4233 4234 4305
f 4234 4306 4305
f 4234 4235 4306
f 4235 4307 4306
f 4235 4236 4307
f 4236 4308 4307
f 4236 4237 4308
f 4237 4309 4308
f 4237 4238 4309
f 4238 4310 4309
f 4238 4239 4310
f 4239 4311 4310
f 4239 4240 4311
f 4240 4312 4311
f 4240 4241 4312
f 4241 4313 4312
f 4241 4242 4313
f 4242 4314 4313
f 4242 4243 4314
f 4243 4315 4314
f 4243 4244 4315
f 4244 4316 4315
f 4244 4245 4316
f 4245 4317 4316
f 4245 4246 4317
f 4246 4318 4317
f 4246 4247 4318
f 4247 4319 4318
f 4247 4248 4319
f 4248 4320 4319
f 4248 4177 4320
f 4177 4249 4320
f 4249 4250 4321
f 4250 4322 4321
f 4250 4251 4322
f 4251 4323 4322
f 4251 4252 4323
f 4252 4324 4323
f 4252 4253 4324
f 4253 4325 4324
f 4253 4254 4325
f 4254 4326 4325
f 4254 4255 4326
f 4255 4327 4326
f 4255 4256 4327
f 4256 4328 4327
f 4256 4257 4328
f 4257 4329 4328
f 4257 4258 4329
f 4258 4330 4329
f 4258 4259 4330
f 4259 4331 4330
f 4259 4260 4331
f 4260 4332 4331
f 4260 4261 4332
f 4261 4333 4332
f 4261 4262 4333
f 4262 4334 4333
f 4262 4263 4334
f 4263 4335 4334
f 4263 4264 4335
f 4264 4336 4335
f 4264 4265 4336
f 4265 4337 4336
f 4265 4266 4337
f 4266 4338 4337
f 4266 4267 4338
f 4267 4339 4338
f 4267 4268 4339
f 4268 4340 4339
f 4268 4269 4340
f 4269 4341 4340
f 4269 4270 4341
f 4270 4342 4341
f 4270 4271 4342
f 4271 4343 4342
f 4271 4272 4343
f 4272 4344 4343
f 4272 4273 4344
f 4273 4345 4344
f 4273 4274 4345
f 4274 4346 4345
f 4274 4275 4346
f 4275 4347 4346
f 4275 4276 4347
f 4276 4348 4347
f 4276 4277 4348
f 4277 4349 4348
f 4277 4278 4349
f 4278 4350 4349
f 4278 4279 4350
f 4279 4351 4350
f 4279 4280 4351
f 4280 4352 4351
f 4280 4281 4352
f 4281 4353 4352
f 4281 4282 4353
f 4282 4354 4353
f 4282 4283 4354
f 4283 4355 4354
f 4283 4284 4355
f 4284 4356 4355
f 4284 4285 4356
f 4285 4357 4356
f 4285 4286 4357
f 4286 4358 4357
f 4286 4287 4358
f 4287 4359 4358
f 4287 4288 4359
f 4288 4360 4359
f 4288 4289 4360
f 4289 4361 4360
f 4289 4290 4361
f 4290 4362 4361
f 4290 4291 4362
f 4291 4363 4362
f 4291 4292 4363
f 4292 4364 4363
f 4292 4293 4364
f 4293 4365 4364
f 4293 4294 4365
f 4294 4366 4365
f 4294 4295 4366
f 4295 4367 4366
f 4295 4296 4367
f 4296 4368 4367
f 4296 4297 4368
f 4297 4369 4368
f 4297 4298 4369
f 4298 4370 4369
f 4298 4299 4370
f 4299 4371 4370
f 4299 4300 4371
f 4300 4372 4371
f 4300 4301 4372
f 4301 4373 4372
f 4301 4302 4373
f 4302 4374 4373
f 4302 4303 4374
f 4303 4375 4374
f 4303 4304 4375
f 4304 4376 4375
f 4304 4305 4376
f 4305 4377 4376
f 4305 4306 4377
f 4306 4378 4377
f 4306 4307 4378
f 4307 4379 4378
f 4307 4308 4379
f 4308 4380 4379
f 4308 4309 4380
f 4309 4381 4380
f 4309 4310 4381
f 4310 4382 4381
f 4310 4311 4382
f 4311 4383 4382
f 4311 4312 4383
f 4312 4384 4383
f 4312 4313 4384
f 4313 4385 4384
f 4313 4314 4385
f 4314 4386 4385
f 4314 4315 4386
f 4315 4387 4386
f 4315 4316 4387
f 4316 4388 4387
f 4316 4317 4388
f 4317 4389 4388
f 4317 4318 4389
f 4318 4390 4389
f 4318 4319 4390
f 4319 4391 4390
f 4319 4320 4391
f 4320 4392 4391
f 4320 4249 4392
f 4249 4321 4392
f 4321 4322 4393
f 4322 4394 4393
f 4322 4323 4394
f 4323 4395 4394
f 4323 4324 4395
f 4324 4396 4395
f 4324 4325 4396
f 4325 4397 4396
f 4325 4326 4397
f 4326 4398 4397
f 4326 4327 4398
f 4327 4399 4398
f 4327 4328 4399
f 4328 4400 4399
f 4328 4329 4400
f 4329 4401 4400
f 4329 4330 4401
f 4330 4402 4401
f 4330 4331 4402
f 4331 4403 4402
f 4331 4332 4403
f 4332 4404 4403
f 4332 4333 4404
f 4333 4405 4404
f 4333 4334 4405
f 4334 4406 4405
f 4334 4335 4406
f 4335 4407 4406
f 4335 4336 4407
f 4336 4408 4407
f 4336 4337 4408
f 4337 4409 4408
f 4337 4338 4409
f 4338 4410 4409
f 4338 4339 4410
f 4339 4411 4410
f 4339 4340 4411
f 4340 4412 4411
f 4340 4341 4412
f 4341 4413 4412
f 4341 4342 4413
f 4342 4414 4413
f 4342 4343 4414
f 4343 4415 4414
f 4343 4344 4415
f 4344 4416 4415
f 4344 4345 4416
f 4345 4417 4416
f 4345 4346 4417
f 4346 4418 4417
f 4346 4347 4418
f 4347 4419 4418
f 4347 4348 4419
f 4348 4420 4419
f 4348 4349 4420
f 4349 4421 4420
f 4349 4350 4421
f 4350 4422 4421
f 4350 4351 4422
f 4351 4423 4422
f 4351 4352 4423
f 4352 4424 4423
f 4352 4353 4424
f 4353 4425 4424
f 4353 4354 4425
f 4354 4426 4425
f 4354 4355 4426
f 4355 4427 4426
f 4355 4356 4427
f 4356 4428 4427
f 4356 4357 4428
f 4357 4429 4428
f 4357 4358 4429
f 4358 4430 4429
f 4358 4359 4430
f 4359 4431 4430
f 4359 4360 4431
f 4360 4432 4431
f 4360 4361 4432
f 4361 4433 4432
f 4361 4362 4433
f 4362 4434 4433
f 4362 4363 4434
f 4363 4435 4434
f 4363 4364 4435
f 4364 4436 4435
f 4364 4365 4436
f 4365 4437 4436
f 4365 4366 4437
f 4366 4438 4437
f 4366 4367 4438
f 4367 4439 4438
f 4367 4368 4439
f 4368 4440 4439
f 4368 4369 4440
f 4369 4441 4440
f 4369 4370 4441
f 4370 4442 4441
f 4370 4371 4442
f 4371 4443 4442
f 4371 4372 4443
f 4372 4444 4443
f 4372 4373 4444
f 4373 4445 4444
f 4373 4374 4445
f 4374 4446 4445
f 4374 4375 4446
f 4375 4447 4446
f 4375 4376 4447
f 4376 4448 4447
f 4376 4377 4448
f 4377 4449 4448
f 4377 4378 4449
f 4378 4450 4449
f 4378 4379 4450
f 4379 4451 4450
f 4379 4380 4451
f 4380 4452 4451
f 4380 4381 4452
f 4381 4453 4452
f 4381 4382 4453
f 4382 4454 4453
f 4382 4383 4454
f 4383 4455 4454
f 4383 4384 4455
f 4384 4456 4455
f 4384 4385 4456
f 4385 4457 4456
f 4385 4386 4457
f 4386 4458 4457
f 4386 4387 4458
f 4387 4459 4458
f 4387 4388 4459
f 4388 4460 4459
f 4388 4389 4460
f 4389 4461 4460
f 4389 4390 4461
f 4390 4462 4461
f 4390 4391 4462
f 4391 4463 4462
f 4391 4392 4463
f 4392 4464 4463
f 4392 4321 4464
f 4321 4393 4464
f 4393 4394 4465
f 4394 4466 4465
f 4394 4395 4466
f 4395 4467 4466
f 4395 4396 4467
f 4396 4468 4467
f 4396 4397 4468
f 4397 4469 4468
f 4397 4398 4469
f 4398 4470 4469
f 4398 4399 4470
f 4399 4471 4470
f 4399 4400 4471
f 4400 4472 4471
f 4400 4401 4472
f 4401 4473 4472
f 4401 4402 4473
f 4402 4474 4473
f 4402 4403 4474
f 4403 4475 4474
f 4403 4404 4475
f 4404 4476 4475
f 4404 4405 4476
f 4405 4477 4476
f 4405 4406 4477
f 4406 4478 4477
f 4406 4407 4478
f 4407 4479 4478
f 4407 4408 4479
f 4408 4480 4479
f 4408 4409 4480
f 4409 4481 4480
f 4409 4410 4481
f 4410 4482 4481
f 4410 4411 4482
f 4411 4483 4482
f 4411 4412 4483
f 4412 4484 4483
f 4412 4413 4484
f 4413 4485 4484
f 4413 4414 4485
f 4414 4486 4485
f 4414 4415 4486
f 4415 4487 4486
f 4415 4416 4487
f 4416 4488 4487
f 4416 4417 4488
f 4417 4489 4488
f 4417 4418 4489
f 4418 4490 4489
f 4418 4419 4490
f 4419 4491 4490
f 4419 4420 4491
f 4420 4492 4491
f 4420 4421 4492
f 4421 4493 4492
f 4421 4422 4493
f 4422 4494 4493
f 4422 4423 4494
f 4423 4495 4494
f 4423 4424 4495
f 4424 4496 4495
f 4424 4425 4496
f 4425 4497 4496
f 4425 4426 4497
f 4426 4498 4497
f 4426 4427 4498
f 4427 4499 4498
f 4427 4428 4499
f 4428 4500 4499
f 4428 4429 4500
f 4429 4501 4500
f 4429 4430 4501
f 4430 4502 4501
f 4430 4431 4502
f 4431 4503 4502
f 4431 4432 4503
f 4432 4504 4503
f 4432 4433 4504
f 4433 4505 4504
f 4433 4434 4505
f 4434 4506 4505
f 4434 4435 4506
f 4435 4507 4506
f 4435 4436 4507
f 4436 4508 4507
f 4436 4437 4508
f 4437 4509 4508
f 4437 4438 4509
f 4438 4510 4509
f 4438 4439 4510
f 4439 4511 4510
f 4439 4440 4511
f 4440 4512 4511
f 4440 4441 4512
f 4441 4513 4512
f 4441 4442 4513
f 4442 4514 4513
f 4442 4443 4514
f 4443 4515 4514
f 4443 4444 4515
f 4444 4516 4515
f 4444 4445 4516
f 4445 4517 4516
f 4445 4446 4517
f 4446 4518 4517
f 4446 4447 4518
f 4447 4519 4518
f 4447 4448 4519
f 4448 4520 4519
f 4448 4449 4520
f 4449 4521 4520
f 4449 4450 4521
f 4450 4522 4521
f 4450 4451 4522
f 4451 4523 4522
f 4451 4452 4523
f 4452 4524 4523
f 4452 4453 4524
f 4453 4525 4524
f 4453 4454 4525
f 4454 4526 4525
f 4454 4455 4526
f 4455 4527 4526
f 4455 4456 4527
f 4456 4528 4527
f 4456 4457 4528
f 4457 4529 4528
f 4457 4458 4529
f 4458 4530 4529
f 4458 4459 4530
f 4459 4531 4530
f 4459 4460 4531
f 4460 4532 4531
f 4460 4461 4532
f 4461 4533 4532
f 4461 4462 4533
f 4462 4534 4533
f 4462 4463 4534
f 4463 4535 4534
f 4463 4464 4535
f 4464 4536 4535
f 4464 4393 4536
f 4393 4465 4536
f 4465 4466 4537
f 4466 4538 4537
f 4466 4467 4538
f 4467 4539 4538
f 4467 4468 4539
f 4468 4540 4539
f 4468 4469 4540
f 4469 4541 4540
f 4469 4470 4541
f 4470 4542 4541
f 4470 4471 4542
f 4471 4543 4542
f 4471 4472 4543
f 4472 4544 4543
f 4472 4473 4544
f 4473 4545 4544
f 4473 4474 4545
f 4474 4546 4545
f 4474 4475 4546
f 4475 4547 4546
f 4475 4476 4547
f 4476 4548 4547
f 4476 4477 4548
f 4477 4549 4548
f 4477 4478 4549
f 4478 4550 4549
f 4478 4479 4550
f 4479 4551 4550
f 4479 4480 4551
f 4480 4552 4551
f 4480 4481 4552
f 4481 4553 4552
f 4481 4482 4553
f 4482 4554 4553
f 4482 4483 4554
f 4483 4555 4554
f 4483 4484 4555
f 4484 4556 4555
f 4484 4485 4556
f 4485 4557 4556
f 4485 4486 4557
f 4486 4558 4557
f 4486 4487 4558
f 4487 4559 4558
f 4487 4488 4559
f 4488 4560 4559
f 4488 4489 4560
f 4489 4561 4560
f 4489 4490 4561
f 4490 4562 4561
f 4490 4491 4562
f 4491 4563 4562
f 4491 4492 4563
f 4492 4564 4563
f 4492 4493 4564
f 4493 4565 4564
f 4493 4494 4565
f 4494 4566 4565
f 4494 4495 4566
f 4495 4567 4566
f 4495 4496 4567
f 4496 4568 4567
f 4496 4497 4568
f 4497 4569 4568
f 4497 4498 4569
f 4498 4570 4569
f 4498 4499 4570
f 4499 4571 4570
f 4499 4500 4571
f 4500 4572 4571
f 4500 4501 4572
f 4501 4573 4572
f 4501 4502 4573
f 4502 4574 4573
f 4502 4503 4574
f 4503 4575 4574
f 4503 4504 4575
f 4504 4576 4575
f 4504 4505 4576
f 4505 4577 4576
f 4505 4506 4577
f 4506 4578 4577
f 4506 4507 4578
f 4507 4579 4578
f 4507 4508 4579
f 4508 4580 4579
f 4508 4509 4580
f 4509 4581 4580
f 4509 4510 4581
f 4510 4582 4581
f 4510 4511 4582
f 4511 4583 4582
f 4511 4512 4583
f 4512 4584 4583
f 4512 4513 4584
f 4513 4585 4584
f 4513 4514 4585
f 4514 4586 4585
f 4514 4515 4586
f 4515 4587 4586
f 4515 4516 4587
f 4516 4588 4587
f 4516 4517 4588
f 4517 4589 4588
f 4517 4518 4589
f 4518 4590 4589
f 4518 4519 4590
f 4519 4591 4590
f 4519 4520 4591
f 4520 4592 4591
f 4520 4521 4592
f 4521 4593 4592
f 4521 4522 4593
f 4522 4594 4593
f 4522 4523 4594
f 4523 4595 4594
f 4523 4524 4595
f 4524 4596 4595
f 4524 4525 4596
f 4525 4597 4596
f 4525 4526 4597
f 4526 4598 4597
f 4526 4527 4598
f 4527 4599 4598
f 4527 4528 4599
f 4528 4600 4599
f 4528 4529 4600
f 4529 4601 4600
f 4529 4530 4601
f 4530 4602 4601
f 4530 4531 4602
f 4531 4603 4602
f 4531 4532 4603
f 4532 4604 4603
f 4532 4533 4604
f 4533 4605 4604
f 4533 4534 4605
f 4534 4606 4605
f 4534 4535 4606
f 4535 4607 4606
f 4535 4536 4607
f 4536 4608 4607
f 4536 4465 4608
f 4465 4537 4608
f 4537 4538 4609
f 4538 4610 4609
f 4538 4539 4610
f 4539 4611 4610
f 4539 4540 4611
f 4540 4612 4611
f 4540 4541 4612
f 4541 4613 4612
f 4541 4542 4613
f 4542 4614 4613
f 4542 4543 4614
f 4543 4615 4614
f 4543 4544 4615
f 4544 4616 4615
f 4544 4545 4616
f 4545 4617 4616
f 4545 4546 4617
f 4546 4618 4617
f 4546 4547 4618
f 4547 4619 4618
f 4547 4548 4619
f 4548 4620 4619
f 4548 4549 4620
f 4549 4621 4620
f 4549 4550 4621
f 4550 4622 4621
f 4550 4551 4622
f 4551 4623 4622
f 4551 4552 4623
f 4552 4624 4623
f 4552 4553 4624
f 4553 4625 4624
f 4553 4554 4625
f 4554 4626 4625
f 4554 4555 4626
f 4555 4627 4626
f 4555 4556 4627
f 4556 4628 4627
f 4556 4557 4628
f 4557 4629 4628
f 4557 4558 4629
f 4558 4630 4629
f 4558 4559 4630
f 4559 4631 4630
f 4559 4560 4631
f 4560 4632 4631
f 4560 4561 4632
f 4561 4633 4632
f 4561 4562 4633
f 4562 4634 4633
f 4562 4563 4634
f 4563 4635 4634
f 4563 4564 4635
f 4564 4636 4635
f 4564 4565 4636
f 4565 4637 4636
f 4565 4566 4637
f 4566 4638 4637
f 4566 4567 4638
f 4567 4639 4638
f 4567 4568 4639
f 4568 4640 4639
f 4568 4569 4640
f 4569 4641 4640
f 4569 4570 4641
f 4570 4642 4641
f 4570 4571 4642
f 4571 4643 4642
f 4571 4572 4643
f 4572 4644 4643
f 4572 4573 4644
f 4573 4645 4644
f 4573 4574 4645
f 4574 4646 4645
f 4574 4575 4646
f 4575 4647 4646
f 4575 4576 4647
f 4576 4648 4647
f 4576 4577 4648
f 4577 4649 4648
f 4577 4578 4649
f 4578 4650 4649
f 4578 4579 4650
f 4579 4651 4650
f 4579 4580 4651
f 4580 4652 4651
f 4580 4581 4652
f 4581 4653 4652
f 4581 4582 4653
f 4582 4654 4653
f 4582 4583 4654
f 4583 4655 4654
f 4583 4584 4655
f 4584 4656 4655
f 4584 4585 4656
f 4585 4657 4656
f 4585 4586 4657
f 4586 4658 4657
f 4586 4587 4658
f 4587 4659 4658
f 4587 4588 4659
f 4588 4660 4659
f 4588 4589 4660
f 4589 4661 4660
f 4589 4590 4661
f 4590 4662 4661
f 4590 4591 4662
f 4591 4663 4662
f 4591 4592 4663
f 4592 4664 4663
f 4592 4593 4664
f 4593 4665 4664
f 4593 4594 4665
f 4594 4666 4665
f 4594 4595 4666
f 4595 4667 4666
f 4595 4596 4667
f 4596 4668 4667
f 4596 4597 4668
f 4597 4669 4668
f 4597 4598 4669
f 4598 4670 4669
f 4598 4599 4670
f 4599 4671 4670
f 4599 4600 4671
f 4600 4672 4671
f 4600 4601 4672
f 4601 4673 4672
f 4601 4602 4673
f 4602 4674 4673
f 4602 4603 4674
f 4603 4675 4674
f 4603 4604 4675
f 4604 4676 4675
f 4604 4605 4676
f 4605 4677 4676
f 4605 4606 4677
f 4606 4678 4677
f 4606 4607 4678
f 4607 4679 4678
f 4607 4608 4679
f 4608 4680 4679
f 4608 4537 4680
f 4537 4609 4680
f 4609 4610 4681
f 4610 4682 4681
f 4610 4611 4682
f 4611 4683 4682
f 4611 4612 4683
f 4612 4684 4683
f 4612 4613 4684
f 4613 4685 4684
f 4613 4614 4685
f 4614 4686 4685
f 4614 4615 4686
f 4615 4687 4686
f 4615 4616 4687
f 4616 4688 4687
f 4616 4617 4688
f 4617 4689 4688
f 4617 4618 4689
f 4618 4690 4689
f 4618 4619 4690
f 4619 4691 4690
f 4619 4620 4691
f 4620 4692 4691
f 4620 4621 4692
f 4621 4693 4692
f 4621 4622 4693
f 4622 4694 4693
f 4622 4623 4694
f 4623 4695 4694
f 4623 4624 4695
f 4624 4696 4695
f 4624 4625 4696
f 4625 4697 4696
f 4625 4626 4697
f 4626 4698 4697
f 4626 4627 4698
f 4627 4699 4698
f 4627 4628 4699
f 4628 4700 4699
f 4628 4629 4700
f 4629 4701 4700
f 4629 4630 4701
f 4630 4702 4701
f 4630 4631 4702
f 4631 4703 4702
f 4631 4632 4703
f 4632 4704 4703
f 4632 4633 4704
f 4633 4705 4704
f 4633 4634 4705
f 4634 4706 4705
f 4634 4635 4706
f 4635 4707 4706
f 4635 4636 4707
f 4636 4708 4707
f 4636 4637 4708
f 4637 4709 4708
f 4637 4638 4709
f 4638 4710 4709
f 4638 4639 4710
f 4639 4711 4710
f 4639 4640 4711
f 4640 4712 4711
f 4640 4641 4712
f 4641 4713 4712
f 4641 4642 4713
f 4642 4714 4713
f 4642 4643 4714
f 4643 4715 4714
f 4643 4644 4715
f 4644 4716 4715
f 4644 4645 4716
f 4645 4717 4716
f 4645 4646 4717
f 4646 4718 4717
f 4646 4647 4718
f 4647 4719 4718
f 4647 4648 4719
f 4648 4720 4719
f 4648 4649 4720
f 4649 4721 4720
f 4649 4650 4721
f 4650 4722 4721
f 4650 4651 4722
f 4651 4723 4722
f 4651 4652 4723
f 4652 4724 4723
f 4652 4653 4724
f 4653 4725 4724
f 4653 4654 4725
f 4654 4726 4725
f 4654 4655 4726
f 4655 4727 4726
f 4655 4656 4727
f 4656 4728 4727
f 4656 4657 4728
f 4657 4729 4728
f 4657 4658 4729
f 4658 4730 4729
f 4658 4659 4730
f 4659 4731 4730
f 4659 4660 4731
f 4660 4732 4731
f 4660 4661 4732
f 4661 4733 4732
f 4661 4662 4733
f 4662 4734 4733
f 4662 4663 4734
f 4663 4735 4734
f 4663 4664 4735
f 4664 4736 4735
f 4664 4665 4736
f 4665 4737 4736
f 4665 4666 4737
f 4666 4738 4737
f 4666 4667 4738
f 4667 4739 4738
f 4667 4668 4739
f 4668 4740 4739
f 4668 4669 4740
f 4669 4741 4740
f 4669 4670 4741
f 4670 4742 4741
f 4670 4671 4742
f 4671 4743 4742
f 4671 4672 4743
f 4672 4744 4743
f 4672 4673 4744
f 4673 4745 4744
f 4673 4674 4745
f 4674 4746 4745
f 4674 4675 4746
f 4675 4747 4746
f 4675 4676 4747
f 4676 4748 4747
f 4676 4677 4748
f 4677 4749 4748
f 4677 4678 4749
f 4678 4750 4749
f 4678 4679 4750
f 4679 4751 4750
f 4679 4680 4751
f 4680 4752 4751
f 4680 4609 4752
f 4609 4681 4752
f 4681 4682 4753
f 4682 4754 4753
f 4682 4683 4754
f 4683 4755 4754
f 4683 4684 4755
f 4684 4756 4755
f 4684 4685 4756
f 4685 4757 4756
f 4685 4686 4757
f 4686 4758 4757
f 4686 4687 4758
f 4687 4759 4758
f 4687 4688 4759
f 4688 4760 4759
f 4688 4689 4760
f 4689 4761 4760
f 4689 4690 4761
f 4690 4762 4761
f 4690 4691 4762
f 4691 4763 4762
f 4691 4692 4763
f 4692 4764 4763
f 4692 4693 4764
f 4693 4765 4764
f 4693 4694 4765
f 4694 4766 4765
f 4694 4695 4766
f 4695 4767 4766
f 4695 4696 4767
f 4696 4768 4767
f 4696 4697 4768
f 4697 4769 4768
f 4697 4698 4769
f 4698 4770 4769
f 4698 4699 4770
f 4699 4771 4770
f 4699 4700 4771
f 4700 4772 4771
f 4700 4701 4772
f 4701 4773 4772
f 4701 4702 4773
f 4702 4774 4773
f 4702 4703 4774
f 4703 4775 4774
f 4703 4704 4775
f 4704 4776 4775
f 4704 4705 4776
f 4705 4777 4776
f 4705 4706 4777
f 4706 4778 4777
f 4706 4707 4778
f 4707 4779 4778
f 4707 4708 4779
f 4708 4780 4779
f 4708 4709 4780
f 4709 4781 4780
f 4709 4710 4781
f 4710 4782 4781
f 4710 4711 4782
f 4711 4783 4782
f 4711 4712 4783
f 4712 4784 4783
f 4712 4713 4784
f 4713 4785 4784
f 4713 4714 4785
f 4714 4786 4785
f 4714 4715 4786
f 4715 4787 4786
f 4715 4716 4787
f 4716 4788 4787
f 4716 4717 4788
f 4717 4789 4788
f 4717 4718 4789
f 4718 4790 4789
f 4718 4719 4790
f 4719 4791 4790
f 4719 4720 4791
f 4720 4792 4791
f 4720 4721 4792
f 4721 4793 4792
f 4721 4722 4793
f 4722 4794 4793
f 4722 4723 4794
f 4723 4795 4794
f 4723 4724 4795
f 4724 4796 4795
f 4724 4725 4796
f 4725 4797 4796
f 4725 4726 4797
f 4726 4798 4797
f 4726 4727 4798
f 4727 4799 4798
f 4727 4728 4799
f 4728 4800 4799
f 4728 4729 4800
f 4729 4801 4800
f 4729 4730 4801
f 4730 4802 4801
f 4730 4731 4802
f 4731 4803 4802
f 4731 4732 4803
f 4732 4804 4803
f 4732 4733 4804
f 4733 4805 4804
f 4733 4734 4805
f 4734 4806 4805
f 4734 4735 4806
f 4735 4807 4806
f 4735 4736 4807
f 4736 4808 4807
f 4736 4737 4808
f 4737 4809 4808
f 4737 4738 4809
f 4738 4810 4809
f 4738 4739 4810
f 4739 4811 4810
f 4739 4740 4811
f 4740 4812 4811
f 4740 4741 4812
f 4741 4813 4812
f 4741 4742 4813
f 4742 4814 4813
f 4742 4743 4814
f 4743 4815 4814
f 4743 4744 4815
f 4744 4816 4815
f 4744 4745 4816
f 4745 4817 4816
f 4745 4746 4817
f 4746 4818 4817
f 4746 4747 4818
f 4747 4819 4818
f 4747 4748 4819
f 4748 4820 4819
f 4748 4749 4820
f 4749 4821 4820
f 4749 4750 4821
f 4750 4822 4821
f 4750 4751 4822
f 4751 4823 4822
f 4751 4752 4823
f 4752 4824 4823
f 4752 4681 4824
f 4681 4753 4824
f 4753 4754 4825
f 4754 4826 4825
f 4754 4755 4826
f 4755 4827 4826
f 4755 4756 4827
f 4756 4828 4827
f 4756 4757 4828
f 4757 4829 4828
f 4757 4758 4829
f 4758 4830 4829
f 4758 4759 4830
f 4759 4831 4830
f 4759 4760 4831
f 4760 4832 4831
f 4760 4761 4832
f 4761 4833 4832
f 4761 4762 4833
f 4762 4834 4833
f 4762 4763 4834
f 4763 4835 4834
f 4763 4764 4835
f 4764 4836 4835
f 4764 4765 4836
f 4765 4837 4836
f 4765 4766 4837
f 4766 4838 4837
f 4766 4767 4838
f 4767 4839 4838
f 4767 4768 4839
f 4768 4840 4839
f 4768 4769 4840
f 4769 4841 4840
f 4769 4770 4841
f 4770 4842 4841
f 4770 4771 4842
f 4771 4843 4842
f 4771 4772 4843
f 4772 4844 4843
f 4772 4773 4844
f 4773 4845 4844
f 4773 4774 4845
f 4774 4846 4845
f 4774 4775 4846
f 4775 4847 4846
f 4775 4776 4847
f 4776 4848 4847
f 4776 4777 4848
f 4777 4849 4848
f 4777 4778 4849
f 4778 4850 4849
f 4778 4779 4850
f 4779 4851 4850
f 4779 4780 4851
f 4780 4852 4851
f 4780 4781 4852
f 4781 4853 4852
f 4781 4782 4853
f 4782 4854 4853
f 4782 4783 4854
f 4783 4855 4854
f 4783 4784 4855
f 4784 4856 4855
f 4784 4785 4856
f 4785 4857 4856
f 4785 4786 4857
f 4786 4858 4857
f 4786 4787 4858
f 4787 4859 4858
f 4787 4788 4859
f 4788 4860 4859
f 4788 4789 4860
f 4789 4861 4860
f 4789 4790 4861
f 4790 4862 4861
f 4790 4791 4862
f 4791 4863 4862
f 4791 4792 4863
f 4792 4864 4863
f 4792 4793 4864
f 4793 4865 4864
f 4793 4794 4865
f 4794 4866 4865
f 4794 4795 4866
f 4795 4867 4866
f 4795 4796 4867
f 4796 4868 4867
f 4796 4797 4868
f 4797 4869 4868
f 4797 4798 4869
f 4798 4870 4869
f 4798 4799 4870
f 4799 4871 4870
f 4799 4800 4871
f 4800 4872 4871
f 4800 4801 4872
f 4801 4873 4872
f 4801 4802 4873
f 4802 4874 4873
f 4802 4803 4874
f 4803 4875 4874
f 4803 4804 4875
f 4804 4876 4875
f 4804 4805 4876
f 4805 4877 4876
f 4805 4806 4877
f 4806 4878 4877
f 4806 4807 4878
f 4807 4879 4878
f 4807 4808 4879
f 4808 4880 4879
f 4808 4809 4880
f 4809 4881 4880
f 4809 4810 4881
f 4810 4882 4881
f 4810 4811 4882
f 4811 4883 4882
f 4811 4812 4883
f 4812 4884 4883
f 4812 4813 4884
f 4813 4885 4884
f 4813 4814 4885
f 4814 4886 4885
f 4814 4815 4886
f 4815 4887 4886
f 4815 4816 4887
f 4816 4888 4887
f 4816 4817 4888
f 4817 4889 4888
f 4817 4818 4889
f 4818 4890 4889
f 4818 4819 4890
f 4819 4891 4890
f 4819 4820 4891
f 4820 4892 4891
f 4820 4821 4892
f 4821 4893 4892
f 4821 4822 4893
f 4822 4894 4893
f 4822 4823 4894
f 4823 4895 4894
f 4823 4824 4895
f 4824 4896 4895
f 4824 4753 4896
f 4753 4825 4896
f 4825 4826 4897
f 4826 4898 4897
f 4826 4827 4898
f 4827 4899 4898
f 4827 4828 4899
f 4828 4900 4899
f 4828 4829 4900
f 4829 4901 4900
f 4829 4830 4901
f 4830 4902 4901
f 4830 4831 4902
f 4831 4903 4902
f 4831 4832 4903
f 4832 4904 4903
f 4832 4833 4904
f 4833 4905 4904
f 4833 4834 4905
f 4834 4906 4905
f 4834 4835 4906
f 4835 4907 4906
f 4835 4836 4907
f 4836 4908 4907
f 4836 4837 4908
f 4837 4909 4908
f 4837 4838 4909
f 4838 4910 4909
f 4838 4839 4910
f 4839 4911 4910
f 4839 4840 4911
f 4840 4912 4911
f 4840 4841 4912
f 4841 4913 4912
f 4841 4842 4913
f 4842 4914 4913
f 4842 4843 4914
f 4843 4915 4914
f 4843 4844 4915
f 4844 4916 4915
f 4844 4845 4916
f 4845 4917 4916
f 4845 4846 4917
f 4846 4918 4917
f 4846 4847 4918
f 4847 4919 4918
f 4847 4848 4919
f 4848 4920 4919
f 4848 4849 4920
f 4849 4921 4920
f 4849 4850 4921
f 4850 4922 4921
f 4850 4851 4922
f 4851 4923 4922
f 4851 4852 4923
f 4852 4924 4923
f 4852 4853 4924
f 4853 4925 4924
f 4853 4854 4925
f 4854 4926 4925
f 4854 4855 4926
f 4855 4927 4926
f 4855 4856 4927
f 4856 4928 4927
f 4856 4857 4928
f 4857 4929 4928
f 4857 4858 4929
f 4858 4930 4929
f 4858 4859 4930
f 4859 4931 4930
f 4859 4860 4931
f 4860 4932 4931
f 4860 4861 4932
f 4861 4933 4932
f 4861 4862 4933
f 4862 4934 4933
f 4862 4863 4934
f 4863 4935 4934
f 4863 4864 4935
f 4864 4936 4935
f 4864 4865 4936
f 4865 4937 4936
f 4865 4866 4937
f 4866 4938 4937
f 4866 4867 4938
f 4867 4939 4938
f 4867 4868 4939
f 4868 4940 4939
f 4868 4869 4940
f 4869 4941 4940
f 4869 4870 4941
f 4870 4942 4941
f 4870 4871 4942
f 4871 4943 4942
f 4871 4872 4943
f 4872 4944 4943
f 4872 4873 4944
f 4873 4945 4944
f 4873 4874 4945
f 4874 4946 4945
f 4874 4875 4946
f 4875 4947 4946
f 4875 4876 4947
f 4876 4948 4947
f 4876 4877 4948
f 4877 4949 4948
f 4877 4878 4949
f 4878 4950 4949
f 4878 4879 4950
f 4879 4951 4950
f 4879 4880 4951
f 4880 4952 4951
f 4880 4881 4952
f 4881 4953 4952
f 4881 4882 4953
f 4882 4954 4953
f 4882 4883 4954
f 4883 4955 4954
f 4883 4884 4955
f 4884 4956 4955
f 4884 4885 4956
f 4885 4957 4956
f 4885 4886 4957
f 4886 4958 4957
f 4886 4887 4958
f 4887 4959 4958
f 4887 4888 4959
f 4888 4960 4959
f 4888 4889 4960
f 4889 4961 4960
f 4889 4890 4961
f 4890 4962 4961
f 4890 4891 4962
f 4891 4963 4962
f 4891 4892 4963
f 4892 4964 4963
f 4892 4893 4964
f 4893 4965 4964
f 4893 4894 4965
f 4894 4966 4965
f 4894 4895 4966
f 4895 4967 4966
f 4895 4896 4967
f 4896 4968 4967
f 4896 4825 4968
f 4825 4897 4968
f 4897 4898 4969
f 4898 4970 4969
f 4898 4899 4970
f 4899 4971 4970
f 4899 4900 4971
f 4900 4972 4971
f 4900 4901 4972
f 4901 4973 4972
f 4901 4902 4973
f 4902 4974 4973
f 4902 4903 4974
f 4903 4975 4974
f 4903 4904 4975
f 4904 4976 4975
f 4904 4905 4976
f 4905 4977 4976
f 4905 4906 4977
f 4906 4978 4977
f 4906 4907 4978
f 4907 4979 4978
f 4907 4908 4979
f 4908 4980 4979
f 4908 4909 4980
f 4909 4981 4980
f 4909 4910 4981
f 4910 4982 4981
f 4910 4911 4982
f 4911 4983 4982
f 4911 4912 4983
f 4912 4984 4983
f 4912 4913 4984
f 4913 4985 4984
f 4913 4914 4985
f 4914 4986 4985
f 4914 4915 4986
f 4915 4987 4986
f 4915 4916 4987
f 4916 4988 4987
f 4916 4917 4988
f 4917 4989 4988
f 4917 4918 4989
f 4918 4990 4989
f 4918 4919 4990
f 4919 4991 4990
f 4919 4920 4991
f 4920 4992 4991
f 4920 4921 4992
f 4921 4993 4992
f 4921 4922 4993
f 4922 4994 4993
f 4922 4923 4994
f 4923 4995 4994
f 4923 4924 4995
f 4924 4996 4995
f 4924 4925 4996
f 4925 4997 4996
f 4925 4926 4997
f 4926 4998 4997
f 4926 4927 4998
f 4927 4999 4998
f 4927 4928 4999
f 4928 5000 4999
f 4928 4929 5000
f 4929 5001 5000
f 4929 4930 5001
f 4930 5002 5001
f 4930 4931 5002
f 4931 5003 5002
f 4931 4932 5003
f 4932 5004 5003
f 4932 4933 5004
f 4933 5005 5004
f 4933 4934 5005
f 4934 5006 5005
f 4934 4935 5006
f 4935 5007 5006
f 4935 4936 5007
f 4936 5008 5007
f 4936 4937 5008
f 4937 5009 5008
f 4937 4938 5009
f 4938 5010 5009
f 4938 4939 5010
f 4939 5011 5010
f 4939 4940 5011
f 4940 5012 5011
f 4940 4941 5012
f 4941 5013 5012
f 4941 4942 5013
f 4942 5014 5013
f 4942 4943 5014
f 4943 5015 5014
f 4943 4944 5015
f 4944 5016 5015
f 4944 4945 5016
f 4945 5017 5016
f 4945 4946 5017
f 4946 5018 5017
f 4946 4947 5018
f 4947 5019 5018
f 4947 4948 5019
f 4948 5020 5019
f 4948 4949 5020
f 4949 5021 5020
f 4949 4950 5021
f 4950 5022 5021
f 4950 4951 5022
f 4951 5023 5022
f 4951 4952 5023
f 4952 5024 5023
f 4952 4953 5024
f 4953 5025 5024
f 4953 4954 5025
f 4954 5026 5025
f 4954 4955 5026
f 4955 5027 5026
f 4955 4956 5027
f 4956 5028 5027
f 4956 4957 5028
f 4957 5029 5028
f 4957 4958 5029
f 4958 5030 5029
f 4958 4959 5030
f 4959 5031 5030
f 4959 4960 5031
f 4960 5032 5031
f 4960 4961 5032
f 4961 5033 5032
f 4961 4962 5033
f 4962 5034 5033
f 4962 4963 5034
f 4963 5035 5034
f 4963 4964 5035
f 4964 5036 5035
f 4964 4965 5036
f 4965 5037 5036
f 4965 4966 5037
f 4966 5038 5037
f 4966 4967 5038
f 4967 5039 5038
f 4967 4968 5039
f 4968 5040 5039
f 4968 4897 5040
f 4897 4969 5040
f 4969 4970 5041
f 4970 5042 5041
f 4970 4971 5042
f 4971 5043 5042
f 4971 4972 5043
f 4972 5044 5043
f 4972 4973 5044
f 4973 5045 5044
f 4973 4974 5045
f 4974 5046 5045
f 4974 4975 5046
f 4975 5047 5046
f 4975 4976 5047
f 4976 5048 5047
f 4976 4977 5048
f 4977 5049 5048
f 4977 4978 5049
f 4978 5050 5049
f 4978 4979 5050
f 4979 5051 5050
f 4979 4980 5051
f 4980 5052 5051
f 4980 4981 5052
f 4981 5053 5052
f 4981 4982 5053
f 4982 5054 5053
f 4982 4983 5054
f 4983 5055 5054
f 4983 4984 5055
f 4984 5056 5055
f 4984 4985 5056
f 4985 5057 5056
f 4985 4986 5057
f 4986 5058 5057
f 4986 4987 5058
f 4987 5059 5058
f 4987 4988 5059
f 4988 5060 5059
f 4988 4989 5060
f 4989 5061 5060
f 4989 4990 5061
f 4990 5062 5061
f 4990 4991 5062
f 4991 5063 5062
f 4991 4992 5063
f 4992 5064 5063
f 4992 4993 5064
f 4993 5065 5064
f 4993 4994 5065
f 4994 5066 5065
f 4994 4995 5066
f 4995 5067 5066
f 4995 4996 5067
f 4996 5068 5067
f 4996 4997 5068
f 4997 5069 5068
f 4997 4998 5069
f 4998 5070 5069
f 4998 4999 5070
f 4999 5071 5070
f 4999 5000 5071
f 5000 5072 5071
f 5000 5001 5072
f 5001 5073 5072
f 5001 5002 5073
f 5002 5074 5073
f 5002 5003 5074
f 5003 5075 5074
f 5003 5004 5075
f 5004 5076 5075
f 5004 5005 5076
f 5005 5077 5076
f 5005 5006 5077
f 5006 5078 5077
f 5006 5007 5078
f 5007 5079 5078
f 5007 5008 5079
f 5008 5080 5079
f 5008 5009 5080
f 5009 5081 5080
f 5009 5010 5081
f 5010 5082 5081
f 5010 5011 5082
f 5011 5083 5082
f 5011 5012 5083
f 5012 5084 5083
f 5012 5013 5084
f 5013 5085 5084
f 5013 5014 5085
f 5014 5086 5085
f 5014 5015 5086
f 5015 5087 5086
f 5015 5016 5087
f 5016 5088 5087
f 5016 5017 5088
f 5017 5089 5088
f 5017 5018 5089
f 5018 5090 5089
f 5018 5019 5090
f 5019 5091 5090
f 5019 5020 5091
f 5020 5092 5091
f 5020 5021 5092
f 5021 5093 5092
f 5021 5022 5093
f 5022 5094 5093
f 5022 5023 5094
f 5023 5095 5094
f 5023 5024 5095
f 5024 5096 5095
f 5024 5025 5096
f 5025 5097 5096
f 5025 5026 5097
f 5026 5098 5097
f 5026 5027 5098
f 5027 5099 5098
f 5027 5028 5099
f 5028 5100 5099
f 5028 5029 5100
f 5029 5101 5100
f 5029 5030 5101
f 5030 5102 5101
f 5030 5031 5102
f 5031 5103 5102
f 5031 5032 5103
f 5032 5104 5103
f 5032 5033 5104
f 5033 5105 5104
f 5033 5034 5105
f 5034 5106 5105
f 5034 5035 5106
f 5035 5107 5106
f 5035 5036 5107
f 5036 5108 5107
f 5036 5037 5108
f 5037 5109 5108
f 5037 5038 5109
f 5038 5110 5109
f 5038 5039 5110
f 5039 5111 5110
f 5039 5040 5111
f 5040 5112 5111
f 5040 4969 5112
f 4969 5041 5112
f 5041 5042 5113
f 5042 5114 5113
f 5042 5043 5114
f 5043 5115 5114
f 5043 5044 5115
f 5044 5116 5115
f 5044 5045 5116
f 5045 5117 5116
f 5045 5046 5117
f 5046 5118 5117
f 5046 5047 5118
f 5047 5119 5118
f 5047 5048 5119
f 5048 5120 5119
f 5048 5049 5120
f 5049 5121 5120
f 5049 5050 5121
f 5050 5122 5121
f 5050 5051 5122
f 5051 5123 5122
f 5051 5052 5123
f 5052 5124 5123
f 5052 5053 5124
f 5053 5125 5124
f 5053 5054 5125
f 5054 5126 5125
f 5054 5055 5126
f 5055 5127 5126
f 5055 5056 5127
f 5056 5128 5127
f 5056 5057 5128
f 5057 5129 5128
f 5057 5058 5129
f 5058 5130 5129
f 5058 5059 5130
f 5059 5131 5130
f 5059 5060 5131
f 5060 5132 5131
f 5060 5061 5132
f 5061 5133 5132
f 5061 5062 5133
f 5062 5134 5133
f 5062 5063 5134
f 5063 5135 5134
f 5063 5064 5135
f 5064 5136 5135
f 5064 5065 5136
f 5065 5137 5136
f 5065 5066 5137
f 5066 5138 5137
f 5066 5067 5138
f 5067 5139 5138
f 5067 5068 5139
f 5068 5140 5139
f 5068 5069 5140
f 5069 5141 5140
f 5069 5070 5141
f 5070 5142 5141
f 5070 5071 5142
f 5071 5143 5142
f 5071 5072 5143
f 5072 5144 5143
f 5072 5073 5144
f 5073 5145 5144
f 5073 5074 5145
f 5074 5146 5145
f 5074 5075 5146
f 5075 5147 5146
f 5075 5076 5147
f 5076 5148 5147
f 5076 5077 5148
f 5077 5149 5148
f 5077 5078 5149
f 5078 5150 5149
f 5078 5079 5150
f 5079 5151 5150
f 5079 5080 5151
f 5080 5152 5151
f 5080 5081 5152
f 5081 5153 5152
f 5081 5082 5153
f 5082 5154 5153
f 5082 5083 5154
f 5083 5155 5154
f 5083 5084 5155
f 5084 5156 5155
f 5084 5085 5156
f 5085 5157 5156
f 5085 5086 5157
f 5086 5158 5157
f 5086 5087 5158
f 5087 5159 5158
f 5087 5088 5159
f 5088 5160 5159
f 5088 5089 5160
f 5089 5161 5160
f 5089 5090 5161
f 5090 5162 5161
f 5090 5091 5162
f 5091 5163 5162
f 5091 5092 5163
f 5092 5164 5163
f 5092 5093 5164
f 5093 5165 5164
f 5093 5094 5165
f 5094 5166 5165
f 5094 5095 5166
f 5095 5167 5166
f 5095 5096 5167
f 5096 5168 5167
f 5096 5097 5168
f 5097 5169 5168
f 5097 5098 5169
f 5098 5170 5169
f 5098 5099 5170
f 5099 5171 5170
f 5099 5100 5171
f 5100 5172 5171
f 5100 5101 5172
f 5101 5173 5172
f 5101 5102 5173
f 5102 5174 5173
f 5102 5103 5174
f 5103 5175 5174
f 5103 5104 5175
f 5104 5176 5175
f 5104 5105 5176
f 5105 5177 5176
f 5105 5106 5177
f 5106 5178 5177
f 5106 5107 5178
f 5107 5179 5178
f 5107 5108 5179
f 5108 5180 5179
f 5108 5109 5180
f 5109 5181 5180
f 5109 5110 5181
f 5110 5182 5181
f 5110 5111 5182
f 5111 5183 5182
f 5111 5112 5183
f 5112 5184 5183
f 5112 5041 5184
f 5041 5113 5184
f 5113 5114 5185
f 5114 5186 5185
f 5114 5115 5186
f 5115 5187 5186
f 5115 5116 5187
f 5116 5188 5187
f 5116 5117 5188
f 5117 5189 5188
f 5117 5118 5189
f 5118 5190 5189
f 5118 5119 5190
f 5119 5191 5190
f 5119 5120 5191
f 5120 5192 5191
f 5120 5121 5192
f 5121 5193 5192
f 5121 5122 5193
f 5122 5194 5193
f 5122 5123 5194
f 5123 5195 5194
f 5123 5124 5195
f 5124 5196 5195
f 5124 5125 5196
f 5125 5197 5196
f 5125 5126 5197
f 5126 5198 5197
f 5126 5127 5198
f 5127 5199 5198
f 5127 5128 5199
f 5128 5200 5199
f 5128 5129 5200
f 5129 5201 5200
f 5129 5130 5201
f 5130 5202 5201
f 5130 5131 5202
f 5131 5203 5202
f 5131 5132 5203
f 5132 5204 5203
f 5132 5133 5204
f 5133 5205 5204
f 5133 5134 5205
f 5134 5206 5205
f 5134 5135 5206
f 5135 5207 5206
f 5135 5136 5207
f 5136 5208 5207
f 5136 5137 5208
f 5137 5209 5208
f 5137 5138 5209
f 5138 5210 5209
f 5138 5139 5210
f 5139 5211 5210
f 5139 5140 5211
f 5140 5212 5211
f 5140 5141 5212
f 5141 5213 5212
f 5141 5142 5213
f 5142 5214 5213
f 5142 5143 5214
f 5143 5215 5214
f 5143 5144 5215
f 5144 5216 5215
f 5144 5145 5216
f 5145 5217 5216
f 5145 5146 5217
f 5146 5218 5217
f 5146 5147 5218
f 5147 5219 5218
f 5147 5148 5219
f 5148 5220 5219
f 5148 5149 5220
f 5149 5221 5220
f 5149 5150 5221
f 5150 5222 5221
f 5150 5151 5222
f 5151 5223 5222
f 5151 5152 5223
f 5152 5224 5223
f 5152 5153 5224
f 5153 5225 5224
f 5153 5154 5225
f 5154 5226 5225
f 5154 5155 5226
f 5155 5227 5226
f 5155 5156 5227
f 5156 5228 5227
f 5156 5157 5228
f 5157 5229 5228
f 5157 5158 5229
f 5158 5230 5229
f 5158 5159 5230
f 5159 5231 5230
f 5159 5160 5231
f 5160 5232 5231
f 5160 5161 5232
f 5161 5233 5232
f 5161 5162 5233
f 5162 5234 5233
f 5162 5163 5234
f 5163 5235 5234
f 5163 5164 5235
f 5164 5236 5235
f 5164 5165 5236
f 5165 5237 5236
f 5165 5166 5237
f 5166 5238 5237
f 5166 5167 5238
f 5167 5239 5238
f 5167 5168 5239
f 5168 5240 5239
f 5168 5169 5240
f 5169 5241 5240
f 5169 5170 5241
f 5170 5242 5241
f 5170 5171 5242
f 5171 5243 5242
f 5171 5172 5243
f 5172 5244 5243
f 5172 5173 5244
f 5173 5245 5244
f 5173 5174 5245
f 5174 5246 5245
f 5174 5175 5246
f 5175 5247 5246
f 5175 5176 5247
f 5176 5248 5247
f 5176 5177 5248
f 5177 5249 5248
f 5177 5178 5249
f 5178 5250 5249
f 5178 5179 5250
f 5179 5251 5250
f 5179 5180 5251
f 5180 5252 5251
f 5180 5181 5252
f 5181 5253 5252
f 5181 5182 5253
f 5182 5254 5253
f 5182 5183 5254
f 5183 5255 5254
f 5183 5184 5255
f 5184 5256 5255
f 5184 5113 5256
f 5113 5185 5256
f 5185 5186 5257
f 5186 5258 5257
f 5186 5187 5258
f 5187 5259 5258
f 5187 5188 5259
f 5188 5260 5259
f 5188 5189 5260
f 5189 5261 5260
f 5189 5190 5261
f 5190 5262 5261
f 5190 5191 5262
f 5191 5263 5262
f 5191 5192 5263
f 5192 5264 5263
f 5192 5193 5264
f 5193 5265 5264
f 5193 5194 5265
f 5194 5266 5265
f 5194 5195 5266
f 5195 5267 5266
f 5195 5196 5267
f 5196 5268 5267
f 5196 5197 5268
f 5197 5269 5268
f 5197 5198 5269
f 5198 5270 5269
f 5198 5199 5270
f 5199 5271 5270
f 5199 5200 5271
f 5200 5272 5271
f 5200 5201 5272
f 5201 5273 5272
f 5201 5202 5273
f 5202 5274 5273
f 5202 5203 5274
f 5203 5275 5274
f 5203 5204 5275
f 5204 5276 5275
f 5204 5205 5276
f 5205 5277 5276
f 5205 5206 5277
f 5206 5278 5277
f 5206 5207 5278
f 5207 5279 5278
f 5207 5208 5279
f 5208 5280 5279
f 5208 5209 5280
f 5209 5281 5280
f 5209 5210 5281
f 5210 5282 5281
f 5210 5211 5282
f 5211 5283 5282
f 5211 5212 5283
f 5212 5284 5283
f 5212 5213 5284
f 5213 5285 5284
f 5213 5214 5285
f 5214 5286 5285
f 5214 5215 5286
f 5215 5287 5286
f 5215 5216 5287
f 5216 5288 5287
f 5216 5217 5288
f 5217 5289 5288
f 5217 5218 5289
f 5218 5290 5289
f 5218 5219 5290
f 5219 5291 5290
f 5219 5220 5291
f 5220 5292 5291
f 5220 5221 5292
f 5221 5293 5292
f 5221 5222 5293
f 5222 5294 5293
f 5222 5223 5294
f 5223 5295 5294
f 5223 5224 5295
f 5224 5296 5295
f 5224 5225 5296
f 5225 5297 5296
f 5225 5226 5297
f 5226 5298 5297
f 5226 5227 5298
f 5227 5299 5298
f 5227 5228 5299
f 5228 5300 5299
f 5228 5229 5300
f 5229 5301 5300
f 5229 5230 5301
f 5230 5302 5301
f 5230 5231 5302
f 5231 5303 5302
f 5231 5232 5303
f 5232 5304 5303
f 5232 5233 5304
f 5233 5305 5304
f 5233 5234 5305
f 5234 5306 5305
f 5234 5235 5306
f 5235 5307 5306
f 5235 5236 5307
f 5236 5308 5307
f 5236 5237 5308
f 5237 5309 5308
f 5237 5238 5309
f 5238 5310 5309
f 5238 5239 5310
f 5239 5311 5310
f 5239 5240 5311
f 5240 5312 5311
f 5240 5241 5312
f 5241 5313 5312
f 5241 5242 5313
f 5242 5314 5313
f 5242 5243 5314
f 5243 5315 5314
f 5243 5244 5315
f 5244 5316 5315
f 5244 5245 5316
f 5245 5317 5316
f 5245 5246 5317
f 5246 5318 5317
f 5246 5247 5318
f 5247 5319 5318
f 5247 5248 5319
f 5248 5320 5319
f 5248 5249 5320
f 5249 5321 5320
f 5249 5250 5321
f 5250 5322 5321
f 5250 5251 5322
f 5251 5323 5322
f 5251 5252 5323
f 5252 5324 5323
f 5252 5253 5324
f 5253 5325 5324
f 5253 5254 5325
f 5254 5326 5325
f 5254 5255 5326
f 5255 5327 5326
f 5255 5256 5327
f 5256 5328 5327
f 5256 5185 5328
f 5185 5257 5328
f 5257 5258 5329
f 5258 5330 5329
f 5258 5259 5330
f 5259 5331 5330
f 5259 5260 5331
f 5260 5332 5331
f 5260 5261 5332
f 5261 5333 5332
f 5261 5262 5333
f 5262 5334 5333
f 5262 5263 5334
f 5263 5335 5334
f 5263 5264 5335
f 5264 5336 5335
f 5264 5265 5336
f 5265 5337 5336
f 5265 5266 5337
f 5266 5338 5337
f 5266 5267 5338
f 5267 5339 5338
f 5267 5268 5339
f 5268 5340 5339
f 5268 5269 5340
f 5269 5341 5340
f 5269 5270 5341
f 5270 5342 5341
f 5270 5271 5342
f 5271 5343 5342
f 5271 5272 5343
f 5272 5344 5343
f 5272 5273 5344
f 5273 5345 5344
f 5273 5274 5345
f 5274 5346 5345
f 5274 5275 5346
f 5275 5347 5346
f 5275 5276 5347
f 5276 5348 5347
f 5276 5277 5348
f 5277 5349 5348
f 5277 5278 5349
f 5278 5350 5349
f 5278 5279 5350
f 5279 5351 5350
f 5279 5280 5351
f 5280 5352 5351
f 5280 5281 5352
f 5281 5353 5352
f 5281 5282 5353
f 5282 5354 5353
f 5282 5283 5354
f 5283 5355 5354
f 5283 5284 5355
f 5284 5356 5355
f 5284 5285 5356
f 5285 5357 5356
f 5285 5286 5357
f 5286 5358 5357
f 5286 5287 5358
f 5287 5359 5358
f 5287 5288 5359
f 5288 5360 5359
f 5288 5289 5360
f 5289 5361 5360
f 5289 5290 5361
f 5290 5362 5361
f 5290 5291 5362
f 5291 5363 5362
f 5291 5292 5363
f 5292 5364 5363
f 5292 5293 5364
f 5293 5365 5364
f 5293 5294 5365
f 5294 5366 5365
f 5294 5295 5366
f 5295 5367 5366
f 5295 5296 5367
f 5296 5368 5367
f 5296 5297 5368
f 5297 5369 5368
f 5297 5298 5369
f 5298 5370 5369
f 5298 5299 5370
f 5299 5371 5370
f 5299 5300 5371
f 5300 5372 5371
f 5300 5301 5372
f 5301 5373 5372
f 5301 5302 5373
f 5302 5374 5373
f 5302 5303 5374
f 5303 5375 5374
f 5303 5304 5375
f 5304 5376 5375
f 5304 5305 5376
f 5305 5377 5376
f 5305 5306 5377
f 5306 5378 5377
f 5306 5307 5378
f 5307 5379 5378
f 5307 5308 5379
f 5308 5380 5379
f 5308 5309 5380
f 5309 5381 5380
f 5309 5310 5381
f 5310 5382 5381
f 5310 5311 5382
f 5311 5383 5382
f 5311 5312 5383
f 5312 5384 5383
f 5312 5313 5384
f 5313 5385 5384
f 5313 5314 5385
f 5314 5386 5385
f 5314 5315 5386
f 5315 5387 5386
f 5315 5316 5387
f 5316 5388 5387
f 5316 5317 5388
f 5317 5389 5388
f 5317 5318 5389
f 5318 5390 5389
f 5318 5319 5390
f 5319 5391 5390
f 5319 5320 5391
f 5320 5392 5391
f 5320 5321 5392
f 5321 5393 5392
f 5321 5322 5393
f 5322 5394 5393
f 5322 5323 5394
f 5323 5395 5394
f 5323 5324 5395
f 5324 5396 5395
f 5324 5325 5396
f 5325 5397 5396
f 5325 5326 5397
f 5326 5398 5397
f 5326 5327 5398
f 5327 5399 5398
f 5327 5328 5399
f 5328 5400 5399
f 5328 5257 5400
f 5257 5329 5400
f 5329 5330 5401
f 5330 5402 5401
f 5330 5331 5402
f 5331 5403 5402
f 5331 5332 5403
f 5332 5404 5403
f 5332 5333 5404
f 5333 5405 5404
f 5333 5334 5405
f 5334 5406 5405
f 5334 5335 5406
f 5335 5407 5406
f 5335 5336 5407
f 5336 5408 5407
f 5336 5337 5408
f 5337 5409 5408
f 5337 5338 5409
f 5338 5410 5409
f 5338 5339 5410
f 5339 5411 5410
f 5339 5340 5411
f 5340 5412 5411
f 5340 5341 5412
f 5341 5413 5412
f 5341 5342 5413
f 5342 5414 5413
f 5342 5343 5414
f 5343 5415 5414
f 5343 5344 5415
f 5344 5416 5415
f 5344 5345 5416
f 5345 5417 5416
f 5345 5346 5417
f 5346 5418 5417
f 5346 5347 5418
f 5347 5419 5418
f 5347 5348 5419
f 5348 5420 5419
f 5348 5349 5420
f 5349 5421 5420
f 5349 5350 5421
f 5350 5422 5421
f 5350 5351 5422
f 5351 5423 5422
f 5351 5352 5423
f 5352 5424 5423
f 5352 5353 5424
f 5353 5425 5424
f 5353 5354 5425
f 5354 5426 5425
f 5354 5355 5426
f 5355 5427 5426
f 5355 5356 5427
f 5356 5428 5427
f 5356 5357 5428
f 5357 5429 5428
f 5357 5358 5429
f 5358 5430 5429
f 5358 5359 5430
f 5359 5431 5430
f 5359 5360 5431
f 5360 5432 5431
f 5360 5361 5432
f 5361 5433 5432
f 5361 5362 5433
f 5362 5434 5433
f 5362 5363 5434
f 5363 5435 5434
f 5363 5364 5435
f 5364 5436 5435
f 5364 5365 5436
f 5365 5437 5436
f 5365 5366 5437
f 5366 5438 5437
f 5366 5367 5438
f 5367 5439 5438
f 5367 5368 5439
f 5368 5440 5439
f 5368 5369 5440
f 5369 5441 5440
f 5369 5370 5441
f 5370 5442 5441
f 5370 5371 5442
f 5371 5443 5442
f 5371 5372 5443
f 5372 5444 5443
f 5372 5373 5444
f 5373 5445 5444
f 5373 5374 5445
f 5374 5446 5445
f 5374 5375 5446
f 5375 5447 5446
f 5375 5376 5447
f 5376 5448 5447
f 5376 5377 5448
f 5377 5449 5448
f 5377 5378 5449
f 5378 5450 5449
f 5378 5379 5450
f 5379 5451 5450
f 5379 5380 5451
f 5380 5452 5451
f 5380 5381 5452
f 5381 5453 5452
f 5381 5382 5453
f 5382 5454 5453
f 5382 5383 5454
f 5383 5455 5454
f 5383 5384 5455
f 5384 5456 5455
f 5384 5385 5456
f 5385 5457 5456
f 5385 5386 5457
f 5386 5458 5457
f 5386 5387 5458
f 5387 5459 5458
f 5387 5388 5459
f 5388 5460 5459
f 5388 5389 5460
f 5389 5461 5460
f 5389 5390 5461
f 5390 5462 5461
f 5390 5391 5462
f 5391 5463 5462
f 5391 5392 5463
f 5392 5464 5463
f 5392 5393 5464
f 5393 5465 5464
f 5393 5394 5465
f 5394 5466 5465
f 5394 5395 5466
f 5395 5467 5466
f 5395 5396 5467
f 5396 5468 5467
f 5396 5397 5468
f 5397 5469 5468
f 5397 5398 5469
f 5398 5470 5469
f 5398 5399 5470
f 5399 5471 5470
f 5399 5400 5471
f 5400 5472 5471
f 5400 5329 5472
f 5329 5401 5472
f 5401 5402 5473
f 5402 5474 5473
f 5402 5403 5474
f 5403 5475 5474
f 5403 5404 5475
f 5404 5476 5475
f 5404 5405 5476
f 5405 5477 5476
f 5405 5406 5477
f 5406 5478 5477
f 5406 5407 5478
f 5407 5479 5478
f 5407 5408 5479
f 5408 5480 5479
f 5408 5409 5480
f 5409 5481 5480
f 5409 5410 5481
f 5410 5482 5481
f 5410 5411 5482
f 5411 5483 5482
f 5411 5412 5483
f 5412 5484 5483
f 5412 5413 5484
f 5413 5485 5484
f 5413 5414 5485
f 5414 5486 5485
f 5414 5415 5486
f 5415 5487 5486
f 5415 5416 5487
f 5416 5488 5487
f 5416 5417 5488
f 5417 5489 5488
f 5417 5418 5489
f 5418 5490 5489
f 5418 5419 5490
f 5419 5491 5490
f 5419 5420 5491
f 5420 5492 5491
f 5420 5421 5492
f 5421 5493 5492
f 5421 5422 5493
f 5422 5494 5493
f 5422 5423 5494
f 5423 5495 5494
f 5423 5424 5495
f 5424 5496 5495
f 5424 5425 5496
f 5425 5497 5496
f 5425 5426 5497
f 5426 5498 5497
f 5426 5427 5498
f 5427 5499 5498
f 5427 5428 5499
f 5428 5500 5499
f 5428 5429 5500
f 5429 5501 5500
f 5429 5430 5501
f 5430 5502 5501
f 5430 5431 5502
f 5431 5503 5502
f 5431 5432 5503
f 5432 5504 5503
f 5432 5433 5504
f 5433 5505 5504
f 5433 5434 5505
f 5434 5506 5505
f 5434 5435 5506
f 5435 5507 5506
f 5435 5436 5507
f 5436 5508 5507
f 5436 5437 5508
f 5437 5509 5508
f 5437 5438 5509
f 5438 5510 5509
f 5438 5439 5510
f 5439 5511 5510
f 5439 5440 5511
f 5440 5512 5511
f 5440 5441 5512
f 5441 5513 5512
f 5441 5442 5513
f 5442 5514 5513
f 5442 5443 5514
f 5443 5515 5514
f 5443 5444 5515
f 5444 5516 5515
f 5444 5445 5516
f 5445 5517 5516
f 5445 5446 5517
f 5446 5518 5517
f 5446 5447 5518
f 5447 5519 5518
f 5447 5448 5519
f 5448 5520 5519
f 5448 5449 5520
f 5449 5521 5520
f 5449 5450 5521
f 5450 5522 5521
f 5450 5451 5522
f 5451 5523 5522
f 5451 5452 5523
f 5452 5524 5523
f 5452 5453 5524
f 5453 5525 5524
f 5453 5454 5525
f 5454 5526 5525
f 5454 5455 5526
f 5455 5527 5526
f 5455 5456 5527
f 5456 5528 5527
f 5456 5457 5528
f 5457 5529 5528
f 5457 5458 5529
f 5458 5530 5529
f 5458 5459 5530
f 5459 5531 5530
f 5459 5460 5531
f 5460 5532 5531
f 5460 5461 5532
f 5461 5533 5532
f 5461 5462 5533
f 5462 5534 5533
f 5462 5463 5534
f 5463 5535 5534
f 5463 5464 5535
f 5464 5536 5535
f 5464 5465 5536
f 5465 5537 5536
f 5465 5466 5537
f 5466 5538 5537
f 5466 5467 5538
f 5467 5539 5538
f 5467 5468 5539
f 5468 5540 5539
f 5468 5469 5540
f 5469 5541 5540
f 5469 5470 5541
f 5470 5542 5541
f 5470 5471 5542
f 5471 5543 5542
f 5471 5472 5543
f 5472 5544 5543
f 5472 5401 5544
f 5401 5473 5544
f 5473 5474 5545
f 5474 5546 5545
f 5474 5475 5546
f 5475 5547 5546
f 5475 5476 5547
f 5476 5548 5547
f 5476 5477 5548
f 5477 5549 5548
f 5477 5478 5549
f 5478 5550 5549
f 5478 5479 5550
f 5479 5551 5550
f 5479 5480 5551
f 5480 5552 5551
f 5480 5481 5552
f 5481 5553 5552
f 5481 5482 5553
f 5482 5554 5553
f 5482 5483 5554
f 5483 5555 5554
f 5483 5484 5555
f 5484 5556 5555
f 5484 5485 5556
f 5485 5557 5556
f 5485 5486 5557
f 5486 5558 5557
f 5486 5487 5558
f 5487 5559 5558
f 5487 5488 5559
f 5488 5560 5559
f 5488 5489 5560
f 5489 5561 5560
f 5489 5490 5561
f 5490 5562 5561
f 5490 5491 5562
f 5491 5563 5562
f 5491 5492 5563
f 5492 5564 5563
f 5492 5493 5564
f 5493 5565 5564
f 5493 5494 5565
f 5494 5566 5565
f 5494 5495 5566
f 5495 5567 5566
f 5495 5496 5567
f 5496 5568 5567
f 5496 5497 5568
f 5497 5569 5568
f 5497 5498 5569
f 5498 5570 5569
f 5498 5499 5570
f 5499 5571 5570
f 5499 5500 5571
f 5500 5572 5571
f 5500 5501 5572
f 5501 5573 5572
f 5501 5502 5573
f 5502 5574 5573
f 5502 5503 5574
f 5503 5575 5574
f 5503 5504 5575
f 5504 5576 5575
f 5504 5505 5576
f 5505 5577 5576
f 5505 5506 5577
f 5506 5578 5577
f 5506 5507 5578
f 5507 5579 5578
f 5507 5508 5579
f 5508 5580 5579
f 5508 5509 5580
f 5509 5581 5580
f 5509 5510 5581
f 5510 5582 5581
f 5510 5511 5582
f 5511 5583 5582
f 5511 5512 5583
f 5512 5584 5583
f 5512 5513 5584
f 5513 5585 5584
f 5513 5514 5585
f 5514 5586 5585
f 5514 5515 5586
f 5515 5587 5586
f 5515 5516 5587
f 5516 5588 5587
f 5516 5517 5588
f 5517 5589 5588
f 5517 5518 5589
f 5518 5590 5589
f 5518 5519 5590
f 5519 5591 5590
f 5519 5520 5591
f 5520 5592 5591
f 5520 5521 5592
f 5521 5593 5592
f 5521 5522 5593
f 5522 5594 5593
f 5522 5523 5594
f 5523 5595 5594
f 5523 5524 5595
f 5524 5596 5595
f 5524 5525 5596
f 5525 5597 5596
f 5525 5526 5597
f 5526 5598 5597
f 5526 5527 5598
f 5527 5599 5598
f 5527 5528 5599
f 5528 5600 5599
f 5528 5529 5600
f 5529 5601 5600
f 5529 5530 5601
f 5530 5602 5601
f 5530 5531 5602
f 5531 5603 5602
f 5531 5532 5603
f 5532 5604 5603
f 5532 5533 5604
f 5533 5605 5604
f 5533 5534 5605
f 5534 5606 5605
f 5534 5535 5606
f 5535 5607 5606
f 5535 5536 5607
f 5536 5608 5607
f 5536 5537 5608
f 5537 5609 5608
f 5537 5538 5609
f 5538 5610 5609
f 5538 5539 5610
f 5539 5611 5610
f 5539 5540 5611
f 5540 5612 5611
f 5540 5541 5612
f 5541 5613 5612
f 5541 5542 5613
f 5542 5614 5613
f 5542 5543 5614
f 5543 5615 5614
f 5543 5544 5615
f 5544 5616 5615
f 5544 5473 5616
f 5473 5545 5616
f 5545 5546 5617
f 5546 5618 5617
f 5546 5547 5618
f 5547 5619 5618
f 5547 5548 5619
f 5548 5620 5619
f 5548 5549 5620
f 5549 5621 5620
f 5549 5550 5621
f 5550 5622 5621
f 5550 5551 5622
f 5551 5623 5622
f 5551 5552 5623
f 5552 5624 5623
f 5552 5553 5624
f 5553 5625 5624
f 5553 5554 5625
f 5554 5626 5625
f 5554 5555 5626
f 5555 5627 5626
f 5555 5556 5627
f 5556 5628 5627
f 5556 5557 5628
f 5557 5629 5628
f 5557 5558 5629
f 5558 5630 5629
f 5558 5559 5630
f 5559 5631 5630
f 5559 5560 5631
f 5560 5632 5631
f 5560 5561 5632
f 5561 5633 5632
f 5561 5562 5633
f 5562 5634 5633
f 5562 5563 5634
f 5563 5635 5634
f 5563 5564 5635
f 5564 5636 5635
f 5564 5565 5636
f 5565 5637 5636
f 5565 5566 5637
f 5566 5638 5637
f 5566 5567 5638
f 5567 5639 5638
f 5567 5568 5639
f 5568 5640 5639
f 5568 5569 5640
f 5569 5641 5640
f 5569 5570 5641
f 5570 5642 5641
f 5570 5571 5642
f 5571 5643 5642
f 5571 5572 5643
f 5572 5644 5643
f 5572 5573 5644
f 5573 5645 5644
f 5573 5574 5645
f 5574 5646 5645
f 5574 5575 5646
f 5575 5647 5646
f 5575 5576 5647
f 5576 5648 5647
f 5576 5577 5648
f 5577 5649 5648
f 5577 5578 5649
f 5578 5650 5649
f 5578 5579 5650
f 5579 5651 5650
f 5579 5580 5651
f 5580 5652 5651
f 5580 5581 5652
f 5581 5653 5652
f 5581 5582 5653
f 5582 5654 5653
f 5582 5583 5654
f 5583 5655 5654
f 5583 5584 5655
f 5584 5656 5655
f 5584 5585 5656
f 5585 5657 5656
f 5585 5586 5657
f 5586 5658 5657
f 5586 5587 5658
f 5587 5659 5658
f 5587 5588 5659
f 5588 5660 5659
f 5588 5589 5660
f 5589 5661 5660
f 5589 5590 5661
f 5590 5662 5661
f 5590 5591 5662
f 5591 5663 5662
f 5591 5592 5663
f 5592 5664 5663
f 5592 5593 5664
f 5593 5665 5664
f 5593 5594 5665
f 5594 5666 5665
f 5594 5595 5666
f 5595 5667 5666
f 5595 5596 5667
f 5596 5668 5667
f 5596 5597 5668
f 5597 5669 5668
f 5597 5598 5669
f 5598 5670 5669
f 5598 5599 5670
f 5599 5671 5670
f 5599 5600 5671
f 5600 5672 5671
f 5600 5601 5672
f 5601 5673 5672
f 5601 5602 5673
f 5602 5674 5673
f 5602 5603 5674
f 5603 5675 5674
f 5603 5604 5675
f 5604 5676 5675
f 5604 5605 5676
f 5605 5677 5676
f 5605 5606 5677
f 5606 5678 5677
f 5606 5607 5678
f 5607 5679 5678
f 5607 5608 5679
f 5608 5680 5679
f 5608 5609 5680
f 5609 5681 5680
f 5609 5610 5681
f 5610 5682 5681
f 5610 5611 5682
f 5611 5683 5682
f 5611 5612 5683
f 5612 5684 5683
f 5612 5613 5684
f 5613 5685 5684
f 5613 5614 5685
f 5614 5686 5685
f 5614 5615 5686
f 5615 5687 5686
f 5615 5616 5687
f 5616 5688 5687
f 5616 5545 5688
f 5545 5617 5688
f 5617 5618 5689
f 5618 5690 5689
f 5618 5619 5690
f 5619 5691 5690
f 5619 5620 5691
f 5620 5692 5691
f 5620 5621 5692
f 5621 5693 5692
f 5621 5622 5693
f 5622 5694 5693
f 5622 5623 5694
f 5623 5695 5694
f 5623 5624 5695
f 5624 5696 5695
f 5624 5625 5696
f 5625 5697 5696
f 5625 5626 5697
f 5626 5698 5697
f 5626 5627 5698
f 5627 5699 5698
f 5627 5628 5699
f 5628 5700 5699
f 5628 5629 5700
f 5629 5701 5700
f 5629 5630 5701
f 5630 5702 5701
f 5630 5631 5702
f 5631 5703 5702
f 5631 5632 5703
f 5632 5704 5703
f 5632 5633 5704
f 5633 5705 5704
f 5633 5634 5705
f 5634 5706 5705
f 5634 5635 5706
f 5635 5707 5706
f 5635 5636 5707
f 5636 5708 5707
f 5636 5637 5708
f 5637 5709 5708
f 5637 5638 5709
f 5638 5710 5709
f 5638 5639 5710
f 5639 5711 5710
f 5639 5640 5711
f 5640 5712 5711
f 5640 5641 5712
f 5641 5713 5712
f 5641 5642 5713
f 5642 5714 5713
f 5642 5643 5714
f 5643 5715 5714
f 5643 5644 5715
f 5644 5716 5715
f 5644 5645 5716
f 5645 5717 5716
f 5645 5646 5717
f 5646 5718 5717
f 5646 5647 5718
f 5647 5719 5718
f 5647 5648 5719
f 5648 5720 5719
f 5648 5649 5720
f 5649 5721 5720
f 5649 5650 5721
f 5650 5722 5721
f 5650 5651 5722
f 5651 5723 5722
f 5651 5652 5723
f 5652 5724 5723
f 5652 5653 5724
f 5653 5725 5724
f 5653 5654 5725
f 5654 5726 5725
f 5654 5655 5726
f 5655 5727 5726
f 5655 5656 5727
f 5656 5728 5727
f 5656 5657 5728
f 5657 5729 5728
f 5657 5658 5729
f 5658 5730 5729
f 5658 5659 5730
f 5659 5731 5730
f 5659 5660 5731
f 5660 5732 5731
f 5660 5661 5732
f 5661 5733 5732
f 5661 5662 5733
f 5662 5734 5733
f 5662 5663 5734
f 5663 5735 5734
f 5663 5664 5735
f 5664 5736 5735
f 5664 5665 5736
f 5665 5737 5736
f 5665 5666 5737
f 5666 5738 5737
f 5666 5667 5738
f 5667 5739 5738
f 5667 5668 5739
f 5668 5740 5739
f 5668 5669 5740
f 5669 5741 5740
f 5669 5670 5741
f 5670 5742 5741
f 5670 5671 5742
f 5671 5743 5742
f 5671 5672 5743
f 5672 5744 5743
f 5672 5673 5744
f 5673 5745 5744
f 5673 5674 5745
f 5674 5746 5745
f 5674 5675 5746
f 5675 5747 5746
f 5675 5676 5747
f 5676 5748 5747
f 5676 5677 5748
f 5677 5749 5748
f 5677 5678 5749
f 5678 5750 5749
f 5678 5679 5750
f 5679 5751 5750
f 5679 5680 5751
f 5680 5752 5751
f 5680 5681 5752
f 5681 5753 5752
f 5681 5682 5753
f 5682 5754 5753
f 5682 5683 5754
f 5683 5755 5754
f 5683 5684 5755
f 5684 5756 5755
f 5684 5685 5756
f 5685 5757 5756
f 5685 5686 5757
f 5686 5758 5757
f 5686 5687 5758
f 5687 5759 5758
f 5687 5688 5759
f 5688 5760 5759
f 5688 5617 5760
f 5617 5689 5760
f 5689 5690 5761
f 5690 5762 5761
f 5690 5691 5762
f 5691 5763 5762
f 5691 5692 5763
f 5692 5764 5763
f 5692 5693 5764
f 5693 5765 5764
f 5693 5694 5765
f 5694 5766 5765
f 5694 5695 5766
f 5695 5767 5766
f 5695 5696 5767
f 5696 5768 5767
f 5696 5697 5768
f 5697 5769 5768
f 5697 5698 5769
f 5698 5770 5769
f 5698 5699 5770
f 5699 5771 5770
f 5699 5700 5771
f 5700 5772 5771
f 5700 5701 5772
f 5701 5773 5772
f 5701 5702 5773
f 5702 5774 5773
f 5702 5703 5774
f 5703 5775 5774
f 5703 5704 5775
f 5704 5776 5775
f 5704 5705 5776
f 5705 5777 5776
f 5705 5706 5777
f 5706 5778 5777
f 5706 5707 5778
f 5707 5779 5778
f 5707 5708 5779
f 5708 5780 5779
f 5708 5709 5780
f 5709 5781 5780
f 5709 5710 5781
f 5710 5782 5781
f 5710 5711 5782
f 5711 5783 5782
f 5711 5712 5783
f 5712 5784 5783
f 5712 5713 5784
f 5713 5785 5784
f 5713 5714 5785
f 5714 5786 5785
f 5714 5715 5786
f 5715 5787 5786
f 5715 5716 5787
f 5716 5788 5787
f 5716 5717 5788
f 5717 5789 5788
f 5717 5718 5789
f 5718 5790 5789
f 5718 5719 5790
f 5719 5791 5790
f 5719 5720 5791
f 5720 5792 5791
f 5720 5721 5792
f 5721 5793 5792
f 5721 5722 5793
f 5722 5794 5793
f 5722 5723 5794
f 5723 5795 5794
f 5723 5724 5795
f 5724 5796 5795
f 5724 5725 5796
f 5725 5797 5796
f 5725 5726 5797
f 5726 5798 5797
f 5726 5727 5798
f 5727 5799 5798
f 5727 5728 5799
f 5728 5800 5799
f 5728 5729 5800
f 5729 5801 5800
f 5729 5730 5801
f 5730 5802 5801
f 5730 5731 5802
f 5731 5803 5802
f 5731 5732 5803
f 5732 5804 5803
f 5732 5733 5804
f 5733 5805 5804
f 5733 5734 5805
f 5734 5806 5805
f 5734 5735 5806
f 5735 5807 5806
f 5735 5736 5807
f 5736 5808 5807
f 5736 5737 5808
f 5737 5809 5808
f 5737 5738 5809
f 5738 5810 5809
f 5738 5739 5810
f 5739 5811 5810
f 5739 5740 5811
f 5740 5812 5811
f 5740 5741 5812
f 5741 5813 5812
f 5741 5742 5813
f 5742 5814 5813
f 5742 5743 5814
f 5743 5815 5814
f 5743 5744 5815
f 5744 5816 5815
f 5744 5745 5816
f 5745 5817 5816
f 5745 5746 5817
f 5746 5818 5817
f 5746 5747 5818
f 5747 5819 5818
f 5747 5748 5819
f 5748 5820 5819
f 5748 5749 5820
f 5749 5821 5820
f 5749 5750 5821
f 5750 5822 5821
f 5750 5751 5822
f 5751 5823 5822
f 5751 5752 5823
f 5752 5824 5823
f 5752 5753 5824
f 5753 5825 5824
f 5753 5754 5825
f 5754 5826 5825
f 5754 5755 5826
f 5755 5827 5826
f 5755 5756 5827
f 5756 5828 5827
f 5756 5757 5828
f 5757 5829 5828
f 5757 5758 5829
f 5758 5830 5829
f 5758 5759 5830
f 5759 5831 5830
f 5759 5760 5831
f 5760 5832 5831
f 5760 5689 5832
f 5689 5761 5832
f 5761 5762 5833
f 5762 5834 5833
f 5762 5763 5834
f 5763 5835 5834
f 5763 5764 5835
f 5764 5836 5835
f 5764 5765 5836
f 5765 5837 5836
f 5765 5766 5837
f 5766 5838 5837
f 5766 5767 5838
f 5767 5839 5838
f 5767 5768 5839
f 5768 5840 5839
f 5768 5769 5840
f 5769 5841 5840
f 5769 5770 5841
f 5770 5842 5841
f 5770 5771 5842
f 5771 5843 5842
f 5771 5772 5843
f 5772 5844 5843
f 5772 5773 5844
f 5773 5845 5844
f 5773 5774 5845
f 5774 5846 5845
f 5774 5775 5846
f 5775 5847 5846
f 5775 5776 5847
f 5776 5848 5847
f 5776 5777 5848
f 5777 5849 5848
f 5777 5778 5849
f 5778 5850 5849
f 5778 5779 5850
f 5779 5851 5850
f 5779 5780 5851
f 5780 5852 5851
f 5780 5781 5852
f 5781 5853 5852
f 5781 5782 5853
f 5782 5854 5853
f 5782 5783 5854
f 5783 5855 5854
f 5783 5784 5855
f 5784 5856 5855
f 5784 5785 5856
f 5785 5857 5856
f 5785 5786 5857
f 5786 5858 5857
f 5786 5787 5858
f 5787 5859 5858
f 5787 5788 5859
f 5788 5860 5859
f 5788 5789 5860
f 5789 5861 5860
f 5789 5790 5861
f 5790 5862 5861
f 5790 5791 5862
f 5791 5863 5862
f 5791 5792 5863
f 5792 5864 5863
f 5792 5793 5864
f 5793 5865 5864
f 5793 5794 5865
f 5794 5866 5865
f 5794 5795 5866
f 5795 5867 5866
f 5795 5796 5867
f 5796 5868 5867
f 5796 5797 5868
f 5797 5869 5868
f 5797 5798 5869
f 5798 5870 5869
f 5798 5799 5870
f 5799 5871 5870
f 5799 5800 5871
f 5800 5872 5871
f 5800 5801 5872
f 5801 5873 5872
f 5801 5802 5873
f 5802 5874 5873
f 5802 5803 5874
f 5803 5875 5874
f 5803 5804 5875
f 5804 5876 5875
f 5804 5805 5876
f 5805 5877 5876
f 5805 5806 5877
f 5806 5878 5877
f 5806 5807 5878
f 5807 5879 5878
f 5807 5808 5879
f 5808 5880 5879
f 5808 5809 5880
f 5809 5881 5880
f 5809 5810 5881
f 5810 5882 5881
f 5810 5811 5882
f 5811 5883 5882
f 5811 5812 5883
f 5812 5884 5883
f 5812 5813 5884
f 5813 5885 5884
f 5813 5814 5885
f 5814 5886 5885
f 5814 5815 5886
f 5815 5887 5886
f 5815 5816 5887
f 5816 5888 5887
f 5816 5817 5888
f 5817 5889 5888
f 5817 5818 5889
f 5818 5890 5889
f 5818 5819 5890
f 5819 5891 5890
f 5819 5820 5891
f 5820 5892 5891
f 5820 5821 5892
f 5821 5893 5892
f 5821 5822 5893
f 5822 5894 5893
f 5822 5823 5894
f 5823 5895 5894
f 5823 5824 5895
f 5824 5896 5895
f 5824 5825 5896
f 5825 5897 5896
f 5825 5826 5897
f 5826 5898 5897
f 5826 5827 5898
f 5827 5899 5898
f 5827 5828 5899
f 5828 5900 5899
f 5828 5829 5900
f 5829 5901 5900
f 5829 5830 5901
f 5830 5902 5901
f 5830 5831 5902
f 5831 5903 5902
f 5831 5832 5903
f 5832 5904 5903
f 5832 5761 5904
f 5761 5833 5904
f 5833 5834 5905
f 5834 5906 5905
f 5834 5835 5906
f 5835 5907 5906
f 5835 5836 5907
f 5836 5908 5907
f 5836 5837 5908
f 5837 5909 5908
f 5837 5838 5909
f 5838 5910 5909
f 5838 5839 5910
f 5839 5911 5910
f 5839 5840 5911
f 5840 5912 5911
f 5840 5841 5912
f 5841 5913 5912
f 5841 5842 5913
f 5842 5914 5913
f 5842 5843 5914
f 5843 5915 5914
f 5843 5844 5915
f 5844 5916 5915
f 5844 5845 5916
f 5845 5917 5916
f 5845 5846 5917
f 5846 5918 5917
f 5846 5847 5918
f 5847 5919 5918
f 5847 5848 5919
f 5848 5920 5919
f 5848 5849 5920
f 5849 5921 5920
f 5849 5850 5921
f 5850 5922 5921
f 5850 5851 5922
f 5851 5923 5922
f 5851 5852 5923
f 5852 5924 5923
f 5852 5853 5924
f 5853 5925 5924
f 5853 5854 5925
f 5854 5926 5925
f 5854 5855 5926
f 5855 5927 5926
f 5855 5856 5927
f 5856 5928 5927
f 5856 5857 5928
f 5857 5929 5928
f 5857 5858 5929
f 5858 5930 5929
f 5858 5859 5930
f 5859 5931 5930
f 5859 5860 5931
f 5860 5932 5931
f 5860 5861 5932
f 5861 5933 5932
f 5861 5862 5933
f 5862 5934 5933
f 5862 5863 5934
f 5863 5935 5934
f 5863 5864 5935
f 5864 5936 5935
f 5864 5865 5936
f 5865 5937 5936
f 5865 5866 5937
f 5866 5938 5937
f 5866 5867 5938
f 5867 5939 5938
f 5867 5868 5939
f 5868 5940 5939
f 5868 5869 5940
f 5869 5941 5940
f 5869 5870 5941
f 5870 5942 5941
f 5870 5871 5942
f 5871 5943 5942
f 5871 5872 5943
f 5872 5944 5943
f 5872 5873 5944
f 5873 5945 5944
f 5873 5874 5945
f 5874 5946 5945
f 5874 5875 5946
f 5875 5947 5946
f 5875 5876 5947
f 5876 5948 5947
f 5876 5877 5948
f 5877 5949 5948
f 5877 5878 5949
f 5878 5950 5949
f 5878 5879 5950
f 5879 5951 5950
f 5879 5880 5951
f 5880 5952 5951
f 5880 5881 5952
f 5881 5953 5952
f 5881 5882 5953
f 5882 5954 5953
f 5882 5883 5954
f 5883 5955 5954
f 5883 5884 5955
f 5884 5956 5955
f 5884 5885 5956
f 5885 5957 5956
f 5885 5886 5957
f 5886 5958 5957
f 5886 5887 5958
f 5887 5959 5958
f 5887 5888 5959
f 5888 5960 5959
f 5888 5889 5960
f 5889 5961 5960
f 5889 5890 5961
f 5890 5962 5961
f 5890 5891 5962
f 5891 5963 5962
f 5891 5892 5963
f 5892 5964 5963
f 5892 5893 5964
f 5893 5965 5964
f 5893 5894 5965
f 5894 5966 5965
f 5894 5895 5966
f 5895 5967 5966
f 5895 5896 5967
f 5896 5968 5967
f 5896 5897 5968
f 5897 5969 5968
f 5897 5898 5969
f 5898 5970 5969
f 5898 5899 5970
f 5899 5971 5970
f 5899 5900 5971
f 5900 5972 5971
f 5900 5901 5972
f 5901 5973 5972
f 5901 5902 5973
f 5902 5974 5973
f 5902 5903 5974
f 5903 5975 5974
f 5903 5904 5975
f 5904 5976 5975
f 5904 5833 5976
f 5833 5905 5976
f 5905 5906 5977
f 5906 5978 5977
f 5906 5907 5978
f 5907 5979 5978
f 5907 5908 5979
f 5908 5980 5979
f 5908 5909 5980
f 5909 5981 5980
f 5909 5910 5981
f 5910 5982 5981
f 5910 5911 5982
f 5911 5983 5982
f 5911 5912 5983
f 5912 5984 5983
f 5912 5913 5984
f 5913 5985 5984
f 5913 5914 5985
f 5914 5986 5985
f 5914 5915 5986
f 5915 5987 5986
f 5915 5916 5987
f 5916 5988 5987
f 5916 5917 5988
f 5917 5989 5988
f 5917 5918 5989
f 5918 5990 5989
f 5918 5919 5990
f 5919 5991 5990
f 5919 5920 5991
f 5920 5992 5991
f 5920 5921 5992
f 5921 5993 5992
f 5921 5922 5993
f 5922 5994 5993
f 5922 5923 5994
f 5923 5995 5994
f 5923 5924 5995
f 5924 5996 5995
f 5924 5925 5996
f 5925 5997 5996
f 5925 5926 5997
f 5926 5998 5997
f 5926 5927 5998
f 5927 5999 5998
f 5927 5928 5999
f 5928 6000 5999
f 5928 5929 6000
f 5929 6001 6000
f 5929 5930 6001
f 5930 6002 6001
f 5930 5931 6002
f 5931 6003 6002
f 5931 5932 6003
f 5932 6004 6003
f 5932 5933 6004
f 5933 6005 6004
f 5933 5934 6005
f 5934 6006 6005
f 5934 5935 6006
f 5935 6007 6006
f 5935 5936 6007
f 5936 6008 6007
f 5936 5937 6008
f 5937 6009 6008
f 5937 5938 6009
f 5938 6010 6009
f 5938 5939 6010
f 5939 6011 6010
f 5939 5940 6011
f 5940 6012 6011
f 5940 5941 6012
f 5941 6013 6012
f 5941 5942 6013
f 5942 6014 6013
f 5942 5943 6014
f 5943 6015 6014
f 5943 5944 6015
f 5944 6016 6015
f 5944 5945 6016
f 5945 6017 6016
f 5945 5946 6017
f 5946 6018 6017
f 5946 5947 6018
f 5947 6019 6018
f 5947 5948 6019
f 5948 6020 6019
f 5948 5949 6020
f 5949 6021 6020
f 5949 5950 6021
f 5950 6022 6021
f 5950 5951 6022
f 5951 6023 6022
f 5951 5952 6023
f 5952 6024 6023
f 5952 5953 6024
f 5953 6025 6024
f 5953 5954 6025
f 5954 6026 6025
f 5954 5955 6026
f 5955 6027 6026
f 5955 5956 6027
f 5956 6028 6027
f 5956 5957 6028
f 5957 6029 6028
f 5957 5958 6029
f 5958 6030 6029
f 5958 5959 6030
f 5959 6031 6030
f 5959 5960 6031
f 5960 6032 6031
f 5960 5961 6032
f 5961 6033 6032
f 5961 5962 6033
f 5962 6034 6033
f 5962 5963 6034
f 5963 6035 6034
f 5963 5964 6035
f 5964 6036 6035
f 5964 5965 6036
f 5965 6037 6036
f 5965 5966 6037
f 5966 6038 6037
f 5966 5967 6038
f 5967 6039 6038
f 5967 5968 6039
f 5968 6040 6039
f 5968 5969 6040
f 5969 6041 6040
f 5969 5970 6041
f 5970 6042 6041
f 5970 5971 6042
f 5971 6043 6042
f 5971 5972 6043
f 5972 6044 6043
f 5972 5973 6044
f 5973 6045 6044
f 5973 5974 6045
f 5974 6046 6045
f 5974 5975 6046
f 5975 6047 6046
f 5975 5976 6047
f 5976 6048 6047
f 5976 5905 6048
f 5905 5977 6048
f 5977 5978 6049
f 5978 6050 6049
f 5978 5979 6050
f 5979 6051 6050
f 5979 5980 6051
f 5980 6052 6051
f 5980 5981 6052
f 5981 6053 6052
f 5981 5982 6053
f 5982 6054 6053
f 5982 5983 6054
f 5983 6055 6054
f 5983 5984 6055
f 5984 6056 6055
f 5984 5985 6056
f 5985 6057 6056
f 5985 5986 6057
f 5986 6058 6057
f 5986 5987 6058
f 5987 6059 6058
f 5987 5988 6059
f 5988 6060 6059
f 5988 5989 6060
f 5989 6061 6060
f 5989 5990 6061
f 5990 6062 6061
f 5990 5991 6062
f 5991 6063 6062
f 5991 5992 6063
f 5992 6064 6063
f 5992 5993 6064
f 5993 6065 6064
f 5993 5994 6065
f 5994 6066 6065
f 5994 5995 6066
f 5995 6067 6066
f 5995 5996 6067
f 5996 6068 6067
f 5996 5997 6068
f 5997 6069 6068
f 5997 5998 6069
f 5998 6070 6069
f 5998 5999 6070
f 5999 6071 6070
f 5999 6000 6071
f 6000 6072 6071
f 6000 6001 6072
f 6001 6073 6072
f 6001 6002 6073
f 6002 6074 6073
f 6002 6003 6074
f 6003 6075 6074
f 6003 6004 6075
f 6004 6076 6075
f 6004 6005 6076
f 6005 6077 6076
f 6005 6006 6077
f 6006 6078 6077
f 6006 6007 6078
f 6007 6079 6078
f 6007 6008 6079
f 6008 6080 6079
f 6008 6009 6080
f 6009 6081 6080
f 6009 6010 6081
f 6010 6082 6081
f 6010 6011 6082
f 6011 6083 6082
f 6011 6012 6083
f 6012 6084 6083
f 6012 6013 6084
f 6013 6085 6084
f 6013 6014 6085
f 6014 6086 6085
f 6014 6015 6086
f 6015 6087 6086
f 6015 6016 6087
f 6016 6088 6087
f 6016 6017 6088
f 6017 6089 6088
f 6017 6018 6089
f 6018 6090 6089
f 6018 6019 6090
f 6019 6091 6090
f 6019 6020 6091
f 6020 6092 6091
f 6020 6021 6092
f 6021 6093 6092
f 6021 6022 6093
f 6022 6094 6093
f 6022 6023 6094
f 6023 6095 6094
f 6023 6024 6095
f 6024 6096 6095
f 6024 6025 6096
f 6025 6097 6096
f 6025 6026 6097
f 6026 6098 6097
f 6026 6027 6098
f 6027 6099 6098
f 6027 6028 6099
f 6028 6100 6099
f 6028 6029 6100
f 6029 6101 6100
f 6029 6030 6101
f 6030 6102 6101
f 6030 6031 6102
f 6031 6103 6102
f 6031 6032 6103
f 6032 6104 6103
f 6032 6033 6104
f 6033 6105 6104
f 6033 6034 6105
f 6034 6106 6105
f 6034 6035 6106
f 6035 6107 6106
f 6035 6036 6107
f 6036 6108 6107
f 6036 6037 6108
f 6037 6109 6108
f 6037 6038 6109
f 6038 6110 6109
f 6038 6039 6110
f 6039 6111 6110
f 6039 6040 6111
f 6040 6112 6111
f 6040 6041 6112
f 6041 6113 6112
f 6041 6042 6113
f 6042 6114 6113
f 6042 6043 6114
f 6043 6115 6114
f 6043 6044 6115
f 6044 6116 6115
f 6044 6045 6116
f 6045 6117 6116
f 6045 6046 6117
f 6046 6118 6117
f 6046 6047 6118
f 6047 6119 6118
f 6047 6048 6119
f 6048 6120 6119
f 6048 5977 6120
f 5977 6049 6120
f 6049 6050 6121
f 6050 6122 6121
f 6050 6051 6122
f 6051 6123 6122
f 6051 6052 6123
f 6052 6124 6123
f 6052 6053 6124
f 6053 6125 6124
f 6053 6054 6125
f 6054 6126 6125
f 6054 6055 6126
f 6055 6127 6126
f 6055 6056 6127
f 6056 6128 6127
f 6056 6057 6128
f 6057 6129 6128
f 6057 6058 6129
f 6058 6130 6129
f 6058 6059 6130
f 6059 6131 6130
f 6059 6060 6131
f 6060 6132 6131
f 6060 6061 6132
f 6061 6133 6132
f 6061 6062 6133
f 6062 6134 6133
f 6062 6063 6134
f 6063 6135 6134
f 6063 6064 6135
f 6064 6136 6135
f 6064 6065 6136
f 6065 6137 6136
f 6065 6066 6137
f 6066 6138 6137
f 6066 6067 6138
f 6067 6139 6138
f 6067 6068 6139
f 6068 6140 6139
f 6068 6069 6140
f 6069 6141 6140
f 6069 6070 6141
f 6070 6142 6141
f 6070 6071 6142
f 6071 6143 6142
f 6071 6072 6143
f 6072 6144 6143
f 6072 6073 6144
f 6073 6145 6144
f 6073 6074 6145
f 6074 6146 6145
f 6074 6075 6146
f 6075 6147 6146
f 6075 6076 6147
f 6076 6148 6147
f 6076 6077 6148
f 6077 6149 6148
f 6077 6078 6149
f 6078 6150 6149
f 6078 6079 6150
f 6079 6151 6150
f 6079 6080 6151
f 6080 6152 6151
f 6080 6081 6152
f 6081 6153 6152
f 6081 6082 6153
f 6082 6154 6153
f 6082 6083 6154
f 6083 6155 6154
f 6083 6084 6155
f 6084 6156 6155
f 6084 6085 6156
f 6085 6157 6156
f 6085 6086 6157
f 6086 6158 6157
f 6086 6087 6158
f 6087 6159 6158
f 6087 6088 6159
f 6088 6160 6159
f 6088 6089 6160
f 6089 6161 6160
f 6089 6090 6161
f 6090 6162 6161
f 6090 6091 6162
f 6091 6163 6162
f 6091 6092 6163
f 6092 6164 6163
f 6092 6093 6164
f 6093 6165 6164
f 6093 6094 6165
f 6094 6166 6165
f 6094 6095 6166
f 6095 6167 6166
f 6095 6096 6167
f 6096 6168 6167
f 6096 6097 6168
f 6097 6169 6168
f 6097 6098 6169
f 6098 6170 6169
f 6098 6099 6170
f 6099 6171 6170
f 6099 6100 6171
f 6100 6172 6171
f 6100 6101 6172
f 6101 6173 6172
f 6101 6102 6173
f 6102 6174 6173
f 6102 6103 6174
f 6103 6175 6174
f 6103 6104 6175
f 6104 6176 6175
f 6104 6105 6176
f 6105 6177 6176
f 6105 6106 6177
f 6106 6178 6177
f 6106 6107 6178
f 6107 6179 6178
f 6107 6108 6179
f 6108 6180 6179
f 6108 6109 6180
f 6109 6181 6180
f 6109 6110 6181
f 6110 6182 6181
f 6110 6111 6182
f 6111 6183 6182
f 6111 6112 6183
f 6112 6184 6183
f 6112 6113 6184
f 6113 6185 6184
f 6113 6114 6185
f 6114 6186 6185
f 6114 6115 6186
f 6115 6187 6186
f 6115 6116 6187
f 6116 6188 6187
f 6116 6117 6188
f 6117 6189 6188
f 6117 6118 6189
f 6118 6190 6189
f 6118 6119 6190
f 6119 6191 6190
f 6119 6120 6191
f 6120 6192 6191
f 6120 6049 6192
f 6049 6121 6192
f 6121 6122 6193
f 6122 6194 6193
f 6122 6123 6194
f 6123 6195 6194
f 6123 6124 6195
f 6124 6196 6195
f 6124 6125 6196
f 6125 6197 6196
f 6125 6126 6197
f 6126 6198 6197
f 6126 6127 6198
f 6127 6199 6198
f 6127 6128 6199
f 6128 6200 6199
f 6128 6129 6200
f 6129 6201 6200
f 6129 6130 6201
f 6130 6202 6201
f 6130 6131 6202
f 6131 6203 6202
f 6131 6132 6203
f 6132 6204 6203
f 6132 6133 6204
f 6133 6205 6204
f 6133 6134 6205
f 6134 6206 6205
f 6134 6135 6206
f 6135 6207 6206
f 6135 6136 6207
f 6136 6208 6207
f 6136 6137 6208
f 6137 6209 6208
f 6137 6138 6209
f 6138 6210 6209
f 6138 6139 6210
f 6139 6211 6210
f 6139 6140 6211
f 6140 6212 6211
f 6140 6141 6212
f 6141 6213 6212
f 6141 6142 6213
f 6142 6214 6213
f 6142 6143 6214
f 6143 6215 6214
f 6143 6144 6215
f 6144 6216 6215
f 6144 6145 6216
f 6145 6217 6216
f 6145 6146 6217
f 6146 6218 6217
f 6146 6147 6218
f 6147 6219 6218
f 6147 6148 6219
f 6148 6220 6219
f 6148 6149 6220
f 6149 6221 6220
f 6149 6150 6221
f 6150 6222 6221
f 6150 6151 6222
f 6151 6223 6222
f 6151 6152 6223
f 6152 6224 6223
f 6152 6153 6224
f 6153 6225 6224
f 6153 6154 6225
f 6154 6226 6225
f 6154 6155 6226
f 6155 6227 6226
f 6155 6156 6227
f 6156 6228 6227
f 6156 6157 6228
f 6157 6229 6228
f 6157 6158 6229
f 6158 6230 6229
f 6158 6159 6230
f 6159 6231 6230
f 6159 6160 6231
f 6160 6232 6231
f 6160 6161 6232
f 6161 6233 6232
f 6161 6162 6233
f 6162 6234 6233
f 6162 6163 6234
f 6163 6235 6234
f 6163 6164 6235
f 6164 6236 6235
f 6164 6165 6236
f 6165 6237 6236
f 6165 6166 6237
f 6166 6238 6237
f 6166 6167 6238
f 6167 6239 6238
f 6167 6168 6239
f 6168 6240 6239
f 6168 6169 6240
f 6169 6241 6240
f 6169 6170 6241
f 6170 6242 6241
f 6170 6171 6242
f 6171 6243 6242
f 6171 6172 6243
f 6172 6244 6243
f 6172 6173 6244
f 6173 6245 6244
f 6173 6174 6245
f 6174 6246 6245
f 6174 6175 6246
f 6175 6247 6246
f 6175 6176 6247
f 6176 6248 6247
f 6176 6177 6248
f 6177 6249 6248
f 6177 6178 6249
f 6178 6250 6249
f 6178 6179 6250
f 6179 6251 6250
f 6179 6180 6251
f 6180 6252 6251
f 6180 6181 6252
f 6181 6253 6252
f 6181 6182 6253
f 6182 6254 6253
f 6182 6183 6254
f 6183 6255 6254
f 6183 6184 6255
f 6184 6256 6255
f 6184 6185 6256
f 6185 6257 6256
f 6185 6186 6257
f 6186 6258 6257
f 6186 6187 6258
f 6187 6259 6258
f 6187 6188 6259
f 6188 6260 6259
f 6188 6189 6260
f 6189 6261 6260
f 6189 6190 6261
f 6190 6262 6261
f 6190 6191 6262
f 6191 6263 6262
f 6191 6192 6263
f 6192 6264 6263
f 6192 6121 6264
f 6121 6193 6264
f 6193 6194 6265
f 6194 6266 6265
f 6194 6195 6266
f 6195 6267 6266
f 6195 6196 6267
f 6196 6268 6267
f 6196 6197 6268
f 6197 6269 6268
f 6197 6198 6269
f 6198 6270 6269
f 6198 6199 6270
f 6199 6271 6270
f 6199 6200 6271
f 6200 6272 6271
f 6200 6201 6272
f 6201 6273 6272
f 6201 6202 6273
f 6202 6274 6273
f 6202 6203 6274
f 6203 6275 6274
f 6203 6204 6275
f 6204 6276 6275
f 6204 6205 6276
f 6205 6277 6276
f 6205 6206 6277
f 6206 6278 6277
f 6206 6207 6278
f 6207 6279 6278
f 6207 6208 6279
f 6208 6280 6279
f 6208 6209 6280
f 6209 6281 6280
f 6209 6210 6281
f 6210 6282 6281
f 6210 6211 6282
f 6211 6283 6282
f 6211 6212 6283
f 6212 6284 6283
f 6212 6213 6284
f 6213 6285 6284
f 6213 6214 6285
f 6214 6286 6285
f 6214 6215 6286
f 6215 6287 6286
f 6215 6216 6287
f 6216 6288 6287
f 6216 6217 6288
f 6217 6289 6288
f 6217 6218 6289
f 6218 6290 6289
f 6218 6219 6290
f 6219 6291 6290
f 6219 6220 6291
f 6220 6292 6291
f 6220 6221 6292
f 6221 6293 6292
f 6221 6222 6293
f 6222 6294 6293
f 6222 6223 6294
f 6223 6295 6294
f 6223 6224 6295
f 6224 6296 6295
f 6224 6225 6296
f 6225 6297 6296
f 6225 6226 6297
f 6226 6298 6297
f 6226 6227 6298
f 6227 6299 6298
f 6227 6228 6299
f 6228 6300 6299
f 6228 6229 6300
f 6229 6301 6300
f 6229 6230 6301
f 6230 6302 6301
f 6230 6231 6302
f 6231 6303 6302
f 6231 6232 6303
f 6232 6304 6303
f 6232 6233 6304
f 6233 6305 6304
f 6233 6234 6305
f 6234 6306 6305
f 6234 6235 6306
f 6235 6307 6306
f 6235 6236 6307
f 6236 6308 6307
f 6236 6237 6308
f 6237 6309 6308
f 6237 6238 6309
f 6238 6310 6309
f 6238 6239 6310
f 6239 6311 6310
f 6239 6240 6311
f 6240 6312 6311
f 6240 6241 6312
f 6241 6313 6312
f 6241 6242 6313
f 6242 6314 6313
f 6242 6243 6314
f 6243 6315 6314
f 6243 6244 6315
f 6244 6316 6315
f 6244 6245 6316
f 6245 6317 6316
f 6245 6246 6317
f 6246 6318 6317
f 6246 6247 6318
f 6247 6319 6318
f 6247 6248 6319
f 6248 6320 6319
f 6248 6249 6320
f 6249 6321 6320
f 6249 6250 6321
f 6250 6322 6321
f 6250 6251 6322
f 6251 6323 6322
f 6251 6252 6323
f 6252 6324 6323
f 6252 6253 6324
f 6253 6325 6324
f 6253 6254 6325
f 6254 6326 6325
f 6254 6255 6326
f 6255 6327 6326
f 6255 6256 6327
f 6256 6328 6327
f 6256 6257 6328
f 6257 6329 6328
f 6257 6258 6329
f 6258 6330 6329
f 6258 6259 6330
f 6259 6331 6330
f 6259 6260 6331
f 6260 6332 6331
f 6260 6261 6332
f 6261 6333 6332
f 6261 6262 6333
f 6262 6334 6333
f 6262 6263 6334
f 6263 6335 6334
f 6263 6264 6335
f 6264 6336 6335
f 6264 6193 6336
f 6193 6265 6336
f 6265 6266 6337
f 6266 6338 6337
f 6266 6267 6338
f 6267 6339 6338
f 6267 6268 6339
f 6268 6340 6339
f 6268 6269 6340
f 6269 6341 6340
f 6269 6270 6341
f 6270 6342 6341
f 6270 6271 6342
f 6271 6343 6342
f 6271 6272 6343
f 6272 6344 6343
f 6272 6273 6344
f 6273 6345 6344
f 6273 6274 6345
f 6274 6346 6345
f 6274 6275 6346
f 6275 6347 6346
f 6275 6276 6347
f 6276 6348 6347
f 6276 6277 6348
f 6277 6349 6348
f 6277 6278 6349
f 6278 6350 6349
f 6278 6279 6350
f 6279 6351 6350
f 6279 6280 6351
f 6280 6352 6351
f 6280 6281 6352
f 6281 6353 6352
f 6281 6282 6353
f 6282 6354 6353
f 6282 6283 6354
f 6283 6355 6354
f 6283 6284 6355
f 6284 6356 6355
f 6284 6285 6356
f 6285 6357 6356
f 6285 6286 6357
f 6286 6358 6357
f 6286 6287 6358
f 6287 6359 6358
f 6287 6288 6359
f 6288 6360 6359
f 6288 6289 6360
f 6289 6361 6360
f 6289 6290 6361
f 6290 6362 6361
f 6290 6291 6362
f 6291 6363 6362
f 6291 6292 6363
f 6292 6364 6363
f 6292 6293 6364
f 6293 6365 6364
f 6293 6294 6365
f 6294 6366 6365
f 6294 6295 6366
f 6295 6367 6366
f 6295 6296 6367
f 6296 6368 6367
f 6296 6297 6368
f 6297 6369 6368
f 6297 6298 6369
f 6298 6370 6369
f 6298 6299 6370
f 6299 6371 6370
f 6299 6300 6371
f 6300 6372 6371
f 6300 6301 6372
f 6301 6373 6372
f 6301 6302 6373
f 6302 6374 6373
f 6302 6303 6374
f 6303 6375 6374
f 6303 6304 6375
f 6304 6376 6375
f 6304 6305 6376
f 6305 6377 6376
f 6305 6306 6377
f 6306 6378 6377
f 6306 6307 6378
f 6307 6379 6378
f 6307 6308 6379
f 6308 6380 6379
f 6308 6309 6380
f 6309 6381 6380
f 6309 6310 6381
f 6310 6382 6381
f 6310 6311 6382
f 6311 6383 6382
f 6311 6312 6383
f 6312 6384 6383
f 6312 6313 6384
f 6313 6385 6384
f 6313 6314 6385
f 6314 6386 6385
f 6314 6315 6386
f 6315 6387 6386
f 6315 6316 6387
f 6316 6388 6387
f 6316 6317 6388
f 6317 6389 6388
f 6317 6318 6389
f 6318 6390 6389
f 6318 6319 6390
f 6319 6391 6390
f 6319 6320 6391
f 6320 6392 6391
f 6320 6321 6392
f 6321 6393 6392
f 6321 6322 6393
f 6322 6394 6393
f 6322 6323 6394
f 6323 6395 6394
f 6323 6324 6395
f 6324 6396 6395
f 6324 6325 6396
f 6325 6397 6396
f 6325 6326 6397
f 6326 6398 6397
f 6326 6327 6398
f 6327 6399 6398
f 6327 6328 6399
f 6328 6400 6399
f 6328 6329 6400
f 6329 6401 6400
f 6329 6330 6401
f 6330 6402 6401
f 6330 6331 6402
f 6331 6403 6402
f 6331 6332 6403
f 6332 6404 6403
f 6332 6333 6404
f 6333 6405 6404
f 6333 6334 6405
f 6334 6406 6405
f 6334 6335 6406
f 6335 6407 6406
f 6335 6336 6407
f 6336 6408 6407
f 6336 6265 6408
f 6265 6337 6408
f 6337 6338 6409
f 6338 6410 6409
f 6338 6339 6410
f 6339 6411 6410
f 6339 6340 6411
f 6340 6412 6411
f 6340 6341 6412
f 6341 6413 6412
f 6341 6342 6413
f 6342 6414 6413
f 6342 6343 6414
f 6343 6415 6414
f 6343 6344 6415
f 6344 6416 6415
f 6344 6345 6416
f 6345 6417 6416
f 6345 6346 6417
f 6346 6418 6417
f 6346 6347 6418
f 6347 6419 6418
f 6347 6348 6419
f 6348 6420 6419
f 6348 6349 6420
f 6349 6421 6420
f 6349 6350 6421
f 6350 6422 6421
f 6350 6351 6422
f 6351 6423 6422
f 6351 6352 6423
f 6352 6424 6423
f 6352 6353 6424
f 6353 6425 6424
f 6353 6354 6425
f 6354 6426 6425
f 6354 6355 6426
f 6355 6427 6426
f 6355 6356 6427
f 6356 6428 6427
f 6356 6357 6428
f 6357 6429 6428
f 6357 6358 6429
f 6358 6430 6429
f 6358 6359 6430
f 6359 6431 6430
f 6359 6360 6431
f 6360 6432 6431
f 6360 6361 6432
f 6361 6433 6432
f 6361 6362 6433
f 6362 6434 6433
f 6362 6363 6434
f 6363 6435 6434
f 6363 6364 6435
f 6364 6436 6435
f 6364 6365 6436
f 6365 6437 6436
f 6365 6366 6437
f 6366 6438 6437
f 6366 6367 6438
f 6367 6439 6438
f 6367 6368 6439
f 6368 6440 6439
f 6368 6369 6440
f 6369 6441 6440
f 6369 6370 6441
f 6370 6442 6441
f 6370 6371 6442
f 6371 6443 6442
f 6371 6372 6443
f 6372 6444 6443
f 6372 6373 6444
f 6373 6445 6444
f 6373 6374 6445
f 6374 6446 6445
f 6374 6375 6446
f 6375 6447 6446
f 6375 6376 6447
f 6376 6448 6447
f 6376 6377 6448
f 6377 6449 6448
f 6377 6378 6449
f 6378 6450 6449
f 6378 6379 6450
f 6379 6451 6450
f 6379 6380 6451
f 6380 6452 6451
f 6380 6381 6452
f 6381 6453 6452
f 6381 6382 6453
f 6382 6454 6453
f 6382 6383 6454
f 6383 6455 6454
f 6383 6384 6455
f 6384 6456 6455
f 6384 6385 6456
f 6385 6457 6456
f 6385 6386 6457
f 6386 6458 6457
f 6386 6387 6458
f 6387 6459 6458
f 6387 6388 6459
f 6388 6460 6459
f 6388 6389 6460
f 6389 6461 6460
f 6389 6390 6461
f 6390 6462 6461
f 6390 6391 6462
f 6391 6463 6462
f 6391 6392 6463
f 6392 6464 6463
f 6392 6393 6464
f 6393 6465 6464
f 6393 6394 6465
f 6394 6466 6465
f 6394 6395 6466
f 6395 6467 6466
f 6395 6396 6467
f 6396 6468 6467
f 6396 6397 6468
f 6397 6469 6468
f 6397 6398 6469
f 6398 6470 6469
f 6398 6399 6470
f 6399 6471 6470
f 6399 6400 6471
f 6400 6472 6471
f 6400 6401 6472
f 6401 6473 6472
f 6401 6402 6473
f 6402 6474 6473
f 6402 6403 6474
f 6403 6475 6474
f 6403 6404 6475
f 6404 6476 6475
f 6404 6405 6476
f 6405 6477 6476
f 6405 6406 6477
f 6406 6478 6477
f 6406 6407 6478
f 6407 6479 6478
f 6407 6408 6479
f 6408 6480 6479
f 6408 6337 6480
f 6337 6409 6480
f 6409 6410 6481
f 6410 6482 6481
f 6410 6411 6482
f 6411 6483 6482
f 6411 6412 6483
f 6412 6484 6483
f 6412 6413 6484
f 6413 6485 6484
f 6413 6414 6485
f 6414 6486 6485
f 6414 6415 6486
f 6415 6487 6486
f 6415 6416 6487
f 6416 6488 6487
f 6416 6417 6488
f 6417 6489 6488
f 6417 6418 6489
f 6418 6490 6489
f 6418 6419 6490
f 6419 6491 6490
f 6419 6420 6491
f 6420 6492 6491
f 6420 6421 6492
f 6421 6493 6492
f 6421 6422 6493
f 6422 6494 6493
f 6422 6423 6494
f 6423 6495 6494
f 6423 6424 6495
f 6424 6496 6495
f 6424 6425 6496
f 6425 6497 6496
f 6425 6426 6497
f 6426 6498 6497
f 6426 6427 6498
f 6427 6499 6498
f 6427 6428 6499
f 6428 6500 6499
f 6428 6429 6500
f 6429 6501 6500
f 6429 6430 6501
f 6430 6502 6501
f 6430 6431 6502
f 6431 6503 6502
f 6431 6432 6503
f 6432 6504 6503
f 6432 6433 6504
f 6433 6505 6504
f 6433 6434 6505
f 6434 6506 6505
f 6434 6435 6506
f 6435 6507 6506
f 6435 6436 6507
f 6436 6508 6507
f 6436 6437 6508
f 6437 6509 6508
f 6437 6438 6509
f 6438 6510 6509
f 6438 6439 6510
f 6439 6511 6510
f 6439 6440 6511
f 6440 6512 6511
f 6440 6441 6512
f 6441 6513 6512
f 6441 6442 6513
f 6442 6514 6513
f 6442 6443 6514
f 6443 6515 6514
f 6443 6444 6515
f 6444 6516 6515
f 6444 6445 6516
f 6445 6517 6516
f 6445 6446 6517
f 6446 6518 6517
f 6446 6447 6518
f 6447 6519 6518
f 6447 6448 6519
f 6448 6520 6519
f 6448 6449 6520
f 6449 6521 6520
f 6449 6450 6521
f 6450 6522 6521
f 6450 6451 6522
f 6451 6523 6522
f 6451 6452 6523
f 6452 6524 6523
f 6452 6453 6524
f 6453 6525 6524
f 6453 6454 6525
f 6454 6526 6525
f 6454 6455 6526
f 6455 6527 6526
f 6455 6456 6527
f 6456 6528 6527
f 6456 6457 6528
f 6457 6529 6528
f 6457 6458 6529
f 6458 6530 6529
f 6458 6459 6530
f 6459 6531 6530
f 6459 6460 6531
f 6460 6532 6531
f 6460 6461 6532
f 6461 6533 6532
f 6461 6462 6533
f 6462 6534 6533
f 6462 6463 6534
f 6463 6535 6534
f 6463 6464 6535
f 6464 6536 6535
f 6464 6465 6536
f 6465 6537 6536
f 6465 6466 6537
f 6466 6538 6537
f 6466 6467 6538
f 6467 6539 6538
f 6467 6468 6539
f 6468 6540 6539
f 6468 6469 6540
f 6469 6541 6540
f 6469 6470 6541
f 6470 6542 6541
f 6470 6471 6542
f 6471 6543 6542
f 6471 6472 6543
f 6472 6544 6543
f 6472 6473 6544
f 6473 6545 6544
f 6473 6474 6545
f 6474 6546 6545
f 6474 6475 6546
f 6475 6547 6546
f 6475 6476 6547
f 6476 6548 6547
f 6476 6477 6548
f 6477 6549 6548
f 6477 6478 6549
f 6478 6550 6549
f 6478 6479 6550
f 6479 6551 6550
f 6479 6480 6551
f 6480 6552 6551
f 6480 6409 6552
f 6409 6481 6552
f 6481 6482 6553
f 6482 6554 6553
f 6482 6483 6554
f 6483 6555 6554
f 6483 6484 6555
f 6484 6556 6555
f 6484 6485 6556
f 6485 6557 6556
f 6485 6486 6557
f 6486 6558 6557
f 6486 6487 6558
f 6487 6559 6558
f 6487 6488 6559
f 6488 6560 6559
f 6488 6489 6560
f 6489 6561 6560
f 6489 6490 6561
f 6490 6562 6561
f 6490 6491 6562
f 6491 6563 6562
f 6491 6492 6563
f 6492 6564 6563
f 6492 6493 6564
f 6493 6565 6564
f 6493 6494 6565
f 6494 6566 6565
f 6494 6495 6566
f 6495 6567 6566
f 6495 6496 6567
f 6496 6568 6567
f 6496 6497 6568
f 6497 6569 6568
f 6497 6498 6569
f 6498 6570 6569
f 6498 6499 6570
f 6499 6571 6570
f 6499 6500 6571
f 6500 6572 6571
f 6500 6501 6572
f 6501 6573 6572
f 6501 6502 6573
f 6502 6574 6573
f 6502 6503 6574
f 6503 6575 6574
f 6503 6504 6575
f 6504 6576 6575
f 6504 6505 6576
f 6505 6577 6576
f 6505 6506 6577
f 6506 6578 6577
f 6506 6507 6578
f 6507 6579 6578
f 6507 6508 6579
f 6508 6580 6579
f 6508 6509 6580
f 6509 6581 6580
f 6509 6510 6581
f 6510 6582 6581
f 6510 6511 6582
f 6511 6583 6582
f 6511 6512 6583
f 6512 6584 6583
f 6512 6513 6584
f 6513 6585 6584
f 6513 6514 6585
f 6514 6586 6585
f 6514 6515 6586
f 6515 6587 6586
f 6515 6516 6587
f 6516 6588 6587
f 6516 6517 6588
f 6517 6589 6588
f 6517 6518 6589
f 6518 6590 6589
f 6518 6519 6590
f 6519 6591 6590
f 6519 6520 6591
f 6520 6592 6591
f 6520 6521 6592
f 6521 6593 6592
f 6521 6522 6593
f 6522 6594 6593
f 6522 6523 6594
f 6523 6595 6594
f 6523 6524 6595
f 6524 6596 6595
f 6524 6525 6596
f 6525 6597 6596
f 6525 6526 6597
f 6526 6598 6597
f 6526 6527 6598
f 6527 6599 6598
f 6527 6528 6599
f 6528 6600 6599
f 6528 6529 6600
f 6529 6601 6600
f 6529 6530 6601
f 6530 6602 6601
f 6530 6531 6602
f 6531 6603 6602
f 6531 6532 6603
f 6532 6604 6603
f 6532 6533 6604
f 6533 6605 6604
f 6533 6534 6605
f 6534 6606 6605
f 6534 6535 6606
f 6535 6607 6606
f 6535 6536 6607
f 6536 6608 6607
f 6536 6537 6608
f 6537 6609 6608
f 6537 6538 6609
f 6538 6610 6609
f 6538 6539 6610
f 6539 6611 6610
f 6539 6540 6611
f 6540 6612 6611
f 6540 6541 6612
f 6541 6613 6612
f 6541 6542 6613
f 6542 6614 6613
f 6542 6543 6614
f 6543 6615 6614
f 6543 6544 6615
f 6544 6616 6615
f 6544 6545 6616
f 6545 6617 6616
f 6545 6546 6617
f 6546 6618 6617
f 6546 6547 6618
f 6547 6619 6618
f 6547 6548 6619
f 6548 6620 6619
f 6548 6549 6620
f 6549 6621 6620
f 6549 6550 6621
f 6550 6622 6621
f 6550 6551 6622
f 6551 6623 6622
f 6551 6552 6623
f 6552 6624 6623
f 6552 6481 6624
f 6481 6553 6624
f 6553 6554 6625
f 6554 6626 6625
f 6554 6555 6626
f 6555 6627 6626
f 6555 6556 6627
f 6556 6628 6627
f 6556 6557 6628
f 6557 6629 6628
f 6557 6558 6629
f 6558 6630 6629
f 6558 6559 6630
f 6559 6631 6630
f 6559 6560 6631
f 6560 6632 6631
f 6560 6561 6632
f 6561 6633 6632
f 6561 6562 6633
f 6562 6634 6633
f 6562 6563 6634
f 6563 6635 6634
f 6563 6564 6635
f 6564 6636 6635
f 6564 6565 6636
f 6565 6637 6636
f 6565 6566 6637
f 6566 6638 6637
f 6566 6567 6638
f 6567 6639 6638
f 6567 6568 6639
f 6568 6640 6639
f 6568 6569 6640
f 6569 6641 6640
f 6569 6570 6641
f 6570 6642 6641
f 6570 6571 6642
f 6571 6643 6642
f 6571 6572 6643
f 6572 6644 6643
f 6572 6573 6644
f 6573 6645 6644
f 6573 6574 6645
f 6574 6646 6645
f 6574 6575 6646
f 6575 6647 6646
f 6575 6576 6647
f 6576 6648 6647
f 6576 6577 6648
f 6577 6649 6648
f 6577 6578 6649
f 6578 6650 6649
f 6578 6579 6650
f 6579 6651 6650
f 6579 6580 6651
f 6580 6652 6651
f 6580 6581 6652
f 6581 6653 6652
f 6581 6582 6653
f 6582 6654 6653
f 6582 6583 6654
f 6583 6655 6654
f 6583 6584 6655
f 6584 6656 6655
f 6584 6585 6656
f 6585 6657 6656
f 6585 6586 6657
f 6586 6658 6657
f 6586 6587 6658
f 6587 6659 6658
f 6587 6588 6659
f 6588 6660 6659
f 6588 6589 6660
f 6589 6661 6660
f 6589 6590 6661
f 6590 6662 6661
f 6590 6591 6662
f 6591 6663 6662
f 6591 6592 6663
f 6592 6664 6663
f 6592 6593 6664
f 6593 6665 6664
f 6593 6594 6665
f 6594 6666 6665
f 6594 6595 6666
f 6595 6667 6666
f 6595 6596 6667
f 6596 6668 6667
f 6596 6597 6668
f 6597 6669 6668
f 6597 6598 6669
f 6598 6670 6669
f 6598 6599 6670
f 6599 6671 6670
f 6599 6600 6671
f 6600 6672 6671
f 6600 6601 6672
f 6601 6673 6672
f 6601 6602 6673
f 6602 6674 6673
f 6602 6603 6674
f 6603 6675 6674
f 6603 6604 6675
f 6604 6676 6675
f 6604 6605 6676
f 6605 6677 6676
f 6605 6606 6677
f 6606 6678 6677
f 6606 6607 6678
f 6607 6679 6678
f 6607 6608 6679
f 6608 6680 6679
f 6608 6609 6680
f 6609 6681 6680
f 6609 6610 6681
f 6610 6682 6681
f 6610 6611 6682
f 6611 6683 6682
f 6611 6612 6683
f 6612 6684 6683
f 6612 6613 6684
f 6613 6685 6684
f 6613 6614 6685
f 6614 6686 6685
f 6614 6615 6686
f 6615 6687 6686
f 6615 6616 6687
f 6616 6688 6687
f 6616 6617 6688
f 6617 6689 6688
f 6617 6618 6689
f 6618 6690 6689
f 6618 6619 6690
f 6619 6691 6690
f 6619 6620 6691
f 6620 6692 6691
f 6620 6621 6692
f 6621 6693 6692
f 6621 6622 6693
f 6622 6694 6693
f 6622 6623 6694
f 6623 6695 6694
f 6623 6624 6695
f 6624 6696 6695
f 6624 6553 6696
f 6553 6625 6696
f 6625 6626 6697
f 6626 6698 6697
f 6626 6627 6698
f 6627 6699 6698
f 6627 6628 6699
f 6628 6700 6699
f 6628 6629 6700
f 6629 6701 6700
f 6629 6630 6701
f 6630 6702 6701
f 6630 6631 6702
f 6631 6703 6702
f 6631 6632 6703
f 6632 6704 6703
f 6632 6633 6704
f 6633 6705 6704
f 6633 6634 6705
f 6634 6706 6705
f 6634 6635 6706
f 6635 6707 6706
f 6635 6636 6707
f 6636 6708 6707
f 6636 6637 6708
f 6637 6709 6708
f 6637 6638 6709
f 6638 6710 6709
f 6638 6639 6710
f 6639 6711 6710
f 6639 6640 6711
f 6640 6712 6711
f 6640 6641 6712
f 6641 6713 6712
f 6641 6642 6713
f 6642 6714 6713
f 6642 6643 6714
f 6643 6715 6714
f 6643 6644 6715
f 6644 6716 6715
f 6644 6645 6716
f 6645 6717 6716
f 6645 6646 6717
f 6646 6718 6717
f 6646 6647 6718
f 6647 6719 6718
f 6647 6648 6719
f 6648 6720 6719
f 6648 6649 6720
f 6649 6721 6720
f 6649 6650 6721
f 6650 6722 6721
f 6650 6651 6722
f 6651 6723 6722
f 6651 6652 6723
f 6652 6724 6723
f 6652 6653 6724
f 6653 6725 6724
f 6653 6654 6725
f 6654 6726 6725
f 6654 6655 6726
f 6655 6727 6726
f 6655 6656 6727
f 6656 6728 6727
f 6656 6657 6728
f 6657 6729 6728
f 6657 6658 6729
f 6658 6730 6729
f 6658 6659 6730
f 6659 6731 6730
f 6659 6660 6731
f 6660 6732 6731
f 6660 6661 6732
f 6661 6733 6732
f 6661 6662 6733
f 6662 6734 6733
f 6662 6663 6734
f 6663 6735 6734
f 6663 6664 6735
f 6664 6736 6735
f 6664 6665 6736
f 6665 6737 6736
f 6665 6666 6737
f 6666 6738 6737
f 6666 6667 6738
f 6667 6739 6738
f 6667 6668 6739
f 6668 6740 6739
f 6668 6669 6740
f 6669 6741 6740
f 6669 6670 6741
f 6670 6742 6741
f 6670 6671 6742
f 6671 6743 6742
f 6671 6672 6743
f 6672 6744 6743
f 6672 6673 6744
f 6673 6745 6744
f 6673 6674 6745
f 6674 6746 6745
f 6674 6675 6746
f 6675 6747 6746
f 6675 6676 6747
f 6676 6748 6747
f 6676 6677 6748
f 6677 6749 6748
f 6677 6678 6749
f 6678 6750 6749
f 6678 6679 6750
f 6679 6751 6750
f 6679 6680 6751
f 6680 6752 6751
f 6680 6681 6752
f 6681 6753 6752
f 6681 6682 6753
f 6682 6754 6753
f 6682 6683 6754
f 6683 6755 6754
f 6683 6684 6755
f 6684 6756 6755
f 6684 6685 6756
f 6685 6757 6756
f 6685 6686 6757
f 6686 6758 6757
f 6686 6687 6758
f 6687 6759 6758
f 6687 6688 6759
f 6688 6760 6759
f 6688 6689 6760
f 6689 6761 6760
f 6689 6690 6761
f 6690 6762 6761
f 6690 6691 6762
f 6691 6763 6762
f 6691 6692 6763
f 6692 6764 6763
f 6692 6693 6764
f 6693 6765 6764
f 6693 6694 6765
f 6694 6766 6765
f 6694 6695 6766
f 6695 6767 6766
f 6695 6696 6767
f 6696 6768 6767
f 6696 6625 6768
f 6625 6697 6768
f 6697 6698 6769
f 6698 6770 6769
f 6698 6699 6770
f 6699 6771 6770
f 6699 6700 6771
f 6700 6772 6771
f 6700 6701 6772
f 6701 6773 6772
f 6701 6702 6773
f 6702 6774 6773
f 6702 6703 6774
f 6703 6775 6774
f 6703 6704 6775
f 6704 6776 6775
f 6704 6705 6776
f 6705 6777 6776
f 6705 6706 6777
f 6706 6778 6777
f 6706 6707 6778
f 6707 6779 6778
f 6707 6708 6779
f 6708 6780 6779
f 6708 6709 6780
f 6709 6781 6780
f 6709 6710 6781
f 6710 6782 6781
f 6710 6711 6782
f 6711 6783 6782
f 6711 6712 6783
f 6712 6784 6783
f 6712 6713 6784
f 6713 6785 6784
f 6713 6714 6785
f 6714 6786 6785
f 6714 6715 6786
f 6715 6787 6786
f 6715 6716 6787
f 6716 6788 6787
f 6716 6717 6788
f 6717 6789 6788
f 6717 6718 6789
f 6718 6790 6789
f 6718 6719 6790
f 6719 6791 6790
f 6719 6720 6791
f 6720 6792 6791
f 6720 6721 6792
f 6721 6793 6792
f 6721 6722 6793
f 6722 6794 6793
f 6722 6723 6794
f 6723 6795 6794
f 6723 6724 6795
f 6724 6796 6795
f 6724 6725 6796
f 6725 6797 6796
f 6725 6726 6797
f 6726 6798 6797
f 6726 6727 6798
f 6727 6799 6798
f 6727 6728 6799
f 6728 6800 6799
f 6728 6729 6800
f 6729 6801 6800
f 6729 6730 6801
f 6730 6802 6801
f 6730 6731 6802
f 6731 6803 6802
f 6731 6732 6803
f 6732 6804 6803
f 6732 6733 6804
f 6733 6805 6804
f 6733 6734 6805
f 6734 6806 6805
f 6734 6735 6806
f 6735 6807 6806
f 6735 6736 6807
f 6736 6808 6807
f 6736 6737 6808
f 6737 6809 6808
f 6737 6738 6809
f 6738 6810 6809
f 6738 6739 6810
f 6739 6811 6810
f 6739 6740 6811
f 6740 6812 6811
f 6740 6741 6812
f 6741 6813 6812
f 6741 6742 6813
f 6742 6814 6813
f 6742 6743 6814
f 6743 6815 6814
f 6743 6744 6815
f 6744 6816 6815
f 6744 6745 6816
f 6745 6817 6816
f 6745 6746 6817
f 6746 6818 6817
f 6746 6747 6818
f 6747 6819 6818
f 6747 6748 6819
f 6748 6820 6819
f 6748 6749 6820
f 6749 6821 6820
f 6749 6750 6821
f 6750 6822 6821
f 6750 6751 6822
f 6751 6823 6822
f 6751 6752 6823
f 6752 6824 6823
f 6752 6753 6824
f 6753 6825 6824
f 6753 6754 6825
f 6754 6826 6825
f 6754 6755 6826
f 6755 6827 6826
f 6755 6756 6827
f 6756 6828 6827
f 6756 6757 6828
f 6757 6829 6828
f 6757 6758 6829
f 6758 6830 6829
f 6758 6759 6830
f 6759 6831 6830
f 6759 6760 6831
f 6760 6832 6831
f 6760 6761 6832
f 6761 6833 6832
f 6761 6762 6833
f 6762 6834 6833
f 6762 6763 6834
f 6763 6835 6834
f 6763 6764 6835
f 6764 6836 6835
f 6764 6765 6836
f 6765 6837 6836
f 6765 6766 6837
f 6766 6838 6837
f 6766 6767 6838
f 6767 6839 6838
f 6767 6768 6839
f 6768 6840 6839
f 6768 6697 6840
f 6697 6769 6840
f 6769 6770 6841
f 6770 6842 6841
f 6770 6771 6842
f 6771 6843 6842
f 6771 6772 6843
f 6772 6844 6843
f 6772 6773 6844
f 6773 6845 6844
f 6773 6774 6845
f 6774 6846 6845
f 6774 6775 6846
f 6775 6847 6846
f 6775 6776 6847
f 6776 6848 6847
f 6776 6777 6848
f 6777 6849 6848
f 6777 6778 6849
f 6778 6850 6849
f 6778 6779 6850
f 6779 6851 6850
f 6779 6780 6851
f 6780 6852 6851
f 6780 6781 6852
f 6781 6853 6852
f 6781 6782 6853
f 6782 6854 6853
f 6782 6783 6854
f 6783 6855 6854
f 6783 6784 6855
f 6784 6856 6855
f 6784 6785 6856
f 6785 6857 6856
f 6785 6786 6857
f 6786 6858 6857
f 6786 6787 6858
f 6787 6859 6858
f 6787 6788 6859
f 6788 6860 6859
f 6788 6789 6860
f 6789 6861 6860
f 6789 6790 6861
f 6790 6862 6861
f 6790 6791 6862
f 6791 6863 6862
f 6791 6792 6863
f 6792 6864 6863
f 6792 6793 6864
f 6793 6865 6864
f 6793 6794 6865
f 6794 6866 6865
f 6794 6795 6866
f 6795 6867 6866
f 6795 6796 6867
f 6796 6868 6867
f 6796 6797 6868
f 6797 6869 6868
f 6797 6798 6869
f 6798 6870 6869
f 6798 6799 6870
f 6799 6871 6870
f 6799 6800 6871
f 6800 6872 6871
f 6800 6801 6872
f 6801 6873 6872
f 6801 6802 6873
f 6802 6874 6873
f 6802 6803 6874
f 6803 6875 6874
f 6803 6804 6875
f 6804 6876 6875
f 6804 6805 6876
f 6805 6877 6876
f 6805 6806 6877
f 6806 6878 6877
f 6806 6807 6878
f 6807 6879 6878
f 6807 6808 6879
f 6808 6880 6879
f 6808 6809 6880
f 6809 6881 6880
f 6809 6810 6881
f 6810 6882 6881
f 6810 6811 6882
f 6811 6883 6882
f 6811 6812 6883
f 6812 6884 6883
f 6812 6813 6884
f 6813 6885 6884
f 6813 6814 6885
f 6814 6886 6885
f 6814 6815 6886
f 6815 6887 6886
f 6815 6816 6887
f 6816 6888 6887
f 6816 6817 6888
f 6817 6889 6888
f 6817 6818 6889
f 6818 6890 6889
f 6818 6819 6890
f 6819 6891 6890
f 6819 6820 6891
f 6820 6892 6891
f 6820 6821 6892
f 6821 6893 6892
f 6821 6822 6893
f 6822 6894 6893
f 6822 6823 6894
f 6823 6895 6894
f 6823 6824 6895
f 6824 6896 6895
f 6824 6825 6896
f 6825 6897 6896
f 6825 6826 6897
f 6826 6898 6897
f 6826 6827 6898
f 6827 6899 6898
f 6827 6828 6899
f 6828 6900 6899
f 6828 6829 6900
f 6829 6901 6900
f 6829 6830 6901
f 6830 6902 6901
f 6830 6831 6902
f 6831 6903 6902
f 6831 6832 6903
f 6832 6904 6903
f 6832 6833 6904
f 6833 6905 6904
f 6833 6834 6905
f 6834 6906 6905
f 6834 6835 6906
f 6835 6907 6906
f 6835 6836 6907
f 6836 6908 6907
f 6836 6837 6908
f 6837 6909 6908
f 6837 6838 6909
f 6838 6910 6909
f 6838 6839 6910
f 6839 6911 6910
f 6839 6840 6911
f 6840 6912 6911
f 6840 6769 6912
f 6769 6841 6912
f 6841 6842 6913
f 6842 6914 6913
f 6842 6843 6914
f 6843 6915 6914
f 6843 6844 6915
f 6844 6916 6915
f 6844 6845 6916
f 6845 6917 6916
f 6845 6846 6917
f 6846 6918 6917
f 6846 6847 6918
f 6847 6919 6918
f 6847 6848 6919
f 6848 6920 6919
f 6848 6849 6920
f 6849 6921 6920
f 6849 6850 6921
f 6850 6922 6921
f 6850 6851 6922
f 6851 6923 6922
f 6851 6852 6923
f 6852 6924 6923
f 6852 6853 6924
f 6853 6925 6924
f 6853 6854 6925
f 6854 6926 6925
f 6854 6855 6926
f 6855 6927 6926
f 6855 6856 6927
f 6856 6928 6927
f 6856 6857 6928
f 6857 6929 6928
f 6857 6858 6929
f 6858 6930 6929
f 6858 6859 6930
f 6859 6931 6930
f 6859 6860 6931
f 6860 6932 6931
f 6860 6861 6932
f 6861 6933 6932
f 6861 6862 6933
f 6862 6934 6933
f 6862 6863 6934
f 6863 6935 6934
f 6863 6864 6935
f 6864 6936 6935
f 6864 6865 6936
f 6865 6937 6936
f 6865 6866 6937
f 6866 6938 6937
f 6866 6867 6938
f 6867 6939 6938
f 6867 6868 6939
f 6868 6940 6939
f 6868 6869 6940
f 6869 6941 6940
f 6869 6870 6941
f 6870 6942 6941
f 6870 6871 6942
f 6871 6943 6942
f 6871 6872 6943
f 6872 6944 6943
f 6872 6873 6944
f 6873 6945 6944
f 6873 6874 6945
f 6874 6946 6945
f 6874 6875 6946
f 6875 6947 6946
f 6875 6876 6947
f 6876 6948 6947
f 6876 6877 6948
f 6877 6949 6948
f 6877 6878 6949
f 6878 6950 6949
f 6878 6879 6950
f 6879 6951 6950
f 6879 6880 6951
f 6880 6952 6951
f 6880 6881 6952
f 6881 6953 6952
f 6881 6882 6953
f 6882 6954 6953
f 6882 6883 6954
f 6883 6955 6954
f 6883 6884 6955
f 6884 6956 6955
f 6884 6885 6956
f 6885 6957 6956
f 6885 6886 6957
f 6886 6958 6957
f 6886 6887 6958
f 6887 6959 6958
f 6887 6888 6959
f 6888 6960 6959
f 6888 6889 6960
f 6889 6961 6960
f 6889 6890 6961
f 6890 6962 6961
f 6890 6891 6962
f 6891 6963 6962
f 6891 6892 6963
f 6892 6964 6963
f 6892 6893 6964
f 6893 6965 6964
f 6893 6894 6965
f 6894 6966 6965
f 6894 6895 6966
f 6895 6967 6966
f 6895 6896 6967
f 6896 6968 6967
f 6896 6897 6968
f 6897 6969 6968
f 6897 6898 6969
f 6898 6970 6969
f 6898 6899 6970
f 6899 6971 6970
f 6899 6900 6971
f 6900 6972 6971
f 6900 6901 6972
f 6901 6973 6972
f 6901 6902 6973
f 6902 6974 6973
f 6902 6903 6974
f 6903 6975 6974
f 6903 6904 6975
f 6904 6976 6975
f 6904 6905 6976
f 6905 6977 6976
f 6905 6906 6977
f 6906 6978 6977
f 6906 6907 6978
f 6907 6979 6978
f 6907 6908 6979
f 6908 6980 6979
f 6908 6909 6980
f 6909 6981 6980
f 6909 6910 6981
f 6910 6982 6981
f 6910 6911 6982
f 6911 6983 6982
f 6911 6912 6983
f 6912 6984 6983
f 6912 6841 6984
f 6841 6913 6984
f 6913 6914 6985
f 6914 6986 6985
f 6914 6915 6986
f 6915 6987 6986
f 6915 6916 6987
f 6916 6988 6987
f 6916 6917 6988
f 6917 6989 6988
f 6917 6918 6989
f 6918 6990 6989
f 6918 6919 6990
f 6919 6991 6990
f 6919 6920 6991
f 6920 6992 6991
f 6920 6921 6992
f 6921 6993 6992
f 6921 6922 6993
f 6922 6994 6993
f 6922 6923 6994
f 6923 6995 6994
f 6923 6924 6995
f 6924 6996 6995
f 6924 6925 6996
f 6925 6997 6996
f 6925 6926 6997
f 6926 6998 6997
f 6926 6927 6998
f 6927 6999 6998
f 6927 6928 6999
f 6928 7000 6999
f 6928 6929 7000
f 6929 7001 7000
f 6929 6930 7001
f 6930 7002 7001
f 6930 6931 7002
f 6931 7003 7002
f 6931 6932 7003
f 6932 7004 7003
f 6932 6933 7004
f 6933 7005 7004
f 6933 6934 7005
f 6934 7006 7005
f 6934 6935 7006
f 6935 7007 7006
f 6935 6936 7007
f 6936 7008 7007
f 6936 6937 7008
f 6937 7009 7008
f 6937 6938 7009
f 6938 7010 7009
f 6938 6939 7010
f 6939 7011 7010
f 6939 6940 7011
f 6940 7012 7011
f 6940 6941 7012
f 6941 7013 7012
f 6941 6942 7013
f 6942 7014 7013
f 6942 6943 7014
f 6943 7015 7014
f 6943 6944 7015
f 6944 7016 7015
f 6944 6945 7016
f 6945 7017 7016
f 6945 6946 7017
f 6946 7018 7017
f 6946 6947 7018
f 6947 7019 7018
f 6947 6948 7019
f 6948 7020 7019
f 6948 6949 7020
f 6949 7021 7020
f 6949 6950 7021
f 6950 7022 7021
f 6950 6951 7022
f 6951 7023 7022
f 6951 6952 7023
f 6952 7024 7023
f 6952 6953 7024
f 6953 7025 7024
f 6953 6954 7025
f 6954 7026 7025
f 6954 6955 7026
f 6955 7027 7026
f 6955 6956 7027
f 6956 7028 7027
f 6956 6957 7028
f 6957 7029 7028
f 6957 6958 7029
f 6958 7030 7029
f 6958 6959 7030
f 6959 7031 7030
f 6959 6960 7031
f 6960 7032 7031
f 6960 6961 7032
f 6961 7033 7032
f 6961 6962 7033
f 6962 7034 7033
f 6962 6963 7034
f 6963 7035 7034
f 6963 6964 7035
f 6964 7036 7035
f 6964 6965 7036
f 6965 7037 7036
f 6965 6966 7037
f 6966 7038 7037
f 6966 6967 7038
f 6967 7039 7038
f 6967 6968 7039
f 6968 7040 7039
f 6968 6969 7040
f 6969 7041 7040
f 6969 6970 7041
f 6970 7042 7041
f 6970 6971 7042
f 6971 7043 7042
f 6971 6972 7043
f 6972 7044 7043
f 6972 6973 7044
f 6973 7045 7044
f 6973 6974 7045
f 6974 7046 7045
f 6974 6975 7046
f 6975 7047 7046
f 6975 6976 7047
f 6976 7048 7047
f 6976 6977 7048
f 6977 7049 7048
f 6977 6978 7049
f 6978 7050 7049
f 6978 6979 7050
f 6979 7051 7050
f 6979 6980 7051
f 6980 7052 7051
f 6980 6981 7052
f 6981 7053 7052
f 6981 6982 7053
f 6982 7054 7053
f 6982 6983 7054
f 6983 7055 7054
f 6983 6984 7055
f 6984 7056 7055
f 6984 6913 7056
f 6913 6985 7056
f 6985 6986 7057
f 6986 7058 7057
f 6986 6987 7058
f 6987 7059 7058
f 6987 6988 7059
f 6988 7060 7059
f 6988 6989 7060
f 6989 7061 7060
f 6989 6990 7061
f 6990 7062 7061
f 6990 6991 7062
f 6991 7063 7062
f 6991 6992 7063
f 6992 7064 7063
f 6992 6993 7064
f 6993 7065 7064
f 6993 6994 7065
f 6994 7066 7065
f 6994 6995 7066
f 6995 7067 7066
f 6995 6996 7067
f 6996 7068 7067
f 6996 6997 7068
f 6997 7069 7068
f 6997 6998 7069
f 6998 7070 7069
f 6998 6999 7070
f 6999 7071 7070
f 6999 7000 7071
f 7000 7072 7071
f 7000 7001 7072
f 7001 7073 7072
f 7001 7002 7073
f 7002 7074 7073
f 7002 7003 7074
f 7003 7075 7074
f 7003 7004 7075
f 7004 7076 7075
f 7004 7005 7076
f 7005 7077 7076
f 7005 7006 7077
f 7006 7078 7077
f 7006 7007 7078
f 7007 7079 7078
f 7007 7008 7079
f 7008 7080 7079
f 7008 7009 7080
f 7009 7081 7080
f 7009 7010 7081
f 7010 7082 7081
f 7010 7011 7082
f 7011 7083 7082
f 7011 7012 7083
f 7012 7084 7083
f 7012 7013 7084
f 7013 7085 7084
f 7013 7014 7085
f 7014 7086 7085
f 7014 7015 7086
f 7015 7087 7086
f 7015 7016 7087
f 7016 7088 7087
f 7016 7017 7088
f 7017 7089 7088
f 7017 7018 7089
f 7018 7090 7089
f 7018 7019 7090
f 7019 7091 7090
f 7019 7020 7091
f 7020 7092 7091
f 7020 7021 7092
f 7021 7093 7092
f 7021 7022 7093
f 7022 7094 7093
f 7022 7023 7094
f 7023 7095 7094
f 7023 7024 7095
f 7024 7096 7095
f 7024 7025 7096
f 7025 7097 7096
f 7025 7026 7097
f 7026 7098 7097
f 7026 7027 7098
f 7027 7099 7098
f 7027 7028 7099
f 7028 7100 7099
f 7028 7029 7100
f 7029 7101 7100
f 7029 7030 7101
f 7030 7102 7101
f 7030 7031 7102
f 7031 7103 7102
f 7031 7032 7103
f 7032 7104 7103
f 7032 7033 7104
f 7033 7105 7104
f 7033 7034 7105
f 7034 7106 7105
f 7034 7035 7106
f 7035 7107 7106
f 7035 7036 7107
f 7036 7108 7107
f 7036 7037 7108
f 7037 7109 7108
f 7037 7038 7109
f 7038 7110 7109
f 7038 7039 7110
f 7039 7111 7110
f 7039 7040 7111
f 7040 7112 7111
f 7040 7041 7112
f 7041 7113 7112
f 7041 7042 7113
f 7042 7114 7113
f 7042 7043 7114
f 7043 7115 7114
f 7043 7044 7115
f 7044 7116 7115
f 7044 7045 7116
f 7045 7117 7116
f 7045 7046 7117
f 7046 7118 7117
f 7046 7047 7118
f 7047 7119 7118
f 7047 7048 7119
f 7048 7120 7119
f 7048 7049 7120
f 7049 7121 7120
f 7049 7050 7121
f 7050 7122 7121
f 7050 7051 7122
f 7051 7123 7122
f 7051 7052 7123
f 7052 7124 7123
f 7052 7053 7124
f 7053 7125 7124
f 7053 7054 7125
f 7054 7126 7125
f 7054 7055 7126
f 7055 7127 7126
f 7055 7056 7127
f 7056 7128 7127
f 7056 6985 7128
f 6985 7057 7128
f 7057 7058 7129
f 7058 7130 7129
f 7058 7059 7130
f 7059 7131 7130
f 7059 7060 7131
f 7060 7132 7131
f 7060 7061 7132
f 7061 7133 7132
f 7061 7062 7133
f 7062 7134 7133
f 7062 7063 7134
f 7063 7135 7134
f 7063 7064 7135
f 7064 7136 7135
f 7064 7065 7136
f 7065 7137 7136
f 7065 7066 7137
f 7066 7138 7137
f 7066 7067 7138
f 7067 7139 7138
f 7067 7068 7139
f 7068 7140 7139
f 7068 7069 7140
f 7069 7141 7140
f 7069 7070 7141
f 7070 7142 7141
f 7070 7071 7142
f 7071 7143 7142
f 7071 7072 7143
f 7072 7144 7143
f 7072 7073 7144
f 7073 7145 7144
f 7073 7074 7145
f 7074 7146 7145
f 7074 7075 7146
f 7075 7147 7146
f 7075 7076 7147
f 7076 7148 7147
f 7076 7077 7148
f 7077 7149 7148
f 7077 7078 7149
f 7078 7150 7149
f 7078 7079 7150
f 7079 7151 7150
f 7079 7080 7151
f 7080 7152 7151
f 7080 7081 7152
f 7081 7153 7152
f 7081 7082 7153
f 7082 7154 7153
f 7082 7083 7154
f 7083 7155 7154
f 7083 7084 7155
f 7084 7156 7155
f 7084 7085 7156
f 7085 7157 7156
f 7085 7086 7157
f 7086 7158 7157
f 7086 7087 7158
f 7087 7159 7158
f 7087 7088 7159
f 7088 7160 7159
f 7088 7089 7160
f 7089 7161 7160
f 7089 7090 7161
f 7090 7162 7161
f 7090 7091 7162
f 7091 7163 7162
f 7091 7092 7163
f 7092 7164 7163
f 7092 7093 7164
f 7093 7165 7164
f 7093 7094 7165
f 7094 7166 7165
f 7094 7095 7166
f 7095 7167 7166
f 7095 7096 7167
f 7096 7168 7167
f 7096 7097 7168
f 7097 7169 7168
f 7097 7098 7169
f 7098 7170 7169
f 7098 7099 7170
f 7099 7171 7170
f 7099 7100 7171
f 7100 7172 7171
f 7100 7101 7172
f 7101 7173 7172
f 7101 7102 7173
f 7102 7174 7173
f 7102 7103 7174
f 7103 7175 7174
f 7103 7104 7175
f 7104 7176 7175
f 7104 7105 7176
f 7105 7177 7176
f 7105 7106 7177
f 7106 7178 7177
f 7106 7107 7178
f 7107 7179 7178
f 7107 7108 7179
f 7108 7180 7179
f 7108 7109 7180
f 7109 7181 7180
f 7109 7110 7181
f 7110 7182 7181
f 7110 7111 7182
f 7111 7183 7182
f 7111 7112 7183
f 7112 7184 7183
f 7112 7113 7184
f 7113 7185 7184
f 7113 7114 7185
f 7114 7186 7185
f 7114 7115 7186
f 7115 7187 7186
f 7115 7116 7187
f 7116 7188 7187
f 7116 7117 7188
f 7117 7189 7188
f 7117 7118 7189
f 7118 7190 7189
f 7118 7119 7190
f 7119 7191 7190
f 7119 7120 7191
f 7120 7192 7191
f 7120 7121 7192
f 7121 7193 7192
f 7121 7122 7193
f 7122 7194 7193
f 7122 7123 7194
f 7123 7195 7194
f 7123 7124 7195
f 7124 7196 7195
f 7124 7125 7196
f 7125 7197 7196
f 7125 7126 7197
f 7126 7198 7197
f 7126 7127 7198
f 7127 7199 7198
f 7127 7128 7199
f 7128 7200 7199
f 7128 7057 7200
f 7057 7129 7200
f 7129 7130 7201
f 7130 7202 7201
f 7130 7131 7202
f 7131 7203 7202
f 7131 7132 7203
f 7132 7204 7203
f 7132 7133 7204
f 7133 7205 7204
f 7133 7134 7205
f 7134 7206 7205
f 7134 7135 7206
f 7135 7207 7206
f 7135 7136 7207
f 7136 7208 7207
f 7136 7137 7208
f 7137 7209 7208
f 7137 7138 7209
f 7138 7210 7209
f 7138 7139 7210
f 7139 7211 7210
f 7139 7140 7211
f 7140 7212 7211
f 7140 7141 7212
f 7141 7213 7212
f 7141 7142 7213
f 7142 7214 7213
f 7142 7143 7214
f 7143 7215 7214
f 7143 7144 7215
f 7144 7216 7215
f 7144 7145 7216
f 7145 7217 7216
f 7145 7146 7217
f 7146 7218 7217
f 7146 7147 7218
f 7147 7219 7218
f 7147 7148 7219
f 7148 7220 7219
f 7148 7149 7220
f 7149 7221 7220
f 7149 7150 7221
f 7150 7222 7221
f 7150 7151 7222
f 7151 7223 7222
f 7151 7152 7223
f 7152 7224 7223
f 7152 7153 7224
f 7153 7225 7224
f 7153 7154 7225
f 7154 7226 7225
f 7154 7155 7226
f 7155 7227 7226
f 7155 7156 7227
f 7156 7228 7227
f 7156 7157 7228
f 7157 7229 7228
f 7157 7158 7229
f 7158 7230 7229
f 7158 7159 7230
f 7159 7231 7230
f 7159 7160 7231
f 7160 7232 7231
f 7160 7161 7232
f 7161 7233 7232
f 7161 7162 7233
f 7162 7234 7233
f 7162 7163 7234
f 7163 7235 7234
f 7163 7164 7235
f 7164 7236 7235
f 7164 7165 7236
f 7165 7237 7236
f 7165 7166 7237
f 7166 7238 7237
f 7166 7167 7238
f 7167 7239 7238
f 7167 7168 7239
f 7168 7240 7239
f 7168 7169 7240
f 7169 7241 7240
f 7169 7170 7241
f 7170 7242 7241
f 7170 7171 7242
f 7171 7243 7242
f 7171 7172 7243
f 7172 7244 7243
f 7172 7173 7244
f 7173 7245 7244
f 7173 7174 7245
f 7174 7246 7245
f 7174 7175 7246
f 7175 7247 7246
f 7175 7176 7247
f 7176 7248 7247
f 7176 7177 7248
f 7177 7249 7248
f 7177 7178 7249
f 7178 7250 7249
f 7178 7179 7250
f 7179 7251 7250
f 7179 7180 7251
f 7180 7252 7251
f 7180 7181 7252
f 7181 7253 7252
f 7181 7182 7253
f 7182 7254 7253
f 7182 7183 7254
f 7183 7255 7254
f 7183 7184 7255
f 7184 7256 7255
f 7184 7185 7256
f 7185 7257 7256
f 7185 7186 7257
f 7186 7258 7257
f 7186 7187 7258
f 7187 7259 7258
f 7187 7188 7259
f 7188 7260 7259
f 7188 7189 7260
f 7189 7261 7260
f 7189 7190 7261
f 7190 7262 7261
f 7190 7191 7262
f 7191 7263 7262
f 7191 7192 7263
f 7192 7264 7263
f 7192 7193 7264
f 7193 7265 7264
f 7193 7194 7265
f 7194 7266 7265
f 7194 7195 7266
f 7195 7267 7266
f 7195 7196 7267
f 7196 7268 7267
f 7196 7197 7268
f 7197 7269 7268
f 7197 7198 7269
f 7198 7270 7269
f 7198 7199 7270
f 7199 7271 7270
f 7199 7200 7271
f 7200 7272 7271
f 7200 7129 7272
f 7129 7201 7272
f 7201 7202 7273
f 7202 7274 7273
f 7202 7203 7274
f 7203 7275 7274
f 7203 7204 7275
f 7204 7276 7275
f 7204 7205 7276
f 7205 7277 7276
f 7205 7206 7277
f 7206 7278 7277
f 7206 7207 7278
f 7207 7279 7278
f 7207 7208 7279
f 7208 7280 7279
f 7208 7209 7280
f 7209 7281 7280
f 7209 7210 7281
f 7210 7282 7281
f 7210 7211 7282
f 7211 7283 7282
f 7211 7212 7283
f 7212 7284 7283
f 7212 7213 7284
f 7213 7285 7284
f 7213 7214 7285
f 7214 7286 7285
f 7214 7215 7286
f 7215 7287 7286
f 7215 7216 7287
f 7216 7288 7287
f 7216 7217 7288
f 7217 7289 7288
f 7217 7218 7289
f 7218 7290 7289
f 7218 7219 7290
f 7219 7291 7290
f 7219 7220 7291
f 7220 7292 7291
f 7220 7221 7292
f 7221 7293 7292
f 7221 7222 7293
f 7222 7294 7293
f 7222 7223 7294
f 7223 7295 7294
f 7223 7224 7295
f 7224 7296 7295
f 7224 7225 7296
f 7225 7297 7296
f 7225 7226 7297
f 7226 7298 7297
f 7226 7227 7298
f 7227 7299 7298
f 7227 7228 7299
f 7228 7300 7299
f 7228 7229 7300
f 7229 7301 7300
f 7229 7230 7301
f 7230 7302 7301
f 7230 7231 7302
f 7231 7303 7302
f 7231 7232 7303
f 7232 7304 7303
f 7232 7233 7304
f 7233 7305 7304
f 7233 7234 7305
f 7234 7306 7305
f 7234 7235 7306
f 7235 7307 7306
f 7235 7236 7307
f 7236 7308 7307
f 7236 7237 7308
f 7237 7309 7308
f 7237 7238 7309
f 7238 7310 7309
f 7238 7239 7310
f 7239 7311 7310
f 7239 7240 7311
f 7240 7312 7311
f 7240 7241 7312
f 7241 7313 7312
f 7241 7242 7313
f 7242 7314 7313
f 7242 7243 7314
f 7243 7315 7314
f 7243 7244 7315
f 7244 7316 7315
f 7244 7245 7316
f 7245 7317 7316
f 7245 7246 7317
f 7246 7318 7317
f 7246 7247 7318
f 7247 7319 7318
f 7247 7248 7319
f 7248 7320 7319
f 7248 7249 7320
f 7249 7321 7320
f 7249 7250 7321
f 7250 7322 7321
f 7250 7251 7322
f 7251 7323 7322
f 7251 7252 7323
f 7252 7324 7323
f 7252 7253 7324
f 7253 7325 7324
f 7253 7254 7325
f 7254 7326 7325
f 7254 7255 7326
f 7255 7327 7326
f 7255 7256 7327
f 7256 7328 7327
f 7256 7257 7328
f 7257 7329 7328
f 7257 7258 7329
f 7258 7330 7329
f 7258 7259 7330
f 7259 7331 7330
f 7259 7260 7331
f 7260 7332 7331
f 7260 7261 7332
f 7261 7333 7332
f 7261 7262 7333
f 7262 7334 7333
f 7262 7263 7334
f 7263 7335 7334
f 7263 7264 7335
f 7264 7336 7335
f 7264 7265 7336
f 7265 7337 7336
f 7265 7266 7337
f 7266 7338 7337
f 7266 7267 7338
f 7267 7339 7338
f 7267 7268 7339
f 7268 7340 7339
f 7268 7269 7340
f 7269 7341 7340
f 7269 7270 7341
f 7270 7342 7341
f 7270 7271 7342
f 7271 7343 7342
f 7271 7272 7343
f 7272 7344 7343
f 7272 7201 7344
f 7201 7273 7344
f 7273 7274 7345
f 7274 7346 7345
f 7274 7275 7346
f 7275 7347 7346
f 7275 7276 7347
f 7276 7348 7347
f 7276 7277 7348
f 7277 7349 7348
f 7277 7278 7349
f 7278 7350 7349
f 7278 7279 7350
f 7279 7351 7350
f 7279 7280 7351
f 7280 7352 7351
f 7280 7281 7352
f 7281 7353 7352
f 7281 7282 7353
f 7282 7354 7353
f 7282 7283 7354
f 7283 7355 7354
f 7283 7284 7355
f 7284 7356 7355
f 7284 7285 7356
f 7285 7357 7356
f 7285 7286 7357
f 7286 7358 7357
f 7286 7287 7358
f 7287 7359 7358
f 7287 7288 7359
f 7288 7360 7359
f 7288 7289 7360
f 7289 7361 7360
f 7289 7290 7361
f 7290 7362 7361
f 7290 7291 7362
f 7291 7363 7362
f 7291 7292 7363
f 7292 7364 7363
f 7292 7293 7364
f 7293 7365 7364
f 7293 7294 7365
f 7294 7366 7365
f 7294 7295 7366
f 7295 7367 7366
f 7295 7296 7367
f 7296 7368 7367
f 7296 7297 7368
f 7297 7369 7368
f 7297 7298 7369
f 7298 7370 7369
f 7298 7299 7370
f 7299 7371 7370
f 7299 7300 7371
f 7300 7372 7371
f 7300 7301 7372
f 7301 7373 7372
f 7301 7302 7373
f 7302 7374 7373
f 7302 7303 7374
f 7303 7375 7374
f 7303 7304 7375
f 7304 7376 7375
f 7304 7305 7376
f 7305 7377 7376
f 7305 7306 7377
f 7306 7378 7377
f 7306 7307 7378
f 7307 7379 7378
f 7307 7308 7379
f 7308 7380 7379
f 7308 7309 7380
f 7309 7381 7380
f 7309 7310 7381
f 7310 7382 7381
f 7310 7311 7382
f 7311 7383 7382
f 7311 7312 7383
f 7312 7384 7383
f 7312 7313 7384
f 7313 7385 7384
f 7313 7314 7385
f 7314 7386 7385
f 7314 7315 7386
f 7315 7387 7386
f 7315 7316 7387
f 7316 7388 7387
f 7316 7317 7388
f 7317 7389 7388
f 7317 7318 7389
f 7318 7390 7389
f 7318 7319 7390
f 7319 7391 7390
f 7319 7320 7391
f 7320 7392 7391
f 7320 7321 7392
f 7321 7393 7392
f 7321 7322 7393
f 7322 7394 7393
f 7322 7323 7394
f 7323 7395 7394
f 7323 7324 7395
f 7324 7396 7395
f 7324 7325 7396
f 7325 7397 7396
f 7325 7326 7397
f 7326 7398 7397
f 7326 7327 7398
f 7327 7399 7398
f 7327 7328 7399
f 7328 7400 7399
f 7328 7329 7400
f 7329 7401 7400
f 7329 7330 7401
f 7330 7402 7401
f 7330 7331 7402
f 7331 7403 7402
f 7331 7332 7403
f 7332 7404 7403
f 7332 7333 7404
f 7333 7405 7404
f 7333 7334 7405
f 7334 7406 7405
f 7334 7335 7406
f 7335 7407 7406
f 7335 7336 7407
f 7336 7408 7407
f 7336 7337 7408
f 7337 7409 7408
f 7337 7338 7409
f 7338 7410 7409
f 7338 7339 7410
f 7339 7411 7410
f 7339 7340 7411
f 7340 7412 7411
f 7340 7341 7412
f 7341 7413 7412
f 7341 7342 7413
f 7342 7414 7413
f 7342 7343 7414
f 7343 7415 7414
f 7343 7344 7415
f 7344 7416 7415
f 7344 7273 7416
f 7273 7345 7416
f 7345 7346 7417
f 7346 7418 7417
f 7346 7347 7418
f 7347 7419 7418
f 7347 7348 7419
f 7348 7420 7419
f 7348 7349 7420
f 7349 7421 7420
f 7349 7350 7421
f 7350 7422 7421
f 7350 7351 7422
f 7351 7423 7422
f 7351 7352 7423
f 7352 7424 7423
f 7352 7353 7424
f 7353 7425 7424
f 7353 7354 7425
f 7354 7426 7425
f 7354 7355 7426
f 7355 7427 7426
f 7355 7356 7427
f 7356 7428 7427
f 7356 7357 7428
f 7357 7429 7428
f 7357 7358 7429
f 7358 7430 7429
f 7358 7359 7430
f 7359 7431 7430
f 7359 7360 7431
f 7360 7432 7431
f 7360 7361 7432
f 7361 7433 7432
f 7361 7362 7433
f 7362 7434 7433
f 7362 7363 7434
f 7363 7435 7434
f 7363 7364 7435
f 7364 7436 7435
f 7364 7365 7436
f 7365 7437 7436
f 7365 7366 7437
f 7366 7438 7437
f 7366 7367 7438
f 7367 7439 7438
f 7367 7368 7439
f 7368 7440 7439
f 7368 7369 7440
f 7369 7441 7440
f 7369 7370 7441
f 7370 7442 7441
f 7370 7371 7442
f 7371 7443 7442
f 7371 7372 7443
f 7372 7444 7443
f 7372 7373 7444
f 7373 7445 7444
f 7373 7374 7445
f 7374 7446 7445
f 7374 7375 7446
f 7375 7447 7446
f 7375 7376 7447
f 7376 7448 7447
f 7376 7377 7448
f 7377 7449 7448
f 7377 7378 7449
f 7378 7450 7449
f 7378 7379 7450
f 7379 7451 7450
f 7379 7380 7451
f 7380 7452 7451
f 7380 7381 7452
f 7381 7453 7452
f 7381 7382 7453
f 7382 7454 7453
f 7382 7383 7454
f 7383 7455 7454
f 7383 7384 7455
f 7384 7456 7455
f 7384 7385 7456
f 7385 7457 7456
f 7385 7386 7457
f 7386 7458 7457
f 7386 7387 7458
f 7387 7459 7458
f 7387 7388 7459
f 7388 7460 7459
f 7388 7389 7460
f 7389 7461 7460
f 7389 7390 7461
f 7390 7462 7461
f 7390 7391 7462
f 7391 7463 7462
f 7391 7392 7463
f 7392 7464 7463
f 7392 7393 7464
f 7393 7465 7464
f 7393 7394 7465
f 7394 7466 7465
f 7394 7395 7466
f 7395 7467 7466
f 7395 7396 7467
f 7396 7468 7467
f 7396 7397 7468
f 7397 7469 7468
f 7397 7398 7469
f 7398 7470 7469
f 7398 7399 7470
f 7399 7471 7470
f 7399 7400 7471
f 7400 7472 7471
f 7400 7401 7472
f 7401 7473 7472
f 7401 7402 7473
f 7402 7474 7473
f 7402 7403 7474
f 7403 7475 7474
f 7403 7404 7475
f 7404 7476 7475
f 7404 7405 7476
f 7405 7477 7476
f 7405 7406 7477
f 7406 7478 7477
f 7406 7407 7478
f 7407 7479 7478
f 7407 7408 7479
f 7408 7480 7479
f 7408 7409 7480
f 7409 7481 7480
f 7409 7410 7481
f 7410 7482 7481
f 7410 7411 7482
f 7411 7483 7482
f 7411 7412 7483
f 7412 7484 7483
f 7412 7413 7484
f 7413 7485 7484
f 7413 7414 7485
f 7414 7486 7485
f 7414 7415 7486
f 7415 7487 7486
f 7415 7416 7487
f 7416 7488 7487
f 7416 7345 7488
f 7345 7417 7488
f 7417 7418 7489
f 7418 7490 7489
f 7418 7419 7490
f 7419 7491 7490
f 7419 7420 7491
f 7420 7492 7491
f 7420 7421 7492
f 7421 7493 7492
f 7421 7422 7493
f 7422 7494 7493
f 7422 7423 7494
f 7423 7495 7494
f 7423 7424 7495
f 7424 7496 7495
f 7424 7425 7496
f 7425 7497 7496
f 7425 7426 7497
f 7426 7498 7497
f 7426 7427 7498
f 7427 7499 7498
f 7427 7428 7499
f 7428 7500 7499
f 7428 7429 7500
f 7429 7501 7500
f 7429 7430 7501
f 7430 7502 7501
f 7430 7431 7502
f 7431 7503 7502
f 7431 7432 7503
f 7432 7504 7503
f 7432 7433 7504
f 7433 7505 7504
f 7433 7434 7505
f 7434 7506 7505
f 7434 7435 7506
f 7435 7507 7506
f 7435 7436 7507
f 7436 7508 7507
f 7436 7437 7508
f 7437 7509 7508
f 7437 7438 7509
f 7438 7510 7509
f 7438 7439 7510
f 7439 7511 7510
f 7439 7440 7511
f 7440 7512 7511
f 7440 7441 7512
f 7441 7513 7512
f 7441 7442 7513
f 7442 7514 7513
f 7442 7443 7514
f 7443 7515 7514
f 7443 7444 7515
f 7444 7516 7515
f 7444 7445 7516
f 7445 7517 7516
f 7445 7446 7517
f 7446 7518 7517
f 7446 7447 7518
f 7447 7519 7518
f 7447 7448 7519
f 7448 7520 7519
f 7448 7449 7520
f 7449 7521 7520
f 7449 7450 7521
f 7450 7522 7521
f 7450 7451 7522
f 7451 7523 7522
f 7451 7452 7523
f 7452 7524 7523
f 7452 7453 7524
f 7453 7525 7524
f 7453 7454 7525
f 7454 7526 7525
f 7454 7455 7526
f 7455 7527 7526
f 7455 7456 7527
f 7456 7528 7527
f 7456 7457 7528
f 7457 7529 7528
f 7457 7458 7529
f 7458 7530 7529
f 7458 7459 7530
f 7459 7531 7530
f 7459 7460 7531
f 7460 7532 7531
f 7460 7461 7532
f 7461 7533 7532
f 7461 7462 7533
f 7462 7534 7533
f 7462 7463 7534
f 7463 7535 7534
f 7463 7464 7535
f 7464 7536 7535
f 7464 7465 7536
f 7465 7537 7536
f 7465 7466 7537
f 7466 7538 7537
f 7466 7467 7538
f 7467 7539 7538
f 7467 7468 7539
f 7468 7540 7539
f 7468 7469 7540
f 7469 7541 7540
f 7469 7470 7541
f 7470 7542 7541
f 7470 7471 7542
f 7471 7543 7542
f 7471 7472 7543
f 7472 7544 7543
f 7472 7473 7544
f 7473 7545 7544
f 7473 7474 7545
f 7474 7546 7545
f 7474 7475 7546
f 7475 7547 7546
f 7475 7476 7547
f 7476 7548 7547
f 7476 7477 7548
f 7477 7549 7548
f 7477 7478 7549
f 7478 7550 7549
f 7478 7479 7550
f 7479 7551 7550
f 7479 7480 7551
f 7480 7552 7551
f 7480 7481 7552
f 7481 7553 7552
f 7481 7482 7553
f 7482 7554 7553
f 7482 7483 7554
f 7483 7555 7554
f 7483 7484 7555
f 7484 7556 7555
f 7484 7485 7556
f 7485 7557 7556
f 7485 7486 7557
f 7486 7558 7557
f 7486 7487 7558
f 7487 7559 7558
f 7487 7488 7559
f 7488 7560 7559
f 7488 7417 7560
f 7417 7489 7560
f 7489 7490 7561
f 7490 7562 7561
f 7490 7491 7562
f 7491 7563 7562
f 7491 7492 7563
f 7492 7564 7563
f 7492 7493 7564
f 7493 7565 7564
f 7493 7494 7565
f 7494 7566 7565
f 7494 7495 7566
f 7495 7567 7566
f 7495 7496 7567
f 7496 7568 7567
f 7496 7497 7568
f 7497 7569 7568
f 7497 7498 7569
f 7498 7570 7569
f 7498 7499 7570
f 7499 7571 7570
f 7499 7500 7571
f 7500 7572 7571
f 7500 7501 7572
f 7501 7573 7572
f 7501 7502 7573
f 7502 7574 7573
f 7502 7503 7574
f 7503 7575 7574
f 7503 7504 7575
f 7504 7576 7575
f 7504 7505 7576
f 7505 7577 7576
f 7505 7506 7577
f 7506 7578 7577
f 7506 7507 7578
f 7507 7579 7578
f 7507 7508 7579
f 7508 7580 7579
f 7508 7509 7580
f 7509 7581 7580
f 7509 7510 7581
f 7510 7582 7581
f 7510 7511 7582
f 7511 7583 7582
f 7511 7512 7583
f 7512 7584 7583
f 7512 7513 7584
f 7513 7585 7584
f 7513 7514 7585
f 7514 7586 7585
f 7514 7515 7586
f 7515 7587 7586
f 7515 7516 7587
f 7516 7588 7587
f 7516 7517 7588
f 7517 7589 7588
f 7517 7518 7589
f 7518 7590 7589
f 7518 7519 7590
f 7519 7591 7590
f 7519 7520 7591
f 7520 7592 7591
f 7520 7521 7592
f 7521 7593 7592
f 7521 7522 7593
f 7522 7594 7593
f 7522 7523 7594
f 7523 7595 7594
f 7523 7524 7595
f 7524 7596 7595
f 7524 7525 7596
f 7525 7597 7596
f 7525 7526 7597
f 7526 7598 7597
f 7526 7527 7598
f 7527 7599 7598
f 7527 7528 7599
f 7528 7600 7599
f 7528 7529 7600
f 7529 7601 7600
f 7529 7530 7601
f 7530 7602 7601
f 7530 7531 7602
f 7531 7603 7602
f 7531 7532 7603
f 7532 7604 7603
f 7532 7533 7604
f 7533 7605 7604
f 7533 7534 7605
f 7534 7606 7605
f 7534 7535 7606
f 7535 7607 7606
f 7535 7536 7607
f 7536 7608 7607
f 7536 7537 7608
f 7537 7609 7608
f 7537 7538 7609
f 7538 7610 7609
f 7538 7539 7610
f 7539 7611 7610
f 7539 7540 7611
f 7540 7612 7611
f 7540 7541 7612
f 7541 7613 7612
f 7541 7542 7613
f 7542 7614 7613
f 7542 7543 7614
f 7543 7615 7614
f 7543 7544 7615
f 7544 7616 7615
f 7544 7545 7616
f 7545 7617 7616
f 7545 7546 7617
f 7546 7618 7617
f 7546 7547 7618
f 7547 7619 7618
f 7547 7548 7619
f 7548 7620 7619
f 7548 7549 7620
f 7549 7621 7620
f 7549 7550 7621
f 7550 7622 7621
f 7550 7551 7622
f 7551 7623 7622
f 7551 7552 7623
f 7552 7624 7623
f 7552 7553 7624
f 7553 7625 7624
f 7553 7554 7625
f 7554 7626 7625
f 7554 7555 7626
f 7555 7627 7626
f 7555 7556 7627
f 7556 7628 7627
f 7556 7557 7628
f 7557 7629 7628
f 7557 7558 7629
f 7558 7630 7629
f 7558 7559 7630
f 7559 7631 7630
f 7559 7560 7631
f 7560 7632 7631
f 7560 7489 7632
f 7489 7561 7632
f 7561 7562 7633
f 7562 7634 7633
f 7562 7563 7634
f 7563 7635 7634
f 7563 7564 7635
f 7564 7636 7635
f 7564 7565 7636
f 7565 7637 7636
f 7565 7566 7637
f 7566 7638 7637
f 7566 7567 7638
f 7567 7639 7638
f 7567 7568 7639
f 7568 7640 7639
f 7568 7569 7640
f 7569 7641 7640
f 7569 7570 7641
f 7570 7642 7641
f 7570 7571 7642
f 7571 7643 7642
f 7571 7572 7643
f 7572 7644 7643
f 7572 7573 7644
f 7573 7645 7644
f 7573 7574 7645
f 7574 7646 7645
f 7574 7575 7646
f 7575 7647 7646
f 7575 7576 7647
f 7576 7648 7647
f 7576 7577 7648
f 7577 7649 7648
f 7577 7578 7649
f 7578 7650 7649
f 7578 7579 7650
f 7579 7651 7650
f 7579 7580 7651
f 7580 7652 7651
f 7580 7581 7652
f 7581 7653 7652
f 7581 7582 7653
f 7582 7654 7653
f 7582 7583 7654
f 7583 7655 7654
f 7583 7584 7655
f 7584 7656 7655
f 7584 7585 7656
f 7585 7657 7656
f 7585 7586 7657
f 7586 7658 7657
f 7586 7587 7658
f 7587 7659 7658
f 7587 7588 7659
f 7588 7660 7659
f 7588 7589 7660
f 7589 7661 7660
f 7589 7590 7661
f 7590 7662 7661
f 7590 7591 7662
f 7591 7663 7662
f 7591 7592 7663
f 7592 7664 7663
f 7592 7593 7664
f 7593 7665 7664
f 7593 7594 7665
f 7594 7666 7665
f 7594 7595 7666
f 7595 7667 7666
f 7595 7596 7667
f 7596 7668 7667
f 7596 7597 7668
f 7597 7669 7668
f 7597 7598 7669
f 7598 7670 7669
f 7598 7599 7670
f 7599 7671 7670
f 7599 7600 7671
f 7600 7672 7671
f 7600 7601 7672
f 7601 7673 7672
f 7601 7602 7673
f 7602 7674 7673
f 7602 7603 7674
f 7603 7675 7674
f 7603 7604 7675
f 7604 7676 7675
f 7604 7605 7676
f 7605 7677 7676
f 7605 7606 7677
f 7606 7678 7677
f 7606 7607 7678
f 7607 7679 7678
f 7607 7608 7679
f 7608 7680 7679
f 7608 7609 7680
f 7609 7681 7680
f 7609 7610 7681
f 7610 7682 7681
f 7610 7611 7682
f 7611 7683 7682
f 7611 7612 7683
f 7612 7684 7683
f 7612 7613 7684
f 7613 7685 7684
f 7613 7614 7685
f 7614 7686 7685
f 7614 7615 7686
f 7615 7687 7686
f 7615 7616 7687
f 7616 7688 7687
f 7616 7617 7688
f 7617 7689 7688
f 7617 7618 7689
f 7618 7690 7689
f 7618 7619 7690
f 7619 7691 7690
f 7619 7620 7691
f 7620 7692 7691
f 7620 7621 7692
f 7621 7693 7692
f 7621 7622 7693
f 7622 7694 7693
f 7622 7623 7694
f 7623 7695 7694
f 7623 7624 7695
f 7624 7696 7695
f 7624 7625 7696
f 7625 7697 7696
f 7625 7626 7697
f 7626 7698 7697
f 7626 7627 7698
f 7627 7699 7698
f 7627 7628 7699
f 7628 7700 7699
f 7628 7629 7700
f 7629 7701 7700
f 7629 7630 7701
f 7630 7702 7701
f 7630 7631 7702
f 7631 7703 7702
f 7631 7632 7703
f 7632 7704 7703
f 7632 7561 7704
f 7561 7633 7704
f 7633 7634 7705
f 7634 7706 7705
f 7634 7635 7706
f 7635 7707 7706
f 7635 7636 7707
f 7636 7708 7707
f 7636 7637 7708
f 7637 7709 7708
f 7637 7638 7709
f 7638 7710 7709
f 7638 7639 7710
f 7639 7711 7710
f 7639 7640 7711
f 7640 7712 7711
f 7640 7641 7712
f 7641 7713 7712
f 7641 7642 7713
f 7642 7714 7713
f 7642 7643 7714
f 7643 7715 7714
f 7643 7644 7715
f 7644 7716 7715
f 7644 7645 7716
f 7645 7717 7716
f 7645 7646 7717
f 7646 7718 7717
f 7646 7647 7718
f 7647 7719 7718
f 7647 7648 7719
f 7648 7720 7719
f 7648 7649 7720
f 7649 7721 7720
f 7649 7650 7721
f 7650 7722 7721
f 7650 7651 7722
f 7651 7723 7722
f 7651 7652 7723
f 7652 7724 7723
f 7652 7653 7724
f 7653 7725 7724
f 7653 7654 7725
f 7654 7726 7725
f 7654 7655 7726
f 7655 7727 7726
f 7655 7656 7727
f 7656 7728 7727
f 7656 7657 7728
f 7657 7729 7728
f 7657 7658 7729
f 7658 7730 7729
f 7658 7659 7730
f 7659 7731 7730
f 7659 7660 7731
f 7660 7732 7731
f 7660 7661 7732
f 7661 7733 7732
f 7661 7662 7733
f 7662 7734 7733
f 7662 7663 7734
f 7663 7735 7734
f 7663 7664 7735
f 7664 7736 7735
f 7664 7665 7736
f 7665 7737 7736
f 7665 7666 7737
f 7666 7738 7737
f 7666 7667 7738
f 7667 7739 7738
f 7667 7668 7739
f 7668 7740 7739
f 7668 7669 7740
f 7669 7741 7740
f 7669 7670 7741
f 7670 7742 7741
f 7670 7671 7742
f 7671 7743 7742
f 7671 7672 7743
f 7672 7744 7743
f 7672 7673 7744
f 7673 7745 7744
f 7673 7674 7745
f 7674 7746 7745
f 7674 7675 7746
f 7675 7747 7746
f 7675 7676 7747
f 7676 7748 7747
f 7676 7677 7748
f 7677 7749 7748
f 7677 7678 7749
f 7678 7750 7749
f 7678 7679 7750
f 7679 7751 7750
f 7679 7680 7751
f 7680 7752 7751
f 7680 7681 7752
f 7681 7753 7752
f 7681 7682 7753
f 7682 7754 7753
f 7682 7683 7754
f 7683 7755 7754
f 7683 7684 7755
f 7684 7756 7755
f 7684 7685 7756
f 7685 7757 7756
f 7685 7686 7757
f 7686 7758 7757
f 7686 7687 7758
f 7687 7759 7758
f 7687 7688 7759
f 7688 7760 7759
f 7688 7689 7760
f 7689 7761 7760
f 7689 7690 7761
f 7690 7762 7761
f 7690 7691 7762
f 7691 7763 7762
f 7691 7692 7763
f 7692 7764 7763
f 7692 7693 7764
f 7693 7765 7764
f 7693 7694 7765
f 7694 7766 7765
f 7694 7695 7766
f 7695 7767 7766
f 7695 7696 7767
f 7696 7768 7767
f 7696 7697 7768
f 7697 7769 7768
f 7697 7698 7769
f 7698 7770 7769
f 7698 7699 7770
f 7699 7771 7770
f 7699 7700 7771
f 7700 7772 7771
f 7700 7701 7772
f 7701 7773 7772
f 7701 7702 7773
f 7702 7774 7773
f 7702 7703 7774
f 7703 7775 7774
f 7703 7704 7775
f 7704 7776 7775
f 7704 7633 7776
f 7633 7705 7776
f 7705 7706 7777
f 7706 7778 7777
f 7706 7707 7778
f 7707 7779 7778
f 7707 7708 7779
f 7708 7780 7779
f 7708 7709 7780
f 7709 7781 7780
f 7709 7710 7781
f 7710 7782 7781
f 7710 7711 7782
f 7711 7783 7782
f 7711 7712 7783
f 7712 7784 7783
f 7712 7713 7784
f 7713 7785 7784
f 7713 7714 7785
f 7714 7786 7785
f 7714 7715 7786
f 7715 7787 7786
f 7715 7716 7787
f 7716 7788 7787
f 7716 7717 7788
f 7717 7789 7788
f 7717 7718 7789
f 7718 7790 7789
f 7718 7719 7790
f 7719 7791 7790
f 7719 7720 7791
f 7720 7792 7791
f 7720 7721 7792
f 7721 7793 7792
f 7721 7722 7793
f 7722 7794 7793
f 7722 7723 7794
f 7723 7795 7794
f 7723 7724 7795
f 7724 7796 7795
f 7724 7725 7796
f 7725 7797 7796
f 7725 7726 7797
f 7726 7798 7797
f 7726 7727 7798
f 7727 7799 7798
f 7727 7728 7799
f 7728 7800 7799
f 7728 7729 7800
f 7729 7801 7800
f 7729 7730 7801
f 7730 7802 7801
f 7730 7731 7802
f 7731 7803 7802
f 7731 7732 7803
f 7732 7804 7803
f 7732 7733 7804
f 7733 7805 7804
f 7733 7734 7805
f 7734 7806 7805
f 7734 7735 7806
f 7735 7807 7806
f 7735 7736 7807
f 7736 7808 7807
f 7736 7737 7808
f 7737 7809 7808
f 7737 7738 7809
f 7738 7810 7809
f 7738 7739 7810
f 7739 7811 7810
f 7739 7740 7811
f 7740 7812 7811
f 7740 7741 7812
f 7741 7813 7812
f 7741 7742 7813
f 7742 7814 7813
f 7742 7743 7814
f 7743 7815 7814
f 7743 7744 7815
f 7744 7816 7815
f 7744 7745 7816
f 7745 7817 7816
f 7745 7746 7817
f 7746 7818 7817
f 7746 7747 7818
f 7747 7819 7818
f 7747 7748 7819
f 7748 7820 7819
f 7748 7749 7820
f 7749 7821 7820
f 7749 7750 7821
f 7750 7822 7821
f 7750 7751 7822
f 7751 7823 7822
f 7751 7752 7823
f 7752 7824 7823
f 7752 7753 7824
f 7753 7825 7824
f 7753 7754 7825
f 7754 7826 7825
f 7754 7755 7826
f 7755 7827 7826
f 7755 7756 7827
f 7756 7828 7827
f 7756 7757 7828
f 7757 7829 7828
f 7757 7758 7829
f 7758 7830 7829
f 7758 7759 7830
f 7759 7831 7830
f 7759 7760 7831
f 7760 7832 7831
f 7760 7761 7832
f 7761 7833 7832
f 7761 7762 7833
f 7762 7834 7833
f 7762 7763 7834
f 7763 7835 7834
f 7763 7764 7835
f 7764 7836 7835
f 7764 7765 7836
f 7765 7837 7836
f 7765 7766 7837
f 7766 7838 7837
f 7766 7767 7838
f 7767 7839 7838
f 7767 7768 7839
f 7768 7840 7839
f 7768 7769 7840
f 7769 7841 7840
f 7769 7770 7841
f 7770 7842 7841
f 7770 7771 7842
f 7771 7843 7842
f 7771 7772 7843
f 7772 7844 7843
f 7772 7773 7844
f 7773 7845 7844
f 7773 7774 7845
f 7774 7846 7845
f 7774 7775 7846
f 7775 7847 7846
f 7775 7776 7847
f 7776 7848 7847
f 7776 7705 7848
f 7705 7777 7848
f 7777 7778 7849
f 7778 7850 7849
f 7778 7779 7850
f 7779 7851 7850
f 7779 7780 7851
f 7780 7852 7851
f 7780 7781 7852
f 7781 7853 7852
f 7781 7782 7853
f 7782 7854 7853
f 7782 7783 7854
f 7783 7855 7854
f 7783 7784 7855
f 7784 7856 7855
f 7784 7785 7856
f 7785 7857 7856
f 7785 7786 7857
f 7786 7858 7857
f 7786 7787 7858
f 7787 7859 7858
f 7787 7788 7859
f 7788 7860 7859
f 7788 7789 7860
f 7789 7861 7860
f 7789 7790 7861
f 7790 7862 7861
f 7790 7791 7862
f 7791 7863 7862
f 7791 7792 7863
f 7792 7864 7863
f 7792 7793 7864
f 7793 7865 7864
f 7793 7794 7865
f 7794 7866 7865
f 7794 7795 7866
f 7795 7867 7866
f 7795 7796 7867
f 7796 7868 7867
f 7796 7797 7868
f 7797 7869 7868
f 7797 7798 7869
f 7798 7870 7869
f 7798 7799 7870
f 7799 7871 7870
f 7799 7800 7871
f 7800 7872 7871
f 7800 7801 7872
f 7801 7873 7872
f 7801 7802 7873
f 7802 7874 7873
f 7802 7803 7874
f 7803 7875 7874
f 7803 7804 7875
f 7804 7876 7875
f 7804 7805 7876
f 7805 7877 7876
f 7805 7806 7877
f 7806 7878 7877
f 7806 7807 7878
f 7807 7879 7878
f 7807 7808 7879
f 7808 7880 7879
f 7808 7809 7880
f 7809 7881 7880
f 7809 7810 7881
f 7810 7882 7881
f 7810 7811 7882
f 7811 7883 7882
f 7811 7812 7883
f 7812 7884 7883
f 7812 7813 7884
f 7813 7885 7884
f 7813 7814 7885
f 7814 7886 7885
f 7814 7815 7886
f 7815 7887 7886
f 7815 7816 7887
f 7816 7888 7887
f 7816 7817 7888
f 7817 7889 7888
f 7817 7818 7889
f 7818 7890 7889
f 7818 7819 7890
f 7819 7891 7890
f 7819 7820 7891
f 7820 7892 7891
f 7820 7821 7892
f 7821 7893 7892
f 7821 7822 7893
f 7822 7894 7893
f 7822 7823 7894
f 7823 7895 7894
f 7823 7824 7895
f 7824 7896 7895
f 7824 7825 7896
f 7825 7897 7896
f 7825 7826 7897
f 7826 7898 7897
f 7826 7827 7898
f 7827 7899 7898
f 7827 7828 7899
f 7828 7900 7899
f 7828 7829 7900
f 7829 7901 7900
f 7829 7830 7901
f 7830 7902 7901
f 7830 7831 7902
f 7831 7903 7902
f 7831 7832 7903
f 7832 7904 7903
f 7832 7833 7904
f 7833 7905 7904
f 7833 7834 7905
f 7834 7906 7905
f 7834 7835 7906
f 7835 7907 7906
f 7835 7836 7907
f 7836 7908 7907
f 7836 7837 7908
f 7837 7909 7908
f 7837 7838 7909
f 7838 7910 7909
f 7838 7839 7910
f 7839 7911 7910
f 7839 7840 7911
f 7840 7912 7911
f 7840 7841 7912
f 7841 7913 7912
f 7841 7842 7913
f 7842 7914 7913
f 7842 7843 7914
f 7843 7915 7914
f 7843 7844 7915
f 7844 7916 7915
f 7844 7845 7916
f 7845 7917 7916
f 7845 7846 7917
f 7846 7918 7917
f 7846 7847 7918
f 7847 7919 7918
f 7847 7848 7919
f 7848 7920 7919
f 7848 7777 7920
f 7777 7849 7920
f 7849 7850 7921
f 7850 7922 7921
f 7850 7851 7922
f 7851 7923 7922
f 7851 7852 7923
f 7852 7924 7923
f 7852 7853 7924
f 7853 7925 7924
f 7853 7854 7925
f 7854 7926 7925
f 7854 7855 7926
f 7855 7927 7926
f 7855 7856 7927
f 7856 7928 7927
f 7856 7857 7928
f 7857 7929 7928
f 7857 7858 7929
f 7858 7930 7929
f 7858 7859 7930
f 7859 7931 7930
f 7859 7860 7931
f 7860 7932 7931
f 7860 7861 7932
f 7861 7933 7932
f 7861 7862 7933
f 7862 7934 7933
f 7862 7863 7934
f 7863 7935 7934
f 7863 7864 7935
f 7864 7936 7935
f 7864 7865 7936
f 7865 7937 7936
f 7865 7866 7937
f 7866 7938 7937
f 7866 7867 7938
f 7867 7939 7938
f 7867 7868 7939
f 7868 7940 7939
f 7868 7869 7940
f 7869 7941 7940
f 7869 7870 7941
f 7870 7942 7941
f 7870 7871 7942
f 7871 7943 7942
f 7871 7872 7943
f 7872 7944 7943
f 7872 7873 7944
f 7873 7945 7944
f 7873 7874 7945
f 7874 7946 7945
f 7874 7875 7946
f 7875 7947 7946
f 7875 7876 7947
f 7876 7948 7947
f 7876 7877 7948
f 7877 7949 7948
f 7877 7878 7949
f 7878 7950 7949
f 7878 7879 7950
f 7879 7951 7950
f 7879 7880 7951
f 7880 7952 7951
f 7880 7881 7952
f 7881 7953 7952
f 7881 7882 7953
f 7882 7954 7953
f 7882 7883 7954
f 7883 7955 7954
f 7883 7884 7955
f 7884 7956 7955
f 7884 7885 7956
f 7885 7957 7956
f 7885 7886 7957
f 7886 7958 7957
f 7886 7887 7958
f 7887 7959 7958
f 7887 7888 7959
f 7888 7960 7959
f 7888 7889 7960
f 7889 7961 7960
f 7889 7890 7961
f 7890 7962 7961
f 7890 7891 7962
f 7891 7963 7962
f 7891 7892 7963
f 7892 7964 7963
f 7892 7893 7964
f 7893 7965 7964
f 7893 7894 7965
f 7894 7966 7965
f 7894 7895 7966
f 7895 7967 7966
f 7895 7896 7967
f 7896 7968 7967
f 7896 7897 7968
f 7897 7969 7968
f 7897 7898 7969
f 7898 7970 7969
f 7898 7899 7970
f 7899 7971 7970
f 7899 7900 7971
f 7900 7972 7971
f 7900 7901 7972
f 7901 7973 7972
f 7901 7902 7973
f 7902 7974 7973
f 7902 7903 7974
f 7903 7975 7974
f 7903 7904 7975
f 7904 7976 7975
f 7904 7905 7976
f 7905 7977 7976
f 7905 7906 7977
f 7906 7978 7977
f 7906 7907 7978
f 7907 7979 7978
f 7907 7908 7979
f 7908 7980 7979
f 7908 7909 7980
f 7909 7981 7980
f 7909 7910 7981
f 7910 7982 7981
f 7910 7911 7982
f 7911 7983 7982
f 7911 7912 7983
f 7912 7984 7983
f 7912 7913 7984
f 7913 7985 7984
f 7913 7914 7985
f 7914 7986 7985
f 7914 7915 7986
f 7915 7987 7986
f 7915 7916 7987
f 7916 7988 7987
f 7916 7917 7988
f 7917 7989 7988
f 7917 7918 7989
f 7918 7990 7989
f 7918 7919 7990
f 7919 7991 7990
f 7919 7920 7991
f 7920 7992 7991
f 7920 7849 7992
f 7849 7921 7992
f 7921 7922 7993
f 7922 7994 7993
f 7922 7923 7994
f 7923 7995 7994
f 7923 7924 7995
f 7924 7996 7995
f 7924 7925 7996
f 7925 7997 7996
f 7925 7926 7997
f 7926 7998 7997
f 7926 7927 7998
f 7927 7999 7998
f 7927 7928 7999
f 7928 8000 7999
f 7928 7929 8000
f 7929 8001 8000
f 7929 7930 8001
f 7930 8002 8001
f 7930 7931 8002
f 7931 8003 8002
f 7931 7932 8003
f 7932 8004 8003
f 7932 7933 8004
f 7933 8005 8004
f 7933 7934 8005
f 7934 8006 8005
f 7934 7935 8006
f 7935 8007 8006
f 7935 7936 8007
f 7936 8008 8007
f 7936 7937 8008
f 7937 8009 8008
f 7937 7938 8009
f 7938 8010 8009
f 7938 7939 8010
f 7939 8011 8010
f 7939 7940 8011
f 7940 8012 8011
f 7940 7941 8012
f 7941 8013 8012
f 7941 7942 8013
f 7942 8014 8013
f 7942 7943 8014
f 7943 8015 8014
f 7943 7944 8015
f 7944 8016 8015
f 7944 7945 8016
f 7945 8017 8016
f 7945 7946 8017
f 7946 8018 8017
f 7946 7947 8018
f 7947 8019 8018
f 7947 7948 8019
f 7948 8020 8019
f 7948 7949 8020
f 7949 8021 8020
f 7949 7950 8021
f 7950 8022 8021
f 7950 7951 8022
f 7951 8023 8022
f 7951 7952 8023
f 7952 8024 8023
f 7952 7953 8024
f 7953 8025 8024
f 7953 7954 8025
f 7954 8026 8025
f 7954 7955 8026
f 7955 8027 8026
f 7955 7956 8027
f 7956 8028 8027
f 7956 7957 8028
f 7957 8029 8028
f 7957 7958 8029
f 7958 8030 8029
f 7958 7959 8030
f 7959 8031 8030
f 7959 7960 8031
f 7960 8032 8031
f 7960 7961 8032
f 7961 8033 8032
f 7961 7962 8033
f 7962 8034 8033
f 7962 7963 8034
f 7963 8035 8034
f 7963 7964 8035
f 7964 8036 8035
f 7964 7965 8036
f 7965 8037 8036
f 7965 7966 8037
f 7966 8038 8037
f 7966 7967 8038
f 7967 8039 8038
f 7967 7968 8039
f 7968 8040 8039
f 7968 7969 8040
f 7969 8041 8040
f 7969 7970 8041
f 7970 8042 8041
f 7970 7971 8042
f 7971 8043 8042
f 7971 7972 8043
f 7972 8044 8043
f 7972 7973 8044
f 7973 8045 8044
f 7973 7974 8045
f 7974 8046 8045
f 7974 7975 8046
f 7975 8047 8046
f 7975 7976 8047
f 7976 8048 8047
f 7976 7977 8048
f 7977 8049 8048
f 7977 7978 8049
f 7978 8050 8049
f 7978 7979 8050
f 7979 8051 8050
f 7979 7980 8051
f 7980 8052 8051
f 7980 7981 8052
f 7981 8053 8052
f 7981 7982 8053
f 7982 8054 8053
f 7982 7983 8054
f 7983 8055 8054
f 7983 7984 8055
f 7984 8056 8055
f 7984 7985 8056
f 7985 8057 8056
f 7985 7986 8057
f 7986 8058 8057
f 7986 7987 8058
f 7987 8059 8058
f 7987 7988 8059
f 7988 8060 8059
f 7988 7989 8060
f 7989 8061 8060
f 7989 7990 8061
f 7990 8062 8061
f 7990 7991 8062
f 7991 8063 8062
f 7991 7992 8063
f 7992 8064 8063
f 7992 7921 8064
f 7921 7993 8064
f 7993 7994 8065
f 7994 8066 8065
f 7994 7995 8066
f 7995 8067 8066
f 7995 7996 8067
f 7996 8068 8067
f 7996 7997 8068
f 7997 8069 8068
f 7997 7998 8069
f 7998 8070 8069
f 7998 7999 8070
f 7999 8071 8070
f 7999 8000 8071
f 8000 8072 8071
f 8000 8001 8072
f 8001 8073 8072
f 8001 8002 8073
f 8002 8074 8073
f 8002 8003 8074
f 8003 8075 8074
f 8003 8004 8075
f 8004 8076 8075
f 8004 8005 8076
f 8005 8077 8076
f 8005 8006 8077
f 8006 8078 8077
f 8006 8007 8078
f 8007 8079 8078
f 8007 8008 8079
f 8008 8080 8079
f 8008 8009 8080
f 8009 8081 8080
f 8009 8010 8081
f 8010 8082 8081
f 8010 8011 8082
f 8011 8083 8082
f 8011 8012 8083
f 8012 8084 8083
f 8012 8013 8084
f 8013 8085 8084
f 8013 8014 8085
f 8014 8086 8085
f 8014 8015 8086
f 8015 8087 8086
f 8015 8016 8087
f 8016 8088 8087
f 8016 8017 8088
f 8017 8089 8088
f 8017 8018 8089
f 8018 8090 8089
f 8018 8019 8090
f 8019 8091 8090
f 8019 8020 8091
f 8020 8092 8091
f 8020 8021 8092
f 8021 8093 8092
f 8021 8022 8093
f 8022 8094 8093
f 8022 8023 8094
f 8023 8095 8094
f 8023 8024 8095
f 8024 8096 8095
f 8024 8025 8096
f 8025 8097 8096
f 8025 8026 8097
f 8026 8098 8097
f 8026 8027 8098
f 8027 8099 8098
f 8027 8028 8099
f 8028 8100 8099
f 8028 8029 8100
f 8029 8101 8100
f 8029 8030 8101
f 8030 8102 8101
f 8030 8031 8102
f 8031 8103 8102
f 8031 8032 8103
f 8032 8104 8103
f 8032 8033 8104
f 8033 8105 8104
f 8033 8034 8105
f 8034 8106 8105
f 8034 8035 8106
f 8035 8107 8106
f 8035 8036 8107
f 8036 8108 8107
f 8036 8037 8108
f 8037 8109 8108
f 8037 8038 8109
f 8038 8110 8109
f 8038 8039 8110
f 8039 8111 8110
f 8039 8040 8111
f 8040 8112 8111
f 8040 8041 8112
f 8041 8113 8112
f 8041 8042 8113
f 8042 8114 8113
f 8042 8043 8114
f 8043 8115 8114
f 8043 8044 8115
f 8044 8116 8115
f 8044 8045 8116
f 8045 8117 8116
f 8045 8046 8117
f 8046 8118 8117
f 8046 8047 8118
f 8047 8119 8118
f 8047 8048 8119
f 8048 8120 8119
f 8048 8049 8120
f 8049 8121 8120
f 8049 8050 8121
f 8050 8122 8121
f 8050 8051 8122
f 8051 8123 8122
f 8051 8052 8123
f 8052 8124 8123
f 8052 8053 8124
f 8053 8125 8124
f 8053 8054 8125
f 8054 8126 8125
f 8054 8055 8126
f 8055 8127 8126
f 8055 8056 8127
f 8056 8128 8127
f 8056 8057 8128
f 8057 8129 8128
f 8057 8058 8129
f 8058 8130 8129
f 8058 8059 8130
f 8059 8131 8130
f 8059 8060 8131
f 8060 8132 8131
f 8060 8061 8132
f 8061 8133 8132
f 8061 8062 8133
f 8062 8134 8133
f 8062 8063 8134
f 8063 8135 8134
f 8063 8064 8135
f 8064 8136 8135
f 8064 7993 8136
f 7993 8065 8136
f 8065 8066 8137
f 8066 8138 8137
f 8066 8067 8138
f 8067 8139 8138
f 8067 8068 8139
f 8068 8140 8139
f 8068 8069 8140
f 8069 8141 8140
f 8069 8070 8141
f 8070 8142 8141
f 8070 8071 8142
f 8071 8143 8142
f 8071 8072 8143
f 8072 8144 8143
f 8072 8073 8144
f 8073 8145 8144
f 8073 8074 8145
f 8074 8146 8145
f 8074 8075 8146
f 8075 8147 8146
f 8075 8076 8147
f 8076 8148 8147
f 8076 8077 8148
f 8077 8149 8148
f 8077 8078 8149
f 8078 8150 8149
f 8078 8079 8150
f 8079 8151 8150
f 8079 8080 8151
f 8080 8152 8151
f 8080 8081 8152
f 8081 8153 8152
f 8081 8082 8153
f 8082 8154 8153
f 8082 8083 8154
f 8083 8155 8154
f 8083 8084 8155
f 8084 8156 8155
f 8084 8085 8156
f 8085 8157 8156
f 8085 8086 8157
f 8086 8158 8157
f 8086 8087 8158
f 8087 8159 8158
f 8087 8088 8159
f 8088 8160 8159
f 8088 8089 8160
f 8089 8161 8160
f 8089 8090 8161
f 8090 8162 8161
f 8090 8091 8162
f 8091 8163 8162
f 8091 8092 8163
f 8092 8164 8163
f 8092 8093 8164
f 8093 8165 8164
f 8093 8094 8165
f 8094 8166 8165
f 8094 8095 8166
f 8095 8167 8166
f 8095 8096 8167
f 8096 8168 8167
f 8096 8097 8168
f 8097 8169 8168
f 8097 8098 8169
f 8098 8170 8169
f 8098 8099 8170
f 8099 8171 8170
f 8099 8100 8171
f 8100 8172 8171
f 8100 8101 8172
f 8101 8173 8172
f 8101 8102 8173
f 8102 8174 8173
f 8102 8103 8174
f 8103 8175 8174
f 8103 8104 8175
f 8104 8176 8175
f 8104 8105 8176
f 8105 8177 8176
f 8105 8106 8177
f 8106 8178 8177
f 8106 8107 8178
f 8107 8179 8178
f 8107 8108 8179
f 8108 8180 8179
f 8108 8109 8180
f 8109 8181 8180
f 8109 8110 8181
f 8110 8182 8181
f 8110 8111 8182
f 8111 8183 8182
f 8111 8112 8183
f 8112 8184 8183
f 8112 8113 8184
f 8113 8185 8184
f 8113 8114 8185
f 8114 8186 8185
f 8114 8115 8186
f 8115 8187 8186
f 8115 8116 8187
f 8116 8188 8187
f 8116 8117 8188
f 8117 8189 8188
f 8117 8118 8189
f 8118 8190 8189
f 8118 8119 8190
f 8119 8191 8190
f 8119 8120 8191
f 8120 8192 8191
f 8120 8121 8192
f 8121 8193 8192
f 8121 8122 8193
f 8122 8194 8193
f 8122 8123 8194
f 8123 8195 8194
f 8123 8124 8195
f 8124 8196 8195
f 8124 8125 8196
f 8125 8197 8196
f 8125 8126 8197
f 8126 8198 8197
f 8126 8127 8198
f 8127 8199 8198
f 8127 8128 8199
f 8128 8200 8199
f 8128 8129 8200
f 8129 8201 8200
f 8129 8130 8201
f 8130 8202 8201
f 8130 8131 8202
f 8131 8203 8202
f 8131 8132 8203
f 8132 8204 8203
f 8132 8133 8204
f 8133 8205 8204
f 8133 8134 8205
f 8134 8206 8205
f 8134 8135 8206
f 8135 8207 8206
f 8135 8136 8207
f 8136 8208 8207
f 8136 8065 8208
f 8065 8137 8208
f 8137 8138 8209
f 8138 8210 8209
f 8138 8139 8210
f 8139 8211 8210
f 8139 8140 8211
f 8140 8212 8211
f 8140 8141 8212
f 8141 8213 8212
f 8141 8142 8213
f 8142 8214 8213
f 8142 8143 8214
f 8143 8215 8214
f 8143 8144 8215
f 8144 8216 8215
f 8144 8145 8216
f 8145 8217 8216
f 8145 8146 8217
f 8146 8218 8217
f 8146 8147 8218
f 8147 8219 8218
f 8147 8148 8219
f 8148 8220 8219
f 8148 8149 8220
f 8149 8221 8220
f 8149 8150 8221
f 8150 8222 8221
f 8150 8151 8222
f 8151 8223 8222
f 8151 8152 8223
f 8152 8224 8223
f 8152 8153 8224
f 8153 8225 8224
f 8153 8154 8225
f 8154 8226 8225
f 8154 8155 8226
f 8155 8227 8226
f 8155 8156 8227
f 8156 8228 8227
f 8156 8157 8228
f 8157 8229 8228
f 8157 8158 8229
f 8158 8230 8229
f 8158 8159 8230
f 8159 8231 8230
f 8159 8160 8231
f 8160 8232 8231
f 8160 8161 8232
f 8161 8233 8232
f 8161 8162 8233
f 8162 8234 8233
f 8162 8163 8234
f 8163 8235 8234
f 8163 8164 8235
f 8164 8236 8235
f 8164 8165 8236
f 8165 8237 8236
f 8165 8166 8237
f 8166 8238 8237
f 8166 8167 8238
f 8167 8239 8238
f 8167 8168 8239
f 8168 8240 8239
f 8168 8169 8240
f 8169 8241 8240
f 8169 8170 8241
f 8170 8242 8241
f 8170 8171 8242
f 8171 8243 8242
f 8171 8172 8243
f 8172 8244 8243
f 8172 8173 8244
f 8173 8245 8244
f 8173 8174 8245
f 8174 8246 8245
f 8174 8175 8246
f 8175 8247 8246
f 8175 8176 8247
f 8176 8248 8247
f 8176 8177 8248
f 8177 8249 8248
f 8177 8178 8249
f 8178 8250 8249
f 8178 8179 8250
f 8179 8251 8250
f 8179 8180 8251
f 8180 8252 8251
f 8180 8181 8252
f 8181 8253 8252
f 8181 8182 8253
f 8182 8254 8253
f 8182 8183 8254
f 8183 8255 8254
f 8183 8184 8255
f 8184 8256 8255
f 8184 8185 8256
f 8185 8257 8256
f 8185 8186 8257
f 8186 8258 8257
f 8186 8187 8258
f 8187 8259 8258
f 8187 8188 8259
f 8188 8260 8259
f 8188 8189 8260
f 8189 8261 8260
f 8189 8190 8261
f 8190 8262 8261
f 8190 8191 8262
f 8191 8263 8262
f 8191 8192 8263
f 8192 8264 8263
f 8192 8193 8264
f 8193 8265 8264
f 8193 8194 8265
f 8194 8266 8265
f 8194 8195 8266
f 8195 8267 8266
f 8195 8196 8267
f 8196 8268 8267
f 8196 8197 8268
f 8197 8269 8268
f 8197 8198 8269
f 8198 8270 8269
f 8198 8199 8270
f 8199 8271 8270
f 8199 8200 8271
f 8200 8272 8271
f 8200 8201 8272
f 8201 8273 8272
f 8201 8202 8273
f 8202 8274 8273
f 8202 8203 8274
f 8203 8275 8274
f 8203 8204 8275
f 8204 8276 8275
f 8204 8205 8276
f 8205 8277 8276
f 8205 8206 8277
f 8206 8278 8277
f 8206 8207 8278
f 8207 8279 8278
f 8207 8208 8279
f 8208 8280 8279
f 8208 8137 8280
f 8137 8209 8280
f 8209 8210 8281
f 8210 8282 8281
f 8210 8211 8282
f 8211 8283 8282
f 8211 8212 8283
f 8212 8284 8283
f 8212 8213 8284
f 8213 8285 8284
f 8213 8214 8285
f 8214 8286 8285
f 8214 8215 8286
f 8215 8287 8286
f 8215 8216 8287
f 8216 8288 8287
f 8216 8217 8288
f 8217 8289 8288
f 8217 8218 8289
f 8218 8290 8289
f 8218 8219 8290
f 8219 8291 8290
f 8219 8220 8291
f 8220 8292 8291
f 8220 8221 8292
f 8221 8293 8292
f 8221 8222 8293
f 8222 8294 8293
f 8222 8223 8294
f 8223 8295 8294
f 8223 8224 8295
f 8224 8296 8295
f 8224 8225 8296
f 8225 8297 8296
f 8225 8226 8297
f 8226 8298 8297
f 8226 8227 8298
f 8227 8299 8298
f 8227 8228 8299
f 8228 8300 8299
f 8228 8229 8300
f 8229 8301 8300
f 8229 8230 8301
f 8230 8302 8301
f 8230 8231 8302
f 8231 8303 8302
f 8231 8232 8303
f 8232 8304 8303
f 8232 8233 8304
f 8233 8305 8304
f 8233 8234 8305
f 8234 8306 8305
f 8234 8235 8306
f 8235 8307 8306
f 8235 8236 8307
f 8236 8308 8307
f 8236 8237 8308
f 8237 8309 8308
f 8237 8238 8309
f 8238 8310 8309
f 8238 8239 8310
f 8239 8311 8310
f 8239 8240 8311
f 8240 8312 8311
f 8240 8241 8312
f 8241 8313 8312
f 8241 8242 8313
f 8242 8314 8313
f 8242 8243 8314
f 8243 8315 8314
f 8243 8244 8315
f 8244 8316 8315
f 8244 8245 8316
f 8245 8317 8316
f 8245 8246 8317
f 8246 8318 8317
f 8246 8247 8318
f 8247 8319 8318
f 8247 8248 8319
f 8248 8320 8319
f 8248 8249 8320
f 8249 8321 8320
f 8249 8250 8321
f 8250 8322 8321
f 8250 8251 8322
f 8251 8323 8322
f 8251 8252 8323
f 8252 8324 8323
f 8252 8253 8324
f 8253 8325 8324
f 8253 8254 8325
f 8254 8326 8325
f 8254 8255 8326
f 8255 8327 8326
f 8255 8256 8327
f 8256 8328 8327
f 8256 8257 8328
f 8257 8329 8328
f 8257 8258 8329
f 8258 8330 8329
f 8258 8259 8330
f 8259 8331 8330
f 8259 8260 8331
f 8260 8332 8331
f 8260 8261 8332
f 8261 8333 8332
f 8261 8262 8333
f 8262 8334 8333
f 8262 8263 8334
f 8263 8335 8334
f 8263 8264 8335
f 8264 8336 8335
f 8264 8265 8336
f 8265 8337 8336
f 8265 8266 8337
f 8266 8338 8337
f 8266 8267 8338
f 8267 8339 8338
f 8267 8268 8339
f 8268 8340 8339
f 8268 8269 8340
f 8269 8341 8340
f 8269 8270 8341
f 8270 8342 8341
f 8270 8271 8342
f 8271 8343 8342
f 8271 8272 8343
f 8272 8344 8343
f 8272 8273 8344
f 8273 8345 8344
f 8273 8274 8345
f 8274 8346 8345
f 8274 8275 8346
f 8275 8347 8346
f 8275 8276 8347
f 8276 8348 8347
f 8276 8277 8348
f 8277 8349 8348
f 8277 8278 8349
f 8278 8350 8349
f 8278 8279 8350
f 8279 8351 8350
f 8279 8280 8351
f 8280 8352 8351
f 8280 8209 8352
f 8209 8281 8352
f 8281 8282 8353
f 8282 8354 8353
f 8282 8283 8354
f 8283 8355 8354
f 8283 8284 8355
f 8284 8356 8355
f 8284 8285 8356
f 8285 8357 8356
f 8285 8286 8357
f 8286 8358 8357
f 8286 8287 8358
f 8287 8359 8358
f 8287 8288 8359
f 8288 8360 8359
f 8288 8289 8360
f 8289 8361 8360
f 8289 8290 8361
f 8290 8362 8361
f 8290 8291 8362
f 8291 8363 8362
f 8291 8292 8363
f 8292 8364 8363
f 8292 8293 8364
f 8293 8365 8364
f 8293 8294 8365
f 8294 8366 8365
f 8294 8295 8366
f 8295 8367 8366
f 8295 8296 8367
f 8296 8368 8367
f 8296 8297 8368
f 8297 8369 8368
f 8297 8298 8369
f 8298 8370 8369
f 8298 8299 8370
f 8299 8371 8370
f 8299 8300 8371
f 8300 8372 8371
f 8300 8301 8372
f 8301 8373 8372
f 8301 8302 8373
f 8302 8374 8373
f 8302 8303 8374
f 8303 8375 8374
f 8303 8304 8375
f 8304 8376 8375
f 8304 8305 8376
f 8305 8377 8376
f 8305 8306 8377
f 8306 8378 8377
f 8306 8307 8378
f 8307 8379 8378
f 8307 8308 8379
f 8308 8380 8379
f 8308 8309 8380
f 8309 8381 8380
f 8309 8310 8381
f 8310 8382 8381
f 8310 8311 8382
f 8311 8383 8382
f 8311 8312 8383
f 8312 8384 8383
f 8312 8313 8384
f 8313 8385 8384
f 8313 8314 8385
f 8314 8386 8385
f 8314 8315 8386
f 8315 8387 8386
f 8315 8316 8387
f 8316 8388 8387
f 8316 8317 8388
f 8317 8389 8388
f 8317 8318 8389
f 8318 8390 8389
f 8318 8319 8390
f 8319 8391 8390
f 8319 8320 8391
f 8320 8392 8391
f 8320 8321 8392
f 8321 8393 8392
f 8321 8322 8393
f 8322 8394 8393
f 8322 8323 8394
f 8323 8395 8394
f 8323 8324 8395
f 8324 8396 8395
f 8324 8325 8396
f 8325 8397 8396
f 8325 8326 8397
f 8326 8398 8397
f 8326 8327 8398
f 8327 8399 8398
f 8327 8328 8399
f 8328 8400 8399
f 8328 8329 8400
f 8329 8401 8400
f 8329 8330 8401
f 8330 8402 8401
f 8330 8331 8402
f 8331 8403 8402
f 8331 8332 8403
f 8332 8404 8403
f 8332 8333 8404
f 8333 8405 8404
f 8333 8334 8405
f 8334 8406 8405
f 8334 8335 8406
f 8335 8407 8406
f 8335 8336 8407
f 8336 8408 8407
f 8336 8337 8408
f 8337 8409 8408
f 8337 8338 8409
f 8338 8410 8409
f 8338 8339 8410
f 8339 8411 8410
f 8339 8340 8411
f 8340 8412 8411
f 8340 8341 8412
f 8341 8413 8412
f 8341 8342 8413
f 8342 8414 8413
f 8342 8343 8414
f 8343 8415 8414
f 8343 8344 8415
f 8344 8416 8415
f 8344 8345 8416
f 8345 8417 8416
f 8345 8346 8417
f 8346 8418 8417
f 8346 8347 8418
f 8347 8419 8418
f 8347 8348 8419
f 8348 8420 8419
f 8348 8349 8420
f 8349 8421 8420
f 8349 8350 8421
f 8350 8422 8421
f 8350 8351 8422
f 8351 8423 8422
f 8351 8352 8423
f 8352 8424 8423
f 8352 8281 8424
f 8281 8353 8424
f 8353 8354 8425
f 8354 8426 8425
f 8354 8355 8426
f 8355 8427 8426
f 8355 8356 8427
f 8356 8428 8427
f 8356 8357 8428
f 8357 8429 8428
f 8357 8358 8429
f 8358 8430 8429
f 8358 8359 8430
f 8359 8431 8430
f 8359 8360 8431
f 8360 8432 8431
f 8360 8361 8432
f 8361 8433 8432
f 8361 8362 8433
f 8362 8434 8433
f 8362 8363 8434
f 8363 8435 8434
f 8363 8364 8435
f 8364 8436 8435
f 8364 8365 8436
f 8365 8437 8436
f 8365 8366 8437
f 8366 8438 8437
f 8366 8367 8438
f 8367 8439 8438
f 8367 8368 8439
f 8368 8440 8439
f 8368 8369 8440
f 8369 8441 8440
f 8369 8370 8441
f 8370 8442 8441
f 8370 8371 8442
f 8371 8443 8442
f 8371 8372 8443
f 8372 8444 8443
f 8372 8373 8444
f 8373 8445 8444
f 8373 8374 8445
f 8374 8446 8445
f 8374 8375 8446
f 8375 8447 8446
f 8375 8376 8447
f 8376 8448 8447
f 8376 8377 8448
f 8377 8449 8448
f 8377 8378 8449
f 8378 8450 8449
f 8378 8379 8450
f 8379 8451 8450
f 8379 8380 8451
f 8380 8452 8451
f 8380 8381 8452
f 8381 8453 8452
f 8381 8382 8453
f 8382 8454 8453
f 8382 8383 8454
f 8383 8455 8454
f 8383 8384 8455
f 8384 8456 8455
f 8384 8385 8456
f 8385 8457 8456
f 8385 8386 8457
f 8386 8458 8457
f 8386 8387 8458
f 8387 8459 8458
f 8387 8388 8459
f 8388 8460 8459
f 8388 8389 8460
f 8389 8461 8460
f 8389 8390 8461
f 8390 8462 8461
f 8390 8391 8462
f 8391 8463 8462
f 8391 8392 8463
f 8392 8464 8463
f 8392 8393 8464
f 8393 8465 8464
f 8393 8394 8465
f 8394 8466 8465
f 8394 8395 8466
f 8395 8467 8466
f 8395 8396 8467
f 8396 8468 8467
f 8396 8397 8468
f 8397 8469 8468
f 8397 8398 8469
f 8398 8470 8469
f 8398 8399 8470
f 8399 8471 8470
f 8399 8400 8471
f 8400 8472 8471
f 8400 8401 8472
f 8401 8473 8472
f 8401 8402 8473
f 8402 8474 8473
f 8402 8403 8474
f 8403 8475 8474
f 8403 8404 8475
f 8404 8476 8475
f 8404 8405 8476
f 8405 8477 8476
f 8405 8406 8477
f 8406 8478 8477
f 8406 8407 8478
f 8407 8479 8478
f 8407 8408 8479
f 8408 8480 8479
f 8408 8409 8480
f 8409 8481 8480
f 8409 8410 8481
f 8410 8482 8481
f 8410 8411 8482
f 8411 8483 8482
f 8411 8412 8483
f 8412 8484 8483
f 8412 8413 8484
f 8413 8485 8484
f 8413 8414 8485
f 8414 8486 8485
f 8414 8415 8486
f 8415 8487 8486
f 8415 8416 8487
f 8416 8488 8487
f 8416 8417 8488
f 8417 8489 8488
f 8417 8418 8489
f 8418 8490 8489
f 8418 8419 8490
f 8419 8491 8490
f 8419 8420 8491
f 8420 8492 8491
f 8420 8421 8492
f 8421 8493 8492
f 8421 8422 8493
f 8422 8494 8493
f 8422 8423 8494
f 8423 8495 8494
f 8423 8424 8495
f 8424 8496 8495
f 8424 8353 8496
f 8353 8425 8496
f 8425 8426 8497
f 8426 8498 8497
f 8426 8427 8498
f 8427 8499 8498
f 8427 8428 8499
f 8428 8500 8499
f 8428 8429 8500
f 8429 8501 8500
f 8429 8430 8501
f 8430 8502 8501
f 8430 8431 8502
f 8431 8503 8502
f 8431 8432 8503
f 8432 8504 8503
f 8432 8433 8504
f 8433 8505 8504
f 8433 8434 8505
f 8434 8506 8505
f 8434 8435 8506
f 8435 8507 8506
f 8435 8436 8507
f 8436 8508 8507
f 8436 8437 8508
f 8437 8509 8508
f 8437 8438 8509
f 8438 8510 8509
f 8438 8439 8510
f 8439 8511 8510
f 8439 8440 8511
f 8440 8512 8511
f 8440 8441 8512
f 8441 8513 8512
f 8441 8442 8513
f 8442 8514 8513
f 8442 8443 8514
f 8443 8515 8514
f 8443 8444 8515
f 8444 8516 8515
f 8444 8445 8516
f 8445 8517 8516
f 8445 8446 8517
f 8446 8518 8517
f 8446 8447 8518
f 8447 8519 8518
f 8447 8448 8519
f 8448 8520 8519
f 8448 8449 8520
f 8449 8521 8520
f 8449 8450 8521
f 8450 8522 8521
f 8450 8451 8522
f 8451 8523 8522
f 8451 8452 8523
f 8452 8524 8523
f 8452 8453 8524
f 8453 8525 8524
f 8453 8454 8525
f 8454 8526 8525
f 8454 8455 8526
f 8455 8527 8526
f 8455 8456 8527
f 8456 8528 8527
f 8456 8457 8528
f 8457 8529 8528
f 8457 8458 8529
f 8458 8530 8529
f 8458 8459 8530
f 8459 8531 8530
f 8459 8460 8531
f 8460 8532 8531
f 8460 8461 8532
f 8461 8533 8532
f 8461 8462 8533
f 8462 8534 8533
f 8462 8463 8534
f 8463 8535 8534
f 8463 8464 8535
f 8464 8536 8535
f 8464 8465 8536
f 8465 8537 8536
f 8465 8466 8537
f 8466 8538 8537
f 8466 8467 8538
f 8467 8539 8538
f 8467 8468 8539
f 8468 8540 8539
f 8468 8469 8540
f 8469 8541 8540
f 8469 8470 8541
f 8470 8542 8541
f 8470 8471 8542
f 8471 8543 8542
f 8471 8472 8543
f 8472 8544 8543
f 8472 8473 8544
f 8473 8545 8544
f 8473 8474 8545
f 8474 8546 8545
f 8474 8475 8546
f 8475 8547 8546
f 8475 8476 8547
f 8476 8548 8547
f 8476 8477 8548
f 8477 8549 8548
f 8477 8478 8549
f 8478 8550 8549
f 8478 8479 8550
f 8479 8551 8550
f 8479 8480 8551
f 8480 8552 8551
f 8480 8481 8552
f 8481 8553 8552
f 8481 8482 8553
f 8482 8554 8553
f 8482 8483 8554
f 8483 8555 8554
f 8483 8484 8555
f 8484 8556 8555
f 8484 8485 8556
f 8485 8557 8556
f 8485 8486 8557
f 8486 8558 8557
f 8486 8487 8558
f 8487 8559 8558
f 8487 8488 8559
f 8488 8560 8559
f 8488 8489 8560
f 8489 8561 8560
f 8489 8490 8561
f 8490 8562 8561
f 8490 8491 8562
f 8491 8563 8562
f 8491 8492 8563
f 8492 8564 8563
f 8492 8493 8564
f 8493 8565 8564
f 8493 8494 8565
f 8494 8566 8565
f 8494 8495 8566
f 8495 8567 8566
f 8495 8496 8567
f 8496 8568 8567
f 8496 8425 8568
f 8425 8497 8568
f 8497 8498 8569
f 8498 8570 8569
f 8498 8499 8570
f 8499 8571 8570
f 8499 8500 8571
f 8500 8572 8571
f 8500 8501 8572
f 8501 8573 8572
f 8501 8502 8573
f 8502 8574 8573
f 8502 8503 8574
f 8503 8575 8574
f 8503 8504 8575
f 8504 8576 8575
f 8504 8505 8576
f 8505 8577 8576
f 8505 8506 8577
f 8506 8578 8577
f 8506 8507 8578
f 8507 8579 8578
f 8507 8508 8579
f 8508 8580 8579
f 8508 8509 8580
f 8509 8581 8580
f 8509 8510 8581
f 8510 8582 8581
f 8510 8511 8582
f 8511 8583 8582
f 8511 8512 8583
f 8512 8584 8583
f 8512 8513 8584
f 8513 8585 8584
f 8513 8514 8585
f 8514 8586 8585
f 8514 8515 8586
f 8515 8587 8586
f 8515 8516 8587
f 8516 8588 8587
f 8516 8517 8588
f 8517 8589 8588
f 8517 8518 8589
f 8518 8590 8589
f 8518 8519 8590
f 8519 8591 8590
f 8519 8520 8591
f 8520 8592 8591
f 8520 8521 8592
f 8521 8593 8592
f 8521 8522 8593
f 8522 8594 8593
f 8522 8523 8594
f 8523 8595 8594
f 8523 8524 8595
f 8524 8596 8595
f 8524 8525 8596
f 8525 8597 8596
f 8525 8526 8597
f 8526 8598 8597
f 8526 8527 8598
f 8527 8599 8598
f 8527 8528 8599
f 8528 8600 8599
f 8528 8529 8600
f 8529 8601 8600
f 8529 8530 8601
f 8530 8602 8601
f 8530 8531 8602
f 8531 8603 8602
f 8531 8532 8603
f 8532 8604 8603
f 8532 8533 8604
f 8533 8605 8604
f 8533 8534 8605
f 8534 8606 8605
f 8534 8535 8606
f 8535 8607 8606
f 8535 8536 8607
f 8536 8608 8607
f 8536 8537 8608
f 8537 8609 8608
f 8537 8538 8609
f 8538 8610 8609
f 8538 8539 8610
f 8539 8611 8610
f 8539 8540 8611
f 8540 8612 8611
f 8540 8541 8612
f 8541 8613 8612
f 8541 8542 8613
f 8542 8614 8613
f 8542 8543 8614
f 8543 8615 8614
f 8543 8544 8615
f 8544 8616 8615
f 8544 8545 8616
f 8545 8617 8616
f 8545 8546 8617
f 8546 8618 8617
f 8546 8547 8618
f 8547 8619 8618
f 8547 8548 8619
f 8548 8620 8619
f 8548 8549 8620
f 8549 8621 8620
f 8549 8550 8621
f 8550 8622 8621
f 8550 8551 8622
f 8551 8623 8622
f 8551 8552 8623
f 8552 8624 8623
f 8552 8553 8624
f 8553 8625 8624
f 8553 8554 8625
f 8554 8626 8625
f 8554 8555 8626
f 8555 8627 8626
f 8555 8556 8627
f 8556 8628 8627
f 8556 8557 8628
f 8557 8629 8628
f 8557 8558 8629
f 8558 8630 8629
f 8558 8559 8630
f 8559 8631 8630
f 8559 8560 8631
f 8560 8632 8631
f 8560 8561 8632
f 8561 8633 8632
f 8561 8562 8633
f 8562 8634 8633
f 8562 8563 8634
f 8563 8635 8634
f 8563 8564 8635
f 8564 8636 8635
f 8564 8565 8636
f 8565 8637 8636
f 8565 8566 8637
f 8566 8638 8637
f 8566 8567 8638
f 8567 8639 8638
f 8567 8568 8639
f 8568 8640 8639
f 8568 8497 8640
f 8497 8569 8640
f 8569 8570 8641
f 8570 8642 8641
f 8570 8571 8642
f 8571 8643 8642
f 8571 8572 8643
f 8572 8644 8643
f 8572 8573 8644
f 8573 8645 8644
f 8573 8574 8645
f 8574 8646 8645
f 8574 8575 8646
f 8575 8647 8646
f 8575 8576 8647
f 8576 8648 8647
f 8576 8577 8648
f 8577 8649 8648
f 8577 8578 8649
f 8578 8650 8649
f 8578 8579 8650
f 8579 8651 8650
f 8579 8580 8651
f 8580 8652 8651
f 8580 8581 8652
f 8581 8653 8652
f 8581 8582 8653
f 8582 8654 8653
f 8582 8583 8654
f 8583 8655 8654
f 8583 8584 8655
f 8584 8656 8655
f 8584 8585 8656
f 8585 8657 8656
f 8585 8586 8657
f 8586 8658 8657
f 8586 8587 8658
f 8587 8659 8658
f 8587 8588 8659
f 8588 8660 8659
f 8588 8589 8660
f 8589 8661 8660
f 8589 8590 8661
f 8590 8662 8661
f 8590 8591 8662
f 8591 8663 8662
f 8591 8592 8663
f 8592 8664 8663
f 8592 8593 8664
f 8593 8665 8664
f 8593 8594 8665
f 8594 8666 8665
f 8594 8595 8666
f 8595 8667 8666
f 8595 8596 8667
f 8596 8668 8667
f 8596 8597 8668
f 8597 8669 8668
f 8597 8598 8669
f 8598 8670 8669
f 8598 8599 8670
f 8599 8671 8670
f 8599 8600 8671
f 8600 8672 8671
f 8600 8601 8672
f 8601 8673 8672
f 8601 8602 8673
f 8602 8674 8673
f 8602 8603 8674
f 8603 8675 8674
f 8603 8604 8675
f 8604 8676 8675
f 8604 8605 8676
f 8605 8677 8676
f 8605 8606 8677
f 8606 8678 8677
f 8606 8607 8678
f 8607 8679 8678
f 8607 8608 8679
f 8608 8680 8679
f 8608 8609 8680
f 8609 8681 8680
f 8609 8610 8681
f 8610 8682 8681
f 8610 8611 8682
f 8611 8683 8682
f 8611 8612 8683
f 8612 8684 8683
f 8612 8613 8684
f 8613 8685 8684
f 8613 8614 8685
f 8614 8686 8685
f 8614 8615 8686
f 8615 8687 8686
f 8615 8616 8687
f 8616 8688 8687
f 8616 8617 8688
f 8617 8689 8688
f 8617 8618 8689
f 8618 8690 8689
f 8618 8619 8690
f 8619 8691 8690
f 8619 8620 8691
f 8620 8692 8691
f 8620 8621 8692
f 8621 8693 8692
f 8621 8622 8693
f 8622 8694 8693
f 8622 8623 8694
f 8623 8695 8694
f 8623 8624 8695
f 8624 8696 8695
f 8624 8625 8696
f 8625 8697 8696
f 8625 8626 8697
f 8626 8698 8697
f 8626 8627 8698
f 8627 8699 8698
f 8627 8628 8699
f 8628 8700 8699
f 8628 8629 8700
f 8629 8701 8700
f 8629 8630 8701
f 8630 8702 8701
f 8630 8631 8702
f 8631 8703 8702
f 8631 8632 8703
f 8632 8704 8703
f 8632 8633 8704
f 8633 8705 8704
f 8633 8634 8705
f 8634 8706 8705
f 8634 8635 8706
f 8635 8707 8706
f 8635 8636 8707
f 8636 8708 8707
f 8636 8637 8708
f 8637 8709 8708
f 8637 8638 8709
f 8638 8710 8709
f 8638 8639 8710
f 8639 8711 8710
f 8639 8640 8711
f 8640 8712 8711
f 8640 8569 8712
f 8569 8641 8712

