# https://github.com/mikedh/trimesh
v 2.00000000 0.00000000 10.98166886
v 2.00000000 -0.96355144 10.94013844
v 2.00000000 -1.91980282 10.81527465
v 2.00000000 -2.86144480 10.60797818
v 2.00000000 -3.78127341 10.31981496
v 2.00000000 -4.67226163 9.95300686
v 2.00000000 -5.52762600 9.51040421
v 2.00000000 -6.34088241 8.99544422
v 2.00000000 -7.10588856 8.41210258
v 2.00000000 -7.81687472 7.76484605
v 2.00000000 -8.46846822 7.05859217
v 2.00000000 -9.05571858 6.29867786
v 2.00000000 -9.57412907 5.49083443
v 2.00000000 -10.01969740 4.64116332
v 2.00000000 -10.38896331 3.75610547
v 2.00000000 -10.67905738 2.84239919
v 2.00000000 -10.88774285 1.90702472
v 2.00000000 -11.01344330 0.95713809
v 2.00000000 -11.05525199 0.00000000
v 2.00000000 -11.01292354 -0.95709292
v 2.00000000 -10.88685289 -1.90686885
v 2.00000000 -10.67804945 -2.84213091
v 2.00000000 -10.38811412 -3.75579845
v 2.00000000 -10.01922454 -4.64094429
v 2.00000000 -9.57412907 -5.49083443
v 2.00000000 -9.05614596 -6.29897512
v 2.00000000 -8.46916049 -7.05916918
v 2.00000000 -7.81761258 -7.76557899
v 2.00000000 -7.10646944 -8.41279023
v 2.00000000 -6.34118167 -8.99586877
v 2.00000000 -5.52762600 -9.51040421
v 2.00000000 -4.67204113 -9.95253714
v 2.00000000 -3.78096433 -10.31897142
v 2.00000000 -2.86117473 -10.60697696
v 2.00000000 -1.91964590 -10.81439062
v 2.00000000 -0.96350596 -10.93962214
v 2.00000000 -0.00000000 -10.98166886
v 2.00000000 0.96355144 -10.94013844
v 2.00000000 1.91980282 -10.81527465
v 2.00000000 2.86144480 -10.60797818
v 2.00000000 3.78127341 -10.31981496
v 2.00000000 4.67226163 -9.95300686
v 2.00000000 5.52762600 -9.51040421
v 2.00000000 6.34088241 -8.99544422
v 2.00000000 7.10588856 -8.41210258
v 2.00000000 7.81687472 -7.76484605
v 2.00000000 8.46846822 -7.05859217
v 2.00000000 9.05571858 -6.29867786
v 2.00000000 9.57412907 -5.49083443
v 2.00000000 10.01969740 -4.64116332
v 2.00000000 10.38896331 -3.75610547
v 2.00000000 10.67905738 -2.84239919
v 2.00000000 10.88774285 -1.90702472
v 2.00000000 11.01344330 -0.95713809
v 2.00000000 11.05525199 -0.00000000
v 2.00000000 11.01292354 0.95709292
v 2.00000000 10.88685289 1.90686885
v 2.00000000 10.67804945 2.84213091
v 2.00000000 10.38811412 3.75579845
v 2.00000000 10.01922454 4.64094429
v 2.00000000 9.57412907 5.49083443
v 2.00000000 9.05614596 6.29897512
v 2.00000000 8.46916049 7.05916918
v 2.00000000 7.81761258 7.76557899
v 2.00000000 7.10646944 8.41279023
v 2.00000000 6.34118167 8.99586877
v 2.00000000 5.52762600 9.51040421
v 2.00000000 4.67204113 9.95253714
v 2.00000000 3.78096433 10.31897142
v 2.00000000 2.86117473 10.60697696
v 2.00000000 1.91964590 10.81439062
v 2.00000000 0.96350596 10.93962214
v 4.00000000 0.00000000 11.26250137
v 4.00000000 -0.96311563 11.23083700
v 4.00000000 -1.92030136 11.11056366
v 4.00000000 -2.86293353 10.90044647
v 4.00000000 -3.78225533 10.60157645
v 4.00000000 -4.67014843 10.21747561
v 4.00000000 -5.51974973 9.75361230
v 4.00000000 -6.32567988 9.21649735
v 4.00000000 -7.08379210 8.61266887
v 4.00000000 -7.79053000 7.94790154
v 4.00000000 -8.44213468 7.22688727
v 4.00000000 -9.03400712 6.45346092
v 4.00000000 -9.56048698 5.63125068
v 4.00000000 -10.01516562 4.76448712
v 4.00000000 -10.39166111 3.85865826
v 4.00000000 -10.68461339 2.92076583
v 4.00000000 -10.89057017 1.95909214
v 4.00000000 -11.00846206 0.98257092
v 4.00000000 -11.03949946 0.00000000
v 4.00000000 -10.98651960 -0.98061242
v 4.00000000 -10.85299914 -1.95233353
v 4.00000000 -10.64206189 -2.90913387
v 4.00000000 -10.35581125 -3.84534640
v 4.00000000 -9.99520303 -4.75499038
v 4.00000000 -9.56048698 -5.63125068
v 4.00000000 -9.05204998 -6.46634988
v 4.00000000 -8.47135975 -7.25190539
v 4.00000000 -7.82167986 -7.97968064
v 4.00000000 -7.10831485 -8.64248431
v 4.00000000 -6.33831364 -9.23490469
v 4.00000000 -5.51974973 -9.75361230
v 4.00000000 -4.66083972 -10.19710977
v 4.00000000 -3.76920705 -10.56500241
v 4.00000000 -2.85153189 -10.85703542
v 4.00000000 -1.91367657 -11.07223368
v 4.00000000 -0.96119592 -11.20845130
v 4.00000000 -0.00000000 -11.26250137
v 4.00000000 0.96311563 -11.23083700
v 4.00000000 1.92030136 -11.11056366
v 4.00000000 2.86293353 -10.90044647
v 4.00000000 3.78225533 -10.60157645
v 4.00000000 4.67014843 -10.21747561
v 4.00000000 5.51974973 -9.75361230
v 4.00000000 6.32567988 -9.21649735
v 4.00000000 7.08379210 -8.61266887
v 4.00000000 7.79053000 -7.94790154
v 4.00000000 8.44213468 -7.22688727
v 4.00000000 9.03400712 -6.45346092
v 4.00000000 9.56048698 -5.63125068
v 4.00000000 10.01516562 -4.76448712
v 4.00000000 10.39166111 -3.85865826
v 4.00000000 10.68461339 -2.92076583
v 4.00000000 10.89057017 -1.95909214
v 4.00000000 11.00846206 -0.98257092
v 4.00000000 11.03949946 -0.00000000
v 4.00000000 10.98651960 0.98061242
v 4.00000000 10.85299914 1.95233353
v 4.00000000 10.64206189 2.90913387
v 4.00000000 10.35581125 3.84534640
v 4.00000000 9.99520303 4.75499038
v 4.00000000 9.56048698 5.63125068
v 4.00000000 9.05204998 6.46634988
v 4.00000000 8.47135975 7.25190539
v 4.00000000 7.82167986 7.97968064
v 4.00000000 7.10831485 8.64248431
v 4.00000000 6.33831364 9.23490469
v 4.00000000 5.51974973 9.75361230
v 4.00000000 4.66083972 10.19710977
v 4.00000000 3.76920705 10.56500241
v 4.00000000 2.85153189 10.85703542
v 4.00000000 1.91367657 11.07223368
v 4.00000000 0.96119592 11.20845130
v 6.00000000 0.00000000 11.03233891
v 6.00000000 -0.96167745 10.99212321
v 6.00000000 -1.91626126 10.86775619
v 6.00000000 -2.85627099 10.65984515
v 6.00000000 -3.77429788 10.36989226
v 6.00000000 -4.66317466 10.00030103
v 6.00000000 -5.51611943 9.55428576
v 6.00000000 -6.32681563 9.03571108
v 6.00000000 -7.08941314 8.44891021
v 6.00000000 -7.79846433 7.79853506
v 6.00000000 -8.44883358 7.08947744
v 6.00000000 -9.03562913 6.32687301
v 6.00000000 -9.55419911 5.51616945
v 6.00000000 -10.00021033 4.66321695
v 6.00000000 -10.36979821 3.77433212
v 6.00000000 -10.65974847 2.85629690
v 6.00000000 -10.86765763 1.91627864
v 6.00000000 -10.99202352 0.96168617
v 6.00000000 -11.03223885 0.00000000
v 6.00000000 -10.98849218 -0.96137721
v 6.00000000 -10.86161108 -1.91521246
v 6.00000000 -10.65290039 -2.85446194
v 6.00000000 -10.36402867 -3.77223215
v 6.00000000 -9.99699763 -4.66171883
v 6.00000000 -9.55419911 -5.51616945
v 6.00000000 -9.03853289 -6.32890626
v 6.00000000 -8.45353696 -7.09342407
v 6.00000000 -7.80347748 -7.80354825
v 6.00000000 -7.09335974 -8.45361362
v 6.00000000 -6.32884886 -9.03861486
v 6.00000000 -5.51611943 -9.55428576
v 6.00000000 -4.66167655 -9.99708830
v 6.00000000 -3.77219794 -10.36412266
v 6.00000000 -2.85443606 -10.65299701
v 6.00000000 -1.91519509 -10.86170959
v 6.00000000 -0.96136850 -10.98859184
v 6.00000000 -0.00000000 -11.03233891
v 6.00000000 0.96167745 -10.99212321
v 6.00000000 1.91626126 -10.86775619
v 6.00000000 2.85627099 -10.65984515
v 6.00000000 3.77429788 -10.36989226
v 6.00000000 4.66317466 -10.00030103
v 6.00000000 5.51611943 -9.55428576
v 6.00000000 6.32681563 -9.03571108
v 6.00000000 7.08941314 -8.44891021
v 6.00000000 7.79846433 -7.79853506
v 6.00000000 8.44883358 -7.08947744
v 6.00000000 9.03562913 -6.32687301
v 6.00000000 9.55419911 -5.51616945
v 6.00000000 10.00021033 -4.66321695
v 6.00000000 10.36979821 -3.77433212
v 6.00000000 10.65974847 -2.85629690
v 6.00000000 10.86765763 -1.91627864
v 6.00000000 10.99202352 -0.96168617
v 6.00000000 11.03223885 -0.00000000
v 6.00000000 10.98849218 0.96137721
v 6.00000000 10.86161108 1.91521246
v 6.00000000 10.65290039 2.85446194
v 6.00000000 10.36402867 3.77223215
v 6.00000000 9.99699763 4.66171883
v 6.00000000 9.55419911 5.51616945
v 6.00000000 9.03853289 6.32890626
v 6.00000000 8.45353696 7.09342407
v 6.00000000 7.80347748 7.80354825
v 6.00000000 7.09335974 8.45361362
v 6.00000000 6.32884886 9.03861486
v 6.00000000 5.51611943 9.55428576
v 6.00000000 4.66167655 9.99708830
v 6.00000000 3.77219794 10.36412266
v 6.00000000 2.85443606 10.65299701
v 6.00000000 1.91519509 10.86170959
v 6.00000000 0.96136850 10.98859184
v 8.00000000 0.00000000 10.77091630
v 8.00000000 -0.96214668 10.73840603
v 8.00000000 -1.91807855 10.62179548
v 8.00000000 -2.85946103 10.42034377
v 8.00000000 -3.77787726 10.13519929
v 8.00000000 -4.66544998 9.76947682
v 8.00000000 -5.51534062 9.32788714
v 8.00000000 -6.32194074 8.81604818
v 8.00000000 -7.08068367 8.23971100
v 8.00000000 -7.78754617 7.60415483
v 8.00000000 -8.43843021 6.91393846
v 8.00000000 -9.02866707 6.17306340
v 8.00000000 -9.55285017 5.38545815
v 8.00000000 -10.00508978 4.55558186
v 8.00000000 -10.37963247 3.68891086
v 8.00000000 -10.67165386 2.79212270
v 8.00000000 -10.87796403 1.87290913
v 8.00000000 -10.99738691 0.93948879
v 8.00000000 -11.03068123 0.00000000
v 8.00000000 -10.98002541 -0.93800563
v 8.00000000 -10.84823676 -1.86779085
v 8.00000000 -10.63798591 -2.78331384
v 8.00000000 -10.35126704 -3.67882981
v 8.00000000 -9.98929481 -4.54838999
v 8.00000000 -9.55285017 -5.38545815
v 8.00000000 -9.04294310 -6.18282418
v 8.00000000 -8.46155392 -6.93288463
v 8.00000000 -7.81219283 -7.62822107
v 8.00000000 -7.10008677 -8.26229016
v 8.00000000 -6.33193692 -8.82998802
v 8.00000000 -5.51534062 -9.32788714
v 8.00000000 -4.65808467 -9.75405381
v 8.00000000 -3.76755309 -10.10750184
v 8.00000000 -2.85043973 -10.38746868
v 8.00000000 -1.91283683 -10.59276827
v 8.00000000 -0.96062775 -10.72145339
v 8.00000000 -0.00000000 -10.77091630
v 8.00000000 0.96214668 -10.73840603
v 8.00000000 1.91807855 -10.62179548
v 8.00000000 2.85946103 -10.42034377
v 8.00000000 3.77787726 -10.13519929
v 8.00000000 4.66544998 -9.76947682
v 8.00000000 5.51534062 -9.32788714
v 8.00000000 6.32194074 -8.81604818
v 8.00000000 7.08068367 -8.23971100
v 8.00000000 7.78754617 -7.60415483
v 8.00000000 8.43843021 -6.91393846
v 8.00000000 9.02866707 -6.17306340
v 8.00000000 9.55285017 -5.38545815
v 8.00000000 10.00508978 -4.55558186
v 8.00000000 10.37963247 -3.68891086
v 8.00000000 10.67165386 -2.79212270
v 8.00000000 10.87796403 -1.87290913
v 8.00000000 10.99738691 -0.93948879
v 8.00000000 11.03068123 -0.00000000
v 8.00000000 10.98002541 0.93800563
v 8.00000000 10.84823676 1.86779085
v 8.00000000 10.63798591 2.78331384
v 8.00000000 10.35126704 3.67882981
v 8.00000000 9.98929481 4.54838999
v 8.00000000 9.55285017 5.38545815
v 8.00000000 9.04294310 6.18282418
v 8.00000000 8.46155392 6.93288463
v 8.00000000 7.81219283 7.62822107
v 8.00000000 7.10008677 8.26229016
v 8.00000000 6.33193692 8.82998802
v 8.00000000 5.51534062 9.32788714
v 8.00000000 4.65808467 9.75405381
v 8.00000000 3.76755309 10.10750184
v 8.00000000 2.85043973 10.38746868
v 8.00000000 1.91283683 10.59276827
v 8.00000000 0.96062775 10.72145339
v 10.00000000 0.00000000 10.81246870
v 10.00000000 -0.96149222 10.77820547
v 10.00000000 -1.91656226 10.65998584
v 10.00000000 -2.85708518 10.45738754
v 10.00000000 -3.77489074 10.17164010
v 10.00000000 -4.66227648 9.80568514
v 10.00000000 -5.51242128 9.36387257
v 10.00000000 -6.31954995 8.85139733
v 10.00000000 -7.07879044 8.27366615
v 10.00000000 -7.78577999 7.63580088
v 10.00000000 -8.43617393 6.94243021
v 10.00000000 -9.02525266 6.19781513
v 10.00000000 -9.54779372 5.40623435
v 10.00000000 -9.99828419 4.57246607
v 10.00000000 -10.37142707 3.70217423
v 10.00000000 -10.66278704 2.80204855
v 10.00000000 -10.86936469 1.87964312
v 10.00000000 -10.98990634 0.94297079
v 10.00000000 -11.02484255 0.00000000
v 10.00000000 -10.97587305 -0.94176669
v 10.00000000 -10.84533615 -1.87548785
v 10.00000000 -10.63557326 -2.79489710
v 10.00000000 -10.34849931 -3.69398996
v 10.00000000 -9.98551713 -4.56662738
v 10.00000000 -9.54779372 -5.40623435
v 10.00000000 -9.03679197 -6.20573940
v 10.00000000 -8.45486481 -6.95781161
v 10.00000000 -7.80570187 -7.65533900
v 10.00000000 -7.09447395 -8.29199698
v 10.00000000 -6.32762986 -8.86271435
v 10.00000000 -5.51242128 -9.36387257
v 10.00000000 -4.65632311 -9.79316402
v 10.00000000 -3.76654572 -10.14915400
v 10.00000000 -2.84979327 -10.43069798
v 10.00000000 -1.91232538 -10.63642017
v 10.00000000 -0.96026446 -10.76444251
v 10.00000000 -0.00000000 -10.81246870
v 10.00000000 0.96149222 -10.77820547
v 10.00000000 1.91656226 -10.65998584
v 10.00000000 2.85708518 -10.45738754
v 10.00000000 3.77489074 -10.17164010
v 10.00000000 4.66227648 -9.80568514
v 10.00000000 5.51242128 -9.36387257
v 10.00000000 6.31954995 -8.85139733
v 10.00000000 7.07879044 -8.27366615
v 10.00000000 7.78577999 -7.63580088
v 10.00000000 8.43617393 -6.94243021
v 10.00000000 9.02525266 -6.19781513
v 10.00000000 9.54779372 -5.40623435
v 10.00000000 9.99828419 -4.57246607
v 10.00000000 10.37142707 -3.70217423
v 10.00000000 10.66278704 -2.80204855
v 10.00000000 10.86936469 -1.87964312
v 10.00000000 10.98990634 -0.94297079
v 10.00000000 11.02484255 -0.00000000
v 10.00000000 10.97587305 0.94176669
v 10.00000000 10.84533615 1.87548785
v 10.00000000 10.63557326 2.79489710
v 10.00000000 10.34849931 3.69398996
v 10.00000000 9.98551713 4.56662738
v 10.00000000 9.54779372 5.40623435
v 10.00000000 9.03679197 6.20573940
v 10.00000000 8.45486481 6.95781161
v 10.00000000 7.80570187 7.65533900
v 10.00000000 7.09447395 8.29199698
v 10.00000000 6.32762986 8.86271435
v 10.00000000 5.51242128 9.36387257
v 10.00000000 4.65632311 9.79316402
v 10.00000000 3.76654572 10.14915400
v 10.00000000 2.84979327 10.43069798
v 10.00000000 1.91232538 10.63642017
v 10.00000000 0.96026446 10.76444251
v 12.00000000 0.00000000 10.91002021
v 12.00000000 -0.96056664 10.87159244
v 12.00000000 -1.91422076 10.74956019
v 12.00000000 -2.85332388 10.54425893
v 12.00000000 -3.77027890 10.25711095
v 12.00000000 -4.65778838 9.89064578
v 12.00000000 -5.50906778 9.44835466
v 12.00000000 -6.31794726 8.93442603
v 12.00000000 -7.07883552 8.35344726
v 12.00000000 -7.78657094 7.71016529
v 12.00000000 -8.43622767 7.00937452
v 12.00000000 -9.02296378 6.25595246
v 12.00000000 -9.54198530 5.45501011
v 12.00000000 -9.98865941 4.61208387
v 12.00000000 -10.35875614 3.73328307
v 12.00000000 -10.64874968 2.82532566
v 12.00000000 -10.85608542 1.89543749
v 12.00000000 -10.97932699 0.95114109
v 12.00000000 -11.01813556 0.00000000
v 12.00000000 -10.97308948 -0.95060074
v 12.00000000 -10.84540523 -1.89357277
v 12.00000000 -10.63665371 -2.82211636
v 12.00000000 -10.34856522 -3.72961028
v 12.00000000 -9.98298471 -4.60946368
v 12.00000000 -9.54198530 -5.45501011
v 12.00000000 -9.02809276 -6.25950857
v 12.00000000 -8.44453538 -7.01627711
v 12.00000000 -7.79542580 -7.71893326
v 12.00000000 -7.08580652 -8.36167346
v 12.00000000 -6.32153861 -8.93950469
v 12.00000000 -5.50906778 -9.44835466
v 12.00000000 -4.65514222 -9.88502677
v 12.00000000 -3.76656971 -10.24702003
v 12.00000000 -2.85008277 -10.53228165
v 12.00000000 -1.91233756 -10.73898480
v 12.00000000 -0.96002093 -10.86541614
v 12.00000000 -0.00000000 -10.91002021
v 12.00000000 0.96056664 -10.87159244
v 12.00000000 1.91422076 -10.74956019
v 12.00000000 2.85332388 -10.54425893
v 12.00000000 3.77027890 -10.25711095
v 12.00000000 4.65778838 -9.89064578
v 12.00000000 5.50906778 -9.44835466
v 12.00000000 6.31794726 -8.93442603
v 12.00000000 7.07883552 -8.35344726
v 12.00000000 7.78657094 -7.71016529
v 12.00000000 8.43622767 -7.00937452
v 12.00000000 9.02296378 -6.25595246
v 12.00000000 9.54198530 -5.45501011
v 12.00000000 9.98865941 -4.61208387
v 12.00000000 10.35875614 -3.73328307
v 12.00000000 10.64874968 -2.82532566
v 12.00000000 10.85608542 -1.89543749
v 12.00000000 10.97932699 -0.95114109
v 12.00000000 11.01813556 -0.00000000
v 12.00000000 10.97308948 0.95060074
v 12.00000000 10.84540523 1.89357277
v 12.00000000 10.63665371 2.82211636
v 12.00000000 10.34856522 3.72961028
v 12.00000000 9.98298471 4.60946368
v 12.00000000 9.54198530 5.45501011
v 12.00000000 9.02809276 6.25950857
v 12.00000000 8.44453538 7.01627711
v 12.00000000 7.79542580 7.71893326
v 12.00000000 7.08580652 8.36167346
v 12.00000000 6.32153861 8.93950469
v 12.00000000 5.50906778 9.44835466
v 12.00000000 4.65514222 9.88502677
v 12.00000000 3.76656971 10.24702003
v 12.00000000 2.85008277 10.53228165
v 12.00000000 1.91233756 10.73898480
v 12.00000000 0.96002093 10.86541614
v 14.00000000 0.00000000 10.94497592
v 14.00000000 -0.95942273 10.90503909
v 14.00000000 -1.91176337 10.78162870
v 14.00000000 -2.84956393 10.57535508
v 14.00000000 -3.76543878 10.28771037
v 14.00000000 -4.65224154 9.92107453
v 14.00000000 -5.50320650 9.47862719
v 14.00000000 -6.31202784 8.96419157
v 14.00000000 -7.07286172 8.38205764
v 14.00000000 -7.78026509 7.73683616
v 14.00000000 -8.42910837 7.03338147
v 14.00000000 -9.01450997 6.27679451
v 14.00000000 -9.53183326 5.47248796
v 14.00000000 -9.97676417 4.62627303
v 14.00000000 -10.34545804 3.74442035
v 14.00000000 -10.63471737 2.83365785
v 14.00000000 -10.84214886 1.90109204
v 14.00000000 -10.96625199 0.95406730
v 14.00000000 -11.00641300 0.00000000
v 14.00000000 -10.96280856 -0.95376772
v 14.00000000 -10.83625284 -1.90005821
v 14.00000000 -10.62803976 -2.83187858
v 14.00000000 -10.33983211 -3.74238412
v 14.00000000 -9.97363144 -4.62482037
v 14.00000000 -9.53183326 -5.47248796
v 14.00000000 -9.01734144 -6.27876606
v 14.00000000 -8.43369466 -7.03720835
v 14.00000000 -7.78515344 -7.74169723
v 14.00000000 -7.07671008 -8.38661833
v 14.00000000 -6.31401045 -8.96700723
v 14.00000000 -5.50320650 -9.47862719
v 14.00000000 -4.65078072 -9.91795929
v 14.00000000 -3.76339112 -10.28211585
v 14.00000000 -2.84777467 -10.56871474
v 14.00000000 -1.91072375 -10.77576559
v 14.00000000 -0.95912147 -10.90161488
v 14.00000000 -0.00000000 -10.94497592
v 14.00000000 0.95942273 -10.90503909
v 14.00000000 1.91176337 -10.78162870
v 14.00000000 2.84956393 -10.57535508
v 14.00000000 3.76543878 -10.28771037
v 14.00000000 4.65224154 -9.92107453
v 14.00000000 5.50320650 -9.47862719
v 14.00000000 6.31202784 -8.96419157
v 14.00000000 7.07286172 -8.38205764
v 14.00000000 7.78026509 -7.73683616
v 14.00000000 8.42910837 -7.03338147
v 14.00000000 9.01450997 -6.27679451
v 14.00000000 9.53183326 -5.47248796
v 14.00000000 9.97676417 -4.62627303
v 14.00000000 10.34545804 -3.74442035
v 14.00000000 10.63471737 -2.83365785
v 14.00000000 10.84214886 -1.90109204
v 14.00000000 10.96625199 -0.95406730
v 14.00000000 11.00641300 -0.00000000
v 14.00000000 10.96280856 0.95376772
v 14.00000000 10.83625284 1.90005821
v 14.00000000 10.62803976 2.83187858
v 14.00000000 10.33983211 3.74238412
v 14.00000000 9.97363144 4.62482037
v 14.00000000 9.53183326 5.47248796
v 14.00000000 9.01734144 6.27876606
v 14.00000000 8.43369466 7.03720835
v 14.00000000 7.78515344 7.74169723
v 14.00000000 7.07671008 8.38661833
v 14.00000000 6.31401045 8.96700723
v 14.00000000 5.50320650 9.47862719
v 14.00000000 4.65078072 9.91795929
v 14.00000000 3.76339112 10.28211585
v 14.00000000 2.84777467 10.56871474
v 14.00000000 1.91072375 10.77576559
v 14.00000000 0.95912147 10.90161488
v 16.00000000 0.00000000 10.94216085
v 16.00000000 -0.95858663 10.90234587
v 16.00000000 -1.91011166 10.77904670
v 16.00000000 -2.84710978 10.57285146
v 16.00000000 -3.76218554 10.28524665
v 16.00000000 -4.64818729 9.91862432
v 16.00000000 -5.49835440 9.47618927
v 16.00000000 -6.30639804 8.96179421
v 16.00000000 -7.06650035 8.37975314
v 16.00000000 -7.77324614 7.73468782
v 16.00000000 -8.42152718 7.03144777
v 16.00000000 -9.00646979 6.27511586
v 16.00000000 -9.52342918 5.47108043
v 16.00000000 -9.96806982 4.62513048
v 16.00000000 -10.33651981 3.74352363
v 16.00000000 -10.62555836 2.83298701
v 16.00000000 -10.83278151 1.90063676
v 16.00000000 -10.95669534 0.95383167
v 16.00000000 -10.99670880 0.00000000
v 16.00000000 -10.95303066 -0.95351264
v 16.00000000 -10.82650665 -1.89953582
v 16.00000000 -10.61845170 -2.83109223
v 16.00000000 -10.33053241 -3.74135521
v 16.00000000 -9.96473581 -4.62358352
v 16.00000000 -9.52342918 -5.47108043
v 16.00000000 -9.00948319 -6.27721539
v 16.00000000 -8.42640815 -7.03552307
v 16.00000000 -7.77844858 -7.73986445
v 16.00000000 -7.07059597 -8.38460989
v 16.00000000 -6.30850804 -8.96479265
v 16.00000000 -5.49835440 -9.47618927
v 16.00000000 -4.64663262 -9.91530685
v 16.00000000 -3.76000630 -10.27928896
v 16.00000000 -2.84520556 -10.56578006
v 16.00000000 -1.90900523 -10.77280298
v 16.00000000 -0.95826601 -10.89869938
v 16.00000000 -0.00000000 -10.94216085
v 16.00000000 0.95858663 -10.90234587
v 16.00000000 1.91011166 -10.77904670
v 16.00000000 2.84710978 -10.57285146
v 16.00000000 3.76218554 -10.28524665
v 16.00000000 4.64818729 -9.91862432
v 16.00000000 5.49835440 -9.47618927
v 16.00000000 6.30639804 -8.96179421
v 16.00000000 7.06650035 -8.37975314
v 16.00000000 7.77324614 -7.73468782
v 16.00000000 8.42152718 -7.03144777
v 16.00000000 9.00646979 -6.27511586
v 16.00000000 9.52342918 -5.47108043
v 16.00000000 9.96806982 -4.62513048
v 16.00000000 10.33651981 -3.74352363
v 16.00000000 10.62555836 -2.83298701
v 16.00000000 10.83278151 -1.90063676
v 16.00000000 10.95669534 -0.95383167
v 16.00000000 10.99670880 -0.00000000
v 16.00000000 10.95303066 0.95351264
v 16.00000000 10.82650665 1.89953582
v 16.00000000 10.61845170 2.83109223
v 16.00000000 10.33053241 3.74135521
v 16.00000000 9.96473581 4.62358352
v 16.00000000 9.52342918 5.47108043
v 16.00000000 9.00948319 6.27721539
v 16.00000000 8.42640815 7.03552307
v 16.00000000 7.77844858 7.73986445
v 16.00000000 7.07059597 8.38460989
v 16.00000000 6.30850804 8.96479265
v 16.00000000 5.49835440 9.47618927
v 16.00000000 4.64663262 9.91530685
v 16.00000000 3.76000630 10.27928896
v 16.00000000 2.84520556 10.56578006
v 16.00000000 1.90900523 10.77280298
v 16.00000000 0.95826601 10.89869938
v 18.00000000 0.00000000 10.95946724
v 18.00000000 -0.95813592 10.91890221
v 18.00000000 -1.90912563 10.79491865
v 18.00000000 -2.84559210 10.58824134
v 18.00000000 -3.76024344 10.30039149
v 18.00000000 -4.64600178 9.93368678
v 18.00000000 -5.49611498 9.49117704
v 18.00000000 -6.30422629 8.97653337
v 18.00000000 -7.06439241 8.39392188
v 18.00000000 -7.77105849 7.74789659
v 18.00000000 -8.41901504 7.04333675
v 18.00000000 -9.00336822 6.28543634
v 18.00000000 -9.51955038 5.47973362
v 18.00000000 -9.96338298 4.63215422
v 18.00000000 -10.33118394 3.74903590
v 18.00000000 -10.61989429 2.83711072
v 18.00000000 -10.82718946 1.90343541
v 18.00000000 -10.95154366 0.95528016
v 18.00000000 -10.99222995 0.00000000
v 18.00000000 -10.94925874 -0.95508085
v 18.00000000 -10.82327710 -1.90274762
v 18.00000000 -10.61546331 -2.83592698
v 18.00000000 -10.32745081 -3.74768121
v 18.00000000 -9.96130423 -4.63118777
v 18.00000000 -9.51955038 -5.47973362
v 18.00000000 -9.00524706 -6.28674799
v 18.00000000 -8.42205831 -7.04588275
v 18.00000000 -7.77430219 -7.75113062
v 18.00000000 -7.06694602 -8.39695608
v 18.00000000 -6.30554187 -8.97840662
v 18.00000000 -5.49611498 -9.49117704
v 18.00000000 -4.64503245 -9.93161423
v 18.00000000 -3.75888469 -10.29666950
v 18.00000000 -2.84440482 -10.58382356
v 18.00000000 -1.90843577 -10.79101796
v 18.00000000 -0.95793601 -10.91662411
v 18.00000000 -0.00000000 -10.95946724
v 18.00000000 0.95813592 -10.91890221
v 18.00000000 1.90912563 -10.79491865
v 18.00000000 2.84559210 -10.58824134
v 18.00000000 3.76024344 -10.30039149
v 18.00000000 4.64600178 -9.93368678
v 18.00000000 5.49611498 -9.49117704
v 18.00000000 6.30422629 -8.97653337
v 18.00000000 7.06439241 -8.39392188
v 18.00000000 7.77105849 -7.74789659
v 18.00000000 8.41901504 -7.04333675
v 18.00000000 9.00336822 -6.28543634
v 18.00000000 9.51955038 -5.47973362
v 18.00000000 9.96338298 -4.63215422
v 18.00000000 10.33118394 -3.74903590
v 18.00000000 10.61989429 -2.83711072
v 18.00000000 10.82718946 -1.90343541
v 18.00000000 10.95154366 -0.95528016
v 18.00000000 10.99222995 -0.00000000
v 18.00000000 10.94925874 0.95508085
v 18.00000000 10.82327710 1.90274762
v 18.00000000 10.61546331 2.83592698
v 18.00000000 10.32745081 3.74768121
v 18.00000000 9.96130423 4.63118777
v 18.00000000 9.51955038 5.47973362
v 18.00000000 9.00524706 6.28674799
v 18.00000000 8.42205831 7.04588275
v 18.00000000 7.77430219 7.75113062
v 18.00000000 7.06694602 8.39695608
v 18.00000000 6.30554187 8.97840662
v 18.00000000 5.49611498 9.49117704
v 18.00000000 4.64503245 9.93161423
v 18.00000000 3.75888469 10.29666950
v 18.00000000 2.84440482 10.58382356
v 18.00000000 1.90843577 10.79101796
v 18.00000000 0.95793601 10.91662411
v 20.00000000 0.00000000 10.98345880
v 20.00000000 -0.95809619 10.94185039
v 20.00000000 -1.90892457 10.81691553
v 20.00000000 -2.84522593 10.60956910
v 20.00000000 -3.75984744 10.32138066
v 20.00000000 -4.64580915 9.95456434
v 20.00000000 -5.49636656 9.51195434
v 20.00000000 -6.30506495 8.99696898
v 20.00000000 -7.06578351 8.41356855
v 20.00000000 -7.77277048 7.76621277
v 20.00000000 -8.42067289 7.05982227
v 20.00000000 -9.00456594 6.29974550
v 20.00000000 -9.51998614 5.49172940
v 20.00000000 -9.96296988 4.64188959
v 20.00000000 -10.33009594 3.75667534
v 20.00000000 -10.61852772 2.84282547
v 20.00000000 -10.82604923 1.90731406
v 20.00000000 -10.95108959 0.95728787
v 20.00000000 -10.99273313 0.00000000
v 20.00000000 -10.95071533 -0.95725515
v 20.00000000 -10.82540839 -1.90720115
v 20.00000000 -10.61780194 -2.84263116
v 20.00000000 -10.32948446 -3.75645297
v 20.00000000 -9.96262939 -4.64173094
v 20.00000000 -9.51998614 -5.49172940
v 20.00000000 -9.00487369 -6.29996081
v 20.00000000 -8.42117137 -7.06024019
v 20.00000000 -7.77330179 -7.76674363
v 20.00000000 -7.06620179 -8.41406661
v 20.00000000 -6.30528044 -8.99727647
v 20.00000000 -5.49636656 -9.51195434
v 20.00000000 -4.64565038 -9.95422413
v 20.00000000 -3.75962488 -10.32076970
v 20.00000000 -2.84503145 -10.60884393
v 20.00000000 -1.90881158 -10.81627523
v 20.00000000 -0.95806345 -10.94147645
v 20.00000000 -0.00000000 -10.98345880
v 20.00000000 0.95809619 -10.94185039
v 20.00000000 1.90892457 -10.81691553
v 20.00000000 2.84522593 -10.60956910
v 20.00000000 3.75984744 -10.32138066
v 20.00000000 4.64580915 -9.95456434
v 20.00000000 5.49636656 -9.51195434
v 20.00000000 6.30506495 -8.99696898
v 20.00000000 7.06578351 -8.41356855
v 20.00000000 7.77277048 -7.76621277
v 20.00000000 8.42067289 -7.05982227
v 20.00000000 9.00456594 -6.29974550
v 20.00000000 9.51998614 -5.49172940
v 20.00000000 9.96296988 -4.64188959
v 20.00000000 10.33009594 -3.75667534
v 20.00000000 10.61852772 -2.84282547
v 20.00000000 10.82604923 -1.90731406
v 20.00000000 10.95108959 -0.95728787
v 20.00000000 10.99273313 -0.00000000
v 20.00000000 10.95071533 0.95725515
v 20.00000000 10.82540839 1.90720115
v 20.00000000 10.61780194 2.84263116
v 20.00000000 10.32948446 3.75645297
v 20.00000000 9.96262939 4.64173094
v 20.00000000 9.51998614 5.49172940
v 20.00000000 9.00487369 6.29996081
v 20.00000000 8.42117137 7.06024019
v 20.00000000 7.77330179 7.76674363
v 20.00000000 7.06620179 8.41406661
v 20.00000000 6.30528044 8.99727647
v 20.00000000 5.49636656 9.51195434
v 20.00000000 4.64565038 9.95422413
v 20.00000000 3.75962488 10.32076970
v 20.00000000 2.84503145 10.60884393
v 20.00000000 1.90881158 10.81627523
v 20.00000000 0.95806345 10.94147645
v 22.00000000 0.00000000 11.00101433
v 22.00000000 -0.95765150 10.95966449
v 22.00000000 -1.90807999 10.83476146
v 22.00000000 -2.84398969 10.62715741
v 22.00000000 -3.75818394 10.33840906
v 22.00000000 -4.64365284 9.97077107
v 22.00000000 -5.49365253 9.52715788
v 22.00000000 -6.30176466 9.01108209
v 22.00000000 -7.06193168 8.42658351
v 22.00000000 -7.76847149 7.77816451
v 22.00000000 -8.41608245 7.07074312
v 22.00000000 -8.99985263 6.30962761
v 22.00000000 -9.51528530 5.50050717
v 22.00000000 -9.95834566 4.64944691
v 22.00000000 -10.32552551 3.76287317
v 22.00000000 -10.61391402 2.84753825
v 22.00000000 -10.82125937 1.91046078
v 22.00000000 -10.94600674 0.95884640
v 22.00000000 -10.98730505 0.00000000
v 22.00000000 -10.94498334 -0.95875675
v 22.00000000 -10.81950704 -1.91015141
v 22.00000000 -10.61192940 -2.84700580
v 22.00000000 -10.32385346 -3.76226383
v 22.00000000 -9.95741460 -4.64901220
v 22.00000000 -9.51528530 -5.50050717
v 22.00000000 -9.00069416 -6.31021759
v 22.00000000 -8.41744552 -7.07188830
v 22.00000000 -7.76992433 -7.77961916
v 22.00000000 -7.06307543 -8.42794828
v 22.00000000 -6.30235390 -9.01192467
v 22.00000000 -5.49365253 -9.52715788
v 22.00000000 -4.64321868 -9.96983884
v 22.00000000 -3.75757536 -10.33673492
v 22.00000000 -2.84345791 -10.62517031
v 22.00000000 -1.90777101 -10.83300695
v 22.00000000 -0.95756196 -10.95863981
v 22.00000000 -0.00000000 -11.00101433
v 22.00000000 0.95765150 -10.95966449
v 22.00000000 1.90807999 -10.83476146
v 22.00000000 2.84398969 -10.62715741
v 22.00000000 3.75818394 -10.33840906
v 22.00000000 4.64365284 -9.97077107
v 22.00000000 5.49365253 -9.52715788
v 22.00000000 6.30176466 -9.01108209
v 22.00000000 7.06193168 -8.42658351
v 22.00000000 7.76847149 -7.77816451
v 22.00000000 8.41608245 -7.07074312
v 22.00000000 8.99985263 -6.30962761
v 22.00000000 9.51528530 -5.50050717
v 22.00000000 9.95834566 -4.64944691
v 22.00000000 10.32552551 -3.76287317
v 22.00000000 10.61391402 -2.84753825
v 22.00000000 10.82125937 -1.91046078
v 22.00000000 10.94600674 -0.95884640
v 22.00000000 10.98730505 -0.00000000
v 22.00000000 10.94498334 0.95875675
v 22.00000000 10.81950704 1.91015141
v 22.00000000 10.61192940 2.84700580
v 22.00000000 10.32385346 3.76226383
v 22.00000000 9.95741460 4.64901220
v 22.00000000 9.51528530 5.50050717
v 22.00000000 9.00069416 6.31021759
v 22.00000000 8.41744552 7.07188830
v 22.00000000 7.76992433 7.77961916
v 22.00000000 7.06307543 8.42794828
v 22.00000000 6.30235390 9.01192467
v 22.00000000 5.49365253 9.52715788
v 22.00000000 4.64321868 9.96983884
v 22.00000000 3.75757536 10.33673492
v 22.00000000 2.84345791 10.62517031
v 22.00000000 1.90777101 10.83300695
v 22.00000000 0.95756196 10.95863981
v 24.00000000 0.00000000 11.01673833
v 24.00000000 -0.95841009 10.97595690
v 24.00000000 -1.90967137 10.85132230
v 24.00000000 -2.84640523 10.64356395
v 24.00000000 -3.76131834 10.35421123
v 24.00000000 -4.64733125 9.98559341
v 24.00000000 -5.49768992 9.54077526
v 24.00000000 -6.30603534 9.02344583
v 24.00000000 -7.06642168 8.43779202
v 24.00000000 -7.77329158 7.78839117
v 24.00000000 -8.42143342 7.08014818
v 24.00000000 -9.00595180 6.31828479
v 24.00000000 -9.52227827 5.50836916
v 24.00000000 -9.96623404 4.65635868
v 24.00000000 -10.33413720 3.76862469
v 24.00000000 -10.62292894 2.85193436
v 24.00000000 -10.83028451 1.91338090
v 24.00000000 -10.95467748 0.96027180
v 24.00000000 -10.99537984 0.00000000
v 24.00000000 -10.95240072 -0.96007222
v 24.00000000 -10.82638612 -1.91269217
v 24.00000000 -10.61851377 -2.85074902
v 24.00000000 -10.33041740 -3.76726816
v 24.00000000 -9.96416271 -4.65539092
v 24.00000000 -9.52227827 -5.50836916
v 24.00000000 -9.00782394 -6.31959823
v 24.00000000 -8.42446583 -7.08269762
v 24.00000000 -7.77652371 -7.79162958
v 24.00000000 -7.06896617 -8.44083033
v 24.00000000 -6.30734623 -9.02532161
v 24.00000000 -5.49768992 -9.54077526
v 24.00000000 -4.64636538 -9.98351806
v 24.00000000 -3.75996444 -10.35048419
v 24.00000000 -2.84522219 -10.63914020
v 24.00000000 -1.90898398 -10.84741633
v 24.00000000 -0.95821090 -10.97367572
v 24.00000000 -0.00000000 -11.01673833
v 24.00000000 0.95841009 -10.97595690
v 24.00000000 1.90967137 -10.85132230
v 24.00000000 2.84640523 -10.64356395
v 24.00000000 3.76131834 -10.35421123
v 24.00000000 4.64733125 -9.98559341
v 24.00000000 5.49768992 -9.54077526
v 24.00000000 6.30603534 -9.02344583
v 24.00000000 7.06642168 -8.43779202
v 24.00000000 7.77329158 -7.78839117
v 24.00000000 8.42143342 -7.08014818
v 24.00000000 9.00595180 -6.31828479
v 24.00000000 9.52227827 -5.50836916
v 24.00000000 9.96623404 -4.65635868
v 24.00000000 10.33413720 -3.76862469
v 24.00000000 10.62292894 -2.85193436
v 24.00000000 10.83028451 -1.91338090
v 24.00000000 10.95467748 -0.96027180
v 24.00000000 10.99537984 -0.00000000
v 24.00000000 10.95240072 0.96007222
v 24.00000000 10.82638612 1.91269217
v 24.00000000 10.61851377 2.85074902
v 24.00000000 10.33041740 3.76726816
v 24.00000000 9.96416271 4.65539092
v 24.00000000 9.52227827 5.50836916
v 24.00000000 9.00782394 6.31959823
v 24.00000000 8.42446583 7.08269762
v 24.00000000 7.77652371 7.79162958
v 24.00000000 7.06896617 8.44083033
v 24.00000000 6.30734623 9.02532161
v 24.00000000 5.49768992 9.54077526
v 24.00000000 4.64636538 9.98351806
v 24.00000000 3.75996444 10.35048419
v 24.00000000 2.84522219 10.63914020
v 24.00000000 1.90898398 10.84741633
v 24.00000000 0.95821090 10.97367572
v 26.00000000 0.00000000 11.02452543
v 26.00000000 -0.95870971 10.98402617
v 26.00000000 -1.91030796 10.85952498
v 26.00000000 -2.84737567 10.65169036
v 26.00000000 -3.76257217 10.36203813
v 26.00000000 -4.64878410 9.99293459
v 26.00000000 -5.49925290 9.54751909
v 26.00000000 -6.30764950 9.02956827
v 26.00000000 -7.06808391 8.44334201
v 26.00000000 -7.77506107 7.79345486
v 26.00000000 -8.42341439 7.08480517
v 26.00000000 -9.00825706 6.32257177
v 26.00000000 -9.52498543 5.51226272
v 26.00000000 -9.96934968 4.65978193
v 26.00000000 -10.33758208 3.77147345
v 26.00000000 -10.62655068 2.85411183
v 26.00000000 -10.83389478 1.91482725
v 26.00000000 -10.95810213 0.96097777
v 26.00000000 -10.99850581 0.00000000
v 26.00000000 -10.95520421 -0.96072363
v 26.00000000 -10.82893280 -1.91395025
v 26.00000000 -10.62093094 -2.85260246
v 26.00000000 -10.33284741 -3.76974609
v 26.00000000 -9.96671324 -4.65854962
v 26.00000000 -9.52498543 -5.51226272
v 26.00000000 -9.01063997 -6.32424425
v 26.00000000 -8.42727412 -7.08805153
v 26.00000000 -7.77917501 -7.79757853
v 26.00000000 -7.07132261 -8.44721088
v 26.00000000 -6.30931803 -9.03195682
v 26.00000000 -5.49925290 -9.54751909
v 26.00000000 -4.64755471 -9.99029191
v 26.00000000 -3.76084889 -10.35729226
v 26.00000000 -2.84586987 -10.64605732
v 26.00000000 -1.90943302 -10.85455126
v 26.00000000 -0.95845617 -10.98112139
v 26.00000000 -0.00000000 -11.02452543
v 26.00000000 0.95870971 -10.98402617
v 26.00000000 1.91030796 -10.85952498
v 26.00000000 2.84737567 -10.65169036
v 26.00000000 3.76257217 -10.36203813
v 26.00000000 4.64878410 -9.99293459
v 26.00000000 5.49925290 -9.54751909
v 26.00000000 6.30764950 -9.02956827
v 26.00000000 7.06808391 -8.44334201
v 26.00000000 7.77506107 -7.79345486
v 26.00000000 8.42341439 -7.08480517
v 26.00000000 9.00825706 -6.32257177
v 26.00000000 9.52498543 -5.51226272
v 26.00000000 9.96934968 -4.65978193
v 26.00000000 10.33758208 -3.77147345
v 26.00000000 10.62655068 -2.85411183
v 26.00000000 10.83389478 -1.91482725
v 26.00000000 10.95810213 -0.96097777
v 26.00000000 10.99850581 -0.00000000
v 26.00000000 10.95520421 0.96072363
v 26.00000000 10.82893280 1.91395025
v 26.00000000 10.62093094 2.85260246
v 26.00000000 10.33284741 3.76974609
v 26.00000000 9.96671324 4.65854962
v 26.00000000 9.52498543 5.51226272
v 26.00000000 9.01063997 6.32424425
v 26.00000000 8.42727412 7.08805153
v 26.00000000 7.77917501 7.79757853
v 26.00000000 7.07132261 8.44721088
v 26.00000000 6.30931803 9.03195682
v 26.00000000 5.49925290 9.54751909
v 26.00000000 4.64755471 9.99029191
v 26.00000000 3.76084889 10.35729226
v 26.00000000 2.84586987 10.64605732
v 26.00000000 1.90943302 10.85455126
v 26.00000000 0.95845617 10.98112139
v 28.00000000 0.00000000 11.02354439
v 28.00000000 -0.95864518 10.98300956
v 28.00000000 -1.91017438 10.85849154
v 28.00000000 -2.84717385 10.65066652
v 28.00000000 -3.76230907 10.36105203
v 28.00000000 -4.64847117 9.99200970
v 28.00000000 -5.49890234 9.54666948
v 28.00000000 -6.30726990 9.02879697
v 28.00000000 -7.06767701 8.44264284
v 28.00000000 -7.77462091 7.79281695
v 28.00000000 -8.42292947 7.08421849
v 28.00000000 -9.00771494 6.32203170
v 28.00000000 -9.52437823 5.51177219
v 28.00000000 -9.96867860 4.65935064
v 28.00000000 -10.33685922 3.77111454
v 28.00000000 -10.62579747 2.85383749
v 28.00000000 -10.83313722 1.91464503
v 28.00000000 -10.95736449 0.96088883
v 28.00000000 -10.99780467 0.00000000
v 28.00000000 -10.95454492 -0.96064157
v 28.00000000 -10.82830940 -1.91379176
v 28.00000000 -10.62032967 -2.85236897
v 28.00000000 -10.33225257 -3.76943393
v 28.00000000 -9.96611344 -4.65815169
v 28.00000000 -9.52437823 -5.51177219
v 28.00000000 -9.01003342 -6.32365892
v 28.00000000 -8.42668484 -7.08737700
v 28.00000000 -7.77862362 -7.79682903
v 28.00000000 -7.07082814 -8.44640701
v 28.00000000 -6.30889332 -9.03112088
v 28.00000000 -5.49890234 -9.54666948
v 28.00000000 -4.64727502 -9.98943854
v 28.00000000 -3.76063239 -10.35643460
v 28.00000000 -2.84570876 -10.64518593
v 28.00000000 -1.90932310 -10.85365242
v 28.00000000 -0.95839849 -10.98018339
v 28.00000000 -0.00000000 -11.02354439
v 28.00000000 0.95864518 -10.98300956
v 28.00000000 1.91017438 -10.85849154
v 28.00000000 2.84717385 -10.65066652
v 28.00000000 3.76230907 -10.36105203
v 28.00000000 4.64847117 -9.99200970
v 28.00000000 5.49890234 -9.54666948
v 28.00000000 6.30726990 -9.02879697
v 28.00000000 7.06767701 -8.44264284
v 28.00000000 7.77462091 -7.79281695
v 28.00000000 8.42292947 -7.08421849
v 28.00000000 9.00771494 -6.32203170
v 28.00000000 9.52437823 -5.51177219
v 28.00000000 9.96867860 -4.65935064
v 28.00000000 10.33685922 -3.77111454
v 28.00000000 10.62579747 -2.85383749
v 28.00000000 10.83313722 -1.91464503
v 28.00000000 10.95736449 -0.96088883
v 28.00000000 10.99780467 -0.00000000
v 28.00000000 10.95454492 0.96064157
v 28.00000000 10.82830940 1.91379176
v 28.00000000 10.62032967 2.85236897
v 28.00000000 10.33225257 3.76943393
v 28.00000000 9.96611344 4.65815169
v 28.00000000 9.52437823 5.51177219
v 28.00000000 9.01003342 6.32365892
v 28.00000000 8.42668484 7.08737700
v 28.00000000 7.77862362 7.79682903
v 28.00000000 7.07082814 8.44640701
v 28.00000000 6.30889332 9.03112088
v 28.00000000 5.49890234 9.54666948
v 28.00000000 4.64727502 9.98943854
v 28.00000000 3.76063239 10.35643460
v 28.00000000 2.84570876 10.64518593
v 28.00000000 1.90932310 10.85365242
v 28.00000000 0.95839849 10.98018339
v 30.00000000 0.00000000 11.02365442
v 30.00000000 -0.95906288 10.98312358
v 30.00000000 -1.91100724 10.85860745
v 30.00000000 -2.84841556 10.65078135
v 30.00000000 -3.76394949 10.36116263
v 30.00000000 -4.65049661 9.99211344
v 30.00000000 -5.50129613 9.54676477
v 30.00000000 -6.31001307 9.02888348
v 30.00000000 -7.07074882 8.44272126
v 30.00000000 -7.77799914 7.79288850
v 30.00000000 -8.42659031 7.08428430
v 30.00000000 -9.01163259 6.32209227
v 30.00000000 -9.52852440 5.51182721
v 30.00000000 -9.97302217 4.65939902
v 30.00000000 -10.34136624 3.77115479
v 30.00000000 -10.63043161 2.85386826
v 30.00000000 -10.83786062 1.91466547
v 30.00000000 -10.96213885 0.96089880
v 30.00000000 -11.00259225 0.00000000
v 30.00000000 -10.95930928 -0.96065077
v 30.00000000 -10.83301569 -1.91380954
v 30.00000000 -10.62494442 -2.85239516
v 30.00000000 -10.33674326 -3.76946894
v 30.00000000 -9.97044791 -4.65819632
v 30.00000000 -9.52852440 -5.51182721
v 30.00000000 -9.01395929 -6.32372457
v 30.00000000 -8.43035900 -7.08745266
v 30.00000000 -7.78201604 -7.79691309
v 30.00000000 -7.07391113 -8.44649717
v 30.00000000 -6.31164224 -9.03121463
v 30.00000000 -5.50129613 -9.54676477
v 30.00000000 -4.64929622 -9.98953425
v 30.00000000 -3.76226687 -10.35653080
v 30.00000000 -2.84694528 -10.64528366
v 30.00000000 -1.91015295 -10.85375324
v 30.00000000 -0.95881532 -10.98028860
v 30.00000000 -0.00000000 -11.02365442
v 30.00000000 0.95906288 -10.98312358
v 30.00000000 1.91100724 -10.85860745
v 30.00000000 2.84841556 -10.65078135
v 30.00000000 3.76394949 -10.36116263
v 30.00000000 4.65049661 -9.99211344
v 30.00000000 5.50129613 -9.54676477
v 30.00000000 6.31001307 -9.02888348
v 30.00000000 7.07074882 -8.44272126
v 30.00000000 7.77799914 -7.79288850
v 30.00000000 8.42659031 -7.08428430
v 30.00000000 9.01163259 -6.32209227
v 30.00000000 9.52852440 -5.51182721
v 30.00000000 9.97302217 -4.65939902
v 30.00000000 10.34136624 -3.77115479
v 30.00000000 10.63043161 -2.85386826
v 30.00000000 10.83786062 -1.91466547
v 30.00000000 10.96213885 -0.96089880
v 30.00000000 11.00259225 -0.00000000
v 30.00000000 10.95930928 0.96065077
v 30.00000000 10.83301569 1.91380954
v 30.00000000 10.62494442 2.85239516
v 30.00000000 10.33674326 3.76946894
v 30.00000000 9.97044791 4.65819632
v 30.00000000 9.52852440 5.51182721
v 30.00000000 9.01395929 6.32372457
v 30.00000000 8.43035900 7.08745266
v 30.00000000 7.78201604 7.79691309
v 30.00000000 7.07391113 8.44649717
v 30.00000000 6.31164224 9.03121463
v 30.00000000 5.50129613 9.54676477
v 30.00000000 4.64929622 9.98953425
v 30.00000000 3.76226687 10.35653080
v 30.00000000 2.84694528 10.64528366
v 30.00000000 1.91015295 10.85375324
v 30.00000000 0.95881532 10.98028860
v 32.00000000 0.00000000 11.01542180
v 32.00000000 -0.95988966 10.97459272
v 32.00000000 -1.91261276 10.84993559
v 32.00000000 -2.85078578 10.64219014
v 32.00000000 -3.76711174 10.35288805
v 32.00000000 -4.65450566 9.98435232
v 32.00000000 -5.50620344 9.53963511
v 32.00000000 -6.31583087 9.02241071
v 32.00000000 -7.07742317 8.43685366
v 32.00000000 -7.78540357 7.78753502
v 32.00000000 -8.43454448 7.07936079
v 32.00000000 -9.01994127 6.31755999
v 32.00000000 -9.53702411 5.50771090
v 32.00000000 -9.98161959 4.65577995
v 32.00000000 -10.35005445 3.76814309
v 32.00000000 -10.63927736 2.85156625
v 32.00000000 -10.84696595 1.91313638
v 32.00000000 -10.97158896 0.96015245
v 32.00000000 -11.01240687 0.00000000
v 32.00000000 -10.96941371 -0.95996209
v 32.00000000 -10.84324138 -1.91247946
v 32.00000000 -10.63505905 -2.85043565
v 32.00000000 -10.34650050 -3.76684920
v 32.00000000 -9.97964061 -4.65485688
v 32.00000000 -9.53702411 -5.50771090
v 32.00000000 -9.02172993 -6.31881277
v 32.00000000 -8.43744169 -7.08179251
v 32.00000000 -7.78849158 -7.79062389
v 32.00000000 -7.07985421 -8.43975166
v 32.00000000 -6.31708331 -9.02419987
v 32.00000000 -5.50620344 -9.53963511
v 32.00000000 -4.65358284 -9.98237280
v 32.00000000 -3.76581821 -10.34933312
v 32.00000000 -2.84965548 -10.63797067
v 32.00000000 -1.91195601 -10.84621000
v 32.00000000 -0.95969935 -10.97241687
v 32.00000000 -0.00000000 -11.01542180
v 32.00000000 0.95988966 -10.97459272
v 32.00000000 1.91261276 -10.84993559
v 32.00000000 2.85078578 -10.64219014
v 32.00000000 3.76711174 -10.35288805
v 32.00000000 4.65450566 -9.98435232
v 32.00000000 5.50620344 -9.53963511
v 32.00000000 6.31583087 -9.02241071
v 32.00000000 7.07742317 -8.43685366
v 32.00000000 7.78540357 -7.78753502
v 32.00000000 8.43454448 -7.07936079
v 32.00000000 9.01994127 -6.31755999
v 32.00000000 9.53702411 -5.50771090
v 32.00000000 9.98161959 -4.65577995
v 32.00000000 10.35005445 -3.76814309
v 32.00000000 10.63927736 -2.85156625
v 32.00000000 10.84696595 -1.91313638
v 32.00000000 10.97158896 -0.96015245
v 32.00000000 11.01240687 -0.00000000
v 32.00000000 10.96941371 0.95996209
v 32.00000000 10.84324138 1.91247946
v 32.00000000 10.63505905 2.85043565
v 32.00000000 10.34650050 3.76684920
v 32.00000000 9.97964061 4.65485688
v 32.00000000 9.53702411 5.50771090
v 32.00000000 9.02172993 6.31881277
v 32.00000000 8.43744169 7.08179251
v 32.00000000 7.78849158 7.79062389
v 32.00000000 7.07985421 8.43975166
v 32.00000000 6.31708331 9.02419987
v 32.00000000 5.50620344 9.53963511
v 32.00000000 4.65358284 9.98237280
v 32.00000000 3.76581821 10.34933312
v 32.00000000 2.84965548 10.63797067
v 32.00000000 1.91195601 10.84621000
v 32.00000000 0.95969935 10.97241687
v 34.00000000 0.00000000 11.01104265
v 34.00000000 -0.96078957 10.97005512
v 34.00000000 -1.91438355 10.84532314
v 34.00000000 -2.85341301 10.63762063
v 34.00000000 -3.77059953 10.34848689
v 34.00000000 -4.65886933 9.98022415
v 34.00000000 -5.51145335 9.53584266
v 34.00000000 -6.32195341 9.01896750
v 34.00000000 -7.08436660 8.43373226
v 34.00000000 -7.79307483 7.78468708
v 34.00000000 -8.44281934 7.07674163
v 34.00000000 -9.02868516 6.31514903
v 34.00000000 -9.54611723 5.50552132
v 34.00000000 -9.99097753 4.65385495
v 34.00000000 -10.35963706 3.76654120
v 34.00000000 -10.64908233 2.85034186
v 34.00000000 -10.85700864 1.91232308
v 34.00000000 -10.98187501 0.95975546
v 34.00000000 -11.02290670 0.00000000
v 34.00000000 -10.98004742 -0.95959574
v 34.00000000 -10.85387933 -1.91177190
v 34.00000000 -10.64553820 -2.84939323
v 34.00000000 -10.35665111 -3.76545557
v 34.00000000 -9.98931483 -4.65308046
v 34.00000000 -9.54611723 -5.50552132
v 34.00000000 -9.03018796 -6.31620017
v 34.00000000 -8.44525351 -7.07878194
v 34.00000000 -7.79566932 -7.78727877
v 34.00000000 -7.08640911 -8.43616381
v 34.00000000 -6.32300568 -9.02046869
v 34.00000000 -5.51145335 -9.53584266
v 34.00000000 -4.65809401 -9.97856324
v 34.00000000 -3.76951273 -10.34550415
v 34.00000000 -2.85246336 -10.63408031
v 34.00000000 -1.91383177 -10.84219720
v 34.00000000 -0.96062967 -10.96822949
v 34.00000000 -0.00000000 -11.01104265
v 34.00000000 0.96078957 -10.97005512
v 34.00000000 1.91438355 -10.84532314
v 34.00000000 2.85341301 -10.63762063
v 34.00000000 3.77059953 -10.34848689
v 34.00000000 4.65886933 -9.98022415
v 34.00000000 5.51145335 -9.53584266
v 34.00000000 6.32195341 -9.01896750
v 34.00000000 7.08436660 -8.43373226
v 34.00000000 7.79307483 -7.78468708
v 34.00000000 8.44281934 -7.07674163
v 34.00000000 9.02868516 -6.31514903
v 34.00000000 9.54611723 -5.50552132
v 34.00000000 9.99097753 -4.65385495
v 34.00000000 10.35963706 -3.76654120
v 34.00000000 10.64908233 -2.85034186
v 34.00000000 10.85700864 -1.91232308
v 34.00000000 10.98187501 -0.95975546
v 34.00000000 11.02290670 -0.00000000
v 34.00000000 10.98004742 0.95959574
v 34.00000000 10.85387933 1.91177190
v 34.00000000 10.64553820 2.84939323
v 34.00000000 10.35665111 3.76545557
v 34.00000000 9.98931483 4.65308046
v 34.00000000 9.54611723 5.50552132
v 34.00000000 9.03018796 6.31620017
v 34.00000000 8.44525351 7.07878194
v 34.00000000 7.79566932 7.78727877
v 34.00000000 7.08640911 8.43616381
v 34.00000000 6.32300568 9.02046869
v 34.00000000 5.51145335 9.53584266
v 34.00000000 4.65809401 9.97856324
v 34.00000000 3.76951273 10.34550415
v 34.00000000 2.85246336 10.63408031
v 34.00000000 1.91383177 10.84219720
v 34.00000000 0.96062967 10.96822949
v 36.00000000 0.00000000 11.00937986
v 36.00000000 -0.96066999 10.96833221
v 36.00000000 -1.91413682 10.84357183
v 36.00000000 -2.85304064 10.63588563
v 36.00000000 -3.77011357 10.34681581
v 36.00000000 -4.65828951 9.97865669
v 36.00000000 -5.51080073 9.53440264
v 36.00000000 -6.32124304 9.01766007
v 36.00000000 -7.08360192 8.43254699
v 36.00000000 -7.79224629 7.78360564
v 36.00000000 -8.44190804 7.07574707
v 36.00000000 -9.02767065 6.31423356
v 36.00000000 -9.54498686 5.50468993
v 36.00000000 -9.98973408 4.65312403
v 36.00000000 -10.35830190 3.76593297
v 36.00000000 -10.64769262 2.84987696
v 36.00000000 -10.85560937 1.91201428
v 36.00000000 -10.98050825 0.95960473
v 36.00000000 -11.02160147 0.00000000
v 36.00000000 -10.97881364 -0.95945663
v 36.00000000 -10.85270778 -1.91150322
v 36.00000000 -10.64440639 -2.84899740
v 36.00000000 -10.35553323 -3.76492638
v 36.00000000 -9.98819238 -4.65240592
v 36.00000000 -9.54498686 -5.50468993
v 36.00000000 -9.02906409 -6.31520817
v 36.00000000 -8.44416508 -7.07763885
v 36.00000000 -7.79465198 -7.78600866
v 36.00000000 -7.08549580 -8.43480153
v 36.00000000 -6.32221874 -9.01905196
v 36.00000000 -5.51080073 -9.53440264
v 36.00000000 -4.65757060 -9.97711670
v 36.00000000 -3.76910586 -10.34405021
v 36.00000000 -2.85216010 -10.63260304
v 36.00000000 -1.91362520 -10.84067345
v 36.00000000 -0.96052173 -10.96663948
v 36.00000000 -0.00000000 -11.00937986
v 36.00000000 0.96066999 -10.96833221
v 36.00000000 1.91413682 -10.84357183
v 36.00000000 2.85304064 -10.63588563
v 36.00000000 3.77011357 -10.34681581
v 36.00000000 4.65828951 -9.97865669
v 36.00000000 5.51080073 -9.53440264
v 36.00000000 6.32124304 -9.01766007
v 36.00000000 7.08360192 -8.43254699
v 36.00000000 7.79224629 -7.78360564
v 36.00000000 8.44190804 -7.07574707
v 36.00000000 9.02767065 -6.31423356
v 36.00000000 9.54498686 -5.50468993
v 36.00000000 9.98973408 -4.65312403
v 36.00000000 10.35830190 -3.76593297
v 36.00000000 10.64769262 -2.84987696
v 36.00000000 10.85560937 -1.91201428
v 36.00000000 10.98050825 -0.95960473
v 36.00000000 11.02160147 -0.00000000
v 36.00000000 10.97881364 0.95945663
v 36.00000000 10.85270778 1.91150322
v 36.00000000 10.64440639 2.84899740
v 36.00000000 10.35553323 3.76492638
v 36.00000000 9.98819238 4.65240592
v 36.00000000 9.54498686 5.50468993
v 36.00000000 9.02906409 6.31520817
v 36.00000000 8.44416508 7.07763885
v 36.00000000 7.79465198 7.78600866
v 36.00000000 7.08549580 8.43480153
v 36.00000000 6.32221874 9.01905196
v 36.00000000 5.51080073 9.53440264
v 36.00000000 4.65757060 9.97711670
v 36.00000000 3.76910586 10.34405021
v 36.00000000 2.85216010 10.63260304
v 36.00000000 1.91362520 10.84067345
v 36.00000000 0.96052173 10.96663948
v 38.00000000 0.00000000 11.00635207
v 38.00000000 -0.96144075 10.96519498
v 38.00000000 -1.91565712 10.84038293
v 38.00000000 -2.85529824 10.63272645
v 38.00000000 -3.77310798 10.34377300
v 38.00000000 -4.66202692 9.97580254
v 38.00000000 -5.51528284 9.53178049
v 38.00000000 -6.32645397 9.01527931
v 38.00000000 -7.08949845 8.43038867
v 38.00000000 -7.79875573 7.78163638
v 38.00000000 -8.44893525 7.07393602
v 38.00000000 -9.03511263 6.31256653
v 38.00000000 -9.55275010 5.50317603
v 38.00000000 -9.99774898 4.65179312
v 38.00000000 -10.36652897 3.76482548
v 38.00000000 -10.65611810 2.84903047
v 38.00000000 -10.86423142 1.91145199
v 38.00000000 -10.98931806 0.95933025
v 38.00000000 -11.03056568 0.00000000
v 38.00000000 -10.98786405 -0.95920332
v 38.00000000 -10.86174179 -1.91101397
v 38.00000000 -10.65329844 -2.84827660
v 38.00000000 -10.36415339 -3.76396274
v 38.00000000 -9.99642617 -4.65117764
v 38.00000000 -9.55275010 -5.50317603
v 38.00000000 -9.03630823 -6.31340186
v 38.00000000 -8.45087184 -7.07555745
v 38.00000000 -7.80081986 -7.78369599
v 38.00000000 -7.09112345 -8.43232101
v 38.00000000 -6.32729114 -9.01647229
v 38.00000000 -5.51528284 -9.53178049
v 38.00000000 -4.66141008 -9.97448263
v 38.00000000 -3.77224334 -10.34140264
v 38.00000000 -2.85454271 -10.62991298
v 38.00000000 -1.91521813 -10.83789876
v 38.00000000 -0.96131354 -10.96374417
v 38.00000000 -0.00000000 -11.00635207
v 38.00000000 0.96144075 -10.96519498
v 38.00000000 1.91565712 -10.84038293
v 38.00000000 2.85529824 -10.63272645
v 38.00000000 3.77310798 -10.34377300
v 38.00000000 4.66202692 -9.97580254
v 38.00000000 5.51528284 -9.53178049
v 38.00000000 6.32645397 -9.01527931
v 38.00000000 7.08949845 -8.43038867
v 38.00000000 7.79875573 -7.78163638
v 38.00000000 8.44893525 -7.07393602
v 38.00000000 9.03511263 -6.31256653
v 38.00000000 9.55275010 -5.50317603
v 38.00000000 9.99774898 -4.65179312
v 38.00000000 10.36652897 -3.76482548
v 38.00000000 10.65611810 -2.84903047
v 38.00000000 10.86423142 -1.91145199
v 38.00000000 10.98931806 -0.95933025
v 38.00000000 11.03056568 -0.00000000
v 38.00000000 10.98786405 0.95920332
v 38.00000000 10.86174179 1.91101397
v 38.00000000 10.65329844 2.84827660
v 38.00000000 10.36415339 3.76396274
v 38.00000000 9.99642617 4.65117764
v 38.00000000 9.55275010 5.50317603
v 38.00000000 9.03630823 6.31340186
v 38.00000000 8.45087184 7.07555745
v 38.00000000 7.80081986 7.78369599
v 38.00000000 7.09112345 8.43232101
v 38.00000000 6.32729114 9.01647229
v 38.00000000 5.51528284 9.53178049
v 38.00000000 4.66141008 9.97448263
v 38.00000000 3.77224334 10.34140264
v 38.00000000 2.85454271 10.62991298
v 38.00000000 1.91521813 10.83789876
v 38.00000000 0.96131354 10.96374417
v 40.00000000 0.00000000 11.00239032
v 40.00000000 -0.96202091 10.96109015
v 40.00000000 -1.91679287 10.83621056
v 40.00000000 -2.85698004 10.62859299
v 40.00000000 -3.77534495 10.33979177
v 40.00000000 -4.66484009 9.97206809
v 40.00000000 -5.51869039 9.52834952
v 40.00000000 -6.33045390 9.01216409
v 40.00000000 -7.09405565 8.42756445
v 40.00000000 -7.80379897 7.77905953
v 40.00000000 -8.45436630 7.07156622
v 40.00000000 -9.04082512 6.31038523
v 40.00000000 -9.55865215 5.50119516
v 40.00000000 -10.00378186 4.65005172
v 40.00000000 -10.37267500 3.76337643
v 40.00000000 -10.66239468 2.84792291
v 40.00000000 -10.87067253 1.91071629
v 40.00000000 -10.99594927 0.95897113
v 40.00000000 -11.03738079 0.00000000
v 40.00000000 -10.99481117 -0.95887187
v 40.00000000 -10.86872381 -1.91037377
v 40.00000000 -10.66018763 -2.84733341
v 40.00000000 -10.37081556 -3.76270180
v 40.00000000 -10.00274645 -4.64957043
v 40.00000000 -9.55865215 -5.50119516
v 40.00000000 -9.04176096 -6.31103843
v 40.00000000 -8.45588214 -7.07283413
v 40.00000000 -7.80541464 -7.78067008
v 40.00000000 -7.09532758 -8.42907548
v 40.00000000 -6.33110918 -9.01309696
v 40.00000000 -5.51869039 -9.52834952
v 40.00000000 -4.66435727 -9.97103596
v 40.00000000 -3.77466817 -10.33793822
v 40.00000000 -2.85638867 -10.62639294
v 40.00000000 -1.91644925 -10.83426802
v 40.00000000 -0.96192133 -10.95995566
v 40.00000000 -0.00000000 -11.00239032
v 40.00000000 0.96202091 -10.96109015
v 40.00000000 1.91679287 -10.83621056
v 40.00000000 2.85698004 -10.62859299
v 40.00000000 3.77534495 -10.33979177
v 40.00000000 4.66484009 -9.97206809
v 40.00000000 5.51869039 -9.52834952
v 40.00000000 6.33045390 -9.01216409
v 40.00000000 7.09405565 -8.42756445
v 40.00000000 7.80379897 -7.77905953
v 40.00000000 8.45436630 -7.07156622
v 40.00000000 9.04082512 -6.31038523
v 40.00000000 9.55865215 -5.50119516
v 40.00000000 10.00378186 -4.65005172
v 40.00000000 10.37267500 -3.76337643
v 40.00000000 10.66239468 -2.84792291
v 40.00000000 10.87067253 -1.91071629
v 40.00000000 10.99594927 -0.95897113
v 40.00000000 11.03738079 -0.00000000
v 40.00000000 10.99481117 0.95887187
v 40.00000000 10.86872381 1.91037377
v 40.00000000 10.66018763 2.84733341
v 40.00000000 10.37081556 3.76270180
v 40.00000000 10.00274645 4.64957043
v 40.00000000 9.55865215 5.50119516
v 40.00000000 9.04176096 6.31103843
v 40.00000000 8.45588214 7.07283413
v 40.00000000 7.80541464 7.78067008
v 40.00000000 7.09532758 8.42907548
v 40.00000000 6.33110918 9.01309696
v 40.00000000 5.51869039 9.52834952
v 40.00000000 4.66435727 9.97103596
v 40.00000000 3.77466817 10.33793822
v 40.00000000 2.85638867 10.62639294
v 40.00000000 1.91644925 10.83426802
v 40.00000000 0.96192133 10.95995566
v 42.00000000 0.00000000 10.99864150
v 42.00000000 -0.96271181 10.95720603
v 42.00000000 -1.91815033 10.83226261
v 42.00000000 -2.85899291 10.62468187
v 42.00000000 -3.77801864 10.33602468
v 42.00000000 -4.66819030 9.96853444
v 42.00000000 -5.52272911 9.52510294
v 42.00000000 -6.33517304 9.00921621
v 42.00000000 -7.09941489 8.42489188
v 42.00000000 -7.80972292 7.77662103
v 42.00000000 -8.46075320 7.06932367
v 42.00000000 -9.04756475 6.30832110
v 42.00000000 -9.56564741 5.49932075
v 42.00000000 -10.01096641 4.64840395
v 42.00000000 -10.38002091 3.76200532
v 42.00000000 -10.66990680 2.84687493
v 42.00000000 -10.87837112 1.91002016
v 42.00000000 -11.00384638 0.95863131
v 42.00000000 -11.04545821 0.00000000
v 42.00000000 -11.00300744 -0.95855823
v 42.00000000 -10.87693465 -1.90976794
v 42.00000000 -10.66827991 -2.84644085
v 42.00000000 -10.37865024 -3.76150856
v 42.00000000 -10.01020317 -4.64804955
v 42.00000000 -9.56564741 -5.49932075
v 42.00000000 -9.04825460 -6.30880209
v 42.00000000 -8.46187057 -7.07025728
v 42.00000000 -7.81091389 -7.77780694
v 42.00000000 -7.10035248 -8.42600452
v 42.00000000 -6.33565608 -9.00990312
v 42.00000000 -5.52272911 -9.52510294
v 42.00000000 -4.66783440 -9.96777443
v 42.00000000 -3.77751976 -10.33465982
v 42.00000000 -2.85855699 -10.62306188
v 42.00000000 -1.91789705 -10.83083223
v 42.00000000 -0.96263842 -10.95637065
v 42.00000000 -0.00000000 -10.99864150
v 42.00000000 0.96271181 -10.95720603
v 42.00000000 1.91815033 -10.83226261
v 42.00000000 2.85899291 -10.62468187
v 42.00000000 3.77801864 -10.33602468
v 42.00000000 4.66819030 -9.96853444
v 42.00000000 5.52272911 -9.52510294
v 42.00000000 6.33517304 -9.00921621
v 42.00000000 7.09941489 -8.42489188
v 42.00000000 7.80972292 -7.77662103
v 42.00000000 8.46075320 -7.06932367
v 42.00000000 9.04756475 -6.30832110
v 42.00000000 9.56564741 -5.49932075
v 42.00000000 10.01096641 -4.64840395
v 42.00000000 10.38002091 -3.76200532
v 42.00000000 10.66990680 -2.84687493
v 42.00000000 10.87837112 -1.91002016
v 42.00000000 11.00384638 -0.95863131
v 42.00000000 11.04545821 -0.00000000
v 42.00000000 11.00300744 0.95855823
v 42.00000000 10.87693465 1.90976794
v 42.00000000 10.66827991 2.84644085
v 42.00000000 10.37865024 3.76150856
v 42.00000000 10.01020317 4.64804955
v 42.00000000 9.56564741 5.49932075
v 42.00000000 9.04825460 6.30880209
v 42.00000000 8.46187057 7.07025728
v 42.00000000 7.81091389 7.77780694
v 42.00000000 7.10035248 8.42600452
v 42.00000000 6.33565608 9.00990312
v 42.00000000 5.52272911 9.52510294
v 42.00000000 4.66783440 9.96777443
v 42.00000000 3.77751976 10.33465982
v 42.00000000 2.85855699 10.62306188
v 42.00000000 1.91789705 10.83083223
v 42.00000000 0.96263842 10.95637065
v 44.00000000 0.00000000 10.99566804
v 44.00000000 -0.96311881 10.95412534
v 44.00000000 -1.91894606 10.82913134
v 44.00000000 -2.86017065 10.62157984
v 44.00000000 -3.77958592 10.33303685
v 44.00000000 -4.67016383 9.96573172
v 44.00000000 -5.52512363 9.52252785
v 44.00000000 -6.33798836 9.00687798
v 44.00000000 -7.10262605 8.42277198
v 44.00000000 -7.81327801 7.77468677
v 44.00000000 -8.46458012 7.06754486
v 44.00000000 -9.05158544 6.30668386
v 44.00000000 -9.56979485 5.49783402
v 44.00000000 -10.01519865 4.64709702
v 44.00000000 -10.38432698 3.76091784
v 44.00000000 -10.67430220 2.84604374
v 44.00000000 -10.88288393 1.90946803
v 44.00000000 -11.00849836 0.95836179
v 44.00000000 -11.05024727 0.00000000
v 44.00000000 -11.00789712 -0.95830944
v 44.00000000 -10.88185444 -1.90928740
v 44.00000000 -10.67313625 -2.84573287
v 44.00000000 -10.38334465 -3.76056207
v 44.00000000 -10.01465165 -4.64684321
v 44.00000000 -9.56979485 -5.49783402
v 44.00000000 -9.05207984 -6.30702832
v 44.00000000 -8.46538091 -7.06821349
v 44.00000000 -7.81413155 -7.77553610
v 44.00000000 -7.10329800 -8.42356882
v 44.00000000 -6.33833454 -9.00736993
v 44.00000000 -5.52512363 -9.52252785
v 44.00000000 -4.66990876 -9.96518742
v 44.00000000 -3.77922839 -10.33205938
v 44.00000000 -2.85985824 -10.62041964
v 44.00000000 -1.91876454 -10.82810694
v 44.00000000 -0.96306621 -10.95352707
v 44.00000000 -0.00000000 -10.99566804
v 44.00000000 0.96311881 -10.95412534
v 44.00000000 1.91894606 -10.82913134
v 44.00000000 2.86017065 -10.62157984
v 44.00000000 3.77958592 -10.33303685
v 44.00000000 4.67016383 -9.96573172
v 44.00000000 5.52512363 -9.52252785
v 44.00000000 6.33798836 -9.00687798
v 44.00000000 7.10262605 -8.42277198
v 44.00000000 7.81327801 -7.77468677
v 44.00000000 8.46458012 -7.06754486
v 44.00000000 9.05158544 -6.30668386
v 44.00000000 9.56979485 -5.49783402
v 44.00000000 10.01519865 -4.64709702
v 44.00000000 10.38432698 -3.76091784
v 44.00000000 10.67430220 -2.84604374
v 44.00000000 10.88288393 -1.90946803
v 44.00000000 11.00849836 -0.95836179
v 44.00000000 11.05024727 -0.00000000
v 44.00000000 11.00789712 0.95830944
v 44.00000000 10.88185444 1.90928740
v 44.00000000 10.67313625 2.84573287
v 44.00000000 10.38334465 3.76056207
v 44.00000000 10.01465165 4.64684321
v 44.00000000 9.56979485 5.49783402
v 44.00000000 9.05207984 6.30702832
v 44.00000000 8.46538091 7.06821349
v 44.00000000 7.81413155 7.77553610
v 44.00000000 7.10329800 8.42356882
v 44.00000000 6.33833454 9.00736993
v 44.00000000 5.52512363 9.52252785
v 44.00000000 4.66990876 9.96518742
v 44.00000000 3.77922839 10.33205938
v 44.00000000 2.85985824 10.62041964
v 44.00000000 1.91876454 10.82810694
v 44.00000000 0.96306621 10.95352707
v 46.00000000 0.00000000 10.99315165
v 46.00000000 -0.96368492 10.95151825
v 46.00000000 -1.92006113 10.82648148
v 46.00000000 -2.86182563 10.61895473
v 46.00000000 -3.78178217 10.33050839
v 46.00000000 -4.67290888 9.96335986
v 46.00000000 -5.52842180 9.52034860
v 46.00000000 -6.34182979 9.00489913
v 46.00000000 -7.10697854 8.42097788
v 46.00000000 -7.81808515 7.77304978
v 46.00000000 -8.46976721 7.06603943
v 46.00000000 -9.05707157 6.30529825
v 46.00000000 -9.57550745 5.49657583
v 46.00000000 -10.02108542 4.64599101
v 46.00000000 -10.39036112 3.75999756
v 46.00000000 -10.68047866 2.84534034
v 46.00000000 -10.88920777 1.90900079
v 46.00000000 -11.01496899 0.95813370
v 46.00000000 -11.05684360 0.00000000
v 46.00000000 -11.01456896 -0.95809890
v 46.00000000 -10.88852283 -1.90888071
v 46.00000000 -10.67970292 -2.84513368
v 46.00000000 -10.38970756 -3.75976105
v 46.00000000 -10.02072149 -4.64582228
v 46.00000000 -9.57550745 -5.49657583
v 46.00000000 -9.05740051 -6.30552725
v 46.00000000 -8.47030000 -7.06648392
v 46.00000000 -7.81865303 -7.77361438
v 46.00000000 -7.10742560 -8.42150760
v 46.00000000 -6.34206011 -9.00522617
v 46.00000000 -5.52842180 -9.52034860
v 46.00000000 -4.67273917 -9.96299803
v 46.00000000 -3.78154429 -10.32985859
v 46.00000000 -2.86161777 -10.61818346
v 46.00000000 -1.91994036 -10.82580048
v 46.00000000 -0.96364992 -10.95112053
v 46.00000000 -0.00000000 -10.99315165
v 46.00000000 0.96368492 -10.95151825
v 46.00000000 1.92006113 -10.82648148
v 46.00000000 2.86182563 -10.61895473
v 46.00000000 3.78178217 -10.33050839
v 46.00000000 4.67290888 -9.96335986
v 46.00000000 5.52842180 -9.52034860
v 46.00000000 6.34182979 -9.00489913
v 46.00000000 7.10697854 -8.42097788
v 46.00000000 7.81808515 -7.77304978
v 46.00000000 8.46976721 -7.06603943
v 46.00000000 9.05707157 -6.30529825
v 46.00000000 9.57550745 -5.49657583
v 46.00000000 10.02108542 -4.64599101
v 46.00000000 10.39036112 -3.75999756
v 46.00000000 10.68047866 -2.84534034
v 46.00000000 10.88920777 -1.90900079
v 46.00000000 11.01496899 -0.95813370
v 46.00000000 11.05684360 -0.00000000
v 46.00000000 11.01456896 0.95809890
v 46.00000000 10.88852283 1.90888071
v 46.00000000 10.67970292 2.84513368
v 46.00000000 10.38970756 3.75976105
v 46.00000000 10.02072149 4.64582228
v 46.00000000 9.57550745 5.49657583
v 46.00000000 9.05740051 6.30552725
v 46.00000000 8.47030000 7.06648392
v 46.00000000 7.81865303 7.77361438
v 46.00000000 7.10742560 8.42150760
v 46.00000000 6.34206011 9.00522617
v 46.00000000 5.52842180 9.52034860
v 46.00000000 4.67273917 9.96299803
v 46.00000000 3.78154429 10.32985859
v 46.00000000 2.86161777 10.61818346
v 46.00000000 1.91994036 10.82580048
v 46.00000000 0.96364992 10.95112053
v 48.00000000 0.00000000 10.99011109
v 48.00000000 -0.96415794 10.94836816
v 48.00000000 -1.92098805 10.82327975
v 48.00000000 -2.86319872 10.61578292
v 48.00000000 -3.78360786 10.32745333
v 48.00000000 -4.67520260 9.96049400
v 48.00000000 -5.53119661 9.51771540
v 48.00000000 -6.34508302 9.00250803
v 48.00000000 -7.11068182 8.41880997
v 48.00000000 -7.82218215 7.77107170
v 48.00000000 -8.47418061 7.06422034
v 48.00000000 -9.06171766 6.30362399
v 48.00000000 -9.58031355 5.49505555
v 48.00000000 -10.02600432 4.64465463
v 48.00000000 -10.39537715 3.75888561
v 48.00000000 -10.68560308 2.84449046
v 48.00000000 -10.89446462 1.90843624
v 48.00000000 -11.02037574 0.95785810
v 48.00000000 -11.06239322 0.00000000
v 48.00000000 -11.02021921 -0.95784449
v 48.00000000 -10.89419660 -1.90838929
v 48.00000000 -10.68529953 -2.84440966
v 48.00000000 -10.39512140 -3.75879313
v 48.00000000 -10.02586191 -4.64458866
v 48.00000000 -9.58031355 -5.49505555
v 48.00000000 -9.06184638 -6.30371352
v 48.00000000 -8.47438909 -7.06439414
v 48.00000000 -7.82240437 -7.77129246
v 48.00000000 -7.11085676 -8.41901709
v 48.00000000 -6.34517314 -9.00263591
v 48.00000000 -5.53119661 -9.51771540
v 48.00000000 -4.67513619 -9.96035253
v 48.00000000 -3.78351477 -10.32719926
v 48.00000000 -2.86311738 -10.61548136
v 48.00000000 -1.92094079 -10.82301348
v 48.00000000 -0.96414425 -10.94821265
v 48.00000000 -0.00000000 -10.99011109
v 48.00000000 0.96415794 -10.94836816
v 48.00000000 1.92098805 -10.82327975
v 48.00000000 2.86319872 -10.61578292
v 48.00000000 3.78360786 -10.32745333
v 48.00000000 4.67520260 -9.96049400
v 48.00000000 5.53119661 -9.51771540
v 48.00000000 6.34508302 -9.00250803
v 48.00000000 7.11068182 -8.41880997
v 48.00000000 7.82218215 -7.77107170
v 48.00000000 8.47418061 -7.06422034
v 48.00000000 9.06171766 -6.30362399
v 48.00000000 9.58031355 -5.49505555
v 48.00000000 10.02600432 -4.64465463
v 48.00000000 10.39537715 -3.75888561
v 48.00000000 10.68560308 -2.84449046
v 48.00000000 10.89446462 -1.90843624
v 48.00000000 11.02037574 -0.95785810
v 48.00000000 11.06239322 -0.00000000
v 48.00000000 11.02021921 0.95784449
v 48.00000000 10.89419660 1.90838929
v 48.00000000 10.68529953 2.84440966
v 48.00000000 10.39512140 3.75879313
v 48.00000000 10.02586191 4.64458866
v 48.00000000 9.58031355 5.49505555
v 48.00000000 9.06184638 6.30371352
v 48.00000000 8.47438909 7.06439414
v 48.00000000 7.82240437 7.77129246
v 48.00000000 7.11085676 8.41901709
v 48.00000000 6.34517314 9.00263591
v 48.00000000 5.53119661 9.51771540
v 48.00000000 4.67513619 9.96035253
v 48.00000000 3.78351477 10.32719926
v 48.00000000 2.86311738 10.61548136
v 48.00000000 1.92094079 10.82301348
v 48.00000000 0.96414425 10.94821265
v 50.00000000 0.00000000 10.98672905
v 50.00000000 -0.96469292 10.94497811
v 50.00000000 -1.92205125 10.81991333
v 50.00000000 -2.86478194 10.61247563
v 50.00000000 -3.78570195 10.32424114
v 50.00000000 -4.67779668 9.95740984
v 50.00000000 -5.53427620 9.51478646
v 50.00000000 -6.34862785 8.99975480
v 50.00000000 -7.11466431 8.41624699
v 50.00000000 -7.82656712 7.76870988
v 50.00000000 -8.47892675 7.06206974
v 50.00000000 -9.06678022 6.30169615
v 50.00000000 -9.58564757 5.49336453
v 50.00000000 -10.03156736 4.64321646
v 50.00000000 -10.40113063 3.75771647
v 50.00000000 -10.69151174 2.84360427
v 50.00000000 -10.90049433 1.90784265
v 50.00000000 -11.02649052 0.95756151
v 50.00000000 -11.06855240 0.00000000
v 50.00000000 -11.02637592 -0.95755156
v 50.00000000 -10.90029811 -1.90780831
v 50.00000000 -10.69128951 -2.84354517
v 50.00000000 -10.40094340 -3.75764882
v 50.00000000 -10.03146311 -4.64316821
v 50.00000000 -9.58564757 -5.49336453
v 50.00000000 -9.06687444 -6.30176164
v 50.00000000 -8.47907938 -7.06219687
v 50.00000000 -7.82672980 -7.76887136
v 50.00000000 -7.11479238 -8.41639849
v 50.00000000 -6.34869383 -8.99984833
v 50.00000000 -5.53427620 -9.51478646
v 50.00000000 -4.67774807 -9.95730635
v 50.00000000 -3.78563381 -10.32405530
v 50.00000000 -2.86472239 -10.61225505
v 50.00000000 -1.92201666 -10.81971857
v 50.00000000 -0.96468289 -10.94486436
v 50.00000000 -0.00000000 -10.98672905
v 50.00000000 0.96469292 -10.94497811
v 50.00000000 1.92205125 -10.81991333
v 50.00000000 2.86478194 -10.61247563
v 50.00000000 3.78570195 -10.32424114
v 50.00000000 4.67779668 -9.95740984
v 50.00000000 5.53427620 -9.51478646
v 50.00000000 6.34862785 -8.99975480
v 50.00000000 7.11466431 -8.41624699
v 50.00000000 7.82656712 -7.76870988
v 50.00000000 8.47892675 -7.06206974
v 50.00000000 9.06678022 -6.30169615
v 50.00000000 9.58564757 -5.49336453
v 50.00000000 10.03156736 -4.64321646
v 50.00000000 10.40113063 -3.75771647
v 50.00000000 10.69151174 -2.84360427
v 50.00000000 10.90049433 -1.90784265
v 50.00000000 11.02649052 -0.95756151
v 50.00000000 11.06855240 -0.00000000
v 50.00000000 11.02637592 0.95755156
v 50.00000000 10.90029811 1.90780831
v 50.00000000 10.69128951 2.84354517
v 50.00000000 10.40094340 3.75764882
v 50.00000000 10.03146311 4.64316821
v 50.00000000 9.58564757 5.49336453
v 50.00000000 9.06687444 6.30176164
v 50.00000000 8.47907938 7.06219687
v 50.00000000 7.82672980 7.76887136
v 50.00000000 7.11479238 8.41639849
v 50.00000000 6.34869383 8.99984833
v 50.00000000 5.53427620 9.51478646
v 50.00000000 4.67774807 9.95730635
v 50.00000000 3.78563381 10.32405530
v 50.00000000 2.86472239 10.61225505
v 50.00000000 1.92201666 10.81971857
v 50.00000000 0.96468289 10.94486436
v 52.00000000 0.00000000 10.98260086
v 52.00000000 -0.96518373 10.94102984
v 52.00000000 -1.92305027 10.81612904
v 52.00000000 -2.86628248 10.60880656
v 52.00000000 -3.78766963 10.32063020
v 52.00000000 -4.68017661 9.95381782
v 52.00000000 -5.53700876 9.51121134
v 52.00000000 -6.35166715 8.99623814
v 52.00000000 -7.11799211 8.41286588
v 52.00000000 -7.83019641 7.76555767
v 52.00000000 -8.48289267 7.05923266
v 52.00000000 -9.07112078 6.29923376
v 52.00000000 -9.59038050 5.49130043
v 52.00000000 -10.03667114 4.64154148
v 52.00000000 -10.40653678 3.75640219
v 52.00000000 -10.69711185 2.84262115
v 52.00000000 -10.90616003 1.90717538
v 52.00000000 -11.03210048 0.95721608
v 52.00000000 -11.07401753 0.00000000
v 52.00000000 -11.03165461 -0.95717739
v 52.00000000 -10.90539660 -1.90704187
v 52.00000000 -10.69624721 -2.84239138
v 52.00000000 -10.40580832 -3.75613924
v 52.00000000 -10.03626550 -4.64135389
v 52.00000000 -9.59038050 -5.49130043
v 52.00000000 -9.07148741 -6.29948836
v 52.00000000 -8.48348651 -7.05972684
v 52.00000000 -7.83082937 -7.76618541
v 52.00000000 -7.11849040 -8.41345483
v 52.00000000 -6.35192387 -8.99660174
v 52.00000000 -5.53700876 -9.51121134
v 52.00000000 -4.67998746 -9.95341553
v 52.00000000 -3.78740449 -10.31990776
v 52.00000000 -2.86605080 -10.60794906
v 52.00000000 -1.92291566 -10.81537191
v 52.00000000 -0.96514472 -10.94058765
v 52.00000000 -0.00000000 -10.98260086
v 52.00000000 0.96518373 -10.94102984
v 52.00000000 1.92305027 -10.81612904
v 52.00000000 2.86628248 -10.60880656
v 52.00000000 3.78766963 -10.32063020
v 52.00000000 4.68017661 -9.95381782
v 52.00000000 5.53700876 -9.51121134
v 52.00000000 6.35166715 -8.99623814
v 52.00000000 7.11799211 -8.41286588
v 52.00000000 7.83019641 -7.76555767
v 52.00000000 8.48289267 -7.05923266
v 52.00000000 9.07112078 -6.29923376
v 52.00000000 9.59038050 -5.49130043
v 52.00000000 10.03667114 -4.64154148
v 52.00000000 10.40653678 -3.75640219
v 52.00000000 10.69711185 -2.84262115
v 52.00000000 10.90616003 -1.90717538
v 52.00000000 11.03210048 -0.95721608
v 52.00000000 11.07401753 -0.00000000
v 52.00000000 11.03165461 0.95717739
v 52.00000000 10.90539660 1.90704187
v 52.00000000 10.69624721 2.84239138
v 52.00000000 10.40580832 3.75613924
v 52.00000000 10.03626550 4.64135389
v 52.00000000 9.59038050 5.49130043
v 52.00000000 9.07148741 6.29948836
v 52.00000000 8.48348651 7.05972684
v 52.00000000 7.83082937 7.76618541
v 52.00000000 7.11849040 8.41345483
v 52.00000000 6.35192387 8.99660174
v 52.00000000 5.53700876 9.51121134
v 52.00000000 4.67998746 9.95341553
v 52.00000000 3.78740449 10.31990776
v 52.00000000 2.86605080 10.60794906
v 52.00000000 1.92291566 10.81537191
v 52.00000000 0.96514472 10.94058765
v 54.00000000 0.00000000 10.98424832
v 54.00000000 -0.96530807 10.94260551
v 54.00000000 -1.92328957 10.81763928
v 54.00000000 -2.86663455 10.61027082
v 54.00000000 -3.78814096 10.32207126
v 54.00000000 -4.68077953 9.95525132
v 54.00000000 -5.53775523 9.51263808
v 54.00000000 -6.35256151 8.99764154
v 54.00000000 -7.11902559 8.41421518
v 54.00000000 -7.83134587 7.76681562
v 54.00000000 -8.48412432 7.06036485
v 54.00000000 -9.07239806 6.30021643
v 54.00000000 -9.59167343 5.49212416
v 54.00000000 -10.03796409 4.64220993
v 54.00000000 -10.40783175 3.75692670
v 54.00000000 -10.69842580 2.84301350
v 54.00000000 -10.90751717 1.90744167
v 54.00000000 -11.03352167 0.95735393
v 54.00000000 -11.07551047 0.00000000
v 54.00000000 -11.03320794 -0.95732671
v 54.00000000 -10.90697999 -1.90734773
v 54.00000000 -10.69781741 -2.84285182
v 54.00000000 -10.40731917 -3.75674167
v 54.00000000 -10.03767867 -4.64207793
v 54.00000000 -9.59167343 -5.49212416
v 54.00000000 -9.07265603 -6.30039558
v 54.00000000 -8.48454218 -7.06071259
v 54.00000000 -7.83179124 -7.76725732
v 54.00000000 -7.11937621 -8.41462959
v 54.00000000 -6.35274214 -8.99789739
v 54.00000000 -5.53775523 -9.51263808
v 54.00000000 -4.68064644 -9.95496825
v 54.00000000 -3.78795440 -10.32156291
v 54.00000000 -2.86647153 -10.60966744
v 54.00000000 -1.92319485 -10.81710653
v 54.00000000 -0.96528062 -10.94229436
v 54.00000000 -0.00000000 -10.98424832
v 54.00000000 0.96530807 -10.94260551
v 54.00000000 1.92328957 -10.81763928
v 54.00000000 2.86663455 -10.61027082
v 54.00000000 3.78814096 -10.32207126
v 54.00000000 4.68077953 -9.95525132
v 54.00000000 5.53775523 -9.51263808
v 54.00000000 6.35256151 -8.99764154
v 54.00000000 7.11902559 -8.41421518
v 54.00000000 7.83134587 -7.76681562
v 54.00000000 8.48412432 -7.06036485
v 54.00000000 9.07239806 -6.30021643
v 54.00000000 9.59167343 -5.49212416
v 54.00000000 10.03796409 -4.64220993
v 54.00000000 10.40783175 -3.75692670
v 54.00000000 10.69842580 -2.84301350
v 54.00000000 10.90751717 -1.90744167
v 54.00000000 11.03352167 -0.95735393
v 54.00000000 11.07551047 -0.00000000
v 54.00000000 11.03320794 0.95732671
v 54.00000000 10.90697999 1.90734773
v 54.00000000 10.69781741 2.84285182
v 54.00000000 10.40731917 3.75674167
v 54.00000000 10.03767867 4.64207793
v 54.00000000 9.59167343 5.49212416
v 54.00000000 9.07265603 6.30039558
v 54.00000000 8.48454218 7.06071259
v 54.00000000 7.83179124 7.76725732
v 54.00000000 7.11937621 8.41462959
v 54.00000000 6.35274214 8.99789739
v 54.00000000 5.53775523 9.51263808
v 54.00000000 4.68064644 9.95496825
v 54.00000000 3.78795440 10.32156291
v 54.00000000 2.86647153 10.60966744
v 54.00000000 1.92319485 10.81710653
v 54.00000000 0.96528062 10.94229436
v 56.00000000 0.00000000 10.97963136
v 56.00000000 -0.96548238 10.93818969
v 56.00000000 -1.92366052 10.81340678
v 56.00000000 -2.86720034 10.60616716
v 56.00000000 -3.78887158 10.31803266
v 56.00000000 -4.68162478 9.95123394
v 56.00000000 -5.53866225 9.50863968
v 56.00000000 -6.35349531 8.99370860
v 56.00000000 -7.11998455 8.41043389
v 56.00000000 -7.83236554 7.76329034
v 56.00000000 -8.48526716 7.05719197
v 56.00000000 -9.07373166 6.29746256
v 56.00000000 -9.59324443 5.48981568
v 56.00000000 -10.03977675 4.64033659
v 56.00000000 -10.40983912 3.75545676
v 56.00000000 -10.70053735 2.84191393
v 56.00000000 -10.90962092 1.90669537
v 56.00000000 -11.03551410 0.95696760
v 56.00000000 -11.07732451 0.00000000
v 56.00000000 -11.03482978 -0.95690825
v 56.00000000 -10.90844919 -1.90649058
v 56.00000000 -10.69921030 -2.84156148
v 56.00000000 -10.40872107 -3.75505342
v 56.00000000 -10.03915417 -4.64004884
v 56.00000000 -9.59324443 -5.48981568
v 56.00000000 -9.07429437 -6.29785309
v 56.00000000 -8.48617860 -7.05795002
v 56.00000000 -7.83333701 -7.76425324
v 56.00000000 -7.12074934 -8.41133729
v 56.00000000 -6.35388932 -8.99426634
v 56.00000000 -5.53866225 -9.50863968
v 56.00000000 -4.68133447 -9.95061686
v 56.00000000 -3.78846465 -10.31692447
v 56.00000000 -2.86684476 -10.60485182
v 56.00000000 -1.92345391 -10.81224539
v 56.00000000 -0.96542251 -10.93751140
v 56.00000000 -0.00000000 -10.97963136
v 56.00000000 0.96548238 -10.93818969
v 56.00000000 1.92366052 -10.81340678
v 56.00000000 2.86720034 -10.60616716
v 56.00000000 3.78887158 -10.31803266
v 56.00000000 4.68162478 -9.95123394
v 56.00000000 5.53866225 -9.50863968
v 56.00000000 6.35349531 -8.99370860
v 56.00000000 7.11998455 -8.41043389
v 56.00000000 7.83236554 -7.76329034
v 56.00000000 8.48526716 -7.05719197
v 56.00000000 9.07373166 -6.29746256
v 56.00000000 9.59324443 -5.48981568
v 56.00000000 10.03977675 -4.64033659
v 56.00000000 10.40983912 -3.75545676
v 56.00000000 10.70053735 -2.84191393
v 56.00000000 10.90962092 -1.90669537
v 56.00000000 11.03551410 -0.95696760
v 56.00000000 11.07732451 -0.00000000
v 56.00000000 11.03482978 0.95690825
v 56.00000000 10.90844919 1.90649058
v 56.00000000 10.69921030 2.84156148
v 56.00000000 10.40872107 3.75505342
v 56.00000000 10.03915417 4.64004884
v 56.00000000 9.59324443 5.48981568
v 56.00000000 9.07429437 6.29785309
v 56.00000000 8.48617860 7.05795002
v 56.00000000 7.83333701 7.76425324
v 56.00000000 7.12074934 8.41133729
v 56.00000000 6.35388932 8.99426634
v 56.00000000 5.53866225 9.50863968
v 56.00000000 4.68133447 9.95061686
v 56.00000000 3.78846465 10.31692447
v 56.00000000 2.86684476 10.60485182
v 56.00000000 1.92345391 10.81224539
v 56.00000000 0.96542251 10.93751140
v 58.00000000 0.00000000 10.97603185
v 58.00000000 -0.96542433 10.93474689
v 58.00000000 -1.92356328 10.81010683
v 58.00000000 -2.86706546 10.60296764
v 58.00000000 -3.78868006 10.31488388
v 58.00000000 -4.68134328 9.94810179
v 58.00000000 -5.53825673 9.50552242
v 58.00000000 -6.35294697 8.99064247
v 58.00000000 -7.11930183 8.40748604
v 58.00000000 -7.83158704 7.76054209
v 58.00000000 -8.48445353 7.05471843
v 58.00000000 -9.07294855 6.29531563
v 58.00000000 -9.59254204 5.48801593
v 58.00000000 -10.03917306 4.63887605
v 58.00000000 -10.40931291 3.75431070
v 58.00000000 -10.70003397 2.84105662
v 58.00000000 -10.90906945 1.90611350
v 58.00000000 -11.03485054 0.95666639
v 58.00000000 -11.07651346 0.00000000
v 58.00000000 -11.03387742 -0.95658203
v 58.00000000 -10.90740321 -1.90582236
v 58.00000000 -10.69814685 -2.84055555
v 58.00000000 -10.40772301 -3.75373727
v 58.00000000 -10.03828774 -4.63846696
v 58.00000000 -9.59254204 -5.48801593
v 58.00000000 -9.07374873 -6.29587084
v 58.00000000 -8.48574963 -7.05579613
v 58.00000000 -7.83296851 -7.76191102
v 58.00000000 -7.12038939 -8.40877038
v 58.00000000 -6.35350726 -8.99143539
v 58.00000000 -5.53825673 -9.50552242
v 58.00000000 -4.68093045 -9.94722450
v 58.00000000 -3.78810138 -10.31330840
v 58.00000000 -2.86655981 -10.60109764
v 58.00000000 -1.92326948 -10.80845571
v 58.00000000 -0.96533919 -10.93378259
v 58.00000000 -0.00000000 -10.97603185
v 58.00000000 0.96542433 -10.93474689
v 58.00000000 1.92356328 -10.81010683
v 58.00000000 2.86706546 -10.60296764
v 58.00000000 3.78868006 -10.31488388
v 58.00000000 4.68134328 -9.94810179
v 58.00000000 5.53825673 -9.50552242
v 58.00000000 6.35294697 -8.99064247
v 58.00000000 7.11930183 -8.40748604
v 58.00000000 7.83158704 -7.76054209
v 58.00000000 8.48445353 -7.05471843
v 58.00000000 9.07294855 -6.29531563
v 58.00000000 9.59254204 -5.48801593
v 58.00000000 10.03917306 -4.63887605
v 58.00000000 10.40931291 -3.75431070
v 58.00000000 10.70003397 -2.84105662
v 58.00000000 10.90906945 -1.90611350
v 58.00000000 11.03485054 -0.95666639
v 58.00000000 11.07651346 -0.00000000
v 58.00000000 11.03387742 0.95658203
v 58.00000000 10.90740321 1.90582236
v 58.00000000 10.69814685 2.84055555
v 58.00000000 10.40772301 3.75373727
v 58.00000000 10.03828774 4.63846696
v 58.00000000 9.59254204 5.48801593
v 58.00000000 9.07374873 6.29587084
v 58.00000000 8.48574963 7.05579613
v 58.00000000 7.83296851 7.76191102
v 58.00000000 7.12038939 8.40877038
v 58.00000000 6.35350726 8.99143539
v 58.00000000 5.53825673 9.50552242
v 58.00000000 4.68093045 9.94722450
v 58.00000000 3.78810138 10.31330840
v 58.00000000 2.86655981 10.60109764
v 58.00000000 1.92326948 10.80845571
v 58.00000000 0.96533919 10.93378259
v 60.00000000 0.00000000 10.97865347
v 60.00000000 -0.96576059 10.93725438
v 60.00000000 -1.92421984 10.81251029
v 60.00000000 -2.86803674 10.60529796
v 60.00000000 -3.78997324 10.31717724
v 60.00000000 -4.68297382 9.95038303
v 60.00000000 -5.54023855 9.50779281
v 60.00000000 -6.35528091 8.99287561
v 60.00000000 -7.12196702 8.40963303
v 60.00000000 -7.83453891 7.76254370
v 60.00000000 -8.48762979 7.05651997
v 60.00000000 -9.07628177 6.29687929
v 60.00000000 -9.59597466 5.48932674
v 60.00000000 -10.04266977 4.63993981
v 60.00000000 -10.41286588 3.75514542
v 60.00000000 -10.70365884 2.84168102
v 60.00000000 -10.91279300 1.90653729
v 60.00000000 -11.03869405 0.95688577
v 60.00000000 -11.08047711 0.00000000
v 60.00000000 -11.03793104 -0.95681963
v 60.00000000 -10.91148652 -1.90630904
v 60.00000000 -10.70217917 -2.84128819
v 60.00000000 -10.41161926 -3.75469585
v 60.00000000 -10.04197560 -4.63961909
v 60.00000000 -9.59597466 -5.48932674
v 60.00000000 -9.07690918 -6.29731458
v 60.00000000 -8.48864604 -7.05736488
v 60.00000000 -7.83562210 -7.76361694
v 60.00000000 -7.12281976 -8.41063995
v 60.00000000 -6.35572023 -8.99349726
v 60.00000000 -5.54023855 -9.50779281
v 60.00000000 -4.68265013 -9.94969524
v 60.00000000 -3.78951950 -10.31594207
v 60.00000000 -2.86764027 -10.60383190
v 60.00000000 -1.92398947 -10.81121582
v 60.00000000 -0.96569383 -10.93649838
v 60.00000000 -0.00000000 -10.97865347
v 60.00000000 0.96576059 -10.93725438
v 60.00000000 1.92421984 -10.81251029
v 60.00000000 2.86803674 -10.60529796
v 60.00000000 3.78997324 -10.31717724
v 60.00000000 4.68297382 -9.95038303
v 60.00000000 5.54023855 -9.50779281
v 60.00000000 6.35528091 -8.99287561
v 60.00000000 7.12196702 -8.40963303
v 60.00000000 7.83453891 -7.76254370
v 60.00000000 8.48762979 -7.05651997
v 60.00000000 9.07628177 -6.29687929
v 60.00000000 9.59597466 -5.48932674
v 60.00000000 10.04266977 -4.63993981
v 60.00000000 10.41286588 -3.75514542
v 60.00000000 10.70365884 -2.84168102
v 60.00000000 10.91279300 -1.90653729
v 60.00000000 11.03869405 -0.95688577
v 60.00000000 11.08047711 -0.00000000
v 60.00000000 11.03793104 0.95681963
v 60.00000000 10.91148652 1.90630904
v 60.00000000 10.70217917 2.84128819
v 60.00000000 10.41161926 3.75469585
v 60.00000000 10.04197560 4.63961909
v 60.00000000 9.59597466 5.48932674
v 60.00000000 9.07690918 6.29731458
v 60.00000000 8.48864604 7.05736488
v 60.00000000 7.83562210 7.76361694
v 60.00000000 7.12281976 8.41063995
v 60.00000000 6.35572023 8.99349726
v 60.00000000 5.54023855 9.50779281
v 60.00000000 4.68265013 9.94969524
v 60.00000000 3.78951950 10.31594207
v 60.00000000 2.86764027 10.60383190
v 60.00000000 1.92398947 10.81121582
v 60.00000000 0.96569383 10.93649838
v 62.00000000 0.00000000 10.98214723
v 62.00000000 -0.96605115 10.94059597
v 62.00000000 -1.92478086 10.81571318
v 62.00000000 -2.86886318 10.60840336
v 62.00000000 -3.79107823 10.32023340
v 62.00000000 -4.68438274 9.95342310
v 62.00000000 -5.54197580 9.51081849
v 62.00000000 -6.35735450 8.99585172
v 62.00000000 -7.12435703 8.41249436
v 62.00000000 -7.83719472 7.76521130
v 62.00000000 -8.49047808 7.05892091
v 62.00000000 -9.07924315 6.29896319
v 62.00000000 -9.59898366 5.49107361
v 62.00000000 -10.04569121 4.64135742
v 62.00000000 -10.41590184 3.75625777
v 62.00000000 -10.70674313 2.84251311
v 62.00000000 -10.91597471 1.90710205
v 62.00000000 -11.04201516 0.95717812
v 62.00000000 -11.08395160 0.00000000
v 62.00000000 -11.04153247 -0.95713628
v 62.00000000 -10.91514822 -1.90695766
v 62.00000000 -10.70580708 -2.84226460
v 62.00000000 -10.41511321 -3.75597337
v 62.00000000 -10.04525207 -4.64115452
v 62.00000000 -9.59898366 -5.49107361
v 62.00000000 -9.07964006 -6.29923855
v 62.00000000 -8.49112098 -7.05945541
v 62.00000000 -7.83787996 -7.76589025
v 62.00000000 -7.12489648 -8.41313135
v 62.00000000 -6.35763242 -8.99624498
v 62.00000000 -5.54197580 -9.51081849
v 62.00000000 -4.68417797 -9.95298800
v 62.00000000 -3.79079119 -10.31945202
v 62.00000000 -2.86861236 -10.60747591
v 62.00000000 -1.92463513 -10.81489428
v 62.00000000 -0.96600892 -10.94011771
v 62.00000000 -0.00000000 -10.98214723
v 62.00000000 0.96605115 -10.94059597
v 62.00000000 1.92478086 -10.81571318
v 62.00000000 2.86886318 -10.60840336
v 62.00000000 3.79107823 -10.32023340
v 62.00000000 4.68438274 -9.95342310
v 62.00000000 5.54197580 -9.51081849
v 62.00000000 6.35735450 -8.99585172
v 62.00000000 7.12435703 -8.41249436
v 62.00000000 7.83719472 -7.76521130
v 62.00000000 8.49047808 -7.05892091
v 62.00000000 9.07924315 -6.29896319
v 62.00000000 9.59898366 -5.49107361
v 62.00000000 10.04569121 -4.64135742
v 62.00000000 10.41590184 -3.75625777
v 62.00000000 10.70674313 -2.84251311
v 62.00000000 10.91597471 -1.90710205
v 62.00000000 11.04201516 -0.95717812
v 62.00000000 11.08395160 -0.00000000
v 62.00000000 11.04153247 0.95713628
v 62.00000000 10.91514822 1.90695766
v 62.00000000 10.70580708 2.84226460
v 62.00000000 10.41511321 3.75597337
v 62.00000000 10.04525207 4.64115452
v 62.00000000 9.59898366 5.49107361
v 62.00000000 9.07964006 6.29923855
v 62.00000000 8.49112098 7.05945541
v 62.00000000 7.83787996 7.76589025
v 62.00000000 7.12489648 8.41313135
v 62.00000000 6.35763242 8.99624498
v 62.00000000 5.54197580 9.51081849
v 62.00000000 4.68417797 9.95298800
v 62.00000000 3.79079119 10.31945202
v 62.00000000 2.86861236 10.60747591
v 62.00000000 1.92463513 10.81489428
v 62.00000000 0.96600892 10.94011771
v 64.00000000 0.00000000 10.97996185
v 64.00000000 -0.96606843 10.93850579
v 64.00000000 -1.92482649 10.81370976
v 64.00000000 -2.86893729 10.60646093
v 64.00000000 -3.79116809 10.31832176
v 64.00000000 -4.68446653 9.95152152
v 64.00000000 -5.54203088 9.50892590
v 64.00000000 -6.35736716 8.99399013
v 64.00000000 -7.12432977 8.41070456
v 64.00000000 -7.83714805 7.76354268
v 64.00000000 -8.49044560 7.05741909
v 64.00000000 -9.07926124 6.29765969
v 64.00000000 -9.59907906 5.48998093
v 64.00000000 -10.04587089 4.64047069
v 64.00000000 -10.41614873 3.75556199
v 64.00000000 -10.70701971 2.84199264
v 64.00000000 -10.91623346 1.90674879
v 64.00000000 -11.04221266 0.95699525
v 64.00000000 -11.08406176 0.00000000
v 64.00000000 -11.04155447 -0.95693821
v 64.00000000 -10.91510646 -1.90655194
v 64.00000000 -10.70574332 -2.84165384
v 64.00000000 -10.41507337 -3.75517426
v 64.00000000 -10.04527209 -4.64019409
v 64.00000000 -9.59907906 -5.48998093
v 64.00000000 -9.07980246 -6.29803509
v 64.00000000 -8.49132224 -7.05814778
v 64.00000000 -7.83808243 -7.76446829
v 64.00000000 -7.12506536 -8.41157297
v 64.00000000 -6.35774613 -8.99452627
v 64.00000000 -5.54203088 -9.50892590
v 64.00000000 -4.68418730 -9.95092834
v 64.00000000 -3.79077669 -10.31725650
v 64.00000000 -2.86859528 -10.60519652
v 64.00000000 -1.92462777 -10.81259336
v 64.00000000 -0.96601084 -10.93785378
v 64.00000000 -0.00000000 -10.97996185
v 64.00000000 0.96606843 -10.93850579
v 64.00000000 1.92482649 -10.81370976
v 64.00000000 2.86893729 -10.60646093
v 64.00000000 3.79116809 -10.31832176
v 64.00000000 4.68446653 -9.95152152
v 64.00000000 5.54203088 -9.50892590
v 64.00000000 6.35736716 -8.99399013
v 64.00000000 7.12432977 -8.41070456
v 64.00000000 7.83714805 -7.76354268
v 64.00000000 8.49044560 -7.05741909
v 64.00000000 9.07926124 -6.29765969
v 64.00000000 9.59907906 -5.48998093
v 64.00000000 10.04587089 -4.64047069
v 64.00000000 10.41614873 -3.75556199
v 64.00000000 10.70701971 -2.84199264
v 64.00000000 10.91623346 -1.90674879
v 64.00000000 11.04221266 -0.95699525
v 64.00000000 11.08406176 -0.00000000
v 64.00000000 11.04155447 0.95693821
v 64.00000000 10.91510646 1.90655194
v 64.00000000 10.70574332 2.84165384
v 64.00000000 10.41507337 3.75517426
v 64.00000000 10.04527209 4.64019409
v 64.00000000 9.59907906 5.48998093
v 64.00000000 9.07980246 6.29803509
v 64.00000000 8.49132224 7.05814778
v 64.00000000 7.83808243 7.76446829
v 64.00000000 7.12506536 8.41157297
v 64.00000000 6.35774613 8.99452627
v 64.00000000 5.54203088 9.50892590
v 64.00000000 4.68418730 9.95092834
v 64.00000000 3.79077669 10.31725650
v 64.00000000 2.86859528 10.60519652
v 64.00000000 1.92462777 10.81259336
v 64.00000000 0.96601084 10.93785378
v 66.00000000 0.00000000 10.97628432
v 66.00000000 -0.96566483 10.93498837
v 66.00000000 -1.92404118 10.81033829
v 66.00000000 -2.86777706 10.60319206
v 66.00000000 -3.78962134 10.31510474
v 66.00000000 -4.68250948 9.94832148
v 66.00000000 -5.53964149 9.50574106
v 66.00000000 -6.35454126 8.99085753
v 66.00000000 -7.12109323 8.40769280
v 66.00000000 -7.83355960 7.76073485
v 66.00000000 -8.48658844 7.05489192
v 66.00000000 -9.07522544 6.29546621
v 66.00000000 -9.59494051 5.48814216
v 66.00000000 -10.04167399 4.63897849
v 66.00000000 -10.41189905 3.75439109
v 66.00000000 -10.70268971 2.84111675
v 66.00000000 -10.91177975 1.90615431
v 66.00000000 -11.03759951 0.95668752
v 66.00000000 -11.07928297 0.00000000
v 66.00000000 -11.03664641 -0.95660491
v 66.00000000 -10.91014779 -1.90586923
v 66.00000000 -10.70084142 -2.84062611
v 66.00000000 -10.41034186 -3.75382959
v 66.00000000 -10.04080688 -4.63857791
v 66.00000000 -9.59494051 -5.48814216
v 66.00000000 -9.07600916 -6.29600988
v 66.00000000 -8.48785787 -7.05594720
v 66.00000000 -7.83491264 -7.76207531
v 66.00000000 -7.12215841 -8.40895043
v 66.00000000 -6.35509003 -8.99163396
v 66.00000000 -5.53964149 -9.50574106
v 66.00000000 -4.68210514 -9.94746243
v 66.00000000 -3.78905456 -10.31356202
v 66.00000000 -2.86728182 -10.60136095
v 66.00000000 -1.92375342 -10.80872151
v 66.00000000 -0.96558144 -10.93404413
v 66.00000000 -0.00000000 -10.97628432
v 66.00000000 0.96566483 -10.93498837
v 66.00000000 1.92404118 -10.81033829
v 66.00000000 2.86777706 -10.60319206
v 66.00000000 3.78962134 -10.31510474
v 66.00000000 4.68250948 -9.94832148
v 66.00000000 5.53964149 -9.50574106
v 66.00000000 6.35454126 -8.99085753
v 66.00000000 7.12109323 -8.40769280
v 66.00000000 7.83355960 -7.76073485
v 66.00000000 8.48658844 -7.05489192
v 66.00000000 9.07522544 -6.29546621
v 66.00000000 9.59494051 -5.48814216
v 66.00000000 10.04167399 -4.63897849
v 66.00000000 10.41189905 -3.75439109
v 66.00000000 10.70268971 -2.84111675
v 66.00000000 10.91177975 -1.90615431
v 66.00000000 11.03759951 -0.95668752
v 66.00000000 11.07928297 -0.00000000
v 66.00000000 11.03664641 0.95660491
v 66.00000000 10.91014779 1.90586923
v 66.00000000 10.70084142 2.84062611
v 66.00000000 10.41034186 3.75382959
v 66.00000000 10.04080688 4.63857791
v 66.00000000 9.59494051 5.48814216
v 66.00000000 9.07600916 6.29600988
v 66.00000000 8.48785787 7.05594720
v 66.00000000 7.83491264 7.76207531
v 66.00000000 7.12215841 8.40895043
v 66.00000000 6.35509003 8.99163396
v 66.00000000 5.53964149 9.50574106
v 66.00000000 4.68210514 9.94746243
v 66.00000000 3.78905456 10.31356202
v 66.00000000 2.86728182 10.60136095
v 66.00000000 1.92375342 10.80872151
v 66.00000000 0.96558144 10.93404413
v 68.00000000 0.00000000 10.97641200
v 68.00000000 -0.96585611 10.93511049
v 68.00000000 -1.92442164 10.81045534
v 68.00000000 -2.86834379 10.60330555
v 68.00000000 -3.79037070 10.31521643
v 68.00000000 -4.68343700 9.94843258
v 68.00000000 -5.54074136 9.50585163
v 68.00000000 -6.35580588 8.99096628
v 68.00000000 -7.12251282 8.40779735
v 68.00000000 -7.83512220 7.76083232
v 68.00000000 -8.48828024 7.05497966
v 68.00000000 -9.07703150 6.29554236
v 68.00000000 -9.59684555 5.48820600
v 68.00000000 -10.04366306 4.63903030
v 68.00000000 -10.41395792 3.75443174
v 68.00000000 -10.70480474 2.84114716
v 68.00000000 -10.91393746 1.90617495
v 68.00000000 -11.03978585 0.95669820
v 68.00000000 -11.08148272 0.00000000
v 68.00000000 -11.03884281 -0.95661648
v 68.00000000 -10.91232273 -1.90589293
v 68.00000000 -10.70297596 -2.84066178
v 68.00000000 -10.41241716 -3.75387627
v 68.00000000 -10.04280510 -4.63863402
v 68.00000000 -9.59684555 -5.48820600
v 68.00000000 -9.07780695 -6.29608019
v 68.00000000 -8.48953628 -7.05602360
v 68.00000000 -7.83646096 -7.76215839
v 68.00000000 -7.12356676 -8.40904148
v 68.00000000 -6.35634885 -8.99173437
v 68.00000000 -5.54074136 -9.50585163
v 68.00000000 -4.68303693 -9.94758276
v 68.00000000 -3.78980991 -10.31369028
v 68.00000000 -2.86785377 -10.60149411
v 68.00000000 -1.92413692 -10.80885593
v 68.00000000 -0.96577360 -10.93417639
v 68.00000000 -0.00000000 -10.97641200
v 68.00000000 0.96585611 -10.93511049
v 68.00000000 1.92442164 -10.81045534
v 68.00000000 2.86834379 -10.60330555
v 68.00000000 3.79037070 -10.31521643
v 68.00000000 4.68343700 -9.94843258
v 68.00000000 5.54074136 -9.50585163
v 68.00000000 6.35580588 -8.99096628
v 68.00000000 7.12251282 -8.40779735
v 68.00000000 7.83512220 -7.76083232
v 68.00000000 8.48828024 -7.05497966
v 68.00000000 9.07703150 -6.29554236
v 68.00000000 9.59684555 -5.48820600
v 68.00000000 10.04366306 -4.63903030
v 68.00000000 10.41395792 -3.75443174
v 68.00000000 10.70480474 -2.84114716
v 68.00000000 10.91393746 -1.90617495
v 68.00000000 11.03978585 -0.95669820
v 68.00000000 11.08148272 -0.00000000
v 68.00000000 11.03884281 0.95661648
v 68.00000000 10.91232273 1.90589293
v 68.00000000 10.70297596 2.84066178
v 68.00000000 10.41241716 3.75387627
v 68.00000000 10.04280510 4.63863402
v 68.00000000 9.59684555 5.48820600
v 68.00000000 9.07780695 6.29608019
v 68.00000000 8.48953628 7.05602360
v 68.00000000 7.83646096 7.76215839
v 68.00000000 7.12356676 8.40904148
v 68.00000000 6.35634885 8.99173437
v 68.00000000 5.54074136 9.50585163
v 68.00000000 4.68303693 9.94758276
v 68.00000000 3.78980991 10.31369028
v 68.00000000 2.86785377 10.60149411
v 68.00000000 1.92413692 10.80885593
v 68.00000000 0.96577360 10.93417639
v 70.00000000 0.00000000 10.97713776
v 70.00000000 -0.96615789 10.93580466
v 70.00000000 -1.92501920 10.81112072
v 70.00000000 -2.86923242 10.60395067
v 70.00000000 -3.79154767 10.31585132
v 70.00000000 -4.68490033 9.94906411
v 70.00000000 -5.54248718 9.50648016
v 70.00000000 -6.35782530 8.99158449
v 70.00000000 -7.12478961 8.40839172
v 70.00000000 -7.83763232 7.76138644
v 70.00000000 -8.49099361 7.05547839
v 70.00000000 -9.07991553 6.29597524
v 70.00000000 -9.59986940 5.48856888
v 70.00000000 -10.04680118 4.63932479
v 70.00000000 -10.41719162 3.75466282
v 70.00000000 -10.70812118 2.84132002
v 70.00000000 -10.91732641 1.90629227
v 70.00000000 -11.04323522 0.95675893
v 70.00000000 -11.08497436 0.00000000
v 70.00000000 -11.04235016 -0.95668226
v 70.00000000 -10.91581098 -1.90602766
v 70.00000000 -10.70640486 -2.84086461
v 70.00000000 -10.41574561 -3.75414164
v 70.00000000 -10.04599599 -4.63895297
v 70.00000000 -9.59986940 -5.48856888
v 70.00000000 -9.08064329 -6.29647987
v 70.00000000 -8.49217241 -7.05645790
v 70.00000000 -7.83888876 -7.76263065
v 70.00000000 -7.12577874 -8.40955905
v 70.00000000 -6.35833489 -8.99230518
v 70.00000000 -5.54248718 -9.50648016
v 70.00000000 -4.68452486 -9.94826675
v 70.00000000 -3.79102137 -10.31441938
v 70.00000000 -2.86877254 -10.60225105
v 70.00000000 -1.92475199 -10.80962002
v 70.00000000 -0.96608046 -10.93492821
v 70.00000000 -0.00000000 -10.97713776
v 70.00000000 0.96615789 -10.93580466
v 70.00000000 1.92501920 -10.81112072
v 70.00000000 2.86923242 -10.60395067
v 70.00000000 3.79154767 -10.31585132
v 70.00000000 4.68490033 -9.94906411
v 70.00000000 5.54248718 -9.50648016
v 70.00000000 6.35782530 -8.99158449
v 70.00000000 7.12478961 -8.40839172
v 70.00000000 7.83763232 -7.76138644
v 70.00000000 8.49099361 -7.05547839
v 70.00000000 9.07991553 -6.29597524
v 70.00000000 9.59986940 -5.48856888
v 70.00000000 10.04680118 -4.63932479
v 70.00000000 10.41719162 -3.75466282
v 70.00000000 10.70812118 -2.84132002
v 70.00000000 10.91732641 -1.90629227
v 70.00000000 11.04323522 -0.95675893
v 70.00000000 11.08497436 -0.00000000
v 70.00000000 11.04235016 0.95668226
v 70.00000000 10.91581098 1.90602766
v 70.00000000 10.70640486 2.84086461
v 70.00000000 10.41574561 3.75414164
v 70.00000000 10.04599599 4.63895297
v 70.00000000 9.59986940 5.48856888
v 70.00000000 9.08064329 6.29647987
v 70.00000000 8.49217241 7.05645790
v 70.00000000 7.83888876 7.76263065
v 70.00000000 7.12577874 8.40955905
v 70.00000000 6.35833489 8.99230518
v 70.00000000 5.54248718 9.50648016
v 70.00000000 4.68452486 9.94826675
v 70.00000000 3.79102137 10.31441938
v 70.00000000 2.86877254 10.60225105
v 70.00000000 1.92475199 10.80962002
v 70.00000000 0.96608046 10.93492821
v 72.00000000 0.00000000 10.97853203
v 72.00000000 -0.96641888 10.93713823
v 72.00000000 -1.92553206 10.81239896
v 72.00000000 -2.86999294 10.60519001
v 72.00000000 -3.79255781 10.31707100
v 72.00000000 -4.68616586 9.95027735
v 72.00000000 -5.54401248 9.50768764
v 72.00000000 -6.35960723 8.99277216
v 72.00000000 -7.12681295 8.40953357
v 72.00000000 -7.83986875 7.76245098
v 72.00000000 -8.49340494 7.05643652
v 72.00000000 -9.08246039 6.29680686
v 72.00000000 -9.60251130 5.48926602
v 72.00000000 -10.04951513 4.63989053
v 72.00000000 -10.41996695 3.75510675
v 72.00000000 -10.71095947 2.84165210
v 72.00000000 -10.92023499 1.90651766
v 72.00000000 -11.04621833 0.95687561
v 72.00000000 -11.08802497 0.00000000
v 72.00000000 -11.04544504 -0.95680862
v 72.00000000 -10.91891092 -1.90628650
v 72.00000000 -10.70945988 -2.84125425
v 72.00000000 -10.41870353 -3.75465145
v 72.00000000 -10.04881161 -4.63956572
v 72.00000000 -9.60251130 -5.48926602
v 72.00000000 -9.08309625 -6.29724770
v 72.00000000 -8.49443488 -7.05729221
v 72.00000000 -7.84096653 -7.76353791
v 72.00000000 -7.12767718 -8.41055334
v 72.00000000 -6.36005246 -8.99340175
v 72.00000000 -5.54401248 -9.50768764
v 72.00000000 -4.68583781 -9.94958079
v 72.00000000 -3.79209797 -10.31582007
v 72.00000000 -2.86959113 -10.60370523
v 72.00000000 -1.92529859 -10.81108796
v 72.00000000 -0.96635122 -10.93637257
v 72.00000000 -0.00000000 -10.97853203
v 72.00000000 0.96641888 -10.93713823
v 72.00000000 1.92553206 -10.81239896
v 72.00000000 2.86999294 -10.60519001
v 72.00000000 3.79255781 -10.31707100
v 72.00000000 4.68616586 -9.95027735
v 72.00000000 5.54401248 -9.50768764
v 72.00000000 6.35960723 -8.99277216
v 72.00000000 7.12681295 -8.40953357
v 72.00000000 7.83986875 -7.76245098
v 72.00000000 8.49340494 -7.05643652
v 72.00000000 9.08246039 -6.29680686
v 72.00000000 9.60251130 -5.48926602
v 72.00000000 10.04951513 -4.63989053
v 72.00000000 10.41996695 -3.75510675
v 72.00000000 10.71095947 -2.84165210
v 72.00000000 10.92023499 -1.90651766
v 72.00000000 11.04621833 -0.95687561
v 72.00000000 11.08802497 -0.00000000
v 72.00000000 11.04544504 0.95680862
v 72.00000000 10.91891092 1.90628650
v 72.00000000 10.70945988 2.84125425
v 72.00000000 10.41870353 3.75465145
v 72.00000000 10.04881161 4.63956572
v 72.00000000 9.60251130 5.48926602
v 72.00000000 9.08309625 6.29724770
v 72.00000000 8.49443488 7.05729221
v 72.00000000 7.84096653 7.76353791
v 72.00000000 7.12767718 8.41055334
v 72.00000000 6.36005246 8.99340175
v 72.00000000 5.54401248 9.50768764
v 72.00000000 4.68583781 9.94958079
v 72.00000000 3.79209797 10.31582007
v 72.00000000 2.86959113 10.60370523
v 72.00000000 1.92529859 10.81108796
v 72.00000000 0.96635122 10.93637257
v 74.00000000 0.00000000 10.98124656
v 74.00000000 -0.96637727 10.93973454
v 74.00000000 -1.92543524 10.81488751
v 74.00000000 -2.86984104 10.60760282
v 74.00000000 -3.79236711 10.31944556
v 74.00000000 -4.68596409 9.95263940
v 74.00000000 -5.54382849 9.51003848
v 74.00000000 -6.35945894 8.99508449
v 74.00000000 -7.12669828 8.41175671
v 74.00000000 -7.83976335 7.76452360
v 74.00000000 -8.49326828 7.05830196
v 74.00000000 -9.08224861 6.29842597
v 74.00000000 -9.60219261 5.49062328
v 74.00000000 -10.04908241 4.64099197
v 74.00000000 -10.41944300 3.75597102
v 74.00000000 -10.71039257 2.84229861
v 74.00000000 -10.91968588 1.90695646
v 74.00000000 -11.04574270 0.95710275
v 74.00000000 -11.08765698 0.00000000
v 74.00000000 -11.04518749 -0.95705465
v 74.00000000 -10.91873523 -1.90679044
v 74.00000000 -10.70931589 -2.84201289
v 74.00000000 -10.41853589 -3.75564403
v 74.00000000 -10.04857731 -4.64075869
v 74.00000000 -9.60219261 -5.49062328
v 74.00000000 -9.08270515 -6.29874257
v 74.00000000 -8.49400775 -7.05891650
v 74.00000000 -7.84055153 -7.76530421
v 74.00000000 -7.12731877 -8.41248909
v 74.00000000 -6.35977861 -8.99553664
v 74.00000000 -5.54382849 -9.51003848
v 74.00000000 -4.68572855 -9.95213914
v 74.00000000 -3.79203695 -10.31854716
v 74.00000000 -2.86955255 -10.60653649
v 74.00000000 -1.92526762 -10.81394598
v 74.00000000 -0.96632869 -10.93918466
v 74.00000000 -0.00000000 -10.98124656
v 74.00000000 0.96637727 -10.93973454
v 74.00000000 1.92543524 -10.81488751
v 74.00000000 2.86984104 -10.60760282
v 74.00000000 3.79236711 -10.31944556
v 74.00000000 4.68596409 -9.95263940
v 74.00000000 5.54382849 -9.51003848
v 74.00000000 6.35945894 -8.99508449
v 74.00000000 7.12669828 -8.41175671
v 74.00000000 7.83976335 -7.76452360
v 74.00000000 8.49326828 -7.05830196
v 74.00000000 9.08224861 -6.29842597
v 74.00000000 9.60219261 -5.49062328
v 74.00000000 10.04908241 -4.64099197
v 74.00000000 10.41944300 -3.75597102
v 74.00000000 10.71039257 -2.84229861
v 74.00000000 10.91968588 -1.90695646
v 74.00000000 11.04574270 -0.95710275
v 74.00000000 11.08765698 -0.00000000
v 74.00000000 11.04518749 0.95705465
v 74.00000000 10.91873523 1.90679044
v 74.00000000 10.70931589 2.84201289
v 74.00000000 10.41853589 3.75564403
v 74.00000000 10.04857731 4.64075869
v 74.00000000 9.60219261 5.49062328
v 74.00000000 9.08270515 6.29874257
v 74.00000000 8.49400775 7.05891650
v 74.00000000 7.84055153 7.76530421
v 74.00000000 7.12731877 8.41248909
v 74.00000000 6.35977861 8.99553664
v 74.00000000 5.54382849 9.51003848
v 74.00000000 4.68572855 9.95213914
v 74.00000000 3.79203695 10.31854716
v 74.00000000 2.86955255 10.60653649
v 74.00000000 1.92526762 10.81394598
v 74.00000000 0.96632869 10.93918466
v 76.00000000 0.00000000 10.98227838
v 76.00000000 -0.96647751 10.94072141
v 76.00000000 -1.92562969 10.81583341
v 76.00000000 -2.87012797 10.60851993
v 76.00000000 -3.79275009 10.32034812
v 76.00000000 -4.68645018 9.95353722
v 76.00000000 -5.54442437 9.51093207
v 76.00000000 -6.36016636 8.99596344
v 76.00000000 -7.12751062 8.41260177
v 76.00000000 -7.84066485 7.76531144
v 76.00000000 -8.49423639 7.05901104
v 76.00000000 -9.08325891 6.29904141
v 76.00000000 -9.60322472 5.49113919
v 76.00000000 -10.05012485 4.64141063
v 76.00000000 -10.42049523 3.75629952
v 76.00000000 -10.71146341 2.84254435
v 76.00000000 -10.92078863 1.90712325
v 76.00000000 -11.04688852 0.95718909
v 76.00000000 -11.08884875 0.00000000
v 76.00000000 -11.04641615 -0.95714816
v 76.00000000 -10.91997981 -1.90698200
v 76.00000000 -10.71054737 -2.84230126
v 76.00000000 -10.41972346 -3.75602132
v 76.00000000 -10.04969510 -4.64121216
v 76.00000000 -9.60322472 -5.49113919
v 76.00000000 -9.08364733 -6.29931077
v 76.00000000 -8.49486554 -7.05953389
v 76.00000000 -7.84133544 -7.76597558
v 76.00000000 -7.12803854 -8.41322487
v 76.00000000 -6.36043834 -8.99634813
v 76.00000000 -5.54442437 -9.51093207
v 76.00000000 -4.68624979 -9.95311160
v 76.00000000 -3.79246919 -10.31958378
v 76.00000000 -2.86988252 -10.60761270
v 76.00000000 -1.92548707 -10.81503237
v 76.00000000 -0.96643619 -10.94025358
v 76.00000000 -0.00000000 -10.98227838
v 76.00000000 0.96647751 -10.94072141
v 76.00000000 1.92562969 -10.81583341
v 76.00000000 2.87012797 -10.60851993
v 76.00000000 3.79275009 -10.32034812
v 76.00000000 4.68645018 -9.95353722
v 76.00000000 5.54442437 -9.51093207
v 76.00000000 6.36016636 -8.99596344
v 76.00000000 7.12751062 -8.41260177
v 76.00000000 7.84066485 -7.76531144
v 76.00000000 8.49423639 -7.05901104
v 76.00000000 9.08325891 -6.29904141
v 76.00000000 9.60322472 -5.49113919
v 76.00000000 10.05012485 -4.64141063
v 76.00000000 10.42049523 -3.75629952
v 76.00000000 10.71146341 -2.84254435
v 76.00000000 10.92078863 -1.90712325
v 76.00000000 11.04688852 -0.95718909
v 76.00000000 11.08884875 -0.00000000
v 76.00000000 11.04641615 0.95714816
v 76.00000000 10.91997981 1.90698200
v 76.00000000 10.71054737 2.84230126
v 76.00000000 10.41972346 3.75602132
v 76.00000000 10.04969510 4.64121216
v 76.00000000 9.60322472 5.49113919
v 76.00000000 9.08364733 6.29931077
v 76.00000000 8.49486554 7.05953389
v 76.00000000 7.84133544 7.76597558
v 76.00000000 7.12803854 8.41322487
v 76.00000000 6.36043834 8.99634813
v 76.00000000 5.54442437 9.51093207
v 76.00000000 4.68624979 9.95311160
v 76.00000000 3.79246919 10.31958378
v 76.00000000 2.86988252 10.60761270
v 76.00000000 1.92548707 10.81503237
v 76.00000000 0.96643619 10.94025358
v 78.00000000 0.00000000 10.98183784
v 78.00000000 -0.96648161 10.94030007
v 78.00000000 -1.92564010 10.81542956
v 78.00000000 -2.87014472 10.60812838
v 78.00000000 -3.79277060 10.31996278
v 78.00000000 -4.68647003 9.95315390
v 78.00000000 -5.54443897 9.51055055
v 78.00000000 -6.36017292 8.99558817
v 78.00000000 -7.12750961 8.41224098
v 78.00000000 -7.84066038 7.76497507
v 78.00000000 -8.49423519 7.05870830
v 78.00000000 -9.08326828 6.29877865
v 78.00000000 -9.60325000 5.49091892
v 78.00000000 -10.05016741 4.64123189
v 78.00000000 -10.42055158 3.75615927
v 78.00000000 -10.71152593 2.84243943
v 78.00000000 -10.92084769 1.90705204
v 78.00000000 -11.04693530 0.95715223
v 78.00000000 -11.08887795 0.00000000
v 78.00000000 -11.04642754 -0.95710824
v 78.00000000 -10.91997827 -1.90690022
v 78.00000000 -10.71054126 -2.84217814
v 78.00000000 -10.41972199 -3.75586024
v 78.00000000 -10.04970546 -4.64101856
v 78.00000000 -9.60325000 -5.49091892
v 78.00000000 -9.08368580 -6.29906818
v 78.00000000 -8.49491148 -7.05927030
v 78.00000000 -7.84138121 -7.76568894
v 78.00000000 -7.12807709 -8.41291074
v 78.00000000 -6.36046527 -8.99600167
v 78.00000000 -5.54443897 -9.51055055
v 78.00000000 -4.68625462 -9.95269641
v 78.00000000 -3.79246865 -10.31914119
v 78.00000000 -2.86988088 -10.60715321
v 78.00000000 -1.92548680 -10.81456854
v 78.00000000 -0.96643718 -10.93979720
v 78.00000000 -0.00000000 -10.98183784
v 78.00000000 0.96648161 -10.94030007
v 78.00000000 1.92564010 -10.81542956
v 78.00000000 2.87014472 -10.60812838
v 78.00000000 3.79277060 -10.31996278
v 78.00000000 4.68647003 -9.95315390
v 78.00000000 5.54443897 -9.51055055
v 78.00000000 6.36017292 -8.99558817
v 78.00000000 7.12750961 -8.41224098
v 78.00000000 7.84066038 -7.76497507
v 78.00000000 8.49423519 -7.05870830
v 78.00000000 9.08326828 -6.29877865
v 78.00000000 9.60325000 -5.49091892
v 78.00000000 10.05016741 -4.64123189
v 78.00000000 10.42055158 -3.75615927
v 78.00000000 10.71152593 -2.84243943
v 78.00000000 10.92084769 -1.90705204
v 78.00000000 11.04693530 -0.95715223
v 78.00000000 11.08887795 -0.00000000
v 78.00000000 11.04642754 0.95710824
v 78.00000000 10.91997827 1.90690022
v 78.00000000 10.71054126 2.84217814
v 78.00000000 10.41972199 3.75586024
v 78.00000000 10.04970546 4.64101856
v 78.00000000 9.60325000 5.49091892
v 78.00000000 9.08368580 6.29906818
v 78.00000000 8.49491148 7.05927030
v 78.00000000 7.84138121 7.76568894
v 78.00000000 7.12807709 8.41291074
v 78.00000000 6.36046527 8.99600167
v 78.00000000 5.54443897 9.51055055
v 78.00000000 4.68625462 9.95269641
v 78.00000000 3.79246865 10.31914119
v 78.00000000 2.86988088 10.60715321
v 78.00000000 1.92548680 10.81456854
v 78.00000000 0.96643718 10.93979720
v 80.00000000 0.00000000 10.98181169
v 80.00000000 -0.96648532 10.94027505
v 80.00000000 -1.92564763 10.81540559
v 80.00000000 -2.87015602 10.60810513
v 80.00000000 -3.79278542 10.31993990
v 80.00000000 -4.68648802 9.95313114
v 80.00000000 -5.54445973 9.51052790
v 80.00000000 -6.36019613 8.99556589
v 80.00000000 -7.12753513 8.41221956
v 80.00000000 -7.84068825 7.76495510
v 80.00000000 -8.49426559 7.05869033
v 80.00000000 -9.08330143 6.29876305
v 80.00000000 -9.60328596 5.49090585
v 80.00000000 -10.05020599 4.64122127
v 80.00000000 -10.42059231 3.75615094
v 80.00000000 -10.71156807 2.84243320
v 80.00000000 -10.92089038 1.90704781
v 80.00000000 -11.04697772 0.95715004
v 80.00000000 -11.08891947 0.00000000
v 80.00000000 -11.04646785 -0.95710587
v 80.00000000 -10.92001736 -1.90689536
v 80.00000000 -10.71057933 -2.84217083
v 80.00000000 -10.41975928 -3.75585067
v 80.00000000 -10.04974213 -4.64100706
v 80.00000000 -9.60328596 -5.49090585
v 80.00000000 -9.08372068 -6.29905378
v 80.00000000 -8.49494468 -7.05925465
v 80.00000000 -7.84141206 -7.76567193
v 80.00000000 -7.12810495 -8.41289209
v 80.00000000 -6.36048969 -8.99598110
v 80.00000000 -5.54445973 -9.51052790
v 80.00000000 -4.68627172 -9.95267176
v 80.00000000 -3.79248223 -10.31911492
v 80.00000000 -2.86989108 -10.60712593
v 80.00000000 -1.92549369 -10.81454100
v 80.00000000 -0.96644071 -10.93977011
v 80.00000000 -0.00000000 -10.98181169
v 80.00000000 0.96648532 -10.94027505
v 80.00000000 1.92564763 -10.81540559
v 80.00000000 2.87015602 -10.60810513
v 80.00000000 3.79278542 -10.31993990
v 80.00000000 4.68648802 -9.95313114
v 80.00000000 5.54445973 -9.51052790
v 80.00000000 6.36019613 -8.99556589
v 80.00000000 7.12753513 -8.41221956
v 80.00000000 7.84068825 -7.76495510
v 80.00000000 8.49426559 -7.05869033
v 80.00000000 9.08330143 -6.29876305
v 80.00000000 9.60328596 -5.49090585
v 80.00000000 10.05020599 -4.64122127
v 80.00000000 10.42059231 -3.75615094
v 80.00000000 10.71156807 -2.84243320
v 80.00000000 10.92089038 -1.90704781
v 80.00000000 11.04697772 -0.95715004
v 80.00000000 11.08891947 -0.00000000
v 80.00000000 11.04646785 0.95710587
v 80.00000000 10.92001736 1.90689536
v 80.00000000 10.71057933 2.84217083
v 80.00000000 10.41975928 3.75585067
v 80.00000000 10.04974213 4.64100706
v 80.00000000 9.60328596 5.49090585
v 80.00000000 9.08372068 6.29905378
v 80.00000000 8.49494468 7.05925465
v 80.00000000 7.84141206 7.76567193
v 80.00000000 7.12810495 8.41289209
v 80.00000000 6.36048969 8.99598110
v 80.00000000 5.54445973 9.51052790
v 80.00000000 4.68627172 9.95267176
v 80.00000000 3.79248223 10.31911492
v 80.00000000 2.86989108 10.60712593
v 80.00000000 1.92549369 10.81454100
v 80.00000000 0.96644071 10.93977011
v 82.00000000 0.00000000 10.98497802
v 82.00000000 -0.96664887 10.94330341
v 82.00000000 -1.92595726 10.81830820
v 82.00000000 -2.87060867 10.61091937
v 82.00000000 -3.79339529 10.32270954
v 82.00000000 -4.68728110 9.95588625
v 82.00000000 -5.54546185 9.51327003
v 82.00000000 -6.36141893 8.99826315
v 82.00000000 -7.12896555 8.41481283
v 82.00000000 -7.84228599 7.76737280
v 82.00000000 -8.49597030 7.06086634
v 82.00000000 -9.08504777 6.30065169
v 82.00000000 -9.60502168 5.49248901
v 82.00000000 -10.05190676 4.64250600
v 82.00000000 -10.42226791 3.75715901
v 82.00000000 -10.71325741 2.84318728
v 82.00000000 -10.92264642 1.90755962
v 82.00000000 -11.04884716 0.95741499
v 82.00000000 -11.09092371 0.00000000
v 82.00000000 -11.04859163 -0.95739285
v 82.00000000 -10.92220889 -1.90748321
v 82.00000000 -10.71276188 -2.84305577
v 82.00000000 -10.42185042 -3.75700851
v 82.00000000 -10.05167428 -4.64239863
v 82.00000000 -9.60502168 -5.49248901
v 82.00000000 -9.08525789 -6.30079741
v 82.00000000 -8.49631064 -7.06114919
v 82.00000000 -7.84264874 -7.76773209
v 82.00000000 -7.12925113 -8.41514991
v 82.00000000 -6.36156606 -8.99847126
v 82.00000000 -5.54546185 -9.51327003
v 82.00000000 -4.68717270 -9.95565599
v 82.00000000 -3.79324334 -10.32229604
v 82.00000000 -2.87047589 -10.61042857
v 82.00000000 -1.92588012 -10.81787484
v 82.00000000 -0.96662652 -10.94305032
v 82.00000000 -0.00000000 -10.98497802
v 82.00000000 0.96664887 -10.94330341
v 82.00000000 1.92595726 -10.81830820
v 82.00000000 2.87060867 -10.61091937
v 82.00000000 3.79339529 -10.32270954
v 82.00000000 4.68728110 -9.95588625
v 82.00000000 5.54546185 -9.51327003
v 82.00000000 6.36141893 -8.99826315
v 82.00000000 7.12896555 -8.41481283
v 82.00000000 7.84228599 -7.76737280
v 82.00000000 8.49597030 -7.06086634
v 82.00000000 9.08504777 -6.30065169
v 82.00000000 9.60502168 -5.49248901
v 82.00000000 10.05190676 -4.64250600
v 82.00000000 10.42226791 -3.75715901
v 82.00000000 10.71325741 -2.84318728
v 82.00000000 10.92264642 -1.90755962
v 82.00000000 11.04884716 -0.95741499
v 82.00000000 11.09092371 -0.00000000
v 82.00000000 11.04859163 0.95739285
v 82.00000000 10.92220889 1.90748321
v 82.00000000 10.71276188 2.84305577
v 82.00000000 10.42185042 3.75700851
v 82.00000000 10.05167428 4.64239863
v 82.00000000 9.60502168 5.49248901
v 82.00000000 9.08525789 6.30079741
v 82.00000000 8.49631064 7.06114919
v 82.00000000 7.84264874 7.76773209
v 82.00000000 7.12925113 8.41514991
v 82.00000000 6.36156606 8.99847126
v 82.00000000 5.54546185 9.51327003
v 82.00000000 4.68717270 9.95565599
v 82.00000000 3.79324334 10.32229604
v 82.00000000 2.87047589 10.61042857
v 82.00000000 1.92588012 10.81787484
v 82.00000000 0.96662652 10.94305032
v 84.00000000 0.00000000 10.98598407
v 84.00000000 -0.96678141 10.94426561
v 84.00000000 -1.92621617 10.81923043
v 84.00000000 -2.87099175 10.61181352
v 84.00000000 -3.79390524 10.32358952
v 84.00000000 -4.68792377 9.95676163
v 84.00000000 -5.54624248 9.51414129
v 84.00000000 -6.36233769 8.99912017
v 84.00000000 -7.13001426 8.41563682
v 84.00000000 -7.84344732 7.76814101
v 84.00000000 -8.49722011 7.06155775
v 84.00000000 -9.08635989 6.30125178
v 84.00000000 -9.60637376 5.49299204
v 84.00000000 -10.05328496 4.64291420
v 84.00000000 -10.42366898 3.75747930
v 84.00000000 -10.71468710 2.84342686
v 84.00000000 -10.92411476 1.90772224
v 84.00000000 -11.05036205 0.95749917
v 84.00000000 -11.09248495 0.00000000
v 84.00000000 -11.05018734 -0.95748403
v 84.00000000 -10.92381560 -1.90766999
v 84.00000000 -10.71434829 -2.84333695
v 84.00000000 -10.42338353 -3.75737640
v 84.00000000 -10.05312601 -4.64284079
v 84.00000000 -9.60637376 -5.49299204
v 84.00000000 -9.08650356 -6.30135141
v 84.00000000 -8.49745281 -7.06175114
v 84.00000000 -7.84369534 -7.76838666
v 84.00000000 -7.13020952 -8.41586729
v 84.00000000 -6.36243829 -8.99926246
v 84.00000000 -5.54624248 -9.51414129
v 84.00000000 -4.68784965 -9.95660420
v 84.00000000 -3.79380135 -10.32330681
v 84.00000000 -2.87090097 -10.61147797
v 84.00000000 -1.92616342 -10.81893415
v 84.00000000 -0.96676612 -10.94409257
v 84.00000000 -0.00000000 -10.98598407
v 84.00000000 0.96678141 -10.94426561
v 84.00000000 1.92621617 -10.81923043
v 84.00000000 2.87099175 -10.61181352
v 84.00000000 3.79390524 -10.32358952
v 84.00000000 4.68792377 -9.95676163
v 84.00000000 5.54624248 -9.51414129
v 84.00000000 6.36233769 -8.99912017
v 84.00000000 7.13001426 -8.41563682
v 84.00000000 7.84344732 -7.76814101
v 84.00000000 8.49722011 -7.06155775
v 84.00000000 9.08635989 -6.30125178
v 84.00000000 9.60637376 -5.49299204
v 84.00000000 10.05328496 -4.64291420
v 84.00000000 10.42366898 -3.75747930
v 84.00000000 10.71468710 -2.84342686
v 84.00000000 10.92411476 -1.90772224
v 84.00000000 11.05036205 -0.95749917
v 84.00000000 11.09248495 -0.00000000
v 84.00000000 11.05018734 0.95748403
v 84.00000000 10.92381560 1.90766999
v 84.00000000 10.71434829 2.84333695
v 84.00000000 10.42338353 3.75737640
v 84.00000000 10.05312601 4.64284079
v 84.00000000 9.60637376 5.49299204
v 84.00000000 9.08650356 6.30135141
v 84.00000000 8.49745281 7.06175114
v 84.00000000 7.84369534 7.76838666
v 84.00000000 7.13020952 8.41586729
v 84.00000000 6.36243829 8.99926246
v 84.00000000 5.54624248 9.51414129
v 84.00000000 4.68784965 9.95660420
v 84.00000000 3.79380135 10.32330681
v 84.00000000 2.87090097 10.61147797
v 84.00000000 1.92616342 10.81893415
v 84.00000000 0.96676612 10.94409257
v 86.00000000 0.00000000 10.98636950
v 86.00000000 -0.96658030 10.94463423
v 86.00000000 -1.92581350 10.81958374
v 86.00000000 -2.87039050 10.61215608
v 86.00000000 -3.79311213 10.32392665
v 86.00000000 -4.68694858 9.95709699
v 86.00000000 -5.54509651 9.51447508
v 86.00000000 -6.36103202 8.99944850
v 86.00000000 -7.12855836 8.41595250
v 86.00000000 -7.84184868 7.76843532
v 86.00000000 -8.49548503 7.06182264
v 86.00000000 -9.08449520 6.30148168
v 86.00000000 -9.60438889 5.49318475
v 86.00000000 -10.05119366 4.64307058
v 86.00000000 -10.42148994 3.75760200
v 86.00000000 -10.71244320 2.84351865
v 86.00000000 -10.92183110 1.90778453
v 86.00000000 -11.04806334 0.95753142
v 86.00000000 -11.09019302 0.00000000
v 86.00000000 -11.04791963 -0.95751897
v 86.00000000 -10.92158503 -1.90774155
v 86.00000000 -10.71216451 -2.84344468
v 86.00000000 -10.42125514 -3.75751734
v 86.00000000 -10.05106292 -4.64301018
v 86.00000000 -9.60438889 -5.49318475
v 86.00000000 -9.08461337 -6.30156365
v 86.00000000 -8.49567644 -7.06198174
v 86.00000000 -7.84205269 -7.76863742
v 86.00000000 -7.12871896 -8.41614211
v 86.00000000 -6.36111476 -8.99956557
v 86.00000000 -5.54509651 -9.51447508
v 86.00000000 -4.68688761 -9.95696747
v 86.00000000 -3.79302668 -10.32369405
v 86.00000000 -2.87031583 -10.61188000
v 86.00000000 -1.92577011 -10.81933998
v 86.00000000 -0.96656772 -10.94449187
v 86.00000000 -0.00000000 -10.98636950
v 86.00000000 0.96658030 -10.94463423
v 86.00000000 1.92581350 -10.81958374
v 86.00000000 2.87039050 -10.61215608
v 86.00000000 3.79311213 -10.32392665
v 86.00000000 4.68694858 -9.95709699
v 86.00000000 5.54509651 -9.51447508
v 86.00000000 6.36103202 -8.99944850
v 86.00000000 7.12855836 -8.41595250
v 86.00000000 7.84184868 -7.76843532
v 86.00000000 8.49548503 -7.06182264
v 86.00000000 9.08449520 -6.30148168
v 86.00000000 9.60438889 -5.49318475
v 86.00000000 10.05119366 -4.64307058
v 86.00000000 10.42148994 -3.75760200
v 86.00000000 10.71244320 -2.84351865
v 86.00000000 10.92183110 -1.90778453
v 86.00000000 11.04806334 -0.95753142
v 86.00000000 11.09019302 -0.00000000
v 86.00000000 11.04791963 0.95751897
v 86.00000000 10.92158503 1.90774155
v 86.00000000 10.71216451 2.84344468
v 86.00000000 10.42125514 3.75751734
v 86.00000000 10.05106292 4.64301018
v 86.00000000 9.60438889 5.49318475
v 86.00000000 9.08461337 6.30156365
v 86.00000000 8.49567644 7.06198174
v 86.00000000 7.84205269 7.76863742
v 86.00000000 7.12871896 8.41614211
v 86.00000000 6.36111476 8.99956557
v 86.00000000 5.54509651 9.51447508
v 86.00000000 4.68688761 9.95696747
v 86.00000000 3.79302668 10.32369405
v 86.00000000 2.87031583 10.61188000
v 86.00000000 1.92577011 10.81933998
v 86.00000000 0.96656772 10.94449187
v 88.00000000 0.00000000 10.98796888
v 88.00000000 -0.96623062 10.94616387
v 88.00000000 -1.92510860 10.82104983
v 88.00000000 -2.86933539 10.61357752
v 88.00000000 -3.79172375 10.32532557
v 88.00000000 -4.68525297 9.95848861
v 88.00000000 -5.54312269 9.51586018
v 88.00000000 -6.35880474 9.00081098
v 88.00000000 -7.12609268 8.41726247
v 88.00000000 -7.83914850 7.76965661
v 88.00000000 -8.49254655 7.06292183
v 88.00000000 -9.08131432 6.30243570
v 88.00000000 -9.60097013 5.49398444
v 88.00000000 -10.04755743 4.64371950
v 88.00000000 -10.41767539 3.75811117
v 88.00000000 -10.70850546 2.84389953
v 88.00000000 -10.91783341 1.90804305
v 88.00000000 -11.04406647 0.95766525
v 88.00000000 -11.08624538 0.00000000
v 88.00000000 -11.04405127 -0.95766393
v 88.00000000 -10.91780739 -1.90803850
v 88.00000000 -10.70847599 -2.84389170
v 88.00000000 -10.41765056 -3.75810221
v 88.00000000 -10.04754360 -4.64371311
v 88.00000000 -9.60097013 -5.49398444
v 88.00000000 -9.08132681 -6.30244437
v 88.00000000 -8.49256679 -7.06293867
v 88.00000000 -7.83917007 -7.76967799
v 88.00000000 -7.12610966 -8.41728253
v 88.00000000 -6.35881349 -9.00082336
v 88.00000000 -5.54312269 -9.51586018
v 88.00000000 -4.68524653 -9.95847491
v 88.00000000 -3.79171472 -10.32530097
v 88.00000000 -2.86932749 -10.61354831
v 88.00000000 -1.92510401 -10.82102405
v 88.00000000 -0.96622929 -10.94614881
v 88.00000000 -0.00000000 -10.98796888
v 88.00000000 0.96623062 -10.94616387
v 88.00000000 1.92510860 -10.82104983
v 88.00000000 2.86933539 -10.61357752
v 88.00000000 3.79172375 -10.32532557
v 88.00000000 4.68525297 -9.95848861
v 88.00000000 5.54312269 -9.51586018
v 88.00000000 6.35880474 -9.00081098
v 88.00000000 7.12609268 -8.41726247
v 88.00000000 7.83914850 -7.76965661
v 88.00000000 8.49254655 -7.06292183
v 88.00000000 9.08131432 -6.30243570
v 88.00000000 9.60097013 -5.49398444
v 88.00000000 10.04755743 -4.64371950
v 88.00000000 10.41767539 -3.75811117
v 88.00000000 10.70850546 -2.84389953
v 88.00000000 10.91783341 -1.90804305
v 88.00000000 11.04406647 -0.95766525
v 88.00000000 11.08624538 -0.00000000
v 88.00000000 11.04405127 0.95766393
v 88.00000000 10.91780739 1.90803850
v 88.00000000 10.70847599 2.84389170
v 88.00000000 10.41765056 3.75810221
v 88.00000000 10.04754360 4.64371311
v 88.00000000 9.60097013 5.49398444
v 88.00000000 9.08132681 6.30244437
v 88.00000000 8.49256679 7.06293867
v 88.00000000 7.83917007 7.76967799
v 88.00000000 7.12610966 8.41728253
v 88.00000000 6.35881349 9.00082336
v 88.00000000 5.54312269 9.51586018
v 88.00000000 4.68524653 9.95847491
v 88.00000000 3.79171472 10.32530097
v 88.00000000 2.86932749 10.61354831
v 88.00000000 1.92510401 10.82102405
v 88.00000000 0.96622929 10.94614881
v 90.00000000 0.00000000 10.98870718
v 90.00000000 -0.96631785 10.94691369
v 90.00000000 -1.92528425 10.82180146
v 90.00000000 -2.86959820 10.61431845
v 90.00000000 -3.79206972 10.32604277
v 90.00000000 -4.68567598 9.95917078
v 90.00000000 -5.54361589 9.51649958
v 90.00000000 -6.35936219 9.00140398
v 90.00000000 -7.12671056 8.41780896
v 90.00000000 -7.83982546 7.77015833
v 90.00000000 -8.49328291 7.06338039
v 90.00000000 -9.08211044 6.30285092
v 90.00000000 -9.60182437 5.49435359
v 90.00000000 -10.04846456 4.64403760
v 90.00000000 -10.41862592 3.75837220
v 90.00000000 -10.70948628 2.84409806
v 90.00000000 -10.91882957 1.90817558
v 90.00000000 -11.04506356 0.95773085
v 90.00000000 -11.08723177 0.00000000
v 90.00000000 -11.04501945 -0.95772702
v 90.00000000 -10.91875405 -1.90816238
v 90.00000000 -10.70940074 -2.84407534
v 90.00000000 -10.41855385 -3.75834621
v 90.00000000 -10.04842443 -4.64401906
v 90.00000000 -9.60182437 -5.49435359
v 90.00000000 -9.08214671 -6.30287609
v 90.00000000 -8.49334166 -7.06342925
v 90.00000000 -7.83988808 -7.77022040
v 90.00000000 -7.12675986 -8.41786719
v 90.00000000 -6.35938759 -9.00143993
v 90.00000000 -5.54361589 -9.51649958
v 90.00000000 -4.68565726 -9.95913100
v 90.00000000 -3.79204349 -10.32597134
v 90.00000000 -2.86957528 -10.61423368
v 90.00000000 -1.92527093 -10.82172660
v 90.00000000 -0.96631399 -10.94686998
v 90.00000000 -0.00000000 -10.98870718
v 90.00000000 0.96631785 -10.94691369
v 90.00000000 1.92528425 -10.82180146
v 90.00000000 2.86959820 -10.61431845
v 90.00000000 3.79206972 -10.32604277
v 90.00000000 4.68567598 -9.95917078
v 90.00000000 5.54361589 -9.51649958
v 90.00000000 6.35936219 -9.00140398
v 90.00000000 7.12671056 -8.41780896
v 90.00000000 7.83982546 -7.77015833
v 90.00000000 8.49328291 -7.06338039
v 90.00000000 9.08211044 -6.30285092
v 90.00000000 9.60182437 -5.49435359
v 90.00000000 10.04846456 -4.64403760
v 90.00000000 10.41862592 -3.75837220
v 90.00000000 10.70948628 -2.84409806
v 90.00000000 10.91882957 -1.90817558
v 90.00000000 11.04506356 -0.95773085
v 90.00000000 11.08723177 -0.00000000
v 90.00000000 11.04501945 0.95772702
v 90.00000000 10.91875405 1.90816238
v 90.00000000 10.70940074 2.84407534
v 90.00000000 10.41855385 3.75834621
v 90.00000000 10.04842443 4.64401906
v 90.00000000 9.60182437 5.49435359
v 90.00000000 9.08214671 6.30287609
v 90.00000000 8.49334166 7.06342925
v 90.00000000 7.83988808 7.77022040
v 90.00000000 7.12675986 8.41786719
v 90.00000000 6.35938759 9.00143993
v 90.00000000 5.54361589 9.51649958
v 90.00000000 4.68565726 9.95913100
v 90.00000000 3.79204349 10.32597134
v 90.00000000 2.86957528 10.61423368
v 90.00000000 1.92527093 10.82172660
v 90.00000000 0.96631399 10.94686998
v 92.00000000 0.00000000 10.99141233
v 92.00000000 -0.96602273 10.94971626
v 92.00000000 -1.92471012 10.82464994
v 92.00000000 -2.86875003 10.61714031
v 92.00000000 -3.79093890 10.32876076
v 92.00000000 -4.68424495 9.96172047
v 92.00000000 -5.54186833 9.51884230
v 92.00000000 -6.35729494 9.00353133
v 92.00000000 -7.12434256 8.41973776
v 92.00000000 -7.83719986 7.77191825
v 92.00000000 -8.49046084 7.06499885
v 92.00000000 -9.07915810 6.30434051
v 92.00000000 -9.59879751 5.49570616
v 92.00000000 -10.04539571 4.64522654
v 92.00000000 -10.41551902 3.75936147
v 92.00000000 -10.70632087 2.84485417
v 92.00000000 -10.91557352 1.90867784
v 92.00000000 -11.04169035 0.95797604
v 92.00000000 -11.08373665 0.00000000
v 92.00000000 -11.04142903 -0.95795337
v 92.00000000 -10.91512606 -1.90859960
v 92.00000000 -10.70581410 -2.84471951
v 92.00000000 -10.41509207 -3.75920737
v 92.00000000 -10.04515797 -4.64511660
v 92.00000000 -9.59879751 -5.49570616
v 92.00000000 -9.07937298 -6.30448972
v 92.00000000 -8.49080890 -7.06528847
v 92.00000000 -7.83757084 -7.77228614
v 92.00000000 -7.12463462 -8.42008292
v 92.00000000 -6.35744540 -9.00374443
v 92.00000000 -5.54186833 -9.51884230
v 92.00000000 -4.68413409 -9.96148470
v 92.00000000 -3.79078350 -10.32833736
v 92.00000000 -2.86861424 -10.61663776
v 92.00000000 -1.92463122 -10.82420622
v 92.00000000 -0.96599987 -10.94945711
v 92.00000000 -0.00000000 -10.99141233
v 92.00000000 0.96602273 -10.94971626
v 92.00000000 1.92471012 -10.82464994
v 92.00000000 2.86875003 -10.61714031
v 92.00000000 3.79093890 -10.32876076
v 92.00000000 4.68424495 -9.96172047
v 92.00000000 5.54186833 -9.51884230
v 92.00000000 6.35729494 -9.00353133
v 92.00000000 7.12434256 -8.41973776
v 92.00000000 7.83719986 -7.77191825
v 92.00000000 8.49046084 -7.06499885
v 92.00000000 9.07915810 -6.30434051
v 92.00000000 9.59879751 -5.49570616
v 92.00000000 10.04539571 -4.64522654
v 92.00000000 10.41551902 -3.75936147
v 92.00000000 10.70632087 -2.84485417
v 92.00000000 10.91557352 -1.90867784
v 92.00000000 11.04169035 -0.95797604
v 92.00000000 11.08373665 -0.00000000
v 92.00000000 11.04142903 0.95795337
v 92.00000000 10.91512606 1.90859960
v 92.00000000 10.70581410 2.84471951
v 92.00000000 10.41509207 3.75920737
v 92.00000000 10.04515797 4.64511660
v 92.00000000 9.59879751 5.49570616
v 92.00000000 9.07937298 6.30448972
v 92.00000000 8.49080890 7.06528847
v 92.00000000 7.83757084 7.77228614
v 92.00000000 7.12463462 8.42008292
v 92.00000000 6.35744540 9.00374443
v 92.00000000 5.54186833 9.51884230
v 92.00000000 4.68413409 9.96148470
v 92.00000000 3.79078350 10.32833736
v 92.00000000 2.86861424 10.61663776
v 92.00000000 1.92463122 10.82420622
v 92.00000000 0.96599987 10.94945711
v 94.00000000 0.00000000 10.99418397
v 94.00000000 -0.96563844 10.95258777
v 94.00000000 -1.92395865 10.82756854
v 94.00000000 -2.86763772 10.62003164
v 94.00000000 -3.78945879 10.33154565
v 94.00000000 -4.68238152 9.96433288
v 94.00000000 -5.53960789 9.52124261
v 94.00000000 -6.35463786 9.00571093
v 94.00000000 -7.12131235 8.42171389
v 94.00000000 -7.83384528 7.77372134
v 94.00000000 -8.48684957 7.06665702
v 94.00000000 -9.07536340 6.30586668
v 94.00000000 -9.59488233 5.49709198
v 94.00000000 -10.04139957 4.64644473
v 94.00000000 -10.41145246 3.76037509
v 94.00000000 -10.70216967 2.84562890
v 94.00000000 -10.91131171 1.90919247
v 94.00000000 -11.03729788 0.95822727
v 94.00000000 -11.07921579 0.00000000
v 94.00000000 -11.03681418 -0.95818527
v 94.00000000 -10.91048350 -1.90904755
v 94.00000000 -10.70123167 -2.84537949
v 94.00000000 -10.41066219 -3.76008966
v 94.00000000 -10.04095952 -4.64624111
v 94.00000000 -9.59488233 -5.49709198
v 94.00000000 -9.07576113 -6.30614304
v 94.00000000 -8.48749381 -7.06719345
v 94.00000000 -7.83453195 -7.77440273
v 94.00000000 -7.12185292 -8.42235318
v 94.00000000 -6.35491636 -9.00610561
v 94.00000000 -5.53960789 -9.52124261
v 94.00000000 -4.68217632 -9.96389621
v 94.00000000 -3.78917115 -10.33076145
v 94.00000000 -2.86738638 -10.61910083
v 94.00000000 -1.92381261 -10.82674668
v 94.00000000 -0.96559612 -10.95210779
v 94.00000000 -0.00000000 -10.99418397
v 94.00000000 0.96563844 -10.95258777
v 94.00000000 1.92395865 -10.82756854
v 94.00000000 2.86763772 -10.62003164
v 94.00000000 3.78945879 -10.33154565
v 94.00000000 4.68238152 -9.96433288
v 94.00000000 5.53960789 -9.52124261
v 94.00000000 6.35463786 -9.00571093
v 94.00000000 7.12131235 -8.42171389
v 94.00000000 7.83384528 -7.77372134
v 94.00000000 8.48684957 -7.06665702
v 94.00000000 9.07536340 -6.30586668
v 94.00000000 9.59488233 -5.49709198
v 94.00000000 10.04139957 -4.64644473
v 94.00000000 10.41145246 -3.76037509
v 94.00000000 10.70216967 -2.84562890
v 94.00000000 10.91131171 -1.90919247
v 94.00000000 11.03729788 -0.95822727
v 94.00000000 11.07921579 -0.00000000
v 94.00000000 11.03681418 0.95818527
v 94.00000000 10.91048350 1.90904755
v 94.00000000 10.70123167 2.84537949
v 94.00000000 10.41066219 3.76008966
v 94.00000000 10.04095952 4.64624111
v 94.00000000 9.59488233 5.49709198
v 94.00000000 9.07576113 6.30614304
v 94.00000000 8.48749381 7.06719345
v 94.00000000 7.83453195 7.77440273
v 94.00000000 7.12185292 8.42235318
v 94.00000000 6.35491636 9.00610561
v 94.00000000 5.53960789 9.52124261
v 94.00000000 4.68217632 9.96389621
v 94.00000000 3.78917115 10.33076145
v 94.00000000 2.86738638 10.61910083
v 94.00000000 1.92381261 10.82674668
v 94.00000000 0.96559612 10.95210779
v 96.00000000 0.00000000 10.99536652
v 96.00000000 -0.96561956 10.95381295
v 96.00000000 -1.92392710 10.82881382
v 96.00000000 -2.86759399 10.62126529
v 96.00000000 -3.78939664 10.33273388
v 96.00000000 -4.68228999 9.96544751
v 96.00000000 -5.53947578 9.52226673
v 96.00000000 -6.35445899 9.00664087
v 96.00000000 -7.12108947 8.42255701
v 96.00000000 -7.83359108 7.77449063
v 96.00000000 -8.48658396 7.06736448
v 96.00000000 -9.07510794 6.30651783
v 96.00000000 -9.59465351 5.49768326
v 96.00000000 -10.04120328 4.64696449
v 96.00000000 -10.41128170 3.76080757
v 96.00000000 -10.70200647 2.84595946
v 96.00000000 -10.91113276 1.90941205
v 96.00000000 -11.03708212 0.95833446
v 96.00000000 -11.07895157 0.00000000
v 96.00000000 -11.03650351 -0.95828422
v 96.00000000 -10.91014204 -1.90923867
v 96.00000000 -10.70088442 -2.84566107
v 96.00000000 -10.41033637 -3.76046610
v 96.00000000 -10.04067688 -4.64672088
v 96.00000000 -9.59465351 -5.49768326
v 96.00000000 -9.07558372 -6.30684846
v 96.00000000 -8.48735461 -7.06800625
v 96.00000000 -7.83441248 -7.77530583
v 96.00000000 -7.12173612 -8.42332184
v 96.00000000 -6.35479213 -9.00711306
v 96.00000000 -5.53947578 -9.52226673
v 96.00000000 -4.68204452 -9.96492509
v 96.00000000 -3.78905257 -10.33179568
v 96.00000000 -2.86729334 -10.62015170
v 96.00000000 -1.92375241 -10.82783058
v 96.00000000 -0.96556894 -10.95323871
v 96.00000000 -0.00000000 -10.99536652
v 96.00000000 0.96561956 -10.95381295
v 96.00000000 1.92392710 -10.82881382
v 96.00000000 2.86759399 -10.62126529
v 96.00000000 3.78939664 -10.33273388
v 96.00000000 4.68228999 -9.96544751
v 96.00000000 5.53947578 -9.52226673
v 96.00000000 6.35445899 -9.00664087
v 96.00000000 7.12108947 -8.42255701
v 96.00000000 7.83359108 -7.77449063
v 96.00000000 8.48658396 -7.06736448
v 96.00000000 9.07510794 -6.30651783
v 96.00000000 9.59465351 -5.49768326
v 96.00000000 10.04120328 -4.64696449
v 96.00000000 10.41128170 -3.76080757
v 96.00000000 10.70200647 -2.84595946
v 96.00000000 10.91113276 -1.90941205
v 96.00000000 11.03708212 -0.95833446
v 96.00000000 11.07895157 -0.00000000
v 96.00000000 11.03650351 0.95828422
v 96.00000000 10.91014204 1.90923867
v 96.00000000 10.70088442 2.84566107
v 96.00000000 10.41033637 3.76046610
v 96.00000000 10.04067688 4.64672088
v 96.00000000 9.59465351 5.49768326
v 96.00000000 9.07558372 6.30684846
v 96.00000000 8.48735461 7.06800625
v 96.00000000 7.83441248 7.77530583
v 96.00000000 7.12173612 8.42332184
v 96.00000000 6.35479213 9.00711306
v 96.00000000 5.53947578 9.52226673
v 96.00000000 4.68204452 9.96492509
v 96.00000000 3.78905257 10.33179568
v 96.00000000 2.86729334 10.62015170
v 96.00000000 1.92375241 10.82783058
v 96.00000000 0.96556894 10.95323871
v 98.00000000 0.00000000 10.99569932
v 98.00000000 -0.96615034 10.95415775
v 98.00000000 -1.92498634 10.82916427
v 98.00000000 -2.86917372 10.62161246
v 98.00000000 -3.79148294 10.33306828
v 98.00000000 -4.68486374 9.96576120
v 98.00000000 -5.54251400 9.52255494
v 98.00000000 -6.35793650 9.00690257
v 98.00000000 -7.12498022 8.42279428
v 98.00000000 -7.83786858 7.77470712
v 98.00000000 -8.49122077 7.06756357
v 98.00000000 -9.08007434 6.30670108
v 98.00000000 -9.59991585 5.49784966
v 98.00000000 -10.04672270 4.64711076
v 98.00000000 -10.41701378 3.76092928
v 98.00000000 -10.70790208 2.84605248
v 98.00000000 -10.91714003 1.90947384
v 98.00000000 -11.04314895 0.95836462
v 98.00000000 -11.08502801 0.00000000
v 98.00000000 -11.04254330 -0.95831206
v 98.00000000 -10.91610301 -1.90929246
v 98.00000000 -10.70672759 -2.84574031
v 98.00000000 -10.41602426 -3.76057203
v 98.00000000 -10.04617170 -4.64685590
v 98.00000000 -9.59991585 -5.49784966
v 98.00000000 -9.08057236 -6.30704698
v 98.00000000 -8.49202744 -7.06823499
v 98.00000000 -7.83872837 -7.77555998
v 98.00000000 -7.12565709 -8.42359444
v 98.00000000 -6.35828522 -9.00739657
v 98.00000000 -5.54251400 -9.52255494
v 98.00000000 -4.68460680 -9.96521463
v 98.00000000 -3.79112279 -10.33208674
v 98.00000000 -2.86885901 -10.62044743
v 98.00000000 -1.92480348 -10.82813560
v 98.00000000 -0.96609736 -10.95355698
v 98.00000000 -0.00000000 -10.99569932
v 98.00000000 0.96615034 -10.95415775
v 98.00000000 1.92498634 -10.82916427
v 98.00000000 2.86917372 -10.62161246
v 98.00000000 3.79148294 -10.33306828
v 98.00000000 4.68486374 -9.96576120
v 98.00000000 5.54251400 -9.52255494
v 98.00000000 6.35793650 -9.00690257
v 98.00000000 7.12498022 -8.42279428
v 98.00000000 7.83786858 -7.77470712
v 98.00000000 8.49122077 -7.06756357
v 98.00000000 9.08007434 -6.30670108
v 98.00000000 9.59991585 -5.49784966
v 98.00000000 10.04672270 -4.64711076
v 98.00000000 10.41701378 -3.76092928
v 98.00000000 10.70790208 -2.84605248
v 98.00000000 10.91714003 -1.90947384
v 98.00000000 11.04314895 -0.95836462
v 98.00000000 11.08502801 -0.00000000
v 98.00000000 11.04254330 0.95831206
v 98.00000000 10.91610301 1.90929246
v 98.00000000 10.70672759 2.84574031
v 98.00000000 10.41602426 3.76057203
v 98.00000000 10.04617170 4.64685590
v 98.00000000 9.59991585 5.49784966
v 98.00000000 9.08057236 6.30704698
v 98.00000000 8.49202744 7.06823499
v 98.00000000 7.83872837 7.77555998
v 98.00000000 7.12565709 8.42359444
v 98.00000000 6.35828522 9.00739657
v 98.00000000 5.54251400 9.52255494
v 98.00000000 4.68460680 9.96521463
v 98.00000000 3.79112279 10.33208674
v 98.00000000 2.86885901 10.62044743
v 98.00000000 1.92480348 10.82813560
v 98.00000000 0.96609736 10.95355698
v 100.00000000 0.00000000 10.99400584
v 100.00000000 -0.96577831 10.95240322
v 100.00000000 -1.92423641 10.82738096
v 100.00000000 -2.86805123 10.61984581
v 100.00000000 -3.79000588 10.33136666
v 100.00000000 -4.68305974 9.96416498
v 100.00000000 -5.54041387 9.52108834
v 100.00000000 -6.35556654 9.00557085
v 100.00000000 -7.12235644 8.42158689
v 100.00000000 -7.83499521 7.77360546
v 100.00000000 -8.48809388 7.06655045
v 100.00000000 -9.07668968 6.30576860
v 100.00000000 -9.59627832 5.49700292
v 100.00000000 -10.04285403 4.64636644
v 100.00000000 -10.41295558 3.76030994
v 100.00000000 -10.70371290 2.84557911
v 100.00000000 -10.91288700 1.90915939
v 100.00000000 -11.03889658 0.95821112
v 100.00000000 -11.08082775 0.00000000
v 100.00000000 -11.03842712 -0.95817037
v 100.00000000 -10.91208315 -1.90901876
v 100.00000000 -10.70280250 -2.84533708
v 100.00000000 -10.41218856 -3.76003296
v 100.00000000 -10.04242692 -4.64616884
v 100.00000000 -9.59627832 -5.49700292
v 100.00000000 -9.07707572 -6.30603678
v 100.00000000 -8.48871916 -7.06707101
v 100.00000000 -7.83566167 -7.77426670
v 100.00000000 -7.12288112 -8.42220727
v 100.00000000 -6.35583684 -9.00595386
v 100.00000000 -5.54041387 -9.52108834
v 100.00000000 -4.68286058 -9.96374122
v 100.00000000 -3.78972671 -10.33060565
v 100.00000000 -2.86780729 -10.61894254
v 100.00000000 -1.92409468 -10.82658341
v 100.00000000 -0.96573724 -10.95193743
v 100.00000000 -0.00000000 -10.99400584
v 100.00000000 0.96577831 -10.95240322
v 100.00000000 1.92423641 -10.82738096
v 100.00000000 2.86805123 -10.61984581
v 100.00000000 3.79000588 -10.33136666
v 100.00000000 4.68305974 -9.96416498
v 100.00000000 5.54041387 -9.52108834
v 100.00000000 6.35556654 -9.00557085
v 100.00000000 7.12235644 -8.42158689
v 100.00000000 7.83499521 -7.77360546
v 100.00000000 8.48809388 -7.06655045
v 100.00000000 9.07668968 -6.30576860
v 100.00000000 9.59627832 -5.49700292
v 100.00000000 10.04285403 -4.64636644
v 100.00000000 10.41295558 -3.76030994
v 100.00000000 10.70371290 -2.84557911
v 100.00000000 10.91288700 -1.90915939
v 100.00000000 11.03889658 -0.95821112
v 100.00000000 11.08082775 -0.00000000
v 100.00000000 11.03842712 0.95817037
v 100.00000000 10.91208315 1.90901876
v 100.00000000 10.70280250 2.84533708
v 100.00000000 10.41218856 3.76003296
v 100.00000000 10.04242692 4.64616884
v 100.00000000 9.59627832 5.49700292
v 100.00000000 9.07707572 6.30603678
v 100.00000000 8.48871916 7.06707101
v 100.00000000 7.83566167 7.77426670
v 100.00000000 7.12288112 8.42220727
v 100.00000000 6.35583684 9.00595386
v 100.00000000 5.54041387 9.52108834
v 100.00000000 4.68286058 9.96374122
v 100.00000000 3.78972671 10.33060565
v 100.00000000 2.86780729 10.61894254
v 100.00000000 1.92409468 10.82658341
v 100.00000000 0.96573724 10.95193743
v 100.09360645 0.00000000 10.72623727
v 100.09333893 -0.96598445 10.69558204
v 100.09233620 -1.92595571 10.58068041
v 100.09058886 -2.87132771 10.38045479
v 100.08810618 -3.79339223 10.09596774
v 100.08491693 -4.68405930 9.73051685
v 100.08106557 -5.53644936 9.28919396
v 100.07660500 -6.34511413 8.77806371
v 100.07158860 -7.10579883 8.20324060
v 100.06606387 -7.81483036 7.57016991
v 100.06006996 -8.46836128 6.88333616
v 100.05363940 -9.06176210 6.14646638
v 100.04680323 -9.58941159 5.36311863
v 100.03959742 -10.04499759 4.53741452
v 100.03206803 -10.42225950 3.67463174
v 100.02427321 -10.71594089 2.78143448
v 100.01628136 -10.92263761 1.86565943
v 100.00816610 -11.04125275 0.93574218
v 100.00000000 -11.07289872 0.00000000
v 99.99184942 -11.02027325 -0.93396417
v 99.98377218 -10.88671541 -1.85952368
v 99.97581894 -10.67525680 -2.77087450
v 99.96803744 -10.38798294 -3.66254667
v 99.96047782 -10.02591108 -4.52879298
v 99.95319677 -9.58941159 -5.36311863
v 99.94625849 -9.07901314 -6.15816752
v 99.93973183 -8.49630379 -6.90604867
v 99.93368435 -7.84461318 -7.59902031
v 99.92817519 -7.12924538 -8.23030831
v 99.92324916 -6.35719344 -8.79477467
v 99.91893443 -5.53644936 -9.28919396
v 99.91524442 -4.67515912 -9.71202788
v 99.91218359 -3.78091658 -10.06276428
v 99.90975507 -2.86042644 -10.34104440
v 99.90796747 -1.91962166 -10.54588284
v 99.90683842 -0.96414898 -10.67525935
v 99.90639355 -0.00000000 -10.72623727
v 99.90666107 0.96598445 -10.69558204
v 99.90766380 1.92595571 -10.58068041
v 99.90941114 2.87132771 -10.38045479
v 99.91189382 3.79339223 -10.09596774
v 99.91508307 4.68405930 -9.73051685
v 99.91893443 5.53644936 -9.28919396
v 99.92339500 6.34511413 -8.77806371
v 99.92841140 7.10579883 -8.20324060
v 99.93393613 7.81483036 -7.57016991
v 99.93993004 8.46836128 -6.88333616
v 99.94636060 9.06176210 -6.14646638
v 99.95319677 9.58941159 -5.36311863
v 99.96040258 10.04499759 -4.53741452
v 99.96793197 10.42225950 -3.67463174
v 99.97572679 10.71594089 -2.78143448
v 99.98371864 10.92263761 -1.86565943
v 99.99183390 11.04125275 -0.93574218
v 100.00000000 11.07289872 -0.00000000
v 100.00815058 11.02027325 0.93396417
v 100.01622782 10.88671541 1.85952368
v 100.02418106 10.67525680 2.77087450
v 100.03196256 10.38798294 3.66254667
v 100.03952218 10.02591108 4.52879298
v 100.04680323 9.58941159 5.36311863
v 100.05374151 9.07901314 6.15816752
v 100.06026817 8.49630379 6.90604867
v 100.06631565 7.84461318 7.59902031
v 100.07182481 7.12924538 8.23030831
v 100.07675084 6.35719344 8.79477467
v 100.08106557 5.53644936 9.28919396
v 100.08475558 4.67515912 9.71202788
v 100.08781641 3.78091658 10.06276428
v 100.09024493 2.86042644 10.34104440
v 100.09203253 1.91962166 10.54588284
v 100.09316158 0.96414898 10.67525935
v 101.06685866 0.00000000 10.74321167
v 101.06602650 -0.96595023 10.71143282
v 101.06299132 -1.92574889 10.59552414
v 101.05773031 -2.87094379 10.39461414
v 101.05027265 -3.79298487 10.10981749
v 101.04070173 -4.68389340 9.74431899
v 101.02914476 -5.53679847 9.30297600
v 101.01575334 -6.34614026 8.79157822
v 101.00068171 -7.10746205 8.21601606
v 100.98406977 -7.81686668 7.58163161
v 100.96603609 -8.47034343 6.89295328
v 100.94668264 -9.06322757 6.15387465
v 100.92610847 -9.59001627 5.36817898
v 100.90442689 -10.04464182 4.54019279
v 100.88177923 -10.42114027 3.67531347
v 100.85834015 -10.71450810 2.78021119
v 100.83431248 -10.92146465 1.86263156
v 100.80991358 -11.04086169 0.93087485
v 100.78535829 -11.07359695 -0.00685372
v 100.76084483 -11.02205545 -0.94298502
v 100.73654843 -10.88926361 -1.87082697
v 100.71262484 -10.67803846 -2.78443212
v 100.68922164 -10.39041440 -3.67816434
v 100.66649250 -10.02753247 -4.54615510
v 100.64460811 -9.59001627 -5.38188641
v 100.62375868 -9.07869158 -6.17809375
v 100.60414620 -8.49539139 -6.92706439
v 100.58596813 -7.84356431 -7.62125666
v 100.56939813 -7.12847978 -8.25403965
v 100.55457013 -6.35696828 -8.82029786
v 100.54157182 -5.53679847 -9.31668344
v 100.53044978 -4.67591518 -9.74141695
v 100.52122501 -3.78180156 -10.09369675
v 100.51391336 -2.86117178 -10.37291745
v 100.50854383 -1.92007097 -10.57797134
v 100.50516815 -0.96430490 -10.70688347
v 100.50385792 -0.00000000 -10.75691911
v 100.50469008 0.96595023 -10.72514026
v 100.50772525 1.92574889 -10.60923158
v 100.51298627 2.87094379 -10.40832158
v 100.52044393 3.79298487 -10.12352492
v 100.53001485 4.68389340 -9.75802643
v 100.54157182 5.53679847 -9.31668344
v 100.55496324 6.34614026 -8.80528565
v 100.57003487 7.10746205 -8.22972350
v 100.58664681 7.81686668 -7.59533904
v 100.60468048 8.47034343 -6.90666072
v 100.62403394 9.06322757 -6.16758208
v 100.64460811 9.59001627 -5.38188641
v 100.66628969 10.04464182 -4.55390023
v 100.68893735 10.42114027 -3.68902091
v 100.71237643 10.71450810 -2.79391863
v 100.73640409 10.92146465 -1.87633899
v 100.76080300 11.04086169 -0.94458228
v 100.78535829 11.07359695 -0.00685372
v 100.80987175 11.02205545 0.92927758
v 100.83416815 10.88926361 1.85711954
v 100.85809174 10.67803846 2.77072469
v 100.88149494 10.39041440 3.66445690
v 100.90422408 10.02753247 4.53244767
v 100.92610847 9.59001627 5.36817898
v 100.94695790 9.07869158 6.16438631
v 100.96657038 8.49539139 6.91335695
v 100.98474845 7.84356431 7.60754923
v 101.00131845 7.12847978 8.24033221
v 101.01614645 6.35696828 8.80659043
v 101.02914476 5.53679847 9.30297600
v 101.04026680 4.67591518 9.72770952
v 101.04949157 3.78180156 10.07998932
v 101.05680322 2.86117178 10.35921001
v 101.06217275 1.92007097 10.56426390
v 101.06554843 0.96430490 10.69317603
v 102.04128974 0.00000000 10.75596378
v 102.03982990 -0.96578985 10.72252786
v 102.03470506 -1.92522508 10.60514991
v 102.02589052 -2.87005163 10.40326359
v 102.01343828 -3.79195316 10.11806045
v 101.99748009 -4.68311569 9.75255788
v 101.97821284 -5.53668177 9.31126526
v 101.95587150 -6.34692801 8.79956440
v 101.93069872 -7.10910094 8.22301304
v 101.90292104 -7.81897401 7.58679954
v 101.87273897 -8.47229659 6.89551648
v 101.84033324 -9.06435259 6.15330318
v 101.80588355 -9.58981412 5.36427550
v 101.76959200 -10.04297400 4.53306243
v 101.73170194 -10.41830569 3.66523749
v 101.69250494 -10.71117851 2.76747853
v 101.65233322 -10.91849397 1.84739489
v 101.61154038 -11.03902846 0.91308516
v 101.57047735 -11.07336353 -0.02741278
v 101.52947237 -11.02342362 -0.96658123
v 101.48882180 -10.89177454 -1.89763248
v 101.44879452 -10.68091713 -2.81440792
v 101.40964730 -10.39281031 -3.71102651
v 101.37164417 -10.02877719 -4.58144128
v 101.33507116 -9.58981412 -5.41910106
v 101.30023945 -9.07718416 -6.21687822
v 101.26747423 -8.49308061 -6.96732521
v 101.23709178 -7.84112688 -7.66319784
v 101.20937229 -7.12654081 -8.29807835
v 101.18453764 -6.35591277 -8.86688551
v 101.16274186 -5.53668177 -9.36609082
v 101.14407822 -4.67649561 -9.79355842
v 101.12860043 -3.78267360 -10.14805831
v 101.11635083 -2.86194312 -10.42862024
v 101.10738568 -1.92051372 -10.63395577
v 101.10178829 -0.96442460 -10.76215725
v 101.09966496 -0.00000000 -10.81078934
v 101.10112481 0.96578985 -10.77735343
v 101.10624964 1.92522508 -10.65997548
v 101.11506419 2.87005163 -10.45808915
v 101.12751642 3.79195316 -10.17288602
v 101.14347461 4.68311569 -9.80738345
v 101.16274186 5.53668177 -9.36609082
v 101.18508320 6.34692801 -8.85438997
v 101.21025598 7.10910094 -8.27783861
v 101.23803366 7.81897401 -7.64162510
v 101.26821573 8.47229659 -6.95034205
v 101.30062146 9.06435259 -6.20812875
v 101.33507116 9.58981412 -5.41910106
v 101.37136270 10.04297400 -4.58788800
v 101.40925276 10.41830569 -3.72006306
v 101.44844976 10.71117851 -2.82230409
v 101.48862148 10.91849397 -1.90222046
v 101.52941432 11.03902846 -0.96791072
v 101.57047735 11.07336353 -0.02741278
v 101.61148233 11.02342362 0.91175566
v 101.65213291 10.89177454 1.84280692
v 101.69216019 10.68091713 2.75958236
v 101.73130740 10.39281031 3.65620094
v 101.76931053 10.02877719 4.52661572
v 101.80588355 9.58981412 5.36427550
v 101.84071525 9.07718416 6.16205265
v 101.87348047 8.49308061 6.91249964
v 101.90386293 7.84112688 7.60837228
v 101.93158241 7.12654081 8.24325278
v 101.95641707 6.35591277 8.81205994
v 101.97821284 5.53668177 9.31126526
v 101.99687648 4.67649561 9.73873285
v 102.01235428 3.78267360 10.09323274
v 102.02460388 2.86194312 10.37379468
v 102.03356902 1.92051372 10.57913020
v 102.03916642 0.96442460 10.70733168
v 103.01641072 0.00000000 10.75036898
v 103.01426780 -0.96562176 10.71533256
v 103.00700372 -1.92469261 10.59656594
v 102.99460202 -2.86915021 10.39379988
v 102.97714012 -3.79090441 10.10830032
v 102.95479254 -4.68230065 9.74292069
v 102.92781430 -5.53649464 9.30183029
v 102.89651017 -6.34760486 8.79001227
v 102.86120016 -7.11059083 8.21269872
v 102.82219235 -7.82090747 7.57492669
v 102.77977136 -8.47407217 6.88134959
v 102.73420489 -9.06531923 6.13634437
v 102.68576438 -9.58949002 5.34434902
v 102.63475085 -10.04122616 4.51028522
v 102.58151556 -10.41542426 3.63989589
v 102.52646725 -10.70781437 2.73986402
v 102.47006307 -10.91547420 1.81766379
v 102.41278616 -11.03710726 0.88119470
v 102.35511803 -11.07298929 -0.06167094
v 102.29751525 -11.02459917 -1.00346804
v 102.24039853 -10.89405719 -1.93731826
v 102.18415696 -10.68355829 -2.85685967
v 102.12916472 -10.39498838 -3.75597499
v 102.07580211 -10.02984667 -4.62844580
v 102.02447169 -9.58949002 -5.46769089
v 101.97560108 -9.07560439 -6.26671827
v 101.92962986 -8.49073165 -7.01834099
v 101.88698326 -7.83866415 -7.71560679
v 101.84804098 -7.12456980 -8.35230747
v 101.81311165 -6.35480661 -8.92339692
v 101.78242176 -5.53649464 -9.42517217
v 101.75612311 -4.67699431 -9.85515125
v 101.73431640 -3.78346636 -10.21168792
v 101.71708264 -2.86265082 -10.49345730
v 101.70451139 -1.92091621 -10.69899552
v 101.69671526 -0.96452745 -10.82646111
v 101.69382534 -0.00000000 -10.87371085
v 101.69596826 0.96562176 -10.83867443
v 101.70323234 1.92469261 -10.71990781
v 101.71563404 2.86915021 -10.51714175
v 101.73309594 3.79090441 -10.23164220
v 101.75544352 4.68230065 -9.86626256
v 101.78242176 5.53649464 -9.42517217
v 101.81372589 6.34760486 -8.91335414
v 101.84903590 7.11059083 -8.33604059
v 101.88804371 7.82090747 -7.69826856
v 101.93046470 8.47407217 -7.00469146
v 101.97603118 9.06531923 -6.25968624
v 102.02447169 9.58949002 -5.46769089
v 102.07548521 10.04122616 -4.63362709
v 102.12872051 10.41542426 -3.76323776
v 102.18376881 10.70781437 -2.86320590
v 102.24017299 10.91547420 -1.94100566
v 102.29744990 11.03710726 -1.00453657
v 102.35511803 11.07298929 -0.06167094
v 102.41272081 11.02459917 0.88012617
v 102.46983754 10.89405719 1.81397639
v 102.52607910 10.68355829 2.73351779
v 102.58107135 10.39498838 3.63263312
v 102.63443395 10.02984667 4.50510393
v 102.68576438 9.58949002 5.34434902
v 102.73463498 9.07560439 6.14337640
v 102.78060620 8.49073165 6.89499912
v 102.82325280 7.83866415 7.59226492
v 102.86219508 7.12456980 8.22896560
v 102.89712441 6.35480661 8.80005505
v 102.92781430 5.53649464 9.30183029
v 102.95411295 4.67699431 9.73180937
v 102.97591966 3.78346636 10.08834605
v 102.99315342 2.86265082 10.37011542
v 103.00572467 1.92091621 10.57565365
v 103.01352080 0.96452745 10.70311924
v 103.99113023 0.00000000 10.71719840
v 103.98828245 -0.96558673 10.68101395
v 103.97886087 -1.92447928 10.56130143
v 103.96286137 -2.86875394 10.35800854
v 103.94038781 -3.79048423 10.07245482
v 103.91165520 -4.68213079 9.70737240
v 103.87697196 -5.53685824 9.26668008
v 103.83670716 -6.34866961 8.75506722
v 103.79125362 -7.11231538 8.17752534
v 103.74099887 -7.82301851 7.53897821
v 103.68631242 -8.47612740 6.84412096
v 103.62755220 -9.06683984 6.09750149
v 103.56508577 -9.59011979 5.30379033
v 103.49931709 -10.04086189 4.46811994
v 103.43070759 -10.41426984 3.59635360
v 103.35978324 -10.70633548 2.69517427
v 103.28712416 -10.91426436 1.77195322
v 103.21334029 -11.03670687 0.83444021
v 103.13904132 -11.07371649 -0.10961774
v 103.06481141 -11.02644844 -1.05279820
v 102.99119679 -10.89669934 -1.98816057
v 102.91870956 -10.68644202 -2.90919816
v 102.84784445 -10.39750950 -3.80962482
v 102.77910042 -10.03152908 -4.68310049
v 102.71299686 -9.59011979 -5.52302581
v 102.65007596 -9.07527515 -6.32251175
v 102.59088804 -8.48979056 -7.07456557
v 102.53596318 -7.83758153 -7.77245201
v 102.48577767 -7.12378013 -8.41011934
v 102.44072641 -6.35457607 -8.98254993
v 102.40111068 -5.53685824 -9.48591556
v 102.36714557 -4.67777883 -9.91748316
v 102.33898449 -3.78438397 -10.27530365
v 102.31675200 -2.86342351 -10.55779411
v 102.30057334 -1.92138210 -10.76336352
v 102.29058954 -0.96468924 -10.89021972
v 102.28695241 -0.00000000 -10.93643388
v 102.28980019 0.96558673 -10.90024943
v 102.29922177 1.92447928 -10.78053691
v 102.31522126 2.86875394 -10.57724402
v 102.33769483 3.79048423 -10.29169030
v 102.36642744 4.68213079 -9.92660788
v 102.40111068 5.53685824 -9.48591556
v 102.44137548 6.34866961 -8.97430270
v 102.48682901 7.11231538 -8.39676082
v 102.53708376 7.82301851 -7.75821369
v 102.59177021 8.47612740 -7.06335644
v 102.65053044 9.06683984 -6.31673697
v 102.71299686 9.59011979 -5.52302581
v 102.77876555 10.04086189 -4.68735542
v 102.84737505 10.41426984 -3.81558907
v 102.91829940 10.70633548 -2.91440975
v 102.99095847 10.91426436 -1.99118870
v 103.06474235 11.03670687 -1.05367568
v 103.13904132 11.07371649 -0.10961774
v 103.21327123 11.02644844 0.83356272
v 103.28688585 10.89669934 1.76892509
v 103.35937308 10.68644202 2.68996268
v 103.43023819 10.39750950 3.59038934
v 103.49898222 10.03152908 4.46386502
v 103.56508577 9.59011979 5.30379033
v 103.62800668 9.07527515 6.10327627
v 103.68719460 8.48979056 6.85533010
v 103.74211945 7.83758153 7.55321654
v 103.79230496 7.12378013 8.19088386
v 103.83735623 6.35457607 8.76331445
v 103.87697196 5.53685824 9.26668008
v 103.91093707 4.67777883 9.69824768
v 103.93909815 3.78438397 10.05606817
v 103.96133063 2.86342351 10.33855863
v 103.97750930 1.92138210 10.54412805
v 103.98749310 0.96468924 10.67098425
v 104.96497122 0.00000000 10.66034415
v 104.96140472 -0.96575511 10.62330467
v 104.94981509 -1.92470543 10.50294180
v 104.93021326 -2.86903137 10.29936895
v 104.90273013 -3.79092966 10.01394579
v 104.86761972 -4.68294727 9.64931018
v 104.82524070 -5.53825424 9.20918723
v 104.77602273 -6.35076434 8.69803910
v 104.72042846 -7.11506757 8.12067057
v 104.65892339 -7.82620905 7.48191592
v 104.59196239 -8.47940734 6.78649933
v 104.51999568 -9.06983143 6.03909651
v 104.44348982 -9.59253773 5.24455278
v 104.36295421 -10.04261282 4.40815851
v 104.27896193 -10.41549364 3.53586536
v 104.19215609 -10.70737085 2.63435225
v 104.10323847 -10.91554692 1.71090741
v 104.01294382 -11.03863146 0.77316158
v 103.92200842 -11.07650849 -0.17123859
v 103.83114342 -11.03008659 -1.11490770
v 103.74102129 -10.90091595 -2.05086180
v 103.65227883 -10.69080038 -2.97248756
v 103.56553337 -10.40153293 -3.87337361
v 103.48140397 -10.03483896 -4.74709083
v 103.40052703 -9.59253773 -5.58702996
v 103.32355792 -9.07685771 -6.38638475
v 103.25115526 -8.49078821 -7.13831503
v 103.18395126 -7.83833947 -7.83625529
v 103.12251676 -7.12461726 -8.47427696
v 103.06733252 -6.35568419 -9.04738719
v 103.01877615 -5.53825424 -9.55166440
v 102.97712912 -4.67932226 -9.98418539
v 102.94260125 -3.78584838 -10.34277096
v 102.91536386 -2.86459133 -10.62564206
v 102.89557940 -1.92212560 -10.83111152
v 102.88341671 -0.96500753 -10.95742592
v 102.87904563 -0.00000000 -11.00282133
v 102.88261213 0.96575511 -10.96578184
v 102.89420175 1.92470543 -10.84541897
v 102.91380359 2.86903137 -10.64184612
v 102.94128671 3.79092966 -10.35642296
v 102.97639713 4.68294727 -9.99178735
v 103.01877615 5.53825424 -9.55166440
v 103.06799412 6.35076434 -9.04051627
v 103.12358838 7.11506757 -8.46314775
v 103.18509346 7.82620905 -7.82439310
v 103.25205446 8.47940734 -7.12897650
v 103.32402117 9.06983143 -6.38157368
v 103.40052703 9.59253773 -5.58702996
v 103.48106264 10.04261282 -4.75063568
v 103.56505491 10.41549364 -3.87834253
v 103.65186075 10.70737085 -2.97682942
v 103.74077838 10.91554692 -2.05338458
v 103.83107303 11.03863146 -1.11563875
v 103.92200842 11.07650849 -0.17123859
v 104.01287342 11.03008659 0.77243053
v 104.10299555 10.90091595 1.70838462
v 104.19173802 10.69080038 2.63001038
v 104.27848348 10.40153293 3.53089643
v 104.36261288 10.03483896 4.40461366
v 104.44348982 9.59253773 5.24455278
v 104.52045893 9.07685771 6.04390758
v 104.59286158 8.49078821 6.79583785
v 104.66006559 7.83833947 7.49377812
v 104.72150009 7.12461726 8.13179979
v 104.77668432 6.35568419 8.70491002
v 104.82524070 5.53825424 9.20918723
v 104.86688773 4.67932226 9.64170822
v 104.90141559 3.78584838 10.00029378
v 104.92865298 2.86459133 10.28316489
v 104.94843744 1.92212560 10.48863435
v 104.96060014 0.96500753 10.61494875
v 105.93680770 0.00000000 10.57562305
v 105.93254447 -0.96592099 10.53820524
v 105.91880949 -1.92498239 10.41765485
v 105.89562490 -2.86941498 10.21416631
v 105.86314769 -3.79147517 9.92911745
v 105.82167281 -4.68375160 9.56509710
v 105.77161342 -5.53941639 9.12573151
v 105.71346470 -6.35233901 8.61536675
v 105.64776307 -7.11703039 8.03871094
v 105.57505374 -7.82844806 7.40054930
v 105.49587598 -8.48174654 6.70561508
v 105.41076909 -9.07208030 5.95864149
v 105.32029427 -9.59455063 5.16455417
v 105.22506243 -10.04433772 4.32871502
v 105.12575587 -10.41699242 3.45711251
v 105.02313450 -10.70880248 2.55641632
v 104.91802318 -10.91711765 1.63386611
v 104.81128373 -11.04052743 0.69702603
v 104.70378085 -11.07883277 -0.24651471
v 104.59635299 -11.03282151 -1.18939688
v 104.48979745 -10.90392317 -2.12462289
v 104.38487284 -10.69385892 -3.04553440
v 104.28231583 -10.40440239 -3.94566570
v 104.18286310 -10.03732711 -4.81855108
v 104.08726742 -9.59455063 -5.65758359
v 103.99629880 -9.07841673 -6.45600493
v 103.91072722 -8.49201003 -7.20705704
v 103.83129044 -7.83938751 -7.90426470
v 103.75865634 -7.12564248 -8.54176604
v 103.69339177 -6.35677583 -9.11458579
v 103.63594827 -5.53941639 -9.61876093
v 103.58666914 -4.68048250 -10.05127834
v 103.54581522 -3.78689277 -10.40984854
v 103.51359995 -2.86541086 -10.69259840
v 103.49022069 -1.92265585 -10.89779549
v 103.47587486 -0.96524681 -11.02370728
v 103.47075400 -0.00000000 -11.06865247
v 103.47501722 0.96592099 -11.03123465
v 103.48875220 1.92498239 -10.91068426
v 103.51193679 2.86941498 -10.70719573
v 103.54441401 3.79147517 -10.42214686
v 103.58588889 4.68375160 -10.05812652
v 103.63594827 5.53941639 -9.61876093
v 103.69409699 6.35233901 -9.10839617
v 103.75979862 7.11703039 -8.53174036
v 103.83250796 7.82844806 -7.89357871
v 103.91168571 8.48174654 -7.19864449
v 103.99679260 9.07208030 -6.45167091
v 104.08726742 9.59455063 -5.65758359
v 104.18249926 10.04433772 -4.82174444
v 104.28180583 10.41699242 -3.95014193
v 104.38442719 10.70880248 -3.04944574
v 104.48953851 10.91711765 -2.12689553
v 104.59627796 11.04052743 -1.19005544
v 104.70378085 11.07883277 -0.24651471
v 104.81120870 11.03282151 0.69636747
v 104.91776425 10.90392317 1.63159347
v 105.02268886 10.69385892 2.55250498
v 105.12524587 10.40440239 3.45263629
v 105.22469859 10.03732711 4.32552166
v 105.32029427 9.59455063 5.16455417
v 105.41126289 9.07841673 5.96297551
v 105.49683447 8.49201003 6.71402763
v 105.57627125 7.83938751 7.41123528
v 105.64890535 7.12564248 8.04873663
v 105.71416992 6.35677583 8.62155637
v 105.77161342 5.53941639 9.12573151
v 105.82089256 4.68048250 9.55824892
v 105.86174647 3.78689277 9.91681912
v 105.89396175 2.86541086 10.19956898
v 105.91734100 1.92265585 10.40476607
v 105.93168684 0.96524681 10.53067786
v 106.90528512 0.00000000 10.45939415
v 106.90039297 -0.96612986 10.42223460
v 106.88457763 -1.92542011 10.30210520
v 106.85786038 -2.87007914 10.09916755
v 106.82042114 -3.79233730 9.81478826
v 106.77260232 -4.68476443 9.45156829
v 106.71488515 -5.54052989 9.01316286
v 106.64784625 -6.35351911 8.50395182
v 106.57210874 -7.11827310 7.92866830
v 106.48830337 -7.82978299 7.29210332
v 106.39705102 -8.48322754 6.59897294
v 106.29897003 -9.07376565 5.85397383
v 106.19470278 -9.59647927 5.06198549
v 106.08494942 -10.04650974 4.22832590
v 105.97049413 -10.41936109 3.35895166
v 105.85221296 -10.71128117 2.46051698
v 105.73105884 -10.91960005 1.54026008
v 105.60802824 -11.04291487 0.60574993
v 105.48412045 -11.08105977 -0.33542318
v 105.36030292 -11.03487112 -1.27591072
v 105.23749353 -10.90582711 -2.20874063
v 105.11656400 -10.69568247 -3.12729164
v 104.99836024 -10.40621911 -4.02513828
v 104.88372914 -10.03919178 -4.89584797
v 104.77353812 -9.59647927 -5.73283184
v 104.66867690 -9.08037988 -6.52933188
v 104.57003695 -8.49394099 -7.27857672
v 104.47847303 -7.84120203 -7.97407374
v 104.39475815 -7.12726275 -8.60995135
v 104.31954637 -6.35815044 -9.18124154
v 104.25335575 -5.54052989 -9.68400921
v 104.19657712 -4.68135201 -10.11528571
v 104.14950525 -3.78755401 -10.47283211
v 104.11238108 -2.86589948 -10.75481814
v 104.08542968 -1.92299157 -10.95953439
v 104.06887956 -0.96542613 -11.08524498
v 104.06295579 -0.00000000 -11.13024050
v 104.06784794 0.96612986 -11.09308095
v 104.08366327 1.92542011 -10.97295155
v 104.11038052 2.87007914 -10.77001390
v 104.14781977 3.79233730 -10.48563461
v 104.19563858 4.68476443 -10.12241464
v 104.25335575 5.54052989 -9.68400921
v 104.32039466 6.35351911 -9.17479817
v 104.39613217 7.11827310 -8.59951465
v 104.47993754 7.82978299 -7.96294968
v 104.57118989 8.48322754 -7.26981929
v 104.66927088 9.07376565 -6.52482018
v 104.77353812 9.59647927 -5.73283184
v 104.88329149 10.04650974 -4.89917225
v 104.99774678 10.41936109 -4.02979801
v 105.11602795 10.71128117 -3.13136333
v 105.23718207 10.91960005 -2.21110644
v 105.36021266 11.04291487 -1.27659628
v 105.48412045 11.08105977 -0.33542318
v 105.60793799 11.03487112 0.60506437
v 105.73074737 10.90582711 1.53789428
v 105.85167691 10.69568247 2.45644529
v 105.96988066 10.40621911 3.35429193
v 106.08451177 10.03919178 4.22500162
v 106.19470278 9.59647927 5.06198549
v 106.29956400 9.08037988 5.85848553
v 106.39820396 8.49394099 6.60773037
v 106.48976788 7.84120203 7.30322739
v 106.57348275 7.12726275 7.93910500
v 106.64869453 6.35815044 8.51039519
v 106.71488515 5.54052989 9.01316286
v 106.77166378 4.68135201 9.44443936
v 106.81873566 3.78755401 9.80198576
v 106.85585982 2.86589948 10.08397179
v 106.88281123 1.92299157 10.28868804
v 106.89936134 0.96542613 10.41439863
v 107.86879498 0.00000000 10.30809636
v 107.86339794 -0.96623792 10.27198394
v 107.84561920 -1.92575111 10.15302364
v 107.81545686 -2.87063561 9.95120267
v 107.77310803 -3.79298924 9.66784003
v 107.71897462 -4.68528841 9.30562495
v 107.65363105 -5.54069469 8.86840090
v 107.57776482 -6.35318609 8.36076814
v 107.49210971 -7.11747159 7.78763640
v 107.39739285 -7.82872882 7.15387107
v 107.29431164 -8.48227234 6.46413862
v 107.18354515 -9.07329005 5.72298270
v 107.06579226 -9.59676472 4.93507973
v 106.94181980 -10.04763341 4.10556060
v 106.81250051 -10.42115229 3.24026509
v 106.67882550 -10.71335795 2.34582465
v 106.54188512 -10.92147724 1.42953519
v 106.40282463 -11.04414999 0.49905975
v 106.26278954 -11.08138939 -0.43793691
v 106.12287944 -11.03429273 -1.37409727
v 105.98412528 -10.90459912 -2.30252300
v 105.84749591 -10.69424245 -3.21673149
v 105.71392810 -10.40504738 -4.11045459
v 105.58436535 -10.03866558 -4.97737920
v 105.45978683 -9.59676472 -5.81095354
v 105.34121140 -9.08139549 -6.60436024
v 105.22967086 -8.49540119 -7.35069546
v 105.12615818 -7.84272234 -8.04331492
v 105.03156664 -7.12848800 -8.67624174
v 104.94663956 -6.35886158 -9.24450210
v 104.87194804 -5.54069469 -9.74427471
v 104.80790416 -4.68110664 -10.17280232
v 104.75480512 -3.78712753 -10.52809631
v 104.71289261 -2.86551363 -10.80853947
v 104.68240600 -1.92277504 -11.01253012
v 104.66360974 -0.96537552 -11.13829880
v 104.65678411 -0.00000000 -11.18397018
v 104.66218115 0.96623792 -11.14785775
v 104.67995988 1.92575111 -11.02889745
v 104.71012223 2.87063561 -10.82707648
v 104.75247106 3.79298924 -10.54371384
v 104.80660447 4.68528841 -10.18149876
v 104.87194804 5.54069469 -9.74427471
v 104.94781426 6.35318609 -9.23664196
v 105.03346938 7.11747159 -8.66351022
v 105.12818624 7.82872882 -8.02974489
v 105.23126744 8.48227234 -7.34001244
v 105.34203394 9.07329005 -6.59885651
v 105.45978683 9.59676472 -5.81095354
v 105.58375929 10.04763341 -4.98143442
v 105.71307857 10.42115229 -4.11613890
v 105.84675359 10.71335795 -3.22169846
v 105.98369397 10.92147724 -2.30540900
v 106.12275445 11.04414999 -1.37493357
v 106.26278954 11.08138939 -0.43793691
v 106.40269965 11.03429273 0.49822345
v 106.54145380 10.90459912 1.42664919
v 106.67808318 10.69424245 2.34085767
v 106.81165099 10.40504738 3.23458077
v 106.94121374 10.03866558 4.10150539
v 107.06579226 9.59676472 4.93507973
v 107.18436769 9.08139549 5.72848643
v 107.29590823 8.49540119 6.47482164
v 107.39942090 7.84272234 7.16744111
v 107.49401245 7.12848800 7.80036793
v 107.57893953 6.35886158 8.36862829
v 107.65363105 5.54069469 8.86840090
v 107.71767493 4.68110664 9.29692850
v 107.77077397 3.78712753 9.65222249
v 107.81268648 2.86551363 9.93266565
v 107.84317309 1.92277504 10.13665630
v 107.86196934 0.96537552 10.26242499
v 108.82757575 0.00000000 10.13079034
v 108.82177424 -0.96633260 10.09612191
v 108.80212811 -1.92610360 9.97872127
v 108.76859430 -2.87125038 9.77833109
v 108.72138250 -3.79368351 9.49620453
v 108.66096376 -4.68574748 9.13515637
v 108.58802584 -5.54059332 8.69929656
v 108.50339080 -6.35233044 8.19353750
v 108.40792222 -7.11590614 7.62303974
v 108.30245228 -7.82676250 6.99277624
v 108.18775078 -8.48040671 6.30734706
v 108.06454264 -9.07206806 5.57108430
v 107.93356334 -9.59658913 4.78838283
v 107.79562815 -10.04861790 3.96411465
v 107.65168756 -10.42305977 3.10395960
v 107.50284670 -10.71565231 2.21452171
v 107.35034084 -10.92347630 1.30318262
v 107.19547526 -11.04523212 0.37774242
v 107.03955093 -11.08118663 -0.55402467
v 106.88380200 -11.03280663 -1.48474356
v 106.72936634 -10.90220072 -2.40761469
v 106.57729695 -10.69155641 -3.31634553
v 106.42860655 -10.40275885 -4.20488432
v 106.28432426 -10.03731357 -5.06708125
v 106.14553852 -9.59658913 -5.89643218
v 106.01340483 -9.08228531 -6.68603193
v 105.88911037 -8.49695618 -7.42878634
v 105.77380333 -7.84440192 -8.11783405
v 105.66850926 -7.12979279 -8.74704658
v 105.57406243 -6.35948464 -9.31143862
v 105.49107601 -5.54059332 -9.80734591
v 105.41996212 -4.68047618 -10.23230573
v 105.36099504 -3.78629458 -10.58467911
v 105.31439559 -2.86479391 -10.86314644
v 105.28040670 -1.92235214 -11.06625606
v 105.25933255 -0.96524551 -11.19219022
v 105.25152611 -0.00000000 -11.23883968
v 105.25732761 0.96633260 -11.20417125
v 105.27697374 1.92610360 -11.08677061
v 105.31050756 2.87125038 -10.88638044
v 105.35771935 3.79368351 -10.60425388
v 105.41813809 4.68574748 -10.24320571
v 105.49107601 5.54059332 -9.80734591
v 105.57571105 6.35233044 -9.30158684
v 105.67117963 7.11590614 -8.73108909
v 105.77664957 7.82676250 -8.10082559
v 105.89135108 8.48040671 -7.41539641
v 106.01455921 9.07206806 -6.67913365
v 106.14553852 9.59658913 -5.89643218
v 106.28347370 10.04861790 -5.07216399
v 106.42741429 10.42305977 -4.21200895
v 106.57625515 10.71565231 -3.32257106
v 106.72876101 10.92347630 -2.41123196
v 106.88362659 11.04523212 -1.48579176
v 107.03955093 11.08118663 -0.55402467
v 107.19529985 11.03280663 0.37669421
v 107.34973552 10.90220072 1.29956535
v 107.50180491 10.69155641 2.20829618
v 107.65049531 10.40275885 3.09683497
v 107.79477759 10.03731357 3.95903190
v 107.93356334 9.59658913 4.78838283
v 108.06569702 9.08228531 5.57798259
v 108.18999148 8.49695618 6.32073699
v 108.30529852 7.84440192 7.00978471
v 108.41059259 7.12979279 7.63899724
v 108.50503943 6.35948464 8.20338927
v 108.58802584 5.54059332 8.69929656
v 108.65913973 4.68047618 9.12425638
v 108.71810681 3.78629458 9.47662976
v 108.76470626 2.86479391 9.75509710
v 108.79869515 1.92235214 9.95820671
v 108.81976931 0.96524551 10.08414087
v 109.78246619 0.00000000 9.93633562
v 109.77631179 -0.96630931 9.90312941
v 109.75485014 -1.92622375 9.78733272
v 109.71798802 -2.87152033 9.58844253
v 109.66594534 -3.79392017 9.30764537
v 109.59926703 -4.68563459 8.94788140
v 109.51876424 -5.53980467 8.51352718
v 109.42540528 -6.35067428 8.00980734
v 109.32019306 -7.11343364 7.44213301
v 109.20406902 -7.82379435 6.81558371
v 109.07787307 -8.47746009 6.13469135
v 108.94236849 -9.06970281 5.40357403
v 108.79831709 -9.59522316 4.62634225
v 108.64657335 -10.04837580 3.80760626
v 108.48815983 -10.42371000 2.95288341
v 108.32429503 -10.71665978 2.06874808
v 108.15636262 -10.92415775 1.16266585
v 107.98583333 -11.04496600 0.24257216
v 107.81416800 -11.07960934 -0.68365111
v 107.64273635 -11.02993017 -1.60861350
v 107.47277983 -10.89841262 -2.52561684
v 107.30542891 -10.68750184 -3.42856157
v 107.14176457 -10.39914428 -4.31161536
v 106.98289582 -10.03469666 -5.16879441
v 106.83001890 -9.59522316 -5.99364448
v 106.68442956 -9.08206648 -6.77917426
v 106.54747769 -8.49748625 -7.51810043
v 106.42047501 -7.84513945 -8.20334556
v 106.30458527 -7.13023758 -8.82863064
v 106.20073430 -6.35933141 -9.38896035
v 106.10957175 -5.53980467 -9.88082941
v 106.03149906 -4.67925590 -10.30207195
v 105.96675476 -3.78497898 -10.65140096
v 105.91552789 -2.86370749 -10.92779640
v 105.87805949 -1.92168419 -11.12995782
v 105.85469533 -0.96499385 -11.25601955
v 105.84586980 -0.00000000 -11.30363785
v 105.85202420 0.96630931 -11.27043163
v 105.87348585 1.92622375 -11.15463495
v 105.91034797 2.87152033 -10.95574476
v 105.96239065 3.79392017 -10.67494760
v 106.02906896 4.68563459 -10.31518363
v 106.10957175 5.53980467 -9.88082941
v 106.20293071 6.35067428 -9.37710957
v 106.30814293 7.11343364 -8.80943524
v 106.42426697 7.82379435 -8.18288594
v 106.55046292 8.47746009 -7.50199358
v 106.68596750 9.06970281 -6.77087626
v 106.83001890 9.59522316 -5.99364448
v 106.98176264 10.04837580 -5.17490849
v 107.14017616 10.42371000 -4.32018564
v 107.30404096 10.71665978 -3.43605031
v 107.47197337 10.92415775 -2.52996808
v 107.64250266 11.04496600 -1.60987439
v 107.81416800 11.07960934 -0.68365111
v 107.98559964 11.02993017 0.24131127
v 108.15555616 10.89841262 1.15831461
v 108.32290708 10.68750184 2.06125934
v 108.48657142 10.39914428 2.94431313
v 108.64544017 10.03469666 3.80149218
v 108.79831709 9.59522316 4.62634225
v 108.94390643 9.08206648 5.41187203
v 109.08085830 8.49748625 6.15079820
v 109.20786098 7.84513945 6.83604333
v 109.32375072 7.13023758 7.46132841
v 109.42760169 6.35933141 8.02165812
v 109.51876424 5.53980467 8.51352718
v 109.59683693 4.67925590 8.93476972
v 109.66158123 3.78497898 9.28409873
v 109.71280810 2.86370749 9.56049417
v 109.75027650 1.92168419 9.76265559
v 109.77364066 0.96499385 9.88871732
v 110.73380728 0.00000000 9.72804369
v 110.72732463 -0.96632569 9.69618046
v 110.70407518 -1.92640887 9.58190575
v 110.66391142 -2.87187945 9.38449457
v 110.60706236 -3.79428479 9.10507250
v 110.53414887 -4.68571398 8.74669125
v 110.44610990 -5.53929878 8.31396588
v 110.34406520 -6.34940585 7.81240019
v 110.22916114 -7.11144766 7.24762865
v 110.10245011 -7.82138236 6.62482405
v 109.96484103 -8.47509330 5.94845384
v 109.81713186 -9.06789131 5.22244007
v 109.66010604 -9.59434693 4.45063347
v 109.49465277 -10.04854606 3.63740470
v 109.32186400 -10.42471177 2.78812075
v 109.14307102 -10.71800001 1.90932516
v 108.95980722 -10.92520762 1.00855481
v 108.77371101 -11.04515315 0.09386272
v 108.58640479 -11.07859756 -0.82677674
v 108.39939409 -11.02772716 -1.74596371
v 108.21402216 -10.89536993 -2.65709585
v 108.03149369 -10.68420700 -3.55425193
v 107.85295419 -10.39624098 -4.43180164
v 107.67958976 -10.03269242 -5.28391503
v 107.51270355 -9.59434693 -6.10418696
v 107.35373293 -9.08222037 -6.88555251
v 107.20419361 -8.49830290 -7.62056175
v 107.06556439 -7.84612056 -8.30194616
v 106.93914965 -7.13092283 -8.92329443
v 106.82596693 -6.35943917 -9.47960528
v 106.72669969 -5.53929878 -9.96751937
v 106.64173368 -4.67832131 -10.38514064
v 106.57126582 -3.78392227 -10.73150125
v 106.51544838 -2.86282464 -11.00585273
v 106.47451794 -1.92114768 -11.20703223
v 106.44886269 -0.96480111 -11.33313184
v 106.43900231 -0.00000000 -11.38159718
v 106.44548495 0.96632569 -11.34973395
v 106.46873440 1.92640887 -11.23545924
v 106.50889816 2.87187945 -11.03804806
v 106.56574723 3.79428479 -10.75862599
v 106.63866071 4.68571398 -10.40024474
v 106.72669969 5.53929878 -9.96751937
v 106.82874438 6.34940585 -9.46595368
v 106.94364845 7.11144766 -8.90118214
v 107.07035948 7.82138236 -8.27837754
v 107.20796855 8.47509330 -7.60200733
v 107.35567772 9.06789131 -6.87599356
v 107.51270355 9.59434693 -6.10418696
v 107.67815681 10.04854606 -5.29095819
v 107.85094558 10.42471177 -4.44167424
v 108.02973857 10.71800001 -3.56287865
v 108.21300237 10.92520762 -2.66210830
v 108.39909858 11.04515315 -1.74741621
v 108.58640479 11.07859756 -0.82677674
v 108.77341549 11.02772716 0.09241022
v 108.95878742 10.89536993 1.00354236
v 109.14131589 10.68420700 1.90069844
v 109.31985540 10.39624098 2.77824815
v 109.49321982 10.03269242 3.63036154
v 109.66010604 9.59434693 4.45063347
v 109.81907665 9.08222037 5.23199902
v 109.96861597 8.49830290 5.96700826
v 110.10724520 7.84612056 6.64839267
v 110.23365993 7.13092283 7.26974094
v 110.34684265 6.35943917 7.82605179
v 110.44610990 5.53929878 8.31396588
v 110.53107591 4.67832131 8.73158715
v 110.60154377 3.78392227 9.07794776
v 110.65736121 2.86282464 9.35229924
v 110.69829164 1.92114768 9.55347874
v 110.72394690 0.96480111 9.67957835
v 111.68208825 0.00000000 9.50883040
v 111.67526949 -0.96627576 9.47807297
v 111.65023048 -1.92643273 9.36512930
v 111.60677130 -2.87198230 9.16909762
v 111.54513044 -3.79433178 8.89105365
v 111.46600354 -4.68547186 8.53413529
v 111.37045501 -5.53852718 8.10314370
v 111.25975328 -6.34796417 7.60380049
v 111.13518585 -7.10937545 7.04191312
v 110.99791489 -7.81891895 6.42272381
v 110.84891839 -8.47262373 5.75064404
v 110.68903022 -9.06583238 5.02943512
v 110.51905717 -9.59301048 4.26273622
v 110.33992473 -10.04802683 3.45472203
v 110.15279491 -10.42484089 2.61063394
v 109.95911145 -10.71838386 1.73698431
v 109.76055622 -10.92534293 0.84135955
v 109.55893359 -11.04458242 -0.06810136
v 109.35602609 -11.07705437 -0.98335797
v 109.15347424 -11.02522324 -1.89701030
v 108.95272331 -10.89219511 -2.80253923
v 108.75505308 -10.68084192 -3.69417204
v 108.56167468 -10.39321161 -4.56644560
v 108.37385204 -10.03041443 -5.41365880
v 108.19299501 -9.59301048 -6.22945215
v 108.02068133 -9.08175108 -7.00670891
v 107.85859052 -8.49840816 -7.73785332
v 107.70836623 -7.84640156 -8.41547128
v 107.57145187 -7.13101115 -9.03305207
v 107.44895614 -6.35911056 -9.58559462
v 107.34159716 -5.53852718 -10.06985964
v 107.24974704 -4.67725906 -10.48416875
v 107.17356354 -3.78281966 -10.82781032
v 107.11316427 -2.86192297 -11.10025382
v 107.06878238 -1.92058788 -11.30044761
v 107.04084790 -0.96458205 -11.42645188
v 107.02996393 -0.00000000 -11.47554634
v 107.03678268 0.96627576 -11.44478891
v 107.06182169 1.92643273 -11.33184523
v 107.10528087 2.87198230 -11.13581355
v 107.16692173 3.79433178 -10.85776959
v 107.24604863 4.68547186 -10.50085123
v 107.34159716 5.53852718 -10.06985964
v 107.45229889 6.34796417 -9.57051642
v 107.57686632 7.10937545 -9.00862906
v 107.71413728 7.81891895 -8.38943975
v 107.86313378 8.47262373 -7.71735998
v 108.02302195 9.06583238 -6.99615105
v 108.19299501 9.59301048 -6.22945215
v 108.37212744 10.04802683 -5.42143796
v 108.55925726 10.42484089 -4.57734988
v 108.75294072 10.71838386 -3.70370024
v 108.95149595 10.92534293 -2.80807548
v 109.15311858 11.04458242 -1.89861458
v 109.35602609 11.07705437 -0.98335797
v 109.55857793 11.02522324 -0.06970564
v 109.75932886 10.89219511 0.83582330
v 109.95699910 10.68084192 1.72745611
v 110.15037749 10.39321161 2.59972966
v 110.33820013 10.03041443 3.44694286
v 110.51905717 9.59301048 4.26273622
v 110.69137084 9.08175108 5.03999298
v 110.85346166 8.49840816 5.77113739
v 111.00368594 7.84640156 6.44875534
v 111.14060031 7.13101115 7.06633614
v 111.26309604 6.35911056 7.61887868
v 111.37045501 5.53852718 8.10314370
v 111.46230513 4.67725906 8.51745282
v 111.53848863 3.78281966 8.86109439
v 111.59888790 2.86192297 9.13353789
v 111.64326979 1.92058788 9.33373167
v 111.67120427 0.96458205 9.45973595
v 112.62781737 0.00000000 9.28081182
v 112.62062179 -0.96580813 9.25084008
v 112.59376164 -1.92558371 9.13895951
v 112.54699244 -2.87076195 8.94415176
v 112.48056404 -3.79265952 8.66745757
v 112.39524244 -4.68320432 8.31206752
v 112.29220833 -5.53551927 7.88289959
v 112.17286815 -6.34414060 7.38581193
v 112.03864169 -7.10478446 6.82671850
v 111.89079669 -7.81374536 6.21089976
v 111.73038164 -8.46715241 5.54272300
v 111.55827240 -9.06037175 4.82583643
v 111.37530741 -9.58780062 4.06373237
v 111.18245595 -10.04316408 3.26044823
v 110.98095430 -10.42024640 2.42113348
v 110.77235854 -10.71382944 1.55226958
v 110.55849510 -10.92052786 0.66146426
v 110.34132876 -11.03923739 -0.24309865
v 110.12279745 -11.07103854 -1.15334708
v 109.90467502 -11.01858240 -2.06189239
v 109.68851081 -10.88516131 -2.96228110
v 109.47566481 -10.67377466 -3.84884851
v 109.26741976 -10.38650003 -4.71625156
v 109.06512162 -10.02437280 -5.55888396
v 108.87028748 -9.58780062 -6.37042654
v 108.68463160 -9.07735595 -7.14373893
v 108.50999011 -8.49466270 -7.87117311
v 108.34816354 -7.84306749 -8.54522927
v 108.20072851 -7.12786834 -9.15934039
v 108.06888377 -6.35603306 -9.70851326
v 107.95338656 -5.53551927 -10.18959376
v 107.85460432 -4.67444180 -10.60105141
v 107.77266657 -3.78037685 -10.94234668
v 107.70766556 -2.86002930 -11.21309536
v 107.65983556 -1.91934763 -11.41232165
v 107.62964666 -0.96400105 -11.53806748
v 107.61777752 -0.00000000 -11.58750599
v 107.62497310 0.96580813 -11.55753425
v 107.65183325 1.92558371 -11.44565368
v 107.69860245 2.87076195 -11.25084593
v 107.76503085 3.79265952 -10.97415174
v 107.85035245 4.68320432 -10.61876169
v 107.95338656 5.53551927 -10.18959376
v 108.07272675 6.34414060 -9.69250610
v 108.20695320 7.10478446 -9.13341267
v 108.35479820 7.81374536 -8.51759393
v 108.51521325 8.46715241 -7.84941717
v 108.68732249 9.06037175 -7.13253060
v 108.87028748 9.58780062 -6.37042654
v 109.06313894 10.04316408 -5.56714240
v 109.26464059 10.42024640 -4.72782765
v 109.47323636 10.71382944 -3.85896375
v 109.68709979 10.92052786 -2.96815843
v 109.90426613 11.03923739 -2.06359551
v 110.12279745 11.07103854 -1.15334708
v 110.34091988 11.01858240 -0.24480178
v 110.55708408 10.88516131 0.65558693
v 110.76993008 10.67377466 1.54215434
v 110.97817513 10.38650003 2.40955739
v 111.18047327 10.02437280 3.25218979
v 111.37530741 9.58780062 4.06373237
v 111.56096329 9.07735595 4.83704476
v 111.73560478 8.49466270 5.56447894
v 111.89743135 7.84306749 6.23853510
v 112.04486638 7.12786834 6.85264622
v 112.17671112 6.35603306 7.40181909
v 112.29220833 5.53551927 7.88289959
v 112.39099058 4.67444180 8.29435724
v 112.47292832 3.78037685 8.63565251
v 112.53792933 2.86002930 8.90640119
v 112.58575933 1.91934763 9.10562748
v 112.61594823 0.96400105 9.23137331
v 113.56956422 0.00000000 9.03800406
v 113.56199927 -0.96509597 9.00875259
v 113.53333110 -1.92423853 8.89790098
v 113.48326975 -2.86879721 8.70432812
v 113.41207617 -3.79001004 8.42904295
v 113.32058694 -4.67975106 8.07528036
v 113.21009980 -5.53114375 7.64805830
v 113.08215996 -6.33878857 7.15335164
v 112.93832015 -7.09851373 6.59716437
v 112.77995374 -7.80673728 5.98480688
v 112.60817917 -8.45967925 5.32060390
v 112.42391325 -9.05272826 4.60810046
v 112.22802476 -9.58022200 3.85065587
v 112.02152554 -10.03575854 3.05218262
v 111.80572520 -10.41296701 2.21774463
v 111.58229160 -10.70649693 1.35379100
v 111.35319563 -10.91289898 0.46794262
v 111.12056244 -11.03109737 -0.43158317
v 110.88648530 -11.06228750 -1.33669232
v 110.65287097 -11.00928693 -2.24001191
v 110.42137210 -10.87555400 -3.13515162
v 110.19342775 -10.66420145 -4.01654702
v 109.97039113 -10.37733285 -4.87896565
v 109.75368924 -10.01591606 -5.71688967
v 109.54494584 -9.58022200 -6.52404050
v 109.34601156 -9.07066257 -7.29326229
v 109.15887940 -8.48872848 -8.01684867
v 108.98550715 -7.83769972 -8.68722944
v 108.82760477 -7.12288894 -9.29779265
v 108.68646080 -6.35134631 -9.84355585
v 108.56287080 -5.53114375 -10.32144293
v 108.45719631 -4.67049836 -10.73005586
v 108.36953725 -3.77704027 -11.06900830
v 108.29995932 -2.85746417 -11.33804621
v 108.24869726 -1.91765360 -11.53626186
v 108.21626130 -0.96318780 -11.66168245
v 108.20340639 -0.00000000 -11.71138869
v 108.21097133 0.96509597 -11.68213723
v 108.23963951 1.92423853 -11.57128562
v 108.28970085 2.86879721 -11.37771276
v 108.36089444 3.79001004 -11.10242758
v 108.45238366 4.67975106 -10.74866500
v 108.56287080 5.53114375 -10.32144293
v 108.69081064 6.33878857 -9.82673627
v 108.83465045 7.09851373 -9.27054900
v 108.99301687 7.80673728 -8.65819151
v 109.16479144 8.45967925 -7.99398853
v 109.34905735 9.05272826 -7.28148509
v 109.54494584 9.58022200 -6.52404050
v 109.75144507 10.03575854 -5.72556726
v 109.96724540 10.41296701 -4.89112927
v 110.19067901 10.70649693 -4.02717564
v 110.41977497 10.91289898 -3.14132725
v 110.65240816 11.03109737 -2.24180147
v 110.88648530 11.06228750 -1.33669232
v 111.12009963 11.00928693 -0.43337273
v 111.35159850 10.87555400 0.46176699
v 111.57954285 10.66420145 1.34316238
v 111.80257947 10.37733285 2.20558101
v 112.01928136 10.01591606 3.04350504
v 112.22802476 9.58022200 3.85065587
v 112.42695904 9.07066257 4.61987765
v 112.61409120 8.48872848 5.34346403
v 112.78746346 7.83769972 6.01384480
v 112.94536584 7.12288894 6.62440801
v 113.08650980 6.35134631 7.17017122
v 113.21009980 5.53114375 7.64805830
v 113.31577429 4.67049836 8.05667122
v 113.40343335 3.77704027 8.39562367
v 113.47301129 2.85746417 8.66466158
v 113.52427334 1.91765360 8.86287723
v 113.55670931 0.96318780 8.98829781
v 114.50988871 0.00000000 8.79042090
v 114.50184363 -0.96444039 8.76141129
v 114.47127210 -1.92294482 8.65117391
v 114.41785935 -2.86687576 8.45857376
v 114.34188252 -3.78746194 8.18461017
v 114.24423744 -4.67657215 7.83251336
v 114.12631519 -5.52733375 7.40729949
v 113.98977209 -6.33436167 6.91494096
v 113.83627113 -7.09350652 6.36143439
v 113.66728077 -7.80121045 5.75207483
v 113.48399360 -8.45371188 5.09116263
v 113.28738382 -9.04640600 4.38221066
v 113.07837287 -9.57362288 3.62854154
v 112.85803540 -10.02894134 2.83403031
v 112.62776609 -10.40596615 2.00370599
v 112.38934486 -10.69932600 1.14398682
v 112.14487761 -10.90556201 0.26246639
v 111.89663599 -11.02360405 -0.63266398
v 111.64685703 -11.05466749 -1.53333782
v 111.39757669 -11.00159824 -2.43221369
v 111.15055714 -10.86788250 -3.32293739
v 110.90733061 -10.65665166 -4.19998392
v 110.66933708 -10.37001279 -5.05816088
v 110.43809646 -10.00892112 -5.89198761
v 110.21534119 -9.57362288 -6.69521717
v 110.00304880 -9.06450095 -7.46071880
v 109.80335102 -8.48302133 -8.18080574
v 109.61834254 -7.83245024 -8.84792475
v 109.44985212 -7.11810007 -9.45548160
v 109.29925558 -6.34703190 -9.99851515
v 109.16739886 -5.52733375 -10.47397512
v 109.05466163 -4.66723657 -10.88049247
v 108.96114304 -3.77437598 -11.21770959
v 108.88690687 -2.85544121 -11.48539657
v 108.83220051 -1.91630091 -11.68266133
v 108.79756968 -0.96251513 -11.80753609
v 108.78382535 -0.00000000 -11.85709653
v 108.79187043 0.96444039 -11.82808693
v 108.82244196 1.92294482 -11.71784955
v 108.87585471 2.86687576 -11.52524939
v 108.95183154 3.78746194 -11.25128580
v 109.04947662 4.67657215 -10.89918899
v 109.16739886 5.52733375 -10.47397512
v 109.30394197 6.33436167 -9.98161659
v 109.45744293 7.09350652 -9.42811002
v 109.62643329 7.80121045 -8.81875047
v 109.80972046 8.45371188 -8.15783826
v 110.00633024 9.04640600 -7.44888630
v 110.21534119 9.57362288 -6.69521717
v 110.43567865 10.02894134 -5.90070595
v 110.66594797 10.40596615 -5.07038162
v 110.90436920 10.69932600 -4.21066245
v 111.14883645 10.90556201 -3.32914202
v 111.39707807 11.02360405 -2.43401166
v 111.64685703 11.05466749 -1.53333782
v 111.89613737 11.00159824 -0.63446194
v 112.14315691 10.86788250 0.25626175
v 112.38638345 10.65665166 1.13330829
v 112.62437698 10.37001279 1.99148525
v 112.85561760 10.00892112 2.82531198
v 113.07837287 9.57362288 3.62854154
v 113.29066526 9.06450095 4.39404317
v 113.49036304 8.48302133 5.11413011
v 113.67537152 7.83245024 5.78124912
v 113.84386194 7.11810007 6.38880597
v 113.99445847 6.34703190 6.93183952
v 114.12631519 5.52733375 7.40729949
v 114.23905243 4.66723657 7.81381683
v 114.33257102 3.77437598 8.15103396
v 114.40680719 2.85544121 8.41872094
v 114.46151354 1.91630091 8.61598569
v 114.49614438 0.96251513 8.74086046
v 115.44789218 0.00000000 8.53386100
v 115.43928204 -0.96381934 8.50479365
v 115.40673602 -1.92168067 8.39492011
v 115.34993048 -2.86497696 8.20314782
v 115.26916275 -3.78497205 7.93048053
v 115.16537896 -4.67356072 7.58011233
v 115.04004522 -5.52387630 7.15699273
v 114.89490735 -6.33051633 6.66701549
v 114.73172100 -7.08929635 6.11610761
v 114.55204144 -7.79661893 5.50951956
v 114.35713851 -8.44869439 4.85153831
v 114.14805647 -9.04091428 4.14568918
v 113.92578660 -9.56763440 3.39531866
v 113.69148191 -10.02248331 2.60431930
v 113.44663107 -10.39912525 1.77771670
v 113.19312618 -10.69223959 0.92189853
v 112.93320063 -10.89839267 0.04440460
v 112.66926169 -11.01650552 -0.84663834
v 112.40368101 -11.04775260 -1.74322368
v 112.13862072 -10.99491961 -2.63805224
v 111.87595719 -10.86143215 -3.52478945
v 111.61732652 -10.65037953 -4.39791196
v 111.36426799 -10.36385793 -5.25222324
v 111.11840345 -10.00284511 -6.08224802
v 110.88157543 -9.56763440 -6.88176602
v 110.65588088 -9.05866397 -7.64369803
v 110.44357607 -8.47744458 -8.36042708
v 110.24687671 -7.82726262 -9.02447297
v 110.06771890 -7.11342062 -9.62929961
v 109.90756374 -6.34294480 -10.16997436
v 109.76731680 -5.52387630 -10.64344009
v 109.64739438 -4.66440328 -11.04829141
v 109.54791720 -3.77213580 -11.38412074
v 109.46896610 -2.85376059 -11.65065520
v 109.41081049 -1.91516354 -11.84698523
v 109.37402798 -0.96193082 -11.97116089
v 109.35946984 -0.00000000 -12.02030836
v 109.36807998 0.96381934 -11.99124101
v 109.40062601 1.92168067 -11.88136747
v 109.45743155 2.86497696 -11.68959519
v 109.53819928 3.78497205 -11.41692789
v 109.64198307 4.67356072 -11.06655970
v 109.76731680 5.52387630 -10.64344009
v 109.91245467 6.33051633 -10.15346286
v 110.07564102 7.08929635 -9.60255498
v 110.25532059 7.79661893 -8.99596692
v 110.45022351 8.44869439 -8.33798567
v 110.65930555 9.04091428 -7.63213655
v 110.88157543 9.56763440 -6.88176602
v 111.11588011 10.02248331 -6.09076667
v 111.36073095 10.39912525 -5.26416407
v 111.61423585 10.69223959 -4.40834589
v 111.87416139 10.89839267 -3.53085197
v 112.13810033 11.01650552 -2.63980902
v 112.40368101 11.04775260 -1.74322368
v 112.66874131 10.99491961 -0.84839513
v 112.93140483 10.86143215 0.03834209
v 113.19003550 10.65037953 0.91146459
v 113.44309404 10.36385793 1.76577588
v 113.68895858 10.00284511 2.59580066
v 113.92578660 9.56763440 3.39531866
v 114.15148114 9.05866397 4.15725066
v 114.36378596 8.47744458 4.87397972
v 114.56048531 7.82726262 5.53802561
v 114.73964312 7.11342062 6.14285224
v 114.89979828 6.34294480 6.68352699
v 115.04004522 5.52387630 7.15699273
v 115.15996764 4.66440328 7.56184405
v 115.25944482 3.77213580 7.89767338
v 115.33839593 2.85376059 8.16420783
v 115.39655153 1.91516354 8.36053787
v 115.43333404 0.96193082 8.48471353
v 116.38382655 0.00000000 8.26876711
v 116.37454393 -0.96332497 8.23932637
v 116.33993207 -1.92062728 8.12955158
v 116.27967856 -2.86336958 7.93845187
v 116.19410591 -3.78289727 7.66705009
v 116.08419943 -4.67116351 7.31847127
v 115.95147716 -5.52130924 6.89753000
v 115.79774739 -6.32788021 6.40996147
v 115.62483631 -7.08659537 5.86155758
v 115.43437565 -7.79374965 5.25749356
v 115.22771656 -8.44547549 4.60205467
v 115.00598930 -9.03714950 3.89882563
v 114.77027663 -9.56318812 3.15124056
v 114.52182966 -10.01734247 2.36326743
v 114.26224233 -10.39342483 1.53996161
v 113.99351914 -10.68624074 0.68768053
v 113.71801170 -10.89241857 -0.18611743
v 113.43824924 -11.01085481 -1.07341060
v 113.15672671 -11.04261848 -1.96628598
v 112.87572867 -10.99034115 -2.85749790
v 112.59725169 -10.85729400 -3.74071406
v 112.32304934 -10.64646001 -4.61037280
v 112.05477603 -10.35990936 -5.46122704
v 111.79416701 -9.99867976 -6.28777326
v 111.54317679 -9.56318812 -7.08381253
v 111.30401245 -9.05401750 -7.84234492
v 111.07903698 -8.47279755 -8.55587595
v 110.87056729 -7.82287116 -9.21705733
v 110.68063250 -7.10952130 -9.81945350
v 110.51077652 -6.33969130 -10.35816785
v 110.36197627 -5.52130924 -10.83010196
v 110.23470799 -4.66246094 -11.23374536
v 110.12914209 -3.77069864 -11.56855763
v 110.04540040 -2.85271036 -11.83415235
v 109.98378618 -1.91443387 -12.02956769
v 109.94490442 -0.96153026 -12.15288487
v 109.92962687 -0.00000000 -12.20133907
v 109.93890950 0.96332497 -12.17189833
v 109.97352136 1.92062728 -12.06212354
v 110.03377486 2.86336958 -11.87102384
v 110.11934752 3.78289727 -11.59962206
v 110.22925400 4.67116351 -11.25104323
v 110.36197627 5.52130924 -10.83010196
v 110.51570603 6.32788021 -10.34253344
v 110.68861712 7.08659537 -9.79412955
v 110.87907777 7.79374965 -9.19006552
v 111.08573686 8.44547549 -8.53462663
v 111.30746413 9.03714950 -7.83139759
v 111.54317679 9.56318812 -7.08381253
v 111.79162377 10.01734247 -6.29583939
v 112.05121109 10.39342483 -5.47253357
v 112.31993429 10.68624074 -4.62025249
v 112.59544172 10.89241857 -3.74645454
v 112.87520419 11.01085481 -2.85916137
v 113.15672671 11.04261848 -1.96628598
v 113.43772475 10.99034115 -1.07507406
v 113.71620174 10.85729400 -0.19185790
v 113.99040409 10.64646001 0.67780084
v 114.25867740 10.35990936 1.52865508
v 114.51928642 9.99867976 2.35520130
v 114.77027663 9.56318812 3.15124056
v 115.00944098 9.05401750 3.90977296
v 115.23441645 8.47279755 4.62330399
v 115.44288614 7.82287116 5.28448536
v 115.63282092 7.10952130 5.88688154
v 115.80267690 6.33969130 6.42559588
v 115.95147716 5.52130924 6.89753000
v 116.07874543 4.66246094 7.30117340
v 116.18431133 3.77069864 7.63598566
v 116.26805303 2.85271036 7.90158038
v 116.32966725 1.91443387 8.09699573
v 116.36854901 0.96153026 8.22031291
v 117.31300454 0.00000000 7.98070958
v 117.30312575 -0.96301541 7.95118498
v 117.26652627 -1.91997788 7.84180066
v 117.20289165 -2.86238385 7.65161683
v 117.11256607 -3.78161821 7.38166212
v 116.99658097 -4.66966246 7.03501920
v 116.85652097 -5.51966172 6.61642398
v 116.69427399 -6.32613752 6.13151887
v 116.51175058 -7.08476321 5.58601392
v 116.31066507 -7.79178281 4.98503265
v 116.09244650 -8.44329201 4.33284611
v 115.85829994 -9.03466068 3.63305580
v 115.60938465 -9.56033454 2.88912641
v 115.34703602 -10.01412346 2.10504902
v 115.07294497 -10.38991063 1.28587723
v 114.78922724 -10.68256198 0.43793429
v 114.49835768 -10.88873565 -0.43138318
v 114.20299532 -11.00731654 -1.31412822
v 113.90576475 -11.03932344 -2.20245677
v 113.60907429 -10.98731442 -3.08917107
v 113.31503572 -10.85448697 -3.96795974
v 113.02551014 -10.64377325 -4.83326048
v 112.74225569 -10.35723092 -5.67981880
v 112.46711250 -9.99592614 -6.50213510
v 112.20214485 -9.56033454 -7.29403994
v 111.94967502 -9.05110804 -8.04859273
v 111.71218345 -8.46993275 -8.75838019
v 111.49210034 -7.82017812 -9.41613930
v 111.29155636 -7.10711744 -10.01550206
v 111.11217910 -6.33765408 -10.55160419
v 110.95500853 -5.51966172 -11.02133751
v 110.82056505 -4.66117691 -11.42314671
v 110.70904988 -3.76972376 -11.75643042
v 110.62060982 -2.85199045 -12.02074991
v 110.55557393 -1.91393892 -12.21512168
v 110.51457731 -0.96126545 -12.33764767
v 110.49852495 -0.00000000 -12.38562311
v 110.50840374 0.96301541 -12.35609851
v 110.54500323 1.91997788 -12.24671419
v 110.60863784 2.86238385 -12.05653036
v 110.69896343 3.78161821 -11.78657565
v 110.81494852 4.66966246 -11.43993273
v 110.95500853 5.51966172 -11.02133751
v 111.11725551 6.32613752 -10.53643240
v 111.29977891 7.08476321 -9.99092745
v 111.50086443 7.79178281 -9.38994619
v 111.71908299 8.44329201 -8.73775965
v 111.95322956 9.03466068 -8.03796933
v 112.20214485 9.56033454 -7.29403994
v 112.46449347 10.01412346 -6.50996255
v 112.73858452 10.38991063 -5.69079076
v 113.02230226 10.68256198 -4.84284783
v 113.31317181 10.88873565 -3.97353035
v 113.60853417 11.00731654 -3.09078531
v 113.90576475 11.03932344 -2.20245677
v 114.20245520 10.98731442 -1.31574246
v 114.49649378 10.85448697 -0.43695379
v 114.78601936 10.64377325 0.42834695
v 115.06927381 10.35723092 1.27490526
v 115.34441699 9.99592614 2.09722157
v 115.60938465 9.56033454 2.88912641
v 115.86185448 9.05110804 3.64367919
v 116.09934604 8.46993275 4.35346666
v 116.31942916 7.82017812 5.01122577
v 116.51997313 7.10711744 5.61058853
v 116.69935040 6.33765408 6.14669065
v 116.85652097 5.51966172 6.61642398
v 116.99096444 4.66117691 7.01823318
v 117.10247962 3.76972376 7.35151689
v 117.19091968 2.85199045 7.61583637
v 117.25595556 1.91393892 7.81020814
v 117.29695218 0.96126545 7.93273413
v 118.23637375 0.00000000 7.67434193
v 118.22592410 -0.96275135 7.64483304
v 118.18736867 -1.91943057 7.53595586
v 118.12038703 -2.86155654 7.34680553
v 118.02534388 -3.78054022 7.07841195
v 117.90331868 -4.66838202 6.73382343
v 117.75596673 -5.51823020 6.31771436
v 117.58526038 -6.32459098 5.83565449
v 117.39319834 -7.08310852 5.29328802
v 117.18157897 -7.78999414 4.69569336
v 116.95190794 -8.44132003 4.04712237
v 116.70546141 -9.03245201 3.35117885
v 116.44347035 -9.55785508 2.61133892
v 116.16734999 -10.01137755 1.83159908
v 115.87888530 -10.38694888 1.01699991
v 115.58030244 -10.67947439 0.17382792
v 115.27420052 -10.88563171 -0.69057723
v 114.96337017 -11.00429830 -1.56833506
v 114.65056695 -11.03646041 -2.45166410
v 114.33832286 -10.98462839 -3.33341421
v 114.02886289 -10.85195184 -4.20730221
v 113.72415225 -10.64132988 -5.06777850
v 113.42604899 -10.35481193 -5.90959615
v 113.13649512 -9.99348246 -6.72727105
v 112.85766355 -9.55785508 -7.51466711
v 112.59199284 -9.04862620 -8.26489806
v 112.34208357 -8.46751831 -8.97062005
v 112.11048236 -7.81791785 -9.62464170
v 111.89942359 -7.10509149 -10.22065327
v 111.71061844 -6.33591628 -10.75382259
v 111.54516717 -5.51823020 -11.22104256
v 111.40362943 -4.66003740 -11.62073280
v 111.28623150 -3.76884332 -11.95225434
v 111.19314023 -2.85133575 -12.21513595
v 111.12470800 -1.91349190 -12.40838262
v 111.08160066 -0.96103046 -12.53011400
v 111.06476015 -0.00000000 -12.57767013
v 111.07520980 0.96275135 -12.54816124
v 111.11376523 1.91943057 -12.43928406
v 111.18074687 2.86155654 -12.25013372
v 111.27579002 3.78054022 -11.98174014
v 111.39781522 4.66838202 -11.63715163
v 111.54516717 5.51823020 -11.22104256
v 111.71587352 6.32459098 -10.73898268
v 111.90793556 7.08310852 -10.19661622
v 112.11955493 7.78999414 -9.59902155
v 112.34922596 8.44132003 -8.95045057
v 112.59567249 9.03245201 -8.25450704
v 112.85766355 9.55785508 -7.51466711
v 113.13378391 10.01137755 -6.73492728
v 113.42224860 10.38694888 -5.92032811
v 113.72083146 10.67947439 -5.07715612
v 114.02693338 10.88563171 -4.21275097
v 114.33776373 11.00429830 -3.33499314
v 114.65056695 11.03646041 -2.45166410
v 114.96281104 10.98462839 -1.56991399
v 115.27227101 10.85195184 -0.69602598
v 115.57698165 10.64132988 0.16445030
v 115.87508491 10.35481193 1.00626796
v 116.16463878 9.99348246 1.82394285
v 116.44347035 9.55785508 2.61133892
v 116.70914106 9.04862620 3.36156986
v 116.95905033 8.46751831 4.06729185
v 117.19065154 7.81791785 4.72131350
v 117.40171031 7.10509149 5.31732508
v 117.59051546 6.33591628 5.85049439
v 117.75596673 5.51823020 6.31771436
v 117.89750447 4.66003740 6.71740460
v 118.01490240 3.76884332 7.04892614
v 118.10799367 2.85133575 7.31180776
v 118.17642590 1.91349190 7.50505443
v 118.21953324 0.96103046 7.62678580
v 119.15185036 0.00000000 7.34526937
v 119.14093080 -0.96257259 7.31606365
v 119.10052106 -1.91908931 7.20798292
v 119.03027710 -2.86105602 7.02010690
v 118.93057952 -3.77986805 6.75345360
v 118.80256511 -4.66751520 6.41106351
v 118.64797942 -5.51714606 5.99760531
v 118.46890220 -6.32328008 5.51864153
v 118.26743890 -7.08158428 4.97980345
v 118.04548012 -7.78829517 4.38614773
v 117.80460377 -8.43950351 3.74189466
v 117.54614228 -9.03057984 3.05060801
v 117.27137841 -9.55597729 2.31571865
v 116.98178901 -10.00951865 1.54117662
v 116.67924209 -10.38510213 0.73197812
v 116.36607288 -10.67760642 -0.10563098
v 116.04501159 -10.88369629 -0.96434839
v 115.71899107 -11.00225503 -1.83632989
v 115.39090645 -11.03429212 -2.71383206
v 115.06341535 -10.98235159 -3.58974681
v 114.73884948 -10.84961657 -4.45783765
v 114.41926505 -10.63900905 -5.31260503
v 114.10660493 -10.35258364 -6.14885251
v 113.80290185 -9.99141110 -6.96114330
v 113.51043449 -9.55597729 -7.74338278
v 113.23176466 -9.04694606 -8.48871910
v 112.96962747 -8.46601282 -9.18983687
v 112.72670223 -7.81655040 -9.83956994
v 112.50533853 -7.10382823 -10.43163405
v 112.30733241 -6.33473983 -10.96122547
v 112.13383348 -5.51714606 -11.42526944
v 111.98541959 -4.65907151 -11.82222040
v 111.86231703 -3.76803229 -12.15147317
v 111.76469138 -2.85071388 -12.41258483
v 111.69290761 -1.91308013 -12.60457924
v 111.64766602 -0.96083126 -12.72558337
v 111.62996254 -0.00000000 -12.77293350
v 111.64088210 0.96257259 -12.74372778
v 111.68129183 1.91908931 -12.63564705
v 111.75153580 2.86105602 -12.44777103
v 111.85123338 3.77986805 -12.18111773
v 111.97924779 4.66751520 -11.83872764
v 112.13383348 5.51714606 -11.42526944
v 112.31291070 6.32328008 -10.94630566
v 112.51437400 7.08158428 -10.40746758
v 112.73633278 7.78829517 -9.81381186
v 112.97720913 8.43950351 -9.16955879
v 113.23567062 9.03057984 -8.47827214
v 113.51043449 9.55597729 -7.74338278
v 113.80002389 10.00951865 -6.96884075
v 114.10257081 10.38510213 -6.15964225
v 114.41574002 10.67760642 -5.32203315
v 114.73680130 10.88369629 -4.46331574
v 115.06282183 11.00225503 -3.59133424
v 115.39090645 11.03429212 -2.71383206
v 115.71839755 10.98235159 -1.83791732
v 116.04296342 10.84961657 -0.96982648
v 116.36254785 10.63900905 -0.11505909
v 116.67520797 10.35258364 0.72118838
v 116.97891105 9.99141110 1.53347917
v 117.27137841 9.55597729 2.31571865
v 117.55004824 9.04694606 3.06105497
v 117.81218543 8.46601282 3.76217274
v 118.05511067 7.81655040 4.41190581
v 118.27647437 7.10382823 5.00396992
v 118.47448049 6.33473983 5.53356134
v 118.64797942 5.51714606 5.99760531
v 118.79639330 4.65907151 6.39455628
v 118.91949587 3.76803229 6.72380904
v 119.01712152 2.85071388 6.98492070
v 119.08890529 1.91308013 7.17691511
v 119.13414688 0.96083126 7.29791924
v 120.06028501 0.00000000 6.99746767
v 120.04894929 -0.96250082 6.96869028
v 120.00674398 -1.91897681 6.86154586
v 119.93329232 -2.86090497 6.67507794
v 119.82898836 -3.77964647 6.41028693
v 119.69503086 -4.66716721 6.07021600
v 119.53326548 -5.51661446 5.65955066
v 119.34589087 -6.32253271 5.18387251
v 119.13512847 -7.08063389 4.64882097
v 118.90296507 -7.78720424 4.05943984
v 118.65104833 -8.43837087 3.41991194
v 118.38075907 -9.02951248 2.73374267
v 118.09342137 -9.55505653 2.00429343
v 117.79056408 -10.00877239 1.23544541
v 117.47413227 -10.38449334 0.43213647
v 117.14656919 -10.67704270 -0.39943087
v 116.81073926 -10.88305827 -1.25198481
v 116.46972253 -11.00143476 -2.11770622
v 116.12655773 -11.03322892 -2.98888081
v 115.78402868 -10.98105354 -3.85844146
v 115.44457011 -10.84816049 -4.72020724
v 115.11032211 -10.63751882 -5.56874522
v 114.78330434 -10.35119426 -6.39892820
v 114.46563411 -9.99023018 -7.20538106
v 114.15969409 -9.55505653 -7.98205505
v 113.86817252 -9.04627157 -8.72212567
v 113.59394602 -8.46551653 -9.41829020
v 113.33983460 -7.81613773 -10.06338961
v 113.10830862 -7.10341180 -10.65115255
v 112.90124939 -6.33426754 -11.17680303
v 112.71984998 -5.51661446 -11.63731228
v 112.56469553 -4.65852084 -12.03119477
v 112.43599937 -3.76752660 -12.35790902
v 112.33391477 -2.85031458 -12.61706587
v 112.25881374 -1.91282338 -12.80772094
v 112.21143277 -0.96071770 -12.92800454
v 112.19283045 -0.00000000 -12.97522928
v 112.20416617 0.96250082 -12.94645189
v 112.24637147 1.91897681 -12.83930748
v 112.31982314 2.86090497 -12.65283955
v 112.42412710 3.77964647 -12.38804854
v 112.55808460 4.66716721 -12.04797762
v 112.71984998 5.51661446 -11.63731228
v 112.90722458 6.32253271 -11.16163412
v 113.11798699 7.08063389 -10.62658258
v 113.35015039 7.78720424 -10.03720146
v 113.60206713 8.43837087 -9.39767355
v 113.87235639 9.02951248 -8.71150429
v 114.15969409 9.55505653 -7.98205505
v 114.46255138 10.00877239 -7.21320703
v 114.77898319 10.38449334 -6.40989809
v 115.10654627 10.67704270 -5.57833075
v 115.44237620 10.88305827 -4.72577680
v 115.78339293 11.00143476 -3.86005539
v 116.12655773 11.03322892 -2.98888081
v 116.46908678 10.98105354 -2.11932016
v 116.80854535 10.84816049 -1.25755437
v 117.14279335 10.63751882 -0.40901640
v 117.46981112 10.35119426 0.42116659
v 117.78748135 9.99023018 1.22761944
v 118.09342137 9.55505653 2.00429343
v 118.38494294 9.04627157 2.74436406
v 118.65916944 8.46551653 3.44052858
v 118.91328086 7.81613773 4.08562800
v 119.14480683 7.10341180 4.67339093
v 119.35186607 6.33426754 5.19904142
v 119.53326548 5.51661446 5.65955066
v 119.68841992 4.65852084 6.05343316
v 119.81711609 3.76752660 6.38014740
v 119.91920069 2.85031458 6.63930425
v 119.99430172 1.91282338 6.82995933
v 120.04168268 0.96071770 6.95024292
v 120.96133711 0.00000000 6.63130347
v 120.94964167 -0.96239495 6.60306818
v 120.90570241 -1.91881063 6.49698941
v 120.82910035 -2.86068172 6.31205569
v 120.72024047 -3.77931918 6.04924468
v 120.58038830 -4.66665383 5.71161169
v 120.41149996 -5.51583099 5.30387915
v 120.21590508 -6.32143194 4.83167135
v 119.99595080 -7.07923457 4.30065474
v 119.75372424 -7.78559818 3.71586811
v 119.49094020 -8.43670324 3.08145129
v 119.20901961 -9.02794042 2.40083478
v 118.90931691 -9.55369952 1.67728847
v 118.59340283 -10.00767144 0.91460441
v 118.26329325 -10.38359410 0.11764939
v 117.92153828 -10.67620951 -0.70742009
v 117.57113986 -10.88211587 -1.55335672
v 117.21533050 -11.00022462 -2.41235651
v 116.85729670 -11.03166197 -3.27672654
v 116.49994912 -10.97914172 -4.13943994
v 116.14582158 -10.84601661 -4.99437943
v 115.79713064 -10.63532490 -5.83619383
v 115.45596427 -10.34914860 -6.65984231
v 115.12451798 -9.98849086 -7.46002444
v 114.80527650 -9.55369952 -8.23074155
v 114.50105786 -9.04527649 -8.96519032
v 114.21488755 -8.46478347 -9.65606657
v 113.94973464 -7.81552780 -10.29620232
v 113.70819610 -7.10279669 -10.87932794
v 113.49223890 -6.33357079 -11.40069474
v 113.30309345 -5.51583099 -11.85733224
v 113.14134074 -4.65770978 -12.24783783
v 113.00716749 -3.76678204 -12.57176071
v 112.90070310 -2.84972672 -12.82878848
v 112.82232078 -1.91244536 -13.01802015
v 112.77279508 -0.96055044 -13.13758577
v 112.75325629 -0.00000000 -13.18475656
v 112.76495174 0.96239495 -13.15652127
v 112.80889100 1.91881063 -13.05044250
v 112.88549306 2.86068172 -12.86550878
v 112.99435294 3.77931918 -12.60269777
v 113.13420510 4.66665383 -12.26506478
v 113.30309345 5.51583099 -11.85733224
v 113.49868833 6.32143194 -11.38512444
v 113.71864261 7.07923457 -10.85410782
v 113.96086916 7.78559818 -10.26932120
v 114.22365321 8.43670324 -9.63490438
v 114.50557380 9.02794042 -8.95428787
v 114.80527650 9.55369952 -8.23074155
v 115.12119058 10.00767144 -7.46805750
v 115.45130016 10.38359410 -6.67110247
v 115.79305512 10.67620951 -5.84603300
v 116.14345355 10.88211587 -5.00009637
v 116.49926291 11.00022462 -4.14109658
v 116.85729670 11.03166197 -3.27672654
v 117.21464429 10.97914172 -2.41401315
v 117.56877183 10.84601661 -1.55907366
v 117.91746276 10.63532490 -0.71725926
v 118.25862914 10.34914860 0.10638922
v 118.59007543 9.98849086 0.90657135
v 118.90931691 9.55369952 1.67728847
v 119.21353555 9.04527649 2.41173723
v 119.49970586 8.46478347 3.10261348
v 119.76485877 7.81552780 3.74274923
v 120.00639731 7.10279669 4.32587485
v 120.22235451 6.33357079 4.84724165
v 120.41149996 5.51583099 5.30387915
v 120.57325267 4.65770978 5.69438474
v 120.70742592 3.76678204 6.01830762
v 120.81389030 2.84972672 6.27533539
v 120.89227263 1.91244536 6.46456706
v 120.94179833 0.96055044 6.58413268
v 121.85635287 0.00000000 6.25098534
v 121.84428655 -0.96230436 6.22323470
v 121.79861320 -1.91866683 6.11819320
v 121.71887447 -2.86048740 5.93480667
v 121.60548675 -3.77903594 5.67403278
v 121.45978058 -4.66621455 5.33893152
v 121.28381885 -5.51516695 4.93424725
v 121.08005796 -6.32050462 4.46562927
v 120.85096710 -7.07805953 3.93875638
v 120.59873181 -7.78425087 3.35865491
v 120.32513403 -8.43530288 2.72942310
v 120.03163660 -9.02661607 2.05442522
v 119.71962683 -9.55254936 1.33685187
v 119.39071952 -10.00672940 0.58041686
v 119.04700234 -10.38281592 -0.21007854
v 118.69113159 -10.67548431 -1.02852523
v 118.32624462 -10.88130032 -1.86770780
v 117.95572373 -10.99918914 -2.71984752
v 117.58290078 -11.03033389 -3.57728159
v 117.21081195 -10.97753114 -4.43302733
v 116.84209029 -10.84421635 -5.28102908
v 116.47903001 -10.63348444 -6.11601055
v 116.12378895 -10.34743081 -6.93300907
v 115.77864174 -9.98702560 -7.72679332
v 115.44617474 -9.55254936 -8.49141506
v 115.12933376 -9.04442504 -9.22009943
v 114.83128992 -8.46414909 -9.90555333
v 114.55515790 -7.81499691 -10.54061349
v 114.30365865 -7.10226438 -11.11902217
v 114.07884393 -6.33297459 -11.63606064
v 113.88198271 -5.51516695 -12.08881044
v 113.71365477 -4.65702652 -12.47593820
v 113.57402397 -3.76615681 -12.79706706
v 113.46319899 -2.84923357 -13.05194706
v 113.38155570 -1.91212793 -13.23971376
v 113.32990592 -0.96040953 -13.35850013
v 113.30944869 -0.00000000 -13.40554853
v 113.32151502 0.96230436 -13.37779789
v 113.36718836 1.91866683 -13.27275639
v 113.44692709 2.86048740 -13.08936986
v 113.56031481 3.77903594 -12.82859596
v 113.70602098 4.66621455 -12.49349471
v 113.88198271 5.51516695 -12.08881044
v 114.08574361 6.32050462 -11.62019246
v 114.31483446 7.07805953 -11.09331957
v 114.56706976 7.78425087 -10.51321810
v 114.84066754 8.43530288 -9.88398629
v 115.13416497 9.02661607 -9.20898841
v 115.44617474 9.55254936 -8.49141506
v 115.77508204 10.00672940 -7.73498005
v 116.11879922 10.38281592 -6.94448465
v 116.47466997 10.67548431 -6.12603796
v 116.83955694 10.88130032 -5.28685539
v 117.21007784 10.99918914 -4.43471567
v 117.58290078 11.03033389 -3.57728159
v 117.95498962 10.97753114 -2.72153586
v 118.32371127 10.84421635 -1.87353410
v 118.68677155 10.63348444 -1.03855263
v 119.04201262 10.34743081 -0.22155412
v 119.38715983 9.98702560 0.57223013
v 119.71962683 9.55254936 1.33685187
v 120.03646781 9.04442504 2.06553624
v 120.33451164 8.46414909 2.75099014
v 120.61064366 7.81499691 3.38605030
v 120.86214291 7.10226438 3.96445898
v 121.08695764 6.33297459 4.48149745
v 121.28381885 5.51516695 4.93424725
v 121.45214679 4.65702652 5.32137501
v 121.59177760 3.76615681 5.64250387
v 121.70260257 2.84923357 5.89738387
v 121.78424586 1.91212793 6.08515057
v 121.83589565 0.96040953 6.20393695
v 122.74455769 0.00000000 5.85532762
v 122.73213039 -0.96193972 5.82805841
v 122.68474265 -1.91797565 5.72407551
v 122.60189571 -2.85947648 5.54228448
v 122.48401700 -3.77767459 5.28362326
v 122.33250223 -4.66444643 4.95115443
v 122.14952174 -5.51293615 4.54964041
v 121.93765943 -6.31778618 4.08475100
v 121.69950705 -7.07488232 3.56217329
v 121.43734838 -7.78070309 2.98691859
v 121.15303178 -8.43151642 2.36304274
v 120.84806059 -9.02273373 1.69384454
v 120.52385331 -9.54868550 0.98243661
v 120.18206723 -10.00293764 0.23245550
v 119.82486047 -10.37907563 -0.55136321
v 119.45499466 -10.67171152 -1.36295964
v 119.07574213 -10.87738046 -2.19515338
v 118.69063461 -10.99502132 -3.04019471
v 118.30314894 -11.02587229 -3.89045441
v 117.91644605 -10.97280971 -4.73899645
v 117.53325706 -10.83934857 -5.57982795
v 117.15595232 -10.62863808 -6.40774763
v 116.78675795 -10.34278603 -7.21787074
v 116.42802634 -9.98273019 -8.00503541
v 116.08244456 -9.54868550 -8.76334542
v 115.75308578 -9.04099792 -9.48605731
v 115.44326675 -8.46109998 -10.16589312
v 115.15624789 -7.81223504 -10.79569853
v 114.89487407 -7.09970587 -11.36923104
v 114.66128132 -6.33057490 -11.88180354
v 114.45677613 -5.51293615 -12.33054922
v 114.28193555 -4.65502354 -12.71420185
v 114.13689894 -3.76446625 -13.03245565
v 114.02175288 -2.84793499 -13.28512063
v 113.93687511 -1.91126961 -13.47136789
v 113.88311470 -0.95999646 -13.58933436
v 113.86174019 -0.00000000 -13.63623643
v 113.87416748 0.96193972 -13.60896722
v 113.92155522 1.91797565 -13.50498432
v 114.00440216 2.85947648 -13.32319330
v 114.12228088 3.77767459 -13.06453207
v 114.27379565 4.66444643 -12.73206324
v 114.45677613 5.51293615 -12.33054922
v 114.66863844 6.31778618 -11.86565981
v 114.90679082 7.07488232 -11.34308210
v 115.16894949 7.78070309 -10.76782740
v 115.45326610 8.43151642 -10.14395156
v 115.75823729 9.02273373 -9.47475335
v 116.08244456 9.54868550 -8.76334542
v 116.42423064 10.00293764 -8.01336432
v 116.78143741 10.37907563 -7.22954560
v 117.15130321 10.67171152 -6.41794917
v 117.53055575 10.87738046 -5.58575544
v 117.91566327 10.99502132 -4.74071410
v 118.30314894 11.02587229 -3.89045441
v 118.68985183 10.97280971 -3.04191236
v 119.07304082 10.83934857 -2.20108086
v 119.45034556 10.62863808 -1.37316118
v 119.81953992 10.34278603 -0.56303807
v 120.17827153 9.98273019 0.22412660
v 120.52385331 9.54868550 0.98243661
v 120.85321210 9.04099792 1.70514850
v 121.16303113 8.46109998 2.38498431
v 121.45004999 7.81223504 3.01478972
v 121.71142381 7.09970587 3.58832223
v 121.94501656 6.33057490 4.10089473
v 122.14952174 5.51293615 4.54964041
v 122.32436232 4.65502354 4.93329304
v 122.46939893 3.76446625 5.25154684
v 122.58454500 2.84793499 5.50421182
v 122.66942277 1.91126961 5.69045908
v 122.72318318 0.95999646 5.80842554
v 123.62633011 0.00000000 5.44578907
v 123.61352489 -0.96159198 5.41894236
v 123.56441812 -1.91730963 5.31598787
v 123.47847456 -2.85849842 5.13580345
v 123.35613351 -3.77636278 4.87931011
v 123.19885339 -4.66276022 4.54956547
v 123.00890707 -5.51083574 4.15133474
v 122.78900014 -6.31525570 3.69029027
v 122.54184205 -7.07194725 3.17211256
v 122.26981230 -7.77743437 2.60179032
v 121.97482589 -8.42801854 1.98333846
v 121.65842930 -9.01911984 1.31999920
v 121.32207595 -9.54504749 0.61481974
v 120.96746884 -9.99932157 -0.12862952
v 120.59683812 -10.37547145 -0.90567299
v 120.21305009 -10.66806132 -1.71030132
v 119.81950938 -10.87360324 -2.53537657
v 119.41989370 -10.99104661 -3.37318827
v 119.01782178 -11.02167147 -4.21614958
v 118.61657777 -10.96841476 -5.05737514
v 118.21899124 -10.83485179 -5.89093264
v 117.82751064 -10.62417292 -6.71168879
v 117.44443275 -10.33849525 -7.51482827
v 117.07218927 -9.97873179 -8.29525296
v 116.71356761 -9.54504749 -9.04711891
v 116.37176572 -9.03772959 -9.76372147
v 116.05024178 -8.45816182 -10.43781044
v 115.75239731 -7.80956290 -11.06225436
v 115.48119765 -7.09724047 -11.63083626
v 115.23886209 -6.32828639 -12.13890332
v 115.02673649 -5.51083574 -12.58363390
v 114.84539941 -4.65315905 -12.96381500
v 114.69497096 -3.76290454 -13.27919479
v 114.57552012 -2.84673856 -13.52962869
v 114.48742864 -1.91047670 -13.71431631
v 114.43158176 -0.95961195 -13.83140175
v 114.40931344 -0.00000000 -13.87808823
v 114.42211866 0.96159198 -13.85124153
v 114.47122544 1.91730963 -13.74828704
v 114.55716900 2.85849842 -13.56810262
v 114.67951004 3.77636278 -13.31160928
v 114.83679017 4.66276022 -12.98186464
v 115.02673649 5.51083574 -12.58363390
v 115.24664342 6.31525570 -12.12258944
v 115.49380151 7.07194725 -11.60441173
v 115.76583126 7.77743437 -11.03408949
v 116.06081767 8.42801854 -10.41563762
v 116.37721426 9.01911984 -9.75229837
v 116.71356761 9.54504749 -9.04711891
v 117.06817472 9.99932157 -8.30366964
v 117.43880544 10.37547145 -7.52662618
v 117.82259347 10.66806132 -6.72199785
v 118.21613417 10.87360324 -5.89692260
v 118.61574985 10.99104661 -5.05911090
v 119.01782178 11.02167147 -4.21614958
v 119.41906579 10.96841476 -3.37492402
v 119.81665232 10.83485179 -2.54136652
v 120.20813292 10.62417292 -1.72061038
v 120.59121080 10.33849525 -0.91747090
v 120.96345428 9.97873179 -0.13704621
v 121.32207595 9.54504749 0.61481974
v 121.66387784 9.03772959 1.33142231
v 121.98540178 8.45816182 2.00551127
v 122.28324625 7.80956290 2.62995519
v 122.55444591 7.09724047 3.19853710
v 122.79678146 6.32828639 3.70660415
v 123.00890707 5.51083574 4.15133474
v 123.19024415 4.65315905 4.53151583
v 123.34067259 3.76290454 4.84689562
v 123.46012344 2.84673856 5.09732953
v 123.54821491 1.91047670 5.28201714
v 123.60406180 0.95961195 5.39910258
v 124.50283206 0.00000000 5.02516779
v 124.48957272 -0.96130593 4.99857366
v 124.43868811 -1.91674269 4.89651492
v 124.34962122 -2.85765504 4.71787438
v 124.22282679 -3.77524613 4.46356410
v 124.05981760 -4.66137316 4.13661824
v 123.86295191 -5.50918293 3.74176676
v 123.63503689 -6.31334618 3.28463994
v 123.37888316 -7.06979624 2.77087504
v 123.09695803 -7.77506366 2.20542071
v 122.79124580 -8.42545507 1.59225684
v 122.46334744 -9.01639276 0.93459446
v 122.11476683 -9.54218474 0.23544993
v 121.74726678 -9.99634700 -0.50164114
v 121.36315734 -10.37240350 -1.27204548
v 120.96540918 -10.66491381 -2.06980488
v 120.55755196 -10.87038800 -2.88783991
v 120.14339883 -10.98777702 -3.71850257
v 119.72670161 -11.01836586 -4.55426792
v 119.31086444 -10.96509827 -5.38830824
v 118.89881926 -10.83155625 -6.21474302
v 118.49310214 -10.62093448 -7.02848568
v 118.09609170 -10.33535068 -7.82476543
v 117.71030688 -9.97571456 -8.59853007
v 117.33863638 -9.54218474 -9.34398577
v 116.98439566 -9.03504107 -10.05448273
v 116.65117084 -8.45566081 -10.72282832
v 116.34248957 -7.80725877 -11.34194718
v 116.06142677 -7.09514187 -11.90567193
v 115.81028284 -6.32640387 -12.40938873
v 115.59045130 -5.50918293 -12.85030259
v 115.40252915 -4.65175209 -13.22721610
v 115.24663770 -3.76176001 -13.53988598
v 115.12284571 -2.84587082 -13.78817431
v 115.03154750 -1.90989561 -13.97129018
v 114.97366105 -0.95932179 -14.08739245
v 114.95057115 -0.00000000 -14.13370362
v 114.96383049 0.96130593 -14.10710950
v 115.01471510 1.91674269 -14.00505075
v 115.10378199 2.85765504 -13.82641022
v 115.23057642 3.77524613 -13.57209994
v 115.39358561 4.66137316 -13.24515407
v 115.59045130 5.50918293 -12.85030259
v 115.81836632 6.31334618 -12.39317578
v 116.07452005 7.06979624 -11.87941087
v 116.35644518 7.77506366 -11.31395655
v 116.66215741 8.42545507 -10.70079267
v 116.99005578 9.01639276 -10.04313029
v 117.33863638 9.54218474 -9.34398577
v 117.70613643 9.99634700 -8.60689469
v 118.09024587 10.37240350 -7.83649035
v 118.48799403 10.66491381 -7.03873096
v 118.89585125 10.87038800 -6.22069592
v 119.31000438 10.98777702 -5.39003326
v 119.72670161 11.01836586 -4.55426792
v 120.14253877 10.96509827 -3.72022759
v 120.55458395 10.83155625 -2.89379281
v 120.96030108 10.62093448 -2.08005016
v 121.35731151 10.33535068 -1.28377041
v 121.74309634 9.97571456 -0.51000576
v 122.11476683 9.54218474 0.23544993
v 122.46900755 9.03504107 0.94594689
v 122.80223237 8.45566081 1.61429248
v 123.11091365 7.80725877 2.23341134
v 123.39197644 7.09514187 2.79713610
v 123.64312037 6.32640387 3.30085290
v 123.86295191 5.50918293 3.74176676
v 124.05087406 4.65175209 4.11868027
v 124.20676551 3.76176001 4.43135014
v 124.33055750 2.84587082 4.67963847
v 124.42185571 1.90989561 4.86275435
v 124.47974217 0.95932179 4.97885662
v 125.37039117 0.00000000 4.58651796
v 125.35674318 -0.96109626 4.56030042
v 125.30415281 -1.91634412 4.45927526
v 125.21203032 -2.85707144 4.28230961
v 125.08084289 -3.77446110 4.03030091
v 124.91216326 -4.66035648 3.70627035
v 124.70844698 -5.50790470 3.31493501
v 124.47261673 -6.31179337 2.86190932
v 124.20759550 -7.06798511 2.35280826
v 123.91594315 -7.77304273 1.79254932
v 123.59971020 -8.42329665 1.18507148
v 123.26054255 -9.01417512 0.53353647
v 122.89998183 -9.53997079 -0.15909423
v 122.51983889 -9.99416672 -0.88934200
v 122.12249647 -10.37024664 -1.65262970
v 121.71102820 -10.66273576 -2.44305289
v 121.28909252 -10.86812758 -3.25358380
v 120.86064407 -10.98538051 -4.07662561
v 120.42957249 -11.01580941 -4.90470641
v 119.99940262 -10.96240134 -5.73105503
v 119.57316420 -10.82878143 -6.54985143
v 119.15347226 -10.61817384 -7.35607214
v 118.74277744 -10.33270298 -8.14500954
v 118.34367849 -9.97326097 -8.91167150
v 117.95916315 -9.53997079 -9.65031860
v 117.59266821 -9.03307046 -10.35434883
v 117.24791615 -8.45390252 -11.01661138
v 116.92857037 -7.80566433 -11.63006891
v 116.63782211 -7.09366648 -12.18859111
v 116.37805329 -6.32502403 -12.68760237
v 116.15069800 -5.50790470 -13.12434783
v 115.95635838 -4.65060797 -13.49767077
v 115.79514119 -3.76079632 -13.80736610
v 115.66710160 -2.84513111 -14.05332787
v 115.57263973 -1.90940633 -14.23478743
v 115.51270843 -0.95908584 -14.34991438
v 115.48875381 -0.00000000 -14.39593078
v 115.50240180 0.96109626 -14.36971324
v 115.55499217 1.91634412 -14.26868808
v 115.64711465 2.85707144 -14.09172244
v 115.77830208 3.77446110 -13.83971373
v 115.94698171 4.66035648 -13.51568317
v 116.15069800 5.50790470 -13.12434783
v 116.38652824 6.31179337 -12.67132214
v 116.65154948 7.06798511 -12.16222109
v 116.94320183 7.77304273 -11.60196214
v 117.25943478 8.42329665 -10.99448430
v 117.59860243 9.01417512 -10.34294929
v 117.95916315 9.53997079 -9.65031860
v 118.33930608 9.99416672 -8.92007082
v 118.73664851 10.37024664 -8.15678312
v 119.14811677 10.66273576 -7.36635994
v 119.57005246 10.86812758 -6.55582903
v 119.99850091 10.98538051 -5.73278721
v 120.42957249 11.01580941 -4.90470641
v 120.85974235 10.96240134 -4.07835779
v 121.28598078 10.82878143 -3.25956140
v 121.70567272 10.61817384 -2.45334068
v 122.11636753 10.33270298 -1.66440328
v 122.51546648 9.97326097 -0.89774133
v 122.89998183 9.53997079 -0.15909423
v 123.26647677 9.03307046 0.54493601
v 123.61122883 8.45390252 1.20719856
v 123.93057461 7.80566433 1.82065609
v 124.22132286 7.09366648 2.37917829
v 124.48109168 6.32502403 2.87818955
v 124.70844698 5.50790470 3.31493501
v 124.90278660 4.65060797 3.68825794
v 125.06400379 3.76079632 3.99795328
v 125.19204338 2.84513111 4.24391505
v 125.28650525 1.90940633 4.42537461
v 125.34643654 0.95908584 4.54050156
v 126.23124945 0.00000000 4.13493570
v 126.21717429 -0.96087643 4.10901247
v 126.16285487 -1.91591308 4.00896855
v 126.06767665 -2.85643275 3.83367208
v 125.93212108 -3.77361210 3.58400976
v 125.75781617 -4.65929055 3.26298005
v 125.54730524 -5.50661634 2.87526715
v 125.30361533 -6.31028415 2.42644619
v 125.02977253 -7.06626812 1.92209048
v 124.72842466 -7.77114361 1.36707674
v 124.40168954 -8.42125042 0.76530551
v 124.05126380 -9.01201973 0.11990159
v 123.67873489 -9.53773928 -0.56621131
v 123.28596894 -9.99188083 -1.28959621
v 122.87542515 -10.36791405 -2.04572381
v 122.45027956 -10.66035216 -2.82874458
v 122.01431489 -10.86568300 -3.63169161
v 121.57162108 -10.98286790 -4.44703217
v 121.12622033 -11.01323268 -5.26735832
v 120.68175587 -10.95978010 -6.08596001
v 120.24135688 -10.82615085 -6.89707406
v 119.80772203 -10.61557959 -7.69573010
v 119.38337956 -10.33019291 -8.47727170
v 118.97101186 -9.97087625 -9.23675852
v 118.57370576 -9.53773928 -9.96850533
v 118.19501497 -9.03100439 -10.66596700
v 117.83879060 -8.45200097 -11.32205068
v 117.50882323 -7.80391941 -11.92977497
v 117.20841414 -7.09207090 -12.48305969
v 116.94002524 -6.32357735 -12.97737055
v 116.70513541 -5.50661634 -13.40998380
v 116.50436086 -4.64949595 -13.77976452
v 116.33780468 -3.75988273 -14.08652285
v 116.20551770 -2.84443598 -14.33016516
v 116.10791035 -1.90894249 -14.50993554
v 116.04596839 -0.95885651 -14.62401843
v 116.02119120 -0.00000000 -14.66965234
v 116.03526636 0.96087643 -14.64372911
v 116.08958578 1.91591308 -14.54368520
v 116.18476400 2.85643275 -14.36838872
v 116.32031957 3.77361210 -14.11872640
v 116.49462449 4.65929055 -13.79769670
v 116.70513541 5.50661634 -13.40998380
v 116.94882532 6.31028415 -12.96116283
v 117.22266812 7.06626812 -12.45680712
v 117.52401599 7.77114361 -11.90179339
v 117.85075111 8.42125042 -11.30002216
v 118.20117685 9.01201973 -10.65461824
v 118.57370576 9.53773928 -9.96850533
v 118.96647172 9.99188083 -9.24512043
v 119.37701550 10.36791405 -8.48899284
v 119.80216109 10.66035216 -7.70597207
v 120.23812576 10.86568300 -6.90302503
v 120.68081957 10.98286790 -6.08768447
v 121.12622033 11.01323268 -5.26735832
v 121.57068478 10.95978010 -4.44875663
v 122.01108377 10.82615085 -3.63764259
v 122.44471862 10.61557959 -2.83898655
v 122.86906109 10.33019291 -2.05744494
v 123.28142879 9.97087625 -1.29795812
v 123.67873489 9.53773928 -0.56621131
v 124.05742568 9.03100439 0.13125036
v 124.41365005 8.45200097 0.78733404
v 124.74361742 7.80391941 1.39505833
v 125.04402651 7.09207090 1.94834305
v 125.31241541 6.32357735 2.44265390
v 125.54730524 5.50661634 2.87526715
v 125.74807979 4.64949595 3.24504787
v 125.91463597 3.75988273 3.55180621
v 126.04692295 2.84443598 3.79544852
v 126.14453030 1.90894249 3.97521889
v 126.20647226 0.95885651 4.08930179
v 127.08459513 0.00000000 3.66933202
v 127.07007724 -0.96090768 3.64367174
v 127.01402706 -1.91597725 3.54460338
v 126.91580898 -2.85652946 3.37100351
v 126.77591952 -3.77373850 3.12374973
v 126.59603953 -4.65944204 2.80581291
v 126.37879522 -5.50678799 2.42183491
v 126.12731232 -6.31047236 1.97734038
v 125.84471517 -7.06647190 1.47785161
v 125.53373700 -7.77136490 0.92819955
v 125.19656307 -8.42149327 0.33224665
v 124.83494317 -9.01228852 -0.30691436
v 124.45051402 -9.53803658 -0.98639058
v 124.04520008 -9.99220570 -1.70278055
v 123.62153842 -10.36826132 -2.45160000
v 123.18280661 -10.66071306 -3.22705584
v 122.73290899 -10.86604695 -4.02224719
v 122.27606723 -10.98322500 -4.82971227
v 121.81643291 -11.01357597 -5.64211318
v 121.35776605 -10.96010698 -6.45280411
v 120.90329546 -10.82646306 -7.25607817
v 120.45580518 -10.61588188 -8.04701455
v 120.01790322 -10.33049082 -8.82100365
v 119.59235696 -9.97117363 -9.57315412
v 119.18235180 -9.53803658 -10.29783578
v 118.79155575 -9.03129803 -10.98856547
v 118.42394427 -8.45228407 -11.63831656
v 118.08343054 -7.80418360 -12.24017253
v 117.77342238 -7.09230845 -12.78811010
v 117.49646062 -6.32378296 -13.27763836
v 117.25407060 -5.50678799 -13.70606127
v 117.04688664 -4.64963462 -14.07225767
v 116.87501320 -3.75999116 -14.37604295
v 116.73850109 -2.84451698 -14.61732728
v 116.63777306 -1.90899754 -14.79536347
v 116.57384670 -0.95888511 -14.90835294
v 116.54827069 -0.00000000 -14.95355838
v 116.56278858 0.96090768 -14.92789810
v 116.61883876 1.91597725 -14.82882973
v 116.71705684 2.85652946 -14.65522987
v 116.85694630 3.77373850 -14.40797609
v 117.03682630 4.65944204 -14.09003927
v 117.25407060 5.50678799 -13.70606127
v 117.50555350 6.31047236 -13.26156674
v 117.78815065 7.06647190 -12.76207797
v 118.09912882 7.77136490 -12.21242591
v 118.43630275 8.42149327 -11.61647301
v 118.79792265 9.01228852 -10.97731200
v 119.18235180 9.53803658 -10.29783578
v 119.58766574 9.99220570 -9.58144581
v 120.01132741 10.36826132 -8.83262636
v 120.45005921 10.66071306 -8.05717052
v 120.89995683 10.86604695 -7.26197917
v 121.35679859 10.98322500 -6.45451409
v 121.81643291 11.01357597 -5.64211318
v 122.27509977 10.96010698 -4.83142225
v 122.72957037 10.82646306 -4.02814819
v 123.17706064 10.61588188 -3.23721181
v 123.61496260 10.33049082 -2.46322271
v 124.04050886 9.97117363 -1.71107224
v 124.45051402 9.53803658 -0.98639058
v 124.84131008 9.03129803 -0.29566089
v 125.20892155 8.45228407 0.35409020
v 125.54943528 7.80418360 0.95594618
v 125.85944344 7.09230845 1.50388374
v 126.13640521 6.32378296 1.99341200
v 126.37879522 5.50678799 2.42183491
v 126.58597918 4.64963462 2.78803131
v 126.75785262 3.75999116 3.09181660
v 126.89436473 2.84451698 3.33310092
v 126.99509276 1.90899754 3.51113711
v 127.05901912 0.95888511 3.62412658
v 127.92967449 0.00000000 3.18890131
v 127.91471897 -0.96102491 3.16351187
v 127.85695571 -1.91621294 3.06544930
v 127.75572813 -2.85688189 2.89359899
v 127.61154764 -3.77420271 2.64882908
v 127.42614745 -4.66001051 2.33408201
v 127.20223605 -5.50745224 1.95395588
v 126.94303700 -6.31122485 1.51392322
v 126.65177213 -7.06730738 1.01945360
v 126.33125928 -7.77228085 0.47533075
v 125.98375046 -8.42248896 -0.11462215
v 125.61104800 -9.01336319 -0.74734538
v 125.21483725 -9.53918711 -1.41997776
v 124.79710028 -9.99342478 -2.12915440
v 124.36045119 -10.36953672 -2.87043746
v 123.90826811 -10.66202836 -3.63809200
v 123.44457583 -10.86738358 -4.42528529
v 122.97372653 -10.98456499 -5.22462878
v 122.50000000 -11.01490449 -6.02885683
v 122.02727190 -10.96141392 -6.83138989
v 121.55886966 -10.82774310 -7.62657909
v 121.09766177 -10.61713308 -8.40955472
v 120.64633510 -10.33171221 -9.17575537
v 120.20774109 -9.97236264 -9.92034024
v 119.78516275 -9.53918711 -10.63773590
v 119.38238131 -9.03239987 -11.32152311
v 119.00349549 -8.45332379 -11.96474359
v 118.65253997 -7.80514647 -12.56054782
v 118.33302819 -7.09318087 -13.10297120
v 118.04757908 -6.32455448 -13.58756762
v 117.79776395 -5.50745224 -14.01166954
v 117.58423490 -4.65018907 -14.37416994
v 117.40709753 -3.76043571 -14.67488952
v 117.26640249 -2.84485224 -14.91374230
v 117.16258463 -1.90922325 -15.08999005
v 117.09669309 -0.95899945 -15.20185169
v 117.07032551 -0.00000000 -15.24661497
v 117.08528103 0.96102491 -15.22122553
v 117.14304429 1.91621294 -15.12316296
v 117.24427187 2.85688189 -14.95131265
v 117.38845236 3.77420271 -14.70654274
v 117.57385255 4.66001051 -14.39179567
v 117.79776395 5.50745224 -14.01166954
v 118.05696300 6.31122485 -13.57163688
v 118.34822787 7.06730738 -13.07716726
v 118.66874072 7.77228085 -12.53304441
v 119.01624954 8.42248896 -11.94309151
v 119.38895200 9.01336319 -11.31036828
v 119.78516275 9.53918711 -10.63773590
v 120.20289972 9.99342478 -9.92855926
v 120.63954881 10.36953672 -9.18727620
v 121.09173189 10.66202836 -8.41962166
v 121.55542417 10.86738358 -7.63242837
v 122.02627347 10.98456499 -6.83308488
v 122.50000000 11.01490449 -6.02885683
v 122.97272810 10.96141392 -5.22632377
v 123.44113034 10.82774310 -4.43113457
v 123.90233823 10.61713308 -3.64815894
v 124.35366490 10.33171221 -2.88195829
v 124.79225891 9.97236264 -2.13737342
v 125.21483725 9.53918711 -1.41997776
v 125.61761869 9.03239987 -0.73619055
v 125.99650451 8.45332379 -0.09297007
v 126.34746003 7.80514647 0.50283416
v 126.66697181 7.09318087 1.04525754
v 126.95242092 6.32455448 1.52985396
v 127.20223605 5.50745224 1.95395588
v 127.41576510 4.65018907 2.31645628
v 127.59290247 3.76043571 2.61717586
v 127.73359751 2.84485224 2.85602864
v 127.83741537 1.90922325 3.03227639
v 127.90330691 0.95899945 3.14413803
v 128.76588983 0.00000000 2.69323556
v 128.75051602 -0.96126664 2.66814779
v 128.69107089 -1.91670022 2.57114216
v 128.58687444 -2.85761126 2.40110900
v 128.43845208 -3.77516247 2.15890572
v 128.24759034 -4.66118266 1.84744766
v 128.01708217 -5.50881676 1.47129252
v 127.75025159 -6.31276461 1.03586460
v 127.45041981 -7.06901199 0.54658360
v 127.12048974 -7.77414759 0.00818665
v 126.76277887 -8.42452044 -0.57554443
v 126.37913931 -9.01556220 -1.20158730
v 125.97130160 -9.54155051 -1.86711795
v 125.54130213 -9.99593847 -2.56881331
v 125.09182964 -10.37217363 -3.30228575
v 124.62636166 -10.66475041 -4.06186046
v 124.14904338 -10.87014709 -4.84077310
v 123.66435792 -10.98732798 -5.63170790
v 123.17671337 -11.01763351 -6.42747147
v 122.69010026 -10.96408820 -7.22155189
v 122.20794277 -10.83035471 -8.00836141
v 121.73319103 -10.61968310 -8.78308583
v 121.26860777 -10.33420418 -9.54121681
v 120.81712605 -9.97479562 -10.27796801
v 120.38212514 -9.54155051 -10.98782498
v 119.96749948 -9.03467183 -11.66443257
v 119.57747212 -8.45547342 -12.30089938
v 119.21620059 -7.80713915 -12.89044093
v 118.88730468 -7.09498463 -13.42715028
v 118.59348095 -6.32614532 -13.90662703
v 118.33634457 -5.50881676 -14.32623546
v 118.11656204 -4.65132359 -14.68488795
v 117.93423633 -3.76134272 -14.98241647
v 117.78941466 -2.84553551 -15.21874395
v 117.68254228 -1.90968375 -15.39314384
v 117.61470012 -0.95923342 -15.50385218
v 117.58753691 -0.00000000 -15.54817850
v 117.60291072 0.96126664 -15.52309073
v 117.66235585 1.91670022 -15.42608509
v 117.76655230 2.85761126 -15.25605194
v 117.91497467 3.77516247 -15.01384865
v 118.10583641 4.66118266 -14.70239060
v 118.33634457 5.50881676 -14.32623546
v 118.60317515 6.31276461 -13.89080753
v 118.90300693 7.06901199 -13.40152653
v 119.23293700 7.77414759 -12.86312959
v 119.59064787 8.42452044 -12.27939850
v 119.97428743 9.01556220 -11.65335564
v 120.38212514 9.54155051 -10.98782498
v 120.81212461 9.99593847 -10.28612963
v 121.26159710 10.37217363 -9.55265718
v 121.72706508 10.66475041 -8.79308248
v 122.20438336 10.87014709 -8.01416984
v 122.68906883 10.98732798 -7.22323504
v 123.17671337 11.01763351 -6.42747147
v 123.66332648 10.96408820 -5.63339105
v 124.14548397 10.83035471 -4.84658153
v 124.62023571 10.61968310 -4.07185711
v 125.08481897 10.33420418 -3.31372613
v 125.53630069 9.97479562 -2.57697493
v 125.97130160 9.54155051 -1.86711795
v 126.38592726 9.03467183 -1.19051037
v 126.77595462 8.45547342 -0.55404356
v 127.13722615 7.80713915 0.03549799
v 127.46612206 7.09498463 0.57220734
v 127.75994579 6.32614532 1.05168409
v 128.01708217 5.50881676 1.47129252
v 128.23686470 4.65132359 1.82994501
v 128.41919041 3.76134272 2.12747354
v 128.56401208 2.84553551 2.36380101
v 128.67088447 1.90968375 2.53820090
v 128.73872663 0.95923342 2.64890925
v 129.59321226 0.00000000 2.18290462
v 129.57743026 -0.96149171 2.15813184
v 129.51632637 -1.91715523 2.06221794
v 129.40919635 -2.85829304 1.89405750
v 129.25657925 -3.77605867 1.65449664
v 129.06031490 -4.66227404 1.34642332
v 128.82328097 -5.51008209 0.97435458
v 128.54890222 -6.31418645 0.54366621
v 128.24059928 -7.07058105 0.05972754
v 127.90135975 -7.77586384 -0.47277186
v 127.53356567 -8.42639036 -1.05009293
v 127.13911758 -9.01759280 -1.66925241
v 126.71978957 -9.54374214 -2.32746553
v 126.27767078 -9.99827895 -3.02145303
v 125.81552315 -10.37463594 -3.74687949
v 125.33692255 -10.66729485 -4.49813195
v 124.84613373 -10.87272761 -5.26851609
v 124.34776997 -10.98990059 -6.05079050
v 123.84636689 -11.02016418 -6.83783567
v 123.34602881 -10.96655767 -7.62320914
v 122.85027527 -10.83275864 -8.40138632
v 122.36213649 -10.62202754 -9.16761072
v 121.88444940 -10.33649799 -9.91742926
v 121.42022718 -9.97704227 -10.64611219
v 120.97294421 -9.54374214 -11.34820582
v 120.54660740 -9.03678724 -12.01742055
v 120.14556368 -8.45748071 -12.64693310
v 119.77409309 -7.80900181 -13.23002512
v 119.43592136 -7.09666894 -13.76084840
v 119.13382196 -6.32762655 -14.23504949
v 118.86945281 -5.51008209 -14.65002592
v 118.64349348 -4.65237122 -15.00471102
v 118.45604288 -3.76217759 -15.29894953
v 118.30714363 -2.84616370 -15.53267453
v 118.19725062 -1.91010762 -15.70517201
v 118.12747649 -0.95944947 -15.81469545
v 118.09952152 -0.00000000 -15.85857596
v 118.11530352 0.96149171 -15.83380319
v 118.17640741 1.91715523 -15.73788928
v 118.28353743 2.85829304 -15.56972885
v 118.43615453 3.77605867 -15.33016799
v 118.63241888 4.66227404 -15.02209466
v 118.86945281 5.51008209 -14.65002592
v 119.14383156 6.31418645 -14.21933756
v 119.45213450 7.07058105 -13.73539888
v 119.79137403 7.77586384 -13.20289948
v 120.15916811 8.42639036 -12.62557842
v 120.55361620 9.01759280 -12.00641894
v 120.97294421 9.54374214 -11.34820582
v 121.41506300 9.99827895 -10.65421832
v 121.87721063 10.37463594 -9.92879185
v 122.35581123 10.66729485 -9.17753940
v 122.84660006 10.87272761 -8.40715525
v 123.34496382 10.98990059 -7.62488085
v 123.84636689 11.02016418 -6.83783567
v 124.34670497 10.96655767 -6.05246221
v 124.84245851 10.83275864 -5.27428503
v 125.33059729 10.62202754 -4.50806062
v 125.80828438 10.33649799 -3.75824208
v 126.27250661 9.97704227 -3.02955915
v 126.71978957 9.54374214 -2.32746553
v 127.14612638 9.03678724 -1.65825080
v 127.54717011 8.45748071 -1.02873824
v 127.91864069 7.80900181 -0.44564622
v 128.25681242 7.09666894 0.08517706
v 128.55891182 6.32762655 0.55937814
v 128.82328097 5.51008209 0.97435458
v 129.04924030 4.65237122 1.32903968
v 129.23669090 3.76217759 1.62327818
v 129.38559015 2.84616370 1.85700319
v 129.49548316 1.91010762 2.02950067
v 129.56525729 0.95944947 2.13902411
v 130.41120403 0.00000000 1.65780090
v 130.39503176 -0.96149227 1.63336727
v 130.33229980 -1.91716515 1.53858961
v 130.22227753 -2.85831263 1.37236410
v 130.06551684 -3.77607820 1.13552453
v 129.86391160 -4.66227671 0.83093223
v 129.62042601 -5.51005057 0.46306564
v 129.33858770 -6.31411051 0.03725440
v 129.02191825 -7.07046330 -0.44118096
v 128.67349019 -7.77572116 -0.96759833
v 128.29574887 -8.42625003 -1.53830321
v 127.89064074 -9.01748433 -2.15035483
v 127.45998030 -9.54368753 -2.80101177
v 127.00590637 -9.99828467 -3.48704265
v 126.53125191 -10.37468958 -4.20416731
v 126.03968990 -10.66736794 -4.94683649
v 125.53560437 -10.87278384 -5.70842666
v 125.02373892 -10.98990688 -6.48177099
v 124.50875658 -11.02010113 -7.25982444
v 123.99487454 -10.96642576 -8.03621551
v 123.48570588 -10.83257823 -8.80548544
v 122.98435827 -10.62183264 -9.56293904
v 122.49374006 -10.33632585 -10.30418230
v 122.01694221 -9.97692227 -11.02454529
v 121.55753285 -9.54368753 -11.71863711
v 121.11963119 -9.03679241 -12.38023436
v 120.70770869 -8.45752444 -13.00258136
v 120.32616895 -7.80905532 -13.57902503
v 119.97884410 -7.09670564 -14.10377563
v 119.66858390 -6.32763017 -14.57252766
v 119.39708714 -5.51005057 -14.98271453
v 119.16504342 -4.65231526 -15.33329435
v 118.97254421 -3.76211494 -15.62412892
v 118.81962466 -2.84611148 -15.85516515
v 118.70674777 -1.91007581 -16.02570354
v 118.63505805 -0.95943793 -16.13401490
v 118.60630912 -0.00000000 -16.17744978
v 118.62248139 0.96149227 -16.15301615
v 118.68521335 1.91716515 -16.05823849
v 118.79523562 2.85831263 -15.89201298
v 118.95199631 3.77607820 -15.65517342
v 119.15360156 4.66227671 -15.35058111
v 119.39708714 5.51005057 -14.98271453
v 119.67892545 6.31411051 -14.55690328
v 119.99559490 7.07046330 -14.07846793
v 120.34402297 7.77572116 -13.55205055
v 120.72176428 8.42625003 -12.98134568
v 121.12687241 9.01748433 -12.36929405
v 121.55753285 9.54368753 -11.71863711
v 122.01160678 9.99828467 -11.03260624
v 122.48626124 10.37468958 -10.31548157
v 122.97782325 10.66736794 -9.57281239
v 123.48190878 10.87278384 -8.81122223
v 123.99377423 10.98990688 -8.03787790
v 124.50875658 11.02010113 -7.25982444
v 125.02263861 10.96642576 -6.48343338
v 125.53180727 10.83257823 -5.71416345
v 126.03315488 10.62183264 -4.95670984
v 126.52377309 10.33632585 -4.21546658
v 127.00057094 9.97692227 -3.49510360
v 127.45998030 9.54368753 -2.80101177
v 127.89788197 9.03679241 -2.13941453
v 128.30980446 8.45752444 -1.51706752
v 128.69134421 7.80905532 -0.94062385
v 129.03866905 7.09670564 -0.41587325
v 129.34892925 6.32763017 0.05287877
v 129.62042601 5.51005057 0.46306564
v 129.85246973 4.65231526 0.81364546
v 130.04496894 3.76211494 1.10448004
v 130.19788849 2.84611148 1.33551627
v 130.31076538 1.91007581 1.50605465
v 130.38245511 0.95943793 1.61436601
v 131.22022931 0.00000000 1.11902375
v 131.20365938 -0.96143252 1.09491433
v 131.13930709 -1.91705171 1.00128118
v 131.02641793 -2.85814662 0.83702644
v 130.86555703 -3.77585478 0.60297238
v 130.65867050 -4.66198702 0.30195060
v 130.40880565 -5.50968580 -0.06160501
v 130.11958891 -6.31366679 -0.48241798
v 129.79463933 -7.06994530 -0.95522255
v 129.43711235 -7.77514299 -1.47542753
v 129.04951637 -8.42563271 -2.03938318
v 128.63384497 -9.01685064 -2.64418882
v 128.19195499 -9.54305573 -3.28714274
v 127.72603650 -9.99766342 -3.96505835
v 127.23899394 -10.37407576 -4.67370967
v 126.73459638 -10.66674838 -5.40761268
v 126.21734482 -10.87214054 -6.16021836
v 125.69211032 -10.98922401 -6.92443930
v 125.16368066 -11.01937159 -7.69330924
v 124.63638433 -10.96565511 -8.46053015
v 124.11392755 -10.83178462 -9.22070949
v 123.59949609 -10.62104284 -9.96921190
v 123.09607066 -10.33556859 -10.70170045
v 122.60682037 -9.97622115 -11.41356404
v 122.13540633 -9.54305573 -12.09947573
v 121.68605778 -9.03623090 -12.75328192
v 121.26336750 -8.45702404 -13.36830009
v 120.87185910 -7.80860177 -13.93794835
v 120.51546844 -7.09628575 -14.45649997
v 120.19712048 -6.32723699 -14.91969913
v 119.91855566 -5.50968580 -15.32501346
v 119.68047607 -4.65198832 -15.67142141
v 119.48296887 -3.76183932 -15.95879617
v 119.32606440 -2.84589985 -16.18709360
v 119.21023494 -1.90993588 -16.35562651
v 119.13665605 -0.95937051 -16.46268445
v 119.10713200 -0.00000000 -16.50564222
v 119.12370194 0.96143252 -16.48153280
v 119.18805422 1.91705171 -16.38789965
v 119.30094338 2.85814662 -16.22364491
v 119.46180428 3.77585478 -15.98959085
v 119.66869081 4.66198702 -15.68856907
v 119.91855566 5.50968580 -15.32501346
v 120.20777240 6.31366679 -14.90420049
v 120.53272198 7.06994530 -14.43139592
v 120.89024896 7.77514299 -13.91119094
v 121.27784494 8.42563271 -13.34723529
v 121.69351634 9.01685064 -12.74242965
v 122.13540633 9.54305573 -12.09947573
v 122.60132481 9.99766342 -11.42156012
v 123.08836737 10.37407576 -10.71290880
v 123.59276494 10.66674838 -9.97900579
v 124.11001649 10.87214054 -9.22640011
v 124.63525099 10.98922401 -8.46217917
v 125.16368066 11.01937159 -7.69330924
v 125.69097698 10.96565511 -6.92608832
v 126.21343376 10.83178462 -6.16590898
v 126.72786522 10.62104284 -5.41740657
v 127.23129066 10.33556859 -4.68491802
v 127.72054094 9.97622115 -3.97305443
v 128.19195499 9.54305573 -3.28714274
v 128.64130353 9.03623090 -2.63333655
v 129.06399381 8.45702404 -2.01831838
v 129.45550221 7.80860177 -1.44867012
v 129.81189287 7.09628575 -0.93011850
v 130.13024083 6.32723699 -0.46691934
v 130.40880565 5.50968580 -0.06160501
v 130.64688524 4.65198832 0.28480294
v 130.84439244 3.76183932 0.57217770
v 131.00129691 2.84589985 0.80047513
v 131.11712637 1.90993588 0.96900804
v 131.19070526 0.95937051 1.07606598
v 132.01859643 0.00000000 0.56465585
v 132.00168146 -0.96124433 0.54094193
v 131.93577232 -1.91669195 0.44854072
v 131.82008215 -2.85761867 0.28634909
v 131.65518696 -3.77514618 0.05517456
v 131.44308919 -4.66107449 -0.24217555
v 131.18692812 -5.50854650 -0.60130013
v 130.89043932 -6.31229137 -1.01696209
v 130.55734755 -7.06834774 -1.48393953
v 130.19089443 -7.77336295 -1.99768785
v 129.79364876 -8.42372881 -2.55460574
v 129.36764360 -9.01488633 -3.15184295
v 128.91476803 -9.54108241 -3.78675108
v 128.43725410 -9.99570651 -4.45620092
v 127.93807170 -10.37212888 -5.15602883
v 127.42108452 -10.66477805 -5.88081813
v 126.89091289 -10.87010019 -6.62409135
v 126.35255936 -10.98707301 -7.37883515
v 125.81093964 -11.01709300 -8.13815801
v 125.27049349 -10.96326626 -8.89583556
v 124.73501631 -10.82933702 -9.64654688
v 124.20776491 -10.61861127 -10.38572608
v 123.69178437 -10.33323311 -11.10910412
v 123.19031586 -9.97404785 -11.81213704
v 122.70711124 -9.54108241 -12.48956493
v 122.24651228 -9.03446217 -13.13530086
v 121.81323902 -8.45543693 -13.74272756
v 121.41194201 -7.80715938 -14.30532523
v 121.04666557 -7.09495401 -14.81742391
v 120.72040981 -6.32599852 -15.27481761
v 120.43495116 -5.50854650 -15.67501589
v 120.19099381 -4.65097489 -16.01703148
v 119.98860840 -3.76098928 -16.30076536
v 119.82781011 -2.84524831 -16.52619623
v 119.70907524 -1.90950430 -16.69265639
v 119.63361189 -0.95916151 -16.79845211
v 119.60328284 -0.00000000 -16.84097186
v 119.62019781 0.96124433 -16.81725795
v 119.68610695 1.91669195 -16.72485674
v 119.80179712 2.85761867 -16.56266510
v 119.96669231 3.77514618 -16.33149057
v 120.17879009 4.66107449 -16.03414046
v 120.43495116 5.50854650 -15.67501589
v 120.73143995 6.31229137 -15.25935392
v 121.06453172 7.06834774 -14.79237649
v 121.43098484 7.77336295 -14.27862817
v 121.82823051 8.42372881 -13.72171028
v 122.25423567 9.01488633 -13.12447307
v 122.70711124 9.54108241 -12.48956493
v 123.18462517 9.99570651 -11.82011510
v 123.68380757 10.37212888 -11.12028718
v 124.20079475 10.66477805 -10.39549788
v 124.73096638 10.87010019 -9.65222467
v 125.26931991 10.98707301 -8.89748086
v 125.81093964 11.01709300 -8.13815801
v 126.35138578 10.96326626 -7.38048045
v 126.88686296 10.82933702 -6.62976914
v 127.41411436 10.61861127 -5.89058994
v 127.93009490 10.33323311 -5.16721190
v 128.43156341 9.97404785 -4.46417897
v 128.91476803 9.54108241 -3.78675108
v 129.37536699 9.03446217 -3.14101516
v 129.80864025 8.45543693 -2.53358845
v 130.20993726 7.80715938 -1.97099078
v 130.57521370 7.09495401 -1.45889210
v 130.90146946 6.32599852 -1.00149840
v 131.18692812 5.50854650 -0.60130013
v 131.43088547 4.65097489 -0.25928453
v 131.63327087 3.76098928 0.02444934
v 131.79406916 2.84524831 0.24988022
v 131.91280403 1.90950430 0.41634037
v 131.98826738 0.95916151 0.52213609
v 132.80777553 0.00000000 -0.00264930
v 132.79049723 -0.96095056 -0.02599958
v 132.72302970 -1.91611607 -0.11717671
v 132.60455826 -2.85676548 -0.27728169
v 132.43567068 -3.77401193 -0.50552014
v 132.21842284 -4.65965001 -0.79911375
v 131.95604019 -5.50682410 -1.15370356
v 131.65236067 -6.31027296 -1.56410287
v 131.31120901 -7.06605088 -2.02514287
v 130.93590995 -7.77082221 -2.53233045
v 130.52909281 -8.42099152 -3.08211226
v 130.09283299 -9.01200375 -3.67168356
v 129.62905594 -9.53809913 -4.29844228
v 129.14003925 -9.99265168 -4.95931040
v 128.62881989 -10.36901255 -5.65018372
v 128.09935514 -10.66159393 -6.36571426
v 127.55638143 -10.86683425 -7.09950112
v 127.00502855 -10.98371521 -7.84461177
v 126.45033635 -11.01364820 -8.59423525
v 125.89685389 -10.95976067 -9.34222388
v 125.34846598 -10.82581802 -10.08332760
v 124.80850247 -10.61514054 -10.81304641
v 124.28007537 -10.32987533 -11.52717464
v 123.76649946 -9.97085857 -12.22123265
v 123.27161676 -9.53809913 -12.89002823
v 122.79987838 -9.03170112 -13.52754607
v 122.35612654 -8.45289648 -14.12724226
v 121.94513324 -7.80482845 -14.68266783
v 121.57104710 -7.09282232 -15.18821623
v 121.23694207 -6.32406521 -15.63973327
v 120.94463252 -5.50682410 -16.03476695
v 120.69482957 -4.64948771 -16.37235626
v 120.48759331 -3.75976714 -16.65241999
v 120.32292887 -2.84431834 -16.87495121
v 120.20131892 -1.90888381 -17.03929763
v 120.12400282 -0.95885481 -17.14378434
v 120.09289717 -0.00000000 -17.18582121
v 120.11017548 0.96095056 -17.16247092
v 120.17764300 1.91611607 -17.07129379
v 120.29611445 2.85676548 -16.91118882
v 120.46500202 3.77401193 -16.68295037
v 120.68224987 4.65965001 -16.38935675
v 120.94463252 5.50682410 -16.03476695
v 121.24831203 6.31027296 -15.62436764
v 121.58946369 7.06605088 -15.16332764
v 121.96476276 7.77082221 -14.65614006
v 122.37157990 8.42099152 -14.10635825
v 122.80783971 9.01200375 -13.51678694
v 123.27161676 9.53809913 -12.89002823
v 123.76063345 9.99265168 -12.22916011
v 124.27185281 10.36901255 -11.53828679
v 124.80131756 10.66159393 -10.82275625
v 125.34429127 10.86683425 -10.08896939
v 125.89564415 10.98371521 -9.34385874
v 126.45033635 11.01364820 -8.59423525
v 127.00381882 10.95976067 -7.84624663
v 127.55220673 10.82581802 -7.10514290
v 128.09217024 10.61514054 -6.37542410
v 128.62059733 10.32987533 -5.66129587
v 129.13417324 9.97085857 -4.96723786
v 129.62905594 9.53809913 -4.29844228
v 130.10079433 9.03170112 -3.66092443
v 130.54454616 8.45289648 -3.06122825
v 130.95553947 7.80482845 -2.50580268
v 131.32962560 7.09282232 -2.00025428
v 131.66373064 6.32406521 -1.54873724
v 131.95604019 5.50682410 -1.15370356
v 132.20584314 4.64948771 -0.81611424
v 132.41307939 3.75976714 -0.53605052
v 132.57774384 2.84431834 -0.31351929
v 132.69935379 1.90888381 -0.14917287
v 132.77666988 0.95885481 -0.04468617
v 133.58512975 0.00000000 -0.58593616
v 133.56756920 -0.96059681 -0.60882151
v 133.49863373 -1.91543541 -0.69865997
v 133.37746730 -2.85576416 -0.85656713
v 133.20466581 -3.77267129 -1.08176643
v 132.98234535 -4.65793463 -1.37150009
v 132.71383217 -5.50469960 -1.72143328
v 132.40308367 -6.30772680 -2.12640861
v 132.05403821 -7.06310804 -2.58129351
v 131.67010941 -7.76754888 -3.08163926
v 131.25398330 -8.41748438 -3.62394536
v 130.80776577 -9.00836746 -4.20546737
v 130.33340290 -9.53441938 -4.82366910
v 129.83320333 -9.98897306 -5.47554187
v 129.31026206 -10.36532919 -6.15705220
v 128.76862823 -10.65785693 -6.86292316
v 128.21315882 -10.86297404 -7.58682499
v 127.64911817 -10.97967174 -8.32189707
v 127.08167604 -11.00939920 -9.06140205
v 126.51549149 -10.95533847 -9.79926812
v 125.95453305 -10.82130933 -10.53032340
v 125.40219287 -10.61066910 -11.25014714
v 124.86163772 -10.32557318 -11.95461232
v 124.33624672 -9.96683538 -12.63931520
v 123.82994919 -9.53441938 -13.29913499
v 123.34731017 -9.02837625 -13.92812241
v 122.89330437 -8.44989377 -14.51979428
v 122.47283696 -7.80209278 -15.06775807
v 122.09016905 -7.09030275 -15.56646060
v 121.74844886 -6.32173711 -16.01179903
v 121.44951991 -5.50469960 -16.40137082
v 121.19408386 -4.64761167 -16.73426156
v 120.98217088 -3.75820129 -17.01043194
v 120.81375950 -2.84312022 -17.22990992
v 120.68933046 -1.90808880 -17.39206900
v 120.61015699 -0.95846792 -17.49524988
v 120.57822233 -0.00000000 -17.53686794
v 120.59578288 0.96059681 -17.51398258
v 120.66471835 1.91543541 -17.42414413
v 120.78588478 2.85576416 -17.26623696
v 120.95868628 3.77267129 -17.04103767
v 121.18100673 4.65793463 -16.75130401
v 121.44951991 5.50469960 -16.40137082
v 121.76026842 6.30772680 -15.99639548
v 122.10931388 7.06310804 -15.54151059
v 122.49324268 7.76754888 -15.04116483
v 122.90936878 8.41748438 -14.49885873
v 123.35558631 9.00836746 -13.91733673
v 123.82994919 9.53441938 -13.29913499
v 124.33014876 9.98897306 -12.64726222
v 124.85309002 10.36532919 -11.96575189
v 125.39472386 10.65785693 -11.25988094
v 125.95019327 10.86297404 -10.53597911
v 126.51423392 10.97967174 -9.80090702
v 127.08167604 11.00939920 -9.06140205
v 127.64786059 10.95533847 -8.32353597
v 128.20881904 10.82130933 -7.59248070
v 128.76115922 10.61066910 -6.87265696
v 129.30171436 10.32557318 -6.16819178
v 129.82710536 9.96683538 -5.48348890
v 130.33340290 9.53441938 -4.82366910
v 130.81604192 9.02837625 -4.19468169
v 131.27004772 8.44989377 -3.60300981
v 131.69051512 7.80209278 -3.05504602
v 132.07318303 7.09030275 -2.55634349
v 132.41490322 6.32173711 -2.11100506
v 132.71383217 5.50469960 -1.72143328
v 132.96926822 4.64761167 -1.38854254
v 133.18118120 3.75820129 -1.11237216
v 133.34959258 2.84312022 -0.89289418
v 133.47402162 1.90808880 -0.73073509
v 133.55319509 0.95846792 -0.62755422
v 134.35164257 0.00000000 -1.18324748
v 134.33383029 -0.96020730 -1.20564058
v 134.26347111 -1.91468733 -1.29409419
v 134.13966333 -2.85466442 -1.44974191
v 133.96300960 -3.77119786 -1.67182609
v 133.73568811 -4.65604590 -1.95760837
v 133.46113002 -5.50235500 -2.30277519
v 133.14341703 -6.30491097 -2.70219515
v 132.78660490 -7.05984887 -3.15076948
v 132.39419733 -7.76392190 -3.64409342
v 131.96893521 -8.41360026 -4.17872116
v 131.51295057 -9.00434603 -4.75197243
v 131.02820448 -9.53035842 -5.36138179
v 130.51703137 -9.98492265 -6.00401446
v 129.98258064 -10.36128096 -6.67591112
v 129.42899183 -10.65375265 -7.37186763
v 128.86124299 -10.85873146 -8.08562574
v 128.28473433 -10.97521962 -8.81039646
v 127.70476639 -11.00471000 -9.53951609
v 127.12610747 -10.95044789 -10.26699005
v 126.55280712 -10.81631600 -10.98772737
v 125.98831554 -10.60571455 -11.69739055
v 125.43584955 -10.32080860 -12.39193549
v 124.89884886 -9.96238608 -13.06703788
v 124.38132830 -9.53035842 -13.71765039
v 123.88796747 -9.02471536 -14.33788996
v 123.42387591 -8.44659363 -14.92133301
v 122.99409489 -7.79908823 -15.46164181
v 122.60299978 -7.08753360 -15.95331574
v 122.25381262 -6.31917372 -16.39230418
v 121.94840276 -5.50235500 -16.77625698
v 121.68745683 -4.64553692 -17.10431098
v 121.47096860 -3.75646712 -17.37647398
v 121.29888460 -2.84179265 -17.59281322
v 121.17168073 -1.90720834 -17.75273041
v 121.09066468 -0.95804005 -17.85458154
v 121.05789021 -0.00000000 -17.89578469
v 121.07570248 0.96020730 -17.87339160
v 121.14606167 1.91468733 -17.78493798
v 121.26986945 2.85466442 -17.62929027
v 121.44652318 3.77119786 -17.40720609
v 121.67384467 4.65604590 -17.12142381
v 121.94840276 5.50235500 -16.77625698
v 122.26611575 6.30491097 -16.37683702
v 122.62292787 7.05984887 -15.92826270
v 123.01533545 7.76392190 -15.43493876
v 123.44059757 8.41360026 -14.90031101
v 123.89658221 9.00434603 -14.32705975
v 124.38132830 9.53035842 -13.71765039
v 124.89250141 9.98492265 -13.07501772
v 125.42695214 10.36128096 -12.40312106
v 125.98054095 10.65375265 -11.70716455
v 126.54828979 10.85873146 -10.99340643
v 127.12479845 10.97521962 -10.26863572
v 127.70476639 11.00471000 -9.53951609
v 128.28342531 10.95044789 -8.81204212
v 128.85672566 10.81631600 -8.09130480
v 129.42121724 10.60571455 -7.38164162
v 129.97368323 10.32080860 -6.68709669
v 130.51068392 9.96238608 -6.01199429
v 131.02820448 9.53035842 -5.36138179
v 131.52156531 9.02471536 -4.74114221
v 131.98565687 8.44659363 -4.15769917
v 132.41543789 7.79908823 -3.61739037
v 132.80653299 7.08753360 -3.12571644
v 133.15572016 6.31917372 -2.68672800
v 133.46113002 5.50235500 -2.30277519
v 133.72207595 4.64553692 -1.97472119
v 133.93856417 3.75646712 -1.70255820
v 134.11064818 2.84179265 -1.48621895
v 134.23785205 1.90720834 -1.32630176
v 134.31886810 0.95804005 -1.22445064
v 135.10737040 0.00000000 -1.79398652
v 135.08932496 -0.96004982 -1.81587739
v 135.01757564 -1.91440326 -1.90291628
v 134.89117299 -2.85425721 -2.05625496
v 134.71072562 -3.77063835 -2.27515513
v 134.47847443 -4.65528231 -2.55689834
v 134.19795717 -5.50133488 -2.89719299
v 133.87338174 -6.30360683 -3.29093447
v 133.50892262 -7.05827752 -3.73305874
v 133.10817367 -7.76214908 -4.21920608
v 132.67392935 -8.41172759 -4.74598658
v 132.20834516 -9.00248353 -5.31078536
v 131.71339400 -9.52859151 -5.91120913
v 131.19143297 -9.98328513 -6.54439849
v 130.64566347 -10.35974371 -7.20646983
v 130.08031415 -10.65223291 -7.89229341
v 129.50048358 -10.85712041 -8.59568413
v 128.91170774 -10.97341970 -9.30992633
v 128.31941760 -11.00266975 -10.02843173
v 127.72848961 -10.94818285 -10.74528471
v 127.14305231 -10.81390855 -11.45547694
v 126.56661122 -10.60329283 -12.15475590
v 126.00243029 -10.31851144 -12.83916209
v 125.45400734 -9.96032541 -13.50445234
v 124.92544119 -9.52859151 -14.14565434
v 124.42152560 -9.02323531 -14.75695284
v 123.94750543 -8.44534045 -15.33198529
v 123.50855876 -7.79797570 -15.86447018
v 123.10917556 -7.08648206 -16.34896074
v 122.75265091 -6.31813738 -16.78145972
v 122.44087803 -5.50133488 -17.15967047
v 122.17452546 -4.64457602 -17.48278198
v 121.95354729 -3.75563102 -17.75084993
v 121.77785514 -2.84114375 -17.96398155
v 121.64791854 -1.90678384 -18.12160725
v 121.56507977 -0.95784189 -18.22209871
v 121.53146479 -0.00000000 -18.26287695
v 121.54951023 0.96004982 -18.24098608
v 121.62125955 1.91440326 -18.15394719
v 121.74766221 2.85425721 -18.00060851
v 121.92810958 3.77063835 -17.78170834
v 122.16036076 4.65528231 -17.49996513
v 122.44087803 5.50133488 -17.15967047
v 122.76545345 6.30360683 -16.76592900
v 123.12991258 7.05827752 -16.32380473
v 123.53066152 7.76214908 -15.83765738
v 123.96490585 8.41172759 -15.31087689
v 124.43049003 9.00248353 -14.74607811
v 124.92544119 9.52859151 -14.14565434
v 125.44740223 9.98328513 -13.51246497
v 125.99317172 10.35974371 -12.85039364
v 126.55852105 10.65223291 -12.16457006
v 127.13835161 10.85712041 -11.46117934
v 127.72712745 10.97341970 -10.74693714
v 128.31941760 11.00266975 -10.02843173
v 128.91034559 10.94818285 -9.31157876
v 129.49578288 10.81390855 -8.60138653
v 130.07222397 10.60329283 -7.90210757
v 130.63640490 10.31851144 -7.21770137
v 131.18482786 9.96032541 -6.55241113
v 131.71339400 9.52859151 -5.91120913
v 132.21730959 9.02323531 -5.29991063
v 132.69132977 8.44534045 -4.72487818
v 133.13027644 7.79797570 -4.19239329
v 133.52965963 7.08648206 -3.70790273
v 133.88618428 6.31813738 -3.27540374
v 134.19795717 5.50133488 -2.89719299
v 134.46430973 4.64457602 -2.57408149
v 134.68528790 3.75563102 -2.30601354
v 134.86098005 2.84114375 -2.09288192
v 134.99091665 1.90678384 -1.93525622
v 135.07375542 0.95784189 -1.83476475
v 135.85326087 0.00000000 -2.41656685
v 135.83495224 -0.95988525 -2.43800350
v 135.76180191 -1.91409707 -2.52365154
v 135.63281939 -2.85381268 -2.67467066
v 135.44862072 -3.77003527 -2.89033960
v 135.21150535 -4.65448427 -3.16796603
v 134.92510919 -5.50030532 -3.50329284
v 134.59375657 -6.30232780 -3.89125692
v 134.22173240 -7.05676379 -4.32684125
v 133.81271650 -7.76045152 -4.80573734
v 133.36955739 -8.40992360 -5.32460999
v 132.89443872 -9.00065689 -5.88090248
v 132.38935165 -9.52680827 -6.47228346
v 131.85668171 -9.98157373 -7.09595983
v 131.29968516 -10.35808676 -7.74811899
v 130.72267867 -10.65057391 -8.42370679
v 130.13087706 -10.85538390 -9.11661745
v 129.52994621 -10.97153856 -9.82021707
v 128.92544244 -11.00061063 -10.52800006
v 128.32234789 -10.94596142 -11.23413304
v 127.72487097 -10.81158937 -11.93368864
v 127.13657597 -10.60097392 -12.62249358
v 126.56077826 -10.31629851 -13.29666609
v 126.00103654 -9.95830442 -13.95203943
v 125.46153322 -9.52680827 -14.58371666
v 124.94717190 -9.02168849 -15.18595639
v 124.46332569 -8.44398969 -15.75246751
v 124.01530172 -7.79676123 -16.27703619
v 123.60769878 -7.08534864 -16.75427792
v 123.24388330 -6.31705429 -17.18025110
v 122.92577568 -5.50030532 -17.55270728
v 122.65403376 -4.64363362 -17.87087618
v 122.42858100 -3.75482559 -18.13484745
v 122.24930190 -2.84052240 -18.34475631
v 122.11666330 -1.90637491 -18.50005616
v 122.03204026 -0.95764754 -18.59913701
v 121.99762400 -0.00000000 -18.63943326
v 122.01593263 0.95988525 -18.61799662
v 122.08908296 1.91409707 -18.53234858
v 122.21806548 2.85381268 -18.38132945
v 122.40226415 3.77003527 -18.16566052
v 122.63937953 4.65448427 -17.88803409
v 122.92577568 5.50030532 -17.55270728
v 123.25712831 6.30232780 -17.16474320
v 123.62915247 7.05676379 -16.72915887
v 124.03816837 7.76045152 -16.25026278
v 124.48132748 8.40992360 -15.73139013
v 124.95644615 9.00065689 -15.17509764
v 125.46153322 9.52680827 -14.58371666
v 125.99420316 9.98157373 -13.96004029
v 126.55119971 10.35808676 -13.30788113
v 127.12820620 10.65057391 -12.63229333
v 127.72000781 10.85538390 -11.93938267
v 128.32093866 10.97153856 -11.23578305
v 128.92544244 11.00061063 -10.52800006
v 129.52853698 10.94596142 -9.82186708
v 130.12601390 10.81158937 -9.12231148
v 130.71430890 10.60097392 -8.43350654
v 131.29010661 10.31629851 -7.75933403
v 131.84984833 9.95830442 -7.10396069
v 132.38935165 9.52680827 -6.47228346
v 132.90371297 9.02168849 -5.87004373
v 133.38755918 8.44398969 -5.30353261
v 133.83558315 7.79676123 -4.77896393
v 134.24318610 7.08534864 -4.30172220
v 134.60700157 6.31705429 -3.87574902
v 134.92510919 5.50030532 -3.50329284
v 135.19685111 4.64363362 -3.18512393
v 135.42230387 3.75482559 -2.92115267
v 135.60158297 2.84052240 -2.71124381
v 135.73422157 1.90637491 -2.55594396
v 135.81884461 0.95764754 -2.45686311
v 136.58718029 0.00000000 -3.05307709
v 136.56865727 -0.95970411 -3.07401355
v 136.49416809 -1.91376503 -3.15820825
v 136.36267373 -2.85333351 -3.30683560
v 136.17479543 -3.76938127 -3.51919338
v 135.93289474 -4.65360597 -3.79261237
v 135.64071354 -5.49915276 -4.12286314
v 135.30270160 -6.30087552 -4.50491614
v 134.92326148 -7.05502951 -4.93379517
v 134.50616165 -7.75850072 -5.40524077
v 134.05430212 -8.40785677 -5.91597507
v 133.56988759 -8.99858282 -6.46350609
v 133.05491830 -9.52481198 -7.04557299
v 132.51179958 -9.97969021 -7.65945703
v 131.94383694 -10.35628992 -8.30142201
v 131.35543345 -10.64878562 -8.96649117
v 130.75192193 -10.85350079 -9.64863685
v 130.13910151 -10.96946823 -10.34130433
v 129.52265630 -10.99830553 -11.03806889
v 128.90767384 -10.94343908 -11.73318011
v 128.29843850 -10.80893231 -12.42179540
v 127.69856675 -10.59830908 -13.09982708
v 127.11141793 -10.31376317 -13.76347809
v 126.54060589 -9.95600968 -14.40866374
v 125.99039431 -9.52481198 -15.03056479
v 125.46579861 -9.01998609 -15.62351237
v 124.97232515 -8.44252490 -16.18128265
v 124.51541603 -7.79545211 -16.69772447
v 124.09978280 -7.08411953 -17.16751237
v 123.72886308 -6.31586226 -17.58676085
v 123.40459907 -5.49915276 -17.95327464
v 123.12762855 -4.64256356 -18.26633286
v 122.89783332 -3.75390280 -18.52606912
v 122.71506140 -2.83980836 -18.73265520
v 122.57977212 -1.90590640 -18.88557191
v 122.49337460 -0.95742686 -18.98322654
v 122.45813232 -0.00000000 -19.02306069
v 122.47665534 0.95970411 -19.00212423
v 122.55114451 1.91376503 -18.91792953
v 122.68263888 2.85333351 -18.76930218
v 122.87051718 3.76938127 -18.55694440
v 123.11241787 4.65360597 -18.28352541
v 123.40459907 5.49915276 -17.95327464
v 123.74261101 6.30087552 -17.57122164
v 124.12205113 7.05502951 -17.14234261
v 124.53915096 7.75850072 -16.67089701
v 124.99101049 8.40785677 -16.16016271
v 125.47542502 8.99858282 -15.61263169
v 125.99039431 9.52481198 -15.03056479
v 126.53351303 9.97969021 -14.41668075
v 127.10147567 10.35628992 -13.77471577
v 127.68987916 10.64878562 -13.10964661
v 128.29339068 10.85350079 -12.42750093
v 128.90621110 10.96946823 -11.73483345
v 129.52265630 10.99830553 -11.03806889
v 130.13763877 10.94343908 -10.34295767
v 130.74687411 10.80893231 -9.65434238
v 131.34674586 10.59830908 -8.97631070
v 131.93389468 10.31376317 -8.31265969
v 132.50470672 9.95600968 -7.66747404
v 133.05491830 9.52481198 -7.04557299
v 133.57951400 9.01998609 -6.45262541
v 134.07298746 8.44252490 -5.89485513
v 134.52989658 7.79545211 -5.37841331
v 134.94552980 7.08411953 -4.90862541
v 135.31644953 6.31586226 -4.48937693
v 135.64071354 5.49915276 -4.12286314
v 135.91768406 4.64256356 -3.80980492
v 136.14747929 3.75390280 -3.55006866
v 136.33025121 2.83980836 -3.34348258
v 136.46554049 1.90590640 -3.19056587
v 136.55193801 0.95742686 -3.09291124
v 137.31014792 0.00000000 -3.70185761
v 137.29140805 -0.95955740 -3.72230859
v 137.21559528 -1.91349902 -3.80504371
v 137.08162379 -2.85295139 -3.95124793
v 136.89012029 -3.76885735 -4.16023733
v 136.64350686 -4.65289455 -4.42936866
v 136.34562854 -5.49820760 -4.75444580
v 136.00105727 -6.29967256 -5.13047937
v 135.61431028 -7.05358401 -5.55253964
v 135.18924285 -7.75687136 -6.01641935
v 134.72880588 -8.40613408 -6.51889812
v 134.23522571 -8.99686481 -7.05754636
v 133.71051260 -9.52317491 -7.63017023
v 133.15709249 -9.97816457 -8.23412231
v 132.57831995 -10.35485045 -8.86574170
v 131.97868318 -10.64735954 -9.52013040
v 131.36363076 -10.85199222 -10.19134234
v 130.73909233 -10.96779127 -10.87290644
v 130.11087729 -10.99641520 -11.55848285
v 129.48417677 -10.94134976 -12.24240646
v 128.86335031 -10.80671767 -12.91991965
v 128.25206648 -10.59608334 -13.58701889
v 127.65372880 -10.31164998 -14.23998988
v 127.07200600 -9.95410888 -14.87482892
v 126.51124197 -9.52317491 -15.48679548
v 125.97656172 -9.01860717 -16.07029658
v 125.47360196 -8.44135143 -16.61918084
v 125.00793668 -7.79440815 -17.12736532
v 124.58438776 -7.08313487 -17.58958786
v 124.20646275 -6.31489672 -18.00202063
v 123.87612603 -5.49820760 -18.36251990
v 123.59399679 -4.64167720 -18.67040994
v 123.35991731 -3.75313366 -18.92586287
v 123.17370092 -2.83921197 -19.12908239
v 123.03580020 -1.90551590 -19.27957462
v 122.94765758 -0.95724407 -19.37576541
v 122.91160665 -0.00000000 -19.41510810
v 122.93034652 0.95955740 -19.39465712
v 123.00615930 1.91349902 -19.31192199
v 123.14013078 2.85295139 -19.16571778
v 123.33163428 3.76885735 -18.95672837
v 123.57824771 4.65289455 -18.68759704
v 123.87612603 5.49820760 -18.36251990
v 124.22069731 6.29967256 -17.98648634
v 124.60744429 7.05358401 -17.56442607
v 125.03251173 7.75687136 -17.10054636
v 125.49294869 8.40613408 -16.59806759
v 125.98652886 8.99686481 -16.05941935
v 126.51124197 9.52317491 -15.48679548
v 127.06466209 9.97816457 -14.88284340
v 127.64343462 10.35485045 -14.25122401
v 128.24307139 10.64735954 -13.59683531
v 128.85812381 10.85199222 -12.92562337
v 129.48266225 10.96779127 -12.24405927
v 130.11087729 10.99641520 -11.55848285
v 130.73757780 10.94134976 -10.87455925
v 131.35840427 10.80671767 -10.19704605
v 131.96968809 10.59608334 -9.52994682
v 132.56802577 10.31164998 -8.87697582
v 133.14974857 9.95410888 -8.24213679
v 133.71051260 9.52317491 -7.63017023
v 134.24519285 9.01860717 -7.04666913
v 134.74815261 8.44135143 -6.49778487
v 135.21381790 7.79440815 -5.98960039
v 135.63736682 7.08313487 -5.52737785
v 136.01529182 6.31489672 -5.11494508
v 136.34562854 5.49820760 -4.75444580
v 136.62775778 4.64167720 -4.44655577
v 136.86183726 3.75313366 -4.19110284
v 137.04805365 2.83921197 -3.98788331
v 137.18595437 1.90551590 -3.83739109
v 137.27409699 0.95724407 -3.74120029
v 138.02261569 0.00000000 -4.36204098
v 138.00362893 -0.95958085 -4.38204885
v 137.92648268 -1.91356498 -4.46334404
v 137.79005119 -2.85306019 -4.60711283
v 137.59496802 -3.76898726 -4.81268759
v 137.34371160 -4.65300828 -5.07745662
v 137.04022158 -5.49826651 -5.39726837
v 136.68918206 -6.29965338 -5.76718684
v 136.29521661 -7.05349132 -6.18233980
v 135.86226290 -7.75674074 -6.63857781
v 135.39332332 -8.40602363 -7.13273703
v 134.89065038 -8.99683741 -7.66244378
v 134.35627095 -9.52327695 -8.22556220
v 133.79263729 -9.97840846 -8.81950815
v 133.20315589 -10.35520739 -9.44069193
v 132.59239896 -10.64776559 -10.08429545
v 131.96592636 -10.85236629 -10.74445983
v 131.32979228 -10.96805935 -11.41480527
v 130.68992620 -10.99653303 -12.08908343
v 130.05162028 -10.94131644 -12.76171752
v 129.41931002 -10.80657567 -13.42803351
v 128.79671957 -10.59590490 -14.08410695
v 128.18730087 -10.31151448 -14.72630026
v 127.59478032 -9.95407856 -15.35068665
v 127.02358146 -9.52327695 -15.95260465
v 126.47893456 -9.01882760 -16.52654273
v 125.96659942 -8.44164241 -17.06643132
v 125.49227398 -7.79470540 -17.56626604
v 125.06088454 -7.08337903 -18.02085566
v 124.67600689 -6.31505107 -18.42643208
v 124.33963083 -5.49826651 -18.78089848
v 124.05236443 -4.64166306 -19.08361411
v 123.81401961 -3.75308434 -19.33477713
v 123.62438288 -2.83916416 -19.53461256
v 123.48390376 -1.90549086 -19.68264666
v 123.39405614 -0.95724115 -19.77732629
v 123.35723671 -0.00000000 -19.81612588
v 123.37622348 0.95958085 -19.79611800
v 123.45336973 1.91356498 -19.71482282
v 123.58980122 2.85306019 -19.57105402
v 123.78488438 3.76898726 -19.36547926
v 124.03614081 4.65300828 -19.10071023
v 124.33963083 5.49826651 -18.78089848
v 124.69067035 6.29965338 -18.41098001
v 125.08463579 7.05349132 -17.99582706
v 125.51758950 7.75674074 -17.53958904
v 125.98652909 8.40602363 -17.04542983
v 126.48920203 8.99683741 -16.51572307
v 127.02358146 9.52327695 -15.95260465
v 127.58721512 9.97840846 -15.35865870
v 128.17669651 10.35520739 -14.73747492
v 128.78745345 10.64776559 -14.09387141
v 129.41392605 10.85236629 -13.43370703
v 130.05006013 10.96805935 -12.76336158
v 130.68992620 10.99653303 -12.08908343
v 131.32823212 10.94131644 -11.41644933
v 131.96054238 10.80657567 -10.75013335
v 132.58313283 10.59590490 -10.09405991
v 133.19255153 10.31151448 -9.45186659
v 133.78507209 9.95407856 -8.82748021
v 134.35627095 9.52327695 -8.22556220
v 134.90091784 9.01882760 -7.65162413
v 135.41325299 8.44164241 -7.11173554
v 135.88757843 7.79470540 -6.61190081
v 136.31896787 7.08337903 -6.15731120
v 136.70384552 6.31505107 -5.75173478
v 137.04022158 5.49826651 -5.39726837
v 137.32748798 4.64166306 -5.09455275
v 137.56583279 3.75308434 -4.84338972
v 137.75546953 2.83916416 -4.64355430
v 137.89594865 1.90549086 -4.49552019
v 137.98579626 0.95724115 -4.40084056
v 138.71055781 0.00000000 -5.01841164
v 138.69129946 -0.95962700 -5.03808449
v 138.61293384 -1.91366351 -5.11813677
v 138.47431021 -2.85321065 -5.25974400
v 138.27607071 -3.76918133 -5.46225020
v 138.02073766 -4.65323205 -5.72307877
v 137.71232232 -5.49850534 -6.03813213
v 137.35559375 -6.29989763 -6.40253856
v 136.95525787 -7.05374066 -6.81149085
v 136.51531963 -7.75700521 -7.26089788
v 136.03882871 -8.40632077 -7.74764430
v 135.52806877 -8.99718624 -8.26939731
v 134.98509224 -9.52369062 -8.82406031
v 134.41238450 -9.97888834 -9.40909442
v 133.81340345 -10.35574060 -10.02096733
v 133.19279530 -10.64832710 -10.65493282
v 132.55621312 -10.85292510 -11.30521614
v 131.90981379 -10.96858683 -11.96552790
v 131.25962667 -10.99701069 -12.62970898
v 130.61103092 -10.94174066 -13.29226445
v 129.96853189 -10.80695767 -13.94859196
v 129.33590953 -10.59626617 -14.59483024
v 128.71666638 -10.31187899 -15.22740135
v 128.11458537 -9.95446450 -15.84244093
v 127.53416110 -9.52369062 -16.43535766
v 126.98071171 -9.01926133 -17.00071892
v 126.46009628 -8.44207708 -17.53253955
v 125.97811176 -7.79511645 -18.02489780
v 125.53976908 -7.08374377 -18.47267492
v 125.14870280 -6.31535478 -18.87215812
v 124.80693102 -5.49850534 -19.22128584
v 124.51506384 -4.64184303 -19.51943487
v 124.27290069 -3.75321701 -19.76681009
v 124.08021657 -2.83926096 -19.96364135
v 123.93746434 -1.90555822 -20.10946603
v 123.84614327 -0.95727827 -20.20275260
v 123.80869553 -0.00000000 -20.24100633
v 123.82795388 0.95962700 -20.22133348
v 123.90631950 1.91366351 -20.14128120
v 124.04494314 2.85321065 -19.99967397
v 124.24318263 3.76918133 -19.79716777
v 124.49851568 4.65323205 -19.53633920
v 124.80693102 5.49850534 -19.22128584
v 125.16365959 6.29989763 -18.85687941
v 125.56399547 7.05374066 -18.44792711
v 126.00393371 7.75700521 -17.99852009
v 126.48042463 8.40632077 -17.51177367
v 126.99118457 8.99718624 -16.99002066
v 127.53416110 9.52369062 -16.43535766
v 128.10686884 9.97888834 -15.85032354
v 128.70584989 10.35574060 -15.23845064
v 129.32645804 10.64832710 -14.60448515
v 129.96304022 10.85292510 -13.95420183
v 130.60943955 10.96858683 -13.29389007
v 131.25962667 10.99701069 -12.62970898
v 131.90822243 10.94174066 -11.96715352
v 132.55072145 10.80695767 -11.31082601
v 133.18334381 10.59626617 -10.66458773
v 133.80258696 10.31187899 -10.03201662
v 134.40466797 9.95446450 -9.41697704
v 134.98509224 9.52369062 -8.82406031
v 135.53854163 9.01926133 -8.25869905
v 136.05915706 8.44207708 -7.72687842
v 136.54114158 7.79511645 -7.23452016
v 136.97948426 7.08374377 -6.78674305
v 137.37055054 6.31535478 -6.38725985
v 137.71232232 5.49850534 -6.03813213
v 138.00418950 4.64184303 -5.73998310
v 138.24635265 3.75321701 -5.49260788
v 138.43903677 2.83926096 -5.29577662
v 138.58178901 1.90555822 -5.14995194
v 138.67311007 0.95727827 -5.05666537
v 139.20091131 0.00000000 -5.49688544
v 139.18148026 -0.95966390 -5.51646629
v 139.10253533 -1.91373022 -5.59601981
v 138.96292495 -2.85330635 -5.73670646
v 138.76329751 -3.76931271 -5.93787284
v 138.50618896 -4.65341095 -6.19696347
v 138.19563028 -5.49874376 -6.50991627
v 137.83641417 -6.30020183 -6.87190161
v 137.43327148 -7.05410676 -7.27815216
v 136.99023138 -7.75741809 -7.72460769
v 136.51036629 -8.40675708 -8.20817211
v 135.99598148 -8.99762069 -8.72652235
v 135.44915146 -9.52410358 -9.27756794
v 134.87238595 -9.97927199 -9.85877978
v 134.26917103 -10.35610156 -10.46664493
v 133.64418540 -10.64868428 -11.09644864
v 133.00311824 -10.85330339 -11.74245784
v 132.35216452 -10.96900853 -12.39842982
v 131.69739161 -10.99748753 -13.05825043
v 131.04421485 -10.94226901 -13.71646258
v 130.39717320 -10.80751857 -14.36849234
v 129.76007779 -10.59683018 -15.01049917
v 129.13646127 -10.31241420 -15.63892321
v 128.53013705 -9.95494518 -16.24992163
v 127.94563176 -9.52410358 -16.83893293
v 127.38829730 -9.01960809 -17.40056392
v 126.86402731 -8.44237134 -17.92887556
v 126.37865206 -7.79537793 -18.41799261
v 125.93721234 -7.08399068 -18.86283543
v 125.54336717 -6.31559758 -19.25971678
v 125.19915293 -5.49874376 -19.60658460
v 124.90519229 -4.64206718 -19.90281141
v 124.66129333 -3.75341181 -20.14859061
v 124.46723801 -2.83941209 -20.34414191
v 124.32348658 -1.90565712 -20.48900153
v 124.23154717 -0.95732449 -20.58164972
v 124.19387191 -0.00000000 -20.61961542
v 124.21330296 0.95966390 -20.60003458
v 124.29224788 1.91373022 -20.52048106
v 124.43185827 2.85330635 -20.37979440
v 124.63148570 3.76931271 -20.17862802
v 124.88859425 4.65341095 -19.91953740
v 125.19915293 5.49874376 -19.60658460
v 125.55836904 6.30020183 -19.24459926
v 125.96151173 7.05410676 -18.83834870
v 126.40455183 7.75741809 -18.39189317
v 126.88441692 8.40675708 -17.90832876
v 127.39880173 8.99762069 -17.38997852
v 127.94563176 9.52410358 -16.83893293
v 128.52239726 9.97927199 -16.25772109
v 129.12561218 10.35610156 -15.64985593
v 129.75059781 10.64868428 -15.02005223
v 130.39166497 10.85330339 -14.37404303
v 131.04261869 10.96900853 -13.71807105
v 131.69739161 10.99748753 -13.05825043
v 132.35056836 10.94226901 -12.40003828
v 132.99761001 10.80751857 -11.74800853
v 133.63470542 10.59683018 -11.10600170
v 134.25832194 10.31241420 -10.47757766
v 134.86464616 9.95494518 -9.86657923
v 135.44915146 9.52410358 -9.27756794
v 136.00648591 9.01960809 -8.71593695
v 136.53075591 8.44237134 -8.18762530
v 137.01613115 7.79537793 -7.69850826
v 137.45757088 7.08399068 -7.25366544
v 137.85141604 6.31559758 -6.85678408
v 138.19563028 5.49874376 -6.50991627
v 138.48959092 4.64206718 -6.21368946
v 138.73348989 3.75341181 -5.96791026
v 138.92754520 2.83941209 -5.77235895
v 139.07129663 1.90565712 -5.62749933
v 139.16323604 0.95732449 -5.53485115
v 140.63196878 0.00000000 -6.89414618
v 140.61206662 -0.96009609 -6.91420176
v 140.53268703 -1.91450969 -6.99419329
v 140.39276387 -2.85442361 -7.13519514
v 140.19296735 -3.77084797 -7.33653191
v 139.93578703 -4.65550665 -7.59569485
v 139.62515721 -5.50154424 -7.90871935
v 139.26575724 -6.30378269 -8.27088996
v 138.86222576 -7.05842185 -8.67753230
v 138.41854987 -7.76228660 -9.12462853
v 137.93782083 -8.41189959 -9.60906355
v 137.42241364 -9.00273468 -10.12844406
v 136.87449685 -9.52895414 -10.68058479
v 136.29666591 -9.98376623 -11.26287027
v 135.69245734 -10.36031966 -11.87173674
v 135.06655330 -10.65285395 -12.50246593
v 134.42460623 -10.85772400 -13.14936182
v 133.77275610 -10.97394851 -13.80623712
v 133.11702492 -11.00308847 -14.46702339
v 132.46281507 -10.94848828 -15.12627660
v 131.81469362 -10.81412966 -15.77939448
v 131.17653211 -10.60348069 -16.42247563
v 130.55193299 -10.31872242 -17.05188984
v 129.94476089 -9.96060329 -17.66374268
v 129.35955299 -9.52895414 -18.25346200
v 128.80162421 -9.02367015 -18.81569191
v 128.27679523 -8.44580997 -19.34456683
v 127.79081435 -7.79843034 -19.83429419
v 127.34866380 -7.08687603 -20.27985331
v 126.95399400 -6.31844186 -20.67756566
v 126.60889263 -5.50154424 -21.02532744
v 126.31408276 -4.64470559 -21.32241003
v 126.06949278 -3.75570782 -21.56888558
v 125.87500716 -2.84119409 -21.76487050
v 125.73113709 -1.90682283 -21.90984968
v 125.63937217 -0.95786861 -22.00232202
v 125.60208106 -0.00000000 -22.03990061
v 125.62198322 0.96009609 -22.01984503
v 125.70136281 1.91450969 -21.93985349
v 125.84128597 2.85442361 -21.79885165
v 126.04108249 3.77084797 -21.59751488
v 126.29826281 4.65550665 -21.33835193
v 126.60889263 5.50154424 -21.02532744
v 126.96829260 6.30378269 -20.66315683
v 127.37182408 7.05842185 -20.25651449
v 127.81549997 7.76228660 -19.80941826
v 128.29622901 8.41189959 -19.32498324
v 128.81163620 9.00273468 -18.80560273
v 129.35955299 9.52895414 -18.25346200
v 129.93738393 9.98376623 -17.67117651
v 130.54159250 10.36031966 -17.06231005
v 131.16749654 10.65285395 -16.43158085
v 131.80944361 10.85772400 -15.78468496
v 132.46129374 10.97394851 -15.12780966
v 133.11702492 11.00308847 -14.46702339
v 133.77123477 10.94848828 -13.80777019
v 134.41935622 10.81412966 -13.15465231
v 135.05751773 10.60348069 -12.51157116
v 135.68211685 10.31872242 -11.88215695
v 136.28928895 9.96060329 -11.27030410
v 136.87449685 9.52895414 -10.68058479
v 137.43242563 9.02367015 -10.11835488
v 137.95725461 8.44580997 -9.58947995
v 138.44323549 7.79843034 -9.09975260
v 138.88538604 7.08687603 -8.65419347
v 139.28005584 6.31844186 -8.25648113
v 139.62515721 5.50154424 -7.90871935
v 139.91996708 4.64470559 -7.61163675
v 140.16455706 3.75570782 -7.36516121
v 140.35904268 2.84119409 -7.16917629
v 140.50291275 1.90682283 -7.02419711
v 140.59467767 0.95786861 -6.93172477
v 142.05995037 0.00000000 -8.29450650
v 142.03970310 -0.96099821 -8.31490986
v 141.96000527 -1.91624832 -8.39522209
v 141.81985335 -2.85698296 -8.53645445
v 141.61993353 -3.77427241 -8.73791547
v 141.36270138 -4.65988104 -8.99713065
v 141.05202034 -5.50695063 -9.31020675
v 140.69248672 -6.31024971 -9.67251205
v 140.28867157 -7.06588667 -10.07944025
v 139.84453113 -7.77058593 -10.52700460
v 139.36317050 -8.42079582 -11.01207608
v 138.84701574 -9.01197055 -11.53220992
v 138.29830430 -9.53831829 -12.08515143
v 137.71969443 -9.99314713 -12.66822186
v 137.11475960 -10.36972823 -13.27782017
v 136.48818448 -10.66240557 -13.90922562
v 135.84559460 -10.86758428 -14.55676928
v 135.19308960 -10.98425980 -15.21430450
v 134.53665823 -11.01390126 -15.87579635
v 133.88169337 -10.95972029 -16.53581039
v 133.23278267 -10.82556643 -17.18972361
v 132.59384191 -10.61481779 -17.83359002
v 131.96852470 -10.32963526 -18.46372786
v 131.36073314 -9.97082183 -19.07620493
v 130.77501217 -9.53831829 -19.66644128
v 130.21664956 -9.03214892 -20.22910835
v 129.69141257 -8.45347990 -20.75839444
v 129.20498936 -7.80542261 -21.24856752
v 128.76231930 -7.09331187 -21.69465017
v 128.36704646 -6.32437876 -22.09297021
v 128.02129613 -5.50695063 -22.44138596
v 127.72586489 -4.64947058 -22.73909470
v 127.48076933 -3.75967977 -22.98607972
v 127.28596902 -2.84423185 -23.18238177
v 127.14201243 -1.90883944 -23.32744813
v 127.05037563 -0.95885128 -23.41979136
v 127.01336610 -0.00000000 -23.45708620
v 127.03361337 0.96099821 -23.43668285
v 127.11331120 1.91624832 -23.35637062
v 127.25346311 2.85698296 -23.21513826
v 127.45338293 3.77427241 -23.01367724
v 127.71061509 4.65988104 -22.75446206
v 128.02129613 5.50695063 -22.44138596
v 128.38082975 6.31024971 -22.07908066
v 128.78464490 7.06588667 -21.67215246
v 129.22878534 7.77058593 -21.22458811
v 129.71014597 8.42079582 -20.73951663
v 130.22630073 9.01197055 -20.21938278
v 130.77501217 9.53831829 -19.66644128
v 131.35362204 9.99314713 -19.08337085
v 131.95855686 10.36972823 -18.47377253
v 132.58513198 10.66240557 -17.84236709
v 133.22772186 10.86758428 -17.19482343
v 133.88022687 10.98425980 -16.53728821
v 134.53665823 11.01390126 -15.87579635
v 135.19162309 10.95972029 -15.21578231
v 135.84053380 10.82556643 -14.56186909
v 136.47947455 10.61481779 -13.91800269
v 137.10479177 10.32963526 -13.28786485
v 137.71258333 9.97082183 -12.67538778
v 138.29830430 9.53831829 -12.08515143
v 138.85666691 9.03214892 -11.52248436
v 139.38190390 8.45347990 -10.99319827
v 139.86832710 7.80542261 -10.50302518
v 140.31099716 7.09331187 -10.05694254
v 140.70627001 6.32437876 -9.65862250
v 141.05202034 5.50695063 -9.31020675
v 141.34745158 4.64947058 -9.01249801
v 141.59254714 3.75967977 -8.76551299
v 141.78734745 2.84423185 -8.56921094
v 141.93130404 1.90883944 -8.42414458
v 142.02294084 0.95885128 -8.33180134
v 143.48856422 0.00000000 -9.69422970
v 143.46794490 -0.96191849 -9.71500797
v 143.38790416 -1.91801847 -9.79566575
v 143.24750598 -2.85958674 -9.93714627
v 143.04745377 -3.77775892 -10.13874070
v 142.79016643 -4.66434347 -10.39801149
v 142.47943103 -5.51247952 -10.71114238
v 142.11975429 -6.31687827 -11.07359190
v 141.71563439 -7.07354976 -11.48082720
v 141.27099430 -7.77911033 -11.92889506
v 140.78895400 -8.42992834 -12.41465144
v 140.27199462 -9.02143711 -12.93559611
v 139.72242788 -9.54789460 -13.48939950
v 139.14297974 -10.00271684 -14.07331466
v 138.53726352 -10.37930734 -14.68370040
v 137.90996657 -10.67212301 -15.31583324
v 137.26668536 -10.87762329 -15.96407356
v 136.61347606 -10.99477862 -16.62231851
v 135.95629155 -11.02495904 -17.28456931
v 135.30051442 -10.97123285 -17.94540188
v 134.65075452 -10.83730698 -18.60017085
v 134.01097533 -10.62646232 -19.24488215
v 133.38488557 -10.34083796 -19.87579849
v 132.77642778 -9.98129561 -20.48894693
v 132.19015521 -9.54789460 -21.07973912
v 131.63132639 -9.04079835 -21.64287601
v 131.10565091 -8.46128887 -22.17260396
v 130.61875213 -7.81253627 -22.66325629
v 130.17552314 -7.09986437 -23.10990217
v 129.77960117 -6.33043516 -23.50887633
v 129.43315207 -5.51247952 -23.85799625
v 129.13705168 -4.65435458 -24.15637929
v 128.89141168 -3.76375722 -24.40391296
v 128.69627258 -2.84735200 -24.60055640
v 128.55222311 -1.91090962 -24.74571636
v 128.46072471 -0.95985850 -24.83792014
v 128.42401888 -0.00000000 -24.87490893
v 128.44463819 0.96191849 -24.85413066
v 128.52467894 1.91801847 -24.77347288
v 128.66507711 2.85958674 -24.63199236
v 128.86512933 3.77775892 -24.43039792
v 129.12241666 4.66434347 -24.17112714
v 129.43315207 5.51247952 -23.85799625
v 129.79282881 6.31687827 -23.49554672
v 130.19694871 7.07354976 -23.08831143
v 130.64158880 7.77911033 -22.64024357
v 131.12362910 8.42992834 -22.15448718
v 131.64058848 9.02143711 -21.63354252
v 132.19015521 9.54789460 -21.07973912
v 132.76960335 10.00271684 -20.49582397
v 133.37531957 10.37930734 -19.88543823
v 134.00261653 10.67212301 -19.25330539
v 134.64589773 10.87762329 -18.60506507
v 135.29910704 10.99477862 -17.94682012
v 135.95629155 11.02495904 -17.28456931
v 136.61206867 10.97123285 -16.62373675
v 137.26182858 10.83730698 -15.96896778
v 137.90160777 10.62646232 -15.32425648
v 138.52769753 10.34083796 -14.69334014
v 139.13615532 9.98129561 -14.08019170
v 139.72242788 9.54789460 -13.48939950
v 140.28125671 9.04079835 -12.92626262
v 140.80693219 8.46128887 -12.39653466
v 141.29383096 7.81253627 -11.90588234
v 141.73705995 7.09986437 -11.45923646
v 142.13298192 6.33043516 -11.06026229
v 142.47943103 5.51247952 -10.71114238
v 142.77553141 4.65435458 -10.41275933
v 143.02117142 3.76375722 -10.16522567
v 143.21631052 2.84735200 -9.96858222
v 143.36035998 1.91090962 -9.82342227
v 143.45185839 0.95985850 -9.73121849
v 144.91927767 0.00000000 -11.09183710
v 144.89819818 -0.96322322 -11.11307910
v 144.81773354 -1.92053984 -11.19416405
v 144.67703127 -2.86330216 -11.33595100
v 144.47681605 -3.78272506 -11.53770969
v 144.21946147 -4.67067009 -11.79704825
v 143.90866002 -5.52027197 -12.11024569
v 143.54880764 -6.32617005 -12.47287220
v 143.14431233 -7.08425205 -12.88048581
v 142.69905587 -7.79100000 -13.32917479
v 142.21617666 -8.44268283 -13.81577656
v 141.69822391 -9.03470715 -14.33772224
v 141.14760127 -9.56139152 -14.89258969
v 140.56711839 -10.01628434 -15.47754756
v 139.96043789 -10.39295167 -16.08890501
v 139.33225043 -10.68598913 -16.72193522
v 138.68811652 -10.89192270 -17.37103482
v 138.03403850 -11.00969174 -18.03015518
v 137.37592486 -11.04054394 -18.69334227
v 136.71914547 -10.98737093 -19.35518484
v 136.06833758 -10.85370384 -20.01100986
v 135.42752369 -10.64270392 -20.65676384
v 134.80048068 -10.35648366 -21.28864078
v 134.19120109 -9.99597755 -21.90261736
v 133.60424846 -9.56139152 -22.49409486
v 133.04484507 -9.05306112 -23.05781074
v 132.51862922 -8.47241183 -23.58808324
v 132.03114402 -7.82268697 -24.07932650
v 131.58722533 -7.10919764 -24.52666740
v 131.19050190 -6.33902164 -24.92644921
v 130.84318970 -5.52027197 -25.27643886
v 130.54626269 -4.66120088 -25.57565491
v 130.29995012 -3.76945178 -25.82386633
v 130.10439268 -2.85170392 -26.02093133
v 129.96022888 -1.91380083 -26.16620650
v 129.86890204 -0.96127040 -26.25823739
v 129.83257206 -0.00000000 -26.29484745
v 129.85365155 0.96322322 -26.27360545
v 129.93411619 1.92053984 -26.19252050
v 130.07481846 2.86330216 -26.05073355
v 130.27503367 3.78272506 -25.84897485
v 130.53238826 4.67067009 -25.58963630
v 130.84318970 5.52027197 -25.27643886
v 131.20304209 6.32617005 -24.91381234
v 131.60753740 7.08425205 -24.50619874
v 132.05279386 7.79100000 -24.05750976
v 132.53567307 8.44268283 -23.57090799
v 133.05362581 9.03470715 -23.04896231
v 133.60424846 9.56139152 -22.49409486
v 134.18473133 10.01628434 -21.90913699
v 134.79141183 10.39295167 -21.29777954
v 135.41959930 10.68598913 -20.66474932
v 136.06373321 10.89192270 -20.01564973
v 136.71781122 11.00969174 -19.35652937
v 137.37592486 11.04054394 -18.69334227
v 138.03270426 10.98737093 -18.03149971
v 138.68351214 10.85370384 -17.37567469
v 139.32432604 10.64270392 -16.72992070
v 139.95136905 10.35648366 -16.09804376
v 140.56064863 9.99597755 -15.48406719
v 141.14760127 9.56139152 -14.89258969
v 141.70700465 9.05306112 -14.32887381
v 142.23322051 8.47241183 -13.79860131
v 142.72070570 7.82268697 -13.30735805
v 143.16462440 7.10919764 -12.86001715
v 143.56134783 6.33902164 -12.46023534
v 143.90866002 5.52027197 -12.11024569
v 144.20558703 4.66120088 -11.81102964
v 144.45189961 3.76945178 -11.56281822
v 144.64745704 2.85170392 -11.36575322
v 144.79162084 1.91380083 -11.22047805
v 144.88294769 0.96127040 -11.12844715
v 146.35317439 0.00000000 -12.48623670
v 146.33150066 -0.96351017 -12.50807751
v 146.25048901 -1.92100871 -12.58971368
v 146.10939486 -2.86394488 -12.73189554
v 145.90897039 -3.78364855 -12.93386511
v 145.65153058 -4.67206153 -13.19328954
v 145.34064581 -5.52232273 -13.50657095
v 144.98056886 -6.32898666 -13.86942377
v 144.57559122 -7.08778926 -14.27752341
v 144.12954147 -7.79504445 -14.72701179
v 143.64558177 -8.44689831 -15.21470238
v 143.12634928 -9.03872969 -15.73793769
v 142.57436628 -9.56494354 -16.29417596
v 141.99255061 -10.01926828 -16.88047690
v 141.38462849 -10.39548894 -17.49308556
v 140.75529481 -10.68838782 -18.12727082
v 140.11006362 -10.89458178 -18.77747615
v 139.45486771 -11.01297162 -19.43772302
v 138.79555818 -11.04464545 -20.10211523
v 138.13748840 -10.99226286 -20.76525812
v 137.48533106 -10.85912315 -21.42244301
v 136.84318479 -10.64822875 -22.06953964
v 136.21491452 -10.36165471 -22.70265330
v 135.60457736 -10.00042807 -23.31769560
v 135.01675007 -9.56494354 -23.91005450
v 134.45660813 -9.05575811 -24.47451463
v 133.92969765 -8.47448023 -25.00548711
v 133.44145812 -7.82444293 -25.49749051
v 132.99665141 -7.11093324 -25.94572628
v 132.59889531 -6.34091009 -26.34654872
v 132.25047054 -5.52232273 -26.69765952
v 131.95247772 -4.66327620 -26.99794959
v 131.70529801 -3.77133389 -27.24703483
v 131.50920149 -2.85318429 -27.44464308
v 131.36489093 -1.91475640 -27.59006615
v 131.27378625 -0.96169839 -27.68187315
v 131.23794196 -0.00000000 -27.71799377
v 131.25961569 0.96351017 -27.69615296
v 131.34062734 1.92100871 -27.61451678
v 131.48172149 2.86394488 -27.47233493
v 131.68214596 3.78364855 -27.27036536
v 131.93958577 4.67206153 -27.01094093
v 132.25047054 5.52232273 -26.69765952
v 132.61054750 6.32898666 -26.33480670
v 133.01552513 7.08778926 -25.92670706
v 133.46157488 7.79504445 -25.47721868
v 133.94553458 8.44689831 -24.98952809
v 134.46476707 9.03872969 -24.46629278
v 135.01675007 9.56494354 -23.91005450
v 135.59856574 10.01926828 -23.32375356
v 136.20648787 10.39548894 -22.71114491
v 136.83582154 10.68838782 -22.07695965
v 137.48105273 10.89458178 -21.42675432
v 138.13624864 11.01297162 -20.76650745
v 138.79555818 11.04464545 -20.10211523
v 139.45362795 10.99226286 -19.43897234
v 140.10578530 10.85912315 -18.78178746
v 140.74793157 10.64822875 -18.13469083
v 141.37620183 10.36165471 -17.50157717
v 141.98653900 10.00042807 -16.88653486
v 142.57436628 9.56494354 -16.29417596
v 143.13450823 9.05575811 -15.72971584
v 143.66141870 8.47448023 -15.19874336
v 144.14965823 7.82444293 -14.70673996
v 144.59446494 7.11093324 -14.25850419
v 144.99222104 6.34091009 -13.85768175
v 145.34064581 5.52232273 -13.50657095
v 145.63863863 4.66327620 -13.20628088
v 145.88581834 3.77133389 -12.95719563
v 146.08191486 2.85318429 -12.75958739
v 146.22622543 1.91475640 -12.61416432
v 146.31733010 0.96169839 -12.52235732
v 147.78922500 0.00000000 -13.87846580
v 147.76686471 -0.96429822 -13.90099847
v 147.68522160 -1.92246092 -13.98327097
v 147.54367581 -2.86604504 -14.12590795
v 147.34301126 -3.78650883 -14.32811944
v 147.08547523 -4.67588281 -14.58764083
v 146.77449692 -5.52730746 -14.90101651
v 146.41416361 -6.33523692 -15.26412766
v 146.00863214 -7.09523017 -15.67278541
v 145.56166954 -7.80340566 -16.12319368
v 145.07646540 -8.45576605 -16.61213830
v 144.55575850 -9.04765599 -17.13685938
v 144.00220824 -9.57357734 -17.69467700
v 143.41885741 -10.02746305 -18.28252493
v 142.80950572 -10.40334752 -18.89657417
v 142.17885294 -10.69622572 -19.53208870
v 141.53235935 -10.90281766 -20.18356618
v 140.87587729 -11.02197914 -20.84510911
v 140.21519149 -11.05461491 -21.51088819
v 139.55563626 -11.00311839 -22.17552800
v 138.90192511 -10.87052329 -22.83427866
v 138.25824470 -10.65965037 -23.48292126
v 137.62856167 -10.37253260 -24.11745857
v 137.01700766 -10.01030411 -24.73372710
v 136.42817474 -9.57357734 -25.32709939
v 135.86718420 -9.06316482 -25.89241465
v 135.33947561 -8.48088660 -26.42419139
v 134.85036863 -7.83018067 -26.91706894
v 134.40453957 -7.11630882 -27.36633493
v 134.00559354 -6.34609633 -27.76835648
v 133.65588606 -5.52730746 -28.12075988
v 133.35666414 -4.66788147 -28.42228853
v 133.10848447 -3.77529312 -28.67238145
v 132.91176665 -2.85624471 -28.87061577
v 132.76728776 -1.91676655 -29.01620847
v 132.67644066 -0.96264812 -29.10775592
v 132.64115798 -0.00000000 -29.14331059
v 132.66351827 0.96429822 -29.12077792
v 132.74516138 1.92246092 -29.03850542
v 132.88670717 2.86604504 -28.89586844
v 133.08737172 3.78650883 -28.69365695
v 133.34490775 4.67588281 -28.43413556
v 133.65588606 5.52730746 -28.12075988
v 134.01621937 6.33523692 -27.75764873
v 134.42175084 7.09523017 -27.34899098
v 134.86871344 7.80340566 -26.89858271
v 135.35391758 8.45576605 -26.40963809
v 135.87462448 9.04765599 -25.88491701
v 136.42817474 9.57357734 -25.32709939
v 137.01152557 10.02746305 -24.73925146
v 137.62087726 10.40334752 -24.12520222
v 138.25153004 10.69622572 -23.48968769
v 138.89802363 10.90281766 -22.83821021
v 139.55450569 11.02197914 -22.17666728
v 140.21519149 11.05461491 -21.51088819
v 140.87474673 11.00311839 -20.84624839
v 141.52845787 10.87052329 -20.18749773
v 142.17213828 10.65965037 -19.53885513
v 142.80182131 10.37253260 -18.90431782
v 143.41337532 10.01030411 -18.28804929
v 144.00220824 9.57357734 -17.69467700
v 144.56319878 9.06316482 -17.12936173
v 145.09090737 8.48088660 -16.59758499
v 145.58001435 7.83018067 -16.10470744
v 146.02584341 7.11630882 -15.65544145
v 146.42478944 6.34609633 -15.25341991
v 146.77449692 5.52730746 -14.90101651
v 147.07371884 4.66788147 -14.59948785
v 147.32189852 3.77529312 -14.34939494
v 147.51861633 2.85624471 -14.15116062
v 147.66309522 1.91676655 -14.00556792
v 147.75394233 0.96264812 -13.91402047
v 149.22653315 0.00000000 -15.26942767
v 149.20343060 -0.96509172 -15.29270832
v 149.12110547 -1.92391463 -15.37566810
v 148.97907273 -2.86814235 -15.51879578
v 148.77815067 -3.78937209 -15.72126677
v 148.52051330 -4.67973047 -15.98089029
v 148.20943709 -5.53236010 -16.29436461
v 147.84883033 -6.34160721 -16.65775131
v 147.44270418 -7.10284013 -17.06700833
v 146.99475908 -7.81196674 -17.51840668
v 146.50821425 -8.46483524 -18.00870233
v 145.98591832 -9.05675369 -18.53502468
v 145.43067898 -9.58232878 -19.09454441
v 144.84567408 -10.03571438 -19.68405916
v 144.23478279 -10.41121425 -20.29965986
v 143.60271010 -10.70405299 -20.93660526
v 142.95485807 -10.91106207 -21.58945164
v 142.29699201 -11.03104884 -22.25238924
v 141.63482480 -11.06472021 -22.91966115
v 140.97367005 -11.01418237 -23.58591281
v 140.31828543 -10.88218242 -24.24634984
v 139.67295270 -10.67134503 -24.89665751
v 139.04174844 -10.38365761 -25.53272777
v 138.42888491 -10.02036979 -26.15031592
v 137.83897063 -9.58232878 -26.74477790
v 137.27706829 -9.07062266 -27.31101200
v 136.74850213 -8.48729962 -27.84365292
v 136.25846218 -7.83591064 -28.33747063
v 135.81153220 -7.12168998 -28.78784603
v 135.41130352 -6.35131836 -29.19116011
v 135.06021252 -5.53236010 -29.54495770
v 134.75966452 -4.67257517 -29.84782265
v 134.51040605 -3.77934229 -30.09900267
v 134.31301842 -2.85937828 -30.29791198
v 134.16835900 -1.91882237 -30.44368660
v 134.07779140 -0.96361610 -30.53495239
v 134.04311646 -0.00000000 -30.56989464
v 134.06621901 0.96509172 -30.54661399
v 134.14854414 1.92391463 -30.46365421
v 134.29057688 2.86814235 -30.32052652
v 134.49149894 3.78937209 -30.11805554
v 134.74913631 4.67973047 -29.85843202
v 135.06021252 5.53236010 -29.54495770
v 135.42081927 6.34160721 -29.18157100
v 135.82694543 7.10284013 -28.77231398
v 136.27489053 7.81196674 -28.32091563
v 136.76143536 8.46483524 -27.83061998
v 137.28373129 9.05675369 -27.30429763
v 137.83897063 9.58232878 -26.74477790
v 138.42397553 10.03571438 -26.15526315
v 139.03486682 10.41121425 -25.53966245
v 139.66693950 10.70405299 -24.90271705
v 140.31479154 10.91106207 -24.24987067
v 140.97265760 11.03104884 -23.58693307
v 141.63482480 11.06472021 -22.91966115
v 142.29597956 11.01418237 -22.25340950
v 142.95136418 10.88218242 -21.59297247
v 143.59669691 10.67134503 -20.94266480
v 144.22790117 10.38365761 -20.30659454
v 144.84076470 10.02036979 -19.68900639
v 145.43067898 9.58232878 -19.09454441
v 145.99258132 9.07062266 -18.52831031
v 146.52114748 8.48729962 -17.99566939
v 147.01118743 7.83591064 -17.50185168
v 147.45811740 7.12168998 -17.05147628
v 147.85834609 6.35131836 -16.64816220
v 148.20943709 5.53236010 -16.29436461
v 148.50998509 4.67257517 -15.99149966
v 148.75924356 3.77934229 -15.74031964
v 148.95663119 2.85937828 -15.54141032
v 149.10129061 1.91882237 -15.39563571
v 149.19185821 0.96361610 -15.30436992
v 150.65857569 0.00000000 -16.66569574
v 150.63495010 -0.96504826 -16.68950346
v 150.55214475 -1.92373796 -16.77294716
v 150.40976970 -2.86782989 -16.91641979
v 150.20866744 -3.78902412 -17.11907237
v 149.95096030 -4.67951975 -17.37876619
v 149.63981711 -5.53246514 -17.69230802
v 149.27901996 -6.34213418 -18.05588659
v 148.87247727 -7.10376417 -18.46556335
v 148.42384253 -7.81311752 -18.91765665
v 147.93635584 -8.46593647 -19.40890142
v 147.41294324 -9.05750629 -19.93634905
v 146.85651690 -9.58251072 -20.49706493
v 146.27034990 -10.03526249 -21.08775074
v 145.65837736 -10.41025821 -21.70444103
v 145.02530792 -10.70288684 -22.34239086
v 144.37650257 -10.91006012 -22.99619791
v 143.71766523 -11.03055213 -23.66011428
v 143.05445812 -11.06493028 -24.32843412
v 142.39218020 -11.01509764 -24.99581759
v 141.73562025 -10.88359813 -25.65743902
v 141.08912702 -10.67291701 -26.30891612
v 140.45685460 -10.38500847 -26.94606279
v 139.84307200 -10.02120246 -27.56457709
v 139.25239933 -9.58251072 -28.15980330
v 138.68985792 -9.07021423 -28.72668140
v 138.16069072 -8.48652024 -29.25992799
v 137.66999633 -7.83505695 -29.75440519
v 137.22229324 -7.12103601 -30.20555966
v 136.82116305 -6.35103238 -30.60978220
v 136.46909913 -5.53246514 -30.96456021
v 136.16761836 -4.67296345 -31.26836512
v 135.91760110 -3.77983396 -31.52030979
v 135.71974260 -2.85979949 -31.71969359
v 135.57495687 -1.91907200 -31.86559549
v 135.48458688 -0.96369617 -31.95666215
v 135.45034055 -0.00000000 -31.99117249
v 135.47396614 0.96504826 -31.96736477
v 135.55677148 1.92373796 -31.88392107
v 135.69914653 2.86782989 -31.74044844
v 135.90024880 3.78902412 -31.53779586
v 136.15795593 4.67951975 -31.27810204
v 136.46909913 5.53246514 -30.96456021
v 136.82989628 6.34213418 -30.60098164
v 137.23643897 7.10376417 -30.19130488
v 137.68507370 7.81311752 -29.73921158
v 138.17256040 8.46593647 -29.24796681
v 138.69597300 9.05750629 -28.72051918
v 139.25239933 9.58251072 -28.15980330
v 139.83856634 10.03526249 -27.56911749
v 140.45053888 10.41025821 -26.95242720
v 141.08360832 10.70288684 -26.31447737
v 141.73241367 10.91006012 -25.66067032
v 142.39125101 11.03055213 -24.99675395
v 143.05445812 11.06493028 -24.32843412
v 143.71673604 11.01509764 -23.66105064
v 144.37329599 10.88359813 -22.99942921
v 145.01978922 10.67291701 -22.34795211
v 145.65206164 10.38500847 -21.71080544
v 146.26584424 10.02120246 -21.09229114
v 146.85651690 9.58251072 -20.49706493
v 147.41905832 9.07021423 -19.93018683
v 147.94822551 8.48652024 -19.39694024
v 148.43891990 7.83505695 -18.90246304
v 148.88662299 7.12103601 -18.45130857
v 149.28775319 6.35103238 -18.04708603
v 149.63981711 5.53246514 -17.69230802
v 149.94129787 4.67296345 -17.38850311
v 150.19131514 3.77983396 -17.13655844
v 150.38917363 2.85979949 -16.93717464
v 150.53395936 1.91907200 -16.79127274
v 150.62432936 0.96369617 -16.70020608
v 152.08886153 0.00000000 -18.06373405
v 152.06478567 -0.96462146 -18.08799551
v 151.98156720 -1.92280989 -18.17185552
v 151.83889801 -2.86640422 -18.31562456
v 151.63764143 -3.78719618 -18.51843264
v 151.37987532 -4.67745016 -18.77818589
v 151.06867578 -5.53032224 -19.09178450
v 150.70771622 -6.34002655 -19.45552673
v 150.30081660 -7.10168985 -19.86556317
v 149.85158998 -7.81095146 -20.31825293
v 149.36329437 -8.46346439 -20.81031284
v 148.83892250 -9.05449629 -21.33872715
v 148.28147648 -9.57879910 -21.90047056
v 147.69431135 -10.03082424 -22.49216220
v 147.08141040 -10.40523598 -23.10978805
v 146.44748541 -10.69756620 -23.74860003
v 145.79786197 -10.90479678 -24.40323148
v 145.13819113 -11.02567369 -25.06798778
v 144.47409143 -11.06064448 -25.73720708
v 143.81084924 -11.01143708 -26.40556226
v 143.15328007 -10.88042010 -27.06820069
v 142.50579036 -10.66995812 -27.72068196
v 141.87260088 -10.38197602 -28.35875274
v 141.25802954 -10.01787220 -28.97806187
v 140.66670638 -9.57879910 -29.57394359
v 140.10361711 -9.06620278 -30.14137377
v 139.57393464 -8.48242609 -30.67513961
v 139.08267883 -7.83116197 -31.17018255
v 138.63431197 -7.11760060 -31.62200591
v 138.23240723 -6.34822353 -32.02700896
v 137.87950708 -5.53032224 -32.38262965
v 137.57722445 -4.67141053 -32.68724260
v 137.32655489 -3.77873024 -32.93984460
v 137.12829181 -2.85900666 -33.13963611
v 136.98339794 -1.91851162 -33.28564698
v 136.89319848 -0.96337591 -33.37654180
v 136.85932134 -0.00000000 -33.41068010
v 136.88339719 0.96462146 -33.38641864
v 136.96661566 1.92280989 -33.30255863
v 137.10928486 2.86640422 -33.15878959
v 137.31054143 3.78719618 -32.95598151
v 137.56830754 4.67745016 -32.69622826
v 137.87950708 5.53032224 -32.38262965
v 138.24046665 6.34002655 -32.01888742
v 138.64736626 7.10168985 -31.60885098
v 139.09659289 7.81095146 -31.15616123
v 139.58488849 8.46346439 -30.66410131
v 140.10926037 9.05449629 -30.13568701
v 140.66670638 9.57879910 -29.57394359
v 141.25387152 10.03082424 -28.98225195
v 141.86677246 10.40523598 -28.36462610
v 142.50069746 10.69756620 -27.72581412
v 143.15032090 10.90479678 -27.07118267
v 143.80999174 11.02567369 -26.40642637
v 144.47409143 11.06064448 -25.73720708
v 145.13733363 11.01143708 -25.06885189
v 145.79490280 10.88042010 -24.40621346
v 146.44239251 10.66995812 -23.75373219
v 147.07558198 10.38197602 -23.11566141
v 147.69015332 10.01787220 -22.49635228
v 148.28147648 9.57879910 -21.90047056
v 148.84456576 9.06620278 -21.33304038
v 149.37424823 8.48242609 -20.79927454
v 149.86550403 7.83116197 -20.30423160
v 150.31387090 7.11760060 -19.85240824
v 150.71577563 6.34822353 -19.44740519
v 151.06867578 5.53032224 -19.09178450
v 151.37095841 4.67141053 -18.78717155
v 151.62162797 3.77873024 -18.53456955
v 151.81989105 2.85900666 -18.33477804
v 151.96478492 1.91851162 -18.18876717
v 152.05498439 0.96337591 -18.09787235
v 153.51382658 0.00000000 -19.46713418
v 153.48952492 -0.96391777 -19.49162318
v 153.40609936 -1.92136856 -19.57569187
v 153.26328284 -2.86423450 -19.71960937
v 153.06194917 -3.78435730 -19.92249515
v 152.80415386 -4.67403797 -20.18227782
v 152.49292651 -5.52643990 -20.49590445
v 152.13188602 -6.33575029 -20.85972823
v 151.72480798 -7.09704311 -21.26994447
v 151.27528514 -7.80589834 -21.72293272
v 150.78658454 -8.45792662 -22.21540076
v 150.26173230 -9.04838915 -22.74429914
v 149.70377566 -9.57207469 -23.30655711
v 149.11611076 -10.02350678 -23.89875236
v 148.50274507 -10.39743624 -24.51684655
v 147.86839189 -10.68946868 -25.15609001
v 147.21835908 -10.89662257 -25.81113398
v 146.55827115 -11.01763050 -26.47631058
v 145.89372475 -11.05287980 -27.14598004
v 145.22999988 -11.00401002 -27.81482161
v 144.57192549 -10.87330087 -28.47796916
v 143.92393693 -10.66305543 -29.13095312
v 143.29028843 -10.37518293 -29.76948647
v 142.67532238 -10.01111528 -30.38919334
v 142.08367383 -9.57207469 -30.98540297
v 141.52031059 -9.05958901 -31.55310922
v 140.99037046 -8.47606768 -32.08713471
v 140.49883379 -7.82523418 -32.58246068
v 140.05013466 -7.11226527 -33.03461887
v 139.64784204 -6.34359252 -33.44001280
v 139.29452298 -5.52643990 -33.79605562
v 138.99183861 -4.66825972 -34.10107342
v 138.74084225 -3.77625776 -34.35400473
v 138.54237653 -2.85715709 -34.55400043
v 138.39742864 -1.91725631 -34.70006575
v 138.30731484 -0.96272613 -34.79087424
v 138.27362292 -0.00000000 -34.82482590
v 138.29792458 0.96391777 -34.80033689
v 138.38135014 1.92136856 -34.71626820
v 138.52416665 2.86423450 -34.57235070
v 138.72550033 3.78435730 -34.36946493
v 138.98329563 4.67403797 -34.10968225
v 139.29452298 5.52643990 -33.79605562
v 139.65556347 6.33575029 -33.43223184
v 140.06264151 7.09704311 -33.02201560
v 140.51216435 7.80589834 -32.56902735
v 141.00086495 8.45792662 -32.07655931
v 141.52571720 9.04838915 -31.54766094
v 142.08367383 9.57207469 -30.98540297
v 142.67133873 10.02350678 -30.39320771
v 143.28470442 10.39743624 -29.77511352
v 143.91905761 10.68946868 -29.13587006
v 144.56909041 10.89662257 -28.48082609
v 145.22917834 11.01763050 -27.81564949
v 145.89372475 11.05287980 -27.14598004
v 146.55744961 11.00401002 -26.47713846
v 147.21552401 10.87330087 -25.81399091
v 147.86351256 10.66305543 -25.16100695
v 148.49716106 10.37518293 -24.52247360
v 149.11212711 10.01111528 -23.90276673
v 149.70377566 9.57207469 -23.30655711
v 150.26713890 9.05958901 -22.73885085
v 150.79707903 8.47606768 -22.20482536
v 151.28861570 7.82523418 -21.70949939
v 151.73731483 7.11226527 -21.25734120
v 152.13960745 6.34359252 -20.85194727
v 152.49292651 5.52643990 -20.49590445
v 152.79561088 4.66825972 -20.19088665
v 153.04660724 3.77625776 -19.93795534
v 153.24507296 2.85715709 -19.73795964
v 153.39002086 1.91725631 -19.59189432
v 153.48013466 0.96272613 -19.50108583
v 154.93624656 0.00000000 -20.87309899
v 154.91182677 -0.96467963 -20.89770703
v 154.82829288 -1.92286695 -20.98188488
v 154.68539935 -2.86645716 -21.12588000
v 154.48402541 -3.78730855 -21.32880635
v 154.22621492 -4.67773222 -21.58860431
v 153.91497315 -5.53088739 -21.90224548
v 153.55389046 -6.34094036 -22.26611179
v 153.14671922 -7.10293173 -22.67642194
v 152.69704158 -7.81240530 -23.12956619
v 152.20812926 -8.46494441 -23.62224758
v 151.68302589 -9.05580134 -24.15139902
v 151.12480231 -9.57977796 -24.71392599
v 150.53687616 -10.03142912 -25.30638452
v 149.92326754 -10.40554473 -25.92472350
v 149.28869057 -10.69776377 -26.56419248
v 148.63844383 -10.90512035 -27.21945203
v 147.97813793 -11.02633857 -27.88484828
v 147.31335806 -11.06177477 -28.55475300
v 146.64938092 -11.01302419 -29.22384880
v 145.99104244 -10.88232277 -29.88726247
v 145.34279313 -10.67194411 -30.54050919
v 144.70890470 -10.38379153 -31.17928431
v 144.09373239 -10.01931610 -31.79919905
v 143.50191381 -9.57977796 -32.39558000
v 142.93840745 -9.06674950 -32.96343048
v 142.40833271 -8.48267778 -33.49759161
v 141.91664928 -7.83130660 -33.99306547
v 141.46777648 -7.11781180 -34.44539868
v 141.06528107 -6.34860635 -34.85099696
v 140.71174297 -5.53088739 -35.20726051
v 140.40884852 -4.67208383 -35.51249000
v 140.15768127 -3.77939103 -35.76559352
v 139.95910961 -2.85953881 -35.96569599
v 139.81413350 -1.91884712 -36.11178973
v 139.72406456 -0.96351477 -36.20255302
v 139.69046957 -0.00000000 -36.23640700
v 139.71488936 0.96467963 -36.21179896
v 139.79842324 1.92286695 -36.12762111
v 139.94131677 2.86645716 -35.98362599
v 140.14269071 3.78730855 -35.78069965
v 140.40050120 4.67773222 -35.52090168
v 140.71174297 5.53088739 -35.20726051
v 141.07282566 6.34094036 -34.84339420
v 141.47999690 7.10293173 -34.43308405
v 141.92967454 7.81240530 -33.97993980
v 142.41858686 8.46494441 -33.48725842
v 142.94369023 9.05580134 -32.95810697
v 143.50191381 9.57977796 -32.39558000
v 144.08983997 10.03142912 -31.80312147
v 144.70344859 10.40554473 -31.18478249
v 145.33802555 10.69776377 -30.54531352
v 145.98827229 10.90512035 -29.89005397
v 146.64857819 11.02633857 -29.22465771
v 147.31335806 11.06177477 -28.55475300
v 147.97733521 11.01302419 -27.88565719
v 148.63567368 10.88232277 -27.22224353
v 149.28392299 10.67194411 -26.56899681
v 149.91781142 10.38379153 -25.93022168
v 150.53298374 10.01931610 -25.31030695
v 151.12480231 9.57977796 -24.71392599
v 151.68830867 9.06674950 -24.14607551
v 152.21838341 8.48267778 -23.61191438
v 152.71006684 7.83130660 -23.11644052
v 153.15893964 7.11781180 -22.66410732
v 153.56143505 6.34860635 -22.25850903
v 153.91497315 5.53088739 -21.90224548
v 154.21786760 4.67208383 -21.59701599
v 154.46903485 3.77939103 -21.34391247
v 154.66760651 2.85953881 -21.14381000
v 154.81258262 1.91884712 -20.99771626
v 154.90265156 0.96351477 -20.90695297
v 156.36036500 0.00000000 -22.27735224
v 156.33575491 -0.96516595 -22.30215205
v 156.25204657 -1.92380376 -22.38650571
v 156.10902902 -2.86783594 -22.53062579
v 155.90759034 -3.78915372 -22.73361739
v 155.64975555 -4.68009041 -22.99343985
v 155.33849070 -5.53380372 -23.30710426
v 154.97734022 -6.34443081 -23.67103888
v 154.57001908 -7.10696229 -24.08150009
v 154.12009229 -7.81688705 -24.53489541
v 153.63083917 -8.46974784 -25.02792022
v 153.10533151 -9.06078622 -25.55747907
v 152.54667819 -9.58482921 -26.12043910
v 151.95833148 -10.03648626 -26.71332143
v 151.34433184 -10.41061429 -27.33205444
v 150.70939471 -10.70290944 -27.97188636
v 150.05880367 -10.91043330 -28.62749285
v 149.39814700 -11.03189727 -29.29324259
v 148.73299137 -11.06760745 -29.96352596
v 148.06860817 -11.01908645 -30.63303095
v 147.40984461 -10.88849793 -31.29687297
v 146.76117559 -10.67806629 -31.95054264
v 146.12690100 -10.38968380 -32.58970691
v 145.51139671 -10.02483136 -33.20995618
v 144.91930456 -9.58482921 -33.80661281
v 144.35556794 -9.07132031 -34.37469533
v 143.82527664 -8.48681053 -34.90907469
v 143.33335706 -7.83507350 -35.40478653
v 142.88420471 -7.12127958 -35.85740142
v 142.48138283 -6.35180687 -36.26332870
v 142.12749205 -5.53380372 -36.61994765
v 141.82425932 -4.67465564 -36.92551803
v 141.57281691 -3.78153565 -37.17889883
v 141.37407468 -2.86117924 -37.37917319
v 141.22905320 -1.91993597 -37.52531264
v 141.13905657 -0.96404515 -37.61600306
v 141.10561775 -0.00000000 -37.64969967
v 141.13022784 0.96516595 -37.62489986
v 141.21393618 1.92380376 -37.54054620
v 141.35695372 2.86783594 -37.39642612
v 141.55839241 3.78915372 -37.19343453
v 141.81622720 4.68009041 -36.93361207
v 142.12749205 5.53380372 -36.61994765
v 142.48864252 6.34443081 -36.25601304
v 142.89596367 7.10696229 -35.84555182
v 143.34589046 7.81688705 -35.39215650
v 143.83514358 8.46974784 -34.89913169
v 144.36065124 9.06078622 -34.36957284
v 144.91930456 9.58482921 -33.80661281
v 145.50765127 10.03648626 -33.21373049
v 146.12165091 10.41061429 -32.59499747
v 146.75658804 10.70290944 -31.95516555
v 147.40717907 10.91043330 -31.29955906
v 148.06783575 11.03189727 -30.63380932
v 148.73299137 11.06760745 -29.96352596
v 149.39737458 11.01908645 -29.29402096
v 150.05613814 10.88849793 -28.63017894
v 150.70480716 10.67806629 -27.97650927
v 151.33908175 10.38968380 -27.33734500
v 151.95458604 10.02483136 -26.71709574
v 152.54667819 9.58482921 -26.12043910
v 153.11041481 9.07132031 -25.55235658
v 153.64070610 8.48681053 -25.01797722
v 154.13262569 7.83507350 -24.52226539
v 154.58177804 7.12127958 -24.06965049
v 154.98459992 6.35180687 -23.66372321
v 155.33849070 5.53380372 -23.30710426
v 155.64172343 4.67465564 -23.00153388
v 155.89316584 3.78153565 -22.74815308
v 156.09190807 2.86117924 -22.54787873
v 156.23692955 1.91993597 -22.40173927
v 156.32692618 0.96404515 -22.31104885
v 157.78839141 0.00000000 -23.67766741
v 157.76342464 -0.96473946 -23.70282664
v 157.67938944 -1.92289278 -23.78750968
v 157.53613971 -2.86644472 -23.93186373
v 157.33458002 -3.78735943 -24.13497726
v 157.07670015 -4.67802238 -24.39484515
v 156.76539264 -5.53159801 -24.70855256
v 156.40411578 -6.34217693 -25.07261454
v 155.99651439 -7.10466321 -25.48335816
v 155.54612141 -7.81444923 -25.93722326
v 155.05623038 -8.46700791 -26.43089090
v 154.52996587 -9.05756734 -26.96121243
v 153.97050805 -9.58100879 -27.52498316
v 153.38137410 -10.03205138 -28.11865879
v 152.76664265 -10.40568453 -28.73812926
v 152.13103158 -10.69771733 -29.37864032
v 151.47979639 -10.90526686 -30.03489593
v 150.81848341 -11.02702254 -30.70130704
v 150.15262469 -11.06319601 -31.37229892
v 149.48748157 -11.01517188 -32.04256969
v 148.82792244 -10.88497555 -32.70721341
v 148.17846787 -10.67473617 -33.36167468
v 147.54347060 -10.38632278 -34.00156720
v 146.92734519 -10.02127001 -34.62244238
v 146.33474133 -9.58100879 -35.21961467
v 145.77057415 -9.06731191 -35.78813107
v 145.23987790 -8.48279175 -36.32291849
v 144.74751656 -7.83127261 -36.81907550
v 144.29784106 -7.11790743 -37.27221758
v 143.89440794 -6.34900015 -37.67876080
v 143.53985673 -5.53159801 -38.03604528
v 143.23599048 -4.67299495 -38.34225407
v 142.98403274 -3.78031234 -38.59615416
v 142.78497116 -2.86028694 -38.79675033
v 142.63986491 -1.91931487 -38.94297522
v 142.55000400 -0.96370267 -39.03352887
v 142.51685797 -0.00000000 -39.06693043
v 142.54182474 0.96473946 -39.04177119
v 142.62585994 1.92289278 -38.95708815
v 142.76910967 2.86644472 -38.81273410
v 142.97066936 3.78735943 -38.60962057
v 143.22854923 4.67802238 -38.34975268
v 143.53985673 5.53159801 -38.03604528
v 143.90113360 6.34217693 -37.67198330
v 144.30873499 7.10466321 -37.26123967
v 144.75912797 7.81444923 -36.80737457
v 145.24901900 8.46700791 -36.31370693
v 145.77528350 9.05756734 -35.78338541
v 146.33474133 9.58100879 -35.21961467
v 146.92387528 10.03205138 -34.62593904
v 147.53860672 10.40568453 -34.00646857
v 148.17421780 10.69771733 -33.36595751
v 148.82545299 10.90526686 -32.70970190
v 149.48676597 11.02702254 -32.04329080
v 150.15262469 11.06319601 -31.37229892
v 150.81776781 11.01517188 -30.70202815
v 151.47732694 10.88497555 -30.03738442
v 152.12678150 10.67473617 -29.38292315
v 152.76177878 10.38632278 -28.74303063
v 153.37790419 10.02127001 -28.12215545
v 153.97050805 9.58100879 -27.52498316
v 154.53467523 9.06731191 -26.95646677
v 155.06537147 8.48279175 -26.42167934
v 155.55773282 7.83127261 -25.92552233
v 156.00740832 7.11790743 -25.47238025
v 156.41084143 6.34900015 -25.06583703
v 156.76539264 5.53159801 -24.70855256
v 157.06925890 4.67299495 -24.40234377
v 157.32121663 3.78031234 -24.14844367
v 157.52027822 2.86028694 -23.94784750
v 157.66538447 1.91931487 -23.80162262
v 157.75524538 0.96370267 -23.71106896
v 159.21374155 0.00000000 -25.08067947
v 159.18853143 -0.96503866 -25.10608394
v 159.10427329 -1.92344762 -25.19099163
v 158.96086532 -2.86724919 -25.33550514
v 158.75922334 -3.78845226 -25.53870160
v 158.50131306 -4.67947317 -25.79860013
v 158.18997688 -5.53347673 -26.11233643
v 157.82861426 -6.34451829 -26.47648482
v 157.42082219 -7.10743984 -26.88742059
v 156.97011172 -7.81756520 -27.34160564
v 156.47978606 -8.47031696 -27.83571126
v 155.95300582 -9.06091115 -28.36655250
v 155.39299978 -9.58426283 -28.93087567
v 154.80332944 -10.03516259 -29.52509183
v 154.18809946 -10.40868705 -30.14506467
v 153.55202937 -10.70071966 -30.78603828
v 152.90035552 -10.90841354 -31.44273594
v 152.23859559 -11.03044232 -32.10959744
v 151.57225800 -11.06695345 -32.78107188
v 150.90659724 -11.01923839 -33.45186428
v 150.24649613 -10.88922958 -34.11705416
v 149.59650642 -10.67899265 -34.77205470
v 148.96101687 -10.39038193 -35.41244330
v 148.34446845 -10.02496959 -36.03374474
v 147.75151623 -9.58426283 -36.63126808
v 147.18705602 -9.07012393 -37.20007977
v 146.65608417 -8.48523943 -37.73514492
v 146.16342205 -7.83347047 -38.23160502
v 145.71339018 -7.11996127 -38.68510622
v 145.30954053 -6.35096915 -39.09206919
v 144.95453913 -5.53347673 -39.44980732
v 144.65024098 -4.67472009 -39.75645133
v 144.39793194 -3.78178975 -40.01070544
v 144.19865270 -2.86142746 -40.21152095
v 144.05348881 -1.92006497 -40.35780392
v 143.96372064 -0.96405844 -40.44826412
v 143.93077446 -0.00000000 -40.48146429
v 143.95598458 0.96503866 -40.45605982
v 144.04024272 1.92344762 -40.37115213
v 144.18365069 2.86724919 -40.22663861
v 144.38529267 3.78845226 -40.02344216
v 144.64320294 4.67947317 -39.76354363
v 144.95453913 5.53347673 -39.44980732
v 145.31590174 6.34451829 -39.08565893
v 145.72369381 7.10743984 -38.67472316
v 146.17440429 7.81756520 -38.22053812
v 146.66472995 8.47031696 -37.72643249
v 147.19151019 9.06091115 -37.19559126
v 147.75151623 9.58426283 -36.63126808
v 148.34118657 10.03516259 -36.03705193
v 148.95641655 10.40868705 -35.41707908
v 149.59248664 10.70071966 -34.77610547
v 150.24416049 10.90841354 -34.11940781
v 150.90592042 11.03044232 -33.45254631
v 151.57225800 11.06695345 -32.78107188
v 152.23791877 11.01923839 -32.11027947
v 152.89801987 10.88922958 -31.44508959
v 153.54800959 10.67899265 -30.79008905
v 154.18349914 10.39038193 -30.14970045
v 154.80004755 10.02496959 -29.52839902
v 155.39299978 9.58426283 -28.93087567
v 155.95745999 9.07012393 -28.36206399
v 156.48843183 8.48523943 -27.82699883
v 156.98109395 7.83347047 -27.33053874
v 157.43112583 7.11996127 -26.87703753
v 157.83497548 6.35096915 -26.47007456
v 158.18997688 5.53347673 -26.11233643
v 158.49427503 4.67472009 -25.80569242
v 158.74658406 3.78178975 -25.55143831
v 158.94586330 2.86142746 -25.35062281
v 159.09102720 1.92006497 -25.20433984
v 159.18079536 0.96405844 -25.11387964
v 160.63409626 0.00000000 -26.48872547
v 160.60885540 -0.96541600 -26.51416091
v 160.52456912 -1.92419447 -26.59909697
v 160.38114117 -2.86835965 -26.74363061
v 160.17948882 -3.78992327 -26.94683752
v 159.92157472 -4.68130289 -27.20673990
v 159.61023493 -5.53566098 -27.52047983
v 159.24886152 -6.34704635 -27.88463910
v 158.84104540 -7.11029130 -28.29559911
v 158.39029487 -7.82070937 -28.74982452
v 157.89991435 -8.47371520 -29.24398542
v 157.37306902 -9.06452159 -29.77489225
v 156.81299379 -9.58804608 -30.33928515
v 156.22325576 -10.03908645 -30.93356953
v 155.60796286 -10.41272862 -31.55360577
v 154.97183485 -10.70486396 -32.19463775
v 154.32010565 -10.91264914 -32.85139118
v 153.65828932 -11.03475534 -33.51830951
v 152.99189132 -11.07132196 -34.18984484
v 152.32616523 -11.02362914 -34.86070306
v 151.66599573 -10.89359827 -35.52596187
v 151.01593848 -10.68328768 -36.18103047
v 150.38038681 -10.39455049 -36.82148166
v 149.76378502 -10.02896417 -37.44283689
v 149.17078885 -9.58804608 -38.04040452
v 148.60629167 -9.07367045 -38.60925345
v 148.07528506 -8.48853414 -39.14435364
v 147.58258500 -7.83650430 -39.64085197
v 147.13250815 -7.12272587 -40.09439850
v 146.72860592 -6.35345245 -40.50141445
v 146.37354770 -5.53566098 -40.85920984
v 146.06919503 -4.67658280 -41.16590880
v 145.81684164 -3.78330698 -41.42020760
v 145.61753493 -2.86257831 -41.62105078
v 145.47236377 -1.92083529 -41.76734108
v 145.38260732 -0.96444258 -41.85778947
v 145.34968638 -0.00000000 -41.89096420
v 145.37492723 0.96541600 -41.86552876
v 145.45921352 1.92419447 -41.78059271
v 145.60264146 2.86835965 -41.63605906
v 145.80429382 3.78992327 -41.43285215
v 146.06220792 4.68130289 -41.17294977
v 146.37354770 5.53566098 -40.85920984
v 146.73492111 6.34704635 -40.49505057
v 147.14273723 7.11029130 -40.08409056
v 147.59348777 7.82070937 -39.62986515
v 148.08386828 8.47371520 -39.13570425
v 148.61071361 9.06452159 -38.60479742
v 149.17078885 9.58804608 -38.04040452
v 149.76052688 10.03908645 -37.44612015
v 150.37581977 10.41272862 -36.82608391
v 151.01194779 10.70486396 -36.18505193
v 151.66367698 10.91264914 -35.52829849
v 152.32549331 11.03475534 -34.86138017
v 152.99189132 11.07132196 -34.18984484
v 153.65761740 11.02362914 -33.51898661
v 154.31778691 10.89359827 -32.85372780
v 154.96784416 10.68328768 -32.19865920
v 155.60339583 10.39455049 -31.55820801
v 156.21999761 10.02896417 -30.93685279
v 156.81299379 9.58804608 -30.33928515
v 157.37749096 9.07367045 -29.77043622
v 157.90849757 8.48853414 -29.23533604
v 158.40119764 7.83650430 -28.73883770
v 158.85127448 7.12272587 -28.28529117
v 159.25517671 6.35345245 -27.87827523
v 159.61023493 5.53566098 -27.52047983
v 159.91458761 4.67658280 -27.21378088
v 160.16694099 3.78330698 -26.95948208
v 160.36624771 2.86257831 -26.75863889
v 160.51141887 1.92083529 -26.61234859
v 160.60117532 0.96444258 -26.52190020
v 162.05879242 0.00000000 -27.89239655
v 162.03333573 -0.96583936 -27.91804949
v 161.94885179 -1.92500151 -28.00318472
v 161.80528363 -2.86954262 -28.14785967
v 161.60355850 -3.79151281 -28.35113991
v 161.34561770 -4.68335578 -28.61106920
v 161.03425281 -5.53823320 -28.92483443
v 160.67280372 -6.35016164 -29.28906996
v 160.26481890 -7.11391751 -29.70019997
v 159.81378721 -7.82475279 -30.15470870
v 159.32302169 -8.47803675 -30.64925757
v 158.79571945 -9.06897069 -31.18062484
v 158.23515853 -9.59250129 -31.74550717
v 157.64494533 -10.04348887 -32.34027037
v 157.02921088 -10.41709584 -32.96075157
v 156.39267638 -10.70927884 -33.60219317
v 155.74055877 -10.91722604 -34.25933802
v 155.07834670 -11.03959440 -34.92665514
v 154.41152463 -11.07646641 -35.59861780
v 153.74534009 -11.02903983 -36.26993801
v 153.08469054 -10.89915395 -36.93568057
v 152.43415929 -10.68881109 -37.59122682
v 151.79817163 -10.39985165 -38.23211737
v 151.18119529 -10.03388665 -38.85385003
v 150.58789073 -9.59250129 -39.45172842
v 150.02313423 -9.07764951 -40.02083868
v 149.49188372 -8.49209434 -40.55618465
v 148.99891739 -7.83973623 -41.05295130
v 148.54852491 -7.12571323 -41.50681590
v 148.14425363 -6.35623862 -41.91420374
v 147.78879645 -5.53823320 -42.27240117
v 147.48406100 -4.67887818 -42.57948585
v 147.23139627 -3.78523644 -42.83409840
v 147.03189671 -2.86405830 -43.03513592
v 146.88667457 -1.92181491 -43.18147759
v 146.79700047 -0.96491595 -43.27184299
v 146.76425684 -0.00000000 -43.30483905
v 146.78971353 0.96583936 -43.27918611
v 146.87419747 1.92500151 -43.19405087
v 147.01776563 2.86954262 -43.04937593
v 147.21949076 3.79151281 -42.84609568
v 147.47743156 4.68335578 -42.58616640
v 147.78879645 5.53823320 -42.27240117
v 148.15024555 6.35016164 -41.90816563
v 148.55823036 7.11391751 -41.49703562
v 149.00926205 7.82475279 -41.04252689
v 149.50002757 8.47803675 -40.54797802
v 150.02732982 9.06897069 -40.01661075
v 150.58789073 9.59250129 -39.45172842
v 151.17810393 10.04348887 -38.85696522
v 151.79383838 10.41709584 -38.23648402
v 152.43037288 10.70927884 -37.59504242
v 153.08249049 10.91722604 -36.93789758
v 153.74470256 11.03959440 -36.27058045
v 154.41152463 11.07646641 -35.59861780
v 155.07770917 11.02903983 -34.92729758
v 155.73835872 10.89915395 -34.26155503
v 156.38888997 10.68881109 -33.60600877
v 157.02487763 10.39985165 -32.96511823
v 157.64185397 10.03388665 -32.34338556
v 158.23515853 9.59250129 -31.74550717
v 158.79991503 9.07764951 -31.17639691
v 159.33116554 8.49209434 -30.64105095
v 159.82413188 7.83973623 -30.14428429
v 160.27452436 7.12571323 -29.69041969
v 160.67879564 6.35623862 -29.28303185
v 161.03425281 5.53823320 -28.92483443
v 161.33898826 4.67887818 -28.61774975
v 161.59165299 3.78523644 -28.36313720
v 161.79115256 2.86405830 -28.16209968
v 161.93637469 1.92181491 -28.01575801
v 162.02604879 0.96491595 -27.92539261
v 163.48143723 0.00000000 -29.29813480
v 163.45585203 -0.96621556 -29.32391724
v 163.37125043 -1.92572941 -29.40917105
v 163.22759883 -2.87061574 -29.55393006
v 163.02583045 -3.79294650 -29.75725389
v 162.76787387 -4.68517995 -30.01719909
v 162.45649415 -5.54047645 -30.33097926
v 162.09500015 -6.35283256 -30.69526005
v 161.68691505 -7.11699077 -31.10649111
v 161.23571614 -7.82816581 -31.56116835
v 160.74472157 -8.48169932 -32.05594804
v 160.21714747 -9.07278516 -32.58758925
v 159.65629759 -9.59638671 -33.15276278
v 159.06580170 -10.04740082 -33.74781085
v 158.44980458 -10.42103486 -34.36855674
v 157.81302831 -10.71328380 -35.01024198
v 157.16067969 -10.92135418 -35.66761962
v 156.49823224 -11.04389433 -36.33517393
v 155.83115795 -11.08095290 -37.00739076
v 155.16470069 -11.03367872 -37.67898579
v 154.50376557 -10.90386247 -38.34501611
v 153.85295235 -10.69347337 -39.00084651
v 153.21670535 -10.40434447 -39.64199840
v 152.59950624 -10.03810697 -40.26395555
v 152.00601830 -9.59638671 -40.86201873
v 151.44110762 -9.08118527 -41.43128437
v 150.90971210 -8.49530546 -41.96677646
v 150.41658742 -7.84266806 -42.46370268
v 149.96600718 -7.12840768 -42.91775648
v 149.56151632 -6.35871438 -43.32536560
v 149.20582174 -5.54047645 -43.68380226
v 148.90085849 -4.68084615 -43.99111649
v 148.64800847 -3.78687169 -44.24591576
v 148.44839416 -2.86530755 -44.44706891
v 148.30314172 -1.92264515 -44.59344111
v 148.21351671 -0.96532180 -44.68375706
v 148.18087866 -0.00000000 -44.71664671
v 148.20646386 0.96621556 -44.69086428
v 148.29106546 1.92572941 -44.60561047
v 148.43471706 2.87061574 -44.46085146
v 148.63648544 3.79294650 -44.25752762
v 148.89444202 4.68517995 -43.99758243
v 149.20582174 5.54047645 -43.68380226
v 149.56731574 6.35283256 -43.31952147
v 149.97540084 7.11699077 -42.90829040
v 150.42659975 7.82816581 -42.45361316
v 150.91759432 8.48169932 -41.95883347
v 151.44516842 9.07278516 -41.42719226
v 152.00601830 9.59638671 -40.86201873
v 152.59651419 10.04740082 -40.26697067
v 153.21251131 10.42103486 -39.64622477
v 153.84928758 10.71328380 -39.00453953
v 154.50163620 10.92135418 -38.34716190
v 155.16408365 11.04389433 -37.67960759
v 155.83115795 11.08095290 -37.00739076
v 156.49761520 11.03367872 -36.33579573
v 157.15855032 10.90386247 -35.66976540
v 157.80936354 10.69347337 -35.01393500
v 158.44561054 10.40434447 -34.37278312
v 159.06280965 10.03810697 -33.75082596
v 159.65629759 9.59638671 -33.15276278
v 160.22120827 9.08118527 -32.58349715
v 160.75260379 8.49530546 -32.04800506
v 161.24572847 7.84266806 -31.55107883
v 161.69630871 7.12840768 -31.09702503
v 162.10079957 6.35871438 -30.68941592
v 162.45649415 5.54047645 -30.33097926
v 162.76145740 4.68084615 -30.02366502
v 163.01430742 3.78687169 -29.76886576
v 163.21392173 2.86530755 -29.56771260
v 163.35917417 1.92264515 -29.42134040
v 163.44879918 0.96532180 -29.33102446
v 164.90158127 0.00000000 -30.70639310
v 164.87597427 -0.96528026 -30.73219751
v 164.79135270 -1.92386159 -30.81747143
v 164.64768696 -2.86782943 -30.96224470
v 164.44591124 -3.78926762 -31.16557593
v 164.18795199 -4.68064469 -31.42552381
v 163.87656977 -5.53512785 -31.73930651
v 163.51506815 -6.34671649 -32.10359497
v 163.10696605 -7.11015276 -32.51484316
v 162.65573878 -7.82065004 -32.96954898
v 162.16470537 -8.47355010 -33.46436782
v 161.63708516 -9.06405050 -33.99605549
v 161.07618626 -9.58712267 -34.56127841
v 160.48564243 -10.03767494 -35.15637479
v 159.86960077 -10.41092723 -35.77716558
v 159.23278349 -10.70288516 -36.41889214
v 158.58039569 -10.91076127 -37.07630925
v 157.91790833 -11.03320384 -37.74390378
v 157.25079126 -11.07025571 -38.41616372
v 156.58428776 -11.02305624 -39.08780535
v 155.92330421 -10.89338602 -39.75388448
v 155.27244316 -10.68320662 -40.40976308
v 154.63615217 -10.39434796 -41.05095928
v 154.01891528 -10.02844296 -41.67295451
v 153.42539625 -9.58712267 -42.27104903
v 152.86045943 -9.07239468 -42.84034100
v 152.32903932 -8.48706564 -43.37585787
v 151.83588779 -7.83505572 -43.87281115
v 151.38527571 -7.12149365 -44.32689704
v 150.98074760 -6.35255915 -44.73454369
v 150.62501275 -5.53512785 -45.09302093
v 150.32001086 -4.67633975 -45.40037410
v 150.06712941 -3.78323326 -45.65520504
v 149.86749564 -2.86255659 -45.85637781
v 149.72223807 -1.92079787 -46.00275518
v 149.63262138 -0.96439246 -46.09306273
v 149.60000125 -0.00000000 -46.12593434
v 149.62560825 0.96528026 -46.10012993
v 149.71022982 1.92386159 -46.01485601
v 149.85389556 2.86782943 -45.87008273
v 150.05567128 3.78926762 -45.66675151
v 150.31363053 4.68064469 -45.40680362
v 150.62501275 5.53512785 -45.09302093
v 150.98651436 6.34671649 -44.72873247
v 151.39461647 7.11015276 -44.31748427
v 151.84584374 7.82065004 -43.86277845
v 152.33687715 8.47355010 -43.36795962
v 152.86449736 9.06405050 -42.83627194
v 153.42539625 9.58712267 -42.27104903
v 154.01594009 10.03767494 -41.67595264
v 154.63198175 10.41092723 -41.05516185
v 155.26879903 10.70288516 -40.41343530
v 155.92118683 10.91076127 -39.75601819
v 156.58367419 11.03320384 -39.08842365
v 157.25079126 11.07025571 -38.41616372
v 157.91729476 11.02305624 -37.74452208
v 158.57827831 10.89338602 -37.07844295
v 159.22913936 10.68320662 -36.42256436
v 159.86543034 10.39434796 -35.78136815
v 160.48266723 10.02844296 -35.15937293
v 161.07618626 9.58712267 -34.56127841
v 161.64112309 9.07239468 -33.99198643
v 162.17254320 8.48706564 -33.45646957
v 162.66569473 7.83505572 -32.95951628
v 163.11630681 7.12149365 -32.50543039
v 163.52083492 6.35255915 -32.09778375
v 163.87656977 5.53512785 -31.73930651
v 164.18157165 4.67633975 -31.43195333
v 164.43445310 3.78323326 -31.17712240
v 164.63408688 2.86255659 -30.97594962
v 164.77934445 1.92079787 -30.82957225
v 164.86896114 0.96439246 -30.73926470
v 166.32569649 0.00000000 -32.11064960
v 166.29989804 -0.96535048 -32.13664693
v 166.21510123 -1.92396901 -32.22209745
v 166.07131127 -2.86797180 -32.36699590
v 165.86947125 -3.78947919 -32.57039193
v 165.61148863 -4.68098521 -32.83036335
v 165.30008453 -5.53565856 -33.14416809
v 164.93851624 -6.34747194 -33.50852375
v 164.53026499 -7.11111968 -33.91992224
v 164.07878886 -7.82176215 -34.37487883
v 163.58741450 -8.47470242 -34.87004124
v 163.05938961 -9.06512940 -35.40213673
v 162.49806053 -9.58804188 -35.96779314
v 161.90709590 -10.03840519 -36.56331357
v 161.29066328 -10.41150850 -37.18449833
v 160.65348619 -10.70341648 -37.82658747
v 160.00075463 -10.91137044 -38.48435099
v 159.33791701 -11.03400651 -39.15229848
v 158.67042457 -11.07131712 -39.82493668
v 158.00351519 -11.02436832 -40.49698732
v 157.34210659 -10.89486743 -41.16349478
v 156.69082585 -10.68472580 -41.81979630
v 156.05414888 -10.39576150 -42.46138147
v 155.43658047 -10.02963665 -43.08371076
v 154.84278861 -9.58804188 -43.68208022
v 154.27762243 -9.07305470 -44.25160331
v 153.74598662 -8.48753949 -44.78733755
v 153.25259949 -7.83544468 -45.28452825
v 152.80170796 -7.12189126 -45.73889574
v 152.39685295 -6.35302130 -46.14687181
v 152.04076462 -5.53565856 -46.50570526
v 151.73542352 -4.67689638 -46.81340026
v 151.48226618 -3.78374775 -47.06850922
v 151.28246156 -2.86296365 -47.26985414
v 151.13715895 -1.92105908 -47.41627691
v 151.04761544 -0.96450725 -47.50651071
v 151.01515265 -0.00000000 -47.53922376
v 151.04095111 0.96535048 -47.51322642
v 151.12574792 1.92396901 -47.42777590
v 151.26953787 2.86797180 -47.28287746
v 151.47137790 3.78947919 -47.07948143
v 151.72936051 4.68098521 -46.81951001
v 152.04076462 5.53565856 -46.50570526
v 152.40233291 6.34747194 -46.14134961
v 152.81058416 7.11111968 -45.72995111
v 153.26206028 7.82176215 -45.27499452
v 153.75343464 8.47470242 -44.77983211
v 154.28145954 9.06512940 -44.24773663
v 154.84278861 9.58804188 -43.68208022
v 155.43375325 10.03840519 -43.08655979
v 156.05018587 10.41150850 -42.46537503
v 156.68736296 10.70341648 -41.82328589
v 157.34009452 10.91137044 -41.16552236
v 158.00293214 11.03400651 -40.49757487
v 158.67042457 11.07131712 -39.82493668
v 159.33733396 11.02436832 -39.15288603
v 159.99874256 10.89486743 -38.48637858
v 160.65002330 10.68472580 -37.83007706
v 161.28670027 10.39576150 -37.18849188
v 161.90426867 10.02963665 -36.56616259
v 162.49806053 9.58804188 -35.96779314
v 163.06322671 9.07305470 -35.39827004
v 163.59486252 8.48753949 -34.86253581
v 164.08824966 7.83544468 -34.36534511
v 164.53914119 7.12189126 -33.91097761
v 164.94399620 6.35302130 -33.50300154
v 165.30008453 5.53565856 -33.14416809
v 165.60542562 4.67689638 -32.83647310
v 165.85858297 3.78374775 -32.58136414
v 166.05838759 2.86296365 -32.38001921
v 166.20369020 1.92105908 -32.23359645
v 166.29323371 0.96450725 -32.14336264
v 167.74739781 0.00000000 -33.51733861
v 167.72151095 -0.96630731 -33.54342503
v 167.63663323 -1.92586095 -33.62895709
v 167.49278594 -2.87078383 -33.77391331
v 167.29091626 -3.79320559 -33.97733922
v 167.03292292 -4.68562485 -34.23732145
v 166.72150879 -5.54120446 -34.55113630
v 166.35990979 -6.35389902 -34.91552290
v 165.95158975 -7.11837568 -35.32699071
v 165.49999881 -7.82976570 -35.78206301
v 165.00846712 -8.48334978 -36.27738396
v 164.48025545 -9.07430822 -36.80966766
v 163.91872785 -9.59764765 -37.37552412
v 163.32756902 -10.04835493 -37.97124025
v 162.71095600 -10.42174669 -38.59260680
v 162.07361289 -10.71391112 -39.23486324
v 161.42072273 -10.92210018 -39.89278658
v 160.75772352 -11.04494306 -40.56089692
v 160.09005789 -11.08240891 -41.23370964
v 159.42296122 -11.03553094 -41.90594901
v 158.76135648 -10.90598426 -42.57265412
v 158.10988208 -10.69565885 -43.22915080
v 157.47302700 -10.40636906 -43.87091545
v 156.85530565 -10.03979207 -44.49339887
v 156.26138792 -9.59764765 -45.09189515
v 155.69611596 -9.08204762 -45.66152485
v 155.16438066 -8.49588575 -46.19735934
v 154.67088484 -7.84312729 -46.69465957
v 154.21986436 -7.12889460 -47.14915701
v 153.81485848 -6.35931821 -47.55728511
v 153.45860699 -5.54120446 -47.91628297
v 153.15310932 -4.68163193 -48.22413575
v 152.89982462 -3.78760859 -48.47937305
v 152.69994115 -2.86589315 -48.68079743
v 152.55461777 -1.92301928 -48.82724112
v 152.46510808 -0.96548385 -48.91744085
v 152.43271796 -0.00000000 -48.95008067
v 152.45860482 0.96630731 -48.92399424
v 152.54348255 1.92586095 -48.83846218
v 152.68732983 2.87078383 -48.69350597
v 152.88919951 3.79320559 -48.49008006
v 153.14719285 4.68562485 -48.23009783
v 153.45860699 5.54120446 -47.91628297
v 153.82020599 6.35389902 -47.55189638
v 154.22852602 7.11837568 -47.14042857
v 154.68011696 7.82976570 -46.68535627
v 155.17164866 8.48334978 -46.19003531
v 155.69986032 9.07430822 -45.65775162
v 156.26138792 9.59764765 -45.09189515
v 156.85254675 10.04835493 -44.49617903
v 157.46915978 10.42174669 -43.87481248
v 158.10650288 10.71391112 -43.23255604
v 158.75939304 10.92210018 -42.57463269
v 159.42239226 11.04494306 -41.90652236
v 160.09005789 11.08240891 -41.23370964
v 160.75715456 11.03553094 -40.56147026
v 161.41875929 10.90598426 -39.89476516
v 162.07023370 10.69565885 -39.23826848
v 162.70708878 10.40636906 -38.59650383
v 163.32481013 10.03979207 -37.97402041
v 163.91872785 9.59764765 -37.37552412
v 164.48399982 9.08204762 -36.80589443
v 165.01573512 8.49588575 -36.27005993
v 165.50923094 7.84312729 -35.77275971
v 165.96025142 7.12889460 -35.31826227
v 166.36525730 6.35931821 -34.91013417
v 166.72150879 5.54120446 -34.55113630
v 167.02700646 4.68163193 -34.24328353
v 167.28029116 3.78760859 -33.98804623
v 167.48017462 2.86589315 -33.78662185
v 167.62549800 1.92301928 -33.64017816
v 167.71500769 0.96548385 -33.54997843
v 169.17163778 0.00000000 -34.92146941
v 169.14555382 -0.96659868 -34.94775445
v 169.06049574 -1.92640816 -35.03346825
v 168.91652072 -2.87158126 -35.17855318
v 168.71458504 -3.79428338 -35.38204561
v 168.45656792 -4.68703772 -35.64205180
v 168.14513158 -5.54300707 -35.95588903
v 167.78346430 -6.35611723 -36.32034444
v 167.37499113 -7.12098489 -36.73196656
v 166.92314443 -7.83268566 -37.18729659
v 166.43126220 -8.48645932 -37.68297077
v 165.90263442 -9.07747615 -38.21567380
v 165.34066449 -9.60076988 -38.78197600
v 164.74907301 -10.05138483 -39.37812811
v 164.13205810 -10.42470790 -39.99989965
v 163.49434519 -10.71688715 -40.64252874
v 162.84110177 -10.92520355 -41.30080807
v 162.17774262 -11.04827346 -41.96928112
v 161.50969120 -11.08601414 -42.64248260
v 160.84217733 -11.03938356 -43.31514239
v 160.18013565 -10.90998180 -43.98228781
v 159.52822980 -10.69964759 -44.63921926
v 158.89097797 -10.41018347 -45.28138372
v 158.27291593 -10.04329707 -45.90421045
v 157.67871791 -9.60076988 -46.50298919
v 157.11321040 -9.08478615 -47.07285626
v 156.58125356 -8.49829974 -47.60891400
v 156.08751567 -7.84530590 -48.10645815
v 155.63620793 -7.13092018 -48.56124506
v 155.23086590 -6.36123574 -48.96971191
v 154.87425083 -5.54300707 -49.32907616
v 154.56840423 -4.68326634 -49.63728056
v 154.31483572 -3.78899692 -49.89280385
v 154.11477657 -2.86696193 -50.09440527
v 153.96940696 -1.92372415 -50.24089555
v 153.87997271 -0.96582091 -50.33101925
v 153.84774463 -0.00000000 -50.36349579
v 153.87382858 0.96659868 -50.33721075
v 153.95888666 1.92640816 -50.25149695
v 154.10286168 2.87158126 -50.10641201
v 154.30479737 3.79428338 -49.90291959
v 154.56281449 4.68703772 -49.64291339
v 154.87425083 5.54300707 -49.32907616
v 155.23591810 6.35611723 -48.96462076
v 155.64439128 7.12098489 -48.55299863
v 156.09623797 7.83268566 -48.09766861
v 156.58812020 8.48645932 -47.60199442
v 157.11674799 9.07747615 -47.06929140
v 157.67871791 9.60076988 -46.50298919
v 158.27030939 10.05138483 -45.90683709
v 158.88732430 10.42470790 -45.28506555
v 159.52503721 10.71688715 -44.64243646
v 160.17828063 10.92520355 -43.98415713
v 160.84163979 11.04827346 -43.31568408
v 161.50969120 11.08601414 -42.64248260
v 162.17720508 11.03938356 -41.96982280
v 162.83924675 10.90998180 -41.30267739
v 163.49115260 10.69964759 -40.64574594
v 164.12840444 10.41018347 -40.00358148
v 164.74646647 10.04329707 -39.38075474
v 165.34066449 9.60076988 -38.78197600
v 165.90617201 9.08478615 -38.21210894
v 166.43812885 8.49829974 -37.67605120
v 166.93186673 7.84530590 -37.17850704
v 167.38317447 7.13092018 -36.72372013
v 167.78851650 6.36123574 -36.31525329
v 168.14513158 5.54300707 -35.95588903
v 168.45097817 4.68326634 -35.64768464
v 168.70454668 3.78899692 -35.39216135
v 168.90460583 2.86696193 -35.19055992
v 169.04997544 1.92372415 -35.04406965
v 169.13940969 0.96582091 -34.95394594
v 170.59374862 0.00000000 -36.32774574
v 170.56755858 -0.96567838 -36.35413768
v 170.48240344 -1.92455602 -36.43994929
v 170.33835970 -2.86881058 -36.58510348
v 170.13638854 -3.79063538 -36.78863165
v 169.87835870 -4.68257519 -37.04865066
v 169.56691050 -5.53780037 -37.36249985
v 169.20520657 -6.35022801 -37.72699218
v 168.79665109 -7.11445367 -38.13869726
v 168.34466685 -7.82552854 -38.59416588
v 167.85259608 -8.47867572 -39.09003007
v 167.32374444 -9.06906547 -39.62295866
v 166.76153657 -9.59175161 -40.18950065
v 166.16971237 -10.04181490 -40.78588727
v 165.55248130 -10.41468512 -41.40787663
v 164.91456951 -10.70654683 -42.05070614
v 164.26113612 -10.91469958 -42.70917690
v 163.59758341 -11.03775440 -43.37784500
v 162.92932452 -11.07560075 -44.05125556
v 162.26158625 -11.02915509 -44.72414147
v 161.59930956 -10.89997539 -45.39152372
v 160.94717165 -10.68987078 -46.04868901
v 160.30970643 -10.40063547 -46.69106851
v 159.69146118 -10.03399151 -47.31407986
v 159.09711246 -9.59175161 -47.91301047
v 158.53147831 -9.07613652 -48.48300515
v 157.99940237 -8.49012910 -49.01918290
v 157.50553433 -7.83773625 -49.51685822
v 157.05407209 -7.12406420 -49.97180082
v 156.64854922 -6.35517921 -50.38044990
v 156.29173853 -5.53780037 -50.74001127
v 155.98570419 -4.67892708 -51.04840486
v 155.73198299 -3.78552173 -51.30408202
v 155.53182932 -2.86434224 -51.50577869
v 155.38643487 -1.92195975 -51.65229400
v 155.29704126 -0.96492604 -51.74237676
v 155.26490041 -0.00000000 -51.77476538
v 155.29109045 0.96567838 -51.74837344
v 155.37624559 1.92455602 -51.66256183
v 155.52028933 2.86881058 -51.51740764
v 155.72226049 3.79063538 -51.31387947
v 155.98029033 4.68257519 -51.05386045
v 156.29173853 5.53780037 -50.74001127
v 156.65344246 6.35022801 -50.37551894
v 157.06199794 7.11445367 -49.96381386
v 157.51398218 7.82552854 -49.50834524
v 158.00605295 8.47867572 -49.01248105
v 158.53490459 9.06906547 -48.47955245
v 159.09711246 9.59175161 -47.91301047
v 159.68893666 10.04181490 -47.31662385
v 160.30616773 10.41468512 -46.69463449
v 160.94407952 10.70654683 -46.05180498
v 161.59751291 10.91469958 -45.39333421
v 162.26106563 11.03775440 -44.72466611
v 162.92932452 11.07560075 -44.05125556
v 163.59706278 11.02915509 -43.37836964
v 164.25933947 10.89997539 -42.71098740
v 164.91147738 10.68987078 -42.05382211
v 165.54894260 10.40063547 -41.41144261
v 166.16718785 10.03399151 -40.78843126
v 166.76153657 9.59175161 -40.18950065
v 167.32717072 9.07613652 -39.61950597
v 167.85924666 8.49012910 -39.08332822
v 168.35311470 7.83773625 -38.58565290
v 168.80457694 7.12406420 -38.13071030
v 169.21009981 6.35517921 -37.72206122
v 169.56691050 5.53780037 -37.36249985
v 169.87294484 4.67892708 -37.05410626
v 170.12666604 3.78552173 -36.79842910
v 170.32681971 2.86434224 -36.59673243
v 170.47221416 1.92195975 -36.45021712
v 170.56160777 0.96492604 -36.36013436
v 172.01755563 0.00000000 -37.73231283
v 171.99118672 -0.96602206 -37.75888502
v 171.90586797 -1.92521063 -37.84486150
v 171.76170843 -2.86976982 -37.99013238
v 171.55967756 -3.79192472 -38.19372072
v 171.30162639 -4.68424171 -38.45376123
v 170.99015834 -5.53989059 -38.76763042
v 170.62839280 -6.35276180 -39.13218484
v 170.21969871 -7.11740477 -39.54402958
v 169.76748278 -7.82881986 -39.99973168
v 169.27509434 -8.48219270 -40.49591599
v 168.74586553 -9.07268410 -41.02922467
v 168.18325673 -9.59537197 -41.59617067
v 167.59104042 -10.04538877 -42.19295243
v 166.97344518 -10.41822754 -42.81530877
v 166.33519837 -10.71012677 -43.45847588
v 165.68144498 -10.91841207 -44.11726911
v 165.01756622 -11.04168272 -44.78626577
v 164.34895783 -11.07978118 -45.46002852
v 163.68084155 -11.03355581 -46.13329537
v 163.01816891 -10.90449674 -46.80107660
v 162.36564005 -10.69436681 -47.45863587
v 161.72781534 -10.40494969 -48.10137762
v 161.10926148 -10.03799515 -48.72469997
v 160.51465893 -9.59537197 -49.32388636
v 159.94881153 -9.07936670 -49.89409593
v 159.41653504 -8.49301690 -50.43047579
v 158.92244777 -7.84035695 -50.92837202
v 158.47072525 -7.12648735 -51.38357691
v 158.06489766 -6.35744101 -51.79253305
v 157.70775732 -5.53989059 -52.15242662
v 157.40140658 -4.68079401 -52.46113905
v 157.14742803 -3.78709198 -52.71707554
v 156.94711509 -2.86554695 -52.91893271
v 156.80167883 -1.92275699 -53.06549015
v 156.71235378 -0.96531105 -53.15550382
v 156.68036003 -0.00000000 -53.18774421
v 156.70672894 0.96602206 -53.16117202
v 156.79204769 1.92521063 -53.07519554
v 156.93620723 2.86976982 -52.92992466
v 157.13823810 3.79192472 -52.72633632
v 157.39628927 4.68424171 -52.46629581
v 157.70775732 5.53989059 -52.15242662
v 158.06952286 6.35276180 -51.78787220
v 158.47821695 7.11740477 -51.37602745
v 158.93043288 7.82881986 -50.92032535
v 159.42282132 8.48219270 -50.42414104
v 159.95205013 9.07268410 -49.89083236
v 160.51465893 9.59537197 -49.32388636
v 161.10687524 10.04538877 -48.72710461
v 161.72447048 10.41822754 -48.10474827
v 162.36271729 10.71012677 -47.46158116
v 163.01647068 10.91841207 -46.80278793
v 163.68034944 11.04168272 -46.13379127
v 164.34895783 11.07978118 -45.46002852
v 165.01707411 11.03355581 -44.78676167
v 165.67974675 10.90449674 -44.11898043
v 166.33227561 10.69436681 -43.46142117
v 166.97010032 10.40494969 -42.81867941
v 167.58865418 10.03799515 -42.19535706
v 168.18325673 9.59537197 -41.59617067
v 168.74910413 9.07936670 -41.02596111
v 169.28138062 8.49301690 -40.48958125
v 169.77546789 7.84035695 -39.99168502
v 170.22719041 7.12648735 -39.53648013
v 170.63301800 6.35744101 -39.12752398
v 170.99015834 5.53989059 -38.76763042
v 171.29650908 4.68079401 -38.45891799
v 171.55048763 3.78709198 -38.20298150
v 171.75080057 2.86554695 -38.00112433
v 171.89623683 1.92275699 -37.85456689
v 171.98556188 0.96531105 -37.76455322
v 173.44165711 0.00000000 -39.13658318
v 173.41509652 -0.96641743 -39.16334853
v 173.32960247 -1.92596609 -39.24950165
v 173.18531891 -2.87087819 -39.39489751
v 172.98322418 -3.79341267 -39.59855020
v 172.72515031 -4.68615886 -39.85861359
v 172.41366119 -5.54228573 -40.17250400
v 172.05182985 -6.35565503 -40.53712474
v 171.64298749 -7.12076660 -40.94911890
v 171.19052354 -7.83256620 -41.40507093
v 170.69779495 -8.48619918 -41.90159801
v 170.16816225 -9.07681607 -42.43531369
v 169.60512413 -9.59952047 -43.00269233
v 169.01248796 -10.04950010 -43.59989718
v 168.39450282 -10.42231564 -44.22264642
v 167.75589736 -10.71426328 -44.86617495
v 167.10180144 -10.92269645 -45.52531335
v 166.43757368 -11.04620181 -46.19466170
v 165.76859114 -11.08457146 -46.86880148
v 165.10007015 -11.03858082 -47.54247616
v 164.43697360 -10.90964737 -48.21068458
v 163.78402615 -10.69948440 -48.86866566
v 163.14581658 -10.40986436 -49.51179524
v 162.52693236 -10.04256675 -50.13545049
v 161.93205816 -9.59952047 -50.73491063
v 161.36598259 -9.08308267 -51.30535013
v 160.83349149 -8.49634956 -51.84194625
v 160.33916959 -7.84338509 -52.34007892
v 159.88716840 -7.12928378 -52.79556462
v 159.48101451 -6.36004296 -53.20484959
v 159.12352109 -5.54228573 -53.56509896
v 158.81683145 -4.68292578 -53.87415290
v 158.56257725 -3.78888077 -54.13036716
v 158.36209375 -2.86691821 -54.33239621
v 158.21661277 -1.92366518 -54.47899871
v 158.12736125 -0.96575068 -54.56893828
v 158.09552518 -0.00000000 -54.60101978
v 158.12208577 0.96641743 -54.57425443
v 158.20757982 1.92596609 -54.48810130
v 158.35186337 2.87087819 -54.34270545
v 158.55395811 3.79341267 -54.13905275
v 158.81203197 4.68615886 -53.87898937
v 159.12352109 5.54228573 -53.56509896
v 159.48535244 6.35565503 -53.20047822
v 159.89419480 7.12076660 -52.78848406
v 160.34665874 7.83256620 -52.33253203
v 160.83938733 8.48619918 -51.83600495
v 161.36902004 9.07681607 -51.30228926
v 161.93205816 9.59952047 -50.73491063
v 162.52469433 10.04950010 -50.13770578
v 163.14267947 10.42231564 -49.51495654
v 163.78128493 10.71426328 -48.87142801
v 164.43538085 10.92269645 -48.21228961
v 165.09960861 11.04620181 -47.54294126
v 165.76859114 11.08457146 -46.86880148
v 166.43711213 11.03858082 -46.19512680
v 167.10020869 10.90964737 -45.52691838
v 167.75315614 10.69948440 -44.86893730
v 168.39136571 10.40986436 -44.22580772
v 169.01024993 10.04256675 -43.60215246
v 169.60512413 9.59952047 -43.00269233
v 170.17119970 9.08308267 -42.43225283
v 170.70369080 8.49634956 -41.89565671
v 171.19801270 7.84338509 -41.39752404
v 171.65001388 7.12928378 -40.94203834
v 172.05616778 6.36004296 -40.53275337
v 172.41366119 5.54228573 -40.17250400
v 172.72035084 4.68292578 -39.86345006
v 172.97460504 3.78888077 -39.60723580
v 173.17508854 2.86691821 -39.40520675
v 173.32056952 1.92366518 -39.25860424
v 173.40982104 0.96575068 -39.16866468
v 174.86412436 0.00000000 -40.54250036
v 174.83744208 -0.96573263 -40.56938833
v 174.75183678 -1.92458076 -40.65565357
v 174.60747454 -2.86880197 -40.80112871
v 174.40533934 -3.79068410 -41.00482219
v 174.14725115 -4.68283826 -41.26490000
v 173.83574877 -5.53843947 -41.57880378
v 173.47387578 -6.35133726 -41.94346648
v 173.06493943 -7.11600533 -42.35555536
v 172.61231818 -7.82735971 -42.81166590
v 172.11937382 -8.48052492 -43.30841041
v 171.58948489 -9.07064965 -43.84238430
v 171.02617441 -9.59285856 -44.41003740
v 170.43327190 -10.04237905 -45.00751064
v 169.81503945 -10.41481897 -45.63050910
v 169.17620653 -10.70651469 -46.27426684
v 168.52189338 -10.91483985 -46.93362414
v 167.85744428 -11.03837450 -47.60319554
v 167.18822446 -11.07687895 -48.27757444
v 166.51944677 -11.03108166 -48.95150779
v 165.85608132 -10.90235268 -49.61998718
v 165.20286836 -10.69237221 -50.27823582
v 164.56441468 -10.40290385 -50.92161139
v 163.94532095 -10.03574425 -51.54547777
v 163.35027451 -9.59285856 -52.14511148
v 162.78405427 -9.07664641 -52.71569676
v 162.25142713 -8.49023821 -53.25242997
v 161.75695644 -7.83771273 -53.75071258
v 161.30477850 -7.12415575 -54.20637639
v 160.89841759 -6.35553624 -54.61586998
v 160.54070015 -5.53843947 -54.97634510
v 160.23379545 -4.67974440 -55.28561575
v 159.97936635 -3.78634735 -55.54200626
v 159.77877464 -2.86501250 -55.74414436
v 159.63326532 -1.92237893 -55.89077542
v 159.54406052 -0.96509459 -55.98066791
v 159.51232456 -0.00000000 -56.01264852
v 159.53900683 0.96573263 -55.98576055
v 159.62461213 1.92458076 -55.89949531
v 159.76897437 2.86880197 -55.75402017
v 159.97110958 3.79068410 -55.55032669
v 160.22919776 4.68283826 -55.29024888
v 160.54070015 5.53843947 -54.97634510
v 160.90257314 6.35133726 -54.61168239
v 161.31150949 7.11600533 -54.19959352
v 161.76413073 7.82735971 -53.74348298
v 162.25707509 8.48052492 -53.24673847
v 162.78696402 9.07064965 -52.71276458
v 163.35027451 9.59285856 -52.14511148
v 163.94317702 10.04237905 -51.54763824
v 164.56140946 10.41481897 -50.92463978
v 165.20024239 10.70651469 -50.28088204
v 165.85455553 10.91483985 -49.62152473
v 166.51900463 11.03837450 -48.95195334
v 167.18822446 11.07687895 -48.27757444
v 167.85700214 11.03108166 -47.60364109
v 168.52036759 10.90235268 -46.93516170
v 169.17358055 10.69237221 -46.27691306
v 169.81203423 10.40290385 -45.63353749
v 170.43112796 10.03574425 -45.00967111
v 171.02617441 9.59285856 -44.41003740
v 171.59239464 9.07664641 -43.83945212
v 172.12502179 8.49023821 -43.30271891
v 172.61949247 7.83771273 -42.80443630
v 173.07167041 7.12415575 -42.34877248
v 173.47803133 6.35553624 -41.93927890
v 173.83574877 5.53843947 -41.57880378
v 174.14265346 4.67974440 -41.26953313
v 174.39708256 3.78634735 -41.01314262
v 174.59767428 2.86501250 -40.81100452
v 174.74318360 1.92237893 -40.66437346
v 174.83238840 0.96509459 -40.57448097
f 1 2 73
f 2 74 73
f 2 3 74
f 3 75 74
f 3 4 75
f 4 76 75
f 4 5 76
f 5 77 76
f 5 6 77
f 6 78 77
f 6 7 78
f 7 79 78
f 7 8 79
f 8 80 79
f 8 9 80
f 9 81 80
f 9 10 81
f 10 82 81
f 10 11 82
f 11 83 82
f 11 12 83
f 12 84 83
f 12 13 84
f 13 85 84
f 13 14 85
f 14 86 85
f 14 15 86
f 15 87 86
f 15 16 87
f 16 88 87
f 16 17 88
f 17 89 88
f 17 18 89
f 18 90 89
f 18 19 90
f 19 91 90
f 19 20 91
f 20 92 91
f 20 21 92
f 21 93 92
f 21 22 93
f 22 94 93
f 22 23 94
f 23 95 94
f 23 24 95
f 24 96 95
f 24 25 96
f 25 97 96
f 25 26 97
f 26 98 97
f 26 27 98
f 27 99 98
f 27 28 99
f 28 100 99
f 28 29 100
f 29 101 100
f 29 30 101
f 30 102 101
f 30 31 102
f 31 103 102
f 31 32 103
f 32 104 103
f 32 33 104
f 33 105 104
f 33 34 105
f 34 106 105
f 34 35 106
f 35 107 106
f 35 36 107
f 36 108 107
f 36 37 108
f 37 109 108
f 37 38 109
f 38 110 109
f 38 39 110
f 39 111 110
f 39 40 111
f 40 112 111
f 40 41 112
f 41 113 112
f 41 42 113
f 42 114 113
f 42 43 114
f 43 115 114
f 43 44 115
f 44 116 115
f 44 45 116
f 45 117 116
f 45 46 117
f 46 118 117
f 46 47 118
f 47 119 118
f 47 48 119
f 48 120 119
f 48 49 120
f 49 121 120
f 49 50 121
f 50 122 121
f 50 51 122
f 51 123 122
f 51 52 123
f 52 124 123
f 52 53 124
f 53 125 124
f 53 54 125
f 54 126 125
f 54 55 126
f 55 127 126
f 55 56 127
f 56 128 127
f 56 57 128
f 57 129 128
f 57 58 129
f 58 130 129
f 58 59 130
f 59 131 130
f 59 60 131
f 60 132 131
f 60 61 132
f 61 133 132
f 61 62 133
f 62 134 133
f 62 63 134
f 63 135 134
f 63 64 135
f 64 136 135
f 64 65 136
f 65 137 136
f 65 66 137
f 66 138 137
f 66 67 138
f 67 139 138
f 67 68 139
f 68 140 139
f 68 69 140
f 69 141 140
f 69 70 141
f 70 142 141
f 70 71 142
f 71 143 142
f 71 72 143
f 72 144 143
f 72 1 144
f 1 73 144
f 73 74 145
f 74 146 145
f 74 75 146
f 75 147 146
f 75 76 147
f 76 148 147
f 76 77 148
f 77 149 148
f 77 78 149
f 78 150 149
f 78 79 150
f 79 151 150
f 79 80 151
f 80 152 151
f 80 81 152
f 81 153 152
f 81 82 153
f 82 154 153
f 82 83 154
f 83 155 154
f 83 84 155
f 84 156 155
f 84 85 156
f 85 157 156
f 85 86 157
f 86 158 157
f 86 87 158
f 87 159 158
f 87 88 159
f 88 160 159
f 88 89 160
f 89 161 160
f 89 90 161
f 90 162 161
f 90 91 162
f 91 163 162
f 91 92 163
f 92 164 163
f 92 93 164
f 93 165 164
f 93 94 165
f 94 166 165
f 94 95 166
f 95 167 166
f 95 96 167
f 96 168 167
f 96 97 168
f 97 169 168
f 97 98 169
f 98 170 169
f 98 99 170
f 99 171 170
f 99 100 171
f 100 172 171
f 100 101 172
f 101 173 172
f 101 102 173
f 102 174 173
f 102 103 174
f 103 175 174
f 103 104 175
f 104 176 175
f 104 105 176
f 105 177 176
f 105 106 177
f 106 178 177
f 106 107 178
f 107 179 178
f 107 108 179
f 108 180 179
f 108 109 180
f 109 181 180
f 109 110 181
f 110 182 181
f 110 111 182
f 111 183 182
f 111 112 183
f 112 184 183
f 112 113 184
f 113 185 184
f 113 114 185
f 114 186 185
f 114 115 186
f 115 187 186
f 115 116 187
f 116 188 187
f 116 117 188
f 117 189 188
f 117 118 189
f 118 190 189
f 118 119 190
f 119 191 190
f 119 120 191
f 120 192 191
f 120 121 192
f 121 193 192
f 121 122 193
f 122 194 193
f 122 123 194
f 123 195 194
f 123 124 195
f 124 196 195
f 124 125 196
f 125 197 196
f 125 126 197
f 126 198 197
f 126 127 198
f 127 199 198
f 127 128 199
f 128 200 199
f 128 129 200
f 129 201 200
f 129 130 201
f 130 202 201
f 130 131 202
f 131 203 202
f 131 132 203
f 132 204 203
f 132 133 204
f 133 205 204
f 133 134 205
f 134 206 205
f 134 135 206
f 135 207 206
f 135 136 207
f 136 208 207
f 136 137 208
f 137 209 208
f 137 138 209
f 138 210 209
f 138 139 210
f 139 211 210
f 139 140 211
f 140 212 211
f 140 141 212
f 141 213 212
f 141 142 213
f 142 214 213
f 142 143 214
f 143 215 214
f 143 144 215
f 144 216 215
f 144 73 216
f 73 145 216
f 145 146 217
f 146 218 217
f 146 147 218
f 147 219 218
f 147 148 219
f 148 220 219
f 148 149 220
f 149 221 220
f 149 150 221
f 150 222 221
f 150 151 222
f 151 223 222
f 151 152 223
f 152 224 223
f 152 153 224
f 153 225 224
f 153 154 225
f 154 226 225
f 154 155 226
f 155 227 226
f 155 156 227
f 156 228 227
f 156 157 228
f 157 229 228
f 157 158 229
f 158 230 229
f 158 159 230
f 159 231 230
f 159 160 231
f 160 232 231
f 160 161 232
f 161 233 232
f 161 162 233
f 162 234 233
f 162 163 234
f 163 235 234
f 163 164 235
f 164 236 235
f 164 165 236
f 165 237 236
f 165 166 237
f 166 238 237
f 166 167 238
f 167 239 238
f 167 168 239
f 168 240 239
f 168 169 240
f 169 241 240
f 169 170 241
f 170 242 241
f 170 171 242
f 171 243 242
f 171 172 243
f 172 244 243
f 172 173 244
f 173 245 244
f 173 174 245
f 174 246 245
f 174 175 246
f 175 247 246
f 175 176 247
f 176 248 247
f 176 177 248
f 177 249 248
f 177 178 249
f 178 250 249
f 178 179 250
f 179 251 250
f 179 180 251
f 180 252 251
f 180 181 252
f 181 253 252
f 181 182 253
f 182 254 253
f 182 183 254
f 183 255 254
f 183 184 255
f 184 256 255
f 184 185 256
f 185 257 256
f 185 186 257
f 186 258 257
f 186 187 258
f 187 259 258
f 187 188 259
f 188 260 259
f 188 189 260
f 189 261 260
f 189 190 261
f 190 262 261
f 190 191 262
f 191 263 262
f 191 192 263
f 192 264 263
f 192 193 264
f 193 265 264
f 193 194 265
f 194 266 265
f 194 195 266
f 195 267 266
f 195 196 267
f 196 268 267
f 196 197 268
f 197 269 268
f 197 198 269
f 198 270 269
f 198 199 270
f 199 271 270
f 199 200 271
f 200 272 271
f 200 201 272
f 201 273 272
f 201 202 273
f 202 274 273
f 202 203 274
f 203 275 274
f 203 204 275
f 204 276 275
f 204 205 276
f 205 277 276
f 205 206 277
f 206 278 277
f 206 207 278
f 207 279 278
f 207 208 279
f 208 280 279
f 208 209 280
f 209 281 280
f 209 210 281
f 210 282 281
f 210 211 282
f 211 283 282
f 211 212 283
f 212 284 283
f 212 213 284
f 213 285 284
f 213 214 285
f 214 286 285
f 214 215 286
f 215 287 286
f 215 216 287
f 216 288 287
f 216 145 288
f 145 217 288
f 217 218 289
f 218 290 289
f 218 219 290
f 219 291 290
f 219 220 291
f 220 292 291
f 220 221 292
f 221 293 292
f 221 222 293
f 222 294 293
f 222 223 294
f 223 295 294
f 223 224 295
f 224 296 295
f 224 225 296
f 225 297 296
f 225 226 297
f 226 298 297
f 226 227 298
f 227 299 298
f 227 228 299
f 228 300 299
f 228 229 300
f 229 301 300
f 229 230 301
f 230 302 301
f 230 231 302
f 231 303 302
f 231 232 303
f 232 304 303
f 232 233 304
f 233 305 304
f 233 234 305
f 234 306 305
f 234 235 306
f 235 307 306
f 235 236 307
f 236 308 307
f 236 237 308
f 237 309 308
f 237 238 309
f 238 310 309
f 238 239 310
f 239 311 310
f 239 240 311
f 240 312 311
f 240 241 312
f 241 313 312
f 241 242 313
f 242 314 313
f 242 243 314
f 243 315 314
f 243 244 315
f 244 316 315
f 244 245 316
f 245 317 316
f 245 246 317
f 246 318 317
f 246 247 318
f 247 319 318
f 247 248 319
f 248 320 319
f 248 249 320
f 249 321 320
f 249 250 321
f 250 322 321
f 250 251 322
f 251 323 322
f 251 252 323
f 252 324 323
f 252 253 324
f 253 325 324
f 253 254 325
f 254 326 325
f 254 255 326
f 255 327 326
f 255 256 327
f 256 328 327
f 256 257 328
f 257 329 328
f 257 258 329
f 258 330 329
f 258 259 330
f 259 331 330
f 259 260 331
f 260 332 331
f 260 261 332
f 261 333 332
f 261 262 333
f 262 334 333
f 262 263 334
f 263 335 334
f 263 264 335
f 264 336 335
f 264 265 336
f 265 337 336
f 265 266 337
f 266 338 337
f 266 267 338
f 267 339 338
f 267 268 339
f 268 340 339
f 268 269 340
f 269 341 340
f 269 270 341
f 270 342 341
f 270 271 342
f 271 343 342
f 271 272 343
f 272 344 343
f 272 273 344
f 273 345 344
f 273 274 345
f 274 346 345
f 274 275 346
f 275 347 346
f 275 276 347
f 276 348 347
f 276 277 348
f 277 349 348
f 277 278 349
f 278 350 349
f 278 279 350
f 279 351 350
f 279 280 351
f 280 352 351
f 280 281 352
f 281 353 352
f 281 282 353
f 282 354 353
f 282 283 354
f 283 355 354
f 283 284 355
f 284 356 355
f 284 285 356
f 285 357 356
f 285 286 357
f 286 358 357
f 286 287 358
f 287 359 358
f 287 288 359
f 288 360 359
f 288 217 360
f 217 289 360
f 289 290 361
f 290 362 361
f 290 291 362
f 291 363 362
f 291 292 363
f 292 364 363
f 292 293 364
f 293 365 364
f 293 294 365
f 294 366 365
f 294 295 366
f 295 367 366
f 295 296 367
f 296 368 367
f 296 297 368
f 297 369 368
f 297 298 369
f 298 370 369
f 298 299 370
f 299 371 370
f 299 300 371
f 300 372 371
f 300 301 372
f 301 373 372
f 301 302 373
f 302 374 373
f 302 303 374
f 303 375 374
f 303 304 375
f 304 376 375
f 304 305 376
f 305 377 376
f 305 306 377
f 306 378 377
f 306 307 378
f 307 379 378
f 307 308 379
f 308 380 379
f 308 309 380
f 309 381 380
f 309 310 381
f 310 382 381
f 310 311 382
f 311 383 382
f 311 312 383
f 312 384 383
f 312 313 384
f 313 385 384
f 313 314 385
f 314 386 385
f 314 315 386
f 315 387 386
f 315 316 387
f 316 388 387
f 316 317 388
f 317 389 388
f 317 318 389
f 318 390 389
f 318 319 390
f 319 391 390
f 319 320 391
f 320 392 391
f 320 321 392
f 321 393 392
f 321 322 393
f 322 394 393
f 322 323 394
f 323 395 394
f 323 324 395
f 324 396 395
f 324 325 396
f 325 397 396
f 325 326 397
f 326 398 397
f 326 327 398
f 327 399 398
f 327 328 399
f 328 400 399
f 328 329 400
f 329 401 400
f 329 330 401
f 330 402 401
f 330 331 402
f 331 403 402
f 331 332 403
f 332 404 403
f 332 333 404
f 333 405 404
f 333 334 405
f 334 406 405
f 334 335 406
f 335 407 406
f 335 336 407
f 336 408 407
f 336 337 408
f 337 409 408
f 337 338 409
f 338 410 409
f 338 339 410
f 339 411 410
f 339 340 411
f 340 412 411
f 340 341 412
f 341 413 412
f 341 342 413
f 342 414 413
f 342 343 414
f 343 415 414
f 343 344 415
f 344 416 415
f 344 345 416
f 345 417 416
f 345 346 417
f 346 418 417
f 346 347 418
f 347 419 418
f 347 348 419
f 348 420 419
f 348 349 420
f 349 421 420
f 349 350 421
f 350 422 421
f 350 351 422
f 351 423 422
f 351 352 423
f 352 424 423
f 352 353 424
f 353 425 424
f 353 354 425
f 354 426 425
f 354 355 426
f 355 427 426
f 355 356 427
f 356 428 427
f 356 357 428
f 357 429 428
f 357 358 429
f 358 430 429
f 358 359 430
f 359 431 430
f 359 360 431
f 360 432 431
f 360 289 432
f 289 361 432
f 361 362 433
f 362 434 433
f 362 363 434
f 363 435 434
f 363 364 435
f 364 436 435
f 364 365 436
f 365 437 436
f 365 366 437
f 366 438 437
f 366 367 438
f 367 439 438
f 367 368 439
f 368 440 439
f 368 369 440
f 369 441 440
f 369 370 441
f 370 442 441
f 370 371 442
f 371 443 442
f 371 372 443
f 372 444 443
f 372 373 444
f 373 445 444
f 373 374 445
f 374 446 445
f 374 375 446
f 375 447 446
f 375 376 447
f 376 448 447
f 376 377 448
f 377 449 448
f 377 378 449
f 378 450 449
f 378 379 450
f 379 451 450
f 379 380 451
f 380 452 451
f 380 381 452
f 381 453 452
f 381 382 453
f 382 454 453
f 382 383 454
f 383 455 454
f 383 384 455
f 384 456 455
f 384 385 456
f 385 457 456
f 385 386 457
f 386 458 457
f 386 387 458
f 387 459 458
f 387 388 459
f 388 460 459
f 388 389 460
f 389 461 460
f 389 390 461
f 390 462 461
f 390 391 462
f 391 463 462
f 391 392 463
f 392 464 463
f 392 393 464
f 393 465 464
f 393 394 465
f 394 466 465
f 394 395 466
f 395 467 466
f 395 396 467
f 396 468 467
f 396 397 468
f 397 469 468
f 397 398 469
f 398 470 469
f 398 399 470
f 399 471 470
f 399 400 471
f 400 472 471
f 400 401 472
f 401 473 472
f 401 402 473
f 402 474 473
f 402 403 474
f 403 475 474
f 403 404 475
f 404 476 475
f 404 405 476
f 405 477 476
f 405 406 477
f 406 478 477
f 406 407 478
f 407 479 478
f 407 408 479
f 408 480 479
f 408 409 480
f 409 481 480
f 409 410 481
f 410 482 481
f 410 411 482
f 411 483 482
f 411 412 483
f 412 484 483
f 412 413 484
f 413 485 484
f 413 414 485
f 414 486 485
f 414 415 486
f 415 487 486
f 415 416 487
f 416 488 487
f 416 417 488
f 417 489 488
f 417 418 489
f 418 490 489
f 418 419 490
f 419 491 490
f 419 420 491
f 420 492 491
f 420 421 492
f 421 493 492
f 421 422 493
f 422 494 493
f 422 423 494
f 423 495 494
f 423 424 495
f 424 496 495
f 424 425 496
f 425 497 496
f 425 426 497
f 426 498 497
f 426 427 498
f 427 499 498
f 427 428 499
f 428 500 499
f 428 429 500
f 429 501 500
f 429 430 501
f 430 502 501
f 430 431 502
f 431 503 502
f 431 432 503
f 432 504 503
f 432 361 504
f 361 433 504
f 433 434 505
f 434 506 505
f 434 435 506
f 435 507 506
f 435 436 507
f 436 508 507
f 436 437 508
f 437 509 508
f 437 438 509
f 438 510 509
f 438 439 510
f 439 511 510
f 439 440 511
f 440 512 511
f 440 441 512
f 441 513 512
f 441 442 513
f 442 514 513
f 442 443 514
f 443 515 514
f 443 444 515
f 444 516 515
f 444 445 516
f 445 517 516
f 445 446 517
f 446 518 517
f 446 447 518
f 447 519 518
f 447 448 519
f 448 520 519
f 448 449 520
f 449 521 520
f 449 450 521
f 450 522 521
f 450 451 522
f 451 523 522
f 451 452 523
f 452 524 523
f 452 453 524
f 453 525 524
f 453 454 525
f 454 526 525
f 454 455 526
f 455 527 526
f 455 456 527
f 456 528 527
f 456 457 528
f 457 529 528
f 457 458 529
f 458 530 529
f 458 459 530
f 459 531 530
f 459 460 531
f 460 532 531
f 460 461 532
f 461 533 532
f 461 462 533
f 462 534 533
f 462 463 534
f 463 535 534
f 463 464 535
f 464 536 535
f 464 465 536
f 465 537 536
f 465 466 537
f 466 538 537
f 466 467 538
f 467 539 538
f 467 468 539
f 468 540 539
f 468 469 540
f 469 541 540
f 469 470 541
f 470 542 541
f 470 471 542
f 471 543 542
f 471 472 543
f 472 544 543
f 472 473 544
f 473 545 544
f 473 474 545
f 474 546 545
f 474 475 546
f 475 547 546
f 475 476 547
f 476 548 547
f 476 477 548
f 477 549 548
f 477 478 549
f 478 550 549
f 478 479 550
f 479 551 550
f 479 480 551
f 480 552 551
f 480 481 552
f 481 553 552
f 481 482 553
f 482 554 553
f 482 483 554
f 483 555 554
f 483 484 555
f 484 556 555
f 484 485 556
f 485 557 556
f 485 486 557
f 486 558 557
f 486 487 558
f 487 559 558
f 487 488 559
f 488 560 559
f 488 489 560
f 489 561 560
f 489 490 561
f 490 562 561
f 490 491 562
f 491 563 562
f 491 492 563
f 492 564 563
f 492 493 564
f 493 565 564
f 493 494 565
f 494 566 565
f 494 495 566
f 495 567 566
f 495 496 567
f 496 568 567
f 496 497 568
f 497 569 568
f 497 498 569
f 498 570 569
f 498 499 570
f 499 571 570
f 499 500 571
f 500 572 571
f 500 501 572
f 501 573 572
f 501 502 573
f 502 574 573
f 502 503 574
f 503 575 574
f 503 504 575
f 504 576 575
f 504 433 576
f 433 505 576
f 505 506 577
f 506 578 577
f 506 507 578
f 507 579 578
f 507 508 579
f 508 580 579
f 508 509 580
f 509 581 580
f 509 510 581
f 510 582 581
f 510 511 582
f 511 583 582
f 511 512 583
f 512 584 583
f 512 513 584
f 513 585 584
f 513 514 585
f 514 586 585
f 514 515 586
f 515 587 586
f 515 516 587
f 516 588 587
f 516 517 588
f 517 589 588
f 517 518 589
f 518 590 589
f 518 519 590
f 519 591 590
f 519 520 591
f 520 592 591
f 520 521 592
f 521 593 592
f 521 522 593
f 522 594 593
f 522 523 594
f 523 595 594
f 523 524 595
f 524 596 595
f 524 525 596
f 525 597 596
f 525 526 597
f 526 598 597
f 526 527 598
f 527 599 598
f 527 528 599
f 528 600 599
f 528 529 600
f 529 601 600
f 529 530 601
f 530 602 601
f 530 531 602
f 531 603 602
f 531 532 603
f 532 604 603
f 532 533 604
f 533 605 604
f 533 534 605
f 534 606 605
f 534 535 606
f 535 607 606
f 535 536 607
f 536 608 607
f 536 537 608
f 537 609 608
f 537 538 609
f 538 610 609
f 538 539 610
f 539 611 610
f 539 540 611
f 540 612 611
f 540 541 612
f 541 613 612
f 541 542 613
f 542 614 613
f 542 543 614
f 543 615 614
f 543 544 615
f 544 616 615
f 544 545 616
f 545 617 616
f 545 546 617
f 546 618 617
f 546 547 618
f 547 619 618
f 547 548 619
f 548 620 619
f 548 549 620
f 549 621 620
f 549 550 621
f 550 622 621
f 550 551 622
f 551 623 622
f 551 552 623
f 552 624 623
f 552 553 624
f 553 625 624
f 553 554 625
f 554 626 625
f 554 555 626
f 555 627 626
f 555 556 627
f 556 628 627
f 556 557 628
f 557 629 628
f 557 558 629
f 558 630 629
f 558 559 630
f 559 631 630
f 559 560 631
f 560 632 631
f 560 561 632
f 561 633 632
f 561 562 633
f 562 634 633
f 562 563 634
f 563 635 634
f 563 564 635
f 564 636 635
f 564 565 636
f 565 637 636
f 565 566 637
f 566 638 637
f 566 567 638
f 567 639 638
f 567 568 639
f 568 640 639
f 568 569 640
f 569 641 640
f 569 570 641
f 570 642 641
f 570 571 642
f 571 643 642
f 571 572 643
f 572 644 643
f 572 573 644
f 573 645 644
f 573 574 645
f 574 646 645
f 574 575 646
f 575 647 646
f 575 576 647
f 576 648 647
f 576 505 648
f 505 577 648
f 577 578 649
f 578 650 649
f 578 579 650
f 579 651 650
f 579 580 651
f 580 652 651
f 580 581 652
f 581 653 652
f 581 582 653
f 582 654 653
f 582 583 654
f 583 655 654
f 583 584 655
f 584 656 655
f 584 585 656
f 585 657 656
f 585 586 657
f 586 658 657
f 586 587 658
f 587 659 658
f 587 588 659
f 588 660 659
f 588 589 660
f 589 661 660
f 589 590 661
f 590 662 661
f 590 591 662
f 591 663 662
f 591 592 663
f 592 664 663
f 592 593 664
f 593 665 664
f 593 594 665
f 594 666 665
f 594 595 666
f 595 667 666
f 595 596 667
f 596 668 667
f 596 597 668
f 597 669 668
f 597 598 669
f 598 670 669
f 598 599 670
f 599 671 670
f 599 600 671
f 600 672 671
f 600 601 672
f 601 673 672
f 601 602 673
f 602 674 673
f 602 603 674
f 603 675 674
f 603 604 675
f 604 676 675
f 604 605 676
f 605 677 676
f 605 606 677
f 606 678 677
f 606 607 678
f 607 679 678
f 607 608 679
f 608 680 679
f 608 609 680
f 609 681 680
f 609 610 681
f 610 682 681
f 610 611 682
f 611 683 682
f 611 612 683
f 612 684 683
f 612 613 684
f 613 685 684
f 613 614 685
f 614 686 685
f 614 615 686
f 615 687 686
f 615 616 687
f 616 688 687
f 616 617 688
f 617 689 688
f 617 618 689
f 618 690 689
f 618 619 690
f 619 691 690
f 619 620 691
f 620 692 691
f 620 621 692
f 621 693 692
f 621 622 693
f 622 694 693
f 622 623 694
f 623 695 694
f 623 624 695
f 624 696 695
f 624 625 696
f 625 697 696
f 625 626 697
f 626 698 697
f 626 627 698
f 627 699 698
f 627 628 699
f 628 700 699
f 628 629 700
f 629 701 700
f 629 630 701
f 630 702 701
f 630 631 702
f 631 703 702
f 631 632 703
f 632 704 703
f 632 633 704
f 633 705 704
f 633 634 705
f 634 706 705
f 634 635 706
f 635 707 706
f 635 636 707
f 636 708 707
f 636 637 708
f 637 709 708
f 637 638 709
f 638 710 709
f 638 639 710
f 639 711 710
f 639 640 711
f 640 712 711
f 640 641 712
f 641 713 712
f 641 642 713
f 642 714 713
f 642 643 714
f 643 715 714
f 643 644 715
f 644 716 715
f 644 645 716
f 645 717 716
f 645 646 717
f 646 718 717
f 646 647 718
f 647 719 718
f 647 648 719
f 648 720 719
f 648 577 720
f 577 649 720
f 649 650 721
f 650 722 721
f 650 651 722
f 651 723 722
f 651 652 723
f 652 724 723
f 652 653 724
f 653 725 724
f 653 654 725
f 654 726 725
f 654 655 726
f 655 727 726
f 655 656 727
f 656 728 727
f 656 657 728
f 657 729 728
f 657 658 729
f 658 730 729
f 658 659 730
f 659 731 730
f 659 660 731
f 660 732 731
f 660 661 732
f 661 733 732
f 661 662 733
f 662 734 733
f 662 663 734
f 663 735 734
f 663 664 735
f 664 736 735
f 664 665 736
f 665 737 736
f 665 666 737
f 666 738 737
f 666 667 738
f 667 739 738
f 667 668 739
f 668 740 739
f 668 669 740
f 669 741 740
f 669 670 741
f 670 742 741
f 670 671 742
f 671 743 742
f 671 672 743
f 672 744 743
f 672 673 744
f 673 745 744
f 673 674 745
f 674 746 745
f 674 675 746
f 675 747 746
f 675 676 747
f 676 748 747
f 676 677 748
f 677 749 748
f 677 678 749
f 678 750 749
f 678 679 750
f 679 751 750
f 679 680 751
f 680 752 751
f 680 681 752
f 681 753 752
f 681 682 753
f 682 754 753
f 682 683 754
f 683 755 754
f 683 684 755
f 684 756 755
f 684 685 756
f 685 757 756
f 685 686 757
f 686 758 757
f 686 687 758
f 687 759 758
f 687 688 759
f 688 760 759
f 688 689 760
f 689 761 760
f 689 690 761
f 690 762 761
f 690 691 762
f 691 763 762
f 691 692 763
f 692 764 763
f 692 693 764
f 693 765 764
f 693 694 765
f 694 766 765
f 694 695 766
f 695 767 766
f 695 696 767
f 696 768 767
f 696 697 768
f 697 769 768
f 697 698 769
f 698 770 769
f 698 699 770
f 699 771 770
f 699 700 771
f 700 772 771
f 700 701 772
f 701 773 772
f 701 702 773
f 702 774 773
f 702 703 774
f 703 775 774
f 703 704 775
f 704 776 775
f 704 705 776
f 705 777 776
f 705 706 777
f 706 778 777
f 706 707 778
f 707 779 778
f 707 708 779
f 708 780 779
f 708 709 780
f 709 781 780
f 709 710 781
f 710 782 781
f 710 711 782
f 711 783 782
f 711 712 783
f 712 784 783
f 712 713 784
f 713 785 784
f 713 714 785
f 714 786 785
f 714 715 786
f 715 787 786
f 715 716 787
f 716 788 787
f 716 717 788
f 717 789 788
f 717 718 789
f 718 790 789
f 718 719 790
f 719 791 790
f 719 720 791
f 720 792 791
f 720 649 792
f 649 721 792
f 721 722 793
f 722 794 793
f 722 723 794
f 723 795 794
f 723 724 795
f 724 796 795
f 724 725 796
f 725 797 796
f 725 726 797
f 726 798 797
f 726 727 798
f 727 799 798
f 727 728 799
f 728 800 799
f 728 729 800
f 729 801 800
f 729 730 801
f 730 802 801
f 730 731 802
f 731 803 802
f 731 732 803
f 732 804 803
f 732 733 804
f 733 805 804
f 733 734 805
f 734 806 805
f 734 735 806
f 735 807 806
f 735 736 807
f 736 808 807
f 736 737 808
f 737 809 808
f 737 738 809
f 738 810 809
f 738 739 810
f 739 811 810
f 739 740 811
f 740 812 811
f 740 741 812
f 741 813 812
f 741 742 813
f 742 814 813
f 742 743 814
f 743 815 814
f 743 744 815
f 744 816 815
f 744 745 816
f 745 817 816
f 745 746 817
f 746 818 817
f 746 747 818
f 747 819 818
f 747 748 819
f 748 820 819
f 748 749 820
f 749 821 820
f 749 750 821
f 750 822 821
f 750 751 822
f 751 823 822
f 751 752 823
f 752 824 823
f 752 753 824
f 753 825 824
f 753 754 825
f 754 826 825
f 754 755 826
f 755 827 826
f 755 756 827
f 756 828 827
f 756 757 828
f 757 829 828
f 757 758 829
f 758 830 829
f 758 759 830
f 759 831 830
f 759 760 831
f 760 832 831
f 760 761 832
f 761 833 832
f 761 762 833
f 762 834 833
f 762 763 834
f 763 835 834
f 763 764 835
f 764 836 835
f 764 765 836
f 765 837 836
f 765 766 837
f 766 838 837
f 766 767 838
f 767 839 838
f 767 768 839
f 768 840 839
f 768 769 840
f 769 841 840
f 769 770 841
f 770 842 841
f 770 771 842
f 771 843 842
f 771 772 843
f 772 844 843
f 772 773 844
f 773 845 844
f 773 774 845
f 774 846 845
f 774 775 846
f 775 847 846
f 775 776 847
f 776 848 847
f 776 777 848
f 777 849 848
f 777 778 849
f 778 850 849
f 778 779 850
f 779 851 850
f 779 780 851
f 780 852 851
f 780 781 852
f 781 853 852
f 781 782 853
f 782 854 853
f 782 783 854
f 783 855 854
f 783 784 855
f 784 856 855
f 784 785 856
f 785 857 856
f 785 786 857
f 786 858 857
f 786 787 858
f 787 859 858
f 787 788 859
f 788 860 859
f 788 789 860
f 789 861 860
f 789 790 861
f 790 862 861
f 790 791 862
f 791 863 862
f 791 792 863
f 792 864 863
f 792 721 864
f 721 793 864
f 793 794 865
f 794 866 865
f 794 795 866
f 795 867 866
f 795 796 867
f 796 868 867
f 796 797 868
f 797 869 868
f 797 798 869
f 798 870 869
f 798 799 870
f 799 871 870
f 799 800 871
f 800 872 871
f 800 801 872
f 801 873 872
f 801 802 873
f 802 874 873
f 802 803 874
f 803 875 874
f 803 804 875
f 804 876 875
f 804 805 876
f 805 877 876
f 805 806 877
f 806 878 877
f 806 807 878
f 807 879 878
f 807 808 879
f 808 880 879
f 808 809 880
f 809 881 880
f 809 810 881
f 810 882 881
f 810 811 882
f 811 883 882
f 811 812 883
f 812 884 883
f 812 813 884
f 813 885 884
f 813 814 885
f 814 886 885
f 814 815 886
f 815 887 886
f 815 816 887
f 816 888 887
f 816 817 888
f 817 889 888
f 817 818 889
f 818 890 889
f 818 819 890
f 819 891 890
f 819 820 891
f 820 892 891
f 820 821 892
f 821 893 892
f 821 822 893
f 822 894 893
f 822 823 894
f 823 895 894
f 823 824 895
f 824 896 895
f 824 825 896
f 825 897 896
f 825 826 897
f 826 898 897
f 826 827 898
f 827 899 898
f 827 828 899
f 828 900 899
f 828 829 900
f 829 901 900
f 829 830 901
f 830 902 901
f 830 831 902
f 831 903 902
f 831 832 903
f 832 904 903
f 832 833 904
f 833 905 904
f 833 834 905
f 834 906 905
f 834 835 906
f 835 907 906
f 835 836 907
f 836 908 907
f 836 837 908
f 837 909 908
f 837 838 909
f 838 910 909
f 838 839 910
f 839 911 910
f 839 840 911
f 840 912 911
f 840 841 912
f 841 913 912
f 841 842 913
f 842 914 913
f 842 843 914
f 843 915 914
f 843 844 915
f 844 916 915
f 844 845 916
f 845 917 916
f 845 846 917
f 846 918 917
f 846 847 918
f 847 919 918
f 847 848 919
f 848 920 919
f 848 849 920
f 849 921 920
f 849 850 921
f 850 922 921
f 850 851 922
f 851 923 922
f 851 852 923
f 852 924 923
f 852 853 924
f 853 925 924
f 853 854 925
f 854 926 925
f 854 855 926
f 855 927 926
f 855 856 927
f 856 928 927
f 856 857 928
f 857 929 928
f 857 858 929
f 858 930 929
f 858 859 930
f 859 931 930
f 859 860 931
f 860 932 931
f 860 861 932
f 861 933 932
f 861 862 933
f 862 934 933
f 862 863 934
f 863 935 934
f 863 864 935
f 864 936 935
f 864 793 936
f 793 865 936
f 865 866 937
f 866 938 937
f 866 867 938
f 867 939 938
f 867 868 939
f 868 940 939
f 868 869 940
f 869 941 940
f 869 870 941
f 870 942 941
f 870 871 942
f 871 943 942
f 871 872 943
f 872 944 943
f 872 873 944
f 873 945 944
f 873 874 945
f 874 946 945
f 874 875 946
f 875 947 946
f 875 876 947
f 876 948 947
f 876 877 948
f 877 949 948
f 877 878 949
f 878 950 949
f 878 879 950
f 879 951 950
f 879 880 951
f 880 952 951
f 880 881 952
f 881 953 952
f 881 882 953
f 882 954 953
f 882 883 954
f 883 955 954
f 883 884 955
f 884 956 955
f 884 885 956
f 885 957 956
f 885 886 957
f 886 958 957
f 886 887 958
f 887 959 958
f 887 888 959
f 888 960 959
f 888 889 960
f 889 961 960
f 889 890 961
f 890 962 961
f 890 891 962
f 891 963 962
f 891 892 963
f 892 964 963
f 892 893 964
f 893 965 964
f 893 894 965
f 894 966 965
f 894 895 966
f 895 967 966
f 895 896 967
f 896 968 967
f 896 897 968
f 897 969 968
f 897 898 969
f 898 970 969
f 898 899 970
f 899 971 970
f 899 900 971
f 900 972 971
f 900 901 972
f 901 973 972
f 901 902 973
f 902 974 973
f 902 903 974
f 903 975 974
f 903 904 975
f 904 976 975
f 904 905 976
f 905 977 976
f 905 906 977
f 906 978 977
f 906 907 978
f 907 979 978
f 907 908 979
f 908 980 979
f 908 909 980
f 909 981 980
f 909 910 981
f 910 982 981
f 910 911 982
f 911 983 982
f 911 912 983
f 912 984 983
f 912 913 984
f 913 985 984
f 913 914 985
f 914 986 985
f 914 915 986
f 915 987 986
f 915 916 987
f 916 988 987
f 916 917 988
f 917 989 988
f 917 918 989
f 918 990 989
f 918 919 990
f 919 991 990
f 919 920 991
f 920 992 991
f 920 921 992
f 921 993 992
f 921 922 993
f 922 994 993
f 922 923 994
f 923 995 994
f 923 924 995
f 924 996 995
f 924 925 996
f 925 997 996
f 925 926 997
f 926 998 997
f 926 927 998
f 927 999 998
f 927 928 999
f 928 1000 999
f 928 929 1000
f 929 1001 1000
f 929 930 1001
f 930 1002 1001
f 930 931 1002
f 931 1003 1002
f 931 932 1003
f 932 1004 1003
f 932 933 1004
f 933 1005 1004
f 933 934 1005
f 934 1006 1005
f 934 935 1006
f 935 1007 1006
f 935 936 1007
f 936 1008 1007
f 936 865 1008
f 865 937 1008
f 937 938 1009
f 938 1010 1009
f 938 939 1010
f 939 1011 1010
f 939 940 1011
f 940 1012 1011
f 940 941 1012
f 941 1013 1012
f 941 942 1013
f 942 1014 1013
f 942 943 1014
f 943 1015 1014
f 943 944 1015
f 944 1016 1015
f 944 945 1016
f 945 1017 1016
f 945 946 1017
f 946 1018 1017
f 946 947 1018
f 947 1019 1018
f 947 948 1019
f 948 1020 1019
f 948 949 1020
f 949 1021 1020
f 949 950 1021
f 950 1022 1021
f 950 951 1022
f 951 1023 1022
f 951 952 1023
f 952 1024 1023
f 952 953 1024
f 953 1025 1024
f 953 954 1025
f 954 1026 1025
f 954 955 1026
f 955 1027 1026
f 955 956 1027
f 956 1028 1027
f 956 957 1028
f 957 1029 1028
f 957 958 1029
f 958 1030 1029
f 958 959 1030
f 959 1031 1030
f 959 960 1031
f 960 1032 1031
f 960 961 1032
f 961 1033 1032
f 961 962 1033
f 962 1034 1033
f 962 963 1034
f 963 1035 1034
f 963 964 1035
f 964 1036 1035
f 964 965 1036
f 965 1037 1036
f 965 966 1037
f 966 1038 1037
f 966 967 1038
f 967 1039 1038
f 967 968 1039
f 968 1040 1039
f 968 969 1040
f 969 1041 1040
f 969 970 1041
f 970 1042 1041
f 970 971 1042
f 971 1043 1042
f 971 972 1043
f 972 1044 1043
f 972 973 1044
f 973 1045 1044
f 973 974 1045
f 974 1046 1045
f 974 975 1046
f 975 1047 1046
f 975 976 1047
f 976 1048 1047
f 976 977 1048
f 977 1049 1048
f 977 978 1049
f 978 1050 1049
f 978 979 1050
f 979 1051 1050
f 979 980 1051
f 980 1052 1051
f 980 981 1052
f 981 1053 1052
f 981 982 1053
f 982 1054 1053
f 982 983 1054
f 983 1055 1054
f 983 984 1055
f 984 1056 1055
f 984 985 1056
f 985 1057 1056
f 985 986 1057
f 986 1058 1057
f 986 987 1058
f 987 1059 1058
f 987 988 1059
f 988 1060 1059
f 988 989 1060
f 989 1061 1060
f 989 990 1061
f 990 1062 1061
f 990 991 1062
f 991 1063 1062
f 991 992 1063
f 992 1064 1063
f 992 993 1064
f 993 1065 1064
f 993 994 1065
f 994 1066 1065
f 994 995 1066
f 995 1067 1066
f 995 996 1067
f 996 1068 1067
f 996 997 1068
f 997 1069 1068
f 997 998 1069
f 998 1070 1069
f 998 999 1070
f 999 1071 1070
f 999 1000 1071
f 1000 1072 1071
f 1000 1001 1072
f 1001 1073 1072
f 1001 1002 1073
f 1002 1074 1073
f 1002 1003 1074
f 1003 1075 1074
f 1003 1004 1075
f 1004 1076 1075
f 1004 1005 1076
f 1005 1077 1076
f 1005 1006 1077
f 1006 1078 1077
f 1006 1007 1078
f 1007 1079 1078
f 1007 1008 1079
f 1008 1080 1079
f 1008 937 1080
f 937 1009 1080
f 1009 1010 1081
f 1010 1082 1081
f 1010 1011 1082
f 1011 1083 1082
f 1011 1012 1083
f 1012 1084 1083
f 1012 1013 1084
f 1013 1085 1084
f 1013 1014 1085
f 1014 1086 1085
f 1014 1015 1086
f 1015 1087 1086
f 1015 1016 1087
f 1016 1088 1087
f 1016 1017 1088
f 1017 1089 1088
f 1017 1018 1089
f 1018 1090 1089
f 1018 1019 1090
f 1019 1091 1090
f 1019 1020 1091
f 1020 1092 1091
f 1020 1021 1092
f 1021 1093 1092
f 1021 1022 1093
f 1022 1094 1093
f 1022 1023 1094
f 1023 1095 1094
f 1023 1024 1095
f 1024 1096 1095
f 1024 1025 1096
f 1025 1097 1096
f 1025 1026 1097
f 1026 1098 1097
f 1026 1027 1098
f 1027 1099 1098
f 1027 1028 1099
f 1028 1100 1099
f 1028 1029 1100
f 1029 1101 1100
f 1029 1030 1101
f 1030 1102 1101
f 1030 1031 1102
f 1031 1103 1102
f 1031 1032 1103
f 1032 1104 1103
f 1032 1033 1104
f 1033 1105 1104
f 1033 1034 1105
f 1034 1106 1105
f 1034 1035 1106
f 1035 1107 1106
f 1035 1036 1107
f 1036 1108 1107
f 1036 1037 1108
f 1037 1109 1108
f 1037 1038 1109
f 1038 1110 1109
f 1038 1039 1110
f 1039 1111 1110
f 1039 1040 1111
f 1040 1112 1111
f 1040 1041 1112
f 1041 1113 1112
f 1041 1042 1113
f 1042 1114 1113
f 1042 1043 1114
f 1043 1115 1114
f 1043 1044 1115
f 1044 1116 1115
f 1044 1045 1116
f 1045 1117 1116
f 1045 1046 1117
f 1046 1118 1117
f 1046 1047 1118
f 1047 1119 1118
f 1047 1048 1119
f 1048 1120 1119
f 1048 1049 1120
f 1049 1121 1120
f 1049 1050 1121
f 1050 1122 1121
f 1050 1051 1122
f 1051 1123 1122
f 1051 1052 1123
f 1052 1124 1123
f 1052 1053 1124
f 1053 1125 1124
f 1053 1054 1125
f 1054 1126 1125
f 1054 1055 1126
f 1055 1127 1126
f 1055 1056 1127
f 1056 1128 1127
f 1056 1057 1128
f 1057 1129 1128
f 1057 1058 1129
f 1058 1130 1129
f 1058 1059 1130
f 1059 1131 1130
f 1059 1060 1131
f 1060 1132 1131
f 1060 1061 1132
f 1061 1133 1132
f 1061 1062 1133
f 1062 1134 1133
f 1062 1063 1134
f 1063 1135 1134
f 1063 1064 1135
f 1064 1136 1135
f 1064 1065 1136
f 1065 1137 1136
f 1065 1066 1137
f 1066 1138 1137
f 1066 1067 1138
f 1067 1139 1138
f 1067 1068 1139
f 1068 1140 1139
f 1068 1069 1140
f 1069 1141 1140
f 1069 1070 1141
f 1070 1142 1141
f 1070 1071 1142
f 1071 1143 1142
f 1071 1072 1143
f 1072 1144 1143
f 1072 1073 1144
f 1073 1145 1144
f 1073 1074 1145
f 1074 1146 1145
f 1074 1075 1146
f 1075 1147 1146
f 1075 1076 1147
f 1076 1148 1147
f 1076 1077 1148
f 1077 1149 1148
f 1077 1078 1149
f 1078 1150 1149
f 1078 1079 1150
f 1079 1151 1150
f 1079 1080 1151
f 1080 1152 1151
f 1080 1009 1152
f 1009 1081 1152
f 1081 1082 1153
f 1082 1154 1153
f 1082 1083 1154
f 1083 1155 1154
f 1083 1084 1155
f 1084 1156 1155
f 1084 1085 1156
f 1085 1157 1156
f 1085 1086 1157
f 1086 1158 1157
f 1086 1087 1158
f 1087 1159 1158
f 1087 1088 1159
f 1088 1160 1159
f 1088 1089 1160
f 1089 1161 1160
f 1089 1090 1161
f 1090 1162 1161
f 1090 1091 1162
f 1091 1163 1162
f 1091 1092 1163
f 1092 1164 1163
f 1092 1093 1164
f 1093 1165 1164
f 1093 1094 1165
f 1094 1166 1165
f 1094 1095 1166
f 1095 1167 1166
f 1095 1096 1167
f 1096 1168 1167
f 1096 1097 1168
f 1097 1169 1168
f 1097 1098 1169
f 1098 1170 1169
f 1098 1099 1170
f 1099 1171 1170
f 1099 1100 1171
f 1100 1172 1171
f 1100 1101 1172
f 1101 1173 1172
f 1101 1102 1173
f 1102 1174 1173
f 1102 1103 1174
f 1103 1175 1174
f 1103 1104 1175
f 1104 1176 1175
f 1104 1105 1176
f 1105 1177 1176
f 1105 1106 1177
f 1106 1178 1177
f 1106 1107 1178
f 1107 1179 1178
f 1107 1108 1179
f 1108 1180 1179
f 1108 1109 1180
f 1109 1181 1180
f 1109 1110 1181
f 1110 1182 1181
f 1110 1111 1182
f 1111 1183 1182
f 1111 1112 1183
f 1112 1184 1183
f 1112 1113 1184
f 1113 1185 1184
f 1113 1114 1185
f 1114 1186 1185
f 1114 1115 1186
f 1115 1187 1186
f 1115 1116 1187
f 1116 1188 1187
f 1116 1117 1188
f 1117 1189 1188
f 1117 1118 1189
f 1118 1190 1189
f 1118 1119 1190
f 1119 1191 1190
f 1119 1120 1191
f 1120 1192 1191
f 1120 1121 1192
f 1121 1193 1192
f 1121 1122 1193
f 1122 1194 1193
f 1122 1123 1194
f 1123 1195 1194
f 1123 1124 1195
f 1124 1196 1195
f 1124 1125 1196
f 1125 1197 1196
f 1125 1126 1197
f 1126 1198 1197
f 1126 1127 1198
f 1127 1199 1198
f 1127 1128 1199
f 1128 1200 1199
f 1128 1129 1200
f 1129 1201 1200
f 1129 1130 1201
f 1130 1202 1201
f 1130 1131 1202
f 1131 1203 1202
f 1131 1132 1203
f 1132 1204 1203
f 1132 1133 1204
f 1133 1205 1204
f 1133 1134 1205
f 1134 1206 1205
f 1134 1135 1206
f 1135 1207 1206
f 1135 1136 1207
f 1136 1208 1207
f 1136 1137 1208
f 1137 1209 1208
f 1137 1138 1209
f 1138 1210 1209
f 1138 1139 1210
f 1139 1211 1210
f 1139 1140 1211
f 1140 1212 1211
f 1140 1141 1212
f 1141 1213 1212
f 1141 1142 1213
f 1142 1214 1213
f 1142 1143 1214
f 1143 1215 1214
f 1143 1144 1215
f 1144 1216 1215
f 1144 1145 1216
f 1145 1217 1216
f 1145 1146 1217
f 1146 1218 1217
f 1146 1147 1218
f 1147 1219 1218
f 1147 1148 1219
f 1148 1220 1219
f 1148 1149 1220
f 1149 1221 1220
f 1149 1150 1221
f 1150 1222 1221
f 1150 1151 1222
f 1151 1223 1222
f 1151 1152 1223
f 1152 1224 1223
f 1152 1081 1224
f 1081 1153 1224
f 1153 1154 1225
f 1154 1226 1225
f 1154 1155 1226
f 1155 1227 1226
f 1155 1156 1227
f 1156 1228 1227
f 1156 1157 1228
f 1157 1229 1228
f 1157 1158 1229
f 1158 1230 1229
f 1158 1159 1230
f 1159 1231 1230
f 1159 1160 1231
f 1160 1232 1231
f 1160 1161 1232
f 1161 1233 1232
f 1161 1162 1233
f 1162 1234 1233
f 1162 1163 1234
f 1163 1235 1234
f 1163 1164 1235
f 1164 1236 1235
f 1164 1165 1236
f 1165 1237 1236
f 1165 1166 1237
f 1166 1238 1237
f 1166 1167 1238
f 1167 1239 1238
f 1167 1168 1239
f 1168 1240 1239
f 1168 1169 1240
f 1169 1241 1240
f 1169 1170 1241
f 1170 1242 1241
f 1170 1171 1242
f 1171 1243 1242
f 1171 1172 1243
f 1172 1244 1243
f 1172 1173 1244
f 1173 1245 1244
f 1173 1174 1245
f 1174 1246 1245
f 1174 1175 1246
f 1175 1247 1246
f 1175 1176 1247
f 1176 1248 1247
f 1176 1177 1248
f 1177 1249 1248
f 1177 1178 1249
f 1178 1250 1249
f 1178 1179 1250
f 1179 1251 1250
f 1179 1180 1251
f 1180 1252 1251
f 1180 1181 1252
f 1181 1253 1252
f 1181 1182 1253
f 1182 1254 1253
f 1182 1183 1254
f 1183 1255 1254
f 1183 1184 1255
f 1184 1256 1255
f 1184 1185 1256
f 1185 1257 1256
f 1185 1186 1257
f 1186 1258 1257
f 1186 1187 1258
f 1187 1259 1258
f 1187 1188 1259
f 1188 1260 1259
f 1188 1189 1260
f 1189 1261 1260
f 1189 1190 1261
f 1190 1262 1261
f 1190 1191 1262
f 1191 1263 1262
f 1191 1192 1263
f 1192 1264 1263
f 1192 1193 1264
f 1193 1265 1264
f 1193 1194 1265
f 1194 1266 1265
f 1194 1195 1266
f 1195 1267 1266
f 1195 1196 1267
f 1196 1268 1267
f 1196 1197 1268
f 1197 1269 1268
f 1197 1198 1269
f 1198 1270 1269
f 1198 1199 1270
f 1199 1271 1270
f 1199 1200 1271
f 1200 1272 1271
f 1200 1201 1272
f 1201 1273 1272
f 1201 1202 1273
f 1202 1274 1273
f 1202 1203 1274
f 1203 1275 1274
f 1203 1204 1275
f 1204 1276 1275
f 1204 1205 1276
f 1205 1277 1276
f 1205 1206 1277
f 1206 1278 1277
f 1206 1207 1278
f 1207 1279 1278
f 1207 1208 1279
f 1208 1280 1279
f 1208 1209 1280
f 1209 1281 1280
f 1209 1210 1281
f 1210 1282 1281
f 1210 1211 1282
f 1211 1283 1282
f 1211 1212 1283
f 1212 1284 1283
f 1212 1213 1284
f 1213 1285 1284
f 1213 1214 1285
f 1214 1286 1285
f 1214 1215 1286
f 1215 1287 1286
f 1215 1216 1287
f 1216 1288 1287
f 1216 1217 1288
f 1217 1289 1288
f 1217 1218 1289
f 1218 1290 1289
f 1218 1219 1290
f 1219 1291 1290
f 1219 1220 1291
f 1220 1292 1291
f 1220 1221 1292
f 1221 1293 1292
f 1221 1222 1293
f 1222 1294 1293
f 1222 1223 1294
f 1223 1295 1294
f 1223 1224 1295
f 1224 1296 1295
f 1224 1153 1296
f 1153 1225 1296
f 1225 1226 1297
f 1226 1298 1297
f 1226 1227 1298
f 1227 1299 1298
f 1227 1228 1299
f 1228 1300 1299
f 1228 1229 1300
f 1229 1301 1300
f 1229 1230 1301
f 1230 1302 1301
f 1230 1231 1302
f 1231 1303 1302
f 1231 1232 1303
f 1232 1304 1303
f 1232 1233 1304
f 1233 1305 1304
f 1233 1234 1305
f 1234 1306 1305
f 1234 1235 1306
f 1235 1307 1306
f 1235 1236 1307
f 1236 1308 1307
f 1236 1237 1308
f 1237 1309 1308
f 1237 1238 1309
f 1238 1310 1309
f 1238 1239 1310
f 1239 1311 1310
f 1239 1240 1311
f 1240 1312 1311
f 1240 1241 1312
f 1241 1313 1312
f 1241 1242 1313
f 1242 1314 1313
f 1242 1243 1314
f 1243 1315 1314
f 1243 1244 1315
f 1244 1316 1315
f 1244 1245 1316
f 1245 1317 1316
f 1245 1246 1317
f 1246 1318 1317
f 1246 1247 1318
f 1247 1319 1318
f 1247 1248 1319
f 1248 1320 1319
f 1248 1249 1320
f 1249 1321 1320
f 1249 1250 1321
f 1250 1322 1321
f 1250 1251 1322
f 1251 1323 1322
f 1251 1252 1323
f 1252 1324 1323
f 1252 1253 1324
f 1253 1325 1324
f 1253 1254 1325
f 1254 1326 1325
f 1254 1255 1326
f 1255 1327 1326
f 1255 1256 1327
f 1256 1328 1327
f 1256 1257 1328
f 1257 1329 1328
f 1257 1258 1329
f 1258 1330 1329
f 1258 1259 1330
f 1259 1331 1330
f 1259 1260 1331
f 1260 1332 1331
f 1260 1261 1332
f 1261 1333 1332
f 1261 1262 1333
f 1262 1334 1333
f 1262 1263 1334
f 1263 1335 1334
f 1263 1264 1335
f 1264 1336 1335
f 1264 1265 1336
f 1265 1337 1336
f 1265 1266 1337
f 1266 1338 1337
f 1266 1267 1338
f 1267 1339 1338
f 1267 1268 1339
f 1268 1340 1339
f 1268 1269 1340
f 1269 1341 1340
f 1269 1270 1341
f 1270 1342 1341
f 1270 1271 1342
f 1271 1343 1342
f 1271 1272 1343
f 1272 1344 1343
f 1272 1273 1344
f 1273 1345 1344
f 1273 1274 1345
f 1274 1346 1345
f 1274 1275 1346
f 1275 1347 1346
f 1275 1276 1347
f 1276 1348 1347
f 1276 1277 1348
f 1277 1349 1348
f 1277 1278 1349
f 1278 1350 1349
f 1278 1279 1350
f 1279 1351 1350
f 1279 1280 1351
f 1280 1352 1351
f 1280 1281 1352
f 1281 1353 1352
f 1281 1282 1353
f 1282 1354 1353
f 1282 1283 1354
f 1283 1355 1354
f 1283 1284 1355
f 1284 1356 1355
f 1284 1285 1356
f 1285 1357 1356
f 1285 1286 1357
f 1286 1358 1357
f 1286 1287 1358
f 1287 1359 1358
f 1287 1288 1359
f 1288 1360 1359
f 1288 1289 1360
f 1289 1361 1360
f 1289 1290 1361
f 1290 1362 1361
f 1290 1291 1362
f 1291 1363 1362
f 1291 1292 1363
f 1292 1364 1363
f 1292 1293 1364
f 1293 1365 1364
f 1293 1294 1365
f 1294 1366 1365
f 1294 1295 1366
f 1295 1367 1366
f 1295 1296 1367
f 1296 1368 1367
f 1296 1225 1368
f 1225 1297 1368
f 1297 1298 1369
f 1298 1370 1369
f 1298 1299 1370
f 1299 1371 1370
f 1299 1300 1371
f 1300 1372 1371
f 1300 1301 1372
f 1301 1373 1372
f 1301 1302 1373
f 1302 1374 1373
f 1302 1303 1374
f 1303 1375 1374
f 1303 1304 1375
f 1304 1376 1375
f 1304 1305 1376
f 1305 1377 1376
f 1305 1306 1377
f 1306 1378 1377
f 1306 1307 1378
f 1307 1379 1378
f 1307 1308 1379
f 1308 1380 1379
f 1308 1309 1380
f 1309 1381 1380
f 1309 1310 1381
f 1310 1382 1381
f 1310 1311 1382
f 1311 1383 1382
f 1311 1312 1383
f 1312 1384 1383
f 1312 1313 1384
f 1313 1385 1384
f 1313 1314 1385
f 1314 1386 1385
f 1314 1315 1386
f 1315 1387 1386
f 1315 1316 1387
f 1316 1388 1387
f 1316 1317 1388
f 1317 1389 1388
f 1317 1318 1389
f 1318 1390 1389
f 1318 1319 1390
f 1319 1391 1390
f 1319 1320 1391
f 1320 1392 1391
f 1320 1321 1392
f 1321 1393 1392
f 1321 1322 1393
f 1322 1394 1393
f 1322 1323 1394
f 1323 1395 1394
f 1323 1324 1395
f 1324 1396 1395
f 1324 1325 1396
f 1325 1397 1396
f 1325 1326 1397
f 1326 1398 1397
f 1326 1327 1398
f 1327 1399 1398
f 1327 1328 1399
f 1328 1400 1399
f 1328 1329 1400
f 1329 1401 1400
f 1329 1330 1401
f 1330 1402 1401
f 1330 1331 1402
f 1331 1403 1402
f 1331 1332 1403
f 1332 1404 1403
f 1332 1333 1404
f 1333 1405 1404
f 1333 1334 1405
f 1334 1406 1405
f 1334 1335 1406
f 1335 1407 1406
f 1335 1336 1407
f 1336 1408 1407
f 1336 1337 1408
f 1337 1409 1408
f 1337 1338 1409
f 1338 1410 1409
f 1338 1339 1410
f 1339 1411 1410
f 1339 1340 1411
f 1340 1412 1411
f 1340 1341 1412
f 1341 1413 1412
f 1341 1342 1413
f 1342 1414 1413
f 1342 1343 1414
f 1343 1415 1414
f 1343 1344 1415
f 1344 1416 1415
f 1344 1345 1416
f 1345 1417 1416
f 1345 1346 1417
f 1346 1418 1417
f 1346 1347 1418
f 1347 1419 1418
f 1347 1348 1419
f 1348 1420 1419
f 1348 1349 1420
f 1349 1421 1420
f 1349 1350 1421
f 1350 1422 1421
f 1350 1351 1422
f 1351 1423 1422
f 1351 1352 1423
f 1352 1424 1423
f 1352 1353 1424
f 1353 1425 1424
f 1353 1354 1425
f 1354 1426 1425
f 1354 1355 1426
f 1355 1427 1426
f 1355 1356 1427
f 1356 1428 1427
f 1356 1357 1428
f 1357 1429 1428
f 1357 1358 1429
f 1358 1430 1429
f 1358 1359 1430
f 1359 1431 1430
f 1359 1360 1431
f 1360 1432 1431
f 1360 1361 1432
f 1361 1433 1432
f 1361 1362 1433
f 1362 1434 1433
f 1362 1363 1434
f 1363 1435 1434
f 1363 1364 1435
f 1364 1436 1435
f 1364 1365 1436
f 1365 1437 1436
f 1365 1366 1437
f 1366 1438 1437
f 1366 1367 1438
f 1367 1439 1438
f 1367 1368 1439
f 1368 1440 1439
f 1368 1297 1440
f 1297 1369 1440
f 1369 1370 1441
f 1370 1442 1441
f 1370 1371 1442
f 1371 1443 1442
f 1371 1372 1443
f 1372 1444 1443
f 1372 1373 1444
f 1373 1445 1444
f 1373 1374 1445
f 1374 1446 1445
f 1374 1375 1446
f 1375 1447 1446
f 1375 1376 1447
f 1376 1448 1447
f 1376 1377 1448
f 1377 1449 1448
f 1377 1378 1449
f 1378 1450 1449
f 1378 1379 1450
f 1379 1451 1450
f 1379 1380 1451
f 1380 1452 1451
f 1380 1381 1452
f 1381 1453 1452
f 1381 1382 1453
f 1382 1454 1453
f 1382 1383 1454
f 1383 1455 1454
f 1383 1384 1455
f 1384 1456 1455
f 1384 1385 1456
f 1385 1457 1456
f 1385 1386 1457
f 1386 1458 1457
f 1386 1387 1458
f 1387 1459 1458
f 1387 1388 1459
f 1388 1460 1459
f 1388 1389 1460
f 1389 1461 1460
f 1389 1390 1461
f 1390 1462 1461
f 1390 1391 1462
f 1391 1463 1462
f 1391 1392 1463
f 1392 1464 1463
f 1392 1393 1464
f 1393 1465 1464
f 1393 1394 1465
f 1394 1466 1465
f 1394 1395 1466
f 1395 1467 1466
f 1395 1396 1467
f 1396 1468 1467
f 1396 1397 1468
f 1397 1469 1468
f 1397 1398 1469
f 1398 1470 1469
f 1398 1399 1470
f 1399 1471 1470
f 1399 1400 1471
f 1400 1472 1471
f 1400 1401 1472
f 1401 1473 1472
f 1401 1402 1473
f 1402 1474 1473
f 1402 1403 1474
f 1403 1475 1474
f 1403 1404 1475
f 1404 1476 1475
f 1404 1405 1476
f 1405 1477 1476
f 1405 1406 1477
f 1406 1478 1477
f 1406 1407 1478
f 1407 1479 1478
f 1407 1408 1479
f 1408 1480 1479
f 1408 1409 1480
f 1409 1481 1480
f 1409 1410 1481
f 1410 1482 1481
f 1410 1411 1482
f 1411 1483 1482
f 1411 1412 1483
f 1412 1484 1483
f 1412 1413 1484
f 1413 1485 1484
f 1413 1414 1485
f 1414 1486 1485
f 1414 1415 1486
f 1415 1487 1486
f 1415 1416 1487
f 1416 1488 1487
f 1416 1417 1488
f 1417 1489 1488
f 1417 1418 1489
f 1418 1490 1489
f 1418 1419 1490
f 1419 1491 1490
f 1419 1420 1491
f 1420 1492 1491
f 1420 1421 1492
f 1421 1493 1492
f 1421 1422 1493
f 1422 1494 1493
f 1422 1423 1494
f 1423 1495 1494
f 1423 1424 1495
f 1424 1496 1495
f 1424 1425 1496
f 1425 1497 1496
f 1425 1426 1497
f 1426 1498 1497
f 1426 1427 1498
f 1427 1499 1498
f 1427 1428 1499
f 1428 1500 1499
f 1428 1429 1500
f 1429 1501 1500
f 1429 1430 1501
f 1430 1502 1501
f 1430 1431 1502
f 1431 1503 1502
f 1431 1432 1503
f 1432 1504 1503
f 1432 1433 1504
f 1433 1505 1504
f 1433 1434 1505
f 1434 1506 1505
f 1434 1435 1506
f 1435 1507 1506
f 1435 1436 1507
f 1436 1508 1507
f 1436 1437 1508
f 1437 1509 1508
f 1437 1438 1509
f 1438 1510 1509
f 1438 1439 1510
f 1439 1511 1510
f 1439 1440 1511
f 1440 1512 1511
f 1440 1369 1512
f 1369 1441 1512
f 1441 1442 1513
f 1442 1514 1513
f 1442 1443 1514
f 1443 1515 1514
f 1443 1444 1515
f 1444 1516 1515
f 1444 1445 1516
f 1445 1517 1516
f 1445 1446 1517
f 1446 1518 1517
f 1446 1447 1518
f 1447 1519 1518
f 1447 1448 1519
f 1448 1520 1519
f 1448 1449 1520
f 1449 1521 1520
f 1449 1450 1521
f 1450 1522 1521
f 1450 1451 1522
f 1451 1523 1522
f 1451 1452 1523
f 1452 1524 1523
f 1452 1453 1524
f 1453 1525 1524
f 1453 1454 1525
f 1454 1526 1525
f 1454 1455 1526
f 1455 1527 1526
f 1455 1456 1527
f 1456 1528 1527
f 1456 1457 1528
f 1457 1529 1528
f 1457 1458 1529
f 1458 1530 1529
f 1458 1459 1530
f 1459 1531 1530
f 1459 1460 1531
f 1460 1532 1531
f 1460 1461 1532
f 1461 1533 1532
f 1461 1462 1533
f 1462 1534 1533
f 1462 1463 1534
f 1463 1535 1534
f 1463 1464 1535
f 1464 1536 1535
f 1464 1465 1536
f 1465 1537 1536
f 1465 1466 1537
f 1466 1538 1537
f 1466 1467 1538
f 1467 1539 1538
f 1467 1468 1539
f 1468 1540 1539
f 1468 1469 1540
f 1469 1541 1540
f 1469 1470 1541
f 1470 1542 1541
f 1470 1471 1542
f 1471 1543 1542
f 1471 1472 1543
f 1472 1544 1543
f 1472 1473 1544
f 1473 1545 1544
f 1473 1474 1545
f 1474 1546 1545
f 1474 1475 1546
f 1475 1547 1546
f 1475 1476 1547
f 1476 1548 1547
f 1476 1477 1548
f 1477 1549 1548
f 1477 1478 1549
f 1478 1550 1549
f 1478 1479 1550
f 1479 1551 1550
f 1479 1480 1551
f 1480 1552 1551
f 1480 1481 1552
f 1481 1553 1552
f 1481 1482 1553
f 1482 1554 1553
f 1482 1483 1554
f 1483 1555 1554
f 1483 1484 1555
f 1484 1556 1555
f 1484 1485 1556
f 1485 1557 1556
f 1485 1486 1557
f 1486 1558 1557
f 1486 1487 1558
f 1487 1559 1558
f 1487 1488 1559
f 1488 1560 1559
f 1488 1489 1560
f 1489 1561 1560
f 1489 1490 1561
f 1490 1562 1561
f 1490 1491 1562
f 1491 1563 1562
f 1491 1492 1563
f 1492 1564 1563
f 1492 1493 1564
f 1493 1565 1564
f 1493 1494 1565
f 1494 1566 1565
f 1494 1495 1566
f 1495 1567 1566
f 1495 1496 1567
f 1496 1568 1567
f 1496 1497 1568
f 1497 1569 1568
f 1497 1498 1569
f 1498 1570 1569
f 1498 1499 1570
f 1499 1571 1570
f 1499 1500 1571
f 1500 1572 1571
f 1500 1501 1572
f 1501 1573 1572
f 1501 1502 1573
f 1502 1574 1573
f 1502 1503 1574
f 1503 1575 1574
f 1503 1504 1575
f 1504 1576 1575
f 1504 1505 1576
f 1505 1577 1576
f 1505 1506 1577
f 1506 1578 1577
f 1506 1507 1578
f 1507 1579 1578
f 1507 1508 1579
f 1508 1580 1579
f 1508 1509 1580
f 1509 1581 1580
f 1509 1510 1581
f 1510 1582 1581
f 1510 1511 1582
f 1511 1583 1582
f 1511 1512 1583
f 1512 1584 1583
f 1512 1441 1584
f 1441 1513 1584
f 1513 1514 1585
f 1514 1586 1585
f 1514 1515 1586
f 1515 1587 1586
f 1515 1516 1587
f 1516 1588 1587
f 1516 1517 1588
f 1517 1589 1588
f 1517 1518 1589
f 1518 1590 1589
f 1518 1519 1590
f 1519 1591 1590
f 1519 1520 1591
f 1520 1592 1591
f 1520 1521 1592
f 1521 1593 1592
f 1521 1522 1593
f 1522 1594 1593
f 1522 1523 1594
f 1523 1595 1594
f 1523 1524 1595
f 1524 1596 1595
f 1524 1525 1596
f 1525 1597 1596
f 1525 1526 1597
f 1526 1598 1597
f 1526 1527 1598
f 1527 1599 1598
f 1527 1528 1599
f 1528 1600 1599
f 1528 1529 1600
f 1529 1601 1600
f 1529 1530 1601
f 1530 1602 1601
f 1530 1531 1602
f 1531 1603 1602
f 1531 1532 1603
f 1532 1604 1603
f 1532 1533 1604
f 1533 1605 1604
f 1533 1534 1605
f 1534 1606 1605
f 1534 1535 1606
f 1535 1607 1606
f 1535 1536 1607
f 1536 1608 1607
f 1536 1537 1608
f 1537 1609 1608
f 1537 1538 1609
f 1538 1610 1609
f 1538 1539 1610
f 1539 1611 1610
f 1539 1540 1611
f 1540 1612 1611
f 1540 1541 1612
f 1541 1613 1612
f 1541 1542 1613
f 1542 1614 1613
f 1542 1543 1614
f 1543 1615 1614
f 1543 1544 1615
f 1544 1616 1615
f 1544 1545 1616
f 1545 1617 1616
f 1545 1546 1617
f 1546 1618 1617
f 1546 1547 1618
f 1547 1619 1618
f 1547 1548 1619
f 1548 1620 1619
f 1548 1549 1620
f 1549 1621 1620
f 1549 1550 1621
f 1550 1622 1621
f 1550 1551 1622
f 1551 1623 1622
f 1551 1552 1623
f 1552 1624 1623
f 1552 1553 1624
f 1553 1625 1624
f 1553 1554 1625
f 1554 1626 1625
f 1554 1555 1626
f 1555 1627 1626
f 1555 1556 1627
f 1556 1628 1627
f 1556 1557 1628
f 1557 1629 1628
f 1557 1558 1629
f 1558 1630 1629
f 1558 1559 1630
f 1559 1631 1630
f 1559 1560 1631
f 1560 1632 1631
f 1560 1561 1632
f 1561 1633 1632
f 1561 1562 1633
f 1562 1634 1633
f 1562 1563 1634
f 1563 1635 1634
f 1563 1564 1635
f 1564 1636 1635
f 1564 1565 1636
f 1565 1637 1636
f 1565 1566 1637
f 1566 1638 1637
f 1566 1567 1638
f 1567 1639 1638
f 1567 1568 1639
f 1568 1640 1639
f 1568 1569 1640
f 1569 1641 1640
f 1569 1570 1641
f 1570 1642 1641
f 1570 1571 1642
f 1571 1643 1642
f 1571 1572 1643
f 1572 1644 1643
f 1572 1573 1644
f 1573 1645 1644
f 1573 1574 1645
f 1574 1646 1645
f 1574 1575 1646
f 1575 1647 1646
f 1575 1576 1647
f 1576 1648 1647
f 1576 1577 1648
f 1577 1649 1648
f 1577 1578 1649
f 1578 1650 1649
f 1578 1579 1650
f 1579 1651 1650
f 1579 1580 1651
f 1580 1652 1651
f 1580 1581 1652
f 1581 1653 1652
f 1581 1582 1653
f 1582 1654 1653
f 1582 1583 1654
f 1583 1655 1654
f 1583 1584 1655
f 1584 1656 1655
f 1584 1513 1656
f 1513 1585 1656
f 1585 1586 1657
f 1586 1658 1657
f 1586 1587 1658
f 1587 1659 1658
f 1587 1588 1659
f 1588 1660 1659
f 1588 1589 1660
f 1589 1661 1660
f 1589 1590 1661
f 1590 1662 1661
f 1590 1591 1662
f 1591 1663 1662
f 1591 1592 1663
f 1592 1664 1663
f 1592 1593 1664
f 1593 1665 1664
f 1593 1594 1665
f 1594 1666 1665
f 1594 1595 1666
f 1595 1667 1666
f 1595 1596 1667
f 1596 1668 1667
f 1596 1597 1668
f 1597 1669 1668
f 1597 1598 1669
f 1598 1670 1669
f 1598 1599 1670
f 1599 1671 1670
f 1599 1600 1671
f 1600 1672 1671
f 1600 1601 1672
f 1601 1673 1672
f 1601 1602 1673
f 1602 1674 1673
f 1602 1603 1674
f 1603 1675 1674
f 1603 1604 1675
f 1604 1676 1675
f 1604 1605 1676
f 1605 1677 1676
f 1605 1606 1677
f 1606 1678 1677
f 1606 1607 1678
f 1607 1679 1678
f 1607 1608 1679
f 1608 1680 1679
f 1608 1609 1680
f 1609 1681 1680
f 1609 1610 1681
f 1610 1682 1681
f 1610 1611 1682
f 1611 1683 1682
f 1611 1612 1683
f 1612 1684 1683
f 1612 1613 1684
f 1613 1685 1684
f 1613 1614 1685
f 1614 1686 1685
f 1614 1615 1686
f 1615 1687 1686
f 1615 1616 1687
f 1616 1688 1687
f 1616 1617 1688
f 1617 1689 1688
f 1617 1618 1689
f 1618 1690 1689
f 1618 1619 1690
f 1619 1691 1690
f 1619 1620 1691
f 1620 1692 1691
f 1620 1621 1692
f 1621 1693 1692
f 1621 1622 1693
f 1622 1694 1693
f 1622 1623 1694
f 1623 1695 1694
f 1623 1624 1695
f 1624 1696 1695
f 1624 1625 1696
f 1625 1697 1696
f 1625 1626 1697
f 1626 1698 1697
f 1626 1627 1698
f 1627 1699 1698
f 1627 1628 1699
f 1628 1700 1699
f 1628 1629 1700
f 1629 1701 1700
f 1629 1630 1701
f 1630 1702 1701
f 1630 1631 1702
f 1631 1703 1702
f 1631 1632 1703
f 1632 1704 1703
f 1632 1633 1704
f 1633 1705 1704
f 1633 1634 1705
f 1634 1706 1705
f 1634 1635 1706
f 1635 1707 1706
f 1635 1636 1707
f 1636 1708 1707
f 1636 1637 1708
f 1637 1709 1708
f 1637 1638 1709
f 1638 1710 1709
f 1638 1639 1710
f 1639 1711 1710
f 1639 1640 1711
f 1640 1712 1711
f 1640 1641 1712
f 1641 1713 1712
f 1641 1642 1713
f 1642 1714 1713
f 1642 1643 1714
f 1643 1715 1714
f 1643 1644 1715
f 1644 1716 1715
f 1644 1645 1716
f 1645 1717 1716
f 1645 1646 1717
f 1646 1718 1717
f 1646 1647 1718
f 1647 1719 1718
f 1647 1648 1719
f 1648 1720 1719
f 1648 1649 1720
f 1649 1721 1720
f 1649 1650 1721
f 1650 1722 1721
f 1650 1651 1722
f 1651 1723 1722
f 1651 1652 1723
f 1652 1724 1723
f 1652 1653 1724
f 1653 1725 1724
f 1653 1654 1725
f 1654 1726 1725
f 1654 1655 1726
f 1655 1727 1726
f 1655 1656 1727
f 1656 1728 1727
f 1656 1585 1728
f 1585 1657 1728
f 1657 1658 1729
f 1658 1730 1729
f 1658 1659 1730
f 1659 1731 1730
f 1659 1660 1731
f 1660 1732 1731
f 1660 1661 1732
f 1661 1733 1732
f 1661 1662 1733
f 1662 1734 1733
f 1662 1663 1734
f 1663 1735 1734
f 1663 1664 1735
f 1664 1736 1735
f 1664 1665 1736
f 1665 1737 1736
f 1665 1666 1737
f 1666 1738 1737
f 1666 1667 1738
f 1667 1739 1738
f 1667 1668 1739
f 1668 1740 1739
f 1668 1669 1740
f 1669 1741 1740
f 1669 1670 1741
f 1670 1742 1741
f 1670 1671 1742
f 1671 1743 1742
f 1671 1672 1743
f 1672 1744 1743
f 1672 1673 1744
f 1673 1745 1744
f 1673 1674 1745
f 1674 1746 1745
f 1674 1675 1746
f 1675 1747 1746
f 1675 1676 1747
f 1676 1748 1747
f 1676 1677 1748
f 1677 1749 1748
f 1677 1678 1749
f 1678 1750 1749
f 1678 1679 1750
f 1679 1751 1750
f 1679 1680 1751
f 1680 1752 1751
f 1680 1681 1752
f 1681 1753 1752
f 1681 1682 1753
f 1682 1754 1753
f 1682 1683 1754
f 1683 1755 1754
f 1683 1684 1755
f 1684 1756 1755
f 1684 1685 1756
f 1685 1757 1756
f 1685 1686 1757
f 1686 1758 1757
f 1686 1687 1758
f 1687 1759 1758
f 1687 1688 1759
f 1688 1760 1759
f 1688 1689 1760
f 1689 1761 1760
f 1689 1690 1761
f 1690 1762 1761
f 1690 1691 1762
f 1691 1763 1762
f 1691 1692 1763
f 1692 1764 1763
f 1692 1693 1764
f 1693 1765 1764
f 1693 1694 1765
f 1694 1766 1765
f 1694 1695 1766
f 1695 1767 1766
f 1695 1696 1767
f 1696 1768 1767
f 1696 1697 1768
f 1697 1769 1768
f 1697 1698 1769
f 1698 1770 1769
f 1698 1699 1770
f 1699 1771 1770
f 1699 1700 1771
f 1700 1772 1771
f 1700 1701 1772
f 1701 1773 1772
f 1701 1702 1773
f 1702 1774 1773
f 1702 1703 1774
f 1703 1775 1774
f 1703 1704 1775
f 1704 1776 1775
f 1704 1705 1776
f 1705 1777 1776
f 1705 1706 1777
f 1706 1778 1777
f 1706 1707 1778
f 1707 1779 1778
f 1707 1708 1779
f 1708 1780 1779
f 1708 1709 1780
f 1709 1781 1780
f 1709 1710 1781
f 1710 1782 1781
f 1710 1711 1782
f 1711 1783 1782
f 1711 1712 1783
f 1712 1784 1783
f 1712 1713 1784
f 1713 1785 1784
f 1713 1714 1785
f 1714 1786 1785
f 1714 1715 1786
f 1715 1787 1786
f 1715 1716 1787
f 1716 1788 1787
f 1716 1717 1788
f 1717 1789 1788
f 1717 1718 1789
f 1718 1790 1789
f 1718 1719 1790
f 1719 1791 1790
f 1719 1720 1791
f 1720 1792 1791
f 1720 1721 1792
f 1721 1793 1792
f 1721 1722 1793
f 1722 1794 1793
f 1722 1723 1794
f 1723 1795 1794
f 1723 1724 1795
f 1724 1796 1795
f 1724 1725 1796
f 1725 1797 1796
f 1725 1726 1797
f 1726 1798 1797
f 1726 1727 1798
f 1727 1799 1798
f 1727 1728 1799
f 1728 1800 1799
f 1728 1657 1800
f 1657 1729 1800
f 1729 1730 1801
f 1730 1802 1801
f 1730 1731 1802
f 1731 1803 1802
f 1731 1732 1803
f 1732 1804 1803
f 1732 1733 1804
f 1733 1805 1804
f 1733 1734 1805
f 1734 1806 1805
f 1734 1735 1806
f 1735 1807 1806
f 1735 1736 1807
f 1736 1808 1807
f 1736 1737 1808
f 1737 1809 1808
f 1737 1738 1809
f 1738 1810 1809
f 1738 1739 1810
f 1739 1811 1810
f 1739 1740 1811
f 1740 1812 1811
f 1740 1741 1812
f 1741 1813 1812
f 1741 1742 1813
f 1742 1814 1813
f 1742 1743 1814
f 1743 1815 1814
f 1743 1744 1815
f 1744 1816 1815
f 1744 1745 1816
f 1745 1817 1816
f 1745 1746 1817
f 1746 1818 1817
f 1746 1747 1818
f 1747 1819 1818
f 1747 1748 1819
f 1748 1820 1819
f 1748 1749 1820
f 1749 1821 1820
f 1749 1750 1821
f 1750 1822 1821
f 1750 1751 1822
f 1751 1823 1822
f 1751 1752 1823
f 1752 1824 1823
f 1752 1753 1824
f 1753 1825 1824
f 1753 1754 1825
f 1754 1826 1825
f 1754 1755 1826
f 1755 1827 1826
f 1755 1756 1827
f 1756 1828 1827
f 1756 1757 1828
f 1757 1829 1828
f 1757 1758 1829
f 1758 1830 1829
f 1758 1759 1830
f 1759 1831 1830
f 1759 1760 1831
f 1760 1832 1831
f 1760 1761 1832
f 1761 1833 1832
f 1761 1762 1833
f 1762 1834 1833
f 1762 1763 1834
f 1763 1835 1834
f 1763 1764 1835
f 1764 1836 1835
f 1764 1765 1836
f 1765 1837 1836
f 1765 1766 1837
f 1766 1838 1837
f 1766 1767 1838
f 1767 1839 1838
f 1767 1768 1839
f 1768 1840 1839
f 1768 1769 1840
f 1769 1841 1840
f 1769 1770 1841
f 1770 1842 1841
f 1770 1771 1842
f 1771 1843 1842
f 1771 1772 1843
f 1772 1844 1843
f 1772 1773 1844
f 1773 1845 1844
f 1773 1774 1845
f 1774 1846 1845
f 1774 1775 1846
f 1775 1847 1846
f 1775 1776 1847
f 1776 1848 1847
f 1776 1777 1848
f 1777 1849 1848
f 1777 1778 1849
f 1778 1850 1849
f 1778 1779 1850
f 1779 1851 1850
f 1779 1780 1851
f 1780 1852 1851
f 1780 1781 1852
f 1781 1853 1852
f 1781 1782 1853
f 1782 1854 1853
f 1782 1783 1854
f 1783 1855 1854
f 1783 1784 1855
f 1784 1856 1855
f 1784 1785 1856
f 1785 1857 1856
f 1785 1786 1857
f 1786 1858 1857
f 1786 1787 1858
f 1787 1859 1858
f 1787 1788 1859
f 1788 1860 1859
f 1788 1789 1860
f 1789 1861 1860
f 1789 1790 1861
f 1790 1862 1861
f 1790 1791 1862
f 1791 1863 1862
f 1791 1792 1863
f 1792 1864 1863
f 1792 1793 1864
f 1793 1865 1864
f 1793 1794 1865
f 1794 1866 1865
f 1794 1795 1866
f 1795 1867 1866
f 1795 1796 1867
f 1796 1868 1867
f 1796 1797 1868
f 1797 1869 1868
f 1797 1798 1869
f 1798 1870 1869
f 1798 1799 1870
f 1799 1871 1870
f 1799 1800 1871
f 1800 1872 1871
f 1800 1729 1872
f 1729 1801 1872
f 1801 1802 1873
f 1802 1874 1873
f 1802 1803 1874
f 1803 1875 1874
f 1803 1804 1875
f 1804 1876 1875
f 1804 1805 1876
f 1805 1877 1876
f 1805 1806 1877
f 1806 1878 1877
f 1806 1807 1878
f 1807 1879 1878
f 1807 1808 1879
f 1808 1880 1879
f 1808 1809 1880
f 1809 1881 1880
f 1809 1810 1881
f 1810 1882 1881
f 1810 1811 1882
f 1811 1883 1882
f 1811 1812 1883
f 1812 1884 1883
f 1812 1813 1884
f 1813 1885 1884
f 1813 1814 1885
f 1814 1886 1885
f 1814 1815 1886
f 1815 1887 1886
f 1815 1816 1887
f 1816 1888 1887
f 1816 1817 1888
f 1817 1889 1888
f 1817 1818 1889
f 1818 1890 1889
f 1818 1819 1890
f 1819 1891 1890
f 1819 1820 1891
f 1820 1892 1891
f 1820 1821 1892
f 1821 1893 1892
f 1821 1822 1893
f 1822 1894 1893
f 1822 1823 1894
f 1823 1895 1894
f 1823 1824 1895
f 1824 1896 1895
f 1824 1825 1896
f 1825 1897 1896
f 1825 1826 1897
f 1826 1898 1897
f 1826 1827 1898
f 1827 1899 1898
f 1827 1828 1899
f 1828 1900 1899
f 1828 1829 1900
f 1829 1901 1900
f 1829 1830 1901
f 1830 1902 1901
f 1830 1831 1902
f 1831 1903 1902
f 1831 1832 1903
f 1832 1904 1903
f 1832 1833 1904
f 1833 1905 1904
f 1833 1834 1905
f 1834 1906 1905
f 1834 1835 1906
f 1835 1907 1906
f 1835 1836 1907
f 1836 1908 1907
f 1836 1837 1908
f 1837 1909 1908
f 1837 1838 1909
f 1838 1910 1909
f 1838 1839 1910
f 1839 1911 1910
f 1839 1840 1911
f 1840 1912 1911
f 1840 1841 1912
f 1841 1913 1912
f 1841 1842 1913
f 1842 1914 1913
f 1842 1843 1914
f 1843 1915 1914
f 1843 1844 1915
f 1844 1916 1915
f 1844 1845 1916
f 1845 1917 1916
f 1845 1846 1917
f 1846 1918 1917
f 1846 1847 1918
f 1847 1919 1918
f 1847 1848 1919
f 1848 1920 1919
f 1848 1849 1920
f 1849 1921 1920
f 1849 1850 1921
f 1850 1922 1921
f 1850 1851 1922
f 1851 1923 1922
f 1851 1852 1923
f 1852 1924 1923
f 1852 1853 1924
f 1853 1925 1924
f 1853 1854 1925
f 1854 1926 1925
f 1854 1855 1926
f 1855 1927 1926
f 1855 1856 1927
f 1856 1928 1927
f 1856 1857 1928
f 1857 1929 1928
f 1857 1858 1929
f 1858 1930 1929
f 1858 1859 1930
f 1859 1931 1930
f 1859 1860 1931
f 1860 1932 1931
f 1860 1861 1932
f 1861 1933 1932
f 1861 1862 1933
f 1862 1934 1933
f 1862 1863 1934
f 1863 1935 1934
f 1863 1864 1935
f 1864 1936 1935
f 1864 1865 1936
f 1865 1937 1936
f 1865 1866 1937
f 1866 1938 1937
f 1866 1867 1938
f 1867 1939 1938
f 1867 1868 1939
f 1868 1940 1939
f 1868 1869 1940
f 1869 1941 1940
f 1869 1870 1941
f 1870 1942 1941
f 1870 1871 1942
f 1871 1943 1942
f 1871 1872 1943
f 1872 1944 1943
f 1872 1801 1944
f 1801 1873 1944
f 1873 1874 1945
f 1874 1946 1945
f 1874 1875 1946
f 1875 1947 1946
f 1875 1876 1947
f 1876 1948 1947
f 1876 1877 1948
f 1877 1949 1948
f 1877 1878 1949
f 1878 1950 1949
f 1878 1879 1950
f 1879 1951 1950
f 1879 1880 1951
f 1880 1952 1951
f 1880 1881 1952
f 1881 1953 1952
f 1881 1882 1953
f 1882 1954 1953
f 1882 1883 1954
f 1883 1955 1954
f 1883 1884 1955
f 1884 1956 1955
f 1884 1885 1956
f 1885 1957 1956
f 1885 1886 1957
f 1886 1958 1957
f 1886 1887 1958
f 1887 1959 1958
f 1887 1888 1959
f 1888 1960 1959
f 1888 1889 1960
f 1889 1961 1960
f 1889 1890 1961
f 1890 1962 1961
f 1890 1891 1962
f 1891 1963 1962
f 1891 1892 1963
f 1892 1964 1963
f 1892 1893 1964
f 1893 1965 1964
f 1893 1894 1965
f 1894 1966 1965
f 1894 1895 1966
f 1895 1967 1966
f 1895 1896 1967
f 1896 1968 1967
f 1896 1897 1968
f 1897 1969 1968
f 1897 1898 1969
f 1898 1970 1969
f 1898 1899 1970
f 1899 1971 1970
f 1899 1900 1971
f 1900 1972 1971
f 1900 1901 1972
f 1901 1973 1972
f 1901 1902 1973
f 1902 1974 1973
f 1902 1903 1974
f 1903 1975 1974
f 1903 1904 1975
f 1904 1976 1975
f 1904 1905 1976
f 1905 1977 1976
f 1905 1906 1977
f 1906 1978 1977
f 1906 1907 1978
f 1907 1979 1978
f 1907 1908 1979
f 1908 1980 1979
f 1908 1909 1980
f 1909 1981 1980
f 1909 1910 1981
f 1910 1982 1981
f 1910 1911 1982
f 1911 1983 1982
f 1911 1912 1983
f 1912 1984 1983
f 1912 1913 1984
f 1913 1985 1984
f 1913 1914 1985
f 1914 1986 1985
f 1914 1915 1986
f 1915 1987 1986
f 1915 1916 1987
f 1916 1988 1987
f 1916 1917 1988
f 1917 1989 1988
f 1917 1918 1989
f 1918 1990 1989
f 1918 1919 1990
f 1919 1991 1990
f 1919 1920 1991
f 1920 1992 1991
f 1920 1921 1992
f 1921 1993 1992
f 1921 1922 1993
f 1922 1994 1993
f 1922 1923 1994
f 1923 1995 1994
f 1923 1924 1995
f 1924 1996 1995
f 1924 1925 1996
f 1925 1997 1996
f 1925 1926 1997
f 1926 1998 1997
f 1926 1927 1998
f 1927 1999 1998
f 1927 1928 1999
f 1928 2000 1999
f 1928 1929 2000
f 1929 2001 2000
f 1929 1930 2001
f 1930 2002 2001
f 1930 1931 2002
f 1931 2003 2002
f 1931 1932 2003
f 1932 2004 2003
f 1932 1933 2004
f 1933 2005 2004
f 1933 1934 2005
f 1934 2006 2005
f 1934 1935 2006
f 1935 2007 2006
f 1935 1936 2007
f 1936 2008 2007
f 1936 1937 2008
f 1937 2009 2008
f 1937 1938 2009
f 1938 2010 2009
f 1938 1939 2010
f 1939 2011 2010
f 1939 1940 2011
f 1940 2012 2011
f 1940 1941 2012
f 1941 2013 2012
f 1941 1942 2013
f 1942 2014 2013
f 1942 1943 2014
f 1943 2015 2014
f 1943 1944 2015
f 1944 2016 2015
f 1944 1873 2016
f 1873 1945 2016
f 1945 1946 2017
f 1946 2018 2017
f 1946 1947 2018
f 1947 2019 2018
f 1947 1948 2019
f 1948 2020 2019
f 1948 1949 2020
f 1949 2021 2020
f 1949 1950 2021
f 1950 2022 2021
f 1950 1951 2022
f 1951 2023 2022
f 1951 1952 2023
f 1952 2024 2023
f 1952 1953 2024
f 1953 2025 2024
f 1953 1954 2025
f 1954 2026 2025
f 1954 1955 2026
f 1955 2027 2026
f 1955 1956 2027
f 1956 2028 2027
f 1956 1957 2028
f 1957 2029 2028
f 1957 1958 2029
f 1958 2030 2029
f 1958 1959 2030
f 1959 2031 2030
f 1959 1960 2031
f 1960 2032 2031
f 1960 1961 2032
f 1961 2033 2032
f 1961 1962 2033
f 1962 2034 2033
f 1962 1963 2034
f 1963 2035 2034
f 1963 1964 2035
f 1964 2036 2035
f 1964 1965 2036
f 1965 2037 2036
f 1965 1966 2037
f 1966 2038 2037
f 1966 1967 2038
f 1967 2039 2038
f 1967 1968 2039
f 1968 2040 2039
f 1968 1969 2040
f 1969 2041 2040
f 1969 1970 2041
f 1970 2042 2041
f 1970 1971 2042
f 1971 2043 2042
f 1971 1972 2043
f 1972 2044 2043
f 1972 1973 2044
f 1973 2045 2044
f 1973 1974 2045
f 1974 2046 2045
f 1974 1975 2046
f 1975 2047 2046
f 1975 1976 2047
f 1976 2048 2047
f 1976 1977 2048
f 1977 2049 2048
f 1977 1978 2049
f 1978 2050 2049
f 1978 1979 2050
f 1979 2051 2050
f 1979 1980 2051
f 1980 2052 2051
f 1980 1981 2052
f 1981 2053 2052
f 1981 1982 2053
f 1982 2054 2053
f 1982 1983 2054
f 1983 2055 2054
f 1983 1984 2055
f 1984 2056 2055
f 1984 1985 2056
f 1985 2057 2056
f 1985 1986 2057
f 1986 2058 2057
f 1986 1987 2058
f 1987 2059 2058
f 1987 1988 2059
f 1988 2060 2059
f 1988 1989 2060
f 1989 2061 2060
f 1989 1990 2061
f 1990 2062 2061
f 1990 1991 2062
f 1991 2063 2062
f 1991 1992 2063
f 1992 2064 2063
f 1992 1993 2064
f 1993 2065 2064
f 1993 1994 2065
f 1994 2066 2065
f 1994 1995 2066
f 1995 2067 2066
f 1995 1996 2067
f 1996 2068 2067
f 1996 1997 2068
f 1997 2069 2068
f 1997 1998 2069
f 1998 2070 2069
f 1998 1999 2070
f 1999 2071 2070
f 1999 2000 2071
f 2000 2072 2071
f 2000 2001 2072
f 2001 2073 2072
f 2001 2002 2073
f 2002 2074 2073
f 2002 2003 2074
f 2003 2075 2074
f 2003 2004 2075
f 2004 2076 2075
f 2004 2005 2076
f 2005 2077 2076
f 2005 2006 2077
f 2006 2078 2077
f 2006 2007 2078
f 2007 2079 2078
f 2007 2008 2079
f 2008 2080 2079
f 2008 2009 2080
f 2009 2081 2080
f 2009 2010 2081
f 2010 2082 2081
f 2010 2011 2082
f 2011 2083 2082
f 2011 2012 2083
f 2012 2084 2083
f 2012 2013 2084
f 2013 2085 2084
f 2013 2014 2085
f 2014 2086 2085
f 2014 2015 2086
f 2015 2087 2086
f 2015 2016 2087
f 2016 2088 2087
f 2016 1945 2088
f 1945 2017 2088
f 2017 2018 2089
f 2018 2090 2089
f 2018 2019 2090
f 2019 2091 2090
f 2019 2020 2091
f 2020 2092 2091
f 2020 2021 2092
f 2021 2093 2092
f 2021 2022 2093
f 2022 2094 2093
f 2022 2023 2094
f 2023 2095 2094
f 2023 2024 2095
f 2024 2096 2095
f 2024 2025 2096
f 2025 2097 2096
f 2025 2026 2097
f 2026 2098 2097
f 2026 2027 2098
f 2027 2099 2098
f 2027 2028 2099
f 2028 2100 2099
f 2028 2029 2100
f 2029 2101 2100
f 2029 2030 2101
f 2030 2102 2101
f 2030 2031 2102
f 2031 2103 2102
f 2031 2032 2103
f 2032 2104 2103
f 2032 2033 2104
f 2033 2105 2104
f 2033 2034 2105
f 2034 2106 2105
f 2034 2035 2106
f 2035 2107 2106
f 2035 2036 2107
f 2036 2108 2107
f 2036 2037 2108
f 2037 2109 2108
f 2037 2038 2109
f 2038 2110 2109
f 2038 2039 2110
f 2039 2111 2110
f 2039 2040 2111
f 2040 2112 2111
f 2040 2041 2112
f 2041 2113 2112
f 2041 2042 2113
f 2042 2114 2113
f 2042 2043 2114
f 2043 2115 2114
f 2043 2044 2115
f 2044 2116 2115
f 2044 2045 2116
f 2045 2117 2116
f 2045 2046 2117
f 2046 2118 2117
f 2046 2047 2118
f 2047 2119 2118
f 2047 2048 2119
f 2048 2120 2119
f 2048 2049 2120
f 2049 2121 2120
f 2049 2050 2121
f 2050 2122 2121
f 2050 2051 2122
f 2051 2123 2122
f 2051 2052 2123
f 2052 2124 2123
f 2052 2053 2124
f 2053 2125 2124
f 2053 2054 2125
f 2054 2126 2125
f 2054 2055 2126
f 2055 2127 2126
f 2055 2056 2127
f 2056 2128 2127
f 2056 2057 2128
f 2057 2129 2128
f 2057 2058 2129
f 2058 2130 2129
f 2058 2059 2130
f 2059 2131 2130
f 2059 2060 2131
f 2060 2132 2131
f 2060 2061 2132
f 2061 2133 2132
f 2061 2062 2133
f 2062 2134 2133
f 2062 2063 2134
f 2063 2135 2134
f 2063 2064 2135
f 2064 2136 2135
f 2064 2065 2136
f 2065 2137 2136
f 2065 2066 2137
f 2066 2138 2137
f 2066 2067 2138
f 2067 2139 2138
f 2067 2068 2139
f 2068 2140 2139
f 2068 2069 2140
f 2069 2141 2140
f 2069 2070 2141
f 2070 2142 2141
f 2070 2071 2142
f 2071 2143 2142
f 2071 2072 2143
f 2072 2144 2143
f 2072 2073 2144
f 2073 2145 2144
f 2073 2074 2145
f 2074 2146 2145
f 2074 2075 2146
f 2075 2147 2146
f 2075 2076 2147
f 2076 2148 2147
f 2076 2077 2148
f 2077 2149 2148
f 2077 2078 2149
f 2078 2150 2149
f 2078 2079 2150
f 2079 2151 2150
f 2079 2080 2151
f 2080 2152 2151
f 2080 2081 2152
f 2081 2153 2152
f 2081 2082 2153
f 2082 2154 2153
f 2082 2083 2154
f 2083 2155 2154
f 2083 2084 2155
f 2084 2156 2155
f 2084 2085 2156
f 2085 2157 2156
f 2085 2086 2157
f 2086 2158 2157
f 2086 2087 2158
f 2087 2159 2158
f 2087 2088 2159
f 2088 2160 2159
f 2088 2017 2160
f 2017 2089 2160
f 2089 2090 2161
f 2090 2162 2161
f 2090 2091 2162
f 2091 2163 2162
f 2091 2092 2163
f 2092 2164 2163
f 2092 2093 2164
f 2093 2165 2164
f 2093 2094 2165
f 2094 2166 2165
f 2094 2095 2166
f 2095 2167 2166
f 2095 2096 2167
f 2096 2168 2167
f 2096 2097 2168
f 2097 2169 2168
f 2097 2098 2169
f 2098 2170 2169
f 2098 2099 2170
f 2099 2171 2170
f 2099 2100 2171
f 2100 2172 2171
f 2100 2101 2172
f 2101 2173 2172
f 2101 2102 2173
f 2102 2174 2173
f 2102 2103 2174
f 2103 2175 2174
f 2103 2104 2175
f 2104 2176 2175
f 2104 2105 2176
f 2105 2177 2176
f 2105 2106 2177
f 2106 2178 2177
f 2106 2107 2178
f 2107 2179 2178
f 2107 2108 2179
f 2108 2180 2179
f 2108 2109 2180
f 2109 2181 2180
f 2109 2110 2181
f 2110 2182 2181
f 2110 2111 2182
f 2111 2183 2182
f 2111 2112 2183
f 2112 2184 2183
f 2112 2113 2184
f 2113 2185 2184
f 2113 2114 2185
f 2114 2186 2185
f 2114 2115 2186
f 2115 2187 2186
f 2115 2116 2187
f 2116 2188 2187
f 2116 2117 2188
f 2117 2189 2188
f 2117 2118 2189
f 2118 2190 2189
f 2118 2119 2190
f 2119 2191 2190
f 2119 2120 2191
f 2120 2192 2191
f 2120 2121 2192
f 2121 2193 2192
f 2121 2122 2193
f 2122 2194 2193
f 2122 2123 2194
f 2123 2195 2194
f 2123 2124 2195
f 2124 2196 2195
f 2124 2125 2196
f 2125 2197 2196
f 2125 2126 2197
f 2126 2198 2197
f 2126 2127 2198
f 2127 2199 2198
f 2127 2128 2199
f 2128 2200 2199
f 2128 2129 2200
f 2129 2201 2200
f 2129 2130 2201
f 2130 2202 2201
f 2130 2131 2202
f 2131 2203 2202
f 2131 2132 2203
f 2132 2204 2203
f 2132 2133 2204
f 2133 2205 2204
f 2133 2134 2205
f 2134 2206 2205
f 2134 2135 2206
f 2135 2207 2206
f 2135 2136 2207
f 2136 2208 2207
f 2136 2137 2208
f 2137 2209 2208
f 2137 2138 2209
f 2138 2210 2209
f 2138 2139 2210
f 2139 2211 2210
f 2139 2140 2211
f 2140 2212 2211
f 2140 2141 2212
f 2141 2213 2212
f 2141 2142 2213
f 2142 2214 2213
f 2142 2143 2214
f 2143 2215 2214
f 2143 2144 2215
f 2144 2216 2215
f 2144 2145 2216
f 2145 2217 2216
f 2145 2146 2217
f 2146 2218 2217
f 2146 2147 2218
f 2147 2219 2218
f 2147 2148 2219
f 2148 2220 2219
f 2148 2149 2220
f 2149 2221 2220
f 2149 2150 2221
f 2150 2222 2221
f 2150 2151 2222
f 2151 2223 2222
f 2151 2152 2223
f 2152 2224 2223
f 2152 2153 2224
f 2153 2225 2224
f 2153 2154 2225
f 2154 2226 2225
f 2154 2155 2226
f 2155 2227 2226
f 2155 2156 2227
f 2156 2228 2227
f 2156 2157 2228
f 2157 2229 2228
f 2157 2158 2229
f 2158 2230 2229
f 2158 2159 2230
f 2159 2231 2230
f 2159 2160 2231
f 2160 2232 2231
f 2160 2089 2232
f 2089 2161 2232
f 2161 2162 2233
f 2162 2234 2233
f 2162 2163 2234
f 2163 2235 2234
f 2163 2164 2235
f 2164 2236 2235
f 2164 2165 2236
f 2165 2237 2236
f 2165 2166 2237
f 2166 2238 2237
f 2166 2167 2238
f 2167 2239 2238
f 2167 2168 2239
f 2168 2240 2239
f 2168 2169 2240
f 2169 2241 2240
f 2169 2170 2241
f 2170 2242 2241
f 2170 2171 2242
f 2171 2243 2242
f 2171 2172 2243
f 2172 2244 2243
f 2172 2173 2244
f 2173 2245 2244
f 2173 2174 2245
f 2174 2246 2245
f 2174 2175 2246
f 2175 2247 2246
f 2175 2176 2247
f 2176 2248 2247
f 2176 2177 2248
f 2177 2249 2248
f 2177 2178 2249
f 2178 2250 2249
f 2178 2179 2250
f 2179 2251 2250
f 2179 2180 2251
f 2180 2252 2251
f 2180 2181 2252
f 2181 2253 2252
f 2181 2182 2253
f 2182 2254 2253
f 2182 2183 2254
f 2183 2255 2254
f 2183 2184 2255
f 2184 2256 2255
f 2184 2185 2256
f 2185 2257 2256
f 2185 2186 2257
f 2186 2258 2257
f 2186 2187 2258
f 2187 2259 2258
f 2187 2188 2259
f 2188 2260 2259
f 2188 2189 2260
f 2189 2261 2260
f 2189 2190 2261
f 2190 2262 2261
f 2190 2191 2262
f 2191 2263 2262
f 2191 2192 2263
f 2192 2264 2263
f 2192 2193 2264
f 2193 2265 2264
f 2193 2194 2265
f 2194 2266 2265
f 2194 2195 2266
f 2195 2267 2266
f 2195 2196 2267
f 2196 2268 2267
f 2196 2197 2268
f 2197 2269 2268
f 2197 2198 2269
f 2198 2270 2269
f 2198 2199 2270
f 2199 2271 2270
f 2199 2200 2271
f 2200 2272 2271
f 2200 2201 2272
f 2201 2273 2272
f 2201 2202 2273
f 2202 2274 2273
f 2202 2203 2274
f 2203 2275 2274
f 2203 2204 2275
f 2204 2276 2275
f 2204 2205 2276
f 2205 2277 2276
f 2205 2206 2277
f 2206 2278 2277
f 2206 2207 2278
f 2207 2279 2278
f 2207 2208 2279
f 2208 2280 2279
f 2208 2209 2280
f 2209 2281 2280
f 2209 2210 2281
f 2210 2282 2281
f 2210 2211 2282
f 2211 2283 2282
f 2211 2212 2283
f 2212 2284 2283
f 2212 2213 2284
f 2213 2285 2284
f 2213 2214 2285
f 2214 2286 2285
f 2214 2215 2286
f 2215 2287 2286
f 2215 2216 2287
f 2216 2288 2287
f 2216 2217 2288
f 2217 2289 2288
f 2217 2218 2289
f 2218 2290 2289
f 2218 2219 2290
f 2219 2291 2290
f 2219 2220 2291
f 2220 2292 2291
f 2220 2221 2292
f 2221 2293 2292
f 2221 2222 2293
f 2222 2294 2293
f 2222 2223 2294
f 2223 2295 2294
f 2223 2224 2295
f 2224 2296 2295
f 2224 2225 2296
f 2225 2297 2296
f 2225 2226 2297
f 2226 2298 2297
f 2226 2227 2298
f 2227 2299 2298
f 2227 2228 2299
f 2228 2300 2299
f 2228 2229 2300
f 2229 2301 2300
f 2229 2230 2301
f 2230 2302 2301
f 2230 2231 2302
f 2231 2303 2302
f 2231 2232 2303
f 2232 2304 2303
f 2232 2161 2304
f 2161 2233 2304
f 2233 2234 2305
f 2234 2306 2305
f 2234 2235 2306
f 2235 2307 2306
f 2235 2236 2307
f 2236 2308 2307
f 2236 2237 2308
f 2237 2309 2308
f 2237 2238 2309
f 2238 2310 2309
f 2238 2239 2310
f 2239 2311 2310
f 2239 2240 2311
f 2240 2312 2311
f 2240 2241 2312
f 2241 2313 2312
f 2241 2242 2313
f 2242 2314 2313
f 2242 2243 2314
f 2243 2315 2314
f 2243 2244 2315
f 2244 2316 2315
f 2244 2245 2316
f 2245 2317 2316
f 2245 2246 2317
f 2246 2318 2317
f 2246 2247 2318
f 2247 2319 2318
f 2247 2248 2319
f 2248 2320 2319
f 2248 2249 2320
f 2249 2321 2320
f 2249 2250 2321
f 2250 2322 2321
f 2250 2251 2322
f 2251 2323 2322
f 2251 2252 2323
f 2252 2324 2323
f 2252 2253 2324
f 2253 2325 2324
f 2253 2254 2325
f 2254 2326 2325
f 2254 2255 2326
f 2255 2327 2326
f 2255 2256 2327
f 2256 2328 2327
f 2256 2257 2328
f 2257 2329 2328
f 2257 2258 2329
f 2258 2330 2329
f 2258 2259 2330
f 2259 2331 2330
f 2259 2260 2331
f 2260 2332 2331
f 2260 2261 2332
f 2261 2333 2332
f 2261 2262 2333
f 2262 2334 2333
f 2262 2263 2334
f 2263 2335 2334
f 2263 2264 2335
f 2264 2336 2335
f 2264 2265 2336
f 2265 2337 2336
f 2265 2266 2337
f 2266 2338 2337
f 2266 2267 2338
f 2267 2339 2338
f 2267 2268 2339
f 2268 2340 2339
f 2268 2269 2340
f 2269 2341 2340
f 2269 2270 2341
f 2270 2342 2341
f 2270 2271 2342
f 2271 2343 2342
f 2271 2272 2343
f 2272 2344 2343
f 2272 2273 2344
f 2273 2345 2344
f 2273 2274 2345
f 2274 2346 2345
f 2274 2275 2346
f 2275 2347 2346
f 2275 2276 2347
f 2276 2348 2347
f 2276 2277 2348
f 2277 2349 2348
f 2277 2278 2349
f 2278 2350 2349
f 2278 2279 2350
f 2279 2351 2350
f 2279 2280 2351
f 2280 2352 2351
f 2280 2281 2352
f 2281 2353 2352
f 2281 2282 2353
f 2282 2354 2353
f 2282 2283 2354
f 2283 2355 2354
f 2283 2284 2355
f 2284 2356 2355
f 2284 2285 2356
f 2285 2357 2356
f 2285 2286 2357
f 2286 2358 2357
f 2286 2287 2358
f 2287 2359 2358
f 2287 2288 2359
f 2288 2360 2359
f 2288 2289 2360
f 2289 2361 2360
f 2289 2290 2361
f 2290 2362 2361
f 2290 2291 2362
f 2291 2363 2362
f 2291 2292 2363
f 2292 2364 2363
f 2292 2293 2364
f 2293 2365 2364
f 2293 2294 2365
f 2294 2366 2365
f 2294 2295 2366
f 2295 2367 2366
f 2295 2296 2367
f 2296 2368 2367
f 2296 2297 2368
f 2297 2369 2368
f 2297 2298 2369
f 2298 2370 2369
f 2298 2299 2370
f 2299 2371 2370
f 2299 2300 2371
f 2300 2372 2371
f 2300 2301 2372
f 2301 2373 2372
f 2301 2302 2373
f 2302 2374 2373
f 2302 2303 2374
f 2303 2375 2374
f 2303 2304 2375
f 2304 2376 2375
f 2304 2233 2376
f 2233 2305 2376
f 2305 2306 2377
f 2306 2378 2377
f 2306 2307 2378
f 2307 2379 2378
f 2307 2308 2379
f 2308 2380 2379
f 2308 2309 2380
f 2309 2381 2380
f 2309 2310 2381
f 2310 2382 2381
f 2310 2311 2382
f 2311 2383 2382
f 2311 2312 2383
f 2312 2384 2383
f 2312 2313 2384
f 2313 2385 2384
f 2313 2314 2385
f 2314 2386 2385
f 2314 2315 2386
f 2315 2387 2386
f 2315 2316 2387
f 2316 2388 2387
f 2316 2317 2388
f 2317 2389 2388
f 2317 2318 2389
f 2318 2390 2389
f 2318 2319 2390
f 2319 2391 2390
f 2319 2320 2391
f 2320 2392 2391
f 2320 2321 2392
f 2321 2393 2392
f 2321 2322 2393
f 2322 2394 2393
f 2322 2323 2394
f 2323 2395 2394
f 2323 2324 2395
f 2324 2396 2395
f 2324 2325 2396
f 2325 2397 2396
f 2325 2326 2397
f 2326 2398 2397
f 2326 2327 2398
f 2327 2399 2398
f 2327 2328 2399
f 2328 2400 2399
f 2328 2329 2400
f 2329 2401 2400
f 2329 2330 2401
f 2330 2402 2401
f 2330 2331 2402
f 2331 2403 2402
f 2331 2332 2403
f 2332 2404 2403
f 2332 2333 2404
f 2333 2405 2404
f 2333 2334 2405
f 2334 2406 2405
f 2334 2335 2406
f 2335 2407 2406
f 2335 2336 2407
f 2336 2408 2407
f 2336 2337 2408
f 2337 2409 2408
f 2337 2338 2409
f 2338 2410 2409
f 2338 2339 2410
f 2339 2411 2410
f 2339 2340 2411
f 2340 2412 2411
f 2340 2341 2412
f 2341 2413 2412
f 2341 2342 2413
f 2342 2414 2413
f 2342 2343 2414
f 2343 2415 2414
f 2343 2344 2415
f 2344 2416 2415
f 2344 2345 2416
f 2345 2417 2416
f 2345 2346 2417
f 2346 2418 2417
f 2346 2347 2418
f 2347 2419 2418
f 2347 2348 2419
f 2348 2420 2419
f 2348 2349 2420
f 2349 2421 2420
f 2349 2350 2421
f 2350 2422 2421
f 2350 2351 2422
f 2351 2423 2422
f 2351 2352 2423
f 2352 2424 2423
f 2352 2353 2424
f 2353 2425 2424
f 2353 2354 2425
f 2354 2426 2425
f 2354 2355 2426
f 2355 2427 2426
f 2355 2356 2427
f 2356 2428 2427
f 2356 2357 2428
f 2357 2429 2428
f 2357 2358 2429
f 2358 2430 2429
f 2358 2359 2430
f 2359 2431 2430
f 2359 2360 2431
f 2360 2432 2431
f 2360 2361 2432
f 2361 2433 2432
f 2361 2362 2433
f 2362 2434 2433
f 2362 2363 2434
f 2363 2435 2434
f 2363 2364 2435
f 2364 2436 2435
f 2364 2365 2436
f 2365 2437 2436
f 2365 2366 2437
f 2366 2438 2437
f 2366 2367 2438
f 2367 2439 2438
f 2367 2368 2439
f 2368 2440 2439
f 2368 2369 2440
f 2369 2441 2440
f 2369 2370 2441
f 2370 2442 2441
f 2370 2371 2442
f 2371 2443 2442
f 2371 2372 2443
f 2372 2444 2443
f 2372 2373 2444
f 2373 2445 2444
f 2373 2374 2445
f 2374 2446 2445
f 2374 2375 2446
f 2375 2447 2446
f 2375 2376 2447
f 2376 2448 2447
f 2376 2305 2448
f 2305 2377 2448
f 2377 2378 2449
f 2378 2450 2449
f 2378 2379 2450
f 2379 2451 2450
f 2379 2380 2451
f 2380 2452 2451
f 2380 2381 2452
f 2381 2453 2452
f 2381 2382 2453
f 2382 2454 2453
f 2382 2383 2454
f 2383 2455 2454
f 2383 2384 2455
f 2384 2456 2455
f 2384 2385 2456
f 2385 2457 2456
f 2385 2386 2457
f 2386 2458 2457
f 2386 2387 2458
f 2387 2459 2458
f 2387 2388 2459
f 2388 2460 2459
f 2388 2389 2460
f 2389 2461 2460
f 2389 2390 2461
f 2390 2462 2461
f 2390 2391 2462
f 2391 2463 2462
f 2391 2392 2463
f 2392 2464 2463
f 2392 2393 2464
f 2393 2465 2464
f 2393 2394 2465
f 2394 2466 2465
f 2394 2395 2466
f 2395 2467 2466
f 2395 2396 2467
f 2396 2468 2467
f 2396 2397 2468
f 2397 2469 2468
f 2397 2398 2469
f 2398 2470 2469
f 2398 2399 2470
f 2399 2471 2470
f 2399 2400 2471
f 2400 2472 2471
f 2400 2401 2472
f 2401 2473 2472
f 2401 2402 2473
f 2402 2474 2473
f 2402 2403 2474
f 2403 2475 2474
f 2403 2404 2475
f 2404 2476 2475
f 2404 2405 2476
f 2405 2477 2476
f 2405 2406 2477
f 2406 2478 2477
f 2406 2407 2478
f 2407 2479 2478
f 2407 2408 2479
f 2408 2480 2479
f 2408 2409 2480
f 2409 2481 2480
f 2409 2410 2481
f 2410 2482 2481
f 2410 2411 2482
f 2411 2483 2482
f 2411 2412 2483
f 2412 2484 2483
f 2412 2413 2484
f 2413 2485 2484
f 2413 2414 2485
f 2414 2486 2485
f 2414 2415 2486
f 2415 2487 2486
f 2415 2416 2487
f 2416 2488 2487
f 2416 2417 2488
f 2417 2489 2488
f 2417 2418 2489
f 2418 2490 2489
f 2418 2419 2490
f 2419 2491 2490
f 2419 2420 2491
f 2420 2492 2491
f 2420 2421 2492
f 2421 2493 2492
f 2421 2422 2493
f 2422 2494 2493
f 2422 2423 2494
f 2423 2495 2494
f 2423 2424 2495
f 2424 2496 2495
f 2424 2425 2496
f 2425 2497 2496
f 2425 2426 2497
f 2426 2498 2497
f 2426 2427 2498
f 2427 2499 2498
f 2427 2428 2499
f 2428 2500 2499
f 2428 2429 2500
f 2429 2501 2500
f 2429 2430 2501
f 2430 2502 2501
f 2430 2431 2502
f 2431 2503 2502
f 2431 2432 2503
f 2432 2504 2503
f 2432 2433 2504
f 2433 2505 2504
f 2433 2434 2505
f 2434 2506 2505
f 2434 2435 2506
f 2435 2507 2506
f 2435 2436 2507
f 2436 2508 2507
f 2436 2437 2508
f 2437 2509 2508
f 2437 2438 2509
f 2438 2510 2509
f 2438 2439 2510
f 2439 2511 2510
f 2439 2440 2511
f 2440 2512 2511
f 2440 2441 2512
f 2441 2513 2512
f 2441 2442 2513
f 2442 2514 2513
f 2442 2443 2514
f 2443 2515 2514
f 2443 2444 2515
f 2444 2516 2515
f 2444 2445 2516
f 2445 2517 2516
f 2445 2446 2517
f 2446 2518 2517
f 2446 2447 2518
f 2447 2519 2518
f 2447 2448 2519
f 2448 2520 2519
f 2448 2377 2520
f 2377 2449 2520
f 2449 2450 2521
f 2450 2522 2521
f 2450 2451 2522
f 2451 2523 2522
f 2451 2452 2523
f 2452 2524 2523
f 2452 2453 2524
f 2453 2525 2524
f 2453 2454 2525
f 2454 2526 2525
f 2454 2455 2526
f 2455 2527 2526
f 2455 2456 2527
f 2456 2528 2527
f 2456 2457 2528
f 2457 2529 2528
f 2457 2458 2529
f 2458 2530 2529
f 2458 2459 2530
f 2459 2531 2530
f 2459 2460 2531
f 2460 2532 2531
f 2460 2461 2532
f 2461 2533 2532
f 2461 2462 2533
f 2462 2534 2533
f 2462 2463 2534
f 2463 2535 2534
f 2463 2464 2535
f 2464 2536 2535
f 2464 2465 2536
f 2465 2537 2536
f 2465 2466 2537
f 2466 2538 2537
f 2466 2467 2538
f 2467 2539 2538
f 2467 2468 2539
f 2468 2540 2539
f 2468 2469 2540
f 2469 2541 2540
f 2469 2470 2541
f 2470 2542 2541
f 2470 2471 2542
f 2471 2543 2542
f 2471 2472 2543
f 2472 2544 2543
f 2472 2473 2544
f 2473 2545 2544
f 2473 2474 2545
f 2474 2546 2545
f 2474 2475 2546
f 2475 2547 2546
f 2475 2476 2547
f 2476 2548 2547
f 2476 2477 2548
f 2477 2549 2548
f 2477 2478 2549
f 2478 2550 2549
f 2478 2479 2550
f 2479 2551 2550
f 2479 2480 2551
f 2480 2552 2551
f 2480 2481 2552
f 2481 2553 2552
f 2481 2482 2553
f 2482 2554 2553
f 2482 2483 2554
f 2483 2555 2554
f 2483 2484 2555
f 2484 2556 2555
f 2484 2485 2556
f 2485 2557 2556
f 2485 2486 2557
f 2486 2558 2557
f 2486 2487 2558
f 2487 2559 2558
f 2487 2488 2559
f 2488 2560 2559
f 2488 2489 2560
f 2489 2561 2560
f 2489 2490 2561
f 2490 2562 2561
f 2490 2491 2562
f 2491 2563 2562
f 2491 2492 2563
f 2492 2564 2563
f 2492 2493 2564
f 2493 2565 2564
f 2493 2494 2565
f 2494 2566 2565
f 2494 2495 2566
f 2495 2567 2566
f 2495 2496 2567
f 2496 2568 2567
f 2496 2497 2568
f 2497 2569 2568
f 2497 2498 2569
f 2498 2570 2569
f 2498 2499 2570
f 2499 2571 2570
f 2499 2500 2571
f 2500 2572 2571
f 2500 2501 2572
f 2501 2573 2572
f 2501 2502 2573
f 2502 2574 2573
f 2502 2503 2574
f 2503 2575 2574
f 2503 2504 2575
f 2504 2576 2575
f 2504 2505 2576
f 2505 2577 2576
f 2505 2506 2577
f 2506 2578 2577
f 2506 2507 2578
f 2507 2579 2578
f 2507 2508 2579
f 2508 2580 2579
f 2508 2509 2580
f 2509 2581 2580
f 2509 2510 2581
f 2510 2582 2581
f 2510 2511 2582
f 2511 2583 2582
f 2511 2512 2583
f 2512 2584 2583
f 2512 2513 2584
f 2513 2585 2584
f 2513 2514 2585
f 2514 2586 2585
f 2514 2515 2586
f 2515 2587 2586
f 2515 2516 2587
f 2516 2588 2587
f 2516 2517 2588
f 2517 2589 2588
f 2517 2518 2589
f 2518 2590 2589
f 2518 2519 2590
f 2519 2591 2590
f 2519 2520 2591
f 2520 2592 2591
f 2520 2449 2592
f 2449 2521 2592
f 2521 2522 2593
f 2522 2594 2593
f 2522 2523 2594
f 2523 2595 2594
f 2523 2524 2595
f 2524 2596 2595
f 2524 2525 2596
f 2525 2597 2596
f 2525 2526 2597
f 2526 2598 2597
f 2526 2527 2598
f 2527 2599 2598
f 2527 2528 2599
f 2528 2600 2599
f 2528 2529 2600
f 2529 2601 2600
f 2529 2530 2601
f 2530 2602 2601
f 2530 2531 2602
f 2531 2603 2602
f 2531 2532 2603
f 2532 2604 2603
f 2532 2533 2604
f 2533 2605 2604
f 2533 2534 2605
f 2534 2606 2605
f 2534 2535 2606
f 2535 2607 2606
f 2535 2536 2607
f 2536 2608 2607
f 2536 2537 2608
f 2537 2609 2608
f 2537 2538 2609
f 2538 2610 2609
f 2538 2539 2610
f 2539 2611 2610
f 2539 2540 2611
f 2540 2612 2611
f 2540 2541 2612
f 2541 2613 2612
f 2541 2542 2613
f 2542 2614 2613
f 2542 2543 2614
f 2543 2615 2614
f 2543 2544 2615
f 2544 2616 2615
f 2544 2545 2616
f 2545 2617 2616
f 2545 2546 2617
f 2546 2618 2617
f 2546 2547 2618
f 2547 2619 2618
f 2547 2548 2619
f 2548 2620 2619
f 2548 2549 2620
f 2549 2621 2620
f 2549 2550 2621
f 2550 2622 2621
f 2550 2551 2622
f 2551 2623 2622
f 2551 2552 2623
f 2552 2624 2623
f 2552 2553 2624
f 2553 2625 2624
f 2553 2554 2625
f 2554 2626 2625
f 2554 2555 2626
f 2555 2627 2626
f 2555 2556 2627
f 2556 2628 2627
f 2556 2557 2628
f 2557 2629 2628
f 2557 2558 2629
f 2558 2630 2629
f 2558 2559 2630
f 2559 2631 2630
f 2559 2560 2631
f 2560 2632 2631
f 2560 2561 2632
f 2561 2633 2632
f 2561 2562 2633
f 2562 2634 2633
f 2562 2563 2634
f 2563 2635 2634
f 2563 2564 2635
f 2564 2636 2635
f 2564 2565 2636
f 2565 2637 2636
f 2565 2566 2637
f 2566 2638 2637
f 2566 2567 2638
f 2567 2639 2638
f 2567 2568 2639
f 2568 2640 2639
f 2568 2569 2640
f 2569 2641 2640
f 2569 2570 2641
f 2570 2642 2641
f 2570 2571 2642
f 2571 2643 2642
f 2571 2572 2643
f 2572 2644 2643
f 2572 2573 2644
f 2573 2645 2644
f 2573 2574 2645
f 2574 2646 2645
f 2574 2575 2646
f 2575 2647 2646
f 2575 2576 2647
f 2576 2648 2647
f 2576 2577 2648
f 2577 2649 2648
f 2577 2578 2649
f 2578 2650 2649
f 2578 2579 2650
f 2579 2651 2650
f 2579 2580 2651
f 2580 2652 2651
f 2580 2581 2652
f 2581 2653 2652
f 2581 2582 2653
f 2582 2654 2653
f 2582 2583 2654
f 2583 2655 2654
f 2583 2584 2655
f 2584 2656 2655
f 2584 2585 2656
f 2585 2657 2656
f 2585 2586 2657
f 2586 2658 2657
f 2586 2587 2658
f 2587 2659 2658
f 2587 2588 2659
f 2588 2660 2659
f 2588 2589 2660
f 2589 2661 2660
f 2589 2590 2661
f 2590 2662 2661
f 2590 2591 2662
f 2591 2663 2662
f 2591 2592 2663
f 2592 2664 2663
f 2592 2521 2664
f 2521 2593 2664
f 2593 2594 2665
f 2594 2666 2665
f 2594 2595 2666
f 2595 2667 2666
f 2595 2596 2667
f 2596 2668 2667
f 2596 2597 2668
f 2597 2669 2668
f 2597 2598 2669
f 2598 2670 2669
f 2598 2599 2670
f 2599 2671 2670
f 2599 2600 2671
f 2600 2672 2671
f 2600 2601 2672
f 2601 2673 2672
f 2601 2602 2673
f 2602 2674 2673
f 2602 2603 2674
f 2603 2675 2674
f 2603 2604 2675
f 2604 2676 2675
f 2604 2605 2676
f 2605 2677 2676
f 2605 2606 2677
f 2606 2678 2677
f 2606 2607 2678
f 2607 2679 2678
f 2607 2608 2679
f 2608 2680 2679
f 2608 2609 2680
f 2609 2681 2680
f 2609 2610 2681
f 2610 2682 2681
f 2610 2611 2682
f 2611 2683 2682
f 2611 2612 2683
f 2612 2684 2683
f 2612 2613 2684
f 2613 2685 2684
f 2613 2614 2685
f 2614 2686 2685
f 2614 2615 2686
f 2615 2687 2686
f 2615 2616 2687
f 2616 2688 2687
f 2616 2617 2688
f 2617 2689 2688
f 2617 2618 2689
f 2618 2690 2689
f 2618 2619 2690
f 2619 2691 2690
f 2619 2620 2691
f 2620 2692 2691
f 2620 2621 2692
f 2621 2693 2692
f 2621 2622 2693
f 2622 2694 2693
f 2622 2623 2694
f 2623 2695 2694
f 2623 2624 2695
f 2624 2696 2695
f 2624 2625 2696
f 2625 2697 2696
f 2625 2626 2697
f 2626 2698 2697
f 2626 2627 2698
f 2627 2699 2698
f 2627 2628 2699
f 2628 2700 2699
f 2628 2629 2700
f 2629 2701 2700
f 2629 2630 2701
f 2630 2702 2701
f 2630 2631 2702
f 2631 2703 2702
f 2631 2632 2703
f 2632 2704 2703
f 2632 2633 2704
f 2633 2705 2704
f 2633 2634 2705
f 2634 2706 2705
f 2634 2635 2706
f 2635 2707 2706
f 2635 2636 2707
f 2636 2708 2707
f 2636 2637 2708
f 2637 2709 2708
f 2637 2638 2709
f 2638 2710 2709
f 2638 2639 2710
f 2639 2711 2710
f 2639 2640 2711
f 2640 2712 2711
f 2640 2641 2712
f 2641 2713 2712
f 2641 2642 2713
f 2642 2714 2713
f 2642 2643 2714
f 2643 2715 2714
f 2643 2644 2715
f 2644 2716 2715
f 2644 2645 2716
f 2645 2717 2716
f 2645 2646 2717
f 2646 2718 2717
f 2646 2647 2718
f 2647 2719 2718
f 2647 2648 2719
f 2648 2720 2719
f 2648 2649 2720
f 2649 2721 2720
f 2649 2650 2721
f 2650 2722 2721
f 2650 2651 2722
f 2651 2723 2722
f 2651 2652 2723
f 2652 2724 2723
f 2652 2653 2724
f 2653 2725 2724
f 2653 2654 2725
f 2654 2726 2725
f 2654 2655 2726
f 2655 2727 2726
f 2655 2656 2727
f 2656 2728 2727
f 2656 2657 2728
f 2657 2729 2728
f 2657 2658 2729
f 2658 2730 2729
f 2658 2659 2730
f 2659 2731 2730
f 2659 2660 2731
f 2660 2732 2731
f 2660 2661 2732
f 2661 2733 2732
f 2661 2662 2733
f 2662 2734 2733
f 2662 2663 2734
f 2663 2735 2734
f 2663 2664 2735
f 2664 2736 2735
f 2664 2593 2736
f 2593 2665 2736
f 2665 2666 2737
f 2666 2738 2737
f 2666 2667 2738
f 2667 2739 2738
f 2667 2668 2739
f 2668 2740 2739
f 2668 2669 2740
f 2669 2741 2740
f 2669 2670 2741
f 2670 2742 2741
f 2670 2671 2742
f 2671 2743 2742
f 2671 2672 2743
f 2672 2744 2743
f 2672 2673 2744
f 2673 2745 2744
f 2673 2674 2745
f 2674 2746 2745
f 2674 2675 2746
f 2675 2747 2746
f 2675 2676 2747
f 2676 2748 2747
f 2676 2677 2748
f 2677 2749 2748
f 2677 2678 2749
f 2678 2750 2749
f 2678 2679 2750
f 2679 2751 2750
f 2679 2680 2751
f 2680 2752 2751
f 2680 2681 2752
f 2681 2753 2752
f 2681 2682 2753
f 2682 2754 2753
f 2682 2683 2754
f 2683 2755 2754
f 2683 2684 2755
f 2684 2756 2755
f 2684 2685 2756
f 2685 2757 2756
f 2685 2686 2757
f 2686 2758 2757
f 2686 2687 2758
f 2687 2759 2758
f 2687 2688 2759
f 2688 2760 2759
f 2688 2689 2760
f 2689 2761 2760
f 2689 2690 2761
f 2690 2762 2761
f 2690 2691 2762
f 2691 2763 2762
f 2691 2692 2763
f 2692 2764 2763
f 2692 2693 2764
f 2693 2765 2764
f 2693 2694 2765
f 2694 2766 2765
f 2694 2695 2766
f 2695 2767 2766
f 2695 2696 2767
f 2696 2768 2767
f 2696 2697 2768
f 2697 2769 2768
f 2697 2698 2769
f 2698 2770 2769
f 2698 2699 2770
f 2699 2771 2770
f 2699 2700 2771
f 2700 2772 2771
f 2700 2701 2772
f 2701 2773 2772
f 2701 2702 2773
f 2702 2774 2773
f 2702 2703 2774
f 2703 2775 2774
f 2703 2704 2775
f 2704 2776 2775
f 2704 2705 2776
f 2705 2777 2776
f 2705 2706 2777
f 2706 2778 2777
f 2706 2707 2778
f 2707 2779 2778
f 2707 2708 2779
f 2708 2780 2779
f 2708 2709 2780
f 2709 2781 2780
f 2709 2710 2781
f 2710 2782 2781
f 2710 2711 2782
f 2711 2783 2782
f 2711 2712 2783
f 2712 2784 2783
f 2712 2713 2784
f 2713 2785 2784
f 2713 2714 2785
f 2714 2786 2785
f 2714 2715 2786
f 2715 2787 2786
f 2715 2716 2787
f 2716 2788 2787
f 2716 2717 2788
f 2717 2789 2788
f 2717 2718 2789
f 2718 2790 2789
f 2718 2719 2790
f 2719 2791 2790
f 2719 2720 2791
f 2720 2792 2791
f 2720 2721 2792
f 2721 2793 2792
f 2721 2722 2793
f 2722 2794 2793
f 2722 2723 2794
f 2723 2795 2794
f 2723 2724 2795
f 2724 2796 2795
f 2724 2725 2796
f 2725 2797 2796
f 2725 2726 2797
f 2726 2798 2797
f 2726 2727 2798
f 2727 2799 2798
f 2727 2728 2799
f 2728 2800 2799
f 2728 2729 2800
f 2729 2801 2800
f 2729 2730 2801
f 2730 2802 2801
f 2730 2731 2802
f 2731 2803 2802
f 2731 2732 2803
f 2732 2804 2803
f 2732 2733 2804
f 2733 2805 2804
f 2733 2734 2805
f 2734 2806 2805
f 2734 2735 2806
f 2735 2807 2806
f 2735 2736 2807
f 2736 2808 2807
f 2736 2665 2808
f 2665 2737 2808
f 2737 2738 2809
f 2738 2810 2809
f 2738 2739 2810
f 2739 2811 2810
f 2739 2740 2811
f 2740 2812 2811
f 2740 2741 2812
f 2741 2813 2812
f 2741 2742 2813
f 2742 2814 2813
f 2742 2743 2814
f 2743 2815 2814
f 2743 2744 2815
f 2744 2816 2815
f 2744 2745 2816
f 2745 2817 2816
f 2745 2746 2817
f 2746 2818 2817
f 2746 2747 2818
f 2747 2819 2818
f 2747 2748 2819
f 2748 2820 2819
f 2748 2749 2820
f 2749 2821 2820
f 2749 2750 2821
f 2750 2822 2821
f 2750 2751 2822
f 2751 2823 2822
f 2751 2752 2823
f 2752 2824 2823
f 2752 2753 2824
f 2753 2825 2824
f 2753 2754 2825
f 2754 2826 2825
f 2754 2755 2826
f 2755 2827 2826
f 2755 2756 2827
f 2756 2828 2827
f 2756 2757 2828
f 2757 2829 2828
f 2757 2758 2829
f 2758 2830 2829
f 2758 2759 2830
f 2759 2831 2830
f 2759 2760 2831
f 2760 2832 2831
f 2760 2761 2832
f 2761 2833 2832
f 2761 2762 2833
f 2762 2834 2833
f 2762 2763 2834
f 2763 2835 2834
f 2763 2764 2835
f 2764 2836 2835
f 2764 2765 2836
f 2765 2837 2836
f 2765 2766 2837
f 2766 2838 2837
f 2766 2767 2838
f 2767 2839 2838
f 2767 2768 2839
f 2768 2840 2839
f 2768 2769 2840
f 2769 2841 2840
f 2769 2770 2841
f 2770 2842 2841
f 2770 2771 2842
f 2771 2843 2842
f 2771 2772 2843
f 2772 2844 2843
f 2772 2773 2844
f 2773 2845 2844
f 2773 2774 2845
f 2774 2846 2845
f 2774 2775 2846
f 2775 2847 2846
f 2775 2776 2847
f 2776 2848 2847
f 2776 2777 2848
f 2777 2849 2848
f 2777 2778 2849
f 2778 2850 2849
f 2778 2779 2850
f 2779 2851 2850
f 2779 2780 2851
f 2780 2852 2851
f 2780 2781 2852
f 2781 2853 2852
f 2781 2782 2853
f 2782 2854 2853
f 2782 2783 2854
f 2783 2855 2854
f 2783 2784 2855
f 2784 2856 2855
f 2784 2785 2856
f 2785 2857 2856
f 2785 2786 2857
f 2786 2858 2857
f 2786 2787 2858
f 2787 2859 2858
f 2787 2788 2859
f 2788 2860 2859
f 2788 2789 2860
f 2789 2861 2860
f 2789 2790 2861
f 2790 2862 2861
f 2790 2791 2862
f 2791 2863 2862
f 2791 2792 2863
f 2792 2864 2863
f 2792 2793 2864
f 2793 2865 2864
f 2793 2794 2865
f 2794 2866 2865
f 2794 2795 2866
f 2795 2867 2866
f 2795 2796 2867
f 2796 2868 2867
f 2796 2797 2868
f 2797 2869 2868
f 2797 2798 2869
f 2798 2870 2869
f 2798 2799 2870
f 2799 2871 2870
f 2799 2800 2871
f 2800 2872 2871
f 2800 2801 2872
f 2801 2873 2872
f 2801 2802 2873
f 2802 2874 2873
f 2802 2803 2874
f 2803 2875 2874
f 2803 2804 2875
f 2804 2876 2875
f 2804 2805 2876
f 2805 2877 2876
f 2805 2806 2877
f 2806 2878 2877
f 2806 2807 2878
f 2807 2879 2878
f 2807 2808 2879
f 2808 2880 2879
f 2808 2737 2880
f 2737 2809 2880
f 2809 2810 2881
f 2810 2882 2881
f 2810 2811 2882
f 2811 2883 2882
f 2811 2812 2883
f 2812 2884 2883
f 2812 2813 2884
f 2813 2885 2884
f 2813 2814 2885
f 2814 2886 2885
f 2814 2815 2886
f 2815 2887 2886
f 2815 2816 2887
f 2816 2888 2887
f 2816 2817 2888
f 2817 2889 2888
f 2817 2818 2889
f 2818 2890 2889
f 2818 2819 2890
f 2819 2891 2890
f 2819 2820 2891
f 2820 2892 2891
f 2820 2821 2892
f 2821 2893 2892
f 2821 2822 2893
f 2822 2894 2893
f 2822 2823 2894
f 2823 2895 2894
f 2823 2824 2895
f 2824 2896 2895
f 2824 2825 2896
f 2825 2897 2896
f 2825 2826 2897
f 2826 2898 2897
f 2826 2827 2898
f 2827 2899 2898
f 2827 2828 2899
f 2828 2900 2899
f 2828 2829 2900
f 2829 2901 2900
f 2829 2830 2901
f 2830 2902 2901
f 2830 2831 2902
f 2831 2903 2902
f 2831 2832 2903
f 2832 2904 2903
f 2832 2833 2904
f 2833 2905 2904
f 2833 2834 2905
f 2834 2906 2905
f 2834 2835 2906
f 2835 2907 2906
f 2835 2836 2907
f 2836 2908 2907
f 2836 2837 2908
f 2837 2909 2908
f 2837 2838 2909
f 2838 2910 2909
f 2838 2839 2910
f 2839 2911 2910
f 2839 2840 2911
f 2840 2912 2911
f 2840 2841 2912
f 2841 2913 2912
f 2841 2842 2913
f 2842 2914 2913
f 2842 2843 2914
f 2843 2915 2914
f 2843 2844 2915
f 2844 2916 2915
f 2844 2845 2916
f 2845 2917 2916
f 2845 2846 2917
f 2846 2918 2917
f 2846 2847 2918
f 2847 2919 2918
f 2847 2848 2919
f 2848 2920 2919
f 2848 2849 2920
f 2849 2921 2920
f 2849 2850 2921
f 2850 2922 2921
f 2850 2851 2922
f 2851 2923 2922
f 2851 2852 2923
f 2852 2924 2923
f 2852 2853 2924
f 2853 2925 2924
f 2853 2854 2925
f 2854 2926 2925
f 2854 2855 2926
f 2855 2927 2926
f 2855 2856 2927
f 2856 2928 2927
f 2856 2857 2928
f 2857 2929 2928
f 2857 2858 2929
f 2858 2930 2929
f 2858 2859 2930
f 2859 2931 2930
f 2859 2860 2931
f 2860 2932 2931
f 2860 2861 2932
f 2861 2933 2932
f 2861 2862 2933
f 2862 2934 2933
f 2862 2863 2934
f 2863 2935 2934
f 2863 2864 2935
f 2864 2936 2935
f 2864 2865 2936
f 2865 2937 2936
f 2865 2866 2937
f 2866 2938 2937
f 2866 2867 2938
f 2867 2939 2938
f 2867 2868 2939
f 2868 2940 2939
f 2868 2869 2940
f 2869 2941 2940
f 2869 2870 2941
f 2870 2942 2941
f 2870 2871 2942
f 2871 2943 2942
f 2871 2872 2943
f 2872 2944 2943
f 2872 2873 2944
f 2873 2945 2944
f 2873 2874 2945
f 2874 2946 2945
f 2874 2875 2946
f 2875 2947 2946
f 2875 2876 2947
f 2876 2948 2947
f 2876 2877 2948
f 2877 2949 2948
f 2877 2878 2949
f 2878 2950 2949
f 2878 2879 2950
f 2879 2951 2950
f 2879 2880 2951
f 2880 2952 2951
f 2880 2809 2952
f 2809 2881 2952
f 2881 2882 2953
f 2882 2954 2953
f 2882 2883 2954
f 2883 2955 2954
f 2883 2884 2955
f 2884 2956 2955
f 2884 2885 2956
f 2885 2957 2956
f 2885 2886 2957
f 2886 2958 2957
f 2886 2887 2958
f 2887 2959 2958
f 2887 2888 2959
f 2888 2960 2959
f 2888 2889 2960
f 2889 2961 2960
f 2889 2890 2961
f 2890 2962 2961
f 2890 2891 2962
f 2891 2963 2962
f 2891 2892 2963
f 2892 2964 2963
f 2892 2893 2964
f 2893 2965 2964
f 2893 2894 2965
f 2894 2966 2965
f 2894 2895 2966
f 2895 2967 2966
f 2895 2896 2967
f 2896 2968 2967
f 2896 2897 2968
f 2897 2969 2968
f 2897 2898 2969
f 2898 2970 2969
f 2898 2899 2970
f 2899 2971 2970
f 2899 2900 2971
f 2900 2972 2971
f 2900 2901 2972
f 2901 2973 2972
f 2901 2902 2973
f 2902 2974 2973
f 2902 2903 2974
f 2903 2975 2974
f 2903 2904 2975
f 2904 2976 2975
f 2904 2905 2976
f 2905 2977 2976
f 2905 2906 2977
f 2906 2978 2977
f 2906 2907 2978
f 2907 2979 2978
f 2907 2908 2979
f 2908 2980 2979
f 2908 2909 2980
f 2909 2981 2980
f 2909 2910 2981
f 2910 2982 2981
f 2910 2911 2982
f 2911 2983 2982
f 2911 2912 2983
f 2912 2984 2983
f 2912 2913 2984
f 2913 2985 2984
f 2913 2914 2985
f 2914 2986 2985
f 2914 2915 2986
f 2915 2987 2986
f 2915 2916 2987
f 2916 2988 2987
f 2916 2917 2988
f 2917 2989 2988
f 2917 2918 2989
f 2918 2990 2989
f 2918 2919 2990
f 2919 2991 2990
f 2919 2920 2991
f 2920 2992 2991
f 2920 2921 2992
f 2921 2993 2992
f 2921 2922 2993
f 2922 2994 2993
f 2922 2923 2994
f 2923 2995 2994
f 2923 2924 2995
f 2924 2996 2995
f 2924 2925 2996
f 2925 2997 2996
f 2925 2926 2997
f 2926 2998 2997
f 2926 2927 2998
f 2927 2999 2998
f 2927 2928 2999
f 2928 3000 2999
f 2928 2929 3000
f 2929 3001 3000
f 2929 2930 3001
f 2930 3002 3001
f 2930 2931 3002
f 2931 3003 3002
f 2931 2932 3003
f 2932 3004 3003
f 2932 2933 3004
f 2933 3005 3004
f 2933 2934 3005
f 2934 3006 3005
f 2934 2935 3006
f 2935 3007 3006
f 2935 2936 3007
f 2936 3008 3007
f 2936 2937 3008
f 2937 3009 3008
f 2937 2938 3009
f 2938 3010 3009
f 2938 2939 3010
f 2939 3011 3010
f 2939 2940 3011
f 2940 3012 3011
f 2940 2941 3012
f 2941 3013 3012
f 2941 2942 3013
f 2942 3014 3013
f 2942 2943 3014
f 2943 3015 3014
f 2943 2944 3015
f 2944 3016 3015
f 2944 2945 3016
f 2945 3017 3016
f 2945 2946 3017
f 2946 3018 3017
f 2946 2947 3018
f 2947 3019 3018
f 2947 2948 3019
f 2948 3020 3019
f 2948 2949 3020
f 2949 3021 3020
f 2949 2950 3021
f 2950 3022 3021
f 2950 2951 3022
f 2951 3023 3022
f 2951 2952 3023
f 2952 3024 3023
f 2952 2881 3024
f 2881 2953 3024
f 2953 2954 3025
f 2954 3026 3025
f 2954 2955 3026
f 2955 3027 3026
f 2955 2956 3027
f 2956 3028 3027
f 2956 2957 3028
f 2957 3029 3028
f 2957 2958 3029
f 2958 3030 3029
f 2958 2959 3030
f 2959 3031 3030
f 2959 2960 3031
f 2960 3032 3031
f 2960 2961 3032
f 2961 3033 3032
f 2961 2962 3033
f 2962 3034 3033
f 2962 2963 3034
f 2963 3035 3034
f 2963 2964 3035
f 2964 3036 3035
f 2964 2965 3036
f 2965 3037 3036
f 2965 2966 3037
f 2966 3038 3037
f 2966 2967 3038
f 2967 3039 3038
f 2967 2968 3039
f 2968 3040 3039
f 2968 2969 3040
f 2969 3041 3040
f 2969 2970 3041
f 2970 3042 3041
f 2970 2971 3042
f 2971 3043 3042
f 2971 2972 3043
f 2972 3044 3043
f 2972 2973 3044
f 2973 3045 3044
f 2973 2974 3045
f 2974 3046 3045
f 2974 2975 3046
f 2975 3047 3046
f 2975 2976 3047
f 2976 3048 3047
f 2976 2977 3048
f 2977 3049 3048
f 2977 2978 3049
f 2978 3050 3049
f 2978 2979 3050
f 2979 3051 3050
f 2979 2980 3051
f 2980 3052 3051
f 2980 2981 3052
f 2981 3053 3052
f 2981 2982 3053
f 2982 3054 3053
f 2982 2983 3054
f 2983 3055 3054
f 2983 2984 3055
f 2984 3056 3055
f 2984 2985 3056
f 2985 3057 3056
f 2985 2986 3057
f 2986 3058 3057
f 2986 2987 3058
f 2987 3059 3058
f 2987 2988 3059
f 2988 3060 3059
f 2988 2989 3060
f 2989 3061 3060
f 2989 2990 3061
f 2990 3062 3061
f 2990 2991 3062
f 2991 3063 3062
f 2991 2992 3063
f 2992 3064 3063
f 2992 2993 3064
f 2993 3065 3064
f 2993 2994 3065
f 2994 3066 3065
f 2994 2995 3066
f 2995 3067 3066
f 2995 2996 3067
f 2996 3068 3067
f 2996 2997 3068
f 2997 3069 3068
f 2997 2998 3069
f 2998 3070 3069
f 2998 2999 3070
f 2999 3071 3070
f 2999 3000 3071
f 3000 3072 3071
f 3000 3001 3072
f 3001 3073 3072
f 3001 3002 3073
f 3002 3074 3073
f 3002 3003 3074
f 3003 3075 3074
f 3003 3004 3075
f 3004 3076 3075
f 3004 3005 3076
f 3005 3077 3076
f 3005 3006 3077
f 3006 3078 3077
f 3006 3007 3078
f 3007 3079 3078
f 3007 3008 3079
f 3008 3080 3079
f 3008 3009 3080
f 3009 3081 3080
f 3009 3010 3081
f 3010 3082 3081
f 3010 3011 3082
f 3011 3083 3082
f 3011 3012 3083
f 3012 3084 3083
f 3012 3013 3084
f 3013 3085 3084
f 3013 3014 3085
f 3014 3086 3085
f 3014 3015 3086
f 3015 3087 3086
f 3015 3016 3087
f 3016 3088 3087
f 3016 3017 3088
f 3017 3089 3088
f 3017 3018 3089
f 3018 3090 3089
f 3018 3019 3090
f 3019 3091 3090
f 3019 3020 3091
f 3020 3092 3091
f 3020 3021 3092
f 3021 3093 3092
f 3021 3022 3093
f 3022 3094 3093
f 3022 3023 3094
f 3023 3095 3094
f 3023 3024 3095
f 3024 3096 3095
f 3024 2953 3096
f 2953 3025 3096
f 3025 3026 3097
f 3026 3098 3097
f 3026 3027 3098
f 3027 3099 3098
f 3027 3028 3099
f 3028 3100 3099
f 3028 3029 3100
f 3029 3101 3100
f 3029 3030 3101
f 3030 3102 3101
f 3030 3031 3102
f 3031 3103 3102
f 3031 3032 3103
f 3032 3104 3103
f 3032 3033 3104
f 3033 3105 3104
f 3033 3034 3105
f 3034 3106 3105
f 3034 3035 3106
f 3035 3107 3106
f 3035 3036 3107
f 3036 3108 3107
f 3036 3037 3108
f 3037 3109 3108
f 3037 3038 3109
f 3038 3110 3109
f 3038 3039 3110
f 3039 3111 3110
f 3039 3040 3111
f 3040 3112 3111
f 3040 3041 3112
f 3041 3113 3112
f 3041 3042 3113
f 3042 3114 3113
f 3042 3043 3114
f 3043 3115 3114
f 3043 3044 3115
f 3044 3116 3115
f 3044 3045 3116
f 3045 3117 3116
f 3045 3046 3117
f 3046 3118 3117
f 3046 3047 3118
f 3047 3119 3118
f 3047 3048 3119
f 3048 3120 3119
f 3048 3049 3120
f 3049 3121 3120
f 3049 3050 3121
f 3050 3122 3121
f 3050 3051 3122
f 3051 3123 3122
f 3051 3052 3123
f 3052 3124 3123
f 3052 3053 3124
f 3053 3125 3124
f 3053 3054 3125
f 3054 3126 3125
f 3054 3055 3126
f 3055 3127 3126
f 3055 3056 3127
f 3056 3128 3127
f 3056 3057 3128
f 3057 3129 3128
f 3057 3058 3129
f 3058 3130 3129
f 3058 3059 3130
f 3059 3131 3130
f 3059 3060 3131
f 3060 3132 3131
f 3060 3061 3132
f 3061 3133 3132
f 3061 3062 3133
f 3062 3134 3133
f 3062 3063 3134
f 3063 3135 3134
f 3063 3064 3135
f 3064 3136 3135
f 3064 3065 3136
f 3065 3137 3136
f 3065 3066 3137
f 3066 3138 3137
f 3066 3067 3138
f 3067 3139 3138
f 3067 3068 3139
f 3068 3140 3139
f 3068 3069 3140
f 3069 3141 3140
f 3069 3070 3141
f 3070 3142 3141
f 3070 3071 3142
f 3071 3143 3142
f 3071 3072 3143
f 3072 3144 3143
f 3072 3073 3144
f 3073 3145 3144
f 3073 3074 3145
f 3074 3146 3145
f 3074 3075 3146
f 3075 3147 3146
f 3075 3076 3147
f 3076 3148 3147
f 3076 3077 3148
f 3077 3149 3148
f 3077 3078 3149
f 3078 3150 3149
f 3078 3079 3150
f 3079 3151 3150
f 3079 3080 3151
f 3080 3152 3151
f 3080 3081 3152
f 3081 3153 3152
f 3081 3082 3153
f 3082 3154 3153
f 3082 3083 3154
f 3083 3155 3154
f 3083 3084 3155
f 3084 3156 3155
f 3084 3085 3156
f 3085 3157 3156
f 3085 3086 3157
f 3086 3158 3157
f 3086 3087 3158
f 3087 3159 3158
f 3087 3088 3159
f 3088 3160 3159
f 3088 3089 3160
f 3089 3161 3160
f 3089 3090 3161
f 3090 3162 3161
f 3090 3091 3162
f 3091 3163 3162
f 3091 3092 3163
f 3092 3164 3163
f 3092 3093 3164
f 3093 3165 3164
f 3093 3094 3165
f 3094 3166 3165
f 3094 3095 3166
f 3095 3167 3166
f 3095 3096 3167
f 3096 3168 3167
f 3096 3025 3168
f 3025 3097 3168
f 3097 3098 3169
f 3098 3170 3169
f 3098 3099 3170
f 3099 3171 3170
f 3099 3100 3171
f 3100 3172 3171
f 3100 3101 3172
f 3101 3173 3172
f 3101 3102 3173
f 3102 3174 3173
f 3102 3103 3174
f 3103 3175 3174
f 3103 3104 3175
f 3104 3176 3175
f 3104 3105 3176
f 3105 3177 3176
f 3105 3106 3177
f 3106 3178 3177
f 3106 3107 3178
f 3107 3179 3178
f 3107 3108 3179
f 3108 3180 3179
f 3108 3109 3180
f 3109 3181 3180
f 3109 3110 3181
f 3110 3182 3181
f 3110 3111 3182
f 3111 3183 3182
f 3111 3112 3183
f 3112 3184 3183
f 3112 3113 3184
f 3113 3185 3184
f 3113 3114 3185
f 3114 3186 3185
f 3114 3115 3186
f 3115 3187 3186
f 3115 3116 3187
f 3116 3188 3187
f 3116 3117 3188
f 3117 3189 3188
f 3117 3118 3189
f 3118 3190 3189
f 3118 3119 3190
f 3119 3191 3190
f 3119 3120 3191
f 3120 3192 3191
f 3120 3121 3192
f 3121 3193 3192
f 3121 3122 3193
f 3122 3194 3193
f 3122 3123 3194
f 3123 3195 3194
f 3123 3124 3195
f 3124 3196 3195
f 3124 3125 3196
f 3125 3197 3196
f 3125 3126 3197
f 3126 3198 3197
f 3126 3127 3198
f 3127 3199 3198
f 3127 3128 3199
f 3128 3200 3199
f 3128 3129 3200
f 3129 3201 3200
f 3129 3130 3201
f 3130 3202 3201
f 3130 3131 3202
f 3131 3203 3202
f 3131 3132 3203
f 3132 3204 3203
f 3132 3133 3204
f 3133 3205 3204
f 3133 3134 3205
f 3134 3206 3205
f 3134 3135 3206
f 3135 3207 3206
f 3135 3136 3207
f 3136 3208 3207
f 3136 3137 3208
f 3137 3209 3208
f 3137 3138 3209
f 3138 3210 3209
f 3138 3139 3210
f 3139 3211 3210
f 3139 3140 3211
f 3140 3212 3211
f 3140 3141 3212
f 3141 3213 3212
f 3141 3142 3213
f 3142 3214 3213
f 3142 3143 3214
f 3143 3215 3214
f 3143 3144 3215
f 3144 3216 3215
f 3144 3145 3216
f 3145 3217 3216
f 3145 3146 3217
f 3146 3218 3217
f 3146 3147 3218
f 3147 3219 3218
f 3147 3148 3219
f 3148 3220 3219
f 3148 3149 3220
f 3149 3221 3220
f 3149 3150 3221
f 3150 3222 3221
f 3150 3151 3222
f 3151 3223 3222
f 3151 3152 3223
f 3152 3224 3223
f 3152 3153 3224
f 3153 3225 3224
f 3153 3154 3225
f 3154 3226 3225
f 3154 3155 3226
f 3155 3227 3226
f 3155 3156 3227
f 3156 3228 3227
f 3156 3157 3228
f 3157 3229 3228
f 3157 3158 3229
f 3158 3230 3229
f 3158 3159 3230
f 3159 3231 3230
f 3159 3160 3231
f 3160 3232 3231
f 3160 3161 3232
f 3161 3233 3232
f 3161 3162 3233
f 3162 3234 3233
f 3162 3163 3234
f 3163 3235 3234
f 3163 3164 3235
f 3164 3236 3235
f 3164 3165 3236
f 3165 3237 3236
f 3165 3166 3237
f 3166 3238 3237
f 3166 3167 3238
f 3167 3239 3238
f 3167 3168 3239
f 3168 3240 3239
f 3168 3097 3240
f 3097 3169 3240
f 3169 3170 3241
f 3170 3242 3241
f 3170 3171 3242
f 3171 3243 3242
f 3171 3172 3243
f 3172 3244 3243
f 3172 3173 3244
f 3173 3245 3244
f 3173 3174 3245
f 3174 3246 3245
f 3174 3175 3246
f 3175 3247 3246
f 3175 3176 3247
f 3176 3248 3247
f 3176 3177 3248
f 3177 3249 3248
f 3177 3178 3249
f 3178 3250 3249
f 3178 3179 3250
f 3179 3251 3250
f 3179 3180 3251
f 3180 3252 3251
f 3180 3181 3252
f 3181 3253 3252
f 3181 3182 3253
f 3182 3254 3253
f 3182 3183 3254
f 3183 3255 3254
f 3183 3184 3255
f 3184 3256 3255
f 3184 3185 3256
f 3185 3257 3256
f 3185 3186 3257
f 3186 3258 3257
f 3186 3187 3258
f 3187 3259 3258
f 3187 3188 3259
f 3188 3260 3259
f 3188 3189 3260
f 3189 3261 3260
f 3189 3190 3261
f 3190 3262 3261
f 3190 3191 3262
f 3191 3263 3262
f 3191 3192 3263
f 3192 3264 3263
f 3192 3193 3264
f 3193 3265 3264
f 3193 3194 3265
f 3194 3266 3265
f 3194 3195 3266
f 3195 3267 3266
f 3195 3196 3267
f 3196 3268 3267
f 3196 3197 3268
f 3197 3269 3268
f 3197 3198 3269
f 3198 3270 3269
f 3198 3199 3270
f 3199 3271 3270
f 3199 3200 3271
f 3200 3272 3271
f 3200 3201 3272
f 3201 3273 3272
f 3201 3202 3273
f 3202 3274 3273
f 3202 3203 3274
f 3203 3275 3274
f 3203 3204 3275
f 3204 3276 3275
f 3204 3205 3276
f 3205 3277 3276
f 3205 3206 3277
f 3206 3278 3277
f 3206 3207 3278
f 3207 3279 3278
f 3207 3208 3279
f 3208 3280 3279
f 3208 3209 3280
f 3209 3281 3280
f 3209 3210 3281
f 3210 3282 3281
f 3210 3211 3282
f 3211 3283 3282
f 3211 3212 3283
f 3212 3284 3283
f 3212 3213 3284
f 3213 3285 3284
f 3213 3214 3285
f 3214 3286 3285
f 3214 3215 3286
f 3215 3287 3286
f 3215 3216 3287
f 3216 3288 3287
f 3216 3217 3288
f 3217 3289 3288
f 3217 3218 3289
f 3218 3290 3289
f 3218 3219 3290
f 3219 3291 3290
f 3219 3220 3291
f 3220 3292 3291
f 3220 3221 3292
f 3221 3293 3292
f 3221 3222 3293
f 3222 3294 3293
f 3222 3223 3294
f 3223 3295 3294
f 3223 3224 3295
f 3224 3296 3295
f 3224 3225 3296
f 3225 3297 3296
f 3225 3226 3297
f 3226 3298 3297
f 3226 3227 3298
f 3227 3299 3298
f 3227 3228 3299
f 3228 3300 3299
f 3228 3229 3300
f 3229 3301 3300
f 3229 3230 3301
f 3230 3302 3301
f 3230 3231 3302
f 3231 3303 3302
f 3231 3232 3303
f 3232 3304 3303
f 3232 3233 3304
f 3233 3305 3304
f 3233 3234 3305
f 3234 3306 3305
f 3234 3235 3306
f 3235 3307 3306
f 3235 3236 3307
f 3236 3308 3307
f 3236 3237 3308
f 3237 3309 3308
f 3237 3238 3309
f 3238 3310 3309
f 3238 3239 3310
f 3239 3311 3310
f 3239 3240 3311
f 3240 3312 3311
f 3240 3169 3312
f 3169 3241 3312
f 3241 3242 3313
f 3242 3314 3313
f 3242 3243 3314
f 3243 3315 3314
f 3243 3244 3315
f 3244 3316 3315
f 3244 3245 3316
f 3245 3317 3316
f 3245 3246 3317
f 3246 3318 3317
f 3246 3247 3318
f 3247 3319 3318
f 3247 3248 3319
f 3248 3320 3319
f 3248 3249 3320
f 3249 3321 3320
f 3249 3250 3321
f 3250 3322 3321
f 3250 3251 3322
f 3251 3323 3322
f 3251 3252 3323
f 3252 3324 3323
f 3252 3253 3324
f 3253 3325 3324
f 3253 3254 3325
f 3254 3326 3325
f 3254 3255 3326
f 3255 3327 3326
f 3255 3256 3327
f 3256 3328 3327
f 3256 3257 3328
f 3257 3329 3328
f 3257 3258 3329
f 3258 3330 3329
f 3258 3259 3330
f 3259 3331 3330
f 3259 3260 3331
f 3260 3332 3331
f 3260 3261 3332
f 3261 3333 3332
f 3261 3262 3333
f 3262 3334 3333
f 3262 3263 3334
f 3263 3335 3334
f 3263 3264 3335
f 3264 3336 3335
f 3264 3265 3336
f 3265 3337 3336
f 3265 3266 3337
f 3266 3338 3337
f 3266 3267 3338
f 3267 3339 3338
f 3267 3268 3339
f 3268 3340 3339
f 3268 3269 3340
f 3269 3341 3340
f 3269 3270 3341
f 3270 3342 3341
f 3270 3271 3342
f 3271 3343 3342
f 3271 3272 3343
f 3272 3344 3343
f 3272 3273 3344
f 3273 3345 3344
f 3273 3274 3345
f 3274 3346 3345
f 3274 3275 3346
f 3275 3347 3346
f 3275 3276 3347
f 3276 3348 3347
f 3276 3277 3348
f 3277 3349 3348
f 3277 3278 3349
f 3278 3350 3349
f 3278 3279 3350
f 3279 3351 3350
f 3279 3280 3351
f 3280 3352 3351
f 3280 3281 3352
f 3281 3353 3352
f 3281 3282 3353
f 3282 3354 3353
f 3282 3283 3354
f 3283 3355 3354
f 3283 3284 3355
f 3284 3356 3355
f 3284 3285 3356
f 3285 3357 3356
f 3285 3286 3357
f 3286 3358 3357
f 3286 3287 3358
f 3287 3359 3358
f 3287 3288 3359
f 3288 3360 3359
f 3288 3289 3360
f 3289 3361 3360
f 3289 3290 3361
f 3290 3362 3361
f 3290 3291 3362
f 3291 3363 3362
f 3291 3292 3363
f 3292 3364 3363
f 3292 3293 3364
f 3293 3365 3364
f 3293 3294 3365
f 3294 3366 3365
f 3294 3295 3366
f 3295 3367 3366
f 3295 3296 3367
f 3296 3368 3367
f 3296 3297 3368
f 3297 3369 3368
f 3297 3298 3369
f 3298 3370 3369
f 3298 3299 3370
f 3299 3371 3370
f 3299 3300 3371
f 3300 3372 3371
f 3300 3301 3372
f 3301 3373 3372
f 3301 3302 3373
f 3302 3374 3373
f 3302 3303 3374
f 3303 3375 3374
f 3303 3304 3375
f 3304 3376 3375
f 3304 3305 3376
f 3305 3377 3376
f 3305 3306 3377
f 3306 3378 3377
f 3306 3307 3378
f 3307 3379 3378
f 3307 3308 3379
f 3308 3380 3379
f 3308 3309 3380
f 3309 3381 3380
f 3309 3310 3381
f 3310 3382 3381
f 3310 3311 3382
f 3311 3383 3382
f 3311 3312 3383
f 3312 3384 3383
f 3312 3241 3384
f 3241 3313 3384
f 3313 3314 3385
f 3314 3386 3385
f 3314 3315 3386
f 3315 3387 3386
f 3315 3316 3387
f 3316 3388 3387
f 3316 3317 3388
f 3317 3389 3388
f 3317 3318 3389
f 3318 3390 3389
f 3318 3319 3390
f 3319 3391 3390
f 3319 3320 3391
f 3320 3392 3391
f 3320 3321 3392
f 3321 3393 3392
f 3321 3322 3393
f 3322 3394 3393
f 3322 3323 3394
f 3323 3395 3394
f 3323 3324 3395
f 3324 3396 3395
f 3324 3325 3396
f 3325 3397 3396
f 3325 3326 3397
f 3326 3398 3397
f 3326 3327 3398
f 3327 3399 3398
f 3327 3328 3399
f 3328 3400 3399
f 3328 3329 3400
f 3329 3401 3400
f 3329 3330 3401
f 3330 3402 3401
f 3330 3331 3402
f 3331 3403 3402
f 3331 3332 3403
f 3332 3404 3403
f 3332 3333 3404
f 3333 3405 3404
f 3333 3334 3405
f 3334 3406 3405
f 3334 3335 3406
f 3335 3407 3406
f 3335 3336 3407
f 3336 3408 3407
f 3336 3337 3408
f 3337 3409 3408
f 3337 3338 3409
f 3338 3410 3409
f 3338 3339 3410
f 3339 3411 3410
f 3339 3340 3411
f 3340 3412 3411
f 3340 3341 3412
f 3341 3413 3412
f 3341 3342 3413
f 3342 3414 3413
f 3342 3343 3414
f 3343 3415 3414
f 3343 3344 3415
f 3344 3416 3415
f 3344 3345 3416
f 3345 3417 3416
f 3345 3346 3417
f 3346 3418 3417
f 3346 3347 3418
f 3347 3419 3418
f 3347 3348 3419
f 3348 3420 3419
f 3348 3349 3420
f 3349 3421 3420
f 3349 3350 3421
f 3350 3422 3421
f 3350 3351 3422
f 3351 3423 3422
f 3351 3352 3423
f 3352 3424 3423
f 3352 3353 3424
f 3353 3425 3424
f 3353 3354 3425
f 3354 3426 3425
f 3354 3355 3426
f 3355 3427 3426
f 3355 3356 3427
f 3356 3428 3427
f 3356 3357 3428
f 3357 3429 3428
f 3357 3358 3429
f 3358 3430 3429
f 3358 3359 3430
f 3359 3431 3430
f 3359 3360 3431
f 3360 3432 3431
f 3360 3361 3432
f 3361 3433 3432
f 3361 3362 3433
f 3362 3434 3433
f 3362 3363 3434
f 3363 3435 3434
f 3363 3364 3435
f 3364 3436 3435
f 3364 3365 3436
f 3365 3437 3436
f 3365 3366 3437
f 3366 3438 3437
f 3366 3367 3438
f 3367 3439 3438
f 3367 3368 3439
f 3368 3440 3439
f 3368 3369 3440
f 3369 3441 3440
f 3369 3370 3441
f 3370 3442 3441
f 3370 3371 3442
f 3371 3443 3442
f 3371 3372 3443
f 3372 3444 3443
f 3372 3373 3444
f 3373 3445 3444
f 3373 3374 3445
f 3374 3446 3445
f 3374 3375 3446
f 3375 3447 3446
f 3375 3376 3447
f 3376 3448 3447
f 3376 3377 3448
f 3377 3449 3448
f 3377 3378 3449
f 3378 3450 3449
f 3378 3379 3450
f 3379 3451 3450
f 3379 3380 3451
f 3380 3452 3451
f 3380 3381 3452
f 3381 3453 3452
f 3381 3382 3453
f 3382 3454 3453
f 3382 3383 3454
f 3383 3455 3454
f 3383 3384 3455
f 3384 3456 3455
f 3384 3313 3456
f 3313 3385 3456
f 3385 3386 3457
f 3386 3458 3457
f 3386 3387 3458
f 3387 3459 3458
f 3387 3388 3459
f 3388 3460 3459
f 3388 3389 3460
f 3389 3461 3460
f 3389 3390 3461
f 3390 3462 3461
f 3390 3391 3462
f 3391 3463 3462
f 3391 3392 3463
f 3392 3464 3463
f 3392 3393 3464
f 3393 3465 3464
f 3393 3394 3465
f 3394 3466 3465
f 3394 3395 3466
f 3395 3467 3466
f 3395 3396 3467
f 3396 3468 3467
f 3396 3397 3468
f 3397 3469 3468
f 3397 3398 3469
f 3398 3470 3469
f 3398 3399 3470
f 3399 3471 3470
f 3399 3400 3471
f 3400 3472 3471
f 3400 3401 3472
f 3401 3473 3472
f 3401 3402 3473
f 3402 3474 3473
f 3402 3403 3474
f 3403 3475 3474
f 3403 3404 3475
f 3404 3476 3475
f 3404 3405 3476
f 3405 3477 3476
f 3405 3406 3477
f 3406 3478 3477
f 3406 3407 3478
f 3407 3479 3478
f 3407 3408 3479
f 3408 3480 3479
f 3408 3409 3480
f 3409 3481 3480
f 3409 3410 3481
f 3410 3482 3481
f 3410 3411 3482
f 3411 3483 3482
f 3411 3412 3483
f 3412 3484 3483
f 3412 3413 3484
f 3413 3485 3484
f 3413 3414 3485
f 3414 3486 3485
f 3414 3415 3486
f 3415 3487 3486
f 3415 3416 3487
f 3416 3488 3487
f 3416 3417 3488
f 3417 3489 3488
f 3417 3418 3489
f 3418 3490 3489
f 3418 3419 3490
f 3419 3491 3490
f 3419 3420 3491
f 3420 3492 3491
f 3420 3421 3492
f 3421 3493 3492
f 3421 3422 3493
f 3422 3494 3493
f 3422 3423 3494
f 3423 3495 3494
f 3423 3424 3495
f 3424 3496 3495
f 3424 3425 3496
f 3425 3497 3496
f 3425 3426 3497
f 3426 3498 3497
f 3426 3427 3498
f 3427 3499 3498
f 3427 3428 3499
f 3428 3500 3499
f 3428 3429 3500
f 3429 3501 3500
f 3429 3430 3501
f 3430 3502 3501
f 3430 3431 3502
f 3431 3503 3502
f 3431 3432 3503
f 3432 3504 3503
f 3432 3433 3504
f 3433 3505 3504
f 3433 3434 3505
f 3434 3506 3505
f 3434 3435 3506
f 3435 3507 3506
f 3435 3436 3507
f 3436 3508 3507
f 3436 3437 3508
f 3437 3509 3508
f 3437 3438 3509
f 3438 3510 3509
f 3438 3439 3510
f 3439 3511 3510
f 3439 3440 3511
f 3440 3512 3511
f 3440 3441 3512
f 3441 3513 3512
f 3441 3442 3513
f 3442 3514 3513
f 3442 3443 3514
f 3443 3515 3514
f 3443 3444 3515
f 3444 3516 3515
f 3444 3445 3516
f 3445 3517 3516
f 3445 3446 3517
f 3446 3518 3517
f 3446 3447 3518
f 3447 3519 3518
f 3447 3448 3519
f 3448 3520 3519
f 3448 3449 3520
f 3449 3521 3520
f 3449 3450 3521
f 3450 3522 3521
f 3450 3451 3522
f 3451 3523 3522
f 3451 3452 3523
f 3452 3524 3523
f 3452 3453 3524
f 3453 3525 3524
f 3453 3454 3525
f 3454 3526 3525
f 3454 3455 3526
f 3455 3527 3526
f 3455 3456 3527
f 3456 3528 3527
f 3456 3385 3528
f 3385 3457 3528
f 3457 3458 3529
f 3458 3530 3529
f 3458 3459 3530
f 3459 3531 3530
f 3459 3460 3531
f 3460 3532 3531
f 3460 3461 3532
f 3461 3533 3532
f 3461 3462 3533
f 3462 3534 3533
f 3462 3463 3534
f 3463 3535 3534
f 3463 3464 3535
f 3464 3536 3535
f 3464 3465 3536
f 3465 3537 3536
f 3465 3466 3537
f 3466 3538 3537
f 3466 3467 3538
f 3467 3539 3538
f 3467 3468 3539
f 3468 3540 3539
f 3468 3469 3540
f 3469 3541 3540
f 3469 3470 3541
f 3470 3542 3541
f 3470 3471 3542
f 3471 3543 3542
f 3471 3472 3543
f 3472 3544 3543
f 3472 3473 3544
f 3473 3545 3544
f 3473 3474 3545
f 3474 3546 3545
f 3474 3475 3546
f 3475 3547 3546
f 3475 3476 3547
f 3476 3548 3547
f 3476 3477 3548
f 3477 3549 3548
f 3477 3478 3549
f 3478 3550 3549
f 3478 3479 3550
f 3479 3551 3550
f 3479 3480 3551
f 3480 3552 3551
f 3480 3481 3552
f 3481 3553 3552
f 3481 3482 3553
f 3482 3554 3553
f 3482 3483 3554
f 3483 3555 3554
f 3483 3484 3555
f 3484 3556 3555
f 3484 3485 3556
f 3485 3557 3556
f 3485 3486 3557
f 3486 3558 3557
f 3486 3487 3558
f 3487 3559 3558
f 3487 3488 3559
f 3488 3560 3559
f 3488 3489 3560
f 3489 3561 3560
f 3489 3490 3561
f 3490 3562 3561
f 3490 3491 3562
f 3491 3563 3562
f 3491 3492 3563
f 3492 3564 3563
f 3492 3493 3564
f 3493 3565 3564
f 3493 3494 3565
f 3494 3566 3565
f 3494 3495 3566
f 3495 3567 3566
f 3495 3496 3567
f 3496 3568 3567
f 3496 3497 3568
f 3497 3569 3568
f 3497 3498 3569
f 3498 3570 3569
f 3498 3499 3570
f 3499 3571 3570
f 3499 3500 3571
f 3500 3572 3571
f 3500 3501 3572
f 3501 3573 3572
f 3501 3502 3573
f 3502 3574 3573
f 3502 3503 3574
f 3503 3575 3574
f 3503 3504 3575
f 3504 3576 3575
f 3504 3505 3576
f 3505 3577 3576
f 3505 3506 3577
f 3506 3578 3577
f 3506 3507 3578
f 3507 3579 3578
f 3507 3508 3579
f 3508 3580 3579
f 3508 3509 3580
f 3509 3581 3580
f 3509 3510 3581
f 3510 3582 3581
f 3510 3511 3582
f 3511 3583 3582
f 3511 3512 3583
f 3512 3584 3583
f 3512 3513 3584
f 3513 3585 3584
f 3513 3514 3585
f 3514 3586 3585
f 3514 3515 3586
f 3515 3587 3586
f 3515 3516 3587
f 3516 3588 3587
f 3516 3517 3588
f 3517 3589 3588
f 3517 3518 3589
f 3518 3590 3589
f 3518 3519 3590
f 3519 3591 3590
f 3519 3520 3591
f 3520 3592 3591
f 3520 3521 3592
f 3521 3593 3592
f 3521 3522 3593
f 3522 3594 3593
f 3522 3523 3594
f 3523 3595 3594
f 3523 3524 3595
f 3524 3596 3595
f 3524 3525 3596
f 3525 3597 3596
f 3525 3526 3597
f 3526 3598 3597
f 3526 3527 3598
f 3527 3599 3598
f 3527 3528 3599
f 3528 3600 3599
f 3528 3457 3600
f 3457 3529 3600
f 3529 3530 3601
f 3530 3602 3601
f 3530 3531 3602
f 3531 3603 3602
f 3531 3532 3603
f 3532 3604 3603
f 3532 3533 3604
f 3533 3605 3604
f 3533 3534 3605
f 3534 3606 3605
f 3534 3535 3606
f 3535 3607 3606
f 3535 3536 3607
f 3536 3608 3607
f 3536 3537 3608
f 3537 3609 3608
f 3537 3538 3609
f 3538 3610 3609
f 3538 3539 3610
f 3539 3611 3610
f 3539 3540 3611
f 3540 3612 3611
f 3540 3541 3612
f 3541 3613 3612
f 3541 3542 3613
f 3542 3614 3613
f 3542 3543 3614
f 3543 3615 3614
f 3543 3544 3615
f 3544 3616 3615
f 3544 3545 3616
f 3545 3617 3616
f 3545 3546 3617
f 3546 3618 3617
f 3546 3547 3618
f 3547 3619 3618
f 3547 3548 3619
f 3548 3620 3619
f 3548 3549 3620
f 3549 3621 3620
f 3549 3550 3621
f 3550 3622 3621
f 3550 3551 3622
f 3551 3623 3622
f 3551 3552 3623
f 3552 3624 3623
f 3552 3553 3624
f 3553 3625 3624
f 3553 3554 3625
f 3554 3626 3625
f 3554 3555 3626
f 3555 3627 3626
f 3555 3556 3627
f 3556 3628 3627
f 3556 3557 3628
f 3557 3629 3628
f 3557 3558 3629
f 3558 3630 3629
f 3558 3559 3630
f 3559 3631 3630
f 3559 3560 3631
f 3560 3632 3631
f 3560 3561 3632
f 3561 3633 3632
f 3561 3562 3633
f 3562 3634 3633
f 3562 3563 3634
f 3563 3635 3634
f 3563 3564 3635
f 3564 3636 3635
f 3564 3565 3636
f 3565 3637 3636
f 3565 3566 3637
f 3566 3638 3637
f 3566 3567 3638
f 3567 3639 3638
f 3567 3568 3639
f 3568 3640 3639
f 3568 3569 3640
f 3569 3641 3640
f 3569 3570 3641
f 3570 3642 3641
f 3570 3571 3642
f 3571 3643 3642
f 3571 3572 3643
f 3572 3644 3643
f 3572 3573 3644
f 3573 3645 3644
f 3573 3574 3645
f 3574 3646 3645
f 3574 3575 3646
f 3575 3647 3646
f 3575 3576 3647
f 3576 3648 3647
f 3576 3577 3648
f 3577 3649 3648
f 3577 3578 3649
f 3578 3650 3649
f 3578 3579 3650
f 3579 3651 3650
f 3579 3580 3651
f 3580 3652 3651
f 3580 3581 3652
f 3581 3653 3652
f 3581 3582 3653
f 3582 3654 3653
f 3582 3583 3654
f 3583 3655 3654
f 3583 3584 3655
f 3584 3656 3655
f 3584 3585 3656
f 3585 3657 3656
f 3585 3586 3657
f 3586 3658 3657
f 3586 3587 3658
f 3587 3659 3658
f 3587 3588 3659
f 3588 3660 3659
f 3588 3589 3660
f 3589 3661 3660
f 3589 3590 3661
f 3590 3662 3661
f 3590 3591 3662
f 3591 3663 3662
f 3591 3592 3663
f 3592 3664 3663
f 3592 3593 3664
f 3593 3665 3664
f 3593 3594 3665
f 3594 3666 3665
f 3594 3595 3666
f 3595 3667 3666
f 3595 3596 3667
f 3596 3668 3667
f 3596 3597 3668
f 3597 3669 3668
f 3597 3598 3669
f 3598 3670 3669
f 3598 3599 3670
f 3599 3671 3670
f 3599 3600 3671
f 3600 3672 3671
f 3600 3529 3672
f 3529 3601 3672
f 3601 3602 3673
f 3602 3674 3673
f 3602 3603 3674
f 3603 3675 3674
f 3603 3604 3675
f 3604 3676 3675
f 3604 3605 3676
f 3605 3677 3676
f 3605 3606 3677
f 3606 3678 3677
f 3606 3607 3678
f 3607 3679 3678
f 3607 3608 3679
f 3608 3680 3679
f 3608 3609 3680
f 3609 3681 3680
f 3609 3610 3681
f 3610 3682 3681
f 3610 3611 3682
f 3611 3683 3682
f 3611 3612 3683
f 3612 3684 3683
f 3612 3613 3684
f 3613 3685 3684
f 3613 3614 3685
f 3614 3686 3685
f 3614 3615 3686
f 3615 3687 3686
f 3615 3616 3687
f 3616 3688 3687
f 3616 3617 3688
f 3617 3689 3688
f 3617 3618 3689
f 3618 3690 3689
f 3618 3619 3690
f 3619 3691 3690
f 3619 3620 3691
f 3620 3692 3691
f 3620 3621 3692
f 3621 3693 3692
f 3621 3622 3693
f 3622 3694 3693
f 3622 3623 3694
f 3623 3695 3694
f 3623 3624 3695
f 3624 3696 3695
f 3624 3625 3696
f 3625 3697 3696
f 3625 3626 3697
f 3626 3698 3697
f 3626 3627 3698
f 3627 3699 3698
f 3627 3628 3699
f 3628 3700 3699
f 3628 3629 3700
f 3629 3701 3700
f 3629 3630 3701
f 3630 3702 3701
f 3630 3631 3702
f 3631 3703 3702
f 3631 3632 3703
f 3632 3704 3703
f 3632 3633 3704
f 3633 3705 3704
f 3633 3634 3705
f 3634 3706 3705
f 3634 3635 3706
f 3635 3707 3706
f 3635 3636 3707
f 3636 3708 3707
f 3636 3637 3708
f 3637 3709 3708
f 3637 3638 3709
f 3638 3710 3709
f 3638 3639 3710
f 3639 3711 3710
f 3639 3640 3711
f 3640 3712 3711
f 3640 3641 3712
f 3641 3713 3712
f 3641 3642 3713
f 3642 3714 3713
f 3642 3643 3714
f 3643 3715 3714
f 3643 3644 3715
f 3644 3716 3715
f 3644 3645 3716
f 3645 3717 3716
f 3645 3646 3717
f 3646 3718 3717
f 3646 3647 3718
f 3647 3719 3718
f 3647 3648 3719
f 3648 3720 3719
f 3648 3649 3720
f 3649 3721 3720
f 3649 3650 3721
f 3650 3722 3721
f 3650 3651 3722
f 3651 3723 3722
f 3651 3652 3723
f 3652 3724 3723
f 3652 3653 3724
f 3653 3725 3724
f 3653 3654 3725
f 3654 3726 3725
f 3654 3655 3726
f 3655 3727 3726
f 3655 3656 3727
f 3656 3728 3727
f 3656 3657 3728
f 3657 3729 3728
f 3657 3658 3729
f 3658 3730 3729
f 3658 3659 3730
f 3659 3731 3730
f 3659 3660 3731
f 3660 3732 3731
f 3660 3661 3732
f 3661 3733 3732
f 3661 3662 3733
f 3662 3734 3733
f 3662 3663 3734
f 3663 3735 3734
f 3663 3664 3735
f 3664 3736 3735
f 3664 3665 3736
f 3665 3737 3736
f 3665 3666 3737
f 3666 3738 3737
f 3666 3667 3738
f 3667 3739 3738
f 3667 3668 3739
f 3668 3740 3739
f 3668 3669 3740
f 3669 3741 3740
f 3669 3670 3741
f 3670 3742 3741
f 3670 3671 3742
f 3671 3743 3742
f 3671 3672 3743
f 3672 3744 3743
f 3672 3601 3744
f 3601 3673 3744
f 3673 3674 3745
f 3674 3746 3745
f 3674 3675 3746
f 3675 3747 3746
f 3675 3676 3747
f 3676 3748 3747
f 3676 3677 3748
f 3677 3749 3748
f 3677 3678 3749
f 3678 3750 3749
f 3678 3679 3750
f 3679 3751 3750
f 3679 3680 3751
f 3680 3752 3751
f 3680 3681 3752
f 3681 3753 3752
f 3681 3682 3753
f 3682 3754 3753
f 3682 3683 3754
f 3683 3755 3754
f 3683 3684 3755
f 3684 3756 3755
f 3684 3685 3756
f 3685 3757 3756
f 3685 3686 3757
f 3686 3758 3757
f 3686 3687 3758
f 3687 3759 3758
f 3687 3688 3759
f 3688 3760 3759
f 3688 3689 3760
f 3689 3761 3760
f 3689 3690 3761
f 3690 3762 3761
f 3690 3691 3762
f 3691 3763 3762
f 3691 3692 3763
f 3692 3764 3763
f 3692 3693 3764
f 3693 3765 3764
f 3693 3694 3765
f 3694 3766 3765
f 3694 3695 3766
f 3695 3767 3766
f 3695 3696 3767
f 3696 3768 3767
f 3696 3697 3768
f 3697 3769 3768
f 3697 3698 3769
f 3698 3770 3769
f 3698 3699 3770
f 3699 3771 3770
f 3699 3700 3771
f 3700 3772 3771
f 3700 3701 3772
f 3701 3773 3772
f 3701 3702 3773
f 3702 3774 3773
f 3702 3703 3774
f 3703 3775 3774
f 3703 3704 3775
f 3704 3776 3775
f 3704 3705 3776
f 3705 3777 3776
f 3705 3706 3777
f 3706 3778 3777
f 3706 3707 3778
f 3707 3779 3778
f 3707 3708 3779
f 3708 3780 3779
f 3708 3709 3780
f 3709 3781 3780
f 3709 3710 3781
f 3710 3782 3781
f 3710 3711 3782
f 3711 3783 3782
f 3711 3712 3783
f 3712 3784 3783
f 3712 3713 3784
f 3713 3785 3784
f 3713 3714 3785
f 3714 3786 3785
f 3714 3715 3786
f 3715 3787 3786
f 3715 3716 3787
f 3716 3788 3787
f 3716 3717 3788
f 3717 3789 3788
f 3717 3718 3789
f 3718 3790 3789
f 3718 3719 3790
f 3719 3791 3790
f 3719 3720 3791
f 3720 3792 3791
f 3720 3721 3792
f 3721 3793 3792
f 3721 3722 3793
f 3722 3794 3793
f 3722 3723 3794
f 3723 3795 3794
f 3723 3724 3795
f 3724 3796 3795
f 3724 3725 3796
f 3725 3797 3796
f 3725 3726 3797
f 3726 3798 3797
f 3726 3727 3798
f 3727 3799 3798
f 3727 3728 3799
f 3728 3800 3799
f 3728 3729 3800
f 3729 3801 3800
f 3729 3730 3801
f 3730 3802 3801
f 3730 3731 3802
f 3731 3803 3802
f 3731 3732 3803
f 3732 3804 3803
f 3732 3733 3804
f 3733 3805 3804
f 3733 3734 3805
f 3734 3806 3805
f 3734 3735 3806
f 3735 3807 3806
f 3735 3736 3807
f 3736 3808 3807
f 3736 3737 3808
f 3737 3809 3808
f 3737 3738 3809
f 3738 3810 3809
f 3738 3739 3810
f 3739 3811 3810
f 3739 3740 3811
f 3740 3812 3811
f 3740 3741 3812
f 3741 3813 3812
f 3741 3742 3813
f 3742 3814 3813
f 3742 3743 3814
f 3743 3815 3814
f 3743 3744 3815
f 3744 3816 3815
f 3744 3673 3816
f 3673 3745 3816
f 3745 3746 3817
f 3746 3818 3817
f 3746 3747 3818
f 3747 3819 3818
f 3747 3748 3819
f 3748 3820 3819
f 3748 3749 3820
f 3749 3821 3820
f 3749 3750 3821
f 3750 3822 3821
f 3750 3751 3822
f 3751 3823 3822
f 3751 3752 3823
f 3752 3824 3823
f 3752 3753 3824
f 3753 3825 3824
f 3753 3754 3825
f 3754 3826 3825
f 3754 3755 3826
f 3755 3827 3826
f 3755 3756 3827
f 3756 3828 3827
f 3756 3757 3828
f 3757 3829 3828
f 3757 3758 3829
f 3758 3830 3829
f 3758 3759 3830
f 3759 3831 3830
f 3759 3760 3831
f 3760 3832 3831
f 3760 3761 3832
f 3761 3833 3832
f 3761 3762 3833
f 3762 3834 3833
f 3762 3763 3834
f 3763 3835 3834
f 3763 3764 3835
f 3764 3836 3835
f 3764 3765 3836
f 3765 3837 3836
f 3765 3766 3837
f 3766 3838 3837
f 3766 3767 3838
f 3767 3839 3838
f 3767 3768 3839
f 3768 3840 3839
f 3768 3769 3840
f 3769 3841 3840
f 3769 3770 3841
f 3770 3842 3841
f 3770 3771 3842
f 3771 3843 3842
f 3771 3772 3843
f 3772 3844 3843
f 3772 3773 3844
f 3773 3845 3844
f 3773 3774 3845
f 3774 3846 3845
f 3774 3775 3846
f 3775 3847 3846
f 3775 3776 3847
f 3776 3848 3847
f 3776 3777 3848
f 3777 3849 3848
f 3777 3778 3849
f 3778 3850 3849
f 3778 3779 3850
f 3779 3851 3850
f 3779 3780 3851
f 3780 3852 3851
f 3780 3781 3852
f 3781 3853 3852
f 3781 3782 3853
f 3782 3854 3853
f 3782 3783 3854
f 3783 3855 3854
f 3783 3784 3855
f 3784 3856 3855
f 3784 3785 3856
f 3785 3857 3856
f 3785 3786 3857
f 3786 3858 3857
f 3786 3787 3858
f 3787 3859 3858
f 3787 3788 3859
f 3788 3860 3859
f 3788 3789 3860
f 3789 3861 3860
f 3789 3790 3861
f 3790 3862 3861
f 3790 3791 3862
f 3791 3863 3862
f 3791 3792 3863
f 3792 3864 3863
f 3792 3793 3864
f 3793 3865 3864
f 3793 3794 3865
f 3794 3866 3865
f 3794 3795 3866
f 3795 3867 3866
f 3795 3796 3867
f 3796 3868 3867
f 3796 3797 3868
f 3797 3869 3868
f 3797 3798 3869
f 3798 3870 3869
f 3798 3799 3870
f 3799 3871 3870
f 3799 3800 3871
f 3800 3872 3871
f 3800 3801 3872
f 3801 3873 3872
f 3801 3802 3873
f 3802 3874 3873
f 3802 3803 3874
f 3803 3875 3874
f 3803 3804 3875
f 3804 3876 3875
f 3804 3805 3876
f 3805 3877 3876
f 3805 3806 3877
f 3806 3878 3877
f 3806 3807 3878
f 3807 3879 3878
f 3807 3808 3879
f 3808 3880 3879
f 3808 3809 3880
f 3809 3881 3880
f 3809 3810 3881
f 3810 3882 3881
f 3810 3811 3882
f 3811 3883 3882
f 3811 3812 3883
f 3812 3884 3883
f 3812 3813 3884
f 3813 3885 3884
f 3813 3814 3885
f 3814 3886 3885
f 3814 3815 3886
f 3815 3887 3886
f 3815 3816 3887
f 3816 3888 3887
f 3816 3745 3888
f 3745 3817 3888
f 3817 3818 3889
f 3818 3890 3889
f 3818 3819 3890
f 3819 3891 3890
f 3819 3820 3891
f 3820 3892 3891
f 3820 3821 3892
f 3821 3893 3892
f 3821 3822 3893
f 3822 3894 3893
f 3822 3823 3894
f 3823 3895 3894
f 3823 3824 3895
f 3824 3896 3895
f 3824 3825 3896
f 3825 3897 3896
f 3825 3826 3897
f 3826 3898 3897
f 3826 3827 3898
f 3827 3899 3898
f 3827 3828 3899
f 3828 3900 3899
f 3828 3829 3900
f 3829 3901 3900
f 3829 3830 3901
f 3830 3902 3901
f 3830 3831 3902
f 3831 3903 3902
f 3831 3832 3903
f 3832 3904 3903
f 3832 3833 3904
f 3833 3905 3904
f 3833 3834 3905
f 3834 3906 3905
f 3834 3835 3906
f 3835 3907 3906
f 3835 3836 3907
f 3836 3908 3907
f 3836 3837 3908
f 3837 3909 3908
f 3837 3838 3909
f 3838 3910 3909
f 3838 3839 3910
f 3839 3911 3910
f 3839 3840 3911
f 3840 3912 3911
f 3840 3841 3912
f 3841 3913 3912
f 3841 3842 3913
f 3842 3914 3913
f 3842 3843 3914
f 3843 3915 3914
f 3843 3844 3915
f 3844 3916 3915
f 3844 3845 3916
f 3845 3917 3916
f 3845 3846 3917
f 3846 3918 3917
f 3846 3847 3918
f 3847 3919 3918
f 3847 3848 3919
f 3848 3920 3919
f 3848 3849 3920
f 3849 3921 3920
f 3849 3850 3921
f 3850 3922 3921
f 3850 3851 3922
f 3851 3923 3922
f 3851 3852 3923
f 3852 3924 3923
f 3852 3853 3924
f 3853 3925 3924
f 3853 3854 3925
f 3854 3926 3925
f 3854 3855 3926
f 3855 3927 3926
f 3855 3856 3927
f 3856 3928 3927
f 3856 3857 3928
f 3857 3929 3928
f 3857 3858 3929
f 3858 3930 3929
f 3858 3859 3930
f 3859 3931 3930
f 3859 3860 3931
f 3860 3932 3931
f 3860 3861 3932
f 3861 3933 3932
f 3861 3862 3933
f 3862 3934 3933
f 3862 3863 3934
f 3863 3935 3934
f 3863 3864 3935
f 3864 3936 3935
f 3864 3865 3936
f 3865 3937 3936
f 3865 3866 3937
f 3866 3938 3937
f 3866 3867 3938
f 3867 3939 3938
f 3867 3868 3939
f 3868 3940 3939
f 3868 3869 3940
f 3869 3941 3940
f 3869 3870 3941
f 3870 3942 3941
f 3870 3871 3942
f 3871 3943 3942
f 3871 3872 3943
f 3872 3944 3943
f 3872 3873 3944
f 3873 3945 3944
f 3873 3874 3945
f 3874 3946 3945
f 3874 3875 3946
f 3875 3947 3946
f 3875 3876 3947
f 3876 3948 3947
f 3876 3877 3948
f 3877 3949 3948
f 3877 3878 3949
f 3878 3950 3949
f 3878 3879 3950
f 3879 3951 3950
f 3879 3880 3951
f 3880 3952 3951
f 3880 3881 3952
f 3881 3953 3952
f 3881 3882 3953
f 3882 3954 3953
f 3882 3883 3954
f 3883 3955 3954
f 3883 3884 3955
f 3884 3956 3955
f 3884 3885 3956
f 3885 3957 3956
f 3885 3886 3957
f 3886 3958 3957
f 3886 3887 3958
f 3887 3959 3958
f 3887 3888 3959
f 3888 3960 3959
f 3888 3817 3960
f 3817 3889 3960
f 3889 3890 3961
f 3890 3962 3961
f 3890 3891 3962
f 3891 3963 3962
f 3891 3892 3963
f 3892 3964 3963
f 3892 3893 3964
f 3893 3965 3964
f 3893 3894 3965
f 3894 3966 3965
f 3894 3895 3966
f 3895 3967 3966
f 3895 3896 3967
f 3896 3968 3967
f 3896 3897 3968
f 3897 3969 3968
f 3897 3898 3969
f 3898 3970 3969
f 3898 3899 3970
f 3899 3971 3970
f 3899 3900 3971
f 3900 3972 3971
f 3900 3901 3972
f 3901 3973 3972
f 3901 3902 3973
f 3902 3974 3973
f 3902 3903 3974
f 3903 3975 3974
f 3903 3904 3975
f 3904 3976 3975
f 3904 3905 3976
f 3905 3977 3976
f 3905 3906 3977
f 3906 3978 3977
f 3906 3907 3978
f 3907 3979 3978
f 3907 3908 3979
f 3908 3980 3979
f 3908 3909 3980
f 3909 3981 3980
f 3909 3910 3981
f 3910 3982 3981
f 3910 3911 3982
f 3911 3983 3982
f 3911 3912 3983
f 3912 3984 3983
f 3912 3913 3984
f 3913 3985 3984
f 3913 3914 3985
f 3914 3986 3985
f 3914 3915 3986
f 3915 3987 3986
f 3915 3916 3987
f 3916 3988 3987
f 3916 3917 3988
f 3917 3989 3988
f 3917 3918 3989
f 3918 3990 3989
f 3918 3919 3990
f 3919 3991 3990
f 3919 3920 3991
f 3920 3992 3991
f 3920 3921 3992
f 3921 3993 3992
f 3921 3922 3993
f 3922 3994 3993
f 3922 3923 3994
f 3923 3995 3994
f 3923 3924 3995
f 3924 3996 3995
f 3924 3925 3996
f 3925 3997 3996
f 3925 3926 3997
f 3926 3998 3997
f 3926 3927 3998
f 3927 3999 3998
f 3927 3928 3999
f 3928 4000 3999
f 3928 3929 4000
f 3929 4001 4000
f 3929 3930 4001
f 3930 4002 4001
f 3930 3931 4002
f 3931 4003 4002
f 3931 3932 4003
f 3932 4004 4003
f 3932 3933 4004
f 3933 4005 4004
f 3933 3934 4005
f 3934 4006 4005
f 3934 3935 4006
f 3935 4007 4006
f 3935 3936 4007
f 3936 4008 4007
f 3936 3937 4008
f 3937 4009 4008
f 3937 3938 4009
f 3938 4010 4009
f 3938 3939 4010
f 3939 4011 4010
f 3939 3940 4011
f 3940 4012 4011
f 3940 3941 4012
f 3941 4013 4012
f 3941 3942 4013
f 3942 4014 4013
f 3942 3943 4014
f 3943 4015 4014
f 3943 3944 4015
f 3944 4016 4015
f 3944 3945 4016
f 3945 4017 4016
f 3945 3946 4017
f 3946 4018 4017
f 3946 3947 4018
f 3947 4019 4018
f 3947 3948 4019
f 3948 4020 4019
f 3948 3949 4020
f 3949 4021 4020
f 3949 3950 4021
f 3950 4022 4021
f 3950 3951 4022
f 3951 4023 4022
f 3951 3952 4023
f 3952 4024 4023
f 3952 3953 4024
f 3953 4025 4024
f 3953 3954 4025
f 3954 4026 4025
f 3954 3955 4026
f 3955 4027 4026
f 3955 3956 4027
f 3956 4028 4027
f 3956 3957 4028
f 3957 4029 4028
f 3957 3958 4029
f 3958 4030 4029
f 3958 3959 4030
f 3959 4031 4030
f 3959 3960 4031
f 3960 4032 4031
f 3960 3889 4032
f 3889 3961 4032
f 3961 3962 4033
f 3962 4034 4033
f 3962 3963 4034
f 3963 4035 4034
f 3963 3964 4035
f 3964 4036 4035
f 3964 3965 4036
f 3965 4037 4036
f 3965 3966 4037
f 3966 4038 4037
f 3966 3967 4038
f 3967 4039 4038
f 3967 3968 4039
f 3968 4040 4039
f 3968 3969 4040
f 3969 4041 4040
f 3969 3970 4041
f 3970 4042 4041
f 3970 3971 4042
f 3971 4043 4042
f 3971 3972 4043
f 3972 4044 4043
f 3972 3973 4044
f 3973 4045 4044
f 3973 3974 4045
f 3974 4046 4045
f 3974 3975 4046
f 3975 4047 4046
f 3975 3976 4047
f 3976 4048 4047
f 3976 3977 4048
f 3977 4049 4048
f 3977 3978 4049
f 3978 4050 4049
f 3978 3979 4050
f 3979 4051 4050
f 3979 3980 4051
f 3980 4052 4051
f 3980 3981 4052
f 3981 4053 4052
f 3981 3982 4053
f 3982 4054 4053
f 3982 3983 4054
f 3983 4055 4054
f 3983 3984 4055
f 3984 4056 4055
f 3984 3985 4056
f 3985 4057 4056
f 3985 3986 4057
f 3986 4058 4057
f 3986 3987 4058
f 3987 4059 4058
f 3987 3988 4059
f 3988 4060 4059
f 3988 3989 4060
f 3989 4061 4060
f 3989 3990 4061
f 3990 4062 4061
f 3990 3991 4062
f 3991 4063 4062
f 3991 3992 4063
f 3992 4064 4063
f 3992 3993 4064
f 3993 4065 4064
f 3993 3994 4065
f 3994 4066 4065
f 3994 3995 4066
f 3995 4067 4066
f 3995 3996 4067
f 3996 4068 4067
f 3996 3997 4068
f 3997 4069 4068
f 3997 3998 4069
f 3998 4070 4069
f 3998 3999 4070
f 3999 4071 4070
f 3999 4000 4071
f 4000 4072 4071
f 4000 4001 4072
f 4001 4073 4072
f 4001 4002 4073
f 4002 4074 4073
f 4002 4003 4074
f 4003 4075 4074
f 4003 4004 4075
f 4004 4076 4075
f 4004 4005 4076
f 4005 4077 4076
f 4005 4006 4077
f 4006 4078 4077
f 4006 4007 4078
f 4007 4079 4078
f 4007 4008 4079
f 4008 4080 4079
f 4008 4009 4080
f 4009 4081 4080
f 4009 4010 4081
f 4010 4082 4081
f 4010 4011 4082
f 4011 4083 4082
f 4011 4012 4083
f 4012 4084 4083
f 4012 4013 4084
f 4013 4085 4084
f 4013 4014 4085
f 4014 4086 4085
f 4014 4015 4086
f 4015 4087 4086
f 4015 4016 4087
f 4016 4088 4087
f 4016 4017 4088
f 4017 4089 4088
f 4017 4018 4089
f 4018 4090 4089
f 4018 4019 4090
f 4019 4091 4090
f 4019 4020 4091
f 4020 4092 4091
f 4020 4021 4092
f 4021 4093 4092
f 4021 4022 4093
f 4022 4094 4093
f 4022 4023 4094
f 4023 4095 4094
f 4023 4024 4095
f 4024 4096 4095
f 4024 4025 4096
f 4025 4097 4096
f 4025 4026 4097
f 4026 4098 4097
f 4026 4027 4098
f 4027 4099 4098
f 4027 4028 4099
f 4028 4100 4099
f 4028 4029 4100
f 4029 4101 4100
f 4029 4030 4101
f 4030 4102 4101
f 4030 4031 4102
f 4031 4103 4102
f 4031 4032 4103
f 4032 4104 4103
f 4032 3961 4104
f 3961 4033 4104
f 4033 4034 4105
f 4034 4106 4105
f 4034 4035 4106
f 4035 4107 4106
f 4035 4036 4107
f 4036 4108 4107
f 4036 4037 4108
f 4037 4109 4108
f 4037 4038 4109
f 4038 4110 4109
f 4038 4039 4110
f 4039 4111 4110
f 4039 4040 4111
f 4040 4112 4111
f 4040 4041 4112
f 4041 4113 4112
f 4041 4042 4113
f 4042 4114 4113
f 4042 4043 4114
f 4043 4115 4114
f 4043 4044 4115
f 4044 4116 4115
f 4044 4045 4116
f 4045 4117 4116
f 4045 4046 4117
f 4046 4118 4117
f 4046 4047 4118
f 4047 4119 4118
f 4047 4048 4119
f 4048 4120 4119
f 4048 4049 4120
f 4049 4121 4120
f 4049 4050 4121
f 4050 4122 4121
f 4050 4051 4122
f 4051 4123 4122
f 4051 4052 4123
f 4052 4124 4123
f 4052 4053 4124
f 4053 4125 4124
f 4053 4054 4125
f 4054 4126 4125
f 4054 4055 4126
f 4055 4127 4126
f 4055 4056 4127
f 4056 4128 4127
f 4056 4057 4128
f 4057 4129 4128
f 4057 4058 4129
f 4058 4130 4129
f 4058 4059 4130
f 4059 4131 4130
f 4059 4060 4131
f 4060 4132 4131
f 4060 4061 4132
f 4061 4133 4132
f 4061 4062 4133
f 4062 4134 4133
f 4062 4063 4134
f 4063 4135 4134
f 4063 4064 4135
f 4064 4136 4135
f 4064 4065 4136
f 4065 4137 4136
f 4065 4066 4137
f 4066 4138 4137
f 4066 4067 4138
f 4067 4139 4138
f 4067 4068 4139
f 4068 4140 4139
f 4068 4069 4140
f 4069 4141 4140
f 4069 4070 4141
f 4070 4142 4141
f 4070 4071 4142
f 4071 4143 4142
f 4071 4072 4143
f 4072 4144 4143
f 4072 4073 4144
f 4073 4145 4144
f 4073 4074 4145
f 4074 4146 4145
f 4074 4075 4146
f 4075 4147 4146
f 4075 4076 4147
f 4076 4148 4147
f 4076 4077 4148
f 4077 4149 4148
f 4077 4078 4149
f 4078 4150 4149
f 4078 4079 4150
f 4079 4151 4150
f 4079 4080 4151
f 4080 4152 4151
f 4080 4081 4152
f 4081 4153 4152
f 4081 4082 4153
f 4082 4154 4153
f 4082 4083 4154
f 4083 4155 4154
f 4083 4084 4155
f 4084 4156 4155
f 4084 4085 4156
f 4085 4157 4156
f 4085 4086 4157
f 4086 4158 4157
f 4086 4087 4158
f 4087 4159 4158
f 4087 4088 4159
f 4088 4160 4159
f 4088 4089 4160
f 4089 4161 4160
f 4089 4090 4161
f 4090 4162 4161
f 4090 4091 4162
f 4091 4163 4162
f 4091 4092 4163
f 4092 4164 4163
f 4092 4093 4164
f 4093 4165 4164
f 4093 4094 4165
f 4094 4166 4165
f 4094 4095 4166
f 4095 4167 4166
f 4095 4096 4167
f 4096 4168 4167
f 4096 4097 4168
f 4097 4169 4168
f 4097 4098 4169
f 4098 4170 4169
f 4098 4099 4170
f 4099 4171 4170
f 4099 4100 4171
f 4100 4172 4171
f 4100 4101 4172
f 4101 4173 4172
f 4101 4102 4173
f 4102 4174 4173
f 4102 4103 4174
f 4103 4175 4174
f 4103 4104 4175
f 4104 4176 4175
f 4104 4033 4176
f 4033 4105 4176
f 4105 4106 4177
f 4106 4178 4177
f 4106 4107 4178
f 4107 4179 4178
f 4107 4108 4179
f 4108 4180 4179
f 4108 4109 4180
f 4109 4181 4180
f 4109 4110 4181
f 4110 4182 4181
f 4110 4111 4182
f 4111 4183 4182
f 4111 4112 4183
f 4112 4184 4183
f 4112 4113 4184
f 4113 4185 4184
f 4113 4114 4185
f 4114 4186 4185
f 4114 4115 4186
f 4115 4187 4186
f 4115 4116 4187
f 4116 4188 4187
f 4116 4117 4188
f 4117 4189 4188
f 4117 4118 4189
f 4118 4190 4189
f 4118 4119 4190
f 4119 4191 4190
f 4119 4120 4191
f 4120 4192 4191
f 4120 4121 4192
f 4121 4193 4192
f 4121 4122 4193
f 4122 4194 4193
f 4122 4123 4194
f 4123 4195 4194
f 4123 4124 4195
f 4124 4196 4195
f 4124 4125 4196
f 4125 4197 4196
f 4125 4126 4197
f 4126 4198 4197
f 4126 4127 4198
f 4127 4199 4198
f 4127 4128 4199
f 4128 4200 4199
f 4128 4129 4200
f 4129 4201 4200
f 4129 4130 4201
f 4130 4202 4201
f 4130 4131 4202
f 4131 4203 4202
f 4131 4132 4203
f 4132 4204 4203
f 4132 4133 4204
f 4133 4205 4204
f 4133 4134 4205
f 4134 4206 4205
f 4134 4135 4206
f 4135 4207 4206
f 4135 4136 4207
f 4136 4208 4207
f 4136 4137 4208
f 4137 4209 4208
f 4137 4138 4209
f 4138 4210 4209
f 4138 4139 4210
f 4139 4211 4210
f 4139 4140 4211
f 4140 4212 4211
f 4140 4141 4212
f 4141 4213 4212
f 4141 4142 4213
f 4142 4214 4213
f 4142 4143 4214
f 4143 4215 4214
f 4143 4144 4215
f 4144 4216 4215
f 4144 4145 4216
f 4145 4217 4216
f 4145 4146 4217
f 4146 4218 4217
f 4146 4147 4218
f 4147 4219 4218
f 4147 4148 4219
f 4148 4220 4219
f 4148 4149 4220
f 4149 4221 4220
f 4149 4150 4221
f 4150 4222 4221
f 4150 4151 4222
f 4151 4223 4222
f 4151 4152 4223
f 4152 4224 4223
f 4152 4153 4224
f 4153 4225 4224
f 4153 4154 4225
f 4154 4226 4225
f 4154 4155 4226
f 4155 4227 4226
f 4155 4156 4227
f 4156 4228 4227
f 4156 4157 4228
f 4157 4229 4228
f 4157 4158 4229
f 4158 4230 4229
f 4158 4159 4230
f 4159 4231 4230
f 4159 4160 4231
f 4160 4232 4231
f 4160 4161 4232
f 4161 4233 4232
f 4161 4162 4233
f 4162 4234 4233
f 4162 4163 4234
f 4163 4235 4234
f 4163 4164 4235
f 4164 4236 4235
f 4164 4165 4236
f 4165 4237 4236
f 4165 4166 4237
f 4166 4238 4237
f 4166 4167 4238
f 4167 4239 4238
f 4167 4168 4239
f 4168 4240 4239
f 4168 4169 4240
f 4169 4241 4240
f 4169 4170 4241
f 4170 4242 4241
f 4170 4171 4242
f 4171 4243 4242
f 4171 4172 4243
f 4172 4244 4243
f 4172 4173 4244
f 4173 4245 4244
f 4173 4174 4245
f 4174 4246 4245
f 4174 4175 4246
f 4175 4247 4246
f 4175 4176 4247
f 4176 4248 4247
f 4176 4105 4248
f 4105 4177 4248
f 4177 4178 4249
f 4178 4250 4249
f 4178 4179 4250
f 4179 4251 4250
f 4179 4180 4251
f 4180 4252 4251
f 4180 4181 4252
f 4181 4253 4252
f 4181 4182 4253
f 4182 4254 4253
f 4182 4183 4254
f 4183 4255 4254
f 4183 4184 4255
f 4184 4256 4255
f 4184 4185 4256
f 4185 4257 4256
f 4185 4186 4257
f 4186 4258 4257
f 4186 4187 4258
f 4187 4259 4258
f 4187 4188 4259
f 4188 4260 4259
f 4188 4189 4260
f 4189 4261 4260
f 4189 4190 4261
f 4190 4262 4261
f 4190 4191 4262
f 4191 4263 4262
f 4191 4192 4263
f 4192 4264 4263
f 4192 4193 4264
f 4193 4265 4264
f 4193 4194 4265
f 4194 4266 4265
f 4194 4195 4266
f 4195 4267 4266
f 4195 4196 4267
f 4196 4268 4267
f 4196 4197 4268
f 4197 4269 4268
f 4197 4198 4269
f 4198 4270 4269
f 4198 4199 4270
f 4199 4271 4270
f 4199 4200 4271
f 4200 4272 4271
f 4200 4201 4272
f 4201 4273 4272
f 4201 4202 4273
f 4202 4274 4273
f 4202 4203 4274
f 4203 4275 4274
f 4203 4204 4275
f 4204 4276 4275
f 4204 4205 4276
f 4205 4277 4276
f 4205 4206 4277
f 4206 4278 4277
f 4206 4207 4278
f 4207 4279 4278
f 4207 4208 4279
f 4208 4280 4279
f 4208 4209 4280
f 4209 4281 4280
f 4209 4210 4281
f 4210 4282 4281
f 4210 4211 4282
f 4211 4283 4282
f 4211 4212 4283
f 4212 4284 4283
f 4212 4213 4284
f 4213 4285 4284
f 4213 4214 4285
f 4214 4286 4285
f 4214 4215 4286
f 4215 4287 4286
f 4215 4216 4287
f 4216 4288 4287
f 4216 4217 4288
f 4217 4289 4288
f 4217 4218 4289
f 4218 4290 4289
f 4218 4219 4290
f 4219 4291 4290
f 4219 4220 4291
f 4220 4292 4291
f 4220 4221 4292
f 4221 4293 4292
f 4221 4222 4293
f 4222 4294 4293
f 4222 4223 4294
f 4223 4295 4294
f 4223 4224 4295
f 4224 4296 4295
f 4224 4225 4296
f 4225 4297 4296
f 4225 4226 4297
f 4226 4298 4297
f 4226 4227 4298
f 4227 4299 4298
f 4227 4228 4299
f 4228 4300 4299
f 4228 4229 4300
f 4229 4301 4300
f 4229 4230 4301
f 4230 4302 4301
f 4230 4231 4302
f 4231 4303 4302
f 4231 4232 4303
f 4232 4304 4303
f 4232 4233 4304
f 4233 4305 4304
f 4233 4234 4305
f 4234 4306 4305
f 4234 4235 4306
f 4235 4307 4306
f 4235 4236 4307
f 4236 4308 4307
f 4236 4237 4308
f 4237 4309 4308
f 4237 4238 4309
f 4238 4310 4309
f 4238 4239 4310
f 4239 4311 4310
f 4239 4240 4311
f 4240 4312 4311
f 4240 4241 4312
f 4241 4313 4312
f 4241 4242 4313
f 4242 4314 4313
f 4242 4243 4314
f 4243 4315 4314
f 4243 4244 4315
f 4244 4316 4315
f 4244 4245 4316
f 4245 4317 4316
f 4245 4246 4317
f 4246 4318 4317
f 4246 4247 4318
f 4247 4319 4318
f 4247 4248 4319
f 4248 4320 4319
f 4248 4177 4320
f 4177 4249 4320
f 4249 4250 4321
f 4250 4322 4321
f 4250 4251 4322
f 4251 4323 4322
f 4251 4252 4323
f 4252 4324 4323
f 4252 4253 4324
f 4253 4325 4324
f 4253 4254 4325
f 4254 4326 4325
f 4254 4255 4326
f 4255 4327 4326
f 4255 4256 4327
f 4256 4328 4327
f 4256 4257 4328
f 4257 4329 4328
f 4257 4258 4329
f 4258 4330 4329
f 4258 4259 4330
f 4259 4331 4330
f 4259 4260 4331
f 4260 4332 4331
f 4260 4261 4332
f 4261 4333 4332
f 4261 4262 4333
f 4262 4334 4333
f 4262 4263 4334
f 4263 4335 4334
f 4263 4264 4335
f 4264 4336 4335
f 4264 4265 4336
f 4265 4337 4336
f 4265 4266 4337
f 4266 4338 4337
f 4266 4267 4338
f 4267 4339 4338
f 4267 4268 4339
f 4268 4340 4339
f 4268 4269 4340
f 4269 4341 4340
f 4269 4270 4341
f 4270 4342 4341
f 4270 4271 4342
f 4271 4343 4342
f 4271 4272 4343
f 4272 4344 4343
f 4272 4273 4344
f 4273 4345 4344
f 4273 4274 4345
f 4274 4346 4345
f 4274 4275 4346
f 4275 4347 4346
f 4275 4276 4347
f 4276 4348 4347
f 4276 4277 4348
f 4277 4349 4348
f 4277 4278 4349
f 4278 4350 4349
f 4278 4279 4350
f 4279 4351 4350
f 4279 4280 4351
f 4280 4352 4351
f 4280 4281 4352
f 4281 4353 4352
f 4281 4282 4353
f 4282 4354 4353
f 4282 4283 4354
f 4283 4355 4354
f 4283 4284 4355
f 4284 4356 4355
f 4284 4285 4356
f 4285 4357 4356
f 4285 4286 4357
f 4286 4358 4357
f 4286 4287 4358
f 4287 4359 4358
f 4287 4288 4359
f 4288 4360 4359
f 4288 4289 4360
f 4289 4361 4360
f 4289 4290 4361
f 4290 4362 4361
f 4290 4291 4362
f 4291 4363 4362
f 4291 4292 4363
f 4292 4364 4363
f 4292 4293 4364
f 4293 4365 4364
f 4293 4294 4365
f 4294 4366 4365
f 4294 4295 4366
f 4295 4367 4366
f 4295 4296 4367
f 4296 4368 4367
f 4296 4297 4368
f 4297 4369 4368
f 4297 4298 4369
f 4298 4370 4369
f 4298 4299 4370
f 4299 4371 4370
f 4299 4300 4371
f 4300 4372 4371
f 4300 4301 4372
f 4301 4373 4372
f 4301 4302 4373
f 4302 4374 4373
f 4302 4303 4374
f 4303 4375 4374
f 4303 4304 4375
f 4304 4376 4375
f 4304 4305 4376
f 4305 4377 4376
f 4305 4306 4377
f 4306 4378 4377
f 4306 4307 4378
f 4307 4379 4378
f 4307 4308 4379
f 4308 4380 4379
f 4308 4309 4380
f 4309 4381 4380
f 4309 4310 4381
f 4310 4382 4381
f 4310 4311 4382
f 4311 4383 4382
f 4311 4312 4383
f 4312 4384 4383
f 4312 4313 4384
f 4313 4385 4384
f 4313 4314 4385
f 4314 4386 4385
f 4314 4315 4386
f 4315 4387 4386
f 4315 4316 4387
f 4316 4388 4387
f 4316 4317 4388
f 4317 4389 4388
f 4317 4318 4389
f 4318 4390 4389
f 4318 4319 4390
f 4319 4391 4390
f 4319 4320 4391
f 4320 4392 4391
f 4320 4249 4392
f 4249 4321 4392
f 4321 4322 4393
f 4322 4394 4393
f 4322 4323 4394
f 4323 4395 4394
f 4323 4324 4395
f 4324 4396 4395
f 4324 4325 4396
f 4325 4397 4396
f 4325 4326 4397
f 4326 4398 4397
f 4326 4327 4398
f 4327 4399 4398
f 4327 4328 4399
f 4328 4400 4399
f 4328 4329 4400
f 4329 4401 4400
f 4329 4330 4401
f 4330 4402 4401
f 4330 4331 4402
f 4331 4403 4402
f 4331 4332 4403
f 4332 4404 4403
f 4332 4333 4404
f 4333 4405 4404
f 4333 4334 4405
f 4334 4406 4405
f 4334 4335 4406
f 4335 4407 4406
f 4335 4336 4407
f 4336 4408 4407
f 4336 4337 4408
f 4337 4409 4408
f 4337 4338 4409
f 4338 4410 4409
f 4338 4339 4410
f 4339 4411 4410
f 4339 4340 4411
f 4340 4412 4411
f 4340 4341 4412
f 4341 4413 4412
f 4341 4342 4413
f 4342 4414 4413
f 4342 4343 4414
f 4343 4415 4414
f 4343 4344 4415
f 4344 4416 4415
f 4344 4345 4416
f 4345 4417 4416
f 4345 4346 4417
f 4346 4418 4417
f 4346 4347 4418
f 4347 4419 4418
f 4347 4348 4419
f 4348 4420 4419
f 4348 4349 4420
f 4349 4421 4420
f 4349 4350 4421
f 4350 4422 4421
f 4350 4351 4422
f 4351 4423 4422
f 4351 4352 4423
f 4352 4424 4423
f 4352 4353 4424
f 4353 4425 4424
f 4353 4354 4425
f 4354 4426 4425
f 4354 4355 4426
f 4355 4427 4426
f 4355 4356 4427
f 4356 4428 4427
f 4356 4357 4428
f 4357 4429 4428
f 4357 4358 4429
f 4358 4430 4429
f 4358 4359 4430
f 4359 4431 4430
f 4359 4360 4431
f 4360 4432 4431
f 4360 4361 4432
f 4361 4433 4432
f 4361 4362 4433
f 4362 4434 4433
f 4362 4363 4434
f 4363 4435 4434
f 4363 4364 4435
f 4364 4436 4435
f 4364 4365 4436
f 4365 4437 4436
f 4365 4366 4437
f 4366 4438 4437
f 4366 4367 4438
f 4367 4439 4438
f 4367 4368 4439
f 4368 4440 4439
f 4368 4369 4440
f 4369 4441 4440
f 4369 4370 4441
f 4370 4442 4441
f 4370 4371 4442
f 4371 4443 4442
f 4371 4372 4443
f 4372 4444 4443
f 4372 4373 4444
f 4373 4445 4444
f 4373 4374 4445
f 4374 4446 4445
f 4374 4375 4446
f 4375 4447 4446
f 4375 4376 4447
f 4376 4448 4447
f 4376 4377 4448
f 4377 4449 4448
f 4377 4378 4449
f 4378 4450 4449
f 4378 4379 4450
f 4379 4451 4450
f 4379 4380 4451
f 4380 4452 4451
f 4380 4381 4452
f 4381 4453 4452
f 4381 4382 4453
f 4382 4454 4453
f 4382 4383 4454
f 4383 4455 4454
f 4383 4384 4455
f 4384 4456 4455
f 4384 4385 4456
f 4385 4457 4456
f 4385 4386 4457
f 4386 4458 4457
f 4386 4387 4458
f 4387 4459 4458
f 4387 4388 4459
f 4388 4460 4459
f 4388 4389 4460
f 4389 4461 4460
f 4389 4390 4461
f 4390 4462 4461
f 4390 4391 4462
f 4391 4463 4462
f 4391 4392 4463
f 4392 4464 4463
f 4392 4321 4464
f 4321 4393 4464
f 4393 4394 4465
f 4394 4466 4465
f 4394 4395 4466
f 4395 4467 4466
f 4395 4396 4467
f 4396 4468 4467
f 4396 4397 4468
f 4397 4469 4468
f 4397 4398 4469
f 4398 4470 4469
f 4398 4399 4470
f 4399 4471 4470
f 4399 4400 4471
f 4400 4472 4471
f 4400 4401 4472
f 4401 4473 4472
f 4401 4402 4473
f 4402 4474 4473
f 4402 4403 4474
f 4403 4475 4474
f 4403 4404 4475
f 4404 4476 4475
f 4404 4405 4476
f 4405 4477 4476
f 4405 4406 4477
f 4406 4478 4477
f 4406 4407 4478
f 4407 4479 4478
f 4407 4408 4479
f 4408 4480 4479
f 4408 4409 4480
f 4409 4481 4480
f 4409 4410 4481
f 4410 4482 4481
f 4410 4411 4482
f 4411 4483 4482
f 4411 4412 4483
f 4412 4484 4483
f 4412 4413 4484
f 4413 4485 4484
f 4413 4414 4485
f 4414 4486 4485
f 4414 4415 4486
f 4415 4487 4486
f 4415 4416 4487
f 4416 4488 4487
f 4416 4417 4488
f 4417 4489 4488
f 4417 4418 4489
f 4418 4490 4489
f 4418 4419 4490
f 4419 4491 4490
f 4419 4420 4491
f 4420 4492 4491
f 4420 4421 4492
f 4421 4493 4492
f 4421 4422 4493
f 4422 4494 4493
f 4422 4423 4494
f 4423 4495 4494
f 4423 4424 4495
f 4424 4496 4495
f 4424 4425 4496
f 4425 4497 4496
f 4425 4426 4497
f 4426 4498 4497
f 4426 4427 4498
f 4427 4499 4498
f 4427 4428 4499
f 4428 4500 4499
f 4428 4429 4500
f 4429 4501 4500
f 4429 4430 4501
f 4430 4502 4501
f 4430 4431 4502
f 4431 4503 4502
f 4431 4432 4503
f 4432 4504 4503
f 4432 4433 4504
f 4433 4505 4504
f 4433 4434 4505
f 4434 4506 4505
f 4434 4435 4506
f 4435 4507 4506
f 4435 4436 4507
f 4436 4508 4507
f 4436 4437 4508
f 4437 4509 4508
f 4437 4438 4509
f 4438 4510 4509
f 4438 4439 4510
f 4439 4511 4510
f 4439 4440 4511
f 4440 4512 4511
f 4440 4441 4512
f 4441 4513 4512
f 4441 4442 4513
f 4442 4514 4513
f 4442 4443 4514
f 4443 4515 4514
f 4443 4444 4515
f 4444 4516 4515
f 4444 4445 4516
f 4445 4517 4516
f 4445 4446 4517
f 4446 4518 4517
f 4446 4447 4518
f 4447 4519 4518
f 4447 4448 4519
f 4448 4520 4519
f 4448 4449 4520
f 4449 4521 4520
f 4449 4450 4521
f 4450 4522 4521
f 4450 4451 4522
f 4451 4523 4522
f 4451 4452 4523
f 4452 4524 4523
f 4452 4453 4524
f 4453 4525 4524
f 4453 4454 4525
f 4454 4526 4525
f 4454 4455 4526
f 4455 4527 4526
f 4455 4456 4527
f 4456 4528 4527
f 4456 4457 4528
f 4457 4529 4528
f 4457 4458 4529
f 4458 4530 4529
f 4458 4459 4530
f 4459 4531 4530
f 4459 4460 4531
f 4460 4532 4531
f 4460 4461 4532
f 4461 4533 4532
f 4461 4462 4533
f 4462 4534 4533
f 4462 4463 4534
f 4463 4535 4534
f 4463 4464 4535
f 4464 4536 4535
f 4464 4393 4536
f 4393 4465 4536
f 4465 4466 4537
f 4466 4538 4537
f 4466 4467 4538
f 4467 4539 4538
f 4467 4468 4539
f 4468 4540 4539
f 4468 4469 4540
f 4469 4541 4540
f 4469 4470 4541
f 4470 4542 4541
f 4470 4471 4542
f 4471 4543 4542
f 4471 4472 4543
f 4472 4544 4543
f 4472 4473 4544
f 4473 4545 4544
f 4473 4474 4545
f 4474 4546 4545
f 4474 4475 4546
f 4475 4547 4546
f 4475 4476 4547
f 4476 4548 4547
f 4476 4477 4548
f 4477 4549 4548
f 4477 4478 4549
f 4478 4550 4549
f 4478 4479 4550
f 4479 4551 4550
f 4479 4480 4551
f 4480 4552 4551
f 4480 4481 4552
f 4481 4553 4552
f 4481 4482 4553
f 4482 4554 4553
f 4482 4483 4554
f 4483 4555 4554
f 4483 4484 4555
f 4484 4556 4555
f 4484 4485 4556
f 4485 4557 4556
f 4485 4486 4557
f 4486 4558 4557
f 4486 4487 4558
f 4487 4559 4558
f 4487 4488 4559
f 4488 4560 4559
f 4488 4489 4560
f 4489 4561 4560
f 4489 4490 4561
f 4490 4562 4561
f 4490 4491 4562
f 4491 4563 4562
f 4491 4492 4563
f 4492 4564 4563
f 4492 4493 4564
f 4493 4565 4564
f 4493 4494 4565
f 4494 4566 4565
f 4494 4495 4566
f 4495 4567 4566
f 4495 4496 4567
f 4496 4568 4567
f 4496 4497 4568
f 4497 4569 4568
f 4497 4498 4569
f 4498 4570 4569
f 4498 4499 4570
f 4499 4571 4570
f 4499 4500 4571
f 4500 4572 4571
f 4500 4501 4572
f 4501 4573 4572
f 4501 4502 4573
f 4502 4574 4573
f 4502 4503 4574
f 4503 4575 4574
f 4503 4504 4575
f 4504 4576 4575
f 4504 4505 4576
f 4505 4577 4576
f 4505 4506 4577
f 4506 4578 4577
f 4506 4507 4578
f 4507 4579 4578
f 4507 4508 4579
f 4508 4580 4579
f 4508 4509 4580
f 4509 4581 4580
f 4509 4510 4581
f 4510 4582 4581
f 4510 4511 4582
f 4511 4583 4582
f 4511 4512 4583
f 4512 4584 4583
f 4512 4513 4584
f 4513 4585 4584
f 4513 4514 4585
f 4514 4586 4585
f 4514 4515 4586
f 4515 4587 4586
f 4515 4516 4587
f 4516 4588 4587
f 4516 4517 4588
f 4517 4589 4588
f 4517 4518 4589
f 4518 4590 4589
f 4518 4519 4590
f 4519 4591 4590
f 4519 4520 4591
f 4520 4592 4591
f 4520 4521 4592
f 4521 4593 4592
f 4521 4522 4593
f 4522 4594 4593
f 4522 4523 4594
f 4523 4595 4594
f 4523 4524 4595
f 4524 4596 4595
f 4524 4525 4596
f 4525 4597 4596
f 4525 4526 4597
f 4526 4598 4597
f 4526 4527 4598
f 4527 4599 4598
f 4527 4528 4599
f 4528 4600 4599
f 4528 4529 4600
f 4529 4601 4600
f 4529 4530 4601
f 4530 4602 4601
f 4530 4531 4602
f 4531 4603 4602
f 4531 4532 4603
f 4532 4604 4603
f 4532 4533 4604
f 4533 4605 4604
f 4533 4534 4605
f 4534 4606 4605
f 4534 4535 4606
f 4535 4607 4606
f 4535 4536 4607
f 4536 4608 4607
f 4536 4465 4608
f 4465 4537 4608
f 4537 4538 4609
f 4538 4610 4609
f 4538 4539 4610
f 4539 4611 4610
f 4539 4540 4611
f 4540 4612 4611
f 4540 4541 4612
f 4541 4613 4612
f 4541 4542 4613
f 4542 4614 4613
f 4542 4543 4614
f 4543 4615 4614
f 4543 4544 4615
f 4544 4616 4615
f 4544 4545 4616
f 4545 4617 4616
f 4545 4546 4617
f 4546 4618 4617
f 4546 4547 4618
f 4547 4619 4618
f 4547 4548 4619
f 4548 4620 4619
f 4548 4549 4620
f 4549 4621 4620
f 4549 4550 4621
f 4550 4622 4621
f 4550 4551 4622
f 4551 4623 4622
f 4551 4552 4623
f 4552 4624 4623
f 4552 4553 4624
f 4553 4625 4624
f 4553 4554 4625
f 4554 4626 4625
f 4554 4555 4626
f 4555 4627 4626
f 4555 4556 4627
f 4556 4628 4627
f 4556 4557 4628
f 4557 4629 4628
f 4557 4558 4629
f 4558 4630 4629
f 4558 4559 4630
f 4559 4631 4630
f 4559 4560 4631
f 4560 4632 4631
f 4560 4561 4632
f 4561 4633 4632
f 4561 4562 4633
f 4562 4634 4633
f 4562 4563 4634
f 4563 4635 4634
f 4563 4564 4635
f 4564 4636 4635
f 4564 4565 4636
f 4565 4637 4636
f 4565 4566 4637
f 4566 4638 4637
f 4566 4567 4638
f 4567 4639 4638
f 4567 4568 4639
f 4568 4640 4639
f 4568 4569 4640
f 4569 4641 4640
f 4569 4570 4641
f 4570 4642 4641
f 4570 4571 4642
f 4571 4643 4642
f 4571 4572 4643
f 4572 4644 4643
f 4572 4573 4644
f 4573 4645 4644
f 4573 4574 4645
f 4574 4646 4645
f 4574 4575 4646
f 4575 4647 4646
f 4575 4576 4647
f 4576 4648 4647
f 4576 4577 4648
f 4577 4649 4648
f 4577 4578 4649
f 4578 4650 4649
f 4578 4579 4650
f 4579 4651 4650
f 4579 4580 4651
f 4580 4652 4651
f 4580 4581 4652
f 4581 4653 4652
f 4581 4582 4653
f 4582 4654 4653
f 4582 4583 4654
f 4583 4655 4654
f 4583 4584 4655
f 4584 4656 4655
f 4584 4585 4656
f 4585 4657 4656
f 4585 4586 4657
f 4586 4658 4657
f 4586 4587 4658
f 4587 4659 4658
f 4587 4588 4659
f 4588 4660 4659
f 4588 4589 4660
f 4589 4661 4660
f 4589 4590 4661
f 4590 4662 4661
f 4590 4591 4662
f 4591 4663 4662
f 4591 4592 4663
f 4592 4664 4663
f 4592 4593 4664
f 4593 4665 4664
f 4593 4594 4665
f 4594 4666 4665
f 4594 4595 4666
f 4595 4667 4666
f 4595 4596 4667
f 4596 4668 4667
f 4596 4597 4668
f 4597 4669 4668
f 4597 4598 4669
f 4598 4670 4669
f 4598 4599 4670
f 4599 4671 4670
f 4599 4600 4671
f 4600 4672 4671
f 4600 4601 4672
f 4601 4673 4672
f 4601 4602 4673
f 4602 4674 4673
f 4602 4603 4674
f 4603 4675 4674
f 4603 4604 4675
f 4604 4676 4675
f 4604 4605 4676
f 4605 4677 4676
f 4605 4606 4677
f 4606 4678 4677
f 4606 4607 4678
f 4607 4679 4678
f 4607 4608 4679
f 4608 4680 4679
f 4608 4537 4680
f 4537 4609 4680
f 4609 4610 4681
f 4610 4682 4681
f 4610 4611 4682
f 4611 4683 4682
f 4611 4612 4683
f 4612 4684 4683
f 4612 4613 4684
f 4613 4685 4684
f 4613 4614 4685
f 4614 4686 4685
f 4614 4615 4686
f 4615 4687 4686
f 4615 4616 4687
f 4616 4688 4687
f 4616 4617 4688
f 4617 4689 4688
f 4617 4618 4689
f 4618 4690 4689
f 4618 4619 4690
f 4619 4691 4690
f 4619 4620 4691
f 4620 4692 4691
f 4620 4621 4692
f 4621 4693 4692
f 4621 4622 4693
f 4622 4694 4693
f 4622 4623 4694
f 4623 4695 4694
f 4623 4624 4695
f 4624 4696 4695
f 4624 4625 4696
f 4625 4697 4696
f 4625 4626 4697
f 4626 4698 4697
f 4626 4627 4698
f 4627 4699 4698
f 4627 4628 4699
f 4628 4700 4699
f 4628 4629 4700
f 4629 4701 4700
f 4629 4630 4701
f 4630 4702 4701
f 4630 4631 4702
f 4631 4703 4702
f 4631 4632 4703
f 4632 4704 4703
f 4632 4633 4704
f 4633 4705 4704
f 4633 4634 4705
f 4634 4706 4705
f 4634 4635 4706
f 4635 4707 4706
f 4635 4636 4707
f 4636 4708 4707
f 4636 4637 4708
f 4637 4709 4708
f 4637 4638 4709
f 4638 4710 4709
f 4638 4639 4710
f 4639 4711 4710
f 4639 4640 4711
f 4640 4712 4711
f 4640 4641 4712
f 4641 4713 4712
f 4641 4642 4713
f 4642 4714 4713
f 4642 4643 4714
f 4643 4715 4714
f 4643 4644 4715
f 4644 4716 4715
f 4644 4645 4716
f 4645 4717 4716
f 4645 4646 4717
f 4646 4718 4717
f 4646 4647 4718
f 4647 4719 4718
f 4647 4648 4719
f 4648 4720 4719
f 4648 4649 4720
f 4649 4721 4720
f 4649 4650 4721
f 4650 4722 4721
f 4650 4651 4722
f 4651 4723 4722
f 4651 4652 4723
f 4652 4724 4723
f 4652 4653 4724
f 4653 4725 4724
f 4653 4654 4725
f 4654 4726 4725
f 4654 4655 4726
f 4655 4727 4726
f 4655 4656 4727
f 4656 4728 4727
f 4656 4657 4728
f 4657 4729 4728
f 4657 4658 4729
f 4658 4730 4729
f 4658 4659 4730
f 4659 4731 4730
f 4659 4660 4731
f 4660 4732 4731
f 4660 4661 4732
f 4661 4733 4732
f 4661 4662 4733
f 4662 4734 4733
f 4662 4663 4734
f 4663 4735 4734
f 4663 4664 4735
f 4664 4736 4735
f 4664 4665 4736
f 4665 4737 4736
f 4665 4666 4737
f 4666 4738 4737
f 4666 4667 4738
f 4667 4739 4738
f 4667 4668 4739
f 4668 4740 4739
f 4668 4669 4740
f 4669 4741 4740
f 4669 4670 4741
f 4670 4742 4741
f 4670 4671 4742
f 4671 4743 4742
f 4671 4672 4743
f 4672 4744 4743
f 4672 4673 4744
f 4673 4745 4744
f 4673 4674 4745
f 4674 4746 4745
f 4674 4675 4746
f 4675 4747 4746
f 4675 4676 4747
f 4676 4748 4747
f 4676 4677 4748
f 4677 4749 4748
f 4677 4678 4749
f 4678 4750 4749
f 4678 4679 4750
f 4679 4751 4750
f 4679 4680 4751
f 4680 4752 4751
f 4680 4609 4752
f 4609 4681 4752
f 4681 4682 4753
f 4682 4754 4753
f 4682 4683 4754
f 4683 4755 4754
f 4683 4684 4755
f 4684 4756 4755
f 4684 4685 4756
f 4685 4757 4756
f 4685 4686 4757
f 4686 4758 4757
f 4686 4687 4758
f 4687 4759 4758
f 4687 4688 4759
f 4688 4760 4759
f 4688 4689 4760
f 4689 4761 4760
f 4689 4690 4761
f 4690 4762 4761
f 4690 4691 4762
f 4691 4763 4762
f 4691 4692 4763
f 4692 4764 4763
f 4692 4693 4764
f 4693 4765 4764
f 4693 4694 4765
f 4694 4766 4765
f 4694 4695 4766
f 4695 4767 4766
f 4695 4696 4767
f 4696 4768 4767
f 4696 4697 4768
f 4697 4769 4768
f 4697 4698 4769
f 4698 4770 4769
f 4698 4699 4770
f 4699 4771 4770
f 4699 4700 4771
f 4700 4772 4771
f 4700 4701 4772
f 4701 4773 4772
f 4701 4702 4773
f 4702 4774 4773
f 4702 4703 4774
f 4703 4775 4774
f 4703 4704 4775
f 4704 4776 4775
f 4704 4705 4776
f 4705 4777 4776
f 4705 4706 4777
f 4706 4778 4777
f 4706 4707 4778
f 4707 4779 4778
f 4707 4708 4779
f 4708 4780 4779
f 4708 4709 4780
f 4709 4781 4780
f 4709 4710 4781
f 4710 4782 4781
f 4710 4711 4782
f 4711 4783 4782
f 4711 4712 4783
f 4712 4784 4783
f 4712 4713 4784
f 4713 4785 4784
f 4713 4714 4785
f 4714 4786 4785
f 4714 4715 4786
f 4715 4787 4786
f 4715 4716 4787
f 4716 4788 4787
f 4716 4717 4788
f 4717 4789 4788
f 4717 4718 4789
f 4718 4790 4789
f 4718 4719 4790
f 4719 4791 4790
f 4719 4720 4791
f 4720 4792 4791
f 4720 4721 4792
f 4721 4793 4792
f 4721 4722 4793
f 4722 4794 4793
f 4722 4723 4794
f 4723 4795 4794
f 4723 4724 4795
f 4724 4796 4795
f 4724 4725 4796
f 4725 4797 4796
f 4725 4726 4797
f 4726 4798 4797
f 4726 4727 4798
f 4727 4799 4798
f 4727 4728 4799
f 4728 4800 4799
f 4728 4729 4800
f 4729 4801 4800
f 4729 4730 4801
f 4730 4802 4801
f 4730 4731 4802
f 4731 4803 4802
f 4731 4732 4803
f 4732 4804 4803
f 4732 4733 4804
f 4733 4805 4804
f 4733 4734 4805
f 4734 4806 4805
f 4734 4735 4806
f 4735 4807 4806
f 4735 4736 4807
f 4736 4808 4807
f 4736 4737 4808
f 4737 4809 4808
f 4737 4738 4809
f 4738 4810 4809
f 4738 4739 4810
f 4739 4811 4810
f 4739 4740 4811
f 4740 4812 4811
f 4740 4741 4812
f 4741 4813 4812
f 4741 4742 4813
f 4742 4814 4813
f 4742 4743 4814
f 4743 4815 4814
f 4743 4744 4815
f 4744 4816 4815
f 4744 4745 4816
f 4745 4817 4816
f 4745 4746 4817
f 4746 4818 4817
f 4746 4747 4818
f 4747 4819 4818
f 4747 4748 4819
f 4748 4820 4819
f 4748 4749 4820
f 4749 4821 4820
f 4749 4750 4821
f 4750 4822 4821
f 4750 4751 4822
f 4751 4823 4822
f 4751 4752 4823
f 4752 4824 4823
f 4752 4681 4824
f 4681 4753 4824
f 4753 4754 4825
f 4754 4826 4825
f 4754 4755 4826
f 4755 4827 4826
f 4755 4756 4827
f 4756 4828 4827
f 4756 4757 4828
f 4757 4829 4828
f 4757 4758 4829
f 4758 4830 4829
f 4758 4759 4830
f 4759 4831 4830
f 4759 4760 4831
f 4760 4832 4831
f 4760 4761 4832
f 4761 4833 4832
f 4761 4762 4833
f 4762 4834 4833
f 4762 4763 4834
f 4763 4835 4834
f 4763 4764 4835
f 4764 4836 4835
f 4764 4765 4836
f 4765 4837 4836
f 4765 4766 4837
f 4766 4838 4837
f 4766 4767 4838
f 4767 4839 4838
f 4767 4768 4839
f 4768 4840 4839
f 4768 4769 4840
f 4769 4841 4840
f 4769 4770 4841
f 4770 4842 4841
f 4770 4771 4842
f 4771 4843 4842
f 4771 4772 4843
f 4772 4844 4843
f 4772 4773 4844
f 4773 4845 4844
f 4773 4774 4845
f 4774 4846 4845
f 4774 4775 4846
f 4775 4847 4846
f 4775 4776 4847
f 4776 4848 4847
f 4776 4777 4848
f 4777 4849 4848
f 4777 4778 4849
f 4778 4850 4849
f 4778 4779 4850
f 4779 4851 4850
f 4779 4780 4851
f 4780 4852 4851
f 4780 4781 4852
f 4781 4853 4852
f 4781 4782 4853
f 4782 4854 4853
f 4782 4783 4854
f 4783 4855 4854
f 4783 4784 4855
f 4784 4856 4855
f 4784 4785 4856
f 4785 4857 4856
f 4785 4786 4857
f 4786 4858 4857
f 4786 4787 4858
f 4787 4859 4858
f 4787 4788 4859
f 4788 4860 4859
f 4788 4789 4860
f 4789 4861 4860
f 4789 4790 4861
f 4790 4862 4861
f 4790 4791 4862
f 4791 4863 4862
f 4791 4792 4863
f 4792 4864 4863
f 4792 4793 4864
f 4793 4865 4864
f 4793 4794 4865
f 4794 4866 4865
f 4794 4795 4866
f 4795 4867 4866
f 4795 4796 4867
f 4796 4868 4867
f 4796 4797 4868
f 4797 4869 4868
f 4797 4798 4869
f 4798 4870 4869
f 4798 4799 4870
f 4799 4871 4870
f 4799 4800 4871
f 4800 4872 4871
f 4800 4801 4872
f 4801 4873 4872
f 4801 4802 4873
f 4802 4874 4873
f 4802 4803 4874
f 4803 4875 4874
f 4803 4804 4875
f 4804 4876 4875
f 4804 4805 4876
f 4805 4877 4876
f 4805 4806 4877
f 4806 4878 4877
f 4806 4807 4878
f 4807 4879 4878
f 4807 4808 4879
f 4808 4880 4879
f 4808 4809 4880
f 4809 4881 4880
f 4809 4810 4881
f 4810 4882 4881
f 4810 4811 4882
f 4811 4883 4882
f 4811 4812 4883
f 4812 4884 4883
f 4812 4813 4884
f 4813 4885 4884
f 4813 4814 4885
f 4814 4886 4885
f 4814 4815 4886
f 4815 4887 4886
f 4815 4816 4887
f 4816 4888 4887
f 4816 4817 4888
f 4817 4889 4888
f 4817 4818 4889
f 4818 4890 4889
f 4818 4819 4890
f 4819 4891 4890
f 4819 4820 4891
f 4820 4892 4891
f 4820 4821 4892
f 4821 4893 4892
f 4821 4822 4893
f 4822 4894 4893
f 4822 4823 4894
f 4823 4895 4894
f 4823 4824 4895
f 4824 4896 4895
f 4824 4753 4896
f 4753 4825 4896
f 4825 4826 4897
f 4826 4898 4897
f 4826 4827 4898
f 4827 4899 4898
f 4827 4828 4899
f 4828 4900 4899
f 4828 4829 4900
f 4829 4901 4900
f 4829 4830 4901
f 4830 4902 4901
f 4830 4831 4902
f 4831 4903 4902
f 4831 4832 4903
f 4832 4904 4903
f 4832 4833 4904
f 4833 4905 4904
f 4833 4834 4905
f 4834 4906 4905
f 4834 4835 4906
f 4835 4907 4906
f 4835 4836 4907
f 4836 4908 4907
f 4836 4837 4908
f 4837 4909 4908
f 4837 4838 4909
f 4838 4910 4909
f 4838 4839 4910
f 4839 4911 4910
f 4839 4840 4911
f 4840 4912 4911
f 4840 4841 4912
f 4841 4913 4912
f 4841 4842 4913
f 4842 4914 4913
f 4842 4843 4914
f 4843 4915 4914
f 4843 4844 4915
f 4844 4916 4915
f 4844 4845 4916
f 4845 4917 4916
f 4845 4846 4917
f 4846 4918 4917
f 4846 4847 4918
f 4847 4919 4918
f 4847 4848 4919
f 4848 4920 4919
f 4848 4849 4920
f 4849 4921 4920
f 4849 4850 4921
f 4850 4922 4921
f 4850 4851 4922
f 4851 4923 4922
f 4851 4852 4923
f 4852 4924 4923
f 4852 4853 4924
f 4853 4925 4924
f 4853 4854 4925
f 4854 4926 4925
f 4854 4855 4926
f 4855 4927 4926
f 4855 4856 4927
f 4856 4928 4927
f 4856 4857 4928
f 4857 4929 4928
f 4857 4858 4929
f 4858 4930 4929
f 4858 4859 4930
f 4859 4931 4930
f 4859 4860 4931
f 4860 4932 4931
f 4860 4861 4932
f 4861 4933 4932
f 4861 4862 4933
f 4862 4934 4933
f 4862 4863 4934
f 4863 4935 4934
f 4863 4864 4935
f 4864 4936 4935
f 4864 4865 4936
f 4865 4937 4936
f 4865 4866 4937
f 4866 4938 4937
f 4866 4867 4938
f 4867 4939 4938
f 4867 4868 4939
f 4868 4940 4939
f 4868 4869 4940
f 4869 4941 4940
f 4869 4870 4941
f 4870 4942 4941
f 4870 4871 4942
f 4871 4943 4942
f 4871 4872 4943
f 4872 4944 4943
f 4872 4873 4944
f 4873 4945 4944
f 4873 4874 4945
f 4874 4946 4945
f 4874 4875 4946
f 4875 4947 4946
f 4875 4876 4947
f 4876 4948 4947
f 4876 4877 4948
f 4877 4949 4948
f 4877 4878 4949
f 4878 4950 4949
f 4878 4879 4950
f 4879 4951 4950
f 4879 4880 4951
f 4880 4952 4951
f 4880 4881 4952
f 4881 4953 4952
f 4881 4882 4953
f 4882 4954 4953
f 4882 4883 4954
f 4883 4955 4954
f 4883 4884 4955
f 4884 4956 4955
f 4884 4885 4956
f 4885 4957 4956
f 4885 4886 4957
f 4886 4958 4957
f 4886 4887 4958
f 4887 4959 4958
f 4887 4888 4959
f 4888 4960 4959
f 4888 4889 4960
f 4889 4961 4960
f 4889 4890 4961
f 4890 4962 4961
f 4890 4891 4962
f 4891 4963 4962
f 4891 4892 4963
f 4892 4964 4963
f 4892 4893 4964
f 4893 4965 4964
f 4893 4894 4965
f 4894 4966 4965
f 4894 4895 4966
f 4895 4967 4966
f 4895 4896 4967
f 4896 4968 4967
f 4896 4825 4968
f 4825 4897 4968
f 4897 4898 4969
f 4898 4970 4969
f 4898 4899 4970
f 4899 4971 4970
f 4899 4900 4971
f 4900 4972 4971
f 4900 4901 4972
f 4901 4973 4972
f 4901 4902 4973
f 4902 4974 4973
f 4902 4903 4974
f 4903 4975 4974
f 4903 4904 4975
f 4904 4976 4975
f 4904 4905 4976
f 4905 4977 4976
f 4905 4906 4977
f 4906 4978 4977
f 4906 4907 4978
f 4907 4979 4978
f 4907 4908 4979
f 4908 4980 4979
f 4908 4909 4980
f 4909 4981 4980
f 4909 4910 4981
f 4910 4982 4981
f 4910 4911 4982
f 4911 4983 4982
f 4911 4912 4983
f 4912 4984 4983
f 4912 4913 4984
f 4913 4985 4984
f 4913 4914 4985
f 4914 4986 4985
f 4914 4915 4986
f 4915 4987 4986
f 4915 4916 4987
f 4916 4988 4987
f 4916 4917 4988
f 4917 4989 4988
f 4917 4918 4989
f 4918 4990 4989
f 4918 4919 4990
f 4919 4991 4990
f 4919 4920 4991
f 4920 4992 4991
f 4920 4921 4992
f 4921 4993 4992
f 4921 4922 4993
f 4922 4994 4993
f 4922 4923 4994
f 4923 4995 4994
f 4923 4924 4995
f 4924 4996 4995
f 4924 4925 4996
f 4925 4997 4996
f 4925 4926 4997
f 4926 4998 4997
f 4926 4927 4998
f 4927 4999 4998
f 4927 4928 4999
f 4928 5000 4999
f 4928 4929 5000
f 4929 5001 5000
f 4929 4930 5001
f 4930 5002 5001
f 4930 4931 5002
f 4931 5003 5002
f 4931 4932 5003
f 4932 5004 5003
f 4932 4933 5004
f 4933 5005 5004
f 4933 4934 5005
f 4934 5006 5005
f 4934 4935 5006
f 4935 5007 5006
f 4935 4936 5007
f 4936 5008 5007
f 4936 4937 5008
f 4937 5009 5008
f 4937 4938 5009
f 4938 5010 5009
f 4938 4939 5010
f 4939 5011 5010
f 4939 4940 5011
f 4940 5012 5011
f 4940 4941 5012
f 4941 5013 5012
f 4941 4942 5013
f 4942 5014 5013
f 4942 4943 5014
f 4943 5015 5014
f 4943 4944 5015
f 4944 5016 5015
f 4944 4945 5016
f 4945 5017 5016
f 4945 4946 5017
f 4946 5018 5017
f 4946 4947 5018
f 4947 5019 5018
f 4947 4948 5019
f 4948 5020 5019
f 4948 4949 5020
f 4949 5021 5020
f 4949 4950 5021
f 4950 5022 5021
f 4950 4951 5022
f 4951 5023 5022
f 4951 4952 5023
f 4952 5024 5023
f 4952 4953 5024
f 4953 5025 5024
f 4953 4954 5025
f 4954 5026 5025
f 4954 4955 5026
f 4955 5027 5026
f 4955 4956 5027
f 4956 5028 5027
f 4956 4957 5028
f 4957 5029 5028
f 4957 4958 5029
f 4958 5030 5029
f 4958 4959 5030
f 4959 5031 5030
f 4959 4960 5031
f 4960 5032 5031
f 4960 4961 5032
f 4961 5033 5032
f 4961 4962 5033
f 4962 5034 5033
f 4962 4963 5034
f 4963 5035 5034
f 4963 4964 5035
f 4964 5036 5035
f 4964 4965 5036
f 4965 5037 5036
f 4965 4966 5037
f 4966 5038 5037
f 4966 4967 5038
f 4967 5039 5038
f 4967 4968 5039
f 4968 5040 5039
f 4968 4897 5040
f 4897 4969 5040
f 4969 4970 5041
f 4970 5042 5041
f 4970 4971 5042
f 4971 5043 5042
f 4971 4972 5043
f 4972 5044 5043
f 4972 4973 5044
f 4973 5045 5044
f 4973 4974 5045
f 4974 5046 5045
f 4974 4975 5046
f 4975 5047 5046
f 4975 4976 5047
f 4976 5048 5047
f 4976 4977 5048
f 4977 5049 5048
f 4977 4978 5049
f 4978 5050 5049
f 4978 4979 5050
f 4979 5051 5050
f 4979 4980 5051
f 4980 5052 5051
f 4980 4981 5052
f 4981 5053 5052
f 4981 4982 5053
f 4982 5054 5053
f 4982 4983 5054
f 4983 5055 5054
f 4983 4984 5055
f 4984 5056 5055
f 4984 4985 5056
f 4985 5057 5056
f 4985 4986 5057
f 4986 5058 5057
f 4986 4987 5058
f 4987 5059 5058
f 4987 4988 5059
f 4988 5060 5059
f 4988 4989 5060
f 4989 5061 5060
f 4989 4990 5061
f 4990 5062 5061
f 4990 4991 5062
f 4991 5063 5062
f 4991 4992 5063
f 4992 5064 5063
f 4992 4993 5064
f 4993 5065 5064
f 4993 4994 5065
f 4994 5066 5065
f 4994 4995 5066
f 4995 5067 5066
f 4995 4996 5067
f 4996 5068 5067
f 4996 4997 5068
f 4997 5069 5068
f 4997 4998 5069
f 4998 5070 5069
f 4998 4999 5070
f 4999 5071 5070
f 4999 5000 5071
f 5000 5072 5071
f 5000 5001 5072
f 5001 5073 5072
f 5001 5002 5073
f 5002 5074 5073
f 5002 5003 5074
f 5003 5075 5074
f 5003 5004 5075
f 5004 5076 5075
f 5004 5005 5076
f 5005 5077 5076
f 5005 5006 5077
f 5006 5078 5077
f 5006 5007 5078
f 5007 5079 5078
f 5007 5008 5079
f 5008 5080 5079
f 5008 5009 5080
f 5009 5081 5080
f 5009 5010 5081
f 5010 5082 5081
f 5010 5011 5082
f 5011 5083 5082
f 5011 5012 5083
f 5012 5084 5083
f 5012 5013 5084
f 5013 5085 5084
f 5013 5014 5085
f 5014 5086 5085
f 5014 5015 5086
f 5015 5087 5086
f 5015 5016 5087
f 5016 5088 5087
f 5016 5017 5088
f 5017 5089 5088
f 5017 5018 5089
f 5018 5090 5089
f 5018 5019 5090
f 5019 5091 5090
f 5019 5020 5091
f 5020 5092 5091
f 5020 5021 5092
f 5021 5093 5092
f 5021 5022 5093
f 5022 5094 5093
f 5022 5023 5094
f 5023 5095 5094
f 5023 5024 5095
f 5024 5096 5095
f 5024 5025 5096
f 5025 5097 5096
f 5025 5026 5097
f 5026 5098 5097
f 5026 5027 5098
f 5027 5099 5098
f 5027 5028 5099
f 5028 5100 5099
f 5028 5029 5100
f 5029 5101 5100
f 5029 5030 5101
f 5030 5102 5101
f 5030 5031 5102
f 5031 5103 5102
f 5031 5032 5103
f 5032 5104 5103
f 5032 5033 5104
f 5033 5105 5104
f 5033 5034 5105
f 5034 5106 5105
f 5034 5035 5106
f 5035 5107 5106
f 5035 5036 5107
f 5036 5108 5107
f 5036 5037 5108
f 5037 5109 5108
f 5037 5038 5109
f 5038 5110 5109
f 5038 5039 5110
f 5039 5111 5110
f 5039 5040 5111
f 5040 5112 5111
f 5040 4969 5112
f 4969 5041 5112
f 5041 5042 5113
f 5042 5114 5113
f 5042 5043 5114
f 5043 5115 5114
f 5043 5044 5115
f 5044 5116 5115
f 5044 5045 5116
f 5045 5117 5116
f 5045 5046 5117
f 5046 5118 5117
f 5046 5047 5118
f 5047 5119 5118
f 5047 5048 5119
f 5048 5120 5119
f 5048 5049 5120
f 5049 5121 5120
f 5049 5050 5121
f 5050 5122 5121
f 5050 5051 5122
f 5051 5123 5122
f 5051 5052 5123
f 5052 5124 5123
f 5052 5053 5124
f 5053 5125 5124
f 5053 5054 5125
f 5054 5126 5125
f 5054 5055 5126
f 5055 5127 5126
f 5055 5056 5127
f 5056 5128 5127
f 5056 5057 5128
f 5057 5129 5128
f 5057 5058 5129
f 5058 5130 5129
f 5058 5059 5130
f 5059 5131 5130
f 5059 5060 5131
f 5060 5132 5131
f 5060 5061 5132
f 5061 5133 5132
f 5061 5062 5133
f 5062 5134 5133
f 5062 5063 5134
f 5063 5135 5134
f 5063 5064 5135
f 5064 5136 5135
f 5064 5065 5136
f 5065 5137 5136
f 5065 5066 5137
f 5066 5138 5137
f 5066 5067 5138
f 5067 5139 5138
f 5067 5068 5139
f 5068 5140 5139
f 5068 5069 5140
f 5069 5141 5140
f 5069 5070 5141
f 5070 5142 5141
f 5070 5071 5142
f 5071 5143 5142
f 5071 5072 5143
f 5072 5144 5143
f 5072 5073 5144
f 5073 5145 5144
f 5073 5074 5145
f 5074 5146 5145
f 5074 5075 5146
f 5075 5147 5146
f 5075 5076 5147
f 5076 5148 5147
f 5076 5077 5148
f 5077 5149 5148
f 5077 5078 5149
f 5078 5150 5149
f 5078 5079 5150
f 5079 5151 5150
f 5079 5080 5151
f 5080 5152 5151
f 5080 5081 5152
f 5081 5153 5152
f 5081 5082 5153
f 5082 5154 5153
f 5082 5083 5154
f 5083 5155 5154
f 5083 5084 5155
f 5084 5156 5155
f 5084 5085 5156
f 5085 5157 5156
f 5085 5086 5157
f 5086 5158 5157
f 5086 5087 5158
f 5087 5159 5158
f 5087 5088 5159
f 5088 5160 5159
f 5088 5089 5160
f 5089 5161 5160
f 5089 5090 5161
f 5090 5162 5161
f 5090 5091 5162
f 5091 5163 5162
f 5091 5092 5163
f 5092 5164 5163
f 5092 5093 5164
f 5093 5165 5164
f 5093 5094 5165
f 5094 5166 5165
f 5094 5095 5166
f 5095 5167 5166
f 5095 5096 5167
f 5096 5168 5167
f 5096 5097 5168
f 5097 5169 5168
f 5097 5098 5169
f 5098 5170 5169
f 5098 5099 5170
f 5099 5171 5170
f 5099 5100 5171
f 5100 5172 5171
f 5100 5101 5172
f 5101 5173 5172
f 5101 5102 5173
f 5102 5174 5173
f 5102 5103 5174
f 5103 5175 5174
f 5103 5104 5175
f 5104 5176 5175
f 5104 5105 5176
f 5105 5177 5176
f 5105 5106 5177
f 5106 5178 5177
f 5106 5107 5178
f 5107 5179 5178
f 5107 5108 5179
f 5108 5180 5179
f 5108 5109 5180
f 5109 5181 5180
f 5109 5110 5181
f 5110 5182 5181
f 5110 5111 5182
f 5111 5183 5182
f 5111 5112 5183
f 5112 5184 5183
f 5112 5041 5184
f 5041 5113 5184
f 5113 5114 5185
f 5114 5186 5185
f 5114 5115 5186
f 5115 5187 5186
f 5115 5116 5187
f 5116 5188 5187
f 5116 5117 5188
f 5117 5189 5188
f 5117 5118 5189
f 5118 5190 5189
f 5118 5119 5190
f 5119 5191 5190
f 5119 5120 5191
f 5120 5192 5191
f 5120 5121 5192
f 5121 5193 5192
f 5121 5122 5193
f 5122 5194 5193
f 5122 5123 5194
f 5123 5195 5194
f 5123 5124 5195
f 5124 5196 5195
f 5124 5125 5196
f 5125 5197 5196
f 5125 5126 5197
f 5126 5198 5197
f 5126 5127 5198
f 5127 5199 5198
f 5127 5128 5199
f 5128 5200 5199
f 5128 5129 5200
f 5129 5201 5200
f 5129 5130 5201
f 5130 5202 5201
f 5130 5131 5202
f 5131 5203 5202
f 5131 5132 5203
f 5132 5204 5203
f 5132 5133 5204
f 5133 5205 5204
f 5133 5134 5205
f 5134 5206 5205
f 5134 5135 5206
f 5135 5207 5206
f 5135 5136 5207
f 5136 5208 5207
f 5136 5137 5208
f 5137 5209 5208
f 5137 5138 5209
f 5138 5210 5209
f 5138 5139 5210
f 5139 5211 5210
f 5139 5140 5211
f 5140 5212 5211
f 5140 5141 5212
f 5141 5213 5212
f 5141 5142 5213
f 5142 5214 5213
f 5142 5143 5214
f 5143 5215 5214
f 5143 5144 5215
f 5144 5216 5215
f 5144 5145 5216
f 5145 5217 5216
f 5145 5146 5217
f 5146 5218 5217
f 5146 5147 5218
f 5147 5219 5218
f 5147 5148 5219
f 5148 5220 5219
f 5148 5149 5220
f 5149 5221 5220
f 5149 5150 5221
f 5150 5222 5221
f 5150 5151 5222
f 5151 5223 5222
f 5151 5152 5223
f 5152 5224 5223
f 5152 5153 5224
f 5153 5225 5224
f 5153 5154 5225
f 5154 5226 5225
f 5154 5155 5226
f 5155 5227 5226
f 5155 5156 5227
f 5156 5228 5227
f 5156 5157 5228
f 5157 5229 5228
f 5157 5158 5229
f 5158 5230 5229
f 5158 5159 5230
f 5159 5231 5230
f 5159 5160 5231
f 5160 5232 5231
f 5160 5161 5232
f 5161 5233 5232
f 5161 5162 5233
f 5162 5234 5233
f 5162 5163 5234
f 5163 5235 5234
f 5163 5164 5235
f 5164 5236 5235
f 5164 5165 5236
f 5165 5237 5236
f 5165 5166 5237
f 5166 5238 5237
f 5166 5167 5238
f 5167 5239 5238
f 5167 5168 5239
f 5168 5240 5239
f 5168 5169 5240
f 5169 5241 5240
f 5169 5170 5241
f 5170 5242 5241
f 5170 5171 5242
f 5171 5243 5242
f 5171 5172 5243
f 5172 5244 5243
f 5172 5173 5244
f 5173 5245 5244
f 5173 5174 5245
f 5174 5246 5245
f 5174 5175 5246
f 5175 5247 5246
f 5175 5176 5247
f 5176 5248 5247
f 5176 5177 5248
f 5177 5249 5248
f 5177 5178 5249
f 5178 5250 5249
f 5178 5179 5250
f 5179 5251 5250
f 5179 5180 5251
f 5180 5252 5251
f 5180 5181 5252
f 5181 5253 5252
f 5181 5182 5253
f 5182 5254 5253
f 5182 5183 5254
f 5183 5255 5254
f 5183 5184 5255
f 5184 5256 5255
f 5184 5113 5256
f 5113 5185 5256
f 5185 5186 5257
f 5186 5258 5257
f 5186 5187 5258
f 5187 5259 5258
f 5187 5188 5259
f 5188 5260 5259
f 5188 5189 5260
f 5189 5261 5260
f 5189 5190 5261
f 5190 5262 5261
f 5190 5191 5262
f 5191 5263 5262
f 5191 5192 5263
f 5192 5264 5263
f 5192 5193 5264
f 5193 5265 5264
f 5193 5194 5265
f 5194 5266 5265
f 5194 5195 5266
f 5195 5267 5266
f 5195 5196 5267
f 5196 5268 5267
f 5196 5197 5268
f 5197 5269 5268
f 5197 5198 5269
f 5198 5270 5269
f 5198 5199 5270
f 5199 5271 5270
f 5199 5200 5271
f 5200 5272 5271
f 5200 5201 5272
f 5201 5273 5272
f 5201 5202 5273
f 5202 5274 5273
f 5202 5203 5274
f 5203 5275 5274
f 5203 5204 5275
f 5204 5276 5275
f 5204 5205 5276
f 5205 5277 5276
f 5205 5206 5277
f 5206 5278 5277
f 5206 5207 5278
f 5207 5279 5278
f 5207 5208 5279
f 5208 5280 5279
f 5208 5209 5280
f 5209 5281 5280
f 5209 5210 5281
f 5210 5282 5281
f 5210 5211 5282
f 5211 5283 5282
f 5211 5212 5283
f 5212 5284 5283
f 5212 5213 5284
f 5213 5285 5284
f 5213 5214 5285
f 5214 5286 5285
f 5214 5215 5286
f 5215 5287 5286
f 5215 5216 5287
f 5216 5288 5287
f 5216 5217 5288
f 5217 5289 5288
f 5217 5218 5289
f 5218 5290 5289
f 5218 5219 5290
f 5219 5291 5290
f 5219 5220 5291
f 5220 5292 5291
f 5220 5221 5292
f 5221 5293 5292
f 5221 5222 5293
f 5222 5294 5293
f 5222 5223 5294
f 5223 5295 5294
f 5223 5224 5295
f 5224 5296 5295
f 5224 5225 5296
f 5225 5297 5296
f 5225 5226 5297
f 5226 5298 5297
f 5226 5227 5298
f 5227 5299 5298
f 5227 5228 5299
f 5228 5300 5299
f 5228 5229 5300
f 5229 5301 5300
f 5229 5230 5301
f 5230 5302 5301
f 5230 5231 5302
f 5231 5303 5302
f 5231 5232 5303
f 5232 5304 5303
f 5232 5233 5304
f 5233 5305 5304
f 5233 5234 5305
f 5234 5306 5305
f 5234 5235 5306
f 5235 5307 5306
f 5235 5236 5307
f 5236 5308 5307
f 5236 5237 5308
f 5237 5309 5308
f 5237 5238 5309
f 5238 5310 5309
f 5238 5239 5310
f 5239 5311 5310
f 5239 5240 5311
f 5240 5312 5311
f 5240 5241 5312
f 5241 5313 5312
f 5241 5242 5313
f 5242 5314 5313
f 5242 5243 5314
f 5243 5315 5314
f 5243 5244 5315
f 5244 5316 5315
f 5244 5245 5316
f 5245 5317 5316
f 5245 5246 5317
f 5246 5318 5317
f 5246 5247 5318
f 5247 5319 5318
f 5247 5248 5319
f 5248 5320 5319
f 5248 5249 5320
f 5249 5321 5320
f 5249 5250 5321
f 5250 5322 5321
f 5250 5251 5322
f 5251 5323 5322
f 5251 5252 5323
f 5252 5324 5323
f 5252 5253 5324
f 5253 5325 5324
f 5253 5254 5325
f 5254 5326 5325
f 5254 5255 5326
f 5255 5327 5326
f 5255 5256 5327
f 5256 5328 5327
f 5256 5185 5328
f 5185 5257 5328
f 5257 5258 5329
f 5258 5330 5329
f 5258 5259 5330
f 5259 5331 5330
f 5259 5260 5331
f 5260 5332 5331
f 5260 5261 5332
f 5261 5333 5332
f 5261 5262 5333
f 5262 5334 5333
f 5262 5263 5334
f 5263 5335 5334
f 5263 5264 5335
f 5264 5336 5335
f 5264 5265 5336
f 5265 5337 5336
f 5265 5266 5337
f 5266 5338 5337
f 5266 5267 5338
f 5267 5339 5338
f 5267 5268 5339
f 5268 5340 5339
f 5268 5269 5340
f 5269 5341 5340
f 5269 5270 5341
f 5270 5342 5341
f 5270 5271 5342
f 5271 5343 5342
f 5271 5272 5343
f 5272 5344 5343
f 5272 5273 5344
f 5273 5345 5344
f 5273 5274 5345
f 5274 5346 5345
f 5274 5275 5346
f 5275 5347 5346
f 5275 5276 5347
f 5276 5348 5347
f 5276 5277 5348
f 5277 5349 5348
f 5277 5278 5349
f 5278 5350 5349
f 5278 5279 5350
f 5279 5351 5350
f 5279 5280 5351
f 5280 5352 5351
f 5280 5281 5352
f 5281 5353 5352
f 5281 5282 5353
f 5282 5354 5353
f 5282 5283 5354
f 5283 5355 5354
f 5283 5284 5355
f 5284 5356 5355
f 5284 5285 5356
f 5285 5357 5356
f 5285 5286 5357
f 5286 5358 5357
f 5286 5287 5358
f 5287 5359 5358
f 5287 5288 5359
f 5288 5360 5359
f 5288 5289 5360
f 5289 5361 5360
f 5289 5290 5361
f 5290 5362 5361
f 5290 5291 5362
f 5291 5363 5362
f 5291 5292 5363
f 5292 5364 5363
f 5292 5293 5364
f 5293 5365 5364
f 5293 5294 5365
f 5294 5366 5365
f 5294 5295 5366
f 5295 5367 5366
f 5295 5296 5367
f 5296 5368 5367
f 5296 5297 5368
f 5297 5369 5368
f 5297 5298 5369
f 5298 5370 5369
f 5298 5299 5370
f 5299 5371 5370
f 5299 5300 5371
f 5300 5372 5371
f 5300 5301 5372
f 5301 5373 5372
f 5301 5302 5373
f 5302 5374 5373
f 5302 5303 5374
f 5303 5375 5374
f 5303 5304 5375
f 5304 5376 5375
f 5304 5305 5376
f 5305 5377 5376
f 5305 5306 5377
f 5306 5378 5377
f 5306 5307 5378
f 5307 5379 5378
f 5307 5308 5379
f 5308 5380 5379
f 5308 5309 5380
f 5309 5381 5380
f 5309 5310 5381
f 5310 5382 5381
f 5310 5311 5382
f 5311 5383 5382
f 5311 5312 5383
f 5312 5384 5383
f 5312 5313 5384
f 5313 5385 5384
f 5313 5314 5385
f 5314 5386 5385
f 5314 5315 5386
f 5315 5387 5386
f 5315 5316 5387
f 5316 5388 5387
f 5316 5317 5388
f 5317 5389 5388
f 5317 5318 5389
f 5318 5390 5389
f 5318 5319 5390
f 5319 5391 5390
f 5319 5320 5391
f 5320 5392 5391
f 5320 5321 5392
f 5321 5393 5392
f 5321 5322 5393
f 5322 5394 5393
f 5322 5323 5394
f 5323 5395 5394
f 5323 5324 5395
f 5324 5396 5395
f 5324 5325 5396
f 5325 5397 5396
f 5325 5326 5397
f 5326 5398 5397
f 5326 5327 5398
f 5327 5399 5398
f 5327 5328 5399
f 5328 5400 5399
f 5328 5257 5400
f 5257 5329 5400
f 5329 5330 5401
f 5330 5402 5401
f 5330 5331 5402
f 5331 5403 5402
f 5331 5332 5403
f 5332 5404 5403
f 5332 5333 5404
f 5333 5405 5404
f 5333 5334 5405
f 5334 5406 5405
f 5334 5335 5406
f 5335 5407 5406
f 5335 5336 5407
f 5336 5408 5407
f 5336 5337 5408
f 5337 5409 5408
f 5337 5338 5409
f 5338 5410 5409
f 5338 5339 5410
f 5339 5411 5410
f 5339 5340 5411
f 5340 5412 5411
f 5340 5341 5412
f 5341 5413 5412
f 5341 5342 5413
f 5342 5414 5413
f 5342 5343 5414
f 5343 5415 5414
f 5343 5344 5415
f 5344 5416 5415
f 5344 5345 5416
f 5345 5417 5416
f 5345 5346 5417
f 5346 5418 5417
f 5346 5347 5418
f 5347 5419 5418
f 5347 5348 5419
f 5348 5420 5419
f 5348 5349 5420
f 5349 5421 5420
f 5349 5350 5421
f 5350 5422 5421
f 5350 5351 5422
f 5351 5423 5422
f 5351 5352 5423
f 5352 5424 5423
f 5352 5353 5424
f 5353 5425 5424
f 5353 5354 5425
f 5354 5426 5425
f 5354 5355 5426
f 5355 5427 5426
f 5355 5356 5427
f 5356 5428 5427
f 5356 5357 5428
f 5357 5429 5428
f 5357 5358 5429
f 5358 5430 5429
f 5358 5359 5430
f 5359 5431 5430
f 5359 5360 5431
f 5360 5432 5431
f 5360 5361 5432
f 5361 5433 5432
f 5361 5362 5433
f 5362 5434 5433
f 5362 5363 5434
f 5363 5435 5434
f 5363 5364 5435
f 5364 5436 5435
f 5364 5365 5436
f 5365 5437 5436
f 5365 5366 5437
f 5366 5438 5437
f 5366 5367 5438
f 5367 5439 5438
f 5367 5368 5439
f 5368 5440 5439
f 5368 5369 5440
f 5369 5441 5440
f 5369 5370 5441
f 5370 5442 5441
f 5370 5371 5442
f 5371 5443 5442
f 5371 5372 5443
f 5372 5444 5443
f 5372 5373 5444
f 5373 5445 5444
f 5373 5374 5445
f 5374 5446 5445
f 5374 5375 5446
f 5375 5447 5446
f 5375 5376 5447
f 5376 5448 5447
f 5376 5377 5448
f 5377 5449 5448
f 5377 5378 5449
f 5378 5450 5449
f 5378 5379 5450
f 5379 5451 5450
f 5379 5380 5451
f 5380 5452 5451
f 5380 5381 5452
f 5381 5453 5452
f 5381 5382 5453
f 5382 5454 5453
f 5382 5383 5454
f 5383 5455 5454
f 5383 5384 5455
f 5384 5456 5455
f 5384 5385 5456
f 5385 5457 5456
f 5385 5386 5457
f 5386 5458 5457
f 5386 5387 5458
f 5387 5459 5458
f 5387 5388 5459
f 5388 5460 5459
f 5388 5389 5460
f 5389 5461 5460
f 5389 5390 5461
f 5390 5462 5461
f 5390 5391 5462
f 5391 5463 5462
f 5391 5392 5463
f 5392 5464 5463
f 5392 5393 5464
f 5393 5465 5464
f 5393 5394 5465
f 5394 5466 5465
f 5394 5395 5466
f 5395 5467 5466
f 5395 5396 5467
f 5396 5468 5467
f 5396 5397 5468
f 5397 5469 5468
f 5397 5398 5469
f 5398 5470 5469
f 5398 5399 5470
f 5399 5471 5470
f 5399 5400 5471
f 5400 5472 5471
f 5400 5329 5472
f 5329 5401 5472
f 5401 5402 5473
f 5402 5474 5473
f 5402 5403 5474
f 5403 5475 5474
f 5403 5404 5475
f 5404 5476 5475
f 5404 5405 5476
f 5405 5477 5476
f 5405 5406 5477
f 5406 5478 5477
f 5406 5407 5478
f 5407 5479 5478
f 5407 5408 5479
f 5408 5480 5479
f 5408 5409 5480
f 5409 5481 5480
f 5409 5410 5481
f 5410 5482 5481
f 5410 5411 5482
f 5411 5483 5482
f 5411 5412 5483
f 5412 5484 5483
f 5412 5413 5484
f 5413 5485 5484
f 5413 5414 5485
f 5414 5486 5485
f 5414 5415 5486
f 5415 5487 5486
f 5415 5416 5487
f 5416 5488 5487
f 5416 5417 5488
f 5417 5489 5488
f 5417 5418 5489
f 5418 5490 5489
f 5418 5419 5490
f 5419 5491 5490
f 5419 5420 5491
f 5420 5492 5491
f 5420 5421 5492
f 5421 5493 5492
f 5421 5422 5493
f 5422 5494 5493
f 5422 5423 5494
f 5423 5495 5494
f 5423 5424 5495
f 5424 5496 5495
f 5424 5425 5496
f 5425 5497 5496
f 5425 5426 5497
f 5426 5498 5497
f 5426 5427 5498
f 5427 5499 5498
f 5427 5428 5499
f 5428 5500 5499
f 5428 5429 5500
f 5429 5501 5500
f 5429 5430 5501
f 5430 5502 5501
f 5430 5431 5502
f 5431 5503 5502
f 5431 5432 5503
f 5432 5504 5503
f 5432 5433 5504
f 5433 5505 5504
f 5433 5434 5505
f 5434 5506 5505
f 5434 5435 5506
f 5435 5507 5506
f 5435 5436 5507
f 5436 5508 5507
f 5436 5437 5508
f 5437 5509 5508
f 5437 5438 5509
f 5438 5510 5509
f 5438 5439 5510
f 5439 5511 5510
f 5439 5440 5511
f 5440 5512 5511
f 5440 5441 5512
f 5441 5513 5512
f 5441 5442 5513
f 5442 5514 5513
f 5442 5443 5514
f 5443 5515 5514
f 5443 5444 5515
f 5444 5516 5515
f 5444 5445 5516
f 5445 5517 5516
f 5445 5446 5517
f 5446 5518 5517
f 5446 5447 5518
f 5447 5519 5518
f 5447 5448 5519
f 5448 5520 5519
f 5448 5449 5520
f 5449 5521 5520
f 5449 5450 5521
f 5450 5522 5521
f 5450 5451 5522
f 5451 5523 5522
f 5451 5452 5523
f 5452 5524 5523
f 5452 5453 5524
f 5453 5525 5524
f 5453 5454 5525
f 5454 5526 5525
f 5454 5455 5526
f 5455 5527 5526
f 5455 5456 5527
f 5456 5528 5527
f 5456 5457 5528
f 5457 5529 5528
f 5457 5458 5529
f 5458 5530 5529
f 5458 5459 5530
f 5459 5531 5530
f 5459 5460 5531
f 5460 5532 5531
f 5460 5461 5532
f 5461 5533 5532
f 5461 5462 5533
f 5462 5534 5533
f 5462 5463 5534
f 5463 5535 5534
f 5463 5464 5535
f 5464 5536 5535
f 5464 5465 5536
f 5465 5537 5536
f 5465 5466 5537
f 5466 5538 5537
f 5466 5467 5538
f 5467 5539 5538
f 5467 5468 5539
f 5468 5540 5539
f 5468 5469 5540
f 5469 5541 5540
f 5469 5470 5541
f 5470 5542 5541
f 5470 5471 5542
f 5471 5543 5542
f 5471 5472 5543
f 5472 5544 5543
f 5472 5401 5544
f 5401 5473 5544
f 5473 5474 5545
f 5474 5546 5545
f 5474 5475 5546
f 5475 5547 5546
f 5475 5476 5547
f 5476 5548 5547
f 5476 5477 5548
f 5477 5549 5548
f 5477 5478 5549
f 5478 5550 5549
f 5478 5479 5550
f 5479 5551 5550
f 5479 5480 5551
f 5480 5552 5551
f 5480 5481 5552
f 5481 5553 5552
f 5481 5482 5553
f 5482 5554 5553
f 5482 5483 5554
f 5483 5555 5554
f 5483 5484 5555
f 5484 5556 5555
f 5484 5485 5556
f 5485 5557 5556
f 5485 5486 5557
f 5486 5558 5557
f 5486 5487 5558
f 5487 5559 5558
f 5487 5488 5559
f 5488 5560 5559
f 5488 5489 5560
f 5489 5561 5560
f 5489 5490 5561
f 5490 5562 5561
f 5490 5491 5562
f 5491 5563 5562
f 5491 5492 5563
f 5492 5564 5563
f 5492 5493 5564
f 5493 5565 5564
f 5493 5494 5565
f 5494 5566 5565
f 5494 5495 5566
f 5495 5567 5566
f 5495 5496 5567
f 5496 5568 5567
f 5496 5497 5568
f 5497 5569 5568
f 5497 5498 5569
f 5498 5570 5569
f 5498 5499 5570
f 5499 5571 5570
f 5499 5500 5571
f 5500 5572 5571
f 5500 5501 5572
f 5501 5573 5572
f 5501 5502 5573
f 5502 5574 5573
f 5502 5503 5574
f 5503 5575 5574
f 5503 5504 5575
f 5504 5576 5575
f 5504 5505 5576
f 5505 5577 5576
f 5505 5506 5577
f 5506 5578 5577
f 5506 5507 5578
f 5507 5579 5578
f 5507 5508 5579
f 5508 5580 5579
f 5508 5509 5580
f 5509 5581 5580
f 5509 5510 5581
f 5510 5582 5581
f 5510 5511 5582
f 5511 5583 5582
f 5511 5512 5583
f 5512 5584 5583
f 5512 5513 5584
f 5513 5585 5584
f 5513 5514 5585
f 5514 5586 5585
f 5514 5515 5586
f 5515 5587 5586
f 5515 5516 5587
f 5516 5588 5587
f 5516 5517 5588
f 5517 5589 5588
f 5517 5518 5589
f 5518 5590 5589
f 5518 5519 5590
f 5519 5591 5590
f 5519 5520 5591
f 5520 5592 5591
f 5520 5521 5592
f 5521 5593 5592
f 5521 5522 5593
f 5522 5594 5593
f 5522 5523 5594
f 5523 5595 5594
f 5523 5524 5595
f 5524 5596 5595
f 5524 5525 5596
f 5525 5597 5596
f 5525 5526 5597
f 5526 5598 5597
f 5526 5527 5598
f 5527 5599 5598
f 5527 5528 5599
f 5528 5600 5599
f 5528 5529 5600
f 5529 5601 5600
f 5529 5530 5601
f 5530 5602 5601
f 5530 5531 5602
f 5531 5603 5602
f 5531 5532 5603
f 5532 5604 5603
f 5532 5533 5604
f 5533 5605 5604
f 5533 5534 5605
f 5534 5606 5605
f 5534 5535 5606
f 5535 5607 5606
f 5535 5536 5607
f 5536 5608 5607
f 5536 5537 5608
f 5537 5609 5608
f 5537 5538 5609
f 5538 5610 5609
f 5538 5539 5610
f 5539 5611 5610
f 5539 5540 5611
f 5540 5612 5611
f 5540 5541 5612
f 5541 5613 5612
f 5541 5542 5613
f 5542 5614 5613
f 5542 5543 5614
f 5543 5615 5614
f 5543 5544 5615
f 5544 5616 5615
f 5544 5473 5616
f 5473 5545 5616
f 5545 5546 5617
f 5546 5618 5617
f 5546 5547 5618
f 5547 5619 5618
f 5547 5548 5619
f 5548 5620 5619
f 5548 5549 5620
f 5549 5621 5620
f 5549 5550 5621
f 5550 5622 5621
f 5550 5551 5622
f 5551 5623 5622
f 5551 5552 5623
f 5552 5624 5623
f 5552 5553 5624
f 5553 5625 5624
f 5553 5554 5625
f 5554 5626 5625
f 5554 5555 5626
f 5555 5627 5626
f 5555 5556 5627
f 5556 5628 5627
f 5556 5557 5628
f 5557 5629 5628
f 5557 5558 5629
f 5558 5630 5629
f 5558 5559 5630
f 5559 5631 5630
f 5559 5560 5631
f 5560 5632 5631
f 5560 5561 5632
f 5561 5633 5632
f 5561 5562 5633
f 5562 5634 5633
f 5562 5563 5634
f 5563 5635 5634
f 5563 5564 5635
f 5564 5636 5635
f 5564 5565 5636
f 5565 5637 5636
f 5565 5566 5637
f 5566 5638 5637
f 5566 5567 5638
f 5567 5639 5638
f 5567 5568 5639
f 5568 5640 5639
f 5568 5569 5640
f 5569 5641 5640
f 5569 5570 5641
f 5570 5642 5641
f 5570 5571 5642
f 5571 5643 5642
f 5571 5572 5643
f 5572 5644 5643
f 5572 5573 5644
f 5573 5645 5644
f 5573 5574 5645
f 5574 5646 5645
f 5574 5575 5646
f 5575 5647 5646
f 5575 5576 5647
f 5576 5648 5647
f 5576 5577 5648
f 5577 5649 5648
f 5577 5578 5649
f 5578 5650 5649
f 5578 5579 5650
f 5579 5651 5650
f 5579 5580 5651
f 5580 5652 5651
f 5580 5581 5652
f 5581 5653 5652
f 5581 5582 5653
f 5582 5654 5653
f 5582 5583 5654
f 5583 5655 5654
f 5583 5584 5655
f 5584 5656 5655
f 5584 5585 5656
f 5585 5657 5656
f 5585 5586 5657
f 5586 5658 5657
f 5586 5587 5658
f 5587 5659 5658
f 5587 5588 5659
f 5588 5660 5659
f 5588 5589 5660
f 5589 5661 5660
f 5589 5590 5661
f 5590 5662 5661
f 5590 5591 5662
f 5591 5663 5662
f 5591 5592 5663
f 5592 5664 5663
f 5592 5593 5664
f 5593 5665 5664
f 5593 5594 5665
f 5594 5666 5665
f 5594 5595 5666
f 5595 5667 5666
f 5595 5596 5667
f 5596 5668 5667
f 5596 5597 5668
f 5597 5669 5668
f 5597 5598 5669
f 5598 5670 5669
f 5598 5599 5670
f 5599 5671 5670
f 5599 5600 5671
f 5600 5672 5671
f 5600 5601 5672
f 5601 5673 5672
f 5601 5602 5673
f 5602 5674 5673
f 5602 5603 5674
f 5603 5675 5674
f 5603 5604 5675
f 5604 5676 5675
f 5604 5605 5676
f 5605 5677 5676
f 5605 5606 5677
f 5606 5678 5677
f 5606 5607 5678
f 5607 5679 5678
f 5607 5608 5679
f 5608 5680 5679
f 5608 5609 5680
f 5609 5681 5680
f 5609 5610 5681
f 5610 5682 5681
f 5610 5611 5682
f 5611 5683 5682
f 5611 5612 5683
f 5612 5684 5683
f 5612 5613 5684
f 5613 5685 5684
f 5613 5614 5685
f 5614 5686 5685
f 5614 5615 5686
f 5615 5687 5686
f 5615 5616 5687
f 5616 5688 5687
f 5616 5545 5688
f 5545 5617 5688
f 5617 5618 5689
f 5618 5690 5689
f 5618 5619 5690
f 5619 5691 5690
f 5619 5620 5691
f 5620 5692 5691
f 5620 5621 5692
f 5621 5693 5692
f 5621 5622 5693
f 5622 5694 5693
f 5622 5623 5694
f 5623 5695 5694
f 5623 5624 5695
f 5624 5696 5695
f 5624 5625 5696
f 5625 5697 5696
f 5625 5626 5697
f 5626 5698 5697
f 5626 5627 5698
f 5627 5699 5698
f 5627 5628 5699
f 5628 5700 5699
f 5628 5629 5700
f 5629 5701 5700
f 5629 5630 5701
f 5630 5702 5701
f 5630 5631 5702
f 5631 5703 5702
f 5631 5632 5703
f 5632 5704 5703
f 5632 5633 5704
f 5633 5705 5704
f 5633 5634 5705
f 5634 5706 5705
f 5634 5635 5706
f 5635 5707 5706
f 5635 5636 5707
f 5636 5708 5707
f 5636 5637 5708
f 5637 5709 5708
f 5637 5638 5709
f 5638 5710 5709
f 5638 5639 5710
f 5639 5711 5710
f 5639 5640 5711
f 5640 5712 5711
f 5640 5641 5712
f 5641 5713 5712
f 5641 5642 5713
f 5642 5714 5713
f 5642 5643 5714
f 5643 5715 5714
f 5643 5644 5715
f 5644 5716 5715
f 5644 5645 5716
f 5645 5717 5716
f 5645 5646 5717
f 5646 5718 5717
f 5646 5647 5718
f 5647 5719 5718
f 5647 5648 5719
f 5648 5720 5719
f 5648 5649 5720
f 5649 5721 5720
f 5649 5650 5721
f 5650 5722 5721
f 5650 5651 5722
f 5651 5723 5722
f 5651 5652 5723
f 5652 5724 5723
f 5652 5653 5724
f 5653 5725 5724
f 5653 5654 5725
f 5654 5726 5725
f 5654 5655 5726
f 5655 5727 5726
f 5655 5656 5727
f 5656 5728 5727
f 5656 5657 5728
f 5657 5729 5728
f 5657 5658 5729
f 5658 5730 5729
f 5658 5659 5730
f 5659 5731 5730
f 5659 5660 5731
f 5660 5732 5731
f 5660 5661 5732
f 5661 5733 5732
f 5661 5662 5733
f 5662 5734 5733
f 5662 5663 5734
f 5663 5735 5734
f 5663 5664 5735
f 5664 5736 5735
f 5664 5665 5736
f 5665 5737 5736
f 5665 5666 5737
f 5666 5738 5737
f 5666 5667 5738
f 5667 5739 5738
f 5667 5668 5739
f 5668 5740 5739
f 5668 5669 5740
f 5669 5741 5740
f 5669 5670 5741
f 5670 5742 5741
f 5670 5671 5742
f 5671 5743 5742
f 5671 5672 5743
f 5672 5744 5743
f 5672 5673 5744
f 5673 5745 5744
f 5673 5674 5745
f 5674 5746 5745
f 5674 5675 5746
f 5675 5747 5746
f 5675 5676 5747
f 5676 5748 5747
f 5676 5677 5748
f 5677 5749 5748
f 5677 5678 5749
f 5678 5750 5749
f 5678 5679 5750
f 5679 5751 5750
f 5679 5680 5751
f 5680 5752 5751
f 5680 5681 5752
f 5681 5753 5752
f 5681 5682 5753
f 5682 5754 5753
f 5682 5683 5754
f 5683 5755 5754
f 5683 5684 5755
f 5684 5756 5755
f 5684 5685 5756
f 5685 5757 5756
f 5685 5686 5757
f 5686 5758 5757
f 5686 5687 5758
f 5687 5759 5758
f 5687 5688 5759
f 5688 5760 5759
f 5688 5617 5760
f 5617 5689 5760
f 5689 5690 5761
f 5690 5762 5761
f 5690 5691 5762
f 5691 5763 5762
f 5691 5692 5763
f 5692 5764 5763
f 5692 5693 5764
f 5693 5765 5764
f 5693 5694 5765
f 5694 5766 5765
f 5694 5695 5766
f 5695 5767 5766
f 5695 5696 5767
f 5696 5768 5767
f 5696 5697 5768
f 5697 5769 5768
f 5697 5698 5769
f 5698 5770 5769
f 5698 5699 5770
f 5699 5771 5770
f 5699 5700 5771
f 5700 5772 5771
f 5700 5701 5772
f 5701 5773 5772
f 5701 5702 5773
f 5702 5774 5773
f 5702 5703 5774
f 5703 5775 5774
f 5703 5704 5775
f 5704 5776 5775
f 5704 5705 5776
f 5705 5777 5776
f 5705 5706 5777
f 5706 5778 5777
f 5706 5707 5778
f 5707 5779 5778
f 5707 5708 5779
f 5708 5780 5779
f 5708 5709 5780
f 5709 5781 5780
f 5709 5710 5781
f 5710 5782 5781
f 5710 5711 5782
f 5711 5783 5782
f 5711 5712 5783
f 5712 5784 5783
f 5712 5713 5784
f 5713 5785 5784
f 5713 5714 5785
f 5714 5786 5785
f 5714 5715 5786
f 5715 5787 5786
f 5715 5716 5787
f 5716 5788 5787
f 5716 5717 5788
f 5717 5789 5788
f 5717 5718 5789
f 5718 5790 5789
f 5718 5719 5790
f 5719 5791 5790
f 5719 5720 5791
f 5720 5792 5791
f 5720 5721 5792
f 5721 5793 5792
f 5721 5722 5793
f 5722 5794 5793
f 5722 5723 5794
f 5723 5795 5794
f 5723 5724 5795
f 5724 5796 5795
f 5724 5725 5796
f 5725 5797 5796
f 5725 5726 5797
f 5726 5798 5797
f 5726 5727 5798
f 5727 5799 5798
f 5727 5728 5799
f 5728 5800 5799
f 5728 5729 5800
f 5729 5801 5800
f 5729 5730 5801
f 5730 5802 5801
f 5730 5731 5802
f 5731 5803 5802
f 5731 5732 5803
f 5732 5804 5803
f 5732 5733 5804
f 5733 5805 5804
f 5733 5734 5805
f 5734 5806 5805
f 5734 5735 5806
f 5735 5807 5806
f 5735 5736 5807
f 5736 5808 5807
f 5736 5737 5808
f 5737 5809 5808
f 5737 5738 5809
f 5738 5810 5809
f 5738 5739 5810
f 5739 5811 5810
f 5739 5740 5811
f 5740 5812 5811
f 5740 5741 5812
f 5741 5813 5812
f 5741 5742 5813
f 5742 5814 5813
f 5742 5743 5814
f 5743 5815 5814
f 5743 5744 5815
f 5744 5816 5815
f 5744 5745 5816
f 5745 5817 5816
f 5745 5746 5817
f 5746 5818 5817
f 5746 5747 5818
f 5747 5819 5818
f 5747 5748 5819
f 5748 5820 5819
f 5748 5749 5820
f 5749 5821 5820
f 5749 5750 5821
f 5750 5822 5821
f 5750 5751 5822
f 5751 5823 5822
f 5751 5752 5823
f 5752 5824 5823
f 5752 5753 5824
f 5753 5825 5824
f 5753 5754 5825
f 5754 5826 5825
f 5754 5755 5826
f 5755 5827 5826
f 5755 5756 5827
f 5756 5828 5827
f 5756 5757 5828
f 5757 5829 5828
f 5757 5758 5829
f 5758 5830 5829
f 5758 5759 5830
f 5759 5831 5830
f 5759 5760 5831
f 5760 5832 5831
f 5760 5689 5832
f 5689 5761 5832
f 5761 5762 5833
f 5762 5834 5833
f 5762 5763 5834
f 5763 5835 5834
f 5763 5764 5835
f 5764 5836 5835
f 5764 5765 5836
f 5765 5837 5836
f 5765 5766 5837
f 5766 5838 5837
f 5766 5767 5838
f 5767 5839 5838
f 5767 5768 5839
f 5768 5840 5839
f 5768 5769 5840
f 5769 5841 5840
f 5769 5770 5841
f 5770 5842 5841
f 5770 5771 5842
f 5771 5843 5842
f 5771 5772 5843
f 5772 5844 5843
f 5772 5773 5844
f 5773 5845 5844
f 5773 5774 5845
f 5774 5846 5845
f 5774 5775 5846
f 5775 5847 5846
f 5775 5776 5847
f 5776 5848 5847
f 5776 5777 5848
f 5777 5849 5848
f 5777 5778 5849
f 5778 5850 5849
f 5778 5779 5850
f 5779 5851 5850
f 5779 5780 5851
f 5780 5852 5851
f 5780 5781 5852
f 5781 5853 5852
f 5781 5782 5853
f 5782 5854 5853
f 5782 5783 5854
f 5783 5855 5854
f 5783 5784 5855
f 5784 5856 5855
f 5784 5785 5856
f 5785 5857 5856
f 5785 5786 5857
f 5786 5858 5857
f 5786 5787 5858
f 5787 5859 5858
f 5787 5788 5859
f 5788 5860 5859
f 5788 5789 5860
f 5789 5861 5860
f 5789 5790 5861
f 5790 5862 5861
f 5790 5791 5862
f 5791 5863 5862
f 5791 5792 5863
f 5792 5864 5863
f 5792 5793 5864
f 5793 5865 5864
f 5793 5794 5865
f 5794 5866 5865
f 5794 5795 5866
f 5795 5867 5866
f 5795 5796 5867
f 5796 5868 5867
f 5796 5797 5868
f 5797 5869 5868
f 5797 5798 5869
f 5798 5870 5869
f 5798 5799 5870
f 5799 5871 5870
f 5799 5800 5871
f 5800 5872 5871
f 5800 5801 5872
f 5801 5873 5872
f 5801 5802 5873
f 5802 5874 5873
f 5802 5803 5874
f 5803 5875 5874
f 5803 5804 5875
f 5804 5876 5875
f 5804 5805 5876
f 5805 5877 5876
f 5805 5806 5877
f 5806 5878 5877
f 5806 5807 5878
f 5807 5879 5878
f 5807 5808 5879
f 5808 5880 5879
f 5808 5809 5880
f 5809 5881 5880
f 5809 5810 5881
f 5810 5882 5881
f 5810 5811 5882
f 5811 5883 5882
f 5811 5812 5883
f 5812 5884 5883
f 5812 5813 5884
f 5813 5885 5884
f 5813 5814 5885
f 5814 5886 5885
f 5814 5815 5886
f 5815 5887 5886
f 5815 5816 5887
f 5816 5888 5887
f 5816 5817 5888
f 5817 5889 5888
f 5817 5818 5889
f 5818 5890 5889
f 5818 5819 5890
f 5819 5891 5890
f 5819 5820 5891
f 5820 5892 5891
f 5820 5821 5892
f 5821 5893 5892
f 5821 5822 5893
f 5822 5894 5893
f 5822 5823 5894
f 5823 5895 5894
f 5823 5824 5895
f 5824 5896 5895
f 5824 5825 5896
f 5825 5897 5896
f 5825 5826 5897
f 5826 5898 5897
f 5826 5827 5898
f 5827 5899 5898
f 5827 5828 5899
f 5828 5900 5899
f 5828 5829 5900
f 5829 5901 5900
f 5829 5830 5901
f 5830 5902 5901
f 5830 5831 5902
f 5831 5903 5902
f 5831 5832 5903
f 5832 5904 5903
f 5832 5761 5904
f 5761 5833 5904
f 5833 5834 5905
f 5834 5906 5905
f 5834 5835 5906
f 5835 5907 5906
f 5835 5836 5907
f 5836 5908 5907
f 5836 5837 5908
f 5837 5909 5908
f 5837 5838 5909
f 5838 5910 5909
f 5838 5839 5910
f 5839 5911 5910
f 5839 5840 5911
f 5840 5912 5911
f 5840 5841 5912
f 5841 5913 5912
f 5841 5842 5913
f 5842 5914 5913
f 5842 5843 5914
f 5843 5915 5914
f 5843 5844 5915
f 5844 5916 5915
f 5844 5845 5916
f 5845 5917 5916
f 5845 5846 5917
f 5846 5918 5917
f 5846 5847 5918
f 5847 5919 5918
f 5847 5848 5919
f 5848 5920 5919
f 5848 5849 5920
f 5849 5921 5920
f 5849 5850 5921
f 5850 5922 5921
f 5850 5851 5922
f 5851 5923 5922
f 5851 5852 5923
f 5852 5924 5923
f 5852 5853 5924
f 5853 5925 5924
f 5853 5854 5925
f 5854 5926 5925
f 5854 5855 5926
f 5855 5927 5926
f 5855 5856 5927
f 5856 5928 5927
f 5856 5857 5928
f 5857 5929 5928
f 5857 5858 5929
f 5858 5930 5929
f 5858 5859 5930
f 5859 5931 5930
f 5859 5860 5931
f 5860 5932 5931
f 5860 5861 5932
f 5861 5933 5932
f 5861 5862 5933
f 5862 5934 5933
f 5862 5863 5934
f 5863 5935 5934
f 5863 5864 5935
f 5864 5936 5935
f 5864 5865 5936
f 5865 5937 5936
f 5865 5866 5937
f 5866 5938 5937
f 5866 5867 5938
f 5867 5939 5938
f 5867 5868 5939
f 5868 5940 5939
f 5868 5869 5940
f 5869 5941 5940
f 5869 5870 5941
f 5870 5942 5941
f 5870 5871 5942
f 5871 5943 5942
f 5871 5872 5943
f 5872 5944 5943
f 5872 5873 5944
f 5873 5945 5944
f 5873 5874 5945
f 5874 5946 5945
f 5874 5875 5946
f 5875 5947 5946
f 5875 5876 5947
f 5876 5948 5947
f 5876 5877 5948
f 5877 5949 5948
f 5877 5878 5949
f 5878 5950 5949
f 5878 5879 5950
f 5879 5951 5950
f 5879 5880 5951
f 5880 5952 5951
f 5880 5881 5952
f 5881 5953 5952
f 5881 5882 5953
f 5882 5954 5953
f 5882 5883 5954
f 5883 5955 5954
f 5883 5884 5955
f 5884 5956 5955
f 5884 5885 5956
f 5885 5957 5956
f 5885 5886 5957
f 5886 5958 5957
f 5886 5887 5958
f 5887 5959 5958
f 5887 5888 5959
f 5888 5960 5959
f 5888 5889 5960
f 5889 5961 5960
f 5889 5890 5961
f 5890 5962 5961
f 5890 5891 5962
f 5891 5963 5962
f 5891 5892 5963
f 5892 5964 5963
f 5892 5893 5964
f 5893 5965 5964
f 5893 5894 5965
f 5894 5966 5965
f 5894 5895 5966
f 5895 5967 5966
f 5895 5896 5967
f 5896 5968 5967
f 5896 5897 5968
f 5897 5969 5968
f 5897 5898 5969
f 5898 5970 5969
f 5898 5899 5970
f 5899 5971 5970
f 5899 5900 5971
f 5900 5972 5971
f 5900 5901 5972
f 5901 5973 5972
f 5901 5902 5973
f 5902 5974 5973
f 5902 5903 5974
f 5903 5975 5974
f 5903 5904 5975
f 5904 5976 5975
f 5904 5833 5976
f 5833 5905 5976
f 5905 5906 5977
f 5906 5978 5977
f 5906 5907 5978
f 5907 5979 5978
f 5907 5908 5979
f 5908 5980 5979
f 5908 5909 5980
f 5909 5981 5980
f 5909 5910 5981
f 5910 5982 5981
f 5910 5911 5982
f 5911 5983 5982
f 5911 5912 5983
f 5912 5984 5983
f 5912 5913 5984
f 5913 5985 5984
f 5913 5914 5985
f 5914 5986 5985
f 5914 5915 5986
f 5915 5987 5986
f 5915 5916 5987
f 5916 5988 5987
f 5916 5917 5988
f 5917 5989 5988
f 5917 5918 5989
f 5918 5990 5989
f 5918 5919 5990
f 5919 5991 5990
f 5919 5920 5991
f 5920 5992 5991
f 5920 5921 5992
f 5921 5993 5992
f 5921 5922 5993
f 5922 5994 5993
f 5922 5923 5994
f 5923 5995 5994
f 5923 5924 5995
f 5924 5996 5995
f 5924 5925 5996
f 5925 5997 5996
f 5925 5926 5997
f 5926 5998 5997
f 5926 5927 5998
f 5927 5999 5998
f 5927 5928 5999
f 5928 6000 5999
f 5928 5929 6000
f 5929 6001 6000
f 5929 5930 6001
f 5930 6002 6001
f 5930 5931 6002
f 5931 6003 6002
f 5931 5932 6003
f 5932 6004 6003
f 5932 5933 6004
f 5933 6005 6004
f 5933 5934 6005
f 5934 6006 6005
f 5934 5935 6006
f 5935 6007 6006
f 5935 5936 6007
f 5936 6008 6007
f 5936 5937 6008
f 5937 6009 6008
f 5937 5938 6009
f 5938 6010 6009
f 5938 5939 6010
f 5939 6011 6010
f 5939 5940 6011
f 5940 6012 6011
f 5940 5941 6012
f 5941 6013 6012
f 5941 5942 6013
f 5942 6014 6013
f 5942 5943 6014
f 5943 6015 6014
f 5943 5944 6015
f 5944 6016 6015
f 5944 5945 6016
f 5945 6017 6016
f 5945 5946 6017
f 5946 6018 6017
f 5946 5947 6018
f 5947 6019 6018
f 5947 5948 6019
f 5948 6020 6019
f 5948 5949 6020
f 5949 6021 6020
f 5949 5950 6021
f 5950 6022 6021
f 5950 5951 6022
f 5951 6023 6022
f 5951 5952 6023
f 5952 6024 6023
f 5952 5953 6024
f 5953 6025 6024
f 5953 5954 6025
f 5954 6026 6025
f 5954 5955 6026
f 5955 6027 6026
f 5955 5956 6027
f 5956 6028 6027
f 5956 5957 6028
f 5957 6029 6028
f 5957 5958 6029
f 5958 6030 6029
f 5958 5959 6030
f 5959 6031 6030
f 5959 5960 6031
f 5960 6032 6031
f 5960 5961 6032
f 5961 6033 6032
f 5961 5962 6033
f 5962 6034 6033
f 5962 5963 6034
f 5963 6035 6034
f 5963 5964 6035
f 5964 6036 6035
f 5964 5965 6036
f 5965 6037 6036
f 5965 5966 6037
f 5966 6038 6037
f 5966 5967 6038
f 5967 6039 6038
f 5967 5968 6039
f 5968 6040 6039
f 5968 5969 6040
f 5969 6041 6040
f 5969 5970 6041
f 5970 6042 6041
f 5970 5971 6042
f 5971 6043 6042
f 5971 5972 6043
f 5972 6044 6043
f 5972 5973 6044
f 5973 6045 6044
f 5973 5974 6045
f 5974 6046 6045
f 5974 5975 6046
f 5975 6047 6046
f 5975 5976 6047
f 5976 6048 6047
f 5976 5905 6048
f 5905 5977 6048
f 5977 5978 6049
f 5978 6050 6049
f 5978 5979 6050
f 5979 6051 6050
f 5979 5980 6051
f 5980 6052 6051
f 5980 5981 6052
f 5981 6053 6052
f 5981 5982 6053
f 5982 6054 6053
f 5982 5983 6054
f 5983 6055 6054
f 5983 5984 6055
f 5984 6056 6055
f 5984 5985 6056
f 5985 6057 6056
f 5985 5986 6057
f 5986 6058 6057
f 5986 5987 6058
f 5987 6059 6058
f 5987 5988 6059
f 5988 6060 6059
f 5988 5989 6060
f 5989 6061 6060
f 5989 5990 6061
f 5990 6062 6061
f 5990 5991 6062
f 5991 6063 6062
f 5991 5992 6063
f 5992 6064 6063
f 5992 5993 6064
f 5993 6065 6064
f 5993 5994 6065
f 5994 6066 6065
f 5994 5995 6066
f 5995 6067 6066
f 5995 5996 6067
f 5996 6068 6067
f 5996 5997 6068
f 5997 6069 6068
f 5997 5998 6069
f 5998 6070 6069
f 5998 5999 6070
f 5999 6071 6070
f 5999 6000 6071
f 6000 6072 6071
f 6000 6001 6072
f 6001 6073 6072
f 6001 6002 6073
f 6002 6074 6073
f 6002 6003 6074
f 6003 6075 6074
f 6003 6004 6075
f 6004 6076 6075
f 6004 6005 6076
f 6005 6077 6076
f 6005 6006 6077
f 6006 6078 6077
f 6006 6007 6078
f 6007 6079 6078
f 6007 6008 6079
f 6008 6080 6079
f 6008 6009 6080
f 6009 6081 6080
f 6009 6010 6081
f 6010 6082 6081
f 6010 6011 6082
f 6011 6083 6082
f 6011 6012 6083
f 6012 6084 6083
f 6012 6013 6084
f 6013 6085 6084
f 6013 6014 6085
f 6014 6086 6085
f 6014 6015 6086
f 6015 6087 6086
f 6015 6016 6087
f 6016 6088 6087
f 6016 6017 6088
f 6017 6089 6088
f 6017 6018 6089
f 6018 6090 6089
f 6018 6019 6090
f 6019 6091 6090
f 6019 6020 6091
f 6020 6092 6091
f 6020 6021 6092
f 6021 6093 6092
f 6021 6022 6093
f 6022 6094 6093
f 6022 6023 6094
f 6023 6095 6094
f 6023 6024 6095
f 6024 6096 6095
f 6024 6025 6096
f 6025 6097 6096
f 6025 6026 6097
f 6026 6098 6097
f 6026 6027 6098
f 6027 6099 6098
f 6027 6028 6099
f 6028 6100 6099
f 6028 6029 6100
f 6029 6101 6100
f 6029 6030 6101
f 6030 6102 6101
f 6030 6031 6102
f 6031 6103 6102
f 6031 6032 6103
f 6032 6104 6103
f 6032 6033 6104
f 6033 6105 6104
f 6033 6034 6105
f 6034 6106 6105
f 6034 6035 6106
f 6035 6107 6106
f 6035 6036 6107
f 6036 6108 6107
f 6036 6037 6108
f 6037 6109 6108
f 6037 6038 6109
f 6038 6110 6109
f 6038 6039 6110
f 6039 6111 6110
f 6039 6040 6111
f 6040 6112 6111
f 6040 6041 6112
f 6041 6113 6112
f 6041 6042 6113
f 6042 6114 6113
f 6042 6043 6114
f 6043 6115 6114
f 6043 6044 6115
f 6044 6116 6115
f 6044 6045 6116
f 6045 6117 6116
f 6045 6046 6117
f 6046 6118 6117
f 6046 6047 6118
f 6047 6119 6118
f 6047 6048 6119
f 6048 6120 6119
f 6048 5977 6120
f 5977 6049 6120
f 6049 6050 6121
f 6050 6122 6121
f 6050 6051 6122
f 6051 6123 6122
f 6051 6052 6123
f 6052 6124 6123
f 6052 6053 6124
f 6053 6125 6124
f 6053 6054 6125
f 6054 6126 6125
f 6054 6055 6126
f 6055 6127 6126
f 6055 6056 6127
f 6056 6128 6127
f 6056 6057 6128
f 6057 6129 6128
f 6057 6058 6129
f 6058 6130 6129
f 6058 6059 6130
f 6059 6131 6130
f 6059 6060 6131
f 6060 6132 6131
f 6060 6061 6132
f 6061 6133 6132
f 6061 6062 6133
f 6062 6134 6133
f 6062 6063 6134
f 6063 6135 6134
f 6063 6064 6135
f 6064 6136 6135
f 6064 6065 6136
f 6065 6137 6136
f 6065 6066 6137
f 6066 6138 6137
f 6066 6067 6138
f 6067 6139 6138
f 6067 6068 6139
f 6068 6140 6139
f 6068 6069 6140
f 6069 6141 6140
f 6069 6070 6141
f 6070 6142 6141
f 6070 6071 6142
f 6071 6143 6142
f 6071 6072 6143
f 6072 6144 6143
f 6072 6073 6144
f 6073 6145 6144
f 6073 6074 6145
f 6074 6146 6145
f 6074 6075 6146
f 6075 6147 6146
f 6075 6076 6147
f 6076 6148 6147
f 6076 6077 6148
f 6077 6149 6148
f 6077 6078 6149
f 6078 6150 6149
f 6078 6079 6150
f 6079 6151 6150
f 6079 6080 6151
f 6080 6152 6151
f 6080 6081 6152
f 6081 6153 6152
f 6081 6082 6153
f 6082 6154 6153
f 6082 6083 6154
f 6083 6155 6154
f 6083 6084 6155
f 6084 6156 6155
f 6084 6085 6156
f 6085 6157 6156
f 6085 6086 6157
f 6086 6158 6157
f 6086 6087 6158
f 6087 6159 6158
f 6087 6088 6159
f 6088 6160 6159
f 6088 6089 6160
f 6089 6161 6160
f 6089 6090 6161
f 6090 6162 6161
f 6090 6091 6162
f 6091 6163 6162
f 6091 6092 6163
f 6092 6164 6163
f 6092 6093 6164
f 6093 6165 6164
f 6093 6094 6165
f 6094 6166 6165
f 6094 6095 6166
f 6095 6167 6166
f 6095 6096 6167
f 6096 6168 6167
f 6096 6097 6168
f 6097 6169 6168
f 6097 6098 6169
f 6098 6170 6169
f 6098 6099 6170
f 6099 6171 6170
f 6099 6100 6171
f 6100 6172 6171
f 6100 6101 6172
f 6101 6173 6172
f 6101 6102 6173
f 6102 6174 6173
f 6102 6103 6174
f 6103 6175 6174
f 6103 6104 6175
f 6104 6176 6175
f 6104 6105 6176
f 6105 6177 6176
f 6105 6106 6177
f 6106 6178 6177
f 6106 6107 6178
f 6107 6179 6178
f 6107 6108 6179
f 6108 6180 6179
f 6108 6109 6180
f 6109 6181 6180
f 6109 6110 6181
f 6110 6182 6181
f 6110 6111 6182
f 6111 6183 6182
f 6111 6112 6183
f 6112 6184 6183
f 6112 6113 6184
f 6113 6185 6184
f 6113 6114 6185
f 6114 6186 6185
f 6114 6115 6186
f 6115 6187 6186
f 6115 6116 6187
f 6116 6188 6187
f 6116 6117 6188
f 6117 6189 6188
f 6117 6118 6189
f 6118 6190 6189
f 6118 6119 6190
f 6119 6191 6190
f 6119 6120 6191
f 6120 6192 6191
f 6120 6049 6192
f 6049 6121 6192
f 6121 6122 6193
f 6122 6194 6193
f 6122 6123 6194
f 6123 6195 6194
f 6123 6124 6195
f 6124 6196 6195
f 6124 6125 6196
f 6125 6197 6196
f 6125 6126 6197
f 6126 6198 6197
f 6126 6127 6198
f 6127 6199 6198
f 6127 6128 6199
f 6128 6200 6199
f 6128 6129 6200
f 6129 6201 6200
f 6129 6130 6201
f 6130 6202 6201
f 6130 6131 6202
f 6131 6203 6202
f 6131 6132 6203
f 6132 6204 6203
f 6132 6133 6204
f 6133 6205 6204
f 6133 6134 6205
f 6134 6206 6205
f 6134 6135 6206
f 6135 6207 6206
f 6135 6136 6207
f 6136 6208 6207
f 6136 6137 6208
f 6137 6209 6208
f 6137 6138 6209
f 6138 6210 6209
f 6138 6139 6210
f 6139 6211 6210
f 6139 6140 6211
f 6140 6212 6211
f 6140 6141 6212
f 6141 6213 6212
f 6141 6142 6213
f 6142 6214 6213
f 6142 6143 6214
f 6143 6215 6214
f 6143 6144 6215
f 6144 6216 6215
f 6144 6145 6216
f 6145 6217 6216
f 6145 6146 6217
f 6146 6218 6217
f 6146 6147 6218
f 6147 6219 6218
f 6147 6148 6219
f 6148 6220 6219
f 6148 6149 6220
f 6149 6221 6220
f 6149 6150 6221
f 6150 6222 6221
f 6150 6151 6222
f 6151 6223 6222
f 6151 6152 6223
f 6152 6224 6223
f 6152 6153 6224
f 6153 6225 6224
f 6153 6154 6225
f 6154 6226 6225
f 6154 6155 6226
f 6155 6227 6226
f 6155 6156 6227
f 6156 6228 6227
f 6156 6157 6228
f 6157 6229 6228
f 6157 6158 6229
f 6158 6230 6229
f 6158 6159 6230
f 6159 6231 6230
f 6159 6160 6231
f 6160 6232 6231
f 6160 6161 6232
f 6161 6233 6232
f 6161 6162 6233
f 6162 6234 6233
f 6162 6163 6234
f 6163 6235 6234
f 6163 6164 6235
f 6164 6236 6235
f 6164 6165 6236
f 6165 6237 6236
f 6165 6166 6237
f 6166 6238 6237
f 6166 6167 6238
f 6167 6239 6238
f 6167 6168 6239
f 6168 6240 6239
f 6168 6169 6240
f 6169 6241 6240
f 6169 6170 6241
f 6170 6242 6241
f 6170 6171 6242
f 6171 6243 6242
f 6171 6172 6243
f 6172 6244 6243
f 6172 6173 6244
f 6173 6245 6244
f 6173 6174 6245
f 6174 6246 6245
f 6174 6175 6246
f 6175 6247 6246
f 6175 6176 6247
f 6176 6248 6247
f 6176 6177 6248
f 6177 6249 6248
f 6177 6178 6249
f 6178 6250 6249
f 6178 6179 6250
f 6179 6251 6250
f 6179 6180 6251
f 6180 6252 6251
f 6180 6181 6252
f 6181 6253 6252
f 6181 6182 6253
f 6182 6254 6253
f 6182 6183 6254
f 6183 6255 6254
f 6183 6184 6255
f 6184 6256 6255
f 6184 6185 6256
f 6185 6257 6256
f 6185 6186 6257
f 6186 6258 6257
f 6186 6187 6258
f 6187 6259 6258
f 6187 6188 6259
f 6188 6260 6259
f 6188 6189 6260
f 6189 6261 6260
f 6189 6190 6261
f 6190 6262 6261
f 6190 6191 6262
f 6191 6263 6262
f 6191 6192 6263
f 6192 6264 6263
f 6192 6121 6264
f 6121 6193 6264
f 6193 6194 6265
f 6194 6266 6265
f 6194 6195 6266
f 6195 6267 6266
f 6195 6196 6267
f 6196 6268 6267
f 6196 6197 6268
f 6197 6269 6268
f 6197 6198 6269
f 6198 6270 6269
f 6198 6199 6270
f 6199 6271 6270
f 6199 6200 6271
f 6200 6272 6271
f 6200 6201 6272
f 6201 6273 6272
f 6201 6202 6273
f 6202 6274 6273
f 6202 6203 6274
f 6203 6275 6274
f 6203 6204 6275
f 6204 6276 6275
f 6204 6205 6276
f 6205 6277 6276
f 6205 6206 6277
f 6206 6278 6277
f 6206 6207 6278
f 6207 6279 6278
f 6207 6208 6279
f 6208 6280 6279
f 6208 6209 6280
f 6209 6281 6280
f 6209 6210 6281
f 6210 6282 6281
f 6210 6211 6282
f 6211 6283 6282
f 6211 6212 6283
f 6212 6284 6283
f 6212 6213 6284
f 6213 6285 6284
f 6213 6214 6285
f 6214 6286 6285
f 6214 6215 6286
f 6215 6287 6286
f 6215 6216 6287
f 6216 6288 6287
f 6216 6217 6288
f 6217 6289 6288
f 6217 6218 6289
f 6218 6290 6289
f 6218 6219 6290
f 6219 6291 6290
f 6219 6220 6291
f 6220 6292 6291
f 6220 6221 6292
f 6221 6293 6292
f 6221 6222 6293
f 6222 6294 6293
f 6222 6223 6294
f 6223 6295 6294
f 6223 6224 6295
f 6224 6296 6295
f 6224 6225 6296
f 6225 6297 6296
f 6225 6226 6297
f 6226 6298 6297
f 6226 6227 6298
f 6227 6299 6298
f 6227 6228 6299
f 6228 6300 6299
f 6228 6229 6300
f 6229 6301 6300
f 6229 6230 6301
f 6230 6302 6301
f 6230 6231 6302
f 6231 6303 6302
f 6231 6232 6303
f 6232 6304 6303
f 6232 6233 6304
f 6233 6305 6304
f 6233 6234 6305
f 6234 6306 6305
f 6234 6235 6306
f 6235 6307 6306
f 6235 6236 6307
f 6236 6308 6307
f 6236 6237 6308
f 6237 6309 6308
f 6237 6238 6309
f 6238 6310 6309
f 6238 6239 6310
f 6239 6311 6310
f 6239 6240 6311
f 6240 6312 6311
f 6240 6241 6312
f 6241 6313 6312
f 6241 6242 6313
f 6242 6314 6313
f 6242 6243 6314
f 6243 6315 6314
f 6243 6244 6315
f 6244 6316 6315
f 6244 6245 6316
f 6245 6317 6316
f 6245 6246 6317
f 6246 6318 6317
f 6246 6247 6318
f 6247 6319 6318
f 6247 6248 6319
f 6248 6320 6319
f 6248 6249 6320
f 6249 6321 6320
f 6249 6250 6321
f 6250 6322 6321
f 6250 6251 6322
f 6251 6323 6322
f 6251 6252 6323
f 6252 6324 6323
f 6252 6253 6324
f 6253 6325 6324
f 6253 6254 6325
f 6254 6326 6325
f 6254 6255 6326
f 6255 6327 6326
f 6255 6256 6327
f 6256 6328 6327
f 6256 6257 6328
f 6257 6329 6328
f 6257 6258 6329
f 6258 6330 6329
f 6258 6259 6330
f 6259 6331 6330
f 6259 6260 6331
f 6260 6332 6331
f 6260 6261 6332
f 6261 6333 6332
f 6261 6262 6333
f 6262 6334 6333
f 6262 6263 6334
f 6263 6335 6334
f 6263 6264 6335
f 6264 6336 6335
f 6264 6193 6336
f 6193 6265 6336
f 6265 6266 6337
f 6266 6338 6337
f 6266 6267 6338
f 6267 6339 6338
f 6267 6268 6339
f 6268 6340 6339
f 6268 6269 6340
f 6269 6341 6340
f 6269 6270 6341
f 6270 6342 6341
f 6270 6271 6342
f 6271 6343 6342
f 6271 6272 6343
f 6272 6344 6343
f 6272 6273 6344
f 6273 6345 6344
f 6273 6274 6345
f 6274 6346 6345
f 6274 6275 6346
f 6275 6347 6346
f 6275 6276 6347
f 6276 6348 6347
f 6276 6277 6348
f 6277 6349 6348
f 6277 6278 6349
f 6278 6350 6349
f 6278 6279 6350
f 6279 6351 6350
f 6279 6280 6351
f 6280 6352 6351
f 6280 6281 6352
f 6281 6353 6352
f 6281 6282 6353
f 6282 6354 6353
f 6282 6283 6354
f 6283 6355 6354
f 6283 6284 6355
f 6284 6356 6355
f 6284 6285 6356
f 6285 6357 6356
f 6285 6286 6357
f 6286 6358 6357
f 6286 6287 6358
f 6287 6359 6358
f 6287 6288 6359
f 6288 6360 6359
f 6288 6289 6360
f 6289 6361 6360
f 6289 6290 6361
f 6290 6362 6361
f 6290 6291 6362
f 6291 6363 6362
f 6291 6292 6363
f 6292 6364 6363
f 6292 6293 6364
f 6293 6365 6364
f 6293 6294 6365
f 6294 6366 6365
f 6294 6295 6366
f 6295 6367 6366
f 6295 6296 6367
f 6296 6368 6367
f 6296 6297 6368
f 6297 6369 6368
f 6297 6298 6369
f 6298 6370 6369
f 6298 6299 6370
f 6299 6371 6370
f 6299 6300 6371
f 6300 6372 6371
f 6300 6301 6372
f 6301 6373 6372
f 6301 6302 6373
f 6302 6374 6373
f 6302 6303 6374
f 6303 6375 6374
f 6303 6304 6375
f 6304 6376 6375
f 6304 6305 6376
f 6305 6377 6376
f 6305 6306 6377
f 6306 6378 6377
f 6306 6307 6378
f 6307 6379 6378
f 6307 6308 6379
f 6308 6380 6379
f 6308 6309 6380
f 6309 6381 6380
f 6309 6310 6381
f 6310 6382 6381
f 6310 6311 6382
f 6311 6383 6382
f 6311 6312 6383
f 6312 6384 6383
f 6312 6313 6384
f 6313 6385 6384
f 6313 6314 6385
f 6314 6386 6385
f 6314 6315 6386
f 6315 6387 6386
f 6315 6316 6387
f 6316 6388 6387
f 6316 6317 6388
f 6317 6389 6388
f 6317 6318 6389
f 6318 6390 6389
f 6318 6319 6390
f 6319 6391 6390
f 6319 6320 6391
f 6320 6392 6391
f 6320 6321 6392
f 6321 6393 6392
f 6321 6322 6393
f 6322 6394 6393
f 6322 6323 6394
f 6323 6395 6394
f 6323 6324 6395
f 6324 6396 6395
f 6324 6325 6396
f 6325 6397 6396
f 6325 6326 6397
f 6326 6398 6397
f 6326 6327 6398
f 6327 6399 6398
f 6327 6328 6399
f 6328 6400 6399
f 6328 6329 6400
f 6329 6401 6400
f 6329 6330 6401
f 6330 6402 6401
f 6330 6331 6402
f 6331 6403 6402
f 6331 6332 6403
f 6332 6404 6403
f 6332 6333 6404
f 6333 6405 6404
f 6333 6334 6405
f 6334 6406 6405
f 6334 6335 6406
f 6335 6407 6406
f 6335 6336 6407
f 6336 6408 6407
f 6336 6265 6408
f 6265 6337 6408
f 6337 6338 6409
f 6338 6410 6409
f 6338 6339 6410
f 6339 6411 6410
f 6339 6340 6411
f 6340 6412 6411
f 6340 6341 6412
f 6341 6413 6412
f 6341 6342 6413
f 6342 6414 6413
f 6342 6343 6414
f 6343 6415 6414
f 6343 6344 6415
f 6344 6416 6415
f 6344 6345 6416
f 6345 6417 6416
f 6345 6346 6417
f 6346 6418 6417
f 6346 6347 6418
f 6347 6419 6418
f 6347 6348 6419
f 6348 6420 6419
f 6348 6349 6420
f 6349 6421 6420
f 6349 6350 6421
f 6350 6422 6421
f 6350 6351 6422
f 6351 6423 6422
f 6351 6352 6423
f 6352 6424 6423
f 6352 6353 6424
f 6353 6425 6424
f 6353 6354 6425
f 6354 6426 6425
f 6354 6355 6426
f 6355 6427 6426
f 6355 6356 6427
f 6356 6428 6427
f 6356 6357 6428
f 6357 6429 6428
f 6357 6358 6429
f 6358 6430 6429
f 6358 6359 6430
f 6359 6431 6430
f 6359 6360 6431
f 6360 6432 6431
f 6360 6361 6432
f 6361 6433 6432
f 6361 6362 6433
f 6362 6434 6433
f 6362 6363 6434
f 6363 6435 6434
f 6363 6364 6435
f 6364 6436 6435
f 6364 6365 6436
f 6365 6437 6436
f 6365 6366 6437
f 6366 6438 6437
f 6366 6367 6438
f 6367 6439 6438
f 6367 6368 6439
f 6368 6440 6439
f 6368 6369 6440
f 6369 6441 6440
f 6369 6370 6441
f 6370 6442 6441
f 6370 6371 6442
f 6371 6443 6442
f 6371 6372 6443
f 6372 6444 6443
f 6372 6373 6444
f 6373 6445 6444
f 6373 6374 6445
f 6374 6446 6445
f 6374 6375 6446
f 6375 6447 6446
f 6375 6376 6447
f 6376 6448 6447
f 6376 6377 6448
f 6377 6449 6448
f 6377 6378 6449
f 6378 6450 6449
f 6378 6379 6450
f 6379 6451 6450
f 6379 6380 6451
f 6380 6452 6451
f 6380 6381 6452
f 6381 6453 6452
f 6381 6382 6453
f 6382 6454 6453
f 6382 6383 6454
f 6383 6455 6454
f 6383 6384 6455
f 6384 6456 6455
f 6384 6385 6456
f 6385 6457 6456
f 6385 6386 6457
f 6386 6458 6457
f 6386 6387 6458
f 6387 6459 6458
f 6387 6388 6459
f 6388 6460 6459
f 6388 6389 6460
f 6389 6461 6460
f 6389 6390 6461
f 6390 6462 6461
f 6390 6391 6462
f 6391 6463 6462
f 6391 6392 6463
f 6392 6464 6463
f 6392 6393 6464
f 6393 6465 6464
f 6393 6394 6465
f 6394 6466 6465
f 6394 6395 6466
f 6395 6467 6466
f 6395 6396 6467
f 6396 6468 6467
f 6396 6397 6468
f 6397 6469 6468
f 6397 6398 6469
f 6398 6470 6469
f 6398 6399 6470
f 6399 6471 6470
f 6399 6400 6471
f 6400 6472 6471
f 6400 6401 6472
f 6401 6473 6472
f 6401 6402 6473
f 6402 6474 6473
f 6402 6403 6474
f 6403 6475 6474
f 6403 6404 6475
f 6404 6476 6475
f 6404 6405 6476
f 6405 6477 6476
f 6405 6406 6477
f 6406 6478 6477
f 6406 6407 6478
f 6407 6479 6478
f 6407 6408 6479
f 6408 6480 6479
f 6408 6337 6480
f 6337 6409 6480
f 6409 6410 6481
f 6410 6482 6481
f 6410 6411 6482
f 6411 6483 6482
f 6411 6412 6483
f 6412 6484 6483
f 6412 6413 6484
f 6413 6485 6484
f 6413 6414 6485
f 6414 6486 6485
f 6414 6415 6486
f 6415 6487 6486
f 6415 6416 6487
f 6416 6488 6487
f 6416 6417 6488
f 6417 6489 6488
f 6417 6418 6489
f 6418 6490 6489
f 6418 6419 6490
f 6419 6491 6490
f 6419 6420 6491
f 6420 6492 6491
f 6420 6421 6492
f 6421 6493 6492
f 6421 6422 6493
f 6422 6494 6493
f 6422 6423 6494
f 6423 6495 6494
f 6423 6424 6495
f 6424 6496 6495
f 6424 6425 6496
f 6425 6497 6496
f 6425 6426 6497
f 6426 6498 6497
f 6426 6427 6498
f 6427 6499 6498
f 6427 6428 6499
f 6428 6500 6499
f 6428 6429 6500
f 6429 6501 6500
f 6429 6430 6501
f 6430 6502 6501
f 6430 6431 6502
f 6431 6503 6502
f 6431 6432 6503
f 6432 6504 6503
f 6432 6433 6504
f 6433 6505 6504
f 6433 6434 6505
f 6434 6506 6505
f 6434 6435 6506
f 6435 6507 6506
f 6435 6436 6507
f 6436 6508 6507
f 6436 6437 6508
f 6437 6509 6508
f 6437 6438 6509
f 6438 6510 6509
f 6438 6439 6510
f 6439 6511 6510
f 6439 6440 6511
f 6440 6512 6511
f 6440 6441 6512
f 6441 6513 6512
f 6441 6442 6513
f 6442 6514 6513
f 6442 6443 6514
f 6443 6515 6514
f 6443 6444 6515
f 6444 6516 6515
f 6444 6445 6516
f 6445 6517 6516
f 6445 6446 6517
f 6446 6518 6517
f 6446 6447 6518
f 6447 6519 6518
f 6447 6448 6519
f 6448 6520 6519
f 6448 6449 6520
f 6449 6521 6520
f 6449 6450 6521
f 6450 6522 6521
f 6450 6451 6522
f 6451 6523 6522
f 6451 6452 6523
f 6452 6524 6523
f 6452 6453 6524
f 6453 6525 6524
f 6453 6454 6525
f 6454 6526 6525
f 6454 6455 6526
f 6455 6527 6526
f 6455 6456 6527
f 6456 6528 6527
f 6456 6457 6528
f 6457 6529 6528
f 6457 6458 6529
f 6458 6530 6529
f 6458 6459 6530
f 6459 6531 6530
f 6459 6460 6531
f 6460 6532 6531
f 6460 6461 6532
f 6461 6533 6532
f 6461 6462 6533
f 6462 6534 6533
f 6462 6463 6534
f 6463 6535 6534
f 6463 6464 6535
f 6464 6536 6535
f 6464 6465 6536
f 6465 6537 6536
f 6465 6466 6537
f 6466 6538 6537
f 6466 6467 6538
f 6467 6539 6538
f 6467 6468 6539
f 6468 6540 6539
f 6468 6469 6540
f 6469 6541 6540
f 6469 6470 6541
f 6470 6542 6541
f 6470 6471 6542
f 6471 6543 6542
f 6471 6472 6543
f 6472 6544 6543
f 6472 6473 6544
f 6473 6545 6544
f 6473 6474 6545
f 6474 6546 6545
f 6474 6475 6546
f 6475 6547 6546
f 6475 6476 6547
f 6476 6548 6547
f 6476 6477 6548
f 6477 6549 6548
f 6477 6478 6549
f 6478 6550 6549
f 6478 6479 6550
f 6479 6551 6550
f 6479 6480 6551
f 6480 6552 6551
f 6480 6409 6552
f 6409 6481 6552
f 6481 6482 6553
f 6482 6554 6553
f 6482 6483 6554
f 6483 6555 6554
f 6483 6484 6555
f 6484 6556 6555
f 6484 6485 6556
f 6485 6557 6556
f 6485 6486 6557
f 6486 6558 6557
f 6486 6487 6558
f 6487 6559 6558
f 6487 6488 6559
f 6488 6560 6559
f 6488 6489 6560
f 6489 6561 6560
f 6489 6490 6561
f 6490 6562 6561
f 6490 6491 6562
f 6491 6563 6562
f 6491 6492 6563
f 6492 6564 6563
f 6492 6493 6564
f 6493 6565 6564
f 6493 6494 6565
f 6494 6566 6565
f 6494 6495 6566
f 6495 6567 6566
f 6495 6496 6567
f 6496 6568 6567
f 6496 6497 6568
f 6497 6569 6568
f 6497 6498 6569
f 6498 6570 6569
f 6498 6499 6570
f 6499 6571 6570
f 6499 6500 6571
f 6500 6572 6571
f 6500 6501 6572
f 6501 6573 6572
f 6501 6502 6573
f 6502 6574 6573
f 6502 6503 6574
f 6503 6575 6574
f 6503 6504 6575
f 6504 6576 6575
f 6504 6505 6576
f 6505 6577 6576
f 6505 6506 6577
f 6506 6578 6577
f 6506 6507 6578
f 6507 6579 6578
f 6507 6508 6579
f 6508 6580 6579
f 6508 6509 6580
f 6509 6581 6580
f 6509 6510 6581
f 6510 6582 6581
f 6510 6511 6582
f 6511 6583 6582
f 6511 6512 6583
f 6512 6584 6583
f 6512 6513 6584
f 6513 6585 6584
f 6513 6514 6585
f 6514 6586 6585
f 6514 6515 6586
f 6515 6587 6586
f 6515 6516 6587
f 6516 6588 6587
f 6516 6517 6588
f 6517 6589 6588
f 6517 6518 6589
f 6518 6590 6589
f 6518 6519 6590
f 6519 6591 6590
f 6519 6520 6591
f 6520 6592 6591
f 6520 6521 6592
f 6521 6593 6592
f 6521 6522 6593
f 6522 6594 6593
f 6522 6523 6594
f 6523 6595 6594
f 6523 6524 6595
f 6524 6596 6595
f 6524 6525 6596
f 6525 6597 6596
f 6525 6526 6597
f 6526 6598 6597
f 6526 6527 6598
f 6527 6599 6598
f 6527 6528 6599
f 6528 6600 6599
f 6528 6529 6600
f 6529 6601 6600
f 6529 6530 6601
f 6530 6602 6601
f 6530 6531 6602
f 6531 6603 6602
f 6531 6532 6603
f 6532 6604 6603
f 6532 6533 6604
f 6533 6605 6604
f 6533 6534 6605
f 6534 6606 6605
f 6534 6535 6606
f 6535 6607 6606
f 6535 6536 6607
f 6536 6608 6607
f 6536 6537 6608
f 6537 6609 6608
f 6537 6538 6609
f 6538 6610 6609
f 6538 6539 6610
f 6539 6611 6610
f 6539 6540 6611
f 6540 6612 6611
f 6540 6541 6612
f 6541 6613 6612
f 6541 6542 6613
f 6542 6614 6613
f 6542 6543 6614
f 6543 6615 6614
f 6543 6544 6615
f 6544 6616 6615
f 6544 6545 6616
f 6545 6617 6616
f 6545 6546 6617
f 6546 6618 6617
f 6546 6547 6618
f 6547 6619 6618
f 6547 6548 6619
f 6548 6620 6619
f 6548 6549 6620
f 6549 6621 6620
f 6549 6550 6621
f 6550 6622 6621
f 6550 6551 6622
f 6551 6623 6622
f 6551 6552 6623
f 6552 6624 6623
f 6552 6481 6624
f 6481 6553 6624
f 6553 6554 6625
f 6554 6626 6625
f 6554 6555 6626
f 6555 6627 6626
f 6555 6556 6627
f 6556 6628 6627
f 6556 6557 6628
f 6557 6629 6628
f 6557 6558 6629
f 6558 6630 6629
f 6558 6559 6630
f 6559 6631 6630
f 6559 6560 6631
f 6560 6632 6631
f 6560 6561 6632
f 6561 6633 6632
f 6561 6562 6633
f 6562 6634 6633
f 6562 6563 6634
f 6563 6635 6634
f 6563 6564 6635
f 6564 6636 6635
f 6564 6565 6636
f 6565 6637 6636
f 6565 6566 6637
f 6566 6638 6637
f 6566 6567 6638
f 6567 6639 6638
f 6567 6568 6639
f 6568 6640 6639
f 6568 6569 6640
f 6569 6641 6640
f 6569 6570 6641
f 6570 6642 6641
f 6570 6571 6642
f 6571 6643 6642
f 6571 6572 6643
f 6572 6644 6643
f 6572 6573 6644
f 6573 6645 6644
f 6573 6574 6645
f 6574 6646 6645
f 6574 6575 6646
f 6575 6647 6646
f 6575 6576 6647
f 6576 6648 6647
f 6576 6577 6648
f 6577 6649 6648
f 6577 6578 6649
f 6578 6650 6649
f 6578 6579 6650
f 6579 6651 6650
f 6579 6580 6651
f 6580 6652 6651
f 6580 6581 6652
f 6581 6653 6652
f 6581 6582 6653
f 6582 6654 6653
f 6582 6583 6654
f 6583 6655 6654
f 6583 6584 6655
f 6584 6656 6655
f 6584 6585 6656
f 6585 6657 6656
f 6585 6586 6657
f 6586 6658 6657
f 6586 6587 6658
f 6587 6659 6658
f 6587 6588 6659
f 6588 6660 6659
f 6588 6589 6660
f 6589 6661 6660
f 6589 6590 6661
f 6590 6662 6661
f 6590 6591 6662
f 6591 6663 6662
f 6591 6592 6663
f 6592 6664 6663
f 6592 6593 6664
f 6593 6665 6664
f 6593 6594 6665
f 6594 6666 6665
f 6594 6595 6666
f 6595 6667 6666
f 6595 6596 6667
f 6596 6668 6667
f 6596 6597 6668
f 6597 6669 6668
f 6597 6598 6669
f 6598 6670 6669
f 6598 6599 6670
f 6599 6671 6670
f 6599 6600 6671
f 6600 6672 6671
f 6600 6601 6672
f 6601 6673 6672
f 6601 6602 6673
f 6602 6674 6673
f 6602 6603 6674
f 6603 6675 6674
f 6603 6604 6675
f 6604 6676 6675
f 6604 6605 6676
f 6605 6677 6676
f 6605 6606 6677
f 6606 6678 6677
f 6606 6607 6678
f 6607 6679 6678
f 6607 6608 6679
f 6608 6680 6679
f 6608 6609 6680
f 6609 6681 6680
f 6609 6610 6681
f 6610 6682 6681
f 6610 6611 6682
f 6611 6683 6682
f 6611 6612 6683
f 6612 6684 6683
f 6612 6613 6684
f 6613 6685 6684
f 6613 6614 6685
f 6614 6686 6685
f 6614 6615 6686
f 6615 6687 6686
f 6615 6616 6687
f 6616 6688 6687
f 6616 6617 6688
f 6617 6689 6688
f 6617 6618 6689
f 6618 6690 6689
f 6618 6619 6690
f 6619 6691 6690
f 6619 6620 6691
f 6620 6692 6691
f 6620 6621 6692
f 6621 6693 6692
f 6621 6622 6693
f 6622 6694 6693
f 6622 6623 6694
f 6623 6695 6694
f 6623 6624 6695
f 6624 6696 6695
f 6624 6553 6696
f 6553 6625 6696
f 6625 6626 6697
f 6626 6698 6697
f 6626 6627 6698
f 6627 6699 6698
f 6627 6628 6699
f 6628 6700 6699
f 6628 6629 6700
f 6629 6701 6700
f 6629 6630 6701
f 6630 6702 6701
f 6630 6631 6702
f 6631 6703 6702
f 6631 6632 6703
f 6632 6704 6703
f 6632 6633 6704
f 6633 6705 6704
f 6633 6634 6705
f 6634 6706 6705
f 6634 6635 6706
f 6635 6707 6706
f 6635 6636 6707
f 6636 6708 6707
f 6636 6637 6708
f 6637 6709 6708
f 6637 6638 6709
f 6638 6710 6709
f 6638 6639 6710
f 6639 6711 6710
f 6639 6640 6711
f 6640 6712 6711
f 6640 6641 6712
f 6641 6713 6712
f 6641 6642 6713
f 6642 6714 6713
f 6642 6643 6714
f 6643 6715 6714
f 6643 6644 6715
f 6644 6716 6715
f 6644 6645 6716
f 6645 6717 6716
f 6645 6646 6717
f 6646 6718 6717
f 6646 6647 6718
f 6647 6719 6718
f 6647 6648 6719
f 6648 6720 6719
f 6648 6649 6720
f 6649 6721 6720
f 6649 6650 6721
f 6650 6722 6721
f 6650 6651 6722
f 6651 6723 6722
f 6651 6652 6723
f 6652 6724 6723
f 6652 6653 6724
f 6653 6725 6724
f 6653 6654 6725
f 6654 6726 6725
f 6654 6655 6726
f 6655 6727 6726
f 6655 6656 6727
f 6656 6728 6727
f 6656 6657 6728
f 6657 6729 6728
f 6657 6658 6729
f 6658 6730 6729
f 6658 6659 6730
f 6659 6731 6730
f 6659 6660 6731
f 6660 6732 6731
f 6660 6661 6732
f 6661 6733 6732
f 6661 6662 6733
f 6662 6734 6733
f 6662 6663 6734
f 6663 6735 6734
f 6663 6664 6735
f 6664 6736 6735
f 6664 6665 6736
f 6665 6737 6736
f 6665 6666 6737
f 6666 6738 6737
f 6666 6667 6738
f 6667 6739 6738
f 6667 6668 6739
f 6668 6740 6739
f 6668 6669 6740
f 6669 6741 6740
f 6669 6670 6741
f 6670 6742 6741
f 6670 6671 6742
f 6671 6743 6742
f 6671 6672 6743
f 6672 6744 6743
f 6672 6673 6744
f 6673 6745 6744
f 6673 6674 6745
f 6674 6746 6745
f 6674 6675 6746
f 6675 6747 6746
f 6675 6676 6747
f 6676 6748 6747
f 6676 6677 6748
f 6677 6749 6748
f 6677 6678 6749
f 6678 6750 6749
f 6678 6679 6750
f 6679 6751 6750
f 6679 6680 6751
f 6680 6752 6751
f 6680 6681 6752
f 6681 6753 6752
f 6681 6682 6753
f 6682 6754 6753
f 6682 6683 6754
f 6683 6755 6754
f 6683 6684 6755
f 6684 6756 6755
f 6684 6685 6756
f 6685 6757 6756
f 6685 6686 6757
f 6686 6758 6757
f 6686 6687 6758
f 6687 6759 6758
f 6687 6688 6759
f 6688 6760 6759
f 6688 6689 6760
f 6689 6761 6760
f 6689 6690 6761
f 6690 6762 6761
f 6690 6691 6762
f 6691 6763 6762
f 6691 6692 6763
f 6692 6764 6763
f 6692 6693 6764
f 6693 6765 6764
f 6693 6694 6765
f 6694 6766 6765
f 6694 6695 6766
f 6695 6767 6766
f 6695 6696 6767
f 6696 6768 6767
f 6696 6625 6768
f 6625 6697 6768
f 6697 6698 6769
f 6698 6770 6769
f 6698 6699 6770
f 6699 6771 6770
f 6699 6700 6771
f 6700 6772 6771
f 6700 6701 6772
f 6701 6773 6772
f 6701 6702 6773
f 6702 6774 6773
f 6702 6703 6774
f 6703 6775 6774
f 6703 6704 6775
f 6704 6776 6775
f 6704 6705 6776
f 6705 6777 6776
f 6705 6706 6777
f 6706 6778 6777
f 6706 6707 6778
f 6707 6779 6778
f 6707 6708 6779
f 6708 6780 6779
f 6708 6709 6780
f 6709 6781 6780
f 6709 6710 6781
f 6710 6782 6781
f 6710 6711 6782
f 6711 6783 6782
f 6711 6712 6783
f 6712 6784 6783
f 6712 6713 6784
f 6713 6785 6784
f 6713 6714 6785
f 6714 6786 6785
f 6714 6715 6786
f 6715 6787 6786
f 6715 6716 6787
f 6716 6788 6787
f 6716 6717 6788
f 6717 6789 6788
f 6717 6718 6789
f 6718 6790 6789
f 6718 6719 6790
f 6719 6791 6790
f 6719 6720 6791
f 6720 6792 6791
f 6720 6721 6792
f 6721 6793 6792
f 6721 6722 6793
f 6722 6794 6793
f 6722 6723 6794
f 6723 6795 6794
f 6723 6724 6795
f 6724 6796 6795
f 6724 6725 6796
f 6725 6797 6796
f 6725 6726 6797
f 6726 6798 6797
f 6726 6727 6798
f 6727 6799 6798
f 6727 6728 6799
f 6728 6800 6799
f 6728 6729 6800
f 6729 6801 6800
f 6729 6730 6801
f 6730 6802 6801
f 6730 6731 6802
f 6731 6803 6802
f 6731 6732 6803
f 6732 6804 6803
f 6732 6733 6804
f 6733 6805 6804
f 6733 6734 6805
f 6734 6806 6805
f 6734 6735 6806
f 6735 6807 6806
f 6735 6736 6807
f 6736 6808 6807
f 6736 6737 6808
f 6737 6809 6808
f 6737 6738 6809
f 6738 6810 6809
f 6738 6739 6810
f 6739 6811 6810
f 6739 6740 6811
f 6740 6812 6811
f 6740 6741 6812
f 6741 6813 6812
f 6741 6742 6813
f 6742 6814 6813
f 6742 6743 6814
f 6743 6815 6814
f 6743 6744 6815
f 6744 6816 6815
f 6744 6745 6816
f 6745 6817 6816
f 6745 6746 6817
f 6746 6818 6817
f 6746 6747 6818
f 6747 6819 6818
f 6747 6748 6819
f 6748 6820 6819
f 6748 6749 6820
f 6749 6821 6820
f 6749 6750 6821
f 6750 6822 6821
f 6750 6751 6822
f 6751 6823 6822
f 6751 6752 6823
f 6752 6824 6823
f 6752 6753 6824
f 6753 6825 6824
f 6753 6754 6825
f 6754 6826 6825
f 6754 6755 6826
f 6755 6827 6826
f 6755 6756 6827
f 6756 6828 6827
f 6756 6757 6828
f 6757 6829 6828
f 6757 6758 6829
f 6758 6830 6829
f 6758 6759 6830
f 6759 6831 6830
f 6759 6760 6831
f 6760 6832 6831
f 6760 6761 6832
f 6761 6833 6832
f 6761 6762 6833
f 6762 6834 6833
f 6762 6763 6834
f 6763 6835 6834
f 6763 6764 6835
f 6764 6836 6835
f 6764 6765 6836
f 6765 6837 6836
f 6765 6766 6837
f 6766 6838 6837
f 6766 6767 6838
f 6767 6839 6838
f 6767 6768 6839
f 6768 6840 6839
f 6768 6697 6840
f 6697 6769 6840
f 6769 6770 6841
f 6770 6842 6841
f 6770 6771 6842
f 6771 6843 6842
f 6771 6772 6843
f 6772 6844 6843
f 6772 6773 6844
f 6773 6845 6844
f 6773 6774 6845
f 6774 6846 6845
f 6774 6775 6846
f 6775 6847 6846
f 6775 6776 6847
f 6776 6848 6847
f 6776 6777 6848
f 6777 6849 6848
f 6777 6778 6849
f 6778 6850 6849
f 6778 6779 6850
f 6779 6851 6850
f 6779 6780 6851
f 6780 6852 6851
f 6780 6781 6852
f 6781 6853 6852
f 6781 6782 6853
f 6782 6854 6853
f 6782 6783 6854
f 6783 6855 6854
f 6783 6784 6855
f 6784 6856 6855
f 6784 6785 6856
f 6785 6857 6856
f 6785 6786 6857
f 6786 6858 6857
f 6786 6787 6858
f 6787 6859 6858
f 6787 6788 6859
f 6788 6860 6859
f 6788 6789 6860
f 6789 6861 6860
f 6789 6790 6861
f 6790 6862 6861
f 6790 6791 6862
f 6791 6863 6862
f 6791 6792 6863
f 6792 6864 6863
f 6792 6793 6864
f 6793 6865 6864
f 6793 6794 6865
f 6794 6866 6865
f 6794 6795 6866
f 6795 6867 6866
f 6795 6796 6867
f 6796 6868 6867
f 6796 6797 6868
f 6797 6869 6868
f 6797 6798 6869
f 6798 6870 6869
f 6798 6799 6870
f 6799 6871 6870
f 6799 6800 6871
f 6800 6872 6871
f 6800 6801 6872
f 6801 6873 6872
f 6801 6802 6873
f 6802 6874 6873
f 6802 6803 6874
f 6803 6875 6874
f 6803 6804 6875
f 6804 6876 6875
f 6804 6805 6876
f 6805 6877 6876
f 6805 6806 6877
f 6806 6878 6877
f 6806 6807 6878
f 6807 6879 6878
f 6807 6808 6879
f 6808 6880 6879
f 6808 6809 6880
f 6809 6881 6880
f 6809 6810 6881
f 6810 6882 6881
f 6810 6811 6882
f 6811 6883 6882
f 6811 6812 6883
f 6812 6884 6883
f 6812 6813 6884
f 6813 6885 6884
f 6813 6814 6885
f 6814 6886 6885
f 6814 6815 6886
f 6815 6887 6886
f 6815 6816 6887
f 6816 6888 6887
f 6816 6817 6888
f 6817 6889 6888
f 6817 6818 6889
f 6818 6890 6889
f 6818 6819 6890
f 6819 6891 6890
f 6819 6820 6891
f 6820 6892 6891
f 6820 6821 6892
f 6821 6893 6892
f 6821 6822 6893
f 6822 6894 6893
f 6822 6823 6894
f 6823 6895 6894
f 6823 6824 6895
f 6824 6896 6895
f 6824 6825 6896
f 6825 6897 6896
f 6825 6826 6897
f 6826 6898 6897
f 6826 6827 6898
f 6827 6899 6898
f 6827 6828 6899
f 6828 6900 6899
f 6828 6829 6900
f 6829 6901 6900
f 6829 6830 6901
f 6830 6902 6901
f 6830 6831 6902
f 6831 6903 6902
f 6831 6832 6903
f 6832 6904 6903
f 6832 6833 6904
f 6833 6905 6904
f 6833 6834 6905
f 6834 6906 6905
f 6834 6835 6906
f 6835 6907 6906
f 6835 6836 6907
f 6836 6908 6907
f 6836 6837 6908
f 6837 6909 6908
f 6837 6838 6909
f 6838 6910 6909
f 6838 6839 6910
f 6839 6911 6910
f 6839 6840 6911
f 6840 6912 6911
f 6840 6769 6912
f 6769 6841 6912
f 6841 6842 6913
f 6842 6914 6913
f 6842 6843 6914
f 6843 6915 6914
f 6843 6844 6915
f 6844 6916 6915
f 6844 6845 6916
f 6845 6917 6916
f 6845 6846 6917
f 6846 6918 6917
f 6846 6847 6918
f 6847 6919 6918
f 6847 6848 6919
f 6848 6920 6919
f 6848 6849 6920
f 6849 6921 6920
f 6849 6850 6921
f 6850 6922 6921
f 6850 6851 6922
f 6851 6923 6922
f 6851 6852 6923
f 6852 6924 6923
f 6852 6853 6924
f 6853 6925 6924
f 6853 6854 6925
f 6854 6926 6925
f 6854 6855 6926
f 6855 6927 6926
f 6855 6856 6927
f 6856 6928 6927
f 6856 6857 6928
f 6857 6929 6928
f 6857 6858 6929
f 6858 6930 6929
f 6858 6859 6930
f 6859 6931 6930
f 6859 6860 6931
f 6860 6932 6931
f 6860 6861 6932
f 6861 6933 6932
f 6861 6862 6933
f 6862 6934 6933
f 6862 6863 6934
f 6863 6935 6934
f 6863 6864 6935
f 6864 6936 6935
f 6864 6865 6936
f 6865 6937 6936
f 6865 6866 6937
f 6866 6938 6937
f 6866 6867 6938
f 6867 6939 6938
f 6867 6868 6939
f 6868 6940 6939
f 6868 6869 6940
f 6869 6941 6940
f 6869 6870 6941
f 6870 6942 6941
f 6870 6871 6942
f 6871 6943 6942
f 6871 6872 6943
f 6872 6944 6943
f 6872 6873 6944
f 6873 6945 6944
f 6873 6874 6945
f 6874 6946 6945
f 6874 6875 6946
f 6875 6947 6946
f 6875 6876 6947
f 6876 6948 6947
f 6876 6877 6948
f 6877 6949 6948
f 6877 6878 6949
f 6878 6950 6949
f 6878 6879 6950
f 6879 6951 6950
f 6879 6880 6951
f 6880 6952 6951
f 6880 6881 6952
f 6881 6953 6952
f 6881 6882 6953
f 6882 6954 6953
f 6882 6883 6954
f 6883 6955 6954
f 6883 6884 6955
f 6884 6956 6955
f 6884 6885 6956
f 6885 6957 6956
f 6885 6886 6957
f 6886 6958 6957
f 6886 6887 6958
f 6887 6959 6958
f 6887 6888 6959
f 6888 6960 6959
f 6888 6889 6960
f 6889 6961 6960
f 6889 6890 6961
f 6890 6962 6961
f 6890 6891 6962
f 6891 6963 6962
f 6891 6892 6963
f 6892 6964 6963
f 6892 6893 6964
f 6893 6965 6964
f 6893 6894 6965
f 6894 6966 6965
f 6894 6895 6966
f 6895 6967 6966
f 6895 6896 6967
f 6896 6968 6967
f 6896 6897 6968
f 6897 6969 6968
f 6897 6898 6969
f 6898 6970 6969
f 6898 6899 6970
f 6899 6971 6970
f 6899 6900 6971
f 6900 6972 6971
f 6900 6901 6972
f 6901 6973 6972
f 6901 6902 6973
f 6902 6974 6973
f 6902 6903 6974
f 6903 6975 6974
f 6903 6904 6975
f 6904 6976 6975
f 6904 6905 6976
f 6905 6977 6976
f 6905 6906 6977
f 6906 6978 6977
f 6906 6907 6978
f 6907 6979 6978
f 6907 6908 6979
f 6908 6980 6979
f 6908 6909 6980
f 6909 6981 6980
f 6909 6910 6981
f 6910 6982 6981
f 6910 6911 6982
f 6911 6983 6982
f 6911 6912 6983
f 6912 6984 6983
f 6912 6841 6984
f 6841 6913 6984
f 6913 6914 6985
f 6914 6986 6985
f 6914 6915 6986
f 6915 6987 6986
f 6915 6916 6987
f 6916 6988 6987
f 6916 6917 6988
f 6917 6989 6988
f 6917 6918 6989
f 6918 6990 6989
f 6918 6919 6990
f 6919 6991 6990
f 6919 6920 6991
f 6920 6992 6991
f 6920 6921 6992
f 6921 6993 6992
f 6921 6922 6993
f 6922 6994 6993
f 6922 6923 6994
f 6923 6995 6994
f 6923 6924 6995
f 6924 6996 6995
f 6924 6925 6996
f 6925 6997 6996
f 6925 6926 6997
f 6926 6998 6997
f 6926 6927 6998
f 6927 6999 6998
f 6927 6928 6999
f 6928 7000 6999
f 6928 6929 7000
f 6929 7001 7000
f 6929 6930 7001
f 6930 7002 7001
f 6930 6931 7002
f 6931 7003 7002
f 6931 6932 7003
f 6932 7004 7003
f 6932 6933 7004
f 6933 7005 7004
f 6933 6934 7005
f 6934 7006 7005
f 6934 6935 7006
f 6935 7007 7006
f 6935 6936 7007
f 6936 7008 7007
f 6936 6937 7008
f 6937 7009 7008
f 6937 6938 7009
f 6938 7010 7009
f 6938 6939 7010
f 6939 7011 7010
f 6939 6940 7011
f 6940 7012 7011
f 6940 6941 7012
f 6941 7013 7012
f 6941 6942 7013
f 6942 7014 7013
f 6942 6943 7014
f 6943 7015 7014
f 6943 6944 7015
f 6944 7016 7015
f 6944 6945 7016
f 6945 7017 7016
f 6945 6946 7017
f 6946 7018 7017
f 6946 6947 7018
f 6947 7019 7018
f 6947 6948 7019
f 6948 7020 7019
f 6948 6949 7020
f 6949 7021 7020
f 6949 6950 7021
f 6950 7022 7021
f 6950 6951 7022
f 6951 7023 7022
f 6951 6952 7023
f 6952 7024 7023
f 6952 6953 7024
f 6953 7025 7024
f 6953 6954 7025
f 6954 7026 7025
f 6954 6955 7026
f 6955 7027 7026
f 6955 6956 7027
f 6956 7028 7027
f 6956 6957 7028
f 6957 7029 7028
f 6957 6958 7029
f 6958 7030 7029
f 6958 6959 7030
f 6959 7031 7030
f 6959 6960 7031
f 6960 7032 7031
f 6960 6961 7032
f 6961 7033 7032
f 6961 6962 7033
f 6962 7034 7033
f 6962 6963 7034
f 6963 7035 7034
f 6963 6964 7035
f 6964 7036 7035
f 6964 6965 7036
f 6965 7037 7036
f 6965 6966 7037
f 6966 7038 7037
f 6966 6967 7038
f 6967 7039 7038
f 6967 6968 7039
f 6968 7040 7039
f 6968 6969 7040
f 6969 7041 7040
f 6969 6970 7041
f 6970 7042 7041
f 6970 6971 7042
f 6971 7043 7042
f 6971 6972 7043
f 6972 7044 7043
f 6972 6973 7044
f 6973 7045 7044
f 6973 6974 7045
f 6974 7046 7045
f 6974 6975 7046
f 6975 7047 7046
f 6975 6976 7047
f 6976 7048 7047
f 6976 6977 7048
f 6977 7049 7048
f 6977 6978 7049
f 6978 7050 7049
f 6978 6979 7050
f 6979 7051 7050
f 6979 6980 7051
f 6980 7052 7051
f 6980 6981 7052
f 6981 7053 7052
f 6981 6982 7053
f 6982 7054 7053
f 6982 6983 7054
f 6983 7055 7054
f 6983 6984 7055
f 6984 7056 7055
f 6984 6913 7056
f 6913 6985 7056
f 6985 6986 7057
f 6986 7058 7057
f 6986 6987 7058
f 6987 7059 7058
f 6987 6988 7059
f 6988 7060 7059
f 6988 6989 7060
f 6989 7061 7060
f 6989 6990 7061
f 6990 7062 7061
f 6990 6991 7062
f 6991 7063 7062
f 6991 6992 7063
f 6992 7064 7063
f 6992 6993 7064
f 6993 7065 7064
f 6993 6994 7065
f 6994 7066 7065
f 6994 6995 7066
f 6995 7067 7066
f 6995 6996 7067
f 6996 7068 7067
f 6996 6997 7068
f 6997 7069 7068
f 6997 6998 7069
f 6998 7070 7069
f 6998 6999 7070
f 6999 7071 7070
f 6999 7000 7071
f 7000 7072 7071
f 7000 7001 7072
f 7001 7073 7072
f 7001 7002 7073
f 7002 7074 7073
f 7002 7003 7074
f 7003 7075 7074
f 7003 7004 7075
f 7004 7076 7075
f 7004 7005 7076
f 7005 7077 7076
f 7005 7006 7077
f 7006 7078 7077
f 7006 7007 7078
f 7007 7079 7078
f 7007 7008 7079
f 7008 7080 7079
f 7008 7009 7080
f 7009 7081 7080
f 7009 7010 7081
f 7010 7082 7081
f 7010 7011 7082
f 7011 7083 7082
f 7011 7012 7083
f 7012 7084 7083
f 7012 7013 7084
f 7013 7085 7084
f 7013 7014 7085
f 7014 7086 7085
f 7014 7015 7086
f 7015 7087 7086
f 7015 7016 7087
f 7016 7088 7087
f 7016 7017 7088
f 7017 7089 7088
f 7017 7018 7089
f 7018 7090 7089
f 7018 7019 7090
f 7019 7091 7090
f 7019 7020 7091
f 7020 7092 7091
f 7020 7021 7092
f 7021 7093 7092
f 7021 7022 7093
f 7022 7094 7093
f 7022 7023 7094
f 7023 7095 7094
f 7023 7024 7095
f 7024 7096 7095
f 7024 7025 7096
f 7025 7097 7096
f 7025 7026 7097
f 7026 7098 7097
f 7026 7027 7098
f 7027 7099 7098
f 7027 7028 7099
f 7028 7100 7099
f 7028 7029 7100
f 7029 7101 7100
f 7029 7030 7101
f 7030 7102 7101
f 7030 7031 7102
f 7031 7103 7102
f 7031 7032 7103
f 7032 7104 7103
f 7032 7033 7104
f 7033 7105 7104
f 7033 7034 7105
f 7034 7106 7105
f 7034 7035 7106
f 7035 7107 7106
f 7035 7036 7107
f 7036 7108 7107
f 7036 7037 7108
f 7037 7109 7108
f 7037 7038 7109
f 7038 7110 7109
f 7038 7039 7110
f 7039 7111 7110
f 7039 7040 7111
f 7040 7112 7111
f 7040 7041 7112
f 7041 7113 7112
f 7041 7042 7113
f 7042 7114 7113
f 7042 7043 7114
f 7043 7115 7114
f 7043 7044 7115
f 7044 7116 7115
f 7044 7045 7116
f 7045 7117 7116
f 7045 7046 7117
f 7046 7118 7117
f 7046 7047 7118
f 7047 7119 7118
f 7047 7048 7119
f 7048 7120 7119
f 7048 7049 7120
f 7049 7121 7120
f 7049 7050 7121
f 7050 7122 7121
f 7050 7051 7122
f 7051 7123 7122
f 7051 7052 7123
f 7052 7124 7123
f 7052 7053 7124
f 7053 7125 7124
f 7053 7054 7125
f 7054 7126 7125
f 7054 7055 7126
f 7055 7127 7126
f 7055 7056 7127
f 7056 7128 7127
f 7056 6985 7128
f 6985 7057 7128
f 7057 7058 7129
f 7058 7130 7129
f 7058 7059 7130
f 7059 7131 7130
f 7059 7060 7131
f 7060 7132 7131
f 7060 7061 7132
f 7061 7133 7132
f 7061 7062 7133
f 7062 7134 7133
f 7062 7063 7134
f 7063 7135 7134
f 7063 7064 7135
f 7064 7136 7135
f 7064 7065 7136
f 7065 7137 7136
f 7065 7066 7137
f 7066 7138 7137
f 7066 7067 7138
f 7067 7139 7138
f 7067 7068 7139
f 7068 7140 7139
f 7068 7069 7140
f 7069 7141 7140
f 7069 7070 7141
f 7070 7142 7141
f 7070 7071 7142
f 7071 7143 7142
f 7071 7072 7143
f 7072 7144 7143
f 7072 7073 7144
f 7073 7145 7144
f 7073 7074 7145
f 7074 7146 7145
f 7074 7075 7146
f 7075 7147 7146
f 7075 7076 7147
f 7076 7148 7147
f 7076 7077 7148
f 7077 7149 7148
f 7077 7078 7149
f 7078 7150 7149
f 7078 7079 7150
f 7079 7151 7150
f 7079 7080 7151
f 7080 7152 7151
f 7080 7081 7152
f 7081 7153 7152
f 7081 7082 7153
f 7082 7154 7153
f 7082 7083 7154
f 7083 7155 7154
f 7083 7084 7155
f 7084 7156 7155
f 7084 7085 7156
f 7085 7157 7156
f 7085 7086 7157
f 7086 7158 7157
f 7086 7087 7158
f 7087 7159 7158
f 7087 7088 7159
f 7088 7160 7159
f 7088 7089 7160
f 7089 7161 7160
f 7089 7090 7161
f 7090 7162 7161
f 7090 7091 7162
f 7091 7163 7162
f 7091 7092 7163
f 7092 7164 7163
f 7092 7093 7164
f 7093 7165 7164
f 7093 7094 7165
f 7094 7166 7165
f 7094 7095 7166
f 7095 7167 7166
f 7095 7096 7167
f 7096 7168 7167
f 7096 7097 7168
f 7097 7169 7168
f 7097 7098 7169
f 7098 7170 7169
f 7098 7099 7170
f 7099 7171 7170
f 7099 7100 7171
f 7100 7172 7171
f 7100 7101 7172
f 7101 7173 7172
f 7101 7102 7173
f 7102 7174 7173
f 7102 7103 7174
f 7103 7175 7174
f 7103 7104 7175
f 7104 7176 7175
f 7104 7105 7176
f 7105 7177 7176
f 7105 7106 7177
f 7106 7178 7177
f 7106 7107 7178
f 7107 7179 7178
f 7107 7108 7179
f 7108 7180 7179
f 7108 7109 7180
f 7109 7181 7180
f 7109 7110 7181
f 7110 7182 7181
f 7110 7111 7182
f 7111 7183 7182
f 7111 7112 7183
f 7112 7184 7183
f 7112 7113 7184
f 7113 7185 7184
f 7113 7114 7185
f 7114 7186 7185
f 7114 7115 7186
f 7115 7187 7186
f 7115 7116 7187
f 7116 7188 7187
f 7116 7117 7188
f 7117 7189 7188
f 7117 7118 7189
f 7118 7190 7189
f 7118 7119 7190
f 7119 7191 7190
f 7119 7120 7191
f 7120 7192 7191
f 7120 7121 7192
f 7121 7193 7192
f 7121 7122 7193
f 7122 7194 7193
f 7122 7123 7194
f 7123 7195 7194
f 7123 7124 7195
f 7124 7196 7195
f 7124 7125 7196
f 7125 7197 7196
f 7125 7126 7197
f 7126 7198 7197
f 7126 7127 7198
f 7127 7199 7198
f 7127 7128 7199
f 7128 7200 7199
f 7128 7057 7200
f 7057 7129 7200
f 7129 7130 7201
f 7130 7202 7201
f 7130 7131 7202
f 7131 7203 7202
f 7131 7132 7203
f 7132 7204 7203
f 7132 7133 7204
f 7133 7205 7204
f 7133 7134 7205
f 7134 7206 7205
f 7134 7135 7206
f 7135 7207 7206
f 7135 7136 7207
f 7136 7208 7207
f 7136 7137 7208
f 7137 7209 7208
f 7137 7138 7209
f 7138 7210 7209
f 7138 7139 7210
f 7139 7211 7210
f 7139 7140 7211
f 7140 7212 7211
f 7140 7141 7212
f 7141 7213 7212
f 7141 7142 7213
f 7142 7214 7213
f 7142 7143 7214
f 7143 7215 7214
f 7143 7144 7215
f 7144 7216 7215
f 7144 7145 7216
f 7145 7217 7216
f 7145 7146 7217
f 7146 7218 7217
f 7146 7147 7218
f 7147 7219 7218
f 7147 7148 7219
f 7148 7220 7219
f 7148 7149 7220
f 7149 7221 7220
f 7149 7150 7221
f 7150 7222 7221
f 7150 7151 7222
f 7151 7223 7222
f 7151 7152 7223
f 7152 7224 7223
f 7152 7153 7224
f 7153 7225 7224
f 7153 7154 7225
f 7154 7226 7225
f 7154 7155 7226
f 7155 7227 7226
f 7155 7156 7227
f 7156 7228 7227
f 7156 7157 7228
f 7157 7229 7228
f 7157 7158 7229
f 7158 7230 7229
f 7158 7159 7230
f 7159 7231 7230
f 7159 7160 7231
f 7160 7232 7231
f 7160 7161 7232
f 7161 7233 7232
f 7161 7162 7233
f 7162 7234 7233
f 7162 7163 7234
f 7163 7235 7234
f 7163 7164 7235
f 7164 7236 7235
f 7164 7165 7236
f 7165 7237 7236
f 7165 7166 7237
f 7166 7238 7237
f 7166 7167 7238
f 7167 7239 7238
f 7167 7168 7239
f 7168 7240 7239
f 7168 7169 7240
f 7169 7241 7240
f 7169 7170 7241
f 7170 7242 7241
f 7170 7171 7242
f 7171 7243 7242
f 7171 7172 7243
f 7172 7244 7243
f 7172 7173 7244
f 7173 7245 7244
f 7173 7174 7245
f 7174 7246 7245
f 7174 7175 7246
f 7175 7247 7246
f 7175 7176 7247
f 7176 7248 7247
f 7176 7177 7248
f 7177 7249 7248
f 7177 7178 7249
f 7178 7250 7249
f 7178 7179 7250
f 7179 7251 7250
f 7179 7180 7251
f 7180 7252 7251
f 7180 7181 7252
f 7181 7253 7252
f 7181 7182 7253
f 7182 7254 7253
f 7182 7183 7254
f 7183 7255 7254
f 7183 7184 7255
f 7184 7256 7255
f 7184 7185 7256
f 7185 7257 7256
f 7185 7186 7257
f 7186 7258 7257
f 7186 7187 7258
f 7187 7259 7258
f 7187 7188 7259
f 7188 7260 7259
f 7188 7189 7260
f 7189 7261 7260
f 7189 7190 7261
f 7190 7262 7261
f 7190 7191 7262
f 7191 7263 7262
f 7191 7192 7263
f 7192 7264 7263
f 7192 7193 7264
f 7193 7265 7264
f 7193 7194 7265
f 7194 7266 7265
f 7194 7195 7266
f 7195 7267 7266
f 7195 7196 7267
f 7196 7268 7267
f 7196 7197 7268
f 7197 7269 7268
f 7197 7198 7269
f 7198 7270 7269
f 7198 7199 7270
f 7199 7271 7270
f 7199 7200 7271
f 7200 7272 7271
f 7200 7129 7272
f 7129 7201 7272
f 7201 7202 7273
f 7202 7274 7273
f 7202 7203 7274
f 7203 7275 7274
f 7203 7204 7275
f 7204 7276 7275
f 7204 7205 7276
f 7205 7277 7276
f 7205 7206 7277
f 7206 7278 7277
f 7206 7207 7278
f 7207 7279 7278
f 7207 7208 7279
f 7208 7280 7279
f 7208 7209 7280
f 7209 7281 7280
f 7209 7210 7281
f 7210 7282 7281
f 7210 7211 7282
f 7211 7283 7282
f 7211 7212 7283
f 7212 7284 7283
f 7212 7213 7284
f 7213 7285 7284
f 7213 7214 7285
f 7214 7286 7285
f 7214 7215 7286
f 7215 7287 7286
f 7215 7216 7287
f 7216 7288 7287
f 7216 7217 7288
f 7217 7289 7288
f 7217 7218 7289
f 7218 7290 7289
f 7218 7219 7290
f 7219 7291 7290
f 7219 7220 7291
f 7220 7292 7291
f 7220 7221 7292
f 7221 7293 7292
f 7221 7222 7293
f 7222 7294 7293
f 7222 7223 7294
f 7223 7295 7294
f 7223 7224 7295
f 7224 7296 7295
f 7224 7225 7296
f 7225 7297 7296
f 7225 7226 7297
f 7226 7298 7297
f 7226 7227 7298
f 7227 7299 7298
f 7227 7228 7299
f 7228 7300 7299
f 7228 7229 7300
f 7229 7301 7300
f 7229 7230 7301
f 7230 7302 7301
f 7230 7231 7302
f 7231 7303 7302
f 7231 7232 7303
f 7232 7304 7303
f 7232 7233 7304
f 7233 7305 7304
f 7233 7234 7305
f 7234 7306 7305
f 7234 7235 7306
f 7235 7307 7306
f 7235 7236 7307
f 7236 7308 7307
f 7236 7237 7308
f 7237 7309 7308
f 7237 7238 7309
f 7238 7310 7309
f 7238 7239 7310
f 7239 7311 7310
f 7239 7240 7311
f 7240 7312 7311
f 7240 7241 7312
f 7241 7313 7312
f 7241 7242 7313
f 7242 7314 7313
f 7242 7243 7314
f 7243 7315 7314
f 7243 7244 7315
f 7244 7316 7315
f 7244 7245 7316
f 7245 7317 7316
f 7245 7246 7317
f 7246 7318 7317
f 7246 7247 7318
f 7247 7319 7318
f 7247 7248 7319
f 7248 7320 7319
f 7248 7249 7320
f 7249 7321 7320
f 7249 7250 7321
f 7250 7322 7321
f 7250 7251 7322
f 7251 7323 7322
f 7251 7252 7323
f 7252 7324 7323
f 7252 7253 7324
f 7253 7325 7324
f 7253 7254 7325
f 7254 7326 7325
f 7254 7255 7326
f 7255 7327 7326
f 7255 7256 7327
f 7256 7328 7327
f 7256 7257 7328
f 7257 7329 7328
f 7257 7258 7329
f 7258 7330 7329
f 7258 7259 7330
f 7259 7331 7330
f 7259 7260 7331
f 7260 7332 7331
f 7260 7261 7332
f 7261 7333 7332
f 7261 7262 7333
f 7262 7334 7333
f 7262 7263 7334
f 7263 7335 7334
f 7263 7264 7335
f 7264 7336 7335
f 7264 7265 7336
f 7265 7337 7336
f 7265 7266 7337
f 7266 7338 7337
f 7266 7267 7338
f 7267 7339 7338
f 7267 7268 7339
f 7268 7340 7339
f 7268 7269 7340
f 7269 7341 7340
f 7269 7270 7341
f 7270 7342 7341
f 7270 7271 7342
f 7271 7343 7342
f 7271 7272 7343
f 7272 7344 7343
f 7272 7201 7344
f 7201 7273 7344
f 7273 7274 7345
f 7274 7346 7345
f 7274 7275 7346
f 7275 7347 7346
f 7275 7276 7347
f 7276 7348 7347
f 7276 7277 7348
f 7277 7349 7348
f 7277 7278 7349
f 7278 7350 7349
f 7278 7279 7350
f 7279 7351 7350
f 7279 7280 7351
f 7280 7352 7351
f 7280 7281 7352
f 7281 7353 7352
f 7281 7282 7353
f 7282 7354 7353
f 7282 7283 7354
f 7283 7355 7354
f 7283 7284 7355
f 7284 7356 7355
f 7284 7285 7356
f 7285 7357 7356
f 7285 7286 7357
f 7286 7358 7357
f 7286 7287 7358
f 7287 7359 7358
f 7287 7288 7359
f 7288 7360 7359
f 7288 7289 7360
f 7289 7361 7360
f 7289 7290 7361
f 7290 7362 7361
f 7290 7291 7362
f 7291 7363 7362
f 7291 7292 7363
f 7292 7364 7363
f 7292 7293 7364
f 7293 7365 7364
f 7293 7294 7365
f 7294 7366 7365
f 7294 7295 7366
f 7295 7367 7366
f 7295 7296 7367
f 7296 7368 7367
f 7296 7297 7368
f 7297 7369 7368
f 7297 7298 7369
f 7298 7370 7369
f 7298 7299 7370
f 7299 7371 7370
f 7299 7300 7371
f 7300 7372 7371
f 7300 7301 7372
f 7301 7373 7372
f 7301 7302 7373
f 7302 7374 7373
f 7302 7303 7374
f 7303 7375 7374
f 7303 7304 7375
f 7304 7376 7375
f 7304 7305 7376
f 7305 7377 7376
f 7305 7306 7377
f 7306 7378 7377
f 7306 7307 7378
f 7307 7379 7378
f 7307 7308 7379
f 7308 7380 7379
f 7308 7309 7380
f 7309 7381 7380
f 7309 7310 7381
f 7310 7382 7381
f 7310 7311 7382
f 7311 7383 7382
f 7311 7312 7383
f 7312 7384 7383
f 7312 7313 7384
f 7313 7385 7384
f 7313 7314 7385
f 7314 7386 7385
f 7314 7315 7386
f 7315 7387 7386
f 7315 7316 7387
f 7316 7388 7387
f 7316 7317 7388
f 7317 7389 7388
f 7317 7318 7389
f 7318 7390 7389
f 7318 7319 7390
f 7319 7391 7390
f 7319 7320 7391
f 7320 7392 7391
f 7320 7321 7392
f 7321 7393 7392
f 7321 7322 7393
f 7322 7394 7393
f 7322 7323 7394
f 7323 7395 7394
f 7323 7324 7395
f 7324 7396 7395
f 7324 7325 7396
f 7325 7397 7396
f 7325 7326 7397
f 7326 7398 7397
f 7326 7327 7398
f 7327 7399 7398
f 7327 7328 7399
f 7328 7400 7399
f 7328 7329 7400
f 7329 7401 7400
f 7329 7330 7401
f 7330 7402 7401
f 7330 7331 7402
f 7331 7403 7402
f 7331 7332 7403
f 7332 7404 7403
f 7332 7333 7404
f 7333 7405 7404
f 7333 7334 7405
f 7334 7406 7405
f 7334 7335 7406
f 7335 7407 7406
f 7335 7336 7407
f 7336 7408 7407
f 7336 7337 7408
f 7337 7409 7408
f 7337 7338 7409
f 7338 7410 7409
f 7338 7339 7410
f 7339 7411 7410
f 7339 7340 7411
f 7340 7412 7411
f 7340 7341 7412
f 7341 7413 7412
f 7341 7342 7413
f 7342 7414 7413
f 7342 7343 7414
f 7343 7415 7414
f 7343 7344 7415
f 7344 7416 7415
f 7344 7273 7416
f 7273 7345 7416
f 7345 7346 7417
f 7346 7418 7417
f 7346 7347 7418
f 7347 7419 7418
f 7347 7348 7419
f 7348 7420 7419
f 7348 7349 7420
f 7349 7421 7420
f 7349 7350 7421
f 7350 7422 7421
f 7350 7351 7422
f 7351 7423 7422
f 7351 7352 7423
f 7352 7424 7423
f 7352 7353 7424
f 7353 7425 7424
f 7353 7354 7425
f 7354 7426 7425
f 7354 7355 7426
f 7355 7427 7426
f 7355 7356 7427
f 7356 7428 7427
f 7356 7357 7428
f 7357 7429 7428
f 7357 7358 7429
f 7358 7430 7429
f 7358 7359 7430
f 7359 7431 7430
f 7359 7360 7431
f 7360 7432 7431
f 7360 7361 7432
f 7361 7433 7432
f 7361 7362 7433
f 7362 7434 7433
f 7362 7363 7434
f 7363 7435 7434
f 7363 7364 7435
f 7364 7436 7435
f 7364 7365 7436
f 7365 7437 7436
f 7365 7366 7437
f 7366 7438 7437
f 7366 7367 7438
f 7367 7439 7438
f 7367 7368 7439
f 7368 7440 7439
f 7368 7369 7440
f 7369 7441 7440
f 7369 7370 7441
f 7370 7442 7441
f 7370 7371 7442
f 7371 7443 7442
f 7371 7372 7443
f 7372 7444 7443
f 7372 7373 7444
f 7373 7445 7444
f 7373 7374 7445
f 7374 7446 7445
f 7374 7375 7446
f 7375 7447 7446
f 7375 7376 7447
f 7376 7448 7447
f 7376 7377 7448
f 7377 7449 7448
f 7377 7378 7449
f 7378 7450 7449
f 7378 7379 7450
f 7379 7451 7450
f 7379 7380 7451
f 7380 7452 7451
f 7380 7381 7452
f 7381 7453 7452
f 7381 7382 7453
f 7382 7454 7453
f 7382 7383 7454
f 7383 7455 7454
f 7383 7384 7455
f 7384 7456 7455
f 7384 7385 7456
f 7385 7457 7456
f 7385 7386 7457
f 7386 7458 7457
f 7386 7387 7458
f 7387 7459 7458
f 7387 7388 7459
f 7388 7460 7459
f 7388 7389 7460
f 7389 7461 7460
f 7389 7390 7461
f 7390 7462 7461
f 7390 7391 7462
f 7391 7463 7462
f 7391 7392 7463
f 7392 7464 7463
f 7392 7393 7464
f 7393 7465 7464
f 7393 7394 7465
f 7394 7466 7465
f 7394 7395 7466
f 7395 7467 7466
f 7395 7396 7467
f 7396 7468 7467
f 7396 7397 7468
f 7397 7469 7468
f 7397 7398 7469
f 7398 7470 7469
f 7398 7399 7470
f 7399 7471 7470
f 7399 7400 7471
f 7400 7472 7471
f 7400 7401 7472
f 7401 7473 7472
f 7401 7402 7473
f 7402 7474 7473
f 7402 7403 7474
f 7403 7475 7474
f 7403 7404 7475
f 7404 7476 7475
f 7404 7405 7476
f 7405 7477 7476
f 7405 7406 7477
f 7406 7478 7477
f 7406 7407 7478
f 7407 7479 7478
f 7407 7408 7479
f 7408 7480 7479
f 7408 7409 7480
f 7409 7481 7480
f 7409 7410 7481
f 7410 7482 7481
f 7410 7411 7482
f 7411 7483 7482
f 7411 7412 7483
f 7412 7484 7483
f 7412 7413 7484
f 7413 7485 7484
f 7413 7414 7485
f 7414 7486 7485
f 7414 7415 7486
f 7415 7487 7486
f 7415 7416 7487
f 7416 7488 7487
f 7416 7345 7488
f 7345 7417 7488
f 7417 7418 7489
f 7418 7490 7489
f 7418 7419 7490
f 7419 7491 7490
f 7419 7420 7491
f 7420 7492 7491
f 7420 7421 7492
f 7421 7493 7492
f 7421 7422 7493
f 7422 7494 7493
f 7422 7423 7494
f 7423 7495 7494
f 7423 7424 7495
f 7424 7496 7495
f 7424 7425 7496
f 7425 7497 7496
f 7425 7426 7497
f 7426 7498 7497
f 7426 7427 7498
f 7427 7499 7498
f 7427 7428 7499
f 7428 7500 7499
f 7428 7429 7500
f 7429 7501 7500
f 7429 7430 7501
f 7430 7502 7501
f 7430 7431 7502
f 7431 7503 7502
f 7431 7432 7503
f 7432 7504 7503
f 7432 7433 7504
f 7433 7505 7504
f 7433 7434 7505
f 7434 7506 7505
f 7434 7435 7506
f 7435 7507 7506
f 7435 7436 7507
f 7436 7508 7507
f 7436 7437 7508
f 7437 7509 7508
f 7437 7438 7509
f 7438 7510 7509
f 7438 7439 7510
f 7439 7511 7510
f 7439 7440 7511
f 7440 7512 7511
f 7440 7441 7512
f 7441 7513 7512
f 7441 7442 7513
f 7442 7514 7513
f 7442 7443 7514
f 7443 7515 7514
f 7443 7444 7515
f 7444 7516 7515
f 7444 7445 7516
f 7445 7517 7516
f 7445 7446 7517
f 7446 7518 7517
f 7446 7447 7518
f 7447 7519 7518
f 7447 7448 7519
f 7448 7520 7519
f 7448 7449 7520
f 7449 7521 7520
f 7449 7450 7521
f 7450 7522 7521
f 7450 7451 7522
f 7451 7523 7522
f 7451 7452 7523
f 7452 7524 7523
f 7452 7453 7524
f 7453 7525 7524
f 7453 7454 7525
f 7454 7526 7525
f 7454 7455 7526
f 7455 7527 7526
f 7455 7456 7527
f 7456 7528 7527
f 7456 7457 7528
f 7457 7529 7528
f 7457 7458 7529
f 7458 7530 7529
f 7458 7459 7530
f 7459 7531 7530
f 7459 7460 7531
f 7460 7532 7531
f 7460 7461 7532
f 7461 7533 7532
f 7461 7462 7533
f 7462 7534 7533
f 7462 7463 7534
f 7463 7535 7534
f 7463 7464 7535
f 7464 7536 7535
f 7464 7465 7536
f 7465 7537 7536
f 7465 7466 7537
f 7466 7538 7537
f 7466 7467 7538
f 7467 7539 7538
f 7467 7468 7539
f 7468 7540 7539
f 7468 7469 7540
f 7469 7541 7540
f 7469 7470 7541
f 7470 7542 7541
f 7470 7471 7542
f 7471 7543 7542
f 7471 7472 7543
f 7472 7544 7543
f 7472 7473 7544
f 7473 7545 7544
f 7473 7474 7545
f 7474 7546 7545
f 7474 7475 7546
f 7475 7547 7546
f 7475 7476 7547
f 7476 7548 7547
f 7476 7477 7548
f 7477 7549 7548
f 7477 7478 7549
f 7478 7550 7549
f 7478 7479 7550
f 7479 7551 7550
f 7479 7480 7551
f 7480 7552 7551
f 7480 7481 7552
f 7481 7553 7552
f 7481 7482 7553
f 7482 7554 7553
f 7482 7483 7554
f 7483 7555 7554
f 7483 7484 7555
f 7484 7556 7555
f 7484 7485 7556
f 7485 7557 7556
f 7485 7486 7557
f 7486 7558 7557
f 7486 7487 7558
f 7487 7559 7558
f 7487 7488 7559
f 7488 7560 7559
f 7488 7417 7560
f 7417 7489 7560
f 7489 7490 7561
f 7490 7562 7561
f 7490 7491 7562
f 7491 7563 7562
f 7491 7492 7563
f 7492 7564 7563
f 7492 7493 7564
f 7493 7565 7564
f 7493 7494 7565
f 7494 7566 7565
f 7494 7495 7566
f 7495 7567 7566
f 7495 7496 7567
f 7496 7568 7567
f 7496 7497 7568
f 7497 7569 7568
f 7497 7498 7569
f 7498 7570 7569
f 7498 7499 7570
f 7499 7571 7570
f 7499 7500 7571
f 7500 7572 7571
f 7500 7501 7572
f 7501 7573 7572
f 7501 7502 7573
f 7502 7574 7573
f 7502 7503 7574
f 7503 7575 7574
f 7503 7504 7575
f 7504 7576 7575
f 7504 7505 7576
f 7505 7577 7576
f 7505 7506 7577
f 7506 7578 7577
f 7506 7507 7578
f 7507 7579 7578
f 7507 7508 7579
f 7508 7580 7579
f 7508 7509 7580
f 7509 7581 7580
f 7509 7510 7581
f 7510 7582 7581
f 7510 7511 7582
f 7511 7583 7582
f 7511 7512 7583
f 7512 7584 7583
f 7512 7513 7584
f 7513 7585 7584
f 7513 7514 7585
f 7514 7586 7585
f 7514 7515 7586
f 7515 7587 7586
f 7515 7516 7587
f 7516 7588 7587
f 7516 7517 7588
f 7517 7589 7588
f 7517 7518 7589
f 7518 7590 7589
f 7518 7519 7590
f 7519 7591 7590
f 7519 7520 7591
f 7520 7592 7591
f 7520 7521 7592
f 7521 7593 7592
f 7521 7522 7593
f 7522 7594 7593
f 7522 7523 7594
f 7523 7595 7594
f 7523 7524 7595
f 7524 7596 7595
f 7524 7525 7596
f 7525 7597 7596
f 7525 7526 7597
f 7526 7598 7597
f 7526 7527 7598
f 7527 7599 7598
f 7527 7528 7599
f 7528 7600 7599
f 7528 7529 7600
f 7529 7601 7600
f 7529 7530 7601
f 7530 7602 7601
f 7530 7531 7602
f 7531 7603 7602
f 7531 7532 7603
f 7532 7604 7603
f 7532 7533 7604
f 7533 7605 7604
f 7533 7534 7605
f 7534 7606 7605
f 7534 7535 7606
f 7535 7607 7606
f 7535 7536 7607
f 7536 7608 7607
f 7536 7537 7608
f 7537 7609 7608
f 7537 7538 7609
f 7538 7610 7609
f 7538 7539 7610
f 7539 7611 7610
f 7539 7540 7611
f 7540 7612 7611
f 7540 7541 7612
f 7541 7613 7612
f 7541 7542 7613
f 7542 7614 7613
f 7542 7543 7614
f 7543 7615 7614
f 7543 7544 7615
f 7544 7616 7615
f 7544 7545 7616
f 7545 7617 7616
f 7545 7546 7617
f 7546 7618 7617
f 7546 7547 7618
f 7547 7619 7618
f 7547 7548 7619
f 7548 7620 7619
f 7548 7549 7620
f 7549 7621 7620
f 7549 7550 7621
f 7550 7622 7621
f 7550 7551 7622
f 7551 7623 7622
f 7551 7552 7623
f 7552 7624 7623
f 7552 7553 7624
f 7553 7625 7624
f 7553 7554 7625
f 7554 7626 7625
f 7554 7555 7626
f 7555 7627 7626
f 7555 7556 7627
f 7556 7628 7627
f 7556 7557 7628
f 7557 7629 7628
f 7557 7558 7629
f 7558 7630 7629
f 7558 7559 7630
f 7559 7631 7630
f 7559 7560 7631
f 7560 7632 7631
f 7560 7489 7632
f 7489 7561 7632
f 7561 7562 7633
f 7562 7634 7633
f 7562 7563 7634
f 7563 7635 7634
f 7563 7564 7635
f 7564 7636 7635
f 7564 7565 7636
f 7565 7637 7636
f 7565 7566 7637
f 7566 7638 7637
f 7566 7567 7638
f 7567 7639 7638
f 7567 7568 7639
f 7568 7640 7639
f 7568 7569 7640
f 7569 7641 7640
f 7569 7570 7641
f 7570 7642 7641
f 7570 7571 7642
f 7571 7643 7642
f 7571 7572 7643
f 7572 7644 7643
f 7572 7573 7644
f 7573 7645 7644
f 7573 7574 7645
f 7574 7646 7645
f 7574 7575 7646
f 7575 7647 7646
f 7575 7576 7647
f 7576 7648 7647
f 7576 7577 7648
f 7577 7649 7648
f 7577 7578 7649
f 7578 7650 7649
f 7578 7579 7650
f 7579 7651 7650
f 7579 7580 7651
f 7580 7652 7651
f 7580 7581 7652
f 7581 7653 7652
f 7581 7582 7653
f 7582 7654 7653
f 7582 7583 7654
f 7583 7655 7654
f 7583 7584 7655
f 7584 7656 7655
f 7584 7585 7656
f 7585 7657 7656
f 7585 7586 7657
f 7586 7658 7657
f 7586 7587 7658
f 7587 7659 7658
f 7587 7588 7659
f 7588 7660 7659
f 7588 7589 7660
f 7589 7661 7660
f 7589 7590 7661
f 7590 7662 7661
f 7590 7591 7662
f 7591 7663 7662
f 7591 7592 7663
f 7592 7664 7663
f 7592 7593 7664
f 7593 7665 7664
f 7593 7594 7665
f 7594 7666 7665
f 7594 7595 7666
f 7595 7667 7666
f 7595 7596 7667
f 7596 7668 7667
f 7596 7597 7668
f 7597 7669 7668
f 7597 7598 7669
f 7598 7670 7669
f 7598 7599 7670
f 7599 7671 7670
f 7599 7600 7671
f 7600 7672 7671
f 7600 7601 7672
f 7601 7673 7672
f 7601 7602 7673
f 7602 7674 7673
f 7602 7603 7674
f 7603 7675 7674
f 7603 7604 7675
f 7604 7676 7675
f 7604 7605 7676
f 7605 7677 7676
f 7605 7606 7677
f 7606 7678 7677
f 7606 7607 7678
f 7607 7679 7678
f 7607 7608 7679
f 7608 7680 7679
f 7608 7609 7680
f 7609 7681 7680
f 7609 7610 7681
f 7610 7682 7681
f 7610 7611 7682
f 7611 7683 7682
f 7611 7612 7683
f 7612 7684 7683
f 7612 7613 7684
f 7613 7685 7684
f 7613 7614 7685
f 7614 7686 7685
f 7614 7615 7686
f 7615 7687 7686
f 7615 7616 7687
f 7616 7688 7687
f 7616 7617 7688
f 7617 7689 7688
f 7617 7618 7689
f 7618 7690 7689
f 7618 7619 7690
f 7619 7691 7690
f 7619 7620 7691
f 7620 7692 7691
f 7620 7621 7692
f 7621 7693 7692
f 7621 7622 7693
f 7622 7694 7693
f 7622 7623 7694
f 7623 7695 7694
f 7623 7624 7695
f 7624 7696 7695
f 7624 7625 7696
f 7625 7697 7696
f 7625 7626 7697
f 7626 7698 7697
f 7626 7627 7698
f 7627 7699 7698
f 7627 7628 7699
f 7628 7700 7699
f 7628 7629 7700
f 7629 7701 7700
f 7629 7630 7701
f 7630 7702 7701
f 7630 7631 7702
f 7631 7703 7702
f 7631 7632 7703
f 7632 7704 7703
f 7632 7561 7704
f 7561 7633 7704
f 7633 7634 7705
f 7634 7706 7705
f 7634 7635 7706
f 7635 7707 7706
f 7635 7636 7707
f 7636 7708 7707
f 7636 7637 7708
f 7637 7709 7708
f 7637 7638 7709
f 7638 7710 7709
f 7638 7639 7710
f 7639 7711 7710
f 7639 7640 7711
f 7640 7712 7711
f 7640 7641 7712
f 7641 7713 7712
f 7641 7642 7713
f 7642 7714 7713
f 7642 7643 7714
f 7643 7715 7714
f 7643 7644 7715
f 7644 7716 7715
f 7644 7645 7716
f 7645 7717 7716
f 7645 7646 7717
f 7646 7718 7717
f 7646 7647 7718
f 7647 7719 7718
f 7647 7648 7719
f 7648 7720 7719
f 7648 7649 7720
f 7649 7721 7720
f 7649 7650 7721
f 7650 7722 7721
f 7650 7651 7722
f 7651 7723 7722
f 7651 7652 7723
f 7652 7724 7723
f 7652 7653 7724
f 7653 7725 7724
f 7653 7654 7725
f 7654 7726 7725
f 7654 7655 7726
f 7655 7727 7726
f 7655 7656 7727
f 7656 7728 7727
f 7656 7657 7728
f 7657 7729 7728
f 7657 7658 7729
f 7658 7730 7729
f 7658 7659 7730
f 7659 7731 7730
f 7659 7660 7731
f 7660 7732 7731
f 7660 7661 7732
f 7661 7733 7732
f 7661 7662 7733
f 7662 7734 7733
f 7662 7663 7734
f 7663 7735 7734
f 7663 7664 7735
f 7664 7736 7735
f 7664 7665 7736
f 7665 7737 7736
f 7665 7666 7737
f 7666 7738 7737
f 7666 7667 7738
f 7667 7739 7738
f 7667 7668 7739
f 7668 7740 7739
f 7668 7669 7740
f 7669 7741 7740
f 7669 7670 7741
f 7670 7742 7741
f 7670 7671 7742
f 7671 7743 7742
f 7671 7672 7743
f 7672 7744 7743
f 7672 7673 7744
f 7673 7745 7744
f 7673 7674 7745
f 7674 7746 7745
f 7674 7675 7746
f 7675 7747 7746
f 7675 7676 7747
f 7676 7748 7747
f 7676 7677 7748
f 7677 7749 7748
f 7677 7678 7749
f 7678 7750 7749
f 7678 7679 7750
f 7679 7751 7750
f 7679 7680 7751
f 7680 7752 7751
f 7680 7681 7752
f 7681 7753 7752
f 7681 7682 7753
f 7682 7754 7753
f 7682 7683 7754
f 7683 7755 7754
f 7683 7684 7755
f 7684 7756 7755
f 7684 7685 7756
f 7685 7757 7756
f 7685 7686 7757
f 7686 7758 7757
f 7686 7687 7758
f 7687 7759 7758
f 7687 7688 7759
f 7688 7760 7759
f 7688 7689 7760
f 7689 7761 7760
f 7689 7690 7761
f 7690 7762 7761
f 7690 7691 7762
f 7691 7763 7762
f 7691 7692 7763
f 7692 7764 7763
f 7692 7693 7764
f 7693 7765 7764
f 7693 7694 7765
f 7694 7766 7765
f 7694 7695 7766
f 7695 7767 7766
f 7695 7696 7767
f 7696 7768 7767
f 7696 7697 7768
f 7697 7769 7768
f 7697 7698 7769
f 7698 7770 7769
f 7698 7699 7770
f 7699 7771 7770
f 7699 7700 7771
f 7700 7772 7771
f 7700 7701 7772
f 7701 7773 7772
f 7701 7702 7773
f 7702 7774 7773
f 7702 7703 7774
f 7703 7775 7774
f 7703 7704 7775
f 7704 7776 7775
f 7704 7633 7776
f 7633 7705 7776
f 7705 7706 7777
f 7706 7778 7777
f 7706 7707 7778
f 7707 7779 7778
f 7707 7708 7779
f 7708 7780 7779
f 7708 7709 7780
f 7709 7781 7780
f 7709 7710 7781
f 7710 7782 7781
f 7710 7711 7782
f 7711 7783 7782
f 7711 7712 7783
f 7712 7784 7783
f 7712 7713 7784
f 7713 7785 7784
f 7713 7714 7785
f 7714 7786 7785
f 7714 7715 7786
f 7715 7787 7786
f 7715 7716 7787
f 7716 7788 7787
f 7716 7717 7788
f 7717 7789 7788
f 7717 7718 7789
f 7718 7790 7789
f 7718 7719 7790
f 7719 7791 7790
f 7719 7720 7791
f 7720 7792 7791
f 7720 7721 7792
f 7721 7793 7792
f 7721 7722 7793
f 7722 7794 7793
f 7722 7723 7794
f 7723 7795 7794
f 7723 7724 7795
f 7724 7796 7795
f 7724 7725 7796
f 7725 7797 7796
f 7725 7726 7797
f 7726 7798 7797
f 7726 7727 7798
f 7727 7799 7798
f 7727 7728 7799
f 7728 7800 7799
f 7728 7729 7800
f 7729 7801 7800
f 7729 7730 7801
f 7730 7802 7801
f 7730 7731 7802
f 7731 7803 7802
f 7731 7732 7803
f 7732 7804 7803
f 7732 7733 7804
f 7733 7805 7804
f 7733 7734 7805
f 7734 7806 7805
f 7734 7735 7806
f 7735 7807 7806
f 7735 7736 7807
f 7736 7808 7807
f 7736 7737 7808
f 7737 7809 7808
f 7737 7738 7809
f 7738 7810 7809
f 7738 7739 7810
f 7739 7811 7810
f 7739 7740 7811
f 7740 7812 7811
f 7740 7741 7812
f 7741 7813 7812
f 7741 7742 7813
f 7742 7814 7813
f 7742 7743 7814
f 7743 7815 7814
f 7743 7744 7815
f 7744 7816 7815
f 7744 7745 7816
f 7745 7817 7816
f 7745 7746 7817
f 7746 7818 7817
f 7746 7747 7818
f 7747 7819 7818
f 7747 7748 7819
f 7748 7820 7819
f 7748 7749 7820
f 7749 7821 7820
f 7749 7750 7821
f 7750 7822 7821
f 7750 7751 7822
f 7751 7823 7822
f 7751 7752 7823
f 7752 7824 7823
f 7752 7753 7824
f 7753 7825 7824
f 7753 7754 7825
f 7754 7826 7825
f 7754 7755 7826
f 7755 7827 7826
f 7755 7756 7827
f 7756 7828 7827
f 7756 7757 7828
f 7757 7829 7828
f 7757 7758 7829
f 7758 7830 7829
f 7758 7759 7830
f 7759 7831 7830
f 7759 7760 7831
f 7760 7832 7831
f 7760 7761 7832
f 7761 7833 7832
f 7761 7762 7833
f 7762 7834 7833
f 7762 7763 7834
f 7763 7835 7834
f 7763 7764 7835
f 7764 7836 7835
f 7764 7765 7836
f 7765 7837 7836
f 7765 7766 7837
f 7766 7838 7837
f 7766 7767 7838
f 7767 7839 7838
f 7767 7768 7839
f 7768 7840 7839
f 7768 7769 7840
f 7769 7841 7840
f 7769 7770 7841
f 7770 7842 7841
f 7770 7771 7842
f 7771 7843 7842
f 7771 7772 7843
f 7772 7844 7843
f 7772 7773 7844
f 7773 7845 7844
f 7773 7774 7845
f 7774 7846 7845
f 7774 7775 7846
f 7775 7847 7846
f 7775 7776 7847
f 7776 7848 7847
f 7776 7705 7848
f 7705 7777 7848
f 7777 7778 7849
f 7778 7850 7849
f 7778 7779 7850
f 7779 7851 7850
f 7779 7780 7851
f 7780 7852 7851
f 7780 7781 7852
f 7781 7853 7852
f 7781 7782 7853
f 7782 7854 7853
f 7782 7783 7854
f 7783 7855 7854
f 7783 7784 7855
f 7784 7856 7855
f 7784 7785 7856
f 7785 7857 7856
f 7785 7786 7857
f 7786 7858 7857
f 7786 7787 7858
f 7787 7859 7858
f 7787 7788 7859
f 7788 7860 7859
f 7788 7789 7860
f 7789 7861 7860
f 7789 7790 7861
f 7790 7862 7861
f 7790 7791 7862
f 7791 7863 7862
f 7791 7792 7863
f 7792 7864 7863
f 7792 7793 7864
f 7793 7865 7864
f 7793 7794 7865
f 7794 7866 7865
f 7794 7795 7866
f 7795 7867 7866
f 7795 7796 7867
f 7796 7868 7867
f 7796 7797 7868
f 7797 7869 7868
f 7797 7798 7869
f 7798 7870 7869
f 7798 7799 7870
f 7799 7871 7870
f 7799 7800 7871
f 7800 7872 7871
f 7800 7801 7872
f 7801 7873 7872
f 7801 7802 7873
f 7802 7874 7873
f 7802 7803 7874
f 7803 7875 7874
f 7803 7804 7875
f 7804 7876 7875
f 7804 7805 7876
f 7805 7877 7876
f 7805 7806 7877
f 7806 7878 7877
f 7806 7807 7878
f 7807 7879 7878
f 7807 7808 7879
f 7808 7880 7879
f 7808 7809 7880
f 7809 7881 7880
f 7809 7810 7881
f 7810 7882 7881
f 7810 7811 7882
f 7811 7883 7882
f 7811 7812 7883
f 7812 7884 7883
f 7812 7813 7884
f 7813 7885 7884
f 7813 7814 7885
f 7814 7886 7885
f 7814 7815 7886
f 7815 7887 7886
f 7815 7816 7887
f 7816 7888 7887
f 7816 7817 7888
f 7817 7889 7888
f 7817 7818 7889
f 7818 7890 7889
f 7818 7819 7890
f 7819 7891 7890
f 7819 7820 7891
f 7820 7892 7891
f 7820 7821 7892
f 7821 7893 7892
f 7821 7822 7893
f 7822 7894 7893
f 7822 7823 7894
f 7823 7895 7894
f 7823 7824 7895
f 7824 7896 7895
f 7824 7825 7896
f 7825 7897 7896
f 7825 7826 7897
f 7826 7898 7897
f 7826 7827 7898
f 7827 7899 7898
f 7827 7828 7899
f 7828 7900 7899
f 7828 7829 7900
f 7829 7901 7900
f 7829 7830 7901
f 7830 7902 7901
f 7830 7831 7902
f 7831 7903 7902
f 7831 7832 7903
f 7832 7904 7903
f 7832 7833 7904
f 7833 7905 7904
f 7833 7834 7905
f 7834 7906 7905
f 7834 7835 7906
f 7835 7907 7906
f 7835 7836 7907
f 7836 7908 7907
f 7836 7837 7908
f 7837 7909 7908
f 7837 7838 7909
f 7838 7910 7909
f 7838 7839 7910
f 7839 7911 7910
f 7839 7840 7911
f 7840 7912 7911
f 7840 7841 7912
f 7841 7913 7912
f 7841 7842 7913
f 7842 7914 7913
f 7842 7843 7914
f 7843 7915 7914
f 7843 7844 7915
f 7844 7916 7915
f 7844 7845 7916
f 7845 7917 7916
f 7845 7846 7917
f 7846 7918 7917
f 7846 7847 7918
f 7847 7919 7918
f 7847 7848 7919
f 7848 7920 7919
f 7848 7777 7920
f 7777 7849 7920
f 7849 7850 7921
f 7850 7922 7921
f 7850 7851 7922
f 7851 7923 7922
f 7851 7852 7923
f 7852 7924 7923
f 7852 7853 7924
f 7853 7925 7924
f 7853 7854 7925
f 7854 7926 7925
f 7854 7855 7926
f 7855 7927 7926
f 7855 7856 7927
f 7856 7928 7927
f 7856 7857 7928
f 7857 7929 7928
f 7857 7858 7929
f 7858 7930 7929
f 7858 7859 7930
f 7859 7931 7930
f 7859 7860 7931
f 7860 7932 7931
f 7860 7861 7932
f 7861 7933 7932
f 7861 7862 7933
f 7862 7934 7933
f 7862 7863 7934
f 7863 7935 7934
f 7863 7864 7935
f 7864 7936 7935
f 7864 7865 7936
f 7865 7937 7936
f 7865 7866 7937
f 7866 7938 7937
f 7866 7867 7938
f 7867 7939 7938
f 7867 7868 7939
f 7868 7940 7939
f 7868 7869 7940
f 7869 7941 7940
f 7869 7870 7941
f 7870 7942 7941
f 7870 7871 7942
f 7871 7943 7942
f 7871 7872 7943
f 7872 7944 7943
f 7872 7873 7944
f 7873 7945 7944
f 7873 7874 7945
f 7874 7946 7945
f 7874 7875 7946
f 7875 7947 7946
f 7875 7876 7947
f 7876 7948 7947
f 7876 7877 7948
f 7877 7949 7948
f 7877 7878 7949
f 7878 7950 7949
f 7878 7879 7950
f 7879 7951 7950
f 7879 7880 7951
f 7880 7952 7951
f 7880 7881 7952
f 7881 7953 7952
f 7881 7882 7953
f 7882 7954 7953
f 7882 7883 7954
f 7883 7955 7954
f 7883 7884 7955
f 7884 7956 7955
f 7884 7885 7956
f 7885 7957 7956
f 7885 7886 7957
f 7886 7958 7957
f 7886 7887 7958
f 7887 7959 7958
f 7887 7888 7959
f 7888 7960 7959
f 7888 7889 7960
f 7889 7961 7960
f 7889 7890 7961
f 7890 7962 7961
f 7890 7891 7962
f 7891 7963 7962
f 7891 7892 7963
f 7892 7964 7963
f 7892 7893 7964
f 7893 7965 7964
f 7893 7894 7965
f 7894 7966 7965
f 7894 7895 7966
f 7895 7967 7966
f 7895 7896 7967
f 7896 7968 7967
f 7896 7897 7968
f 7897 7969 7968
f 7897 7898 7969
f 7898 7970 7969
f 7898 7899 7970
f 7899 7971 7970
f 7899 7900 7971
f 7900 7972 7971
f 7900 7901 7972
f 7901 7973 7972
f 7901 7902 7973
f 7902 7974 7973
f 7902 7903 7974
f 7903 7975 7974
f 7903 7904 7975
f 7904 7976 7975
f 7904 7905 7976
f 7905 7977 7976
f 7905 7906 7977
f 7906 7978 7977
f 7906 7907 7978
f 7907 7979 7978
f 7907 7908 7979
f 7908 7980 7979
f 7908 7909 7980
f 7909 7981 7980
f 7909 7910 7981
f 7910 7982 7981
f 7910 7911 7982
f 7911 7983 7982
f 7911 7912 7983
f 7912 7984 7983
f 7912 7913 7984
f 7913 7985 7984
f 7913 7914 7985
f 7914 7986 7985
f 7914 7915 7986
f 7915 7987 7986
f 7915 7916 7987
f 7916 7988 7987
f 7916 7917 7988
f 7917 7989 7988
f 7917 7918 7989
f 7918 7990 7989
f 7918 7919 7990
f 7919 7991 7990
f 7919 7920 7991
f 7920 7992 7991
f 7920 7849 7992
f 7849 7921 7992
f 7921 7922 7993
f 7922 7994 7993
f 7922 7923 7994
f 7923 7995 7994
f 7923 7924 7995
f 7924 7996 7995
f 7924 7925 7996
f 7925 7997 7996
f 7925 7926 7997
f 7926 7998 7997
f 7926 7927 7998
f 7927 7999 7998
f 7927 7928 7999
f 7928 8000 7999
f 7928 7929 8000
f 7929 8001 8000
f 7929 7930 8001
f 7930 8002 8001
f 7930 7931 8002
f 7931 8003 8002
f 7931 7932 8003
f 7932 8004 8003
f 7932 7933 8004
f 7933 8005 8004
f 7933 7934 8005
f 7934 8006 8005
f 7934 7935 8006
f 7935 8007 8006
f 7935 7936 8007
f 7936 8008 8007
f 7936 7937 8008
f 7937 8009 8008
f 7937 7938 8009
f 7938 8010 8009
f 7938 7939 8010
f 7939 8011 8010
f 7939 7940 8011
f 7940 8012 8011
f 7940 7941 8012
f 7941 8013 8012
f 7941 7942 8013
f 7942 8014 8013
f 7942 7943 8014
f 7943 8015 8014
f 7943 7944 8015
f 7944 8016 8015
f 7944 7945 8016
f 7945 8017 8016
f 7945 7946 8017
f 7946 8018 8017
f 7946 7947 8018
f 7947 8019 8018
f 7947 7948 8019
f 7948 8020 8019
f 7948 7949 8020
f 7949 8021 8020
f 7949 7950 8021
f 7950 8022 8021
f 7950 7951 8022
f 7951 8023 8022
f 7951 7952 8023
f 7952 8024 8023
f 7952 7953 8024
f 7953 8025 8024
f 7953 7954 8025
f 7954 8026 8025
f 7954 7955 8026
f 7955 8027 8026
f 7955 7956 8027
f 7956 8028 8027
f 7956 7957 8028
f 7957 8029 8028
f 7957 7958 8029
f 7958 8030 8029
f 7958 7959 8030
f 7959 8031 8030
f 7959 7960 8031
f 7960 8032 8031
f 7960 7961 8032
f 7961 8033 8032
f 7961 7962 8033
f 7962 8034 8033
f 7962 7963 8034
f 7963 8035 8034
f 7963 7964 8035
f 7964 8036 8035
f 7964 7965 8036
f 7965 8037 8036
f 7965 7966 8037
f 7966 8038 8037
f 7966 7967 8038
f 7967 8039 8038
f 7967 7968 8039
f 7968 8040 8039
f 7968 7969 8040
f 7969 8041 8040
f 7969 7970 8041
f 7970 8042 8041
f 7970 7971 8042
f 7971 8043 8042
f 7971 7972 8043
f 7972 8044 8043
f 7972 7973 8044
f 7973 8045 8044
f 7973 7974 8045
f 7974 8046 8045
f 7974 7975 8046
f 7975 8047 8046
f 7975 7976 8047
f 7976 8048 8047
f 7976 7977 8048
f 7977 8049 8048
f 7977 7978 8049
f 7978 8050 8049
f 7978 7979 8050
f 7979 8051 8050
f 7979 7980 8051
f 7980 8052 8051
f 7980 7981 8052
f 7981 8053 8052
f 7981 7982 8053
f 7982 8054 8053
f 7982 7983 8054
f 7983 8055 8054
f 7983 7984 8055
f 7984 8056 8055
f 7984 7985 8056
f 7985 8057 8056
f 7985 7986 8057
f 7986 8058 8057
f 7986 7987 8058
f 7987 8059 8058
f 7987 7988 8059
f 7988 8060 8059
f 7988 7989 8060
f 7989 8061 8060
f 7989 7990 8061
f 7990 8062 8061
f 7990 7991 8062
f 7991 8063 8062
f 7991 7992 8063
f 7992 8064 8063
f 7992 7921 8064
f 7921 7993 8064
f 7993 7994 8065
f 7994 8066 8065
f 7994 7995 8066
f 7995 8067 8066
f 7995 7996 8067
f 7996 8068 8067
f 7996 7997 8068
f 7997 8069 8068
f 7997 7998 8069
f 7998 8070 8069
f 7998 7999 8070
f 7999 8071 8070
f 7999 8000 8071
f 8000 8072 8071
f 8000 8001 8072
f 8001 8073 8072
f 8001 8002 8073
f 8002 8074 8073
f 8002 8003 8074
f 8003 8075 8074
f 8003 8004 8075
f 8004 8076 8075
f 8004 8005 8076
f 8005 8077 8076
f 8005 8006 8077
f 8006 8078 8077
f 8006 8007 8078
f 8007 8079 8078
f 8007 8008 8079
f 8008 8080 8079
f 8008 8009 8080
f 8009 8081 8080
f 8009 8010 8081
f 8010 8082 8081
f 8010 8011 8082
f 8011 8083 8082
f 8011 8012 8083
f 8012 8084 8083
f 8012 8013 8084
f 8013 8085 8084
f 8013 8014 8085
f 8014 8086 8085
f 8014 8015 8086
f 8015 8087 8086
f 8015 8016 8087
f 8016 8088 8087
f 8016 8017 8088
f 8017 8089 8088
f 8017 8018 8089
f 8018 8090 8089
f 8018 8019 8090
f 8019 8091 8090
f 8019 8020 8091
f 8020 8092 8091
f 8020 8021 8092
f 8021 8093 8092
f 8021 8022 8093
f 8022 8094 8093
f 8022 8023 8094
f 8023 8095 8094
f 8023 8024 8095
f 8024 8096 8095
f 8024 8025 8096
f 8025 8097 8096
f 8025 8026 8097
f 8026 8098 8097
f 8026 8027 8098
f 8027 8099 8098
f 8027 8028 8099
f 8028 8100 8099
f 8028 8029 8100
f 8029 8101 8100
f 8029 8030 8101
f 8030 8102 8101
f 8030 8031 8102
f 8031 8103 8102
f 8031 8032 8103
f 8032 8104 8103
f 8032 8033 8104
f 8033 8105 8104
f 8033 8034 8105
f 8034 8106 8105
f 8034 8035 8106
f 8035 8107 8106
f 8035 8036 8107
f 8036 8108 8107
f 8036 8037 8108
f 8037 8109 8108
f 8037 8038 8109
f 8038 8110 8109
f 8038 8039 8110
f 8039 8111 8110
f 8039 8040 8111
f 8040 8112 8111
f 8040 8041 8112
f 8041 8113 8112
f 8041 8042 8113
f 8042 8114 8113
f 8042 8043 8114
f 8043 8115 8114
f 8043 8044 8115
f 8044 8116 8115
f 8044 8045 8116
f 8045 8117 8116
f 8045 8046 8117
f 8046 8118 8117
f 8046 8047 8118
f 8047 8119 8118
f 8047 8048 8119
f 8048 8120 8119
f 8048 8049 8120
f 8049 8121 8120
f 8049 8050 8121
f 8050 8122 8121
f 8050 8051 8122
f 8051 8123 8122
f 8051 8052 8123
f 8052 8124 8123
f 8052 8053 8124
f 8053 8125 8124
f 8053 8054 8125
f 8054 8126 8125
f 8054 8055 8126
f 8055 8127 8126
f 8055 8056 8127
f 8056 8128 8127
f 8056 8057 8128
f 8057 8129 8128
f 8057 8058 8129
f 8058 8130 8129
f 8058 8059 8130
f 8059 8131 8130
f 8059 8060 8131
f 8060 8132 8131
f 8060 8061 8132
f 8061 8133 8132
f 8061 8062 8133
f 8062 8134 8133
f 8062 8063 8134
f 8063 8135 8134
f 8063 8064 8135
f 8064 8136 8135
f 8064 7993 8136
f 7993 8065 8136
f 8065 8066 8137
f 8066 8138 8137
f 8066 8067 8138
f 8067 8139 8138
f 8067 8068 8139
f 8068 8140 8139
f 8068 8069 8140
f 8069 8141 8140
f 8069 8070 8141
f 8070 8142 8141
f 8070 8071 8142
f 8071 8143 8142
f 8071 8072 8143
f 8072 8144 8143
f 8072 8073 8144
f 8073 8145 8144
f 8073 8074 8145
f 8074 8146 8145
f 8074 8075 8146
f 8075 8147 8146
f 8075 8076 8147
f 8076 8148 8147
f 8076 8077 8148
f 8077 8149 8148
f 8077 8078 8149
f 8078 8150 8149
f 8078 8079 8150
f 8079 8151 8150
f 8079 8080 8151
f 8080 8152 8151
f 8080 8081 8152
f 8081 8153 8152
f 8081 8082 8153
f 8082 8154 8153
f 8082 8083 8154
f 8083 8155 8154
f 8083 8084 8155
f 8084 8156 8155
f 8084 8085 8156
f 8085 8157 8156
f 8085 8086 8157
f 8086 8158 8157
f 8086 8087 8158
f 8087 8159 8158
f 8087 8088 8159
f 8088 8160 8159
f 8088 8089 8160
f 8089 8161 8160
f 8089 8090 8161
f 8090 8162 8161
f 8090 8091 8162
f 8091 8163 8162
f 8091 8092 8163
f 8092 8164 8163
f 8092 8093 8164
f 8093 8165 8164
f 8093 8094 8165
f 8094 8166 8165
f 8094 8095 8166
f 8095 8167 8166
f 8095 8096 8167
f 8096 8168 8167
f 8096 8097 8168
f 8097 8169 8168
f 8097 8098 8169
f 8098 8170 8169
f 8098 8099 8170
f 8099 8171 8170
f 8099 8100 8171
f 8100 8172 8171
f 8100 8101 8172
f 8101 8173 8172
f 8101 8102 8173
f 8102 8174 8173
f 8102 8103 8174
f 8103 8175 8174
f 8103 8104 8175
f 8104 8176 8175
f 8104 8105 8176
f 8105 8177 8176
f 8105 8106 8177
f 8106 8178 8177
f 8106 8107 8178
f 8107 8179 8178
f 8107 8108 8179
f 8108 8180 8179
f 8108 8109 8180
f 8109 8181 8180
f 8109 8110 8181
f 8110 8182 8181
f 8110 8111 8182
f 8111 8183 8182
f 8111 8112 8183
f 8112 8184 8183
f 8112 8113 8184
f 8113 8185 8184
f 8113 8114 8185
f 8114 8186 8185
f 8114 8115 8186
f 8115 8187 8186
f 8115 8116 8187
f 8116 8188 8187
f 8116 8117 8188
f 8117 8189 8188
f 8117 8118 8189
f 8118 8190 8189
f 8118 8119 8190
f 8119 8191 8190
f 8119 8120 8191
f 8120 8192 8191
f 8120 8121 8192
f 8121 8193 8192
f 8121 8122 8193
f 8122 8194 8193
f 8122 8123 8194
f 8123 8195 8194
f 8123 8124 8195
f 8124 8196 8195
f 8124 8125 8196
f 8125 8197 8196
f 8125 8126 8197
f 8126 8198 8197
f 8126 8127 8198
f 8127 8199 8198
f 8127 8128 8199
f 8128 8200 8199
f 8128 8129 8200
f 8129 8201 8200
f 8129 8130 8201
f 8130 8202 8201
f 8130 8131 8202
f 8131 8203 8202
f 8131 8132 8203
f 8132 8204 8203
f 8132 8133 8204
f 8133 8205 8204
f 8133 8134 8205
f 8134 8206 8205
f 8134 8135 8206
f 8135 8207 8206
f 8135 8136 8207
f 8136 8208 8207
f 8136 8065 8208
f 8065 8137 8208
f 8137 8138 8209
f 8138 8210 8209
f 8138 8139 8210
f 8139 8211 8210
f 8139 8140 8211
f 8140 8212 8211
f 8140 8141 8212
f 8141 8213 8212
f 8141 8142 8213
f 8142 8214 8213
f 8142 8143 8214
f 8143 8215 8214
f 8143 8144 8215
f 8144 8216 8215
f 8144 8145 8216
f 8145 8217 8216
f 8145 8146 8217
f 8146 8218 8217
f 8146 8147 8218
f 8147 8219 8218
f 8147 8148 8219
f 8148 8220 8219
f 8148 8149 8220
f 8149 8221 8220
f 8149 8150 8221
f 8150 8222 8221
f 8150 8151 8222
f 8151 8223 8222
f 8151 8152 8223
f 8152 8224 8223
f 8152 8153 8224
f 8153 8225 8224
f 8153 8154 8225
f 8154 8226 8225
f 8154 8155 8226
f 8155 8227 8226
f 8155 8156 8227
f 8156 8228 8227
f 8156 8157 8228
f 8157 8229 8228
f 8157 8158 8229
f 8158 8230 8229
f 8158 8159 8230
f 8159 8231 8230
f 8159 8160 8231
f 8160 8232 8231
f 8160 8161 8232
f 8161 8233 8232
f 8161 8162 8233
f 8162 8234 8233
f 8162 8163 8234
f 8163 8235 8234
f 8163 8164 8235
f 8164 8236 8235
f 8164 8165 8236
f 8165 8237 8236
f 8165 8166 8237
f 8166 8238 8237
f 8166 8167 8238
f 8167 8239 8238
f 8167 8168 8239
f 8168 8240 8239
f 8168 8169 8240
f 8169 8241 8240
f 8169 8170 8241
f 8170 8242 8241
f 8170 8171 8242
f 8171 8243 8242
f 8171 8172 8243
f 8172 8244 8243
f 8172 8173 8244
f 8173 8245 8244
f 8173 8174 8245
f 8174 8246 8245
f 8174 8175 8246
f 8175 8247 8246
f 8175 8176 8247
f 8176 8248 8247
f 8176 8177 8248
f 8177 8249 8248
f 8177 8178 8249
f 8178 8250 8249
f 8178 8179 8250
f 8179 8251 8250
f 8179 8180 8251
f 8180 8252 8251
f 8180 8181 8252
f 8181 8253 8252
f 8181 8182 8253
f 8182 8254 8253
f 8182 8183 8254
f 8183 8255 8254
f 8183 8184 8255
f 8184 8256 8255
f 8184 8185 8256
f 8185 8257 8256
f 8185 8186 8257
f 8186 8258 8257
f 8186 8187 8258
f 8187 8259 8258
f 8187 8188 8259
f 8188 8260 8259
f 8188 8189 8260
f 8189 8261 8260
f 8189 8190 8261
f 8190 8262 8261
f 8190 8191 8262
f 8191 8263 8262
f 8191 8192 8263
f 8192 8264 8263
f 8192 8193 8264
f 8193 8265 8264
f 8193 8194 8265
f 8194 8266 8265
f 8194 8195 8266
f 8195 8267 8266
f 8195 8196 8267
f 8196 8268 8267
f 8196 8197 8268
f 8197 8269 8268
f 8197 8198 8269
f 8198 8270 8269
f 8198 8199 8270
f 8199 8271 8270
f 8199 8200 8271
f 8200 8272 8271
f 8200 8201 8272
f 8201 8273 8272
f 8201 8202 8273
f 8202 8274 8273
f 8202 8203 8274
f 8203 8275 8274
f 8203 8204 8275
f 8204 8276 8275
f 8204 8205 8276
f 8205 8277 8276
f 8205 8206 8277
f 8206 8278 8277
f 8206 8207 8278
f 8207 8279 8278
f 8207 8208 8279
f 8208 8280 8279
f 8208 8137 8280
f 8137 8209 8280
f 8209 8210 8281
f 8210 8282 8281
f 8210 8211 8282
f 8211 8283 8282
f 8211 8212 8283
f 8212 8284 8283
f 8212 8213 8284
f 8213 8285 8284
f 8213 8214 8285
f 8214 8286 8285
f 8214 8215 8286
f 8215 8287 8286
f 8215 8216 8287
f 8216 8288 8287
f 8216 8217 8288
f 8217 8289 8288
f 8217 8218 8289
f 8218 8290 8289
f 8218 8219 8290
f 8219 8291 8290
f 8219 8220 8291
f 8220 8292 8291
f 8220 8221 8292
f 8221 8293 8292
f 8221 8222 8293
f 8222 8294 8293
f 8222 8223 8294
f 8223 8295 8294
f 8223 8224 8295
f 8224 8296 8295
f 8224 8225 8296
f 8225 8297 8296
f 8225 8226 8297
f 8226 8298 8297
f 8226 8227 8298
f 8227 8299 8298
f 8227 8228 8299
f 8228 8300 8299
f 8228 8229 8300
f 8229 8301 8300
f 8229 8230 8301
f 8230 8302 8301
f 8230 8231 8302
f 8231 8303 8302
f 8231 8232 8303
f 8232 8304 8303
f 8232 8233 8304
f 8233 8305 8304
f 8233 8234 8305
f 8234 8306 8305
f 8234 8235 8306
f 8235 8307 8306
f 8235 8236 8307
f 8236 8308 8307
f 8236 8237 8308
f 8237 8309 8308
f 8237 8238 8309
f 8238 8310 8309
f 8238 8239 8310
f 8239 8311 8310
f 8239 8240 8311
f 8240 8312 8311
f 8240 8241 8312
f 8241 8313 8312
f 8241 8242 8313
f 8242 8314 8313
f 8242 8243 8314
f 8243 8315 8314
f 8243 8244 8315
f 8244 8316 8315
f 8244 8245 8316
f 8245 8317 8316
f 8245 8246 8317
f 8246 8318 8317
f 8246 8247 8318
f 8247 8319 8318
f 8247 8248 8319
f 8248 8320 8319
f 8248 8249 8320
f 8249 8321 8320
f 8249 8250 8321
f 8250 8322 8321
f 8250 8251 8322
f 8251 8323 8322
f 8251 8252 8323
f 8252 8324 8323
f 8252 8253 8324
f 8253 8325 8324
f 8253 8254 8325
f 8254 8326 8325
f 8254 8255 8326
f 8255 8327 8326
f 8255 8256 8327
f 8256 8328 8327
f 8256 8257 8328
f 8257 8329 8328
f 8257 8258 8329
f 8258 8330 8329
f 8258 8259 8330
f 8259 8331 8330
f 8259 8260 8331
f 8260 8332 8331
f 8260 8261 8332
f 8261 8333 8332
f 8261 8262 8333
f 8262 8334 8333
f 8262 8263 8334
f 8263 8335 8334
f 8263 8264 8335
f 8264 8336 8335
f 8264 8265 8336
f 8265 8337 8336
f 8265 8266 8337
f 8266 8338 8337
f 8266 8267 8338
f 8267 8339 8338
f 8267 8268 8339
f 8268 8340 8339
f 8268 8269 8340
f 8269 8341 8340
f 8269 8270 8341
f 8270 8342 8341
f 8270 8271 8342
f 8271 8343 8342
f 8271 8272 8343
f 8272 8344 8343
f 8272 8273 8344
f 8273 8345 8344
f 8273 8274 8345
f 8274 8346 8345
f 8274 8275 8346
f 8275 8347 8346
f 8275 8276 8347
f 8276 8348 8347
f 8276 8277 8348
f 8277 8349 8348
f 8277 8278 8349
f 8278 8350 8349
f 8278 8279 8350
f 8279 8351 8350
f 8279 8280 8351
f 8280 8352 8351
f 8280 8209 8352
f 8209 8281 8352
f 8281 8282 8353
f 8282 8354 8353
f 8282 8283 8354
f 8283 8355 8354
f 8283 8284 8355
f 8284 8356 8355
f 8284 8285 8356
f 8285 8357 8356
f 8285 8286 8357
f 8286 8358 8357
f 8286 8287 8358
f 8287 8359 8358
f 8287 8288 8359
f 8288 8360 8359
f 8288 8289 8360
f 8289 8361 8360
f 8289 8290 8361
f 8290 8362 8361
f 8290 8291 8362
f 8291 8363 8362
f 8291 8292 8363
f 8292 8364 8363
f 8292 8293 8364
f 8293 8365 8364
f 8293 8294 8365
f 8294 8366 8365
f 8294 8295 8366
f 8295 8367 8366
f 8295 8296 8367
f 8296 8368 8367
f 8296 8297 8368
f 8297 8369 8368
f 8297 8298 8369
f 8298 8370 8369
f 8298 8299 8370
f 8299 8371 8370
f 8299 8300 8371
f 8300 8372 8371
f 8300 8301 8372
f 8301 8373 8372
f 8301 8302 8373
f 8302 8374 8373
f 8302 8303 8374
f 8303 8375 8374
f 8303 8304 8375
f 8304 8376 8375
f 8304 8305 8376
f 8305 8377 8376
f 8305 8306 8377
f 8306 8378 8377
f 8306 8307 8378
f 8307 8379 8378
f 8307 8308 8379
f 8308 8380 8379
f 8308 8309 8380
f 8309 8381 8380
f 8309 8310 8381
f 8310 8382 8381
f 8310 8311 8382
f 8311 8383 8382
f 8311 8312 8383
f 8312 8384 8383
f 8312 8313 8384
f 8313 8385 8384
f 8313 8314 8385
f 8314 8386 8385
f 8314 8315 8386
f 8315 8387 8386
f 8315 8316 8387
f 8316 8388 8387
f 8316 8317 8388
f 8317 8389 8388
f 8317 8318 8389
f 8318 8390 8389
f 8318 8319 8390
f 8319 8391 8390
f 8319 8320 8391
f 8320 8392 8391
f 8320 8321 8392
f 8321 8393 8392
f 8321 8322 8393
f 8322 8394 8393
f 8322 8323 8394
f 8323 8395 8394
f 8323 8324 8395
f 8324 8396 8395
f 8324 8325 8396
f 8325 8397 8396
f 8325 8326 8397
f 8326 8398 8397
f 8326 8327 8398
f 8327 8399 8398
f 8327 8328 8399
f 8328 8400 8399
f 8328 8329 8400
f 8329 8401 8400
f 8329 8330 8401
f 8330 8402 8401
f 8330 8331 8402
f 8331 8403 8402
f 8331 8332 8403
f 8332 8404 8403
f 8332 8333 8404
f 8333 8405 8404
f 8333 8334 8405
f 8334 8406 8405
f 8334 8335 8406
f 8335 8407 8406
f 8335 8336 8407
f 8336 8408 8407
f 8336 8337 8408
f 8337 8409 8408
f 8337 8338 8409
f 8338 8410 8409
f 8338 8339 8410
f 8339 8411 8410
f 8339 8340 8411
f 8340 8412 8411
f 8340 8341 8412
f 8341 8413 8412
f 8341 8342 8413
f 8342 8414 8413
f 8342 8343 8414
f 8343 8415 8414
f 8343 8344 8415
f 8344 8416 8415
f 8344 8345 8416
f 8345 8417 8416
f 8345 8346 8417
f 8346 8418 8417
f 8346 8347 8418
f 8347 8419 8418
f 8347 8348 8419
f 8348 8420 8419
f 8348 8349 8420
f 8349 8421 8420
f 8349 8350 8421
f 8350 8422 8421
f 8350 8351 8422
f 8351 8423 8422
f 8351 8352 8423
f 8352 8424 8423
f 8352 8281 8424
f 8281 8353 8424
f 8353 8354 8425
f 8354 8426 8425
f 8354 8355 8426
f 8355 8427 8426
f 8355 8356 8427
f 8356 8428 8427
f 8356 8357 8428
f 8357 8429 8428
f 8357 8358 8429
f 8358 8430 8429
f 8358 8359 8430
f 8359 8431 8430
f 8359 8360 8431
f 8360 8432 8431
f 8360 8361 8432
f 8361 8433 8432
f 8361 8362 8433
f 8362 8434 8433
f 8362 8363 8434
f 8363 8435 8434
f 8363 8364 8435
f 8364 8436 8435
f 8364 8365 8436
f 8365 8437 8436
f 8365 8366 8437
f 8366 8438 8437
f 8366 8367 8438
f 8367 8439 8438
f 8367 8368 8439
f 8368 8440 8439
f 8368 8369 8440
f 8369 8441 8440
f 8369 8370 8441
f 8370 8442 8441
f 8370 8371 8442
f 8371 8443 8442
f 8371 8372 8443
f 8372 8444 8443
f 8372 8373 8444
f 8373 8445 8444
f 8373 8374 8445
f 8374 8446 8445
f 8374 8375 8446
f 8375 8447 8446
f 8375 8376 8447
f 8376 8448 8447
f 8376 8377 8448
f 8377 8449 8448
f 8377 8378 8449
f 8378 8450 8449
f 8378 8379 8450
f 8379 8451 8450
f 8379 8380 8451
f 8380 8452 8451
f 8380 8381 8452
f 8381 8453 8452
f 8381 8382 8453
f 8382 8454 8453
f 8382 8383 8454
f 8383 8455 8454
f 8383 8384 8455
f 8384 8456 8455
f 8384 8385 8456
f 8385 8457 8456
f 8385 8386 8457
f 8386 8458 8457
f 8386 8387 8458
f 8387 8459 8458
f 8387 8388 8459
f 8388 8460 8459
f 8388 8389 8460
f 8389 8461 8460
f 8389 8390 8461
f 8390 8462 8461
f 8390 8391 8462
f 8391 8463 8462
f 8391 8392 8463
f 8392 8464 8463
f 8392 8393 8464
f 8393 8465 8464
f 8393 8394 8465
f 8394 8466 8465
f 8394 8395 8466
f 8395 8467 8466
f 8395 8396 8467
f 8396 8468 8467
f 8396 8397 8468
f 8397 8469 8468
f 8397 8398 8469
f 8398 8470 8469
f 8398 8399 8470
f 8399 8471 8470
f 8399 8400 8471
f 8400 8472 8471
f 8400 8401 8472
f 8401 8473 8472
f 8401 8402 8473
f 8402 8474 8473
f 8402 8403 8474
f 8403 8475 8474
f 8403 8404 8475
f 8404 8476 8475
f 8404 8405 8476
f 8405 8477 8476
f 8405 8406 8477
f 8406 8478 8477
f 8406 8407 8478
f 8407 8479 8478
f 8407 8408 8479
f 8408 8480 8479
f 8408 8409 8480
f 8409 8481 8480
f 8409 8410 8481
f 8410 8482 8481
f 8410 8411 8482
f 8411 8483 8482
f 8411 8412 8483
f 8412 8484 8483
f 8412 8413 8484
f 8413 8485 8484
f 8413 8414 8485
f 8414 8486 8485
f 8414 8415 8486
f 8415 8487 8486
f 8415 8416 8487
f 8416 8488 8487
f 8416 8417 8488
f 8417 8489 8488
f 8417 8418 8489
f 8418 8490 8489
f 8418 8419 8490
f 8419 8491 8490
f 8419 8420 8491
f 8420 8492 8491
f 8420 8421 8492
f 8421 8493 8492
f 8421 8422 8493
f 8422 8494 8493
f 8422 8423 8494
f 8423 8495 8494
f 8423 8424 8495
f 8424 8496 8495
f 8424 8353 8496
f 8353 8425 8496
f 8425 8426 8497
f 8426 8498 8497
f 8426 8427 8498
f 8427 8499 8498
f 8427 8428 8499
f 8428 8500 8499
f 8428 8429 8500
f 8429 8501 8500
f 8429 8430 8501
f 8430 8502 8501
f 8430 8431 8502
f 8431 8503 8502
f 8431 8432 8503
f 8432 8504 8503
f 8432 8433 8504
f 8433 8505 8504
f 8433 8434 8505
f 8434 8506 8505
f 8434 8435 8506
f 8435 8507 8506
f 8435 8436 8507
f 8436 8508 8507
f 8436 8437 8508
f 8437 8509 8508
f 8437 8438 8509
f 8438 8510 8509
f 8438 8439 8510
f 8439 8511 8510
f 8439 8440 8511
f 8440 8512 8511
f 8440 8441 8512
f 8441 8513 8512
f 8441 8442 8513
f 8442 8514 8513
f 8442 8443 8514
f 8443 8515 8514
f 8443 8444 8515
f 8444 8516 8515
f 8444 8445 8516
f 8445 8517 8516
f 8445 8446 8517
f 8446 8518 8517
f 8446 8447 8518
f 8447 8519 8518
f 8447 8448 8519
f 8448 8520 8519
f 8448 8449 8520
f 8449 8521 8520
f 8449 8450 8521
f 8450 8522 8521
f 8450 8451 8522
f 8451 8523 8522
f 8451 8452 8523
f 8452 8524 8523
f 8452 8453 8524
f 8453 8525 8524
f 8453 8454 8525
f 8454 8526 8525
f 8454 8455 8526
f 8455 8527 8526
f 8455 8456 8527
f 8456 8528 8527
f 8456 8457 8528
f 8457 8529 8528
f 8457 8458 8529
f 8458 8530 8529
f 8458 8459 8530
f 8459 8531 8530
f 8459 8460 8531
f 8460 8532 8531
f 8460 8461 8532
f 8461 8533 8532
f 8461 8462 8533
f 8462 8534 8533
f 8462 8463 8534
f 8463 8535 8534
f 8463 8464 8535
f 8464 8536 8535
f 8464 8465 8536
f 8465 8537 8536
f 8465 8466 8537
f 8466 8538 8537
f 8466 8467 8538
f 8467 8539 8538
f 8467 8468 8539
f 8468 8540 8539
f 8468 8469 8540
f 8469 8541 8540
f 8469 8470 8541
f 8470 8542 8541
f 8470 8471 8542
f 8471 8543 8542
f 8471 8472 8543
f 8472 8544 8543
f 8472 8473 8544
f 8473 8545 8544
f 8473 8474 8545
f 8474 8546 8545
f 8474 8475 8546
f 8475 8547 8546
f 8475 8476 8547
f 8476 8548 8547
f 8476 8477 8548
f 8477 8549 8548
f 8477 8478 8549
f 8478 8550 8549
f 8478 8479 8550
f 8479 8551 8550
f 8479 8480 8551
f 8480 8552 8551
f 8480 8481 8552
f 8481 8553 8552
f 8481 8482 8553
f 8482 8554 8553
f 8482 8483 8554
f 8483 8555 8554
f 8483 8484 8555
f 8484 8556 8555
f 8484 8485 8556
f 8485 8557 8556
f 8485 8486 8557
f 8486 8558 8557
f 8486 8487 8558
f 8487 8559 8558
f 8487 8488 8559
f 8488 8560 8559
f 8488 8489 8560
f 8489 8561 8560
f 8489 8490 8561
f 8490 8562 8561
f 8490 8491 8562
f 8491 8563 8562
f 8491 8492 8563
f 8492 8564 8563
f 8492 8493 8564
f 8493 8565 8564
f 8493 8494 8565
f 8494 8566 8565
f 8494 8495 8566
f 8495 8567 8566
f 8495 8496 8567
f 8496 8568 8567
f 8496 8425 8568
f 8425 8497 8568
f 8497 8498 8569
f 8498 8570 8569
f 8498 8499 8570
f 8499 8571 8570
f 8499 8500 8571
f 8500 8572 8571
f 8500 8501 8572
f 8501 8573 8572
f 8501 8502 8573
f 8502 8574 8573
f 8502 8503 8574
f 8503 8575 8574
f 8503 8504 8575
f 8504 8576 8575
f 8504 8505 8576
f 8505 8577 8576
f 8505 8506 8577
f 8506 8578 8577
f 8506 8507 8578
f 8507 8579 8578
f 8507 8508 8579
f 8508 8580 8579
f 8508 8509 8580
f 8509 8581 8580
f 8509 8510 8581
f 8510 8582 8581
f 8510 8511 8582
f 8511 8583 8582
f 8511 8512 8583
f 8512 8584 8583
f 8512 8513 8584
f 8513 8585 8584
f 8513 8514 8585
f 8514 8586 8585
f 8514 8515 8586
f 8515 8587 8586
f 8515 8516 8587
f 8516 8588 8587
f 8516 8517 8588
f 8517 8589 8588
f 8517 8518 8589
f 8518 8590 8589
f 8518 8519 8590
f 8519 8591 8590
f 8519 8520 8591
f 8520 8592 8591
f 8520 8521 8592
f 8521 8593 8592
f 8521 8522 8593
f 8522 8594 8593
f 8522 8523 8594
f 8523 8595 8594
f 8523 8524 8595
f 8524 8596 8595
f 8524 8525 8596
f 8525 8597 8596
f 8525 8526 8597
f 8526 8598 8597
f 8526 8527 8598
f 8527 8599 8598
f 8527 8528 8599
f 8528 8600 8599
f 8528 8529 8600
f 8529 8601 8600
f 8529 8530 8601
f 8530 8602 8601
f 8530 8531 8602
f 8531 8603 8602
f 8531 8532 8603
f 8532 8604 8603
f 8532 8533 8604
f 8533 8605 8604
f 8533 8534 8605
f 8534 8606 8605
f 8534 8535 8606
f 8535 8607 8606
f 8535 8536 8607
f 8536 8608 8607
f 8536 8537 8608
f 8537 8609 8608
f 8537 8538 8609
f 8538 8610 8609
f 8538 8539 8610
f 8539 8611 8610
f 8539 8540 8611
f 8540 8612 8611
f 8540 8541 8612
f 8541 8613 8612
f 8541 8542 8613
f 8542 8614 8613
f 8542 8543 8614
f 8543 8615 8614
f 8543 8544 8615
f 8544 8616 8615
f 8544 8545 8616
f 8545 8617 8616
f 8545 8546 8617
f 8546 8618 8617
f 8546 8547 8618
f 8547 8619 8618
f 8547 8548 8619
f 8548 8620 8619
f 8548 8549 8620
f 8549 8621 8620
f 8549 8550 8621
f 8550 8622 8621
f 8550 8551 8622
f 8551 8623 8622
f 8551 8552 8623
f 8552 8624 8623
f 8552 8553 8624
f 8553 8625 8624
f 8553 8554 8625
f 8554 8626 8625
f 8554 8555 8626
f 8555 8627 8626
f 8555 8556 8627
f 8556 8628 8627
f 8556 8557 8628
f 8557 8629 8628
f 8557 8558 8629
f 8558 8630 8629
f 8558 8559 8630
f 8559 8631 8630
f 8559 8560 8631
f 8560 8632 8631
f 8560 8561 8632
f 8561 8633 8632
f 8561 8562 8633
f 8562 8634 8633
f 8562 8563 8634
f 8563 8635 8634
f 8563 8564 8635
f 8564 8636 8635
f 8564 8565 8636
f 8565 8637 8636
f 8565 8566 8637
f 8566 8638 8637
f 8566 8567 8638
f 8567 8639 8638
f 8567 8568 8639
f 8568 8640 8639
f 8568 8497 8640
f 8497 8569 8640
f 8569 8570 8641
f 8570 8642 8641
f 8570 8571 8642
f 8571 8643 8642
f 8571 8572 8643
f 8572 8644 8643
f 8572 8573 8644
f 8573 8645 8644
f 8573 8574 8645
f 8574 8646 8645
f 8574 8575 8646
f 8575 8647 8646
f 8575 8576 8647
f 8576 8648 8647
f 8576 8577 8648
f 8577 8649 8648
f 8577 8578 8649
f 8578 8650 8649
f 8578 8579 8650
f 8579 8651 8650
f 8579 8580 8651
f 8580 8652 8651
f 8580 8581 8652
f 8581 8653 8652
f 8581 8582 8653
f 8582 8654 8653
f 8582 8583 8654
f 8583 8655 8654
f 8583 8584 8655
f 8584 8656 8655
f 8584 8585 8656
f 8585 8657 8656
f 8585 8586 8657
f 8586 8658 8657
f 8586 8587 8658
f 8587 8659 8658
f 8587 8588 8659
f 8588 8660 8659
f 8588 8589 8660
f 8589 8661 8660
f 8589 8590 8661
f 8590 8662 8661
f 8590 8591 8662
f 8591 8663 8662
f 8591 8592 8663
f 8592 8664 8663
f 8592 8593 8664
f 8593 8665 8664
f 8593 8594 8665
f 8594 8666 8665
f 8594 8595 8666
f 8595 8667 8666
f 8595 8596 8667
f 8596 8668 8667
f 8596 8597 8668
f 8597 8669 8668
f 8597 8598 8669
f 8598 8670 8669
f 8598 8599 8670
f 8599 8671 8670
f 8599 8600 8671
f 8600 8672 8671
f 8600 8601 8672
f 8601 8673 8672
f 8601 8602 8673
f 8602 8674 8673
f 8602 8603 8674
f 8603 8675 8674
f 8603 8604 8675
f 8604 8676 8675
f 8604 8605 8676
f 8605 8677 8676
f 8605 8606 8677
f 8606 8678 8677
f 8606 8607 8678
f 8607 8679 8678
f 8607 8608 8679
f 8608 8680 8679
f 8608 8609 8680
f 8609 8681 8680
f 8609 8610 8681
f 8610 8682 8681
f 8610 8611 8682
f 8611 8683 8682
f 8611 8612 8683
f 8612 8684 8683
f 8612 8613 8684
f 8613 8685 8684
f 8613 8614 8685
f 8614 8686 8685
f 8614 8615 8686
f 8615 8687 8686
f 8615 8616 8687
f 8616 8688 8687
f 8616 8617 8688
f 8617 8689 8688
f 8617 8618 8689
f 8618 8690 8689
f 8618 8619 8690
f 8619 8691 8690
f 8619 8620 8691
f 8620 8692 8691
f 8620 8621 8692
f 8621 8693 8692
f 8621 8622 8693
f 8622 8694 8693
f 8622 8623 8694
f 8623 8695 8694
f 8623 8624 8695
f 8624 8696 8695
f 8624 8625 8696
f 8625 8697 8696
f 8625 8626 8697
f 8626 8698 8697
f 8626 8627 8698
f 8627 8699 8698
f 8627 8628 8699
f 8628 8700 8699
f 8628 8629 8700
f 8629 8701 8700
f 8629 8630 8701
f 8630 8702 8701
f 8630 8631 8702
f 8631 8703 8702
f 8631 8632 8703
f 8632 8704 8703
f 8632 8633 8704
f 8633 8705 8704
f 8633 8634 8705
f 8634 8706 8705
f 8634 8635 8706
f 8635 8707 8706
f 8635 8636 8707
f 8636 8708 8707
f 8636 8637 8708
f 8637 8709 8708
f 8637 8638 8709
f 8638 8710 8709
f 8638 8639 8710
f 8639 8711 8710
f 8639 8640 8711
f 8640 8712 8711
f 8640 8569 8712
f 8569 8641 8712

