# https://github.com/mikedh/trimesh
v 2.00000000 0.00000000 10.92695373
v 2.00000000 -0.97652646 10.88901138
v 2.00000000 -1.94609681 10.76717794
v 2.00000000 -2.90087697 10.56168175
v 2.00000000 -3.83306246 10.27392161
v 2.00000000 -4.73517752 9.90649301
v 2.00000000 -5.60032059 9.46301952
v 2.00000000 -6.42227674 8.94784502
v 2.00000000 -7.19546571 8.36568673
v 2.00000000 -7.91475540 7.72135850
v 2.00000000 -8.57522212 7.01964465
v 2.00000000 -9.17196172 6.26534853
v 2.00000000 -9.70003980 5.46347686
v 2.00000000 -10.15462097 4.61947355
v 2.00000000 -10.53125256 3.73940166
v 2.00000000 -10.82622023 2.82999410
v 2.00000000 -11.03686348 1.89854398
v 2.00000000 -11.16174849 0.95266505
v 2.00000000 -11.20064118 0.00000000
v 2.00000000 -11.15429022 -0.95202848
v 2.00000000 -11.02409305 -1.89634723
v 2.00000000 -10.81175694 -2.82621336
v 2.00000000 -10.51906716 -3.73507490
v 2.00000000 -10.14783567 -4.61638683
v 2.00000000 -9.70003980 -5.46347686
v 2.00000000 -9.17809451 -6.26953783
v 2.00000000 -8.58515575 -7.02777629
v 2.00000000 -7.92534326 -7.73168766
v 2.00000000 -7.20380102 -8.37537764
v 2.00000000 -6.42657096 -8.95382795
v 2.00000000 -5.60032059 -9.46301952
v 2.00000000 -4.73201348 -9.89987350
v 2.00000000 -3.82862734 -10.26203396
v 2.00000000 -2.89700154 -10.54757187
v 2.00000000 -1.94384504 -10.75471956
v 2.00000000 -0.97587394 -10.88173536
v 2.00000000 -0.00000000 -10.92695373
v 2.00000000 0.97652646 -10.88901138
v 2.00000000 1.94609681 -10.76717794
v 2.00000000 2.90087697 -10.56168175
v 2.00000000 3.83306246 -10.27392161
v 2.00000000 4.73517752 -9.90649301
v 2.00000000 5.60032059 -9.46301952
v 2.00000000 6.42227674 -8.94784502
v 2.00000000 7.19546571 -8.36568673
v 2.00000000 7.91475540 -7.72135850
v 2.00000000 8.57522212 -7.01964465
v 2.00000000 9.17196172 -6.26534853
v 2.00000000 9.70003980 -5.46347686
v 2.00000000 10.15462097 -4.61947355
v 2.00000000 10.53125256 -3.73940166
v 2.00000000 10.82622023 -2.82999410
v 2.00000000 11.03686348 -1.89854398
v 2.00000000 11.16174849 -0.95266505
v 2.00000000 11.20064118 -0.00000000
v 2.00000000 11.15429022 0.95202848
v 2.00000000 11.02409305 1.89634723
v 2.00000000 10.81175694 2.82621336
v 2.00000000 10.51906716 3.73507490
v 2.00000000 10.14783567 4.61638683
v 2.00000000 9.70003980 5.46347686
v 2.00000000 9.17809451 6.26953783
v 2.00000000 8.58515575 7.02777629
v 2.00000000 7.92534326 7.73168766
v 2.00000000 7.20380102 8.37537764
v 2.00000000 6.42657096 8.95382795
v 2.00000000 5.60032059 9.46301952
v 2.00000000 4.73201348 9.89987350
v 2.00000000 3.82862734 10.26203396
v 2.00000000 2.89700154 10.54757187
v 2.00000000 1.94384504 10.75471956
v 2.00000000 0.97587394 10.88173536
v 4.00000000 0.00000000 10.66785848
v 4.00000000 -0.97758805 10.64082844
v 4.00000000 -1.94955366 10.52901539
v 4.00000000 -2.90676131 10.33066448
v 4.00000000 -3.83987112 10.04666955
v 4.00000000 -4.74032520 9.68070367
v 4.00000000 -5.60113335 9.23863645
v 4.00000000 -6.41715505 8.72744435
v 4.00000000 -7.18475936 8.15398737
v 4.00000000 -7.90097790 7.52405887
v 4.00000000 -8.56246278 6.84200779
v 4.00000000 -9.16464719 6.11102232
v 4.00000000 -9.70144754 5.33392924
v 4.00000000 -10.16566020 4.51418626
v 4.00000000 -10.54995920 3.65668867
v 4.00000000 -10.84818091 2.76809321
v 4.00000000 -11.05646823 1.85654949
v 4.00000000 -11.17388258 0.93095186
v 4.00000000 -11.20226670 0.00000000
v 4.00000000 -11.14539480 -0.92857840
v 4.00000000 -11.00768996 -1.84835888
v 4.00000000 -10.79293653 -2.75399669
v 4.00000000 -10.50341551 -3.64055631
v 4.00000000 -10.13974288 -4.50267736
v 4.00000000 -9.70144754 -5.33392924
v 4.00000000 -9.18807215 -6.12664218
v 4.00000000 -8.60040554 -6.87232672
v 4.00000000 -7.94141960 -7.56257128
v 4.00000000 -7.21659711 -8.19012005
v 4.00000000 -6.43355738 -8.74975182
v 4.00000000 -5.60113335 -9.23863645
v 4.00000000 -4.72823976 -9.65602275
v 4.00000000 -3.82293060 -10.00234624
v 4.00000000 -2.89195863 -10.27805556
v 4.00000000 -1.94095274 -10.48256410
v 4.00000000 -0.97509570 -10.61369968
v 4.00000000 -0.00000000 -10.66785848
v 4.00000000 0.97758805 -10.64082844
v 4.00000000 1.94955366 -10.52901539
v 4.00000000 2.90676131 -10.33066448
v 4.00000000 3.83987112 -10.04666955
v 4.00000000 4.74032520 -9.68070367
v 4.00000000 5.60113335 -9.23863645
v 4.00000000 6.41715505 -8.72744435
v 4.00000000 7.18475936 -8.15398737
v 4.00000000 7.90097790 -7.52405887
v 4.00000000 8.56246278 -6.84200779
v 4.00000000 9.16464719 -6.11102232
v 4.00000000 9.70144754 -5.33392924
v 4.00000000 10.16566020 -4.51418626
v 4.00000000 10.54995920 -3.65668867
v 4.00000000 10.84818091 -2.76809321
v 4.00000000 11.05646823 -1.85654949
v 4.00000000 11.17388258 -0.93095186
v 4.00000000 11.20226670 -0.00000000
v 4.00000000 11.14539480 0.92857840
v 4.00000000 11.00768996 1.84835888
v 4.00000000 10.79293653 2.75399669
v 4.00000000 10.50341551 3.64055631
v 4.00000000 10.13974288 4.50267736
v 4.00000000 9.70144754 5.33392924
v 4.00000000 9.18807215 6.12664218
v 4.00000000 8.60040554 6.87232672
v 4.00000000 7.94141960 7.56257128
v 4.00000000 7.21659711 8.19012005
v 4.00000000 6.43355738 8.74975182
v 4.00000000 5.60113335 9.23863645
v 4.00000000 4.72823976 9.65602275
v 4.00000000 3.82293060 10.00234624
v 4.00000000 2.89195863 10.27805556
v 4.00000000 1.94095274 10.48256410
v 4.00000000 0.97509570 10.61369968
v 6.00000000 0.00000000 10.89165358
v 6.00000000 -0.97750804 10.85522658
v 6.00000000 -1.94823585 10.73477874
v 6.00000000 -2.90416519 10.53026255
v 6.00000000 -3.83727555 10.24300666
v 6.00000000 -4.73993722 9.87575662
v 6.00000000 -5.60523063 9.43244869
v 6.00000000 -6.42708204 8.91779324
v 6.00000000 -7.20017217 8.33680586
v 6.00000000 -7.91965952 7.69443700
v 6.00000000 -8.58083105 6.99541073
v 6.00000000 -9.17882440 6.24430605
v 6.00000000 -9.70854424 5.44582679
v 6.00000000 -10.16482816 4.60514094
v 6.00000000 -10.54282791 3.72814953
v 6.00000000 -10.83849202 2.82157535
v 6.00000000 -11.04899457 1.89283112
v 6.00000000 -11.17296802 0.94970927
v 6.00000000 -11.21046126 0.00000000
v 6.00000000 -11.16263613 -0.94883105
v 6.00000000 -11.03130376 -1.88980047
v 6.00000000 -10.81845610 -2.81635941
v 6.00000000 -10.52594754 -3.72218030
v 6.00000000 -10.15542852 -4.60088246
v 6.00000000 -9.70854424 -5.44582679
v 6.00000000 -9.18732012 -6.25008564
v 6.00000000 -8.59459206 -7.00662921
v 6.00000000 -7.93432684 -7.70868720
v 6.00000000 -7.21171903 -8.35017553
v 6.00000000 -6.43303081 -8.92604735
v 6.00000000 -5.60523063 -9.43244869
v 6.00000000 -4.73555409 -9.86662428
v 6.00000000 -3.83113159 -10.22660633
v 6.00000000 -2.89879657 -10.51079641
v 6.00000000 -1.94511649 -10.71759103
v 6.00000000 -0.97660412 -10.84518851
v 6.00000000 -0.00000000 -10.89165358
v 6.00000000 0.97750804 -10.85522658
v 6.00000000 1.94823585 -10.73477874
v 6.00000000 2.90416519 -10.53026255
v 6.00000000 3.83727555 -10.24300666
v 6.00000000 4.73993722 -9.87575662
v 6.00000000 5.60523063 -9.43244869
v 6.00000000 6.42708204 -8.91779324
v 6.00000000 7.20017217 -8.33680586
v 6.00000000 7.91965952 -7.69443700
v 6.00000000 8.58083105 -6.99541073
v 6.00000000 9.17882440 -6.24430605
v 6.00000000 9.70854424 -5.44582679
v 6.00000000 10.16482816 -4.60514094
v 6.00000000 10.54282791 -3.72814953
v 6.00000000 10.83849202 -2.82157535
v 6.00000000 11.04899457 -1.89283112
v 6.00000000 11.17296802 -0.94970927
v 6.00000000 11.21046126 -0.00000000
v 6.00000000 11.16263613 0.94883105
v 6.00000000 11.03130376 1.88980047
v 6.00000000 10.81845610 2.81635941
v 6.00000000 10.52594754 3.72218030
v 6.00000000 10.15542852 4.60088246
v 6.00000000 9.70854424 5.44582679
v 6.00000000 9.18732012 6.25008564
v 6.00000000 8.59459206 7.00662921
v 6.00000000 7.93432684 7.70868720
v 6.00000000 7.21171903 8.35017553
v 6.00000000 6.43303081 8.92604735
v 6.00000000 5.60523063 9.43244869
v 6.00000000 4.73555409 9.86662428
v 6.00000000 3.83113159 10.22660633
v 6.00000000 2.89879657 10.51079641
v 6.00000000 1.94511649 10.71759103
v 6.00000000 0.97660412 10.84518851
v 8.00000000 0.00000000 11.15369444
v 8.00000000 -0.97685672 11.11669912
v 8.00000000 -1.94697719 10.99357287
v 8.00000000 -2.90231046 10.78420617
v 8.00000000 -3.83479646 10.48994514
v 8.00000000 -4.73677895 10.11363642
v 8.00000000 -5.60134058 9.65938273
v 8.00000000 -6.42244346 9.13209194
v 8.00000000 -7.19482942 8.53696967
v 8.00000000 -7.91372399 7.87911912
v 8.00000000 -8.57446381 7.16336810
v 8.00000000 -9.17219983 6.39435961
v 8.00000000 -9.70180648 5.57684722
v 8.00000000 -10.15805523 4.71606612
v 8.00000000 -10.53601669 3.81802779
v 8.00000000 -10.83157011 2.88961933
v 8.00000000 -11.04185634 1.93846351
v 8.00000000 -11.16552336 0.97258515
v 8.00000000 -11.20268116 0.00000000
v 8.00000000 -11.15457980 -0.97163190
v 8.00000000 -11.02311819 -1.93517392
v 8.00000000 -10.81034801 -2.88395776
v 8.00000000 -10.51813695 -3.81154856
v 8.00000000 -10.14809911 -4.71144380
v 8.00000000 -9.70180648 -5.57684722
v 8.00000000 -9.18119852 -6.40063301
v 8.00000000 -8.58903950 -7.17554508
v 8.00000000 -7.92925964 -7.89458684
v 8.00000000 -7.20705987 -8.55148163
v 8.00000000 -6.42874441 -9.14105127
v 8.00000000 -5.60134058 -9.65938273
v 8.00000000 -4.73213633 -10.10372383
v 8.00000000 -3.82828877 -10.47214359
v 8.00000000 -2.89662402 -10.76307687
v 8.00000000 -1.94367315 -10.97491666
v 8.00000000 -0.97589928 -11.10580341
v 8.00000000 -0.00000000 -11.15369444
v 8.00000000 0.97685672 -11.11669912
v 8.00000000 1.94697719 -10.99357287
v 8.00000000 2.90231046 -10.78420617
v 8.00000000 3.83479646 -10.48994514
v 8.00000000 4.73677895 -10.11363642
v 8.00000000 5.60134058 -9.65938273
v 8.00000000 6.42244346 -9.13209194
v 8.00000000 7.19482942 -8.53696967
v 8.00000000 7.91372399 -7.87911912
v 8.00000000 8.57446381 -7.16336810
v 8.00000000 9.17219983 -6.39435961
v 8.00000000 9.70180648 -5.57684722
v 8.00000000 10.15805523 -4.71606612
v 8.00000000 10.53601669 -3.81802779
v 8.00000000 10.83157011 -2.88961933
v 8.00000000 11.04185634 -1.93846351
v 8.00000000 11.16552336 -0.97258515
v 8.00000000 11.20268116 -0.00000000
v 8.00000000 11.15457980 0.97163190
v 8.00000000 11.02311819 1.93517392
v 8.00000000 10.81034801 2.88395776
v 8.00000000 10.51813695 3.81154856
v 8.00000000 10.14809911 4.71144380
v 8.00000000 9.70180648 5.57684722
v 8.00000000 9.18119852 6.40063301
v 8.00000000 8.58903950 7.17554508
v 8.00000000 7.92925964 7.89458684
v 8.00000000 7.20705987 8.55148163
v 8.00000000 6.42874441 9.14105127
v 8.00000000 5.60134058 9.65938273
v 8.00000000 4.73213633 10.10372383
v 8.00000000 3.82828877 10.47214359
v 8.00000000 2.89662402 10.76307687
v 8.00000000 1.94367315 10.97491666
v 8.00000000 0.97589928 11.10580341
v 10.00000000 0.00000000 11.08846517
v 10.00000000 -0.97611009 11.04906606
v 10.00000000 -1.94515165 10.92479367
v 10.00000000 -2.89940515 10.71605668
v 10.00000000 -3.83120085 10.42431679
v 10.00000000 -4.73315858 10.05210591
v 10.00000000 -5.59838669 9.60289253
v 10.00000000 -6.42057989 9.08083994
v 10.00000000 -7.19399205 8.49053335
v 10.00000000 -7.91330658 7.83675988
v 10.00000000 -8.57346587 7.12440340
v 10.00000000 -9.16953837 6.35847258
v 10.00000000 -9.69669018 5.54423259
v 10.00000000 -10.15029132 4.68737397
v 10.00000000 -10.52613783 3.79414102
v 10.00000000 -10.82072733 2.87135873
v 10.00000000 -11.03150319 1.92633588
v 10.00000000 -11.15698943 0.96666802
v 10.00000000 -11.19677338 0.00000000
v 10.00000000 -11.15134312 -0.96617881
v 10.00000000 -11.02183527 -1.92464766
v 10.00000000 -10.80977782 -2.86845320
v 10.00000000 -10.51691281 -3.79081587
v 10.00000000 -10.14515448 -4.68500179
v 10.00000000 -9.69669018 -5.54423259
v 10.00000000 -9.17418123 -6.36169210
v 10.00000000 -8.58098618 -7.13065264
v 10.00000000 -7.92132218 -7.84469795
v 10.00000000 -7.20030234 -8.49798091
v 10.00000000 -6.42383085 -9.08543789
v 10.00000000 -5.59838669 -9.60289253
v 10.00000000 -4.73076323 -10.04701875
v 10.00000000 -3.82784322 -10.41518100
v 10.00000000 -2.89647124 -10.70521308
v 10.00000000 -1.94344693 -10.91521927
v 10.00000000 -0.97561611 -11.04347436
v 10.00000000 -0.00000000 -11.08846517
v 10.00000000 0.97611009 -11.04906606
v 10.00000000 1.94515165 -10.92479367
v 10.00000000 2.89940515 -10.71605668
v 10.00000000 3.83120085 -10.42431679
v 10.00000000 4.73315858 -10.05210591
v 10.00000000 5.59838669 -9.60289253
v 10.00000000 6.42057989 -9.08083994
v 10.00000000 7.19399205 -8.49053335
v 10.00000000 7.91330658 -7.83675988
v 10.00000000 8.57346587 -7.12440340
v 10.00000000 9.16953837 -6.35847258
v 10.00000000 9.69669018 -5.54423259
v 10.00000000 10.15029132 -4.68737397
v 10.00000000 10.52613783 -3.79414102
v 10.00000000 10.82072733 -2.87135873
v 10.00000000 11.03150319 -1.92633588
v 10.00000000 11.15698943 -0.96666802
v 10.00000000 11.19677338 -0.00000000
v 10.00000000 11.15134312 0.96617881
v 10.00000000 11.02183527 1.92464766
v 10.00000000 10.80977782 2.86845320
v 10.00000000 10.51691281 3.79081587
v 10.00000000 10.14515448 4.68500179
v 10.00000000 9.69669018 5.54423259
v 10.00000000 9.17418123 6.36169210
v 10.00000000 8.58098618 7.13065264
v 10.00000000 7.92132218 7.84469795
v 10.00000000 7.20030234 8.49798091
v 10.00000000 6.42383085 9.08543789
v 10.00000000 5.59838669 9.60289253
v 10.00000000 4.73076323 10.04701875
v 10.00000000 3.82784322 10.41518100
v 10.00000000 2.89647124 10.70521308
v 10.00000000 1.94344693 10.91521927
v 10.00000000 0.97561611 11.04347436
v 12.00000000 0.00000000 10.88915065
v 12.00000000 -0.97576429 10.85283076
v 12.00000000 -1.94477338 10.73248092
v 12.00000000 -2.89901086 10.52803413
v 12.00000000 -3.83045581 10.24081410
v 12.00000000 -4.73148176 9.87357697
v 12.00000000 -5.59518070 9.43028109
v 12.00000000 -6.41550014 8.91566272
v 12.00000000 -7.18714918 8.33475855
v 12.00000000 -7.90531588 7.69252864
v 12.00000000 -8.56531086 6.99369282
v 12.00000000 -9.16228374 6.24281425
v 12.00000000 -9.69113725 5.44457532
v 12.00000000 -10.14669538 4.60412455
v 12.00000000 -10.52409085 3.72735151
v 12.00000000 -10.81925584 2.82097824
v 12.00000000 -11.02935794 1.89242596
v 12.00000000 -11.15303684 0.94949966
v 12.00000000 -11.19036140 0.00000000
v 12.00000000 -11.14252055 -0.94860437
v 12.00000000 -11.01135139 -1.88933638
v 12.00000000 -10.79886232 -2.81566090
v 12.00000000 -10.50690920 -3.72126622
v 12.00000000 -10.13712797 -4.59978329
v 12.00000000 -9.69113725 -5.44457532
v 12.00000000 -9.17093109 -6.24870620
v 12.00000000 -8.57931747 -7.00512941
v 12.00000000 -7.92024497 -7.70705589
v 12.00000000 -7.19890212 -8.34838814
v 12.00000000 -6.42155508 -8.92407731
v 12.00000000 -5.59518070 -9.43028109
v 12.00000000 -4.72702040 -9.86426709
v 12.00000000 -3.82420220 -10.22409492
v 12.00000000 -2.89354644 -10.50818954
v 12.00000000 -1.94159834 -10.71495905
v 12.00000000 -0.97484423 -10.84259753
v 12.00000000 -0.00000000 -10.88915065
v 12.00000000 0.97576429 -10.85283076
v 12.00000000 1.94477338 -10.73248092
v 12.00000000 2.89901086 -10.52803413
v 12.00000000 3.83045581 -10.24081410
v 12.00000000 4.73148176 -9.87357697
v 12.00000000 5.59518070 -9.43028109
v 12.00000000 6.41550014 -8.91566272
v 12.00000000 7.18714918 -8.33475855
v 12.00000000 7.90531588 -7.69252864
v 12.00000000 8.56531086 -6.99369282
v 12.00000000 9.16228374 -6.24281425
v 12.00000000 9.69113725 -5.44457532
v 12.00000000 10.14669538 -4.60412455
v 12.00000000 10.52409085 -3.72735151
v 12.00000000 10.81925584 -2.82097824
v 12.00000000 11.02935794 -1.89242596
v 12.00000000 11.15303684 -0.94949966
v 12.00000000 11.19036140 -0.00000000
v 12.00000000 11.14252055 0.94860437
v 12.00000000 11.01135139 1.88933638
v 12.00000000 10.79886232 2.81566090
v 12.00000000 10.50690920 3.72126622
v 12.00000000 10.13712797 4.59978329
v 12.00000000 9.69113725 5.44457532
v 12.00000000 9.17093109 6.24870620
v 12.00000000 8.57931747 7.00512941
v 12.00000000 7.92024497 7.70705589
v 12.00000000 7.19890212 8.34838814
v 12.00000000 6.42155508 8.92407731
v 12.00000000 5.59518070 9.43028109
v 12.00000000 4.72702040 9.86426709
v 12.00000000 3.82420220 10.22409492
v 12.00000000 2.89354644 10.50818954
v 12.00000000 1.94159834 10.71495905
v 12.00000000 0.97484423 10.84259753
v 14.00000000 0.00000000 10.87974166
v 14.00000000 -0.97471860 10.84382398
v 14.00000000 -1.94273785 10.72384226
v 14.00000000 -2.89600306 10.51965630
v 14.00000000 -3.82644659 10.23257119
v 14.00000000 -4.72641123 9.86538288
v 14.00000000 -5.58899345 9.42213267
v 14.00000000 -6.40818641 8.90765404
v 14.00000000 -7.17877571 8.32706283
v 14.00000000 -7.89603318 7.68535533
v 14.00000000 -8.55533174 6.98723535
v 14.00000000 -9.15183864 6.23720651
v 14.00000000 -9.68042062 5.43987083
v 14.00000000 -10.13582160 4.60030359
v 14.00000000 -10.51307560 3.72435133
v 14.00000000 -10.80803055 2.81873341
v 14.00000000 -11.01781384 1.89090273
v 14.00000000 -11.14108461 0.94871167
v 14.00000000 -11.17798690 0.00000000
v 14.00000000 -11.12981796 -0.94775226
v 14.00000000 -10.99852248 -1.88759190
v 14.00000000 -10.78618191 -2.81303529
v 14.00000000 -10.49466800 -3.71783028
v 14.00000000 -10.12557154 -4.59565143
v 14.00000000 -9.68042062 -5.43987083
v 14.00000000 -9.16110300 -6.24352040
v 14.00000000 -8.57033775 -6.99949093
v 14.00000000 -7.91202749 -7.70092289
v 14.00000000 -7.19136725 -8.34166846
v 14.00000000 -6.41467338 -8.91667121
v 14.00000000 -5.58899345 -9.42213267
v 14.00000000 -4.72163155 -9.85540630
v 14.00000000 -3.81974677 -10.21465473
v 14.00000000 -2.89014873 -10.49839061
v 14.00000000 -1.93933626 -10.70506562
v 14.00000000 -0.97373290 -10.83285794
v 14.00000000 -0.00000000 -10.87974166
v 14.00000000 0.97471860 -10.84382398
v 14.00000000 1.94273785 -10.72384226
v 14.00000000 2.89600306 -10.51965630
v 14.00000000 3.82644659 -10.23257119
v 14.00000000 4.72641123 -9.86538288
v 14.00000000 5.58899345 -9.42213267
v 14.00000000 6.40818641 -8.90765404
v 14.00000000 7.17877571 -8.32706283
v 14.00000000 7.89603318 -7.68535533
v 14.00000000 8.55533174 -6.98723535
v 14.00000000 9.15183864 -6.23720651
v 14.00000000 9.68042062 -5.43987083
v 14.00000000 10.13582160 -4.60030359
v 14.00000000 10.51307560 -3.72435133
v 14.00000000 10.80803055 -2.81873341
v 14.00000000 11.01781384 -1.89090273
v 14.00000000 11.14108461 -0.94871167
v 14.00000000 11.17798690 -0.00000000
v 14.00000000 11.12981796 0.94775226
v 14.00000000 10.99852248 1.88759190
v 14.00000000 10.78618191 2.81303529
v 14.00000000 10.49466800 3.71783028
v 14.00000000 10.12557154 4.59565143
v 14.00000000 9.68042062 5.43987083
v 14.00000000 9.16110300 6.24352040
v 14.00000000 8.57033775 6.99949093
v 14.00000000 7.91202749 7.70092289
v 14.00000000 7.19136725 8.34166846
v 14.00000000 6.41467338 8.91667121
v 14.00000000 5.58899345 9.42213267
v 14.00000000 4.72163155 9.85540630
v 14.00000000 3.81974677 10.21465473
v 14.00000000 2.89014873 10.49839061
v 14.00000000 1.93933626 10.70506562
v 14.00000000 0.97373290 10.83285794
v 16.00000000 0.00000000 10.93096223
v 16.00000000 -0.97336398 10.89284724
v 16.00000000 -1.93977370 10.77085605
v 16.00000000 -2.89144038 10.56524845
v 16.00000000 -3.82060836 10.27743122
v 16.00000000 -4.71984266 9.90998275
v 16.00000000 -5.58226530 9.46649098
v 16.00000000 -6.40166483 8.95125801
v 16.00000000 -7.17244890 8.36896705
v 16.00000000 -7.88946857 7.72441638
v 16.00000000 -8.54779175 7.02239717
v 16.00000000 -9.14252486 6.26773834
v 16.00000000 -9.66876712 5.46548112
v 16.00000000 -10.12173524 4.62110085
v 16.00000000 -10.49703520 3.74067905
v 16.00000000 -10.79100239 2.83094979
v 16.00000000 -11.00100333 1.89919253
v 16.00000000 -11.12560118 0.95300065
v 16.00000000 -11.16453060 0.00000000
v 16.00000000 -11.11849120 -0.95239162
v 16.00000000 -10.98882925 -1.89709082
v 16.00000000 -10.77721450 -2.82733262
v 16.00000000 -10.48541883 -3.73653949
v 16.00000000 -10.11526680 -4.61814767
v 16.00000000 -9.66876712 -5.46548112
v 16.00000000 -9.14837126 -6.27174639
v 16.00000000 -8.55726150 -7.03017700
v 16.00000000 -7.89956201 -7.73429866
v 16.00000000 -7.18039497 -8.37823870
v 16.00000000 -6.40575852 -8.95698210
v 16.00000000 -5.58226530 -9.46649098
v 16.00000000 -4.71682637 -9.90364963
v 16.00000000 -3.81638035 -10.26605787
v 16.00000000 -2.88774592 -10.55174900
v 16.00000000 -1.93762708 -10.75893666
v 16.00000000 -0.97274194 -10.88588600
v 16.00000000 -0.00000000 -10.93096223
v 16.00000000 0.97336398 -10.89284724
v 16.00000000 1.93977370 -10.77085605
v 16.00000000 2.89144038 -10.56524845
v 16.00000000 3.82060836 -10.27743122
v 16.00000000 4.71984266 -9.90998275
v 16.00000000 5.58226530 -9.46649098
v 16.00000000 6.40166483 -8.95125801
v 16.00000000 7.17244890 -8.36896705
v 16.00000000 7.88946857 -7.72441638
v 16.00000000 8.54779175 -7.02239717
v 16.00000000 9.14252486 -6.26773834
v 16.00000000 9.66876712 -5.46548112
v 16.00000000 10.12173524 -4.62110085
v 16.00000000 10.49703520 -3.74067905
v 16.00000000 10.79100239 -2.83094979
v 16.00000000 11.00100333 -1.89919253
v 16.00000000 11.12560118 -0.95300065
v 16.00000000 11.16453060 -0.00000000
v 16.00000000 11.11849120 0.95239162
v 16.00000000 10.98882925 1.89709082
v 16.00000000 10.77721450 2.82733262
v 16.00000000 10.48541883 3.73653949
v 16.00000000 10.11526680 4.61814767
v 16.00000000 9.66876712 5.46548112
v 16.00000000 9.14837126 6.27174639
v 16.00000000 8.55726150 7.03017700
v 16.00000000 7.89956201 7.73429866
v 16.00000000 7.18039497 8.37823870
v 16.00000000 6.40575852 8.95698210
v 16.00000000 5.58226530 9.46649098
v 16.00000000 4.71682637 9.90364963
v 16.00000000 3.81638035 10.26605787
v 16.00000000 2.88774592 10.55174900
v 16.00000000 1.93762708 10.75893666
v 16.00000000 0.97274194 10.88588600
v 18.00000000 0.00000000 10.97292469
v 18.00000000 -0.97208163 10.93299538
v 18.00000000 -1.93700192 10.80934785
v 18.00000000 -2.88719080 10.60257235
v 18.00000000 -3.81514903 10.31415968
v 18.00000000 -4.71362454 9.94650832
v 18.00000000 -5.57576153 9.50283154
v 18.00000000 -6.39518240 8.98699222
v 18.00000000 -7.16598693 8.40331596
v 18.00000000 -7.88268319 7.75643726
v 18.00000000 -8.54009067 7.05121933
v 18.00000000 -9.13326700 6.29275970
v 18.00000000 -9.65750226 5.48646235
v 18.00000000 -10.10840045 4.63813300
v 18.00000000 -10.48203580 3.75404711
v 18.00000000 -10.77514276 2.84095070
v 18.00000000 -10.98528380 1.90597967
v 18.00000000 -11.11094385 0.95651315
v 18.00000000 -11.15152306 0.00000000
v 18.00000000 -11.10723244 -0.95619365
v 18.00000000 -10.97892893 -1.90487708
v 18.00000000 -10.76794549 -2.83905308
v 18.00000000 -10.47597206 -3.75187544
v 18.00000000 -10.10502392 -4.63658372
v 18.00000000 -9.65750226 -5.48646235
v 18.00000000 -9.13631882 -6.29486238
v 18.00000000 -8.54503388 -7.05530074
v 18.00000000 -7.88795196 -7.76162165
v 18.00000000 -7.17013477 -8.40818001
v 18.00000000 -6.39731931 -8.98999516
v 18.00000000 -5.57576153 -9.50283154
v 18.00000000 -4.71205004 -9.94318587
v 18.00000000 -3.81294200 -10.30819305
v 18.00000000 -2.88526230 -10.59549035
v 18.00000000 -1.93588139 -10.80309476
v 18.00000000 -0.97175692 -10.92934342
v 18.00000000 -0.00000000 -10.97292469
v 18.00000000 0.97208163 -10.93299538
v 18.00000000 1.93700192 -10.80934785
v 18.00000000 2.88719080 -10.60257235
v 18.00000000 3.81514903 -10.31415968
v 18.00000000 4.71362454 -9.94650832
v 18.00000000 5.57576153 -9.50283154
v 18.00000000 6.39518240 -8.98699222
v 18.00000000 7.16598693 -8.40331596
v 18.00000000 7.88268319 -7.75643726
v 18.00000000 8.54009067 -7.05121933
v 18.00000000 9.13326700 -6.29275970
v 18.00000000 9.65750226 -5.48646235
v 18.00000000 10.10840045 -4.63813300
v 18.00000000 10.48203580 -3.75404711
v 18.00000000 10.77514276 -2.84095070
v 18.00000000 10.98528380 -1.90597967
v 18.00000000 11.11094385 -0.95651315
v 18.00000000 11.15152306 -0.00000000
v 18.00000000 11.10723244 0.95619365
v 18.00000000 10.97892893 1.90487708
v 18.00000000 10.76794549 2.83905308
v 18.00000000 10.47597206 3.75187544
v 18.00000000 10.10502392 4.63658372
v 18.00000000 9.65750226 5.48646235
v 18.00000000 9.13631882 6.29486238
v 18.00000000 8.54503388 7.05530074
v 18.00000000 7.88795196 7.76162165
v 18.00000000 7.17013477 8.40818001
v 18.00000000 6.39731931 8.98999516
v 18.00000000 5.57576153 9.50283154
v 18.00000000 4.71205004 9.94318587
v 18.00000000 3.81294200 10.30819305
v 18.00000000 2.88526230 10.59549035
v 18.00000000 1.93588139 10.80309476
v 18.00000000 0.97175692 10.92934342
v 20.00000000 0.00000000 10.98922261
v 20.00000000 -0.97073796 10.94858520
v 20.00000000 -1.93424060 10.82429191
v 20.00000000 -2.88302916 10.61706202
v 20.00000000 -3.80971028 10.32841913
v 20.00000000 -4.70710909 9.96069146
v 20.00000000 -5.56838434 9.51694595
v 20.00000000 -6.38709963 9.00087396
v 20.00000000 -7.15724057 8.41666142
v 20.00000000 -7.87318717 7.76887883
v 20.00000000 -8.52966717 7.06241749
v 20.00000000 -9.12172360 6.30247980
v 20.00000000 -9.64472460 5.49461131
v 20.00000000 -10.09442803 4.64474671
v 20.00000000 -10.46709296 3.75923713
v 20.00000000 -10.75961131 2.84483320
v 20.00000000 -10.96962355 1.90861471
v 20.00000000 -11.09558565 0.95787709
v 20.00000000 -11.13676868 0.00000000
v 20.00000000 -11.09319418 -0.95767063
v 20.00000000 -10.96552874 -1.90790225
v 20.00000000 -10.75497368 -2.84360701
v 20.00000000 -10.46318574 -3.75783386
v 20.00000000 -10.09225233 -4.64374561
v 20.00000000 -9.64472460 -5.49461131
v 20.00000000 -9.12369007 -6.30383849
v 20.00000000 -8.53285236 -7.06505478
v 20.00000000 -7.87658215 -7.77222883
v 20.00000000 -7.15991327 -8.41980442
v 20.00000000 -6.38847656 -9.00281438
v 20.00000000 -5.56838434 -9.51694595
v 20.00000000 -4.70609455 -9.95854459
v 20.00000000 -3.80828817 -10.32456367
v 20.00000000 -2.88178651 -10.61248584
v 20.00000000 -1.93351857 -10.82025135
v 20.00000000 -0.97052873 -10.94622541
v 20.00000000 -0.00000000 -10.98922261
v 20.00000000 0.97073796 -10.94858520
v 20.00000000 1.93424060 -10.82429191
v 20.00000000 2.88302916 -10.61706202
v 20.00000000 3.80971028 -10.32841913
v 20.00000000 4.70710909 -9.96069146
v 20.00000000 5.56838434 -9.51694595
v 20.00000000 6.38709963 -9.00087396
v 20.00000000 7.15724057 -8.41666142
v 20.00000000 7.87318717 -7.76887883
v 20.00000000 8.52966717 -7.06241749
v 20.00000000 9.12172360 -6.30247980
v 20.00000000 9.64472460 -5.49461131
v 20.00000000 10.09442803 -4.64474671
v 20.00000000 10.46709296 -3.75923713
v 20.00000000 10.75961131 -2.84483320
v 20.00000000 10.96962355 -1.90861471
v 20.00000000 11.09558565 -0.95787709
v 20.00000000 11.13676868 -0.00000000
v 20.00000000 11.09319418 0.95767063
v 20.00000000 10.96552874 1.90790225
v 20.00000000 10.75497368 2.84360701
v 20.00000000 10.46318574 3.75783386
v 20.00000000 10.09225233 4.64374561
v 20.00000000 9.64472460 5.49461131
v 20.00000000 9.12369007 6.30383849
v 20.00000000 8.53285236 7.06505478
v 20.00000000 7.87658215 7.77222883
v 20.00000000 7.15991327 8.41980442
v 20.00000000 6.38847656 9.00281438
v 20.00000000 5.56838434 9.51694595
v 20.00000000 4.70609455 9.95854459
v 20.00000000 3.80828817 10.32456367
v 20.00000000 2.88178651 10.61248584
v 20.00000000 1.93351857 10.82025135
v 20.00000000 0.97052873 10.94622541
v 22.00000000 0.00000000 10.99083419
v 22.00000000 -0.97012926 10.95012665
v 22.00000000 -1.93301945 10.82576943
v 22.00000000 -2.88120448 10.61849459
v 22.00000000 -3.80730507 10.32982896
v 22.00000000 -4.70415751 9.96209382
v 22.00000000 -5.56492530 9.51834161
v 22.00000000 -6.38316942 9.00224670
v 22.00000000 -7.15286716 8.41798118
v 22.00000000 -7.86838864 7.77010923
v 22.00000000 -8.52445514 7.06352491
v 22.00000000 -9.11611068 6.30344100
v 22.00000000 -9.63873336 5.49541709
v 22.00000000 -10.08809833 4.64540064
v 22.00000000 -10.46048472 3.75975027
v 22.00000000 -10.75280151 2.84521705
v 22.00000000 -10.96269804 1.90887524
v 22.00000000 -11.08862818 0.95801195
v 22.00000000 -11.12985060 0.00000000
v 22.00000000 -11.08636814 -0.95781669
v 22.00000000 -10.95882829 -1.90820142
v 22.00000000 -10.74841877 -2.84405737
v 22.00000000 -10.45679224 -3.75842310
v 22.00000000 -10.08604221 -4.64445384
v 22.00000000 -9.63873336 -5.49541709
v 22.00000000 -9.11796907 -6.30472601
v 22.00000000 -8.52746528 -7.06601916
v 22.00000000 -7.87159703 -7.77327754
v 22.00000000 -7.15539297 -8.42095372
v 22.00000000 -6.38447067 -9.00408188
v 22.00000000 -5.56492530 -9.51834161
v 22.00000000 -4.70319872 -9.96006339
v 22.00000000 -3.80596112 -10.32618260
v 22.00000000 -2.88003013 -10.61416659
v 22.00000000 -1.93233710 -10.82194801
v 22.00000000 -0.96993153 -10.94789484
v 22.00000000 -0.00000000 -10.99083419
v 22.00000000 0.97012926 -10.95012665
v 22.00000000 1.93301945 -10.82576943
v 22.00000000 2.88120448 -10.61849459
v 22.00000000 3.80730507 -10.32982896
v 22.00000000 4.70415751 -9.96209382
v 22.00000000 5.56492530 -9.51834161
v 22.00000000 6.38316942 -9.00224670
v 22.00000000 7.15286716 -8.41798118
v 22.00000000 7.86838864 -7.77010923
v 22.00000000 8.52445514 -7.06352491
v 22.00000000 9.11611068 -6.30344100
v 22.00000000 9.63873336 -5.49541709
v 22.00000000 10.08809833 -4.64540064
v 22.00000000 10.46048472 -3.75975027
v 22.00000000 10.75280151 -2.84521705
v 22.00000000 10.96269804 -1.90887524
v 22.00000000 11.08862818 -0.95801195
v 22.00000000 11.12985060 -0.00000000
v 22.00000000 11.08636814 0.95781669
v 22.00000000 10.95882829 1.90820142
v 22.00000000 10.74841877 2.84405737
v 22.00000000 10.45679224 3.75842310
v 22.00000000 10.08604221 4.64445384
v 22.00000000 9.63873336 5.49541709
v 22.00000000 9.11796907 6.30472601
v 22.00000000 8.52746528 7.06601916
v 22.00000000 7.87159703 7.77327754
v 22.00000000 7.15539297 8.42095372
v 22.00000000 6.38447067 9.00408188
v 22.00000000 5.56492530 9.51834161
v 22.00000000 4.70319872 9.96006339
v 22.00000000 3.80596112 10.32618260
v 22.00000000 2.88003013 10.61416659
v 22.00000000 1.93233710 10.82194801
v 22.00000000 0.96993153 10.94789484
v 24.00000000 0.00000000 10.99119033
v 24.00000000 -0.96948101 10.95046729
v 24.00000000 -1.93172595 10.82609594
v 24.00000000 -2.87927551 10.61881117
v 24.00000000 -3.80475739 10.33014052
v 24.00000000 -4.70101415 9.96240373
v 24.00000000 -5.56121397 9.51865004
v 24.00000000 -6.37892065 9.00255007
v 24.00000000 -7.14811285 8.41827284
v 24.00000000 -7.86316147 7.77038114
v 24.00000000 -8.51878917 7.06376964
v 24.00000000 -9.11004281 6.30365342
v 24.00000000 -9.63230515 5.49559516
v 24.00000000 -10.08135737 4.64554515
v 24.00000000 -10.45348503 3.75986366
v 24.00000000 -10.74560248 2.84530188
v 24.00000000 -10.95536229 1.90893281
v 24.00000000 -11.08121866 0.95804175
v 24.00000000 -11.12242794 0.00000000
v 24.00000000 -11.07898883 -0.95784897
v 24.00000000 -10.95154425 -1.90826753
v 24.00000000 -10.74127832 -2.84415689
v 24.00000000 -10.44984190 -3.75855332
v 24.00000000 -10.07932874 -4.64461035
v 24.00000000 -9.63230515 -5.49559516
v 24.00000000 -9.11187636 -6.30492214
v 24.00000000 -8.52175907 -7.06623228
v 24.00000000 -7.86632697 -7.77350929
v 24.00000000 -7.15060489 -8.42120771
v 24.00000000 -6.38020452 -9.00436198
v 24.00000000 -5.56121397 -9.51865004
v 24.00000000 -4.70006818 -9.96039904
v 24.00000000 -3.80343140 -10.32654038
v 24.00000000 -2.87811685 -10.61453803
v 24.00000000 -1.93105273 -10.82232296
v 24.00000000 -0.96928593 -10.94826377
v 24.00000000 -0.00000000 -10.99119033
v 24.00000000 0.96948101 -10.95046729
v 24.00000000 1.93172595 -10.82609594
v 24.00000000 2.87927551 -10.61881117
v 24.00000000 3.80475739 -10.33014052
v 24.00000000 4.70101415 -9.96240373
v 24.00000000 5.56121397 -9.51865004
v 24.00000000 6.37892065 -9.00255007
v 24.00000000 7.14811285 -8.41827284
v 24.00000000 7.86316147 -7.77038114
v 24.00000000 8.51878917 -7.06376964
v 24.00000000 9.11004281 -6.30365342
v 24.00000000 9.63230515 -5.49559516
v 24.00000000 10.08135737 -4.64554515
v 24.00000000 10.45348503 -3.75986366
v 24.00000000 10.74560248 -2.84530188
v 24.00000000 10.95536229 -1.90893281
v 24.00000000 11.08121866 -0.95804175
v 24.00000000 11.12242794 -0.00000000
v 24.00000000 11.07898883 0.95784897
v 24.00000000 10.95154425 1.90826753
v 24.00000000 10.74127832 2.84415689
v 24.00000000 10.44984190 3.75855332
v 24.00000000 10.07932874 4.64461035
v 24.00000000 9.63230515 5.49559516
v 24.00000000 9.11187636 6.30492214
v 24.00000000 8.52175907 7.06623228
v 24.00000000 7.86632697 7.77350929
v 24.00000000 7.15060489 8.42120771
v 24.00000000 6.38020452 9.00436198
v 24.00000000 5.56121397 9.51865004
v 24.00000000 4.70006818 9.96039904
v 24.00000000 3.80343140 10.32654038
v 24.00000000 2.87811685 10.61453803
v 24.00000000 1.93105273 10.82232296
v 24.00000000 0.96928593 10.94826377
v 26.00000000 0.00000000 10.98559146
v 26.00000000 -0.96859558 10.94511198
v 26.00000000 -1.92999046 10.82096268
v 26.00000000 -2.87670440 10.61383407
v 26.00000000 -3.80133913 10.32524241
v 26.00000000 -4.69672069 9.95753163
v 26.00000000 -5.55602178 9.51380128
v 26.00000000 -6.37283525 8.99778099
v 26.00000000 -7.14118718 8.41368785
v 26.00000000 -7.85550013 7.76610663
v 26.00000000 -8.51053548 7.05992237
v 26.00000000 -9.10135196 6.30031408
v 26.00000000 -9.62331201 5.49279573
v 26.00000000 -10.07215002 4.64327326
v 26.00000000 -10.44409342 3.75808090
v 26.00000000 -10.73600697 2.84396827
v 26.00000000 -10.94551978 1.90802768
v 26.00000000 -11.07109813 0.95757322
v 26.00000000 -11.11204356 0.00000000
v 26.00000000 -11.06841963 -0.95734155
v 26.00000000 -10.94093351 -1.90722820
v 26.00000000 -10.73081274 -2.84259232
v 26.00000000 -10.43971725 -3.75650623
v 26.00000000 -10.06971320 -4.64214988
v 26.00000000 -9.62331201 -5.49279573
v 26.00000000 -9.10355444 -6.30183872
v 26.00000000 -8.51410296 -7.06288178
v 26.00000000 -7.85930257 -7.76986580
v 26.00000000 -7.14418066 -8.41721474
v 26.00000000 -6.37437744 -8.99995841
v 26.00000000 -5.55602178 -9.51380128
v 26.00000000 -4.69558438 -9.95512254
v 26.00000000 -3.79974633 -10.32091605
v 26.00000000 -2.87531261 -10.60869895
v 26.00000000 -1.92918177 -10.81642860
v 26.00000000 -0.96836124 -10.94246396
v 26.00000000 -0.00000000 -10.98559146
v 26.00000000 0.96859558 -10.94511198
v 26.00000000 1.92999046 -10.82096268
v 26.00000000 2.87670440 -10.61383407
v 26.00000000 3.80133913 -10.32524241
v 26.00000000 4.69672069 -9.95753163
v 26.00000000 5.55602178 -9.51380128
v 26.00000000 6.37283525 -8.99778099
v 26.00000000 7.14118718 -8.41368785
v 26.00000000 7.85550013 -7.76610663
v 26.00000000 8.51053548 -7.05992237
v 26.00000000 9.10135196 -6.30031408
v 26.00000000 9.62331201 -5.49279573
v 26.00000000 10.07215002 -4.64327326
v 26.00000000 10.44409342 -3.75808090
v 26.00000000 10.73600697 -2.84396827
v 26.00000000 10.94551978 -1.90802768
v 26.00000000 11.07109813 -0.95757322
v 26.00000000 11.11204356 -0.00000000
v 26.00000000 11.06841963 0.95734155
v 26.00000000 10.94093351 1.90722820
v 26.00000000 10.73081274 2.84259232
v 26.00000000 10.43971725 3.75650623
v 26.00000000 10.06971320 4.64214988
v 26.00000000 9.62331201 5.49279573
v 26.00000000 9.10355444 6.30183872
v 26.00000000 8.51410296 7.06288178
v 26.00000000 7.85930257 7.76986580
v 26.00000000 7.14418066 8.41721474
v 26.00000000 6.37437744 8.99995841
v 26.00000000 5.55602178 9.51380128
v 26.00000000 4.69558438 9.95512254
v 26.00000000 3.79974633 10.32091605
v 26.00000000 2.87531261 10.60869895
v 26.00000000 1.92918177 10.81642860
v 26.00000000 0.96836124 10.94246396
v 28.00000000 0.00000000 10.98157218
v 28.00000000 -0.96879743 10.94126740
v 28.00000000 -1.93041330 10.81727741
v 28.00000000 -2.87734592 10.61026087
v 28.00000000 -3.80217196 10.32172597
v 28.00000000 -4.69769945 9.95403395
v 28.00000000 -5.55709840 9.51032048
v 28.00000000 -6.37397698 8.99435752
v 28.00000000 -7.14239012 8.41039659
v 28.00000000 -7.85679261 7.76303828
v 28.00000000 -8.51196908 7.05716068
v 28.00000000 -9.10298251 6.29791693
v 28.00000000 -9.62517677 5.49078609
v 28.00000000 -10.07424897 4.64164226
v 28.00000000 -10.44638161 3.75680102
v 28.00000000 -10.73840116 2.84301083
v 28.00000000 -10.94791784 1.90737786
v 28.00000000 -11.07340526 0.95723686
v 28.00000000 -11.11419680 0.00000000
v 28.00000000 -11.07040259 -0.95697730
v 28.00000000 -10.94277652 -1.90648213
v 28.00000000 -10.73257830 -2.84146922
v 28.00000000 -10.44147582 -3.75503676
v 28.00000000 -10.07151724 -4.64038363
v 28.00000000 -9.62517677 -5.49078609
v 28.00000000 -9.10545155 -6.29962514
v 28.00000000 -8.51596832 -7.06047639
v 28.00000000 -7.86105524 -7.76725004
v 28.00000000 -7.14574587 -8.41434810
v 28.00000000 -6.37570581 -8.99679709
v 28.00000000 -5.55709840 -9.51032048
v 28.00000000 -4.69642562 -9.95133481
v 28.00000000 -3.80038640 -10.31687872
v 28.00000000 -2.87578569 -10.60450750
v 28.00000000 -1.92950674 -10.81219744
v 28.00000000 -0.96853473 -10.93830057
v 28.00000000 -0.00000000 -10.98157218
v 28.00000000 0.96879743 -10.94126740
v 28.00000000 1.93041330 -10.81727741
v 28.00000000 2.87734592 -10.61026087
v 28.00000000 3.80217196 -10.32172597
v 28.00000000 4.69769945 -9.95403395
v 28.00000000 5.55709840 -9.51032048
v 28.00000000 6.37397698 -8.99435752
v 28.00000000 7.14239012 -8.41039659
v 28.00000000 7.85679261 -7.76303828
v 28.00000000 8.51196908 -7.05716068
v 28.00000000 9.10298251 -6.29791693
v 28.00000000 9.62517677 -5.49078609
v 28.00000000 10.07424897 -4.64164226
v 28.00000000 10.44638161 -3.75680102
v 28.00000000 10.73840116 -2.84301083
v 28.00000000 10.94791784 -1.90737786
v 28.00000000 11.07340526 -0.95723686
v 28.00000000 11.11419680 -0.00000000
v 28.00000000 11.07040259 0.95697730
v 28.00000000 10.94277652 1.90648213
v 28.00000000 10.73257830 2.84146922
v 28.00000000 10.44147582 3.75503676
v 28.00000000 10.07151724 4.64038363
v 28.00000000 9.62517677 5.49078609
v 28.00000000 9.10545155 6.29962514
v 28.00000000 8.51596832 7.06047639
v 28.00000000 7.86105524 7.76725004
v 28.00000000 7.14574587 8.41434810
v 28.00000000 6.37570581 8.99679709
v 28.00000000 5.55709840 9.51032048
v 28.00000000 4.69642562 9.95133481
v 28.00000000 3.80038640 10.31687872
v 28.00000000 2.87578569 10.60450750
v 28.00000000 1.92950674 10.81219744
v 28.00000000 0.96853473 10.93830057
v 30.00000000 0.00000000 10.97849393
v 30.00000000 -0.96927887 10.93832287
v 30.00000000 -1.93138843 10.81445483
v 30.00000000 -2.87880801 10.60752411
v 30.00000000 -3.80409260 10.31903270
v 30.00000000 -4.70003395 9.95135511
v 30.00000000 -5.55979775 9.50765464
v 30.00000000 -6.37700173 8.99173564
v 30.00000000 -7.14572094 8.40787602
v 30.00000000 -7.86043301 7.76068843
v 30.00000000 -8.51593861 7.05504566
v 30.00000000 -9.10730231 6.29608108
v 30.00000000 -9.62985218 5.48924697
v 30.00000000 -10.07925533 4.64039310
v 30.00000000 -10.45165851 3.75582075
v 30.00000000 -10.74385777 2.84227752
v 30.00000000 -10.95344808 1.90688017
v 30.00000000 -11.07890814 0.95697925
v 30.00000000 -11.11959550 0.00000000
v 30.00000000 -11.07565603 -0.95669834
v 30.00000000 -10.94787964 -1.90591076
v 30.00000000 -10.73755117 -2.84060911
v 30.00000000 -10.44634517 -3.75391139
v 30.00000000 -10.07629665 -4.63903095
v 30.00000000 -9.62985218 -5.48924697
v 30.00000000 -9.10997646 -6.29792978
v 30.00000000 -8.52027008 -7.05863408
v 30.00000000 -7.86504976 -7.76524659
v 30.00000000 -7.14935548 -8.41215253
v 30.00000000 -6.37887419 -8.99437586
v 30.00000000 -5.55979775 -9.50765464
v 30.00000000 -4.69865430 -9.94843398
v 30.00000000 -3.80215870 -10.31378678
v 30.00000000 -2.87711817 -10.60129754
v 30.00000000 -1.93040656 -10.80895705
v 30.00000000 -0.96899434 -10.93511203
v 30.00000000 -0.00000000 -10.97849393
v 30.00000000 0.96927887 -10.93832287
v 30.00000000 1.93138843 -10.81445483
v 30.00000000 2.87880801 -10.60752411
v 30.00000000 3.80409260 -10.31903270
v 30.00000000 4.70003395 -9.95135511
v 30.00000000 5.55979775 -9.50765464
v 30.00000000 6.37700173 -8.99173564
v 30.00000000 7.14572094 -8.40787602
v 30.00000000 7.86043301 -7.76068843
v 30.00000000 8.51593861 -7.05504566
v 30.00000000 9.10730231 -6.29608108
v 30.00000000 9.62985218 -5.48924697
v 30.00000000 10.07925533 -4.64039310
v 30.00000000 10.45165851 -3.75582075
v 30.00000000 10.74385777 -2.84227752
v 30.00000000 10.95344808 -1.90688017
v 30.00000000 11.07890814 -0.95697925
v 30.00000000 11.11959550 -0.00000000
v 30.00000000 11.07565603 0.95669834
v 30.00000000 10.94787964 1.90591076
v 30.00000000 10.73755117 2.84060911
v 30.00000000 10.44634517 3.75391139
v 30.00000000 10.07629665 4.63903095
v 30.00000000 9.62985218 5.48924697
v 30.00000000 9.10997646 6.29792978
v 30.00000000 8.52027008 7.05863408
v 30.00000000 7.86504976 7.76524659
v 30.00000000 7.14935548 8.41215253
v 30.00000000 6.37887419 8.99437586
v 30.00000000 5.55979775 9.50765464
v 30.00000000 4.69865430 9.94843398
v 30.00000000 3.80215870 10.31378678
v 30.00000000 2.87711817 10.60129754
v 30.00000000 1.93040656 10.80895705
v 30.00000000 0.96899434 10.93511203
v 32.00000000 0.00000000 10.97255874
v 32.00000000 -0.96915547 10.93264531
v 32.00000000 -1.93117304 10.80901227
v 32.00000000 -2.87850360 10.60224696
v 32.00000000 -3.80366836 10.31383946
v 32.00000000 -4.69943558 9.94618984
v 32.00000000 -5.55896996 9.50251462
v 32.00000000 -6.37591464 8.98668054
v 32.00000000 -7.14438988 8.40301634
v 32.00000000 -7.85892334 7.75615794
v 32.00000000 -8.51435231 7.05096791
v 32.00000000 -9.10574978 6.29254146
v 32.00000000 -9.62841841 5.48627937
v 32.00000000 -10.07797212 4.63798449
v 32.00000000 -10.45049293 3.75393057
v 32.00000000 -10.74272169 2.84086351
v 32.00000000 -10.95222653 1.90592050
v 32.00000000 -11.07749766 0.95648253
v 32.00000000 -11.11793992 0.00000000
v 32.00000000 -11.07376795 -0.95616049
v 32.00000000 -10.94584033 -1.90480916
v 32.00000000 -10.73548892 -2.83895084
v 32.00000000 -10.44439928 -3.75174166
v 32.00000000 -10.07457894 -4.63642292
v 32.00000000 -9.62841841 -5.48627937
v 32.00000000 -9.10881665 -6.29466082
v 32.00000000 -8.51931989 -7.05508170
v 32.00000000 -7.86421809 -7.76138345
v 32.00000000 -7.14855818 -8.40791897
v 32.00000000 -6.37806208 -8.98970731
v 32.00000000 -5.55896996 -9.50251462
v 32.00000000 -4.69785331 -9.94284103
v 32.00000000 -3.80145045 -10.30782550
v 32.00000000 -2.87656559 -10.59510878
v 32.00000000 -1.93004698 -10.80270957
v 32.00000000 -0.96882916 -10.92896438
v 32.00000000 -0.00000000 -10.97255874
v 32.00000000 0.96915547 -10.93264531
v 32.00000000 1.93117304 -10.80901227
v 32.00000000 2.87850360 -10.60224696
v 32.00000000 3.80366836 -10.31383946
v 32.00000000 4.69943558 -9.94618984
v 32.00000000 5.55896996 -9.50251462
v 32.00000000 6.37591464 -8.98668054
v 32.00000000 7.14438988 -8.40301634
v 32.00000000 7.85892334 -7.75615794
v 32.00000000 8.51435231 -7.05096791
v 32.00000000 9.10574978 -6.29254146
v 32.00000000 9.62841841 -5.48627937
v 32.00000000 10.07797212 -4.63798449
v 32.00000000 10.45049293 -3.75393057
v 32.00000000 10.74272169 -2.84086351
v 32.00000000 10.95222653 -1.90592050
v 32.00000000 11.07749766 -0.95648253
v 32.00000000 11.11793992 -0.00000000
v 32.00000000 11.07376795 0.95616049
v 32.00000000 10.94584033 1.90480916
v 32.00000000 10.73548892 2.83895084
v 32.00000000 10.44439928 3.75174166
v 32.00000000 10.07457894 4.63642292
v 32.00000000 9.62841841 5.48627937
v 32.00000000 9.10881665 6.29466082
v 32.00000000 8.51931989 7.05508170
v 32.00000000 7.86421809 7.76138345
v 32.00000000 7.14855818 8.40791897
v 32.00000000 6.37806208 8.98970731
v 32.00000000 5.55896996 9.50251462
v 32.00000000 4.69785331 9.94284103
v 32.00000000 3.80145045 10.30782550
v 32.00000000 2.87656559 10.59510878
v 32.00000000 1.93004698 10.80270957
v 32.00000000 0.96882916 10.92896438
v 34.00000000 0.00000000 10.96781563
v 34.00000000 -0.96949871 10.92810790
v 34.00000000 -1.93188138 10.80466252
v 34.00000000 -2.87957272 10.59802937
v 34.00000000 -3.80506353 10.30968899
v 34.00000000 -4.70109998 9.94206184
v 34.00000000 -5.56084289 9.49840696
v 34.00000000 -6.37795279 8.98264091
v 34.00000000 -7.14658340 8.39913297
v 34.00000000 -7.86129989 7.75253765
v 34.00000000 -8.51696644 7.04770938
v 34.00000000 -9.10866056 6.28971288
v 34.00000000 -9.63166242 5.48390781
v 34.00000000 -10.08154144 4.63605957
v 34.00000000 -10.45432612 3.75241992
v 34.00000000 -10.74671170 2.83973341
v 34.00000000 -10.95624376 1.90515352
v 34.00000000 -11.08142098 0.95608556
v 34.00000000 -11.12168578 0.00000000
v 34.00000000 -11.07730783 -0.95573068
v 34.00000000 -10.94920101 -1.90392887
v 34.00000000 -10.73873535 -2.83762572
v 34.00000000 -10.44760600 -3.75000783
v 34.00000000 -10.07779942 -4.63433878
v 34.00000000 -9.63166242 -5.48390781
v 34.00000000 -9.11204273 -6.29204833
v 34.00000000 -8.52244474 -7.05224261
v 34.00000000 -7.86713898 -7.75829596
v 34.00000000 -7.15118023 -8.40453547
v 34.00000000 -6.38032101 -8.98597628
v 34.00000000 -5.56084289 -9.49840696
v 34.00000000 -4.69935505 -9.93837159
v 34.00000000 -3.80261760 -10.30306184
v 34.00000000 -2.87743547 -10.59016338
v 34.00000000 -1.93063955 -10.79771721
v 34.00000000 -0.96913886 -10.92405166
v 34.00000000 -0.00000000 -10.96781563
v 34.00000000 0.96949871 -10.92810790
v 34.00000000 1.93188138 -10.80466252
v 34.00000000 2.87957272 -10.59802937
v 34.00000000 3.80506353 -10.30968899
v 34.00000000 4.70109998 -9.94206184
v 34.00000000 5.56084289 -9.49840696
v 34.00000000 6.37795279 -8.98264091
v 34.00000000 7.14658340 -8.39913297
v 34.00000000 7.86129989 -7.75253765
v 34.00000000 8.51696644 -7.04770938
v 34.00000000 9.10866056 -6.28971288
v 34.00000000 9.63166242 -5.48390781
v 34.00000000 10.08154144 -4.63605957
v 34.00000000 10.45432612 -3.75241992
v 34.00000000 10.74671170 -2.83973341
v 34.00000000 10.95624376 -1.90515352
v 34.00000000 11.08142098 -0.95608556
v 34.00000000 11.12168578 -0.00000000
v 34.00000000 11.07730783 0.95573068
v 34.00000000 10.94920101 1.90392887
v 34.00000000 10.73873535 2.83762572
v 34.00000000 10.44760600 3.75000783
v 34.00000000 10.07779942 4.63433878
v 34.00000000 9.63166242 5.48390781
v 34.00000000 9.11204273 6.29204833
v 34.00000000 8.52244474 7.05224261
v 34.00000000 7.86713898 7.75829596
v 34.00000000 7.15118023 8.40453547
v 34.00000000 6.38032101 8.98597628
v 34.00000000 5.56084289 9.49840696
v 34.00000000 4.69935505 9.93837159
v 34.00000000 3.80261760 10.30306184
v 34.00000000 2.87743547 10.59016338
v 34.00000000 1.93063955 10.79771721
v 34.00000000 0.96913886 10.92405166
v 36.00000000 0.00000000 10.96434277
v 36.00000000 -0.96903406 10.92478555
v 36.00000000 -1.93097334 10.80147751
v 36.00000000 -2.87822897 10.59494110
v 36.00000000 -3.80327503 10.30664988
v 36.00000000 -4.69884690 9.93903927
v 36.00000000 -5.55810759 9.49539938
v 36.00000000 -6.37473504 8.97968321
v 36.00000000 -7.14291180 8.39628974
v 36.00000000 -7.85723449 7.74988706
v 36.00000000 -8.51259080 7.04532363
v 36.00000000 -9.10406514 6.28764188
v 36.00000000 -9.62692474 5.48217139
v 36.00000000 -10.07670970 4.63465012
v 36.00000000 -10.44941226 3.75131377
v 36.00000000 -10.74169674 2.83890591
v 36.00000000 -10.95109399 1.90459192
v 36.00000000 -11.07611003 0.95579489
v 36.00000000 -11.11621518 0.00000000
v 36.00000000 -11.07171921 -0.95541599
v 36.00000000 -10.94357579 -1.90328437
v 36.00000000 -10.73318192 -2.83665554
v 36.00000000 -10.44223848 -3.74873840
v 36.00000000 -10.07271506 -4.63281284
v 36.00000000 -9.62692474 -5.48217139
v 36.00000000 -9.10767563 -6.29013543
v 36.00000000 -8.51843893 -7.05016374
v 36.00000000 -7.86346777 -7.75603519
v 36.00000000 -7.14781896 -8.40205796
v 36.00000000 -6.37726313 -8.98324438
v 36.00000000 -5.55810759 -9.49539938
v 36.00000000 -4.69698417 -9.93509920
v 36.00000000 -3.80066399 -10.29957411
v 36.00000000 -2.87594743 -10.58654261
v 36.00000000 -1.92964768 -10.79406203
v 36.00000000 -0.96864992 -10.92045472
v 36.00000000 -0.00000000 -10.96434277
v 36.00000000 0.96903406 -10.92478555
v 36.00000000 1.93097334 -10.80147751
v 36.00000000 2.87822897 -10.59494110
v 36.00000000 3.80327503 -10.30664988
v 36.00000000 4.69884690 -9.93903927
v 36.00000000 5.55810759 -9.49539938
v 36.00000000 6.37473504 -8.97968321
v 36.00000000 7.14291180 -8.39628974
v 36.00000000 7.85723449 -7.74988706
v 36.00000000 8.51259080 -7.04532363
v 36.00000000 9.10406514 -6.28764188
v 36.00000000 9.62692474 -5.48217139
v 36.00000000 10.07670970 -4.63465012
v 36.00000000 10.44941226 -3.75131377
v 36.00000000 10.74169674 -2.83890591
v 36.00000000 10.95109399 -1.90459192
v 36.00000000 11.07611003 -0.95579489
v 36.00000000 11.11621518 -0.00000000
v 36.00000000 11.07171921 0.95541599
v 36.00000000 10.94357579 1.90328437
v 36.00000000 10.73318192 2.83665554
v 36.00000000 10.44223848 3.74873840
v 36.00000000 10.07271506 4.63281284
v 36.00000000 9.62692474 5.48217139
v 36.00000000 9.10767563 6.29013543
v 36.00000000 8.51843893 7.05016374
v 36.00000000 7.86346777 7.75603519
v 36.00000000 7.14781896 8.40205796
v 36.00000000 6.37726313 8.98324438
v 36.00000000 5.55810759 9.49539938
v 36.00000000 4.69698417 9.93509920
v 36.00000000 3.80066399 10.29957411
v 36.00000000 2.87594743 10.58654261
v 36.00000000 1.92964768 10.79406203
v 36.00000000 0.96864992 10.92045472
v 38.00000000 0.00000000 10.96069654
v 38.00000000 -0.96979569 10.92129725
v 38.00000000 -1.93250976 10.79813333
v 38.00000000 -2.88052932 10.59169846
v 38.00000000 -3.80630119 10.30345890
v 38.00000000 -4.70254003 9.93586571
v 38.00000000 -5.56240233 9.49224165
v 38.00000000 -6.37957618 8.97657794
v 38.00000000 -7.14826689 8.39330470
v 38.00000000 -7.86309716 7.74710429
v 38.00000000 -8.51897275 7.04281888
v 38.00000000 -9.11097900 6.28546754
v 38.00000000 -9.63436344 5.48034827
v 38.00000000 -10.08462963 4.63317027
v 38.00000000 -10.45772658 3.75015235
v 38.00000000 -10.75028178 2.83803705
v 38.00000000 -10.95980748 1.90400225
v 38.00000000 -11.08481546 0.95548970
v 38.00000000 -11.12480465 0.00000000
v 38.00000000 -11.08012736 -0.95508560
v 38.00000000 -10.95178026 -1.90260771
v 38.00000000 -10.74119047 -2.83563697
v 38.00000000 -10.45006710 -3.74740565
v 38.00000000 -10.08036454 -4.63121077
v 38.00000000 -9.63436344 -5.48034827
v 38.00000000 -9.11483394 -6.28812698
v 38.00000000 -8.52521682 -7.04798098
v 38.00000000 -7.86975246 -7.75366141
v 38.00000000 -7.15350629 -8.39945665
v 38.00000000 -6.38227544 -8.98037601
v 38.00000000 -5.56240233 -9.49224165
v 38.00000000 -4.70055118 -9.93166354
v 38.00000000 -3.80351337 -10.29591241
v 38.00000000 -2.87809331 -10.58274126
v 38.00000000 -1.93109435 -10.79022453
v 38.00000000 -0.96938553 -10.91667831
v 38.00000000 -0.00000000 -10.96069654
v 38.00000000 0.96979569 -10.92129725
v 38.00000000 1.93250976 -10.79813333
v 38.00000000 2.88052932 -10.59169846
v 38.00000000 3.80630119 -10.30345890
v 38.00000000 4.70254003 -9.93586571
v 38.00000000 5.56240233 -9.49224165
v 38.00000000 6.37957618 -8.97657794
v 38.00000000 7.14826689 -8.39330470
v 38.00000000 7.86309716 -7.74710429
v 38.00000000 8.51897275 -7.04281888
v 38.00000000 9.11097900 -6.28546754
v 38.00000000 9.63436344 -5.48034827
v 38.00000000 10.08462963 -4.63317027
v 38.00000000 10.45772658 -3.75015235
v 38.00000000 10.75028178 -2.83803705
v 38.00000000 10.95980748 -1.90400225
v 38.00000000 11.08481546 -0.95548970
v 38.00000000 11.12480465 -0.00000000
v 38.00000000 11.08012736 0.95508560
v 38.00000000 10.95178026 1.90260771
v 38.00000000 10.74119047 2.83563697
v 38.00000000 10.45006710 3.74740565
v 38.00000000 10.08036454 4.63121077
v 38.00000000 9.63436344 5.48034827
v 38.00000000 9.11483394 6.28812698
v 38.00000000 8.52521682 7.04798098
v 38.00000000 7.86975246 7.75366141
v 38.00000000 7.15350629 8.39945665
v 38.00000000 6.38227544 8.98037601
v 38.00000000 5.56240233 9.49224165
v 38.00000000 4.70055118 9.93166354
v 38.00000000 3.80351337 10.29591241
v 38.00000000 2.87809331 10.58274126
v 38.00000000 1.93109435 10.79022453
v 38.00000000 0.96938553 10.91667831
v 40.00000000 0.00000000 10.95981475
v 40.00000000 -0.96985868 10.92045365
v 40.00000000 -1.93263981 10.79732457
v 40.00000000 -2.88072564 10.59091425
v 40.00000000 -3.80655734 10.30268719
v 40.00000000 -4.70284545 9.93509823
v 40.00000000 -5.56274577 9.49147800
v 40.00000000 -6.37994961 8.97582699
v 40.00000000 -7.14866854 8.39258283
v 40.00000000 -7.86353220 7.74643133
v 40.00000000 -8.51945141 7.04221316
v 40.00000000 -9.11151232 6.28494172
v 40.00000000 -9.63495830 5.47990738
v 40.00000000 -10.08528462 4.63281239
v 40.00000000 -10.45843034 3.74987147
v 40.00000000 -10.75101446 2.83782692
v 40.00000000 -10.96054503 1.90385964
v 40.00000000 -11.08553541 0.95541589
v 40.00000000 -11.12549154 0.00000000
v 40.00000000 -11.08077595 -0.95500570
v 40.00000000 -10.95239561 -1.90244408
v 40.00000000 -10.74178475 -2.83539066
v 40.00000000 -10.45065426 -3.74708336
v 40.00000000 -10.08095460 -4.63082333
v 40.00000000 -9.63495830 -5.47990738
v 40.00000000 -9.11542594 -6.28764126
v 40.00000000 -8.52579053 -7.04745310
v 40.00000000 -7.87028882 -7.75308733
v 40.00000000 -7.15398769 -8.39882755
v 40.00000000 -6.38268996 -8.97968233
v 40.00000000 -5.56274577 -9.49147800
v 40.00000000 -4.70082633 -9.93083269
v 40.00000000 -3.80372708 -10.29502691
v 40.00000000 -2.87825255 -10.58182199
v 40.00000000 -1.93120285 -10.78929652
v 40.00000000 -0.96944228 -10.91576505
v 40.00000000 -0.00000000 -10.95981475
v 40.00000000 0.96985868 -10.92045365
v 40.00000000 1.93263981 -10.79732457
v 40.00000000 2.88072564 -10.59091425
v 40.00000000 3.80655734 -10.30268719
v 40.00000000 4.70284545 -9.93509823
v 40.00000000 5.56274577 -9.49147800
v 40.00000000 6.37994961 -8.97582699
v 40.00000000 7.14866854 -8.39258283
v 40.00000000 7.86353220 -7.74643133
v 40.00000000 8.51945141 -7.04221316
v 40.00000000 9.11151232 -6.28494172
v 40.00000000 9.63495830 -5.47990738
v 40.00000000 10.08528462 -4.63281239
v 40.00000000 10.45843034 -3.74987147
v 40.00000000 10.75101446 -2.83782692
v 40.00000000 10.96054503 -1.90385964
v 40.00000000 11.08553541 -0.95541589
v 40.00000000 11.12549154 -0.00000000
v 40.00000000 11.08077595 0.95500570
v 40.00000000 10.95239561 1.90244408
v 40.00000000 10.74178475 2.83539066
v 40.00000000 10.45065426 3.74708336
v 40.00000000 10.08095460 4.63082333
v 40.00000000 9.63495830 5.47990738
v 40.00000000 9.11542594 6.28764126
v 40.00000000 8.52579053 7.04745310
v 40.00000000 7.87028882 7.75308733
v 40.00000000 7.15398769 8.39882755
v 40.00000000 6.38268996 8.97968233
v 40.00000000 5.56274577 9.49147800
v 40.00000000 4.70082633 9.93083269
v 40.00000000 3.80372708 10.29502691
v 40.00000000 2.87825255 10.58182199
v 40.00000000 1.93120285 10.78929652
v 40.00000000 0.96944228 10.91576505
v 42.00000000 0.00000000 10.95895176
v 42.00000000 -0.97007651 10.91962801
v 42.00000000 -1.93307832 10.79653303
v 42.00000000 -2.88138169 10.59014675
v 42.00000000 -3.80742104 10.30193192
v 42.00000000 -4.70390172 9.93434709
v 42.00000000 -5.56397771 9.49073063
v 42.00000000 -6.38134250 8.97509205
v 42.00000000 -7.15021282 8.39187636
v 42.00000000 -7.86522429 7.74577273
v 42.00000000 -8.52129181 7.04162036
v 42.00000000 -9.11350157 6.28442711
v 42.00000000 -9.63709208 5.47947588
v 42.00000000 -10.08754978 4.63246213
v 42.00000000 -10.46080332 3.74959657
v 42.00000000 -10.75346286 2.83762127
v 42.00000000 -10.96303194 1.90372007
v 42.00000000 -11.08802523 0.95534366
v 42.00000000 -11.12795541 0.00000000
v 42.00000000 -11.08319513 -0.95492750
v 42.00000000 -10.95476159 -1.90228393
v 42.00000000 -10.74409619 -2.83514959
v 42.00000000 -10.45291185 -3.74676793
v 42.00000000 -10.08315550 -4.63044416
v 42.00000000 -9.63709208 -5.47947588
v 42.00000000 -9.11747327 -6.28716589
v 42.00000000 -8.52772500 -7.04693646
v 42.00000000 -7.87208117 -7.75252548
v 42.00000000 -7.15561090 -8.39821184
v 42.00000000 -6.38412352 -8.97900343
v 42.00000000 -5.56397771 -9.49073063
v 42.00000000 -4.70185263 -9.93001955
v 42.00000000 -3.80454877 -10.29416029
v 42.00000000 -2.87887190 -10.58092233
v 42.00000000 -1.93162004 -10.78838829
v 42.00000000 -0.96965393 -10.91487127
v 42.00000000 -0.00000000 -10.95895176
v 42.00000000 0.97007651 -10.91962801
v 42.00000000 1.93307832 -10.79653303
v 42.00000000 2.88138169 -10.59014675
v 42.00000000 3.80742104 -10.30193192
v 42.00000000 4.70390172 -9.93434709
v 42.00000000 5.56397771 -9.49073063
v 42.00000000 6.38134250 -8.97509205
v 42.00000000 7.15021282 -8.39187636
v 42.00000000 7.86522429 -7.74577273
v 42.00000000 8.52129181 -7.04162036
v 42.00000000 9.11350157 -6.28442711
v 42.00000000 9.63709208 -5.47947588
v 42.00000000 10.08754978 -4.63246213
v 42.00000000 10.46080332 -3.74959657
v 42.00000000 10.75346286 -2.83762127
v 42.00000000 10.96303194 -1.90372007
v 42.00000000 11.08802523 -0.95534366
v 42.00000000 11.12795541 -0.00000000
v 42.00000000 11.08319513 0.95492750
v 42.00000000 10.95476159 1.90228393
v 42.00000000 10.74409619 2.83514959
v 42.00000000 10.45291185 3.74676793
v 42.00000000 10.08315550 4.63044416
v 42.00000000 9.63709208 5.47947588
v 42.00000000 9.11747327 6.28716589
v 42.00000000 8.52772500 7.04693646
v 42.00000000 7.87208117 7.75252548
v 42.00000000 7.15561090 8.39821184
v 42.00000000 6.38412352 8.97900343
v 42.00000000 5.56397771 9.49073063
v 42.00000000 4.70185263 9.93001955
v 42.00000000 3.80454877 10.29416029
v 42.00000000 2.87887190 10.58092233
v 42.00000000 1.93162004 10.78838829
v 42.00000000 0.96965393 10.91487127
v 44.00000000 0.00000000 10.95796207
v 44.00000000 -0.97017455 10.91868116
v 44.00000000 -1.93327877 10.79562527
v 44.00000000 -2.88168325 10.58926654
v 44.00000000 -3.80781584 10.30106574
v 44.00000000 -4.70437710 9.93348567
v 44.00000000 -5.56451999 9.48987352
v 44.00000000 -6.38194147 8.97424921
v 44.00000000 -7.15086510 8.39106617
v 44.00000000 -7.86593421 7.74501745
v 44.00000000 -8.52206918 7.04094053
v 44.00000000 -9.11435699 6.28383695
v 44.00000000 -9.63803133 5.47898103
v 44.00000000 -10.08856924 4.63206044
v 44.00000000 -10.46188805 3.74928131
v 44.00000000 -10.75458830 2.83738542
v 44.00000000 -10.96416874 1.90356001
v 44.00000000 -11.08914580 0.95526082
v 44.00000000 -11.12903997 0.00000000
v 44.00000000 -11.08423543 -0.95483782
v 44.00000000 -10.95576095 -1.90210028
v 44.00000000 -10.74506596 -2.83487314
v 44.00000000 -10.45386543 -3.74640620
v 44.00000000 -10.08410194 -4.63000932
v 44.00000000 -9.63803133 -5.47898103
v 44.00000000 -9.11839469 -6.28662072
v 44.00000000 -8.52860928 -7.04634396
v 44.00000000 -7.87290505 -7.75188113
v 44.00000000 -7.15635290 -8.39750573
v 44.00000000 -6.38476870 -8.97822485
v 44.00000000 -5.56451999 -9.48987352
v 44.00000000 -4.70229396 -9.92908704
v 44.00000000 -3.80489585 -10.29316645
v 44.00000000 -2.87913175 -10.57989058
v 44.00000000 -1.93179625 -10.78734673
v 44.00000000 -0.96974494 -10.91384627
v 44.00000000 -0.00000000 -10.95796207
v 44.00000000 0.97017455 -10.91868116
v 44.00000000 1.93327877 -10.79562527
v 44.00000000 2.88168325 -10.58926654
v 44.00000000 3.80781584 -10.30106574
v 44.00000000 4.70437710 -9.93348567
v 44.00000000 5.56451999 -9.48987352
v 44.00000000 6.38194147 -8.97424921
v 44.00000000 7.15086510 -8.39106617
v 44.00000000 7.86593421 -7.74501745
v 44.00000000 8.52206918 -7.04094053
v 44.00000000 9.11435699 -6.28383695
v 44.00000000 9.63803133 -5.47898103
v 44.00000000 10.08856924 -4.63206044
v 44.00000000 10.46188805 -3.74928131
v 44.00000000 10.75458830 -2.83738542
v 44.00000000 10.96416874 -1.90356001
v 44.00000000 11.08914580 -0.95526082
v 44.00000000 11.12903997 -0.00000000
v 44.00000000 11.08423543 0.95483782
v 44.00000000 10.95576095 1.90210028
v 44.00000000 10.74506596 2.83487314
v 44.00000000 10.45386543 3.74640620
v 44.00000000 10.08410194 4.63000932
v 44.00000000 9.63803133 5.47898103
v 44.00000000 9.11839469 6.28662072
v 44.00000000 8.52860928 7.04634396
v 44.00000000 7.87290505 7.75188113
v 44.00000000 7.15635290 8.39750573
v 44.00000000 6.38476870 8.97822485
v 44.00000000 5.56451999 9.48987352
v 44.00000000 4.70229396 9.92908704
v 44.00000000 3.80489585 10.29316645
v 44.00000000 2.87913175 10.57989058
v 44.00000000 1.93179625 10.78734673
v 44.00000000 0.96974494 10.91384627
v 46.00000000 0.00000000 10.95515028
v 46.00000000 -0.97011750 10.91599104
v 46.00000000 -1.93317957 10.79304621
v 46.00000000 -2.88154327 10.58676576
v 46.00000000 -3.80762045 10.29860483
v 46.00000000 -4.70410051 9.93103828
v 46.00000000 -5.56413594 9.48743845
v 46.00000000 -6.38143575 8.97185469
v 46.00000000 -7.15024490 8.38876442
v 46.00000000 -7.86523042 7.74287168
v 46.00000000 -8.52133005 7.03900913
v 46.00000000 -9.11363475 6.28216028
v 46.00000000 -9.63736616 5.47757514
v 46.00000000 -10.08797609 4.63091920
v 46.00000000 -10.46135120 3.74838561
v 46.00000000 -10.75406587 2.83671534
v 46.00000000 -10.96360612 1.90310525
v 46.00000000 -11.08849382 0.95502547
v 46.00000000 -11.12827189 0.00000000
v 46.00000000 -11.08335709 -0.95458305
v 46.00000000 -10.95481074 -1.90157851
v 46.00000000 -10.74410457 -2.83408773
v 46.00000000 -10.45295875 -3.74537853
v 46.00000000 -10.08330285 -4.62877394
v 46.00000000 -9.63736616 -5.47757514
v 46.00000000 -9.11785859 -6.28507183
v 46.00000000 -8.52817164 -7.04466060
v 46.00000000 -7.87252261 -7.75005042
v 46.00000000 -7.15598568 -8.39549957
v 46.00000000 -6.38439331 -8.97601281
v 46.00000000 -5.56413594 -9.48743845
v 46.00000000 -4.70192134 -9.92643774
v 46.00000000 -3.80456584 -10.29034293
v 46.00000000 -2.87887414 -10.57695942
v 46.00000000 -1.93162870 -10.78438766
v 46.00000000 -0.96966810 -10.91093422
v 46.00000000 -0.00000000 -10.95515028
v 46.00000000 0.97011750 -10.91599104
v 46.00000000 1.93317957 -10.79304621
v 46.00000000 2.88154327 -10.58676576
v 46.00000000 3.80762045 -10.29860483
v 46.00000000 4.70410051 -9.93103828
v 46.00000000 5.56413594 -9.48743845
v 46.00000000 6.38143575 -8.97185469
v 46.00000000 7.15024490 -8.38876442
v 46.00000000 7.86523042 -7.74287168
v 46.00000000 8.52133005 -7.03900913
v 46.00000000 9.11363475 -6.28216028
v 46.00000000 9.63736616 -5.47757514
v 46.00000000 10.08797609 -4.63091920
v 46.00000000 10.46135120 -3.74838561
v 46.00000000 10.75406587 -2.83671534
v 46.00000000 10.96360612 -1.90310525
v 46.00000000 11.08849382 -0.95502547
v 46.00000000 11.12827189 -0.00000000
v 46.00000000 11.08335709 0.95458305
v 46.00000000 10.95481074 1.90157851
v 46.00000000 10.74410457 2.83408773
v 46.00000000 10.45295875 3.74537853
v 46.00000000 10.08330285 4.62877394
v 46.00000000 9.63736616 5.47757514
v 46.00000000 9.11785859 6.28507183
v 46.00000000 8.52817164 7.04466060
v 46.00000000 7.87252261 7.75005042
v 46.00000000 7.15598568 8.39549957
v 46.00000000 6.38439331 8.97601281
v 46.00000000 5.56413594 9.48743845
v 46.00000000 4.70192134 9.92643774
v 46.00000000 3.80456584 10.29034293
v 46.00000000 2.87887414 10.57695942
v 46.00000000 1.93162870 10.78438766
v 46.00000000 0.96966810 10.91093422
v 48.00000000 0.00000000 10.94987803
v 48.00000000 -0.96980456 10.91094676
v 48.00000000 -1.93258307 10.78821005
v 48.00000000 -2.88066893 10.58207635
v 48.00000000 -3.80644557 10.29399022
v 48.00000000 -4.70258306 9.92644915
v 48.00000000 -5.56223445 9.48287254
v 48.00000000 -6.37913263 8.96736495
v 48.00000000 -7.14756392 8.38444872
v 48.00000000 -7.86224094 7.73884848
v 48.00000000 -8.51813498 7.03538783
v 48.00000000 -9.11034555 6.27901653
v 48.00000000 -9.63407268 5.47493902
v 48.00000000 -10.08472192 4.62877926
v 48.00000000 -10.45812326 3.74670603
v 48.00000000 -10.75080279 2.83545881
v 48.00000000 -10.96022321 1.90225251
v 48.00000000 -11.08491690 0.95458415
v 48.00000000 -11.12446891 0.00000000
v 48.00000000 -11.07935699 -0.95410536
v 48.00000000 -10.95070325 -1.90060023
v 48.00000000 -10.74002085 -2.83261514
v 48.00000000 -10.44903942 -3.74345167
v 48.00000000 -10.07966368 -4.62645758
v 48.00000000 -9.63407268 -5.47493902
v 48.00000000 -9.11491735 -6.28216750
v 48.00000000 -8.52554020 -7.04150402
v 48.00000000 -7.87013387 -7.74661753
v 48.00000000 -7.15377764 -8.39173772
v 48.00000000 -6.38233384 -8.97186500
v 48.00000000 -5.56223445 -9.48287254
v 48.00000000 -4.70022437 -9.92147030
v 48.00000000 -3.80313933 -10.28504895
v 48.00000000 -2.87777991 -10.57146362
v 48.00000000 -1.93090444 -10.77883950
v 48.00000000 -0.96931814 -10.90547412
v 48.00000000 -0.00000000 -10.94987803
v 48.00000000 0.96980456 -10.91094676
v 48.00000000 1.93258307 -10.78821005
v 48.00000000 2.88066893 -10.58207635
v 48.00000000 3.80644557 -10.29399022
v 48.00000000 4.70258306 -9.92644915
v 48.00000000 5.56223445 -9.48287254
v 48.00000000 6.37913263 -8.96736495
v 48.00000000 7.14756392 -8.38444872
v 48.00000000 7.86224094 -7.73884848
v 48.00000000 8.51813498 -7.03538783
v 48.00000000 9.11034555 -6.27901653
v 48.00000000 9.63407268 -5.47493902
v 48.00000000 10.08472192 -4.62877926
v 48.00000000 10.45812326 -3.74670603
v 48.00000000 10.75080279 -2.83545881
v 48.00000000 10.96022321 -1.90225251
v 48.00000000 11.08491690 -0.95458415
v 48.00000000 11.12446891 -0.00000000
v 48.00000000 11.07935699 0.95410536
v 48.00000000 10.95070325 1.90060023
v 48.00000000 10.74002085 2.83261514
v 48.00000000 10.44903942 3.74345167
v 48.00000000 10.07966368 4.62645758
v 48.00000000 9.63407268 5.47493902
v 48.00000000 9.11491735 6.28216750
v 48.00000000 8.52554020 7.04150402
v 48.00000000 7.87013387 7.74661753
v 48.00000000 7.15377764 8.39173772
v 48.00000000 6.38233384 8.97186500
v 48.00000000 5.56223445 9.48287254
v 48.00000000 4.70022437 9.92147030
v 48.00000000 3.80313933 10.28504895
v 48.00000000 2.87777991 10.57146362
v 48.00000000 1.93090444 10.77883950
v 48.00000000 0.96931814 10.90547412
v 50.00000000 0.00000000 10.95601206
v 50.00000000 -0.97008191 10.91681553
v 50.00000000 -1.93310420 10.79383667
v 50.00000000 -2.88142851 10.58753223
v 50.00000000 -3.80747200 10.29935907
v 50.00000000 -4.70392789 9.93178838
v 50.00000000 -5.56394921 9.48818477
v 50.00000000 -6.38124159 8.97258857
v 50.00000000 -7.15004375 8.38946987
v 50.00000000 -7.86501578 7.74352932
v 50.00000000 -8.52109033 7.03960107
v 50.00000000 -9.11335745 6.28267415
v 50.00000000 -9.63704272 5.47800603
v 50.00000000 -10.08760592 4.63126898
v 50.00000000 -10.46094335 3.74866013
v 50.00000000 -10.75363759 2.83692071
v 50.00000000 -10.96317869 1.90324463
v 50.00000000 -11.08808694 0.95509760
v 50.00000000 -11.12789841 0.00000000
v 50.00000000 -11.08301986 -0.95466114
v 50.00000000 -10.95450257 -1.90173843
v 50.00000000 -10.74381135 -2.83432845
v 50.00000000 -10.45266469 -3.74569349
v 50.00000000 -10.08299605 -4.62915256
v 50.00000000 -9.63704272 -5.47800603
v 50.00000000 -9.11752401 -6.28554655
v 50.00000000 -8.52783915 -7.04517653
v 50.00000000 -7.87220908 -7.75061152
v 50.00000000 -7.15570669 -8.39611444
v 50.00000000 -6.38415904 -8.97669078
v 50.00000000 -5.56394921 -9.48818477
v 50.00000000 -4.70177827 -9.92724971
v 50.00000000 -3.80445882 -10.29120829
v 50.00000000 -2.87879557 -10.57785777
v 50.00000000 -1.93157436 -10.78529456
v 50.00000000 -0.96963860 -10.91182672
v 50.00000000 -0.00000000 -10.95601206
v 50.00000000 0.97008191 -10.91681553
v 50.00000000 1.93310420 -10.79383667
v 50.00000000 2.88142851 -10.58753223
v 50.00000000 3.80747200 -10.29935907
v 50.00000000 4.70392789 -9.93178838
v 50.00000000 5.56394921 -9.48818477
v 50.00000000 6.38124159 -8.97258857
v 50.00000000 7.15004375 -8.38946987
v 50.00000000 7.86501578 -7.74352932
v 50.00000000 8.52109033 -7.03960107
v 50.00000000 9.11335745 -6.28267415
v 50.00000000 9.63704272 -5.47800603
v 50.00000000 10.08760592 -4.63126898
v 50.00000000 10.46094335 -3.74866013
v 50.00000000 10.75363759 -2.83692071
v 50.00000000 10.96317869 -1.90324463
v 50.00000000 11.08808694 -0.95509760
v 50.00000000 11.12789841 -0.00000000
v 50.00000000 11.08301986 0.95466114
v 50.00000000 10.95450257 1.90173843
v 50.00000000 10.74381135 2.83432845
v 50.00000000 10.45266469 3.74569349
v 50.00000000 10.08299605 4.62915256
v 50.00000000 9.63704272 5.47800603
v 50.00000000 9.11752401 6.28554655
v 50.00000000 8.52783915 7.04517653
v 50.00000000 7.87220908 7.75061152
v 50.00000000 7.15570669 8.39611444
v 50.00000000 6.38415904 8.97669078
v 50.00000000 5.56394921 9.48818477
v 50.00000000 4.70177827 9.92724971
v 50.00000000 3.80445882 10.29120829
v 50.00000000 2.87879557 10.57785777
v 50.00000000 1.93157436 10.78529456
v 50.00000000 0.96963860 10.91182672
v 52.00000000 0.00000000 10.95108527
v 52.00000000 -0.97044854 10.91210181
v 52.00000000 -1.93386015 10.78931746
v 52.00000000 -2.88256913 10.58315016
v 52.00000000 -3.80896093 10.29504690
v 52.00000000 -4.70570571 9.92749998
v 52.00000000 -5.56595237 9.48391804
v 52.00000000 -6.38342460 8.96839299
v 52.00000000 -7.15239591 8.38543690
v 52.00000000 -7.86756534 7.73976969
v 52.00000000 -8.52389352 7.03621701
v 52.00000000 -9.11647512 6.27973638
v 52.00000000 -9.64051229 5.47554263
v 52.00000000 -10.09141846 4.62926927
v 52.00000000 -10.46503415 3.74709063
v 52.00000000 -10.75789445 2.83574654
v 52.00000000 -10.96746589 1.90244777
v 52.00000000 -11.09227761 0.95468520
v 52.00000000 -11.13190474 0.00000000
v 52.00000000 -11.08681135 -0.95421474
v 52.00000000 -10.95810629 -1.90082423
v 52.00000000 -10.74729411 -2.83295232
v 52.00000000 -10.45610332 -3.74389287
v 52.00000000 -10.08644543 -4.62698797
v 52.00000000 -9.64051229 -5.47554263
v 52.00000000 -9.12096992 -6.28283255
v 52.00000000 -8.53117401 -7.04222683
v 52.00000000 -7.87532532 -7.74740362
v 52.00000000 -7.15850496 -8.39259913
v 52.00000000 -6.38657189 -8.97281478
v 52.00000000 -5.56595237 -9.48391804
v 52.00000000 -4.70338675 -9.92260773
v 52.00000000 -3.80571037 -10.28626113
v 52.00000000 -2.87972878 -10.57272201
v 52.00000000 -1.93220980 -10.78010988
v 52.00000000 -0.96997031 -10.90672435
v 52.00000000 -0.00000000 -10.95108527
v 52.00000000 0.97044854 -10.91210181
v 52.00000000 1.93386015 -10.78931746
v 52.00000000 2.88256913 -10.58315016
v 52.00000000 3.80896093 -10.29504690
v 52.00000000 4.70570571 -9.92749998
v 52.00000000 5.56595237 -9.48391804
v 52.00000000 6.38342460 -8.96839299
v 52.00000000 7.15239591 -8.38543690
v 52.00000000 7.86756534 -7.73976969
v 52.00000000 8.52389352 -7.03621701
v 52.00000000 9.11647512 -6.27973638
v 52.00000000 9.64051229 -5.47554263
v 52.00000000 10.09141846 -4.62926927
v 52.00000000 10.46503415 -3.74709063
v 52.00000000 10.75789445 -2.83574654
v 52.00000000 10.96746589 -1.90244777
v 52.00000000 11.09227761 -0.95468520
v 52.00000000 11.13190474 -0.00000000
v 52.00000000 11.08681135 0.95421474
v 52.00000000 10.95810629 1.90082423
v 52.00000000 10.74729411 2.83295232
v 52.00000000 10.45610332 3.74389287
v 52.00000000 10.08644543 4.62698797
v 52.00000000 9.64051229 5.47554263
v 52.00000000 9.12096992 6.28283255
v 52.00000000 8.53117401 7.04222683
v 52.00000000 7.87532532 7.74740362
v 52.00000000 7.15850496 8.39259913
v 52.00000000 6.38657189 8.97281478
v 52.00000000 5.56595237 9.48391804
v 52.00000000 4.70338675 9.92260773
v 52.00000000 3.80571037 10.28626113
v 52.00000000 2.87972878 10.57272201
v 52.00000000 1.93220980 10.78010988
v 52.00000000 0.96997031 10.90672435
v 54.00000000 0.00000000 10.94487752
v 54.00000000 -0.97104389 10.90616229
v 54.00000000 -1.93507848 10.78362285
v 54.00000000 -2.88440258 10.57762828
v 54.00000000 -3.81136059 10.28961316
v 54.00000000 -4.70859256 9.92209639
v 54.00000000 -5.56924127 9.47854198
v 54.00000000 -6.38705233 8.96310677
v 54.00000000 -7.15634231 8.38035571
v 54.00000000 -7.87185867 7.73503291
v 54.00000000 -8.52859665 7.03195339
v 54.00000000 -9.12165606 6.27603493
v 54.00000000 -9.64620884 5.47243876
v 54.00000000 -10.09760933 4.62674953
v 54.00000000 -10.47162715 3.74511291
v 54.00000000 -10.76473699 2.83426695
v 54.00000000 -10.97437542 1.90144366
v 54.00000000 -11.09908248 0.95416556
v 54.00000000 -11.13848255 0.00000000
v 54.00000000 -11.09311204 -0.95365230
v 54.00000000 -10.96415252 -1.89967242
v 54.00000000 -10.75315892 -2.83121854
v 54.00000000 -10.46187256 -3.74162425
v 54.00000000 -10.09217760 -4.62426070
v 54.00000000 -9.64620884 -5.47243876
v 54.00000000 -9.12656544 -6.27941276
v 54.00000000 -8.53654866 -7.03850994
v 54.00000000 -7.88033441 -7.74336132
v 54.00000000 -7.16301484 -8.38816950
v 54.00000000 -6.39048992 -8.96793082
v 54.00000000 -5.56924127 -9.47854198
v 54.00000000 -4.70605970 -9.91675907
v 54.00000000 -3.80781021 -10.28002813
v 54.00000000 -2.88130025 -10.56625145
v 54.00000000 -1.93327591 -10.77357763
v 54.00000000 -0.97052155 -10.90029563
v 54.00000000 -0.00000000 -10.94487752
v 54.00000000 0.97104389 -10.90616229
v 54.00000000 1.93507848 -10.78362285
v 54.00000000 2.88440258 -10.57762828
v 54.00000000 3.81136059 -10.28961316
v 54.00000000 4.70859256 -9.92209639
v 54.00000000 5.56924127 -9.47854198
v 54.00000000 6.38705233 -8.96310677
v 54.00000000 7.15634231 -8.38035571
v 54.00000000 7.87185867 -7.73503291
v 54.00000000 8.52859665 -7.03195339
v 54.00000000 9.12165606 -6.27603493
v 54.00000000 9.64620884 -5.47243876
v 54.00000000 10.09760933 -4.62674953
v 54.00000000 10.47162715 -3.74511291
v 54.00000000 10.76473699 -2.83426695
v 54.00000000 10.97437542 -1.90144366
v 54.00000000 11.09908248 -0.95416556
v 54.00000000 11.13848255 -0.00000000
v 54.00000000 11.09311204 0.95365230
v 54.00000000 10.96415252 1.89967242
v 54.00000000 10.75315892 2.83121854
v 54.00000000 10.46187256 3.74162425
v 54.00000000 10.09217760 4.62426070
v 54.00000000 9.64620884 5.47243876
v 54.00000000 9.12656544 6.27941276
v 54.00000000 8.53654866 7.03850994
v 54.00000000 7.88033441 7.74336132
v 54.00000000 7.16301484 8.38816950
v 54.00000000 6.39048992 8.96793082
v 54.00000000 5.56924127 9.47854198
v 54.00000000 4.70605970 9.91675907
v 54.00000000 3.80781021 10.28002813
v 54.00000000 2.88130025 10.56625145
v 54.00000000 1.93327591 10.77357763
v 54.00000000 0.97052155 10.90029563
v 56.00000000 0.00000000 10.94544762
v 56.00000000 -0.97044401 10.90670777
v 56.00000000 -1.93388011 10.78414584
v 56.00000000 -2.88261471 10.57813541
v 56.00000000 -3.80900026 10.29011219
v 56.00000000 -4.70568373 9.92259264
v 56.00000000 -5.56581229 9.47903569
v 56.00000000 -6.38313306 8.96359223
v 56.00000000 -7.15196184 8.38082233
v 56.00000000 -7.86704460 7.73546790
v 56.00000000 -8.52337621 7.03234493
v 56.00000000 -9.11605875 6.27637485
v 56.00000000 -9.64026967 5.47272381
v 56.00000000 -10.09137132 4.62698094
v 56.00000000 -10.46514221 3.74529454
v 56.00000000 -10.75806456 2.83440284
v 56.00000000 -10.96757913 1.90153588
v 56.00000000 -11.09222578 0.95421329
v 56.00000000 -11.13162458 0.00000000
v 56.00000000 -11.08630499 -0.95370395
v 56.00000000 -10.95744125 -1.89977819
v 56.00000000 -10.74658278 -2.83137776
v 56.00000000 -10.45546875 -3.74183258
v 56.00000000 -10.08598476 -4.62451115
v 56.00000000 -9.64026967 -5.47272381
v 56.00000000 -9.12092731 -6.27972683
v 56.00000000 -8.53126209 -7.03885129
v 56.00000000 -7.87544985 -7.74373257
v 56.00000000 -7.15857887 -8.38857632
v 56.00000000 -6.38654206 -8.96837935
v 56.00000000 -5.56581229 -9.47903569
v 56.00000000 -4.70317193 -9.91729617
v 56.00000000 -3.80547941 -10.28060052
v 56.00000000 -2.87953818 -10.56684566
v 56.00000000 -1.93209253 -10.77417751
v 56.00000000 -0.96992601 -10.90088600
v 56.00000000 -0.00000000 -10.94544762
v 56.00000000 0.97044401 -10.90670777
v 56.00000000 1.93388011 -10.78414584
v 56.00000000 2.88261471 -10.57813541
v 56.00000000 3.80900026 -10.29011219
v 56.00000000 4.70568373 -9.92259264
v 56.00000000 5.56581229 -9.47903569
v 56.00000000 6.38313306 -8.96359223
v 56.00000000 7.15196184 -8.38082233
v 56.00000000 7.86704460 -7.73546790
v 56.00000000 8.52337621 -7.03234493
v 56.00000000 9.11605875 -6.27637485
v 56.00000000 9.64026967 -5.47272381
v 56.00000000 10.09137132 -4.62698094
v 56.00000000 10.46514221 -3.74529454
v 56.00000000 10.75806456 -2.83440284
v 56.00000000 10.96757913 -1.90153588
v 56.00000000 11.09222578 -0.95421329
v 56.00000000 11.13162458 -0.00000000
v 56.00000000 11.08630499 0.95370395
v 56.00000000 10.95744125 1.89977819
v 56.00000000 10.74658278 2.83137776
v 56.00000000 10.45546875 3.74183258
v 56.00000000 10.08598476 4.62451115
v 56.00000000 9.64026967 5.47272381
v 56.00000000 9.12092731 6.27972683
v 56.00000000 8.53126209 7.03885129
v 56.00000000 7.87544985 7.74373257
v 56.00000000 7.15857887 8.38857632
v 56.00000000 6.38654206 8.96837935
v 56.00000000 5.56581229 9.47903569
v 56.00000000 4.70317193 9.91729617
v 56.00000000 3.80547941 10.28060052
v 56.00000000 2.87953818 10.56684566
v 56.00000000 1.93209253 10.77417751
v 56.00000000 0.96992601 10.90088600
v 58.00000000 0.00000000 10.94134254
v 58.00000000 -0.97109962 10.90277993
v 58.00000000 -1.93520773 10.78037985
v 58.00000000 -2.88460516 10.57448362
v 58.00000000 -3.81161514 10.28651873
v 58.00000000 -4.70886277 9.91901921
v 58.00000000 -5.56948930 9.47548059
v 58.00000000 -6.38725465 8.96009666
v 58.00000000 -7.15650159 8.37746241
v 58.00000000 -7.87200675 7.73233574
v 58.00000000 -8.52878649 7.02952562
v 58.00000000 -9.12194499 6.27392722
v 58.00000000 -9.64663843 5.47067127
v 58.00000000 -10.09818879 4.62531462
v 58.00000000 -10.47232654 3.74398663
v 58.00000000 -10.76549300 2.83342435
v 58.00000000 -10.97510839 1.90087183
v 58.00000000 -11.09971941 0.95386964
v 58.00000000 -11.13897859 0.00000000
v 58.00000000 -11.09346342 -0.95333203
v 58.00000000 -10.96439656 -1.89901656
v 58.00000000 -10.75336119 -2.83023131
v 58.00000000 -10.46210543 -3.74033246
v 58.00000000 -10.09249728 -4.62270771
v 58.00000000 -9.64663843 -5.47067127
v 58.00000000 -9.12708917 -6.27746531
v 58.00000000 -8.53711882 -7.03639322
v 58.00000000 -7.88088785 -7.74105927
v 58.00000000 -7.16349325 -8.38564690
v 58.00000000 -6.39085664 -8.96514957
v 58.00000000 -5.56948930 -9.47548059
v 58.00000000 -4.70620877 -9.91342868
v 58.00000000 -3.80789496 -10.27647897
v 58.00000000 -2.88135445 -10.56256706
v 58.00000000 -1.93331894 -10.76985807
v 58.00000000 -0.97055229 -10.89663494
v 58.00000000 -0.00000000 -10.94134254
v 58.00000000 0.97109962 -10.90277993
v 58.00000000 1.93520773 -10.78037985
v 58.00000000 2.88460516 -10.57448362
v 58.00000000 3.81161514 -10.28651873
v 58.00000000 4.70886277 -9.91901921
v 58.00000000 5.56948930 -9.47548059
v 58.00000000 6.38725465 -8.96009666
v 58.00000000 7.15650159 -8.37746241
v 58.00000000 7.87200675 -7.73233574
v 58.00000000 8.52878649 -7.02952562
v 58.00000000 9.12194499 -6.27392722
v 58.00000000 9.64663843 -5.47067127
v 58.00000000 10.09818879 -4.62531462
v 58.00000000 10.47232654 -3.74398663
v 58.00000000 10.76549300 -2.83342435
v 58.00000000 10.97510839 -1.90087183
v 58.00000000 11.09971941 -0.95386964
v 58.00000000 11.13897859 -0.00000000
v 58.00000000 11.09346342 0.95333203
v 58.00000000 10.96439656 1.89901656
v 58.00000000 10.75336119 2.83023131
v 58.00000000 10.46210543 3.74033246
v 58.00000000 10.09249728 4.62270771
v 58.00000000 9.64663843 5.47067127
v 58.00000000 9.12708917 6.27746531
v 58.00000000 8.53711882 7.03639322
v 58.00000000 7.88088785 7.74105927
v 58.00000000 7.16349325 8.38564690
v 58.00000000 6.39085664 8.96514957
v 58.00000000 5.56948930 9.47548059
v 58.00000000 4.70620877 9.91342868
v 58.00000000 3.80789496 10.27647897
v 58.00000000 2.88135445 10.56256706
v 58.00000000 1.93331894 10.76985807
v 58.00000000 0.97055229 10.89663494
v 60.00000000 0.00000000 10.93575500
v 60.00000000 -0.97085567 10.89743343
v 60.00000000 -1.93475034 10.77525352
v 60.00000000 -2.88393907 10.56951267
v 60.00000000 -3.81071427 10.28162724
v 60.00000000 -4.70767986 9.91415513
v 60.00000000 -5.56797710 9.47064164
v 60.00000000 -6.38539063 8.95533889
v 60.00000000 -7.15430659 8.37288938
v 60.00000000 -7.86954939 7.72807275
v 60.00000000 -8.52617058 7.02568839
v 60.00000000 -9.11928290 6.27059580
v 60.00000000 -9.64401923 5.46787750
v 60.00000000 -10.09565205 4.62304646
v 60.00000000 -10.46985142 3.74220628
v 60.00000000 -10.76300712 2.83209238
v 60.00000000 -10.97251444 1.89996792
v 60.00000000 -11.09693107 0.95340189
v 60.00000000 -11.13595419 0.00000000
v 60.00000000 -11.09022597 -0.95282581
v 60.00000000 -10.96103361 -1.89797993
v 60.00000000 -10.75000439 -2.82867095
v 60.00000000 -10.45889654 -3.73829071
v 60.00000000 -10.08955195 -4.62025308
v 60.00000000 -9.64401923 -5.46787750
v 60.00000000 -9.12479638 -6.27438697
v 60.00000000 -8.53510107 -7.03304725
v 60.00000000 -7.87906805 -7.73742029
v 60.00000000 -7.16180016 -8.38165932
v 60.00000000 -6.38925121 -8.96075324
v 60.00000000 -5.56797710 -9.47064164
v 60.00000000 -4.70483534 -9.90816470
v 60.00000000 -3.80672702 -10.27086931
v 60.00000000 -2.88045499 -10.55674370
v 60.00000000 -1.93272596 -10.76397910
v 60.00000000 -0.97026905 -10.89084887
v 60.00000000 -0.00000000 -10.93575500
v 60.00000000 0.97085567 -10.89743343
v 60.00000000 1.93475034 -10.77525352
v 60.00000000 2.88393907 -10.56951267
v 60.00000000 3.81071427 -10.28162724
v 60.00000000 4.70767986 -9.91415513
v 60.00000000 5.56797710 -9.47064164
v 60.00000000 6.38539063 -8.95533889
v 60.00000000 7.15430659 -8.37288938
v 60.00000000 7.86954939 -7.72807275
v 60.00000000 8.52617058 -7.02568839
v 60.00000000 9.11928290 -6.27059580
v 60.00000000 9.64401923 -5.46787750
v 60.00000000 10.09565205 -4.62304646
v 60.00000000 10.46985142 -3.74220628
v 60.00000000 10.76300712 -2.83209238
v 60.00000000 10.97251444 -1.89996792
v 60.00000000 11.09693107 -0.95340189
v 60.00000000 11.13595419 -0.00000000
v 60.00000000 11.09022597 0.95282581
v 60.00000000 10.96103361 1.89797993
v 60.00000000 10.75000439 2.82867095
v 60.00000000 10.45889654 3.73829071
v 60.00000000 10.08955195 4.62025308
v 60.00000000 9.64401923 5.46787750
v 60.00000000 9.12479638 6.27438697
v 60.00000000 8.53510107 7.03304725
v 60.00000000 7.87906805 7.73742029
v 60.00000000 7.16180016 8.38165932
v 60.00000000 6.38925121 8.96075324
v 60.00000000 5.56797710 9.47064164
v 60.00000000 4.70483534 9.90816470
v 60.00000000 3.80672702 10.27086931
v 60.00000000 2.88045499 10.55674370
v 60.00000000 1.93272596 10.76397910
v 60.00000000 0.97026905 10.89084887
v 62.00000000 0.00000000 10.93504356
v 62.00000000 -0.97094694 10.89675267
v 62.00000000 -1.93493588 10.77460078
v 62.00000000 -2.88421763 10.56887971
v 62.00000000 -3.81107972 10.28100440
v 62.00000000 -4.70812242 9.91353579
v 62.00000000 -5.56848613 9.47002552
v 62.00000000 -6.38595787 8.95473311
v 62.00000000 -7.15492857 8.37230714
v 62.00000000 -7.87022809 7.72752998
v 62.00000000 -8.52691183 7.02519983
v 62.00000000 -9.12009300 6.27017163
v 62.00000000 -9.64490089 5.46752178
v 62.00000000 -10.09660112 4.62275766
v 62.00000000 -10.47085548 3.74197958
v 62.00000000 -10.76404675 2.83192278
v 62.00000000 -10.97356670 1.89985282
v 62.00000000 -11.09797427 0.95334233
v 62.00000000 -11.13697225 0.00000000
v 62.00000000 -11.09121116 -0.95276136
v 62.00000000 -10.96198654 -1.89784795
v 62.00000000 -10.75093151 -2.82847228
v 62.00000000 -10.45980581 -3.73803075
v 62.00000000 -10.09044824 -4.61994055
v 62.00000000 -9.64490089 -5.46752178
v 62.00000000 -9.12565418 -6.27399501
v 62.00000000 -8.53591959 -7.03262120
v 62.00000000 -7.87982912 -7.73695693
v 62.00000000 -7.16248698 -8.38115158
v 62.00000000 -6.38985185 -8.96019346
v 62.00000000 -5.56848613 -9.47002552
v 62.00000000 -4.70525329 -9.90749447
v 62.00000000 -3.80705797 -10.27015509
v 62.00000000 -2.88070341 -10.55600227
v 62.00000000 -1.93289399 -10.76323058
v 62.00000000 -0.97035524 -10.89011218
v 62.00000000 -0.00000000 -10.93504356
v 62.00000000 0.97094694 -10.89675267
v 62.00000000 1.93493588 -10.77460078
v 62.00000000 2.88421763 -10.56887971
v 62.00000000 3.81107972 -10.28100440
v 62.00000000 4.70812242 -9.91353579
v 62.00000000 5.56848613 -9.47002552
v 62.00000000 6.38595787 -8.95473311
v 62.00000000 7.15492857 -8.37230714
v 62.00000000 7.87022809 -7.72752998
v 62.00000000 8.52691183 -7.02519983
v 62.00000000 9.12009300 -6.27017163
v 62.00000000 9.64490089 -5.46752178
v 62.00000000 10.09660112 -4.62275766
v 62.00000000 10.47085548 -3.74197958
v 62.00000000 10.76404675 -2.83192278
v 62.00000000 10.97356670 -1.89985282
v 62.00000000 11.09797427 -0.95334233
v 62.00000000 11.13697225 -0.00000000
v 62.00000000 11.09121116 0.95276136
v 62.00000000 10.96198654 1.89784795
v 62.00000000 10.75093151 2.82847228
v 62.00000000 10.45980581 3.73803075
v 62.00000000 10.09044824 4.61994055
v 62.00000000 9.64490089 5.46752178
v 62.00000000 9.12565418 6.27399501
v 62.00000000 8.53591959 7.03262120
v 62.00000000 7.87982912 7.73695693
v 62.00000000 7.16248698 8.38115158
v 62.00000000 6.38985185 8.96019346
v 62.00000000 5.56848613 9.47002552
v 62.00000000 4.70525329 9.90749447
v 62.00000000 3.80705797 10.27015509
v 62.00000000 2.88070341 10.55600227
v 62.00000000 1.93289399 10.76323058
v 62.00000000 0.97035524 10.89011218
v 64.00000000 0.00000000 10.93316180
v 64.00000000 -0.97082866 10.89495202
v 64.00000000 -1.93470987 10.77287424
v 64.00000000 -2.88388602 10.56720549
v 64.00000000 -3.81063456 10.27935696
v 64.00000000 -4.70754892 9.91189762
v 64.00000000 -5.56776974 9.46839586
v 64.00000000 -6.38509260 8.95313085
v 64.00000000 -7.15392325 8.37076712
v 64.00000000 -7.86910782 7.72609439
v 64.00000000 -8.52571373 7.02390760
v 64.00000000 -9.11885728 6.26904971
v 64.00000000 -9.64366007 5.46658090
v 64.00000000 -10.09537124 4.62199377
v 64.00000000 -10.46963241 3.74137996
v 64.00000000 -10.76280915 2.83147418
v 64.00000000 -10.97228492 1.89954839
v 64.00000000 -11.09662242 0.95318479
v 64.00000000 -11.13553948 0.00000000
v 64.00000000 -11.08970836 -0.95259088
v 64.00000000 -10.96044630 -1.89749886
v 64.00000000 -10.74940119 -2.82794682
v 64.00000000 -10.45833613 -3.73734317
v 64.00000000 -10.08908104 -4.61911390
v 64.00000000 -9.64366007 -5.46658090
v 64.00000000 -9.12454258 -6.27295825
v 64.00000000 -8.53492254 -7.03149428
v 64.00000000 -7.87892313 -7.73573131
v 64.00000000 -7.16165036 -8.37980857
v 64.00000000 -6.38907350 -8.95871283
v 64.00000000 -5.56776974 -9.46839586
v 64.00000000 -4.70461575 -9.90572173
v 64.00000000 -3.80652305 -10.26826597
v 64.00000000 -2.88029337 -10.55404120
v 64.00000000 -1.93262240 -10.76125077
v 64.00000000 -0.97022376 -10.88816362
v 64.00000000 -0.00000000 -10.93316180
v 64.00000000 0.97082866 -10.89495202
v 64.00000000 1.93470987 -10.77287424
v 64.00000000 2.88388602 -10.56720549
v 64.00000000 3.81063456 -10.27935696
v 64.00000000 4.70754892 -9.91189762
v 64.00000000 5.56776974 -9.46839586
v 64.00000000 6.38509260 -8.95313085
v 64.00000000 7.15392325 -8.37076712
v 64.00000000 7.86910782 -7.72609439
v 64.00000000 8.52571373 -7.02390760
v 64.00000000 9.11885728 -6.26904971
v 64.00000000 9.64366007 -5.46658090
v 64.00000000 10.09537124 -4.62199377
v 64.00000000 10.46963241 -3.74137996
v 64.00000000 10.76280915 -2.83147418
v 64.00000000 10.97228492 -1.89954839
v 64.00000000 11.09662242 -0.95318479
v 64.00000000 11.13553948 -0.00000000
v 64.00000000 11.08970836 0.95259088
v 64.00000000 10.96044630 1.89749886
v 64.00000000 10.74940119 2.82794682
v 64.00000000 10.45833613 3.73734317
v 64.00000000 10.08908104 4.61911390
v 64.00000000 9.64366007 5.46658090
v 64.00000000 9.12454258 6.27295825
v 64.00000000 8.53492254 7.03149428
v 64.00000000 7.87892313 7.73573131
v 64.00000000 7.16165036 8.37980857
v 64.00000000 6.38907350 8.95871283
v 64.00000000 5.56776974 9.46839586
v 64.00000000 4.70461575 9.90572173
v 64.00000000 3.80652305 10.26826597
v 64.00000000 2.88029337 10.55404120
v 64.00000000 1.93262240 10.76125077
v 64.00000000 0.97022376 10.88816362
v 66.00000000 0.00000000 10.93307400
v 66.00000000 -0.97159377 10.89486801
v 66.00000000 -1.93623506 10.77279368
v 66.00000000 -2.88615971 10.56712737
v 66.00000000 -3.81363859 10.27928009
v 66.00000000 -4.71125891 9.91182119
v 66.00000000 -5.57215588 9.46831983
v 66.00000000 -6.39012057 8.95305609
v 66.00000000 -7.15955496 8.37069527
v 66.00000000 -7.87530187 7.72602741
v 66.00000000 -8.53242535 7.02384731
v 66.00000000 -9.12603796 6.26899737
v 66.00000000 -9.65125710 5.46653700
v 66.00000000 -10.10332734 4.62195813
v 66.00000000 -10.47788591 3.74135198
v 66.00000000 -10.77129469 2.83145325
v 66.00000000 -10.98093467 1.89953418
v 66.00000000 -11.10536759 0.95317744
v 66.00000000 -11.14431177 0.00000000
v 66.00000000 -11.09844100 -0.95258293
v 66.00000000 -10.96907459 -1.89748257
v 66.00000000 -10.75786241 -2.82792230
v 66.00000000 -10.46656915 -3.73731109
v 66.00000000 -10.09702573 -4.61907534
v 66.00000000 -9.65125710 -5.46653700
v 66.00000000 -9.13173357 -6.27290988
v 66.00000000 -8.54165085 -7.03144170
v 66.00000000 -7.88513497 -7.73567413
v 66.00000000 -7.16729608 -8.37974591
v 66.00000000 -6.39410868 -8.95864374
v 66.00000000 -5.57215588 -9.46831983
v 66.00000000 -4.70832042 -9.90563902
v 66.00000000 -3.80951963 -10.26817784
v 66.00000000 -2.88256055 -10.55394971
v 66.00000000 -1.93414380 -10.76115840
v 66.00000000 -0.97098777 -10.88807270
v 66.00000000 -0.00000000 -10.93307400
v 66.00000000 0.97159377 -10.89486801
v 66.00000000 1.93623506 -10.77279368
v 66.00000000 2.88615971 -10.56712737
v 66.00000000 3.81363859 -10.27928009
v 66.00000000 4.71125891 -9.91182119
v 66.00000000 5.57215588 -9.46831983
v 66.00000000 6.39012057 -8.95305609
v 66.00000000 7.15955496 -8.37069527
v 66.00000000 7.87530187 -7.72602741
v 66.00000000 8.53242535 -7.02384731
v 66.00000000 9.12603796 -6.26899737
v 66.00000000 9.65125710 -5.46653700
v 66.00000000 10.10332734 -4.62195813
v 66.00000000 10.47788591 -3.74135198
v 66.00000000 10.77129469 -2.83145325
v 66.00000000 10.98093467 -1.89953418
v 66.00000000 11.10536759 -0.95317744
v 66.00000000 11.14431177 -0.00000000
v 66.00000000 11.09844100 0.95258293
v 66.00000000 10.96907459 1.89748257
v 66.00000000 10.75786241 2.82792230
v 66.00000000 10.46656915 3.73731109
v 66.00000000 10.09702573 4.61907534
v 66.00000000 9.65125710 5.46653700
v 66.00000000 9.13173357 6.27290988
v 66.00000000 8.54165085 7.03144170
v 66.00000000 7.88513497 7.73567413
v 66.00000000 7.16729608 8.37974591
v 66.00000000 6.39410868 8.95864374
v 66.00000000 5.57215588 9.46831983
v 66.00000000 4.70832042 9.90563902
v 66.00000000 3.80951963 10.26817784
v 66.00000000 2.88256055 10.55394971
v 66.00000000 1.93414380 10.76115840
v 66.00000000 0.97098777 10.88807270
v 68.00000000 0.00000000 10.93320588
v 68.00000000 -0.97152761 10.89499420
v 68.00000000 -1.93610253 10.77291468
v 68.00000000 -2.88596180 10.56724471
v 68.00000000 -3.81337757 10.27939555
v 68.00000000 -4.71093811 9.91193600
v 68.00000000 -5.57177913 9.46843404
v 68.00000000 -6.38969158 8.95316839
v 68.00000000 -7.15907683 8.37080319
v 68.00000000 -7.87477695 7.72612802
v 68.00000000 -8.53185553 7.02393787
v 68.00000000 -9.12542529 6.26907599
v 68.00000000 -9.65060454 5.46660294
v 68.00000000 -10.10263937 4.62201166
v 68.00000000 -10.47716877 3.74139401
v 68.00000000 -10.77055608 2.83148469
v 68.00000000 -10.98018310 1.89955552
v 68.00000000 -11.10461140 0.95318848
v 68.00000000 -11.14355826 0.00000000
v 68.00000000 -11.09769592 -0.95259488
v 68.00000000 -10.96834204 -1.89750704
v 68.00000000 -10.75714536 -2.82795913
v 68.00000000 -10.46587017 -3.73735928
v 68.00000000 -10.09634788 -4.61913327
v 68.00000000 -9.65060454 -5.46660294
v 68.00000000 -9.13111176 -6.27298254
v 68.00000000 -8.54106623 -7.03152068
v 68.00000000 -7.88459427 -7.73576002
v 68.00000000 -7.16680553 -8.37984003
v 68.00000000 -6.39367329 -8.95874751
v 68.00000000 -5.57177913 -9.46843404
v 68.00000000 -4.70800434 -9.90576326
v 68.00000000 -3.80926522 -10.26831023
v 68.00000000 -2.88236841 -10.55408714
v 68.00000000 -1.93401464 -10.76129715
v 68.00000000 -0.97092258 -10.88820926
v 68.00000000 -0.00000000 -10.93320588
v 68.00000000 0.97152761 -10.89499420
v 68.00000000 1.93610253 -10.77291468
v 68.00000000 2.88596180 -10.56724471
v 68.00000000 3.81337757 -10.27939555
v 68.00000000 4.71093811 -9.91193600
v 68.00000000 5.57177913 -9.46843404
v 68.00000000 6.38969158 -8.95316839
v 68.00000000 7.15907683 -8.37080319
v 68.00000000 7.87477695 -7.72612802
v 68.00000000 8.53185553 -7.02393787
v 68.00000000 9.12542529 -6.26907599
v 68.00000000 9.65060454 -5.46660294
v 68.00000000 10.10263937 -4.62201166
v 68.00000000 10.47716877 -3.74139401
v 68.00000000 10.77055608 -2.83148469
v 68.00000000 10.98018310 -1.89955552
v 68.00000000 11.10461140 -0.95318848
v 68.00000000 11.14355826 -0.00000000
v 68.00000000 11.09769592 0.95259488
v 68.00000000 10.96834204 1.89750704
v 68.00000000 10.75714536 2.82795913
v 68.00000000 10.46587017 3.73735928
v 68.00000000 10.09634788 4.61913327
v 68.00000000 9.65060454 5.46660294
v 68.00000000 9.13111176 6.27298254
v 68.00000000 8.54106623 7.03152068
v 68.00000000 7.88459427 7.73576002
v 68.00000000 7.16680553 8.37984003
v 68.00000000 6.39367329 8.95874751
v 68.00000000 5.57177913 9.46843404
v 68.00000000 4.70800434 9.90576326
v 68.00000000 3.80926522 10.26831023
v 68.00000000 2.88236841 10.55408714
v 68.00000000 1.93401464 10.76129715
v 68.00000000 0.97092258 10.88820926
v 70.00000000 0.00000000 10.92869299
v 70.00000000 -0.97182504 10.89067575
v 70.00000000 -1.93671851 10.76877387
v 70.00000000 -2.88689266 10.56322934
v 70.00000000 -3.81459081 10.27544443
v 70.00000000 -4.71238035 9.90800719
v 70.00000000 -5.57339348 9.46452576
v 70.00000000 -6.39143799 8.94932588
v 70.00000000 -7.16094742 8.36711002
v 70.00000000 -7.87679986 7.72268527
v 70.00000000 -8.53408481 7.02083893
v 70.00000000 -9.12791942 6.26638544
v 70.00000000 -9.65340067 5.46434650
v 70.00000000 -10.10573226 4.62017963
v 70.00000000 -10.48050211 3.73995592
v 70.00000000 -10.77403008 2.83040877
v 70.00000000 -10.98367648 1.89882538
v 70.00000000 -11.10801104 0.95281067
v 70.00000000 -11.14678695 0.00000000
v 70.00000000 -11.10072909 -0.95218604
v 70.00000000 -10.97120795 -1.89666986
v 70.00000000 -10.75990872 -2.82669900
v 70.00000000 -10.46860478 -3.73571037
v 70.00000000 -10.09910737 -4.61715084
v 70.00000000 -9.65340067 -5.46434650
v 70.00000000 -9.13390722 -6.27049612
v 70.00000000 -8.54378360 -7.02881795
v 70.00000000 -7.88713742 -7.73282057
v 70.00000000 -7.16908567 -8.37661905
v 70.00000000 -6.39563069 -8.95519653
v 70.00000000 -5.57339348 -9.46452576
v 70.00000000 -4.70929111 -9.90151192
v 70.00000000 -3.81026054 -10.26377988
v 70.00000000 -2.88310885 -10.54938427
v 70.00000000 -1.93451997 -10.75654930
v 70.00000000 -0.97118795 -10.88353628
v 70.00000000 -0.00000000 -10.92869299
v 70.00000000 0.97182504 -10.89067575
v 70.00000000 1.93671851 -10.76877387
v 70.00000000 2.88689266 -10.56322934
v 70.00000000 3.81459081 -10.27544443
v 70.00000000 4.71238035 -9.90800719
v 70.00000000 5.57339348 -9.46452576
v 70.00000000 6.39143799 -8.94932588
v 70.00000000 7.16094742 -8.36711002
v 70.00000000 7.87679986 -7.72268527
v 70.00000000 8.53408481 -7.02083893
v 70.00000000 9.12791942 -6.26638544
v 70.00000000 9.65340067 -5.46434650
v 70.00000000 10.10573226 -4.62017963
v 70.00000000 10.48050211 -3.73995592
v 70.00000000 10.77403008 -2.83040877
v 70.00000000 10.98367648 -1.89882538
v 70.00000000 11.10801104 -0.95281067
v 70.00000000 11.14678695 -0.00000000
v 70.00000000 11.10072909 0.95218604
v 70.00000000 10.97120795 1.89666986
v 70.00000000 10.75990872 2.82669900
v 70.00000000 10.46860478 3.73571037
v 70.00000000 10.09910737 4.61715084
v 70.00000000 9.65340067 5.46434650
v 70.00000000 9.13390722 6.27049612
v 70.00000000 8.54378360 7.02881795
v 70.00000000 7.88713742 7.73282057
v 70.00000000 7.16908567 8.37661905
v 70.00000000 6.39563069 8.95519653
v 70.00000000 5.57339348 9.46452576
v 70.00000000 4.70929111 9.90151192
v 70.00000000 3.81026054 10.26377988
v 70.00000000 2.88310885 10.54938427
v 70.00000000 1.93451997 10.75654930
v 70.00000000 0.97118795 10.88353628
v 72.00000000 0.00000000 10.93172865
v 72.00000000 -0.97217209 10.89358064
v 72.00000000 -1.93739450 10.77155928
v 72.00000000 -2.88789177 10.56593037
v 72.00000000 -3.81592225 10.27810224
v 72.00000000 -4.71406322 9.91064998
v 72.00000000 -5.57544536 9.46715472
v 72.00000000 -6.39386163 8.95191059
v 72.00000000 -7.16372081 8.36959427
v 72.00000000 -7.87987383 7.72500106
v 72.00000000 -8.53739001 7.02292346
v 72.00000000 -9.13138075 6.26819527
v 72.00000000 -9.65695463 5.46586433
v 72.00000000 -10.10934119 4.62141198
v 72.00000000 -10.48416023 3.74092328
v 72.00000000 -10.77775881 2.83113251
v 72.00000000 -10.98751022 1.89931653
v 72.00000000 -11.11197789 0.95306481
v 72.00000000 -11.15089071 0.00000000
v 72.00000000 -11.10493852 -0.95246105
v 72.00000000 -10.97545703 -1.89723299
v 72.00000000 -10.76410784 -2.82754663
v 72.00000000 -10.47265921 -3.73681952
v 72.00000000 -10.10293698 -4.61848434
v 72.00000000 -9.65695463 -5.46586433
v 72.00000000 -9.13716909 -6.27216866
v 72.00000000 -8.54676572 -7.03063600
v 72.00000000 -7.88986704 -7.73479786
v 72.00000000 -7.17158797 -8.37878571
v 72.00000000 -6.39791468 -8.95758517
v 72.00000000 -5.57544536 -9.46715472
v 72.00000000 -4.71107688 -9.90437164
v 72.00000000 -3.81173622 -10.26682726
v 72.00000000 -2.88423400 -10.55254770
v 72.00000000 -1.93526920 -10.75974299
v 72.00000000 -0.97155623 -10.88667962
v 72.00000000 -0.00000000 -10.93172865
v 72.00000000 0.97217209 -10.89358064
v 72.00000000 1.93739450 -10.77155928
v 72.00000000 2.88789177 -10.56593037
v 72.00000000 3.81592225 -10.27810224
v 72.00000000 4.71406322 -9.91064998
v 72.00000000 5.57544536 -9.46715472
v 72.00000000 6.39386163 -8.95191059
v 72.00000000 7.16372081 -8.36959427
v 72.00000000 7.87987383 -7.72500106
v 72.00000000 8.53739001 -7.02292346
v 72.00000000 9.13138075 -6.26819527
v 72.00000000 9.65695463 -5.46586433
v 72.00000000 10.10934119 -4.62141198
v 72.00000000 10.48416023 -3.74092328
v 72.00000000 10.77775881 -2.83113251
v 72.00000000 10.98751022 -1.89931653
v 72.00000000 11.11197789 -0.95306481
v 72.00000000 11.15089071 -0.00000000
v 72.00000000 11.10493852 0.95246105
v 72.00000000 10.97545703 1.89723299
v 72.00000000 10.76410784 2.82754663
v 72.00000000 10.47265921 3.73681952
v 72.00000000 10.10293698 4.61848434
v 72.00000000 9.65695463 5.46586433
v 72.00000000 9.13716909 6.27216866
v 72.00000000 8.54676572 7.03063600
v 72.00000000 7.88986704 7.73479786
v 72.00000000 7.17158797 8.37878571
v 72.00000000 6.39791468 8.95758517
v 72.00000000 5.57544536 9.46715472
v 72.00000000 4.71107688 9.90437164
v 72.00000000 3.81173622 10.26682726
v 72.00000000 2.88423400 10.55254770
v 72.00000000 1.93526920 10.75974299
v 72.00000000 0.97155623 10.88667962
v 74.00000000 0.00000000 10.92724002
v 74.00000000 -0.97171828 10.88928535
v 74.00000000 -1.93651323 10.76744065
v 74.00000000 -2.88659075 10.56193650
v 74.00000000 -3.81418649 10.27417228
v 74.00000000 -4.71186266 9.90674225
v 74.00000000 -5.57275177 9.46326745
v 74.00000000 -6.39066831 8.94808878
v 74.00000000 -7.16005736 8.36592101
v 74.00000000 -7.87580967 7.72157690
v 74.00000000 -8.53302408 7.01984124
v 74.00000000 -9.12682022 6.26551921
v 74.00000000 -9.65228920 5.46362001
v 74.00000000 -10.10462208 4.61958978
v 74.00000000 -10.47939126 3.73949289
v 74.00000000 -10.77290335 2.83006236
v 74.00000000 -10.98251229 1.89859030
v 74.00000000 -11.10679075 0.95268902
v 74.00000000 -11.14550354 0.00000000
v 74.00000000 -11.09939232 -0.95205442
v 74.00000000 -10.96984431 -1.89640033
v 74.00000000 -10.75855608 -2.82629330
v 74.00000000 -10.46730361 -3.73517951
v 74.00000000 -10.09789122 -4.61651259
v 74.00000000 -9.65228920 -5.46362001
v 74.00000000 -9.13290380 -6.26969557
v 74.00000000 -8.54287802 -7.02794775
v 74.00000000 -7.88631260 -7.73187414
v 74.00000000 -7.16832580 -8.37558198
v 74.00000000 -6.39492809 -8.95405323
v 74.00000000 -5.57275177 -9.46326745
v 74.00000000 -4.70872401 -9.90014320
v 74.00000000 -3.80978695 -10.26232135
v 74.00000000 -2.88274641 -10.54787020
v 74.00000000 -1.93427953 -10.75502074
v 74.00000000 -0.97107100 -10.88203180
v 74.00000000 -0.00000000 -10.92724002
v 74.00000000 0.97171828 -10.88928535
v 74.00000000 1.93651323 -10.76744065
v 74.00000000 2.88659075 -10.56193650
v 74.00000000 3.81418649 -10.27417228
v 74.00000000 4.71186266 -9.90674225
v 74.00000000 5.57275177 -9.46326745
v 74.00000000 6.39066831 -8.94808878
v 74.00000000 7.16005736 -8.36592101
v 74.00000000 7.87580967 -7.72157690
v 74.00000000 8.53302408 -7.01984124
v 74.00000000 9.12682022 -6.26551921
v 74.00000000 9.65228920 -5.46362001
v 74.00000000 10.10462208 -4.61958978
v 74.00000000 10.47939126 -3.73949289
v 74.00000000 10.77290335 -2.83006236
v 74.00000000 10.98251229 -1.89859030
v 74.00000000 11.10679075 -0.95268902
v 74.00000000 11.14550354 -0.00000000
v 74.00000000 11.09939232 0.95205442
v 74.00000000 10.96984431 1.89640033
v 74.00000000 10.75855608 2.82629330
v 74.00000000 10.46730361 3.73517951
v 74.00000000 10.09789122 4.61651259
v 74.00000000 9.65228920 5.46362001
v 74.00000000 9.13290380 6.26969557
v 74.00000000 8.54287802 7.02794775
v 74.00000000 7.88631260 7.73187414
v 74.00000000 7.16832580 8.37558198
v 74.00000000 6.39492809 8.95405323
v 74.00000000 5.57275177 9.46326745
v 74.00000000 4.70872401 9.90014320
v 74.00000000 3.80978695 10.26232135
v 74.00000000 2.88274641 10.54787020
v 74.00000000 1.93427953 10.75502074
v 74.00000000 0.97107100 10.88203180
v 76.00000000 0.00000000 10.92575911
v 76.00000000 -0.97172623 10.88786819
v 76.00000000 -1.93653671 10.76608174
v 76.00000000 -2.88662991 10.56061875
v 76.00000000 -3.81423274 10.27287563
v 76.00000000 -4.71190124 9.90545296
v 76.00000000 -5.57276740 9.46198494
v 76.00000000 -6.39065181 8.94682789
v 76.00000000 -7.16001061 8.36470915
v 76.00000000 -7.87574687 7.72044722
v 76.00000000 -8.53296837 7.01882436
v 76.00000000 -9.12679664 6.26463633
v 76.00000000 -9.65231627 5.46287955
v 76.00000000 -10.10470481 4.61898857
v 76.00000000 -10.47951833 3.73902095
v 76.00000000 -10.77304950 2.82970927
v 76.00000000 -10.98264546 1.89835069
v 76.00000000 -11.10688168 0.95256504
v 76.00000000 -11.14553479 0.00000000
v 76.00000000 -11.09936365 -0.95192026
v 76.00000000 -10.96977268 -1.89612563
v 76.00000000 -10.75847030 -2.82587981
v 76.00000000 -10.46723527 -3.73463844
v 76.00000000 -10.09786513 -4.61586207
v 76.00000000 -9.65231627 -5.46287955
v 76.00000000 -9.13297858 -6.26887961
v 76.00000000 -8.54298161 -7.02706079
v 76.00000000 -7.88641959 -7.73090949
v 76.00000000 -7.16841272 -8.37452495
v 76.00000000 -6.39498045 -8.95288793
v 76.00000000 -5.57276740 -9.46198494
v 76.00000000 -4.70871184 -9.89874815
v 76.00000000 -3.80976207 -10.26083478
v 76.00000000 -2.88272343 -10.54632703
v 76.00000000 -1.93426690 -10.75346280
v 76.00000000 -0.97106849 -10.88049840
v 76.00000000 -0.00000000 -10.92575911
v 76.00000000 0.97172623 -10.88786819
v 76.00000000 1.93653671 -10.76608174
v 76.00000000 2.88662991 -10.56061875
v 76.00000000 3.81423274 -10.27287563
v 76.00000000 4.71190124 -9.90545296
v 76.00000000 5.57276740 -9.46198494
v 76.00000000 6.39065181 -8.94682789
v 76.00000000 7.16001061 -8.36470915
v 76.00000000 7.87574687 -7.72044722
v 76.00000000 8.53296837 -7.01882436
v 76.00000000 9.12679664 -6.26463633
v 76.00000000 9.65231627 -5.46287955
v 76.00000000 10.10470481 -4.61898857
v 76.00000000 10.47951833 -3.73902095
v 76.00000000 10.77304950 -2.82970927
v 76.00000000 10.98264546 -1.89835069
v 76.00000000 11.10688168 -0.95256504
v 76.00000000 11.14553479 -0.00000000
v 76.00000000 11.09936365 0.95192026
v 76.00000000 10.96977268 1.89612563
v 76.00000000 10.75847030 2.82587981
v 76.00000000 10.46723527 3.73463844
v 76.00000000 10.09786513 4.61586207
v 76.00000000 9.65231627 5.46287955
v 76.00000000 9.13297858 6.26887961
v 76.00000000 8.54298161 7.02706079
v 76.00000000 7.88641959 7.73090949
v 76.00000000 7.16841272 8.37452495
v 76.00000000 6.39498045 8.95288793
v 76.00000000 5.57276740 9.46198494
v 76.00000000 4.70871184 9.89874815
v 76.00000000 3.80976207 10.26083478
v 76.00000000 2.88272343 10.54632703
v 76.00000000 1.93426690 10.75346280
v 76.00000000 0.97106849 10.88049840
v 78.00000000 0.00000000 10.92784671
v 78.00000000 -0.97163726 10.88986591
v 78.00000000 -1.93634865 10.76799734
v 78.00000000 -2.88634371 10.56247633
v 78.00000000 -3.81386232 10.27470347
v 78.00000000 -4.71146979 9.90727043
v 78.00000000 -5.57229941 9.46379286
v 78.00000000 -6.39016367 8.94860533
v 78.00000000 -7.15950353 8.36641748
v 78.00000000 -7.87520514 7.72203970
v 78.00000000 -8.53236405 7.02025782
v 78.00000000 -9.12609950 6.26588091
v 78.00000000 -9.65150570 5.46392335
v 78.00000000 -10.10377958 4.61983607
v 78.00000000 -10.47850059 3.73968623
v 78.00000000 -10.77198138 2.83020700
v 78.00000000 -10.98157887 1.89868846
v 78.00000000 -11.10586468 0.95273981
v 78.00000000 -11.14459883 0.00000000
v 78.00000000 -11.09851584 -0.95210938
v 78.00000000 -10.96899579 -1.89651288
v 78.00000000 -10.75773028 -2.82646270
v 78.00000000 -10.46649396 -3.73540117
v 78.00000000 -10.09709382 -4.61677909
v 78.00000000 -9.65150570 -5.46392335
v 78.00000000 -9.13214232 -6.27002984
v 78.00000000 -8.54215195 -7.02831111
v 78.00000000 -7.88563767 -7.73226933
v 78.00000000 -7.16771655 -8.37601501
v 78.00000000 -6.39439489 -8.95453062
v 78.00000000 -5.57229941 -9.46379286
v 78.00000000 -4.70835217 -9.90071471
v 78.00000000 -3.80949226 -10.26293036
v 78.00000000 -2.88252514 -10.54850240
v 78.00000000 -1.93412991 -10.75565899
v 78.00000000 -0.97099432 -10.88266000
v 78.00000000 -0.00000000 -10.92784671
v 78.00000000 0.97163726 -10.88986591
v 78.00000000 1.93634865 -10.76799734
v 78.00000000 2.88634371 -10.56247633
v 78.00000000 3.81386232 -10.27470347
v 78.00000000 4.71146979 -9.90727043
v 78.00000000 5.57229941 -9.46379286
v 78.00000000 6.39016367 -8.94860533
v 78.00000000 7.15950353 -8.36641748
v 78.00000000 7.87520514 -7.72203970
v 78.00000000 8.53236405 -7.02025782
v 78.00000000 9.12609950 -6.26588091
v 78.00000000 9.65150570 -5.46392335
v 78.00000000 10.10377958 -4.61983607
v 78.00000000 10.47850059 -3.73968623
v 78.00000000 10.77198138 -2.83020700
v 78.00000000 10.98157887 -1.89868846
v 78.00000000 11.10586468 -0.95273981
v 78.00000000 11.14459883 -0.00000000
v 78.00000000 11.09851584 0.95210938
v 78.00000000 10.96899579 1.89651288
v 78.00000000 10.75773028 2.82646270
v 78.00000000 10.46649396 3.73540117
v 78.00000000 10.09709382 4.61677909
v 78.00000000 9.65150570 5.46392335
v 78.00000000 9.13214232 6.27002984
v 78.00000000 8.54215195 7.02831111
v 78.00000000 7.88563767 7.73226933
v 78.00000000 7.16771655 8.37601501
v 78.00000000 6.39439489 8.95453062
v 78.00000000 5.57229941 9.46379286
v 78.00000000 4.70835217 9.90071471
v 78.00000000 3.80949226 10.26293036
v 78.00000000 2.88252514 10.54850240
v 78.00000000 1.93412991 10.75565899
v 78.00000000 0.97099432 10.88266000
v 80.00000000 0.00000000 10.92692887
v 80.00000000 -0.97231961 10.88898759
v 80.00000000 -1.93771321 10.76715513
v 80.00000000 -2.88838033 10.56165963
v 80.00000000 -3.81654999 10.27389985
v 80.00000000 -4.71477851 9.90647136
v 80.00000000 -5.57619406 9.46299799
v 80.00000000 -6.39460859 8.94782385
v 80.00000000 -7.16446608 8.36566639
v 80.00000000 -7.88065671 7.72133954
v 80.00000000 -8.53827819 7.01962758
v 80.00000000 -9.13244751 6.26533371
v 80.00000000 -9.65825142 5.46346443
v 80.00000000 -10.11087514 4.61946346
v 80.00000000 -10.48588491 3.73939373
v 80.00000000 -10.77958214 2.82998817
v 80.00000000 -10.98931771 1.89853996
v 80.00000000 -11.11366398 0.95266297
v 80.00000000 -11.15238811 0.00000000
v 80.00000000 -11.10623584 -0.95202623
v 80.00000000 -10.97659885 -1.89634262
v 80.00000000 -10.76517726 -2.82620642
v 80.00000000 -10.47374872 -3.73506582
v 80.00000000 -10.10411724 -4.61637591
v 80.00000000 -9.65825142 -5.46346443
v 80.00000000 -9.13855553 -6.26952413
v 80.00000000 -8.54817170 -7.02776140
v 80.00000000 -7.89120181 -7.73167146
v 80.00000000 -7.17276772 -8.37535989
v 80.00000000 -6.39888547 -8.95380839
v 80.00000000 -5.57619406 -9.46299799
v 80.00000000 -4.71162725 -9.89985008
v 80.00000000 -3.81213278 -10.26200901
v 80.00000000 -2.88452055 -10.54754596
v 80.00000000 -1.93547053 -10.75469340
v 80.00000000 -0.97166973 -10.88170962
v 80.00000000 -0.00000000 -10.92692887
v 80.00000000 0.97231961 -10.88898759
v 80.00000000 1.93771321 -10.76715513
v 80.00000000 2.88838033 -10.56165963
v 80.00000000 3.81654999 -10.27389985
v 80.00000000 4.71477851 -9.90647136
v 80.00000000 5.57619406 -9.46299799
v 80.00000000 6.39460859 -8.94782385
v 80.00000000 7.16446608 -8.36566639
v 80.00000000 7.88065671 -7.72133954
v 80.00000000 8.53827819 -7.01962758
v 80.00000000 9.13244751 -6.26533371
v 80.00000000 9.65825142 -5.46346443
v 80.00000000 10.11087514 -4.61946346
v 80.00000000 10.48588491 -3.73939373
v 80.00000000 10.77958214 -2.82998817
v 80.00000000 10.98931771 -1.89853996
v 80.00000000 11.11366398 -0.95266297
v 80.00000000 11.15238811 -0.00000000
v 80.00000000 11.10623584 0.95202623
v 80.00000000 10.97659885 1.89634262
v 80.00000000 10.76517726 2.82620642
v 80.00000000 10.47374872 3.73506582
v 80.00000000 10.10411724 4.61637591
v 80.00000000 9.65825142 5.46346443
v 80.00000000 9.13855553 6.26952413
v 80.00000000 8.54817170 7.02776140
v 80.00000000 7.89120181 7.73167146
v 80.00000000 7.17276772 8.37535989
v 80.00000000 6.39888547 8.95380839
v 80.00000000 5.57619406 9.46299799
v 80.00000000 4.71162725 9.89985008
v 80.00000000 3.81213278 10.26200901
v 80.00000000 2.88452055 10.54754596
v 80.00000000 1.93547053 10.75469340
v 80.00000000 0.97166973 10.88170962
v 82.00000000 0.00000000 10.92466323
v 82.00000000 -0.97198573 10.88681948
v 82.00000000 -1.93705949 10.76507614
v 82.00000000 -2.88741226 10.55964360
v 82.00000000 -3.81526242 10.27191610
v 82.00000000 -4.71315951 9.90449888
v 82.00000000 -5.57423335 9.46103588
v 82.00000000 -6.39230743 8.94589484
v 82.00000000 -7.16184464 8.36381239
v 82.00000000 -7.87775581 7.71961127
v 82.00000000 -8.53515408 7.01807189
v 82.00000000 -9.12916111 6.26398300
v 82.00000000 -9.65485537 5.46233161
v 82.00000000 -10.10740318 4.61854368
v 82.00000000 -10.48234734 3.73867171
v 82.00000000 -10.77596925 2.82944798
v 82.00000000 -10.98561030 1.89817337
v 82.00000000 -11.10984768 0.95247329
v 82.00000000 -11.14846669 0.00000000
v 82.00000000 -11.10223915 -0.95182099
v 82.00000000 -10.97258257 -1.89592235
v 82.00000000 -10.76121456 -2.82557383
v 82.00000000 -10.46991643 -3.73423806
v 82.00000000 -10.10048117 -4.61538069
v 82.00000000 -9.65485537 -5.46233161
v 82.00000000 -9.13541746 -6.26827580
v 82.00000000 -8.54528785 -7.02640443
v 82.00000000 -7.88855699 -7.73019563
v 82.00000000 -7.17034788 -8.37374273
v 82.00000000 -6.39668817 -8.95202559
v 82.00000000 -5.57423335 -9.46103588
v 82.00000000 -4.70993172 -9.89771583
v 82.00000000 -3.81073794 -10.25973474
v 82.00000000 -2.88345875 -10.54518511
v 82.00000000 -1.93476236 -10.75230995
v 82.00000000 -0.97132007 -10.87936369
v 82.00000000 -0.00000000 -10.92466323
v 82.00000000 0.97198573 -10.88681948
v 82.00000000 1.93705949 -10.76507614
v 82.00000000 2.88741226 -10.55964360
v 82.00000000 3.81526242 -10.27191610
v 82.00000000 4.71315951 -9.90449888
v 82.00000000 5.57423335 -9.46103588
v 82.00000000 6.39230743 -8.94589484
v 82.00000000 7.16184464 -8.36381239
v 82.00000000 7.87775581 -7.71961127
v 82.00000000 8.53515408 -7.01807189
v 82.00000000 9.12916111 -6.26398300
v 82.00000000 9.65485537 -5.46233161
v 82.00000000 10.10740318 -4.61854368
v 82.00000000 10.48234734 -3.73867171
v 82.00000000 10.77596925 -2.82944798
v 82.00000000 10.98561030 -1.89817337
v 82.00000000 11.10984768 -0.95247329
v 82.00000000 11.14846669 -0.00000000
v 82.00000000 11.10223915 0.95182099
v 82.00000000 10.97258257 1.89592235
v 82.00000000 10.76121456 2.82557383
v 82.00000000 10.46991643 3.73423806
v 82.00000000 10.10048117 4.61538069
v 82.00000000 9.65485537 5.46233161
v 82.00000000 9.13541746 6.26827580
v 82.00000000 8.54528785 7.02640443
v 82.00000000 7.88855699 7.73019563
v 82.00000000 7.17034788 8.37374273
v 82.00000000 6.39668817 8.95202559
v 82.00000000 5.57423335 9.46103588
v 82.00000000 4.70993172 9.89771583
v 82.00000000 3.81073794 10.25973474
v 82.00000000 2.88345875 10.54518511
v 82.00000000 1.93476236 10.75230995
v 82.00000000 0.97132007 10.87936369
v 84.00000000 0.00000000 10.92083292
v 84.00000000 -0.97198103 10.88315397
v 84.00000000 -1.93706988 10.76156125
v 84.00000000 -2.88743850 10.55623513
v 84.00000000 -3.81528287 10.26856223
v 84.00000000 -4.71313676 9.90116411
v 84.00000000 -5.57412883 9.45771874
v 84.00000000 -6.39209851 8.94263371
v 84.00000000 -7.16153748 8.36067812
v 84.00000000 -7.87738851 7.71668958
v 84.00000000 -8.53478802 7.01544193
v 84.00000000 -9.12886275 6.26169954
v 84.00000000 -9.65467435 5.46041646
v 84.00000000 -10.10735440 4.61698865
v 84.00000000 -10.48240353 3.73745100
v 84.00000000 -10.77606718 2.82853468
v 84.00000000 -10.98566918 1.89755360
v 84.00000000 -11.10979406 0.95215260
v 84.00000000 -11.14825767 0.00000000
v 84.00000000 -11.10187630 -0.95147401
v 84.00000000 -10.97211198 -1.89521187
v 84.00000000 -10.76071282 -2.82450442
v 84.00000000 -10.46946740 -3.73283868
v 84.00000000 -10.10015107 -4.61369820
v 84.00000000 -9.65467435 -5.46041646
v 84.00000000 -9.13537337 -6.26616532
v 84.00000000 -8.54533365 -7.02411025
v 84.00000000 -7.88862868 -7.72770045
v 84.00000000 -7.17038632 -8.37100862
v 84.00000000 -6.39665730 -8.94901152
v 84.00000000 -5.57412883 -9.45771874
v 84.00000000 -4.70977779 -9.89410772
v 84.00000000 -3.81057450 -10.25588999
v 84.00000000 -2.88332431 -10.54119400
v 84.00000000 -1.93467938 -10.74828061
v 84.00000000 -0.97128832 -10.87539774
v 84.00000000 -0.00000000 -10.92083292
v 84.00000000 0.97198103 -10.88315397
v 84.00000000 1.93706988 -10.76156125
v 84.00000000 2.88743850 -10.55623513
v 84.00000000 3.81528287 -10.26856223
v 84.00000000 4.71313676 -9.90116411
v 84.00000000 5.57412883 -9.45771874
v 84.00000000 6.39209851 -8.94263371
v 84.00000000 7.16153748 -8.36067812
v 84.00000000 7.87738851 -7.71668958
v 84.00000000 8.53478802 -7.01544193
v 84.00000000 9.12886275 -6.26169954
v 84.00000000 9.65467435 -5.46041646
v 84.00000000 10.10735440 -4.61698865
v 84.00000000 10.48240353 -3.73745100
v 84.00000000 10.77606718 -2.82853468
v 84.00000000 10.98566918 -1.89755360
v 84.00000000 11.10979406 -0.95215260
v 84.00000000 11.14825767 -0.00000000
v 84.00000000 11.10187630 0.95147401
v 84.00000000 10.97211198 1.89521187
v 84.00000000 10.76071282 2.82450442
v 84.00000000 10.46946740 3.73283868
v 84.00000000 10.10015107 4.61369820
v 84.00000000 9.65467435 5.46041646
v 84.00000000 9.13537337 6.26616532
v 84.00000000 8.54533365 7.02411025
v 84.00000000 7.88862868 7.72770045
v 84.00000000 7.17038632 8.37100862
v 84.00000000 6.39665730 8.94901152
v 84.00000000 5.57412883 9.45771874
v 84.00000000 4.70977779 9.89410772
v 84.00000000 3.81057450 10.25588999
v 84.00000000 2.88332431 10.54119400
v 84.00000000 1.93467938 10.74828061
v 84.00000000 0.97128832 10.87539774
v 86.00000000 0.00000000 10.92253191
v 86.00000000 -0.97242529 10.88477987
v 86.00000000 -1.93794649 10.76312035
v 86.00000000 -2.88874041 10.55774703
v 86.00000000 -3.81700945 10.27004990
v 86.00000000 -4.71529097 9.90264331
v 86.00000000 -5.57671101 9.45919010
v 86.00000000 -6.39509912 8.94408022
v 86.00000000 -7.16493172 8.36206835
v 86.00000000 -7.88113510 7.71798552
v 86.00000000 -8.53883312 7.01660847
v 86.00000000 -9.13314807 6.26271239
v 86.00000000 -9.65914680 5.46126595
v 86.00000000 -10.11197411 4.61767841
v 86.00000000 -10.48714727 3.73799247
v 86.00000000 -10.78092599 2.82893979
v 86.00000000 -10.99064067 1.89782851
v 86.00000000 -11.11487194 0.95229484
v 86.00000000 -11.15342201 0.00000000
v 86.00000000 -11.10708781 -0.95162792
v 86.00000000 -10.97731227 -1.89552701
v 86.00000000 -10.76583075 -2.82497877
v 86.00000000 -10.47442945 -3.73345939
v 86.00000000 -10.10489234 -4.61444449
v 86.00000000 -9.65914680 -5.46126595
v 86.00000000 -9.13954882 -6.26710146
v 86.00000000 -8.54920078 -7.02512788
v 86.00000000 -7.89218558 -7.72880724
v 86.00000000 -7.17363122 -8.37222139
v 86.00000000 -6.39958098 -8.95034846
v 86.00000000 -5.57671101 -9.45919010
v 86.00000000 -4.71198868 -9.89570814
v 86.00000000 -3.81238054 -10.25759536
v 86.00000000 -2.88469566 -10.54296428
v 86.00000000 -1.93559633 -10.75006786
v 86.00000000 -0.97174427 -10.87715688
v 86.00000000 -0.00000000 -10.92253191
v 86.00000000 0.97242529 -10.88477987
v 86.00000000 1.93794649 -10.76312035
v 86.00000000 2.88874041 -10.55774703
v 86.00000000 3.81700945 -10.27004990
v 86.00000000 4.71529097 -9.90264331
v 86.00000000 5.57671101 -9.45919010
v 86.00000000 6.39509912 -8.94408022
v 86.00000000 7.16493172 -8.36206835
v 86.00000000 7.88113510 -7.71798552
v 86.00000000 8.53883312 -7.01660847
v 86.00000000 9.13314807 -6.26271239
v 86.00000000 9.65914680 -5.46126595
v 86.00000000 10.11197411 -4.61767841
v 86.00000000 10.48714727 -3.73799247
v 86.00000000 10.78092599 -2.82893979
v 86.00000000 10.99064067 -1.89782851
v 86.00000000 11.11487194 -0.95229484
v 86.00000000 11.15342201 -0.00000000
v 86.00000000 11.10708781 0.95162792
v 86.00000000 10.97731227 1.89552701
v 86.00000000 10.76583075 2.82497877
v 86.00000000 10.47442945 3.73345939
v 86.00000000 10.10489234 4.61444449
v 86.00000000 9.65914680 5.46126595
v 86.00000000 9.13954882 6.26710146
v 86.00000000 8.54920078 7.02512788
v 86.00000000 7.89218558 7.72880724
v 86.00000000 7.17363122 8.37222139
v 86.00000000 6.39958098 8.95034846
v 86.00000000 5.57671101 9.45919010
v 86.00000000 4.71198868 9.89570814
v 86.00000000 3.81238054 10.25759536
v 86.00000000 2.88469566 10.54296428
v 86.00000000 1.93559633 10.75006786
v 86.00000000 0.97174427 10.87715688
v 88.00000000 0.00000000 10.92503365
v 88.00000000 -0.97277251 10.88717396
v 88.00000000 -1.93862556 10.76541605
v 88.00000000 -2.88974562 10.55997322
v 88.00000000 -3.81834696 10.27224044
v 88.00000000 -4.71697463 9.90482138
v 88.00000000 -5.57875299 9.46135668
v 88.00000000 -6.39749899 8.94621022
v 88.00000000 -7.16766826 8.36411551
v 88.00000000 -7.88416442 7.71989384
v 88.00000000 -8.54209440 7.01832624
v 88.00000000 -9.13657543 6.26420384
v 88.00000000 -9.66268362 5.46251683
v 88.00000000 -10.11558474 4.61869406
v 88.00000000 -10.49082206 3.73878976
v 88.00000000 -10.78467747 2.82953630
v 88.00000000 -10.99449190 1.89823331
v 88.00000000 -11.11884067 0.95250430
v 88.00000000 -11.15750598 0.00000000
v 88.00000000 -11.11125592 -0.95185455
v 88.00000000 -10.98150488 -1.89599106
v 88.00000000 -10.76996889 -2.82567726
v 88.00000000 -10.47843000 -3.73437339
v 88.00000000 -10.10868436 -4.61554340
v 88.00000000 -9.66268362 -5.46251683
v 88.00000000 -9.14281223 -6.26847990
v 88.00000000 -8.55219650 -7.02662629
v 88.00000000 -7.89493185 -7.73043692
v 88.00000000 -7.17614493 -8.37400713
v 88.00000000 -6.40186604 -8.95231708
v 88.00000000 -5.57875299 -9.46135668
v 88.00000000 -4.71375693 -9.89806477
v 88.00000000 -3.81383662 -10.26010657
v 88.00000000 -2.88580447 -10.54557109
v 88.00000000 -1.93633560 -10.75269963
v 88.00000000 -0.97210893 -10.87974724
v 88.00000000 -0.00000000 -10.92503365
v 88.00000000 0.97277251 -10.88717396
v 88.00000000 1.93862556 -10.76541605
v 88.00000000 2.88974562 -10.55997322
v 88.00000000 3.81834696 -10.27224044
v 88.00000000 4.71697463 -9.90482138
v 88.00000000 5.57875299 -9.46135668
v 88.00000000 6.39749899 -8.94621022
v 88.00000000 7.16766826 -8.36411551
v 88.00000000 7.88416442 -7.71989384
v 88.00000000 8.54209440 -7.01832624
v 88.00000000 9.13657543 -6.26420384
v 88.00000000 9.66268362 -5.46251683
v 88.00000000 10.11558474 -4.61869406
v 88.00000000 10.49082206 -3.73878976
v 88.00000000 10.78467747 -2.82953630
v 88.00000000 10.99449190 -1.89823331
v 88.00000000 11.11884067 -0.95250430
v 88.00000000 11.15750598 -0.00000000
v 88.00000000 11.11125592 0.95185455
v 88.00000000 10.98150488 1.89599106
v 88.00000000 10.76996889 2.82567726
v 88.00000000 10.47843000 3.73437339
v 88.00000000 10.10868436 4.61554340
v 88.00000000 9.66268362 5.46251683
v 88.00000000 9.14281223 6.26847990
v 88.00000000 8.55219650 7.02662629
v 88.00000000 7.89493185 7.73043692
v 88.00000000 7.17614493 8.37400713
v 88.00000000 6.40186604 8.95231708
v 88.00000000 5.57875299 9.46135668
v 88.00000000 4.71375693 9.89806477
v 88.00000000 3.81383662 10.26010657
v 88.00000000 2.88580447 10.54557109
v 88.00000000 1.93633560 10.75269963
v 88.00000000 0.97210893 10.87974724
v 90.00000000 0.00000000 10.92368819
v 90.00000000 -0.97291454 10.88588641
v 90.00000000 -1.93891554 10.76418141
v 90.00000000 -2.89018165 10.55877597
v 90.00000000 -3.81891811 10.27106236
v 90.00000000 -4.71766331 9.90365000
v 90.00000000 -5.57954020 9.46019148
v 90.00000000 -6.39837042 8.94506468
v 90.00000000 -7.16861890 8.36301452
v 90.00000000 -7.88519973 7.71886752
v 90.00000000 -8.54322732 7.01740240
v 90.00000000 -9.13781996 6.26340172
v 90.00000000 -9.66404711 5.46184410
v 90.00000000 -10.11706162 4.61814784
v 90.00000000 -10.49239127 3.73836097
v 90.00000000 -10.78630476 2.82921549
v 90.00000000 -10.99613644 1.89801561
v 90.00000000 -11.12046403 0.95239165
v 90.00000000 -11.15908040 0.00000000
v 90.00000000 -11.11276943 -0.95173266
v 90.00000000 -10.98296134 -1.89574149
v 90.00000000 -10.77138315 -2.82530160
v 90.00000000 -10.47981974 -3.73388183
v 90.00000000 -10.11006130 -4.61495239
v 90.00000000 -9.66404711 -5.46184410
v 90.00000000 -9.14414708 -6.26773857
v 90.00000000 -8.55347573 -7.02582044
v 90.00000000 -7.89612311 -7.72956047
v 90.00000000 -7.17721833 -8.37304675
v 90.00000000 -6.40280072 -8.95125834
v 90.00000000 -5.57954020 -9.46019148
v 90.00000000 -4.71439901 -9.89679735
v 90.00000000 -3.81434244 -10.25875601
v 90.00000000 -2.88618342 -10.54416912
v 90.00000000 -1.93659241 -10.75128423
v 90.00000000 -0.97224135 -10.87835412
v 90.00000000 -0.00000000 -10.92368819
v 90.00000000 0.97291454 -10.88588641
v 90.00000000 1.93891554 -10.76418141
v 90.00000000 2.89018165 -10.55877597
v 90.00000000 3.81891811 -10.27106236
v 90.00000000 4.71766331 -9.90365000
v 90.00000000 5.57954020 -9.46019148
v 90.00000000 6.39837042 -8.94506468
v 90.00000000 7.16861890 -8.36301452
v 90.00000000 7.88519973 -7.71886752
v 90.00000000 8.54322732 -7.01740240
v 90.00000000 9.13781996 -6.26340172
v 90.00000000 9.66404711 -5.46184410
v 90.00000000 10.11706162 -4.61814784
v 90.00000000 10.49239127 -3.73836097
v 90.00000000 10.78630476 -2.82921549
v 90.00000000 10.99613644 -1.89801561
v 90.00000000 11.12046403 -0.95239165
v 90.00000000 11.15908040 -0.00000000
v 90.00000000 11.11276943 0.95173266
v 90.00000000 10.98296134 1.89574149
v 90.00000000 10.77138315 2.82530160
v 90.00000000 10.47981974 3.73388183
v 90.00000000 10.11006130 4.61495239
v 90.00000000 9.66404711 5.46184410
v 90.00000000 9.14414708 6.26773857
v 90.00000000 8.55347573 7.02582044
v 90.00000000 7.89612311 7.72956047
v 90.00000000 7.17721833 8.37304675
v 90.00000000 6.40280072 8.95125834
v 90.00000000 5.57954020 9.46019148
v 90.00000000 4.71439901 9.89679735
v 90.00000000 3.81434244 10.25875601
v 90.00000000 2.88618342 10.54416912
v 90.00000000 1.93659241 10.75128423
v 90.00000000 0.97224135 10.87835412
v 92.00000000 0.00000000 10.92158295
v 92.00000000 -0.97274902 10.88387174
v 92.00000000 -1.93859653 10.76224953
v 92.00000000 -2.88971205 10.55690257
v 92.00000000 -3.81828978 10.26921897
v 92.00000000 -4.71686070 9.90181711
v 92.00000000 -5.57854827 9.45836828
v 92.00000000 -6.39718392 8.94327228
v 92.00000000 -7.16724937 8.36129184
v 92.00000000 -7.88367711 7.71726167
v 92.00000000 -8.54159518 7.01595690
v 92.00000000 -9.13612547 6.26214666
v 92.00000000 -9.66232903 5.46079147
v 92.00000000 -10.11534042 4.61729315
v 92.00000000 -10.49066495 3.73769004
v 92.00000000 -10.78455217 2.82871352
v 92.00000000 -10.99432724 1.89767496
v 92.00000000 -11.11857212 0.95221539
v 92.00000000 -11.15709654 0.00000000
v 92.00000000 -11.11070871 -0.95154196
v 92.00000000 -10.98086310 -1.89535099
v 92.00000000 -10.76930321 -2.82471382
v 92.00000000 -10.47781762 -3.73311269
v 92.00000000 -10.10818653 -4.61402765
v 92.00000000 -9.66232903 -5.46079147
v 92.00000000 -9.14259140 -6.26657859
v 92.00000000 -8.55206842 -7.02455949
v 92.00000000 -7.89484013 -7.72818905
v 92.00000000 -7.17603746 -8.37154401
v 92.00000000 -6.40171142 -8.94960172
v 92.00000000 -5.57854827 -9.45836828
v 92.00000000 -4.71352479 -9.89481423
v 92.00000000 -3.81361373 -10.25664283
v 92.00000000 -2.88562610 -10.54197549
v 92.00000000 -1.93622244 -10.74906960
v 92.00000000 -0.97206106 -10.87617432
v 92.00000000 -0.00000000 -10.92158295
v 92.00000000 0.97274902 -10.88387174
v 92.00000000 1.93859653 -10.76224953
v 92.00000000 2.88971205 -10.55690257
v 92.00000000 3.81828978 -10.26921897
v 92.00000000 4.71686070 -9.90181711
v 92.00000000 5.57854827 -9.45836828
v 92.00000000 6.39718392 -8.94327228
v 92.00000000 7.16724937 -8.36129184
v 92.00000000 7.88367711 -7.71726167
v 92.00000000 8.54159518 -7.01595690
v 92.00000000 9.13612547 -6.26214666
v 92.00000000 9.66232903 -5.46079147
v 92.00000000 10.11534042 -4.61729315
v 92.00000000 10.49066495 -3.73769004
v 92.00000000 10.78455217 -2.82871352
v 92.00000000 10.99432724 -1.89767496
v 92.00000000 11.11857212 -0.95221539
v 92.00000000 11.15709654 -0.00000000
v 92.00000000 11.11070871 0.95154196
v 92.00000000 10.98086310 1.89535099
v 92.00000000 10.76930321 2.82471382
v 92.00000000 10.47781762 3.73311269
v 92.00000000 10.10818653 4.61402765
v 92.00000000 9.66232903 5.46079147
v 92.00000000 9.14259140 6.26657859
v 92.00000000 8.55206842 7.02455949
v 92.00000000 7.89484013 7.72818905
v 92.00000000 7.17603746 8.37154401
v 92.00000000 6.40171142 8.94960172
v 92.00000000 5.57854827 9.45836828
v 92.00000000 4.71352479 9.89481423
v 92.00000000 3.81361373 10.25664283
v 92.00000000 2.88562610 10.54197549
v 92.00000000 1.93622244 10.74906960
v 92.00000000 0.97206106 10.87617432
v 94.00000000 0.00000000 10.91880878
v 94.00000000 -0.97283122 10.88121688
v 94.00000000 -1.93877466 10.75970372
v 94.00000000 -2.88998537 10.55443383
v 94.00000000 -3.81864063 10.26678979
v 94.00000000 -4.71725931 9.89940180
v 94.00000000 -5.57896344 9.45596579
v 94.00000000 -6.39759545 8.94091039
v 94.00000000 -7.16765745 8.35902187
v 94.00000000 -7.88410465 7.71514566
v 94.00000000 -8.54208152 7.01405217
v 94.00000000 -9.13671320 6.26049285
v 94.00000000 -9.66304812 5.45940439
v 94.00000000 -10.11619524 4.61616687
v 94.00000000 -10.49162889 3.73680589
v 94.00000000 -10.78557223 2.82805202
v 94.00000000 -10.99533746 1.89722607
v 94.00000000 -11.11951172 0.95198312
v 94.00000000 -11.15792687 0.00000000
v 94.00000000 -11.11142346 -0.95129066
v 94.00000000 -10.98148832 -1.89483643
v 94.00000000 -10.76988723 -2.82393931
v 94.00000000 -10.47841420 -3.73209920
v 94.00000000 -10.10883679 -4.61280910
v 94.00000000 -9.66304812 -5.45940439
v 94.00000000 -9.14336402 -6.26505001
v 94.00000000 -8.55285424 -7.02289783
v 94.00000000 -7.89558686 -7.72638181
v 94.00000000 -7.17669683 -8.36956372
v 94.00000000 -6.40225241 -8.94741868
v 94.00000000 -5.57896344 -9.45596579
v 94.00000000 -4.71382801 -9.89220105
v 94.00000000 -3.81383087 -10.25385829
v 94.00000000 -2.88578259 -10.53908496
v 94.00000000 -1.93633268 -10.74615137
v 94.00000000 -0.97212359 -10.87330196
v 94.00000000 -0.00000000 -10.91880878
v 94.00000000 0.97283122 -10.88121688
v 94.00000000 1.93877466 -10.75970372
v 94.00000000 2.88998537 -10.55443383
v 94.00000000 3.81864063 -10.26678979
v 94.00000000 4.71725931 -9.89940180
v 94.00000000 5.57896344 -9.45596579
v 94.00000000 6.39759545 -8.94091039
v 94.00000000 7.16765745 -8.35902187
v 94.00000000 7.88410465 -7.71514566
v 94.00000000 8.54208152 -7.01405217
v 94.00000000 9.13671320 -6.26049285
v 94.00000000 9.66304812 -5.45940439
v 94.00000000 10.11619524 -4.61616687
v 94.00000000 10.49162889 -3.73680589
v 94.00000000 10.78557223 -2.82805202
v 94.00000000 10.99533746 -1.89722607
v 94.00000000 11.11951172 -0.95198312
v 94.00000000 11.15792687 -0.00000000
v 94.00000000 11.11142346 0.95129066
v 94.00000000 10.98148832 1.89483643
v 94.00000000 10.76988723 2.82393931
v 94.00000000 10.47841420 3.73209920
v 94.00000000 10.10883679 4.61280910
v 94.00000000 9.66304812 5.45940439
v 94.00000000 9.14336402 6.26505001
v 94.00000000 8.55285424 7.02289783
v 94.00000000 7.89558686 7.72638181
v 94.00000000 7.17669683 8.36956372
v 94.00000000 6.40225241 8.94741868
v 94.00000000 5.57896344 9.45596579
v 94.00000000 4.71382801 9.89220105
v 94.00000000 3.81383087 10.25385829
v 94.00000000 2.88578259 10.53908496
v 94.00000000 1.93633268 10.74615137
v 94.00000000 0.97212359 10.87330196
v 96.00000000 0.00000000 10.91972876
v 96.00000000 -0.97303306 10.88209729
v 96.00000000 -1.93917216 10.76054797
v 96.00000000 -2.89057530 10.55525253
v 96.00000000 -3.81942355 10.26759537
v 96.00000000 -4.71823802 9.90020278
v 96.00000000 -5.58013958 9.45676250
v 96.00000000 -6.39896560 8.94169364
v 96.00000000 -7.16921009 8.35977463
v 96.00000000 -7.88581956 7.71584737
v 96.00000000 -8.54393188 7.01468381
v 96.00000000 -9.13866997 6.26104129
v 96.00000000 -9.66508527 5.45986438
v 96.00000000 -10.11829408 4.61654037
v 96.00000000 -10.49377995 3.73709909
v 96.00000000 -10.78777390 2.82827139
v 96.00000000 -10.99759179 1.89737493
v 96.00000000 -11.12181872 0.95206015
v 96.00000000 -11.16027917 0.00000000
v 96.00000000 -11.11380315 -0.95137399
v 96.00000000 -10.98386710 -1.89500706
v 96.00000000 -10.77222985 -2.82419615
v 96.00000000 -10.48068400 -3.73243530
v 96.00000000 -10.11100175 -4.61321320
v 96.00000000 -9.66508527 -5.45986438
v 96.00000000 -9.14526102 -6.26555692
v 96.00000000 -8.55460780 -7.02344888
v 96.00000000 -7.89719860 -7.72698114
v 96.00000000 -7.17816825 -8.37022044
v 96.00000000 -6.40358071 -8.94814263
v 96.00000000 -5.58013958 -9.45676250
v 96.00000000 -4.71483755 -9.89306763
v 96.00000000 -3.81465701 -10.25478170
v 96.00000000 -2.88641029 -10.54004351
v 96.00000000 -1.93675212 -10.74711911
v 96.00000000 -0.97233178 -10.87425449
v 96.00000000 -0.00000000 -10.91972876
v 96.00000000 0.97303306 -10.88209729
v 96.00000000 1.93917216 -10.76054797
v 96.00000000 2.89057530 -10.55525253
v 96.00000000 3.81942355 -10.26759537
v 96.00000000 4.71823802 -9.90020278
v 96.00000000 5.58013958 -9.45676250
v 96.00000000 6.39896560 -8.94169364
v 96.00000000 7.16921009 -8.35977463
v 96.00000000 7.88581956 -7.71584737
v 96.00000000 8.54393188 -7.01468381
v 96.00000000 9.13866997 -6.26104129
v 96.00000000 9.66508527 -5.45986438
v 96.00000000 10.11829408 -4.61654037
v 96.00000000 10.49377995 -3.73709909
v 96.00000000 10.78777390 -2.82827139
v 96.00000000 10.99759179 -1.89737493
v 96.00000000 11.12181872 -0.95206015
v 96.00000000 11.16027917 -0.00000000
v 96.00000000 11.11380315 0.95137399
v 96.00000000 10.98386710 1.89500706
v 96.00000000 10.77222985 2.82419615
v 96.00000000 10.48068400 3.73243530
v 96.00000000 10.11100175 4.61321320
v 96.00000000 9.66508527 5.45986438
v 96.00000000 9.14526102 6.26555692
v 96.00000000 8.55460780 7.02344888
v 96.00000000 7.89719860 7.72698114
v 96.00000000 7.17816825 8.37022044
v 96.00000000 6.40358071 8.94814263
v 96.00000000 5.58013958 9.45676250
v 96.00000000 4.71483755 9.89306763
v 96.00000000 3.81465701 10.25478170
v 96.00000000 2.88641029 10.54004351
v 96.00000000 1.93675212 10.74711911
v 96.00000000 0.97233178 10.87425449
v 98.00000000 0.00000000 10.92072833
v 98.00000000 -0.97286912 10.88305388
v 98.00000000 -1.93884029 10.76146527
v 98.00000000 -2.89007781 10.55614206
v 98.00000000 -3.81876990 10.26847065
v 98.00000000 -4.71744308 9.90107305
v 98.00000000 -5.57921971 9.45762817
v 98.00000000 -6.39793401 8.94254467
v 98.00000000 -7.16807342 8.36059254
v 98.00000000 -7.88457696 7.71660980
v 98.00000000 -8.54257725 7.01537012
v 98.00000000 -9.13719670 6.26163719
v 98.00000000 -9.66349200 5.46036417
v 98.00000000 -10.11658934 4.61694619
v 98.00000000 -10.49198406 3.73741767
v 98.00000000 -10.78591721 2.82850974
v 98.00000000 -10.99570968 1.89753668
v 98.00000000 -11.11994491 0.95214384
v 98.00000000 -11.15843942 0.00000000
v 98.00000000 -11.11201147 -0.95146454
v 98.00000000 -10.98212562 -1.89519247
v 98.00000000 -10.77053242 -2.82447522
v 98.00000000 -10.47902230 -3.73280047
v 98.00000000 -10.10937173 -4.61365226
v 98.00000000 -9.66349200 -5.46036417
v 98.00000000 -9.14372022 -6.26610770
v 98.00000000 -8.55314377 -7.02404760
v 98.00000000 -7.89583940 -7.72763232
v 98.00000000 -7.17693978 -8.37093397
v 98.00000000 -6.40250183 -8.94892922
v 98.00000000 -5.57921971 -9.45762817
v 98.00000000 -4.71407746 -9.89400921
v 98.00000000 -3.81405220 -10.25578501
v 98.00000000 -2.88595547 -10.54108502
v 98.00000000 -1.93644505 -10.74817059
v 98.00000000 -0.97217503 -10.87528945
v 98.00000000 -0.00000000 -10.92072833
v 98.00000000 0.97286912 -10.88305388
v 98.00000000 1.93884029 -10.76146527
v 98.00000000 2.89007781 -10.55614206
v 98.00000000 3.81876990 -10.26847065
v 98.00000000 4.71744308 -9.90107305
v 98.00000000 5.57921971 -9.45762817
v 98.00000000 6.39793401 -8.94254467
v 98.00000000 7.16807342 -8.36059254
v 98.00000000 7.88457696 -7.71660980
v 98.00000000 8.54257725 -7.01537012
v 98.00000000 9.13719670 -6.26163719
v 98.00000000 9.66349200 -5.46036417
v 98.00000000 10.11658934 -4.61694619
v 98.00000000 10.49198406 -3.73741767
v 98.00000000 10.78591721 -2.82850974
v 98.00000000 10.99570968 -1.89753668
v 98.00000000 11.11994491 -0.95214384
v 98.00000000 11.15843942 -0.00000000
v 98.00000000 11.11201147 0.95146454
v 98.00000000 10.98212562 1.89519247
v 98.00000000 10.77053242 2.82447522
v 98.00000000 10.47902230 3.73280047
v 98.00000000 10.10937173 4.61365226
v 98.00000000 9.66349200 5.46036417
v 98.00000000 9.14372022 6.26610770
v 98.00000000 8.55314377 7.02404760
v 98.00000000 7.89583940 7.72763232
v 98.00000000 7.17693978 8.37093397
v 98.00000000 6.40250183 8.94892922
v 98.00000000 5.57921971 9.45762817
v 98.00000000 4.71407746 9.89400921
v 98.00000000 3.81405220 10.25578501
v 98.00000000 2.88595547 10.54108502
v 98.00000000 1.93644505 10.74817059
v 98.00000000 0.97217503 10.87528945
v 100.00000000 0.00000000 10.92641239
v 100.00000000 -0.97350117 10.88849335
v 100.00000000 -1.94007058 10.76668121
v 100.00000000 -2.89189571 10.56120006
v 100.00000000 -3.82119311 10.27344763
v 100.00000000 -4.72050790 9.90602171
v 100.00000000 -5.58295976 9.46255070
v 100.00000000 -6.40235527 8.94738411
v 100.00000000 -7.17313552 8.36524374
v 100.00000000 -7.89018881 7.72094556
v 100.00000000 -8.54861002 7.01927294
v 100.00000000 -9.14351091 6.26502580
v 100.00000000 -9.66996997 5.46320619
v 100.00000000 -10.12316187 4.61925379
v 100.00000000 -10.49864177 3.73922914
v 100.00000000 -10.79270174 2.82986503
v 100.00000000 -11.00268703 1.89845639
v 100.00000000 -11.12716930 0.95261973
v 100.00000000 -11.16591953 0.00000000
v 100.00000000 -11.11969036 -0.95197944
v 100.00000000 -10.98988120 -1.89624681
v 100.00000000 -10.77819835 -2.82606221
v 100.00000000 -10.48642259 -3.73487712
v 100.00000000 -10.11635776 -4.61614903
v 100.00000000 -9.66996997 -5.46320619
v 100.00000000 -9.14966070 -6.26923956
v 100.00000000 -8.55857119 -7.02745206
v 100.00000000 -7.90080602 -7.73133503
v 100.00000000 -7.18149393 -8.37499124
v 100.00000000 -6.40666139 -8.95340198
v 100.00000000 -5.58295976 -9.46255070
v 100.00000000 -4.71733510 -9.89936355
v 100.00000000 -3.81674569 -10.26149055
v 100.00000000 -2.88800954 -10.54700777
v 100.00000000 -1.93781257 -10.75415006
v 100.00000000 -0.97284685 -10.88117483
v 100.00000000 -0.00000000 -10.92641239
v 100.00000000 0.97350117 -10.88849335
v 100.00000000 1.94007058 -10.76668121
v 100.00000000 2.89189571 -10.56120006
v 100.00000000 3.82119311 -10.27344763
v 100.00000000 4.72050790 -9.90602171
v 100.00000000 5.58295976 -9.46255070
v 100.00000000 6.40235527 -8.94738411
v 100.00000000 7.17313552 -8.36524374
v 100.00000000 7.89018881 -7.72094556
v 100.00000000 8.54861002 -7.01927294
v 100.00000000 9.14351091 -6.26502580
v 100.00000000 9.66996997 -5.46320619
v 100.00000000 10.12316187 -4.61925379
v 100.00000000 10.49864177 -3.73922914
v 100.00000000 10.79270174 -2.82986503
v 100.00000000 11.00268703 -1.89845639
v 100.00000000 11.12716930 -0.95261973
v 100.00000000 11.16591953 -0.00000000
v 100.00000000 11.11969036 0.95197944
v 100.00000000 10.98988120 1.89624681
v 100.00000000 10.77819835 2.82606221
v 100.00000000 10.48642259 3.73487712
v 100.00000000 10.11635776 4.61614903
v 100.00000000 9.66996997 5.46320619
v 100.00000000 9.14966070 6.26923956
v 100.00000000 8.55857119 7.02745206
v 100.00000000 7.90080602 7.73133503
v 100.00000000 7.18149393 8.37499124
v 100.00000000 6.40666139 8.95340198
v 100.00000000 5.58295976 9.46255070
v 100.00000000 4.71733510 9.89936355
v 100.00000000 3.81674569 10.26149055
v 100.00000000 2.88800954 10.54700777
v 100.00000000 1.93781257 10.75415006
v 100.00000000 0.97284685 10.88117483
v 100.09578431 0.00000000 10.97579467
v 100.09543462 -0.97497038 10.93572419
v 100.09435447 -1.94274114 10.81195121
v 100.09254924 -2.89573610 10.60509195
v 100.09003199 -3.82645308 10.31664376
v 100.08682353 -4.72763208 9.94899090
v 100.08295164 -5.59239795 9.50531701
v 100.07844974 -6.41434043 8.98945027
v 100.07335533 -7.18751699 8.40568797
v 100.06770873 -7.90639189 7.75865155
v 100.06155243 -8.56574919 7.05320968
v 100.05493110 -9.16062750 6.29448084
v 100.04789215 -9.68631738 5.48789733
v 100.04048648 -10.13843972 4.63929065
v 100.03276896 -10.51309343 3.75495125
v 100.02479849 -10.80703425 2.84162582
v 100.01663724 -11.01783252 1.90643871
v 100.00834945 -11.14396239 0.95675189
v 100.00000000 -11.18479589 0.00000000
v 99.99165314 -11.14050634 -0.95645518
v 99.98337170 -11.01191490 -1.90541477
v 99.97521689 -10.80033218 -2.83986357
v 99.96724864 -10.50744690 -3.75293448
v 99.95952608 -10.13529551 -4.63785188
v 99.95210785 -9.68631738 -5.48789733
v 99.94505186 -9.16346934 -6.29643354
v 99.93841449 -8.57035229 -7.05699996
v 99.93224926 -7.91129815 -7.76346613
v 99.92660525 -7.19137944 -8.41020505
v 99.92152592 -6.41633031 -8.99223901
v 99.91704836 -5.59239795 -9.50531701
v 99.91320340 -4.72616591 -9.94590545
v 99.91001637 -3.82439791 -10.31110274
v 99.90750816 -2.89394028 -10.59851511
v 99.90569621 -1.94169771 -10.80614416
v 99.90459498 -0.97466801 -10.93233272
v 99.90421569 -0.00000000 -10.97579467
v 99.90456538 0.97497038 -10.93572419
v 99.90564553 1.94274114 -10.81195121
v 99.90745076 2.89573610 -10.60509195
v 99.90996801 3.82645308 -10.31664376
v 99.91317647 4.72763208 -9.94899090
v 99.91704836 5.59239795 -9.50531701
v 99.92155026 6.41434043 -8.98945027
v 99.92664467 7.18751699 -8.40568797
v 99.93229127 7.90639189 -7.75865155
v 99.93844757 8.56574919 -7.05320968
v 99.94506890 9.16062750 -6.29448084
v 99.95210785 9.68631738 -5.48789733
v 99.95951352 10.13843972 -4.63929065
v 99.96723104 10.51309343 -3.75495125
v 99.97520151 10.80703425 -2.84162582
v 99.98336276 11.01783252 -1.90643871
v 99.99165055 11.14396239 -0.95675189
v 100.00000000 11.18479589 -0.00000000
v 100.00834686 11.14050634 0.95645518
v 100.01662830 11.01191490 1.90541477
v 100.02478311 10.80033218 2.83986357
v 100.03275136 10.50744690 3.75293448
v 100.04047392 10.13529551 4.63785188
v 100.04789215 9.68631738 5.48789733
v 100.05494814 9.16346934 6.29643354
v 100.06158551 8.57035229 7.05699996
v 100.06775074 7.91129815 7.76346613
v 100.07339475 7.19137944 8.41020505
v 100.07847408 6.41633031 8.99223901
v 100.08295164 5.59239795 9.50531701
v 100.08679660 4.72616591 9.94590545
v 100.08998363 3.82439791 10.31110274
v 100.09249184 2.89394028 10.59851511
v 100.09430379 1.94169771 10.80614416
v 100.09540502 0.97466801 10.93233272
v 101.07165069 0.00000000 10.92621209
v 101.07064636 -0.97522615 10.88785802
v 101.06744697 -1.94345450 10.76567829
v 101.06206053 -2.89691051 10.55997852
v 101.05452417 -3.82785813 10.27217669
v 101.04490474 -4.72887235 9.90482530
v 101.03329478 -5.59306389 9.46145901
v 101.01980533 -6.41418503 8.94631745
v 101.00455766 -7.18658861 8.36403254
v 100.98767679 -7.90506693 7.71937815
v 100.96928840 -8.56464280 7.01715385
v 100.94951987 -9.16040556 6.26222423
v 100.92850449 -9.68747083 5.45967919
v 100.90638679 -10.14109948 4.61503811
v 100.88332666 -10.51695377 3.73440739
v 100.85950043 -10.81141720 2.82452045
v 100.83509813 -11.02187820 1.89263433
v 100.81031776 -11.14688595 0.94631005
v 100.78535829 -11.18612779 -0.00685372
v 100.76041371 -11.14023644 -0.95944889
v 100.73566983 -11.01049254 -1.90437958
v 100.71130458 -10.79852225 -2.83485086
v 100.68749112 -10.50608970 -3.74425008
v 100.66440199 -10.13504996 -4.62598842
v 100.64221209 -9.68747083 -5.47338662
v 100.62109872 -9.16587333 -6.27967362
v 100.60123798 -8.57349926 -7.03812462
v 100.58279819 -7.91450669 -7.74231179
v 100.56593225 -7.19402007 -8.38639608
v 100.55077131 -6.41801360 -8.96536896
v 100.53742180 -5.59306389 -9.47516645
v 100.52596667 -4.72605141 -9.91262006
v 100.51647046 -3.82390393 -10.27526584
v 100.50898608 -2.89345532 -10.56108273
v 100.50356101 -1.94144691 -10.76825765
v 100.50024041 -0.97464440 -10.89506637
v 100.49906589 -0.00000000 -10.93991953
v 100.50007022 0.97522615 -10.90156545
v 100.50326961 1.94345450 -10.77938573
v 100.50865605 2.89691051 -10.57368596
v 100.51619241 3.82785813 -10.28588412
v 100.52581184 4.72887235 -9.91853273
v 100.53742180 5.59306389 -9.47516645
v 100.55091125 6.41418503 -8.96002489
v 100.56615892 7.18658861 -8.37773997
v 100.58303979 7.90506693 -7.73308559
v 100.60142818 8.56464280 -7.03086129
v 100.62119671 9.16040556 -6.27593166
v 100.64221209 9.68747083 -5.47338662
v 100.66432979 10.14109948 -4.62874555
v 100.68738992 10.51695377 -3.74811482
v 100.71121615 10.81141720 -2.83822788
v 100.73561844 11.02187820 -1.90634176
v 100.76039882 11.14688595 -0.96001749
v 100.78535829 11.18612779 -0.00685372
v 100.81030287 11.14023644 0.94574145
v 100.83504675 11.01049254 1.89067215
v 100.85941200 10.79852225 2.82114342
v 100.88322546 10.50608970 3.73054265
v 100.90631459 10.13504996 4.61228099
v 100.92850449 9.68747083 5.45967919
v 100.94961786 9.16587333 6.26596619
v 100.96947860 8.57349926 7.02441719
v 100.98791839 7.91450669 7.72860436
v 101.00478433 7.19402007 8.37268864
v 101.01994527 6.41801360 8.95166153
v 101.03329478 5.59306389 9.46145901
v 101.04474991 4.72605141 9.89891262
v 101.05424612 3.82390393 10.26155840
v 101.06173050 2.89345532 10.54737529
v 101.06715557 1.94144691 10.75455022
v 101.07047617 0.97464440 10.88135893
v 102.04571710 0.00000000 10.85736706
v 102.04412165 -0.97517247 10.82082520
v 102.03886182 -1.94356285 10.70035519
v 102.02993672 -2.89718945 10.49593678
v 102.01740461 -3.82807152 10.20890428
v 102.00138460 -4.72861204 9.84198582
v 101.98204705 -5.59190906 9.39908307
v 101.95959584 -6.41188877 8.88486577
v 101.93424846 -7.18321830 8.30431532
v 101.90622025 -7.90103847 7.66236394
v 101.87571755 -8.56062621 6.96373719
v 101.84294105 -9.15712617 6.21303184
v 101.80809723 -9.68547060 5.41497714
v 101.77141270 -10.14054124 4.57476337
v 101.73314557 -10.51754007 3.69830194
v 101.69358912 -10.81245824 2.79231023
v 101.65306617 -11.02249265 1.86418215
v 101.61191586 -11.14627234 0.92168506
v 101.57047735 -11.18381811 -0.02741278
v 101.52907611 -11.13624828 -0.97565708
v 101.48801714 -11.00532892 -1.91606221
v 101.44758692 -10.79301926 -2.84206642
v 101.40806243 -10.50116263 -3.74732599
v 101.36972271 -10.13142165 -4.62545011
v 101.33285748 -9.68547060 -5.46980271
v 101.29776840 -9.16536877 -6.27347462
v 101.26476110 -8.57397723 -7.02946604
v 101.23412975 -7.91526879 -7.73103933
v 101.20613892 -7.19442113 -8.37213491
v 101.18100861 -6.41766030 -8.94771355
v 101.15890765 -5.59190906 -9.45390864
v 101.13995763 -4.72435950 -9.88793564
v 101.12424603 -3.82211062 -10.24779031
v 101.11184402 -2.89198080 -10.53184314
v 101.10282223 -1.94053642 -10.73847596
v 101.09725901 -0.97429548 -10.86589474
v 101.09523760 -0.00000000 -10.91219263
v 101.09683305 0.97517247 -10.87565077
v 101.10209289 1.94356285 -10.75518076
v 101.11101799 2.89718945 -10.55076235
v 101.12355010 3.82807152 -10.26372985
v 101.13957010 4.72861204 -9.89681139
v 101.15890765 5.59190906 -9.45390864
v 101.18135887 6.41188877 -8.93969134
v 101.20670625 7.18321830 -8.35914088
v 101.23473445 7.90103847 -7.71718951
v 101.26523715 8.56062621 -7.01856276
v 101.29801365 9.15712617 -6.26785741
v 101.33285748 9.68547060 -5.46980271
v 101.36954200 10.14054124 -4.62958893
v 101.40780913 10.51754007 -3.75312750
v 101.44736559 10.81245824 -2.84713580
v 101.48788853 11.02249265 -1.91900772
v 101.52903884 11.14627234 -0.97651063
v 101.57047735 11.18381811 -0.02741278
v 101.61187859 11.13624828 0.92083152
v 101.65293757 11.00532892 1.86123665
v 101.69336778 10.79301926 2.78724085
v 101.73289227 10.50116263 3.69250042
v 101.77123200 10.13142165 4.57062454
v 101.80809723 9.68547060 5.41497714
v 101.84318630 9.16536877 6.21864905
v 101.87619360 8.57397723 6.97464047
v 101.90682495 7.91526879 7.67621377
v 101.93481579 7.19442113 8.31730934
v 101.95994609 6.41766030 8.89288798
v 101.98204705 5.59190906 9.39908307
v 102.00099708 4.72435950 9.83311007
v 102.01670867 3.82211062 10.19296475
v 102.02911069 2.89198080 10.47701758
v 102.03813247 1.94053642 10.68365039
v 102.04369569 0.97429548 10.81106917
v 103.01782482 0.00000000 10.77348921
v 103.01569542 -0.97466719 10.73867384
v 103.00842870 -1.94276102 10.61986405
v 102.99600458 -2.89610613 10.41673157
v 102.97849981 -3.82649224 10.13053112
v 102.95609134 -4.72616192 9.76415587
v 102.92903894 -5.58820440 9.32185301
v 102.89765299 -6.40671446 8.80869716
v 102.86225824 -7.17666116 8.22999827
v 102.82316544 -7.89351981 7.59083648
v 102.78065920 -8.55281172 6.89586564
v 102.73500510 -9.14973648 6.14942767
v 102.68647142 -9.67905395 5.35590914
v 102.63535649 -10.13528695 4.52018735
v 102.58201044 -10.51320102 3.64798723
v 102.52684306 -10.80841523 2.74600855
v 102.47031433 -11.01794528 1.82177188
v 102.41291106 -11.14049693 0.88323679
v 102.35511803 -11.17640880 -0.06167094
v 102.29739366 -11.12726146 -1.00545607
v 102.24015868 -10.99528280 -1.94123975
v 102.18380079 -10.78274859 -2.86268305
v 102.12869231 -10.49157674 -3.76369882
v 102.07521251 -10.12324571 -4.63808574
v 102.02376464 -9.67905395 -5.47925101
v 101.97477910 -9.16061976 -6.28015742
v 101.92869978 -8.57044000 -7.03354775
v 101.88595651 -7.91230910 -7.73239395
v 101.84693255 -7.19145304 -8.37043018
v 101.81193775 -6.41433501 -8.94259001
v 101.78119712 -5.58820440 -9.44519488
v 101.75485871 -4.72054700 -9.87582416
v 101.73301846 -3.81862164 -10.23290896
v 101.71575339 -2.88922878 -10.51519047
v 101.70315114 -1.93876502 -10.72123539
v 101.69532545 -0.97350923 -10.84918435
v 101.69241125 -0.00000000 -10.89683109
v 101.69454065 0.97466719 -10.86201571
v 101.70180736 1.94276102 -10.74320592
v 101.71423148 2.89610613 -10.54007344
v 101.73173625 3.82649224 -10.25387299
v 101.75414472 4.72616192 -9.88749774
v 101.78119712 5.58820440 -9.44519488
v 101.81258308 6.40671446 -8.93203903
v 101.84797782 7.17666116 -8.35334014
v 101.88707063 7.89351981 -7.71417836
v 101.92957686 8.55281172 -7.01920751
v 101.97523097 9.14973648 -6.27276954
v 102.02376464 9.67905395 -5.47925101
v 102.07487957 10.13528695 -4.64352922
v 102.12822562 10.51320102 -3.77132910
v 102.18339300 10.80841523 -2.86935042
v 102.23992173 11.01794528 -1.94511375
v 102.29732500 11.14049693 -1.00657867
v 102.35511803 11.17640880 -0.06167094
v 102.41284240 11.12726146 0.88211420
v 102.47007738 10.99528280 1.81789788
v 102.52643527 10.78274859 2.73934118
v 102.58154376 10.49157674 3.64035695
v 102.63502355 10.12324571 4.51474387
v 102.68647142 9.67905395 5.35590914
v 102.73545696 9.16061976 6.15681555
v 102.78153628 8.57044000 6.91020588
v 102.82427955 7.91230910 7.60905208
v 102.86330352 7.19145304 8.24708830
v 102.89829831 6.41433501 8.81924814
v 102.92903894 5.58820440 9.32185301
v 102.95537736 4.72054700 9.75248229
v 102.97721760 3.81862164 10.10956709
v 102.99448268 2.88922878 10.39184860
v 103.00708492 1.93876502 10.59789352
v 103.01491062 0.97350923 10.72584248
v 103.98758961 0.00000000 10.67221053
v 103.98498676 -0.97414934 10.63913818
v 103.97577035 -1.94193646 10.52203261
v 103.95989024 -2.89499016 10.32025671
v 103.93743887 -3.82486815 10.03498495
v 103.90865688 -4.72365089 9.66927510
v 103.87390569 -5.58441870 9.22771944
v 103.83361653 -6.40143686 8.71579705
v 103.78823308 -7.16997983 8.13914564
v 103.73816670 -7.88586114 7.50299202
v 103.68377788 -8.54484923 6.81191657
v 103.62538811 -9.14219930 6.07000423
v 103.56331546 -9.67249692 5.28129640
v 103.49791895 -10.12990203 4.45035488
v 103.42963426 -10.50873889 3.58271568
v 103.35898712 -10.80425035 2.68505870
v 103.28657922 -11.01326891 1.76502907
v 103.21305195 -11.13457794 0.83077655
v 103.13904132 -11.16883740 -0.10961774
v 103.06514024 -11.11809527 -1.04861995
v 102.99188149 -10.98504642 -1.97946059
v 102.91974621 -10.77228665 -2.89602630
v 102.84919305 -10.48180930 -3.79248922
v 102.78069494 -10.11490659 -4.66284016
v 102.71476717 -9.67249692 -5.50053187
v 102.65197351 -9.15575268 -6.29840104
v 102.59290523 -8.56680243 -7.04893467
v 102.53813820 -7.90926019 -7.74481575
v 102.48818167 -7.18840076 -8.37957362
v 102.44343640 -6.41092705 -8.94811628
v 102.40417695 -5.58441870 -9.44695492
v 102.37056503 -4.71665841 -9.87403474
v 102.34268974 -3.81506658 -10.22822397
v 102.32062083 -2.88642551 -10.50863605
v 102.30445648 -1.93696007 -10.71402353
v 102.29434815 -0.97270730 -10.84246213
v 102.29049303 -0.00000000 -10.89144601
v 102.29309588 0.97414934 -10.85837366
v 102.30231229 1.94193646 -10.74126809
v 102.31819240 2.89499016 -10.53949219
v 102.34064377 3.82486815 -10.25422043
v 102.36942576 4.72365089 -9.88851057
v 102.40417695 5.58441870 -9.44695492
v 102.44446611 6.40143686 -8.93503253
v 102.48984956 7.16997983 -8.35838112
v 102.53991594 7.88586114 -7.72222749
v 102.59430475 8.54484923 -7.03115205
v 102.65269452 9.14219930 -6.28923970
v 102.71476717 9.67249692 -5.50053187
v 102.78016369 10.12990203 -4.66959035
v 102.84844838 10.50873889 -3.80195116
v 102.91909551 10.80425035 -2.90429417
v 102.99150342 11.01326891 -1.98426454
v 103.06503068 11.13457794 -1.05001203
v 103.13904132 11.16883740 -0.10961774
v 103.21294240 11.11809527 0.82938447
v 103.28620114 10.98504642 1.76022512
v 103.35833643 10.77228665 2.67679082
v 103.42888959 10.48180930 3.57325374
v 103.49738770 10.11490659 4.44360469
v 103.56331546 9.67249692 5.28129640
v 103.62610913 9.15575268 6.07916557
v 103.68517741 8.56680243 6.82969920
v 103.73994443 7.90926019 7.52558027
v 103.78990096 7.18840076 8.16033815
v 103.83464624 6.41092705 8.72888080
v 103.87390569 5.58441870 9.22771944
v 103.90751760 4.71665841 9.65479927
v 103.93539290 3.81506658 10.00898850
v 103.95746181 2.88642551 10.28940057
v 103.97362615 1.93696007 10.49478805
v 103.98373449 0.97270730 10.62322665
v 104.95451153 0.00000000 10.55171620
v 104.95150382 -0.97403345 10.52047992
v 104.94040295 -1.94192523 10.40519291
v 104.92111641 -2.89509328 10.20489455
v 104.89374917 -3.82484605 9.92067489
v 104.85861218 -4.72308892 9.55576333
v 104.81618235 -5.58288976 9.11511266
v 104.76702791 -6.39869170 8.60462433
v 104.71172465 -7.16609023 8.03027803
v 104.65079052 -7.88125490 7.39745286
v 104.58465902 -8.54021378 6.71065098
v 104.51369744 -9.13827880 5.97368678
v 104.43825998 -9.66984871 5.19023881
v 104.35875393 -10.12869688 4.36453690
v 104.27569313 -10.50867816 3.50191753
v 104.18971860 -10.80463521 2.60903791
v 104.10157885 -11.01320527 1.69367165
v 104.01207760 -11.13325327 0.76416558
v 103.92200842 -11.16577951 -0.17123859
v 103.83210045 -11.11332743 -1.10496860
v 103.74299429 -10.97908720 -2.03037147
v 103.65525566 -10.76599440 -2.94157193
v 103.56941941 -10.47612307 -3.83301554
v 103.48604459 -10.11056896 -4.69889613
v 103.40575687 -9.66984871 -5.53271598
v 103.32925853 -9.15466344 -6.32718161
v 103.25729861 -8.56675292 -7.07451397
v 103.19061062 -7.90954193 -7.76709523
v 103.12983811 -7.18835922 -8.39824183
v 103.07547384 -6.41016435 -8.96283634
v 103.02783450 -5.58288976 -9.45758983
v 102.98708096 -4.71463573 -9.88083151
v 102.95327806 -3.81299697 -10.23188808
v 102.92647357 -2.88473951 -10.51026338
v 102.90676881 -1.93590930 -10.71490511
v 102.89435557 -0.97229016 -10.84382149
v 102.88950531 -0.00000000 -10.89419337
v 102.89251303 0.97403345 -10.86295709
v 102.90361390 1.94192523 -10.74767008
v 102.92290044 2.89509328 -10.54737172
v 102.95026768 3.82484605 -10.26315206
v 102.98540467 4.72308892 -9.89824050
v 103.02783450 5.58288976 -9.45758983
v 103.07698894 6.39869170 -8.94710150
v 103.13229220 7.16609023 -8.37275520
v 103.19322633 7.88125490 -7.73993003
v 103.25935783 8.54021378 -7.05312815
v 103.33031941 9.13827880 -6.31616395
v 103.40575687 9.66984871 -5.53271598
v 103.48526292 10.12869688 -4.70701407
v 103.56832372 10.50867816 -3.84439470
v 103.65429825 10.80463521 -2.95151508
v 103.74243799 11.01320527 -2.03614882
v 103.83193925 11.13325327 -1.10664275
v 103.92200842 11.16577951 -0.17123859
v 104.01191640 11.11332743 0.76249143
v 104.10102256 10.97908720 1.68789430
v 104.18876118 10.76599440 2.59909476
v 104.27459744 10.47612307 3.49053837
v 104.35797226 10.11056896 4.35641895
v 104.43825998 9.66984871 5.19023881
v 104.51475832 9.15466344 5.98470443
v 104.58671824 8.56675292 6.73203680
v 104.65340623 7.90954193 7.42461805
v 104.71417874 7.18835922 8.05576466
v 104.76854300 6.41016435 8.62035917
v 104.81618235 5.58288976 9.11511266
v 104.85693589 4.71463573 9.53835434
v 104.89073879 3.81299697 9.88941091
v 104.91754328 2.88473951 10.16778620
v 104.93724804 1.93590930 10.37242793
v 104.94966127 0.97229016 10.50134432
v 105.91884984 0.00000000 10.41800897
v 105.91548210 -0.97416378 10.38845069
v 105.90254074 -1.94238634 10.27486584
v 105.87988297 -2.89589044 10.07600117
v 105.84762422 -3.82575425 9.79286976
v 105.80614998 -4.72372090 9.42885495
v 105.75606146 -5.58284515 8.98923372
v 105.69807434 -6.39773164 8.48028728
v 105.63290488 -7.16426868 7.90830229
v 105.56118138 -7.87895084 7.27879323
v 105.48340848 -8.53804294 6.59618923
v 105.39999265 -9.13690768 5.86405783
v 105.31131534 -9.66977145 5.08574713
v 105.21782401 -10.13005216 4.26518426
v 105.12010579 -10.51117341 3.40752241
v 105.01891646 -10.80761025 2.51939508
v 104.91515456 -11.01582032 1.60868856
v 104.80979097 -11.13474297 0.68392420
v 104.70378085 -11.16569030 -0.24651471
v 104.59799049 -11.11165998 -1.17502476
v 104.49316553 -10.97629642 -2.09506165
v 104.38995047 -10.76284701 -3.00096859
v 104.28894965 -10.47346015 -3.88744143
v 104.19080332 -10.10905196 -4.74886066
v 104.09624635 -9.66977145 -5.57877655
v 104.00612276 -9.15588838 -6.36978114
v 103.92134590 -8.56878708 -7.11385814
v 103.84281434 -7.91171981 -7.80312079
v 103.77131118 -7.19006607 -8.43069591
v 103.70742184 -6.41102207 -8.99144546
v 103.65150023 -5.58284515 -9.48226313
v 103.60369700 -4.71392835 -9.90182675
v 103.56404149 -3.81202774 -10.24987865
v 103.53254993 -2.88389616 -10.52627652
v 103.50932201 -1.93541721 -10.73014536
v 103.49459152 -0.97214428 -10.85943320
v 103.48871185 -0.00000000 -10.91103839
v 103.49207959 0.97416378 -10.88148011
v 103.50502095 1.94238634 -10.76789525
v 103.52767872 2.89589044 -10.56903058
v 103.55993747 3.82575425 -10.28589918
v 103.60141172 4.72372090 -9.92188437
v 103.65150023 5.58284515 -9.48226313
v 103.70948735 6.39773164 -8.97331670
v 103.77465681 7.16426868 -8.40133171
v 103.84638031 7.87895084 -7.77182265
v 103.92415321 8.53804294 -7.08921865
v 104.00756905 9.13690768 -6.35708725
v 104.09624635 9.66977145 -5.57877655
v 104.18973768 10.13005216 -4.75821368
v 104.28745591 10.51117341 -3.90055182
v 104.38864523 10.80761025 -3.01242450
v 104.49240713 11.01582032 -2.10171797
v 104.59777072 11.13474297 -1.17695362
v 104.70378085 11.16569030 -0.24651471
v 104.80957120 11.11165998 0.68199535
v 104.91439617 10.97629642 1.60203223
v 105.01761123 10.76284701 2.50793917
v 105.11861205 10.47346015 3.39441201
v 105.21675837 10.10905196 4.25583124
v 105.31131534 9.66977145 5.08574713
v 105.40143893 9.15588838 5.87675173
v 105.48621580 8.56878708 6.62082872
v 105.56474736 7.91171981 7.31009137
v 105.63625051 7.19006607 7.93766649
v 105.70013985 6.41102207 8.49841604
v 105.75606146 5.58284515 8.98923372
v 105.80386470 4.71392835 9.40879734
v 105.84352020 3.81202774 9.75684923
v 105.87501176 2.88389616 10.03324711
v 105.89823968 1.93541721 10.23711595
v 105.91297017 0.97214428 10.36640378
v 106.88153769 0.00000000 10.27901453
v 106.87780371 -0.97419163 10.25065213
v 106.86301933 -1.94258359 10.13835362
v 106.83699284 -2.89626179 9.94066285
v 106.79985045 -3.82614277 9.65853832
v 106.75205130 -4.72385593 9.29546776
v 106.69431928 -5.58244725 8.85694952
v 106.62751546 -6.39663547 8.34952416
v 106.55249495 -7.16251544 7.77968681
v 106.46999553 -7.87681085 7.15304151
v 106.38059310 -8.53595350 6.47396262
v 106.28473426 -9.13534220 5.74584242
v 106.18282907 -9.66908226 4.97179568
v 106.07536632 -10.13034172 4.15553502
v 105.96300701 -10.51224085 3.30208133
v 105.84662152 -10.80899615 2.41804578
v 105.72725753 -11.01693901 1.51138626
v 105.60605194 -11.13506124 0.59073840
v 105.48412045 -11.16489449 -0.33542318
v 105.36246606 -11.10975615 -1.25948000
v 105.24193962 -10.97361030 -2.17496927
v 105.12326513 -10.75992373 -3.07639149
v 105.00711732 -10.47089708 -3.95862168
v 104.89421823 -10.10731991 -4.81617540
v 104.78541184 -9.66908226 -5.64264203
v 104.68168306 -9.15615010 -6.43054029
v 104.58410813 -8.56965726 -7.17169547
v 104.49374913 -7.91273436 -7.85804025
v 104.41152754 -7.19079625 -8.48257524
v 104.33812109 -6.41120532 -9.04015253
v 104.27392163 -5.58244725 -9.52779588
v 104.21907106 -4.71312068 -9.94442734
v 104.17356512 -3.81109486 -10.29007925
v 104.13739005 -2.88311287 -10.56485617
v 104.11064467 -1.93494357 -10.76800747
v 104.09360443 -0.97197772 -10.89744100
v 104.08670322 -0.00000000 -10.94986088
v 104.09043720 0.97419163 -10.92149849
v 104.10522158 1.94258359 -10.80919997
v 104.13124806 2.89626179 -10.61150920
v 104.16839046 3.82614277 -10.32938468
v 104.21618961 4.72385593 -9.96631411
v 104.27392163 5.58244725 -9.52779588
v 104.34072545 6.39663547 -9.02037051
v 104.41574596 7.16251544 -8.45053316
v 104.49824537 7.87681085 -7.82388786
v 104.58764781 8.53595350 -7.14480897
v 104.68350665 9.13534220 -6.41668877
v 104.78541184 9.66908226 -5.64264203
v 104.89287459 10.13034172 -4.82638137
v 105.00523390 10.51224085 -3.97292768
v 105.12161939 10.80899615 -3.08889213
v 105.24098338 11.01693901 -2.18223262
v 105.36218897 11.13506124 -1.26158476
v 105.48412045 11.16489449 -0.33542318
v 105.60577484 11.10975615 0.58863365
v 105.72630129 10.97361030 1.50412291
v 105.84497578 10.75992373 2.40554513
v 105.96112359 10.47089708 3.28777533
v 106.07402267 10.10731991 4.14532905
v 106.18282907 9.66908226 4.97179568
v 106.28655784 9.15615010 5.75969394
v 106.38413277 8.56965726 6.50084911
v 106.47449178 7.91273436 7.18719390
v 106.55671337 7.19079625 7.81172888
v 106.63011981 6.41120532 8.36930618
v 106.69431928 5.58244725 8.85694952
v 106.74916985 4.71312068 9.27358098
v 106.79467579 3.81109486 9.61923289
v 106.83085086 2.88311287 9.89400982
v 106.85759623 1.93494357 10.09716112
v 106.87463648 0.97197772 10.22659464
v 107.84550577 0.00000000 10.15226467
v 107.84126641 -0.97418902 10.12389842
v 107.82451430 -1.94256917 10.01180746
v 107.79503435 -2.89623526 9.81455250
v 107.75296996 -3.82611437 9.53309311
v 107.69884002 -4.72384328 9.17090123
v 107.63346201 -5.58246857 8.73344669
v 107.55780836 -6.39670155 8.22723636
v 107.47284528 -7.16262363 7.65873509
v 107.37940725 -7.87694362 7.03352664
v 107.27814687 -8.53608245 6.35597758
v 107.16957148 -9.13543657 5.62948273
v 107.05414766 -9.66911919 4.85716388
v 106.93243088 -10.13031461 4.04273790
v 106.80517086 -10.51216282 3.19122122
v 106.67335330 -10.80889716 2.30920935
v 106.53816375 -11.01685724 1.40463497
v 106.40088837 -11.13503144 0.48610395
v 106.26278954 -11.16493713 -0.43793691
v 106.12500276 -11.10987092 -1.35988982
v 105.98849218 -10.97377606 -2.27330344
v 105.85407910 -10.76010509 -3.17268237
v 105.72252920 -10.47105525 -4.05290330
v 105.59466132 -10.10742432 -4.90848726
v 105.47143143 -9.66911919 -5.73303769
v 105.35395401 -9.15612559 -6.51909743
v 105.24344610 -8.56959365 -7.25852314
v 105.14110849 -7.91266189 -7.94328006
v 105.04798333 -7.19074287 -8.56639505
v 104.96483789 -6.41118816 -9.12273419
v 104.89211708 -5.58246857 -9.60932050
v 104.82998394 -4.71316937 -10.02506308
v 104.77843644 -3.81115243 -10.36997544
v 104.73746139 -2.88316147 -10.64414591
v 104.70717187 -1.93497280 -10.84681778
v 104.68787938 -0.97198776 -10.97590690
v 104.68007331 -0.00000000 -11.02813848
v 104.68431268 0.97418902 -10.99977224
v 104.70106478 1.94256917 -10.88768127
v 104.73054473 2.89623526 -10.69042632
v 104.77260912 3.82611437 -10.40896692
v 104.82673906 4.72384328 -10.04677504
v 104.89211708 5.58246857 -9.60932050
v 104.96777072 6.39670155 -9.10311017
v 105.05273381 7.16262363 -8.53460890
v 105.14617183 7.87694362 -7.90940045
v 105.24743222 8.53608245 -7.23185139
v 105.35600760 9.13543657 -6.50535654
v 105.47143143 9.66911919 -5.73303769
v 105.59314821 10.13031461 -4.91861172
v 105.72040823 10.51216282 -4.06709504
v 105.85222578 10.80889716 -3.18508316
v 105.98741533 11.01685724 -2.28050878
v 106.12469071 11.13503144 -1.36197776
v 106.26278954 11.16493713 -0.43793691
v 106.40057633 11.10987092 0.48401600
v 106.53708691 10.97377606 1.39742963
v 106.67149999 10.76010509 2.29680855
v 106.80304989 10.47105525 3.17702948
v 106.93091777 10.10742432 4.03261345
v 107.05414766 9.66911919 4.85716388
v 107.17162507 9.15612559 5.64322362
v 107.28213299 8.56959365 6.38264933
v 107.38447059 7.91266189 7.06740625
v 107.47759575 7.19074287 7.69052124
v 107.56074119 6.41118816 8.24686037
v 107.63346201 5.58246857 8.73344669
v 107.69559515 4.71316937 9.14918927
v 107.74714265 3.81115243 9.49410162
v 107.78811770 2.88316147 9.76827210
v 107.81840721 1.93497280 9.97094397
v 107.83769971 0.97198776 10.10003309
v 108.80925597 0.00000000 10.02131569
v 108.80442233 -0.97425139 9.99243094
v 108.78562451 -1.94261840 9.88009960
v 108.75264046 -2.89626770 9.68299473
v 108.70563495 -3.82621133 9.40210083
v 108.64517751 -4.72414571 9.04082146
v 108.57216046 -5.58312152 8.60448873
v 108.48764560 -6.39778916 8.09944786
v 108.39269223 -7.16412024 7.53202889
v 108.28822323 -7.87870183 6.90774677
v 108.17497129 -8.53786603 6.23097989
v 108.05351773 -9.13698983 5.50520202
v 107.92440345 -9.67025014 4.73364551
v 107.78826690 -10.13096318 3.92012556
v 107.64595592 -10.51242923 3.06970866
v 107.49857188 -10.80901822 2.18897641
v 107.34743081 -11.01713643 1.28579296
v 107.19395717 -11.13574433 0.36867063
v 107.03955093 -11.16624304 -0.55402467
v 106.88547725 -11.11175989 -1.47473266
v 106.73281870 -10.97606900 -2.38698421
v 106.58250514 -10.76250684 -3.28522258
v 106.43540637 -10.47324314 -4.16425019
v 106.29244756 -10.10914286 -5.01853837
v 106.15469840 -9.67025014 -5.84169485
v 106.02339550 -9.15671179 -6.62633005
v 105.89988234 -8.56981082 -7.36441562
v 105.78548235 -7.91275052 -8.04804300
v 105.68134679 -7.19092510 -8.67033255
v 105.58833058 -6.41159862 -9.22617550
v 105.50694140 -5.58312152 -9.71253808
v 105.43738258 -4.71397073 -10.12820518
v 105.37967740 -3.81194876 -10.47303777
v 105.33383284 -2.88380502 -10.74699402
v 105.29998600 -1.93537711 -10.94925475
v 105.27848075 -0.97215302 -11.07776506
v 105.26984588 -0.00000000 -11.12936504
v 105.27467953 0.97425139 -11.10048028
v 105.29347735 1.94261840 -10.98814895
v 105.32646139 2.89626770 -10.79104408
v 105.37346691 3.82621133 -10.51015018
v 105.43392434 4.72414571 -10.14887080
v 105.50694140 5.58312152 -9.71253808
v 105.59145626 6.39778916 -9.20749720
v 105.68640963 7.16412024 -8.64007823
v 105.79087863 7.87870183 -8.01579612
v 105.90413056 8.53786603 -7.33902923
v 106.02558412 9.13698983 -6.61325137
v 106.15469840 9.67025014 -5.84169485
v 106.29083495 10.13096318 -5.02817490
v 106.43314594 10.51242923 -4.17775801
v 106.58052997 10.80901822 -3.29702576
v 106.73167104 11.01713643 -2.39384230
v 106.88514469 11.13574433 -1.47671998
v 107.03955093 11.16624304 -0.55402467
v 107.19362460 11.11175989 0.36668331
v 107.34628316 10.97606900 1.27893486
v 107.49659671 10.76250684 2.17717323
v 107.64369548 10.47324314 3.05620085
v 107.78665430 10.10914286 3.91048902
v 107.92440345 9.67025014 4.73364551
v 108.05570635 9.15671179 5.51828071
v 108.17921952 8.56981082 6.25636627
v 108.29361951 7.91275052 6.93999365
v 108.39775506 7.19092510 7.56228320
v 108.49077127 6.41159862 8.11812615
v 108.57216046 5.58312152 8.60448873
v 108.64171927 4.71397073 9.02015584
v 108.69942446 3.81194876 9.36498842
v 108.74526901 2.88380502 9.63894468
v 108.77911585 1.93537711 9.84120541
v 108.80062110 0.97215302 9.96971572
v 109.77112768 0.00000000 9.87515848
v 109.76566747 -0.97429237 9.84569780
v 109.74479864 -1.94261638 9.73309970
v 109.70829839 -2.89621904 9.53616196
v 109.65635432 -3.82620734 9.25589682
v 109.58958315 -4.72434441 8.89563186
v 109.50894480 -5.58368567 8.46054623
v 109.41558197 -6.39881384 7.95680550
v 109.31064013 -7.16557826 7.39058999
v 109.19512724 -7.88043044 6.76733820
v 109.06985721 -8.53960364 6.09144162
v 108.93549013 -9.13845323 5.36646174
v 108.79264784 -9.67122728 4.59575368
v 108.64205768 -10.13138928 3.78324190
v 108.48466898 -10.51241827 2.93404848
v 108.32169870 -10.80883661 2.05473955
v 108.15459027 -11.01712495 1.15310311
v 107.98490208 -11.13621269 0.23754755
v 107.81416800 -11.16737135 -0.68365111
v 107.64378153 -11.11353956 -1.60297424
v 107.47494530 -10.97830282 -2.51393298
v 107.30870183 -10.76486818 -3.41090249
v 107.14602972 -10.47537463 -4.28860266
v 106.98796388 -10.11076195 -5.14144961
v 106.83568815 -9.67122728 -5.96305591
v 106.69055821 -9.15709691 -6.74610702
v 106.55403834 -8.56980189 -7.48270234
v 106.42756831 -7.91261757 -8.16507353
v 106.31240395 -7.19091761 -8.78644483
v 106.20948692 -6.41186829 -9.34173543
v 106.11939119 -5.58368567 -9.82784846
v 106.04236755 -4.71472573 -10.24343085
v 105.97847317 -3.81272456 -10.58817409
v 105.92774259 -2.88443774 -10.86189180
v 105.89034050 -1.93577099 -11.06369540
v 105.86664174 -0.97230872 -11.19156247
v 105.85720831 -0.00000000 -11.24246071
v 105.86266852 0.97429237 -11.21300003
v 105.88353735 1.94261638 -11.10040193
v 105.92003760 2.89621904 -10.90346419
v 105.97198167 3.82620734 -10.62319905
v 106.03875284 4.72434441 -10.26293409
v 106.11939119 5.58368567 -9.82784846
v 106.21275402 6.39881384 -9.32410773
v 106.31769586 7.16557826 -8.75789222
v 106.43320875 7.88043044 -8.13464043
v 106.55847878 8.53960364 -7.45874385
v 106.69284586 9.13845323 -6.73376397
v 106.83568815 9.67122728 -5.96305591
v 106.98627831 10.13138928 -5.15054413
v 107.14366701 10.51241827 -4.30135071
v 107.30663729 10.80883661 -3.42204177
v 107.47374572 11.01712495 -2.52040533
v 107.64343391 11.13621269 -1.60484978
v 107.81416800 11.16737135 -0.68365111
v 107.98455446 11.11353956 0.23567201
v 108.15339069 10.97830282 1.14663075
v 108.31963416 10.76486818 2.04360026
v 108.48230627 10.47537463 2.92130043
v 108.64037211 10.11076195 3.77414738
v 108.79264784 9.67122728 4.59575368
v 108.93777778 9.15709691 5.37880479
v 109.07429765 8.56980189 6.11540011
v 109.20076768 7.91261757 6.79777130
v 109.31593204 7.19091761 7.41914260
v 109.41884907 6.41186829 7.97443320
v 109.50894480 5.58368567 8.46054623
v 109.58596844 4.71472573 8.87612862
v 109.64986282 3.81272456 9.22087186
v 109.70059340 2.88443774 9.49458957
v 109.73799549 1.93577099 9.69639317
v 109.76169425 0.97230872 9.82426024
v 110.73007191 0.00000000 9.70968375
v 110.72398446 -0.97394650 9.67976300
v 110.70104890 -1.94185620 9.56703112
v 110.66104215 -2.89504723 9.37039164
v 110.60417472 -3.82471008 9.09087929
v 110.53111008 -4.72266730 8.73175514
v 110.44287497 -5.58198105 8.29806571
v 110.34069209 -6.39717908 7.79582080
v 110.22579224 -7.16400935 7.23107000
v 110.09926795 -7.87881048 6.60918323
v 109.96201420 -8.53773388 5.93455949
v 109.81476998 -9.13611855 5.21083105
v 109.65823835 -9.66827479 4.44145350
v 109.49323576 -10.12779270 3.63043987
v 109.32081298 -10.50830458 2.78295484
v 109.14230220 -10.80446337 1.90554629
v 108.95927360 -11.01281376 1.00593201
v 108.77341878 -11.13225941 0.09242638
v 108.58640479 -11.16396210 -0.82677674
v 108.39975298 -11.11070030 -1.74419970
v 108.21478583 -10.97589911 -2.65334231
v 108.03265844 -10.76265527 -3.54852700
v 107.85445832 -10.47308103 -4.42440861
v 107.68133002 -10.10817887 -5.27536136
v 107.51457123 -9.66827479 -6.09500699
v 107.35565609 -9.15384620 -6.87609987
v 107.20616887 -8.56644838 -7.61085302
v 107.06766484 -7.90941613 -8.29162210
v 106.94150368 -7.18810368 -8.91172402
v 106.82871349 -6.40959212 -9.46610551
v 106.72993461 -5.58198105 -9.95161920
v 106.64546568 -4.71352122 -10.36679725
v 106.57539838 -3.81188976 -10.71118906
v 106.51979529 -2.88384479 -10.98448697
v 106.47884891 -1.93534715 -11.18574485
v 106.45296483 -0.97206032 -11.31296916
v 106.44273768 -0.00000000 -11.36323724
v 106.44882512 0.97394650 -11.33331649
v 106.47176068 1.94185620 -11.22058461
v 106.51176744 2.89504723 -11.02394513
v 106.56863487 3.82471008 -10.74443278
v 106.64169950 4.72266730 -10.38530863
v 106.72993461 5.58198105 -9.95161920
v 106.83211749 6.39717908 -9.44937429
v 106.94701734 7.16400935 -8.88462349
v 107.07354164 7.87881048 -8.26273672
v 107.21079539 8.53773388 -7.58811298
v 107.35803960 9.13611855 -6.86438454
v 107.51457123 9.66827479 -6.09500699
v 107.67957382 10.12779270 -5.28399336
v 107.85199660 10.50830458 -4.43650833
v 108.03050739 10.80446337 -3.55909978
v 108.21353598 11.01281376 -2.65948550
v 108.39939080 11.13225941 -1.74597987
v 108.58640479 11.16396210 -0.82677674
v 108.77305660 11.11070030 0.09064622
v 108.95802376 10.97589911 0.99978882
v 109.14015114 10.76265527 1.89497351
v 109.31835127 10.47308103 2.77085512
v 109.49147956 10.10817887 3.62180787
v 109.65823835 9.66827479 4.44145350
v 109.81715349 9.15384620 5.22254638
v 109.96664071 8.56644838 5.95729953
v 110.10514474 7.90941613 6.63806861
v 110.23130591 7.18810368 7.25817053
v 110.34409609 6.40959212 7.81255202
v 110.44287497 5.58198105 8.29806571
v 110.52734390 4.71352122 8.71324376
v 110.59741121 3.81188976 9.05763557
v 110.65301429 2.88384479 9.33093348
v 110.69396067 1.93534715 9.53219136
v 110.71984475 0.97206032 9.65941567
v 111.68579516 0.00000000 9.52555118
v 111.67908012 -0.97361181 9.49526159
v 111.65408282 -1.94112837 9.38250606
v 111.61058039 -2.89392914 9.18627929
v 111.54880630 -3.82327654 8.90763437
v 111.46947034 -4.72104440 8.54977298
v 111.37366529 -5.58030094 8.11762432
v 111.26269292 -6.39552698 7.61706034
v 111.13786858 -7.16238370 7.05401412
v 111.00036880 -7.87711309 6.43379271
v 110.85116947 -8.53579651 5.76079799
v 110.69108858 -9.13375911 5.03871976
v 110.52091062 -9.66536475 4.27109661
v 110.34154133 -10.12431239 3.46201400
v 110.15413281 -10.50436597 2.61666883
v 109.96013209 -10.80029060 1.74158812
v 109.76123549 -11.00868605 0.84442354
v 109.55926698 -11.12843393 -0.06659755
v 109.35602609 -11.16060188 -0.98335797
v 109.15316147 -11.10783091 -1.89842111
v 108.95211518 -10.97340847 -2.80528231
v 108.75415488 -10.76033659 -3.69822354
v 108.56047691 -10.47070449 -4.57184840
v 108.37233542 -10.10556839 -5.42049984
v 108.19114155 -9.66536475 -6.23781254
v 108.01848730 -9.15070058 -7.01660556
v 107.85607608 -8.56323759 -7.74919520
v 107.70557779 -7.90636146 -8.42804914
v 107.56845528 -7.18540951 -9.04656879
v 107.44582273 -6.40738953 -9.59972849
v 107.33838689 -5.58030094 -10.08434026
v 107.24649464 -4.71230393 -10.49883941
v 107.17027269 -3.81102477 -10.84265440
v 107.10981216 -2.88322350 -11.11537422
v 107.06533353 -1.93490798 -11.31600435
v 107.03727293 -0.97180928 -11.44257756
v 107.02625702 -0.00000000 -11.49226712
v 107.03297206 0.97361181 -11.46197753
v 107.05796936 1.94112837 -11.34922199
v 107.10147179 2.89392914 -11.15299523
v 107.16324588 3.82327654 -10.87435030
v 107.24258184 4.72104440 -10.51648891
v 107.33838689 5.58030094 -10.08434026
v 107.44935925 6.39552698 -9.58377627
v 107.57418359 7.16238370 -9.02073006
v 107.71168337 7.87711309 -8.40050864
v 107.86088271 8.53579651 -7.72751392
v 108.02096360 9.13375911 -7.00543569
v 108.19114155 9.66536475 -6.23781254
v 108.37051085 10.12431239 -5.42872993
v 108.55791936 10.50436597 -4.58338476
v 108.75192008 10.80029060 -3.70830406
v 108.95081668 11.00868605 -2.81113947
v 109.15278519 11.12843393 -1.90011839
v 109.35602609 11.16060188 -0.98335797
v 109.55889070 11.10783091 -0.06829482
v 109.75993699 10.97340847 0.83856637
v 109.95789729 10.76033659 1.73150760
v 110.15157526 10.47070449 2.60513246
v 110.33971676 10.10556839 3.45378390
v 110.52091062 9.66536475 4.27109661
v 110.69356488 9.15070058 5.04988963
v 110.85597609 8.56323759 5.78247926
v 111.00647438 7.90636146 6.46133320
v 111.14359689 7.18540951 7.07985286
v 111.26622944 6.40738953 7.63301256
v 111.37366529 5.58030094 8.11762432
v 111.46555754 4.71230393 8.53212348
v 111.54177948 3.81102477 8.87593846
v 111.60224001 2.88322350 9.14865828
v 111.64671864 1.93490798 9.34928842
v 111.67477925 0.97180928 9.47586163
v 112.63663528 0.00000000 9.31754105
v 112.62934999 -0.97343454 9.28719567
v 112.60234944 -1.94075247 9.17473029
v 112.55540100 -2.89335648 8.97917593
v 112.48875843 -3.82253616 8.70158964
v 112.40318309 -4.72018482 8.34514273
v 112.29984487 -5.57937328 7.91470804
v 112.18013753 -6.39456528 7.41609108
v 112.04547139 -7.16139002 6.85516623
v 111.89711161 -7.87605381 6.23720328
v 111.73611244 -8.53461228 5.56659349
v 111.56336248 -9.13238566 4.84703811
v 111.37971636 -9.66375800 4.08209698
v 111.18615874 -10.12246900 3.27587146
v 110.98393682 -10.50233179 2.43355654
v 110.77461160 -10.79815340 1.56165427
v 110.56000936 -11.00655421 0.66777161
v 110.34209238 -11.12640772 -0.23991795
v 110.12279745 -11.15874656 -1.15334708
v 109.90390157 -11.10616061 -2.06511402
v 109.68696265 -10.97188605 -2.96872967
v 109.47335339 -10.75888959 -3.85847627
v 109.26437047 -10.46925182 -4.72895278
v 109.06137119 -10.10404880 -5.57450563
v 108.86587853 -9.66375800 -6.38879115
v 108.67960619 -9.14903446 -7.16467129
v 108.50438482 -8.56157932 -7.89452083
v 108.34200805 -7.90479692 -8.57086874
v 108.19404838 -7.18401805 -9.18716511
v 108.06170673 -6.40622290 -9.73840777
v 107.94575002 -5.57937328 -10.22140221
v 107.84656149 -4.71159534 -10.63455218
v 107.76428871 -3.81049604 -10.97724299
v 107.69903923 -2.88283578 -11.24902663
v 107.65105547 -1.93463954 -11.44889335
v 107.62080616 -0.97166315 -11.57489083
v 107.60895961 -0.00000000 -11.62423522
v 107.61624490 0.97343454 -11.59388984
v 107.64324545 1.94075247 -11.48142446
v 107.69019389 2.89335648 -11.28587010
v 107.75683647 3.82253616 -11.00828381
v 107.84241180 4.72018482 -10.65183690
v 107.94575002 5.57937328 -10.22140221
v 108.06545737 6.39456528 -9.72278525
v 108.20012351 7.16139002 -9.16186040
v 108.34848329 7.87605381 -8.54389745
v 108.50948245 8.53461228 -7.87328766
v 108.68223241 9.13238566 -7.15373228
v 108.86587853 9.66375800 -6.38879115
v 109.05943615 10.12246900 -5.58256563
v 109.26165807 10.50233179 -4.74025071
v 109.47098329 10.79815340 -3.86834844
v 109.68558553 11.00655421 -2.97446578
v 109.90350251 11.12640772 -2.06677622
v 110.12279745 11.15874656 -1.15334708
v 110.34169332 11.10616061 -0.24158015
v 110.55863224 10.97188605 0.66203550
v 110.77224150 10.75888959 1.55178210
v 110.98122442 10.46925182 2.42225861
v 111.18422370 10.10404880 3.26781146
v 111.37971636 9.66375800 4.08209698
v 111.56598870 9.14903446 4.85797712
v 111.74121007 8.56157932 5.58782666
v 111.90358684 7.90479692 6.26417457
v 112.05154651 7.18401805 6.88047094
v 112.18388816 6.40622290 7.43171360
v 112.29984487 5.57937328 7.91470804
v 112.39903340 4.71159534 8.32785801
v 112.48130618 3.81049604 8.67054882
v 112.54655566 2.88283578 8.94233246
v 112.59453942 1.93463954 9.14219918
v 112.62478873 0.97166315 9.26819666
v 113.58183726 0.00000000 9.08546041
v 113.57405890 -0.97333514 9.05538371
v 113.54513223 -1.94057169 8.94353256
v 113.49480130 -2.89309646 8.74891731
v 113.42333667 -3.82218010 8.47258409
v 113.33155842 -4.71970283 8.11770394
v 113.22072857 -5.57873515 7.68915671
v 113.09235054 -6.39375535 7.19275569
v 112.94794390 -7.16041846 6.63437666
v 112.78886877 -7.87495932 6.01927875
v 112.61625446 -8.53345443 5.35182872
v 112.43104877 -9.13122896 4.63569148
v 112.23416128 -9.66265272 3.87438405
v 112.02664162 -10.12143539 3.07196506
v 111.80982369 -10.50135351 2.23359231
v 111.58538147 -10.79718296 1.36573864
v 111.35527649 -11.00552897 0.47598870
v 111.12161752 -11.12527159 -0.42750347
v 110.88648530 -11.15747030 -1.33669232
v 110.65178672 -11.10475393 -2.24420440
v 110.41919057 -10.97039755 -3.14358696
v 110.19016462 -10.75739448 -4.02916460
v 109.96609436 -10.46783150 -4.89558003
v 109.74843170 -10.10276904 -5.73721908
v 109.53880932 -9.66265272 -6.54776868
v 109.33906802 -9.14810025 -7.32011097
v 109.15117676 -8.56078182 -8.04663256
v 108.97706547 -7.90408651 -8.71987099
v 108.81842512 -7.18334887 -9.33328771
v 108.67654440 -6.40556875 -9.88189973
v 108.55224203 -5.57873515 -10.36254134
v 108.44592148 -4.71099857 -10.77365241
v 108.35773197 -3.80997908 -11.11465594
v 108.28778116 -2.88243516 -11.38513566
v 108.23632521 -1.93437708 -11.58410106
v 108.20386823 -0.97154008 -11.70960287
v 108.19113334 -0.00000000 -11.75884505
v 108.19891170 0.97333514 -11.72876834
v 108.22783838 1.94057169 -11.61691719
v 108.27816930 2.89309646 -11.42230194
v 108.34963393 3.82218010 -11.14596872
v 108.44141218 4.71970283 -10.79108858
v 108.55224203 5.57873515 -10.36254134
v 108.68062006 6.39375535 -9.86614033
v 108.82502670 7.16041846 -9.30776129
v 108.98410183 7.87495932 -8.69266338
v 109.15671615 8.53345443 -8.02521335
v 109.34192183 9.13122896 -7.30907611
v 109.53880932 9.66265272 -6.54776868
v 109.74632898 10.12143539 -5.74534970
v 109.96314692 10.50135351 -4.90697695
v 110.18758914 10.79718296 -4.03912327
v 110.41769412 11.00552897 -3.14937333
v 110.65135308 11.12527159 -2.24588116
v 110.88648530 11.15747030 -1.33669232
v 111.12118388 11.10475393 -0.42918024
v 111.35378003 10.97039755 0.47020233
v 111.58280598 10.75739448 1.35577996
v 111.80687624 10.46783150 2.22219539
v 112.02453890 10.10276904 3.06383444
v 112.23416128 9.66265272 3.87438405
v 112.43390258 9.14810025 4.64672633
v 112.62179384 8.56078182 5.37324793
v 112.79590513 7.90408651 6.04648635
v 112.95454549 7.18334887 6.65990308
v 113.09642620 6.40556875 7.20851510
v 113.22072857 5.57873515 7.68915671
v 113.32704912 4.71099857 8.10026777
v 113.41523863 3.80997908 8.44127130
v 113.48518945 2.88243516 8.71175103
v 113.53664540 1.93437708 8.91071643
v 113.56910237 0.97154008 9.03621824
v 114.52188098 0.00000000 8.83366363
v 114.51365461 -0.97307375 8.80400032
v 114.48284991 -1.94008542 8.69292214
v 114.42917993 -2.89239051 8.49939444
v 114.35292994 -3.82122232 8.22444586
v 114.25498271 -4.71843534 7.87125957
v 114.13670081 -5.57709979 7.44474879
v 113.99970713 -6.39172358 6.95076555
v 113.84563842 -7.15801374 6.39521174
v 113.67595316 -7.87226252 5.78334647
v 113.49185368 -8.53058859 5.11950519
v 113.29434040 -9.12832730 4.40729531
v 113.08436900 -9.65982020 3.65016290
v 112.86304601 -10.11871724 2.85209796
v 112.63178702 -10.49872205 2.01820499
v 112.39237820 -10.79454832 1.15492469
v 112.14691909 -11.00277117 0.26982772
v 111.89766932 -11.12228386 -0.62893792
v 111.64685703 -11.15419959 -1.53333782
v 111.39651962 -11.10122513 -2.43602534
v 111.14843375 -10.96671330 -3.33059409
v 110.90415630 -10.75371058 -4.21143014
v 110.66515481 -10.46431603 -5.07324164
v 110.43297076 -10.09955865 -5.91047029
v 110.20934506 -9.65982020 -6.71683854
v 109.99624842 -9.14564349 -7.48524017
v 109.79579414 -8.55863663 -8.20805496
v 109.61005530 -7.90215782 -8.87780757
v 109.44084618 -7.18154884 -9.48795595
v 109.28954364 -6.40384851 -10.03353530
v 109.15701325 -5.57709979 -10.51142443
v 109.04366953 -4.70950154 -10.92012871
v 108.94965236 -3.80869956 -11.25914365
v 108.87506016 -2.88144807 -11.52811442
v 108.82015816 -1.93372744 -11.72608466
v 108.78548739 -0.97123135 -11.85110342
v 108.77183308 -0.00000000 -11.90033926
v 108.78005944 0.97307375 -11.87067595
v 108.81086415 1.94008542 -11.75959777
v 108.86453413 2.89239051 -11.56607008
v 108.94078412 3.82122232 -11.29112149
v 109.03873135 4.71843534 -10.93793520
v 109.15701325 5.57709979 -10.51142443
v 109.29400693 6.39172358 -10.01744118
v 109.44807564 7.15801374 -9.46188738
v 109.61776090 7.87226252 -8.85002210
v 109.80186037 8.53058859 -8.18618083
v 109.99937366 9.12832730 -7.47397095
v 110.20934506 9.65982020 -6.71683854
v 110.43066805 10.11871724 -5.91877360
v 110.66192704 10.49872205 -5.08488063
v 110.90133586 10.79454832 -4.22160032
v 111.14679497 11.00277117 -3.33650336
v 111.39604474 11.12228386 -2.43773771
v 111.64685703 11.15419959 -1.53333782
v 111.89719444 11.10122513 -0.63065029
v 112.14528031 10.96671330 0.26391846
v 112.38955776 10.75371058 1.14475450
v 112.62855924 10.46431603 2.00656601
v 112.86074330 10.09955865 2.84379466
v 113.08436900 9.65982020 3.65016290
v 113.29746564 9.14564349 4.41856454
v 113.49791992 8.55863663 5.14137933
v 113.68365876 7.90215782 5.81113194
v 113.85286788 7.18154884 6.42128032
v 114.00417042 6.40384851 6.96685967
v 114.13670081 5.57709979 7.44474879
v 114.25004453 4.70950154 7.85345307
v 114.34406170 3.80869956 8.19246802
v 114.41865390 2.88144807 8.46143879
v 114.47355590 1.93372744 8.65940902
v 114.50822667 0.97123135 8.78442779
v 115.45595954 0.00000000 8.56109592
v 115.44735200 -0.97276836 8.53203736
v 115.41473783 -1.93953523 8.42193377
v 115.35778752 -2.89160225 8.22967276
v 115.27679799 -3.82013867 7.95625667
v 115.17272076 -4.71695452 7.60489784
v 115.04703175 -5.57511868 7.18057886
v 114.90148836 -6.38918806 6.68923259
v 114.73785660 -7.15495661 6.13682104
v 114.55769864 -7.86881264 5.52861796
v 114.36228689 -8.52694524 4.86891894
v 114.15266454 -9.12470620 4.16124577
v 113.92982027 -9.65638881 3.40893612
v 113.69490545 -10.11554162 2.61587697
v 113.44941007 -10.49574472 1.78709845
v 113.19523147 -10.79160650 0.92900586
v 112.93461157 -10.99965090 0.04916784
v 112.66996772 -11.11879327 -0.84425483
v 112.40368101 -11.15023736 -1.74322368
v 112.13792051 -11.09682140 -2.64041608
v 111.87456636 -10.96202950 -3.52948480
v 111.61525584 -10.74899796 -4.40490246
v 111.36152859 -10.45984680 -5.26147128
v 111.11500816 -10.09555227 -6.09371031
v 110.87754175 -9.65638881 -6.89538349
v 110.65123447 -9.14277325 -7.65938407
v 110.43835325 -8.55620949 -8.37805900
v 110.24112496 -7.90000425 -9.04389058
v 110.06149460 -7.17951223 -9.65031251
v 109.90092797 -6.40183875 -10.19237635
v 109.76033027 -5.57511868 -10.66702623
v 109.64011317 -4.70763334 -11.07287236
v 109.54039078 -3.80707289 -11.40952952
v 109.46123821 -2.88018532 -11.67674410
v 109.40292272 -1.93290156 -11.87361390
v 109.36602463 -0.97084607 -11.99817976
v 109.35140249 -0.00000000 -12.04754329
v 109.36001003 0.97276836 -12.01848473
v 109.39262420 1.93953523 -11.90838114
v 109.44957450 2.89160225 -11.71612012
v 109.53056404 3.82013867 -11.44270403
v 109.63464126 4.71695452 -11.09134520
v 109.76033027 5.57511868 -10.66702623
v 109.90587367 6.38918806 -10.17567996
v 110.06950542 7.15495661 -9.62326840
v 110.24966338 7.86881264 -9.01506533
v 110.44507514 8.52694524 -8.35536630
v 110.65469748 9.12470620 -7.64769313
v 110.87754175 9.65638881 -6.89538349
v 111.11245657 10.11554162 -6.10232434
v 111.35795195 10.49574472 -5.27354582
v 111.61213056 10.79160650 -4.41545323
v 111.87275045 10.99965090 -3.53561521
v 112.13739431 11.11879327 -2.64219254
v 112.40368101 11.15023736 -1.74322368
v 112.66944151 11.09682140 -0.84603128
v 112.93279566 10.96202950 0.04303744
v 113.19210618 10.74899796 0.91845509
v 113.44583343 10.45984680 1.77502392
v 113.69235386 10.09555227 2.60726294
v 113.92982027 9.65638881 3.40893612
v 114.15612756 9.14277325 4.17293670
v 114.36900877 8.55620949 4.89161164
v 114.56623707 7.90000425 5.55744321
v 114.74586743 7.17951223 6.16386515
v 114.90643405 6.40183875 6.70592898
v 115.04703175 5.57511868 7.18057886
v 115.16724885 4.70763334 7.58642499
v 115.26697125 3.80707289 7.92308216
v 115.34612381 2.88018532 8.19029674
v 115.40443930 1.93290156 8.38716654
v 115.44133739 0.97084607 8.51173239
v 116.38471855 0.00000000 8.27159616
v 116.37575770 -0.97259612 8.24317598
v 116.34136729 -1.93925441 8.13410353
v 116.28117075 -2.89121771 7.94318450
v 116.19547539 -3.81958556 7.67139352
v 116.08530369 -4.71611931 7.32197353
v 115.95224965 -5.57388527 6.89998003
v 115.79821069 -6.38749179 6.41143086
v 115.62508652 -7.15282482 5.86235115
v 115.43454477 -7.86637459 5.25802992
v 115.22792652 -8.52440467 4.60272055
v 115.00631370 -9.12228366 3.89985451
v 114.77072263 -9.65425248 3.15265509
v 114.52234458 -10.11375050 2.36490056
v 114.26274078 -10.49422508 1.54154248
v 113.99391897 -10.79017140 0.68894863
v 113.71826477 -10.99805830 -0.18531479
v 113.43835543 -11.11682452 -1.07307380
v 113.15672671 -11.14777054 -1.96628598
v 112.87567938 -11.09387529 -2.85765424
v 112.59719497 -10.95876341 -3.74089395
v 112.32298744 -10.74566753 -4.61056913
v 112.05466432 -10.45673034 -5.46158135
v 111.79392798 -10.09287198 -6.28853135
v 111.54273079 -9.65425248 -7.08522705
v 111.30331359 -9.14115438 -7.84456140
v 111.07810020 -8.55497067 -8.55884703
v 110.86947493 -7.89895369 -9.22052185
v 110.67951610 -7.17847273 -9.82299430
v 110.50977846 -6.40070521 -10.36133331
v 110.36120378 -5.57388527 -10.83255200
v 110.23419540 -4.70638350 -11.23537109
v 110.12883516 -3.80593859 -11.56953108
v 110.04516938 -2.87929294 -11.83488503
v 109.98346451 -1.93232566 -12.03058788
v 109.94434099 -0.97058832 -12.15467184
v 109.92873487 -0.00000000 -12.20416812
v 109.93769572 0.97259612 -12.17574794
v 109.97208613 1.93925441 -12.06667550
v 110.03228267 2.89121771 -11.87575647
v 110.11797804 3.81958556 -11.60396548
v 110.22814974 4.71611931 -11.25454549
v 110.36120378 5.57388527 -10.83255200
v 110.51524274 6.38749179 -10.34400283
v 110.68836691 7.15282482 -9.79492312
v 110.87890866 7.86637459 -9.19060189
v 111.08552691 8.52440467 -8.53529251
v 111.30713972 9.12228366 -7.83242647
v 111.54273079 9.65425248 -7.08522705
v 111.79110884 10.11375050 -6.29747252
v 112.05071265 10.49422508 -5.47411445
v 112.31953445 10.79017140 -4.62152060
v 112.59518865 10.99805830 -3.74725717
v 112.87509799 11.11682452 -2.85949816
v 113.15672671 11.14777054 -1.96628598
v 113.43777405 11.09387529 -1.07491772
v 113.71625846 10.95876341 -0.19167801
v 113.99046599 10.74566753 0.67799716
v 114.25878911 10.45673034 1.52900939
v 114.51952544 10.09287198 2.35595939
v 114.77072263 9.65425248 3.15265509
v 115.01013983 9.14115438 3.91198944
v 115.23535323 8.55497067 4.62627507
v 115.44397850 7.89895369 5.28794989
v 115.63393733 7.17847273 5.89042233
v 115.80367497 6.40070521 6.42876135
v 115.95224965 5.57388527 6.89998003
v 116.07925802 4.70638350 7.30279913
v 116.18461826 3.80593859 7.63695912
v 116.26828404 2.87929294 7.90231307
v 116.32998891 1.93232566 8.09801592
v 116.36911243 0.97058832 8.22209988
v 117.30942167 0.00000000 7.97000148
v 117.30007106 -0.97249592 7.94205546
v 117.26387886 -1.93909548 7.83388839
v 117.20042868 -2.89100303 7.64425580
v 117.11003994 -3.81927252 7.37411232
v 116.99380190 -4.71563343 7.02671344
v 116.85341810 -5.57315029 6.60715050
v 116.69091596 -6.38646497 6.12148279
v 116.50832061 -7.15152340 5.57576282
v 116.30740113 -7.86488228 4.97527777
v 116.08956842 -8.52285371 4.32424442
v 115.85594862 -9.12081721 3.62602846
v 115.60759321 -9.65297946 2.88377236
v 115.34574012 -10.11270852 2.10117598
v 115.07202554 -10.49336502 1.28312933
v 114.78856729 -10.78937021 0.43596191
v 114.49789087 -10.99715694 -0.43277833
v 114.20272807 -11.11567919 -1.31492695
v 113.90576475 -11.14630058 -2.20245677
v 113.60943158 -11.09209189 -3.08810326
v 113.31581323 -10.95676952 -3.96563600
v 113.02670482 -10.74362899 -4.82968995
v 112.74378709 -10.45482780 -5.67524193
v 112.46884498 -10.09124951 -6.49695727
v 112.20393629 -9.65297946 -7.28868589
v 111.95143381 -9.14021260 -8.04333625
v 111.71391143 -8.55426954 -8.75321583
v 111.49390335 -7.89836717 -9.41075065
v 111.29361568 -7.17788441 -10.00934741
v 111.11469092 -6.40004576 -10.54409715
v 110.95811139 -5.57315029 -11.01206403
v 110.82428036 -4.70562693 -11.41204281
v 110.71325736 -3.80524612 -11.74385559
v 110.62506844 -2.87874671 -12.00742448
v 110.55998342 -1.93197409 -12.20194312
v 110.51866110 -0.97043230 -12.32544249
v 110.50210783 -0.00000000 -12.37491502
v 110.51145844 0.97249592 -12.34696899
v 110.54765063 1.93909548 -12.23880192
v 110.61110081 2.89100303 -12.04916933
v 110.70148956 3.81927252 -11.77902585
v 110.81772759 4.71563343 -11.43162697
v 110.95811139 5.57315029 -11.01206403
v 111.12061353 6.38646497 -10.52639632
v 111.30320888 7.15152340 -9.98067635
v 111.50412837 7.86488228 -9.38019130
v 111.72196108 8.52285371 -8.72915795
v 111.95558087 9.12081721 -8.03094199
v 112.20393629 9.65297946 -7.28868589
v 112.46578937 10.11270852 -6.50608951
v 112.73950395 10.49336502 -5.68804286
v 113.02296221 10.78937021 -4.84087545
v 113.31363862 10.99715694 -3.97213520
v 113.60880142 11.11567919 -3.08998658
v 113.90576475 11.14630058 -2.20245677
v 114.20209792 11.09209189 -1.31681027
v 114.49571627 10.95676952 -0.43927753
v 114.78482467 10.74362899 0.42477641
v 115.06774241 10.45482780 1.27032840
v 115.34268451 10.09124951 2.09204374
v 115.60759321 9.65297946 2.88377236
v 115.86009568 9.14021260 3.63842271
v 116.09761807 8.55426954 4.34830229
v 116.31762614 7.89836717 5.00583712
v 116.51791382 7.17788441 5.60443388
v 116.69683858 6.40004576 6.13918362
v 116.85341810 5.57315029 6.60715050
v 116.98724913 4.70562693 7.00712928
v 117.09827213 3.80524612 7.33894206
v 117.18646105 2.87874671 7.60251095
v 117.25154608 1.93197409 7.79702958
v 117.29286839 0.97043230 7.92052896
v 118.22838157 0.00000000 7.65177269
v 118.21866346 -0.97250701 7.62432963
v 118.18069842 -1.93916167 7.51711966
v 118.11402683 -2.89112574 7.32884487
v 118.01897920 -3.81940289 7.06043865
v 117.89671317 -4.71568723 6.71517005
v 117.74904530 -5.57304057 6.29816883
v 117.57813704 -6.38614020 5.81553879
v 117.38614214 -7.15099628 5.27336192
v 117.17493230 -7.86423671 4.67692375
v 116.94598708 -8.52222551 4.03040238
v 116.70047359 -9.12035340 3.33709368
v 116.43947426 -9.65278942 2.60005430
v 116.16426979 -10.11282391 1.82290086
v 115.87656875 -10.49372320 1.01045817
v 115.57859823 -10.78982814 0.16901538
v 115.27302437 -10.99753231 -0.69389856
v 114.96273495 -11.11580603 -1.57012887
v 114.65056695 -11.14608114 -2.45166410
v 114.33908077 -11.09152784 -3.33127395
v 114.03046240 -10.95596193 -4.20278533
v 113.72658510 -10.74274713 -5.06090834
v 113.42919941 -10.45405720 -5.90069963
v 113.14017021 -10.09073635 -6.71689293
v 112.86165964 -9.65278942 -7.50338249
v 112.59617328 -9.14031689 -8.25309286
v 112.34643727 -8.55456153 -8.95832559
v 112.11513835 -7.89870240 -9.61149359
v 111.90461213 -7.17812942 -10.20600131
v 111.71658872 -6.40011879 -10.73696302
v 111.55208860 -5.57304057 -11.20149703
v 111.41151068 -4.70538764 -11.59847684
v 111.29488721 -3.80496565 -11.92781135
v 111.20221975 -2.87851042 -12.18949619
v 111.13377928 -1.93183169 -12.38276611
v 111.09026356 -0.97038295 -12.50565071
v 111.07275234 -0.00000000 -12.55510089
v 111.08247044 0.97250701 -12.52765782
v 111.12043548 1.93916167 -12.42044785
v 111.18710707 2.89112574 -12.23217307
v 111.28215470 3.81940289 -11.96376685
v 111.40442073 4.71568723 -11.61849824
v 111.55208860 5.57304057 -11.20149703
v 111.72299687 6.38614020 -10.71886698
v 111.91499177 7.15099628 -10.17669011
v 112.12620160 7.86423671 -9.58025195
v 112.35514682 8.52222551 -8.93373058
v 112.60066031 9.12035340 -8.24042188
v 112.86165964 9.65278942 -7.50338249
v 113.13686411 10.11282391 -6.72622906
v 113.42456516 10.49372320 -5.91378636
v 113.72253567 10.78982814 -5.07234358
v 114.02810953 10.99753231 -4.20942964
v 114.33839896 11.11580603 -3.33319932
v 114.65056695 11.14608114 -2.45166410
v 114.96205314 11.09152784 -1.57205425
v 115.27067150 10.95596193 -0.70054286
v 115.57454880 10.74274713 0.15758015
v 115.87193449 10.45405720 0.99737144
v 116.16096369 10.09073635 1.81356473
v 116.43947426 9.65278942 2.60005430
v 116.70496062 9.14031689 3.34976466
v 116.95469663 8.55456153 4.05499739
v 117.18599555 7.89870240 4.70816539
v 117.39652177 7.17812942 5.30267311
v 117.58454518 6.40011879 5.83363482
v 117.74904530 5.57304057 6.29816883
v 117.88962322 4.70538764 6.69514864
v 118.00624669 3.80496565 7.02448315
v 118.09891415 2.87851042 7.28616799
v 118.16735462 1.93183169 7.47943792
v 118.21087034 0.97038295 7.60232251
v 119.14363535 0.00000000 7.32329731
v 119.13347592 -0.97250479 7.29612468
v 119.09367888 -1.93917002 7.18968265
v 119.02375546 -2.89114516 7.00266400
v 118.92405078 -3.81941935 6.73599169
v 118.79578288 -4.71567646 6.39292363
v 118.64086501 -5.57297754 5.97857695
v 118.46157351 -6.38601022 5.49904006
v 118.26017504 -7.15080330 4.96037538
v 118.03863650 -7.86400536 4.36784363
v 117.79850867 -8.52199552 3.72559257
v 117.54101067 -9.12016777 3.03688291
v 117.26727090 -9.65268025 2.30473262
v 116.97862641 -10.11280080 1.53271786
v 116.67686582 -10.49376841 0.72562250
v 116.36432541 -10.78990064 -0.11030479
v 116.04380513 -10.99757970 -0.96757522
v 115.71833885 -11.11578063 -1.83807433
v 115.39090645 -11.14595508 -2.71383206
v 115.06419510 -11.09130209 -3.58766126
v 114.74049606 -10.95566626 -4.45343366
v 114.42176999 -10.74243110 -5.30590527
v 114.10984807 -10.45377507 -6.14017835
v 113.80668288 -10.09053097 -6.95103048
v 113.51454200 -9.65268025 -7.73239675
v 113.23605694 -9.14029601 -8.47723888
v 112.97409339 -8.55459839 -9.17789222
v 112.73147639 -7.89875548 -9.82680085
v 112.51066080 -7.17816035 -10.41739897
v 112.31346242 -6.40010417 -10.94483002
v 112.14094789 -5.57297754 -11.40624108
v 111.99352804 -4.70529187 -11.80053338
v 111.87122747 -3.80486296 -12.12764111
v 111.77403994 -2.87842574 -12.38758096
v 111.70224585 -1.93177955 -12.57960299
v 111.65657866 -0.97036320 -12.70174545
v 111.63817755 -0.00000000 -12.75096143
v 111.64833698 0.97250479 -12.72378880
v 111.68813402 1.93917002 -12.61734678
v 111.75805743 2.89114516 -12.43032812
v 111.85776212 3.81941935 -12.16365582
v 111.98603001 4.71567646 -11.82058776
v 112.14094789 5.57297754 -11.40624108
v 112.32023939 6.38601022 -10.92670419
v 112.52163786 7.15080330 -10.38803951
v 112.74317640 7.86400536 -9.79550776
v 112.98330423 8.52199552 -9.15325670
v 113.24080223 9.12016777 -8.46454704
v 113.51454200 9.65268025 -7.73239675
v 113.80318649 10.11280080 -6.96038199
v 114.10494708 10.49376841 -6.15328663
v 114.41748749 10.78990064 -5.31735934
v 114.73800777 10.99757970 -4.46008891
v 115.06347405 11.11578063 -3.58958980
v 115.39090645 11.14595508 -2.71383206
v 115.71761780 11.09130209 -1.84000287
v 116.04131684 10.95566626 -0.97423047
v 116.36004291 10.74243110 -0.12175886
v 116.67196483 10.45377507 0.71251422
v 116.97513002 10.09053097 1.52336635
v 117.26727090 9.65268025 2.30473262
v 117.54575596 9.14029601 3.04957475
v 117.80771951 8.55459839 3.75022809
v 118.05033650 7.89875548 4.39913672
v 118.27115209 7.17816035 4.98973484
v 118.46835048 6.40010417 5.51716589
v 118.64086501 5.57297754 5.97857695
v 118.78828486 4.70529187 6.37286925
v 118.91058543 3.80486296 6.69997698
v 119.00777296 2.87842574 6.95991684
v 119.07956705 1.93177955 7.15193886
v 119.12523424 0.97036320 7.27408132
v 120.05329384 0.00000000 6.97971955
v 120.04268636 -0.97253361 6.95279090
v 120.00106041 -1.93923583 6.84711726
v 119.92790000 -2.89124782 6.66138875
v 119.82356515 -3.81954896 6.39651931
v 119.68933304 -4.71581623 6.05575124
v 119.52721095 -5.57310995 5.64418035
v 119.33958710 -6.38612431 5.16786945
v 119.12883842 -7.15090014 4.63285274
v 118.89702551 -7.86409941 4.04436140
v 118.64577035 -8.52211093 3.40651300
v 118.37634512 -9.12033071 2.72253721
v 118.08992578 -9.65290958 1.99541937
v 117.78790714 -10.11310053 1.22870038
v 117.47215839 -10.49412452 0.42712547
v 117.14512432 -10.79028375 -0.40309887
v 116.80973709 -10.99795291 -1.25452897
v 116.46917459 -11.11611008 -2.11909724
v 116.12655773 -11.14621989 -2.98888081
v 115.78469939 -11.09150024 -3.85673877
v 115.44599595 -10.95581463 -4.71658754
v 115.11249614 -10.74255957 -5.56322613
v 114.78611269 -10.45391665 -6.39179878
v 114.46888636 -10.09071124 -7.19712473
v 114.16318967 -9.65290958 -7.97318099
v 113.87177851 -9.14056692 -8.71297133
v 113.59765571 -8.55488869 -9.40887259
v 113.34378205 -7.89903593 -10.05336843
v 113.11272966 -7.17840395 -10.63992908
v 112.90639928 -6.40029386 -11.16372928
v 112.72590450 -5.57310995 -11.62194196
v 112.57167001 -4.70537593 -12.01348903
v 112.44371526 -3.80491449 -12.33832109
v 112.34202836 -2.87846016 -12.59646834
v 112.26690008 -1.93180572 -12.78719259
v 112.21909898 -0.97038053 -12.90854275
v 112.19982162 -0.00000000 -12.95748117
v 112.21042910 0.97253361 -12.93055252
v 112.25205505 1.93923583 -12.82487887
v 112.32521546 2.89124782 -12.63915036
v 112.42955031 3.81954896 -12.37428092
v 112.56378242 4.71581623 -12.03351285
v 112.72590450 5.57310995 -11.62194196
v 112.91352836 6.38612431 -11.14563106
v 113.12427704 7.15090014 -10.61061436
v 113.35608995 7.86409941 -10.02212302
v 113.60734511 8.52211093 -9.38427462
v 113.87677034 9.12033071 -8.70029882
v 114.16318967 9.65290958 -7.97318099
v 114.46520832 10.11310053 -7.20646199
v 114.78095707 10.49412452 -6.40488709
v 115.10799114 10.79028375 -5.57466274
v 115.44337837 10.99795291 -4.72323265
v 115.78394087 11.11611008 -3.85866438
v 116.12655773 11.14621989 -2.98888081
v 116.46841607 11.09150024 -2.12102284
v 116.80711951 10.95581463 -1.26117408
v 117.14061932 10.74255957 -0.41453549
v 117.46700277 10.45391665 0.41403716
v 117.78422910 10.09071124 1.21936312
v 118.08992578 9.65290958 1.99541937
v 118.38133695 9.14056692 2.73520972
v 118.65545975 8.55488869 3.43111098
v 118.90933341 7.89903593 4.07560681
v 119.14038579 7.17840395 4.66216747
v 119.34671618 6.40029386 5.18596766
v 119.52721095 5.57310995 5.64418035
v 119.68144545 4.70537593 6.03572742
v 119.80940020 3.80491449 6.36055947
v 119.91108710 2.87846016 6.61870672
v 119.98621538 1.93180572 6.80943097
v 120.03401648 0.97038053 6.93078114
v 120.95711257 0.00000000 6.62110452
v 120.94604912 -0.97250460 6.59439498
v 120.90259665 -1.93918199 6.48949144
v 120.82621416 -2.89116973 6.30508780
v 120.71727698 -3.81944292 6.04209019
v 120.57711990 -4.71567555 5.70372108
v 120.40784139 -5.57292792 5.29504660
v 120.21193808 -6.38589761 4.82209416
v 119.99189427 -7.15063141 4.29086141
v 119.74986267 -7.86379788 3.70654545
v 119.48753637 -8.52179067 3.07323372
v 119.20624188 -9.12000694 2.39412876
v 118.90720464 -9.65259430 1.67218899
v 118.59187875 -10.11279884 0.91092495
v 118.26221463 -10.49383317 0.11504537
v 117.92076493 -10.78999234 -0.70928713
v 117.57059223 -10.99764757 -1.55467881
v 117.21501619 -11.11577848 -2.41311531
v 116.85729670 -11.14585583 -3.27672654
v 116.50037119 -11.09110650 -4.13842095
v 116.14674112 -10.95540291 -4.99215947
v 115.79854408 -10.74214767 -5.83278150
v 115.45777541 -10.45352379 -6.65546983
v 115.12656464 -10.09035303 -7.45508336
v 114.80738877 -9.65259430 -8.22564207
v 114.50312634 -9.14029424 -8.96019657
v 114.21691469 -8.55465118 -9.65117262
v 113.95184748 -7.89882260 -10.29110147
v 113.71061195 -7.17820465 -10.87349555
v 113.49519299 -6.40010293 -11.39356294
v 113.30675202 -5.57292792 -11.84849968
v 113.14572982 -4.70520889 -12.23724165
v 113.01214356 -3.80477150 -12.55974742
v 112.90597811 -2.87834979 -12.81605349
v 112.82753575 -1.93173312 -13.00543009
v 112.77761946 -0.97034608 -13.12593867
v 112.75748084 -0.00000000 -13.17455760
v 112.76854429 0.97250460 -13.14784807
v 112.81199676 1.93918199 -13.04294453
v 112.88837925 2.89116973 -12.85854089
v 112.99731643 3.81944292 -12.59554328
v 113.13747350 4.71567555 -12.25717417
v 113.30675202 5.57292792 -11.84849968
v 113.50265533 6.38589761 -11.37554725
v 113.72269914 7.15063141 -10.84431450
v 113.96473073 7.86379788 -10.25999854
v 114.22705704 8.52179067 -9.62668681
v 114.50835153 9.12000694 -8.94758185
v 114.80738877 9.65259430 -8.22564207
v 115.12271466 10.11279884 -7.46437804
v 115.45237878 10.49383317 -6.66849846
v 115.79382848 10.78999234 -5.84416596
v 116.14400118 10.99764757 -4.99877427
v 116.49957722 11.11577848 -4.14033777
v 116.85729670 11.14585583 -3.27672654
v 117.21422221 11.09110650 -2.41503214
v 117.56785229 10.95540291 -1.56129362
v 117.91604933 10.74214767 -0.72067159
v 118.25681800 10.45352379 0.10201674
v 118.58802877 10.09035303 0.90163027
v 118.90720464 9.65259430 1.67218899
v 119.21146707 9.14029424 2.40674348
v 119.49767872 8.55465118 3.09771953
v 119.76274593 7.89882260 3.73764838
v 120.00398146 7.17820465 4.32004246
v 120.21940042 6.40010293 4.84010985
v 120.40784139 5.57292792 5.29504660
v 120.56886359 4.70520889 5.68378856
v 120.70244985 3.80477150 6.00629433
v 120.80861530 2.87834979 6.26260040
v 120.88705766 1.93173312 6.45197700
v 120.93697394 0.97034608 6.57248558
v 121.85499805 0.00000000 6.24786947
v 121.84346330 -0.97262659 6.22134135
v 121.79818032 -1.93942311 6.11719764
v 121.71858665 -2.89152806 5.93414474
v 121.60507370 -3.81991782 5.67308282
v 121.45903161 -4.71626706 5.33720901
v 121.28264554 -5.57363534 4.93154882
v 121.07851529 -6.38671784 4.46208139
v 120.84922812 -7.15155776 3.93475699
v 120.59702650 -7.86481980 3.35473297
v 120.32367485 -8.52289465 2.72606721
v 120.03055641 -9.12117835 2.05194097
v 119.71894942 -9.65381958 1.33529394
v 119.39037027 -10.11406736 0.57961364
v 119.04685200 -10.49513797 -0.21042429
v 118.69105447 -10.79132963 -1.02870259
v 118.32616830 -10.99901501 -1.86788334
v 117.95565170 -11.11717280 -2.72001317
v 117.58290078 -11.14727067 -3.57728159
v 117.21097608 -11.09253108 -4.43264985
v 116.84248448 -10.95682216 -5.28012250
v 116.47965420 -10.74354364 -6.11457502
v 116.12456536 -10.45487802 -6.93122344
v 115.77943763 -10.09164907 -7.72496289
v 115.44685215 -9.65381958 -8.48985713
v 115.12980776 -9.14144077 -9.21900930
v 114.83157246 -8.55571486 -9.90490352
v 114.55536860 -7.89980157 -10.54012892
v 114.30399537 -7.17909718 -11.11824776
v 114.07952087 -6.40090574 -11.63450378
v 113.88315602 -5.57363534 -12.08611201
v 113.71536157 -4.70581324 -12.47201283
v 113.57615715 -3.80526440 -12.79216109
v 113.46552848 -2.87872384 -13.04658959
v 113.38379130 -1.93198337 -13.23457225
v 113.33178200 -0.97047072 -13.35418545
v 113.31080351 -0.00000000 -13.40243266
v 113.32233827 0.97262659 -13.37590454
v 113.36762124 1.93942311 -13.27176083
v 113.44721491 2.89152806 -13.08870793
v 113.56072786 3.81991782 -12.82764601
v 113.70676995 4.71626706 -12.49177220
v 113.88315602 5.57363534 -12.08611201
v 114.08728627 6.38671784 -11.61664458
v 114.31657344 7.15155776 -11.08932018
v 114.56877507 7.86481980 -10.50929616
v 114.84212672 8.52289465 -9.88063040
v 115.13524515 9.12117835 -9.20650416
v 115.44685215 9.65381958 -8.48985713
v 115.77543129 10.11406736 -7.73417683
v 116.11894956 10.49513797 -6.94413890
v 116.47474709 10.79132963 -6.12586060
v 116.83963327 10.99901501 -5.28667985
v 117.21014986 11.11717280 -4.43455002
v 117.58290078 11.14727067 -3.57728159
v 117.95482548 11.09253108 -2.72191334
v 118.32331708 10.95682216 -1.87444069
v 118.68614736 10.74354364 -1.03998817
v 119.04123620 10.45487802 -0.22333975
v 119.38636393 10.09164907 0.57039970
v 119.71894942 9.65381958 1.33529394
v 120.03599381 9.14144077 2.06444611
v 120.33422910 8.55571486 2.75034033
v 120.61043296 7.89980157 3.38556573
v 120.86180619 7.17909718 3.96368457
v 121.08628069 6.40090574 4.47994059
v 121.28264554 5.57363534 4.93154882
v 121.45043999 4.70581324 5.31744964
v 121.58964442 3.80526440 5.63759790
v 121.70027308 2.87872384 5.89202640
v 121.78201027 1.93198337 6.08000906
v 121.83401957 0.97047072 6.19962226
v 122.74606777 0.00000000 5.85864119
v 122.73407180 -0.97261920 5.83231845
v 122.68697818 -1.93940837 5.72898092
v 122.60420193 -2.89150609 5.54734501
v 122.48615011 -3.81988880 5.28830395
v 122.33426846 -4.71623122 4.95503008
v 122.15082951 -5.57359296 4.55251004
v 121.93853702 -6.38666926 4.08667668
v 121.70008170 -7.15150335 3.56343424
v 121.43779569 -7.86475996 2.98790012
v 121.15351397 -8.52282980 2.36410081
v 120.84867508 -9.12110897 1.69519291
v 120.52460835 -9.65374618 0.98409339
v 120.18289084 -10.11399048 0.23426275
v 119.82563686 -10.49505822 -0.54965958
v 119.45561261 -10.79124763 -1.36160367
v 119.07613631 -10.99893143 -2.19428842
v 118.69080446 -11.11708830 -3.03982200
v 118.30314894 -11.14718591 -3.89045441
v 117.91635268 -11.09244671 -4.73920134
v 117.53312680 -10.95673880 -5.58011379
v 117.15578860 -10.74346190 -6.40810690
v 116.78650139 -10.45479848 -7.21843372
v 116.42757358 -10.09157231 -8.00602892
v 116.08168952 -9.65374618 -8.76500220
v 115.75196798 -9.14137129 -9.48851010
v 115.44180762 -8.55564985 -10.16909490
v 115.15455962 -7.89974154 -10.79940309
v 114.89313514 -7.17904263 -11.37304677
v 114.65968493 -6.40085708 -11.88530649
v 114.45546836 -5.57359296 -12.33341885
v 114.28096460 -4.70577745 -12.71633243
v 114.13619403 -3.80523545 -13.03400243
v 114.02114185 -2.87870194 -13.28646142
v 113.93613636 -1.93196867 -13.47298894
v 113.88204744 -0.97046334 -13.59167624
v 113.86023011 -0.00000000 -13.63955000
v 113.87222607 0.97261920 -13.61322726
v 113.91931970 1.93940837 -13.50988973
v 114.00209595 2.89150609 -13.32825383
v 114.12014776 3.81988880 -13.06921276
v 114.27202941 4.71623122 -12.73593889
v 114.45546836 5.57359296 -12.33341885
v 114.66776086 6.38666926 -11.86758549
v 114.90621618 7.15150335 -11.34434305
v 115.16850219 7.86475996 -10.76880893
v 115.45278391 8.52282980 -10.14500962
v 115.75762280 9.12110897 -9.47610173
v 116.08168952 9.65374618 -8.76500220
v 116.42340703 10.11399048 -8.01517156
v 116.78066102 10.49505822 -7.23124923
v 117.15068526 10.79124763 -6.41930514
v 117.53016156 10.99893143 -5.58662039
v 117.91549342 11.11708830 -4.74108681
v 118.30314894 11.14718591 -3.89045441
v 118.68994520 11.09244671 -3.04170747
v 119.07317108 10.95673880 -2.20079502
v 119.45050928 10.74346190 -1.37280191
v 119.81979649 10.45479848 -0.56247509
v 120.17872430 10.09157231 0.22512010
v 120.52460835 9.65374618 0.98409339
v 120.85432990 9.14137129 1.70760129
v 121.16449026 8.55564985 2.38818609
v 121.45173825 7.89974154 3.01849428
v 121.71316274 7.17904263 3.59213796
v 121.94661294 6.40085708 4.10439768
v 122.15082951 5.57359296 4.55251004
v 122.32533328 4.70577745 4.93542361
v 122.47010384 3.80523545 5.25309362
v 122.58515603 2.87870194 5.50555261
v 122.67016152 1.93196867 5.69208012
v 122.72425044 0.97046334 5.81076743
v 123.62975835 0.00000000 5.45297651
v 123.61732353 -0.97244445 5.42690637
v 123.56845082 -1.93906530 5.32444261
v 123.48252957 -2.89099754 5.14430495
v 123.35998147 -3.81921309 4.88737753
v 123.20230927 -4.71538385 4.55681088
v 123.01187601 -5.57257035 4.15755925
v 122.79149309 -6.38547314 3.69551685
v 122.54395753 -7.15014400 3.17654775
v 122.27169209 -7.86325698 2.60573138
v 121.97660099 -8.52120980 1.98706002
v 121.66017488 -9.11940074 1.32365889
v 121.32379006 -9.65197498 0.61841347
v 120.96908034 -10.11217330 -0.12525094
v 120.59823866 -10.49320172 -0.90273669
v 120.21413662 -10.78934971 -1.70802335
v 119.82022046 -10.99698581 -2.53388577
v 119.42022604 -11.11509089 -3.37249151
v 119.01782178 -11.14514071 -4.21614958
v 118.61631252 -11.09036928 -5.05793124
v 118.21851170 -10.95465615 -5.89193802
v 117.82682259 -10.74140879 -6.71313132
v 117.44348825 -10.45281124 -7.51680847
v 117.07090311 -10.08968232 -8.29794946
v 116.71185349 -9.65197498 -9.05071263
v 116.36957859 -9.13972885 -9.76830689
v 116.04760962 -8.55413642 -10.44332888
v 115.74942884 -7.89835217 -11.06847788
v 115.47806076 -7.17777272 -11.63741288
v 115.23573855 -6.39970704 -12.14545197
v 115.02376755 -5.57257035 -12.58985842
v 114.84264121 -4.70489614 -12.96959768
v 114.69237595 -3.80451216 -13.28463536
v 114.57295228 -2.87815181 -13.53501228
v 114.48470904 -1.93160144 -13.72001808
v 114.42855001 -0.97028159 -13.83775794
v 114.40588521 -0.00000000 -13.88527568
v 114.41832003 0.97244445 -13.85920553
v 114.46719273 1.93906530 -13.75674178
v 114.55311399 2.89099754 -13.57660412
v 114.67566208 3.81921309 -13.31967670
v 114.83333429 4.71538385 -12.98911004
v 115.02376755 5.57257035 -12.58985842
v 115.24415047 6.38547314 -12.12781602
v 115.49168603 7.15014400 -11.60884692
v 115.76395147 7.86325698 -11.03803055
v 116.05904257 8.52120980 -10.41935919
v 116.37546868 9.11940074 -9.75595806
v 116.71185349 9.65197498 -9.05071263
v 117.06656322 10.11217330 -8.30704823
v 117.43740490 10.49320172 -7.52956248
v 117.82150693 10.78934971 -6.72427582
v 118.21542310 10.99698581 -5.89841340
v 118.61541752 11.11509089 -5.05980766
v 119.01782178 11.14514071 -4.21614958
v 119.41933103 11.09036928 -3.37436793
v 119.81713186 10.95465615 -2.54036115
v 120.20882097 10.74140879 -1.71916785
v 120.59215531 10.45281124 -0.91549069
v 120.96474045 10.08968232 -0.13434970
v 121.32379006 9.65197498 0.61841347
v 121.66606496 9.13972885 1.33600772
v 121.98803394 8.55413642 2.01102971
v 122.28621472 7.89835217 2.63617872
v 122.55758279 7.17777272 3.20511372
v 122.79990501 6.39970704 3.71315280
v 123.01187601 5.57257035 4.15755925
v 123.19300234 4.70489614 4.53729851
v 123.34326761 3.80451216 4.85233619
v 123.46269128 2.87815181 5.10271312
v 123.55093452 1.93160144 5.28771892
v 123.60709355 0.97028159 5.40545878
v 124.50517064 0.00000000 5.02985826
v 124.49234557 -0.97222207 5.00413514
v 124.44174997 -1.93863935 4.90265607
v 124.35273952 -2.89037200 4.72412872
v 124.22574839 -3.81837412 4.46942393
v 124.06234026 -4.71430555 4.14167790
v 123.86497718 -5.57122735 3.74582882
v 123.63658814 -6.38385533 3.28775127
v 123.38008437 -7.14826766 2.77328429
v 123.09798253 -7.86116740 2.20747555
v 122.79225373 -8.51897367 1.59427844
v 122.46443363 -9.11709027 0.93677303
v 122.11593613 -9.64964883 0.23779517
v 121.74844311 -10.10986089 -0.49928179
v 121.36422072 -10.49089669 -1.26991268
v 120.96624473 -10.78701515 -2.06812903
v 120.55809185 -10.99457010 -2.88675706
v 120.14364143 -11.11254913 -3.71801601
v 119.72670161 -11.14245469 -4.55426792
v 119.31069939 -11.08755945 -5.38863928
v 118.89854697 -10.95178144 -6.21528915
v 118.49272714 -10.73855437 -7.02923780
v 118.09555539 -10.45006822 -7.82584110
v 117.70950655 -10.08712602 -8.60013527
v 117.33746709 -9.64964883 -9.34633100
v 116.98279914 -9.13763882 -10.05768484
v 116.64917235 -8.55225734 -10.72683667
v 116.34020681 -7.89664315 -11.34652567
v 116.05904506 -7.17619598 -11.91044890
v 115.80800278 -6.39824358 -12.41396183
v 115.58842603 -5.57122735 -12.85436466
v 115.40081286 -4.70370411 -13.23065846
v 115.24516421 -3.80351378 -13.54284136
v 115.12144621 -2.87738697 -13.79098126
v 115.03000326 -1.93109455 -13.97438745
v 114.97177453 -0.97003576 -14.09117622
v 114.94823257 -0.00000000 -14.13839409
v 114.96105764 0.97222207 -14.11267097
v 115.01165324 1.93863935 -14.01119190
v 115.10066369 2.89037200 -13.83266456
v 115.22765482 3.81837412 -13.57795976
v 115.39106295 4.71430555 -13.25021374
v 115.58842603 5.57122735 -12.85436466
v 115.81681507 6.38385533 -12.39628710
v 116.07331884 7.14826766 -11.88182012
v 116.35542068 7.86116740 -11.31601138
v 116.66114948 8.51897367 -10.70281427
v 116.98896958 9.11709027 -10.04530886
v 117.33746709 9.64964883 -9.34633100
v 117.70496010 10.10986089 -8.60925405
v 118.08918249 10.49089669 -7.83862315
v 118.48715848 10.78701515 -7.04040680
v 118.89531136 10.99457010 -6.22177877
v 119.30976178 11.11254913 -5.39051983
v 119.72670161 11.14245469 -4.55426792
v 120.14270382 11.08755945 -3.71989656
v 120.55485624 10.95178144 -2.89324668
v 120.96067607 10.73855437 -2.07929804
v 121.35784782 10.45006822 -1.28269474
v 121.74389666 10.08712602 -0.50840056
v 122.11593613 9.64964883 0.23779517
v 122.47060407 9.13763882 0.94914901
v 122.80423086 8.55225734 1.61830084
v 123.11319640 7.89664315 2.23798984
v 123.39435815 7.17619598 2.80191307
v 123.64540044 6.39824358 3.30542600
v 123.86497718 5.57122735 3.74582882
v 124.05259035 4.70370411 4.12212263
v 124.20823901 3.80351378 4.43430552
v 124.33195700 2.87738697 4.68244543
v 124.42339995 1.93109455 4.86585162
v 124.48162868 0.97003576 4.98264039
v 125.37368120 0.00000000 4.59283806
v 125.36044642 -0.97189995 4.56741428
v 125.30812181 -1.93800704 4.46689965
v 125.21603384 -2.88943473 4.29000029
v 125.08463008 -3.81712872 4.03757601
v 124.91553236 -4.71274360 3.71274233
v 124.71129623 -5.56934210 3.32040838
v 124.47496171 -6.38164989 2.86641398
v 124.20954879 -7.14576100 2.35656050
v 123.91766519 -7.85839578 1.79585733
v 123.60134921 -8.51598635 1.18821998
v 123.26218451 -9.11394057 0.53669066
v 122.90162685 -9.64638348 -0.15593417
v 122.52140993 -10.10651126 -0.88632407
v 122.12387489 -10.48747497 -1.64998178
v 121.71210094 -10.78351721 -2.44099218
v 121.28979236 -10.99098411 -3.25223941
v 120.86096806 -11.10886729 -4.07600323
v 120.42957249 -11.13868420 -4.90470641
v 119.99915312 -11.08372901 -5.73153432
v 119.57272142 -10.94794101 -6.55070199
v 119.15284195 -10.73476827 -7.35728296
v 118.74190535 -10.44640373 -8.14668483
v 118.34246867 -10.08364121 -8.91399554
v 117.95751813 -9.64638348 -9.65347865
v 117.59053600 -9.13461130 -10.35844476
v 117.24532556 -8.54946793 -11.02158784
v 116.92563959 -7.89408248 -11.63569888
v 116.63473477 -7.17385539 -12.19452183
v 116.37500819 -6.39612369 -12.69345197
v 116.14784874 -5.56934210 -13.12982120
v 115.95376390 -4.70207912 -13.50265470
v 115.79274512 -3.80218001 -13.81196891
v 115.66474925 -2.87637249 -14.05784670
v 115.57012863 -1.93041738 -14.23961122
v 115.50985664 -0.96970064 -14.35539262
v 115.48546377 -0.00000000 -14.40225089
v 115.49869856 0.97189995 -14.37682711
v 115.55102316 1.93800704 -14.27631247
v 115.64311114 2.88943473 -14.09941312
v 115.77451490 3.81712872 -13.84698884
v 115.94361261 4.71274360 -13.52215515
v 116.14784874 5.56934210 -13.12982120
v 116.38418327 6.38164989 -12.67582680
v 116.64959619 7.14576100 -12.16597333
v 116.94147979 7.85839578 -11.60527015
v 117.25779577 8.51598635 -10.99763280
v 117.59696046 9.11394057 -10.34610349
v 117.95751813 9.64638348 -9.65347865
v 118.33773505 10.10651126 -8.92308875
v 118.73527009 10.48747497 -8.15943104
v 119.14704403 10.78351721 -7.36842065
v 119.56935262 10.99098411 -6.55717341
v 119.99817692 11.10886729 -5.73340959
v 120.42957249 11.13868420 -4.90470641
v 120.85999185 11.08372901 -4.07787851
v 121.28642355 10.94794101 -3.25871083
v 121.70630303 10.73476827 -2.45212986
v 122.11723963 10.44640373 -1.66272800
v 122.51667631 10.08364121 -0.89541728
v 122.90162685 9.64638348 -0.15593417
v 123.26860898 9.13461130 0.54903194
v 123.61381941 8.54946793 1.21217502
v 123.93350538 7.89408248 1.82628606
v 124.22441020 7.17385539 2.38510901
v 124.48413679 6.39612369 2.88403915
v 124.71129623 5.56934210 3.32040838
v 124.90538107 4.70207912 3.69324188
v 125.06639985 3.80218001 4.00255608
v 125.19439573 2.87637249 4.24843387
v 125.28901635 1.93041738 4.43019839
v 125.34928833 0.96970064 4.54597980
v 126.23508339 0.00000000 4.14199693
v 126.22141718 -0.97159082 4.11682691
v 126.16735579 -1.93739328 4.01725820
v 126.07220131 -2.88852111 3.84200546
v 125.93641580 -3.81591985 3.59191965
v 125.76167622 -4.71124459 3.27008940
v 125.55062552 -5.56756014 2.88138236
v 125.30640764 -6.37959597 2.43158896
v 125.03214537 -7.14345125 1.92646071
v 124.73053438 -7.85585170 1.37096238
v 124.40368059 -8.51323369 0.76897257
v 124.05321899 -9.11100726 0.12350260
v 123.68065186 -9.64329703 -0.56268070
v 123.28776891 -10.10329663 -1.28628107
v 122.87698830 -10.48415361 -2.04284484
v 122.45149194 -10.78010752 -2.82651165
v 122.01510852 -10.98750329 -3.63022992
v 121.57199229 -11.10533384 -4.44634850
v 121.12622033 -11.13512028 -5.26735832
v 120.68145878 -11.08016173 -6.08650719
v 120.24081900 -10.94440227 -6.89806471
v 119.80694982 -10.73129299 -7.69715234
v 119.38232014 -10.44302710 -8.47922290
v 118.96957126 -10.08039580 -9.23941179
v 118.57178879 -9.64329703 -9.97203595
v 118.19257205 -9.13170581 -10.67046630
v 117.83585284 -8.54676033 -11.32746137
v 117.50551095 -7.89158642 -11.93587543
v 117.20491305 -7.17158344 -12.48950790
v 116.93653639 -6.39408925 -12.98379621
v 116.70181513 -5.56756014 -13.41609900
v 116.50127147 -4.70056576 -13.78545447
v 116.33489395 -3.80095102 -14.09188374
v 116.20263576 -2.87544129 -14.33547303
v 116.10485988 -1.92979341 -14.51555380
v 116.04257259 -0.96938854 -14.63027272
v 116.01735726 -0.00000000 -14.67671357
v 116.03102347 0.97159082 -14.65154355
v 116.08508486 1.93739328 -14.55197485
v 116.18023934 2.88852111 -14.37672210
v 116.31602485 3.81591985 -14.12663630
v 116.49076443 4.71124459 -13.80480604
v 116.70181513 5.56756014 -13.41609900
v 116.94603302 6.37959597 -12.96630561
v 117.22029528 7.14345125 -12.46117735
v 117.52190627 7.85585170 -11.90567902
v 117.84876006 8.51323369 -11.30368922
v 118.19922166 9.11100726 -10.65821925
v 118.57178879 9.64329703 -9.97203595
v 118.96467174 10.10329663 -9.24843557
v 119.37545235 10.48415361 -8.49187180
v 119.80094871 10.78010752 -7.70820499
v 120.23733213 10.98750329 -6.90448672
v 120.68044836 11.10533384 -6.08836815
v 121.12622033 11.13512028 -5.26735832
v 121.57098187 11.08016173 -4.44820945
v 122.01162165 10.94440227 -3.63665194
v 122.44549083 10.73129299 -2.83756431
v 122.87012051 10.44302710 -2.05549374
v 123.28286940 10.08039580 -1.29530485
v 123.68065186 9.64329703 -0.56268070
v 124.05986860 9.13170581 0.13574966
v 124.41658781 8.54676033 0.79274472
v 124.74692970 7.89158642 1.40115879
v 125.04752760 7.17158344 1.95479125
v 125.31590426 6.39408925 2.44907957
v 125.55062552 5.56756014 2.88138236
v 125.75116918 4.70056576 3.25073783
v 125.91754670 3.80095102 3.55716709
v 126.04980489 2.87544129 3.80075639
v 126.14758077 1.92979341 3.98083716
v 126.20986806 0.96938854 4.09555607
v 127.08809951 0.00000000 3.67552598
v 127.07402240 -0.97126697 3.65064478
v 127.01825575 -1.93675413 3.55207757
v 126.92007458 -2.88757179 3.37854294
v 126.77995450 -3.81466097 3.13088152
v 126.59962871 -4.70967425 2.81215677
v 126.38183010 -5.56567834 2.42719904
v 126.12980953 -6.37740980 1.98175418
v 125.84679484 -7.14097876 1.48152742
v 125.53557030 -7.85312273 0.93143990
v 125.19830812 -8.51028709 0.33533102
v 124.83669173 -9.10788509 -0.30382378
v 124.45226621 -9.64003766 -0.98329360
v 124.04687374 -10.09992903 -1.69982236
v 123.62300703 -10.48069489 -2.44900424
v 123.18394958 -10.77656463 -3.22503566
v 122.73365463 -10.98387851 -4.02092928
v 122.27641239 -11.10163224 -4.82910220
v 121.81643291 -11.13135667 -5.64211318
v 121.35750035 -11.07636476 -6.45327373
v 120.90282403 -10.94061420 -7.25691141
v 120.45513415 -10.72756515 -8.04820060
v 120.01697470 -10.43941256 -8.82264481
v 119.59106860 -10.07694144 -9.57543129
v 119.18059961 -9.64003766 -10.30093276
v 118.78928425 -9.12866206 -10.99258032
v 118.42118418 -8.54394075 -11.64319499
v 118.08030790 -7.88899284 -12.24569177
v 117.77013304 -7.16921753 -12.79392399
v 117.49321659 -6.39195799 -13.28337216
v 117.25103572 -5.56567834 -13.71142540
v 117.04412374 -4.69895496 -14.07714109
v 116.87246210 -3.79963544 -14.38055200
v 116.73599676 -2.87444242 -14.62175368
v 116.63509949 -1.92912547 -14.80008900
v 116.57080977 -0.96905635 -14.91372068
v 116.54476632 -0.00000000 -14.95975234
v 116.55884342 0.97126697 -14.93487114
v 116.61461007 1.93675413 -14.83630393
v 116.71279124 2.88757179 -14.66276929
v 116.85291133 3.81466097 -14.41510788
v 117.03323711 4.70967425 -14.09638313
v 117.25103572 5.56567834 -13.71142540
v 117.50305629 6.37740980 -13.26598054
v 117.78607098 7.14097876 -12.76575378
v 118.09729552 7.85312273 -12.21566626
v 118.43455770 8.51028709 -11.61955738
v 118.79617409 9.10788509 -10.98040257
v 119.18059961 9.64003766 -10.30093276
v 119.58599208 10.09992903 -9.58440400
v 120.00985880 10.48069489 -8.83522212
v 120.44891625 10.77656463 -8.05919070
v 120.89921120 10.98387851 -7.26329707
v 121.35645343 11.10163224 -6.45512415
v 121.81643291 11.13135667 -5.64211318
v 122.27536547 11.07636476 -4.83095263
v 122.73004179 10.94061420 -4.02731495
v 123.17773168 10.72756515 -3.23602576
v 123.61589113 10.43941256 -2.46158155
v 124.04179723 10.07694144 -1.70879507
v 124.45226621 9.64003766 -0.98329360
v 124.84358157 9.12866206 -0.29164604
v 125.21168164 8.54394075 0.35896863
v 125.55255792 7.88899284 0.96146542
v 125.86273278 7.16921753 1.50969763
v 126.13964923 6.39195799 1.99914580
v 126.38183010 5.56567834 2.42719904
v 126.58874208 4.69895496 2.79291473
v 126.76040372 3.79963544 3.09632565
v 126.89686906 2.87444242 3.33752732
v 126.99776634 1.92912547 3.51586265
v 127.06205605 0.96905635 3.62949433
v 127.93305038 0.00000000 3.19463242
v 127.91855894 -0.97107012 3.17003084
v 127.86109692 -1.93636595 3.07247970
v 127.75991386 -2.88699541 2.90070494
v 127.61549914 -3.81389641 2.65553741
v 127.42964093 -4.70871975 2.34001278
v 127.20515965 -5.56453329 1.95891917
v 126.94541019 -6.37607815 1.51795211
v 126.65372299 -7.13947158 1.02276550
v 126.33296934 -7.85145875 0.47823386
v 125.98538743 -8.50849090 -0.11184313
v 125.61270973 -9.10598330 -0.74452432
v 125.21652519 -9.63805437 -1.41711220
v 124.79872932 -10.09788210 -2.12638884
v 124.36188942 -10.47859426 -2.86799583
v 123.90938967 -10.77441354 -3.63618796
v 123.44530603 -10.98167703 -4.42404564
v 122.97406248 -11.09938229 -5.22405844
v 122.50000000 -11.12906657 -6.02885683
v 122.02701940 -11.07405193 -6.83181855
v 121.55842744 -10.93830505 -7.62732984
v 121.09703585 -10.72529211 -8.41061733
v 120.64546408 -10.43720920 -9.17723406
v 120.20651671 -10.07483730 -9.92241883
v 119.78347481 -9.63805437 -10.64060146
v 119.38017038 -9.12681197 -11.32527652
v 119.00079250 -8.54222831 -11.96933235
v 118.64947581 -7.88741813 -12.56574974
v 118.32980689 -7.16778062 -13.10843987
v 118.04442155 -6.39066254 -13.59292805
v 117.79484035 -5.56453329 -14.01663283
v 117.58160920 -4.69797379 -14.37862749
v 117.40470445 -3.79883348 -14.67895217
v 117.26406651 -2.87383336 -14.91770801
v 117.16007665 -1.92871830 -15.09424776
v 117.09380698 -0.96885400 -15.20675134
v 117.06694962 -0.00000000 -15.25234608
v 117.08144106 0.97107012 -15.22774450
v 117.13890308 1.93636595 -15.13019336
v 117.24008614 2.88699541 -14.95841860
v 117.38450086 3.81389641 -14.71325106
v 117.57035907 4.70871975 -14.39772644
v 117.79484035 5.56453329 -14.01663283
v 118.05458981 6.37607815 -13.57566577
v 118.34627701 7.13947158 -13.08047916
v 118.66703066 7.85145875 -12.53594752
v 119.01461257 8.50849090 -11.94587053
v 119.38729027 9.10598330 -11.31318934
v 119.78347481 9.63805437 -10.64060146
v 120.20127068 10.09788210 -9.93132482
v 120.63811058 10.47859426 -9.18971783
v 121.09061033 10.77441354 -8.42152570
v 121.55469397 10.98167703 -7.63366802
v 122.02593752 11.09938229 -6.83365522
v 122.50000000 11.12906657 -6.02885683
v 122.97298060 11.07405193 -5.22589511
v 123.44157256 10.93830505 -4.43038382
v 123.90296415 10.72529211 -3.64709633
v 124.35453592 10.43720920 -2.88047960
v 124.79348329 10.07483730 -2.13529483
v 125.21652519 9.63805437 -1.41711220
v 125.61982962 9.12681197 -0.73243714
v 125.99920750 8.54222831 -0.08838131
v 126.35052419 7.88741813 0.50803608
v 126.67019311 7.16778062 1.05072622
v 126.95557845 6.39066254 1.53521439
v 127.20515965 5.56453329 1.95891917
v 127.41839080 4.69797379 2.32091383
v 127.59529555 3.79883348 2.62123851
v 127.73593349 2.87383336 2.85999435
v 127.83992335 1.92871830 3.03653410
v 127.90619302 0.96885400 3.14903768
v 128.77076910 0.00000000 2.70119780
v 128.75581483 -0.97084629 2.67679466
v 128.69662618 -1.93591115 2.58020756
v 128.59243704 -2.88631272 2.41018634
v 128.44375287 -3.81300063 2.16755583
v 128.25241103 -4.70763438 1.85531432
v 128.02130774 -5.56328394 1.47818802
v 127.75388821 -6.37468482 1.04179901
v 127.45357404 -7.13794283 0.55173082
v 127.12331796 -7.84979020 0.01280189
v 126.76542558 -8.50666901 -0.57122540
v 126.38168570 -9.10399342 -1.19743197
v 125.97374123 -9.63589043 -1.86313683
v 125.54355006 -10.09555451 -2.56514503
v 125.09375897 -10.47613313 -3.29913737
v 124.62785215 -10.77186570 -4.05942820
v 124.15002293 -10.97909773 -4.83917462
v 123.66482150 -11.09682386 -5.63095139
v 123.17671337 -11.12656787 -6.42747147
v 122.68971334 -11.07163199 -7.22218329
v 122.20722777 -10.93596288 -8.00952819
v 121.73215583 -10.72301283 -8.78477512
v 121.26719949 -10.43497432 -9.54351492
v 120.81524985 -10.07263570 -10.28102970
v 120.37968551 -9.63589043 -10.99180610
v 119.96444860 -9.12470822 -11.66941115
v 119.57384616 -8.54022197 -12.30681640
v 119.21212849 -7.88555298 -12.89708600
v 118.88298343 -7.16609711 -13.43420192
v 118.58912384 -6.38918948 -13.91373718
v 118.33211900 -5.56328394 -14.33313096
v 118.11253850 -4.69694717 -14.69145377
v 117.93036710 -3.79802005 -14.98873048
v 117.78555124 -2.87322263 -15.22504848
v 117.67848728 -1.92830532 -15.39976098
v 117.61027752 -0.96864229 -15.51106920
v 117.58265765 -0.00000000 -15.55614074
v 117.59761191 0.97084629 -15.53173760
v 117.65680056 1.93591115 -15.43515050
v 117.76098970 2.88631272 -15.26512927
v 117.90967387 3.81300063 -15.02249876
v 118.10101571 4.70763438 -14.71025726
v 118.33211900 5.56328394 -14.33313096
v 118.59953853 6.37468482 -13.89674195
v 118.89985271 7.13794283 -13.40667376
v 119.23010878 7.84979020 -12.86774482
v 119.58800117 8.50666901 -12.28371754
v 119.97174105 9.10399342 -11.65751096
v 120.37968551 9.63589043 -10.99180610
v 120.80987668 10.09555451 -10.28979791
v 121.25966777 10.47613313 -9.55580557
v 121.72557459 10.77186570 -8.79551474
v 122.20340381 10.97909773 -8.01576832
v 122.68860524 11.09682386 -7.22399154
v 123.17671337 11.12656787 -6.42747147
v 123.66371340 11.07163199 -5.63275964
v 124.14619898 10.93596288 -4.84541475
v 124.62127091 10.72301283 -4.07016781
v 125.08622725 10.43497432 -3.31142802
v 125.53817690 10.07263570 -2.57391323
v 125.97374123 9.63589043 -1.86313683
v 126.38897814 9.12470822 -1.18553178
v 126.77958058 8.54022197 -0.54812653
v 127.14129826 7.88555298 0.04214307
v 127.47044331 7.16609711 0.57925898
v 127.76430290 6.38918948 1.05879424
v 128.02130774 5.56328394 1.47818802
v 128.24088824 4.69694717 1.83651084
v 128.42305964 3.79802005 2.13378754
v 128.56787550 2.87322263 2.37010554
v 128.67493946 1.92830532 2.54481805
v 128.74314922 0.96864229 2.65612626
v 129.59864610 0.00000000 2.19143404
v 129.58327824 -0.97069005 2.16731133
v 129.52242217 -1.93560192 2.07178643
v 129.41528824 -2.88585292 1.90361986
v 129.26239580 -3.81239155 1.66362679
v 129.06563521 -4.70687677 1.35477453
v 128.82798682 -5.56237954 0.98174127
v 128.55299582 -6.37363807 0.55009188
v 128.24418272 -7.13676218 0.06535241
v 127.90458479 -7.84848836 -0.46770957
v 127.53657253 -8.50526197 -1.04537310
v 127.14198395 -9.10249851 -1.66475311
v 126.72250650 -9.63432397 -2.32320082
v 126.28015168 -10.09392982 -3.01755879
v 125.81764020 -10.47445969 -3.74355639
v 125.33855487 -10.77014973 -4.49556972
v 124.84720858 -10.97734396 -5.26682891
v 124.34828160 -11.09503803 -6.04998740
v 123.84636689 -11.12475908 -6.83783567
v 123.34559326 -11.06981399 -7.62389281
v 122.84946298 -10.93415402 -8.40266137
v 122.36095605 -10.72123448 -9.16946365
v 121.88284948 -10.43324833 -9.91994063
v 121.41811520 -10.07098174 -10.64942733
v 120.97022729 -9.63432397 -11.35247053
v 120.54324033 -9.12323977 -12.02270580
v 120.14158493 -8.53885778 -12.65317849
v 119.76963352 -7.88429681 -13.23702525
v 119.43117967 -7.16495241 -13.76829137
v 119.12901328 -6.38816126 -14.24259760
v 118.86474697 -5.56237954 -14.65741262
v 118.63896433 -4.69617591 -15.01182037
v 118.45164714 -3.79739184 -15.30584945
v 118.30273815 -2.87274612 -15.53958976
v 118.19264384 -1.92798636 -15.71240320
v 118.12249814 -0.96848323 -15.82250990
v 118.09408768 -0.00000000 -15.86710538
v 118.10945554 0.97069005 -15.84298268
v 118.17031162 1.93560192 -15.74745777
v 118.27744554 2.88585292 -15.57929120
v 118.43033798 3.81239155 -15.33929813
v 118.62709857 4.70687677 -15.03044588
v 118.86474697 5.56237954 -14.65741262
v 119.13973796 6.37363807 -14.22576323
v 119.44855106 7.13676218 -13.74102375
v 119.78814899 7.84848836 -13.20796178
v 120.15616125 8.50526197 -12.63029825
v 120.55074983 9.10249851 -12.01091824
v 120.97022729 9.63432397 -11.35247053
v 121.41258210 10.09392982 -10.65811255
v 121.87509358 10.47445969 -9.93211496
v 122.35417891 10.77014973 -9.18010162
v 122.84552520 10.97734396 -8.40884244
v 123.34445218 11.09503803 -7.62568395
v 123.84636689 11.12475908 -6.83783567
v 124.34714052 11.06981399 -6.05177853
v 124.84327081 10.93415402 -5.27300998
v 125.33177774 10.72123448 -4.50620769
v 125.80988430 10.43324833 -3.75573071
v 126.27461858 10.07098174 -3.02624401
v 126.72250650 9.63432397 -2.32320082
v 127.14949345 9.12323977 -1.65296555
v 127.55114886 8.53885778 -1.02249286
v 127.92310026 7.88429681 -0.43864609
v 128.26155411 7.16495241 0.09262002
v 128.56372051 6.38816126 0.56692626
v 128.82798682 5.56237954 0.98174127
v 129.05376945 4.69617591 1.33614902
v 129.24108664 3.79739184 1.63017811
v 129.38999563 2.87274612 1.86391841
v 129.50008994 1.92798636 2.03673186
v 129.57023564 0.96848323 2.14683855
v 130.41905516 0.00000000 1.66966266
v 130.40321420 -0.97046083 1.64572959
v 130.34065009 -1.93513263 1.55120552
v 130.23056156 -2.88514658 1.38487990
v 130.07348460 -3.81146723 1.14756250
v 129.87135573 -4.70576529 0.84217909
v 129.62722529 -5.56111409 0.47333823
v 129.34472198 -6.37224325 0.04652228
v 129.02745150 -7.13524567 -0.43282112
v 128.67852903 -7.84683888 -0.95998546
v 128.30039182 -8.50345467 -1.53128847
v 127.89493600 -9.10050649 -2.14386539
v 127.46390587 -9.63213215 -2.79508089
v 127.00937763 -10.09154624 -3.48179815
v 126.53415194 -10.47192015 -4.19978585
v 126.04190960 -10.76751364 -4.94348290
v 125.53707675 -10.97468249 -5.70620213
v 125.02445480 -11.09241805 -6.48068942
v 124.50875658 -11.12222818 -7.25982444
v 123.99422187 -11.06739144 -8.03720158
v 123.48445159 -10.93183060 -8.80738046
v 122.98251393 -10.71898125 -9.56572555
v 122.49126960 -10.43103135 -10.30791477
v 122.01377740 -10.06877778 -11.02932679
v 121.55360728 -9.63213215 -11.72456800
v 121.11492000 -9.12108541 -12.38735218
v 120.70225842 -8.53678752 -13.01081581
v 120.32010462 -7.88236706 -13.58818724
v 119.97234873 -7.16321526 -14.11358907
v 119.66185564 -6.38665276 -14.58269296
v 119.39028786 -5.56111409 -14.99298712
v 119.15825647 -4.69514819 -15.34354831
v 118.96575666 -3.79658492 -15.63438379
v 118.81274147 -2.87214237 -15.86556453
v 118.69963435 -1.92757668 -16.03645074
v 118.62759797 -0.96827129 -16.14528584
v 118.59845799 -0.00000000 -16.18931155
v 118.61429895 0.97046083 -16.16537847
v 118.67686306 1.93513263 -16.07085441
v 118.78695159 2.88514658 -15.90452878
v 118.94402855 3.81146723 -15.66721138
v 119.14615742 4.70576529 -15.36182798
v 119.39028786 5.56111409 -14.99298712
v 119.67279118 6.37224325 -14.56617116
v 119.99006165 7.13524567 -14.08682777
v 120.33898412 7.84683888 -13.55966342
v 120.71712133 8.50345467 -12.98836042
v 121.12257715 9.10050649 -12.37578349
v 121.55360728 9.63213215 -11.72456800
v 122.00813552 10.09154624 -11.03785074
v 122.48336121 10.47192015 -10.31986304
v 122.97560355 10.76751364 -9.57616599
v 123.48043640 10.97468249 -8.81344675
v 123.99305836 11.09241805 -8.03895946
v 124.50875658 11.12222818 -7.25982444
v 125.02329128 11.06739144 -6.48244730
v 125.53306156 10.93183060 -5.71226843
v 126.03499922 10.71898125 -4.95392334
v 126.52624355 10.43103135 -4.21173412
v 127.00373575 10.06877778 -3.49032210
v 127.46390587 9.63213215 -2.79508089
v 127.90259315 9.12108541 -2.13229671
v 128.31525473 8.53678752 -1.50883307
v 128.69740853 7.88236706 -0.93146165
v 129.04516442 7.16321526 -0.40605982
v 129.35565751 6.38665276 0.06304407
v 129.62722529 5.56111409 0.47333823
v 129.85925668 4.69514819 0.82389942
v 130.05175649 3.79658492 1.11473490
v 130.20477168 2.87214237 1.34591564
v 130.31787880 1.92757668 1.51680186
v 130.38991518 0.96827129 1.62563695
v 131.22872518 0.00000000 1.13138531
v 131.21247703 -0.97033090 1.10774410
v 131.14828022 -1.93487531 1.01433717
v 131.03531103 -2.88476390 0.84996596
v 130.87411910 -3.81096041 0.61543026
v 130.66669253 -4.70513526 0.31362273
v 130.41616329 -5.56036259 -0.05089958
v 130.12625713 -6.37137415 -0.47271565
v 129.80067590 -7.13426595 -0.94643929
v 129.44261713 -7.84575881 -1.46741803
v 129.05458165 -8.50228708 -2.03201315
v 128.63851412 -9.09926529 -2.63739518
v 128.19620292 -9.63083051 -3.28096196
v 127.72977724 -10.09019512 -3.95961554
v 127.24211027 -10.47052767 -4.66917538
v 126.73697927 -10.76608545 -5.40414554
v 126.21892703 -10.97322316 -6.15791624
v 125.69288177 -11.09093293 -6.92331684
v 125.16368066 -11.12072517 -7.69330924
v 124.63567485 -11.06588197 -8.46156246
v 124.11255917 -10.93032958 -9.22270049
v 123.59748121 -10.71750585 -9.97214358
v 123.09337548 -10.42959909 -10.70562196
v 122.60338009 -10.06740452 -11.41856968
v 122.13115839 -9.63083051 -12.10565651
v 121.68098086 -9.11986422 -12.76066888
v 121.25751071 -8.53565236 -13.37682178
v 120.86534890 -7.88132155 -13.94742074
v 120.50848859 -7.16226275 -14.46665573
v 120.18986989 -6.38579768 -14.93024881
v 119.91119802 -5.56036259 -15.33571889
v 119.67309837 -4.69450782 -15.68215604
v 119.47556393 -3.79606363 -15.96957043
v 119.31854473 -2.87174704 -16.19803478
v 119.20247448 -1.92731201 -16.36691805
v 119.12854663 -0.96813922 -16.47448374
v 119.09863613 -0.00000000 -16.51800378
v 119.11488428 0.97033090 -16.49436257
v 119.17908109 1.93487531 -16.40095564
v 119.29205029 2.88476390 -16.23658443
v 119.45324221 3.81096041 -16.00204873
v 119.66066878 4.70513526 -15.70024120
v 119.91119802 5.56036259 -15.33571889
v 120.20110418 6.37137415 -14.91390282
v 120.52668541 7.13426595 -14.44017918
v 120.88474418 7.84575881 -13.91920044
v 121.27277966 8.50228708 -13.35460532
v 121.68884720 9.09926529 -12.74922329
v 122.13115839 9.63083051 -12.10565651
v 122.59758407 10.09019512 -11.42700293
v 123.08525104 10.47052767 -10.71744309
v 123.59038204 10.76608545 -9.98247293
v 124.10843428 10.97322316 -9.22870223
v 124.63447955 11.09093293 -8.46330163
v 125.16368066 11.12072517 -7.69330924
v 125.69168647 11.06588197 -6.92505601
v 126.21480214 10.93032958 -6.16391798
v 126.72988011 10.71750585 -5.41447489
v 127.23398584 10.42959909 -4.68099651
v 127.72398123 10.06740452 -3.96804879
v 128.19620292 9.63083051 -3.28096196
v 128.64638045 9.11986422 -2.62594959
v 129.06985061 8.53565236 -2.00979669
v 129.46201241 7.88132155 -1.43919773
v 129.81887273 7.16226275 -0.91996274
v 130.13749142 6.38579768 -0.45636966
v 130.41616329 5.56036259 -0.05089958
v 130.65426294 4.69450782 0.29553757
v 130.85179739 3.79606363 0.58295196
v 131.00881658 2.87174704 0.81141631
v 131.12488683 1.92731201 0.98029958
v 131.19881468 0.96813922 1.08786527
v 132.03024372 0.00000000 0.58098474
v 132.01353687 -0.97023078 0.55756261
v 131.94767491 -1.93466530 0.46522754
v 131.83182211 -2.88444516 0.30280791
v 131.66654428 -3.81054678 0.07109693
v 131.45387488 -4.70464976 -0.22705456
v 131.19701496 -5.55982957 -0.58715889
v 130.89977264 -6.37081016 -1.00387726
v 130.56593366 -7.13367285 -1.47190224
v 130.19877194 -7.84512204 -1.98664400
v 129.80085337 -8.50158025 -2.54450525
v 129.37417886 -9.09845983 -3.14268085
v 128.92059168 -9.62990729 -3.77858663
v 128.44228356 -10.08915397 -4.44914989
v 127.94220543 -10.46939123 -5.15023356
v 127.42423023 -10.76489587 -5.87640801
v 126.89301164 -10.97203216 -6.62114901
v 126.35359658 -11.08978852 -7.37738103
v 125.81093964 -11.11965914 -8.13815801
v 125.26950044 -11.06490243 -8.89722776
v 124.73307000 -10.92942089 -9.64927551
v 124.20488155 -10.71663600 -10.38976841
v 123.68795088 -10.42873204 -11.11447847
v 123.18550059 -10.06651336 -11.81888779
v 122.70128759 -9.62990729 -12.49772938
v 122.23968632 -9.11892319 -13.14487050
v 121.80547016 -8.53472593 -13.75361911
v 121.40334776 -7.88045072 -14.31737393
v 121.03740700 -7.16148538 -14.83040395
v 120.71066133 -6.38513876 -15.28848448
v 120.42486431 -5.55982957 -15.68915713
v 120.18066744 -4.69409227 -16.03150851
v 119.97807597 -3.79574804 -16.31553127
v 119.81704924 -2.87151396 -16.54128242
v 119.69803715 -1.92715179 -16.70813122
v 119.62226137 -0.96805353 -16.81436495
v 119.59163555 -0.00000000 -16.85730076
v 119.60834240 0.97023078 -16.83387862
v 119.67420437 1.93466530 -16.74154355
v 119.79005716 2.88444516 -16.57912393
v 119.95533499 3.81054678 -16.34741295
v 120.16800439 4.70464976 -16.04926145
v 120.42486431 5.55982957 -15.68915713
v 120.72210663 6.37081016 -15.27243876
v 121.05594561 7.13367285 -14.80441377
v 121.42310733 7.84512204 -14.28967202
v 121.82102590 8.50158025 -13.73181076
v 122.24770041 9.09845983 -13.13363517
v 122.70128759 9.62990729 -12.49772938
v 123.17959572 10.08915397 -11.82716613
v 123.67967384 10.46939123 -11.12608245
v 124.19764904 10.76489587 -10.39990801
v 124.72886763 10.97203216 -9.65516700
v 125.26828269 11.08978852 -8.89893498
v 125.81093964 11.11965914 -8.13815801
v 126.35237883 11.06490243 -7.37908826
v 126.88880927 10.92942089 -6.62704051
v 127.41699773 10.71663600 -5.88654761
v 127.93392839 10.42873204 -5.16183754
v 128.43637868 10.06651336 -4.45742822
v 128.92059168 9.62990729 -3.77858663
v 129.38219295 9.11892319 -3.13144551
v 129.81640911 8.53472593 -2.52269690
v 130.21853152 7.88045072 -1.95894209
v 130.58447228 7.16148538 -1.44591206
v 130.91121794 6.38513876 -0.98783154
v 131.19701496 5.55982957 -0.58715889
v 131.44121183 4.69409227 -0.24480751
v 131.64380330 3.79574804 0.03921526
v 131.80483003 2.87151396 0.26496640
v 131.92384212 1.92715179 0.43181521
v 131.99961791 0.96805353 0.53804894
v 132.82254312 0.00000000 0.01730795
v 132.80536034 -0.97001334 -0.00591325
v 132.73783271 -1.93421722 -0.09717160
v 132.61911686 -2.88376920 -0.25760686
v 132.44979555 -3.80966423 -0.48643148
v 132.23194484 -4.70359539 -0.78083981
v 131.96882929 -5.55864056 -1.13642008
v 131.66433281 -6.36951321 -1.54792345
v 131.32231957 -7.13227438 -2.01012782
v 130.94613683 -7.84360577 -2.51850961
v 130.53841567 -8.49991361 -3.06951313
v 130.10121598 -9.09660759 -3.66035461
v 129.63643973 -9.62784787 -4.28846365
v 129.14634467 -10.08689286 -4.95078912
v 128.63396092 -10.46696646 -5.64323601
v 128.10325611 -10.76237316 -6.36044241
v 127.55899160 -10.96949097 -7.09597367
v 127.00632891 -11.08730315 -7.84285444
v 126.45033635 -11.11728112 -8.59423525
v 125.89558008 -11.06264987 -9.34394533
v 125.34594742 -10.92727831 -10.08673124
v 124.80475917 -10.71456474 -10.81810518
v 124.27511478 -10.42668761 -11.53387849
v 123.76032278 -10.06446404 -12.22957996
v 123.26423297 -9.62784787 -12.90000685
v 122.79132068 -9.11687952 -13.53911113
v 122.34646456 -8.53274924 -14.14029967
v 121.93447560 -7.87860397 -14.69707080
v 121.55953241 -7.15982674 -15.20377745
v 121.22472042 -6.38370777 -15.65624988
v 120.93184342 -5.55864056 -16.05205043
v 120.68158362 -4.69313666 -16.39025713
v 120.47396420 -3.79500393 -16.67083867
v 120.30895869 -2.87095897 -16.89383082
v 120.18703546 -1.92677399 -17.05860061
v 120.10944315 -0.96785645 -17.16346060
v 120.07812959 -0.00000000 -17.20577845
v 120.09531237 0.97001334 -17.18255726
v 120.16284000 1.93421722 -17.09129891
v 120.28155585 2.88376920 -16.93086364
v 120.45087716 3.80966423 -16.70203903
v 120.66872787 4.70359539 -16.40763069
v 120.93184342 5.55864056 -16.05205043
v 121.23633989 6.36951321 -15.64054706
v 121.57835314 7.13227438 -15.17834269
v 121.95453588 7.84360577 -14.66996089
v 122.36225703 8.49991361 -14.11895737
v 122.79945673 9.09660759 -13.52811590
v 123.26423297 9.62784787 -12.90000685
v 123.75432804 10.08689286 -12.23768138
v 124.26671178 10.46696646 -11.54523449
v 124.79741660 10.76237316 -10.82802810
v 125.34168110 10.96949097 -10.09249683
v 125.89434380 11.08730315 -9.34561607
v 126.45033635 11.11728112 -8.59423525
v 127.00509263 11.06264987 -7.84452518
v 127.55472529 10.92727831 -7.10173927
v 128.09591354 10.71456474 -6.37036532
v 128.62555792 10.42668761 -5.65459201
v 129.14034993 10.06446404 -4.95889055
v 129.63643973 9.62784787 -4.28846365
v 130.10935202 9.11687952 -3.64935938
v 130.55420814 8.53274924 -3.04817084
v 130.96619710 7.87860397 -2.49139971
v 131.34114030 7.15982674 -1.98469306
v 131.67595229 6.38370777 -1.53222063
v 131.96882929 5.55864056 -1.13642008
v 132.21908909 4.69313666 -0.79821337
v 132.42670850 3.79500393 -0.51763183
v 132.59171401 2.87095897 -0.29463968
v 132.71363724 1.92677399 -0.12986989
v 132.79122956 0.96785645 -0.02500990
v 133.60642900 0.00000000 -0.55817845
v 133.58870967 -0.96975108 -0.58127072
v 133.51947631 -1.93366709 -0.67149739
v 133.39789007 -2.88293418 -0.82995167
v 133.22455356 -3.80858069 -1.05584820
v 133.00157831 -4.70232370 -1.34643521
v 132.73227785 -5.55724462 -1.69739440
v 132.42059489 -6.36803642 -2.10358754
v 132.07045789 -7.13072159 -2.55989496
v 131.68528058 -7.84193876 -3.06186780
v 131.26776105 -8.49806308 -3.60598985
v 130.82002727 -9.09449852 -4.18948788
v 130.34405252 -9.62543003 -4.80979025
v 129.84217180 -10.08416571 -5.46385393
v 129.31750061 -10.46398945 -6.14761874
v 128.77410049 -10.75925683 -6.85579157
v 128.21683393 -10.96637103 -7.58203549
v 127.65096772 -11.08430553 -8.31948669
v 127.08167604 -11.11448923 -9.06140205
v 126.51362834 -11.06008496 -9.80169623
v 125.95081101 -10.92489931 -10.53517406
v 125.39663983 -10.71228756 -11.25738399
v 124.85430673 -10.42441759 -11.96416625
v 124.32721230 -10.06213057 -12.65108908
v 123.81929956 -9.62543003 -13.31301385
v 123.33513817 -9.11441463 -13.94398526
v 122.87970034 -8.53032235 -14.53752339
v 122.45788646 -7.87632265 -15.08724195
v 122.07395641 -7.15779034 -15.58758934
v 121.73106545 -6.38198183 -16.03445353
v 121.43107423 -5.55724462 -16.42540970
v 121.17470949 -4.69204854 -16.75951074
v 120.96202915 -3.79417771 -17.03668114
v 120.79303529 -2.87034880 -17.25691823
v 120.66822172 -1.92635451 -17.41957845
v 120.58886108 -0.96763205 -17.52300325
v 120.55692309 -0.00000000 -17.56462565
v 120.57464241 0.96975108 -17.54153338
v 120.64387577 1.93366709 -17.45130670
v 120.76546202 2.88293418 -17.29285243
v 120.93879852 3.80858069 -17.06695589
v 121.16177378 4.70232370 -16.77636889
v 121.43107423 5.55724462 -16.42540970
v 121.74275719 6.36803642 -16.01921656
v 122.09289419 7.13072159 -15.56290914
v 122.47807150 7.84193876 -15.06093629
v 122.89559103 8.49806308 -14.51681425
v 123.34332482 9.09449852 -13.93331622
v 123.81929956 9.62543003 -13.31301385
v 124.32118028 10.08416571 -12.65895017
v 124.84585147 10.46398945 -11.97518536
v 125.38925159 10.75925683 -11.26701253
v 125.94651816 10.96637103 -10.54076860
v 126.51238437 11.08430553 -9.80331740
v 127.08167604 11.11448923 -9.06140205
v 127.64972375 11.06008496 -8.32110787
v 128.21254108 10.92489931 -7.58763004
v 128.76671225 10.71228756 -6.86542010
v 129.30904535 10.42441759 -6.15863785
v 129.83613978 10.06213057 -5.47171501
v 130.34405252 9.62543003 -4.80979025
v 130.82821391 9.11441463 -4.17881884
v 131.28365174 8.53032235 -3.58528070
v 131.70546562 7.87632265 -3.03556215
v 132.08939568 7.15779034 -2.53521476
v 132.43228663 6.38198183 -2.08835057
v 132.73227785 5.55724462 -1.69739440
v 132.98864260 4.69204854 -1.36329336
v 133.20132293 3.79417771 -1.08612295
v 133.37031679 2.87034880 -0.86588586
v 133.49513036 1.92635451 -0.70322565
v 133.57449101 0.96763205 -0.59980084
v 134.37874848 0.00000000 -1.14917067
v 134.36055317 -0.96969157 -1.17204532
v 134.28968598 -1.93353342 -1.26113759
v 134.16530285 -2.88272670 -1.41750861
v 133.98802353 -3.80831740 -1.64037926
v 133.75999977 -4.70203514 -1.92704442
v 133.48460443 -5.55696265 -2.27326381
v 133.16585105 -6.36778113 -2.67399173
v 132.80774203 -7.13049142 -3.12419647
v 132.41376145 -7.84170807 -3.61949795
v 131.98667137 -8.49778877 -4.15642376
v 131.52865904 -9.09413392 -4.73222418
v 131.04175744 -9.62494164 -5.34434338
v 130.52836809 -10.08354689 -5.98976225
v 129.99168496 -10.46326608 -6.66446541
v 129.43586192 -10.75848250 -7.36323074
v 128.86586538 -10.96561293 -8.07981460
v 128.28707228 -11.08362533 -8.80745725
v 127.70476639 -11.11392529 -9.53951609
v 127.12372055 -11.05964157 -10.26999083
v 126.54801572 -10.92454666 -10.99375098
v 125.98115457 -10.71197244 -11.70639312
v 125.42641234 -10.42408109 -12.40379969
v 124.88727466 -10.06172718 -13.08158864
v 124.36777534 -9.62494164 -13.73468879
v 123.87258131 -9.11385532 -14.35723302
v 123.40676537 -8.52973266 -14.94284390
v 122.97532545 -7.87575581 -15.48523822
v 122.58260824 -7.15729553 -15.97895143
v 122.23183890 -6.38159020 -16.41992892
v 121.92492835 -5.55696265 -16.80576836
v 121.66263588 -4.69186044 -17.13551519
v 121.44504008 -3.79405524 -17.40907061
v 121.27215951 -2.87026436 -17.62641126
v 121.14450736 -1.92629233 -17.78689202
v 121.06338201 -0.96759326 -17.88888055
v 121.03078429 -0.00000000 -17.92986150
v 121.04897961 0.96969157 -17.90698686
v 121.11984680 1.93353342 -17.81789458
v 121.24422993 2.88272670 -17.66152357
v 121.42150925 3.80831740 -17.43865291
v 121.64953301 4.70203514 -17.15198776
v 121.92492835 5.55696265 -16.80576836
v 122.24368173 6.36778113 -16.40504045
v 122.60179075 7.13049142 -15.95483571
v 122.99577133 7.84170807 -15.45953423
v 123.42286141 8.49778877 -14.92260842
v 123.88087374 9.09413392 -14.34680800
v 124.36777534 9.62494164 -13.73468879
v 124.88116469 10.08354689 -13.08926992
v 125.41784782 10.46326608 -12.41456677
v 125.97367086 10.75848250 -11.71580143
v 126.54366740 10.96561293 -10.99921757
v 127.12246050 11.08362533 -10.27157492
v 127.70476639 11.11392529 -9.53951609
v 128.28581223 11.05964157 -8.80904135
v 128.86151706 10.92454666 -8.08528119
v 129.42837821 10.71197244 -7.37263906
v 129.98312044 10.42408109 -6.67523249
v 130.52225812 10.06172718 -5.99744354
v 131.04175744 9.62494164 -5.34434338
v 131.53695147 9.11385532 -4.72179916
v 132.00276740 8.52973266 -4.13618827
v 132.43420733 7.87575581 -3.59379395
v 132.82692454 7.15729553 -3.10008075
v 133.17769388 6.38159020 -2.65910325
v 133.48460443 5.55696265 -2.27326381
v 133.74689690 4.69186044 -1.94351699
v 133.96449270 3.79405524 -1.66996157
v 134.13737326 2.87026436 -1.45262091
v 134.26502542 1.92629233 -1.29214016
v 134.34615077 0.96759326 -1.19015162
v 135.14174932 0.00000000 -1.75228156
v 135.12303555 -0.96975832 -1.77498318
v 135.05051191 -1.93364284 -1.86296139
v 134.92333812 -2.88287692 -2.01723554
v 134.74215304 -3.80853291 -2.23703061
v 134.50914330 -4.70235880 -2.51969402
v 134.22773019 -5.55743828 -2.86107543
v 133.90198529 -6.36843311 -3.25623559
v 133.53597431 -7.13130933 -3.70024241
v 133.13324630 -7.84264296 -4.18879055
v 132.69662841 -8.49876351 -4.71845041
v 132.22837358 -9.09506505 -5.28648894
v 131.73058346 -9.62576546 -5.89035665
v 131.20573410 -10.08424098 -6.52704984
v 130.65710212 -10.46385818 -7.19259364
v 130.08893277 -10.75904315 -7.88183818
v 129.50629113 -10.96623346 -8.58863900
v 128.91465704 -11.08438827 -9.30634855
v 128.31941760 -11.11487656 -10.02843173
v 127.72544626 -11.06077394 -10.74897658
v 127.13692019 -10.92579977 -11.46291579
v 126.55743400 -10.71324951 -12.16588876
v 125.99035237 -10.42527680 -12.85381378
v 125.43925015 -10.06275738 -13.52235424
v 124.90825173 -9.62576546 -14.16650682
v 124.40211614 -9.11448267 -14.78049839
v 123.92600780 -8.53021534 -15.35806399
v 123.48501225 -7.87616622 -15.89303438
v 123.08355569 -7.15770055 -16.38004012
v 122.72493133 -6.38202947 -16.81508626
v 122.41110501 -5.55743828 -17.19578803
v 122.14287856 -4.69234083 -17.52117273
v 121.92036348 -3.79449044 -17.79110511
v 121.74360530 -2.87060656 -18.00552994
v 121.61314156 -1.92651328 -18.16379511
v 121.53029416 -0.96769233 -18.26429704
v 121.49708587 -0.00000000 -18.30458191
v 121.51579964 0.96975832 -18.28188029
v 121.58832328 1.93364284 -18.19390208
v 121.71549708 2.88287692 -18.03962793
v 121.89668216 3.80853291 -17.81983286
v 122.12969189 4.70235880 -17.53716944
v 122.41110501 5.55743828 -17.19578803
v 122.73684990 6.36843311 -16.80062788
v 123.10286088 7.13130933 -16.35662105
v 123.50558889 7.84264296 -15.86807292
v 123.94220678 8.49876351 -15.33841306
v 124.41046161 9.09506505 -14.77037453
v 124.90825173 9.62576546 -14.16650682
v 125.43310110 10.08424098 -13.52981363
v 125.98173307 10.46385818 -12.86426983
v 126.54990243 10.75904315 -12.17502529
v 127.13254406 10.96623346 -11.46822447
v 127.72417816 11.08438827 -10.75051492
v 128.31941760 11.11487656 -10.02843173
v 128.91338893 11.06077394 -9.30788689
v 129.50191500 10.92579977 -8.59394767
v 130.08140119 10.71324951 -7.89097471
v 130.64848282 10.42527680 -7.20304969
v 131.19958505 10.06275738 -6.53450923
v 131.73058346 9.62576546 -5.89035665
v 132.23671905 9.11448267 -5.27636508
v 132.71282739 8.53021534 -4.69879948
v 133.15382295 7.87616622 -4.16382909
v 133.55527950 7.15770055 -3.67682334
v 133.91390386 6.38202947 -3.24177721
v 134.22773019 5.55743828 -2.86107543
v 134.49595663 4.69234083 -2.53569074
v 134.71847172 3.79449044 -2.26575835
v 134.89522990 2.87060656 -2.05133353
v 135.02569364 1.92651328 -1.89306836
v 135.10854103 0.96769233 -1.79256643
v 135.89359550 0.00000000 -2.36934107
v 135.87438761 -0.96981156 -2.39183061
v 135.80024681 -1.93372986 -2.47863835
v 135.67033342 -2.88299623 -2.63074738
v 135.48530442 -3.80870432 -2.84738851
v 135.24738245 -4.70261697 -3.12595934
v 134.96004001 -5.55781868 -3.46239411
v 134.62741000 -6.36895547 -3.85185381
v 134.25362382 -7.13196526 -4.28950120
v 133.84229612 -7.84339293 -4.77110406
v 133.39631747 -8.49954523 -5.29327796
v 132.91800311 -9.09581107 -5.85331213
v 132.40951897 -9.62642434 -6.44867056
v 131.87341148 -10.08479464 -7.07637178
v 131.31303694 -10.46432911 -7.73248607
v 130.73273053 -10.75948842 -8.41193758
v 130.13765593 -10.96672700 -9.10868041
v 129.53339636 -11.08499684 -9.81617747
v 128.92544244 -11.11563737 -10.52800006
v 128.31876725 -11.06168119 -11.23832544
v 127.71764177 -10.92680472 -11.94215294
v 127.12574908 -10.71427400 -12.63517024
v 126.54653952 -10.42623571 -13.31333751
v 125.98367401 -10.06358277 -13.97236835
v 125.44136590 -9.62642434 -14.60732956
v 124.92446630 -9.11498308 -15.21254123
v 124.43823257 -8.53059925 -15.78184779
v 123.98783955 -7.87649219 -16.30919026
v 123.57779395 -7.15802268 -16.78929196
v 123.21145635 -6.38237986 -17.21821819
v 122.89084486 -5.55781868 -17.59360601
v 122.61679968 -4.69272571 -17.91447169
v 122.38946038 -3.79483945 -18.18065181
v 122.20889540 -2.87088106 -18.39206624
v 122.07566448 -1.92669048 -18.54805961
v 121.99111334 -0.96777170 -18.64705628
v 121.95728937 -0.00000000 -18.68665905
v 121.97649726 0.96981156 -18.66416950
v 122.05063807 1.93372986 -18.57736177
v 122.18055145 2.88299623 -18.42525274
v 122.36558046 3.80870432 -18.20861161
v 122.60350242 4.70261697 -17.93004078
v 122.89084486 5.55781868 -17.59360601
v 123.22347487 6.36895547 -17.20414631
v 123.59726105 7.13196526 -16.76649892
v 124.00858876 7.84339293 -16.28489606
v 124.45456740 8.49954523 -15.76272216
v 124.93288176 9.09581107 -15.20268799
v 125.44136590 9.62642434 -14.60732956
v 125.97747339 10.08479464 -13.97962834
v 126.53784793 10.46432911 -13.32351405
v 127.11815434 10.75948842 -12.64406254
v 127.71322894 10.96672700 -11.94731971
v 128.31748851 11.08499684 -11.23982265
v 128.92544244 11.11563737 -10.52800006
v 129.53211762 11.06168119 -9.81767468
v 130.13324310 10.92680472 -9.11384717
v 130.72513579 10.71427400 -8.42082988
v 131.30434535 10.42623571 -7.74266261
v 131.86721086 10.06358277 -7.08363177
v 132.40951897 9.62642434 -6.44867056
v 132.92641857 9.11498308 -5.84345889
v 133.41265230 8.53059925 -5.27415233
v 133.86304533 7.87649219 -4.74680986
v 134.27309092 7.15802268 -4.26670815
v 134.63942853 6.38237986 -3.83778193
v 134.96004001 5.55781868 -3.46239411
v 135.23408519 4.69272571 -3.14152843
v 135.46142449 3.79483945 -2.87534831
v 135.64198947 2.87088106 -2.66393388
v 135.77522039 1.92669048 -2.50794051
v 135.85977154 0.96777170 -2.40894384
v 136.63451558 0.00000000 -2.99957427
v 136.61481906 -0.96960358 -3.02183714
v 136.53908334 -1.93329673 -3.10744080
v 136.40646971 -2.88234044 -3.25733324
v 136.21765305 -3.80785122 -3.47075165
v 135.97489134 -4.70160846 -3.74514385
v 135.68170711 -5.55669925 -4.07652834
v 135.34229324 -6.36775589 -4.46016593
v 134.96084551 -7.13069033 -4.89131416
v 134.54104299 -7.84201836 -5.36581459
v 134.08583886 -8.49802581 -5.88032926
v 133.59760996 -9.09409789 -6.43217165
v 133.07858594 -9.62448542 -7.01882158
v 132.53138291 -10.08263189 -7.63732209
v 131.95943584 -10.46198525 -8.28379066
v 131.36716855 -10.75704096 -8.95322706
v 130.75984170 -10.96427061 -9.63968518
v 130.14314015 -11.08261958 -10.33673949
v 129.52265630 -11.11339850 -11.03806889
v 128.90346139 -11.05959774 -11.73794143
v 128.28991889 -10.92485140 -12.43142507
v 127.68579929 -10.71239630 -13.11425806
v 127.09463758 -10.42437188 -13.78244482
v 126.52017970 -10.06168731 -14.43175134
v 125.96672667 -9.62448542 -15.05731620
v 125.43922016 -9.11302831 -15.65355384
v 124.94300881 -8.52868851 -16.21441875
v 124.48335514 -7.87470052 -16.73396270
v 124.06484495 -7.15641939 -17.20700243
v 123.69090511 -6.38101112 -17.62966452
v 123.36360550 -5.55669925 -17.99960944
v 123.08382445 -4.69184185 -18.31584439
v 122.85172969 -3.79416107 -18.57817980
v 122.66741261 -2.87037794 -18.78651235
v 122.53145503 -1.92634606 -18.94018445
v 122.44522605 -0.96758943 -19.03764858
v 122.41079703 -0.00000000 -19.07656351
v 122.43049355 0.96960358 -19.05430064
v 122.50622927 1.93329673 -18.96869698
v 122.63884290 2.88234044 -18.81880454
v 122.82765955 3.80785122 -18.60538613
v 123.07042127 4.70160846 -18.33099393
v 123.36360550 5.55669925 -17.99960944
v 123.70301936 6.36775589 -17.61597185
v 124.08446710 7.13069033 -17.18482362
v 124.50426962 7.84201836 -16.71032319
v 124.95947375 8.49802581 -16.19580852
v 125.44770265 9.09409789 -15.64396613
v 125.96672667 9.62448542 -15.05731620
v 126.51392970 10.08263189 -14.43881568
v 127.08587677 10.46198525 -13.79234712
v 127.67814406 10.75704096 -13.12291072
v 128.28547091 10.96427061 -12.43645260
v 128.90217246 11.08261958 -11.73939829
v 129.52265630 11.11339850 -11.03806889
v 130.14185122 11.05959774 -10.33819635
v 130.75539372 10.92485140 -9.64471271
v 131.35951332 10.71239630 -8.96187972
v 131.95067503 10.42437188 -8.29369296
v 132.52513291 10.06168731 -7.64438644
v 133.07858594 9.62448542 -7.01882158
v 133.60609245 9.11302831 -6.42258394
v 134.10230380 8.52868851 -5.86171903
v 134.56195747 7.87470052 -5.34217508
v 134.98046766 7.15641939 -4.86913535
v 135.35440750 6.38101112 -4.44647326
v 135.68170711 5.55669925 -4.07652834
v 135.96148816 4.69184185 -3.76029339
v 136.19358292 3.79416107 -3.49795798
v 136.37790000 2.87037794 -3.28962543
v 136.51385758 1.92634606 -3.13595333
v 136.60008656 0.96758943 -3.03848920
v 137.36456296 0.00000000 -3.64247401
v 137.34437180 -0.96929310 -3.66450880
v 137.26705320 -1.93265778 -3.74888724
v 137.13177184 -2.88137700 -3.89652094
v 136.93922087 -3.80659274 -4.10665346
v 136.69169168 -4.70010296 -4.37678416
v 136.39275335 -5.55499814 -4.70301810
v 136.04665456 -6.36589631 -5.08071865
v 135.65765181 -7.12868170 -5.50524067
v 135.22948642 -7.83983908 -5.97250120
v 134.76517374 -8.49563203 -6.47920957
v 134.26715328 -9.09144213 -7.02270353
v 133.73772012 -9.62153902 -7.60047843
v 133.17956143 -10.07940332 -8.20960176
v 132.59619110 -10.45852760 -8.84623876
v 131.99212031 -10.75344535 -9.50546635
v 131.37270418 -10.96064696 -10.18144044
v 130.74372605 -11.07907081 -10.86784961
v 130.11087729 -11.10999629 -11.55848285
v 129.47932533 -11.05636799 -12.24770087
v 128.85352558 -10.92177400 -12.93064146
v 128.23733631 -10.70941935 -13.60309404
v 127.63437787 -10.42143546 -14.26110772
v 127.04848137 -10.05874898 -14.90050155
v 126.48403445 -9.62153902 -15.51648727
v 125.94606692 -9.11011022 -16.10357581
v 125.44001519 -8.52586982 -16.65583437
v 124.97122576 -7.87206835 -17.16742826
v 124.54436060 -7.15405422 -17.63326984
v 124.16291166 -6.37896785 -18.04954830
v 123.82900122 -5.55499814 -18.41394761
v 123.54354805 -4.69047168 -18.72546508
v 123.30675106 -3.79309231 -18.98388365
v 123.11872718 -2.86958026 -19.18907570
v 122.98008142 -1.92580343 -19.34038101
v 122.89220538 -0.96730686 -19.43628088
v 122.85719161 -0.00000000 -19.47449170
v 122.87738277 0.96929310 -19.45245691
v 122.95470137 1.93265778 -19.36807846
v 123.08998273 2.88137700 -19.22044477
v 123.28253371 3.80659274 -19.01031225
v 123.53006290 4.70010296 -18.74018154
v 123.82900122 5.55499814 -18.41394761
v 124.17510001 6.36589631 -18.03624706
v 124.56410277 7.12868170 -17.61172504
v 124.99226816 7.83983908 -17.14446451
v 125.45658083 8.49563203 -16.63775614
v 125.95460129 9.09144213 -16.09426218
v 126.48403445 9.62153902 -15.51648727
v 127.04219314 10.07940332 -14.90736395
v 127.62556347 10.45852760 -14.27072695
v 128.22963426 10.75344535 -13.61149936
v 128.84905039 10.96064696 -12.93552527
v 129.47802852 11.07907081 -12.24911609
v 130.11087729 11.10999629 -11.55848285
v 130.74242924 11.05636799 -10.86926483
v 131.36822899 10.92177400 -10.18632425
v 131.98441826 10.70941935 -9.51387166
v 132.58737670 10.42143546 -8.85585799
v 133.17327320 10.05874898 -8.21646416
v 133.73772012 9.62153902 -7.60047843
v 134.27568765 9.11011022 -7.01338990
v 134.78173939 8.52586982 -6.46113134
v 135.25052882 7.87206835 -5.94953745
v 135.67739398 7.15405422 -5.48369587
v 136.05884291 6.37896785 -5.06741740
v 136.39275335 5.55499814 -4.70301810
v 136.67820652 4.69047168 -4.39150063
v 136.91500351 3.79309231 -4.13308206
v 137.10302739 2.86958026 -3.92789001
v 137.24167316 1.92580343 -3.77658470
v 137.32954920 0.96730686 -3.68068483
v 138.08324598 0.00000000 -4.29814998
v 138.06256554 -0.96896998 -4.31994262
v 137.98368690 -1.93199426 -4.40306336
v 137.84577854 -2.88037725 -4.54838846
v 137.64955166 -3.80528585 -4.75516844
v 137.39733035 -4.69853615 -5.02095425
v 137.09272895 -5.55322213 -5.34193714
v 136.74005045 -6.36394804 -5.71358274
v 136.34361062 -7.12657144 -6.13134316
v 135.90721183 -7.83754709 -6.59121153
v 135.43393071 -8.49311711 -7.08994576
v 134.92626881 -9.08865971 -7.62490979
v 134.38658609 -9.61846287 -8.19361670
v 133.81764012 -10.07604330 -8.79316066
v 133.22302271 -10.45493695 -9.41975667
v 132.60733106 -10.74971425 -10.06856030
v 131.97601301 -10.95688392 -10.73383072
v 131.33494857 -11.07537754 -11.40937168
v 130.68992620 -11.10644425 -12.08908343
v 130.04620801 -11.05298422 -12.76742086
v 129.40833999 -10.91854090 -13.43959351
v 128.78026713 -10.70628843 -14.10144421
v 128.16569413 -10.41835046 -14.74906902
v 127.56853621 -10.05567053 -15.37834216
v 126.99326631 -9.61846287 -15.98455015
v 126.44500078 -9.10707332 -16.56230147
v 125.92926201 -8.52294269 -17.10577674
v 125.45147872 -7.86933700 -17.60925527
v 125.01638755 -7.15159807 -18.06774570
v 124.62754442 -6.37684139 -18.47750086
v 124.28712345 -5.55322213 -18.83622971
v 123.99608377 -4.68903618 -19.14292155
v 123.75465558 -3.79196946 -19.39733377
v 123.56298150 -2.86874134 -19.59931611
v 123.42168962 -1.92523335 -19.74820668
v 123.33219361 -0.96701082 -19.84251580
v 123.29660642 -0.00000000 -19.88001687
v 123.31728686 0.96896998 -19.85822424
v 123.39616550 1.93199426 -19.77510349
v 123.53407387 2.88037725 -19.62977840
v 123.73030074 3.80528585 -19.42299841
v 123.98252206 4.69853615 -19.15721261
v 124.28712345 5.55322213 -18.83622971
v 124.63980196 6.36394804 -18.46458411
v 125.03624179 7.12657144 -18.04682370
v 125.47264058 7.83754709 -17.58695533
v 125.94592170 8.49311711 -17.08822109
v 126.45358360 9.08865971 -16.55325707
v 126.99326631 9.61846287 -15.98455015
v 127.56221228 10.07604330 -15.38500619
v 128.15682969 10.45493695 -14.75841018
v 128.77252135 10.74971425 -14.10960655
v 129.40383940 10.95688392 -13.44433614
v 130.04490384 11.07537754 -12.76879517
v 130.68992620 11.10644425 -12.08908343
v 131.33364439 11.05298422 -11.41074599
v 131.97151241 10.91854090 -10.73857335
v 132.59958528 10.70628843 -10.07672265
v 133.21415828 10.41835046 -9.42909784
v 133.81131619 10.05567053 -8.79982469
v 134.38658609 9.61846287 -8.19361670
v 134.93485163 9.10707332 -7.61586538
v 135.45059040 8.52294269 -7.07239012
v 135.92837368 7.86933700 -6.56891159
v 136.36346486 7.15159807 -6.11042115
v 136.75230798 6.37684139 -5.70066599
v 137.09272895 5.55322213 -5.34193714
v 137.38376864 4.68903618 -5.03524531
v 137.62519683 3.79196946 -4.78083308
v 137.81687091 2.86874134 -4.57885075
v 137.95816278 1.92523335 -4.42996017
v 138.04765879 0.96701082 -4.33565105
v 138.78019439 0.00000000 -4.95397900
v 138.75901100 -0.96871898 -4.97559944
v 138.67867005 -1.93146613 -5.05759796
v 138.53835475 -2.87957478 -5.20080821
v 138.33879547 -3.80424563 -5.40448474
v 138.08233957 -4.69731905 -5.66623176
v 137.77262937 -5.55189246 -5.98233182
v 137.41400173 -6.36254923 -6.34835857
v 137.01081361 -7.12510763 -6.75986515
v 136.56691677 -7.83597860 -7.21292035
v 136.08544551 -8.49137262 -7.70432519
v 135.56896648 -9.08666200 -8.23146007
v 135.01991053 -9.61615981 -8.79184399
v 134.44110995 -10.07343320 -9.38258623
v 133.83623340 -10.45207897 -9.99994242
v 133.20995598 -10.74671940 -10.63914102
v 132.56780419 -10.95388873 -11.29454151
v 131.91573778 -11.07250858 -11.96006117
v 131.25962667 -11.10378491 -12.62970898
v 130.60481645 -11.05055474 -13.29802907
v 129.95593843 -10.91629821 -13.96029456
v 129.31702367 -10.70414584 -14.61239123
v 128.69186210 -10.41621052 -15.25045096
v 128.08445143 -10.05346027 -15.87039356
v 127.49934281 -9.61615981 -16.46757398
v 126.94172561 -9.10471423 -17.03669578
v 126.41719001 -8.52061285 -17.57205345
v 125.93122790 -7.86714462 -18.06804180
v 125.48863539 -7.14964310 -18.51976576
v 125.09302488 -6.37518953 -18.92353839
v 124.74662397 -5.55189246 -19.27708615
v 124.45044139 -4.68800551 -19.57937948
v 124.20475149 -3.79119058 -19.83013839
v 124.00973357 -2.86816723 -20.02917987
v 123.86604326 -1.92483790 -20.17583476
v 123.77511162 -0.96679827 -20.26864247
v 123.73905895 -0.00000000 -20.30543897
v 123.76024234 0.96871898 -20.28381853
v 123.84058329 1.93146613 -20.20182001
v 123.98089859 2.87957478 -20.05860976
v 124.18045787 3.80424563 -19.85493323
v 124.43691377 4.69731905 -19.59318621
v 124.74662397 5.55189246 -19.27708615
v 125.10525161 6.36254923 -18.91105940
v 125.50843973 7.12510763 -18.49955282
v 125.95233657 7.83597860 -18.04649762
v 126.43380783 8.49137262 -17.55509278
v 126.95028686 9.08666200 -17.02795790
v 127.49934281 9.61615981 -16.46757398
v 128.07814340 10.07343320 -15.87683174
v 128.68301994 10.45207897 -15.25947555
v 129.30929736 10.74671940 -14.62027695
v 129.95144915 10.95388873 -13.96487646
v 130.60351556 11.07250858 -13.29935680
v 131.25962667 11.10378491 -12.62970898
v 131.91443689 11.05055474 -11.96138890
v 132.56331491 10.91629821 -11.29912341
v 133.20222967 10.70414584 -10.64702674
v 133.82739124 10.41621052 -10.00896701
v 134.43480191 10.05346027 -9.38902441
v 135.01991053 9.61615981 -8.79184399
v 135.57752773 9.10471423 -8.22272219
v 136.10206333 8.52061285 -7.68736452
v 136.58802544 7.86714462 -7.19137617
v 137.03061795 7.14964310 -6.73965221
v 137.42622846 6.37518953 -6.33587958
v 137.77262937 5.55189246 -5.98233182
v 138.06881195 4.68800551 -5.68003849
v 138.31450185 3.79119058 -5.42927958
v 138.50951977 2.86816723 -5.23023810
v 138.65321008 1.92483790 -5.08358321
v 138.74414172 0.96679827 -4.99077550
v 139.30458773 0.00000000 -5.46147938
v 139.28310766 -0.96866841 -5.48308729
v 139.20204551 -1.93134080 -5.56463190
v 139.06060401 -2.87937459 -5.70691524
v 138.85952542 -3.80399879 -5.90919060
v 138.60116052 -4.69707382 -6.16909324
v 138.28914955 -5.55169896 -6.48296124
v 137.92782742 -6.36243810 -6.84643388
v 137.52155561 -7.12507402 -7.25512374
v 137.07420164 -7.83597825 -7.70514026
v 136.58892854 -8.49133256 -8.19330162
v 136.06834265 -9.08650329 -8.71698592
v 135.51492085 -9.61582466 -9.27370158
v 134.93154185 -10.07290732 -9.86055273
v 134.32191642 -10.45140079 -10.47380653
v 133.69075509 -10.74597226 -11.10872440
v 133.04361405 -10.95317798 -11.75971710
v 132.38648049 -11.07193054 -12.42076178
v 131.72525397 -11.10339792 -13.08592378
v 131.06531556 -11.05036173 -13.74979001
v 130.41133906 -10.91624672 -14.40765885
v 129.76740323 -10.70414535 -15.05542725
v 129.13734678 -10.41616139 -15.68923367
v 128.52521213 -10.05328467 -16.30501162
v 127.93558709 -9.61582466 -16.89814599
v 127.37368816 -9.10423892 -17.46338923
v 126.84512488 -8.52005998 -17.99509841
v 126.35540505 -7.86659767 -18.48773295
v 125.90934259 -7.14917919 -18.93645028
v 125.51057393 -6.37485672 -19.33759233
v 125.16135839 -5.55169896 -19.68888633
v 124.86274211 -4.68792363 -19.98927992
v 124.61503742 -3.79117270 -20.23845890
v 124.41845556 -2.86816710 -20.43621077
v 124.27367221 -1.92482883 -20.58185583
v 124.18212345 -0.96678138 -20.67394948
v 124.14592021 -0.00000000 -20.71036819
v 124.16740028 0.96866841 -20.68876028
v 124.24846242 1.93134080 -20.60721567
v 124.38990393 2.87937459 -20.46493233
v 124.59098251 3.80399879 -20.26265697
v 124.84934741 4.69707382 -20.00275433
v 125.16135839 5.55169896 -19.68888633
v 125.52268052 6.36243810 -19.32541369
v 125.92895233 7.12507402 -18.91672383
v 126.37630629 7.83597825 -18.46670731
v 126.86157940 8.49133256 -17.97854595
v 127.38216528 9.08650329 -17.45486165
v 127.93558709 9.61582466 -16.89814599
v 128.51896608 10.07290732 -16.31129484
v 129.12859151 10.45140079 -15.69804104
v 129.75975285 10.74597226 -15.06312317
v 130.40689389 10.95317798 -14.41213047
v 131.06402745 11.07193054 -13.75108579
v 131.72525397 11.10339792 -13.08592378
v 132.38519238 11.05036173 -12.42205756
v 133.03916888 10.91624672 -11.76418872
v 133.68310470 10.70414535 -11.11642032
v 134.31316115 10.41616139 -10.48261390
v 134.92529580 10.05328467 -9.86683595
v 135.51492085 9.61582466 -9.27370158
v 136.07681978 9.10423892 -8.70845834
v 136.60538306 8.52005998 -8.17674916
v 137.09510289 7.86659767 -7.68411462
v 137.54116534 7.14917919 -7.23539729
v 137.93993400 6.37485672 -6.83425524
v 138.28914955 5.55169896 -6.48296124
v 138.58776583 4.68792363 -6.18256765
v 138.83547052 3.79117270 -5.93338867
v 139.03205238 2.86816710 -5.73563680
v 139.17683572 1.92482883 -5.58999173
v 139.26838449 0.96678138 -5.49789809
v 140.73332220 0.00000000 -6.86109809
v 140.71140996 -0.96884459 -6.88314075
v 140.62995036 -1.93161692 -6.96508518
v 140.48822461 -2.87974528 -7.10765444
v 140.28699500 -3.80454265 -7.31008174
v 140.02856964 -4.69792814 -7.57004519
v 139.71649991 -5.55300433 -7.88397229
v 139.35501657 -6.36427355 -8.24760711
v 138.94839631 -7.12740823 -8.65664750
v 138.50046791 -7.83865767 -9.10724187
v 138.01441167 -8.49411436 -9.59619102
v 137.49289790 -9.08912458 -10.12080873
v 136.93848978 -9.61808564 -10.67851658
v 136.35414468 -10.07473941 -11.26633958
v 135.74361963 -10.45289501 -11.88049835
v 135.11162822 -10.74735569 -12.51625124
v 134.46369280 -10.95474395 -13.16804305
v 133.80574992 -11.07394434 -13.82990187
v 133.14365736 -11.10600867 -14.49593507
v 132.48278416 -11.05354956 -15.16074165
v 131.82782986 -10.91982293 -15.81959410
v 131.18292861 -10.70780550 -16.46833368
v 130.55198312 -10.41957377 -17.10303443
v 129.93908275 -10.05618486 -17.71958265
v 129.34882493 -9.61808564 -18.31335356
v 128.78639207 -9.10589482 -18.87913391
v 128.25732663 -8.52127809 -19.41134825
v 127.76706096 -7.86761041 -19.90453187
v 127.32035515 -7.15020130 -20.35389638
v 126.92083763 -6.37601620 -20.75579175
v 126.57081480 -5.55300433 -21.10789785
v 126.27142495 -4.68927601 -21.40906961
v 126.02309091 -3.79241471 -21.65888168
v 125.82611805 -2.86914784 -21.85702688
v 125.68122880 -1.92545941 -22.00277848
v 125.58984221 -0.96706028 -22.09470899
v 125.55399251 -0.00000000 -22.13077205
v 125.57590475 0.96884459 -22.10872940
v 125.65736435 1.93161692 -22.02678497
v 125.79909010 2.87974528 -21.88421570
v 126.00031971 3.80454265 -21.68178841
v 126.25874507 4.69792814 -21.42182495
v 126.57081480 5.55300433 -21.10789785
v 126.93229814 6.36427355 -20.74426303
v 127.33891840 7.12740823 -20.33522265
v 127.78684680 7.83865767 -19.88462828
v 128.27290304 8.49411436 -19.39567912
v 128.79441681 9.08912458 -18.87106141
v 129.34882493 9.61808564 -18.31335356
v 129.93317003 10.07473941 -17.72553056
v 130.54369508 10.45289501 -17.11137179
v 131.17568649 10.74735569 -16.47561890
v 131.82362191 10.95474395 -15.82382710
v 132.48156479 11.07394434 -15.16196827
v 133.14365736 11.10600867 -14.49593507
v 133.80453055 11.05354956 -13.83112850
v 134.45948485 10.91982293 -13.17227604
v 135.10438610 10.70780550 -12.52353647
v 135.73533159 10.41957377 -11.88883572
v 136.34823196 10.05618486 -11.27228750
v 136.93848978 9.61808564 -10.67851658
v 137.50092264 9.10589482 -10.11273624
v 138.02998808 8.52127809 -9.58052190
v 138.52025375 7.86761041 -9.08733827
v 138.96695956 7.15020130 -8.63797376
v 139.36647708 6.37601620 -8.23607839
v 139.71649991 5.55300433 -7.88397229
v 140.01588976 4.68927601 -7.58280054
v 140.26422380 3.79241471 -7.33298846
v 140.46119666 2.86914784 -7.13484326
v 140.60608591 1.92545941 -6.98909167
v 140.69747250 0.96706028 -6.89716116
v 142.15786408 0.00000000 -8.26493435
v 142.13569454 -0.96902863 -8.28723584
v 142.05399841 -1.93193919 -8.36941821
v 141.91210366 -2.88020138 -8.51215749
v 141.71078446 -3.80517739 -8.71467489
v 141.45232356 -4.69882057 -8.97467410
v 141.14021939 -5.55423489 -9.28863585
v 140.77864069 -6.36588562 -9.65236660
v 140.37181365 -7.12937926 -10.06161499
v 139.92354399 -7.84089213 -10.51255266
v 139.43702226 -8.49646334 -11.00197006
v 138.91495688 -9.09142687 -11.52714267
v 138.35996241 -9.62021703 -12.08544035
v 137.77504306 -10.07665324 -12.67384103
v 137.16398339 -10.45463895 -13.28853760
v 136.53149881 -10.74905787 -13.92478660
v 135.88309149 -10.95657162 -14.57705310
v 135.22466784 -11.07604798 -15.23939556
v 134.56206074 -11.10846979 -15.90594636
v 133.90063208 -11.05634943 -16.57131171
v 133.24509668 -10.92284273 -17.23074873
v 132.59962167 -10.71085784 -17.88006547
v 131.96814790 -10.42245522 -18.51529765
v 131.35479265 -10.05873210 -19.13230345
v 130.76415907 -9.62021703 -19.72645236
v 130.20140926 -9.10762461 -20.29255155
v 129.67204572 -8.52269976 -20.82506575
v 129.18145589 -7.86885650 -21.31857548
v 128.73436777 -7.15139423 -21.76832457
v 128.33440503 -6.37722740 -22.17066781
v 127.98390209 -5.55423489 -22.52325687
v 127.68405213 -4.69046381 -22.82489148
v 127.43534377 -3.79346347 -23.07508010
v 127.23813843 -2.86996571 -23.27345917
v 127.09318638 -1.92599188 -23.41927394
v 127.00189651 -0.96730524 -23.51110714
v 126.96625741 -0.00000000 -23.54695837
v 126.98842695 0.96902863 -23.52465688
v 127.07012307 1.93193919 -23.44247451
v 127.21201783 2.88020138 -23.29973523
v 127.41333702 3.80517739 -23.09721782
v 127.67179793 4.69882057 -22.83721861
v 127.98390209 5.55423489 -22.52325687
v 128.34548080 6.36588562 -22.15952612
v 128.75230784 7.12937926 -21.75027773
v 129.20057750 7.84089213 -21.29934006
v 129.68709922 8.49646334 -20.80992266
v 130.20916460 9.09142687 -20.28475005
v 130.76415907 9.62021703 -19.72645236
v 131.34907843 10.07665324 -19.13805169
v 131.96013810 10.45463895 -18.52335512
v 132.59262268 10.74905787 -17.88710612
v 133.24102999 10.95657162 -17.23483961
v 133.89945364 11.07604798 -16.57249716
v 134.56206074 11.10846979 -15.90594636
v 135.22348941 11.05634943 -15.24058101
v 135.87902481 10.92284273 -14.58114399
v 136.52449981 10.71085784 -13.93182725
v 137.15597359 10.42245522 -13.29659507
v 137.76932883 10.05873210 -12.67958927
v 138.35996241 9.62021703 -12.08544035
v 138.92271222 9.10762461 -11.51934117
v 139.45207576 8.52269976 -10.98682697
v 139.94266559 7.86885650 -10.49331724
v 140.38975371 7.15139423 -10.04356815
v 140.78971646 6.37722740 -9.64122491
v 141.14021939 5.55423489 -9.28863585
v 141.44006935 4.69046381 -8.98700124
v 141.68877771 3.79346347 -8.73681262
v 141.88598306 2.86996571 -8.53843355
v 142.03093511 1.92599188 -8.39261878
v 142.12222497 0.96730524 -8.30078557
v 143.57772952 0.00000000 -9.67347489
v 143.55549863 -0.97039349 -9.69583808
v 143.47374613 -1.93464962 -9.77807716
v 143.33181111 -2.88423637 -9.92085695
v 143.13047059 -3.81051589 -10.12339580
v 142.87200127 -4.70543874 -10.38340349
v 142.55988895 -5.56209979 -10.69737343
v 142.19828758 -6.37494795 -11.06112698
v 141.79141132 -7.13956799 -11.47042488
v 141.34306038 -7.85211362 -11.92144431
v 140.85642777 -8.50860580 -12.41097326
v 140.33423098 -9.10436921 -12.93627806
v 139.77909682 -9.63383944 -13.49471627
v 139.19404067 -10.09084594 -14.08325455
v 138.58285366 -10.46930638 -14.69807923
v 137.95025162 -10.76411668 -15.33444639
v 137.30173192 -10.97194323 -15.98682594
v 136.64319377 -11.09164830 -16.64928357
v 135.98046413 -11.12419958 -17.31595765
v 135.31890316 -11.07208900 -17.98145609
v 134.66322934 -10.93845277 -18.64103235
v 134.01761767 -10.72618668 -19.29048657
v 133.38601807 -10.43735015 -19.92584533
v 132.77255449 -10.07305148 -20.54296011
v 132.18183144 -9.63383944 -21.13719903
v 131.61900617 -9.12045245 -21.70337412
v 131.08957166 -8.53465675 -22.23595971
v 130.59890464 -7.87988031 -22.72954709
v 130.15172546 -7.16142733 -23.17938779
v 129.75165664 -6.38620956 -23.58183773
v 129.40103931 -5.56209979 -23.93454187
v 129.10107971 -4.69714105 -24.23628676
v 128.85228215 -3.79888478 -24.48656511
v 128.65502142 -2.87407306 -24.68499990
v 128.51005442 -1.92874435 -24.83082971
v 128.41878764 -0.96868227 -24.92263970
v 128.38319874 -0.00000000 -24.95844041
v 128.40542963 0.97039349 -24.93607721
v 128.48718213 1.93464962 -24.85383813
v 128.62911715 2.88423637 -24.71105835
v 128.83045767 3.81051589 -24.50851949
v 129.08892699 4.70543874 -24.24851181
v 129.40103931 5.56209979 -23.93454187
v 129.76264068 6.37494795 -23.57078832
v 130.16951694 7.13956799 -23.16149041
v 130.61786788 7.85211362 -22.71047098
v 131.10450049 8.50860580 -22.22094203
v 131.62669728 9.10436921 -21.69563723
v 132.18183144 9.63383944 -21.13719903
v 132.76688759 10.09084594 -20.54866074
v 133.37807460 10.46930638 -19.93383607
v 134.01067664 10.76411668 -19.29746891
v 134.65919634 10.97194323 -18.64508935
v 135.31773448 11.09164830 -17.98263172
v 135.98046413 11.12419958 -17.31595765
v 136.64202510 11.07208900 -16.65045920
v 137.29769892 10.93845277 -15.99088295
v 137.94331059 10.72618668 -15.34142873
v 138.57491019 10.43735015 -14.70606997
v 139.18837377 10.07305148 -14.08895518
v 139.77909682 9.63383944 -13.49471627
v 140.34192209 9.12045245 -12.92854118
v 140.87135660 8.53465675 -12.39595558
v 141.36202362 7.87988031 -11.90236821
v 141.80920280 7.16142733 -11.45252751
v 142.20927162 6.38620956 -11.05007756
v 142.55988895 5.56209979 -10.69737343
v 142.85984855 4.69714105 -10.39562853
v 143.10864611 3.79888478 -10.14535018
v 143.30590684 2.87407306 -9.94691539
v 143.45087384 1.92874435 -9.80108558
v 143.54214062 0.96868227 -9.70927560
v 145.00418548 0.00000000 -11.07538566
v 144.98161636 -0.97042184 -11.09808912
v 144.89955307 -1.93464747 -11.18064083
v 144.75739618 -2.88420116 -11.32364381
v 144.55593837 -3.81051165 -11.52630066
v 144.29742292 -4.70557623 -11.78635473
v 143.98526608 -5.56249315 -12.10036947
v 143.62354019 -6.37566383 -12.46424828
v 143.21639304 -7.14058735 -12.87381869
v 142.76759448 -7.85332240 -13.32528840
v 142.28035103 -8.50982062 -13.81543182
v 141.75743025 -9.10539159 -14.34146493
v 141.20152650 -9.63452075 -14.90067730
v 140.61571673 -10.09114079 -15.48997369
v 140.00382827 -10.46929471 -16.10550398
v 139.37057933 -10.76398527 -16.74252189
v 138.72144075 -10.97193100 -17.39552401
v 138.06227208 -11.09197240 -18.05861592
v 137.39886752 -11.12498630 -18.72596893
v 136.73657781 -11.07333234 -19.39220046
v 136.08014154 -10.94001452 -20.05254370
v 135.43377706 -10.72783790 -20.70275521
v 134.80148439 -10.43884035 -21.33881116
v 134.18742421 -10.07418263 -21.95652609
v 133.59620853 -9.63452075 -22.55126057
v 133.03296789 -9.12071895 -23.11785350
v 132.50314272 -8.53464724 -23.65083209
v 132.01205067 -7.87978411 -24.14484702
v 131.56436990 -7.16141935 -24.59519229
v 131.16371667 -6.38639616 -24.99823013
v 130.81246895 -5.56249315 -25.35156840
v 130.51190513 -4.69766851 -25.65392112
v 130.26261602 -3.79942717 -25.90469394
v 130.06505010 -2.87451550 -26.10343574
v 129.92000087 -1.92901973 -26.24934827
v 129.82886148 -0.96879105 -26.34103010
v 129.79354955 -0.00000000 -26.37655220
v 129.81611868 0.97042184 -26.35384875
v 129.89818197 1.93464747 -26.27129704
v 130.04033885 2.88420116 -26.12829406
v 130.24179667 3.81051165 -25.92563721
v 130.50031211 4.70557623 -25.66558314
v 130.81246895 5.56249315 -25.35156840
v 131.17419484 6.37566383 -24.98768959
v 131.58134200 7.14058735 -24.57811918
v 132.03014055 7.85332240 -24.12664947
v 132.51738400 8.50982062 -23.63650605
v 133.04030479 9.10539159 -23.11047294
v 133.59620853 9.63452075 -22.55126057
v 134.18201830 10.09114079 -21.96196418
v 134.79390676 10.46929471 -21.34643388
v 135.42715570 10.76398527 -20.70941597
v 136.07629428 10.97193100 -20.05641386
v 136.73546296 11.09197240 -19.39332194
v 137.39886752 11.12498630 -18.72596893
v 138.06115723 11.07333234 -18.05973741
v 138.71759349 10.94001452 -17.39939417
v 139.36395797 10.72783790 -16.74918266
v 139.99625065 10.43884035 -16.11312671
v 140.61031082 10.07418263 -15.49541178
v 141.20152650 9.63452075 -14.90067730
v 141.76476714 9.12071895 -14.33408437
v 142.29459231 8.53464724 -13.80110578
v 142.78568437 7.87978411 -13.30709085
v 143.23336513 7.16141935 -12.85674558
v 143.63401836 6.38639616 -12.45370774
v 143.98526608 5.56249315 -12.10036947
v 144.28582990 4.69766851 -11.79801675
v 144.53511901 3.79942717 -11.54724393
v 144.73268494 2.87451550 -11.34850213
v 144.87773416 1.92901973 -11.20258960
v 144.96887355 0.96879105 -11.11090777
v 146.43537318 0.00000000 -12.47253655
v 146.41226569 -0.97103466 -12.49578158
v 146.32970802 -1.93577595 -12.57883061
v 146.18719859 -2.88583268 -12.72218823
v 145.98555497 -3.81273432 -12.92503199
v 145.72696730 -4.70854778 -13.18515872
v 145.41474101 -5.56637258 -13.49924332
v 145.05281856 -6.38053145 -13.86331985
v 144.64524203 -7.14638468 -14.27332220
v 144.19573296 -7.85983768 -14.72550666
v 143.70751933 -8.51672962 -15.21662604
v 143.18344838 -9.11234327 -15.74381615
v 142.62632204 -9.64124012 -16.30425839
v 142.03931525 -10.09751330 -16.89475893
v 141.42631293 -10.47540146 -17.51140970
v 140.79203708 -10.77007419 -18.14946065
v 140.14191626 -10.97833094 -18.80345085
v 139.48174685 -11.09897693 -19.46754945
v 138.81727090 -11.13274516 -20.13598022
v 138.15382412 -11.08178648 -20.80337570
v 137.49617710 -10.94889655 -21.46493690
v 136.84861716 -10.73673794 -22.11635099
v 136.21522407 -10.44731549 -22.75351391
v 135.60021696 -10.08187396 -23.37218141
v 135.00821977 -9.64124012 -23.96770206
v 134.44432047 -9.12647865 -24.53495757
v 133.91387582 -8.53962551 -25.06855932
v 133.42210939 -7.88424151 -25.56325264
v 132.97363219 -7.16559662 -26.01439908
v 132.57205045 -6.39042915 -26.41837095
v 132.21980080 -5.56637258 -26.77271712
v 131.91827646 -4.70125503 -27.07603607
v 131.66820598 -3.80251187 -27.32759493
v 131.47015511 -2.87690026 -27.52682455
v 131.32497565 -1.93058587 -27.67286809
v 131.23403949 -0.96953069 -27.76434549
v 131.19916863 -0.00000000 -27.79942389
v 131.22227612 0.97103466 -27.77617887
v 131.30483379 1.93577595 -27.69312983
v 131.44734322 2.88583268 -27.54977221
v 131.64898684 3.81273432 -27.34692845
v 131.90757451 4.70854778 -27.08680172
v 132.21980080 5.56637258 -26.77271712
v 132.58172325 6.38053145 -26.40864059
v 132.98929978 7.14638468 -25.99863824
v 133.43880885 7.85983768 -25.54645378
v 133.92702248 8.51672962 -25.05533441
v 134.45109343 9.11234327 -24.52814430
v 135.00821977 9.64124012 -23.96770206
v 135.59522656 10.09751330 -23.37720152
v 136.20822887 10.47540146 -22.76055074
v 136.84250473 10.77007419 -22.12249980
v 137.49262555 10.97833094 -21.46850960
v 138.15279496 11.09897693 -20.80441099
v 138.81727090 11.13274516 -20.13598022
v 139.48071769 11.08178648 -19.46858474
v 140.13836471 10.94889655 -18.80702354
v 140.78592465 10.73673794 -18.15560945
v 141.41931774 10.44731549 -17.51844653
v 142.03432485 10.08187396 -16.89977903
v 142.62632204 9.64124012 -16.30425839
v 143.19022134 9.12647865 -15.73700287
v 143.72066599 8.53962551 -15.20340113
v 144.21243242 7.88424151 -14.70870781
v 144.66090961 7.16559662 -14.25756136
v 145.06249136 6.39042915 -13.85358949
v 145.41474101 5.56637258 -13.49924332
v 145.71626534 4.70125503 -13.19592437
v 145.96633583 3.80251187 -12.94436552
v 146.16438670 2.87690026 -12.74513589
v 146.30956616 1.93058587 -12.59909235
v 146.40050232 0.96953069 -12.50761496
v 147.87046156 0.00000000 -13.86576354
v 147.84664891 -0.97121798 -13.88971792
v 147.76344422 -1.93601967 -13.97341783
v 147.62047410 -2.88612965 -14.11723888
v 147.41858876 -3.81321436 -14.32032580
v 147.15990866 -4.70943670 -14.58054551
v 146.84759402 -5.56790225 -14.89471898
v 146.48541713 -6.38283454 -15.25905148
v 146.07728150 -7.14941552 -15.66961625
v 145.62684533 -7.86335292 -16.12273332
v 145.13736474 -8.52034163 -16.61512720
v 144.61179134 -9.11563242 -17.14382871
v 144.05306793 -9.64388959 -17.70587752
v 143.46449780 -10.09941960 -18.29795070
v 142.85004135 -10.47672036 -18.91606427
v 142.21442544 -10.77118249 -19.55546324
v 141.56302324 -10.97971316 -20.21074246
v 140.90154829 -11.10107229 -20.87615437
v 140.23567429 -11.13580450 -21.54599151
v 139.57071718 -11.08578652 -22.21490631
v 138.91148944 -10.95354006 -22.87805764
v 138.26236873 -10.74153984 -23.53104178
v 137.62753928 -10.45174628 -24.16964961
v 137.01129675 -10.08551307 -24.78955989
v 136.41828066 -9.64388959 -25.38610549
v 135.85352319 -9.12820162 -25.95422429
v 135.32227142 -8.54070069 -26.48863795
v 134.82962563 -7.88505284 -26.98421587
v 134.38010877 -7.16649880 -27.43640816
v 133.97731392 -6.39163559 -27.84160036
v 133.62375456 -5.56790225 -28.19726404
v 133.32097435 -4.70295198 -28.50184634
v 133.06988224 -3.80412454 -28.75443290
v 132.87119769 -2.87818693 -28.95429997
v 132.72584883 -1.93140465 -29.10051392
v 132.63517971 -0.96988065 -29.19172269
v 132.60088702 -0.00000000 -29.22621948
v 132.62469967 0.97121798 -29.20226510
v 132.70790436 1.93601967 -29.11856519
v 132.85087449 2.88612965 -28.97474414
v 133.05275983 3.81321436 -28.77165722
v 133.31143993 4.70943670 -28.51143751
v 133.62375456 5.56790225 -28.19726404
v 133.98593146 6.38283454 -27.83293154
v 134.39406709 7.14941552 -27.42236677
v 134.84450325 7.86335292 -26.96924970
v 135.33398384 8.52034163 -26.47685582
v 135.85955725 9.11563242 -25.94815431
v 136.41828066 9.64388959 -25.38610549
v 137.00685078 10.09941960 -24.79403232
v 137.62130723 10.47672036 -24.17591875
v 138.25692315 10.77118249 -23.53651978
v 138.90832535 10.97971316 -22.88124056
v 139.56980029 11.10107229 -22.21582865
v 140.23567429 11.13580450 -21.54599151
v 140.90063140 11.08578652 -20.87707671
v 141.55985914 10.95354006 -20.21392538
v 142.20897985 10.74153984 -19.56094124
v 142.84380930 10.45174628 -18.92233341
v 143.46005183 10.08551307 -18.30242313
v 144.05306793 9.64388959 -17.70587752
v 144.61782540 9.12820162 -17.13775873
v 145.14907716 8.54070069 -16.60334507
v 145.64172295 7.88505284 -16.10776715
v 146.09123981 7.16649880 -15.65557485
v 146.49403466 6.39163559 -15.25038266
v 146.84759402 5.56790225 -14.89471898
v 147.15037424 4.70295198 -14.59013668
v 147.40146635 3.80412454 -14.33755012
v 147.60015089 2.87818693 -14.13768305
v 147.74549975 1.93140465 -13.99146910
v 147.83616887 0.96988065 -13.90026033
v 149.29836015 0.00000000 -15.26622311
v 149.27414492 -0.97239752 -15.29058246
v 149.19057112 -1.93830159 -15.37465369
v 149.04733853 -2.88949360 -15.51873876
v 148.84531602 -3.81770886 -15.72196367
v 148.58658424 -4.71515629 -15.98223537
v 148.27422049 -5.57493728 -16.29645824
v 147.91189984 -6.39121245 -16.66093535
v 147.50344669 -7.15905675 -17.07181953
v 147.05248305 -7.87406051 -17.52546722
v 146.56228106 -8.53183160 -18.01858679
v 146.03585193 -9.12759732 -18.54814912
v 145.47621891 -9.65607462 -19.11111296
v 144.88675858 -10.11168529 -19.70408164
v 144.27147438 -10.48906889 -20.32302788
v 143.63509595 -10.78373692 -20.96319390
v 142.98296481 -10.99265455 -21.61920640
v 142.32074718 -11.11455448 -22.28536542
v 141.65407768 -11.14987457 -22.95600280
v 140.98826095 -11.10033738 -23.62578234
v 140.32813337 -10.96831128 -24.28983886
v 139.67812417 -10.75616668 -24.94371677
v 139.04247721 -10.46584081 -25.58314698
v 138.42553184 -10.09875100 -26.20376428
v 137.83193644 -9.65607462 -26.80089264
v 137.26669133 -9.13928777 -27.36950197
v 136.73498094 -8.55076730 -27.90437699
v 136.24183510 -7.89424332 -28.40045794
v 135.79172647 -7.17494569 -28.85324552
v 135.38824062 -6.39939819 -29.25913284
v 135.03393487 -5.57493728 -29.61554735
v 134.73043878 -4.70912493 -29.92084978
v 134.47876436 -3.80925453 -30.17402212
v 134.27971881 -2.88210618 -30.37425235
v 134.13427383 -1.93400921 -30.52056299
v 134.04375759 -0.97115368 -30.61161796
v 134.00979521 -0.00000000 -30.64578248
v 134.03401044 0.97239752 -30.62142313
v 134.11758424 1.93830159 -30.53735191
v 134.26081683 2.88949360 -30.39326683
v 134.46283934 3.81770886 -30.19004192
v 134.72157112 4.71515629 -29.92977022
v 135.03393487 5.57493728 -29.61554735
v 135.39625552 6.39121245 -29.25107024
v 135.80470867 7.15905675 -28.84018606
v 136.25567231 7.87406051 -28.38653837
v 136.74587430 8.53183160 -27.89341880
v 137.27230343 9.12759732 -27.36385648
v 137.83193644 9.65607462 -26.80089264
v 138.42139678 10.11168529 -26.20792395
v 139.03668098 10.48906889 -25.58897771
v 139.67305940 10.78373692 -24.94881169
v 140.32519055 10.99265455 -24.29279920
v 140.98740818 11.11455448 -23.62664018
v 141.65407768 11.14987457 -22.95600280
v 142.31989441 11.10033738 -22.28622326
v 142.98002199 10.96831128 -21.62216674
v 143.63003118 10.75616668 -20.96828882
v 144.26567815 10.46584081 -20.32885861
v 144.88262352 10.09875100 -19.70824131
v 145.47621891 9.65607462 -19.11111296
v 146.04146402 9.13928777 -18.54250362
v 146.57317441 8.55076730 -18.00762860
v 147.06632026 7.89424332 -17.51154765
v 147.51642888 7.17494569 -17.05876007
v 147.91991474 6.39939819 -16.65287275
v 148.27422049 5.57493728 -16.29645824
v 148.57771658 4.70912493 -15.99115581
v 148.82939100 3.80925453 -15.73798347
v 149.02843655 2.88210618 -15.53775324
v 149.17388153 1.93400921 -15.39144261
v 149.26439777 0.97115368 -15.30038763
v 150.72251569 0.00000000 -16.67044801
v 150.69805613 -0.97156894 -16.69505315
v 150.61425840 -1.93660798 -16.77934963
v 150.47086671 -2.88694599 -16.92359476
v 150.26876124 -3.81437311 -17.12690312
v 150.00999848 -4.71113853 -17.38720598
v 149.69760539 -5.57035208 -17.70145837
v 149.33519802 -6.38614547 -18.06602271
v 148.92655275 -7.15353666 -18.47710016
v 148.47526960 -7.86805179 -18.93106926
v 147.98463045 -8.52525301 -19.42462858
v 147.45768269 -9.12036092 -19.95471263
v 146.89749838 -9.64813282 -20.51823105
v 146.30749856 -10.10306919 -21.11174242
v 145.69171285 -10.47990399 -21.73119317
v 145.05487252 -10.77422911 -22.37182384
v 144.40229989 -10.98304964 -23.02828045
v 143.73963244 -11.10508384 -23.69489196
v 143.07248107 -11.14070416 -24.36601408
v 142.40614354 -11.09153699 -25.03631752
v 141.74547075 -10.95985401 -25.70092250
v 141.09492321 -10.74795863 -26.35534196
v 140.45878097 -10.45777098 -26.99527039
v 139.84140990 -10.09074467 -27.61631593
v 139.24746376 -9.64813282 -28.21379712
v 138.68192350 -9.13150024 -28.78270336
v 138.14993552 -8.54329601 -29.31785762
v 137.65648688 -7.88728312 -29.81424316
v 137.20601972 -7.16867653 -30.26739141
v 136.80211502 -6.39394531 -30.67370007
v 136.44735674 -5.57035208 -31.03056980
v 136.14342658 -4.70539152 -31.33630889
v 135.89139907 -3.80631735 -31.58983642
v 135.69213468 -2.87990684 -31.79028679
v 135.54663158 -1.93251797 -31.93665589
v 135.45620827 -0.97038375 -32.02761738
v 135.42244644 -0.00000000 -32.06158015
v 135.44690600 0.97156894 -32.03697502
v 135.53070374 1.93660798 -31.95267854
v 135.67409542 2.88694599 -31.80843341
v 135.87620090 3.81437311 -31.60512505
v 136.13496365 4.71113853 -31.34482219
v 136.44735674 5.57035208 -31.03056980
v 136.80976411 6.38614547 -30.66600546
v 137.21840939 7.15353666 -30.25492801
v 137.66969254 7.86805179 -29.80095891
v 138.16033168 8.52525301 -29.30739958
v 138.68727944 9.12036092 -28.77731553
v 139.24746376 9.64813282 -28.21379712
v 139.83746357 10.10306919 -27.62028575
v 140.45324929 10.47990399 -27.00083500
v 141.09008961 10.77422911 -26.36020433
v 141.74266224 10.98304964 -25.70374772
v 142.40532970 11.10508384 -25.03713620
v 143.07248107 11.14070416 -24.36601408
v 143.73881859 11.09153699 -23.69571065
v 144.39949138 10.95985401 -23.03110567
v 145.05003892 10.74795863 -22.37668621
v 145.68618116 10.45777098 -21.73675778
v 146.30355224 10.09074467 -21.11571224
v 146.89749838 9.64813282 -20.51823105
v 147.46303864 9.13150024 -19.94932481
v 147.99502662 8.54329601 -19.41417055
v 148.48847525 7.88728312 -18.91778501
v 148.93894241 7.16867653 -18.46463676
v 149.34284711 6.39394531 -18.05832810
v 149.69760539 5.57035208 -17.70145837
v 150.00153555 4.70539152 -17.39571928
v 150.25356306 3.80631735 -17.14219175
v 150.45282745 2.87990684 -16.94174138
v 150.59833055 1.93251797 -16.79537228
v 150.68875386 0.97038375 -16.70441079
v 152.14682924 0.00000000 -18.07451396
v 152.12211829 -0.97214868 -18.09937199
v 152.03809022 -1.93772038 -18.18390018
v 151.89453498 -2.88858072 -18.32830983
v 151.69234437 -3.81656410 -18.53170383
v 151.43355004 -4.71394965 -18.79203845
v 151.12112713 -5.57384570 -19.10632084
v 150.75863096 -6.39034566 -19.47097452
v 150.34978846 -7.15840156 -19.88225037
v 149.89817706 -7.87346708 -20.33654967
v 149.40708864 -8.53105078 -20.83056094
v 148.87960780 -9.12635941 -21.36118124
v 148.31885685 -9.65418394 -21.92526967
v 147.72830259 -10.10909765 -22.51933879
v 147.11200151 -10.48592369 -23.13930796
v 146.47468663 -10.78033000 -23.78041601
v 145.82166046 -10.98935835 -24.43732886
v 145.15853090 -11.11171020 -25.10440523
v 144.49088445 -11.14769139 -25.77602537
v 143.82401179 -11.09883192 -26.44686712
v 143.16277874 -10.96730748 -27.11203570
v 142.51167800 -10.75535604 -27.76701166
v 141.87502684 -10.46488300 -28.40745203
v 141.25721843 -10.09738138 -29.02893751
v 140.66291206 -9.65418394 -29.62678108
v 140.09706875 -9.13694898 -30.19599217
v 139.56479575 -8.54820331 -30.73143316
v 139.07103611 -7.89174928 -31.22813155
v 138.62020054 -7.17279425 -31.68165040
v 138.21586531 -6.39776055 -32.08839215
v 137.86064178 -5.57384570 -32.44572990
v 137.55626529 -4.70848627 -32.75191797
v 137.30387473 -3.80890592 -33.00581071
v 137.10438539 -2.88188897 -33.20648737
v 136.95882265 -1.93383221 -33.35291647
v 136.86849508 -0.97102197 -33.44378165
v 136.83493967 -0.00000000 -33.47753678
v 136.85965062 0.97214868 -33.45267876
v 136.94367869 1.93772038 -33.36815057
v 137.08723393 2.88858072 -33.22374092
v 137.28942453 3.81656410 -33.02034691
v 137.54821886 4.71394965 -32.76001229
v 137.86064178 5.57384570 -32.44572990
v 138.22313795 6.39034566 -32.08107622
v 138.63198045 7.15840156 -31.66980038
v 139.08359185 7.87346708 -31.21550108
v 139.57468027 8.53105078 -30.72148981
v 140.10216111 9.12635941 -30.19086951
v 140.66291206 9.65418394 -29.62678108
v 141.25346632 10.10909765 -29.03271196
v 141.86976740 10.48592369 -28.41274278
v 142.50708227 10.78033000 -27.77163474
v 143.16010845 10.98935835 -27.11472188
v 143.82323800 11.11171020 -26.44764552
v 144.49088445 11.14769139 -25.77602537
v 145.15775711 11.09883192 -25.10518362
v 145.81899017 10.96730748 -24.44001504
v 146.47009091 10.75535604 -23.78503908
v 147.10674207 10.46488300 -23.14459871
v 147.72455048 10.09738138 -22.52311323
v 148.31885685 9.65418394 -21.92526967
v 148.88470016 9.13694898 -21.35605857
v 149.41697316 8.54820331 -20.82061759
v 149.91073280 7.89174928 -20.32391919
v 150.36156837 7.17279425 -19.87040034
v 150.76590359 6.39776055 -19.46365860
v 151.12112713 5.57384570 -19.10632084
v 151.42550362 4.70848627 -18.80013277
v 151.67789417 3.80890592 -18.54624003
v 151.87738351 2.88188897 -18.34556337
v 152.02294625 1.93383221 -18.19913427
v 152.11327382 0.97102197 -18.10826909
v 153.57048099 0.00000000 -19.47924565
v 153.54554650 -0.97214631 -19.50432855
v 153.46131367 -1.93767732 -19.58906272
v 153.31761312 -2.88849563 -19.73361853
v 153.11534701 -3.81647930 -19.93708849
v 152.85652486 -4.71393818 -20.19745110
v 152.54407573 -5.57398294 -20.51175986
v 152.18150095 -6.39067610 -20.87649262
v 151.77248346 -7.15891381 -21.28794449
v 151.32058059 -7.87408773 -21.74253700
v 150.82909312 -8.53166125 -22.23694970
v 150.30113874 -9.12683134 -22.76804636
v 149.73988442 -9.65442166 -23.33264115
v 149.14883767 -10.10907306 -23.92720569
v 148.53207889 -10.48569070 -24.54763530
v 147.89434262 -10.78001244 -25.18916724
v 147.24091375 -10.98911418 -25.84648518
v 146.57737391 -11.11168317 -26.51397428
v 145.90928784 -11.14796588 -27.18603666
v 145.24193995 -11.09940584 -27.85735647
v 144.58020929 -10.96809229 -28.52302561
v 143.92861723 -10.75620387 -29.17849582
v 143.29151413 -10.46563185 -29.81939083
v 142.67331740 -10.09790352 -30.44126693
v 142.07869127 -9.65442166 -31.03943216
v 141.51257901 -9.13692675 -31.60891381
v 140.98005306 -8.54801338 -32.14460924
v 140.48601734 -7.89151682 -32.64158537
v 140.03485458 -7.17263487 -33.09543335
v 139.63013689 -6.39774499 -33.50255984
v 139.27449995 -5.57398294 -33.86031346
v 138.96972684 -4.70872974 -34.16690051
v 138.71701367 -3.80917848 -34.42111778
v 138.51732448 -2.88211614 -34.62199548
v 138.37170884 -1.93397060 -34.76847779
v 138.28146651 -0.97107218 -34.85925723
v 138.24809469 -0.00000000 -34.89282767
v 138.27302918 0.97214631 -34.86774477
v 138.35726202 1.93767732 -34.78301060
v 138.50096256 2.88849563 -34.63845478
v 138.70322867 3.81647930 -34.43498483
v 138.96205082 4.71393818 -34.17462222
v 139.27449995 5.57398294 -33.86031346
v 139.63707474 6.39067610 -33.49558070
v 140.04609222 7.15891381 -33.08412883
v 140.49799509 7.87408773 -32.62953632
v 140.98948256 8.53166125 -32.13512362
v 141.51743694 9.12683134 -31.60402696
v 142.07869127 9.65442166 -31.03943216
v 142.66973802 10.10907306 -30.44486762
v 143.28649680 10.48569070 -29.82443802
v 143.92423306 10.78001244 -29.18290608
v 144.57766193 10.98911418 -28.52558814
v 145.24120178 11.11168317 -27.85809904
v 145.90928784 11.14796588 -27.18603666
v 146.57663574 11.09940584 -26.51471685
v 147.23836639 10.96809229 -25.84904771
v 147.88995846 10.75620387 -25.19357750
v 148.52706156 10.46563185 -24.55268249
v 149.14525828 10.09790352 -23.93080638
v 149.73988442 9.65442166 -23.33264115
v 150.30599667 9.13692675 -22.76315951
v 150.83852262 8.54801338 -22.22746408
v 151.33255835 7.89151682 -21.73048795
v 151.78372110 7.17263487 -21.27663997
v 152.18843880 6.39774499 -20.86951348
v 152.54407573 5.57398294 -20.51175986
v 152.84884884 4.70872974 -20.20517281
v 153.10156201 3.80917848 -19.95095554
v 153.30125121 2.88211614 -19.75007783
v 153.44686684 1.93397060 -19.60359553
v 153.53710918 0.97107218 -19.51281608
v 154.99537098 0.00000000 -20.88273173
v 154.97015981 -0.97210880 -20.90809295
v 154.88567364 -1.93755517 -20.99308197
v 154.74179342 -2.88828769 -21.13781853
v 154.53943410 -3.81623871 -21.34138225
v 154.28057785 -4.71375629 -21.60177916
v 153.96809668 -5.57395425 -21.91612015
v 153.60542506 -6.39085714 -22.28095033
v 153.19619150 -7.15929222 -22.69261955
v 152.74392843 -7.87457467 -23.14757440
v 152.25194765 -8.53211222 -23.64248336
v 151.72340778 -9.12708988 -24.17416899
v 151.16153111 -9.65437196 -24.73938984
v 150.56987551 -10.10868299 -25.33456685
v 149.95255097 -10.48502967 -25.95556557
v 149.31429392 -10.77923641 -26.59762140
v 148.66036745 -10.98842141 -27.25543991
v 147.99632059 -11.11125442 -27.92343904
v 147.32769123 -11.14790850 -28.59604795
v 146.65975594 -11.09972027 -29.26795865
v 145.99741021 -10.96867204 -29.93424652
v 145.34521082 -10.75686905 -30.59032768
v 144.70754912 -10.46618504 -31.23178461
v 144.08887253 -10.09818958 -31.85414343
v 143.49385135 -9.65437196 -32.45270606
v 142.92740692 -9.13657419 -33.02252185
v 142.39456856 -8.54747450 -33.55853155
v 141.90019173 -7.89094872 -34.05585081
v 141.44862457 -7.17218270 -34.51010561
v 141.04343397 -6.39749812 -34.91770783
v 140.68728577 -5.57395425 -35.27597574
v 140.38202211 -4.70886313 -35.58305627
v 140.12890994 -3.80937982 -35.83767492
v 139.92897361 -2.88229437 -36.03880122
v 139.78329270 -1.93407282 -36.18534920
v 139.69315598 -0.97109969 -36.27602239
v 139.66001148 -0.00000000 -36.30936417
v 139.68522264 0.97210880 -36.28400295
v 139.76970882 1.93755517 -36.19901393
v 139.91358904 2.88828769 -36.05427736
v 140.11594835 3.81623871 -35.85071365
v 140.37480460 4.71375629 -35.59031674
v 140.68728577 5.57395425 -35.27597574
v 141.04995740 6.39085714 -34.91114557
v 141.45919095 7.15929222 -34.49947634
v 141.91145402 7.87457467 -34.04452149
v 142.40343481 8.53211222 -33.54961253
v 142.93197468 9.12708988 -33.01792691
v 143.49385135 9.65437196 -32.45270606
v 144.08550695 10.10868299 -31.85752905
v 144.70283148 10.48502967 -31.23653032
v 145.34108853 10.77923641 -30.59447449
v 145.99501501 10.98842141 -29.93665598
v 146.65906187 11.11125442 -29.26865685
v 147.32769123 11.14790850 -28.59604795
v 147.99562651 11.09972027 -27.92413725
v 148.65797224 10.96867204 -27.25784937
v 149.31017164 10.75686905 -26.60176822
v 149.94783334 10.46618504 -25.96031128
v 150.56650993 10.09818958 -25.33795246
v 151.16153111 9.65437196 -24.73938984
v 151.72797554 9.13657419 -24.16957404
v 152.26081389 8.54747450 -23.63356434
v 152.75519072 7.89094872 -23.13624508
v 153.20675789 7.17218270 -22.68199028
v 153.61194849 6.39749812 -22.27438807
v 153.96809668 5.57395425 -21.91612015
v 154.27336034 4.70886313 -21.60903962
v 154.52647252 3.80937982 -21.35442098
v 154.72640884 2.88229437 -21.15329467
v 154.87208976 1.93407282 -21.00674669
v 154.96222648 0.97109969 -20.91607350
v 156.41979373 0.00000000 -22.28668782
v 156.39432543 -0.97237304 -22.31230771
v 156.30960388 -1.93803785 -22.39753350
v 156.16555684 -2.88898323 -22.54243788
v 155.96311116 -3.81718940 -22.74608848
v 155.70422354 -4.71503759 -23.00651694
v 155.39171299 -5.57564239 -23.32088749
v 155.02895182 -6.39299127 -23.68580774
v 154.61951796 -7.16184596 -24.09767847
v 154.16692067 -7.87744921 -24.55296953
v 153.67448198 -8.53515565 -25.04833911
v 153.14539859 -9.13013774 -25.58057150
v 152.58294418 -9.65729591 -26.14637353
v 151.99072342 -10.11143075 -26.74211906
v 151.37287382 -10.48764169 -27.36364598
v 150.73413353 -10.78183220 -28.00618792
v 150.07974537 -10.99115883 -28.66447086
v 149.41522811 -11.11427469 -29.33294320
v 148.74609462 -11.15128478 -30.00605923
v 148.07761422 -11.10342686 -30.67851829
v 147.41469763 -10.97258459 -31.34538042
v 146.76193457 -10.76079574 -32.00202860
v 146.12375447 -10.46991836 -32.64400701
v 145.50463266 -10.10156172 -33.26681371
v 144.90924506 -9.65729591 -33.86574494
v 144.34249260 -9.13905771 -34.43587059
v 143.80936455 -8.54960384 -34.97217171
v 143.31467130 -7.89284897 -35.46980927
v 142.86272882 -7.17396942 -35.92444162
v 142.45709918 -6.39923710 -36.33248549
v 142.10047624 -5.57564239 -36.69123098
v 141.79475701 -4.71043559 -36.99876978
v 141.54127429 -3.81073864 -37.25376118
v 141.34110852 -2.88334653 -37.45511830
v 141.19536711 -1.93476271 -37.60172713
v 141.10532868 -0.97142398 -37.69230145
v 141.07239550 -0.00000000 -37.72543065
v 141.09786380 0.97237304 -37.69981076
v 141.18258535 1.93803785 -37.61458497
v 141.32663239 2.88898323 -37.46968059
v 141.52907807 3.81718940 -37.26602999
v 141.78796569 4.71503759 -37.00560153
v 142.10047624 5.57564239 -36.69123098
v 142.46323741 6.39299127 -36.32631073
v 142.87267127 7.16184596 -35.91444000
v 143.32526856 7.87744921 -35.45914894
v 143.81770725 8.53515565 -34.96377935
v 144.34679064 9.13013774 -34.43154697
v 144.90924506 9.65729591 -33.86574494
v 145.50146581 10.11143075 -33.26999941
v 146.11931541 10.48764169 -32.64847249
v 146.75805570 10.78183220 -32.00593055
v 147.41244386 10.99115883 -31.34764760
v 148.07696112 11.11427469 -30.67917527
v 148.74609462 11.15128478 -30.00605923
v 149.41457502 11.10342686 -29.33360017
v 150.07749160 10.97258459 -28.66673805
v 150.73025466 10.76079574 -28.01008987
v 151.36843476 10.46991836 -27.36811146
v 151.98755658 10.10156172 -26.74530475
v 152.58294418 9.65729591 -26.14637353
v 153.14969663 9.13905771 -25.57624788
v 153.68282468 8.54960384 -25.03994676
v 154.17751793 7.89284897 -24.54230919
v 154.62946041 7.17396942 -24.08767685
v 155.03509005 6.39923710 -23.67963298
v 155.39171299 5.57564239 -23.32088749
v 155.69743222 4.71043559 -23.01334868
v 155.95091494 3.81073864 -22.75835728
v 156.15108071 2.88334653 -22.55700017
v 156.29682212 1.93476271 -22.41039134
v 156.38686055 0.97142398 -22.31981702
v 157.84292543 0.00000000 -23.69194266
v 157.81725488 -0.97249363 -23.71776599
v 157.73234826 -1.93824363 -23.80317796
v 157.58817012 -2.88927114 -23.94821423
v 157.38565667 -3.81759471 -24.15193299
v 157.12674460 -4.71562232 -24.41238605
v 156.81421121 -5.57646978 -24.72677957
v 156.45137991 -6.39409596 -25.09177037
v 156.04178884 -7.16321155 -25.50379925
v 155.58892904 -7.87900283 -25.95935438
v 155.09613058 -8.53678310 -26.45508587
v 154.56662011 -9.13171540 -26.98774788
v 154.00371171 -9.65872898 -27.55400659
v 153.41104691 -10.11268470 -28.15019882
v 152.79278481 -10.48875527 -28.77214068
v 152.15366495 -10.78290668 -29.41506446
v 151.49891419 -10.99232587 -30.07371216
v 150.83402747 -11.11565301 -30.74255615
v 150.16449800 -11.15293955 -31.41607052
v 149.49558938 -11.10534549 -32.08896035
v 148.83222433 -10.97467681 -32.75627362
v 148.17901844 -10.76291803 -33.41336725
v 147.54043112 -10.47191472 -34.05575532
v 146.92095961 -10.10330723 -34.67891379
v 146.32528429 -9.65872898 -35.27813445
v 145.75829003 -9.14019107 -35.84850334
v 145.22493456 -8.55051164 -36.38503324
v 144.72999284 -7.89363554 -36.88292075
v 144.27775552 -7.17473116 -37.33784969
v 143.87178087 -6.40003069 -37.74624062
v 143.51478479 -5.57646978 -38.10536147
v 143.20870747 -4.71124953 -38.41326050
v 142.95493349 -3.81146526 -38.66854489
v 142.75458741 -2.88391519 -38.87008339
v 142.60879854 -1.93513163 -39.01673996
v 142.51883750 -0.97159184 -39.10723643
v 142.48607058 -0.00000000 -39.14019838
v 142.51174113 0.97249363 -39.11437505
v 142.59664775 1.93824363 -39.02896308
v 142.74082589 2.88927114 -38.88392682
v 142.94333934 3.81759471 -38.68020805
v 143.20225140 4.71562232 -38.41975500
v 143.51478479 5.57646978 -38.10536147
v 143.87761609 6.39409596 -37.74037067
v 144.28720716 7.16321155 -37.32834180
v 144.74006697 7.87900283 -36.87278666
v 145.23286543 8.53678310 -36.37705517
v 145.76237590 9.13171540 -35.84439316
v 146.32528429 9.65872898 -35.27813445
v 146.91794910 10.11268470 -34.68194223
v 147.53621119 10.48875527 -34.06000036
v 148.17533106 10.78290668 -33.41707659
v 148.83008182 10.99232587 -32.75842888
v 149.49496853 11.11565301 -32.08958490
v 150.16449800 11.15293955 -31.41607052
v 150.83340662 11.10534549 -30.74318069
v 151.49677168 10.97467681 -30.07586743
v 152.14997756 10.76291803 -29.41877379
v 152.78856489 10.47191472 -28.77638573
v 153.40803640 10.10330723 -28.15322725
v 154.00371171 9.65872898 -27.55400659
v 154.57070597 9.14019107 -26.98363770
v 155.10406145 8.55051164 -26.44710780
v 155.59900317 7.89363554 -25.94922029
v 156.05124048 7.17473116 -25.49429135
v 156.45721513 6.40003069 -25.08590042
v 156.81421121 5.57646978 -24.72677957
v 157.12028853 4.71124953 -24.41888054
v 157.37406251 3.81146526 -24.16359615
v 157.57440860 2.88391519 -23.96205765
v 157.72019746 1.93513163 -23.81540108
v 157.81015850 0.97159184 -23.72490461
v 159.26668914 0.00000000 -25.09656172
v 159.24078904 -0.97276470 -25.12261597
v 159.15567241 -1.93874471 -25.20823920
v 159.01134558 -2.88999670 -25.35342503
v 158.80875540 -3.81858164 -25.55722099
v 158.54981582 -4.71693676 -25.81770173
v 158.23725678 -5.57817833 -26.13212105
v 157.87434621 -6.39623194 -26.49719159
v 157.46457706 -7.16574967 -26.90939961
v 157.01141967 -7.88185307 -27.36525409
v 156.51821327 -8.53980791 -27.86139596
v 155.98821848 -9.13476590 -28.39454517
v 155.42479527 -9.66168828 -28.96132176
v 154.83162694 -10.11550353 -29.55802051
v 154.21289717 -10.49146684 -30.18043283
v 153.57334701 -10.78561452 -30.82378946
v 152.91818524 -10.99516763 -31.48285062
v 152.25287975 -11.11875141 -32.15211588
v 151.58290139 -11.15635666 -32.82608181
v 150.91350729 -11.10905529 -33.49946001
v 150.24963376 -10.97856543 -34.16728478
v 149.59592579 -10.76681152 -34.82488348
v 148.95687679 -10.47562521 -35.46773598
v 148.33700889 -10.10668230 -36.09129320
v 147.74100751 -9.66168828 -36.69084186
v 147.17373929 -9.14273883 -37.26148635
v 146.64012615 -8.55272213 -37.79827545
v 146.14490282 -7.89561782 -38.29644624
v 145.69233123 -7.17658598 -38.75171144
v 145.28596532 -6.40181465 -39.16049596
v 144.92854600 -5.57817833 -39.52004257
v 144.62206247 -4.71282335 -39.82835023
v 144.36795809 -3.81281576 -40.08396698
v 144.16740751 -2.88495845 -40.28571120
v 144.02156491 -1.93581730 -40.43242183
v 143.93169180 -0.97191640 -40.52282984
v 143.89911364 -0.00000000 -40.55560190
v 143.92501374 0.97276470 -40.52954765
v 144.01013037 1.93874471 -40.44392442
v 144.15445720 2.88999670 -40.29873859
v 144.35704739 3.81858164 -40.09494262
v 144.61598696 4.71693676 -39.83446189
v 144.92854600 5.57817833 -39.52004257
v 145.29145657 6.39623194 -39.15497203
v 145.70122572 7.16574967 -38.74276401
v 146.15438311 7.88185307 -38.28690953
v 146.64758951 8.53980791 -37.79076766
v 147.17758430 9.13476590 -37.25761845
v 147.74100751 9.66168828 -36.69084186
v 148.33417584 10.11550353 -36.09414311
v 148.95290562 10.49146684 -35.47173078
v 149.59245577 10.78561452 -34.82837416
v 150.24761754 10.99516763 -34.16931300
v 150.91292303 11.11875141 -33.50004774
v 151.58290139 11.15635666 -32.82608181
v 152.25229549 11.10905529 -32.15270361
v 152.91616902 10.97856543 -31.48487884
v 153.56987699 10.76681152 -30.82728014
v 154.20892599 10.47562521 -30.18442764
v 154.82879389 10.10668230 -29.56087042
v 155.42479527 9.66168828 -28.96132176
v 155.99206349 9.14273883 -28.39067727
v 156.52567664 8.55272213 -27.85388817
v 157.02089996 7.89561782 -27.35571738
v 157.47347155 7.17658598 -26.90045218
v 157.87983746 6.40181465 -26.49166766
v 158.23725678 5.57817833 -26.13212105
v 158.54374032 4.71282335 -25.82381339
v 158.79784469 3.81281576 -25.56819664
v 158.99839527 2.88495845 -25.36645242
v 159.14423788 1.93581730 -25.21974179
v 159.23411098 0.97191640 -25.12933378
v 160.68892869 0.00000000 -26.50271401
v 160.66286413 -0.97265638 -26.52893370
v 160.57759707 -1.93850077 -26.61470825
v 160.43316379 -2.88961778 -26.76000117
v 160.23051874 -3.81810118 -26.96385232
v 159.97155960 -4.71641151 -27.22435273
v 159.65898238 -5.57766748 -27.53879035
v 159.29601523 -6.39577278 -27.90391781
v 158.88611872 -7.16533918 -28.31625394
v 158.43274839 -7.88144341 -28.77232264
v 157.93924999 -8.53931871 -29.26875824
v 157.40890849 -9.13411015 -29.80225623
v 156.84511674 -9.66080347 -30.36940355
v 156.25158798 -10.11437711 -30.96646487
v 155.63252348 -10.49014679 -31.58921392
v 154.99266540 -10.78420038 -32.23288030
v 154.33720952 -10.99378420 -32.89223732
v 153.67160437 -11.11751328 -33.56180402
v 153.00130478 -11.15533497 -34.23609310
v 152.33156322 -11.10825783 -34.90982082
v 151.66732576 -10.97793653 -35.57801169
v 151.01325844 -10.76625192 -36.23597188
v 150.37387901 -10.47502512 -36.87915677
v 149.75372747 -10.10595678 -37.50299932
v 149.15749282 -9.66080347 -38.10278264
v 148.59002863 -9.14172074 -38.67362426
v 148.05623118 -8.55164602 -39.21059876
v 147.56080639 -7.89458260 -39.70897223
v 147.10799556 -7.17568302 -40.16447809
v 146.70134954 -6.40110177 -40.57354438
v 146.34362717 -5.57766748 -40.93339584
v 146.03685277 -4.71248504 -41.24199611
v 145.78251181 -3.81259735 -41.49785085
v 145.58181482 -2.88480851 -41.69974234
v 145.43593380 -1.93570640 -41.84649162
v 145.34612376 -0.97184663 -41.93683619
v 145.31368086 -0.00000000 -41.96947218
v 145.33974543 0.97265638 -41.94325249
v 145.42501248 1.93850077 -41.85747794
v 145.56944576 2.88961778 -41.71218502
v 145.77209081 3.81810118 -41.50833387
v 146.03104995 4.71641151 -41.24783346
v 146.34362717 5.57766748 -40.93339584
v 146.70659432 6.39577278 -40.56826839
v 147.11649083 7.16533918 -40.15593225
v 147.56986117 7.88144341 -39.69986355
v 148.06335957 8.53931871 -39.20342795
v 148.59370107 9.13411015 -38.66992997
v 149.15749282 9.66080347 -38.10278264
v 149.75102157 10.11437711 -37.50572132
v 150.37008608 10.49014679 -36.88297227
v 151.00994416 10.78420038 -36.23930589
v 151.66540003 10.99378420 -35.57994887
v 152.33100519 11.11751328 -34.91038217
v 153.00130478 11.15533497 -34.23609310
v 153.67104633 11.10825783 -33.56236537
v 154.33528380 10.97793653 -32.89417450
v 154.98935112 10.76625192 -32.23621431
v 155.62873054 10.47502512 -31.59302943
v 156.24888209 10.10595678 -30.96918687
v 156.84511674 9.66080347 -30.36940355
v 157.41258093 9.14172074 -29.79856193
v 157.94637837 8.55164602 -29.26158743
v 158.44180317 7.89458260 -28.76321397
v 158.89461400 7.17568302 -28.30770810
v 159.30126002 6.40110177 -27.89864181
v 159.65898238 5.57766748 -27.53879035
v 159.96575679 4.71248504 -27.23019008
v 160.22009774 3.81259735 -26.97433535
v 160.42079473 2.88480851 -26.77244385
v 160.56667575 1.93570640 -26.62569457
v 160.65648580 0.97184663 -26.53535000
v 162.11274759 0.00000000 -27.90727755
v 162.08645060 -0.97278677 -27.93373106
v 162.00097100 -1.93872104 -28.01971942
v 161.85638738 -2.88992452 -28.16516356
v 161.65366496 -3.81853502 -28.36909255
v 161.39467840 -4.71704377 -28.62962055
v 161.08207574 -5.57857096 -28.94408375
v 160.71902893 -6.39698753 -29.30929135
v 160.30895276 -7.16684681 -29.72180821
v 159.85528183 -7.88316080 -30.17817929
v 159.36137113 -8.54111543 -30.67502965
v 158.83054005 -9.13584500 -31.20902013
v 158.26622788 -9.66236834 -31.77669097
v 157.67219020 -10.11573300 -32.37426424
v 157.05265312 -10.49133876 -32.99748868
v 156.41236036 -10.78534515 -33.64159233
v 155.75648935 -10.99503339 -34.30136695
v 155.09046121 -11.11900364 -34.97135915
v 154.41970817 -11.15714192 -35.64610438
v 153.74947608 -11.11036762 -36.32032555
v 153.08472480 -10.98024634 -36.98903330
v 152.43015012 -10.76859791 -37.64750387
v 151.79030422 -10.47722911 -38.29115800
v 151.16975230 -10.10787621 -38.91540332
v 150.57318845 -9.66236834 -39.51551780
v 150.00544777 -9.14294623 -40.08663756
v 149.47139028 -8.55261771 -40.62387365
v 148.97568114 -7.89542063 -41.12253315
v 148.52253255 -7.17649837 -41.57837879
v 148.11549098 -6.40195987 -41.98784298
v 147.75734059 -5.57857096 -42.34812501
v 147.45015532 -4.71338008 -42.65713858
v 147.19548021 -3.81339953 -42.91332948
v 146.99457646 -2.88543711 -43.11542896
v 146.84864126 -1.93611368 -43.26223274
v 146.75892042 -0.97203121 -43.35248758
v 146.72666874 -0.00000000 -43.38493121
v 146.75296573 0.97278677 -43.35847770
v 146.83844533 1.93872104 -43.27248935
v 146.98302895 2.88992452 -43.12704520
v 147.18575137 3.81853502 -42.92311622
v 147.44473793 4.71704377 -42.66258822
v 147.75734059 5.57857096 -42.34812501
v 148.12038741 6.39698753 -41.98291742
v 148.53046357 7.16684681 -41.57040056
v 148.98413450 7.88316080 -41.11402947
v 149.47804520 8.54111543 -40.61717912
v 150.00887628 9.13584500 -40.08318864
v 150.57318845 9.66236834 -39.51551780
v 151.16722613 10.11573300 -38.91794453
v 151.78676321 10.49133876 -38.29472009
v 152.42705597 10.78534515 -37.65061643
v 153.08292698 10.99503339 -36.99084182
v 153.74895512 11.11900364 -36.32084962
v 154.41970817 11.15714192 -35.64610438
v 155.08994025 11.11036762 -34.97188322
v 155.75469153 10.98024634 -34.30317547
v 156.40926621 10.76859791 -33.64470489
v 157.04911211 10.47722911 -33.00105076
v 157.66966403 10.10787621 -32.37680544
v 158.26622788 9.66236834 -31.77669097
v 158.83396856 9.14294623 -31.20557121
v 159.36802605 8.55261771 -30.66833512
v 159.86373519 7.89542063 -30.16967562
v 160.31688378 7.17649837 -29.71382998
v 160.72392535 6.40195987 -29.30436578
v 161.08207574 5.57857096 -28.94408375
v 161.38926101 4.71338008 -28.63507018
v 161.64393613 3.81339953 -28.37887929
v 161.84483987 2.88543711 -28.17677980
v 161.99077507 1.93611368 -28.02997603
v 162.08049591 0.97203121 -27.93972119
v 163.53648613 0.00000000 -29.31192194
v 163.50995985 -0.97254939 -29.33860609
v 163.42427066 -1.93820894 -29.42480529
v 163.27953888 -2.88913990 -29.57039849
v 163.07674032 -3.81752639 -29.77440406
v 162.81772695 -4.71589270 -30.03495902
v 162.50509950 -5.57736308 -30.34944717
v 162.14197445 -6.39577851 -30.71473347
v 161.73172144 -7.16563678 -31.12742822
v 161.27775440 -7.88188803 -31.58409718
v 160.78343743 -8.53967337 -32.08135622
v 160.25212387 -9.13411833 -32.61583205
v 159.68729884 -9.66027623 -33.18401881
v 159.09275966 -10.11326453 -33.78209656
v 158.47275696 -10.48856755 -34.40578939
v 157.83203599 -10.78241690 -35.05032380
v 157.17575608 -10.99212914 -35.71050975
v 156.50931131 -11.11629035 -36.38092107
v 155.83811155 -11.15472616 -37.05611567
v 155.16739620 -11.10826778 -37.73082299
v 154.50213865 -10.97839247 -38.40004001
v 153.84706408 -10.76685927 -39.05901345
v 153.20675861 -10.47546017 -39.70312989
v 152.58581230 -10.10596584 -40.32777194
v 151.98892427 -9.66027623 -40.92821254
v 151.42091136 -9.14071514 -41.49960614
v 150.88659785 -8.55035861 -42.03709977
v 150.39060867 -7.89327700 -42.53604098
v 149.93712731 -7.17460275 -42.99222137
v 149.52969591 -6.40039765 -43.40207772
v 149.17112360 -5.57736308 -43.76278417
v 148.86353331 -4.71248926 -44.07220519
v 148.60852877 -3.81275569 -44.32872746
v 148.40742124 -2.88497125 -44.53103194
v 148.26143273 -1.93578680 -44.67788934
v 148.17179999 -0.97184750 -44.76805556
v 148.13973698 -0.00000000 -44.80030940
v 148.16626325 0.97254939 -44.77362525
v 148.25195244 1.93820894 -44.68742605
v 148.39668423 2.88913990 -44.54183286
v 148.59948278 3.81752639 -44.33782729
v 148.85849615 4.71589270 -44.07727232
v 149.17112360 5.57736308 -43.76278417
v 149.53424866 6.39577851 -43.39749787
v 149.94450167 7.16563678 -42.98480312
v 150.39846871 7.88188803 -42.52813416
v 150.89278567 8.53967337 -42.03087512
v 151.42409924 9.13411833 -41.49639929
v 151.98892427 9.66027623 -40.92821254
v 152.58346344 10.11326453 -40.33013479
v 153.20346614 10.48856755 -39.70644195
v 153.84418711 10.78241690 -39.06190755
v 154.50046702 10.99212914 -38.40172159
v 155.16691180 11.11629035 -37.73131027
v 155.83811155 11.15472616 -37.05611567
v 156.50882691 11.10826778 -36.38140836
v 157.17408445 10.97839247 -35.71219133
v 157.82915902 10.76685927 -35.05321789
v 158.46946449 10.47546017 -34.40910145
v 159.09041080 10.10596584 -33.78445940
v 159.68729884 9.66027623 -33.18401881
v 160.25531174 9.14071514 -32.61262521
v 160.78962525 8.55035861 -32.07513157
v 161.28561444 7.89327700 -31.57619036
v 161.73909579 7.17460275 -31.12000997
v 162.14652720 6.40039765 -30.71015362
v 162.50509950 5.57736308 -30.34944717
v 162.81268980 4.71248926 -30.04002616
v 163.06769434 3.81275569 -29.78350388
v 163.26880187 2.88497125 -29.58119940
v 163.41479037 1.93578680 -29.43434200
v 163.50442312 0.97184750 -29.34417578
v 164.95984941 0.00000000 -30.71694381
v 164.93310973 -0.97187507 -30.74384264
v 164.84722550 -1.93682884 -30.83023804
v 164.70235590 -2.88706292 -30.97596987
v 164.49948665 -3.81480812 -31.18004655
v 164.24044855 -4.71262292 -31.44062640
v 163.92779829 -5.57363854 -31.75513749
v 163.56460071 -6.39167100 -32.12049675
v 163.15418343 -7.16116909 -32.53335674
v 162.69994114 -7.87702783 -32.99030260
v 162.20524640 -8.53434899 -33.48794166
v 161.67348415 -9.12825220 -34.02286885
v 161.10818218 -9.65382513 -34.59153538
v 160.51317667 -10.10625246 -35.19008225
v 159.89274105 -10.48109916 -35.81421057
v 159.25162201 -10.77466551 -36.45914541
v 158.59496201 -10.98430219 -37.11971372
v 157.92812996 -11.10858283 -37.79051462
v 157.25651494 -11.14727707 -38.46612696
v 156.58535028 -11.10113380 -39.14128625
v 155.91962203 -10.97154757 -39.81097679
v 155.26408267 -10.76022012 -40.47041778
v 154.62334993 -10.46892885 -41.11496403
v 154.00203702 -10.09947556 -41.73997487
v 153.40484770 -9.65382513 -42.34071853
v 152.83658188 -9.13437740 -42.91236656
v 152.30203049 -8.54427032 -43.45009949
v 151.80578105 -7.88760259 -43.94930251
v 151.35199030 -7.16949408 -44.40579412
v 150.94419635 -6.39595991 -44.81601518
v 150.58523159 -5.57363854 -45.17711642
v 150.27726451 -4.70946280 -45.48691646
v 150.02195353 -3.81037849 -45.74374700
v 149.82065647 -2.88319229 -45.94624214
v 149.67461847 -1.93457986 -46.09314933
v 149.58506781 -0.97122336 -46.18323298
v 149.55318047 -0.00000000 -46.21531011
v 149.57992015 0.97187507 -46.18841127
v 149.66580438 1.93682884 -46.10201588
v 149.81067398 2.88706292 -45.95628405
v 150.01354323 3.81480812 -45.75220736
v 150.27258133 4.71262292 -45.49162752
v 150.58523159 5.57363854 -45.17711642
v 150.94842917 6.39167100 -44.81175717
v 151.35884645 7.16116909 -44.39889717
v 151.81308874 7.87702783 -43.94195132
v 152.30778348 8.53434899 -43.44431226
v 152.83954573 9.12825220 -42.90938507
v 153.40484770 9.65382513 -42.34071853
v 153.99985321 10.10625246 -41.74217167
v 154.62028883 10.48109916 -41.11804335
v 155.26140787 10.77466551 -40.47310850
v 155.91806787 10.98430219 -39.81254020
v 156.58489992 11.10858283 -39.14173929
v 157.25651494 11.14727707 -38.46612696
v 157.92767960 11.10113380 -37.79096767
v 158.59340785 10.97154757 -37.12127713
v 159.24894721 10.76022012 -36.46183614
v 159.88967995 10.46892885 -35.81728989
v 160.51099286 10.09947556 -35.19227905
v 161.10818218 9.65382513 -34.59153538
v 161.67644800 9.13437740 -34.01988736
v 162.21099939 8.54427032 -33.48215443
v 162.70724883 7.88760259 -32.98295141
v 163.16103958 7.16949408 -32.52645979
v 163.56883353 6.39595991 -32.11623873
v 163.92779829 5.57363854 -31.75513749
v 164.23576537 4.70946280 -31.44533746
v 164.49107635 3.81037849 -31.18850692
v 164.69237341 2.88319229 -30.98601178
v 164.83841141 1.93457986 -30.83910459
v 164.92796207 0.97122336 -30.74902094
v 166.38472556 0.00000000 -32.12044381
v 166.35770699 -0.97210112 -32.14762319
v 166.27156796 -1.93723204 -32.23427491
v 166.12651843 -2.88763813 -32.38018774
v 165.92355704 -3.81560226 -32.58435712
v 165.66448693 -4.71371907 -32.84496915
v 165.35180725 -5.57512103 -33.15950984
v 164.98851534 -6.39358460 -33.52496399
v 164.57788389 -7.16348829 -33.93803944
v 164.12328240 -7.87964944 -34.39534662
v 163.62809455 -8.53711290 -34.89348173
v 163.09574655 -9.13098510 -35.42899815
v 162.52982194 -9.65639287 -35.99829103
v 161.93420770 -10.10860317 -36.59745025
v 161.31320706 -10.48328106 -37.22214696
v 160.67156856 -10.77681223 -37.86760436
v 160.01441262 -10.98658884 -38.52867156
v 159.34707524 -11.11116667 -39.19998079
v 158.67491833 -11.15024205 -39.87613825
v 158.00316729 -11.10445735 -40.55188741
v 157.33682467 -10.97510079 -41.22219597
v 156.68067867 -10.76380131 -41.88224722
v 156.03938831 -10.47231929 -42.52735440
v 155.41759703 -10.10249923 -43.15284645
v 154.82001471 -9.65639287 -43.75398546
v 154.25141904 -9.13650204 -44.32596530
v 153.71655743 -8.54604902 -44.86401030
v 153.21996845 -7.88917409 -45.36355487
v 152.76577391 -7.17098658 -45.82045268
v 152.35750663 -6.39744760 -46.23114989
v 151.99802941 -5.57512103 -46.59276665
v 151.68957027 -4.71087276 -46.90306167
v 151.43385911 -3.81161251 -47.16029477
v 151.23231459 -2.88415187 -47.36303884
v 151.08621208 -1.93520639 -47.51001092
v 150.99676881 -0.97151413 -47.59998654
v 150.96511110 -0.00000000 -47.63183268
v 150.99212967 0.97210112 -47.60465330
v 151.07826870 1.93723204 -47.51800158
v 151.22331822 2.88763813 -47.37208876
v 151.42627962 3.81560226 -47.16791937
v 151.68534972 4.71371907 -46.90730734
v 151.99802941 5.57512103 -46.59276665
v 152.36132131 6.39358460 -46.22731250
v 152.77195277 7.16348829 -45.81423705
v 153.22655425 7.87964944 -45.35692987
v 153.72174210 8.53711290 -44.85879477
v 154.25409010 9.13098510 -44.32327834
v 154.82001471 9.65639287 -43.75398546
v 155.41562896 10.10860317 -43.15482624
v 156.03662960 10.48328106 -42.53012953
v 156.67826810 10.77681223 -41.88467213
v 157.33542403 10.98658884 -41.22360494
v 158.00276142 11.11116667 -40.55229570
v 158.67491833 11.15024205 -39.87613825
v 159.34666937 11.10445735 -39.20038908
v 160.01301199 10.97510079 -38.53008053
v 160.66915799 10.76380131 -37.87002928
v 161.31044835 10.47231929 -37.22492209
v 161.93223962 10.10249923 -36.59943004
v 162.52982194 9.65639287 -35.99829103
v 163.09841762 9.13650204 -35.42631119
v 163.63327923 8.54604902 -34.88826619
v 164.12986820 7.88917409 -34.38872162
v 164.58406274 7.17098658 -33.93182381
v 164.99233002 6.39744760 -33.52112660
v 165.35180725 5.57512103 -33.15950984
v 165.66026638 4.71087276 -32.84921482
v 165.91597755 3.81161251 -32.59198172
v 166.11752206 2.88415187 -32.38923765
v 166.26362457 1.93520639 -32.24226557
v 166.35306784 0.97151413 -32.15228995
v 167.80669114 0.00000000 -33.52687170
v 167.77951890 -0.97195772 -33.55420566
v 167.69323952 -1.93692023 -33.64099857
v 167.54809093 -2.88715915 -33.78701105
v 167.34507888 -3.81498811 -33.99123139
v 167.08599130 -4.71302370 -34.25186100
v 166.77329559 -5.57440098 -34.56641782
v 166.40995192 -6.39287633 -34.93192403
v 165.99920269 -7.16279115 -35.34511796
v 165.54440355 -7.87892144 -35.80262397
v 165.04894426 -8.53628209 -36.30103213
v 164.51627380 -9.12997359 -36.83687294
v 163.95000643 -9.65514571 -37.40651062
v 163.35405709 -10.10711195 -38.00600692
v 162.73274547 -10.48159370 -38.63101647
v 162.09082111 -10.77502463 -39.27676143
v 161.43339227 -10.98482047 -39.93810315
v 160.76577683 -11.10952756 -40.60969210
v 160.09332171 -11.14880195 -41.28614953
v 159.42124795 -11.10322723 -41.96222334
v 158.75456718 -10.97403272 -42.63287206
v 158.09808729 -10.76280684 -43.29325919
v 157.45649003 -10.47130015 -43.93867510
v 156.83443553 -10.10138010 -44.56443194
v 156.23663700 -9.65514571 -45.16578845
v 155.66785990 -9.13515423 -45.73795079
v 155.13282767 -8.54467347 -46.27616743
v 154.63605189 -7.88786548 -46.77589992
v 154.18163511 -7.16983236 -47.23302129
v 153.77310725 -6.39650385 -47.64398063
v 153.41334784 -5.57440098 -48.00588125
v 153.10461774 -4.71035090 -48.31644885
v 152.84868621 -3.81124157 -48.57390363
v 152.64700545 -2.88388540 -48.77678475
v 152.50086749 -1.93501806 -48.92379250
v 152.41148345 -0.97140651 -49.01370854
v 152.37995229 -0.00000000 -49.04542737
v 152.40712453 0.97195772 -49.01809340
v 152.49340391 1.93692023 -48.93130050
v 152.63855250 2.88715915 -48.78528802
v 152.84156455 3.81498811 -48.58106768
v 153.10065213 4.71302370 -48.32043806
v 153.41334784 5.57440098 -48.00588125
v 153.77669151 6.39287633 -47.64037504
v 154.18744074 7.16279115 -47.22718111
v 154.64223988 7.87892144 -46.76967509
v 155.13769917 8.53628209 -46.27126694
v 155.67036963 9.12997359 -45.73542613
v 156.23663700 9.65514571 -45.16578845
v 156.83258634 10.10711195 -44.56629214
v 157.45389796 10.48159370 -43.94128260
v 158.09582232 10.77502463 -43.29553763
v 158.75325116 10.98482047 -42.63419592
v 159.42086660 11.10952756 -41.96260697
v 160.09332171 11.14880195 -41.28614953
v 160.76539548 11.10322723 -40.61007572
v 161.43207624 10.97403272 -39.93942701
v 162.08855614 10.76280684 -39.27903988
v 162.73015340 10.47130015 -38.63362397
v 163.35220790 10.10138010 -38.00786713
v 163.95000643 9.65514571 -37.40651062
v 164.51878353 9.13515423 -36.83434828
v 165.05381576 8.54467347 -36.29613164
v 165.55059154 7.88786548 -35.79639915
v 166.00500832 7.16983236 -35.33927778
v 166.41353618 6.39650385 -34.92831844
v 166.77329559 5.57440098 -34.56641782
v 167.08202568 4.71035090 -34.25585022
v 167.33795722 3.81124157 -33.99839544
v 167.53963798 2.88388540 -33.79551431
v 167.68577594 1.93501806 -33.64850656
v 167.77515998 0.97140651 -33.55859053
v 169.23058490 0.00000000 -34.93135994
v 169.20317556 -0.97180186 -34.95893242
v 169.11667966 -1.93656951 -35.04594312
v 168.97137833 -2.88661449 -35.19210925
v 168.76828828 -3.81429733 -35.39640805
v 168.50917395 -4.71226793 -35.65706458
v 168.19645377 -5.57366487 -35.97164601
v 167.83303054 -6.39221321 -36.33723226
v 167.42209991 -7.16219676 -36.75060867
v 166.96699614 -7.87832746 -37.20842112
v 166.47111842 -8.53557372 -37.70725020
v 165.93795082 -9.12902656 -38.24359111
v 165.37115500 -9.65387074 -38.81376038
v 164.77468909 -10.10549119 -39.41377634
v 164.15289810 -10.47969580 -40.03926810
v 163.51053316 -10.77299193 -40.68545626
v 162.85268378 -10.98283145 -41.34722103
v 162.18463982 -11.10774606 -42.01924105
v 161.51172510 -11.14732974 -42.69616082
v 160.83915391 -11.10207552 -43.37273502
v 160.17195190 -10.97312206 -44.04390808
v 159.51495732 -10.76199545 -44.70481296
v 158.87288703 -10.47043120 -45.35070471
v 158.25042687 -10.10033231 -45.97686964
v 157.65229520 -9.65387074 -46.57856126
v 157.08323863 -9.13368933 -47.15100474
v 156.54794354 -8.54312629 -47.68948580
v 156.05087993 -7.88637744 -48.18950783
v 155.59612060 -7.16853412 -48.64697380
v 155.18719097 -6.39547812 -49.05833729
v 154.82699643 -5.57366487 -49.42067564
v 154.51784847 -4.70986231 -49.73166358
v 154.26157710 -3.81092530 -49.98946023
v 154.05968628 -2.88366799 -50.19255266
v 153.91349372 -1.93485748 -50.33961533
v 153.82420115 -0.97130575 -50.42943935
v 153.79286530 -0.00000000 -50.46096170
v 153.82027464 0.97180186 -50.43338923
v 153.90677054 1.93656951 -50.34637852
v 154.05207187 2.88661449 -50.20021239
v 154.25516192 3.81429733 -49.99591359
v 154.51427625 4.71226793 -49.73525706
v 154.82699643 5.57366487 -49.42067564
v 155.19041967 6.39221321 -49.05508938
v 155.60135030 7.16219676 -48.64171297
v 156.05645406 7.87832746 -48.18390052
v 156.55233178 8.53557372 -47.68507144
v 157.08549938 9.12902656 -47.14873053
v 157.65229520 9.65387074 -46.57856126
v 158.24876112 10.10549119 -45.97854530
v 158.87055210 10.47969580 -45.35305355
v 159.51291704 10.77299193 -44.70686538
v 160.17076643 10.98283145 -44.04510061
v 160.83881038 11.10774606 -43.37308059
v 161.51172510 11.14732974 -42.69616082
v 162.18429630 11.10207552 -42.01958662
v 162.85149830 10.97312206 -41.34841356
v 163.50849289 10.76199545 -40.68750868
v 164.15056317 10.47043120 -40.04161693
v 164.77302334 10.10033231 -39.41545200
v 165.37115500 9.65387074 -38.81376038
v 165.94021157 9.13368933 -38.24131690
v 166.47550666 8.54312629 -37.70283585
v 166.97257027 7.88637744 -37.20281381
v 167.42732961 7.16853412 -36.74534784
v 167.83625923 6.39547812 -36.33398435
v 168.19645377 5.57366487 -35.97164601
v 168.50560173 4.70986231 -35.66065806
v 168.76187311 3.81092530 -35.40286141
v 168.96376393 2.88366799 -35.19976898
v 169.10995649 1.93485748 -35.05270631
v 169.19924905 0.97130575 -34.96288229
v 170.65375822 0.00000000 -36.33657291
v 170.62614264 -0.97198224 -36.36435285
v 170.53945846 -1.93689411 -36.45155296
v 170.39402437 -2.88707931 -36.59785264
v 170.19086664 -3.81493667 -36.80221952
v 169.93172925 -4.71314261 -37.06289925
v 169.61898804 -5.57483656 -37.37750183
v 169.25549588 -6.39371431 -37.74315742
v 168.84440779 -7.16400779 -38.15669223
v 168.38903939 -7.88037157 -38.61477088
v 167.89279807 -8.53773202 -39.11396573
v 167.35919842 -9.13117035 -39.65074125
v 166.79194335 -9.65590016 -40.22137251
v 166.19502854 -10.10736694 -40.82184004
v 165.57282105 -10.48145235 -41.44775078
v 164.93007336 -10.77472668 -42.09432397
v 164.27185867 -10.98467234 -42.75645622
v 163.60344248 -11.10980784 -43.42885069
v 162.93012849 -11.14967312 -44.10617211
v 162.25712511 -11.10468265 -44.78318107
v 161.58947021 -10.97589672 -45.45480971
v 160.93202842 -10.76478776 -46.11616446
v 160.28954716 -10.47307875 -46.76246964
v 159.66673460 -10.10270420 -47.38898905
v 159.06831363 -9.65590016 -47.99097171
v 158.49901439 -9.13538470 -48.56365929
v 157.96349108 -8.54455824 -49.10236993
v 157.46617748 -7.88764737 -49.60264344
v 157.01112052 -7.16973567 -50.06040881
v 156.60184172 -6.39666523 -50.47212355
v 156.24126894 -5.57483656 -50.83484239
v 155.93175772 -4.71096834 -51.14619576
v 155.67519092 -3.81188893 -51.40428959
v 155.47311752 -2.88441619 -51.60756569
v 155.32687759 -1.93534673 -51.75467601
v 155.23766467 -0.97153384 -51.84441990
v 155.20649876 -0.00000000 -51.87577131
v 155.23411434 0.97198224 -51.84799137
v 155.32079852 1.93689411 -51.76079126
v 155.46623261 2.88707931 -51.61449158
v 155.66939034 3.81493667 -51.41012469
v 155.92852773 4.71314261 -51.14944497
v 156.24126894 5.57483656 -50.83484239
v 156.60476109 6.39371431 -50.46918680
v 157.01584919 7.16400779 -50.05565199
v 157.47121759 7.88037157 -49.59757334
v 157.96745891 8.53773202 -49.09837848
v 158.50105856 9.13117035 -48.56160296
v 159.06831363 9.65590016 -47.99097171
v 159.66522844 10.10736694 -47.39050418
v 160.28743592 10.48145235 -46.76459344
v 160.93018361 10.77472668 -46.11802025
v 161.58839831 10.98467234 -45.45588799
v 162.25681450 11.10980784 -44.78349353
v 162.93012849 11.14967312 -44.10617211
v 163.60313187 11.10468265 -43.42916315
v 164.27078676 10.97589672 -42.75753451
v 164.92822856 10.76478776 -42.09617976
v 165.57070982 10.47307875 -41.44987458
v 166.19352238 10.10270420 -40.82335517
v 166.79194335 9.65590016 -40.22137251
v 167.36124259 9.13538470 -39.64868492
v 167.89676589 8.54455824 -39.10997429
v 168.39407950 7.88764737 -38.60970078
v 168.84913646 7.16973567 -38.15193541
v 169.25841526 6.39666523 -37.74022067
v 169.61898804 5.57483656 -37.37750183
v 169.92849926 4.71096834 -37.06614846
v 170.18506606 3.81188893 -36.80805463
v 170.38713946 2.88441619 -36.60477853
v 170.53337939 1.93534673 -36.45766820
v 170.62259231 0.97153384 -36.36792431
v 172.07513110 0.00000000 -37.74359702
v 172.04738702 -0.97198783 -37.77150624
v 171.96058554 -1.93688354 -37.85882434
v 171.81506878 -2.88705172 -38.00520719
v 171.61186894 -3.81491585 -38.20961643
v 171.35271728 -4.71316970 -38.47031051
v 171.03996309 -5.57495397 -38.78492615
v 170.67642812 -6.39394693 -39.15062480
v 170.26524205 -7.16434881 -39.56425816
v 169.80970893 -7.88077905 -40.02250253
v 169.31324120 -8.53813843 -40.52192513
v 168.77937253 -9.13150256 -41.05897128
v 168.21183149 -9.65610353 -41.62989021
v 167.61463717 -10.10742503 -42.23063891
v 166.99217037 -10.48139514 -42.85681051
v 166.34918441 -10.77462369 -43.50362339
v 165.69074232 -10.98461238 -44.16598439
v 165.02209442 -11.10987170 -44.83861194
v 164.34853188 -11.14990794 -45.51618340
v 163.67525943 -11.10508665 -46.19346302
v 163.00732257 -10.97641919 -46.86537531
v 162.34960234 -10.76534439 -47.52701015
v 161.70686522 -10.47357728 -48.17357271
v 161.08383330 -10.10307175 -48.80031279
v 160.48523226 -9.65610353 -49.40247658
v 159.91578203 -9.13543721 -49.97531607
v 159.38011671 -8.54451161 -50.51416956
v 158.88264751 -7.88757197 -51.01459959
v 158.42740525 -7.16969654 -51.47255136
v 158.01790902 -6.39670200 -51.88448483
v 157.65710066 -5.57495397 -52.24744065
v 157.34736319 -4.71113973 -52.55902161
v 157.09061239 -3.81207038 -52.81730054
v 156.88842529 -2.88456534 -53.02069101
v 156.74215589 -1.93543885 -53.16783098
v 156.65299265 -0.97156919 -53.25752491
v 156.62193265 -0.00000000 -53.28876977
v 156.64967674 0.97198783 -53.26086055
v 156.73647822 1.93688354 -53.17354245
v 156.88199498 2.88705172 -53.02715960
v 157.08519481 3.81491585 -52.82275036
v 157.34434647 4.71316970 -52.56205628
v 157.65710066 5.57495397 -52.24744065
v 158.02063563 6.39394693 -51.88174199
v 158.43182170 7.16434881 -51.46810863
v 158.88735483 7.88077905 -51.00986426
v 159.38382255 8.53813843 -50.51044166
v 159.91769122 9.13150256 -49.97339551
v 160.48523226 9.65610353 -49.40247658
v 161.08242658 10.10742503 -48.80172788
v 161.70489338 10.48139514 -48.17555629
v 162.34787934 10.77462369 -47.52874340
v 163.00632144 10.98461238 -46.86638240
v 163.67496933 11.10987170 -46.19375485
v 164.34853188 11.14990794 -45.51618340
v 165.02180432 11.10508665 -44.83890377
v 165.68974119 10.97641919 -44.16699148
v 166.34746141 10.76534439 -43.50535664
v 166.99019853 10.47357728 -42.85879408
v 167.61323045 10.10307175 -42.23205400
v 168.21183149 9.65610353 -41.62989021
v 168.78128172 9.13543721 -41.05705073
v 169.31694704 8.54451161 -40.51819723
v 169.81441624 7.88757197 -40.01776720
v 170.26965850 7.16969654 -39.55981543
v 170.67915473 6.39670200 -39.14788196
v 171.03996309 5.57495397 -38.78492615
v 171.34970057 4.71113973 -38.47334518
v 171.60645137 3.81207038 -38.21506625
v 171.80863846 2.88456534 -38.01167578
v 171.95490786 1.93543885 -37.86453581
v 172.04407111 0.97156919 -37.77484189
v 173.49889727 0.00000000 -39.14821361
v 173.47092087 -0.97111139 -39.17635652
v 173.38390739 -1.93509790 -39.26388789
v 173.23824128 -2.88436875 -39.41042098
v 173.03496548 -3.81139884 -39.61490663
v 172.77578821 -4.70891988 -39.87562647
v 172.46301078 -5.57008113 -40.19026549
v 172.09939869 -6.38853498 -40.55604172
v 171.68803581 -7.15842981 -40.96985295
v 171.23220520 -7.87432657 -41.42839657
v 170.73532855 -8.53108444 -41.92823053
v 170.20097389 -9.12377350 -42.46576556
v 169.63291627 -9.64766352 -43.03720415
v 169.03521707 -10.09831127 -43.63846073
v 168.41228192 -10.47173224 -44.26510346
v 167.76886568 -10.76461073 -44.91234919
v 167.11001296 -10.97448556 -45.57512326
v 166.44094667 -11.09985403 -46.24817170
v 165.76693526 -11.14016226 -46.92619468
v 165.09317689 -11.09568712 -47.60396313
v 164.42473074 -10.96735076 -48.27638774
v 163.76650763 -10.75653013 -48.93852846
v 163.12330842 -10.46492429 -49.58555586
v 162.49988038 -10.09452034 -50.21269441
v 161.90095426 -9.64766352 -50.81518522
v 161.33123146 -9.12719987 -51.38829889
v 160.79530979 -8.53663434 -51.92741026
v 160.29755966 -7.88024198 -52.42812289
v 159.84198275 -7.16308672 -52.88641131
v 159.43209372 -6.39093415 -53.29873991
v 159.07085974 -5.57008113 -53.66212388
v 158.76071346 -4.70715214 -53.97411610
v 158.50363019 -3.80892095 -54.23272947
v 158.30123769 -2.88220356 -54.43632657
v 158.15491513 -1.93383985 -54.58352001
v 158.06584175 -0.97074684 -54.67312353
v 158.03497326 -0.00000000 -54.70417575
v 158.06294966 0.97111139 -54.67603284
v 158.14996313 1.93509790 -54.58850148
v 158.29562925 2.88436875 -54.44196839
v 158.49890505 3.81139884 -54.23748273
v 158.75808232 4.70891988 -53.97676290
v 159.07085974 5.57008113 -53.66212388
v 159.43447184 6.38853498 -53.29634764
v 159.84583472 7.15842981 -52.88253641
v 160.30166533 7.87432657 -52.42399279
v 160.79854198 8.53108444 -51.92415883
v 161.33289664 9.12377350 -51.38662381
v 161.90095426 9.64766352 -50.81518522
v 162.49865346 10.09831127 -50.21392864
v 163.12158860 10.47173224 -49.58728591
v 163.76500485 10.76461073 -48.94004018
v 164.42385757 10.97448556 -48.27726611
v 165.09292386 11.09985403 -47.60421767
v 165.76693526 11.14016226 -46.92619468
v 166.44069364 11.09568712 -46.24842623
v 167.10913979 10.96735076 -45.57600163
v 167.76736290 10.75653013 -44.91386091
v 168.41056211 10.46492429 -44.26683351
v 169.03399015 10.09452034 -43.63969495
v 169.63291627 9.64766352 -43.03720415
v 170.20263907 9.12719987 -42.46409048
v 170.73856074 8.53663434 -41.92497911
v 171.23631086 7.88024198 -41.42426647
v 171.69188778 7.16308672 -40.96597806
v 172.10177681 6.39093415 -40.55364945
v 172.46301078 5.57008113 -40.19026549
v 172.77315707 4.70715214 -39.87827327
v 173.03024034 3.80892095 -39.61965990
v 173.23263284 2.88220356 -39.41606280
v 173.37895540 1.93383985 -39.26886936
v 173.46802878 0.97074684 -39.17926583
v 174.92106161 0.00000000 -40.55444157
v 174.89292210 -0.97089435 -40.58274855
v 174.80575983 -1.93463795 -40.67042960
v 174.65998892 -2.88366818 -40.81706810
v 174.45665991 -3.81049290 -41.02160729
v 174.19746481 -4.70786742 -41.28234507
v 173.88467125 -5.56894421 -41.59700031
v 173.52100521 -6.38735494 -41.96283081
v 173.10951842 -7.15720924 -42.37676669
v 172.65347920 -7.87302488 -42.83552016
v 172.15631571 -8.52962983 -43.33564267
v 171.62162014 -9.12208822 -43.87352064
v 171.05320013 -9.64569432 -44.44532377
v 170.45514678 -10.09605427 -45.04693661
v 169.83188315 -10.46924319 -45.67390978
v 169.18816516 -10.76199616 -46.32145905
v 168.52902451 -10.97187701 -46.98452277
v 167.85966483 -11.09737319 -47.65786634
v 167.18533865 -11.13788842 -48.33620597
v 166.51123947 -11.09363760 -49.01431726
v 165.84243612 -10.96548074 -49.68710118
v 165.18386030 -10.75475200 -50.34959671
v 164.54033700 -10.46313994 -50.99695013
v 163.91663120 -10.09265575 -51.62436810
v 163.31747717 -9.64569432 -52.22708817
v 162.74756333 -9.12515992 -52.80039403
v 162.21146198 -8.53460524 -53.33968615
v 161.71351488 -7.87832798 -53.84059692
v 161.25770325 -7.16138411 -54.29912145
v 160.84753867 -6.38950576 -54.71172725
v 160.48600606 -5.56894421 -55.07541163
v 160.17557291 -4.70628267 -55.38769241
v 159.91825635 -3.80827150 -55.64654046
v 159.71571975 -2.88172711 -55.85028252
v 159.56935995 -1.93351011 -55.99751343
v 159.48034972 -0.97056753 -56.08705343
v 159.44961570 -0.00000000 -56.11797037
v 159.47775520 0.97089435 -56.08966339
v 159.56491748 1.93463795 -56.00198234
v 159.71068838 2.88366818 -55.85534384
v 159.91401740 3.81049290 -55.65080465
v 160.17321249 4.70786742 -55.39006688
v 160.48600606 5.56894421 -55.07541163
v 160.84967209 6.38735494 -54.70958113
v 161.26115888 7.15720924 -54.29564525
v 161.71719810 7.87302488 -53.83689178
v 162.21436159 8.52962983 -53.33676927
v 162.74905717 9.12208822 -52.79889130
v 163.31747717 9.64569432 -52.22708817
v 163.91553052 10.09605427 -51.62547533
v 164.53879415 10.46924319 -50.99850217
v 165.18251215 10.76199616 -50.35095289
v 165.84165279 10.97187701 -49.68788917
v 166.51101248 11.09737319 -49.01454560
v 167.18533865 11.13788842 -48.33620597
v 167.85943784 11.09363760 -47.65809469
v 168.52824118 10.96548074 -46.98531076
v 169.18681700 10.75475200 -46.32281523
v 169.83034030 10.46313994 -45.67546181
v 170.45404610 10.09265575 -45.04804384
v 171.05320013 9.64569432 -44.44532377
v 171.62311398 9.12515992 -43.87201791
v 172.15921533 8.53460524 -43.33272579
v 172.65716242 7.87832798 -42.83181502
v 173.11297405 7.16138411 -42.37329050
v 173.52313864 6.38950576 -41.96068469
v 173.88467125 5.56894421 -41.59700031
v 174.19510440 4.70628267 -41.28471953
v 174.45242095 3.80827150 -41.02587148
v 174.65495755 2.88172711 -40.82212942
v 174.80131736 1.93351011 -40.67489851
v 174.89032759 0.97056753 -40.58535851
f 1 2 73
f 2 74 73
f 2 3 74
f 3 75 74
f 3 4 75
f 4 76 75
f 4 5 76
f 5 77 76
f 5 6 77
f 6 78 77
f 6 7 78
f 7 79 78
f 7 8 79
f 8 80 79
f 8 9 80
f 9 81 80
f 9 10 81
f 10 82 81
f 10 11 82
f 11 83 82
f 11 12 83
f 12 84 83
f 12 13 84
f 13 85 84
f 13 14 85
f 14 86 85
f 14 15 86
f 15 87 86
f 15 16 87
f 16 88 87
f 16 17 88
f 17 89 88
f 17 18 89
f 18 90 89
f 18 19 90
f 19 91 90
f 19 20 91
f 20 92 91
f 20 21 92
f 21 93 92
f 21 22 93
f 22 94 93
f 22 23 94
f 23 95 94
f 23 24 95
f 24 96 95
f 24 25 96
f 25 97 96
f 25 26 97
f 26 98 97
f 26 27 98
f 27 99 98
f 27 28 99
f 28 100 99
f 28 29 100
f 29 101 100
f 29 30 101
f 30 102 101
f 30 31 102
f 31 103 102
f 31 32 103
f 32 104 103
f 32 33 104
f 33 105 104
f 33 34 105
f 34 106 105
f 34 35 106
f 35 107 106
f 35 36 107
f 36 108 107
f 36 37 108
f 37 109 108
f 37 38 109
f 38 110 109
f 38 39 110
f 39 111 110
f 39 40 111
f 40 112 111
f 40 41 112
f 41 113 112
f 41 42 113
f 42 114 113
f 42 43 114
f 43 115 114
f 43 44 115
f 44 116 115
f 44 45 116
f 45 117 116
f 45 46 117
f 46 118 117
f 46 47 118
f 47 119 118
f 47 48 119
f 48 120 119
f 48 49 120
f 49 121 120
f 49 50 121
f 50 122 121
f 50 51 122
f 51 123 122
f 51 52 123
f 52 124 123
f 52 53 124
f 53 125 124
f 53 54 125
f 54 126 125
f 54 55 126
f 55 127 126
f 55 56 127
f 56 128 127
f 56 57 128
f 57 129 128
f 57 58 129
f 58 130 129
f 58 59 130
f 59 131 130
f 59 60 131
f 60 132 131
f 60 61 132
f 61 133 132
f 61 62 133
f 62 134 133
f 62 63 134
f 63 135 134
f 63 64 135
f 64 136 135
f 64 65 136
f 65 137 136
f 65 66 137
f 66 138 137
f 66 67 138
f 67 139 138
f 67 68 139
f 68 140 139
f 68 69 140
f 69 141 140
f 69 70 141
f 70 142 141
f 70 71 142
f 71 143 142
f 71 72 143
f 72 144 143
f 72 1 144
f 1 73 144
f 73 74 145
f 74 146 145
f 74 75 146
f 75 147 146
f 75 76 147
f 76 148 147
f 76 77 148
f 77 149 148
f 77 78 149
f 78 150 149
f 78 79 150
f 79 151 150
f 79 80 151
f 80 152 151
f 80 81 152
f 81 153 152
f 81 82 153
f 82 154 153
f 82 83 154
f 83 155 154
f 83 84 155
f 84 156 155
f 84 85 156
f 85 157 156
f 85 86 157
f 86 158 157
f 86 87 158
f 87 159 158
f 87 88 159
f 88 160 159
f 88 89 160
f 89 161 160
f 89 90 161
f 90 162 161
f 90 91 162
f 91 163 162
f 91 92 163
f 92 164 163
f 92 93 164
f 93 165 164
f 93 94 165
f 94 166 165
f 94 95 166
f 95 167 166
f 95 96 167
f 96 168 167
f 96 97 168
f 97 169 168
f 97 98 169
f 98 170 169
f 98 99 170
f 99 171 170
f 99 100 171
f 100 172 171
f 100 101 172
f 101 173 172
f 101 102 173
f 102 174 173
f 102 103 174
f 103 175 174
f 103 104 175
f 104 176 175
f 104 105 176
f 105 177 176
f 105 106 177
f 106 178 177
f 106 107 178
f 107 179 178
f 107 108 179
f 108 180 179
f 108 109 180
f 109 181 180
f 109 110 181
f 110 182 181
f 110 111 182
f 111 183 182
f 111 112 183
f 112 184 183
f 112 113 184
f 113 185 184
f 113 114 185
f 114 186 185
f 114 115 186
f 115 187 186
f 115 116 187
f 116 188 187
f 116 117 188
f 117 189 188
f 117 118 189
f 118 190 189
f 118 119 190
f 119 191 190
f 119 120 191
f 120 192 191
f 120 121 192
f 121 193 192
f 121 122 193
f 122 194 193
f 122 123 194
f 123 195 194
f 123 124 195
f 124 196 195
f 124 125 196
f 125 197 196
f 125 126 197
f 126 198 197
f 126 127 198
f 127 199 198
f 127 128 199
f 128 200 199
f 128 129 200
f 129 201 200
f 129 130 201
f 130 202 201
f 130 131 202
f 131 203 202
f 131 132 203
f 132 204 203
f 132 133 204
f 133 205 204
f 133 134 205
f 134 206 205
f 134 135 206
f 135 207 206
f 135 136 207
f 136 208 207
f 136 137 208
f 137 209 208
f 137 138 209
f 138 210 209
f 138 139 210
f 139 211 210
f 139 140 211
f 140 212 211
f 140 141 212
f 141 213 212
f 141 142 213
f 142 214 213
f 142 143 214
f 143 215 214
f 143 144 215
f 144 216 215
f 144 73 216
f 73 145 216
f 145 146 217
f 146 218 217
f 146 147 218
f 147 219 218
f 147 148 219
f 148 220 219
f 148 149 220
f 149 221 220
f 149 150 221
f 150 222 221
f 150 151 222
f 151 223 222
f 151 152 223
f 152 224 223
f 152 153 224
f 153 225 224
f 153 154 225
f 154 226 225
f 154 155 226
f 155 227 226
f 155 156 227
f 156 228 227
f 156 157 228
f 157 229 228
f 157 158 229
f 158 230 229
f 158 159 230
f 159 231 230
f 159 160 231
f 160 232 231
f 160 161 232
f 161 233 232
f 161 162 233
f 162 234 233
f 162 163 234
f 163 235 234
f 163 164 235
f 164 236 235
f 164 165 236
f 165 237 236
f 165 166 237
f 166 238 237
f 166 167 238
f 167 239 238
f 167 168 239
f 168 240 239
f 168 169 240
f 169 241 240
f 169 170 241
f 170 242 241
f 170 171 242
f 171 243 242
f 171 172 243
f 172 244 243
f 172 173 244
f 173 245 244
f 173 174 245
f 174 246 245
f 174 175 246
f 175 247 246
f 175 176 247
f 176 248 247
f 176 177 248
f 177 249 248
f 177 178 249
f 178 250 249
f 178 179 250
f 179 251 250
f 179 180 251
f 180 252 251
f 180 181 252
f 181 253 252
f 181 182 253
f 182 254 253
f 182 183 254
f 183 255 254
f 183 184 255
f 184 256 255
f 184 185 256
f 185 257 256
f 185 186 257
f 186 258 257
f 186 187 258
f 187 259 258
f 187 188 259
f 188 260 259
f 188 189 260
f 189 261 260
f 189 190 261
f 190 262 261
f 190 191 262
f 191 263 262
f 191 192 263
f 192 264 263
f 192 193 264
f 193 265 264
f 193 194 265
f 194 266 265
f 194 195 266
f 195 267 266
f 195 196 267
f 196 268 267
f 196 197 268
f 197 269 268
f 197 198 269
f 198 270 269
f 198 199 270
f 199 271 270
f 199 200 271
f 200 272 271
f 200 201 272
f 201 273 272
f 201 202 273
f 202 274 273
f 202 203 274
f 203 275 274
f 203 204 275
f 204 276 275
f 204 205 276
f 205 277 276
f 205 206 277
f 206 278 277
f 206 207 278
f 207 279 278
f 207 208 279
f 208 280 279
f 208 209 280
f 209 281 280
f 209 210 281
f 210 282 281
f 210 211 282
f 211 283 282
f 211 212 283
f 212 284 283
f 212 213 284
f 213 285 284
f 213 214 285
f 214 286 285
f 214 215 286
f 215 287 286
f 215 216 287
f 216 288 287
f 216 145 288
f 145 217 288
f 217 218 289
f 218 290 289
f 218 219 290
f 219 291 290
f 219 220 291
f 220 292 291
f 220 221 292
f 221 293 292
f 221 222 293
f 222 294 293
f 222 223 294
f 223 295 294
f 223 224 295
f 224 296 295
f 224 225 296
f 225 297 296
f 225 226 297
f 226 298 297
f 226 227 298
f 227 299 298
f 227 228 299
f 228 300 299
f 228 229 300
f 229 301 300
f 229 230 301
f 230 302 301
f 230 231 302
f 231 303 302
f 231 232 303
f 232 304 303
f 232 233 304
f 233 305 304
f 233 234 305
f 234 306 305
f 234 235 306
f 235 307 306
f 235 236 307
f 236 308 307
f 236 237 308
f 237 309 308
f 237 238 309
f 238 310 309
f 238 239 310
f 239 311 310
f 239 240 311
f 240 312 311
f 240 241 312
f 241 313 312
f 241 242 313
f 242 314 313
f 242 243 314
f 243 315 314
f 243 244 315
f 244 316 315
f 244 245 316
f 245 317 316
f 245 246 317
f 246 318 317
f 246 247 318
f 247 319 318
f 247 248 319
f 248 320 319
f 248 249 320
f 249 321 320
f 249 250 321
f 250 322 321
f 250 251 322
f 251 323 322
f 251 252 323
f 252 324 323
f 252 253 324
f 253 325 324
f 253 254 325
f 254 326 325
f 254 255 326
f 255 327 326
f 255 256 327
f 256 328 327
f 256 257 328
f 257 329 328
f 257 258 329
f 258 330 329
f 258 259 330
f 259 331 330
f 259 260 331
f 260 332 331
f 260 261 332
f 261 333 332
f 261 262 333
f 262 334 333
f 262 263 334
f 263 335 334
f 263 264 335
f 264 336 335
f 264 265 336
f 265 337 336
f 265 266 337
f 266 338 337
f 266 267 338
f 267 339 338
f 267 268 339
f 268 340 339
f 268 269 340
f 269 341 340
f 269 270 341
f 270 342 341
f 270 271 342
f 271 343 342
f 271 272 343
f 272 344 343
f 272 273 344
f 273 345 344
f 273 274 345
f 274 346 345
f 274 275 346
f 275 347 346
f 275 276 347
f 276 348 347
f 276 277 348
f 277 349 348
f 277 278 349
f 278 350 349
f 278 279 350
f 279 351 350
f 279 280 351
f 280 352 351
f 280 281 352
f 281 353 352
f 281 282 353
f 282 354 353
f 282 283 354
f 283 355 354
f 283 284 355
f 284 356 355
f 284 285 356
f 285 357 356
f 285 286 357
f 286 358 357
f 286 287 358
f 287 359 358
f 287 288 359
f 288 360 359
f 288 217 360
f 217 289 360
f 289 290 361
f 290 362 361
f 290 291 362
f 291 363 362
f 291 292 363
f 292 364 363
f 292 293 364
f 293 365 364
f 293 294 365
f 294 366 365
f 294 295 366
f 295 367 366
f 295 296 367
f 296 368 367
f 296 297 368
f 297 369 368
f 297 298 369
f 298 370 369
f 298 299 370
f 299 371 370
f 299 300 371
f 300 372 371
f 300 301 372
f 301 373 372
f 301 302 373
f 302 374 373
f 302 303 374
f 303 375 374
f 303 304 375
f 304 376 375
f 304 305 376
f 305 377 376
f 305 306 377
f 306 378 377
f 306 307 378
f 307 379 378
f 307 308 379
f 308 380 379
f 308 309 380
f 309 381 380
f 309 310 381
f 310 382 381
f 310 311 382
f 311 383 382
f 311 312 383
f 312 384 383
f 312 313 384
f 313 385 384
f 313 314 385
f 314 386 385
f 314 315 386
f 315 387 386
f 315 316 387
f 316 388 387
f 316 317 388
f 317 389 388
f 317 318 389
f 318 390 389
f 318 319 390
f 319 391 390
f 319 320 391
f 320 392 391
f 320 321 392
f 321 393 392
f 321 322 393
f 322 394 393
f 322 323 394
f 323 395 394
f 323 324 395
f 324 396 395
f 324 325 396
f 325 397 396
f 325 326 397
f 326 398 397
f 326 327 398
f 327 399 398
f 327 328 399
f 328 400 399
f 328 329 400
f 329 401 400
f 329 330 401
f 330 402 401
f 330 331 402
f 331 403 402
f 331 332 403
f 332 404 403
f 332 333 404
f 333 405 404
f 333 334 405
f 334 406 405
f 334 335 406
f 335 407 406
f 335 336 407
f 336 408 407
f 336 337 408
f 337 409 408
f 337 338 409
f 338 410 409
f 338 339 410
f 339 411 410
f 339 340 411
f 340 412 411
f 340 341 412
f 341 413 412
f 341 342 413
f 342 414 413
f 342 343 414
f 343 415 414
f 343 344 415
f 344 416 415
f 344 345 416
f 345 417 416
f 345 346 417
f 346 418 417
f 346 347 418
f 347 419 418
f 347 348 419
f 348 420 419
f 348 349 420
f 349 421 420
f 349 350 421
f 350 422 421
f 350 351 422
f 351 423 422
f 351 352 423
f 352 424 423
f 352 353 424
f 353 425 424
f 353 354 425
f 354 426 425
f 354 355 426
f 355 427 426
f 355 356 427
f 356 428 427
f 356 357 428
f 357 429 428
f 357 358 429
f 358 430 429
f 358 359 430
f 359 431 430
f 359 360 431
f 360 432 431
f 360 289 432
f 289 361 432
f 361 362 433
f 362 434 433
f 362 363 434
f 363 435 434
f 363 364 435
f 364 436 435
f 364 365 436
f 365 437 436
f 365 366 437
f 366 438 437
f 366 367 438
f 367 439 438
f 367 368 439
f 368 440 439
f 368 369 440
f 369 441 440
f 369 370 441
f 370 442 441
f 370 371 442
f 371 443 442
f 371 372 443
f 372 444 443
f 372 373 444
f 373 445 444
f 373 374 445
f 374 446 445
f 374 375 446
f 375 447 446
f 375 376 447
f 376 448 447
f 376 377 448
f 377 449 448
f 377 378 449
f 378 450 449
f 378 379 450
f 379 451 450
f 379 380 451
f 380 452 451
f 380 381 452
f 381 453 452
f 381 382 453
f 382 454 453
f 382 383 454
f 383 455 454
f 383 384 455
f 384 456 455
f 384 385 456
f 385 457 456
f 385 386 457
f 386 458 457
f 386 387 458
f 387 459 458
f 387 388 459
f 388 460 459
f 388 389 460
f 389 461 460
f 389 390 461
f 390 462 461
f 390 391 462
f 391 463 462
f 391 392 463
f 392 464 463
f 392 393 464
f 393 465 464
f 393 394 465
f 394 466 465
f 394 395 466
f 395 467 466
f 395 396 467
f 396 468 467
f 396 397 468
f 397 469 468
f 397 398 469
f 398 470 469
f 398 399 470
f 399 471 470
f 399 400 471
f 400 472 471
f 400 401 472
f 401 473 472
f 401 402 473
f 402 474 473
f 402 403 474
f 403 475 474
f 403 404 475
f 404 476 475
f 404 405 476
f 405 477 476
f 405 406 477
f 406 478 477
f 406 407 478
f 407 479 478
f 407 408 479
f 408 480 479
f 408 409 480
f 409 481 480
f 409 410 481
f 410 482 481
f 410 411 482
f 411 483 482
f 411 412 483
f 412 484 483
f 412 413 484
f 413 485 484
f 413 414 485
f 414 486 485
f 414 415 486
f 415 487 486
f 415 416 487
f 416 488 487
f 416 417 488
f 417 489 488
f 417 418 489
f 418 490 489
f 418 419 490
f 419 491 490
f 419 420 491
f 420 492 491
f 420 421 492
f 421 493 492
f 421 422 493
f 422 494 493
f 422 423 494
f 423 495 494
f 423 424 495
f 424 496 495
f 424 425 496
f 425 497 496
f 425 426 497
f 426 498 497
f 426 427 498
f 427 499 498
f 427 428 499
f 428 500 499
f 428 429 500
f 429 501 500
f 429 430 501
f 430 502 501
f 430 431 502
f 431 503 502
f 431 432 503
f 432 504 503
f 432 361 504
f 361 433 504
f 433 434 505
f 434 506 505
f 434 435 506
f 435 507 506
f 435 436 507
f 436 508 507
f 436 437 508
f 437 509 508
f 437 438 509
f 438 510 509
f 438 439 510
f 439 511 510
f 439 440 511
f 440 512 511
f 440 441 512
f 441 513 512
f 441 442 513
f 442 514 513
f 442 443 514
f 443 515 514
f 443 444 515
f 444 516 515
f 444 445 516
f 445 517 516
f 445 446 517
f 446 518 517
f 446 447 518
f 447 519 518
f 447 448 519
f 448 520 519
f 448 449 520
f 449 521 520
f 449 450 521
f 450 522 521
f 450 451 522
f 451 523 522
f 451 452 523
f 452 524 523
f 452 453 524
f 453 525 524
f 453 454 525
f 454 526 525
f 454 455 526
f 455 527 526
f 455 456 527
f 456 528 527
f 456 457 528
f 457 529 528
f 457 458 529
f 458 530 529
f 458 459 530
f 459 531 530
f 459 460 531
f 460 532 531
f 460 461 532
f 461 533 532
f 461 462 533
f 462 534 533
f 462 463 534
f 463 535 534
f 463 464 535
f 464 536 535
f 464 465 536
f 465 537 536
f 465 466 537
f 466 538 537
f 466 467 538
f 467 539 538
f 467 468 539
f 468 540 539
f 468 469 540
f 469 541 540
f 469 470 541
f 470 542 541
f 470 471 542
f 471 543 542
f 471 472 543
f 472 544 543
f 472 473 544
f 473 545 544
f 473 474 545
f 474 546 545
f 474 475 546
f 475 547 546
f 475 476 547
f 476 548 547
f 476 477 548
f 477 549 548
f 477 478 549
f 478 550 549
f 478 479 550
f 479 551 550
f 479 480 551
f 480 552 551
f 480 481 552
f 481 553 552
f 481 482 553
f 482 554 553
f 482 483 554
f 483 555 554
f 483 484 555
f 484 556 555
f 484 485 556
f 485 557 556
f 485 486 557
f 486 558 557
f 486 487 558
f 487 559 558
f 487 488 559
f 488 560 559
f 488 489 560
f 489 561 560
f 489 490 561
f 490 562 561
f 490 491 562
f 491 563 562
f 491 492 563
f 492 564 563
f 492 493 564
f 493 565 564
f 493 494 565
f 494 566 565
f 494 495 566
f 495 567 566
f 495 496 567
f 496 568 567
f 496 497 568
f 497 569 568
f 497 498 569
f 498 570 569
f 498 499 570
f 499 571 570
f 499 500 571
f 500 572 571
f 500 501 572
f 501 573 572
f 501 502 573
f 502 574 573
f 502 503 574
f 503 575 574
f 503 504 575
f 504 576 575
f 504 433 576
f 433 505 576
f 505 506 577
f 506 578 577
f 506 507 578
f 507 579 578
f 507 508 579
f 508 580 579
f 508 509 580
f 509 581 580
f 509 510 581
f 510 582 581
f 510 511 582
f 511 583 582
f 511 512 583
f 512 584 583
f 512 513 584
f 513 585 584
f 513 514 585
f 514 586 585
f 514 515 586
f 515 587 586
f 515 516 587
f 516 588 587
f 516 517 588
f 517 589 588
f 517 518 589
f 518 590 589
f 518 519 590
f 519 591 590
f 519 520 591
f 520 592 591
f 520 521 592
f 521 593 592
f 521 522 593
f 522 594 593
f 522 523 594
f 523 595 594
f 523 524 595
f 524 596 595
f 524 525 596
f 525 597 596
f 525 526 597
f 526 598 597
f 526 527 598
f 527 599 598
f 527 528 599
f 528 600 599
f 528 529 600
f 529 601 600
f 529 530 601
f 530 602 601
f 530 531 602
f 531 603 602
f 531 532 603
f 532 604 603
f 532 533 604
f 533 605 604
f 533 534 605
f 534 606 605
f 534 535 606
f 535 607 606
f 535 536 607
f 536 608 607
f 536 537 608
f 537 609 608
f 537 538 609
f 538 610 609
f 538 539 610
f 539 611 610
f 539 540 611
f 540 612 611
f 540 541 612
f 541 613 612
f 541 542 613
f 542 614 613
f 542 543 614
f 543 615 614
f 543 544 615
f 544 616 615
f 544 545 616
f 545 617 616
f 545 546 617
f 546 618 617
f 546 547 618
f 547 619 618
f 547 548 619
f 548 620 619
f 548 549 620
f 549 621 620
f 549 550 621
f 550 622 621
f 550 551 622
f 551 623 622
f 551 552 623
f 552 624 623
f 552 553 624
f 553 625 624
f 553 554 625
f 554 626 625
f 554 555 626
f 555 627 626
f 555 556 627
f 556 628 627
f 556 557 628
f 557 629 628
f 557 558 629
f 558 630 629
f 558 559 630
f 559 631 630
f 559 560 631
f 560 632 631
f 560 561 632
f 561 633 632
f 561 562 633
f 562 634 633
f 562 563 634
f 563 635 634
f 563 564 635
f 564 636 635
f 564 565 636
f 565 637 636
f 565 566 637
f 566 638 637
f 566 567 638
f 567 639 638
f 567 568 639
f 568 640 639
f 568 569 640
f 569 641 640
f 569 570 641
f 570 642 641
f 570 571 642
f 571 643 642
f 571 572 643
f 572 644 643
f 572 573 644
f 573 645 644
f 573 574 645
f 574 646 645
f 574 575 646
f 575 647 646
f 575 576 647
f 576 648 647
f 576 505 648
f 505 577 648
f 577 578 649
f 578 650 649
f 578 579 650
f 579 651 650
f 579 580 651
f 580 652 651
f 580 581 652
f 581 653 652
f 581 582 653
f 582 654 653
f 582 583 654
f 583 655 654
f 583 584 655
f 584 656 655
f 584 585 656
f 585 657 656
f 585 586 657
f 586 658 657
f 586 587 658
f 587 659 658
f 587 588 659
f 588 660 659
f 588 589 660
f 589 661 660
f 589 590 661
f 590 662 661
f 590 591 662
f 591 663 662
f 591 592 663
f 592 664 663
f 592 593 664
f 593 665 664
f 593 594 665
f 594 666 665
f 594 595 666
f 595 667 666
f 595 596 667
f 596 668 667
f 596 597 668
f 597 669 668
f 597 598 669
f 598 670 669
f 598 599 670
f 599 671 670
f 599 600 671
f 600 672 671
f 600 601 672
f 601 673 672
f 601 602 673
f 602 674 673
f 602 603 674
f 603 675 674
f 603 604 675
f 604 676 675
f 604 605 676
f 605 677 676
f 605 606 677
f 606 678 677
f 606 607 678
f 607 679 678
f 607 608 679
f 608 680 679
f 608 609 680
f 609 681 680
f 609 610 681
f 610 682 681
f 610 611 682
f 611 683 682
f 611 612 683
f 612 684 683
f 612 613 684
f 613 685 684
f 613 614 685
f 614 686 685
f 614 615 686
f 615 687 686
f 615 616 687
f 616 688 687
f 616 617 688
f 617 689 688
f 617 618 689
f 618 690 689
f 618 619 690
f 619 691 690
f 619 620 691
f 620 692 691
f 620 621 692
f 621 693 692
f 621 622 693
f 622 694 693
f 622 623 694
f 623 695 694
f 623 624 695
f 624 696 695
f 624 625 696
f 625 697 696
f 625 626 697
f 626 698 697
f 626 627 698
f 627 699 698
f 627 628 699
f 628 700 699
f 628 629 700
f 629 701 700
f 629 630 701
f 630 702 701
f 630 631 702
f 631 703 702
f 631 632 703
f 632 704 703
f 632 633 704
f 633 705 704
f 633 634 705
f 634 706 705
f 634 635 706
f 635 707 706
f 635 636 707
f 636 708 707
f 636 637 708
f 637 709 708
f 637 638 709
f 638 710 709
f 638 639 710
f 639 711 710
f 639 640 711
f 640 712 711
f 640 641 712
f 641 713 712
f 641 642 713
f 642 714 713
f 642 643 714
f 643 715 714
f 643 644 715
f 644 716 715
f 644 645 716
f 645 717 716
f 645 646 717
f 646 718 717
f 646 647 718
f 647 719 718
f 647 648 719
f 648 720 719
f 648 577 720
f 577 649 720
f 649 650 721
f 650 722 721
f 650 651 722
f 651 723 722
f 651 652 723
f 652 724 723
f 652 653 724
f 653 725 724
f 653 654 725
f 654 726 725
f 654 655 726
f 655 727 726
f 655 656 727
f 656 728 727
f 656 657 728
f 657 729 728
f 657 658 729
f 658 730 729
f 658 659 730
f 659 731 730
f 659 660 731
f 660 732 731
f 660 661 732
f 661 733 732
f 661 662 733
f 662 734 733
f 662 663 734
f 663 735 734
f 663 664 735
f 664 736 735
f 664 665 736
f 665 737 736
f 665 666 737
f 666 738 737
f 666 667 738
f 667 739 738
f 667 668 739
f 668 740 739
f 668 669 740
f 669 741 740
f 669 670 741
f 670 742 741
f 670 671 742
f 671 743 742
f 671 672 743
f 672 744 743
f 672 673 744
f 673 745 744
f 673 674 745
f 674 746 745
f 674 675 746
f 675 747 746
f 675 676 747
f 676 748 747
f 676 677 748
f 677 749 748
f 677 678 749
f 678 750 749
f 678 679 750
f 679 751 750
f 679 680 751
f 680 752 751
f 680 681 752
f 681 753 752
f 681 682 753
f 682 754 753
f 682 683 754
f 683 755 754
f 683 684 755
f 684 756 755
f 684 685 756
f 685 757 756
f 685 686 757
f 686 758 757
f 686 687 758
f 687 759 758
f 687 688 759
f 688 760 759
f 688 689 760
f 689 761 760
f 689 690 761
f 690 762 761
f 690 691 762
f 691 763 762
f 691 692 763
f 692 764 763
f 692 693 764
f 693 765 764
f 693 694 765
f 694 766 765
f 694 695 766
f 695 767 766
f 695 696 767
f 696 768 767
f 696 697 768
f 697 769 768
f 697 698 769
f 698 770 769
f 698 699 770
f 699 771 770
f 699 700 771
f 700 772 771
f 700 701 772
f 701 773 772
f 701 702 773
f 702 774 773
f 702 703 774
f 703 775 774
f 703 704 775
f 704 776 775
f 704 705 776
f 705 777 776
f 705 706 777
f 706 778 777
f 706 707 778
f 707 779 778
f 707 708 779
f 708 780 779
f 708 709 780
f 709 781 780
f 709 710 781
f 710 782 781
f 710 711 782
f 711 783 782
f 711 712 783
f 712 784 783
f 712 713 784
f 713 785 784
f 713 714 785
f 714 786 785
f 714 715 786
f 715 787 786
f 715 716 787
f 716 788 787
f 716 717 788
f 717 789 788
f 717 718 789
f 718 790 789
f 718 719 790
f 719 791 790
f 719 720 791
f 720 792 791
f 720 649 792
f 649 721 792
f 721 722 793
f 722 794 793
f 722 723 794
f 723 795 794
f 723 724 795
f 724 796 795
f 724 725 796
f 725 797 796
f 725 726 797
f 726 798 797
f 726 727 798
f 727 799 798
f 727 728 799
f 728 800 799
f 728 729 800
f 729 801 800
f 729 730 801
f 730 802 801
f 730 731 802
f 731 803 802
f 731 732 803
f 732 804 803
f 732 733 804
f 733 805 804
f 733 734 805
f 734 806 805
f 734 735 806
f 735 807 806
f 735 736 807
f 736 808 807
f 736 737 808
f 737 809 808
f 737 738 809
f 738 810 809
f 738 739 810
f 739 811 810
f 739 740 811
f 740 812 811
f 740 741 812
f 741 813 812
f 741 742 813
f 742 814 813
f 742 743 814
f 743 815 814
f 743 744 815
f 744 816 815
f 744 745 816
f 745 817 816
f 745 746 817
f 746 818 817
f 746 747 818
f 747 819 818
f 747 748 819
f 748 820 819
f 748 749 820
f 749 821 820
f 749 750 821
f 750 822 821
f 750 751 822
f 751 823 822
f 751 752 823
f 752 824 823
f 752 753 824
f 753 825 824
f 753 754 825
f 754 826 825
f 754 755 826
f 755 827 826
f 755 756 827
f 756 828 827
f 756 757 828
f 757 829 828
f 757 758 829
f 758 830 829
f 758 759 830
f 759 831 830
f 759 760 831
f 760 832 831
f 760 761 832
f 761 833 832
f 761 762 833
f 762 834 833
f 762 763 834
f 763 835 834
f 763 764 835
f 764 836 835
f 764 765 836
f 765 837 836
f 765 766 837
f 766 838 837
f 766 767 838
f 767 839 838
f 767 768 839
f 768 840 839
f 768 769 840
f 769 841 840
f 769 770 841
f 770 842 841
f 770 771 842
f 771 843 842
f 771 772 843
f 772 844 843
f 772 773 844
f 773 845 844
f 773 774 845
f 774 846 845
f 774 775 846
f 775 847 846
f 775 776 847
f 776 848 847
f 776 777 848
f 777 849 848
f 777 778 849
f 778 850 849
f 778 779 850
f 779 851 850
f 779 780 851
f 780 852 851
f 780 781 852
f 781 853 852
f 781 782 853
f 782 854 853
f 782 783 854
f 783 855 854
f 783 784 855
f 784 856 855
f 784 785 856
f 785 857 856
f 785 786 857
f 786 858 857
f 786 787 858
f 787 859 858
f 787 788 859
f 788 860 859
f 788 789 860
f 789 861 860
f 789 790 861
f 790 862 861
f 790 791 862
f 791 863 862
f 791 792 863
f 792 864 863
f 792 721 864
f 721 793 864
f 793 794 865
f 794 866 865
f 794 795 866
f 795 867 866
f 795 796 867
f 796 868 867
f 796 797 868
f 797 869 868
f 797 798 869
f 798 870 869
f 798 799 870
f 799 871 870
f 799 800 871
f 800 872 871
f 800 801 872
f 801 873 872
f 801 802 873
f 802 874 873
f 802 803 874
f 803 875 874
f 803 804 875
f 804 876 875
f 804 805 876
f 805 877 876
f 805 806 877
f 806 878 877
f 806 807 878
f 807 879 878
f 807 808 879
f 808 880 879
f 808 809 880
f 809 881 880
f 809 810 881
f 810 882 881
f 810 811 882
f 811 883 882
f 811 812 883
f 812 884 883
f 812 813 884
f 813 885 884
f 813 814 885
f 814 886 885
f 814 815 886
f 815 887 886
f 815 816 887
f 816 888 887
f 816 817 888
f 817 889 888
f 817 818 889
f 818 890 889
f 818 819 890
f 819 891 890
f 819 820 891
f 820 892 891
f 820 821 892
f 821 893 892
f 821 822 893
f 822 894 893
f 822 823 894
f 823 895 894
f 823 824 895
f 824 896 895
f 824 825 896
f 825 897 896
f 825 826 897
f 826 898 897
f 826 827 898
f 827 899 898
f 827 828 899
f 828 900 899
f 828 829 900
f 829 901 900
f 829 830 901
f 830 902 901
f 830 831 902
f 831 903 902
f 831 832 903
f 832 904 903
f 832 833 904
f 833 905 904
f 833 834 905
f 834 906 905
f 834 835 906
f 835 907 906
f 835 836 907
f 836 908 907
f 836 837 908
f 837 909 908
f 837 838 909
f 838 910 909
f 838 839 910
f 839 911 910
f 839 840 911
f 840 912 911
f 840 841 912
f 841 913 912
f 841 842 913
f 842 914 913
f 842 843 914
f 843 915 914
f 843 844 915
f 844 916 915
f 844 845 916
f 845 917 916
f 845 846 917
f 846 918 917
f 846 847 918
f 847 919 918
f 847 848 919
f 848 920 919
f 848 849 920
f 849 921 920
f 849 850 921
f 850 922 921
f 850 851 922
f 851 923 922
f 851 852 923
f 852 924 923
f 852 853 924
f 853 925 924
f 853 854 925
f 854 926 925
f 854 855 926
f 855 927 926
f 855 856 927
f 856 928 927
f 856 857 928
f 857 929 928
f 857 858 929
f 858 930 929
f 858 859 930
f 859 931 930
f 859 860 931
f 860 932 931
f 860 861 932
f 861 933 932
f 861 862 933
f 862 934 933
f 862 863 934
f 863 935 934
f 863 864 935
f 864 936 935
f 864 793 936
f 793 865 936
f 865 866 937
f 866 938 937
f 866 867 938
f 867 939 938
f 867 868 939
f 868 940 939
f 868 869 940
f 869 941 940
f 869 870 941
f 870 942 941
f 870 871 942
f 871 943 942
f 871 872 943
f 872 944 943
f 872 873 944
f 873 945 944
f 873 874 945
f 874 946 945
f 874 875 946
f 875 947 946
f 875 876 947
f 876 948 947
f 876 877 948
f 877 949 948
f 877 878 949
f 878 950 949
f 878 879 950
f 879 951 950
f 879 880 951
f 880 952 951
f 880 881 952
f 881 953 952
f 881 882 953
f 882 954 953
f 882 883 954
f 883 955 954
f 883 884 955
f 884 956 955
f 884 885 956
f 885 957 956
f 885 886 957
f 886 958 957
f 886 887 958
f 887 959 958
f 887 888 959
f 888 960 959
f 888 889 960
f 889 961 960
f 889 890 961
f 890 962 961
f 890 891 962
f 891 963 962
f 891 892 963
f 892 964 963
f 892 893 964
f 893 965 964
f 893 894 965
f 894 966 965
f 894 895 966
f 895 967 966
f 895 896 967
f 896 968 967
f 896 897 968
f 897 969 968
f 897 898 969
f 898 970 969
f 898 899 970
f 899 971 970
f 899 900 971
f 900 972 971
f 900 901 972
f 901 973 972
f 901 902 973
f 902 974 973
f 902 903 974
f 903 975 974
f 903 904 975
f 904 976 975
f 904 905 976
f 905 977 976
f 905 906 977
f 906 978 977
f 906 907 978
f 907 979 978
f 907 908 979
f 908 980 979
f 908 909 980
f 909 981 980
f 909 910 981
f 910 982 981
f 910 911 982
f 911 983 982
f 911 912 983
f 912 984 983
f 912 913 984
f 913 985 984
f 913 914 985
f 914 986 985
f 914 915 986
f 915 987 986
f 915 916 987
f 916 988 987
f 916 917 988
f 917 989 988
f 917 918 989
f 918 990 989
f 918 919 990
f 919 991 990
f 919 920 991
f 920 992 991
f 920 921 992
f 921 993 992
f 921 922 993
f 922 994 993
f 922 923 994
f 923 995 994
f 923 924 995
f 924 996 995
f 924 925 996
f 925 997 996
f 925 926 997
f 926 998 997
f 926 927 998
f 927 999 998
f 927 928 999
f 928 1000 999
f 928 929 1000
f 929 1001 1000
f 929 930 1001
f 930 1002 1001
f 930 931 1002
f 931 1003 1002
f 931 932 1003
f 932 1004 1003
f 932 933 1004
f 933 1005 1004
f 933 934 1005
f 934 1006 1005
f 934 935 1006
f 935 1007 1006
f 935 936 1007
f 936 1008 1007
f 936 865 1008
f 865 937 1008
f 937 938 1009
f 938 1010 1009
f 938 939 1010
f 939 1011 1010
f 939 940 1011
f 940 1012 1011
f 940 941 1012
f 941 1013 1012
f 941 942 1013
f 942 1014 1013
f 942 943 1014
f 943 1015 1014
f 943 944 1015
f 944 1016 1015
f 944 945 1016
f 945 1017 1016
f 945 946 1017
f 946 1018 1017
f 946 947 1018
f 947 1019 1018
f 947 948 1019
f 948 1020 1019
f 948 949 1020
f 949 1021 1020
f 949 950 1021
f 950 1022 1021
f 950 951 1022
f 951 1023 1022
f 951 952 1023
f 952 1024 1023
f 952 953 1024
f 953 1025 1024
f 953 954 1025
f 954 1026 1025
f 954 955 1026
f 955 1027 1026
f 955 956 1027
f 956 1028 1027
f 956 957 1028
f 957 1029 1028
f 957 958 1029
f 958 1030 1029
f 958 959 1030
f 959 1031 1030
f 959 960 1031
f 960 1032 1031
f 960 961 1032
f 961 1033 1032
f 961 962 1033
f 962 1034 1033
f 962 963 1034
f 963 1035 1034
f 963 964 1035
f 964 1036 1035
f 964 965 1036
f 965 1037 1036
f 965 966 1037
f 966 1038 1037
f 966 967 1038
f 967 1039 1038
f 967 968 1039
f 968 1040 1039
f 968 969 1040
f 969 1041 1040
f 969 970 1041
f 970 1042 1041
f 970 971 1042
f 971 1043 1042
f 971 972 1043
f 972 1044 1043
f 972 973 1044
f 973 1045 1044
f 973 974 1045
f 974 1046 1045
f 974 975 1046
f 975 1047 1046
f 975 976 1047
f 976 1048 1047
f 976 977 1048
f 977 1049 1048
f 977 978 1049
f 978 1050 1049
f 978 979 1050
f 979 1051 1050
f 979 980 1051
f 980 1052 1051
f 980 981 1052
f 981 1053 1052
f 981 982 1053
f 982 1054 1053
f 982 983 1054
f 983 1055 1054
f 983 984 1055
f 984 1056 1055
f 984 985 1056
f 985 1057 1056
f 985 986 1057
f 986 1058 1057
f 986 987 1058
f 987 1059 1058
f 987 988 1059
f 988 1060 1059
f 988 989 1060
f 989 1061 1060
f 989 990 1061
f 990 1062 1061
f 990 991 1062
f 991 1063 1062
f 991 992 1063
f 992 1064 1063
f 992 993 1064
f 993 1065 1064
f 993 994 1065
f 994 1066 1065
f 994 995 1066
f 995 1067 1066
f 995 996 1067
f 996 1068 1067
f 996 997 1068
f 997 1069 1068
f 997 998 1069
f 998 1070 1069
f 998 999 1070
f 999 1071 1070
f 999 1000 1071
f 1000 1072 1071
f 1000 1001 1072
f 1001 1073 1072
f 1001 1002 1073
f 1002 1074 1073
f 1002 1003 1074
f 1003 1075 1074
f 1003 1004 1075
f 1004 1076 1075
f 1004 1005 1076
f 1005 1077 1076
f 1005 1006 1077
f 1006 1078 1077
f 1006 1007 1078
f 1007 1079 1078
f 1007 1008 1079
f 1008 1080 1079
f 1008 937 1080
f 937 1009 1080
f 1009 1010 1081
f 1010 1082 1081
f 1010 1011 1082
f 1011 1083 1082
f 1011 1012 1083
f 1012 1084 1083
f 1012 1013 1084
f 1013 1085 1084
f 1013 1014 1085
f 1014 1086 1085
f 1014 1015 1086
f 1015 1087 1086
f 1015 1016 1087
f 1016 1088 1087
f 1016 1017 1088
f 1017 1089 1088
f 1017 1018 1089
f 1018 1090 1089
f 1018 1019 1090
f 1019 1091 1090
f 1019 1020 1091
f 1020 1092 1091
f 1020 1021 1092
f 1021 1093 1092
f 1021 1022 1093
f 1022 1094 1093
f 1022 1023 1094
f 1023 1095 1094
f 1023 1024 1095
f 1024 1096 1095
f 1024 1025 1096
f 1025 1097 1096
f 1025 1026 1097
f 1026 1098 1097
f 1026 1027 1098
f 1027 1099 1098
f 1027 1028 1099
f 1028 1100 1099
f 1028 1029 1100
f 1029 1101 1100
f 1029 1030 1101
f 1030 1102 1101
f 1030 1031 1102
f 1031 1103 1102
f 1031 1032 1103
f 1032 1104 1103
f 1032 1033 1104
f 1033 1105 1104
f 1033 1034 1105
f 1034 1106 1105
f 1034 1035 1106
f 1035 1107 1106
f 1035 1036 1107
f 1036 1108 1107
f 1036 1037 1108
f 1037 1109 1108
f 1037 1038 1109
f 1038 1110 1109
f 1038 1039 1110
f 1039 1111 1110
f 1039 1040 1111
f 1040 1112 1111
f 1040 1041 1112
f 1041 1113 1112
f 1041 1042 1113
f 1042 1114 1113
f 1042 1043 1114
f 1043 1115 1114
f 1043 1044 1115
f 1044 1116 1115
f 1044 1045 1116
f 1045 1117 1116
f 1045 1046 1117
f 1046 1118 1117
f 1046 1047 1118
f 1047 1119 1118
f 1047 1048 1119
f 1048 1120 1119
f 1048 1049 1120
f 1049 1121 1120
f 1049 1050 1121
f 1050 1122 1121
f 1050 1051 1122
f 1051 1123 1122
f 1051 1052 1123
f 1052 1124 1123
f 1052 1053 1124
f 1053 1125 1124
f 1053 1054 1125
f 1054 1126 1125
f 1054 1055 1126
f 1055 1127 1126
f 1055 1056 1127
f 1056 1128 1127
f 1056 1057 1128
f 1057 1129 1128
f 1057 1058 1129
f 1058 1130 1129
f 1058 1059 1130
f 1059 1131 1130
f 1059 1060 1131
f 1060 1132 1131
f 1060 1061 1132
f 1061 1133 1132
f 1061 1062 1133
f 1062 1134 1133
f 1062 1063 1134
f 1063 1135 1134
f 1063 1064 1135
f 1064 1136 1135
f 1064 1065 1136
f 1065 1137 1136
f 1065 1066 1137
f 1066 1138 1137
f 1066 1067 1138
f 1067 1139 1138
f 1067 1068 1139
f 1068 1140 1139
f 1068 1069 1140
f 1069 1141 1140
f 1069 1070 1141
f 1070 1142 1141
f 1070 1071 1142
f 1071 1143 1142
f 1071 1072 1143
f 1072 1144 1143
f 1072 1073 1144
f 1073 1145 1144
f 1073 1074 1145
f 1074 1146 1145
f 1074 1075 1146
f 1075 1147 1146
f 1075 1076 1147
f 1076 1148 1147
f 1076 1077 1148
f 1077 1149 1148
f 1077 1078 1149
f 1078 1150 1149
f 1078 1079 1150
f 1079 1151 1150
f 1079 1080 1151
f 1080 1152 1151
f 1080 1009 1152
f 1009 1081 1152
f 1081 1082 1153
f 1082 1154 1153
f 1082 1083 1154
f 1083 1155 1154
f 1083 1084 1155
f 1084 1156 1155
f 1084 1085 1156
f 1085 1157 1156
f 1085 1086 1157
f 1086 1158 1157
f 1086 1087 1158
f 1087 1159 1158
f 1087 1088 1159
f 1088 1160 1159
f 1088 1089 1160
f 1089 1161 1160
f 1089 1090 1161
f 1090 1162 1161
f 1090 1091 1162
f 1091 1163 1162
f 1091 1092 1163
f 1092 1164 1163
f 1092 1093 1164
f 1093 1165 1164
f 1093 1094 1165
f 1094 1166 1165
f 1094 1095 1166
f 1095 1167 1166
f 1095 1096 1167
f 1096 1168 1167
f 1096 1097 1168
f 1097 1169 1168
f 1097 1098 1169
f 1098 1170 1169
f 1098 1099 1170
f 1099 1171 1170
f 1099 1100 1171
f 1100 1172 1171
f 1100 1101 1172
f 1101 1173 1172
f 1101 1102 1173
f 1102 1174 1173
f 1102 1103 1174
f 1103 1175 1174
f 1103 1104 1175
f 1104 1176 1175
f 1104 1105 1176
f 1105 1177 1176
f 1105 1106 1177
f 1106 1178 1177
f 1106 1107 1178
f 1107 1179 1178
f 1107 1108 1179
f 1108 1180 1179
f 1108 1109 1180
f 1109 1181 1180
f 1109 1110 1181
f 1110 1182 1181
f 1110 1111 1182
f 1111 1183 1182
f 1111 1112 1183
f 1112 1184 1183
f 1112 1113 1184
f 1113 1185 1184
f 1113 1114 1185
f 1114 1186 1185
f 1114 1115 1186
f 1115 1187 1186
f 1115 1116 1187
f 1116 1188 1187
f 1116 1117 1188
f 1117 1189 1188
f 1117 1118 1189
f 1118 1190 1189
f 1118 1119 1190
f 1119 1191 1190
f 1119 1120 1191
f 1120 1192 1191
f 1120 1121 1192
f 1121 1193 1192
f 1121 1122 1193
f 1122 1194 1193
f 1122 1123 1194
f 1123 1195 1194
f 1123 1124 1195
f 1124 1196 1195
f 1124 1125 1196
f 1125 1197 1196
f 1125 1126 1197
f 1126 1198 1197
f 1126 1127 1198
f 1127 1199 1198
f 1127 1128 1199
f 1128 1200 1199
f 1128 1129 1200
f 1129 1201 1200
f 1129 1130 1201
f 1130 1202 1201
f 1130 1131 1202
f 1131 1203 1202
f 1131 1132 1203
f 1132 1204 1203
f 1132 1133 1204
f 1133 1205 1204
f 1133 1134 1205
f 1134 1206 1205
f 1134 1135 1206
f 1135 1207 1206
f 1135 1136 1207
f 1136 1208 1207
f 1136 1137 1208
f 1137 1209 1208
f 1137 1138 1209
f 1138 1210 1209
f 1138 1139 1210
f 1139 1211 1210
f 1139 1140 1211
f 1140 1212 1211
f 1140 1141 1212
f 1141 1213 1212
f 1141 1142 1213
f 1142 1214 1213
f 1142 1143 1214
f 1143 1215 1214
f 1143 1144 1215
f 1144 1216 1215
f 1144 1145 1216
f 1145 1217 1216
f 1145 1146 1217
f 1146 1218 1217
f 1146 1147 1218
f 1147 1219 1218
f 1147 1148 1219
f 1148 1220 1219
f 1148 1149 1220
f 1149 1221 1220
f 1149 1150 1221
f 1150 1222 1221
f 1150 1151 1222
f 1151 1223 1222
f 1151 1152 1223
f 1152 1224 1223
f 1152 1081 1224
f 1081 1153 1224
f 1153 1154 1225
f 1154 1226 1225
f 1154 1155 1226
f 1155 1227 1226
f 1155 1156 1227
f 1156 1228 1227
f 1156 1157 1228
f 1157 1229 1228
f 1157 1158 1229
f 1158 1230 1229
f 1158 1159 1230
f 1159 1231 1230
f 1159 1160 1231
f 1160 1232 1231
f 1160 1161 1232
f 1161 1233 1232
f 1161 1162 1233
f 1162 1234 1233
f 1162 1163 1234
f 1163 1235 1234
f 1163 1164 1235
f 1164 1236 1235
f 1164 1165 1236
f 1165 1237 1236
f 1165 1166 1237
f 1166 1238 1237
f 1166 1167 1238
f 1167 1239 1238
f 1167 1168 1239
f 1168 1240 1239
f 1168 1169 1240
f 1169 1241 1240
f 1169 1170 1241
f 1170 1242 1241
f 1170 1171 1242
f 1171 1243 1242
f 1171 1172 1243
f 1172 1244 1243
f 1172 1173 1244
f 1173 1245 1244
f 1173 1174 1245
f 1174 1246 1245
f 1174 1175 1246
f 1175 1247 1246
f 1175 1176 1247
f 1176 1248 1247
f 1176 1177 1248
f 1177 1249 1248
f 1177 1178 1249
f 1178 1250 1249
f 1178 1179 1250
f 1179 1251 1250
f 1179 1180 1251
f 1180 1252 1251
f 1180 1181 1252
f 1181 1253 1252
f 1181 1182 1253
f 1182 1254 1253
f 1182 1183 1254
f 1183 1255 1254
f 1183 1184 1255
f 1184 1256 1255
f 1184 1185 1256
f 1185 1257 1256
f 1185 1186 1257
f 1186 1258 1257
f 1186 1187 1258
f 1187 1259 1258
f 1187 1188 1259
f 1188 1260 1259
f 1188 1189 1260
f 1189 1261 1260
f 1189 1190 1261
f 1190 1262 1261
f 1190 1191 1262
f 1191 1263 1262
f 1191 1192 1263
f 1192 1264 1263
f 1192 1193 1264
f 1193 1265 1264
f 1193 1194 1265
f 1194 1266 1265
f 1194 1195 1266
f 1195 1267 1266
f 1195 1196 1267
f 1196 1268 1267
f 1196 1197 1268
f 1197 1269 1268
f 1197 1198 1269
f 1198 1270 1269
f 1198 1199 1270
f 1199 1271 1270
f 1199 1200 1271
f 1200 1272 1271
f 1200 1201 1272
f 1201 1273 1272
f 1201 1202 1273
f 1202 1274 1273
f 1202 1203 1274
f 1203 1275 1274
f 1203 1204 1275
f 1204 1276 1275
f 1204 1205 1276
f 1205 1277 1276
f 1205 1206 1277
f 1206 1278 1277
f 1206 1207 1278
f 1207 1279 1278
f 1207 1208 1279
f 1208 1280 1279
f 1208 1209 1280
f 1209 1281 1280
f 1209 1210 1281
f 1210 1282 1281
f 1210 1211 1282
f 1211 1283 1282
f 1211 1212 1283
f 1212 1284 1283
f 1212 1213 1284
f 1213 1285 1284
f 1213 1214 1285
f 1214 1286 1285
f 1214 1215 1286
f 1215 1287 1286
f 1215 1216 1287
f 1216 1288 1287
f 1216 1217 1288
f 1217 1289 1288
f 1217 1218 1289
f 1218 1290 1289
f 1218 1219 1290
f 1219 1291 1290
f 1219 1220 1291
f 1220 1292 1291
f 1220 1221 1292
f 1221 1293 1292
f 1221 1222 1293
f 1222 1294 1293
f 1222 1223 1294
f 1223 1295 1294
f 1223 1224 1295
f 1224 1296 1295
f 1224 1153 1296
f 1153 1225 1296
f 1225 1226 1297
f 1226 1298 1297
f 1226 1227 1298
f 1227 1299 1298
f 1227 1228 1299
f 1228 1300 1299
f 1228 1229 1300
f 1229 1301 1300
f 1229 1230 1301
f 1230 1302 1301
f 1230 1231 1302
f 1231 1303 1302
f 1231 1232 1303
f 1232 1304 1303
f 1232 1233 1304
f 1233 1305 1304
f 1233 1234 1305
f 1234 1306 1305
f 1234 1235 1306
f 1235 1307 1306
f 1235 1236 1307
f 1236 1308 1307
f 1236 1237 1308
f 1237 1309 1308
f 1237 1238 1309
f 1238 1310 1309
f 1238 1239 1310
f 1239 1311 1310
f 1239 1240 1311
f 1240 1312 1311
f 1240 1241 1312
f 1241 1313 1312
f 1241 1242 1313
f 1242 1314 1313
f 1242 1243 1314
f 1243 1315 1314
f 1243 1244 1315
f 1244 1316 1315
f 1244 1245 1316
f 1245 1317 1316
f 1245 1246 1317
f 1246 1318 1317
f 1246 1247 1318
f 1247 1319 1318
f 1247 1248 1319
f 1248 1320 1319
f 1248 1249 1320
f 1249 1321 1320
f 1249 1250 1321
f 1250 1322 1321
f 1250 1251 1322
f 1251 1323 1322
f 1251 1252 1323
f 1252 1324 1323
f 1252 1253 1324
f 1253 1325 1324
f 1253 1254 1325
f 1254 1326 1325
f 1254 1255 1326
f 1255 1327 1326
f 1255 1256 1327
f 1256 1328 1327
f 1256 1257 1328
f 1257 1329 1328
f 1257 1258 1329
f 1258 1330 1329
f 1258 1259 1330
f 1259 1331 1330
f 1259 1260 1331
f 1260 1332 1331
f 1260 1261 1332
f 1261 1333 1332
f 1261 1262 1333
f 1262 1334 1333
f 1262 1263 1334
f 1263 1335 1334
f 1263 1264 1335
f 1264 1336 1335
f 1264 1265 1336
f 1265 1337 1336
f 1265 1266 1337
f 1266 1338 1337
f 1266 1267 1338
f 1267 1339 1338
f 1267 1268 1339
f 1268 1340 1339
f 1268 1269 1340
f 1269 1341 1340
f 1269 1270 1341
f 1270 1342 1341
f 1270 1271 1342
f 1271 1343 1342
f 1271 1272 1343
f 1272 1344 1343
f 1272 1273 1344
f 1273 1345 1344
f 1273 1274 1345
f 1274 1346 1345
f 1274 1275 1346
f 1275 1347 1346
f 1275 1276 1347
f 1276 1348 1347
f 1276 1277 1348
f 1277 1349 1348
f 1277 1278 1349
f 1278 1350 1349
f 1278 1279 1350
f 1279 1351 1350
f 1279 1280 1351
f 1280 1352 1351
f 1280 1281 1352
f 1281 1353 1352
f 1281 1282 1353
f 1282 1354 1353
f 1282 1283 1354
f 1283 1355 1354
f 1283 1284 1355
f 1284 1356 1355
f 1284 1285 1356
f 1285 1357 1356
f 1285 1286 1357
f 1286 1358 1357
f 1286 1287 1358
f 1287 1359 1358
f 1287 1288 1359
f 1288 1360 1359
f 1288 1289 1360
f 1289 1361 1360
f 1289 1290 1361
f 1290 1362 1361
f 1290 1291 1362
f 1291 1363 1362
f 1291 1292 1363
f 1292 1364 1363
f 1292 1293 1364
f 1293 1365 1364
f 1293 1294 1365
f 1294 1366 1365
f 1294 1295 1366
f 1295 1367 1366
f 1295 1296 1367
f 1296 1368 1367
f 1296 1225 1368
f 1225 1297 1368
f 1297 1298 1369
f 1298 1370 1369
f 1298 1299 1370
f 1299 1371 1370
f 1299 1300 1371
f 1300 1372 1371
f 1300 1301 1372
f 1301 1373 1372
f 1301 1302 1373
f 1302 1374 1373
f 1302 1303 1374
f 1303 1375 1374
f 1303 1304 1375
f 1304 1376 1375
f 1304 1305 1376
f 1305 1377 1376
f 1305 1306 1377
f 1306 1378 1377
f 1306 1307 1378
f 1307 1379 1378
f 1307 1308 1379
f 1308 1380 1379
f 1308 1309 1380
f 1309 1381 1380
f 1309 1310 1381
f 1310 1382 1381
f 1310 1311 1382
f 1311 1383 1382
f 1311 1312 1383
f 1312 1384 1383
f 1312 1313 1384
f 1313 1385 1384
f 1313 1314 1385
f 1314 1386 1385
f 1314 1315 1386
f 1315 1387 1386
f 1315 1316 1387
f 1316 1388 1387
f 1316 1317 1388
f 1317 1389 1388
f 1317 1318 1389
f 1318 1390 1389
f 1318 1319 1390
f 1319 1391 1390
f 1319 1320 1391
f 1320 1392 1391
f 1320 1321 1392
f 1321 1393 1392
f 1321 1322 1393
f 1322 1394 1393
f 1322 1323 1394
f 1323 1395 1394
f 1323 1324 1395
f 1324 1396 1395
f 1324 1325 1396
f 1325 1397 1396
f 1325 1326 1397
f 1326 1398 1397
f 1326 1327 1398
f 1327 1399 1398
f 1327 1328 1399
f 1328 1400 1399
f 1328 1329 1400
f 1329 1401 1400
f 1329 1330 1401
f 1330 1402 1401
f 1330 1331 1402
f 1331 1403 1402
f 1331 1332 1403
f 1332 1404 1403
f 1332 1333 1404
f 1333 1405 1404
f 1333 1334 1405
f 1334 1406 1405
f 1334 1335 1406
f 1335 1407 1406
f 1335 1336 1407
f 1336 1408 1407
f 1336 1337 1408
f 1337 1409 1408
f 1337 1338 1409
f 1338 1410 1409
f 1338 1339 1410
f 1339 1411 1410
f 1339 1340 1411
f 1340 1412 1411
f 1340 1341 1412
f 1341 1413 1412
f 1341 1342 1413
f 1342 1414 1413
f 1342 1343 1414
f 1343 1415 1414
f 1343 1344 1415
f 1344 1416 1415
f 1344 1345 1416
f 1345 1417 1416
f 1345 1346 1417
f 1346 1418 1417
f 1346 1347 1418
f 1347 1419 1418
f 1347 1348 1419
f 1348 1420 1419
f 1348 1349 1420
f 1349 1421 1420
f 1349 1350 1421
f 1350 1422 1421
f 1350 1351 1422
f 1351 1423 1422
f 1351 1352 1423
f 1352 1424 1423
f 1352 1353 1424
f 1353 1425 1424
f 1353 1354 1425
f 1354 1426 1425
f 1354 1355 1426
f 1355 1427 1426
f 1355 1356 1427
f 1356 1428 1427
f 1356 1357 1428
f 1357 1429 1428
f 1357 1358 1429
f 1358 1430 1429
f 1358 1359 1430
f 1359 1431 1430
f 1359 1360 1431
f 1360 1432 1431
f 1360 1361 1432
f 1361 1433 1432
f 1361 1362 1433
f 1362 1434 1433
f 1362 1363 1434
f 1363 1435 1434
f 1363 1364 1435
f 1364 1436 1435
f 1364 1365 1436
f 1365 1437 1436
f 1365 1366 1437
f 1366 1438 1437
f 1366 1367 1438
f 1367 1439 1438
f 1367 1368 1439
f 1368 1440 1439
f 1368 1297 1440
f 1297 1369 1440
f 1369 1370 1441
f 1370 1442 1441
f 1370 1371 1442
f 1371 1443 1442
f 1371 1372 1443
f 1372 1444 1443
f 1372 1373 1444
f 1373 1445 1444
f 1373 1374 1445
f 1374 1446 1445
f 1374 1375 1446
f 1375 1447 1446
f 1375 1376 1447
f 1376 1448 1447
f 1376 1377 1448
f 1377 1449 1448
f 1377 1378 1449
f 1378 1450 1449
f 1378 1379 1450
f 1379 1451 1450
f 1379 1380 1451
f 1380 1452 1451
f 1380 1381 1452
f 1381 1453 1452
f 1381 1382 1453
f 1382 1454 1453
f 1382 1383 1454
f 1383 1455 1454
f 1383 1384 1455
f 1384 1456 1455
f 1384 1385 1456
f 1385 1457 1456
f 1385 1386 1457
f 1386 1458 1457
f 1386 1387 1458
f 1387 1459 1458
f 1387 1388 1459
f 1388 1460 1459
f 1388 1389 1460
f 1389 1461 1460
f 1389 1390 1461
f 1390 1462 1461
f 1390 1391 1462
f 1391 1463 1462
f 1391 1392 1463
f 1392 1464 1463
f 1392 1393 1464
f 1393 1465 1464
f 1393 1394 1465
f 1394 1466 1465
f 1394 1395 1466
f 1395 1467 1466
f 1395 1396 1467
f 1396 1468 1467
f 1396 1397 1468
f 1397 1469 1468
f 1397 1398 1469
f 1398 1470 1469
f 1398 1399 1470
f 1399 1471 1470
f 1399 1400 1471
f 1400 1472 1471
f 1400 1401 1472
f 1401 1473 1472
f 1401 1402 1473
f 1402 1474 1473
f 1402 1403 1474
f 1403 1475 1474
f 1403 1404 1475
f 1404 1476 1475
f 1404 1405 1476
f 1405 1477 1476
f 1405 1406 1477
f 1406 1478 1477
f 1406 1407 1478
f 1407 1479 1478
f 1407 1408 1479
f 1408 1480 1479
f 1408 1409 1480
f 1409 1481 1480
f 1409 1410 1481
f 1410 1482 1481
f 1410 1411 1482
f 1411 1483 1482
f 1411 1412 1483
f 1412 1484 1483
f 1412 1413 1484
f 1413 1485 1484
f 1413 1414 1485
f 1414 1486 1485
f 1414 1415 1486
f 1415 1487 1486
f 1415 1416 1487
f 1416 1488 1487
f 1416 1417 1488
f 1417 1489 1488
f 1417 1418 1489
f 1418 1490 1489
f 1418 1419 1490
f 1419 1491 1490
f 1419 1420 1491
f 1420 1492 1491
f 1420 1421 1492
f 1421 1493 1492
f 1421 1422 1493
f 1422 1494 1493
f 1422 1423 1494
f 1423 1495 1494
f 1423 1424 1495
f 1424 1496 1495
f 1424 1425 1496
f 1425 1497 1496
f 1425 1426 1497
f 1426 1498 1497
f 1426 1427 1498
f 1427 1499 1498
f 1427 1428 1499
f 1428 1500 1499
f 1428 1429 1500
f 1429 1501 1500
f 1429 1430 1501
f 1430 1502 1501
f 1430 1431 1502
f 1431 1503 1502
f 1431 1432 1503
f 1432 1504 1503
f 1432 1433 1504
f 1433 1505 1504
f 1433 1434 1505
f 1434 1506 1505
f 1434 1435 1506
f 1435 1507 1506
f 1435 1436 1507
f 1436 1508 1507
f 1436 1437 1508
f 1437 1509 1508
f 1437 1438 1509
f 1438 1510 1509
f 1438 1439 1510
f 1439 1511 1510
f 1439 1440 1511
f 1440 1512 1511
f 1440 1369 1512
f 1369 1441 1512
f 1441 1442 1513
f 1442 1514 1513
f 1442 1443 1514
f 1443 1515 1514
f 1443 1444 1515
f 1444 1516 1515
f 1444 1445 1516
f 1445 1517 1516
f 1445 1446 1517
f 1446 1518 1517
f 1446 1447 1518
f 1447 1519 1518
f 1447 1448 1519
f 1448 1520 1519
f 1448 1449 1520
f 1449 1521 1520
f 1449 1450 1521
f 1450 1522 1521
f 1450 1451 1522
f 1451 1523 1522
f 1451 1452 1523
f 1452 1524 1523
f 1452 1453 1524
f 1453 1525 1524
f 1453 1454 1525
f 1454 1526 1525
f 1454 1455 1526
f 1455 1527 1526
f 1455 1456 1527
f 1456 1528 1527
f 1456 1457 1528
f 1457 1529 1528
f 1457 1458 1529
f 1458 1530 1529
f 1458 1459 1530
f 1459 1531 1530
f 1459 1460 1531
f 1460 1532 1531
f 1460 1461 1532
f 1461 1533 1532
f 1461 1462 1533
f 1462 1534 1533
f 1462 1463 1534
f 1463 1535 1534
f 1463 1464 1535
f 1464 1536 1535
f 1464 1465 1536
f 1465 1537 1536
f 1465 1466 1537
f 1466 1538 1537
f 1466 1467 1538
f 1467 1539 1538
f 1467 1468 1539
f 1468 1540 1539
f 1468 1469 1540
f 1469 1541 1540
f 1469 1470 1541
f 1470 1542 1541
f 1470 1471 1542
f 1471 1543 1542
f 1471 1472 1543
f 1472 1544 1543
f 1472 1473 1544
f 1473 1545 1544
f 1473 1474 1545
f 1474 1546 1545
f 1474 1475 1546
f 1475 1547 1546
f 1475 1476 1547
f 1476 1548 1547
f 1476 1477 1548
f 1477 1549 1548
f 1477 1478 1549
f 1478 1550 1549
f 1478 1479 1550
f 1479 1551 1550
f 1479 1480 1551
f 1480 1552 1551
f 1480 1481 1552
f 1481 1553 1552
f 1481 1482 1553
f 1482 1554 1553
f 1482 1483 1554
f 1483 1555 1554
f 1483 1484 1555
f 1484 1556 1555
f 1484 1485 1556
f 1485 1557 1556
f 1485 1486 1557
f 1486 1558 1557
f 1486 1487 1558
f 1487 1559 1558
f 1487 1488 1559
f 1488 1560 1559
f 1488 1489 1560
f 1489 1561 1560
f 1489 1490 1561
f 1490 1562 1561
f 1490 1491 1562
f 1491 1563 1562
f 1491 1492 1563
f 1492 1564 1563
f 1492 1493 1564
f 1493 1565 1564
f 1493 1494 1565
f 1494 1566 1565
f 1494 1495 1566
f 1495 1567 1566
f 1495 1496 1567
f 1496 1568 1567
f 1496 1497 1568
f 1497 1569 1568
f 1497 1498 1569
f 1498 1570 1569
f 1498 1499 1570
f 1499 1571 1570
f 1499 1500 1571
f 1500 1572 1571
f 1500 1501 1572
f 1501 1573 1572
f 1501 1502 1573
f 1502 1574 1573
f 1502 1503 1574
f 1503 1575 1574
f 1503 1504 1575
f 1504 1576 1575
f 1504 1505 1576
f 1505 1577 1576
f 1505 1506 1577
f 1506 1578 1577
f 1506 1507 1578
f 1507 1579 1578
f 1507 1508 1579
f 1508 1580 1579
f 1508 1509 1580
f 1509 1581 1580
f 1509 1510 1581
f 1510 1582 1581
f 1510 1511 1582
f 1511 1583 1582
f 1511 1512 1583
f 1512 1584 1583
f 1512 1441 1584
f 1441 1513 1584
f 1513 1514 1585
f 1514 1586 1585
f 1514 1515 1586
f 1515 1587 1586
f 1515 1516 1587
f 1516 1588 1587
f 1516 1517 1588
f 1517 1589 1588
f 1517 1518 1589
f 1518 1590 1589
f 1518 1519 1590
f 1519 1591 1590
f 1519 1520 1591
f 1520 1592 1591
f 1520 1521 1592
f 1521 1593 1592
f 1521 1522 1593
f 1522 1594 1593
f 1522 1523 1594
f 1523 1595 1594
f 1523 1524 1595
f 1524 1596 1595
f 1524 1525 1596
f 1525 1597 1596
f 1525 1526 1597
f 1526 1598 1597
f 1526 1527 1598
f 1527 1599 1598
f 1527 1528 1599
f 1528 1600 1599
f 1528 1529 1600
f 1529 1601 1600
f 1529 1530 1601
f 1530 1602 1601
f 1530 1531 1602
f 1531 1603 1602
f 1531 1532 1603
f 1532 1604 1603
f 1532 1533 1604
f 1533 1605 1604
f 1533 1534 1605
f 1534 1606 1605
f 1534 1535 1606
f 1535 1607 1606
f 1535 1536 1607
f 1536 1608 1607
f 1536 1537 1608
f 1537 1609 1608
f 1537 1538 1609
f 1538 1610 1609
f 1538 1539 1610
f 1539 1611 1610
f 1539 1540 1611
f 1540 1612 1611
f 1540 1541 1612
f 1541 1613 1612
f 1541 1542 1613
f 1542 1614 1613
f 1542 1543 1614
f 1543 1615 1614
f 1543 1544 1615
f 1544 1616 1615
f 1544 1545 1616
f 1545 1617 1616
f 1545 1546 1617
f 1546 1618 1617
f 1546 1547 1618
f 1547 1619 1618
f 1547 1548 1619
f 1548 1620 1619
f 1548 1549 1620
f 1549 1621 1620
f 1549 1550 1621
f 1550 1622 1621
f 1550 1551 1622
f 1551 1623 1622
f 1551 1552 1623
f 1552 1624 1623
f 1552 1553 1624
f 1553 1625 1624
f 1553 1554 1625
f 1554 1626 1625
f 1554 1555 1626
f 1555 1627 1626
f 1555 1556 1627
f 1556 1628 1627
f 1556 1557 1628
f 1557 1629 1628
f 1557 1558 1629
f 1558 1630 1629
f 1558 1559 1630
f 1559 1631 1630
f 1559 1560 1631
f 1560 1632 1631
f 1560 1561 1632
f 1561 1633 1632
f 1561 1562 1633
f 1562 1634 1633
f 1562 1563 1634
f 1563 1635 1634
f 1563 1564 1635
f 1564 1636 1635
f 1564 1565 1636
f 1565 1637 1636
f 1565 1566 1637
f 1566 1638 1637
f 1566 1567 1638
f 1567 1639 1638
f 1567 1568 1639
f 1568 1640 1639
f 1568 1569 1640
f 1569 1641 1640
f 1569 1570 1641
f 1570 1642 1641
f 1570 1571 1642
f 1571 1643 1642
f 1571 1572 1643
f 1572 1644 1643
f 1572 1573 1644
f 1573 1645 1644
f 1573 1574 1645
f 1574 1646 1645
f 1574 1575 1646
f 1575 1647 1646
f 1575 1576 1647
f 1576 1648 1647
f 1576 1577 1648
f 1577 1649 1648
f 1577 1578 1649
f 1578 1650 1649
f 1578 1579 1650
f 1579 1651 1650
f 1579 1580 1651
f 1580 1652 1651
f 1580 1581 1652
f 1581 1653 1652
f 1581 1582 1653
f 1582 1654 1653
f 1582 1583 1654
f 1583 1655 1654
f 1583 1584 1655
f 1584 1656 1655
f 1584 1513 1656
f 1513 1585 1656
f 1585 1586 1657
f 1586 1658 1657
f 1586 1587 1658
f 1587 1659 1658
f 1587 1588 1659
f 1588 1660 1659
f 1588 1589 1660
f 1589 1661 1660
f 1589 1590 1661
f 1590 1662 1661
f 1590 1591 1662
f 1591 1663 1662
f 1591 1592 1663
f 1592 1664 1663
f 1592 1593 1664
f 1593 1665 1664
f 1593 1594 1665
f 1594 1666 1665
f 1594 1595 1666
f 1595 1667 1666
f 1595 1596 1667
f 1596 1668 1667
f 1596 1597 1668
f 1597 1669 1668
f 1597 1598 1669
f 1598 1670 1669
f 1598 1599 1670
f 1599 1671 1670
f 1599 1600 1671
f 1600 1672 1671
f 1600 1601 1672
f 1601 1673 1672
f 1601 1602 1673
f 1602 1674 1673
f 1602 1603 1674
f 1603 1675 1674
f 1603 1604 1675
f 1604 1676 1675
f 1604 1605 1676
f 1605 1677 1676
f 1605 1606 1677
f 1606 1678 1677
f 1606 1607 1678
f 1607 1679 1678
f 1607 1608 1679
f 1608 1680 1679
f 1608 1609 1680
f 1609 1681 1680
f 1609 1610 1681
f 1610 1682 1681
f 1610 1611 1682
f 1611 1683 1682
f 1611 1612 1683
f 1612 1684 1683
f 1612 1613 1684
f 1613 1685 1684
f 1613 1614 1685
f 1614 1686 1685
f 1614 1615 1686
f 1615 1687 1686
f 1615 1616 1687
f 1616 1688 1687
f 1616 1617 1688
f 1617 1689 1688
f 1617 1618 1689
f 1618 1690 1689
f 1618 1619 1690
f 1619 1691 1690
f 1619 1620 1691
f 1620 1692 1691
f 1620 1621 1692
f 1621 1693 1692
f 1621 1622 1693
f 1622 1694 1693
f 1622 1623 1694
f 1623 1695 1694
f 1623 1624 1695
f 1624 1696 1695
f 1624 1625 1696
f 1625 1697 1696
f 1625 1626 1697
f 1626 1698 1697
f 1626 1627 1698
f 1627 1699 1698
f 1627 1628 1699
f 1628 1700 1699
f 1628 1629 1700
f 1629 1701 1700
f 1629 1630 1701
f 1630 1702 1701
f 1630 1631 1702
f 1631 1703 1702
f 1631 1632 1703
f 1632 1704 1703
f 1632 1633 1704
f 1633 1705 1704
f 1633 1634 1705
f 1634 1706 1705
f 1634 1635 1706
f 1635 1707 1706
f 1635 1636 1707
f 1636 1708 1707
f 1636 1637 1708
f 1637 1709 1708
f 1637 1638 1709
f 1638 1710 1709
f 1638 1639 1710
f 1639 1711 1710
f 1639 1640 1711
f 1640 1712 1711
f 1640 1641 1712
f 1641 1713 1712
f 1641 1642 1713
f 1642 1714 1713
f 1642 1643 1714
f 1643 1715 1714
f 1643 1644 1715
f 1644 1716 1715
f 1644 1645 1716
f 1645 1717 1716
f 1645 1646 1717
f 1646 1718 1717
f 1646 1647 1718
f 1647 1719 1718
f 1647 1648 1719
f 1648 1720 1719
f 1648 1649 1720
f 1649 1721 1720
f 1649 1650 1721
f 1650 1722 1721
f 1650 1651 1722
f 1651 1723 1722
f 1651 1652 1723
f 1652 1724 1723
f 1652 1653 1724
f 1653 1725 1724
f 1653 1654 1725
f 1654 1726 1725
f 1654 1655 1726
f 1655 1727 1726
f 1655 1656 1727
f 1656 1728 1727
f 1656 1585 1728
f 1585 1657 1728
f 1657 1658 1729
f 1658 1730 1729
f 1658 1659 1730
f 1659 1731 1730
f 1659 1660 1731
f 1660 1732 1731
f 1660 1661 1732
f 1661 1733 1732
f 1661 1662 1733
f 1662 1734 1733
f 1662 1663 1734
f 1663 1735 1734
f 1663 1664 1735
f 1664 1736 1735
f 1664 1665 1736
f 1665 1737 1736
f 1665 1666 1737
f 1666 1738 1737
f 1666 1667 1738
f 1667 1739 1738
f 1667 1668 1739
f 1668 1740 1739
f 1668 1669 1740
f 1669 1741 1740
f 1669 1670 1741
f 1670 1742 1741
f 1670 1671 1742
f 1671 1743 1742
f 1671 1672 1743
f 1672 1744 1743
f 1672 1673 1744
f 1673 1745 1744
f 1673 1674 1745
f 1674 1746 1745
f 1674 1675 1746
f 1675 1747 1746
f 1675 1676 1747
f 1676 1748 1747
f 1676 1677 1748
f 1677 1749 1748
f 1677 1678 1749
f 1678 1750 1749
f 1678 1679 1750
f 1679 1751 1750
f 1679 1680 1751
f 1680 1752 1751
f 1680 1681 1752
f 1681 1753 1752
f 1681 1682 1753
f 1682 1754 1753
f 1682 1683 1754
f 1683 1755 1754
f 1683 1684 1755
f 1684 1756 1755
f 1684 1685 1756
f 1685 1757 1756
f 1685 1686 1757
f 1686 1758 1757
f 1686 1687 1758
f 1687 1759 1758
f 1687 1688 1759
f 1688 1760 1759
f 1688 1689 1760
f 1689 1761 1760
f 1689 1690 1761
f 1690 1762 1761
f 1690 1691 1762
f 1691 1763 1762
f 1691 1692 1763
f 1692 1764 1763
f 1692 1693 1764
f 1693 1765 1764
f 1693 1694 1765
f 1694 1766 1765
f 1694 1695 1766
f 1695 1767 1766
f 1695 1696 1767
f 1696 1768 1767
f 1696 1697 1768
f 1697 1769 1768
f 1697 1698 1769
f 1698 1770 1769
f 1698 1699 1770
f 1699 1771 1770
f 1699 1700 1771
f 1700 1772 1771
f 1700 1701 1772
f 1701 1773 1772
f 1701 1702 1773
f 1702 1774 1773
f 1702 1703 1774
f 1703 1775 1774
f 1703 1704 1775
f 1704 1776 1775
f 1704 1705 1776
f 1705 1777 1776
f 1705 1706 1777
f 1706 1778 1777
f 1706 1707 1778
f 1707 1779 1778
f 1707 1708 1779
f 1708 1780 1779
f 1708 1709 1780
f 1709 1781 1780
f 1709 1710 1781
f 1710 1782 1781
f 1710 1711 1782
f 1711 1783 1782
f 1711 1712 1783
f 1712 1784 1783
f 1712 1713 1784
f 1713 1785 1784
f 1713 1714 1785
f 1714 1786 1785
f 1714 1715 1786
f 1715 1787 1786
f 1715 1716 1787
f 1716 1788 1787
f 1716 1717 1788
f 1717 1789 1788
f 1717 1718 1789
f 1718 1790 1789
f 1718 1719 1790
f 1719 1791 1790
f 1719 1720 1791
f 1720 1792 1791
f 1720 1721 1792
f 1721 1793 1792
f 1721 1722 1793
f 1722 1794 1793
f 1722 1723 1794
f 1723 1795 1794
f 1723 1724 1795
f 1724 1796 1795
f 1724 1725 1796
f 1725 1797 1796
f 1725 1726 1797
f 1726 1798 1797
f 1726 1727 1798
f 1727 1799 1798
f 1727 1728 1799
f 1728 1800 1799
f 1728 1657 1800
f 1657 1729 1800
f 1729 1730 1801
f 1730 1802 1801
f 1730 1731 1802
f 1731 1803 1802
f 1731 1732 1803
f 1732 1804 1803
f 1732 1733 1804
f 1733 1805 1804
f 1733 1734 1805
f 1734 1806 1805
f 1734 1735 1806
f 1735 1807 1806
f 1735 1736 1807
f 1736 1808 1807
f 1736 1737 1808
f 1737 1809 1808
f 1737 1738 1809
f 1738 1810 1809
f 1738 1739 1810
f 1739 1811 1810
f 1739 1740 1811
f 1740 1812 1811
f 1740 1741 1812
f 1741 1813 1812
f 1741 1742 1813
f 1742 1814 1813
f 1742 1743 1814
f 1743 1815 1814
f 1743 1744 1815
f 1744 1816 1815
f 1744 1745 1816
f 1745 1817 1816
f 1745 1746 1817
f 1746 1818 1817
f 1746 1747 1818
f 1747 1819 1818
f 1747 1748 1819
f 1748 1820 1819
f 1748 1749 1820
f 1749 1821 1820
f 1749 1750 1821
f 1750 1822 1821
f 1750 1751 1822
f 1751 1823 1822
f 1751 1752 1823
f 1752 1824 1823
f 1752 1753 1824
f 1753 1825 1824
f 1753 1754 1825
f 1754 1826 1825
f 1754 1755 1826
f 1755 1827 1826
f 1755 1756 1827
f 1756 1828 1827
f 1756 1757 1828
f 1757 1829 1828
f 1757 1758 1829
f 1758 1830 1829
f 1758 1759 1830
f 1759 1831 1830
f 1759 1760 1831
f 1760 1832 1831
f 1760 1761 1832
f 1761 1833 1832
f 1761 1762 1833
f 1762 1834 1833
f 1762 1763 1834
f 1763 1835 1834
f 1763 1764 1835
f 1764 1836 1835
f 1764 1765 1836
f 1765 1837 1836
f 1765 1766 1837
f 1766 1838 1837
f 1766 1767 1838
f 1767 1839 1838
f 1767 1768 1839
f 1768 1840 1839
f 1768 1769 1840
f 1769 1841 1840
f 1769 1770 1841
f 1770 1842 1841
f 1770 1771 1842
f 1771 1843 1842
f 1771 1772 1843
f 1772 1844 1843
f 1772 1773 1844
f 1773 1845 1844
f 1773 1774 1845
f 1774 1846 1845
f 1774 1775 1846
f 1775 1847 1846
f 1775 1776 1847
f 1776 1848 1847
f 1776 1777 1848
f 1777 1849 1848
f 1777 1778 1849
f 1778 1850 1849
f 1778 1779 1850
f 1779 1851 1850
f 1779 1780 1851
f 1780 1852 1851
f 1780 1781 1852
f 1781 1853 1852
f 1781 1782 1853
f 1782 1854 1853
f 1782 1783 1854
f 1783 1855 1854
f 1783 1784 1855
f 1784 1856 1855
f 1784 1785 1856
f 1785 1857 1856
f 1785 1786 1857
f 1786 1858 1857
f 1786 1787 1858
f 1787 1859 1858
f 1787 1788 1859
f 1788 1860 1859
f 1788 1789 1860
f 1789 1861 1860
f 1789 1790 1861
f 1790 1862 1861
f 1790 1791 1862
f 1791 1863 1862
f 1791 1792 1863
f 1792 1864 1863
f 1792 1793 1864
f 1793 1865 1864
f 1793 1794 1865
f 1794 1866 1865
f 1794 1795 1866
f 1795 1867 1866
f 1795 1796 1867
f 1796 1868 1867
f 1796 1797 1868
f 1797 1869 1868
f 1797 1798 1869
f 1798 1870 1869
f 1798 1799 1870
f 1799 1871 1870
f 1799 1800 1871
f 1800 1872 1871
f 1800 1729 1872
f 1729 1801 1872
f 1801 1802 1873
f 1802 1874 1873
f 1802 1803 1874
f 1803 1875 1874
f 1803 1804 1875
f 1804 1876 1875
f 1804 1805 1876
f 1805 1877 1876
f 1805 1806 1877
f 1806 1878 1877
f 1806 1807 1878
f 1807 1879 1878
f 1807 1808 1879
f 1808 1880 1879
f 1808 1809 1880
f 1809 1881 1880
f 1809 1810 1881
f 1810 1882 1881
f 1810 1811 1882
f 1811 1883 1882
f 1811 1812 1883
f 1812 1884 1883
f 1812 1813 1884
f 1813 1885 1884
f 1813 1814 1885
f 1814 1886 1885
f 1814 1815 1886
f 1815 1887 1886
f 1815 1816 1887
f 1816 1888 1887
f 1816 1817 1888
f 1817 1889 1888
f 1817 1818 1889
f 1818 1890 1889
f 1818 1819 1890
f 1819 1891 1890
f 1819 1820 1891
f 1820 1892 1891
f 1820 1821 1892
f 1821 1893 1892
f 1821 1822 1893
f 1822 1894 1893
f 1822 1823 1894
f 1823 1895 1894
f 1823 1824 1895
f 1824 1896 1895
f 1824 1825 1896
f 1825 1897 1896
f 1825 1826 1897
f 1826 1898 1897
f 1826 1827 1898
f 1827 1899 1898
f 1827 1828 1899
f 1828 1900 1899
f 1828 1829 1900
f 1829 1901 1900
f 1829 1830 1901
f 1830 1902 1901
f 1830 1831 1902
f 1831 1903 1902
f 1831 1832 1903
f 1832 1904 1903
f 1832 1833 1904
f 1833 1905 1904
f 1833 1834 1905
f 1834 1906 1905
f 1834 1835 1906
f 1835 1907 1906
f 1835 1836 1907
f 1836 1908 1907
f 1836 1837 1908
f 1837 1909 1908
f 1837 1838 1909
f 1838 1910 1909
f 1838 1839 1910
f 1839 1911 1910
f 1839 1840 1911
f 1840 1912 1911
f 1840 1841 1912
f 1841 1913 1912
f 1841 1842 1913
f 1842 1914 1913
f 1842 1843 1914
f 1843 1915 1914
f 1843 1844 1915
f 1844 1916 1915
f 1844 1845 1916
f 1845 1917 1916
f 1845 1846 1917
f 1846 1918 1917
f 1846 1847 1918
f 1847 1919 1918
f 1847 1848 1919
f 1848 1920 1919
f 1848 1849 1920
f 1849 1921 1920
f 1849 1850 1921
f 1850 1922 1921
f 1850 1851 1922
f 1851 1923 1922
f 1851 1852 1923
f 1852 1924 1923
f 1852 1853 1924
f 1853 1925 1924
f 1853 1854 1925
f 1854 1926 1925
f 1854 1855 1926
f 1855 1927 1926
f 1855 1856 1927
f 1856 1928 1927
f 1856 1857 1928
f 1857 1929 1928
f 1857 1858 1929
f 1858 1930 1929
f 1858 1859 1930
f 1859 1931 1930
f 1859 1860 1931
f 1860 1932 1931
f 1860 1861 1932
f 1861 1933 1932
f 1861 1862 1933
f 1862 1934 1933
f 1862 1863 1934
f 1863 1935 1934
f 1863 1864 1935
f 1864 1936 1935
f 1864 1865 1936
f 1865 1937 1936
f 1865 1866 1937
f 1866 1938 1937
f 1866 1867 1938
f 1867 1939 1938
f 1867 1868 1939
f 1868 1940 1939
f 1868 1869 1940
f 1869 1941 1940
f 1869 1870 1941
f 1870 1942 1941
f 1870 1871 1942
f 1871 1943 1942
f 1871 1872 1943
f 1872 1944 1943
f 1872 1801 1944
f 1801 1873 1944
f 1873 1874 1945
f 1874 1946 1945
f 1874 1875 1946
f 1875 1947 1946
f 1875 1876 1947
f 1876 1948 1947
f 1876 1877 1948
f 1877 1949 1948
f 1877 1878 1949
f 1878 1950 1949
f 1878 1879 1950
f 1879 1951 1950
f 1879 1880 1951
f 1880 1952 1951
f 1880 1881 1952
f 1881 1953 1952
f 1881 1882 1953
f 1882 1954 1953
f 1882 1883 1954
f 1883 1955 1954
f 1883 1884 1955
f 1884 1956 1955
f 1884 1885 1956
f 1885 1957 1956
f 1885 1886 1957
f 1886 1958 1957
f 1886 1887 1958
f 1887 1959 1958
f 1887 1888 1959
f 1888 1960 1959
f 1888 1889 1960
f 1889 1961 1960
f 1889 1890 1961
f 1890 1962 1961
f 1890 1891 1962
f 1891 1963 1962
f 1891 1892 1963
f 1892 1964 1963
f 1892 1893 1964
f 1893 1965 1964
f 1893 1894 1965
f 1894 1966 1965
f 1894 1895 1966
f 1895 1967 1966
f 1895 1896 1967
f 1896 1968 1967
f 1896 1897 1968
f 1897 1969 1968
f 1897 1898 1969
f 1898 1970 1969
f 1898 1899 1970
f 1899 1971 1970
f 1899 1900 1971
f 1900 1972 1971
f 1900 1901 1972
f 1901 1973 1972
f 1901 1902 1973
f 1902 1974 1973
f 1902 1903 1974
f 1903 1975 1974
f 1903 1904 1975
f 1904 1976 1975
f 1904 1905 1976
f 1905 1977 1976
f 1905 1906 1977
f 1906 1978 1977
f 1906 1907 1978
f 1907 1979 1978
f 1907 1908 1979
f 1908 1980 1979
f 1908 1909 1980
f 1909 1981 1980
f 1909 1910 1981
f 1910 1982 1981
f 1910 1911 1982
f 1911 1983 1982
f 1911 1912 1983
f 1912 1984 1983
f 1912 1913 1984
f 1913 1985 1984
f 1913 1914 1985
f 1914 1986 1985
f 1914 1915 1986
f 1915 1987 1986
f 1915 1916 1987
f 1916 1988 1987
f 1916 1917 1988
f 1917 1989 1988
f 1917 1918 1989
f 1918 1990 1989
f 1918 1919 1990
f 1919 1991 1990
f 1919 1920 1991
f 1920 1992 1991
f 1920 1921 1992
f 1921 1993 1992
f 1921 1922 1993
f 1922 1994 1993
f 1922 1923 1994
f 1923 1995 1994
f 1923 1924 1995
f 1924 1996 1995
f 1924 1925 1996
f 1925 1997 1996
f 1925 1926 1997
f 1926 1998 1997
f 1926 1927 1998
f 1927 1999 1998
f 1927 1928 1999
f 1928 2000 1999
f 1928 1929 2000
f 1929 2001 2000
f 1929 1930 2001
f 1930 2002 2001
f 1930 1931 2002
f 1931 2003 2002
f 1931 1932 2003
f 1932 2004 2003
f 1932 1933 2004
f 1933 2005 2004
f 1933 1934 2005
f 1934 2006 2005
f 1934 1935 2006
f 1935 2007 2006
f 1935 1936 2007
f 1936 2008 2007
f 1936 1937 2008
f 1937 2009 2008
f 1937 1938 2009
f 1938 2010 2009
f 1938 1939 2010
f 1939 2011 2010
f 1939 1940 2011
f 1940 2012 2011
f 1940 1941 2012
f 1941 2013 2012
f 1941 1942 2013
f 1942 2014 2013
f 1942 1943 2014
f 1943 2015 2014
f 1943 1944 2015
f 1944 2016 2015
f 1944 1873 2016
f 1873 1945 2016
f 1945 1946 2017
f 1946 2018 2017
f 1946 1947 2018
f 1947 2019 2018
f 1947 1948 2019
f 1948 2020 2019
f 1948 1949 2020
f 1949 2021 2020
f 1949 1950 2021
f 1950 2022 2021
f 1950 1951 2022
f 1951 2023 2022
f 1951 1952 2023
f 1952 2024 2023
f 1952 1953 2024
f 1953 2025 2024
f 1953 1954 2025
f 1954 2026 2025
f 1954 1955 2026
f 1955 2027 2026
f 1955 1956 2027
f 1956 2028 2027
f 1956 1957 2028
f 1957 2029 2028
f 1957 1958 2029
f 1958 2030 2029
f 1958 1959 2030
f 1959 2031 2030
f 1959 1960 2031
f 1960 2032 2031
f 1960 1961 2032
f 1961 2033 2032
f 1961 1962 2033
f 1962 2034 2033
f 1962 1963 2034
f 1963 2035 2034
f 1963 1964 2035
f 1964 2036 2035
f 1964 1965 2036
f 1965 2037 2036
f 1965 1966 2037
f 1966 2038 2037
f 1966 1967 2038
f 1967 2039 2038
f 1967 1968 2039
f 1968 2040 2039
f 1968 1969 2040
f 1969 2041 2040
f 1969 1970 2041
f 1970 2042 2041
f 1970 1971 2042
f 1971 2043 2042
f 1971 1972 2043
f 1972 2044 2043
f 1972 1973 2044
f 1973 2045 2044
f 1973 1974 2045
f 1974 2046 2045
f 1974 1975 2046
f 1975 2047 2046
f 1975 1976 2047
f 1976 2048 2047
f 1976 1977 2048
f 1977 2049 2048
f 1977 1978 2049
f 1978 2050 2049
f 1978 1979 2050
f 1979 2051 2050
f 1979 1980 2051
f 1980 2052 2051
f 1980 1981 2052
f 1981 2053 2052
f 1981 1982 2053
f 1982 2054 2053
f 1982 1983 2054
f 1983 2055 2054
f 1983 1984 2055
f 1984 2056 2055
f 1984 1985 2056
f 1985 2057 2056
f 1985 1986 2057
f 1986 2058 2057
f 1986 1987 2058
f 1987 2059 2058
f 1987 1988 2059
f 1988 2060 2059
f 1988 1989 2060
f 1989 2061 2060
f 1989 1990 2061
f 1990 2062 2061
f 1990 1991 2062
f 1991 2063 2062
f 1991 1992 2063
f 1992 2064 2063
f 1992 1993 2064
f 1993 2065 2064
f 1993 1994 2065
f 1994 2066 2065
f 1994 1995 2066
f 1995 2067 2066
f 1995 1996 2067
f 1996 2068 2067
f 1996 1997 2068
f 1997 2069 2068
f 1997 1998 2069
f 1998 2070 2069
f 1998 1999 2070
f 1999 2071 2070
f 1999 2000 2071
f 2000 2072 2071
f 2000 2001 2072
f 2001 2073 2072
f 2001 2002 2073
f 2002 2074 2073
f 2002 2003 2074
f 2003 2075 2074
f 2003 2004 2075
f 2004 2076 2075
f 2004 2005 2076
f 2005 2077 2076
f 2005 2006 2077
f 2006 2078 2077
f 2006 2007 2078
f 2007 2079 2078
f 2007 2008 2079
f 2008 2080 2079
f 2008 2009 2080
f 2009 2081 2080
f 2009 2010 2081
f 2010 2082 2081
f 2010 2011 2082
f 2011 2083 2082
f 2011 2012 2083
f 2012 2084 2083
f 2012 2013 2084
f 2013 2085 2084
f 2013 2014 2085
f 2014 2086 2085
f 2014 2015 2086
f 2015 2087 2086
f 2015 2016 2087
f 2016 2088 2087
f 2016 1945 2088
f 1945 2017 2088
f 2017 2018 2089
f 2018 2090 2089
f 2018 2019 2090
f 2019 2091 2090
f 2019 2020 2091
f 2020 2092 2091
f 2020 2021 2092
f 2021 2093 2092
f 2021 2022 2093
f 2022 2094 2093
f 2022 2023 2094
f 2023 2095 2094
f 2023 2024 2095
f 2024 2096 2095
f 2024 2025 2096
f 2025 2097 2096
f 2025 2026 2097
f 2026 2098 2097
f 2026 2027 2098
f 2027 2099 2098
f 2027 2028 2099
f 2028 2100 2099
f 2028 2029 2100
f 2029 2101 2100
f 2029 2030 2101
f 2030 2102 2101
f 2030 2031 2102
f 2031 2103 2102
f 2031 2032 2103
f 2032 2104 2103
f 2032 2033 2104
f 2033 2105 2104
f 2033 2034 2105
f 2034 2106 2105
f 2034 2035 2106
f 2035 2107 2106
f 2035 2036 2107
f 2036 2108 2107
f 2036 2037 2108
f 2037 2109 2108
f 2037 2038 2109
f 2038 2110 2109
f 2038 2039 2110
f 2039 2111 2110
f 2039 2040 2111
f 2040 2112 2111
f 2040 2041 2112
f 2041 2113 2112
f 2041 2042 2113
f 2042 2114 2113
f 2042 2043 2114
f 2043 2115 2114
f 2043 2044 2115
f 2044 2116 2115
f 2044 2045 2116
f 2045 2117 2116
f 2045 2046 2117
f 2046 2118 2117
f 2046 2047 2118
f 2047 2119 2118
f 2047 2048 2119
f 2048 2120 2119
f 2048 2049 2120
f 2049 2121 2120
f 2049 2050 2121
f 2050 2122 2121
f 2050 2051 2122
f 2051 2123 2122
f 2051 2052 2123
f 2052 2124 2123
f 2052 2053 2124
f 2053 2125 2124
f 2053 2054 2125
f 2054 2126 2125
f 2054 2055 2126
f 2055 2127 2126
f 2055 2056 2127
f 2056 2128 2127
f 2056 2057 2128
f 2057 2129 2128
f 2057 2058 2129
f 2058 2130 2129
f 2058 2059 2130
f 2059 2131 2130
f 2059 2060 2131
f 2060 2132 2131
f 2060 2061 2132
f 2061 2133 2132
f 2061 2062 2133
f 2062 2134 2133
f 2062 2063 2134
f 2063 2135 2134
f 2063 2064 2135
f 2064 2136 2135
f 2064 2065 2136
f 2065 2137 2136
f 2065 2066 2137
f 2066 2138 2137
f 2066 2067 2138
f 2067 2139 2138
f 2067 2068 2139
f 2068 2140 2139
f 2068 2069 2140
f 2069 2141 2140
f 2069 2070 2141
f 2070 2142 2141
f 2070 2071 2142
f 2071 2143 2142
f 2071 2072 2143
f 2072 2144 2143
f 2072 2073 2144
f 2073 2145 2144
f 2073 2074 2145
f 2074 2146 2145
f 2074 2075 2146
f 2075 2147 2146
f 2075 2076 2147
f 2076 2148 2147
f 2076 2077 2148
f 2077 2149 2148
f 2077 2078 2149
f 2078 2150 2149
f 2078 2079 2150
f 2079 2151 2150
f 2079 2080 2151
f 2080 2152 2151
f 2080 2081 2152
f 2081 2153 2152
f 2081 2082 2153
f 2082 2154 2153
f 2082 2083 2154
f 2083 2155 2154
f 2083 2084 2155
f 2084 2156 2155
f 2084 2085 2156
f 2085 2157 2156
f 2085 2086 2157
f 2086 2158 2157
f 2086 2087 2158
f 2087 2159 2158
f 2087 2088 2159
f 2088 2160 2159
f 2088 2017 2160
f 2017 2089 2160
f 2089 2090 2161
f 2090 2162 2161
f 2090 2091 2162
f 2091 2163 2162
f 2091 2092 2163
f 2092 2164 2163
f 2092 2093 2164
f 2093 2165 2164
f 2093 2094 2165
f 2094 2166 2165
f 2094 2095 2166
f 2095 2167 2166
f 2095 2096 2167
f 2096 2168 2167
f 2096 2097 2168
f 2097 2169 2168
f 2097 2098 2169
f 2098 2170 2169
f 2098 2099 2170
f 2099 2171 2170
f 2099 2100 2171
f 2100 2172 2171
f 2100 2101 2172
f 2101 2173 2172
f 2101 2102 2173
f 2102 2174 2173
f 2102 2103 2174
f 2103 2175 2174
f 2103 2104 2175
f 2104 2176 2175
f 2104 2105 2176
f 2105 2177 2176
f 2105 2106 2177
f 2106 2178 2177
f 2106 2107 2178
f 2107 2179 2178
f 2107 2108 2179
f 2108 2180 2179
f 2108 2109 2180
f 2109 2181 2180
f 2109 2110 2181
f 2110 2182 2181
f 2110 2111 2182
f 2111 2183 2182
f 2111 2112 2183
f 2112 2184 2183
f 2112 2113 2184
f 2113 2185 2184
f 2113 2114 2185
f 2114 2186 2185
f 2114 2115 2186
f 2115 2187 2186
f 2115 2116 2187
f 2116 2188 2187
f 2116 2117 2188
f 2117 2189 2188
f 2117 2118 2189
f 2118 2190 2189
f 2118 2119 2190
f 2119 2191 2190
f 2119 2120 2191
f 2120 2192 2191
f 2120 2121 2192
f 2121 2193 2192
f 2121 2122 2193
f 2122 2194 2193
f 2122 2123 2194
f 2123 2195 2194
f 2123 2124 2195
f 2124 2196 2195
f 2124 2125 2196
f 2125 2197 2196
f 2125 2126 2197
f 2126 2198 2197
f 2126 2127 2198
f 2127 2199 2198
f 2127 2128 2199
f 2128 2200 2199
f 2128 2129 2200
f 2129 2201 2200
f 2129 2130 2201
f 2130 2202 2201
f 2130 2131 2202
f 2131 2203 2202
f 2131 2132 2203
f 2132 2204 2203
f 2132 2133 2204
f 2133 2205 2204
f 2133 2134 2205
f 2134 2206 2205
f 2134 2135 2206
f 2135 2207 2206
f 2135 2136 2207
f 2136 2208 2207
f 2136 2137 2208
f 2137 2209 2208
f 2137 2138 2209
f 2138 2210 2209
f 2138 2139 2210
f 2139 2211 2210
f 2139 2140 2211
f 2140 2212 2211
f 2140 2141 2212
f 2141 2213 2212
f 2141 2142 2213
f 2142 2214 2213
f 2142 2143 2214
f 2143 2215 2214
f 2143 2144 2215
f 2144 2216 2215
f 2144 2145 2216
f 2145 2217 2216
f 2145 2146 2217
f 2146 2218 2217
f 2146 2147 2218
f 2147 2219 2218
f 2147 2148 2219
f 2148 2220 2219
f 2148 2149 2220
f 2149 2221 2220
f 2149 2150 2221
f 2150 2222 2221
f 2150 2151 2222
f 2151 2223 2222
f 2151 2152 2223
f 2152 2224 2223
f 2152 2153 2224
f 2153 2225 2224
f 2153 2154 2225
f 2154 2226 2225
f 2154 2155 2226
f 2155 2227 2226
f 2155 2156 2227
f 2156 2228 2227
f 2156 2157 2228
f 2157 2229 2228
f 2157 2158 2229
f 2158 2230 2229
f 2158 2159 2230
f 2159 2231 2230
f 2159 2160 2231
f 2160 2232 2231
f 2160 2089 2232
f 2089 2161 2232
f 2161 2162 2233
f 2162 2234 2233
f 2162 2163 2234
f 2163 2235 2234
f 2163 2164 2235
f 2164 2236 2235
f 2164 2165 2236
f 2165 2237 2236
f 2165 2166 2237
f 2166 2238 2237
f 2166 2167 2238
f 2167 2239 2238
f 2167 2168 2239
f 2168 2240 2239
f 2168 2169 2240
f 2169 2241 2240
f 2169 2170 2241
f 2170 2242 2241
f 2170 2171 2242
f 2171 2243 2242
f 2171 2172 2243
f 2172 2244 2243
f 2172 2173 2244
f 2173 2245 2244
f 2173 2174 2245
f 2174 2246 2245
f 2174 2175 2246
f 2175 2247 2246
f 2175 2176 2247
f 2176 2248 2247
f 2176 2177 2248
f 2177 2249 2248
f 2177 2178 2249
f 2178 2250 2249
f 2178 2179 2250
f 2179 2251 2250
f 2179 2180 2251
f 2180 2252 2251
f 2180 2181 2252
f 2181 2253 2252
f 2181 2182 2253
f 2182 2254 2253
f 2182 2183 2254
f 2183 2255 2254
f 2183 2184 2255
f 2184 2256 2255
f 2184 2185 2256
f 2185 2257 2256
f 2185 2186 2257
f 2186 2258 2257
f 2186 2187 2258
f 2187 2259 2258
f 2187 2188 2259
f 2188 2260 2259
f 2188 2189 2260
f 2189 2261 2260
f 2189 2190 2261
f 2190 2262 2261
f 2190 2191 2262
f 2191 2263 2262
f 2191 2192 2263
f 2192 2264 2263
f 2192 2193 2264
f 2193 2265 2264
f 2193 2194 2265
f 2194 2266 2265
f 2194 2195 2266
f 2195 2267 2266
f 2195 2196 2267
f 2196 2268 2267
f 2196 2197 2268
f 2197 2269 2268
f 2197 2198 2269
f 2198 2270 2269
f 2198 2199 2270
f 2199 2271 2270
f 2199 2200 2271
f 2200 2272 2271
f 2200 2201 2272
f 2201 2273 2272
f 2201 2202 2273
f 2202 2274 2273
f 2202 2203 2274
f 2203 2275 2274
f 2203 2204 2275
f 2204 2276 2275
f 2204 2205 2276
f 2205 2277 2276
f 2205 2206 2277
f 2206 2278 2277
f 2206 2207 2278
f 2207 2279 2278
f 2207 2208 2279
f 2208 2280 2279
f 2208 2209 2280
f 2209 2281 2280
f 2209 2210 2281
f 2210 2282 2281
f 2210 2211 2282
f 2211 2283 2282
f 2211 2212 2283
f 2212 2284 2283
f 2212 2213 2284
f 2213 2285 2284
f 2213 2214 2285
f 2214 2286 2285
f 2214 2215 2286
f 2215 2287 2286
f 2215 2216 2287
f 2216 2288 2287
f 2216 2217 2288
f 2217 2289 2288
f 2217 2218 2289
f 2218 2290 2289
f 2218 2219 2290
f 2219 2291 2290
f 2219 2220 2291
f 2220 2292 2291
f 2220 2221 2292
f 2221 2293 2292
f 2221 2222 2293
f 2222 2294 2293
f 2222 2223 2294
f 2223 2295 2294
f 2223 2224 2295
f 2224 2296 2295
f 2224 2225 2296
f 2225 2297 2296
f 2225 2226 2297
f 2226 2298 2297
f 2226 2227 2298
f 2227 2299 2298
f 2227 2228 2299
f 2228 2300 2299
f 2228 2229 2300
f 2229 2301 2300
f 2229 2230 2301
f 2230 2302 2301
f 2230 2231 2302
f 2231 2303 2302
f 2231 2232 2303
f 2232 2304 2303
f 2232 2161 2304
f 2161 2233 2304
f 2233 2234 2305
f 2234 2306 2305
f 2234 2235 2306
f 2235 2307 2306
f 2235 2236 2307
f 2236 2308 2307
f 2236 2237 2308
f 2237 2309 2308
f 2237 2238 2309
f 2238 2310 2309
f 2238 2239 2310
f 2239 2311 2310
f 2239 2240 2311
f 2240 2312 2311
f 2240 2241 2312
f 2241 2313 2312
f 2241 2242 2313
f 2242 2314 2313
f 2242 2243 2314
f 2243 2315 2314
f 2243 2244 2315
f 2244 2316 2315
f 2244 2245 2316
f 2245 2317 2316
f 2245 2246 2317
f 2246 2318 2317
f 2246 2247 2318
f 2247 2319 2318
f 2247 2248 2319
f 2248 2320 2319
f 2248 2249 2320
f 2249 2321 2320
f 2249 2250 2321
f 2250 2322 2321
f 2250 2251 2322
f 2251 2323 2322
f 2251 2252 2323
f 2252 2324 2323
f 2252 2253 2324
f 2253 2325 2324
f 2253 2254 2325
f 2254 2326 2325
f 2254 2255 2326
f 2255 2327 2326
f 2255 2256 2327
f 2256 2328 2327
f 2256 2257 2328
f 2257 2329 2328
f 2257 2258 2329
f 2258 2330 2329
f 2258 2259 2330
f 2259 2331 2330
f 2259 2260 2331
f 2260 2332 2331
f 2260 2261 2332
f 2261 2333 2332
f 2261 2262 2333
f 2262 2334 2333
f 2262 2263 2334
f 2263 2335 2334
f 2263 2264 2335
f 2264 2336 2335
f 2264 2265 2336
f 2265 2337 2336
f 2265 2266 2337
f 2266 2338 2337
f 2266 2267 2338
f 2267 2339 2338
f 2267 2268 2339
f 2268 2340 2339
f 2268 2269 2340
f 2269 2341 2340
f 2269 2270 2341
f 2270 2342 2341
f 2270 2271 2342
f 2271 2343 2342
f 2271 2272 2343
f 2272 2344 2343
f 2272 2273 2344
f 2273 2345 2344
f 2273 2274 2345
f 2274 2346 2345
f 2274 2275 2346
f 2275 2347 2346
f 2275 2276 2347
f 2276 2348 2347
f 2276 2277 2348
f 2277 2349 2348
f 2277 2278 2349
f 2278 2350 2349
f 2278 2279 2350
f 2279 2351 2350
f 2279 2280 2351
f 2280 2352 2351
f 2280 2281 2352
f 2281 2353 2352
f 2281 2282 2353
f 2282 2354 2353
f 2282 2283 2354
f 2283 2355 2354
f 2283 2284 2355
f 2284 2356 2355
f 2284 2285 2356
f 2285 2357 2356
f 2285 2286 2357
f 2286 2358 2357
f 2286 2287 2358
f 2287 2359 2358
f 2287 2288 2359
f 2288 2360 2359
f 2288 2289 2360
f 2289 2361 2360
f 2289 2290 2361
f 2290 2362 2361
f 2290 2291 2362
f 2291 2363 2362
f 2291 2292 2363
f 2292 2364 2363
f 2292 2293 2364
f 2293 2365 2364
f 2293 2294 2365
f 2294 2366 2365
f 2294 2295 2366
f 2295 2367 2366
f 2295 2296 2367
f 2296 2368 2367
f 2296 2297 2368
f 2297 2369 2368
f 2297 2298 2369
f 2298 2370 2369
f 2298 2299 2370
f 2299 2371 2370
f 2299 2300 2371
f 2300 2372 2371
f 2300 2301 2372
f 2301 2373 2372
f 2301 2302 2373
f 2302 2374 2373
f 2302 2303 2374
f 2303 2375 2374
f 2303 2304 2375
f 2304 2376 2375
f 2304 2233 2376
f 2233 2305 2376
f 2305 2306 2377
f 2306 2378 2377
f 2306 2307 2378
f 2307 2379 2378
f 2307 2308 2379
f 2308 2380 2379
f 2308 2309 2380
f 2309 2381 2380
f 2309 2310 2381
f 2310 2382 2381
f 2310 2311 2382
f 2311 2383 2382
f 2311 2312 2383
f 2312 2384 2383
f 2312 2313 2384
f 2313 2385 2384
f 2313 2314 2385
f 2314 2386 2385
f 2314 2315 2386
f 2315 2387 2386
f 2315 2316 2387
f 2316 2388 2387
f 2316 2317 2388
f 2317 2389 2388
f 2317 2318 2389
f 2318 2390 2389
f 2318 2319 2390
f 2319 2391 2390
f 2319 2320 2391
f 2320 2392 2391
f 2320 2321 2392
f 2321 2393 2392
f 2321 2322 2393
f 2322 2394 2393
f 2322 2323 2394
f 2323 2395 2394
f 2323 2324 2395
f 2324 2396 2395
f 2324 2325 2396
f 2325 2397 2396
f 2325 2326 2397
f 2326 2398 2397
f 2326 2327 2398
f 2327 2399 2398
f 2327 2328 2399
f 2328 2400 2399
f 2328 2329 2400
f 2329 2401 2400
f 2329 2330 2401
f 2330 2402 2401
f 2330 2331 2402
f 2331 2403 2402
f 2331 2332 2403
f 2332 2404 2403
f 2332 2333 2404
f 2333 2405 2404
f 2333 2334 2405
f 2334 2406 2405
f 2334 2335 2406
f 2335 2407 2406
f 2335 2336 2407
f 2336 2408 2407
f 2336 2337 2408
f 2337 2409 2408
f 2337 2338 2409
f 2338 2410 2409
f 2338 2339 2410
f 2339 2411 2410
f 2339 2340 2411
f 2340 2412 2411
f 2340 2341 2412
f 2341 2413 2412
f 2341 2342 2413
f 2342 2414 2413
f 2342 2343 2414
f 2343 2415 2414
f 2343 2344 2415
f 2344 2416 2415
f 2344 2345 2416
f 2345 2417 2416
f 2345 2346 2417
f 2346 2418 2417
f 2346 2347 2418
f 2347 2419 2418
f 2347 2348 2419
f 2348 2420 2419
f 2348 2349 2420
f 2349 2421 2420
f 2349 2350 2421
f 2350 2422 2421
f 2350 2351 2422
f 2351 2423 2422
f 2351 2352 2423
f 2352 2424 2423
f 2352 2353 2424
f 2353 2425 2424
f 2353 2354 2425
f 2354 2426 2425
f 2354 2355 2426
f 2355 2427 2426
f 2355 2356 2427
f 2356 2428 2427
f 2356 2357 2428
f 2357 2429 2428
f 2357 2358 2429
f 2358 2430 2429
f 2358 2359 2430
f 2359 2431 2430
f 2359 2360 2431
f 2360 2432 2431
f 2360 2361 2432
f 2361 2433 2432
f 2361 2362 2433
f 2362 2434 2433
f 2362 2363 2434
f 2363 2435 2434
f 2363 2364 2435
f 2364 2436 2435
f 2364 2365 2436
f 2365 2437 2436
f 2365 2366 2437
f 2366 2438 2437
f 2366 2367 2438
f 2367 2439 2438
f 2367 2368 2439
f 2368 2440 2439
f 2368 2369 2440
f 2369 2441 2440
f 2369 2370 2441
f 2370 2442 2441
f 2370 2371 2442
f 2371 2443 2442
f 2371 2372 2443
f 2372 2444 2443
f 2372 2373 2444
f 2373 2445 2444
f 2373 2374 2445
f 2374 2446 2445
f 2374 2375 2446
f 2375 2447 2446
f 2375 2376 2447
f 2376 2448 2447
f 2376 2305 2448
f 2305 2377 2448
f 2377 2378 2449
f 2378 2450 2449
f 2378 2379 2450
f 2379 2451 2450
f 2379 2380 2451
f 2380 2452 2451
f 2380 2381 2452
f 2381 2453 2452
f 2381 2382 2453
f 2382 2454 2453
f 2382 2383 2454
f 2383 2455 2454
f 2383 2384 2455
f 2384 2456 2455
f 2384 2385 2456
f 2385 2457 2456
f 2385 2386 2457
f 2386 2458 2457
f 2386 2387 2458
f 2387 2459 2458
f 2387 2388 2459
f 2388 2460 2459
f 2388 2389 2460
f 2389 2461 2460
f 2389 2390 2461
f 2390 2462 2461
f 2390 2391 2462
f 2391 2463 2462
f 2391 2392 2463
f 2392 2464 2463
f 2392 2393 2464
f 2393 2465 2464
f 2393 2394 2465
f 2394 2466 2465
f 2394 2395 2466
f 2395 2467 2466
f 2395 2396 2467
f 2396 2468 2467
f 2396 2397 2468
f 2397 2469 2468
f 2397 2398 2469
f 2398 2470 2469
f 2398 2399 2470
f 2399 2471 2470
f 2399 2400 2471
f 2400 2472 2471
f 2400 2401 2472
f 2401 2473 2472
f 2401 2402 2473
f 2402 2474 2473
f 2402 2403 2474
f 2403 2475 2474
f 2403 2404 2475
f 2404 2476 2475
f 2404 2405 2476
f 2405 2477 2476
f 2405 2406 2477
f 2406 2478 2477
f 2406 2407 2478
f 2407 2479 2478
f 2407 2408 2479
f 2408 2480 2479
f 2408 2409 2480
f 2409 2481 2480
f 2409 2410 2481
f 2410 2482 2481
f 2410 2411 2482
f 2411 2483 2482
f 2411 2412 2483
f 2412 2484 2483
f 2412 2413 2484
f 2413 2485 2484
f 2413 2414 2485
f 2414 2486 2485
f 2414 2415 2486
f 2415 2487 2486
f 2415 2416 2487
f 2416 2488 2487
f 2416 2417 2488
f 2417 2489 2488
f 2417 2418 2489
f 2418 2490 2489
f 2418 2419 2490
f 2419 2491 2490
f 2419 2420 2491
f 2420 2492 2491
f 2420 2421 2492
f 2421 2493 2492
f 2421 2422 2493
f 2422 2494 2493
f 2422 2423 2494
f 2423 2495 2494
f 2423 2424 2495
f 2424 2496 2495
f 2424 2425 2496
f 2425 2497 2496
f 2425 2426 2497
f 2426 2498 2497
f 2426 2427 2498
f 2427 2499 2498
f 2427 2428 2499
f 2428 2500 2499
f 2428 2429 2500
f 2429 2501 2500
f 2429 2430 2501
f 2430 2502 2501
f 2430 2431 2502
f 2431 2503 2502
f 2431 2432 2503
f 2432 2504 2503
f 2432 2433 2504
f 2433 2505 2504
f 2433 2434 2505
f 2434 2506 2505
f 2434 2435 2506
f 2435 2507 2506
f 2435 2436 2507
f 2436 2508 2507
f 2436 2437 2508
f 2437 2509 2508
f 2437 2438 2509
f 2438 2510 2509
f 2438 2439 2510
f 2439 2511 2510
f 2439 2440 2511
f 2440 2512 2511
f 2440 2441 2512
f 2441 2513 2512
f 2441 2442 2513
f 2442 2514 2513
f 2442 2443 2514
f 2443 2515 2514
f 2443 2444 2515
f 2444 2516 2515
f 2444 2445 2516
f 2445 2517 2516
f 2445 2446 2517
f 2446 2518 2517
f 2446 2447 2518
f 2447 2519 2518
f 2447 2448 2519
f 2448 2520 2519
f 2448 2377 2520
f 2377 2449 2520
f 2449 2450 2521
f 2450 2522 2521
f 2450 2451 2522
f 2451 2523 2522
f 2451 2452 2523
f 2452 2524 2523
f 2452 2453 2524
f 2453 2525 2524
f 2453 2454 2525
f 2454 2526 2525
f 2454 2455 2526
f 2455 2527 2526
f 2455 2456 2527
f 2456 2528 2527
f 2456 2457 2528
f 2457 2529 2528
f 2457 2458 2529
f 2458 2530 2529
f 2458 2459 2530
f 2459 2531 2530
f 2459 2460 2531
f 2460 2532 2531
f 2460 2461 2532
f 2461 2533 2532
f 2461 2462 2533
f 2462 2534 2533
f 2462 2463 2534
f 2463 2535 2534
f 2463 2464 2535
f 2464 2536 2535
f 2464 2465 2536
f 2465 2537 2536
f 2465 2466 2537
f 2466 2538 2537
f 2466 2467 2538
f 2467 2539 2538
f 2467 2468 2539
f 2468 2540 2539
f 2468 2469 2540
f 2469 2541 2540
f 2469 2470 2541
f 2470 2542 2541
f 2470 2471 2542
f 2471 2543 2542
f 2471 2472 2543
f 2472 2544 2543
f 2472 2473 2544
f 2473 2545 2544
f 2473 2474 2545
f 2474 2546 2545
f 2474 2475 2546
f 2475 2547 2546
f 2475 2476 2547
f 2476 2548 2547
f 2476 2477 2548
f 2477 2549 2548
f 2477 2478 2549
f 2478 2550 2549
f 2478 2479 2550
f 2479 2551 2550
f 2479 2480 2551
f 2480 2552 2551
f 2480 2481 2552
f 2481 2553 2552
f 2481 2482 2553
f 2482 2554 2553
f 2482 2483 2554
f 2483 2555 2554
f 2483 2484 2555
f 2484 2556 2555
f 2484 2485 2556
f 2485 2557 2556
f 2485 2486 2557
f 2486 2558 2557
f 2486 2487 2558
f 2487 2559 2558
f 2487 2488 2559
f 2488 2560 2559
f 2488 2489 2560
f 2489 2561 2560
f 2489 2490 2561
f 2490 2562 2561
f 2490 2491 2562
f 2491 2563 2562
f 2491 2492 2563
f 2492 2564 2563
f 2492 2493 2564
f 2493 2565 2564
f 2493 2494 2565
f 2494 2566 2565
f 2494 2495 2566
f 2495 2567 2566
f 2495 2496 2567
f 2496 2568 2567
f 2496 2497 2568
f 2497 2569 2568
f 2497 2498 2569
f 2498 2570 2569
f 2498 2499 2570
f 2499 2571 2570
f 2499 2500 2571
f 2500 2572 2571
f 2500 2501 2572
f 2501 2573 2572
f 2501 2502 2573
f 2502 2574 2573
f 2502 2503 2574
f 2503 2575 2574
f 2503 2504 2575
f 2504 2576 2575
f 2504 2505 2576
f 2505 2577 2576
f 2505 2506 2577
f 2506 2578 2577
f 2506 2507 2578
f 2507 2579 2578
f 2507 2508 2579
f 2508 2580 2579
f 2508 2509 2580
f 2509 2581 2580
f 2509 2510 2581
f 2510 2582 2581
f 2510 2511 2582
f 2511 2583 2582
f 2511 2512 2583
f 2512 2584 2583
f 2512 2513 2584
f 2513 2585 2584
f 2513 2514 2585
f 2514 2586 2585
f 2514 2515 2586
f 2515 2587 2586
f 2515 2516 2587
f 2516 2588 2587
f 2516 2517 2588
f 2517 2589 2588
f 2517 2518 2589
f 2518 2590 2589
f 2518 2519 2590
f 2519 2591 2590
f 2519 2520 2591
f 2520 2592 2591
f 2520 2449 2592
f 2449 2521 2592
f 2521 2522 2593
f 2522 2594 2593
f 2522 2523 2594
f 2523 2595 2594
f 2523 2524 2595
f 2524 2596 2595
f 2524 2525 2596
f 2525 2597 2596
f 2525 2526 2597
f 2526 2598 2597
f 2526 2527 2598
f 2527 2599 2598
f 2527 2528 2599
f 2528 2600 2599
f 2528 2529 2600
f 2529 2601 2600
f 2529 2530 2601
f 2530 2602 2601
f 2530 2531 2602
f 2531 2603 2602
f 2531 2532 2603
f 2532 2604 2603
f 2532 2533 2604
f 2533 2605 2604
f 2533 2534 2605
f 2534 2606 2605
f 2534 2535 2606
f 2535 2607 2606
f 2535 2536 2607
f 2536 2608 2607
f 2536 2537 2608
f 2537 2609 2608
f 2537 2538 2609
f 2538 2610 2609
f 2538 2539 2610
f 2539 2611 2610
f 2539 2540 2611
f 2540 2612 2611
f 2540 2541 2612
f 2541 2613 2612
f 2541 2542 2613
f 2542 2614 2613
f 2542 2543 2614
f 2543 2615 2614
f 2543 2544 2615
f 2544 2616 2615
f 2544 2545 2616
f 2545 2617 2616
f 2545 2546 2617
f 2546 2618 2617
f 2546 2547 2618
f 2547 2619 2618
f 2547 2548 2619
f 2548 2620 2619
f 2548 2549 2620
f 2549 2621 2620
f 2549 2550 2621
f 2550 2622 2621
f 2550 2551 2622
f 2551 2623 2622
f 2551 2552 2623
f 2552 2624 2623
f 2552 2553 2624
f 2553 2625 2624
f 2553 2554 2625
f 2554 2626 2625
f 2554 2555 2626
f 2555 2627 2626
f 2555 2556 2627
f 2556 2628 2627
f 2556 2557 2628
f 2557 2629 2628
f 2557 2558 2629
f 2558 2630 2629
f 2558 2559 2630
f 2559 2631 2630
f 2559 2560 2631
f 2560 2632 2631
f 2560 2561 2632
f 2561 2633 2632
f 2561 2562 2633
f 2562 2634 2633
f 2562 2563 2634
f 2563 2635 2634
f 2563 2564 2635
f 2564 2636 2635
f 2564 2565 2636
f 2565 2637 2636
f 2565 2566 2637
f 2566 2638 2637
f 2566 2567 2638
f 2567 2639 2638
f 2567 2568 2639
f 2568 2640 2639
f 2568 2569 2640
f 2569 2641 2640
f 2569 2570 2641
f 2570 2642 2641
f 2570 2571 2642
f 2571 2643 2642
f 2571 2572 2643
f 2572 2644 2643
f 2572 2573 2644
f 2573 2645 2644
f 2573 2574 2645
f 2574 2646 2645
f 2574 2575 2646
f 2575 2647 2646
f 2575 2576 2647
f 2576 2648 2647
f 2576 2577 2648
f 2577 2649 2648
f 2577 2578 2649
f 2578 2650 2649
f 2578 2579 2650
f 2579 2651 2650
f 2579 2580 2651
f 2580 2652 2651
f 2580 2581 2652
f 2581 2653 2652
f 2581 2582 2653
f 2582 2654 2653
f 2582 2583 2654
f 2583 2655 2654
f 2583 2584 2655
f 2584 2656 2655
f 2584 2585 2656
f 2585 2657 2656
f 2585 2586 2657
f 2586 2658 2657
f 2586 2587 2658
f 2587 2659 2658
f 2587 2588 2659
f 2588 2660 2659
f 2588 2589 2660
f 2589 2661 2660
f 2589 2590 2661
f 2590 2662 2661
f 2590 2591 2662
f 2591 2663 2662
f 2591 2592 2663
f 2592 2664 2663
f 2592 2521 2664
f 2521 2593 2664
f 2593 2594 2665
f 2594 2666 2665
f 2594 2595 2666
f 2595 2667 2666
f 2595 2596 2667
f 2596 2668 2667
f 2596 2597 2668
f 2597 2669 2668
f 2597 2598 2669
f 2598 2670 2669
f 2598 2599 2670
f 2599 2671 2670
f 2599 2600 2671
f 2600 2672 2671
f 2600 2601 2672
f 2601 2673 2672
f 2601 2602 2673
f 2602 2674 2673
f 2602 2603 2674
f 2603 2675 2674
f 2603 2604 2675
f 2604 2676 2675
f 2604 2605 2676
f 2605 2677 2676
f 2605 2606 2677
f 2606 2678 2677
f 2606 2607 2678
f 2607 2679 2678
f 2607 2608 2679
f 2608 2680 2679
f 2608 2609 2680
f 2609 2681 2680
f 2609 2610 2681
f 2610 2682 2681
f 2610 2611 2682
f 2611 2683 2682
f 2611 2612 2683
f 2612 2684 2683
f 2612 2613 2684
f 2613 2685 2684
f 2613 2614 2685
f 2614 2686 2685
f 2614 2615 2686
f 2615 2687 2686
f 2615 2616 2687
f 2616 2688 2687
f 2616 2617 2688
f 2617 2689 2688
f 2617 2618 2689
f 2618 2690 2689
f 2618 2619 2690
f 2619 2691 2690
f 2619 2620 2691
f 2620 2692 2691
f 2620 2621 2692
f 2621 2693 2692
f 2621 2622 2693
f 2622 2694 2693
f 2622 2623 2694
f 2623 2695 2694
f 2623 2624 2695
f 2624 2696 2695
f 2624 2625 2696
f 2625 2697 2696
f 2625 2626 2697
f 2626 2698 2697
f 2626 2627 2698
f 2627 2699 2698
f 2627 2628 2699
f 2628 2700 2699
f 2628 2629 2700
f 2629 2701 2700
f 2629 2630 2701
f 2630 2702 2701
f 2630 2631 2702
f 2631 2703 2702
f 2631 2632 2703
f 2632 2704 2703
f 2632 2633 2704
f 2633 2705 2704
f 2633 2634 2705
f 2634 2706 2705
f 2634 2635 2706
f 2635 2707 2706
f 2635 2636 2707
f 2636 2708 2707
f 2636 2637 2708
f 2637 2709 2708
f 2637 2638 2709
f 2638 2710 2709
f 2638 2639 2710
f 2639 2711 2710
f 2639 2640 2711
f 2640 2712 2711
f 2640 2641 2712
f 2641 2713 2712
f 2641 2642 2713
f 2642 2714 2713
f 2642 2643 2714
f 2643 2715 2714
f 2643 2644 2715
f 2644 2716 2715
f 2644 2645 2716
f 2645 2717 2716
f 2645 2646 2717
f 2646 2718 2717
f 2646 2647 2718
f 2647 2719 2718
f 2647 2648 2719
f 2648 2720 2719
f 2648 2649 2720
f 2649 2721 2720
f 2649 2650 2721
f 2650 2722 2721
f 2650 2651 2722
f 2651 2723 2722
f 2651 2652 2723
f 2652 2724 2723
f 2652 2653 2724
f 2653 2725 2724
f 2653 2654 2725
f 2654 2726 2725
f 2654 2655 2726
f 2655 2727 2726
f 2655 2656 2727
f 2656 2728 2727
f 2656 2657 2728
f 2657 2729 2728
f 2657 2658 2729
f 2658 2730 2729
f 2658 2659 2730
f 2659 2731 2730
f 2659 2660 2731
f 2660 2732 2731
f 2660 2661 2732
f 2661 2733 2732
f 2661 2662 2733
f 2662 2734 2733
f 2662 2663 2734
f 2663 2735 2734
f 2663 2664 2735
f 2664 2736 2735
f 2664 2593 2736
f 2593 2665 2736
f 2665 2666 2737
f 2666 2738 2737
f 2666 2667 2738
f 2667 2739 2738
f 2667 2668 2739
f 2668 2740 2739
f 2668 2669 2740
f 2669 2741 2740
f 2669 2670 2741
f 2670 2742 2741
f 2670 2671 2742
f 2671 2743 2742
f 2671 2672 2743
f 2672 2744 2743
f 2672 2673 2744
f 2673 2745 2744
f 2673 2674 2745
f 2674 2746 2745
f 2674 2675 2746
f 2675 2747 2746
f 2675 2676 2747
f 2676 2748 2747
f 2676 2677 2748
f 2677 2749 2748
f 2677 2678 2749
f 2678 2750 2749
f 2678 2679 2750
f 2679 2751 2750
f 2679 2680 2751
f 2680 2752 2751
f 2680 2681 2752
f 2681 2753 2752
f 2681 2682 2753
f 2682 2754 2753
f 2682 2683 2754
f 2683 2755 2754
f 2683 2684 2755
f 2684 2756 2755
f 2684 2685 2756
f 2685 2757 2756
f 2685 2686 2757
f 2686 2758 2757
f 2686 2687 2758
f 2687 2759 2758
f 2687 2688 2759
f 2688 2760 2759
f 2688 2689 2760
f 2689 2761 2760
f 2689 2690 2761
f 2690 2762 2761
f 2690 2691 2762
f 2691 2763 2762
f 2691 2692 2763
f 2692 2764 2763
f 2692 2693 2764
f 2693 2765 2764
f 2693 2694 2765
f 2694 2766 2765
f 2694 2695 2766
f 2695 2767 2766
f 2695 2696 2767
f 2696 2768 2767
f 2696 2697 2768
f 2697 2769 2768
f 2697 2698 2769
f 2698 2770 2769
f 2698 2699 2770
f 2699 2771 2770
f 2699 2700 2771
f 2700 2772 2771
f 2700 2701 2772
f 2701 2773 2772
f 2701 2702 2773
f 2702 2774 2773
f 2702 2703 2774
f 2703 2775 2774
f 2703 2704 2775
f 2704 2776 2775
f 2704 2705 2776
f 2705 2777 2776
f 2705 2706 2777
f 2706 2778 2777
f 2706 2707 2778
f 2707 2779 2778
f 2707 2708 2779
f 2708 2780 2779
f 2708 2709 2780
f 2709 2781 2780
f 2709 2710 2781
f 2710 2782 2781
f 2710 2711 2782
f 2711 2783 2782
f 2711 2712 2783
f 2712 2784 2783
f 2712 2713 2784
f 2713 2785 2784
f 2713 2714 2785
f 2714 2786 2785
f 2714 2715 2786
f 2715 2787 2786
f 2715 2716 2787
f 2716 2788 2787
f 2716 2717 2788
f 2717 2789 2788
f 2717 2718 2789
f 2718 2790 2789
f 2718 2719 2790
f 2719 2791 2790
f 2719 2720 2791
f 2720 2792 2791
f 2720 2721 2792
f 2721 2793 2792
f 2721 2722 2793
f 2722 2794 2793
f 2722 2723 2794
f 2723 2795 2794
f 2723 2724 2795
f 2724 2796 2795
f 2724 2725 2796
f 2725 2797 2796
f 2725 2726 2797
f 2726 2798 2797
f 2726 2727 2798
f 2727 2799 2798
f 2727 2728 2799
f 2728 2800 2799
f 2728 2729 2800
f 2729 2801 2800
f 2729 2730 2801
f 2730 2802 2801
f 2730 2731 2802
f 2731 2803 2802
f 2731 2732 2803
f 2732 2804 2803
f 2732 2733 2804
f 2733 2805 2804
f 2733 2734 2805
f 2734 2806 2805
f 2734 2735 2806
f 2735 2807 2806
f 2735 2736 2807
f 2736 2808 2807
f 2736 2665 2808
f 2665 2737 2808
f 2737 2738 2809
f 2738 2810 2809
f 2738 2739 2810
f 2739 2811 2810
f 2739 2740 2811
f 2740 2812 2811
f 2740 2741 2812
f 2741 2813 2812
f 2741 2742 2813
f 2742 2814 2813
f 2742 2743 2814
f 2743 2815 2814
f 2743 2744 2815
f 2744 2816 2815
f 2744 2745 2816
f 2745 2817 2816
f 2745 2746 2817
f 2746 2818 2817
f 2746 2747 2818
f 2747 2819 2818
f 2747 2748 2819
f 2748 2820 2819
f 2748 2749 2820
f 2749 2821 2820
f 2749 2750 2821
f 2750 2822 2821
f 2750 2751 2822
f 2751 2823 2822
f 2751 2752 2823
f 2752 2824 2823
f 2752 2753 2824
f 2753 2825 2824
f 2753 2754 2825
f 2754 2826 2825
f 2754 2755 2826
f 2755 2827 2826
f 2755 2756 2827
f 2756 2828 2827
f 2756 2757 2828
f 2757 2829 2828
f 2757 2758 2829
f 2758 2830 2829
f 2758 2759 2830
f 2759 2831 2830
f 2759 2760 2831
f 2760 2832 2831
f 2760 2761 2832
f 2761 2833 2832
f 2761 2762 2833
f 2762 2834 2833
f 2762 2763 2834
f 2763 2835 2834
f 2763 2764 2835
f 2764 2836 2835
f 2764 2765 2836
f 2765 2837 2836
f 2765 2766 2837
f 2766 2838 2837
f 2766 2767 2838
f 2767 2839 2838
f 2767 2768 2839
f 2768 2840 2839
f 2768 2769 2840
f 2769 2841 2840
f 2769 2770 2841
f 2770 2842 2841
f 2770 2771 2842
f 2771 2843 2842
f 2771 2772 2843
f 2772 2844 2843
f 2772 2773 2844
f 2773 2845 2844
f 2773 2774 2845
f 2774 2846 2845
f 2774 2775 2846
f 2775 2847 2846
f 2775 2776 2847
f 2776 2848 2847
f 2776 2777 2848
f 2777 2849 2848
f 2777 2778 2849
f 2778 2850 2849
f 2778 2779 2850
f 2779 2851 2850
f 2779 2780 2851
f 2780 2852 2851
f 2780 2781 2852
f 2781 2853 2852
f 2781 2782 2853
f 2782 2854 2853
f 2782 2783 2854
f 2783 2855 2854
f 2783 2784 2855
f 2784 2856 2855
f 2784 2785 2856
f 2785 2857 2856
f 2785 2786 2857
f 2786 2858 2857
f 2786 2787 2858
f 2787 2859 2858
f 2787 2788 2859
f 2788 2860 2859
f 2788 2789 2860
f 2789 2861 2860
f 2789 2790 2861
f 2790 2862 2861
f 2790 2791 2862
f 2791 2863 2862
f 2791 2792 2863
f 2792 2864 2863
f 2792 2793 2864
f 2793 2865 2864
f 2793 2794 2865
f 2794 2866 2865
f 2794 2795 2866
f 2795 2867 2866
f 2795 2796 2867
f 2796 2868 2867
f 2796 2797 2868
f 2797 2869 2868
f 2797 2798 2869
f 2798 2870 2869
f 2798 2799 2870
f 2799 2871 2870
f 2799 2800 2871
f 2800 2872 2871
f 2800 2801 2872
f 2801 2873 2872
f 2801 2802 2873
f 2802 2874 2873
f 2802 2803 2874
f 2803 2875 2874
f 2803 2804 2875
f 2804 2876 2875
f 2804 2805 2876
f 2805 2877 2876
f 2805 2806 2877
f 2806 2878 2877
f 2806 2807 2878
f 2807 2879 2878
f 2807 2808 2879
f 2808 2880 2879
f 2808 2737 2880
f 2737 2809 2880
f 2809 2810 2881
f 2810 2882 2881
f 2810 2811 2882
f 2811 2883 2882
f 2811 2812 2883
f 2812 2884 2883
f 2812 2813 2884
f 2813 2885 2884
f 2813 2814 2885
f 2814 2886 2885
f 2814 2815 2886
f 2815 2887 2886
f 2815 2816 2887
f 2816 2888 2887
f 2816 2817 2888
f 2817 2889 2888
f 2817 2818 2889
f 2818 2890 2889
f 2818 2819 2890
f 2819 2891 2890
f 2819 2820 2891
f 2820 2892 2891
f 2820 2821 2892
f 2821 2893 2892
f 2821 2822 2893
f 2822 2894 2893
f 2822 2823 2894
f 2823 2895 2894
f 2823 2824 2895
f 2824 2896 2895
f 2824 2825 2896
f 2825 2897 2896
f 2825 2826 2897
f 2826 2898 2897
f 2826 2827 2898
f 2827 2899 2898
f 2827 2828 2899
f 2828 2900 2899
f 2828 2829 2900
f 2829 2901 2900
f 2829 2830 2901
f 2830 2902 2901
f 2830 2831 2902
f 2831 2903 2902
f 2831 2832 2903
f 2832 2904 2903
f 2832 2833 2904
f 2833 2905 2904
f 2833 2834 2905
f 2834 2906 2905
f 2834 2835 2906
f 2835 2907 2906
f 2835 2836 2907
f 2836 2908 2907
f 2836 2837 2908
f 2837 2909 2908
f 2837 2838 2909
f 2838 2910 2909
f 2838 2839 2910
f 2839 2911 2910
f 2839 2840 2911
f 2840 2912 2911
f 2840 2841 2912
f 2841 2913 2912
f 2841 2842 2913
f 2842 2914 2913
f 2842 2843 2914
f 2843 2915 2914
f 2843 2844 2915
f 2844 2916 2915
f 2844 2845 2916
f 2845 2917 2916
f 2845 2846 2917
f 2846 2918 2917
f 2846 2847 2918
f 2847 2919 2918
f 2847 2848 2919
f 2848 2920 2919
f 2848 2849 2920
f 2849 2921 2920
f 2849 2850 2921
f 2850 2922 2921
f 2850 2851 2922
f 2851 2923 2922
f 2851 2852 2923
f 2852 2924 2923
f 2852 2853 2924
f 2853 2925 2924
f 2853 2854 2925
f 2854 2926 2925
f 2854 2855 2926
f 2855 2927 2926
f 2855 2856 2927
f 2856 2928 2927
f 2856 2857 2928
f 2857 2929 2928
f 2857 2858 2929
f 2858 2930 2929
f 2858 2859 2930
f 2859 2931 2930
f 2859 2860 2931
f 2860 2932 2931
f 2860 2861 2932
f 2861 2933 2932
f 2861 2862 2933
f 2862 2934 2933
f 2862 2863 2934
f 2863 2935 2934
f 2863 2864 2935
f 2864 2936 2935
f 2864 2865 2936
f 2865 2937 2936
f 2865 2866 2937
f 2866 2938 2937
f 2866 2867 2938
f 2867 2939 2938
f 2867 2868 2939
f 2868 2940 2939
f 2868 2869 2940
f 2869 2941 2940
f 2869 2870 2941
f 2870 2942 2941
f 2870 2871 2942
f 2871 2943 2942
f 2871 2872 2943
f 2872 2944 2943
f 2872 2873 2944
f 2873 2945 2944
f 2873 2874 2945
f 2874 2946 2945
f 2874 2875 2946
f 2875 2947 2946
f 2875 2876 2947
f 2876 2948 2947
f 2876 2877 2948
f 2877 2949 2948
f 2877 2878 2949
f 2878 2950 2949
f 2878 2879 2950
f 2879 2951 2950
f 2879 2880 2951
f 2880 2952 2951
f 2880 2809 2952
f 2809 2881 2952
f 2881 2882 2953
f 2882 2954 2953
f 2882 2883 2954
f 2883 2955 2954
f 2883 2884 2955
f 2884 2956 2955
f 2884 2885 2956
f 2885 2957 2956
f 2885 2886 2957
f 2886 2958 2957
f 2886 2887 2958
f 2887 2959 2958
f 2887 2888 2959
f 2888 2960 2959
f 2888 2889 2960
f 2889 2961 2960
f 2889 2890 2961
f 2890 2962 2961
f 2890 2891 2962
f 2891 2963 2962
f 2891 2892 2963
f 2892 2964 2963
f 2892 2893 2964
f 2893 2965 2964
f 2893 2894 2965
f 2894 2966 2965
f 2894 2895 2966
f 2895 2967 2966
f 2895 2896 2967
f 2896 2968 2967
f 2896 2897 2968
f 2897 2969 2968
f 2897 2898 2969
f 2898 2970 2969
f 2898 2899 2970
f 2899 2971 2970
f 2899 2900 2971
f 2900 2972 2971
f 2900 2901 2972
f 2901 2973 2972
f 2901 2902 2973
f 2902 2974 2973
f 2902 2903 2974
f 2903 2975 2974
f 2903 2904 2975
f 2904 2976 2975
f 2904 2905 2976
f 2905 2977 2976
f 2905 2906 2977
f 2906 2978 2977
f 2906 2907 2978
f 2907 2979 2978
f 2907 2908 2979
f 2908 2980 2979
f 2908 2909 2980
f 2909 2981 2980
f 2909 2910 2981
f 2910 2982 2981
f 2910 2911 2982
f 2911 2983 2982
f 2911 2912 2983
f 2912 2984 2983
f 2912 2913 2984
f 2913 2985 2984
f 2913 2914 2985
f 2914 2986 2985
f 2914 2915 2986
f 2915 2987 2986
f 2915 2916 2987
f 2916 2988 2987
f 2916 2917 2988
f 2917 2989 2988
f 2917 2918 2989
f 2918 2990 2989
f 2918 2919 2990
f 2919 2991 2990
f 2919 2920 2991
f 2920 2992 2991
f 2920 2921 2992
f 2921 2993 2992
f 2921 2922 2993
f 2922 2994 2993
f 2922 2923 2994
f 2923 2995 2994
f 2923 2924 2995
f 2924 2996 2995
f 2924 2925 2996
f 2925 2997 2996
f 2925 2926 2997
f 2926 2998 2997
f 2926 2927 2998
f 2927 2999 2998
f 2927 2928 2999
f 2928 3000 2999
f 2928 2929 3000
f 2929 3001 3000
f 2929 2930 3001
f 2930 3002 3001
f 2930 2931 3002
f 2931 3003 3002
f 2931 2932 3003
f 2932 3004 3003
f 2932 2933 3004
f 2933 3005 3004
f 2933 2934 3005
f 2934 3006 3005
f 2934 2935 3006
f 2935 3007 3006
f 2935 2936 3007
f 2936 3008 3007
f 2936 2937 3008
f 2937 3009 3008
f 2937 2938 3009
f 2938 3010 3009
f 2938 2939 3010
f 2939 3011 3010
f 2939 2940 3011
f 2940 3012 3011
f 2940 2941 3012
f 2941 3013 3012
f 2941 2942 3013
f 2942 3014 3013
f 2942 2943 3014
f 2943 3015 3014
f 2943 2944 3015
f 2944 3016 3015
f 2944 2945 3016
f 2945 3017 3016
f 2945 2946 3017
f 2946 3018 3017
f 2946 2947 3018
f 2947 3019 3018
f 2947 2948 3019
f 2948 3020 3019
f 2948 2949 3020
f 2949 3021 3020
f 2949 2950 3021
f 2950 3022 3021
f 2950 2951 3022
f 2951 3023 3022
f 2951 2952 3023
f 2952 3024 3023
f 2952 2881 3024
f 2881 2953 3024
f 2953 2954 3025
f 2954 3026 3025
f 2954 2955 3026
f 2955 3027 3026
f 2955 2956 3027
f 2956 3028 3027
f 2956 2957 3028
f 2957 3029 3028
f 2957 2958 3029
f 2958 3030 3029
f 2958 2959 3030
f 2959 3031 3030
f 2959 2960 3031
f 2960 3032 3031
f 2960 2961 3032
f 2961 3033 3032
f 2961 2962 3033
f 2962 3034 3033
f 2962 2963 3034
f 2963 3035 3034
f 2963 2964 3035
f 2964 3036 3035
f 2964 2965 3036
f 2965 3037 3036
f 2965 2966 3037
f 2966 3038 3037
f 2966 2967 3038
f 2967 3039 3038
f 2967 2968 3039
f 2968 3040 3039
f 2968 2969 3040
f 2969 3041 3040
f 2969 2970 3041
f 2970 3042 3041
f 2970 2971 3042
f 2971 3043 3042
f 2971 2972 3043
f 2972 3044 3043
f 2972 2973 3044
f 2973 3045 3044
f 2973 2974 3045
f 2974 3046 3045
f 2974 2975 3046
f 2975 3047 3046
f 2975 2976 3047
f 2976 3048 3047
f 2976 2977 3048
f 2977 3049 3048
f 2977 2978 3049
f 2978 3050 3049
f 2978 2979 3050
f 2979 3051 3050
f 2979 2980 3051
f 2980 3052 3051
f 2980 2981 3052
f 2981 3053 3052
f 2981 2982 3053
f 2982 3054 3053
f 2982 2983 3054
f 2983 3055 3054
f 2983 2984 3055
f 2984 3056 3055
f 2984 2985 3056
f 2985 3057 3056
f 2985 2986 3057
f 2986 3058 3057
f 2986 2987 3058
f 2987 3059 3058
f 2987 2988 3059
f 2988 3060 3059
f 2988 2989 3060
f 2989 3061 3060
f 2989 2990 3061
f 2990 3062 3061
f 2990 2991 3062
f 2991 3063 3062
f 2991 2992 3063
f 2992 3064 3063
f 2992 2993 3064
f 2993 3065 3064
f 2993 2994 3065
f 2994 3066 3065
f 2994 2995 3066
f 2995 3067 3066
f 2995 2996 3067
f 2996 3068 3067
f 2996 2997 3068
f 2997 3069 3068
f 2997 2998 3069
f 2998 3070 3069
f 2998 2999 3070
f 2999 3071 3070
f 2999 3000 3071
f 3000 3072 3071
f 3000 3001 3072
f 3001 3073 3072
f 3001 3002 3073
f 3002 3074 3073
f 3002 3003 3074
f 3003 3075 3074
f 3003 3004 3075
f 3004 3076 3075
f 3004 3005 3076
f 3005 3077 3076
f 3005 3006 3077
f 3006 3078 3077
f 3006 3007 3078
f 3007 3079 3078
f 3007 3008 3079
f 3008 3080 3079
f 3008 3009 3080
f 3009 3081 3080
f 3009 3010 3081
f 3010 3082 3081
f 3010 3011 3082
f 3011 3083 3082
f 3011 3012 3083
f 3012 3084 3083
f 3012 3013 3084
f 3013 3085 3084
f 3013 3014 3085
f 3014 3086 3085
f 3014 3015 3086
f 3015 3087 3086
f 3015 3016 3087
f 3016 3088 3087
f 3016 3017 3088
f 3017 3089 3088
f 3017 3018 3089
f 3018 3090 3089
f 3018 3019 3090
f 3019 3091 3090
f 3019 3020 3091
f 3020 3092 3091
f 3020 3021 3092
f 3021 3093 3092
f 3021 3022 3093
f 3022 3094 3093
f 3022 3023 3094
f 3023 3095 3094
f 3023 3024 3095
f 3024 3096 3095
f 3024 2953 3096
f 2953 3025 3096
f 3025 3026 3097
f 3026 3098 3097
f 3026 3027 3098
f 3027 3099 3098
f 3027 3028 3099
f 3028 3100 3099
f 3028 3029 3100
f 3029 3101 3100
f 3029 3030 3101
f 3030 3102 3101
f 3030 3031 3102
f 3031 3103 3102
f 3031 3032 3103
f 3032 3104 3103
f 3032 3033 3104
f 3033 3105 3104
f 3033 3034 3105
f 3034 3106 3105
f 3034 3035 3106
f 3035 3107 3106
f 3035 3036 3107
f 3036 3108 3107
f 3036 3037 3108
f 3037 3109 3108
f 3037 3038 3109
f 3038 3110 3109
f 3038 3039 3110
f 3039 3111 3110
f 3039 3040 3111
f 3040 3112 3111
f 3040 3041 3112
f 3041 3113 3112
f 3041 3042 3113
f 3042 3114 3113
f 3042 3043 3114
f 3043 3115 3114
f 3043 3044 3115
f 3044 3116 3115
f 3044 3045 3116
f 3045 3117 3116
f 3045 3046 3117
f 3046 3118 3117
f 3046 3047 3118
f 3047 3119 3118
f 3047 3048 3119
f 3048 3120 3119
f 3048 3049 3120
f 3049 3121 3120
f 3049 3050 3121
f 3050 3122 3121
f 3050 3051 3122
f 3051 3123 3122
f 3051 3052 3123
f 3052 3124 3123
f 3052 3053 3124
f 3053 3125 3124
f 3053 3054 3125
f 3054 3126 3125
f 3054 3055 3126
f 3055 3127 3126
f 3055 3056 3127
f 3056 3128 3127
f 3056 3057 3128
f 3057 3129 3128
f 3057 3058 3129
f 3058 3130 3129
f 3058 3059 3130
f 3059 3131 3130
f 3059 3060 3131
f 3060 3132 3131
f 3060 3061 3132
f 3061 3133 3132
f 3061 3062 3133
f 3062 3134 3133
f 3062 3063 3134
f 3063 3135 3134
f 3063 3064 3135
f 3064 3136 3135
f 3064 3065 3136
f 3065 3137 3136
f 3065 3066 3137
f 3066 3138 3137
f 3066 3067 3138
f 3067 3139 3138
f 3067 3068 3139
f 3068 3140 3139
f 3068 3069 3140
f 3069 3141 3140
f 3069 3070 3141
f 3070 3142 3141
f 3070 3071 3142
f 3071 3143 3142
f 3071 3072 3143
f 3072 3144 3143
f 3072 3073 3144
f 3073 3145 3144
f 3073 3074 3145
f 3074 3146 3145
f 3074 3075 3146
f 3075 3147 3146
f 3075 3076 3147
f 3076 3148 3147
f 3076 3077 3148
f 3077 3149 3148
f 3077 3078 3149
f 3078 3150 3149
f 3078 3079 3150
f 3079 3151 3150
f 3079 3080 3151
f 3080 3152 3151
f 3080 3081 3152
f 3081 3153 3152
f 3081 3082 3153
f 3082 3154 3153
f 3082 3083 3154
f 3083 3155 3154
f 3083 3084 3155
f 3084 3156 3155
f 3084 3085 3156
f 3085 3157 3156
f 3085 3086 3157
f 3086 3158 3157
f 3086 3087 3158
f 3087 3159 3158
f 3087 3088 3159
f 3088 3160 3159
f 3088 3089 3160
f 3089 3161 3160
f 3089 3090 3161
f 3090 3162 3161
f 3090 3091 3162
f 3091 3163 3162
f 3091 3092 3163
f 3092 3164 3163
f 3092 3093 3164
f 3093 3165 3164
f 3093 3094 3165
f 3094 3166 3165
f 3094 3095 3166
f 3095 3167 3166
f 3095 3096 3167
f 3096 3168 3167
f 3096 3025 3168
f 3025 3097 3168
f 3097 3098 3169
f 3098 3170 3169
f 3098 3099 3170
f 3099 3171 3170
f 3099 3100 3171
f 3100 3172 3171
f 3100 3101 3172
f 3101 3173 3172
f 3101 3102 3173
f 3102 3174 3173
f 3102 3103 3174
f 3103 3175 3174
f 3103 3104 3175
f 3104 3176 3175
f 3104 3105 3176
f 3105 3177 3176
f 3105 3106 3177
f 3106 3178 3177
f 3106 3107 3178
f 3107 3179 3178
f 3107 3108 3179
f 3108 3180 3179
f 3108 3109 3180
f 3109 3181 3180
f 3109 3110 3181
f 3110 3182 3181
f 3110 3111 3182
f 3111 3183 3182
f 3111 3112 3183
f 3112 3184 3183
f 3112 3113 3184
f 3113 3185 3184
f 3113 3114 3185
f 3114 3186 3185
f 3114 3115 3186
f 3115 3187 3186
f 3115 3116 3187
f 3116 3188 3187
f 3116 3117 3188
f 3117 3189 3188
f 3117 3118 3189
f 3118 3190 3189
f 3118 3119 3190
f 3119 3191 3190
f 3119 3120 3191
f 3120 3192 3191
f 3120 3121 3192
f 3121 3193 3192
f 3121 3122 3193
f 3122 3194 3193
f 3122 3123 3194
f 3123 3195 3194
f 3123 3124 3195
f 3124 3196 3195
f 3124 3125 3196
f 3125 3197 3196
f 3125 3126 3197
f 3126 3198 3197
f 3126 3127 3198
f 3127 3199 3198
f 3127 3128 3199
f 3128 3200 3199
f 3128 3129 3200
f 3129 3201 3200
f 3129 3130 3201
f 3130 3202 3201
f 3130 3131 3202
f 3131 3203 3202
f 3131 3132 3203
f 3132 3204 3203
f 3132 3133 3204
f 3133 3205 3204
f 3133 3134 3205
f 3134 3206 3205
f 3134 3135 3206
f 3135 3207 3206
f 3135 3136 3207
f 3136 3208 3207
f 3136 3137 3208
f 3137 3209 3208
f 3137 3138 3209
f 3138 3210 3209
f 3138 3139 3210
f 3139 3211 3210
f 3139 3140 3211
f 3140 3212 3211
f 3140 3141 3212
f 3141 3213 3212
f 3141 3142 3213
f 3142 3214 3213
f 3142 3143 3214
f 3143 3215 3214
f 3143 3144 3215
f 3144 3216 3215
f 3144 3145 3216
f 3145 3217 3216
f 3145 3146 3217
f 3146 3218 3217
f 3146 3147 3218
f 3147 3219 3218
f 3147 3148 3219
f 3148 3220 3219
f 3148 3149 3220
f 3149 3221 3220
f 3149 3150 3221
f 3150 3222 3221
f 3150 3151 3222
f 3151 3223 3222
f 3151 3152 3223
f 3152 3224 3223
f 3152 3153 3224
f 3153 3225 3224
f 3153 3154 3225
f 3154 3226 3225
f 3154 3155 3226
f 3155 3227 3226
f 3155 3156 3227
f 3156 3228 3227
f 3156 3157 3228
f 3157 3229 3228
f 3157 3158 3229
f 3158 3230 3229
f 3158 3159 3230
f 3159 3231 3230
f 3159 3160 3231
f 3160 3232 3231
f 3160 3161 3232
f 3161 3233 3232
f 3161 3162 3233
f 3162 3234 3233
f 3162 3163 3234
f 3163 3235 3234
f 3163 3164 3235
f 3164 3236 3235
f 3164 3165 3236
f 3165 3237 3236
f 3165 3166 3237
f 3166 3238 3237
f 3166 3167 3238
f 3167 3239 3238
f 3167 3168 3239
f 3168 3240 3239
f 3168 3097 3240
f 3097 3169 3240
f 3169 3170 3241
f 3170 3242 3241
f 3170 3171 3242
f 3171 3243 3242
f 3171 3172 3243
f 3172 3244 3243
f 3172 3173 3244
f 3173 3245 3244
f 3173 3174 3245
f 3174 3246 3245
f 3174 3175 3246
f 3175 3247 3246
f 3175 3176 3247
f 3176 3248 3247
f 3176 3177 3248
f 3177 3249 3248
f 3177 3178 3249
f 3178 3250 3249
f 3178 3179 3250
f 3179 3251 3250
f 3179 3180 3251
f 3180 3252 3251
f 3180 3181 3252
f 3181 3253 3252
f 3181 3182 3253
f 3182 3254 3253
f 3182 3183 3254
f 3183 3255 3254
f 3183 3184 3255
f 3184 3256 3255
f 3184 3185 3256
f 3185 3257 3256
f 3185 3186 3257
f 3186 3258 3257
f 3186 3187 3258
f 3187 3259 3258
f 3187 3188 3259
f 3188 3260 3259
f 3188 3189 3260
f 3189 3261 3260
f 3189 3190 3261
f 3190 3262 3261
f 3190 3191 3262
f 3191 3263 3262
f 3191 3192 3263
f 3192 3264 3263
f 3192 3193 3264
f 3193 3265 3264
f 3193 3194 3265
f 3194 3266 3265
f 3194 3195 3266
f 3195 3267 3266
f 3195 3196 3267
f 3196 3268 3267
f 3196 3197 3268
f 3197 3269 3268
f 3197 3198 3269
f 3198 3270 3269
f 3198 3199 3270
f 3199 3271 3270
f 3199 3200 3271
f 3200 3272 3271
f 3200 3201 3272
f 3201 3273 3272
f 3201 3202 3273
f 3202 3274 3273
f 3202 3203 3274
f 3203 3275 3274
f 3203 3204 3275
f 3204 3276 3275
f 3204 3205 3276
f 3205 3277 3276
f 3205 3206 3277
f 3206 3278 3277
f 3206 3207 3278
f 3207 3279 3278
f 3207 3208 3279
f 3208 3280 3279
f 3208 3209 3280
f 3209 3281 3280
f 3209 3210 3281
f 3210 3282 3281
f 3210 3211 3282
f 3211 3283 3282
f 3211 3212 3283
f 3212 3284 3283
f 3212 3213 3284
f 3213 3285 3284
f 3213 3214 3285
f 3214 3286 3285
f 3214 3215 3286
f 3215 3287 3286
f 3215 3216 3287
f 3216 3288 3287
f 3216 3217 3288
f 3217 3289 3288
f 3217 3218 3289
f 3218 3290 3289
f 3218 3219 3290
f 3219 3291 3290
f 3219 3220 3291
f 3220 3292 3291
f 3220 3221 3292
f 3221 3293 3292
f 3221 3222 3293
f 3222 3294 3293
f 3222 3223 3294
f 3223 3295 3294
f 3223 3224 3295
f 3224 3296 3295
f 3224 3225 3296
f 3225 3297 3296
f 3225 3226 3297
f 3226 3298 3297
f 3226 3227 3298
f 3227 3299 3298
f 3227 3228 3299
f 3228 3300 3299
f 3228 3229 3300
f 3229 3301 3300
f 3229 3230 3301
f 3230 3302 3301
f 3230 3231 3302
f 3231 3303 3302
f 3231 3232 3303
f 3232 3304 3303
f 3232 3233 3304
f 3233 3305 3304
f 3233 3234 3305
f 3234 3306 3305
f 3234 3235 3306
f 3235 3307 3306
f 3235 3236 3307
f 3236 3308 3307
f 3236 3237 3308
f 3237 3309 3308
f 3237 3238 3309
f 3238 3310 3309
f 3238 3239 3310
f 3239 3311 3310
f 3239 3240 3311
f 3240 3312 3311
f 3240 3169 3312
f 3169 3241 3312
f 3241 3242 3313
f 3242 3314 3313
f 3242 3243 3314
f 3243 3315 3314
f 3243 3244 3315
f 3244 3316 3315
f 3244 3245 3316
f 3245 3317 3316
f 3245 3246 3317
f 3246 3318 3317
f 3246 3247 3318
f 3247 3319 3318
f 3247 3248 3319
f 3248 3320 3319
f 3248 3249 3320
f 3249 3321 3320
f 3249 3250 3321
f 3250 3322 3321
f 3250 3251 3322
f 3251 3323 3322
f 3251 3252 3323
f 3252 3324 3323
f 3252 3253 3324
f 3253 3325 3324
f 3253 3254 3325
f 3254 3326 3325
f 3254 3255 3326
f 3255 3327 3326
f 3255 3256 3327
f 3256 3328 3327
f 3256 3257 3328
f 3257 3329 3328
f 3257 3258 3329
f 3258 3330 3329
f 3258 3259 3330
f 3259 3331 3330
f 3259 3260 3331
f 3260 3332 3331
f 3260 3261 3332
f 3261 3333 3332
f 3261 3262 3333
f 3262 3334 3333
f 3262 3263 3334
f 3263 3335 3334
f 3263 3264 3335
f 3264 3336 3335
f 3264 3265 3336
f 3265 3337 3336
f 3265 3266 3337
f 3266 3338 3337
f 3266 3267 3338
f 3267 3339 3338
f 3267 3268 3339
f 3268 3340 3339
f 3268 3269 3340
f 3269 3341 3340
f 3269 3270 3341
f 3270 3342 3341
f 3270 3271 3342
f 3271 3343 3342
f 3271 3272 3343
f 3272 3344 3343
f 3272 3273 3344
f 3273 3345 3344
f 3273 3274 3345
f 3274 3346 3345
f 3274 3275 3346
f 3275 3347 3346
f 3275 3276 3347
f 3276 3348 3347
f 3276 3277 3348
f 3277 3349 3348
f 3277 3278 3349
f 3278 3350 3349
f 3278 3279 3350
f 3279 3351 3350
f 3279 3280 3351
f 3280 3352 3351
f 3280 3281 3352
f 3281 3353 3352
f 3281 3282 3353
f 3282 3354 3353
f 3282 3283 3354
f 3283 3355 3354
f 3283 3284 3355
f 3284 3356 3355
f 3284 3285 3356
f 3285 3357 3356
f 3285 3286 3357
f 3286 3358 3357
f 3286 3287 3358
f 3287 3359 3358
f 3287 3288 3359
f 3288 3360 3359
f 3288 3289 3360
f 3289 3361 3360
f 3289 3290 3361
f 3290 3362 3361
f 3290 3291 3362
f 3291 3363 3362
f 3291 3292 3363
f 3292 3364 3363
f 3292 3293 3364
f 3293 3365 3364
f 3293 3294 3365
f 3294 3366 3365
f 3294 3295 3366
f 3295 3367 3366
f 3295 3296 3367
f 3296 3368 3367
f 3296 3297 3368
f 3297 3369 3368
f 3297 3298 3369
f 3298 3370 3369
f 3298 3299 3370
f 3299 3371 3370
f 3299 3300 3371
f 3300 3372 3371
f 3300 3301 3372
f 3301 3373 3372
f 3301 3302 3373
f 3302 3374 3373
f 3302 3303 3374
f 3303 3375 3374
f 3303 3304 3375
f 3304 3376 3375
f 3304 3305 3376
f 3305 3377 3376
f 3305 3306 3377
f 3306 3378 3377
f 3306 3307 3378
f 3307 3379 3378
f 3307 3308 3379
f 3308 3380 3379
f 3308 3309 3380
f 3309 3381 3380
f 3309 3310 3381
f 3310 3382 3381
f 3310 3311 3382
f 3311 3383 3382
f 3311 3312 3383
f 3312 3384 3383
f 3312 3241 3384
f 3241 3313 3384
f 3313 3314 3385
f 3314 3386 3385
f 3314 3315 3386
f 3315 3387 3386
f 3315 3316 3387
f 3316 3388 3387
f 3316 3317 3388
f 3317 3389 3388
f 3317 3318 3389
f 3318 3390 3389
f 3318 3319 3390
f 3319 3391 3390
f 3319 3320 3391
f 3320 3392 3391
f 3320 3321 3392
f 3321 3393 3392
f 3321 3322 3393
f 3322 3394 3393
f 3322 3323 3394
f 3323 3395 3394
f 3323 3324 3395
f 3324 3396 3395
f 3324 3325 3396
f 3325 3397 3396
f 3325 3326 3397
f 3326 3398 3397
f 3326 3327 3398
f 3327 3399 3398
f 3327 3328 3399
f 3328 3400 3399
f 3328 3329 3400
f 3329 3401 3400
f 3329 3330 3401
f 3330 3402 3401
f 3330 3331 3402
f 3331 3403 3402
f 3331 3332 3403
f 3332 3404 3403
f 3332 3333 3404
f 3333 3405 3404
f 3333 3334 3405
f 3334 3406 3405
f 3334 3335 3406
f 3335 3407 3406
f 3335 3336 3407
f 3336 3408 3407
f 3336 3337 3408
f 3337 3409 3408
f 3337 3338 3409
f 3338 3410 3409
f 3338 3339 3410
f 3339 3411 3410
f 3339 3340 3411
f 3340 3412 3411
f 3340 3341 3412
f 3341 3413 3412
f 3341 3342 3413
f 3342 3414 3413
f 3342 3343 3414
f 3343 3415 3414
f 3343 3344 3415
f 3344 3416 3415
f 3344 3345 3416
f 3345 3417 3416
f 3345 3346 3417
f 3346 3418 3417
f 3346 3347 3418
f 3347 3419 3418
f 3347 3348 3419
f 3348 3420 3419
f 3348 3349 3420
f 3349 3421 3420
f 3349 3350 3421
f 3350 3422 3421
f 3350 3351 3422
f 3351 3423 3422
f 3351 3352 3423
f 3352 3424 3423
f 3352 3353 3424
f 3353 3425 3424
f 3353 3354 3425
f 3354 3426 3425
f 3354 3355 3426
f 3355 3427 3426
f 3355 3356 3427
f 3356 3428 3427
f 3356 3357 3428
f 3357 3429 3428
f 3357 3358 3429
f 3358 3430 3429
f 3358 3359 3430
f 3359 3431 3430
f 3359 3360 3431
f 3360 3432 3431
f 3360 3361 3432
f 3361 3433 3432
f 3361 3362 3433
f 3362 3434 3433
f 3362 3363 3434
f 3363 3435 3434
f 3363 3364 3435
f 3364 3436 3435
f 3364 3365 3436
f 3365 3437 3436
f 3365 3366 3437
f 3366 3438 3437
f 3366 3367 3438
f 3367 3439 3438
f 3367 3368 3439
f 3368 3440 3439
f 3368 3369 3440
f 3369 3441 3440
f 3369 3370 3441
f 3370 3442 3441
f 3370 3371 3442
f 3371 3443 3442
f 3371 3372 3443
f 3372 3444 3443
f 3372 3373 3444
f 3373 3445 3444
f 3373 3374 3445
f 3374 3446 3445
f 3374 3375 3446
f 3375 3447 3446
f 3375 3376 3447
f 3376 3448 3447
f 3376 3377 3448
f 3377 3449 3448
f 3377 3378 3449
f 3378 3450 3449
f 3378 3379 3450
f 3379 3451 3450
f 3379 3380 3451
f 3380 3452 3451
f 3380 3381 3452
f 3381 3453 3452
f 3381 3382 3453
f 3382 3454 3453
f 3382 3383 3454
f 3383 3455 3454
f 3383 3384 3455
f 3384 3456 3455
f 3384 3313 3456
f 3313 3385 3456
f 3385 3386 3457
f 3386 3458 3457
f 3386 3387 3458
f 3387 3459 3458
f 3387 3388 3459
f 3388 3460 3459
f 3388 3389 3460
f 3389 3461 3460
f 3389 3390 3461
f 3390 3462 3461
f 3390 3391 3462
f 3391 3463 3462
f 3391 3392 3463
f 3392 3464 3463
f 3392 3393 3464
f 3393 3465 3464
f 3393 3394 3465
f 3394 3466 3465
f 3394 3395 3466
f 3395 3467 3466
f 3395 3396 3467
f 3396 3468 3467
f 3396 3397 3468
f 3397 3469 3468
f 3397 3398 3469
f 3398 3470 3469
f 3398 3399 3470
f 3399 3471 3470
f 3399 3400 3471
f 3400 3472 3471
f 3400 3401 3472
f 3401 3473 3472
f 3401 3402 3473
f 3402 3474 3473
f 3402 3403 3474
f 3403 3475 3474
f 3403 3404 3475
f 3404 3476 3475
f 3404 3405 3476
f 3405 3477 3476
f 3405 3406 3477
f 3406 3478 3477
f 3406 3407 3478
f 3407 3479 3478
f 3407 3408 3479
f 3408 3480 3479
f 3408 3409 3480
f 3409 3481 3480
f 3409 3410 3481
f 3410 3482 3481
f 3410 3411 3482
f 3411 3483 3482
f 3411 3412 3483
f 3412 3484 3483
f 3412 3413 3484
f 3413 3485 3484
f 3413 3414 3485
f 3414 3486 3485
f 3414 3415 3486
f 3415 3487 3486
f 3415 3416 3487
f 3416 3488 3487
f 3416 3417 3488
f 3417 3489 3488
f 3417 3418 3489
f 3418 3490 3489
f 3418 3419 3490
f 3419 3491 3490
f 3419 3420 3491
f 3420 3492 3491
f 3420 3421 3492
f 3421 3493 3492
f 3421 3422 3493
f 3422 3494 3493
f 3422 3423 3494
f 3423 3495 3494
f 3423 3424 3495
f 3424 3496 3495
f 3424 3425 3496
f 3425 3497 3496
f 3425 3426 3497
f 3426 3498 3497
f 3426 3427 3498
f 3427 3499 3498
f 3427 3428 3499
f 3428 3500 3499
f 3428 3429 3500
f 3429 3501 3500
f 3429 3430 3501
f 3430 3502 3501
f 3430 3431 3502
f 3431 3503 3502
f 3431 3432 3503
f 3432 3504 3503
f 3432 3433 3504
f 3433 3505 3504
f 3433 3434 3505
f 3434 3506 3505
f 3434 3435 3506
f 3435 3507 3506
f 3435 3436 3507
f 3436 3508 3507
f 3436 3437 3508
f 3437 3509 3508
f 3437 3438 3509
f 3438 3510 3509
f 3438 3439 3510
f 3439 3511 3510
f 3439 3440 3511
f 3440 3512 3511
f 3440 3441 3512
f 3441 3513 3512
f 3441 3442 3513
f 3442 3514 3513
f 3442 3443 3514
f 3443 3515 3514
f 3443 3444 3515
f 3444 3516 3515
f 3444 3445 3516
f 3445 3517 3516
f 3445 3446 3517
f 3446 3518 3517
f 3446 3447 3518
f 3447 3519 3518
f 3447 3448 3519
f 3448 3520 3519
f 3448 3449 3520
f 3449 3521 3520
f 3449 3450 3521
f 3450 3522 3521
f 3450 3451 3522
f 3451 3523 3522
f 3451 3452 3523
f 3452 3524 3523
f 3452 3453 3524
f 3453 3525 3524
f 3453 3454 3525
f 3454 3526 3525
f 3454 3455 3526
f 3455 3527 3526
f 3455 3456 3527
f 3456 3528 3527
f 3456 3385 3528
f 3385 3457 3528
f 3457 3458 3529
f 3458 3530 3529
f 3458 3459 3530
f 3459 3531 3530
f 3459 3460 3531
f 3460 3532 3531
f 3460 3461 3532
f 3461 3533 3532
f 3461 3462 3533
f 3462 3534 3533
f 3462 3463 3534
f 3463 3535 3534
f 3463 3464 3535
f 3464 3536 3535
f 3464 3465 3536
f 3465 3537 3536
f 3465 3466 3537
f 3466 3538 3537
f 3466 3467 3538
f 3467 3539 3538
f 3467 3468 3539
f 3468 3540 3539
f 3468 3469 3540
f 3469 3541 3540
f 3469 3470 3541
f 3470 3542 3541
f 3470 3471 3542
f 3471 3543 3542
f 3471 3472 3543
f 3472 3544 3543
f 3472 3473 3544
f 3473 3545 3544
f 3473 3474 3545
f 3474 3546 3545
f 3474 3475 3546
f 3475 3547 3546
f 3475 3476 3547
f 3476 3548 3547
f 3476 3477 3548
f 3477 3549 3548
f 3477 3478 3549
f 3478 3550 3549
f 3478 3479 3550
f 3479 3551 3550
f 3479 3480 3551
f 3480 3552 3551
f 3480 3481 3552
f 3481 3553 3552
f 3481 3482 3553
f 3482 3554 3553
f 3482 3483 3554
f 3483 3555 3554
f 3483 3484 3555
f 3484 3556 3555
f 3484 3485 3556
f 3485 3557 3556
f 3485 3486 3557
f 3486 3558 3557
f 3486 3487 3558
f 3487 3559 3558
f 3487 3488 3559
f 3488 3560 3559
f 3488 3489 3560
f 3489 3561 3560
f 3489 3490 3561
f 3490 3562 3561
f 3490 3491 3562
f 3491 3563 3562
f 3491 3492 3563
f 3492 3564 3563
f 3492 3493 3564
f 3493 3565 3564
f 3493 3494 3565
f 3494 3566 3565
f 3494 3495 3566
f 3495 3567 3566
f 3495 3496 3567
f 3496 3568 3567
f 3496 3497 3568
f 3497 3569 3568
f 3497 3498 3569
f 3498 3570 3569
f 3498 3499 3570
f 3499 3571 3570
f 3499 3500 3571
f 3500 3572 3571
f 3500 3501 3572
f 3501 3573 3572
f 3501 3502 3573
f 3502 3574 3573
f 3502 3503 3574
f 3503 3575 3574
f 3503 3504 3575
f 3504 3576 3575
f 3504 3505 3576
f 3505 3577 3576
f 3505 3506 3577
f 3506 3578 3577
f 3506 3507 3578
f 3507 3579 3578
f 3507 3508 3579
f 3508 3580 3579
f 3508 3509 3580
f 3509 3581 3580
f 3509 3510 3581
f 3510 3582 3581
f 3510 3511 3582
f 3511 3583 3582
f 3511 3512 3583
f 3512 3584 3583
f 3512 3513 3584
f 3513 3585 3584
f 3513 3514 3585
f 3514 3586 3585
f 3514 3515 3586
f 3515 3587 3586
f 3515 3516 3587
f 3516 3588 3587
f 3516 3517 3588
f 3517 3589 3588
f 3517 3518 3589
f 3518 3590 3589
f 3518 3519 3590
f 3519 3591 3590
f 3519 3520 3591
f 3520 3592 3591
f 3520 3521 3592
f 3521 3593 3592
f 3521 3522 3593
f 3522 3594 3593
f 3522 3523 3594
f 3523 3595 3594
f 3523 3524 3595
f 3524 3596 3595
f 3524 3525 3596
f 3525 3597 3596
f 3525 3526 3597
f 3526 3598 3597
f 3526 3527 3598
f 3527 3599 3598
f 3527 3528 3599
f 3528 3600 3599
f 3528 3457 3600
f 3457 3529 3600
f 3529 3530 3601
f 3530 3602 3601
f 3530 3531 3602
f 3531 3603 3602
f 3531 3532 3603
f 3532 3604 3603
f 3532 3533 3604
f 3533 3605 3604
f 3533 3534 3605
f 3534 3606 3605
f 3534 3535 3606
f 3535 3607 3606
f 3535 3536 3607
f 3536 3608 3607
f 3536 3537 3608
f 3537 3609 3608
f 3537 3538 3609
f 3538 3610 3609
f 3538 3539 3610
f 3539 3611 3610
f 3539 3540 3611
f 3540 3612 3611
f 3540 3541 3612
f 3541 3613 3612
f 3541 3542 3613
f 3542 3614 3613
f 3542 3543 3614
f 3543 3615 3614
f 3543 3544 3615
f 3544 3616 3615
f 3544 3545 3616
f 3545 3617 3616
f 3545 3546 3617
f 3546 3618 3617
f 3546 3547 3618
f 3547 3619 3618
f 3547 3548 3619
f 3548 3620 3619
f 3548 3549 3620
f 3549 3621 3620
f 3549 3550 3621
f 3550 3622 3621
f 3550 3551 3622
f 3551 3623 3622
f 3551 3552 3623
f 3552 3624 3623
f 3552 3553 3624
f 3553 3625 3624
f 3553 3554 3625
f 3554 3626 3625
f 3554 3555 3626
f 3555 3627 3626
f 3555 3556 3627
f 3556 3628 3627
f 3556 3557 3628
f 3557 3629 3628
f 3557 3558 3629
f 3558 3630 3629
f 3558 3559 3630
f 3559 3631 3630
f 3559 3560 3631
f 3560 3632 3631
f 3560 3561 3632
f 3561 3633 3632
f 3561 3562 3633
f 3562 3634 3633
f 3562 3563 3634
f 3563 3635 3634
f 3563 3564 3635
f 3564 3636 3635
f 3564 3565 3636
f 3565 3637 3636
f 3565 3566 3637
f 3566 3638 3637
f 3566 3567 3638
f 3567 3639 3638
f 3567 3568 3639
f 3568 3640 3639
f 3568 3569 3640
f 3569 3641 3640
f 3569 3570 3641
f 3570 3642 3641
f 3570 3571 3642
f 3571 3643 3642
f 3571 3572 3643
f 3572 3644 3643
f 3572 3573 3644
f 3573 3645 3644
f 3573 3574 3645
f 3574 3646 3645
f 3574 3575 3646
f 3575 3647 3646
f 3575 3576 3647
f 3576 3648 3647
f 3576 3577 3648
f 3577 3649 3648
f 3577 3578 3649
f 3578 3650 3649
f 3578 3579 3650
f 3579 3651 3650
f 3579 3580 3651
f 3580 3652 3651
f 3580 3581 3652
f 3581 3653 3652
f 3581 3582 3653
f 3582 3654 3653
f 3582 3583 3654
f 3583 3655 3654
f 3583 3584 3655
f 3584 3656 3655
f 3584 3585 3656
f 3585 3657 3656
f 3585 3586 3657
f 3586 3658 3657
f 3586 3587 3658
f 3587 3659 3658
f 3587 3588 3659
f 3588 3660 3659
f 3588 3589 3660
f 3589 3661 3660
f 3589 3590 3661
f 3590 3662 3661
f 3590 3591 3662
f 3591 3663 3662
f 3591 3592 3663
f 3592 3664 3663
f 3592 3593 3664
f 3593 3665 3664
f 3593 3594 3665
f 3594 3666 3665
f 3594 3595 3666
f 3595 3667 3666
f 3595 3596 3667
f 3596 3668 3667
f 3596 3597 3668
f 3597 3669 3668
f 3597 3598 3669
f 3598 3670 3669
f 3598 3599 3670
f 3599 3671 3670
f 3599 3600 3671
f 3600 3672 3671
f 3600 3529 3672
f 3529 3601 3672
f 3601 3602 3673
f 3602 3674 3673
f 3602 3603 3674
f 3603 3675 3674
f 3603 3604 3675
f 3604 3676 3675
f 3604 3605 3676
f 3605 3677 3676
f 3605 3606 3677
f 3606 3678 3677
f 3606 3607 3678
f 3607 3679 3678
f 3607 3608 3679
f 3608 3680 3679
f 3608 3609 3680
f 3609 3681 3680
f 3609 3610 3681
f 3610 3682 3681
f 3610 3611 3682
f 3611 3683 3682
f 3611 3612 3683
f 3612 3684 3683
f 3612 3613 3684
f 3613 3685 3684
f 3613 3614 3685
f 3614 3686 3685
f 3614 3615 3686
f 3615 3687 3686
f 3615 3616 3687
f 3616 3688 3687
f 3616 3617 3688
f 3617 3689 3688
f 3617 3618 3689
f 3618 3690 3689
f 3618 3619 3690
f 3619 3691 3690
f 3619 3620 3691
f 3620 3692 3691
f 3620 3621 3692
f 3621 3693 3692
f 3621 3622 3693
f 3622 3694 3693
f 3622 3623 3694
f 3623 3695 3694
f 3623 3624 3695
f 3624 3696 3695
f 3624 3625 3696
f 3625 3697 3696
f 3625 3626 3697
f 3626 3698 3697
f 3626 3627 3698
f 3627 3699 3698
f 3627 3628 3699
f 3628 3700 3699
f 3628 3629 3700
f 3629 3701 3700
f 3629 3630 3701
f 3630 3702 3701
f 3630 3631 3702
f 3631 3703 3702
f 3631 3632 3703
f 3632 3704 3703
f 3632 3633 3704
f 3633 3705 3704
f 3633 3634 3705
f 3634 3706 3705
f 3634 3635 3706
f 3635 3707 3706
f 3635 3636 3707
f 3636 3708 3707
f 3636 3637 3708
f 3637 3709 3708
f 3637 3638 3709
f 3638 3710 3709
f 3638 3639 3710
f 3639 3711 3710
f 3639 3640 3711
f 3640 3712 3711
f 3640 3641 3712
f 3641 3713 3712
f 3641 3642 3713
f 3642 3714 3713
f 3642 3643 3714
f 3643 3715 3714
f 3643 3644 3715
f 3644 3716 3715
f 3644 3645 3716
f 3645 3717 3716
f 3645 3646 3717
f 3646 3718 3717
f 3646 3647 3718
f 3647 3719 3718
f 3647 3648 3719
f 3648 3720 3719
f 3648 3649 3720
f 3649 3721 3720
f 3649 3650 3721
f 3650 3722 3721
f 3650 3651 3722
f 3651 3723 3722
f 3651 3652 3723
f 3652 3724 3723
f 3652 3653 3724
f 3653 3725 3724
f 3653 3654 3725
f 3654 3726 3725
f 3654 3655 3726
f 3655 3727 3726
f 3655 3656 3727
f 3656 3728 3727
f 3656 3657 3728
f 3657 3729 3728
f 3657 3658 3729
f 3658 3730 3729
f 3658 3659 3730
f 3659 3731 3730
f 3659 3660 3731
f 3660 3732 3731
f 3660 3661 3732
f 3661 3733 3732
f 3661 3662 3733
f 3662 3734 3733
f 3662 3663 3734
f 3663 3735 3734
f 3663 3664 3735
f 3664 3736 3735
f 3664 3665 3736
f 3665 3737 3736
f 3665 3666 3737
f 3666 3738 3737
f 3666 3667 3738
f 3667 3739 3738
f 3667 3668 3739
f 3668 3740 3739
f 3668 3669 3740
f 3669 3741 3740
f 3669 3670 3741
f 3670 3742 3741
f 3670 3671 3742
f 3671 3743 3742
f 3671 3672 3743
f 3672 3744 3743
f 3672 3601 3744
f 3601 3673 3744
f 3673 3674 3745
f 3674 3746 3745
f 3674 3675 3746
f 3675 3747 3746
f 3675 3676 3747
f 3676 3748 3747
f 3676 3677 3748
f 3677 3749 3748
f 3677 3678 3749
f 3678 3750 3749
f 3678 3679 3750
f 3679 3751 3750
f 3679 3680 3751
f 3680 3752 3751
f 3680 3681 3752
f 3681 3753 3752
f 3681 3682 3753
f 3682 3754 3753
f 3682 3683 3754
f 3683 3755 3754
f 3683 3684 3755
f 3684 3756 3755
f 3684 3685 3756
f 3685 3757 3756
f 3685 3686 3757
f 3686 3758 3757
f 3686 3687 3758
f 3687 3759 3758
f 3687 3688 3759
f 3688 3760 3759
f 3688 3689 3760
f 3689 3761 3760
f 3689 3690 3761
f 3690 3762 3761
f 3690 3691 3762
f 3691 3763 3762
f 3691 3692 3763
f 3692 3764 3763
f 3692 3693 3764
f 3693 3765 3764
f 3693 3694 3765
f 3694 3766 3765
f 3694 3695 3766
f 3695 3767 3766
f 3695 3696 3767
f 3696 3768 3767
f 3696 3697 3768
f 3697 3769 3768
f 3697 3698 3769
f 3698 3770 3769
f 3698 3699 3770
f 3699 3771 3770
f 3699 3700 3771
f 3700 3772 3771
f 3700 3701 3772
f 3701 3773 3772
f 3701 3702 3773
f 3702 3774 3773
f 3702 3703 3774
f 3703 3775 3774
f 3703 3704 3775
f 3704 3776 3775
f 3704 3705 3776
f 3705 3777 3776
f 3705 3706 3777
f 3706 3778 3777
f 3706 3707 3778
f 3707 3779 3778
f 3707 3708 3779
f 3708 3780 3779
f 3708 3709 3780
f 3709 3781 3780
f 3709 3710 3781
f 3710 3782 3781
f 3710 3711 3782
f 3711 3783 3782
f 3711 3712 3783
f 3712 3784 3783
f 3712 3713 3784
f 3713 3785 3784
f 3713 3714 3785
f 3714 3786 3785
f 3714 3715 3786
f 3715 3787 3786
f 3715 3716 3787
f 3716 3788 3787
f 3716 3717 3788
f 3717 3789 3788
f 3717 3718 3789
f 3718 3790 3789
f 3718 3719 3790
f 3719 3791 3790
f 3719 3720 3791
f 3720 3792 3791
f 3720 3721 3792
f 3721 3793 3792
f 3721 3722 3793
f 3722 3794 3793
f 3722 3723 3794
f 3723 3795 3794
f 3723 3724 3795
f 3724 3796 3795
f 3724 3725 3796
f 3725 3797 3796
f 3725 3726 3797
f 3726 3798 3797
f 3726 3727 3798
f 3727 3799 3798
f 3727 3728 3799
f 3728 3800 3799
f 3728 3729 3800
f 3729 3801 3800
f 3729 3730 3801
f 3730 3802 3801
f 3730 3731 3802
f 3731 3803 3802
f 3731 3732 3803
f 3732 3804 3803
f 3732 3733 3804
f 3733 3805 3804
f 3733 3734 3805
f 3734 3806 3805
f 3734 3735 3806
f 3735 3807 3806
f 3735 3736 3807
f 3736 3808 3807
f 3736 3737 3808
f 3737 3809 3808
f 3737 3738 3809
f 3738 3810 3809
f 3738 3739 3810
f 3739 3811 3810
f 3739 3740 3811
f 3740 3812 3811
f 3740 3741 3812
f 3741 3813 3812
f 3741 3742 3813
f 3742 3814 3813
f 3742 3743 3814
f 3743 3815 3814
f 3743 3744 3815
f 3744 3816 3815
f 3744 3673 3816
f 3673 3745 3816
f 3745 3746 3817
f 3746 3818 3817
f 3746 3747 3818
f 3747 3819 3818
f 3747 3748 3819
f 3748 3820 3819
f 3748 3749 3820
f 3749 3821 3820
f 3749 3750 3821
f 3750 3822 3821
f 3750 3751 3822
f 3751 3823 3822
f 3751 3752 3823
f 3752 3824 3823
f 3752 3753 3824
f 3753 3825 3824
f 3753 3754 3825
f 3754 3826 3825
f 3754 3755 3826
f 3755 3827 3826
f 3755 3756 3827
f 3756 3828 3827
f 3756 3757 3828
f 3757 3829 3828
f 3757 3758 3829
f 3758 3830 3829
f 3758 3759 3830
f 3759 3831 3830
f 3759 3760 3831
f 3760 3832 3831
f 3760 3761 3832
f 3761 3833 3832
f 3761 3762 3833
f 3762 3834 3833
f 3762 3763 3834
f 3763 3835 3834
f 3763 3764 3835
f 3764 3836 3835
f 3764 3765 3836
f 3765 3837 3836
f 3765 3766 3837
f 3766 3838 3837
f 3766 3767 3838
f 3767 3839 3838
f 3767 3768 3839
f 3768 3840 3839
f 3768 3769 3840
f 3769 3841 3840
f 3769 3770 3841
f 3770 3842 3841
f 3770 3771 3842
f 3771 3843 3842
f 3771 3772 3843
f 3772 3844 3843
f 3772 3773 3844
f 3773 3845 3844
f 3773 3774 3845
f 3774 3846 3845
f 3774 3775 3846
f 3775 3847 3846
f 3775 3776 3847
f 3776 3848 3847
f 3776 3777 3848
f 3777 3849 3848
f 3777 3778 3849
f 3778 3850 3849
f 3778 3779 3850
f 3779 3851 3850
f 3779 3780 3851
f 3780 3852 3851
f 3780 3781 3852
f 3781 3853 3852
f 3781 3782 3853
f 3782 3854 3853
f 3782 3783 3854
f 3783 3855 3854
f 3783 3784 3855
f 3784 3856 3855
f 3784 3785 3856
f 3785 3857 3856
f 3785 3786 3857
f 3786 3858 3857
f 3786 3787 3858
f 3787 3859 3858
f 3787 3788 3859
f 3788 3860 3859
f 3788 3789 3860
f 3789 3861 3860
f 3789 3790 3861
f 3790 3862 3861
f 3790 3791 3862
f 3791 3863 3862
f 3791 3792 3863
f 3792 3864 3863
f 3792 3793 3864
f 3793 3865 3864
f 3793 3794 3865
f 3794 3866 3865
f 3794 3795 3866
f 3795 3867 3866
f 3795 3796 3867
f 3796 3868 3867
f 3796 3797 3868
f 3797 3869 3868
f 3797 3798 3869
f 3798 3870 3869
f 3798 3799 3870
f 3799 3871 3870
f 3799 3800 3871
f 3800 3872 3871
f 3800 3801 3872
f 3801 3873 3872
f 3801 3802 3873
f 3802 3874 3873
f 3802 3803 3874
f 3803 3875 3874
f 3803 3804 3875
f 3804 3876 3875
f 3804 3805 3876
f 3805 3877 3876
f 3805 3806 3877
f 3806 3878 3877
f 3806 3807 3878
f 3807 3879 3878
f 3807 3808 3879
f 3808 3880 3879
f 3808 3809 3880
f 3809 3881 3880
f 3809 3810 3881
f 3810 3882 3881
f 3810 3811 3882
f 3811 3883 3882
f 3811 3812 3883
f 3812 3884 3883
f 3812 3813 3884
f 3813 3885 3884
f 3813 3814 3885
f 3814 3886 3885
f 3814 3815 3886
f 3815 3887 3886
f 3815 3816 3887
f 3816 3888 3887
f 3816 3745 3888
f 3745 3817 3888
f 3817 3818 3889
f 3818 3890 3889
f 3818 3819 3890
f 3819 3891 3890
f 3819 3820 3891
f 3820 3892 3891
f 3820 3821 3892
f 3821 3893 3892
f 3821 3822 3893
f 3822 3894 3893
f 3822 3823 3894
f 3823 3895 3894
f 3823 3824 3895
f 3824 3896 3895
f 3824 3825 3896
f 3825 3897 3896
f 3825 3826 3897
f 3826 3898 3897
f 3826 3827 3898
f 3827 3899 3898
f 3827 3828 3899
f 3828 3900 3899
f 3828 3829 3900
f 3829 3901 3900
f 3829 3830 3901
f 3830 3902 3901
f 3830 3831 3902
f 3831 3903 3902
f 3831 3832 3903
f 3832 3904 3903
f 3832 3833 3904
f 3833 3905 3904
f 3833 3834 3905
f 3834 3906 3905
f 3834 3835 3906
f 3835 3907 3906
f 3835 3836 3907
f 3836 3908 3907
f 3836 3837 3908
f 3837 3909 3908
f 3837 3838 3909
f 3838 3910 3909
f 3838 3839 3910
f 3839 3911 3910
f 3839 3840 3911
f 3840 3912 3911
f 3840 3841 3912
f 3841 3913 3912
f 3841 3842 3913
f 3842 3914 3913
f 3842 3843 3914
f 3843 3915 3914
f 3843 3844 3915
f 3844 3916 3915
f 3844 3845 3916
f 3845 3917 3916
f 3845 3846 3917
f 3846 3918 3917
f 3846 3847 3918
f 3847 3919 3918
f 3847 3848 3919
f 3848 3920 3919
f 3848 3849 3920
f 3849 3921 3920
f 3849 3850 3921
f 3850 3922 3921
f 3850 3851 3922
f 3851 3923 3922
f 3851 3852 3923
f 3852 3924 3923
f 3852 3853 3924
f 3853 3925 3924
f 3853 3854 3925
f 3854 3926 3925
f 3854 3855 3926
f 3855 3927 3926
f 3855 3856 3927
f 3856 3928 3927
f 3856 3857 3928
f 3857 3929 3928
f 3857 3858 3929
f 3858 3930 3929
f 3858 3859 3930
f 3859 3931 3930
f 3859 3860 3931
f 3860 3932 3931
f 3860 3861 3932
f 3861 3933 3932
f 3861 3862 3933
f 3862 3934 3933
f 3862 3863 3934
f 3863 3935 3934
f 3863 3864 3935
f 3864 3936 3935
f 3864 3865 3936
f 3865 3937 3936
f 3865 3866 3937
f 3866 3938 3937
f 3866 3867 3938
f 3867 3939 3938
f 3867 3868 3939
f 3868 3940 3939
f 3868 3869 3940
f 3869 3941 3940
f 3869 3870 3941
f 3870 3942 3941
f 3870 3871 3942
f 3871 3943 3942
f 3871 3872 3943
f 3872 3944 3943
f 3872 3873 3944
f 3873 3945 3944
f 3873 3874 3945
f 3874 3946 3945
f 3874 3875 3946
f 3875 3947 3946
f 3875 3876 3947
f 3876 3948 3947
f 3876 3877 3948
f 3877 3949 3948
f 3877 3878 3949
f 3878 3950 3949
f 3878 3879 3950
f 3879 3951 3950
f 3879 3880 3951
f 3880 3952 3951
f 3880 3881 3952
f 3881 3953 3952
f 3881 3882 3953
f 3882 3954 3953
f 3882 3883 3954
f 3883 3955 3954
f 3883 3884 3955
f 3884 3956 3955
f 3884 3885 3956
f 3885 3957 3956
f 3885 3886 3957
f 3886 3958 3957
f 3886 3887 3958
f 3887 3959 3958
f 3887 3888 3959
f 3888 3960 3959
f 3888 3817 3960
f 3817 3889 3960
f 3889 3890 3961
f 3890 3962 3961
f 3890 3891 3962
f 3891 3963 3962
f 3891 3892 3963
f 3892 3964 3963
f 3892 3893 3964
f 3893 3965 3964
f 3893 3894 3965
f 3894 3966 3965
f 3894 3895 3966
f 3895 3967 3966
f 3895 3896 3967
f 3896 3968 3967
f 3896 3897 3968
f 3897 3969 3968
f 3897 3898 3969
f 3898 3970 3969
f 3898 3899 3970
f 3899 3971 3970
f 3899 3900 3971
f 3900 3972 3971
f 3900 3901 3972
f 3901 3973 3972
f 3901 3902 3973
f 3902 3974 3973
f 3902 3903 3974
f 3903 3975 3974
f 3903 3904 3975
f 3904 3976 3975
f 3904 3905 3976
f 3905 3977 3976
f 3905 3906 3977
f 3906 3978 3977
f 3906 3907 3978
f 3907 3979 3978
f 3907 3908 3979
f 3908 3980 3979
f 3908 3909 3980
f 3909 3981 3980
f 3909 3910 3981
f 3910 3982 3981
f 3910 3911 3982
f 3911 3983 3982
f 3911 3912 3983
f 3912 3984 3983
f 3912 3913 3984
f 3913 3985 3984
f 3913 3914 3985
f 3914 3986 3985
f 3914 3915 3986
f 3915 3987 3986
f 3915 3916 3987
f 3916 3988 3987
f 3916 3917 3988
f 3917 3989 3988
f 3917 3918 3989
f 3918 3990 3989
f 3918 3919 3990
f 3919 3991 3990
f 3919 3920 3991
f 3920 3992 3991
f 3920 3921 3992
f 3921 3993 3992
f 3921 3922 3993
f 3922 3994 3993
f 3922 3923 3994
f 3923 3995 3994
f 3923 3924 3995
f 3924 3996 3995
f 3924 3925 3996
f 3925 3997 3996
f 3925 3926 3997
f 3926 3998 3997
f 3926 3927 3998
f 3927 3999 3998
f 3927 3928 3999
f 3928 4000 3999
f 3928 3929 4000
f 3929 4001 4000
f 3929 3930 4001
f 3930 4002 4001
f 3930 3931 4002
f 3931 4003 4002
f 3931 3932 4003
f 3932 4004 4003
f 3932 3933 4004
f 3933 4005 4004
f 3933 3934 4005
f 3934 4006 4005
f 3934 3935 4006
f 3935 4007 4006
f 3935 3936 4007
f 3936 4008 4007
f 3936 3937 4008
f 3937 4009 4008
f 3937 3938 4009
f 3938 4010 4009
f 3938 3939 4010
f 3939 4011 4010
f 3939 3940 4011
f 3940 4012 4011
f 3940 3941 4012
f 3941 4013 4012
f 3941 3942 4013
f 3942 4014 4013
f 3942 3943 4014
f 3943 4015 4014
f 3943 3944 4015
f 3944 4016 4015
f 3944 3945 4016
f 3945 4017 4016
f 3945 3946 4017
f 3946 4018 4017
f 3946 3947 4018
f 3947 4019 4018
f 3947 3948 4019
f 3948 4020 4019
f 3948 3949 4020
f 3949 4021 4020
f 3949 3950 4021
f 3950 4022 4021
f 3950 3951 4022
f 3951 4023 4022
f 3951 3952 4023
f 3952 4024 4023
f 3952 3953 4024
f 3953 4025 4024
f 3953 3954 4025
f 3954 4026 4025
f 3954 3955 4026
f 3955 4027 4026
f 3955 3956 4027
f 3956 4028 4027
f 3956 3957 4028
f 3957 4029 4028
f 3957 3958 4029
f 3958 4030 4029
f 3958 3959 4030
f 3959 4031 4030
f 3959 3960 4031
f 3960 4032 4031
f 3960 3889 4032
f 3889 3961 4032
f 3961 3962 4033
f 3962 4034 4033
f 3962 3963 4034
f 3963 4035 4034
f 3963 3964 4035
f 3964 4036 4035
f 3964 3965 4036
f 3965 4037 4036
f 3965 3966 4037
f 3966 4038 4037
f 3966 3967 4038
f 3967 4039 4038
f 3967 3968 4039
f 3968 4040 4039
f 3968 3969 4040
f 3969 4041 4040
f 3969 3970 4041
f 3970 4042 4041
f 3970 3971 4042
f 3971 4043 4042
f 3971 3972 4043
f 3972 4044 4043
f 3972 3973 4044
f 3973 4045 4044
f 3973 3974 4045
f 3974 4046 4045
f 3974 3975 4046
f 3975 4047 4046
f 3975 3976 4047
f 3976 4048 4047
f 3976 3977 4048
f 3977 4049 4048
f 3977 3978 4049
f 3978 4050 4049
f 3978 3979 4050
f 3979 4051 4050
f 3979 3980 4051
f 3980 4052 4051
f 3980 3981 4052
f 3981 4053 4052
f 3981 3982 4053
f 3982 4054 4053
f 3982 3983 4054
f 3983 4055 4054
f 3983 3984 4055
f 3984 4056 4055
f 3984 3985 4056
f 3985 4057 4056
f 3985 3986 4057
f 3986 4058 4057
f 3986 3987 4058
f 3987 4059 4058
f 3987 3988 4059
f 3988 4060 4059
f 3988 3989 4060
f 3989 4061 4060
f 3989 3990 4061
f 3990 4062 4061
f 3990 3991 4062
f 3991 4063 4062
f 3991 3992 4063
f 3992 4064 4063
f 3992 3993 4064
f 3993 4065 4064
f 3993 3994 4065
f 3994 4066 4065
f 3994 3995 4066
f 3995 4067 4066
f 3995 3996 4067
f 3996 4068 4067
f 3996 3997 4068
f 3997 4069 4068
f 3997 3998 4069
f 3998 4070 4069
f 3998 3999 4070
f 3999 4071 4070
f 3999 4000 4071
f 4000 4072 4071
f 4000 4001 4072
f 4001 4073 4072
f 4001 4002 4073
f 4002 4074 4073
f 4002 4003 4074
f 4003 4075 4074
f 4003 4004 4075
f 4004 4076 4075
f 4004 4005 4076
f 4005 4077 4076
f 4005 4006 4077
f 4006 4078 4077
f 4006 4007 4078
f 4007 4079 4078
f 4007 4008 4079
f 4008 4080 4079
f 4008 4009 4080
f 4009 4081 4080
f 4009 4010 4081
f 4010 4082 4081
f 4010 4011 4082
f 4011 4083 4082
f 4011 4012 4083
f 4012 4084 4083
f 4012 4013 4084
f 4013 4085 4084
f 4013 4014 4085
f 4014 4086 4085
f 4014 4015 4086
f 4015 4087 4086
f 4015 4016 4087
f 4016 4088 4087
f 4016 4017 4088
f 4017 4089 4088
f 4017 4018 4089
f 4018 4090 4089
f 4018 4019 4090
f 4019 4091 4090
f 4019 4020 4091
f 4020 4092 4091
f 4020 4021 4092
f 4021 4093 4092
f 4021 4022 4093
f 4022 4094 4093
f 4022 4023 4094
f 4023 4095 4094
f 4023 4024 4095
f 4024 4096 4095
f 4024 4025 4096
f 4025 4097 4096
f 4025 4026 4097
f 4026 4098 4097
f 4026 4027 4098
f 4027 4099 4098
f 4027 4028 4099
f 4028 4100 4099
f 4028 4029 4100
f 4029 4101 4100
f 4029 4030 4101
f 4030 4102 4101
f 4030 4031 4102
f 4031 4103 4102
f 4031 4032 4103
f 4032 4104 4103
f 4032 3961 4104
f 3961 4033 4104
f 4033 4034 4105
f 4034 4106 4105
f 4034 4035 4106
f 4035 4107 4106
f 4035 4036 4107
f 4036 4108 4107
f 4036 4037 4108
f 4037 4109 4108
f 4037 4038 4109
f 4038 4110 4109
f 4038 4039 4110
f 4039 4111 4110
f 4039 4040 4111
f 4040 4112 4111
f 4040 4041 4112
f 4041 4113 4112
f 4041 4042 4113
f 4042 4114 4113
f 4042 4043 4114
f 4043 4115 4114
f 4043 4044 4115
f 4044 4116 4115
f 4044 4045 4116
f 4045 4117 4116
f 4045 4046 4117
f 4046 4118 4117
f 4046 4047 4118
f 4047 4119 4118
f 4047 4048 4119
f 4048 4120 4119
f 4048 4049 4120
f 4049 4121 4120
f 4049 4050 4121
f 4050 4122 4121
f 4050 4051 4122
f 4051 4123 4122
f 4051 4052 4123
f 4052 4124 4123
f 4052 4053 4124
f 4053 4125 4124
f 4053 4054 4125
f 4054 4126 4125
f 4054 4055 4126
f 4055 4127 4126
f 4055 4056 4127
f 4056 4128 4127
f 4056 4057 4128
f 4057 4129 4128
f 4057 4058 4129
f 4058 4130 4129
f 4058 4059 4130
f 4059 4131 4130
f 4059 4060 4131
f 4060 4132 4131
f 4060 4061 4132
f 4061 4133 4132
f 4061 4062 4133
f 4062 4134 4133
f 4062 4063 4134
f 4063 4135 4134
f 4063 4064 4135
f 4064 4136 4135
f 4064 4065 4136
f 4065 4137 4136
f 4065 4066 4137
f 4066 4138 4137
f 4066 4067 4138
f 4067 4139 4138
f 4067 4068 4139
f 4068 4140 4139
f 4068 4069 4140
f 4069 4141 4140
f 4069 4070 4141
f 4070 4142 4141
f 4070 4071 4142
f 4071 4143 4142
f 4071 4072 4143
f 4072 4144 4143
f 4072 4073 4144
f 4073 4145 4144
f 4073 4074 4145
f 4074 4146 4145
f 4074 4075 4146
f 4075 4147 4146
f 4075 4076 4147
f 4076 4148 4147
f 4076 4077 4148
f 4077 4149 4148
f 4077 4078 4149
f 4078 4150 4149
f 4078 4079 4150
f 4079 4151 4150
f 4079 4080 4151
f 4080 4152 4151
f 4080 4081 4152
f 4081 4153 4152
f 4081 4082 4153
f 4082 4154 4153
f 4082 4083 4154
f 4083 4155 4154
f 4083 4084 4155
f 4084 4156 4155
f 4084 4085 4156
f 4085 4157 4156
f 4085 4086 4157
f 4086 4158 4157
f 4086 4087 4158
f 4087 4159 4158
f 4087 4088 4159
f 4088 4160 4159
f 4088 4089 4160
f 4089 4161 4160
f 4089 4090 4161
f 4090 4162 4161
f 4090 4091 4162
f 4091 4163 4162
f 4091 4092 4163
f 4092 4164 4163
f 4092 4093 4164
f 4093 4165 4164
f 4093 4094 4165
f 4094 4166 4165
f 4094 4095 4166
f 4095 4167 4166
f 4095 4096 4167
f 4096 4168 4167
f 4096 4097 4168
f 4097 4169 4168
f 4097 4098 4169
f 4098 4170 4169
f 4098 4099 4170
f 4099 4171 4170
f 4099 4100 4171
f 4100 4172 4171
f 4100 4101 4172
f 4101 4173 4172
f 4101 4102 4173
f 4102 4174 4173
f 4102 4103 4174
f 4103 4175 4174
f 4103 4104 4175
f 4104 4176 4175
f 4104 4033 4176
f 4033 4105 4176
f 4105 4106 4177
f 4106 4178 4177
f 4106 4107 4178
f 4107 4179 4178
f 4107 4108 4179
f 4108 4180 4179
f 4108 4109 4180
f 4109 4181 4180
f 4109 4110 4181
f 4110 4182 4181
f 4110 4111 4182
f 4111 4183 4182
f 4111 4112 4183
f 4112 4184 4183
f 4112 4113 4184
f 4113 4185 4184
f 4113 4114 4185
f 4114 4186 4185
f 4114 4115 4186
f 4115 4187 4186
f 4115 4116 4187
f 4116 4188 4187
f 4116 4117 4188
f 4117 4189 4188
f 4117 4118 4189
f 4118 4190 4189
f 4118 4119 4190
f 4119 4191 4190
f 4119 4120 4191
f 4120 4192 4191
f 4120 4121 4192
f 4121 4193 4192
f 4121 4122 4193
f 4122 4194 4193
f 4122 4123 4194
f 4123 4195 4194
f 4123 4124 4195
f 4124 4196 4195
f 4124 4125 4196
f 4125 4197 4196
f 4125 4126 4197
f 4126 4198 4197
f 4126 4127 4198
f 4127 4199 4198
f 4127 4128 4199
f 4128 4200 4199
f 4128 4129 4200
f 4129 4201 4200
f 4129 4130 4201
f 4130 4202 4201
f 4130 4131 4202
f 4131 4203 4202
f 4131 4132 4203
f 4132 4204 4203
f 4132 4133 4204
f 4133 4205 4204
f 4133 4134 4205
f 4134 4206 4205
f 4134 4135 4206
f 4135 4207 4206
f 4135 4136 4207
f 4136 4208 4207
f 4136 4137 4208
f 4137 4209 4208
f 4137 4138 4209
f 4138 4210 4209
f 4138 4139 4210
f 4139 4211 4210
f 4139 4140 4211
f 4140 4212 4211
f 4140 4141 4212
f 4141 4213 4212
f 4141 4142 4213
f 4142 4214 4213
f 4142 4143 4214
f 4143 4215 4214
f 4143 4144 4215
f 4144 4216 4215
f 4144 4145 4216
f 4145 4217 4216
f 4145 4146 4217
f 4146 4218 4217
f 4146 4147 4218
f 4147 4219 4218
f 4147 4148 4219
f 4148 4220 4219
f 4148 4149 4220
f 4149 4221 4220
f 4149 4150 4221
f 4150 4222 4221
f 4150 4151 4222
f 4151 4223 4222
f 4151 4152 4223
f 4152 4224 4223
f 4152 4153 4224
f 4153 4225 4224
f 4153 4154 4225
f 4154 4226 4225
f 4154 4155 4226
f 4155 4227 4226
f 4155 4156 4227
f 4156 4228 4227
f 4156 4157 4228
f 4157 4229 4228
f 4157 4158 4229
f 4158 4230 4229
f 4158 4159 4230
f 4159 4231 4230
f 4159 4160 4231
f 4160 4232 4231
f 4160 4161 4232
f 4161 4233 4232
f 4161 4162 4233
f 4162 4234 4233
f 4162 4163 4234
f 4163 4235 4234
f 4163 4164 4235
f 4164 4236 4235
f 4164 4165 4236
f 4165 4237 4236
f 4165 4166 4237
f 4166 4238 4237
f 4166 4167 4238
f 4167 4239 4238
f 4167 4168 4239
f 4168 4240 4239
f 4168 4169 4240
f 4169 4241 4240
f 4169 4170 4241
f 4170 4242 4241
f 4170 4171 4242
f 4171 4243 4242
f 4171 4172 4243
f 4172 4244 4243
f 4172 4173 4244
f 4173 4245 4244
f 4173 4174 4245
f 4174 4246 4245
f 4174 4175 4246
f 4175 4247 4246
f 4175 4176 4247
f 4176 4248 4247
f 4176 4105 4248
f 4105 4177 4248
f 4177 4178 4249
f 4178 4250 4249
f 4178 4179 4250
f 4179 4251 4250
f 4179 4180 4251
f 4180 4252 4251
f 4180 4181 4252
f 4181 4253 4252
f 4181 4182 4253
f 4182 4254 4253
f 4182 4183 4254
f 4183 4255 4254
f 4183 4184 4255
f 4184 4256 4255
f 4184 4185 4256
f 4185 4257 4256
f 4185 4186 4257
f 4186 4258 4257
f 4186 4187 4258
f 4187 4259 4258
f 4187 4188 4259
f 4188 4260 4259
f 4188 4189 4260
f 4189 4261 4260
f 4189 4190 4261
f 4190 4262 4261
f 4190 4191 4262
f 4191 4263 4262
f 4191 4192 4263
f 4192 4264 4263
f 4192 4193 4264
f 4193 4265 4264
f 4193 4194 4265
f 4194 4266 4265
f 4194 4195 4266
f 4195 4267 4266
f 4195 4196 4267
f 4196 4268 4267
f 4196 4197 4268
f 4197 4269 4268
f 4197 4198 4269
f 4198 4270 4269
f 4198 4199 4270
f 4199 4271 4270
f 4199 4200 4271
f 4200 4272 4271
f 4200 4201 4272
f 4201 4273 4272
f 4201 4202 4273
f 4202 4274 4273
f 4202 4203 4274
f 4203 4275 4274
f 4203 4204 4275
f 4204 4276 4275
f 4204 4205 4276
f 4205 4277 4276
f 4205 4206 4277
f 4206 4278 4277
f 4206 4207 4278
f 4207 4279 4278
f 4207 4208 4279
f 4208 4280 4279
f 4208 4209 4280
f 4209 4281 4280
f 4209 4210 4281
f 4210 4282 4281
f 4210 4211 4282
f 4211 4283 4282
f 4211 4212 4283
f 4212 4284 4283
f 4212 4213 4284
f 4213 4285 4284
f 4213 4214 4285
f 4214 4286 4285
f 4214 4215 4286
f 4215 4287 4286
f 4215 4216 4287
f 4216 4288 4287
f 4216 4217 4288
f 4217 4289 4288
f 4217 4218 4289
f 4218 4290 4289
f 4218 4219 4290
f 4219 4291 4290
f 4219 4220 4291
f 4220 4292 4291
f 4220 4221 4292
f 4221 4293 4292
f 4221 4222 4293
f 4222 4294 4293
f 4222 4223 4294
f 4223 4295 4294
f 4223 4224 4295
f 4224 4296 4295
f 4224 4225 4296
f 4225 4297 4296
f 4225 4226 4297
f 4226 4298 4297
f 4226 4227 4298
f 4227 4299 4298
f 4227 4228 4299
f 4228 4300 4299
f 4228 4229 4300
f 4229 4301 4300
f 4229 4230 4301
f 4230 4302 4301
f 4230 4231 4302
f 4231 4303 4302
f 4231 4232 4303
f 4232 4304 4303
f 4232 4233 4304
f 4233 4305 4304
f 4233 4234 4305
f 4234 4306 4305
f 4234 4235 4306
f 4235 4307 4306
f 4235 4236 4307
f 4236 4308 4307
f 4236 4237 4308
f 4237 4309 4308
f 4237 4238 4309
f 4238 4310 4309
f 4238 4239 4310
f 4239 4311 4310
f 4239 4240 4311
f 4240 4312 4311
f 4240 4241 4312
f 4241 4313 4312
f 4241 4242 4313
f 4242 4314 4313
f 4242 4243 4314
f 4243 4315 4314
f 4243 4244 4315
f 4244 4316 4315
f 4244 4245 4316
f 4245 4317 4316
f 4245 4246 4317
f 4246 4318 4317
f 4246 4247 4318
f 4247 4319 4318
f 4247 4248 4319
f 4248 4320 4319
f 4248 4177 4320
f 4177 4249 4320
f 4249 4250 4321
f 4250 4322 4321
f 4250 4251 4322
f 4251 4323 4322
f 4251 4252 4323
f 4252 4324 4323
f 4252 4253 4324
f 4253 4325 4324
f 4253 4254 4325
f 4254 4326 4325
f 4254 4255 4326
f 4255 4327 4326
f 4255 4256 4327
f 4256 4328 4327
f 4256 4257 4328
f 4257 4329 4328
f 4257 4258 4329
f 4258 4330 4329
f 4258 4259 4330
f 4259 4331 4330
f 4259 4260 4331
f 4260 4332 4331
f 4260 4261 4332
f 4261 4333 4332
f 4261 4262 4333
f 4262 4334 4333
f 4262 4263 4334
f 4263 4335 4334
f 4263 4264 4335
f 4264 4336 4335
f 4264 4265 4336
f 4265 4337 4336
f 4265 4266 4337
f 4266 4338 4337
f 4266 4267 4338
f 4267 4339 4338
f 4267 4268 4339
f 4268 4340 4339
f 4268 4269 4340
f 4269 4341 4340
f 4269 4270 4341
f 4270 4342 4341
f 4270 4271 4342
f 4271 4343 4342
f 4271 4272 4343
f 4272 4344 4343
f 4272 4273 4344
f 4273 4345 4344
f 4273 4274 4345
f 4274 4346 4345
f 4274 4275 4346
f 4275 4347 4346
f 4275 4276 4347
f 4276 4348 4347
f 4276 4277 4348
f 4277 4349 4348
f 4277 4278 4349
f 4278 4350 4349
f 4278 4279 4350
f 4279 4351 4350
f 4279 4280 4351
f 4280 4352 4351
f 4280 4281 4352
f 4281 4353 4352
f 4281 4282 4353
f 4282 4354 4353
f 4282 4283 4354
f 4283 4355 4354
f 4283 4284 4355
f 4284 4356 4355
f 4284 4285 4356
f 4285 4357 4356
f 4285 4286 4357
f 4286 4358 4357
f 4286 4287 4358
f 4287 4359 4358
f 4287 4288 4359
f 4288 4360 4359
f 4288 4289 4360
f 4289 4361 4360
f 4289 4290 4361
f 4290 4362 4361
f 4290 4291 4362
f 4291 4363 4362
f 4291 4292 4363
f 4292 4364 4363
f 4292 4293 4364
f 4293 4365 4364
f 4293 4294 4365
f 4294 4366 4365
f 4294 4295 4366
f 4295 4367 4366
f 4295 4296 4367
f 4296 4368 4367
f 4296 4297 4368
f 4297 4369 4368
f 4297 4298 4369
f 4298 4370 4369
f 4298 4299 4370
f 4299 4371 4370
f 4299 4300 4371
f 4300 4372 4371
f 4300 4301 4372
f 4301 4373 4372
f 4301 4302 4373
f 4302 4374 4373
f 4302 4303 4374
f 4303 4375 4374
f 4303 4304 4375
f 4304 4376 4375
f 4304 4305 4376
f 4305 4377 4376
f 4305 4306 4377
f 4306 4378 4377
f 4306 4307 4378
f 4307 4379 4378
f 4307 4308 4379
f 4308 4380 4379
f 4308 4309 4380
f 4309 4381 4380
f 4309 4310 4381
f 4310 4382 4381
f 4310 4311 4382
f 4311 4383 4382
f 4311 4312 4383
f 4312 4384 4383
f 4312 4313 4384
f 4313 4385 4384
f 4313 4314 4385
f 4314 4386 4385
f 4314 4315 4386
f 4315 4387 4386
f 4315 4316 4387
f 4316 4388 4387
f 4316 4317 4388
f 4317 4389 4388
f 4317 4318 4389
f 4318 4390 4389
f 4318 4319 4390
f 4319 4391 4390
f 4319 4320 4391
f 4320 4392 4391
f 4320 4249 4392
f 4249 4321 4392
f 4321 4322 4393
f 4322 4394 4393
f 4322 4323 4394
f 4323 4395 4394
f 4323 4324 4395
f 4324 4396 4395
f 4324 4325 4396
f 4325 4397 4396
f 4325 4326 4397
f 4326 4398 4397
f 4326 4327 4398
f 4327 4399 4398
f 4327 4328 4399
f 4328 4400 4399
f 4328 4329 4400
f 4329 4401 4400
f 4329 4330 4401
f 4330 4402 4401
f 4330 4331 4402
f 4331 4403 4402
f 4331 4332 4403
f 4332 4404 4403
f 4332 4333 4404
f 4333 4405 4404
f 4333 4334 4405
f 4334 4406 4405
f 4334 4335 4406
f 4335 4407 4406
f 4335 4336 4407
f 4336 4408 4407
f 4336 4337 4408
f 4337 4409 4408
f 4337 4338 4409
f 4338 4410 4409
f 4338 4339 4410
f 4339 4411 4410
f 4339 4340 4411
f 4340 4412 4411
f 4340 4341 4412
f 4341 4413 4412
f 4341 4342 4413
f 4342 4414 4413
f 4342 4343 4414
f 4343 4415 4414
f 4343 4344 4415
f 4344 4416 4415
f 4344 4345 4416
f 4345 4417 4416
f 4345 4346 4417
f 4346 4418 4417
f 4346 4347 4418
f 4347 4419 4418
f 4347 4348 4419
f 4348 4420 4419
f 4348 4349 4420
f 4349 4421 4420
f 4349 4350 4421
f 4350 4422 4421
f 4350 4351 4422
f 4351 4423 4422
f 4351 4352 4423
f 4352 4424 4423
f 4352 4353 4424
f 4353 4425 4424
f 4353 4354 4425
f 4354 4426 4425
f 4354 4355 4426
f 4355 4427 4426
f 4355 4356 4427
f 4356 4428 4427
f 4356 4357 4428
f 4357 4429 4428
f 4357 4358 4429
f 4358 4430 4429
f 4358 4359 4430
f 4359 4431 4430
f 4359 4360 4431
f 4360 4432 4431
f 4360 4361 4432
f 4361 4433 4432
f 4361 4362 4433
f 4362 4434 4433
f 4362 4363 4434
f 4363 4435 4434
f 4363 4364 4435
f 4364 4436 4435
f 4364 4365 4436
f 4365 4437 4436
f 4365 4366 4437
f 4366 4438 4437
f 4366 4367 4438
f 4367 4439 4438
f 4367 4368 4439
f 4368 4440 4439
f 4368 4369 4440
f 4369 4441 4440
f 4369 4370 4441
f 4370 4442 4441
f 4370 4371 4442
f 4371 4443 4442
f 4371 4372 4443
f 4372 4444 4443
f 4372 4373 4444
f 4373 4445 4444
f 4373 4374 4445
f 4374 4446 4445
f 4374 4375 4446
f 4375 4447 4446
f 4375 4376 4447
f 4376 4448 4447
f 4376 4377 4448
f 4377 4449 4448
f 4377 4378 4449
f 4378 4450 4449
f 4378 4379 4450
f 4379 4451 4450
f 4379 4380 4451
f 4380 4452 4451
f 4380 4381 4452
f 4381 4453 4452
f 4381 4382 4453
f 4382 4454 4453
f 4382 4383 4454
f 4383 4455 4454
f 4383 4384 4455
f 4384 4456 4455
f 4384 4385 4456
f 4385 4457 4456
f 4385 4386 4457
f 4386 4458 4457
f 4386 4387 4458
f 4387 4459 4458
f 4387 4388 4459
f 4388 4460 4459
f 4388 4389 4460
f 4389 4461 4460
f 4389 4390 4461
f 4390 4462 4461
f 4390 4391 4462
f 4391 4463 4462
f 4391 4392 4463
f 4392 4464 4463
f 4392 4321 4464
f 4321 4393 4464
f 4393 4394 4465
f 4394 4466 4465
f 4394 4395 4466
f 4395 4467 4466
f 4395 4396 4467
f 4396 4468 4467
f 4396 4397 4468
f 4397 4469 4468
f 4397 4398 4469
f 4398 4470 4469
f 4398 4399 4470
f 4399 4471 4470
f 4399 4400 4471
f 4400 4472 4471
f 4400 4401 4472
f 4401 4473 4472
f 4401 4402 4473
f 4402 4474 4473
f 4402 4403 4474
f 4403 4475 4474
f 4403 4404 4475
f 4404 4476 4475
f 4404 4405 4476
f 4405 4477 4476
f 4405 4406 4477
f 4406 4478 4477
f 4406 4407 4478
f 4407 4479 4478
f 4407 4408 4479
f 4408 4480 4479
f 4408 4409 4480
f 4409 4481 4480
f 4409 4410 4481
f 4410 4482 4481
f 4410 4411 4482
f 4411 4483 4482
f 4411 4412 4483
f 4412 4484 4483
f 4412 4413 4484
f 4413 4485 4484
f 4413 4414 4485
f 4414 4486 4485
f 4414 4415 4486
f 4415 4487 4486
f 4415 4416 4487
f 4416 4488 4487
f 4416 4417 4488
f 4417 4489 4488
f 4417 4418 4489
f 4418 4490 4489
f 4418 4419 4490
f 4419 4491 4490
f 4419 4420 4491
f 4420 4492 4491
f 4420 4421 4492
f 4421 4493 4492
f 4421 4422 4493
f 4422 4494 4493
f 4422 4423 4494
f 4423 4495 4494
f 4423 4424 4495
f 4424 4496 4495
f 4424 4425 4496
f 4425 4497 4496
f 4425 4426 4497
f 4426 4498 4497
f 4426 4427 4498
f 4427 4499 4498
f 4427 4428 4499
f 4428 4500 4499
f 4428 4429 4500
f 4429 4501 4500
f 4429 4430 4501
f 4430 4502 4501
f 4430 4431 4502
f 4431 4503 4502
f 4431 4432 4503
f 4432 4504 4503
f 4432 4433 4504
f 4433 4505 4504
f 4433 4434 4505
f 4434 4506 4505
f 4434 4435 4506
f 4435 4507 4506
f 4435 4436 4507
f 4436 4508 4507
f 4436 4437 4508
f 4437 4509 4508
f 4437 4438 4509
f 4438 4510 4509
f 4438 4439 4510
f 4439 4511 4510
f 4439 4440 4511
f 4440 4512 4511
f 4440 4441 4512
f 4441 4513 4512
f 4441 4442 4513
f 4442 4514 4513
f 4442 4443 4514
f 4443 4515 4514
f 4443 4444 4515
f 4444 4516 4515
f 4444 4445 4516
f 4445 4517 4516
f 4445 4446 4517
f 4446 4518 4517
f 4446 4447 4518
f 4447 4519 4518
f 4447 4448 4519
f 4448 4520 4519
f 4448 4449 4520
f 4449 4521 4520
f 4449 4450 4521
f 4450 4522 4521
f 4450 4451 4522
f 4451 4523 4522
f 4451 4452 4523
f 4452 4524 4523
f 4452 4453 4524
f 4453 4525 4524
f 4453 4454 4525
f 4454 4526 4525
f 4454 4455 4526
f 4455 4527 4526
f 4455 4456 4527
f 4456 4528 4527
f 4456 4457 4528
f 4457 4529 4528
f 4457 4458 4529
f 4458 4530 4529
f 4458 4459 4530
f 4459 4531 4530
f 4459 4460 4531
f 4460 4532 4531
f 4460 4461 4532
f 4461 4533 4532
f 4461 4462 4533
f 4462 4534 4533
f 4462 4463 4534
f 4463 4535 4534
f 4463 4464 4535
f 4464 4536 4535
f 4464 4393 4536
f 4393 4465 4536
f 4465 4466 4537
f 4466 4538 4537
f 4466 4467 4538
f 4467 4539 4538
f 4467 4468 4539
f 4468 4540 4539
f 4468 4469 4540
f 4469 4541 4540
f 4469 4470 4541
f 4470 4542 4541
f 4470 4471 4542
f 4471 4543 4542
f 4471 4472 4543
f 4472 4544 4543
f 4472 4473 4544
f 4473 4545 4544
f 4473 4474 4545
f 4474 4546 4545
f 4474 4475 4546
f 4475 4547 4546
f 4475 4476 4547
f 4476 4548 4547
f 4476 4477 4548
f 4477 4549 4548
f 4477 4478 4549
f 4478 4550 4549
f 4478 4479 4550
f 4479 4551 4550
f 4479 4480 4551
f 4480 4552 4551
f 4480 4481 4552
f 4481 4553 4552
f 4481 4482 4553
f 4482 4554 4553
f 4482 4483 4554
f 4483 4555 4554
f 4483 4484 4555
f 4484 4556 4555
f 4484 4485 4556
f 4485 4557 4556
f 4485 4486 4557
f 4486 4558 4557
f 4486 4487 4558
f 4487 4559 4558
f 4487 4488 4559
f 4488 4560 4559
f 4488 4489 4560
f 4489 4561 4560
f 4489 4490 4561
f 4490 4562 4561
f 4490 4491 4562
f 4491 4563 4562
f 4491 4492 4563
f 4492 4564 4563
f 4492 4493 4564
f 4493 4565 4564
f 4493 4494 4565
f 4494 4566 4565
f 4494 4495 4566
f 4495 4567 4566
f 4495 4496 4567
f 4496 4568 4567
f 4496 4497 4568
f 4497 4569 4568
f 4497 4498 4569
f 4498 4570 4569
f 4498 4499 4570
f 4499 4571 4570
f 4499 4500 4571
f 4500 4572 4571
f 4500 4501 4572
f 4501 4573 4572
f 4501 4502 4573
f 4502 4574 4573
f 4502 4503 4574
f 4503 4575 4574
f 4503 4504 4575
f 4504 4576 4575
f 4504 4505 4576
f 4505 4577 4576
f 4505 4506 4577
f 4506 4578 4577
f 4506 4507 4578
f 4507 4579 4578
f 4507 4508 4579
f 4508 4580 4579
f 4508 4509 4580
f 4509 4581 4580
f 4509 4510 4581
f 4510 4582 4581
f 4510 4511 4582
f 4511 4583 4582
f 4511 4512 4583
f 4512 4584 4583
f 4512 4513 4584
f 4513 4585 4584
f 4513 4514 4585
f 4514 4586 4585
f 4514 4515 4586
f 4515 4587 4586
f 4515 4516 4587
f 4516 4588 4587
f 4516 4517 4588
f 4517 4589 4588
f 4517 4518 4589
f 4518 4590 4589
f 4518 4519 4590
f 4519 4591 4590
f 4519 4520 4591
f 4520 4592 4591
f 4520 4521 4592
f 4521 4593 4592
f 4521 4522 4593
f 4522 4594 4593
f 4522 4523 4594
f 4523 4595 4594
f 4523 4524 4595
f 4524 4596 4595
f 4524 4525 4596
f 4525 4597 4596
f 4525 4526 4597
f 4526 4598 4597
f 4526 4527 4598
f 4527 4599 4598
f 4527 4528 4599
f 4528 4600 4599
f 4528 4529 4600
f 4529 4601 4600
f 4529 4530 4601
f 4530 4602 4601
f 4530 4531 4602
f 4531 4603 4602
f 4531 4532 4603
f 4532 4604 4603
f 4532 4533 4604
f 4533 4605 4604
f 4533 4534 4605
f 4534 4606 4605
f 4534 4535 4606
f 4535 4607 4606
f 4535 4536 4607
f 4536 4608 4607
f 4536 4465 4608
f 4465 4537 4608
f 4537 4538 4609
f 4538 4610 4609
f 4538 4539 4610
f 4539 4611 4610
f 4539 4540 4611
f 4540 4612 4611
f 4540 4541 4612
f 4541 4613 4612
f 4541 4542 4613
f 4542 4614 4613
f 4542 4543 4614
f 4543 4615 4614
f 4543 4544 4615
f 4544 4616 4615
f 4544 4545 4616
f 4545 4617 4616
f 4545 4546 4617
f 4546 4618 4617
f 4546 4547 4618
f 4547 4619 4618
f 4547 4548 4619
f 4548 4620 4619
f 4548 4549 4620
f 4549 4621 4620
f 4549 4550 4621
f 4550 4622 4621
f 4550 4551 4622
f 4551 4623 4622
f 4551 4552 4623
f 4552 4624 4623
f 4552 4553 4624
f 4553 4625 4624
f 4553 4554 4625
f 4554 4626 4625
f 4554 4555 4626
f 4555 4627 4626
f 4555 4556 4627
f 4556 4628 4627
f 4556 4557 4628
f 4557 4629 4628
f 4557 4558 4629
f 4558 4630 4629
f 4558 4559 4630
f 4559 4631 4630
f 4559 4560 4631
f 4560 4632 4631
f 4560 4561 4632
f 4561 4633 4632
f 4561 4562 4633
f 4562 4634 4633
f 4562 4563 4634
f 4563 4635 4634
f 4563 4564 4635
f 4564 4636 4635
f 4564 4565 4636
f 4565 4637 4636
f 4565 4566 4637
f 4566 4638 4637
f 4566 4567 4638
f 4567 4639 4638
f 4567 4568 4639
f 4568 4640 4639
f 4568 4569 4640
f 4569 4641 4640
f 4569 4570 4641
f 4570 4642 4641
f 4570 4571 4642
f 4571 4643 4642
f 4571 4572 4643
f 4572 4644 4643
f 4572 4573 4644
f 4573 4645 4644
f 4573 4574 4645
f 4574 4646 4645
f 4574 4575 4646
f 4575 4647 4646
f 4575 4576 4647
f 4576 4648 4647
f 4576 4577 4648
f 4577 4649 4648
f 4577 4578 4649
f 4578 4650 4649
f 4578 4579 4650
f 4579 4651 4650
f 4579 4580 4651
f 4580 4652 4651
f 4580 4581 4652
f 4581 4653 4652
f 4581 4582 4653
f 4582 4654 4653
f 4582 4583 4654
f 4583 4655 4654
f 4583 4584 4655
f 4584 4656 4655
f 4584 4585 4656
f 4585 4657 4656
f 4585 4586 4657
f 4586 4658 4657
f 4586 4587 4658
f 4587 4659 4658
f 4587 4588 4659
f 4588 4660 4659
f 4588 4589 4660
f 4589 4661 4660
f 4589 4590 4661
f 4590 4662 4661
f 4590 4591 4662
f 4591 4663 4662
f 4591 4592 4663
f 4592 4664 4663
f 4592 4593 4664
f 4593 4665 4664
f 4593 4594 4665
f 4594 4666 4665
f 4594 4595 4666
f 4595 4667 4666
f 4595 4596 4667
f 4596 4668 4667
f 4596 4597 4668
f 4597 4669 4668
f 4597 4598 4669
f 4598 4670 4669
f 4598 4599 4670
f 4599 4671 4670
f 4599 4600 4671
f 4600 4672 4671
f 4600 4601 4672
f 4601 4673 4672
f 4601 4602 4673
f 4602 4674 4673
f 4602 4603 4674
f 4603 4675 4674
f 4603 4604 4675
f 4604 4676 4675
f 4604 4605 4676
f 4605 4677 4676
f 4605 4606 4677
f 4606 4678 4677
f 4606 4607 4678
f 4607 4679 4678
f 4607 4608 4679
f 4608 4680 4679
f 4608 4537 4680
f 4537 4609 4680
f 4609 4610 4681
f 4610 4682 4681
f 4610 4611 4682
f 4611 4683 4682
f 4611 4612 4683
f 4612 4684 4683
f 4612 4613 4684
f 4613 4685 4684
f 4613 4614 4685
f 4614 4686 4685
f 4614 4615 4686
f 4615 4687 4686
f 4615 4616 4687
f 4616 4688 4687
f 4616 4617 4688
f 4617 4689 4688
f 4617 4618 4689
f 4618 4690 4689
f 4618 4619 4690
f 4619 4691 4690
f 4619 4620 4691
f 4620 4692 4691
f 4620 4621 4692
f 4621 4693 4692
f 4621 4622 4693
f 4622 4694 4693
f 4622 4623 4694
f 4623 4695 4694
f 4623 4624 4695
f 4624 4696 4695
f 4624 4625 4696
f 4625 4697 4696
f 4625 4626 4697
f 4626 4698 4697
f 4626 4627 4698
f 4627 4699 4698
f 4627 4628 4699
f 4628 4700 4699
f 4628 4629 4700
f 4629 4701 4700
f 4629 4630 4701
f 4630 4702 4701
f 4630 4631 4702
f 4631 4703 4702
f 4631 4632 4703
f 4632 4704 4703
f 4632 4633 4704
f 4633 4705 4704
f 4633 4634 4705
f 4634 4706 4705
f 4634 4635 4706
f 4635 4707 4706
f 4635 4636 4707
f 4636 4708 4707
f 4636 4637 4708
f 4637 4709 4708
f 4637 4638 4709
f 4638 4710 4709
f 4638 4639 4710
f 4639 4711 4710
f 4639 4640 4711
f 4640 4712 4711
f 4640 4641 4712
f 4641 4713 4712
f 4641 4642 4713
f 4642 4714 4713
f 4642 4643 4714
f 4643 4715 4714
f 4643 4644 4715
f 4644 4716 4715
f 4644 4645 4716
f 4645 4717 4716
f 4645 4646 4717
f 4646 4718 4717
f 4646 4647 4718
f 4647 4719 4718
f 4647 4648 4719
f 4648 4720 4719
f 4648 4649 4720
f 4649 4721 4720
f 4649 4650 4721
f 4650 4722 4721
f 4650 4651 4722
f 4651 4723 4722
f 4651 4652 4723
f 4652 4724 4723
f 4652 4653 4724
f 4653 4725 4724
f 4653 4654 4725
f 4654 4726 4725
f 4654 4655 4726
f 4655 4727 4726
f 4655 4656 4727
f 4656 4728 4727
f 4656 4657 4728
f 4657 4729 4728
f 4657 4658 4729
f 4658 4730 4729
f 4658 4659 4730
f 4659 4731 4730
f 4659 4660 4731
f 4660 4732 4731
f 4660 4661 4732
f 4661 4733 4732
f 4661 4662 4733
f 4662 4734 4733
f 4662 4663 4734
f 4663 4735 4734
f 4663 4664 4735
f 4664 4736 4735
f 4664 4665 4736
f 4665 4737 4736
f 4665 4666 4737
f 4666 4738 4737
f 4666 4667 4738
f 4667 4739 4738
f 4667 4668 4739
f 4668 4740 4739
f 4668 4669 4740
f 4669 4741 4740
f 4669 4670 4741
f 4670 4742 4741
f 4670 4671 4742
f 4671 4743 4742
f 4671 4672 4743
f 4672 4744 4743
f 4672 4673 4744
f 4673 4745 4744
f 4673 4674 4745
f 4674 4746 4745
f 4674 4675 4746
f 4675 4747 4746
f 4675 4676 4747
f 4676 4748 4747
f 4676 4677 4748
f 4677 4749 4748
f 4677 4678 4749
f 4678 4750 4749
f 4678 4679 4750
f 4679 4751 4750
f 4679 4680 4751
f 4680 4752 4751
f 4680 4609 4752
f 4609 4681 4752
f 4681 4682 4753
f 4682 4754 4753
f 4682 4683 4754
f 4683 4755 4754
f 4683 4684 4755
f 4684 4756 4755
f 4684 4685 4756
f 4685 4757 4756
f 4685 4686 4757
f 4686 4758 4757
f 4686 4687 4758
f 4687 4759 4758
f 4687 4688 4759
f 4688 4760 4759
f 4688 4689 4760
f 4689 4761 4760
f 4689 4690 4761
f 4690 4762 4761
f 4690 4691 4762
f 4691 4763 4762
f 4691 4692 4763
f 4692 4764 4763
f 4692 4693 4764
f 4693 4765 4764
f 4693 4694 4765
f 4694 4766 4765
f 4694 4695 4766
f 4695 4767 4766
f 4695 4696 4767
f 4696 4768 4767
f 4696 4697 4768
f 4697 4769 4768
f 4697 4698 4769
f 4698 4770 4769
f 4698 4699 4770
f 4699 4771 4770
f 4699 4700 4771
f 4700 4772 4771
f 4700 4701 4772
f 4701 4773 4772
f 4701 4702 4773
f 4702 4774 4773
f 4702 4703 4774
f 4703 4775 4774
f 4703 4704 4775
f 4704 4776 4775
f 4704 4705 4776
f 4705 4777 4776
f 4705 4706 4777
f 4706 4778 4777
f 4706 4707 4778
f 4707 4779 4778
f 4707 4708 4779
f 4708 4780 4779
f 4708 4709 4780
f 4709 4781 4780
f 4709 4710 4781
f 4710 4782 4781
f 4710 4711 4782
f 4711 4783 4782
f 4711 4712 4783
f 4712 4784 4783
f 4712 4713 4784
f 4713 4785 4784
f 4713 4714 4785
f 4714 4786 4785
f 4714 4715 4786
f 4715 4787 4786
f 4715 4716 4787
f 4716 4788 4787
f 4716 4717 4788
f 4717 4789 4788
f 4717 4718 4789
f 4718 4790 4789
f 4718 4719 4790
f 4719 4791 4790
f 4719 4720 4791
f 4720 4792 4791
f 4720 4721 4792
f 4721 4793 4792
f 4721 4722 4793
f 4722 4794 4793
f 4722 4723 4794
f 4723 4795 4794
f 4723 4724 4795
f 4724 4796 4795
f 4724 4725 4796
f 4725 4797 4796
f 4725 4726 4797
f 4726 4798 4797
f 4726 4727 4798
f 4727 4799 4798
f 4727 4728 4799
f 4728 4800 4799
f 4728 4729 4800
f 4729 4801 4800
f 4729 4730 4801
f 4730 4802 4801
f 4730 4731 4802
f 4731 4803 4802
f 4731 4732 4803
f 4732 4804 4803
f 4732 4733 4804
f 4733 4805 4804
f 4733 4734 4805
f 4734 4806 4805
f 4734 4735 4806
f 4735 4807 4806
f 4735 4736 4807
f 4736 4808 4807
f 4736 4737 4808
f 4737 4809 4808
f 4737 4738 4809
f 4738 4810 4809
f 4738 4739 4810
f 4739 4811 4810
f 4739 4740 4811
f 4740 4812 4811
f 4740 4741 4812
f 4741 4813 4812
f 4741 4742 4813
f 4742 4814 4813
f 4742 4743 4814
f 4743 4815 4814
f 4743 4744 4815
f 4744 4816 4815
f 4744 4745 4816
f 4745 4817 4816
f 4745 4746 4817
f 4746 4818 4817
f 4746 4747 4818
f 4747 4819 4818
f 4747 4748 4819
f 4748 4820 4819
f 4748 4749 4820
f 4749 4821 4820
f 4749 4750 4821
f 4750 4822 4821
f 4750 4751 4822
f 4751 4823 4822
f 4751 4752 4823
f 4752 4824 4823
f 4752 4681 4824
f 4681 4753 4824
f 4753 4754 4825
f 4754 4826 4825
f 4754 4755 4826
f 4755 4827 4826
f 4755 4756 4827
f 4756 4828 4827
f 4756 4757 4828
f 4757 4829 4828
f 4757 4758 4829
f 4758 4830 4829
f 4758 4759 4830
f 4759 4831 4830
f 4759 4760 4831
f 4760 4832 4831
f 4760 4761 4832
f 4761 4833 4832
f 4761 4762 4833
f 4762 4834 4833
f 4762 4763 4834
f 4763 4835 4834
f 4763 4764 4835
f 4764 4836 4835
f 4764 4765 4836
f 4765 4837 4836
f 4765 4766 4837
f 4766 4838 4837
f 4766 4767 4838
f 4767 4839 4838
f 4767 4768 4839
f 4768 4840 4839
f 4768 4769 4840
f 4769 4841 4840
f 4769 4770 4841
f 4770 4842 4841
f 4770 4771 4842
f 4771 4843 4842
f 4771 4772 4843
f 4772 4844 4843
f 4772 4773 4844
f 4773 4845 4844
f 4773 4774 4845
f 4774 4846 4845
f 4774 4775 4846
f 4775 4847 4846
f 4775 4776 4847
f 4776 4848 4847
f 4776 4777 4848
f 4777 4849 4848
f 4777 4778 4849
f 4778 4850 4849
f 4778 4779 4850
f 4779 4851 4850
f 4779 4780 4851
f 4780 4852 4851
f 4780 4781 4852
f 4781 4853 4852
f 4781 4782 4853
f 4782 4854 4853
f 4782 4783 4854
f 4783 4855 4854
f 4783 4784 4855
f 4784 4856 4855
f 4784 4785 4856
f 4785 4857 4856
f 4785 4786 4857
f 4786 4858 4857
f 4786 4787 4858
f 4787 4859 4858
f 4787 4788 4859
f 4788 4860 4859
f 4788 4789 4860
f 4789 4861 4860
f 4789 4790 4861
f 4790 4862 4861
f 4790 4791 4862
f 4791 4863 4862
f 4791 4792 4863
f 4792 4864 4863
f 4792 4793 4864
f 4793 4865 4864
f 4793 4794 4865
f 4794 4866 4865
f 4794 4795 4866
f 4795 4867 4866
f 4795 4796 4867
f 4796 4868 4867
f 4796 4797 4868
f 4797 4869 4868
f 4797 4798 4869
f 4798 4870 4869
f 4798 4799 4870
f 4799 4871 4870
f 4799 4800 4871
f 4800 4872 4871
f 4800 4801 4872
f 4801 4873 4872
f 4801 4802 4873
f 4802 4874 4873
f 4802 4803 4874
f 4803 4875 4874
f 4803 4804 4875
f 4804 4876 4875
f 4804 4805 4876
f 4805 4877 4876
f 4805 4806 4877
f 4806 4878 4877
f 4806 4807 4878
f 4807 4879 4878
f 4807 4808 4879
f 4808 4880 4879
f 4808 4809 4880
f 4809 4881 4880
f 4809 4810 4881
f 4810 4882 4881
f 4810 4811 4882
f 4811 4883 4882
f 4811 4812 4883
f 4812 4884 4883
f 4812 4813 4884
f 4813 4885 4884
f 4813 4814 4885
f 4814 4886 4885
f 4814 4815 4886
f 4815 4887 4886
f 4815 4816 4887
f 4816 4888 4887
f 4816 4817 4888
f 4817 4889 4888
f 4817 4818 4889
f 4818 4890 4889
f 4818 4819 4890
f 4819 4891 4890
f 4819 4820 4891
f 4820 4892 4891
f 4820 4821 4892
f 4821 4893 4892
f 4821 4822 4893
f 4822 4894 4893
f 4822 4823 4894
f 4823 4895 4894
f 4823 4824 4895
f 4824 4896 4895
f 4824 4753 4896
f 4753 4825 4896
f 4825 4826 4897
f 4826 4898 4897
f 4826 4827 4898
f 4827 4899 4898
f 4827 4828 4899
f 4828 4900 4899
f 4828 4829 4900
f 4829 4901 4900
f 4829 4830 4901
f 4830 4902 4901
f 4830 4831 4902
f 4831 4903 4902
f 4831 4832 4903
f 4832 4904 4903
f 4832 4833 4904
f 4833 4905 4904
f 4833 4834 4905
f 4834 4906 4905
f 4834 4835 4906
f 4835 4907 4906
f 4835 4836 4907
f 4836 4908 4907
f 4836 4837 4908
f 4837 4909 4908
f 4837 4838 4909
f 4838 4910 4909
f 4838 4839 4910
f 4839 4911 4910
f 4839 4840 4911
f 4840 4912 4911
f 4840 4841 4912
f 4841 4913 4912
f 4841 4842 4913
f 4842 4914 4913
f 4842 4843 4914
f 4843 4915 4914
f 4843 4844 4915
f 4844 4916 4915
f 4844 4845 4916
f 4845 4917 4916
f 4845 4846 4917
f 4846 4918 4917
f 4846 4847 4918
f 4847 4919 4918
f 4847 4848 4919
f 4848 4920 4919
f 4848 4849 4920
f 4849 4921 4920
f 4849 4850 4921
f 4850 4922 4921
f 4850 4851 4922
f 4851 4923 4922
f 4851 4852 4923
f 4852 4924 4923
f 4852 4853 4924
f 4853 4925 4924
f 4853 4854 4925
f 4854 4926 4925
f 4854 4855 4926
f 4855 4927 4926
f 4855 4856 4927
f 4856 4928 4927
f 4856 4857 4928
f 4857 4929 4928
f 4857 4858 4929
f 4858 4930 4929
f 4858 4859 4930
f 4859 4931 4930
f 4859 4860 4931
f 4860 4932 4931
f 4860 4861 4932
f 4861 4933 4932
f 4861 4862 4933
f 4862 4934 4933
f 4862 4863 4934
f 4863 4935 4934
f 4863 4864 4935
f 4864 4936 4935
f 4864 4865 4936
f 4865 4937 4936
f 4865 4866 4937
f 4866 4938 4937
f 4866 4867 4938
f 4867 4939 4938
f 4867 4868 4939
f 4868 4940 4939
f 4868 4869 4940
f 4869 4941 4940
f 4869 4870 4941
f 4870 4942 4941
f 4870 4871 4942
f 4871 4943 4942
f 4871 4872 4943
f 4872 4944 4943
f 4872 4873 4944
f 4873 4945 4944
f 4873 4874 4945
f 4874 4946 4945
f 4874 4875 4946
f 4875 4947 4946
f 4875 4876 4947
f 4876 4948 4947
f 4876 4877 4948
f 4877 4949 4948
f 4877 4878 4949
f 4878 4950 4949
f 4878 4879 4950
f 4879 4951 4950
f 4879 4880 4951
f 4880 4952 4951
f 4880 4881 4952
f 4881 4953 4952
f 4881 4882 4953
f 4882 4954 4953
f 4882 4883 4954
f 4883 4955 4954
f 4883 4884 4955
f 4884 4956 4955
f 4884 4885 4956
f 4885 4957 4956
f 4885 4886 4957
f 4886 4958 4957
f 4886 4887 4958
f 4887 4959 4958
f 4887 4888 4959
f 4888 4960 4959
f 4888 4889 4960
f 4889 4961 4960
f 4889 4890 4961
f 4890 4962 4961
f 4890 4891 4962
f 4891 4963 4962
f 4891 4892 4963
f 4892 4964 4963
f 4892 4893 4964
f 4893 4965 4964
f 4893 4894 4965
f 4894 4966 4965
f 4894 4895 4966
f 4895 4967 4966
f 4895 4896 4967
f 4896 4968 4967
f 4896 4825 4968
f 4825 4897 4968
f 4897 4898 4969
f 4898 4970 4969
f 4898 4899 4970
f 4899 4971 4970
f 4899 4900 4971
f 4900 4972 4971
f 4900 4901 4972
f 4901 4973 4972
f 4901 4902 4973
f 4902 4974 4973
f 4902 4903 4974
f 4903 4975 4974
f 4903 4904 4975
f 4904 4976 4975
f 4904 4905 4976
f 4905 4977 4976
f 4905 4906 4977
f 4906 4978 4977
f 4906 4907 4978
f 4907 4979 4978
f 4907 4908 4979
f 4908 4980 4979
f 4908 4909 4980
f 4909 4981 4980
f 4909 4910 4981
f 4910 4982 4981
f 4910 4911 4982
f 4911 4983 4982
f 4911 4912 4983
f 4912 4984 4983
f 4912 4913 4984
f 4913 4985 4984
f 4913 4914 4985
f 4914 4986 4985
f 4914 4915 4986
f 4915 4987 4986
f 4915 4916 4987
f 4916 4988 4987
f 4916 4917 4988
f 4917 4989 4988
f 4917 4918 4989
f 4918 4990 4989
f 4918 4919 4990
f 4919 4991 4990
f 4919 4920 4991
f 4920 4992 4991
f 4920 4921 4992
f 4921 4993 4992
f 4921 4922 4993
f 4922 4994 4993
f 4922 4923 4994
f 4923 4995 4994
f 4923 4924 4995
f 4924 4996 4995
f 4924 4925 4996
f 4925 4997 4996
f 4925 4926 4997
f 4926 4998 4997
f 4926 4927 4998
f 4927 4999 4998
f 4927 4928 4999
f 4928 5000 4999
f 4928 4929 5000
f 4929 5001 5000
f 4929 4930 5001
f 4930 5002 5001
f 4930 4931 5002
f 4931 5003 5002
f 4931 4932 5003
f 4932 5004 5003
f 4932 4933 5004
f 4933 5005 5004
f 4933 4934 5005
f 4934 5006 5005
f 4934 4935 5006
f 4935 5007 5006
f 4935 4936 5007
f 4936 5008 5007
f 4936 4937 5008
f 4937 5009 5008
f 4937 4938 5009
f 4938 5010 5009
f 4938 4939 5010
f 4939 5011 5010
f 4939 4940 5011
f 4940 5012 5011
f 4940 4941 5012
f 4941 5013 5012
f 4941 4942 5013
f 4942 5014 5013
f 4942 4943 5014
f 4943 5015 5014
f 4943 4944 5015
f 4944 5016 5015
f 4944 4945 5016
f 4945 5017 5016
f 4945 4946 5017
f 4946 5018 5017
f 4946 4947 5018
f 4947 5019 5018
f 4947 4948 5019
f 4948 5020 5019
f 4948 4949 5020
f 4949 5021 5020
f 4949 4950 5021
f 4950 5022 5021
f 4950 4951 5022
f 4951 5023 5022
f 4951 4952 5023
f 4952 5024 5023
f 4952 4953 5024
f 4953 5025 5024
f 4953 4954 5025
f 4954 5026 5025
f 4954 4955 5026
f 4955 5027 5026
f 4955 4956 5027
f 4956 5028 5027
f 4956 4957 5028
f 4957 5029 5028
f 4957 4958 5029
f 4958 5030 5029
f 4958 4959 5030
f 4959 5031 5030
f 4959 4960 5031
f 4960 5032 5031
f 4960 4961 5032
f 4961 5033 5032
f 4961 4962 5033
f 4962 5034 5033
f 4962 4963 5034
f 4963 5035 5034
f 4963 4964 5035
f 4964 5036 5035
f 4964 4965 5036
f 4965 5037 5036
f 4965 4966 5037
f 4966 5038 5037
f 4966 4967 5038
f 4967 5039 5038
f 4967 4968 5039
f 4968 5040 5039
f 4968 4897 5040
f 4897 4969 5040
f 4969 4970 5041
f 4970 5042 5041
f 4970 4971 5042
f 4971 5043 5042
f 4971 4972 5043
f 4972 5044 5043
f 4972 4973 5044
f 4973 5045 5044
f 4973 4974 5045
f 4974 5046 5045
f 4974 4975 5046
f 4975 5047 5046
f 4975 4976 5047
f 4976 5048 5047
f 4976 4977 5048
f 4977 5049 5048
f 4977 4978 5049
f 4978 5050 5049
f 4978 4979 5050
f 4979 5051 5050
f 4979 4980 5051
f 4980 5052 5051
f 4980 4981 5052
f 4981 5053 5052
f 4981 4982 5053
f 4982 5054 5053
f 4982 4983 5054
f 4983 5055 5054
f 4983 4984 5055
f 4984 5056 5055
f 4984 4985 5056
f 4985 5057 5056
f 4985 4986 5057
f 4986 5058 5057
f 4986 4987 5058
f 4987 5059 5058
f 4987 4988 5059
f 4988 5060 5059
f 4988 4989 5060
f 4989 5061 5060
f 4989 4990 5061
f 4990 5062 5061
f 4990 4991 5062
f 4991 5063 5062
f 4991 4992 5063
f 4992 5064 5063
f 4992 4993 5064
f 4993 5065 5064
f 4993 4994 5065
f 4994 5066 5065
f 4994 4995 5066
f 4995 5067 5066
f 4995 4996 5067
f 4996 5068 5067
f 4996 4997 5068
f 4997 5069 5068
f 4997 4998 5069
f 4998 5070 5069
f 4998 4999 5070
f 4999 5071 5070
f 4999 5000 5071
f 5000 5072 5071
f 5000 5001 5072
f 5001 5073 5072
f 5001 5002 5073
f 5002 5074 5073
f 5002 5003 5074
f 5003 5075 5074
f 5003 5004 5075
f 5004 5076 5075
f 5004 5005 5076
f 5005 5077 5076
f 5005 5006 5077
f 5006 5078 5077
f 5006 5007 5078
f 5007 5079 5078
f 5007 5008 5079
f 5008 5080 5079
f 5008 5009 5080
f 5009 5081 5080
f 5009 5010 5081
f 5010 5082 5081
f 5010 5011 5082
f 5011 5083 5082
f 5011 5012 5083
f 5012 5084 5083
f 5012 5013 5084
f 5013 5085 5084
f 5013 5014 5085
f 5014 5086 5085
f 5014 5015 5086
f 5015 5087 5086
f 5015 5016 5087
f 5016 5088 5087
f 5016 5017 5088
f 5017 5089 5088
f 5017 5018 5089
f 5018 5090 5089
f 5018 5019 5090
f 5019 5091 5090
f 5019 5020 5091
f 5020 5092 5091
f 5020 5021 5092
f 5021 5093 5092
f 5021 5022 5093
f 5022 5094 5093
f 5022 5023 5094
f 5023 5095 5094
f 5023 5024 5095
f 5024 5096 5095
f 5024 5025 5096
f 5025 5097 5096
f 5025 5026 5097
f 5026 5098 5097
f 5026 5027 5098
f 5027 5099 5098
f 5027 5028 5099
f 5028 5100 5099
f 5028 5029 5100
f 5029 5101 5100
f 5029 5030 5101
f 5030 5102 5101
f 5030 5031 5102
f 5031 5103 5102
f 5031 5032 5103
f 5032 5104 5103
f 5032 5033 5104
f 5033 5105 5104
f 5033 5034 5105
f 5034 5106 5105
f 5034 5035 5106
f 5035 5107 5106
f 5035 5036 5107
f 5036 5108 5107
f 5036 5037 5108
f 5037 5109 5108
f 5037 5038 5109
f 5038 5110 5109
f 5038 5039 5110
f 5039 5111 5110
f 5039 5040 5111
f 5040 5112 5111
f 5040 4969 5112
f 4969 5041 5112
f 5041 5042 5113
f 5042 5114 5113
f 5042 5043 5114
f 5043 5115 5114
f 5043 5044 5115
f 5044 5116 5115
f 5044 5045 5116
f 5045 5117 5116
f 5045 5046 5117
f 5046 5118 5117
f 5046 5047 5118
f 5047 5119 5118
f 5047 5048 5119
f 5048 5120 5119
f 5048 5049 5120
f 5049 5121 5120
f 5049 5050 5121
f 5050 5122 5121
f 5050 5051 5122
f 5051 5123 5122
f 5051 5052 5123
f 5052 5124 5123
f 5052 5053 5124
f 5053 5125 5124
f 5053 5054 5125
f 5054 5126 5125
f 5054 5055 5126
f 5055 5127 5126
f 5055 5056 5127
f 5056 5128 5127
f 5056 5057 5128
f 5057 5129 5128
f 5057 5058 5129
f 5058 5130 5129
f 5058 5059 5130
f 5059 5131 5130
f 5059 5060 5131
f 5060 5132 5131
f 5060 5061 5132
f 5061 5133 5132
f 5061 5062 5133
f 5062 5134 5133
f 5062 5063 5134
f 5063 5135 5134
f 5063 5064 5135
f 5064 5136 5135
f 5064 5065 5136
f 5065 5137 5136
f 5065 5066 5137
f 5066 5138 5137
f 5066 5067 5138
f 5067 5139 5138
f 5067 5068 5139
f 5068 5140 5139
f 5068 5069 5140
f 5069 5141 5140
f 5069 5070 5141
f 5070 5142 5141
f 5070 5071 5142
f 5071 5143 5142
f 5071 5072 5143
f 5072 5144 5143
f 5072 5073 5144
f 5073 5145 5144
f 5073 5074 5145
f 5074 5146 5145
f 5074 5075 5146
f 5075 5147 5146
f 5075 5076 5147
f 5076 5148 5147
f 5076 5077 5148
f 5077 5149 5148
f 5077 5078 5149
f 5078 5150 5149
f 5078 5079 5150
f 5079 5151 5150
f 5079 5080 5151
f 5080 5152 5151
f 5080 5081 5152
f 5081 5153 5152
f 5081 5082 5153
f 5082 5154 5153
f 5082 5083 5154
f 5083 5155 5154
f 5083 5084 5155
f 5084 5156 5155
f 5084 5085 5156
f 5085 5157 5156
f 5085 5086 5157
f 5086 5158 5157
f 5086 5087 5158
f 5087 5159 5158
f 5087 5088 5159
f 5088 5160 5159
f 5088 5089 5160
f 5089 5161 5160
f 5089 5090 5161
f 5090 5162 5161
f 5090 5091 5162
f 5091 5163 5162
f 5091 5092 5163
f 5092 5164 5163
f 5092 5093 5164
f 5093 5165 5164
f 5093 5094 5165
f 5094 5166 5165
f 5094 5095 5166
f 5095 5167 5166
f 5095 5096 5167
f 5096 5168 5167
f 5096 5097 5168
f 5097 5169 5168
f 5097 5098 5169
f 5098 5170 5169
f 5098 5099 5170
f 5099 5171 5170
f 5099 5100 5171
f 5100 5172 5171
f 5100 5101 5172
f 5101 5173 5172
f 5101 5102 5173
f 5102 5174 5173
f 5102 5103 5174
f 5103 5175 5174
f 5103 5104 5175
f 5104 5176 5175
f 5104 5105 5176
f 5105 5177 5176
f 5105 5106 5177
f 5106 5178 5177
f 5106 5107 5178
f 5107 5179 5178
f 5107 5108 5179
f 5108 5180 5179
f 5108 5109 5180
f 5109 5181 5180
f 5109 5110 5181
f 5110 5182 5181
f 5110 5111 5182
f 5111 5183 5182
f 5111 5112 5183
f 5112 5184 5183
f 5112 5041 5184
f 5041 5113 5184
f 5113 5114 5185
f 5114 5186 5185
f 5114 5115 5186
f 5115 5187 5186
f 5115 5116 5187
f 5116 5188 5187
f 5116 5117 5188
f 5117 5189 5188
f 5117 5118 5189
f 5118 5190 5189
f 5118 5119 5190
f 5119 5191 5190
f 5119 5120 5191
f 5120 5192 5191
f 5120 5121 5192
f 5121 5193 5192
f 5121 5122 5193
f 5122 5194 5193
f 5122 5123 5194
f 5123 5195 5194
f 5123 5124 5195
f 5124 5196 5195
f 5124 5125 5196
f 5125 5197 5196
f 5125 5126 5197
f 5126 5198 5197
f 5126 5127 5198
f 5127 5199 5198
f 5127 5128 5199
f 5128 5200 5199
f 5128 5129 5200
f 5129 5201 5200
f 5129 5130 5201
f 5130 5202 5201
f 5130 5131 5202
f 5131 5203 5202
f 5131 5132 5203
f 5132 5204 5203
f 5132 5133 5204
f 5133 5205 5204
f 5133 5134 5205
f 5134 5206 5205
f 5134 5135 5206
f 5135 5207 5206
f 5135 5136 5207
f 5136 5208 5207
f 5136 5137 5208
f 5137 5209 5208
f 5137 5138 5209
f 5138 5210 5209
f 5138 5139 5210
f 5139 5211 5210
f 5139 5140 5211
f 5140 5212 5211
f 5140 5141 5212
f 5141 5213 5212
f 5141 5142 5213
f 5142 5214 5213
f 5142 5143 5214
f 5143 5215 5214
f 5143 5144 5215
f 5144 5216 5215
f 5144 5145 5216
f 5145 5217 5216
f 5145 5146 5217
f 5146 5218 5217
f 5146 5147 5218
f 5147 5219 5218
f 5147 5148 5219
f 5148 5220 5219
f 5148 5149 5220
f 5149 5221 5220
f 5149 5150 5221
f 5150 5222 5221
f 5150 5151 5222
f 5151 5223 5222
f 5151 5152 5223
f 5152 5224 5223
f 5152 5153 5224
f 5153 5225 5224
f 5153 5154 5225
f 5154 5226 5225
f 5154 5155 5226
f 5155 5227 5226
f 5155 5156 5227
f 5156 5228 5227
f 5156 5157 5228
f 5157 5229 5228
f 5157 5158 5229
f 5158 5230 5229
f 5158 5159 5230
f 5159 5231 5230
f 5159 5160 5231
f 5160 5232 5231
f 5160 5161 5232
f 5161 5233 5232
f 5161 5162 5233
f 5162 5234 5233
f 5162 5163 5234
f 5163 5235 5234
f 5163 5164 5235
f 5164 5236 5235
f 5164 5165 5236
f 5165 5237 5236
f 5165 5166 5237
f 5166 5238 5237
f 5166 5167 5238
f 5167 5239 5238
f 5167 5168 5239
f 5168 5240 5239
f 5168 5169 5240
f 5169 5241 5240
f 5169 5170 5241
f 5170 5242 5241
f 5170 5171 5242
f 5171 5243 5242
f 5171 5172 5243
f 5172 5244 5243
f 5172 5173 5244
f 5173 5245 5244
f 5173 5174 5245
f 5174 5246 5245
f 5174 5175 5246
f 5175 5247 5246
f 5175 5176 5247
f 5176 5248 5247
f 5176 5177 5248
f 5177 5249 5248
f 5177 5178 5249
f 5178 5250 5249
f 5178 5179 5250
f 5179 5251 5250
f 5179 5180 5251
f 5180 5252 5251
f 5180 5181 5252
f 5181 5253 5252
f 5181 5182 5253
f 5182 5254 5253
f 5182 5183 5254
f 5183 5255 5254
f 5183 5184 5255
f 5184 5256 5255
f 5184 5113 5256
f 5113 5185 5256
f 5185 5186 5257
f 5186 5258 5257
f 5186 5187 5258
f 5187 5259 5258
f 5187 5188 5259
f 5188 5260 5259
f 5188 5189 5260
f 5189 5261 5260
f 5189 5190 5261
f 5190 5262 5261
f 5190 5191 5262
f 5191 5263 5262
f 5191 5192 5263
f 5192 5264 5263
f 5192 5193 5264
f 5193 5265 5264
f 5193 5194 5265
f 5194 5266 5265
f 5194 5195 5266
f 5195 5267 5266
f 5195 5196 5267
f 5196 5268 5267
f 5196 5197 5268
f 5197 5269 5268
f 5197 5198 5269
f 5198 5270 5269
f 5198 5199 5270
f 5199 5271 5270
f 5199 5200 5271
f 5200 5272 5271
f 5200 5201 5272
f 5201 5273 5272
f 5201 5202 5273
f 5202 5274 5273
f 5202 5203 5274
f 5203 5275 5274
f 5203 5204 5275
f 5204 5276 5275
f 5204 5205 5276
f 5205 5277 5276
f 5205 5206 5277
f 5206 5278 5277
f 5206 5207 5278
f 5207 5279 5278
f 5207 5208 5279
f 5208 5280 5279
f 5208 5209 5280
f 5209 5281 5280
f 5209 5210 5281
f 5210 5282 5281
f 5210 5211 5282
f 5211 5283 5282
f 5211 5212 5283
f 5212 5284 5283
f 5212 5213 5284
f 5213 5285 5284
f 5213 5214 5285
f 5214 5286 5285
f 5214 5215 5286
f 5215 5287 5286
f 5215 5216 5287
f 5216 5288 5287
f 5216 5217 5288
f 5217 5289 5288
f 5217 5218 5289
f 5218 5290 5289
f 5218 5219 5290
f 5219 5291 5290
f 5219 5220 5291
f 5220 5292 5291
f 5220 5221 5292
f 5221 5293 5292
f 5221 5222 5293
f 5222 5294 5293
f 5222 5223 5294
f 5223 5295 5294
f 5223 5224 5295
f 5224 5296 5295
f 5224 5225 5296
f 5225 5297 5296
f 5225 5226 5297
f 5226 5298 5297
f 5226 5227 5298
f 5227 5299 5298
f 5227 5228 5299
f 5228 5300 5299
f 5228 5229 5300
f 5229 5301 5300
f 5229 5230 5301
f 5230 5302 5301
f 5230 5231 5302
f 5231 5303 5302
f 5231 5232 5303
f 5232 5304 5303
f 5232 5233 5304
f 5233 5305 5304
f 5233 5234 5305
f 5234 5306 5305
f 5234 5235 5306
f 5235 5307 5306
f 5235 5236 5307
f 5236 5308 5307
f 5236 5237 5308
f 5237 5309 5308
f 5237 5238 5309
f 5238 5310 5309
f 5238 5239 5310
f 5239 5311 5310
f 5239 5240 5311
f 5240 5312 5311
f 5240 5241 5312
f 5241 5313 5312
f 5241 5242 5313
f 5242 5314 5313
f 5242 5243 5314
f 5243 5315 5314
f 5243 5244 5315
f 5244 5316 5315
f 5244 5245 5316
f 5245 5317 5316
f 5245 5246 5317
f 5246 5318 5317
f 5246 5247 5318
f 5247 5319 5318
f 5247 5248 5319
f 5248 5320 5319
f 5248 5249 5320
f 5249 5321 5320
f 5249 5250 5321
f 5250 5322 5321
f 5250 5251 5322
f 5251 5323 5322
f 5251 5252 5323
f 5252 5324 5323
f 5252 5253 5324
f 5253 5325 5324
f 5253 5254 5325
f 5254 5326 5325
f 5254 5255 5326
f 5255 5327 5326
f 5255 5256 5327
f 5256 5328 5327
f 5256 5185 5328
f 5185 5257 5328
f 5257 5258 5329
f 5258 5330 5329
f 5258 5259 5330
f 5259 5331 5330
f 5259 5260 5331
f 5260 5332 5331
f 5260 5261 5332
f 5261 5333 5332
f 5261 5262 5333
f 5262 5334 5333
f 5262 5263 5334
f 5263 5335 5334
f 5263 5264 5335
f 5264 5336 5335
f 5264 5265 5336
f 5265 5337 5336
f 5265 5266 5337
f 5266 5338 5337
f 5266 5267 5338
f 5267 5339 5338
f 5267 5268 5339
f 5268 5340 5339
f 5268 5269 5340
f 5269 5341 5340
f 5269 5270 5341
f 5270 5342 5341
f 5270 5271 5342
f 5271 5343 5342
f 5271 5272 5343
f 5272 5344 5343
f 5272 5273 5344
f 5273 5345 5344
f 5273 5274 5345
f 5274 5346 5345
f 5274 5275 5346
f 5275 5347 5346
f 5275 5276 5347
f 5276 5348 5347
f 5276 5277 5348
f 5277 5349 5348
f 5277 5278 5349
f 5278 5350 5349
f 5278 5279 5350
f 5279 5351 5350
f 5279 5280 5351
f 5280 5352 5351
f 5280 5281 5352
f 5281 5353 5352
f 5281 5282 5353
f 5282 5354 5353
f 5282 5283 5354
f 5283 5355 5354
f 5283 5284 5355
f 5284 5356 5355
f 5284 5285 5356
f 5285 5357 5356
f 5285 5286 5357
f 5286 5358 5357
f 5286 5287 5358
f 5287 5359 5358
f 5287 5288 5359
f 5288 5360 5359
f 5288 5289 5360
f 5289 5361 5360
f 5289 5290 5361
f 5290 5362 5361
f 5290 5291 5362
f 5291 5363 5362
f 5291 5292 5363
f 5292 5364 5363
f 5292 5293 5364
f 5293 5365 5364
f 5293 5294 5365
f 5294 5366 5365
f 5294 5295 5366
f 5295 5367 5366
f 5295 5296 5367
f 5296 5368 5367
f 5296 5297 5368
f 5297 5369 5368
f 5297 5298 5369
f 5298 5370 5369
f 5298 5299 5370
f 5299 5371 5370
f 5299 5300 5371
f 5300 5372 5371
f 5300 5301 5372
f 5301 5373 5372
f 5301 5302 5373
f 5302 5374 5373
f 5302 5303 5374
f 5303 5375 5374
f 5303 5304 5375
f 5304 5376 5375
f 5304 5305 5376
f 5305 5377 5376
f 5305 5306 5377
f 5306 5378 5377
f 5306 5307 5378
f 5307 5379 5378
f 5307 5308 5379
f 5308 5380 5379
f 5308 5309 5380
f 5309 5381 5380
f 5309 5310 5381
f 5310 5382 5381
f 5310 5311 5382
f 5311 5383 5382
f 5311 5312 5383
f 5312 5384 5383
f 5312 5313 5384
f 5313 5385 5384
f 5313 5314 5385
f 5314 5386 5385
f 5314 5315 5386
f 5315 5387 5386
f 5315 5316 5387
f 5316 5388 5387
f 5316 5317 5388
f 5317 5389 5388
f 5317 5318 5389
f 5318 5390 5389
f 5318 5319 5390
f 5319 5391 5390
f 5319 5320 5391
f 5320 5392 5391
f 5320 5321 5392
f 5321 5393 5392
f 5321 5322 5393
f 5322 5394 5393
f 5322 5323 5394
f 5323 5395 5394
f 5323 5324 5395
f 5324 5396 5395
f 5324 5325 5396
f 5325 5397 5396
f 5325 5326 5397
f 5326 5398 5397
f 5326 5327 5398
f 5327 5399 5398
f 5327 5328 5399
f 5328 5400 5399
f 5328 5257 5400
f 5257 5329 5400
f 5329 5330 5401
f 5330 5402 5401
f 5330 5331 5402
f 5331 5403 5402
f 5331 5332 5403
f 5332 5404 5403
f 5332 5333 5404
f 5333 5405 5404
f 5333 5334 5405
f 5334 5406 5405
f 5334 5335 5406
f 5335 5407 5406
f 5335 5336 5407
f 5336 5408 5407
f 5336 5337 5408
f 5337 5409 5408
f 5337 5338 5409
f 5338 5410 5409
f 5338 5339 5410
f 5339 5411 5410
f 5339 5340 5411
f 5340 5412 5411
f 5340 5341 5412
f 5341 5413 5412
f 5341 5342 5413
f 5342 5414 5413
f 5342 5343 5414
f 5343 5415 5414
f 5343 5344 5415
f 5344 5416 5415
f 5344 5345 5416
f 5345 5417 5416
f 5345 5346 5417
f 5346 5418 5417
f 5346 5347 5418
f 5347 5419 5418
f 5347 5348 5419
f 5348 5420 5419
f 5348 5349 5420
f 5349 5421 5420
f 5349 5350 5421
f 5350 5422 5421
f 5350 5351 5422
f 5351 5423 5422
f 5351 5352 5423
f 5352 5424 5423
f 5352 5353 5424
f 5353 5425 5424
f 5353 5354 5425
f 5354 5426 5425
f 5354 5355 5426
f 5355 5427 5426
f 5355 5356 5427
f 5356 5428 5427
f 5356 5357 5428
f 5357 5429 5428
f 5357 5358 5429
f 5358 5430 5429
f 5358 5359 5430
f 5359 5431 5430
f 5359 5360 5431
f 5360 5432 5431
f 5360 5361 5432
f 5361 5433 5432
f 5361 5362 5433
f 5362 5434 5433
f 5362 5363 5434
f 5363 5435 5434
f 5363 5364 5435
f 5364 5436 5435
f 5364 5365 5436
f 5365 5437 5436
f 5365 5366 5437
f 5366 5438 5437
f 5366 5367 5438
f 5367 5439 5438
f 5367 5368 5439
f 5368 5440 5439
f 5368 5369 5440
f 5369 5441 5440
f 5369 5370 5441
f 5370 5442 5441
f 5370 5371 5442
f 5371 5443 5442
f 5371 5372 5443
f 5372 5444 5443
f 5372 5373 5444
f 5373 5445 5444
f 5373 5374 5445
f 5374 5446 5445
f 5374 5375 5446
f 5375 5447 5446
f 5375 5376 5447
f 5376 5448 5447
f 5376 5377 5448
f 5377 5449 5448
f 5377 5378 5449
f 5378 5450 5449
f 5378 5379 5450
f 5379 5451 5450
f 5379 5380 5451
f 5380 5452 5451
f 5380 5381 5452
f 5381 5453 5452
f 5381 5382 5453
f 5382 5454 5453
f 5382 5383 5454
f 5383 5455 5454
f 5383 5384 5455
f 5384 5456 5455
f 5384 5385 5456
f 5385 5457 5456
f 5385 5386 5457
f 5386 5458 5457
f 5386 5387 5458
f 5387 5459 5458
f 5387 5388 5459
f 5388 5460 5459
f 5388 5389 5460
f 5389 5461 5460
f 5389 5390 5461
f 5390 5462 5461
f 5390 5391 5462
f 5391 5463 5462
f 5391 5392 5463
f 5392 5464 5463
f 5392 5393 5464
f 5393 5465 5464
f 5393 5394 5465
f 5394 5466 5465
f 5394 5395 5466
f 5395 5467 5466
f 5395 5396 5467
f 5396 5468 5467
f 5396 5397 5468
f 5397 5469 5468
f 5397 5398 5469
f 5398 5470 5469
f 5398 5399 5470
f 5399 5471 5470
f 5399 5400 5471
f 5400 5472 5471
f 5400 5329 5472
f 5329 5401 5472
f 5401 5402 5473
f 5402 5474 5473
f 5402 5403 5474
f 5403 5475 5474
f 5403 5404 5475
f 5404 5476 5475
f 5404 5405 5476
f 5405 5477 5476
f 5405 5406 5477
f 5406 5478 5477
f 5406 5407 5478
f 5407 5479 5478
f 5407 5408 5479
f 5408 5480 5479
f 5408 5409 5480
f 5409 5481 5480
f 5409 5410 5481
f 5410 5482 5481
f 5410 5411 5482
f 5411 5483 5482
f 5411 5412 5483
f 5412 5484 5483
f 5412 5413 5484
f 5413 5485 5484
f 5413 5414 5485
f 5414 5486 5485
f 5414 5415 5486
f 5415 5487 5486
f 5415 5416 5487
f 5416 5488 5487
f 5416 5417 5488
f 5417 5489 5488
f 5417 5418 5489
f 5418 5490 5489
f 5418 5419 5490
f 5419 5491 5490
f 5419 5420 5491
f 5420 5492 5491
f 5420 5421 5492
f 5421 5493 5492
f 5421 5422 5493
f 5422 5494 5493
f 5422 5423 5494
f 5423 5495 5494
f 5423 5424 5495
f 5424 5496 5495
f 5424 5425 5496
f 5425 5497 5496
f 5425 5426 5497
f 5426 5498 5497
f 5426 5427 5498
f 5427 5499 5498
f 5427 5428 5499
f 5428 5500 5499
f 5428 5429 5500
f 5429 5501 5500
f 5429 5430 5501
f 5430 5502 5501
f 5430 5431 5502
f 5431 5503 5502
f 5431 5432 5503
f 5432 5504 5503
f 5432 5433 5504
f 5433 5505 5504
f 5433 5434 5505
f 5434 5506 5505
f 5434 5435 5506
f 5435 5507 5506
f 5435 5436 5507
f 5436 5508 5507
f 5436 5437 5508
f 5437 5509 5508
f 5437 5438 5509
f 5438 5510 5509
f 5438 5439 5510
f 5439 5511 5510
f 5439 5440 5511
f 5440 5512 5511
f 5440 5441 5512
f 5441 5513 5512
f 5441 5442 5513
f 5442 5514 5513
f 5442 5443 5514
f 5443 5515 5514
f 5443 5444 5515
f 5444 5516 5515
f 5444 5445 5516
f 5445 5517 5516
f 5445 5446 5517
f 5446 5518 5517
f 5446 5447 5518
f 5447 5519 5518
f 5447 5448 5519
f 5448 5520 5519
f 5448 5449 5520
f 5449 5521 5520
f 5449 5450 5521
f 5450 5522 5521
f 5450 5451 5522
f 5451 5523 5522
f 5451 5452 5523
f 5452 5524 5523
f 5452 5453 5524
f 5453 5525 5524
f 5453 5454 5525
f 5454 5526 5525
f 5454 5455 5526
f 5455 5527 5526
f 5455 5456 5527
f 5456 5528 5527
f 5456 5457 5528
f 5457 5529 5528
f 5457 5458 5529
f 5458 5530 5529
f 5458 5459 5530
f 5459 5531 5530
f 5459 5460 5531
f 5460 5532 5531
f 5460 5461 5532
f 5461 5533 5532
f 5461 5462 5533
f 5462 5534 5533
f 5462 5463 5534
f 5463 5535 5534
f 5463 5464 5535
f 5464 5536 5535
f 5464 5465 5536
f 5465 5537 5536
f 5465 5466 5537
f 5466 5538 5537
f 5466 5467 5538
f 5467 5539 5538
f 5467 5468 5539
f 5468 5540 5539
f 5468 5469 5540
f 5469 5541 5540
f 5469 5470 5541
f 5470 5542 5541
f 5470 5471 5542
f 5471 5543 5542
f 5471 5472 5543
f 5472 5544 5543
f 5472 5401 5544
f 5401 5473 5544
f 5473 5474 5545
f 5474 5546 5545
f 5474 5475 5546
f 5475 5547 5546
f 5475 5476 5547
f 5476 5548 5547
f 5476 5477 5548
f 5477 5549 5548
f 5477 5478 5549
f 5478 5550 5549
f 5478 5479 5550
f 5479 5551 5550
f 5479 5480 5551
f 5480 5552 5551
f 5480 5481 5552
f 5481 5553 5552
f 5481 5482 5553
f 5482 5554 5553
f 5482 5483 5554
f 5483 5555 5554
f 5483 5484 5555
f 5484 5556 5555
f 5484 5485 5556
f 5485 5557 5556
f 5485 5486 5557
f 5486 5558 5557
f 5486 5487 5558
f 5487 5559 5558
f 5487 5488 5559
f 5488 5560 5559
f 5488 5489 5560
f 5489 5561 5560
f 5489 5490 5561
f 5490 5562 5561
f 5490 5491 5562
f 5491 5563 5562
f 5491 5492 5563
f 5492 5564 5563
f 5492 5493 5564
f 5493 5565 5564
f 5493 5494 5565
f 5494 5566 5565
f 5494 5495 5566
f 5495 5567 5566
f 5495 5496 5567
f 5496 5568 5567
f 5496 5497 5568
f 5497 5569 5568
f 5497 5498 5569
f 5498 5570 5569
f 5498 5499 5570
f 5499 5571 5570
f 5499 5500 5571
f 5500 5572 5571
f 5500 5501 5572
f 5501 5573 5572
f 5501 5502 5573
f 5502 5574 5573
f 5502 5503 5574
f 5503 5575 5574
f 5503 5504 5575
f 5504 5576 5575
f 5504 5505 5576
f 5505 5577 5576
f 5505 5506 5577
f 5506 5578 5577
f 5506 5507 5578
f 5507 5579 5578
f 5507 5508 5579
f 5508 5580 5579
f 5508 5509 5580
f 5509 5581 5580
f 5509 5510 5581
f 5510 5582 5581
f 5510 5511 5582
f 5511 5583 5582
f 5511 5512 5583
f 5512 5584 5583
f 5512 5513 5584
f 5513 5585 5584
f 5513 5514 5585
f 5514 5586 5585
f 5514 5515 5586
f 5515 5587 5586
f 5515 5516 5587
f 5516 5588 5587
f 5516 5517 5588
f 5517 5589 5588
f 5517 5518 5589
f 5518 5590 5589
f 5518 5519 5590
f 5519 5591 5590
f 5519 5520 5591
f 5520 5592 5591
f 5520 5521 5592
f 5521 5593 5592
f 5521 5522 5593
f 5522 5594 5593
f 5522 5523 5594
f 5523 5595 5594
f 5523 5524 5595
f 5524 5596 5595
f 5524 5525 5596
f 5525 5597 5596
f 5525 5526 5597
f 5526 5598 5597
f 5526 5527 5598
f 5527 5599 5598
f 5527 5528 5599
f 5528 5600 5599
f 5528 5529 5600
f 5529 5601 5600
f 5529 5530 5601
f 5530 5602 5601
f 5530 5531 5602
f 5531 5603 5602
f 5531 5532 5603
f 5532 5604 5603
f 5532 5533 5604
f 5533 5605 5604
f 5533 5534 5605
f 5534 5606 5605
f 5534 5535 5606
f 5535 5607 5606
f 5535 5536 5607
f 5536 5608 5607
f 5536 5537 5608
f 5537 5609 5608
f 5537 5538 5609
f 5538 5610 5609
f 5538 5539 5610
f 5539 5611 5610
f 5539 5540 5611
f 5540 5612 5611
f 5540 5541 5612
f 5541 5613 5612
f 5541 5542 5613
f 5542 5614 5613
f 5542 5543 5614
f 5543 5615 5614
f 5543 5544 5615
f 5544 5616 5615
f 5544 5473 5616
f 5473 5545 5616
f 5545 5546 5617
f 5546 5618 5617
f 5546 5547 5618
f 5547 5619 5618
f 5547 5548 5619
f 5548 5620 5619
f 5548 5549 5620
f 5549 5621 5620
f 5549 5550 5621
f 5550 5622 5621
f 5550 5551 5622
f 5551 5623 5622
f 5551 5552 5623
f 5552 5624 5623
f 5552 5553 5624
f 5553 5625 5624
f 5553 5554 5625
f 5554 5626 5625
f 5554 5555 5626
f 5555 5627 5626
f 5555 5556 5627
f 5556 5628 5627
f 5556 5557 5628
f 5557 5629 5628
f 5557 5558 5629
f 5558 5630 5629
f 5558 5559 5630
f 5559 5631 5630
f 5559 5560 5631
f 5560 5632 5631
f 5560 5561 5632
f 5561 5633 5632
f 5561 5562 5633
f 5562 5634 5633
f 5562 5563 5634
f 5563 5635 5634
f 5563 5564 5635
f 5564 5636 5635
f 5564 5565 5636
f 5565 5637 5636
f 5565 5566 5637
f 5566 5638 5637
f 5566 5567 5638
f 5567 5639 5638
f 5567 5568 5639
f 5568 5640 5639
f 5568 5569 5640
f 5569 5641 5640
f 5569 5570 5641
f 5570 5642 5641
f 5570 5571 5642
f 5571 5643 5642
f 5571 5572 5643
f 5572 5644 5643
f 5572 5573 5644
f 5573 5645 5644
f 5573 5574 5645
f 5574 5646 5645
f 5574 5575 5646
f 5575 5647 5646
f 5575 5576 5647
f 5576 5648 5647
f 5576 5577 5648
f 5577 5649 5648
f 5577 5578 5649
f 5578 5650 5649
f 5578 5579 5650
f 5579 5651 5650
f 5579 5580 5651
f 5580 5652 5651
f 5580 5581 5652
f 5581 5653 5652
f 5581 5582 5653
f 5582 5654 5653
f 5582 5583 5654
f 5583 5655 5654
f 5583 5584 5655
f 5584 5656 5655
f 5584 5585 5656
f 5585 5657 5656
f 5585 5586 5657
f 5586 5658 5657
f 5586 5587 5658
f 5587 5659 5658
f 5587 5588 5659
f 5588 5660 5659
f 5588 5589 5660
f 5589 5661 5660
f 5589 5590 5661
f 5590 5662 5661
f 5590 5591 5662
f 5591 5663 5662
f 5591 5592 5663
f 5592 5664 5663
f 5592 5593 5664
f 5593 5665 5664
f 5593 5594 5665
f 5594 5666 5665
f 5594 5595 5666
f 5595 5667 5666
f 5595 5596 5667
f 5596 5668 5667
f 5596 5597 5668
f 5597 5669 5668
f 5597 5598 5669
f 5598 5670 5669
f 5598 5599 5670
f 5599 5671 5670
f 5599 5600 5671
f 5600 5672 5671
f 5600 5601 5672
f 5601 5673 5672
f 5601 5602 5673
f 5602 5674 5673
f 5602 5603 5674
f 5603 5675 5674
f 5603 5604 5675
f 5604 5676 5675
f 5604 5605 5676
f 5605 5677 5676
f 5605 5606 5677
f 5606 5678 5677
f 5606 5607 5678
f 5607 5679 5678
f 5607 5608 5679
f 5608 5680 5679
f 5608 5609 5680
f 5609 5681 5680
f 5609 5610 5681
f 5610 5682 5681
f 5610 5611 5682
f 5611 5683 5682
f 5611 5612 5683
f 5612 5684 5683
f 5612 5613 5684
f 5613 5685 5684
f 5613 5614 5685
f 5614 5686 5685
f 5614 5615 5686
f 5615 5687 5686
f 5615 5616 5687
f 5616 5688 5687
f 5616 5545 5688
f 5545 5617 5688
f 5617 5618 5689
f 5618 5690 5689
f 5618 5619 5690
f 5619 5691 5690
f 5619 5620 5691
f 5620 5692 5691
f 5620 5621 5692
f 5621 5693 5692
f 5621 5622 5693
f 5622 5694 5693
f 5622 5623 5694
f 5623 5695 5694
f 5623 5624 5695
f 5624 5696 5695
f 5624 5625 5696
f 5625 5697 5696
f 5625 5626 5697
f 5626 5698 5697
f 5626 5627 5698
f 5627 5699 5698
f 5627 5628 5699
f 5628 5700 5699
f 5628 5629 5700
f 5629 5701 5700
f 5629 5630 5701
f 5630 5702 5701
f 5630 5631 5702
f 5631 5703 5702
f 5631 5632 5703
f 5632 5704 5703
f 5632 5633 5704
f 5633 5705 5704
f 5633 5634 5705
f 5634 5706 5705
f 5634 5635 5706
f 5635 5707 5706
f 5635 5636 5707
f 5636 5708 5707
f 5636 5637 5708
f 5637 5709 5708
f 5637 5638 5709
f 5638 5710 5709
f 5638 5639 5710
f 5639 5711 5710
f 5639 5640 5711
f 5640 5712 5711
f 5640 5641 5712
f 5641 5713 5712
f 5641 5642 5713
f 5642 5714 5713
f 5642 5643 5714
f 5643 5715 5714
f 5643 5644 5715
f 5644 5716 5715
f 5644 5645 5716
f 5645 5717 5716
f 5645 5646 5717
f 5646 5718 5717
f 5646 5647 5718
f 5647 5719 5718
f 5647 5648 5719
f 5648 5720 5719
f 5648 5649 5720
f 5649 5721 5720
f 5649 5650 5721
f 5650 5722 5721
f 5650 5651 5722
f 5651 5723 5722
f 5651 5652 5723
f 5652 5724 5723
f 5652 5653 5724
f 5653 5725 5724
f 5653 5654 5725
f 5654 5726 5725
f 5654 5655 5726
f 5655 5727 5726
f 5655 5656 5727
f 5656 5728 5727
f 5656 5657 5728
f 5657 5729 5728
f 5657 5658 5729
f 5658 5730 5729
f 5658 5659 5730
f 5659 5731 5730
f 5659 5660 5731
f 5660 5732 5731
f 5660 5661 5732
f 5661 5733 5732
f 5661 5662 5733
f 5662 5734 5733
f 5662 5663 5734
f 5663 5735 5734
f 5663 5664 5735
f 5664 5736 5735
f 5664 5665 5736
f 5665 5737 5736
f 5665 5666 5737
f 5666 5738 5737
f 5666 5667 5738
f 5667 5739 5738
f 5667 5668 5739
f 5668 5740 5739
f 5668 5669 5740
f 5669 5741 5740
f 5669 5670 5741
f 5670 5742 5741
f 5670 5671 5742
f 5671 5743 5742
f 5671 5672 5743
f 5672 5744 5743
f 5672 5673 5744
f 5673 5745 5744
f 5673 5674 5745
f 5674 5746 5745
f 5674 5675 5746
f 5675 5747 5746
f 5675 5676 5747
f 5676 5748 5747
f 5676 5677 5748
f 5677 5749 5748
f 5677 5678 5749
f 5678 5750 5749
f 5678 5679 5750
f 5679 5751 5750
f 5679 5680 5751
f 5680 5752 5751
f 5680 5681 5752
f 5681 5753 5752
f 5681 5682 5753
f 5682 5754 5753
f 5682 5683 5754
f 5683 5755 5754
f 5683 5684 5755
f 5684 5756 5755
f 5684 5685 5756
f 5685 5757 5756
f 5685 5686 5757
f 5686 5758 5757
f 5686 5687 5758
f 5687 5759 5758
f 5687 5688 5759
f 5688 5760 5759
f 5688 5617 5760
f 5617 5689 5760
f 5689 5690 5761
f 5690 5762 5761
f 5690 5691 5762
f 5691 5763 5762
f 5691 5692 5763
f 5692 5764 5763
f 5692 5693 5764
f 5693 5765 5764
f 5693 5694 5765
f 5694 5766 5765
f 5694 5695 5766
f 5695 5767 5766
f 5695 5696 5767
f 5696 5768 5767
f 5696 5697 5768
f 5697 5769 5768
f 5697 5698 5769
f 5698 5770 5769
f 5698 5699 5770
f 5699 5771 5770
f 5699 5700 5771
f 5700 5772 5771
f 5700 5701 5772
f 5701 5773 5772
f 5701 5702 5773
f 5702 5774 5773
f 5702 5703 5774
f 5703 5775 5774
f 5703 5704 5775
f 5704 5776 5775
f 5704 5705 5776
f 5705 5777 5776
f 5705 5706 5777
f 5706 5778 5777
f 5706 5707 5778
f 5707 5779 5778
f 5707 5708 5779
f 5708 5780 5779
f 5708 5709 5780
f 5709 5781 5780
f 5709 5710 5781
f 5710 5782 5781
f 5710 5711 5782
f 5711 5783 5782
f 5711 5712 5783
f 5712 5784 5783
f 5712 5713 5784
f 5713 5785 5784
f 5713 5714 5785
f 5714 5786 5785
f 5714 5715 5786
f 5715 5787 5786
f 5715 5716 5787
f 5716 5788 5787
f 5716 5717 5788
f 5717 5789 5788
f 5717 5718 5789
f 5718 5790 5789
f 5718 5719 5790
f 5719 5791 5790
f 5719 5720 5791
f 5720 5792 5791
f 5720 5721 5792
f 5721 5793 5792
f 5721 5722 5793
f 5722 5794 5793
f 5722 5723 5794
f 5723 5795 5794
f 5723 5724 5795
f 5724 5796 5795
f 5724 5725 5796
f 5725 5797 5796
f 5725 5726 5797
f 5726 5798 5797
f 5726 5727 5798
f 5727 5799 5798
f 5727 5728 5799
f 5728 5800 5799
f 5728 5729 5800
f 5729 5801 5800
f 5729 5730 5801
f 5730 5802 5801
f 5730 5731 5802
f 5731 5803 5802
f 5731 5732 5803
f 5732 5804 5803
f 5732 5733 5804
f 5733 5805 5804
f 5733 5734 5805
f 5734 5806 5805
f 5734 5735 5806
f 5735 5807 5806
f 5735 5736 5807
f 5736 5808 5807
f 5736 5737 5808
f 5737 5809 5808
f 5737 5738 5809
f 5738 5810 5809
f 5738 5739 5810
f 5739 5811 5810
f 5739 5740 5811
f 5740 5812 5811
f 5740 5741 5812
f 5741 5813 5812
f 5741 5742 5813
f 5742 5814 5813
f 5742 5743 5814
f 5743 5815 5814
f 5743 5744 5815
f 5744 5816 5815
f 5744 5745 5816
f 5745 5817 5816
f 5745 5746 5817
f 5746 5818 5817
f 5746 5747 5818
f 5747 5819 5818
f 5747 5748 5819
f 5748 5820 5819
f 5748 5749 5820
f 5749 5821 5820
f 5749 5750 5821
f 5750 5822 5821
f 5750 5751 5822
f 5751 5823 5822
f 5751 5752 5823
f 5752 5824 5823
f 5752 5753 5824
f 5753 5825 5824
f 5753 5754 5825
f 5754 5826 5825
f 5754 5755 5826
f 5755 5827 5826
f 5755 5756 5827
f 5756 5828 5827
f 5756 5757 5828
f 5757 5829 5828
f 5757 5758 5829
f 5758 5830 5829
f 5758 5759 5830
f 5759 5831 5830
f 5759 5760 5831
f 5760 5832 5831
f 5760 5689 5832
f 5689 5761 5832
f 5761 5762 5833
f 5762 5834 5833
f 5762 5763 5834
f 5763 5835 5834
f 5763 5764 5835
f 5764 5836 5835
f 5764 5765 5836
f 5765 5837 5836
f 5765 5766 5837
f 5766 5838 5837
f 5766 5767 5838
f 5767 5839 5838
f 5767 5768 5839
f 5768 5840 5839
f 5768 5769 5840
f 5769 5841 5840
f 5769 5770 5841
f 5770 5842 5841
f 5770 5771 5842
f 5771 5843 5842
f 5771 5772 5843
f 5772 5844 5843
f 5772 5773 5844
f 5773 5845 5844
f 5773 5774 5845
f 5774 5846 5845
f 5774 5775 5846
f 5775 5847 5846
f 5775 5776 5847
f 5776 5848 5847
f 5776 5777 5848
f 5777 5849 5848
f 5777 5778 5849
f 5778 5850 5849
f 5778 5779 5850
f 5779 5851 5850
f 5779 5780 5851
f 5780 5852 5851
f 5780 5781 5852
f 5781 5853 5852
f 5781 5782 5853
f 5782 5854 5853
f 5782 5783 5854
f 5783 5855 5854
f 5783 5784 5855
f 5784 5856 5855
f 5784 5785 5856
f 5785 5857 5856
f 5785 5786 5857
f 5786 5858 5857
f 5786 5787 5858
f 5787 5859 5858
f 5787 5788 5859
f 5788 5860 5859
f 5788 5789 5860
f 5789 5861 5860
f 5789 5790 5861
f 5790 5862 5861
f 5790 5791 5862
f 5791 5863 5862
f 5791 5792 5863
f 5792 5864 5863
f 5792 5793 5864
f 5793 5865 5864
f 5793 5794 5865
f 5794 5866 5865
f 5794 5795 5866
f 5795 5867 5866
f 5795 5796 5867
f 5796 5868 5867
f 5796 5797 5868
f 5797 5869 5868
f 5797 5798 5869
f 5798 5870 5869
f 5798 5799 5870
f 5799 5871 5870
f 5799 5800 5871
f 5800 5872 5871
f 5800 5801 5872
f 5801 5873 5872
f 5801 5802 5873
f 5802 5874 5873
f 5802 5803 5874
f 5803 5875 5874
f 5803 5804 5875
f 5804 5876 5875
f 5804 5805 5876
f 5805 5877 5876
f 5805 5806 5877
f 5806 5878 5877
f 5806 5807 5878
f 5807 5879 5878
f 5807 5808 5879
f 5808 5880 5879
f 5808 5809 5880
f 5809 5881 5880
f 5809 5810 5881
f 5810 5882 5881
f 5810 5811 5882
f 5811 5883 5882
f 5811 5812 5883
f 5812 5884 5883
f 5812 5813 5884
f 5813 5885 5884
f 5813 5814 5885
f 5814 5886 5885
f 5814 5815 5886
f 5815 5887 5886
f 5815 5816 5887
f 5816 5888 5887
f 5816 5817 5888
f 5817 5889 5888
f 5817 5818 5889
f 5818 5890 5889
f 5818 5819 5890
f 5819 5891 5890
f 5819 5820 5891
f 5820 5892 5891
f 5820 5821 5892
f 5821 5893 5892
f 5821 5822 5893
f 5822 5894 5893
f 5822 5823 5894
f 5823 5895 5894
f 5823 5824 5895
f 5824 5896 5895
f 5824 5825 5896
f 5825 5897 5896
f 5825 5826 5897
f 5826 5898 5897
f 5826 5827 5898
f 5827 5899 5898
f 5827 5828 5899
f 5828 5900 5899
f 5828 5829 5900
f 5829 5901 5900
f 5829 5830 5901
f 5830 5902 5901
f 5830 5831 5902
f 5831 5903 5902
f 5831 5832 5903
f 5832 5904 5903
f 5832 5761 5904
f 5761 5833 5904
f 5833 5834 5905
f 5834 5906 5905
f 5834 5835 5906
f 5835 5907 5906
f 5835 5836 5907
f 5836 5908 5907
f 5836 5837 5908
f 5837 5909 5908
f 5837 5838 5909
f 5838 5910 5909
f 5838 5839 5910
f 5839 5911 5910
f 5839 5840 5911
f 5840 5912 5911
f 5840 5841 5912
f 5841 5913 5912
f 5841 5842 5913
f 5842 5914 5913
f 5842 5843 5914
f 5843 5915 5914
f 5843 5844 5915
f 5844 5916 5915
f 5844 5845 5916
f 5845 5917 5916
f 5845 5846 5917
f 5846 5918 5917
f 5846 5847 5918
f 5847 5919 5918
f 5847 5848 5919
f 5848 5920 5919
f 5848 5849 5920
f 5849 5921 5920
f 5849 5850 5921
f 5850 5922 5921
f 5850 5851 5922
f 5851 5923 5922
f 5851 5852 5923
f 5852 5924 5923
f 5852 5853 5924
f 5853 5925 5924
f 5853 5854 5925
f 5854 5926 5925
f 5854 5855 5926
f 5855 5927 5926
f 5855 5856 5927
f 5856 5928 5927
f 5856 5857 5928
f 5857 5929 5928
f 5857 5858 5929
f 5858 5930 5929
f 5858 5859 5930
f 5859 5931 5930
f 5859 5860 5931
f 5860 5932 5931
f 5860 5861 5932
f 5861 5933 5932
f 5861 5862 5933
f 5862 5934 5933
f 5862 5863 5934
f 5863 5935 5934
f 5863 5864 5935
f 5864 5936 5935
f 5864 5865 5936
f 5865 5937 5936
f 5865 5866 5937
f 5866 5938 5937
f 5866 5867 5938
f 5867 5939 5938
f 5867 5868 5939
f 5868 5940 5939
f 5868 5869 5940
f 5869 5941 5940
f 5869 5870 5941
f 5870 5942 5941
f 5870 5871 5942
f 5871 5943 5942
f 5871 5872 5943
f 5872 5944 5943
f 5872 5873 5944
f 5873 5945 5944
f 5873 5874 5945
f 5874 5946 5945
f 5874 5875 5946
f 5875 5947 5946
f 5875 5876 5947
f 5876 5948 5947
f 5876 5877 5948
f 5877 5949 5948
f 5877 5878 5949
f 5878 5950 5949
f 5878 5879 5950
f 5879 5951 5950
f 5879 5880 5951
f 5880 5952 5951
f 5880 5881 5952
f 5881 5953 5952
f 5881 5882 5953
f 5882 5954 5953
f 5882 5883 5954
f 5883 5955 5954
f 5883 5884 5955
f 5884 5956 5955
f 5884 5885 5956
f 5885 5957 5956
f 5885 5886 5957
f 5886 5958 5957
f 5886 5887 5958
f 5887 5959 5958
f 5887 5888 5959
f 5888 5960 5959
f 5888 5889 5960
f 5889 5961 5960
f 5889 5890 5961
f 5890 5962 5961
f 5890 5891 5962
f 5891 5963 5962
f 5891 5892 5963
f 5892 5964 5963
f 5892 5893 5964
f 5893 5965 5964
f 5893 5894 5965
f 5894 5966 5965
f 5894 5895 5966
f 5895 5967 5966
f 5895 5896 5967
f 5896 5968 5967
f 5896 5897 5968
f 5897 5969 5968
f 5897 5898 5969
f 5898 5970 5969
f 5898 5899 5970
f 5899 5971 5970
f 5899 5900 5971
f 5900 5972 5971
f 5900 5901 5972
f 5901 5973 5972
f 5901 5902 5973
f 5902 5974 5973
f 5902 5903 5974
f 5903 5975 5974
f 5903 5904 5975
f 5904 5976 5975
f 5904 5833 5976
f 5833 5905 5976
f 5905 5906 5977
f 5906 5978 5977
f 5906 5907 5978
f 5907 5979 5978
f 5907 5908 5979
f 5908 5980 5979
f 5908 5909 5980
f 5909 5981 5980
f 5909 5910 5981
f 5910 5982 5981
f 5910 5911 5982
f 5911 5983 5982
f 5911 5912 5983
f 5912 5984 5983
f 5912 5913 5984
f 5913 5985 5984
f 5913 5914 5985
f 5914 5986 5985
f 5914 5915 5986
f 5915 5987 5986
f 5915 5916 5987
f 5916 5988 5987
f 5916 5917 5988
f 5917 5989 5988
f 5917 5918 5989
f 5918 5990 5989
f 5918 5919 5990
f 5919 5991 5990
f 5919 5920 5991
f 5920 5992 5991
f 5920 5921 5992
f 5921 5993 5992
f 5921 5922 5993
f 5922 5994 5993
f 5922 5923 5994
f 5923 5995 5994
f 5923 5924 5995
f 5924 5996 5995
f 5924 5925 5996
f 5925 5997 5996
f 5925 5926 5997
f 5926 5998 5997
f 5926 5927 5998
f 5927 5999 5998
f 5927 5928 5999
f 5928 6000 5999
f 5928 5929 6000
f 5929 6001 6000
f 5929 5930 6001
f 5930 6002 6001
f 5930 5931 6002
f 5931 6003 6002
f 5931 5932 6003
f 5932 6004 6003
f 5932 5933 6004
f 5933 6005 6004
f 5933 5934 6005
f 5934 6006 6005
f 5934 5935 6006
f 5935 6007 6006
f 5935 5936 6007
f 5936 6008 6007
f 5936 5937 6008
f 5937 6009 6008
f 5937 5938 6009
f 5938 6010 6009
f 5938 5939 6010
f 5939 6011 6010
f 5939 5940 6011
f 5940 6012 6011
f 5940 5941 6012
f 5941 6013 6012
f 5941 5942 6013
f 5942 6014 6013
f 5942 5943 6014
f 5943 6015 6014
f 5943 5944 6015
f 5944 6016 6015
f 5944 5945 6016
f 5945 6017 6016
f 5945 5946 6017
f 5946 6018 6017
f 5946 5947 6018
f 5947 6019 6018
f 5947 5948 6019
f 5948 6020 6019
f 5948 5949 6020
f 5949 6021 6020
f 5949 5950 6021
f 5950 6022 6021
f 5950 5951 6022
f 5951 6023 6022
f 5951 5952 6023
f 5952 6024 6023
f 5952 5953 6024
f 5953 6025 6024
f 5953 5954 6025
f 5954 6026 6025
f 5954 5955 6026
f 5955 6027 6026
f 5955 5956 6027
f 5956 6028 6027
f 5956 5957 6028
f 5957 6029 6028
f 5957 5958 6029
f 5958 6030 6029
f 5958 5959 6030
f 5959 6031 6030
f 5959 5960 6031
f 5960 6032 6031
f 5960 5961 6032
f 5961 6033 6032
f 5961 5962 6033
f 5962 6034 6033
f 5962 5963 6034
f 5963 6035 6034
f 5963 5964 6035
f 5964 6036 6035
f 5964 5965 6036
f 5965 6037 6036
f 5965 5966 6037
f 5966 6038 6037
f 5966 5967 6038
f 5967 6039 6038
f 5967 5968 6039
f 5968 6040 6039
f 5968 5969 6040
f 5969 6041 6040
f 5969 5970 6041
f 5970 6042 6041
f 5970 5971 6042
f 5971 6043 6042
f 5971 5972 6043
f 5972 6044 6043
f 5972 5973 6044
f 5973 6045 6044
f 5973 5974 6045
f 5974 6046 6045
f 5974 5975 6046
f 5975 6047 6046
f 5975 5976 6047
f 5976 6048 6047
f 5976 5905 6048
f 5905 5977 6048
f 5977 5978 6049
f 5978 6050 6049
f 5978 5979 6050
f 5979 6051 6050
f 5979 5980 6051
f 5980 6052 6051
f 5980 5981 6052
f 5981 6053 6052
f 5981 5982 6053
f 5982 6054 6053
f 5982 5983 6054
f 5983 6055 6054
f 5983 5984 6055
f 5984 6056 6055
f 5984 5985 6056
f 5985 6057 6056
f 5985 5986 6057
f 5986 6058 6057
f 5986 5987 6058
f 5987 6059 6058
f 5987 5988 6059
f 5988 6060 6059
f 5988 5989 6060
f 5989 6061 6060
f 5989 5990 6061
f 5990 6062 6061
f 5990 5991 6062
f 5991 6063 6062
f 5991 5992 6063
f 5992 6064 6063
f 5992 5993 6064
f 5993 6065 6064
f 5993 5994 6065
f 5994 6066 6065
f 5994 5995 6066
f 5995 6067 6066
f 5995 5996 6067
f 5996 6068 6067
f 5996 5997 6068
f 5997 6069 6068
f 5997 5998 6069
f 5998 6070 6069
f 5998 5999 6070
f 5999 6071 6070
f 5999 6000 6071
f 6000 6072 6071
f 6000 6001 6072
f 6001 6073 6072
f 6001 6002 6073
f 6002 6074 6073
f 6002 6003 6074
f 6003 6075 6074
f 6003 6004 6075
f 6004 6076 6075
f 6004 6005 6076
f 6005 6077 6076
f 6005 6006 6077
f 6006 6078 6077
f 6006 6007 6078
f 6007 6079 6078
f 6007 6008 6079
f 6008 6080 6079
f 6008 6009 6080
f 6009 6081 6080
f 6009 6010 6081
f 6010 6082 6081
f 6010 6011 6082
f 6011 6083 6082
f 6011 6012 6083
f 6012 6084 6083
f 6012 6013 6084
f 6013 6085 6084
f 6013 6014 6085
f 6014 6086 6085
f 6014 6015 6086
f 6015 6087 6086
f 6015 6016 6087
f 6016 6088 6087
f 6016 6017 6088
f 6017 6089 6088
f 6017 6018 6089
f 6018 6090 6089
f 6018 6019 6090
f 6019 6091 6090
f 6019 6020 6091
f 6020 6092 6091
f 6020 6021 6092
f 6021 6093 6092
f 6021 6022 6093
f 6022 6094 6093
f 6022 6023 6094
f 6023 6095 6094
f 6023 6024 6095
f 6024 6096 6095
f 6024 6025 6096
f 6025 6097 6096
f 6025 6026 6097
f 6026 6098 6097
f 6026 6027 6098
f 6027 6099 6098
f 6027 6028 6099
f 6028 6100 6099
f 6028 6029 6100
f 6029 6101 6100
f 6029 6030 6101
f 6030 6102 6101
f 6030 6031 6102
f 6031 6103 6102
f 6031 6032 6103
f 6032 6104 6103
f 6032 6033 6104
f 6033 6105 6104
f 6033 6034 6105
f 6034 6106 6105
f 6034 6035 6106
f 6035 6107 6106
f 6035 6036 6107
f 6036 6108 6107
f 6036 6037 6108
f 6037 6109 6108
f 6037 6038 6109
f 6038 6110 6109
f 6038 6039 6110
f 6039 6111 6110
f 6039 6040 6111
f 6040 6112 6111
f 6040 6041 6112
f 6041 6113 6112
f 6041 6042 6113
f 6042 6114 6113
f 6042 6043 6114
f 6043 6115 6114
f 6043 6044 6115
f 6044 6116 6115
f 6044 6045 6116
f 6045 6117 6116
f 6045 6046 6117
f 6046 6118 6117
f 6046 6047 6118
f 6047 6119 6118
f 6047 6048 6119
f 6048 6120 6119
f 6048 5977 6120
f 5977 6049 6120
f 6049 6050 6121
f 6050 6122 6121
f 6050 6051 6122
f 6051 6123 6122
f 6051 6052 6123
f 6052 6124 6123
f 6052 6053 6124
f 6053 6125 6124
f 6053 6054 6125
f 6054 6126 6125
f 6054 6055 6126
f 6055 6127 6126
f 6055 6056 6127
f 6056 6128 6127
f 6056 6057 6128
f 6057 6129 6128
f 6057 6058 6129
f 6058 6130 6129
f 6058 6059 6130
f 6059 6131 6130
f 6059 6060 6131
f 6060 6132 6131
f 6060 6061 6132
f 6061 6133 6132
f 6061 6062 6133
f 6062 6134 6133
f 6062 6063 6134
f 6063 6135 6134
f 6063 6064 6135
f 6064 6136 6135
f 6064 6065 6136
f 6065 6137 6136
f 6065 6066 6137
f 6066 6138 6137
f 6066 6067 6138
f 6067 6139 6138
f 6067 6068 6139
f 6068 6140 6139
f 6068 6069 6140
f 6069 6141 6140
f 6069 6070 6141
f 6070 6142 6141
f 6070 6071 6142
f 6071 6143 6142
f 6071 6072 6143
f 6072 6144 6143
f 6072 6073 6144
f 6073 6145 6144
f 6073 6074 6145
f 6074 6146 6145
f 6074 6075 6146
f 6075 6147 6146
f 6075 6076 6147
f 6076 6148 6147
f 6076 6077 6148
f 6077 6149 6148
f 6077 6078 6149
f 6078 6150 6149
f 6078 6079 6150
f 6079 6151 6150
f 6079 6080 6151
f 6080 6152 6151
f 6080 6081 6152
f 6081 6153 6152
f 6081 6082 6153
f 6082 6154 6153
f 6082 6083 6154
f 6083 6155 6154
f 6083 6084 6155
f 6084 6156 6155
f 6084 6085 6156
f 6085 6157 6156
f 6085 6086 6157
f 6086 6158 6157
f 6086 6087 6158
f 6087 6159 6158
f 6087 6088 6159
f 6088 6160 6159
f 6088 6089 6160
f 6089 6161 6160
f 6089 6090 6161
f 6090 6162 6161
f 6090 6091 6162
f 6091 6163 6162
f 6091 6092 6163
f 6092 6164 6163
f 6092 6093 6164
f 6093 6165 6164
f 6093 6094 6165
f 6094 6166 6165
f 6094 6095 6166
f 6095 6167 6166
f 6095 6096 6167
f 6096 6168 6167
f 6096 6097 6168
f 6097 6169 6168
f 6097 6098 6169
f 6098 6170 6169
f 6098 6099 6170
f 6099 6171 6170
f 6099 6100 6171
f 6100 6172 6171
f 6100 6101 6172
f 6101 6173 6172
f 6101 6102 6173
f 6102 6174 6173
f 6102 6103 6174
f 6103 6175 6174
f 6103 6104 6175
f 6104 6176 6175
f 6104 6105 6176
f 6105 6177 6176
f 6105 6106 6177
f 6106 6178 6177
f 6106 6107 6178
f 6107 6179 6178
f 6107 6108 6179
f 6108 6180 6179
f 6108 6109 6180
f 6109 6181 6180
f 6109 6110 6181
f 6110 6182 6181
f 6110 6111 6182
f 6111 6183 6182
f 6111 6112 6183
f 6112 6184 6183
f 6112 6113 6184
f 6113 6185 6184
f 6113 6114 6185
f 6114 6186 6185
f 6114 6115 6186
f 6115 6187 6186
f 6115 6116 6187
f 6116 6188 6187
f 6116 6117 6188
f 6117 6189 6188
f 6117 6118 6189
f 6118 6190 6189
f 6118 6119 6190
f 6119 6191 6190
f 6119 6120 6191
f 6120 6192 6191
f 6120 6049 6192
f 6049 6121 6192
f 6121 6122 6193
f 6122 6194 6193
f 6122 6123 6194
f 6123 6195 6194
f 6123 6124 6195
f 6124 6196 6195
f 6124 6125 6196
f 6125 6197 6196
f 6125 6126 6197
f 6126 6198 6197
f 6126 6127 6198
f 6127 6199 6198
f 6127 6128 6199
f 6128 6200 6199
f 6128 6129 6200
f 6129 6201 6200
f 6129 6130 6201
f 6130 6202 6201
f 6130 6131 6202
f 6131 6203 6202
f 6131 6132 6203
f 6132 6204 6203
f 6132 6133 6204
f 6133 6205 6204
f 6133 6134 6205
f 6134 6206 6205
f 6134 6135 6206
f 6135 6207 6206
f 6135 6136 6207
f 6136 6208 6207
f 6136 6137 6208
f 6137 6209 6208
f 6137 6138 6209
f 6138 6210 6209
f 6138 6139 6210
f 6139 6211 6210
f 6139 6140 6211
f 6140 6212 6211
f 6140 6141 6212
f 6141 6213 6212
f 6141 6142 6213
f 6142 6214 6213
f 6142 6143 6214
f 6143 6215 6214
f 6143 6144 6215
f 6144 6216 6215
f 6144 6145 6216
f 6145 6217 6216
f 6145 6146 6217
f 6146 6218 6217
f 6146 6147 6218
f 6147 6219 6218
f 6147 6148 6219
f 6148 6220 6219
f 6148 6149 6220
f 6149 6221 6220
f 6149 6150 6221
f 6150 6222 6221
f 6150 6151 6222
f 6151 6223 6222
f 6151 6152 6223
f 6152 6224 6223
f 6152 6153 6224
f 6153 6225 6224
f 6153 6154 6225
f 6154 6226 6225
f 6154 6155 6226
f 6155 6227 6226
f 6155 6156 6227
f 6156 6228 6227
f 6156 6157 6228
f 6157 6229 6228
f 6157 6158 6229
f 6158 6230 6229
f 6158 6159 6230
f 6159 6231 6230
f 6159 6160 6231
f 6160 6232 6231
f 6160 6161 6232
f 6161 6233 6232
f 6161 6162 6233
f 6162 6234 6233
f 6162 6163 6234
f 6163 6235 6234
f 6163 6164 6235
f 6164 6236 6235
f 6164 6165 6236
f 6165 6237 6236
f 6165 6166 6237
f 6166 6238 6237
f 6166 6167 6238
f 6167 6239 6238
f 6167 6168 6239
f 6168 6240 6239
f 6168 6169 6240
f 6169 6241 6240
f 6169 6170 6241
f 6170 6242 6241
f 6170 6171 6242
f 6171 6243 6242
f 6171 6172 6243
f 6172 6244 6243
f 6172 6173 6244
f 6173 6245 6244
f 6173 6174 6245
f 6174 6246 6245
f 6174 6175 6246
f 6175 6247 6246
f 6175 6176 6247
f 6176 6248 6247
f 6176 6177 6248
f 6177 6249 6248
f 6177 6178 6249
f 6178 6250 6249
f 6178 6179 6250
f 6179 6251 6250
f 6179 6180 6251
f 6180 6252 6251
f 6180 6181 6252
f 6181 6253 6252
f 6181 6182 6253
f 6182 6254 6253
f 6182 6183 6254
f 6183 6255 6254
f 6183 6184 6255
f 6184 6256 6255
f 6184 6185 6256
f 6185 6257 6256
f 6185 6186 6257
f 6186 6258 6257
f 6186 6187 6258
f 6187 6259 6258
f 6187 6188 6259
f 6188 6260 6259
f 6188 6189 6260
f 6189 6261 6260
f 6189 6190 6261
f 6190 6262 6261
f 6190 6191 6262
f 6191 6263 6262
f 6191 6192 6263
f 6192 6264 6263
f 6192 6121 6264
f 6121 6193 6264
f 6193 6194 6265
f 6194 6266 6265
f 6194 6195 6266
f 6195 6267 6266
f 6195 6196 6267
f 6196 6268 6267
f 6196 6197 6268
f 6197 6269 6268
f 6197 6198 6269
f 6198 6270 6269
f 6198 6199 6270
f 6199 6271 6270
f 6199 6200 6271
f 6200 6272 6271
f 6200 6201 6272
f 6201 6273 6272
f 6201 6202 6273
f 6202 6274 6273
f 6202 6203 6274
f 6203 6275 6274
f 6203 6204 6275
f 6204 6276 6275
f 6204 6205 6276
f 6205 6277 6276
f 6205 6206 6277
f 6206 6278 6277
f 6206 6207 6278
f 6207 6279 6278
f 6207 6208 6279
f 6208 6280 6279
f 6208 6209 6280
f 6209 6281 6280
f 6209 6210 6281
f 6210 6282 6281
f 6210 6211 6282
f 6211 6283 6282
f 6211 6212 6283
f 6212 6284 6283
f 6212 6213 6284
f 6213 6285 6284
f 6213 6214 6285
f 6214 6286 6285
f 6214 6215 6286
f 6215 6287 6286
f 6215 6216 6287
f 6216 6288 6287
f 6216 6217 6288
f 6217 6289 6288
f 6217 6218 6289
f 6218 6290 6289
f 6218 6219 6290
f 6219 6291 6290
f 6219 6220 6291
f 6220 6292 6291
f 6220 6221 6292
f 6221 6293 6292
f 6221 6222 6293
f 6222 6294 6293
f 6222 6223 6294
f 6223 6295 6294
f 6223 6224 6295
f 6224 6296 6295
f 6224 6225 6296
f 6225 6297 6296
f 6225 6226 6297
f 6226 6298 6297
f 6226 6227 6298
f 6227 6299 6298
f 6227 6228 6299
f 6228 6300 6299
f 6228 6229 6300
f 6229 6301 6300
f 6229 6230 6301
f 6230 6302 6301
f 6230 6231 6302
f 6231 6303 6302
f 6231 6232 6303
f 6232 6304 6303
f 6232 6233 6304
f 6233 6305 6304
f 6233 6234 6305
f 6234 6306 6305
f 6234 6235 6306
f 6235 6307 6306
f 6235 6236 6307
f 6236 6308 6307
f 6236 6237 6308
f 6237 6309 6308
f 6237 6238 6309
f 6238 6310 6309
f 6238 6239 6310
f 6239 6311 6310
f 6239 6240 6311
f 6240 6312 6311
f 6240 6241 6312
f 6241 6313 6312
f 6241 6242 6313
f 6242 6314 6313
f 6242 6243 6314
f 6243 6315 6314
f 6243 6244 6315
f 6244 6316 6315
f 6244 6245 6316
f 6245 6317 6316
f 6245 6246 6317
f 6246 6318 6317
f 6246 6247 6318
f 6247 6319 6318
f 6247 6248 6319
f 6248 6320 6319
f 6248 6249 6320
f 6249 6321 6320
f 6249 6250 6321
f 6250 6322 6321
f 6250 6251 6322
f 6251 6323 6322
f 6251 6252 6323
f 6252 6324 6323
f 6252 6253 6324
f 6253 6325 6324
f 6253 6254 6325
f 6254 6326 6325
f 6254 6255 6326
f 6255 6327 6326
f 6255 6256 6327
f 6256 6328 6327
f 6256 6257 6328
f 6257 6329 6328
f 6257 6258 6329
f 6258 6330 6329
f 6258 6259 6330
f 6259 6331 6330
f 6259 6260 6331
f 6260 6332 6331
f 6260 6261 6332
f 6261 6333 6332
f 6261 6262 6333
f 6262 6334 6333
f 6262 6263 6334
f 6263 6335 6334
f 6263 6264 6335
f 6264 6336 6335
f 6264 6193 6336
f 6193 6265 6336
f 6265 6266 6337
f 6266 6338 6337
f 6266 6267 6338
f 6267 6339 6338
f 6267 6268 6339
f 6268 6340 6339
f 6268 6269 6340
f 6269 6341 6340
f 6269 6270 6341
f 6270 6342 6341
f 6270 6271 6342
f 6271 6343 6342
f 6271 6272 6343
f 6272 6344 6343
f 6272 6273 6344
f 6273 6345 6344
f 6273 6274 6345
f 6274 6346 6345
f 6274 6275 6346
f 6275 6347 6346
f 6275 6276 6347
f 6276 6348 6347
f 6276 6277 6348
f 6277 6349 6348
f 6277 6278 6349
f 6278 6350 6349
f 6278 6279 6350
f 6279 6351 6350
f 6279 6280 6351
f 6280 6352 6351
f 6280 6281 6352
f 6281 6353 6352
f 6281 6282 6353
f 6282 6354 6353
f 6282 6283 6354
f 6283 6355 6354
f 6283 6284 6355
f 6284 6356 6355
f 6284 6285 6356
f 6285 6357 6356
f 6285 6286 6357
f 6286 6358 6357
f 6286 6287 6358
f 6287 6359 6358
f 6287 6288 6359
f 6288 6360 6359
f 6288 6289 6360
f 6289 6361 6360
f 6289 6290 6361
f 6290 6362 6361
f 6290 6291 6362
f 6291 6363 6362
f 6291 6292 6363
f 6292 6364 6363
f 6292 6293 6364
f 6293 6365 6364
f 6293 6294 6365
f 6294 6366 6365
f 6294 6295 6366
f 6295 6367 6366
f 6295 6296 6367
f 6296 6368 6367
f 6296 6297 6368
f 6297 6369 6368
f 6297 6298 6369
f 6298 6370 6369
f 6298 6299 6370
f 6299 6371 6370
f 6299 6300 6371
f 6300 6372 6371
f 6300 6301 6372
f 6301 6373 6372
f 6301 6302 6373
f 6302 6374 6373
f 6302 6303 6374
f 6303 6375 6374
f 6303 6304 6375
f 6304 6376 6375
f 6304 6305 6376
f 6305 6377 6376
f 6305 6306 6377
f 6306 6378 6377
f 6306 6307 6378
f 6307 6379 6378
f 6307 6308 6379
f 6308 6380 6379
f 6308 6309 6380
f 6309 6381 6380
f 6309 6310 6381
f 6310 6382 6381
f 6310 6311 6382
f 6311 6383 6382
f 6311 6312 6383
f 6312 6384 6383
f 6312 6313 6384
f 6313 6385 6384
f 6313 6314 6385
f 6314 6386 6385
f 6314 6315 6386
f 6315 6387 6386
f 6315 6316 6387
f 6316 6388 6387
f 6316 6317 6388
f 6317 6389 6388
f 6317 6318 6389
f 6318 6390 6389
f 6318 6319 6390
f 6319 6391 6390
f 6319 6320 6391
f 6320 6392 6391
f 6320 6321 6392
f 6321 6393 6392
f 6321 6322 6393
f 6322 6394 6393
f 6322 6323 6394
f 6323 6395 6394
f 6323 6324 6395
f 6324 6396 6395
f 6324 6325 6396
f 6325 6397 6396
f 6325 6326 6397
f 6326 6398 6397
f 6326 6327 6398
f 6327 6399 6398
f 6327 6328 6399
f 6328 6400 6399
f 6328 6329 6400
f 6329 6401 6400
f 6329 6330 6401
f 6330 6402 6401
f 6330 6331 6402
f 6331 6403 6402
f 6331 6332 6403
f 6332 6404 6403
f 6332 6333 6404
f 6333 6405 6404
f 6333 6334 6405
f 6334 6406 6405
f 6334 6335 6406
f 6335 6407 6406
f 6335 6336 6407
f 6336 6408 6407
f 6336 6265 6408
f 6265 6337 6408
f 6337 6338 6409
f 6338 6410 6409
f 6338 6339 6410
f 6339 6411 6410
f 6339 6340 6411
f 6340 6412 6411
f 6340 6341 6412
f 6341 6413 6412
f 6341 6342 6413
f 6342 6414 6413
f 6342 6343 6414
f 6343 6415 6414
f 6343 6344 6415
f 6344 6416 6415
f 6344 6345 6416
f 6345 6417 6416
f 6345 6346 6417
f 6346 6418 6417
f 6346 6347 6418
f 6347 6419 6418
f 6347 6348 6419
f 6348 6420 6419
f 6348 6349 6420
f 6349 6421 6420
f 6349 6350 6421
f 6350 6422 6421
f 6350 6351 6422
f 6351 6423 6422
f 6351 6352 6423
f 6352 6424 6423
f 6352 6353 6424
f 6353 6425 6424
f 6353 6354 6425
f 6354 6426 6425
f 6354 6355 6426
f 6355 6427 6426
f 6355 6356 6427
f 6356 6428 6427
f 6356 6357 6428
f 6357 6429 6428
f 6357 6358 6429
f 6358 6430 6429
f 6358 6359 6430
f 6359 6431 6430
f 6359 6360 6431
f 6360 6432 6431
f 6360 6361 6432
f 6361 6433 6432
f 6361 6362 6433
f 6362 6434 6433
f 6362 6363 6434
f 6363 6435 6434
f 6363 6364 6435
f 6364 6436 6435
f 6364 6365 6436
f 6365 6437 6436
f 6365 6366 6437
f 6366 6438 6437
f 6366 6367 6438
f 6367 6439 6438
f 6367 6368 6439
f 6368 6440 6439
f 6368 6369 6440
f 6369 6441 6440
f 6369 6370 6441
f 6370 6442 6441
f 6370 6371 6442
f 6371 6443 6442
f 6371 6372 6443
f 6372 6444 6443
f 6372 6373 6444
f 6373 6445 6444
f 6373 6374 6445
f 6374 6446 6445
f 6374 6375 6446
f 6375 6447 6446
f 6375 6376 6447
f 6376 6448 6447
f 6376 6377 6448
f 6377 6449 6448
f 6377 6378 6449
f 6378 6450 6449
f 6378 6379 6450
f 6379 6451 6450
f 6379 6380 6451
f 6380 6452 6451
f 6380 6381 6452
f 6381 6453 6452
f 6381 6382 6453
f 6382 6454 6453
f 6382 6383 6454
f 6383 6455 6454
f 6383 6384 6455
f 6384 6456 6455
f 6384 6385 6456
f 6385 6457 6456
f 6385 6386 6457
f 6386 6458 6457
f 6386 6387 6458
f 6387 6459 6458
f 6387 6388 6459
f 6388 6460 6459
f 6388 6389 6460
f 6389 6461 6460
f 6389 6390 6461
f 6390 6462 6461
f 6390 6391 6462
f 6391 6463 6462
f 6391 6392 6463
f 6392 6464 6463
f 6392 6393 6464
f 6393 6465 6464
f 6393 6394 6465
f 6394 6466 6465
f 6394 6395 6466
f 6395 6467 6466
f 6395 6396 6467
f 6396 6468 6467
f 6396 6397 6468
f 6397 6469 6468
f 6397 6398 6469
f 6398 6470 6469
f 6398 6399 6470
f 6399 6471 6470
f 6399 6400 6471
f 6400 6472 6471
f 6400 6401 6472
f 6401 6473 6472
f 6401 6402 6473
f 6402 6474 6473
f 6402 6403 6474
f 6403 6475 6474
f 6403 6404 6475
f 6404 6476 6475
f 6404 6405 6476
f 6405 6477 6476
f 6405 6406 6477
f 6406 6478 6477
f 6406 6407 6478
f 6407 6479 6478
f 6407 6408 6479
f 6408 6480 6479
f 6408 6337 6480
f 6337 6409 6480
f 6409 6410 6481
f 6410 6482 6481
f 6410 6411 6482
f 6411 6483 6482
f 6411 6412 6483
f 6412 6484 6483
f 6412 6413 6484
f 6413 6485 6484
f 6413 6414 6485
f 6414 6486 6485
f 6414 6415 6486
f 6415 6487 6486
f 6415 6416 6487
f 6416 6488 6487
f 6416 6417 6488
f 6417 6489 6488
f 6417 6418 6489
f 6418 6490 6489
f 6418 6419 6490
f 6419 6491 6490
f 6419 6420 6491
f 6420 6492 6491
f 6420 6421 6492
f 6421 6493 6492
f 6421 6422 6493
f 6422 6494 6493
f 6422 6423 6494
f 6423 6495 6494
f 6423 6424 6495
f 6424 6496 6495
f 6424 6425 6496
f 6425 6497 6496
f 6425 6426 6497
f 6426 6498 6497
f 6426 6427 6498
f 6427 6499 6498
f 6427 6428 6499
f 6428 6500 6499
f 6428 6429 6500
f 6429 6501 6500
f 6429 6430 6501
f 6430 6502 6501
f 6430 6431 6502
f 6431 6503 6502
f 6431 6432 6503
f 6432 6504 6503
f 6432 6433 6504
f 6433 6505 6504
f 6433 6434 6505
f 6434 6506 6505
f 6434 6435 6506
f 6435 6507 6506
f 6435 6436 6507
f 6436 6508 6507
f 6436 6437 6508
f 6437 6509 6508
f 6437 6438 6509
f 6438 6510 6509
f 6438 6439 6510
f 6439 6511 6510
f 6439 6440 6511
f 6440 6512 6511
f 6440 6441 6512
f 6441 6513 6512
f 6441 6442 6513
f 6442 6514 6513
f 6442 6443 6514
f 6443 6515 6514
f 6443 6444 6515
f 6444 6516 6515
f 6444 6445 6516
f 6445 6517 6516
f 6445 6446 6517
f 6446 6518 6517
f 6446 6447 6518
f 6447 6519 6518
f 6447 6448 6519
f 6448 6520 6519
f 6448 6449 6520
f 6449 6521 6520
f 6449 6450 6521
f 6450 6522 6521
f 6450 6451 6522
f 6451 6523 6522
f 6451 6452 6523
f 6452 6524 6523
f 6452 6453 6524
f 6453 6525 6524
f 6453 6454 6525
f 6454 6526 6525
f 6454 6455 6526
f 6455 6527 6526
f 6455 6456 6527
f 6456 6528 6527
f 6456 6457 6528
f 6457 6529 6528
f 6457 6458 6529
f 6458 6530 6529
f 6458 6459 6530
f 6459 6531 6530
f 6459 6460 6531
f 6460 6532 6531
f 6460 6461 6532
f 6461 6533 6532
f 6461 6462 6533
f 6462 6534 6533
f 6462 6463 6534
f 6463 6535 6534
f 6463 6464 6535
f 6464 6536 6535
f 6464 6465 6536
f 6465 6537 6536
f 6465 6466 6537
f 6466 6538 6537
f 6466 6467 6538
f 6467 6539 6538
f 6467 6468 6539
f 6468 6540 6539
f 6468 6469 6540
f 6469 6541 6540
f 6469 6470 6541
f 6470 6542 6541
f 6470 6471 6542
f 6471 6543 6542
f 6471 6472 6543
f 6472 6544 6543
f 6472 6473 6544
f 6473 6545 6544
f 6473 6474 6545
f 6474 6546 6545
f 6474 6475 6546
f 6475 6547 6546
f 6475 6476 6547
f 6476 6548 6547
f 6476 6477 6548
f 6477 6549 6548
f 6477 6478 6549
f 6478 6550 6549
f 6478 6479 6550
f 6479 6551 6550
f 6479 6480 6551
f 6480 6552 6551
f 6480 6409 6552
f 6409 6481 6552
f 6481 6482 6553
f 6482 6554 6553
f 6482 6483 6554
f 6483 6555 6554
f 6483 6484 6555
f 6484 6556 6555
f 6484 6485 6556
f 6485 6557 6556
f 6485 6486 6557
f 6486 6558 6557
f 6486 6487 6558
f 6487 6559 6558
f 6487 6488 6559
f 6488 6560 6559
f 6488 6489 6560
f 6489 6561 6560
f 6489 6490 6561
f 6490 6562 6561
f 6490 6491 6562
f 6491 6563 6562
f 6491 6492 6563
f 6492 6564 6563
f 6492 6493 6564
f 6493 6565 6564
f 6493 6494 6565
f 6494 6566 6565
f 6494 6495 6566
f 6495 6567 6566
f 6495 6496 6567
f 6496 6568 6567
f 6496 6497 6568
f 6497 6569 6568
f 6497 6498 6569
f 6498 6570 6569
f 6498 6499 6570
f 6499 6571 6570
f 6499 6500 6571
f 6500 6572 6571
f 6500 6501 6572
f 6501 6573 6572
f 6501 6502 6573
f 6502 6574 6573
f 6502 6503 6574
f 6503 6575 6574
f 6503 6504 6575
f 6504 6576 6575
f 6504 6505 6576
f 6505 6577 6576
f 6505 6506 6577
f 6506 6578 6577
f 6506 6507 6578
f 6507 6579 6578
f 6507 6508 6579
f 6508 6580 6579
f 6508 6509 6580
f 6509 6581 6580
f 6509 6510 6581
f 6510 6582 6581
f 6510 6511 6582
f 6511 6583 6582
f 6511 6512 6583
f 6512 6584 6583
f 6512 6513 6584
f 6513 6585 6584
f 6513 6514 6585
f 6514 6586 6585
f 6514 6515 6586
f 6515 6587 6586
f 6515 6516 6587
f 6516 6588 6587
f 6516 6517 6588
f 6517 6589 6588
f 6517 6518 6589
f 6518 6590 6589
f 6518 6519 6590
f 6519 6591 6590
f 6519 6520 6591
f 6520 6592 6591
f 6520 6521 6592
f 6521 6593 6592
f 6521 6522 6593
f 6522 6594 6593
f 6522 6523 6594
f 6523 6595 6594
f 6523 6524 6595
f 6524 6596 6595
f 6524 6525 6596
f 6525 6597 6596
f 6525 6526 6597
f 6526 6598 6597
f 6526 6527 6598
f 6527 6599 6598
f 6527 6528 6599
f 6528 6600 6599
f 6528 6529 6600
f 6529 6601 6600
f 6529 6530 6601
f 6530 6602 6601
f 6530 6531 6602
f 6531 6603 6602
f 6531 6532 6603
f 6532 6604 6603
f 6532 6533 6604
f 6533 6605 6604
f 6533 6534 6605
f 6534 6606 6605
f 6534 6535 6606
f 6535 6607 6606
f 6535 6536 6607
f 6536 6608 6607
f 6536 6537 6608
f 6537 6609 6608
f 6537 6538 6609
f 6538 6610 6609
f 6538 6539 6610
f 6539 6611 6610
f 6539 6540 6611
f 6540 6612 6611
f 6540 6541 6612
f 6541 6613 6612
f 6541 6542 6613
f 6542 6614 6613
f 6542 6543 6614
f 6543 6615 6614
f 6543 6544 6615
f 6544 6616 6615
f 6544 6545 6616
f 6545 6617 6616
f 6545 6546 6617
f 6546 6618 6617
f 6546 6547 6618
f 6547 6619 6618
f 6547 6548 6619
f 6548 6620 6619
f 6548 6549 6620
f 6549 6621 6620
f 6549 6550 6621
f 6550 6622 6621
f 6550 6551 6622
f 6551 6623 6622
f 6551 6552 6623
f 6552 6624 6623
f 6552 6481 6624
f 6481 6553 6624
f 6553 6554 6625
f 6554 6626 6625
f 6554 6555 6626
f 6555 6627 6626
f 6555 6556 6627
f 6556 6628 6627
f 6556 6557 6628
f 6557 6629 6628
f 6557 6558 6629
f 6558 6630 6629
f 6558 6559 6630
f 6559 6631 6630
f 6559 6560 6631
f 6560 6632 6631
f 6560 6561 6632
f 6561 6633 6632
f 6561 6562 6633
f 6562 6634 6633
f 6562 6563 6634
f 6563 6635 6634
f 6563 6564 6635
f 6564 6636 6635
f 6564 6565 6636
f 6565 6637 6636
f 6565 6566 6637
f 6566 6638 6637
f 6566 6567 6638
f 6567 6639 6638
f 6567 6568 6639
f 6568 6640 6639
f 6568 6569 6640
f 6569 6641 6640
f 6569 6570 6641
f 6570 6642 6641
f 6570 6571 6642
f 6571 6643 6642
f 6571 6572 6643
f 6572 6644 6643
f 6572 6573 6644
f 6573 6645 6644
f 6573 6574 6645
f 6574 6646 6645
f 6574 6575 6646
f 6575 6647 6646
f 6575 6576 6647
f 6576 6648 6647
f 6576 6577 6648
f 6577 6649 6648
f 6577 6578 6649
f 6578 6650 6649
f 6578 6579 6650
f 6579 6651 6650
f 6579 6580 6651
f 6580 6652 6651
f 6580 6581 6652
f 6581 6653 6652
f 6581 6582 6653
f 6582 6654 6653
f 6582 6583 6654
f 6583 6655 6654
f 6583 6584 6655
f 6584 6656 6655
f 6584 6585 6656
f 6585 6657 6656
f 6585 6586 6657
f 6586 6658 6657
f 6586 6587 6658
f 6587 6659 6658
f 6587 6588 6659
f 6588 6660 6659
f 6588 6589 6660
f 6589 6661 6660
f 6589 6590 6661
f 6590 6662 6661
f 6590 6591 6662
f 6591 6663 6662
f 6591 6592 6663
f 6592 6664 6663
f 6592 6593 6664
f 6593 6665 6664
f 6593 6594 6665
f 6594 6666 6665
f 6594 6595 6666
f 6595 6667 6666
f 6595 6596 6667
f 6596 6668 6667
f 6596 6597 6668
f 6597 6669 6668
f 6597 6598 6669
f 6598 6670 6669
f 6598 6599 6670
f 6599 6671 6670
f 6599 6600 6671
f 6600 6672 6671
f 6600 6601 6672
f 6601 6673 6672
f 6601 6602 6673
f 6602 6674 6673
f 6602 6603 6674
f 6603 6675 6674
f 6603 6604 6675
f 6604 6676 6675
f 6604 6605 6676
f 6605 6677 6676
f 6605 6606 6677
f 6606 6678 6677
f 6606 6607 6678
f 6607 6679 6678
f 6607 6608 6679
f 6608 6680 6679
f 6608 6609 6680
f 6609 6681 6680
f 6609 6610 6681
f 6610 6682 6681
f 6610 6611 6682
f 6611 6683 6682
f 6611 6612 6683
f 6612 6684 6683
f 6612 6613 6684
f 6613 6685 6684
f 6613 6614 6685
f 6614 6686 6685
f 6614 6615 6686
f 6615 6687 6686
f 6615 6616 6687
f 6616 6688 6687
f 6616 6617 6688
f 6617 6689 6688
f 6617 6618 6689
f 6618 6690 6689
f 6618 6619 6690
f 6619 6691 6690
f 6619 6620 6691
f 6620 6692 6691
f 6620 6621 6692
f 6621 6693 6692
f 6621 6622 6693
f 6622 6694 6693
f 6622 6623 6694
f 6623 6695 6694
f 6623 6624 6695
f 6624 6696 6695
f 6624 6553 6696
f 6553 6625 6696
f 6625 6626 6697
f 6626 6698 6697
f 6626 6627 6698
f 6627 6699 6698
f 6627 6628 6699
f 6628 6700 6699
f 6628 6629 6700
f 6629 6701 6700
f 6629 6630 6701
f 6630 6702 6701
f 6630 6631 6702
f 6631 6703 6702
f 6631 6632 6703
f 6632 6704 6703
f 6632 6633 6704
f 6633 6705 6704
f 6633 6634 6705
f 6634 6706 6705
f 6634 6635 6706
f 6635 6707 6706
f 6635 6636 6707
f 6636 6708 6707
f 6636 6637 6708
f 6637 6709 6708
f 6637 6638 6709
f 6638 6710 6709
f 6638 6639 6710
f 6639 6711 6710
f 6639 6640 6711
f 6640 6712 6711
f 6640 6641 6712
f 6641 6713 6712
f 6641 6642 6713
f 6642 6714 6713
f 6642 6643 6714
f 6643 6715 6714
f 6643 6644 6715
f 6644 6716 6715
f 6644 6645 6716
f 6645 6717 6716
f 6645 6646 6717
f 6646 6718 6717
f 6646 6647 6718
f 6647 6719 6718
f 6647 6648 6719
f 6648 6720 6719
f 6648 6649 6720
f 6649 6721 6720
f 6649 6650 6721
f 6650 6722 6721
f 6650 6651 6722
f 6651 6723 6722
f 6651 6652 6723
f 6652 6724 6723
f 6652 6653 6724
f 6653 6725 6724
f 6653 6654 6725
f 6654 6726 6725
f 6654 6655 6726
f 6655 6727 6726
f 6655 6656 6727
f 6656 6728 6727
f 6656 6657 6728
f 6657 6729 6728
f 6657 6658 6729
f 6658 6730 6729
f 6658 6659 6730
f 6659 6731 6730
f 6659 6660 6731
f 6660 6732 6731
f 6660 6661 6732
f 6661 6733 6732
f 6661 6662 6733
f 6662 6734 6733
f 6662 6663 6734
f 6663 6735 6734
f 6663 6664 6735
f 6664 6736 6735
f 6664 6665 6736
f 6665 6737 6736
f 6665 6666 6737
f 6666 6738 6737
f 6666 6667 6738
f 6667 6739 6738
f 6667 6668 6739
f 6668 6740 6739
f 6668 6669 6740
f 6669 6741 6740
f 6669 6670 6741
f 6670 6742 6741
f 6670 6671 6742
f 6671 6743 6742
f 6671 6672 6743
f 6672 6744 6743
f 6672 6673 6744
f 6673 6745 6744
f 6673 6674 6745
f 6674 6746 6745
f 6674 6675 6746
f 6675 6747 6746
f 6675 6676 6747
f 6676 6748 6747
f 6676 6677 6748
f 6677 6749 6748
f 6677 6678 6749
f 6678 6750 6749
f 6678 6679 6750
f 6679 6751 6750
f 6679 6680 6751
f 6680 6752 6751
f 6680 6681 6752
f 6681 6753 6752
f 6681 6682 6753
f 6682 6754 6753
f 6682 6683 6754
f 6683 6755 6754
f 6683 6684 6755
f 6684 6756 6755
f 6684 6685 6756
f 6685 6757 6756
f 6685 6686 6757
f 6686 6758 6757
f 6686 6687 6758
f 6687 6759 6758
f 6687 6688 6759
f 6688 6760 6759
f 6688 6689 6760
f 6689 6761 6760
f 6689 6690 6761
f 6690 6762 6761
f 6690 6691 6762
f 6691 6763 6762
f 6691 6692 6763
f 6692 6764 6763
f 6692 6693 6764
f 6693 6765 6764
f 6693 6694 6765
f 6694 6766 6765
f 6694 6695 6766
f 6695 6767 6766
f 6695 6696 6767
f 6696 6768 6767
f 6696 6625 6768
f 6625 6697 6768
f 6697 6698 6769
f 6698 6770 6769
f 6698 6699 6770
f 6699 6771 6770
f 6699 6700 6771
f 6700 6772 6771
f 6700 6701 6772
f 6701 6773 6772
f 6701 6702 6773
f 6702 6774 6773
f 6702 6703 6774
f 6703 6775 6774
f 6703 6704 6775
f 6704 6776 6775
f 6704 6705 6776
f 6705 6777 6776
f 6705 6706 6777
f 6706 6778 6777
f 6706 6707 6778
f 6707 6779 6778
f 6707 6708 6779
f 6708 6780 6779
f 6708 6709 6780
f 6709 6781 6780
f 6709 6710 6781
f 6710 6782 6781
f 6710 6711 6782
f 6711 6783 6782
f 6711 6712 6783
f 6712 6784 6783
f 6712 6713 6784
f 6713 6785 6784
f 6713 6714 6785
f 6714 6786 6785
f 6714 6715 6786
f 6715 6787 6786
f 6715 6716 6787
f 6716 6788 6787
f 6716 6717 6788
f 6717 6789 6788
f 6717 6718 6789
f 6718 6790 6789
f 6718 6719 6790
f 6719 6791 6790
f 6719 6720 6791
f 6720 6792 6791
f 6720 6721 6792
f 6721 6793 6792
f 6721 6722 6793
f 6722 6794 6793
f 6722 6723 6794
f 6723 6795 6794
f 6723 6724 6795
f 6724 6796 6795
f 6724 6725 6796
f 6725 6797 6796
f 6725 6726 6797
f 6726 6798 6797
f 6726 6727 6798
f 6727 6799 6798
f 6727 6728 6799
f 6728 6800 6799
f 6728 6729 6800
f 6729 6801 6800
f 6729 6730 6801
f 6730 6802 6801
f 6730 6731 6802
f 6731 6803 6802
f 6731 6732 6803
f 6732 6804 6803
f 6732 6733 6804
f 6733 6805 6804
f 6733 6734 6805
f 6734 6806 6805
f 6734 6735 6806
f 6735 6807 6806
f 6735 6736 6807
f 6736 6808 6807
f 6736 6737 6808
f 6737 6809 6808
f 6737 6738 6809
f 6738 6810 6809
f 6738 6739 6810
f 6739 6811 6810
f 6739 6740 6811
f 6740 6812 6811
f 6740 6741 6812
f 6741 6813 6812
f 6741 6742 6813
f 6742 6814 6813
f 6742 6743 6814
f 6743 6815 6814
f 6743 6744 6815
f 6744 6816 6815
f 6744 6745 6816
f 6745 6817 6816
f 6745 6746 6817
f 6746 6818 6817
f 6746 6747 6818
f 6747 6819 6818
f 6747 6748 6819
f 6748 6820 6819
f 6748 6749 6820
f 6749 6821 6820
f 6749 6750 6821
f 6750 6822 6821
f 6750 6751 6822
f 6751 6823 6822
f 6751 6752 6823
f 6752 6824 6823
f 6752 6753 6824
f 6753 6825 6824
f 6753 6754 6825
f 6754 6826 6825
f 6754 6755 6826
f 6755 6827 6826
f 6755 6756 6827
f 6756 6828 6827
f 6756 6757 6828
f 6757 6829 6828
f 6757 6758 6829
f 6758 6830 6829
f 6758 6759 6830
f 6759 6831 6830
f 6759 6760 6831
f 6760 6832 6831
f 6760 6761 6832
f 6761 6833 6832
f 6761 6762 6833
f 6762 6834 6833
f 6762 6763 6834
f 6763 6835 6834
f 6763 6764 6835
f 6764 6836 6835
f 6764 6765 6836
f 6765 6837 6836
f 6765 6766 6837
f 6766 6838 6837
f 6766 6767 6838
f 6767 6839 6838
f 6767 6768 6839
f 6768 6840 6839
f 6768 6697 6840
f 6697 6769 6840
f 6769 6770 6841
f 6770 6842 6841
f 6770 6771 6842
f 6771 6843 6842
f 6771 6772 6843
f 6772 6844 6843
f 6772 6773 6844
f 6773 6845 6844
f 6773 6774 6845
f 6774 6846 6845
f 6774 6775 6846
f 6775 6847 6846
f 6775 6776 6847
f 6776 6848 6847
f 6776 6777 6848
f 6777 6849 6848
f 6777 6778 6849
f 6778 6850 6849
f 6778 6779 6850
f 6779 6851 6850
f 6779 6780 6851
f 6780 6852 6851
f 6780 6781 6852
f 6781 6853 6852
f 6781 6782 6853
f 6782 6854 6853
f 6782 6783 6854
f 6783 6855 6854
f 6783 6784 6855
f 6784 6856 6855
f 6784 6785 6856
f 6785 6857 6856
f 6785 6786 6857
f 6786 6858 6857
f 6786 6787 6858
f 6787 6859 6858
f 6787 6788 6859
f 6788 6860 6859
f 6788 6789 6860
f 6789 6861 6860
f 6789 6790 6861
f 6790 6862 6861
f 6790 6791 6862
f 6791 6863 6862
f 6791 6792 6863
f 6792 6864 6863
f 6792 6793 6864
f 6793 6865 6864
f 6793 6794 6865
f 6794 6866 6865
f 6794 6795 6866
f 6795 6867 6866
f 6795 6796 6867
f 6796 6868 6867
f 6796 6797 6868
f 6797 6869 6868
f 6797 6798 6869
f 6798 6870 6869
f 6798 6799 6870
f 6799 6871 6870
f 6799 6800 6871
f 6800 6872 6871
f 6800 6801 6872
f 6801 6873 6872
f 6801 6802 6873
f 6802 6874 6873
f 6802 6803 6874
f 6803 6875 6874
f 6803 6804 6875
f 6804 6876 6875
f 6804 6805 6876
f 6805 6877 6876
f 6805 6806 6877
f 6806 6878 6877
f 6806 6807 6878
f 6807 6879 6878
f 6807 6808 6879
f 6808 6880 6879
f 6808 6809 6880
f 6809 6881 6880
f 6809 6810 6881
f 6810 6882 6881
f 6810 6811 6882
f 6811 6883 6882
f 6811 6812 6883
f 6812 6884 6883
f 6812 6813 6884
f 6813 6885 6884
f 6813 6814 6885
f 6814 6886 6885
f 6814 6815 6886
f 6815 6887 6886
f 6815 6816 6887
f 6816 6888 6887
f 6816 6817 6888
f 6817 6889 6888
f 6817 6818 6889
f 6818 6890 6889
f 6818 6819 6890
f 6819 6891 6890
f 6819 6820 6891
f 6820 6892 6891
f 6820 6821 6892
f 6821 6893 6892
f 6821 6822 6893
f 6822 6894 6893
f 6822 6823 6894
f 6823 6895 6894
f 6823 6824 6895
f 6824 6896 6895
f 6824 6825 6896
f 6825 6897 6896
f 6825 6826 6897
f 6826 6898 6897
f 6826 6827 6898
f 6827 6899 6898
f 6827 6828 6899
f 6828 6900 6899
f 6828 6829 6900
f 6829 6901 6900
f 6829 6830 6901
f 6830 6902 6901
f 6830 6831 6902
f 6831 6903 6902
f 6831 6832 6903
f 6832 6904 6903
f 6832 6833 6904
f 6833 6905 6904
f 6833 6834 6905
f 6834 6906 6905
f 6834 6835 6906
f 6835 6907 6906
f 6835 6836 6907
f 6836 6908 6907
f 6836 6837 6908
f 6837 6909 6908
f 6837 6838 6909
f 6838 6910 6909
f 6838 6839 6910
f 6839 6911 6910
f 6839 6840 6911
f 6840 6912 6911
f 6840 6769 6912
f 6769 6841 6912
f 6841 6842 6913
f 6842 6914 6913
f 6842 6843 6914
f 6843 6915 6914
f 6843 6844 6915
f 6844 6916 6915
f 6844 6845 6916
f 6845 6917 6916
f 6845 6846 6917
f 6846 6918 6917
f 6846 6847 6918
f 6847 6919 6918
f 6847 6848 6919
f 6848 6920 6919
f 6848 6849 6920
f 6849 6921 6920
f 6849 6850 6921
f 6850 6922 6921
f 6850 6851 6922
f 6851 6923 6922
f 6851 6852 6923
f 6852 6924 6923
f 6852 6853 6924
f 6853 6925 6924
f 6853 6854 6925
f 6854 6926 6925
f 6854 6855 6926
f 6855 6927 6926
f 6855 6856 6927
f 6856 6928 6927
f 6856 6857 6928
f 6857 6929 6928
f 6857 6858 6929
f 6858 6930 6929
f 6858 6859 6930
f 6859 6931 6930
f 6859 6860 6931
f 6860 6932 6931
f 6860 6861 6932
f 6861 6933 6932
f 6861 6862 6933
f 6862 6934 6933
f 6862 6863 6934
f 6863 6935 6934
f 6863 6864 6935
f 6864 6936 6935
f 6864 6865 6936
f 6865 6937 6936
f 6865 6866 6937
f 6866 6938 6937
f 6866 6867 6938
f 6867 6939 6938
f 6867 6868 6939
f 6868 6940 6939
f 6868 6869 6940
f 6869 6941 6940
f 6869 6870 6941
f 6870 6942 6941
f 6870 6871 6942
f 6871 6943 6942
f 6871 6872 6943
f 6872 6944 6943
f 6872 6873 6944
f 6873 6945 6944
f 6873 6874 6945
f 6874 6946 6945
f 6874 6875 6946
f 6875 6947 6946
f 6875 6876 6947
f 6876 6948 6947
f 6876 6877 6948
f 6877 6949 6948
f 6877 6878 6949
f 6878 6950 6949
f 6878 6879 6950
f 6879 6951 6950
f 6879 6880 6951
f 6880 6952 6951
f 6880 6881 6952
f 6881 6953 6952
f 6881 6882 6953
f 6882 6954 6953
f 6882 6883 6954
f 6883 6955 6954
f 6883 6884 6955
f 6884 6956 6955
f 6884 6885 6956
f 6885 6957 6956
f 6885 6886 6957
f 6886 6958 6957
f 6886 6887 6958
f 6887 6959 6958
f 6887 6888 6959
f 6888 6960 6959
f 6888 6889 6960
f 6889 6961 6960
f 6889 6890 6961
f 6890 6962 6961
f 6890 6891 6962
f 6891 6963 6962
f 6891 6892 6963
f 6892 6964 6963
f 6892 6893 6964
f 6893 6965 6964
f 6893 6894 6965
f 6894 6966 6965
f 6894 6895 6966
f 6895 6967 6966
f 6895 6896 6967
f 6896 6968 6967
f 6896 6897 6968
f 6897 6969 6968
f 6897 6898 6969
f 6898 6970 6969
f 6898 6899 6970
f 6899 6971 6970
f 6899 6900 6971
f 6900 6972 6971
f 6900 6901 6972
f 6901 6973 6972
f 6901 6902 6973
f 6902 6974 6973
f 6902 6903 6974
f 6903 6975 6974
f 6903 6904 6975
f 6904 6976 6975
f 6904 6905 6976
f 6905 6977 6976
f 6905 6906 6977
f 6906 6978 6977
f 6906 6907 6978
f 6907 6979 6978
f 6907 6908 6979
f 6908 6980 6979
f 6908 6909 6980
f 6909 6981 6980
f 6909 6910 6981
f 6910 6982 6981
f 6910 6911 6982
f 6911 6983 6982
f 6911 6912 6983
f 6912 6984 6983
f 6912 6841 6984
f 6841 6913 6984
f 6913 6914 6985
f 6914 6986 6985
f 6914 6915 6986
f 6915 6987 6986
f 6915 6916 6987
f 6916 6988 6987
f 6916 6917 6988
f 6917 6989 6988
f 6917 6918 6989
f 6918 6990 6989
f 6918 6919 6990
f 6919 6991 6990
f 6919 6920 6991
f 6920 6992 6991
f 6920 6921 6992
f 6921 6993 6992
f 6921 6922 6993
f 6922 6994 6993
f 6922 6923 6994
f 6923 6995 6994
f 6923 6924 6995
f 6924 6996 6995
f 6924 6925 6996
f 6925 6997 6996
f 6925 6926 6997
f 6926 6998 6997
f 6926 6927 6998
f 6927 6999 6998
f 6927 6928 6999
f 6928 7000 6999
f 6928 6929 7000
f 6929 7001 7000
f 6929 6930 7001
f 6930 7002 7001
f 6930 6931 7002
f 6931 7003 7002
f 6931 6932 7003
f 6932 7004 7003
f 6932 6933 7004
f 6933 7005 7004
f 6933 6934 7005
f 6934 7006 7005
f 6934 6935 7006
f 6935 7007 7006
f 6935 6936 7007
f 6936 7008 7007
f 6936 6937 7008
f 6937 7009 7008
f 6937 6938 7009
f 6938 7010 7009
f 6938 6939 7010
f 6939 7011 7010
f 6939 6940 7011
f 6940 7012 7011
f 6940 6941 7012
f 6941 7013 7012
f 6941 6942 7013
f 6942 7014 7013
f 6942 6943 7014
f 6943 7015 7014
f 6943 6944 7015
f 6944 7016 7015
f 6944 6945 7016
f 6945 7017 7016
f 6945 6946 7017
f 6946 7018 7017
f 6946 6947 7018
f 6947 7019 7018
f 6947 6948 7019
f 6948 7020 7019
f 6948 6949 7020
f 6949 7021 7020
f 6949 6950 7021
f 6950 7022 7021
f 6950 6951 7022
f 6951 7023 7022
f 6951 6952 7023
f 6952 7024 7023
f 6952 6953 7024
f 6953 7025 7024
f 6953 6954 7025
f 6954 7026 7025
f 6954 6955 7026
f 6955 7027 7026
f 6955 6956 7027
f 6956 7028 7027
f 6956 6957 7028
f 6957 7029 7028
f 6957 6958 7029
f 6958 7030 7029
f 6958 6959 7030
f 6959 7031 7030
f 6959 6960 7031
f 6960 7032 7031
f 6960 6961 7032
f 6961 7033 7032
f 6961 6962 7033
f 6962 7034 7033
f 6962 6963 7034
f 6963 7035 7034
f 6963 6964 7035
f 6964 7036 7035
f 6964 6965 7036
f 6965 7037 7036
f 6965 6966 7037
f 6966 7038 7037
f 6966 6967 7038
f 6967 7039 7038
f 6967 6968 7039
f 6968 7040 7039
f 6968 6969 7040
f 6969 7041 7040
f 6969 6970 7041
f 6970 7042 7041
f 6970 6971 7042
f 6971 7043 7042
f 6971 6972 7043
f 6972 7044 7043
f 6972 6973 7044
f 6973 7045 7044
f 6973 6974 7045
f 6974 7046 7045
f 6974 6975 7046
f 6975 7047 7046
f 6975 6976 7047
f 6976 7048 7047
f 6976 6977 7048
f 6977 7049 7048
f 6977 6978 7049
f 6978 7050 7049
f 6978 6979 7050
f 6979 7051 7050
f 6979 6980 7051
f 6980 7052 7051
f 6980 6981 7052
f 6981 7053 7052
f 6981 6982 7053
f 6982 7054 7053
f 6982 6983 7054
f 6983 7055 7054
f 6983 6984 7055
f 6984 7056 7055
f 6984 6913 7056
f 6913 6985 7056
f 6985 6986 7057
f 6986 7058 7057
f 6986 6987 7058
f 6987 7059 7058
f 6987 6988 7059
f 6988 7060 7059
f 6988 6989 7060
f 6989 7061 7060
f 6989 6990 7061
f 6990 7062 7061
f 6990 6991 7062
f 6991 7063 7062
f 6991 6992 7063
f 6992 7064 7063
f 6992 6993 7064
f 6993 7065 7064
f 6993 6994 7065
f 6994 7066 7065
f 6994 6995 7066
f 6995 7067 7066
f 6995 6996 7067
f 6996 7068 7067
f 6996 6997 7068
f 6997 7069 7068
f 6997 6998 7069
f 6998 7070 7069
f 6998 6999 7070
f 6999 7071 7070
f 6999 7000 7071
f 7000 7072 7071
f 7000 7001 7072
f 7001 7073 7072
f 7001 7002 7073
f 7002 7074 7073
f 7002 7003 7074
f 7003 7075 7074
f 7003 7004 7075
f 7004 7076 7075
f 7004 7005 7076
f 7005 7077 7076
f 7005 7006 7077
f 7006 7078 7077
f 7006 7007 7078
f 7007 7079 7078
f 7007 7008 7079
f 7008 7080 7079
f 7008 7009 7080
f 7009 7081 7080
f 7009 7010 7081
f 7010 7082 7081
f 7010 7011 7082
f 7011 7083 7082
f 7011 7012 7083
f 7012 7084 7083
f 7012 7013 7084
f 7013 7085 7084
f 7013 7014 7085
f 7014 7086 7085
f 7014 7015 7086
f 7015 7087 7086
f 7015 7016 7087
f 7016 7088 7087
f 7016 7017 7088
f 7017 7089 7088
f 7017 7018 7089
f 7018 7090 7089
f 7018 7019 7090
f 7019 7091 7090
f 7019 7020 7091
f 7020 7092 7091
f 7020 7021 7092
f 7021 7093 7092
f 7021 7022 7093
f 7022 7094 7093
f 7022 7023 7094
f 7023 7095 7094
f 7023 7024 7095
f 7024 7096 7095
f 7024 7025 7096
f 7025 7097 7096
f 7025 7026 7097
f 7026 7098 7097
f 7026 7027 7098
f 7027 7099 7098
f 7027 7028 7099
f 7028 7100 7099
f 7028 7029 7100
f 7029 7101 7100
f 7029 7030 7101
f 7030 7102 7101
f 7030 7031 7102
f 7031 7103 7102
f 7031 7032 7103
f 7032 7104 7103
f 7032 7033 7104
f 7033 7105 7104
f 7033 7034 7105
f 7034 7106 7105
f 7034 7035 7106
f 7035 7107 7106
f 7035 7036 7107
f 7036 7108 7107
f 7036 7037 7108
f 7037 7109 7108
f 7037 7038 7109
f 7038 7110 7109
f 7038 7039 7110
f 7039 7111 7110
f 7039 7040 7111
f 7040 7112 7111
f 7040 7041 7112
f 7041 7113 7112
f 7041 7042 7113
f 7042 7114 7113
f 7042 7043 7114
f 7043 7115 7114
f 7043 7044 7115
f 7044 7116 7115
f 7044 7045 7116
f 7045 7117 7116
f 7045 7046 7117
f 7046 7118 7117
f 7046 7047 7118
f 7047 7119 7118
f 7047 7048 7119
f 7048 7120 7119
f 7048 7049 7120
f 7049 7121 7120
f 7049 7050 7121
f 7050 7122 7121
f 7050 7051 7122
f 7051 7123 7122
f 7051 7052 7123
f 7052 7124 7123
f 7052 7053 7124
f 7053 7125 7124
f 7053 7054 7125
f 7054 7126 7125
f 7054 7055 7126
f 7055 7127 7126
f 7055 7056 7127
f 7056 7128 7127
f 7056 6985 7128
f 6985 7057 7128
f 7057 7058 7129
f 7058 7130 7129
f 7058 7059 7130
f 7059 7131 7130
f 7059 7060 7131
f 7060 7132 7131
f 7060 7061 7132
f 7061 7133 7132
f 7061 7062 7133
f 7062 7134 7133
f 7062 7063 7134
f 7063 7135 7134
f 7063 7064 7135
f 7064 7136 7135
f 7064 7065 7136
f 7065 7137 7136
f 7065 7066 7137
f 7066 7138 7137
f 7066 7067 7138
f 7067 7139 7138
f 7067 7068 7139
f 7068 7140 7139
f 7068 7069 7140
f 7069 7141 7140
f 7069 7070 7141
f 7070 7142 7141
f 7070 7071 7142
f 7071 7143 7142
f 7071 7072 7143
f 7072 7144 7143
f 7072 7073 7144
f 7073 7145 7144
f 7073 7074 7145
f 7074 7146 7145
f 7074 7075 7146
f 7075 7147 7146
f 7075 7076 7147
f 7076 7148 7147
f 7076 7077 7148
f 7077 7149 7148
f 7077 7078 7149
f 7078 7150 7149
f 7078 7079 7150
f 7079 7151 7150
f 7079 7080 7151
f 7080 7152 7151
f 7080 7081 7152
f 7081 7153 7152
f 7081 7082 7153
f 7082 7154 7153
f 7082 7083 7154
f 7083 7155 7154
f 7083 7084 7155
f 7084 7156 7155
f 7084 7085 7156
f 7085 7157 7156
f 7085 7086 7157
f 7086 7158 7157
f 7086 7087 7158
f 7087 7159 7158
f 7087 7088 7159
f 7088 7160 7159
f 7088 7089 7160
f 7089 7161 7160
f 7089 7090 7161
f 7090 7162 7161
f 7090 7091 7162
f 7091 7163 7162
f 7091 7092 7163
f 7092 7164 7163
f 7092 7093 7164
f 7093 7165 7164
f 7093 7094 7165
f 7094 7166 7165
f 7094 7095 7166
f 7095 7167 7166
f 7095 7096 7167
f 7096 7168 7167
f 7096 7097 7168
f 7097 7169 7168
f 7097 7098 7169
f 7098 7170 7169
f 7098 7099 7170
f 7099 7171 7170
f 7099 7100 7171
f 7100 7172 7171
f 7100 7101 7172
f 7101 7173 7172
f 7101 7102 7173
f 7102 7174 7173
f 7102 7103 7174
f 7103 7175 7174
f 7103 7104 7175
f 7104 7176 7175
f 7104 7105 7176
f 7105 7177 7176
f 7105 7106 7177
f 7106 7178 7177
f 7106 7107 7178
f 7107 7179 7178
f 7107 7108 7179
f 7108 7180 7179
f 7108 7109 7180
f 7109 7181 7180
f 7109 7110 7181
f 7110 7182 7181
f 7110 7111 7182
f 7111 7183 7182
f 7111 7112 7183
f 7112 7184 7183
f 7112 7113 7184
f 7113 7185 7184
f 7113 7114 7185
f 7114 7186 7185
f 7114 7115 7186
f 7115 7187 7186
f 7115 7116 7187
f 7116 7188 7187
f 7116 7117 7188
f 7117 7189 7188
f 7117 7118 7189
f 7118 7190 7189
f 7118 7119 7190
f 7119 7191 7190
f 7119 7120 7191
f 7120 7192 7191
f 7120 7121 7192
f 7121 7193 7192
f 7121 7122 7193
f 7122 7194 7193
f 7122 7123 7194
f 7123 7195 7194
f 7123 7124 7195
f 7124 7196 7195
f 7124 7125 7196
f 7125 7197 7196
f 7125 7126 7197
f 7126 7198 7197
f 7126 7127 7198
f 7127 7199 7198
f 7127 7128 7199
f 7128 7200 7199
f 7128 7057 7200
f 7057 7129 7200
f 7129 7130 7201
f 7130 7202 7201
f 7130 7131 7202
f 7131 7203 7202
f 7131 7132 7203
f 7132 7204 7203
f 7132 7133 7204
f 7133 7205 7204
f 7133 7134 7205
f 7134 7206 7205
f 7134 7135 7206
f 7135 7207 7206
f 7135 7136 7207
f 7136 7208 7207
f 7136 7137 7208
f 7137 7209 7208
f 7137 7138 7209
f 7138 7210 7209
f 7138 7139 7210
f 7139 7211 7210
f 7139 7140 7211
f 7140 7212 7211
f 7140 7141 7212
f 7141 7213 7212
f 7141 7142 7213
f 7142 7214 7213
f 7142 7143 7214
f 7143 7215 7214
f 7143 7144 7215
f 7144 7216 7215
f 7144 7145 7216
f 7145 7217 7216
f 7145 7146 7217
f 7146 7218 7217
f 7146 7147 7218
f 7147 7219 7218
f 7147 7148 7219
f 7148 7220 7219
f 7148 7149 7220
f 7149 7221 7220
f 7149 7150 7221
f 7150 7222 7221
f 7150 7151 7222
f 7151 7223 7222
f 7151 7152 7223
f 7152 7224 7223
f 7152 7153 7224
f 7153 7225 7224
f 7153 7154 7225
f 7154 7226 7225
f 7154 7155 7226
f 7155 7227 7226
f 7155 7156 7227
f 7156 7228 7227
f 7156 7157 7228
f 7157 7229 7228
f 7157 7158 7229
f 7158 7230 7229
f 7158 7159 7230
f 7159 7231 7230
f 7159 7160 7231
f 7160 7232 7231
f 7160 7161 7232
f 7161 7233 7232
f 7161 7162 7233
f 7162 7234 7233
f 7162 7163 7234
f 7163 7235 7234
f 7163 7164 7235
f 7164 7236 7235
f 7164 7165 7236
f 7165 7237 7236
f 7165 7166 7237
f 7166 7238 7237
f 7166 7167 7238
f 7167 7239 7238
f 7167 7168 7239
f 7168 7240 7239
f 7168 7169 7240
f 7169 7241 7240
f 7169 7170 7241
f 7170 7242 7241
f 7170 7171 7242
f 7171 7243 7242
f 7171 7172 7243
f 7172 7244 7243
f 7172 7173 7244
f 7173 7245 7244
f 7173 7174 7245
f 7174 7246 7245
f 7174 7175 7246
f 7175 7247 7246
f 7175 7176 7247
f 7176 7248 7247
f 7176 7177 7248
f 7177 7249 7248
f 7177 7178 7249
f 7178 7250 7249
f 7178 7179 7250
f 7179 7251 7250
f 7179 7180 7251
f 7180 7252 7251
f 7180 7181 7252
f 7181 7253 7252
f 7181 7182 7253
f 7182 7254 7253
f 7182 7183 7254
f 7183 7255 7254
f 7183 7184 7255
f 7184 7256 7255
f 7184 7185 7256
f 7185 7257 7256
f 7185 7186 7257
f 7186 7258 7257
f 7186 7187 7258
f 7187 7259 7258
f 7187 7188 7259
f 7188 7260 7259
f 7188 7189 7260
f 7189 7261 7260
f 7189 7190 7261
f 7190 7262 7261
f 7190 7191 7262
f 7191 7263 7262
f 7191 7192 7263
f 7192 7264 7263
f 7192 7193 7264
f 7193 7265 7264
f 7193 7194 7265
f 7194 7266 7265
f 7194 7195 7266
f 7195 7267 7266
f 7195 7196 7267
f 7196 7268 7267
f 7196 7197 7268
f 7197 7269 7268
f 7197 7198 7269
f 7198 7270 7269
f 7198 7199 7270
f 7199 7271 7270
f 7199 7200 7271
f 7200 7272 7271
f 7200 7129 7272
f 7129 7201 7272
f 7201 7202 7273
f 7202 7274 7273
f 7202 7203 7274
f 7203 7275 7274
f 7203 7204 7275
f 7204 7276 7275
f 7204 7205 7276
f 7205 7277 7276
f 7205 7206 7277
f 7206 7278 7277
f 7206 7207 7278
f 7207 7279 7278
f 7207 7208 7279
f 7208 7280 7279
f 7208 7209 7280
f 7209 7281 7280
f 7209 7210 7281
f 7210 7282 7281
f 7210 7211 7282
f 7211 7283 7282
f 7211 7212 7283
f 7212 7284 7283
f 7212 7213 7284
f 7213 7285 7284
f 7213 7214 7285
f 7214 7286 7285
f 7214 7215 7286
f 7215 7287 7286
f 7215 7216 7287
f 7216 7288 7287
f 7216 7217 7288
f 7217 7289 7288
f 7217 7218 7289
f 7218 7290 7289
f 7218 7219 7290
f 7219 7291 7290
f 7219 7220 7291
f 7220 7292 7291
f 7220 7221 7292
f 7221 7293 7292
f 7221 7222 7293
f 7222 7294 7293
f 7222 7223 7294
f 7223 7295 7294
f 7223 7224 7295
f 7224 7296 7295
f 7224 7225 7296
f 7225 7297 7296
f 7225 7226 7297
f 7226 7298 7297
f 7226 7227 7298
f 7227 7299 7298
f 7227 7228 7299
f 7228 7300 7299
f 7228 7229 7300
f 7229 7301 7300
f 7229 7230 7301
f 7230 7302 7301
f 7230 7231 7302
f 7231 7303 7302
f 7231 7232 7303
f 7232 7304 7303
f 7232 7233 7304
f 7233 7305 7304
f 7233 7234 7305
f 7234 7306 7305
f 7234 7235 7306
f 7235 7307 7306
f 7235 7236 7307
f 7236 7308 7307
f 7236 7237 7308
f 7237 7309 7308
f 7237 7238 7309
f 7238 7310 7309
f 7238 7239 7310
f 7239 7311 7310
f 7239 7240 7311
f 7240 7312 7311
f 7240 7241 7312
f 7241 7313 7312
f 7241 7242 7313
f 7242 7314 7313
f 7242 7243 7314
f 7243 7315 7314
f 7243 7244 7315
f 7244 7316 7315
f 7244 7245 7316
f 7245 7317 7316
f 7245 7246 7317
f 7246 7318 7317
f 7246 7247 7318
f 7247 7319 7318
f 7247 7248 7319
f 7248 7320 7319
f 7248 7249 7320
f 7249 7321 7320
f 7249 7250 7321
f 7250 7322 7321
f 7250 7251 7322
f 7251 7323 7322
f 7251 7252 7323
f 7252 7324 7323
f 7252 7253 7324
f 7253 7325 7324
f 7253 7254 7325
f 7254 7326 7325
f 7254 7255 7326
f 7255 7327 7326
f 7255 7256 7327
f 7256 7328 7327
f 7256 7257 7328
f 7257 7329 7328
f 7257 7258 7329
f 7258 7330 7329
f 7258 7259 7330
f 7259 7331 7330
f 7259 7260 7331
f 7260 7332 7331
f 7260 7261 7332
f 7261 7333 7332
f 7261 7262 7333
f 7262 7334 7333
f 7262 7263 7334
f 7263 7335 7334
f 7263 7264 7335
f 7264 7336 7335
f 7264 7265 7336
f 7265 7337 7336
f 7265 7266 7337
f 7266 7338 7337
f 7266 7267 7338
f 7267 7339 7338
f 7267 7268 7339
f 7268 7340 7339
f 7268 7269 7340
f 7269 7341 7340
f 7269 7270 7341
f 7270 7342 7341
f 7270 7271 7342
f 7271 7343 7342
f 7271 7272 7343
f 7272 7344 7343
f 7272 7201 7344
f 7201 7273 7344
f 7273 7274 7345
f 7274 7346 7345
f 7274 7275 7346
f 7275 7347 7346
f 7275 7276 7347
f 7276 7348 7347
f 7276 7277 7348
f 7277 7349 7348
f 7277 7278 7349
f 7278 7350 7349
f 7278 7279 7350
f 7279 7351 7350
f 7279 7280 7351
f 7280 7352 7351
f 7280 7281 7352
f 7281 7353 7352
f 7281 7282 7353
f 7282 7354 7353
f 7282 7283 7354
f 7283 7355 7354
f 7283 7284 7355
f 7284 7356 7355
f 7284 7285 7356
f 7285 7357 7356
f 7285 7286 7357
f 7286 7358 7357
f 7286 7287 7358
f 7287 7359 7358
f 7287 7288 7359
f 7288 7360 7359
f 7288 7289 7360
f 7289 7361 7360
f 7289 7290 7361
f 7290 7362 7361
f 7290 7291 7362
f 7291 7363 7362
f 7291 7292 7363
f 7292 7364 7363
f 7292 7293 7364
f 7293 7365 7364
f 7293 7294 7365
f 7294 7366 7365
f 7294 7295 7366
f 7295 7367 7366
f 7295 7296 7367
f 7296 7368 7367
f 7296 7297 7368
f 7297 7369 7368
f 7297 7298 7369
f 7298 7370 7369
f 7298 7299 7370
f 7299 7371 7370
f 7299 7300 7371
f 7300 7372 7371
f 7300 7301 7372
f 7301 7373 7372
f 7301 7302 7373
f 7302 7374 7373
f 7302 7303 7374
f 7303 7375 7374
f 7303 7304 7375
f 7304 7376 7375
f 7304 7305 7376
f 7305 7377 7376
f 7305 7306 7377
f 7306 7378 7377
f 7306 7307 7378
f 7307 7379 7378
f 7307 7308 7379
f 7308 7380 7379
f 7308 7309 7380
f 7309 7381 7380
f 7309 7310 7381
f 7310 7382 7381
f 7310 7311 7382
f 7311 7383 7382
f 7311 7312 7383
f 7312 7384 7383
f 7312 7313 7384
f 7313 7385 7384
f 7313 7314 7385
f 7314 7386 7385
f 7314 7315 7386
f 7315 7387 7386
f 7315 7316 7387
f 7316 7388 7387
f 7316 7317 7388
f 7317 7389 7388
f 7317 7318 7389
f 7318 7390 7389
f 7318 7319 7390
f 7319 7391 7390
f 7319 7320 7391
f 7320 7392 7391
f 7320 7321 7392
f 7321 7393 7392
f 7321 7322 7393
f 7322 7394 7393
f 7322 7323 7394
f 7323 7395 7394
f 7323 7324 7395
f 7324 7396 7395
f 7324 7325 7396
f 7325 7397 7396
f 7325 7326 7397
f 7326 7398 7397
f 7326 7327 7398
f 7327 7399 7398
f 7327 7328 7399
f 7328 7400 7399
f 7328 7329 7400
f 7329 7401 7400
f 7329 7330 7401
f 7330 7402 7401
f 7330 7331 7402
f 7331 7403 7402
f 7331 7332 7403
f 7332 7404 7403
f 7332 7333 7404
f 7333 7405 7404
f 7333 7334 7405
f 7334 7406 7405
f 7334 7335 7406
f 7335 7407 7406
f 7335 7336 7407
f 7336 7408 7407
f 7336 7337 7408
f 7337 7409 7408
f 7337 7338 7409
f 7338 7410 7409
f 7338 7339 7410
f 7339 7411 7410
f 7339 7340 7411
f 7340 7412 7411
f 7340 7341 7412
f 7341 7413 7412
f 7341 7342 7413
f 7342 7414 7413
f 7342 7343 7414
f 7343 7415 7414
f 7343 7344 7415
f 7344 7416 7415
f 7344 7273 7416
f 7273 7345 7416
f 7345 7346 7417
f 7346 7418 7417
f 7346 7347 7418
f 7347 7419 7418
f 7347 7348 7419
f 7348 7420 7419
f 7348 7349 7420
f 7349 7421 7420
f 7349 7350 7421
f 7350 7422 7421
f 7350 7351 7422
f 7351 7423 7422
f 7351 7352 7423
f 7352 7424 7423
f 7352 7353 7424
f 7353 7425 7424
f 7353 7354 7425
f 7354 7426 7425
f 7354 7355 7426
f 7355 7427 7426
f 7355 7356 7427
f 7356 7428 7427
f 7356 7357 7428
f 7357 7429 7428
f 7357 7358 7429
f 7358 7430 7429
f 7358 7359 7430
f 7359 7431 7430
f 7359 7360 7431
f 7360 7432 7431
f 7360 7361 7432
f 7361 7433 7432
f 7361 7362 7433
f 7362 7434 7433
f 7362 7363 7434
f 7363 7435 7434
f 7363 7364 7435
f 7364 7436 7435
f 7364 7365 7436
f 7365 7437 7436
f 7365 7366 7437
f 7366 7438 7437
f 7366 7367 7438
f 7367 7439 7438
f 7367 7368 7439
f 7368 7440 7439
f 7368 7369 7440
f 7369 7441 7440
f 7369 7370 7441
f 7370 7442 7441
f 7370 7371 7442
f 7371 7443 7442
f 7371 7372 7443
f 7372 7444 7443
f 7372 7373 7444
f 7373 7445 7444
f 7373 7374 7445
f 7374 7446 7445
f 7374 7375 7446
f 7375 7447 7446
f 7375 7376 7447
f 7376 7448 7447
f 7376 7377 7448
f 7377 7449 7448
f 7377 7378 7449
f 7378 7450 7449
f 7378 7379 7450
f 7379 7451 7450
f 7379 7380 7451
f 7380 7452 7451
f 7380 7381 7452
f 7381 7453 7452
f 7381 7382 7453
f 7382 7454 7453
f 7382 7383 7454
f 7383 7455 7454
f 7383 7384 7455
f 7384 7456 7455
f 7384 7385 7456
f 7385 7457 7456
f 7385 7386 7457
f 7386 7458 7457
f 7386 7387 7458
f 7387 7459 7458
f 7387 7388 7459
f 7388 7460 7459
f 7388 7389 7460
f 7389 7461 7460
f 7389 7390 7461
f 7390 7462 7461
f 7390 7391 7462
f 7391 7463 7462
f 7391 7392 7463
f 7392 7464 7463
f 7392 7393 7464
f 7393 7465 7464
f 7393 7394 7465
f 7394 7466 7465
f 7394 7395 7466
f 7395 7467 7466
f 7395 7396 7467
f 7396 7468 7467
f 7396 7397 7468
f 7397 7469 7468
f 7397 7398 7469
f 7398 7470 7469
f 7398 7399 7470
f 7399 7471 7470
f 7399 7400 7471
f 7400 7472 7471
f 7400 7401 7472
f 7401 7473 7472
f 7401 7402 7473
f 7402 7474 7473
f 7402 7403 7474
f 7403 7475 7474
f 7403 7404 7475
f 7404 7476 7475
f 7404 7405 7476
f 7405 7477 7476
f 7405 7406 7477
f 7406 7478 7477
f 7406 7407 7478
f 7407 7479 7478
f 7407 7408 7479
f 7408 7480 7479
f 7408 7409 7480
f 7409 7481 7480
f 7409 7410 7481
f 7410 7482 7481
f 7410 7411 7482
f 7411 7483 7482
f 7411 7412 7483
f 7412 7484 7483
f 7412 7413 7484
f 7413 7485 7484
f 7413 7414 7485
f 7414 7486 7485
f 7414 7415 7486
f 7415 7487 7486
f 7415 7416 7487
f 7416 7488 7487
f 7416 7345 7488
f 7345 7417 7488
f 7417 7418 7489
f 7418 7490 7489
f 7418 7419 7490
f 7419 7491 7490
f 7419 7420 7491
f 7420 7492 7491
f 7420 7421 7492
f 7421 7493 7492
f 7421 7422 7493
f 7422 7494 7493
f 7422 7423 7494
f 7423 7495 7494
f 7423 7424 7495
f 7424 7496 7495
f 7424 7425 7496
f 7425 7497 7496
f 7425 7426 7497
f 7426 7498 7497
f 7426 7427 7498
f 7427 7499 7498
f 7427 7428 7499
f 7428 7500 7499
f 7428 7429 7500
f 7429 7501 7500
f 7429 7430 7501
f 7430 7502 7501
f 7430 7431 7502
f 7431 7503 7502
f 7431 7432 7503
f 7432 7504 7503
f 7432 7433 7504
f 7433 7505 7504
f 7433 7434 7505
f 7434 7506 7505
f 7434 7435 7506
f 7435 7507 7506
f 7435 7436 7507
f 7436 7508 7507
f 7436 7437 7508
f 7437 7509 7508
f 7437 7438 7509
f 7438 7510 7509
f 7438 7439 7510
f 7439 7511 7510
f 7439 7440 7511
f 7440 7512 7511
f 7440 7441 7512
f 7441 7513 7512
f 7441 7442 7513
f 7442 7514 7513
f 7442 7443 7514
f 7443 7515 7514
f 7443 7444 7515
f 7444 7516 7515
f 7444 7445 7516
f 7445 7517 7516
f 7445 7446 7517
f 7446 7518 7517
f 7446 7447 7518
f 7447 7519 7518
f 7447 7448 7519
f 7448 7520 7519
f 7448 7449 7520
f 7449 7521 7520
f 7449 7450 7521
f 7450 7522 7521
f 7450 7451 7522
f 7451 7523 7522
f 7451 7452 7523
f 7452 7524 7523
f 7452 7453 7524
f 7453 7525 7524
f 7453 7454 7525
f 7454 7526 7525
f 7454 7455 7526
f 7455 7527 7526
f 7455 7456 7527
f 7456 7528 7527
f 7456 7457 7528
f 7457 7529 7528
f 7457 7458 7529
f 7458 7530 7529
f 7458 7459 7530
f 7459 7531 7530
f 7459 7460 7531
f 7460 7532 7531
f 7460 7461 7532
f 7461 7533 7532
f 7461 7462 7533
f 7462 7534 7533
f 7462 7463 7534
f 7463 7535 7534
f 7463 7464 7535
f 7464 7536 7535
f 7464 7465 7536
f 7465 7537 7536
f 7465 7466 7537
f 7466 7538 7537
f 7466 7467 7538
f 7467 7539 7538
f 7467 7468 7539
f 7468 7540 7539
f 7468 7469 7540
f 7469 7541 7540
f 7469 7470 7541
f 7470 7542 7541
f 7470 7471 7542
f 7471 7543 7542
f 7471 7472 7543
f 7472 7544 7543
f 7472 7473 7544
f 7473 7545 7544
f 7473 7474 7545
f 7474 7546 7545
f 7474 7475 7546
f 7475 7547 7546
f 7475 7476 7547
f 7476 7548 7547
f 7476 7477 7548
f 7477 7549 7548
f 7477 7478 7549
f 7478 7550 7549
f 7478 7479 7550
f 7479 7551 7550
f 7479 7480 7551
f 7480 7552 7551
f 7480 7481 7552
f 7481 7553 7552
f 7481 7482 7553
f 7482 7554 7553
f 7482 7483 7554
f 7483 7555 7554
f 7483 7484 7555
f 7484 7556 7555
f 7484 7485 7556
f 7485 7557 7556
f 7485 7486 7557
f 7486 7558 7557
f 7486 7487 7558
f 7487 7559 7558
f 7487 7488 7559
f 7488 7560 7559
f 7488 7417 7560
f 7417 7489 7560
f 7489 7490 7561
f 7490 7562 7561
f 7490 7491 7562
f 7491 7563 7562
f 7491 7492 7563
f 7492 7564 7563
f 7492 7493 7564
f 7493 7565 7564
f 7493 7494 7565
f 7494 7566 7565
f 7494 7495 7566
f 7495 7567 7566
f 7495 7496 7567
f 7496 7568 7567
f 7496 7497 7568
f 7497 7569 7568
f 7497 7498 7569
f 7498 7570 7569
f 7498 7499 7570
f 7499 7571 7570
f 7499 7500 7571
f 7500 7572 7571
f 7500 7501 7572
f 7501 7573 7572
f 7501 7502 7573
f 7502 7574 7573
f 7502 7503 7574
f 7503 7575 7574
f 7503 7504 7575
f 7504 7576 7575
f 7504 7505 7576
f 7505 7577 7576
f 7505 7506 7577
f 7506 7578 7577
f 7506 7507 7578
f 7507 7579 7578
f 7507 7508 7579
f 7508 7580 7579
f 7508 7509 7580
f 7509 7581 7580
f 7509 7510 7581
f 7510 7582 7581
f 7510 7511 7582
f 7511 7583 7582
f 7511 7512 7583
f 7512 7584 7583
f 7512 7513 7584
f 7513 7585 7584
f 7513 7514 7585
f 7514 7586 7585
f 7514 7515 7586
f 7515 7587 7586
f 7515 7516 7587
f 7516 7588 7587
f 7516 7517 7588
f 7517 7589 7588
f 7517 7518 7589
f 7518 7590 7589
f 7518 7519 7590
f 7519 7591 7590
f 7519 7520 7591
f 7520 7592 7591
f 7520 7521 7592
f 7521 7593 7592
f 7521 7522 7593
f 7522 7594 7593
f 7522 7523 7594
f 7523 7595 7594
f 7523 7524 7595
f 7524 7596 7595
f 7524 7525 7596
f 7525 7597 7596
f 7525 7526 7597
f 7526 7598 7597
f 7526 7527 7598
f 7527 7599 7598
f 7527 7528 7599
f 7528 7600 7599
f 7528 7529 7600
f 7529 7601 7600
f 7529 7530 7601
f 7530 7602 7601
f 7530 7531 7602
f 7531 7603 7602
f 7531 7532 7603
f 7532 7604 7603
f 7532 7533 7604
f 7533 7605 7604
f 7533 7534 7605
f 7534 7606 7605
f 7534 7535 7606
f 7535 7607 7606
f 7535 7536 7607
f 7536 7608 7607
f 7536 7537 7608
f 7537 7609 7608
f 7537 7538 7609
f 7538 7610 7609
f 7538 7539 7610
f 7539 7611 7610
f 7539 7540 7611
f 7540 7612 7611
f 7540 7541 7612
f 7541 7613 7612
f 7541 7542 7613
f 7542 7614 7613
f 7542 7543 7614
f 7543 7615 7614
f 7543 7544 7615
f 7544 7616 7615
f 7544 7545 7616
f 7545 7617 7616
f 7545 7546 7617
f 7546 7618 7617
f 7546 7547 7618
f 7547 7619 7618
f 7547 7548 7619
f 7548 7620 7619
f 7548 7549 7620
f 7549 7621 7620
f 7549 7550 7621
f 7550 7622 7621
f 7550 7551 7622
f 7551 7623 7622
f 7551 7552 7623
f 7552 7624 7623
f 7552 7553 7624
f 7553 7625 7624
f 7553 7554 7625
f 7554 7626 7625
f 7554 7555 7626
f 7555 7627 7626
f 7555 7556 7627
f 7556 7628 7627
f 7556 7557 7628
f 7557 7629 7628
f 7557 7558 7629
f 7558 7630 7629
f 7558 7559 7630
f 7559 7631 7630
f 7559 7560 7631
f 7560 7632 7631
f 7560 7489 7632
f 7489 7561 7632
f 7561 7562 7633
f 7562 7634 7633
f 7562 7563 7634
f 7563 7635 7634
f 7563 7564 7635
f 7564 7636 7635
f 7564 7565 7636
f 7565 7637 7636
f 7565 7566 7637
f 7566 7638 7637
f 7566 7567 7638
f 7567 7639 7638
f 7567 7568 7639
f 7568 7640 7639
f 7568 7569 7640
f 7569 7641 7640
f 7569 7570 7641
f 7570 7642 7641
f 7570 7571 7642
f 7571 7643 7642
f 7571 7572 7643
f 7572 7644 7643
f 7572 7573 7644
f 7573 7645 7644
f 7573 7574 7645
f 7574 7646 7645
f 7574 7575 7646
f 7575 7647 7646
f 7575 7576 7647
f 7576 7648 7647
f 7576 7577 7648
f 7577 7649 7648
f 7577 7578 7649
f 7578 7650 7649
f 7578 7579 7650
f 7579 7651 7650
f 7579 7580 7651
f 7580 7652 7651
f 7580 7581 7652
f 7581 7653 7652
f 7581 7582 7653
f 7582 7654 7653
f 7582 7583 7654
f 7583 7655 7654
f 7583 7584 7655
f 7584 7656 7655
f 7584 7585 7656
f 7585 7657 7656
f 7585 7586 7657
f 7586 7658 7657
f 7586 7587 7658
f 7587 7659 7658
f 7587 7588 7659
f 7588 7660 7659
f 7588 7589 7660
f 7589 7661 7660
f 7589 7590 7661
f 7590 7662 7661
f 7590 7591 7662
f 7591 7663 7662
f 7591 7592 7663
f 7592 7664 7663
f 7592 7593 7664
f 7593 7665 7664
f 7593 7594 7665
f 7594 7666 7665
f 7594 7595 7666
f 7595 7667 7666
f 7595 7596 7667
f 7596 7668 7667
f 7596 7597 7668
f 7597 7669 7668
f 7597 7598 7669
f 7598 7670 7669
f 7598 7599 7670
f 7599 7671 7670
f 7599 7600 7671
f 7600 7672 7671
f 7600 7601 7672
f 7601 7673 7672
f 7601 7602 7673
f 7602 7674 7673
f 7602 7603 7674
f 7603 7675 7674
f 7603 7604 7675
f 7604 7676 7675
f 7604 7605 7676
f 7605 7677 7676
f 7605 7606 7677
f 7606 7678 7677
f 7606 7607 7678
f 7607 7679 7678
f 7607 7608 7679
f 7608 7680 7679
f 7608 7609 7680
f 7609 7681 7680
f 7609 7610 7681
f 7610 7682 7681
f 7610 7611 7682
f 7611 7683 7682
f 7611 7612 7683
f 7612 7684 7683
f 7612 7613 7684
f 7613 7685 7684
f 7613 7614 7685
f 7614 7686 7685
f 7614 7615 7686
f 7615 7687 7686
f 7615 7616 7687
f 7616 7688 7687
f 7616 7617 7688
f 7617 7689 7688
f 7617 7618 7689
f 7618 7690 7689
f 7618 7619 7690
f 7619 7691 7690
f 7619 7620 7691
f 7620 7692 7691
f 7620 7621 7692
f 7621 7693 7692
f 7621 7622 7693
f 7622 7694 7693
f 7622 7623 7694
f 7623 7695 7694
f 7623 7624 7695
f 7624 7696 7695
f 7624 7625 7696
f 7625 7697 7696
f 7625 7626 7697
f 7626 7698 7697
f 7626 7627 7698
f 7627 7699 7698
f 7627 7628 7699
f 7628 7700 7699
f 7628 7629 7700
f 7629 7701 7700
f 7629 7630 7701
f 7630 7702 7701
f 7630 7631 7702
f 7631 7703 7702
f 7631 7632 7703
f 7632 7704 7703
f 7632 7561 7704
f 7561 7633 7704
f 7633 7634 7705
f 7634 7706 7705
f 7634 7635 7706
f 7635 7707 7706
f 7635 7636 7707
f 7636 7708 7707
f 7636 7637 7708
f 7637 7709 7708
f 7637 7638 7709
f 7638 7710 7709
f 7638 7639 7710
f 7639 7711 7710
f 7639 7640 7711
f 7640 7712 7711
f 7640 7641 7712
f 7641 7713 7712
f 7641 7642 7713
f 7642 7714 7713
f 7642 7643 7714
f 7643 7715 7714
f 7643 7644 7715
f 7644 7716 7715
f 7644 7645 7716
f 7645 7717 7716
f 7645 7646 7717
f 7646 7718 7717
f 7646 7647 7718
f 7647 7719 7718
f 7647 7648 7719
f 7648 7720 7719
f 7648 7649 7720
f 7649 7721 7720
f 7649 7650 7721
f 7650 7722 7721
f 7650 7651 7722
f 7651 7723 7722
f 7651 7652 7723
f 7652 7724 7723
f 7652 7653 7724
f 7653 7725 7724
f 7653 7654 7725
f 7654 7726 7725
f 7654 7655 7726
f 7655 7727 7726
f 7655 7656 7727
f 7656 7728 7727
f 7656 7657 7728
f 7657 7729 7728
f 7657 7658 7729
f 7658 7730 7729
f 7658 7659 7730
f 7659 7731 7730
f 7659 7660 7731
f 7660 7732 7731
f 7660 7661 7732
f 7661 7733 7732
f 7661 7662 7733
f 7662 7734 7733
f 7662 7663 7734
f 7663 7735 7734
f 7663 7664 7735
f 7664 7736 7735
f 7664 7665 7736
f 7665 7737 7736
f 7665 7666 7737
f 7666 7738 7737
f 7666 7667 7738
f 7667 7739 7738
f 7667 7668 7739
f 7668 7740 7739
f 7668 7669 7740
f 7669 7741 7740
f 7669 7670 7741
f 7670 7742 7741
f 7670 7671 7742
f 7671 7743 7742
f 7671 7672 7743
f 7672 7744 7743
f 7672 7673 7744
f 7673 7745 7744
f 7673 7674 7745
f 7674 7746 7745
f 7674 7675 7746
f 7675 7747 7746
f 7675 7676 7747
f 7676 7748 7747
f 7676 7677 7748
f 7677 7749 7748
f 7677 7678 7749
f 7678 7750 7749
f 7678 7679 7750
f 7679 7751 7750
f 7679 7680 7751
f 7680 7752 7751
f 7680 7681 7752
f 7681 7753 7752
f 7681 7682 7753
f 7682 7754 7753
f 7682 7683 7754
f 7683 7755 7754
f 7683 7684 7755
f 7684 7756 7755
f 7684 7685 7756
f 7685 7757 7756
f 7685 7686 7757
f 7686 7758 7757
f 7686 7687 7758
f 7687 7759 7758
f 7687 7688 7759
f 7688 7760 7759
f 7688 7689 7760
f 7689 7761 7760
f 7689 7690 7761
f 7690 7762 7761
f 7690 7691 7762
f 7691 7763 7762
f 7691 7692 7763
f 7692 7764 7763
f 7692 7693 7764
f 7693 7765 7764
f 7693 7694 7765
f 7694 7766 7765
f 7694 7695 7766
f 7695 7767 7766
f 7695 7696 7767
f 7696 7768 7767
f 7696 7697 7768
f 7697 7769 7768
f 7697 7698 7769
f 7698 7770 7769
f 7698 7699 7770
f 7699 7771 7770
f 7699 7700 7771
f 7700 7772 7771
f 7700 7701 7772
f 7701 7773 7772
f 7701 7702 7773
f 7702 7774 7773
f 7702 7703 7774
f 7703 7775 7774
f 7703 7704 7775
f 7704 7776 7775
f 7704 7633 7776
f 7633 7705 7776
f 7705 7706 7777
f 7706 7778 7777
f 7706 7707 7778
f 7707 7779 7778
f 7707 7708 7779
f 7708 7780 7779
f 7708 7709 7780
f 7709 7781 7780
f 7709 7710 7781
f 7710 7782 7781
f 7710 7711 7782
f 7711 7783 7782
f 7711 7712 7783
f 7712 7784 7783
f 7712 7713 7784
f 7713 7785 7784
f 7713 7714 7785
f 7714 7786 7785
f 7714 7715 7786
f 7715 7787 7786
f 7715 7716 7787
f 7716 7788 7787
f 7716 7717 7788
f 7717 7789 7788
f 7717 7718 7789
f 7718 7790 7789
f 7718 7719 7790
f 7719 7791 7790
f 7719 7720 7791
f 7720 7792 7791
f 7720 7721 7792
f 7721 7793 7792
f 7721 7722 7793
f 7722 7794 7793
f 7722 7723 7794
f 7723 7795 7794
f 7723 7724 7795
f 7724 7796 7795
f 7724 7725 7796
f 7725 7797 7796
f 7725 7726 7797
f 7726 7798 7797
f 7726 7727 7798
f 7727 7799 7798
f 7727 7728 7799
f 7728 7800 7799
f 7728 7729 7800
f 7729 7801 7800
f 7729 7730 7801
f 7730 7802 7801
f 7730 7731 7802
f 7731 7803 7802
f 7731 7732 7803
f 7732 7804 7803
f 7732 7733 7804
f 7733 7805 7804
f 7733 7734 7805
f 7734 7806 7805
f 7734 7735 7806
f 7735 7807 7806
f 7735 7736 7807
f 7736 7808 7807
f 7736 7737 7808
f 7737 7809 7808
f 7737 7738 7809
f 7738 7810 7809
f 7738 7739 7810
f 7739 7811 7810
f 7739 7740 7811
f 7740 7812 7811
f 7740 7741 7812
f 7741 7813 7812
f 7741 7742 7813
f 7742 7814 7813
f 7742 7743 7814
f 7743 7815 7814
f 7743 7744 7815
f 7744 7816 7815
f 7744 7745 7816
f 7745 7817 7816
f 7745 7746 7817
f 7746 7818 7817
f 7746 7747 7818
f 7747 7819 7818
f 7747 7748 7819
f 7748 7820 7819
f 7748 7749 7820
f 7749 7821 7820
f 7749 7750 7821
f 7750 7822 7821
f 7750 7751 7822
f 7751 7823 7822
f 7751 7752 7823
f 7752 7824 7823
f 7752 7753 7824
f 7753 7825 7824
f 7753 7754 7825
f 7754 7826 7825
f 7754 7755 7826
f 7755 7827 7826
f 7755 7756 7827
f 7756 7828 7827
f 7756 7757 7828
f 7757 7829 7828
f 7757 7758 7829
f 7758 7830 7829
f 7758 7759 7830
f 7759 7831 7830
f 7759 7760 7831
f 7760 7832 7831
f 7760 7761 7832
f 7761 7833 7832
f 7761 7762 7833
f 7762 7834 7833
f 7762 7763 7834
f 7763 7835 7834
f 7763 7764 7835
f 7764 7836 7835
f 7764 7765 7836
f 7765 7837 7836
f 7765 7766 7837
f 7766 7838 7837
f 7766 7767 7838
f 7767 7839 7838
f 7767 7768 7839
f 7768 7840 7839
f 7768 7769 7840
f 7769 7841 7840
f 7769 7770 7841
f 7770 7842 7841
f 7770 7771 7842
f 7771 7843 7842
f 7771 7772 7843
f 7772 7844 7843
f 7772 7773 7844
f 7773 7845 7844
f 7773 7774 7845
f 7774 7846 7845
f 7774 7775 7846
f 7775 7847 7846
f 7775 7776 7847
f 7776 7848 7847
f 7776 7705 7848
f 7705 7777 7848
f 7777 7778 7849
f 7778 7850 7849
f 7778 7779 7850
f 7779 7851 7850
f 7779 7780 7851
f 7780 7852 7851
f 7780 7781 7852
f 7781 7853 7852
f 7781 7782 7853
f 7782 7854 7853
f 7782 7783 7854
f 7783 7855 7854
f 7783 7784 7855
f 7784 7856 7855
f 7784 7785 7856
f 7785 7857 7856
f 7785 7786 7857
f 7786 7858 7857
f 7786 7787 7858
f 7787 7859 7858
f 7787 7788 7859
f 7788 7860 7859
f 7788 7789 7860
f 7789 7861 7860
f 7789 7790 7861
f 7790 7862 7861
f 7790 7791 7862
f 7791 7863 7862
f 7791 7792 7863
f 7792 7864 7863
f 7792 7793 7864
f 7793 7865 7864
f 7793 7794 7865
f 7794 7866 7865
f 7794 7795 7866
f 7795 7867 7866
f 7795 7796 7867
f 7796 7868 7867
f 7796 7797 7868
f 7797 7869 7868
f 7797 7798 7869
f 7798 7870 7869
f 7798 7799 7870
f 7799 7871 7870
f 7799 7800 7871
f 7800 7872 7871
f 7800 7801 7872
f 7801 7873 7872
f 7801 7802 7873
f 7802 7874 7873
f 7802 7803 7874
f 7803 7875 7874
f 7803 7804 7875
f 7804 7876 7875
f 7804 7805 7876
f 7805 7877 7876
f 7805 7806 7877
f 7806 7878 7877
f 7806 7807 7878
f 7807 7879 7878
f 7807 7808 7879
f 7808 7880 7879
f 7808 7809 7880
f 7809 7881 7880
f 7809 7810 7881
f 7810 7882 7881
f 7810 7811 7882
f 7811 7883 7882
f 7811 7812 7883
f 7812 7884 7883
f 7812 7813 7884
f 7813 7885 7884
f 7813 7814 7885
f 7814 7886 7885
f 7814 7815 7886
f 7815 7887 7886
f 7815 7816 7887
f 7816 7888 7887
f 7816 7817 7888
f 7817 7889 7888
f 7817 7818 7889
f 7818 7890 7889
f 7818 7819 7890
f 7819 7891 7890
f 7819 7820 7891
f 7820 7892 7891
f 7820 7821 7892
f 7821 7893 7892
f 7821 7822 7893
f 7822 7894 7893
f 7822 7823 7894
f 7823 7895 7894
f 7823 7824 7895
f 7824 7896 7895
f 7824 7825 7896
f 7825 7897 7896
f 7825 7826 7897
f 7826 7898 7897
f 7826 7827 7898
f 7827 7899 7898
f 7827 7828 7899
f 7828 7900 7899
f 7828 7829 7900
f 7829 7901 7900
f 7829 7830 7901
f 7830 7902 7901
f 7830 7831 7902
f 7831 7903 7902
f 7831 7832 7903
f 7832 7904 7903
f 7832 7833 7904
f 7833 7905 7904
f 7833 7834 7905
f 7834 7906 7905
f 7834 7835 7906
f 7835 7907 7906
f 7835 7836 7907
f 7836 7908 7907
f 7836 7837 7908
f 7837 7909 7908
f 7837 7838 7909
f 7838 7910 7909
f 7838 7839 7910
f 7839 7911 7910
f 7839 7840 7911
f 7840 7912 7911
f 7840 7841 7912
f 7841 7913 7912
f 7841 7842 7913
f 7842 7914 7913
f 7842 7843 7914
f 7843 7915 7914
f 7843 7844 7915
f 7844 7916 7915
f 7844 7845 7916
f 7845 7917 7916
f 7845 7846 7917
f 7846 7918 7917
f 7846 7847 7918
f 7847 7919 7918
f 7847 7848 7919
f 7848 7920 7919
f 7848 7777 7920
f 7777 7849 7920
f 7849 7850 7921
f 7850 7922 7921
f 7850 7851 7922
f 7851 7923 7922
f 7851 7852 7923
f 7852 7924 7923
f 7852 7853 7924
f 7853 7925 7924
f 7853 7854 7925
f 7854 7926 7925
f 7854 7855 7926
f 7855 7927 7926
f 7855 7856 7927
f 7856 7928 7927
f 7856 7857 7928
f 7857 7929 7928
f 7857 7858 7929
f 7858 7930 7929
f 7858 7859 7930
f 7859 7931 7930
f 7859 7860 7931
f 7860 7932 7931
f 7860 7861 7932
f 7861 7933 7932
f 7861 7862 7933
f 7862 7934 7933
f 7862 7863 7934
f 7863 7935 7934
f 7863 7864 7935
f 7864 7936 7935
f 7864 7865 7936
f 7865 7937 7936
f 7865 7866 7937
f 7866 7938 7937
f 7866 7867 7938
f 7867 7939 7938
f 7867 7868 7939
f 7868 7940 7939
f 7868 7869 7940
f 7869 7941 7940
f 7869 7870 7941
f 7870 7942 7941
f 7870 7871 7942
f 7871 7943 7942
f 7871 7872 7943
f 7872 7944 7943
f 7872 7873 7944
f 7873 7945 7944
f 7873 7874 7945
f 7874 7946 7945
f 7874 7875 7946
f 7875 7947 7946
f 7875 7876 7947
f 7876 7948 7947
f 7876 7877 7948
f 7877 7949 7948
f 7877 7878 7949
f 7878 7950 7949
f 7878 7879 7950
f 7879 7951 7950
f 7879 7880 7951
f 7880 7952 7951
f 7880 7881 7952
f 7881 7953 7952
f 7881 7882 7953
f 7882 7954 7953
f 7882 7883 7954
f 7883 7955 7954
f 7883 7884 7955
f 7884 7956 7955
f 7884 7885 7956
f 7885 7957 7956
f 7885 7886 7957
f 7886 7958 7957
f 7886 7887 7958
f 7887 7959 7958
f 7887 7888 7959
f 7888 7960 7959
f 7888 7889 7960
f 7889 7961 7960
f 7889 7890 7961
f 7890 7962 7961
f 7890 7891 7962
f 7891 7963 7962
f 7891 7892 7963
f 7892 7964 7963
f 7892 7893 7964
f 7893 7965 7964
f 7893 7894 7965
f 7894 7966 7965
f 7894 7895 7966
f 7895 7967 7966
f 7895 7896 7967
f 7896 7968 7967
f 7896 7897 7968
f 7897 7969 7968
f 7897 7898 7969
f 7898 7970 7969
f 7898 7899 7970
f 7899 7971 7970
f 7899 7900 7971
f 7900 7972 7971
f 7900 7901 7972
f 7901 7973 7972
f 7901 7902 7973
f 7902 7974 7973
f 7902 7903 7974
f 7903 7975 7974
f 7903 7904 7975
f 7904 7976 7975
f 7904 7905 7976
f 7905 7977 7976
f 7905 7906 7977
f 7906 7978 7977
f 7906 7907 7978
f 7907 7979 7978
f 7907 7908 7979
f 7908 7980 7979
f 7908 7909 7980
f 7909 7981 7980
f 7909 7910 7981
f 7910 7982 7981
f 7910 7911 7982
f 7911 7983 7982
f 7911 7912 7983
f 7912 7984 7983
f 7912 7913 7984
f 7913 7985 7984
f 7913 7914 7985
f 7914 7986 7985
f 7914 7915 7986
f 7915 7987 7986
f 7915 7916 7987
f 7916 7988 7987
f 7916 7917 7988
f 7917 7989 7988
f 7917 7918 7989
f 7918 7990 7989
f 7918 7919 7990
f 7919 7991 7990
f 7919 7920 7991
f 7920 7992 7991
f 7920 7849 7992
f 7849 7921 7992
f 7921 7922 7993
f 7922 7994 7993
f 7922 7923 7994
f 7923 7995 7994
f 7923 7924 7995
f 7924 7996 7995
f 7924 7925 7996
f 7925 7997 7996
f 7925 7926 7997
f 7926 7998 7997
f 7926 7927 7998
f 7927 7999 7998
f 7927 7928 7999
f 7928 8000 7999
f 7928 7929 8000
f 7929 8001 8000
f 7929 7930 8001
f 7930 8002 8001
f 7930 7931 8002
f 7931 8003 8002
f 7931 7932 8003
f 7932 8004 8003
f 7932 7933 8004
f 7933 8005 8004
f 7933 7934 8005
f 7934 8006 8005
f 7934 7935 8006
f 7935 8007 8006
f 7935 7936 8007
f 7936 8008 8007
f 7936 7937 8008
f 7937 8009 8008
f 7937 7938 8009
f 7938 8010 8009
f 7938 7939 8010
f 7939 8011 8010
f 7939 7940 8011
f 7940 8012 8011
f 7940 7941 8012
f 7941 8013 8012
f 7941 7942 8013
f 7942 8014 8013
f 7942 7943 8014
f 7943 8015 8014
f 7943 7944 8015
f 7944 8016 8015
f 7944 7945 8016
f 7945 8017 8016
f 7945 7946 8017
f 7946 8018 8017
f 7946 7947 8018
f 7947 8019 8018
f 7947 7948 8019
f 7948 8020 8019
f 7948 7949 8020
f 7949 8021 8020
f 7949 7950 8021
f 7950 8022 8021
f 7950 7951 8022
f 7951 8023 8022
f 7951 7952 8023
f 7952 8024 8023
f 7952 7953 8024
f 7953 8025 8024
f 7953 7954 8025
f 7954 8026 8025
f 7954 7955 8026
f 7955 8027 8026
f 7955 7956 8027
f 7956 8028 8027
f 7956 7957 8028
f 7957 8029 8028
f 7957 7958 8029
f 7958 8030 8029
f 7958 7959 8030
f 7959 8031 8030
f 7959 7960 8031
f 7960 8032 8031
f 7960 7961 8032
f 7961 8033 8032
f 7961 7962 8033
f 7962 8034 8033
f 7962 7963 8034
f 7963 8035 8034
f 7963 7964 8035
f 7964 8036 8035
f 7964 7965 8036
f 7965 8037 8036
f 7965 7966 8037
f 7966 8038 8037
f 7966 7967 8038
f 7967 8039 8038
f 7967 7968 8039
f 7968 8040 8039
f 7968 7969 8040
f 7969 8041 8040
f 7969 7970 8041
f 7970 8042 8041
f 7970 7971 8042
f 7971 8043 8042
f 7971 7972 8043
f 7972 8044 8043
f 7972 7973 8044
f 7973 8045 8044
f 7973 7974 8045
f 7974 8046 8045
f 7974 7975 8046
f 7975 8047 8046
f 7975 7976 8047
f 7976 8048 8047
f 7976 7977 8048
f 7977 8049 8048
f 7977 7978 8049
f 7978 8050 8049
f 7978 7979 8050
f 7979 8051 8050
f 7979 7980 8051
f 7980 8052 8051
f 7980 7981 8052
f 7981 8053 8052
f 7981 7982 8053
f 7982 8054 8053
f 7982 7983 8054
f 7983 8055 8054
f 7983 7984 8055
f 7984 8056 8055
f 7984 7985 8056
f 7985 8057 8056
f 7985 7986 8057
f 7986 8058 8057
f 7986 7987 8058
f 7987 8059 8058
f 7987 7988 8059
f 7988 8060 8059
f 7988 7989 8060
f 7989 8061 8060
f 7989 7990 8061
f 7990 8062 8061
f 7990 7991 8062
f 7991 8063 8062
f 7991 7992 8063
f 7992 8064 8063
f 7992 7921 8064
f 7921 7993 8064
f 7993 7994 8065
f 7994 8066 8065
f 7994 7995 8066
f 7995 8067 8066
f 7995 7996 8067
f 7996 8068 8067
f 7996 7997 8068
f 7997 8069 8068
f 7997 7998 8069
f 7998 8070 8069
f 7998 7999 8070
f 7999 8071 8070
f 7999 8000 8071
f 8000 8072 8071
f 8000 8001 8072
f 8001 8073 8072
f 8001 8002 8073
f 8002 8074 8073
f 8002 8003 8074
f 8003 8075 8074
f 8003 8004 8075
f 8004 8076 8075
f 8004 8005 8076
f 8005 8077 8076
f 8005 8006 8077
f 8006 8078 8077
f 8006 8007 8078
f 8007 8079 8078
f 8007 8008 8079
f 8008 8080 8079
f 8008 8009 8080
f 8009 8081 8080
f 8009 8010 8081
f 8010 8082 8081
f 8010 8011 8082
f 8011 8083 8082
f 8011 8012 8083
f 8012 8084 8083
f 8012 8013 8084
f 8013 8085 8084
f 8013 8014 8085
f 8014 8086 8085
f 8014 8015 8086
f 8015 8087 8086
f 8015 8016 8087
f 8016 8088 8087
f 8016 8017 8088
f 8017 8089 8088
f 8017 8018 8089
f 8018 8090 8089
f 8018 8019 8090
f 8019 8091 8090
f 8019 8020 8091
f 8020 8092 8091
f 8020 8021 8092
f 8021 8093 8092
f 8021 8022 8093
f 8022 8094 8093
f 8022 8023 8094
f 8023 8095 8094
f 8023 8024 8095
f 8024 8096 8095
f 8024 8025 8096
f 8025 8097 8096
f 8025 8026 8097
f 8026 8098 8097
f 8026 8027 8098
f 8027 8099 8098
f 8027 8028 8099
f 8028 8100 8099
f 8028 8029 8100
f 8029 8101 8100
f 8029 8030 8101
f 8030 8102 8101
f 8030 8031 8102
f 8031 8103 8102
f 8031 8032 8103
f 8032 8104 8103
f 8032 8033 8104
f 8033 8105 8104
f 8033 8034 8105
f 8034 8106 8105
f 8034 8035 8106
f 8035 8107 8106
f 8035 8036 8107
f 8036 8108 8107
f 8036 8037 8108
f 8037 8109 8108
f 8037 8038 8109
f 8038 8110 8109
f 8038 8039 8110
f 8039 8111 8110
f 8039 8040 8111
f 8040 8112 8111
f 8040 8041 8112
f 8041 8113 8112
f 8041 8042 8113
f 8042 8114 8113
f 8042 8043 8114
f 8043 8115 8114
f 8043 8044 8115
f 8044 8116 8115
f 8044 8045 8116
f 8045 8117 8116
f 8045 8046 8117
f 8046 8118 8117
f 8046 8047 8118
f 8047 8119 8118
f 8047 8048 8119
f 8048 8120 8119
f 8048 8049 8120
f 8049 8121 8120
f 8049 8050 8121
f 8050 8122 8121
f 8050 8051 8122
f 8051 8123 8122
f 8051 8052 8123
f 8052 8124 8123
f 8052 8053 8124
f 8053 8125 8124
f 8053 8054 8125
f 8054 8126 8125
f 8054 8055 8126
f 8055 8127 8126
f 8055 8056 8127
f 8056 8128 8127
f 8056 8057 8128
f 8057 8129 8128
f 8057 8058 8129
f 8058 8130 8129
f 8058 8059 8130
f 8059 8131 8130
f 8059 8060 8131
f 8060 8132 8131
f 8060 8061 8132
f 8061 8133 8132
f 8061 8062 8133
f 8062 8134 8133
f 8062 8063 8134
f 8063 8135 8134
f 8063 8064 8135
f 8064 8136 8135
f 8064 7993 8136
f 7993 8065 8136
f 8065 8066 8137
f 8066 8138 8137
f 8066 8067 8138
f 8067 8139 8138
f 8067 8068 8139
f 8068 8140 8139
f 8068 8069 8140
f 8069 8141 8140
f 8069 8070 8141
f 8070 8142 8141
f 8070 8071 8142
f 8071 8143 8142
f 8071 8072 8143
f 8072 8144 8143
f 8072 8073 8144
f 8073 8145 8144
f 8073 8074 8145
f 8074 8146 8145
f 8074 8075 8146
f 8075 8147 8146
f 8075 8076 8147
f 8076 8148 8147
f 8076 8077 8148
f 8077 8149 8148
f 8077 8078 8149
f 8078 8150 8149
f 8078 8079 8150
f 8079 8151 8150
f 8079 8080 8151
f 8080 8152 8151
f 8080 8081 8152
f 8081 8153 8152
f 8081 8082 8153
f 8082 8154 8153
f 8082 8083 8154
f 8083 8155 8154
f 8083 8084 8155
f 8084 8156 8155
f 8084 8085 8156
f 8085 8157 8156
f 8085 8086 8157
f 8086 8158 8157
f 8086 8087 8158
f 8087 8159 8158
f 8087 8088 8159
f 8088 8160 8159
f 8088 8089 8160
f 8089 8161 8160
f 8089 8090 8161
f 8090 8162 8161
f 8090 8091 8162
f 8091 8163 8162
f 8091 8092 8163
f 8092 8164 8163
f 8092 8093 8164
f 8093 8165 8164
f 8093 8094 8165
f 8094 8166 8165
f 8094 8095 8166
f 8095 8167 8166
f 8095 8096 8167
f 8096 8168 8167
f 8096 8097 8168
f 8097 8169 8168
f 8097 8098 8169
f 8098 8170 8169
f 8098 8099 8170
f 8099 8171 8170
f 8099 8100 8171
f 8100 8172 8171
f 8100 8101 8172
f 8101 8173 8172
f 8101 8102 8173
f 8102 8174 8173
f 8102 8103 8174
f 8103 8175 8174
f 8103 8104 8175
f 8104 8176 8175
f 8104 8105 8176
f 8105 8177 8176
f 8105 8106 8177
f 8106 8178 8177
f 8106 8107 8178
f 8107 8179 8178
f 8107 8108 8179
f 8108 8180 8179
f 8108 8109 8180
f 8109 8181 8180
f 8109 8110 8181
f 8110 8182 8181
f 8110 8111 8182
f 8111 8183 8182
f 8111 8112 8183
f 8112 8184 8183
f 8112 8113 8184
f 8113 8185 8184
f 8113 8114 8185
f 8114 8186 8185
f 8114 8115 8186
f 8115 8187 8186
f 8115 8116 8187
f 8116 8188 8187
f 8116 8117 8188
f 8117 8189 8188
f 8117 8118 8189
f 8118 8190 8189
f 8118 8119 8190
f 8119 8191 8190
f 8119 8120 8191
f 8120 8192 8191
f 8120 8121 8192
f 8121 8193 8192
f 8121 8122 8193
f 8122 8194 8193
f 8122 8123 8194
f 8123 8195 8194
f 8123 8124 8195
f 8124 8196 8195
f 8124 8125 8196
f 8125 8197 8196
f 8125 8126 8197
f 8126 8198 8197
f 8126 8127 8198
f 8127 8199 8198
f 8127 8128 8199
f 8128 8200 8199
f 8128 8129 8200
f 8129 8201 8200
f 8129 8130 8201
f 8130 8202 8201
f 8130 8131 8202
f 8131 8203 8202
f 8131 8132 8203
f 8132 8204 8203
f 8132 8133 8204
f 8133 8205 8204
f 8133 8134 8205
f 8134 8206 8205
f 8134 8135 8206
f 8135 8207 8206
f 8135 8136 8207
f 8136 8208 8207
f 8136 8065 8208
f 8065 8137 8208
f 8137 8138 8209
f 8138 8210 8209
f 8138 8139 8210
f 8139 8211 8210
f 8139 8140 8211
f 8140 8212 8211
f 8140 8141 8212
f 8141 8213 8212
f 8141 8142 8213
f 8142 8214 8213
f 8142 8143 8214
f 8143 8215 8214
f 8143 8144 8215
f 8144 8216 8215
f 8144 8145 8216
f 8145 8217 8216
f 8145 8146 8217
f 8146 8218 8217
f 8146 8147 8218
f 8147 8219 8218
f 8147 8148 8219
f 8148 8220 8219
f 8148 8149 8220
f 8149 8221 8220
f 8149 8150 8221
f 8150 8222 8221
f 8150 8151 8222
f 8151 8223 8222
f 8151 8152 8223
f 8152 8224 8223
f 8152 8153 8224
f 8153 8225 8224
f 8153 8154 8225
f 8154 8226 8225
f 8154 8155 8226
f 8155 8227 8226
f 8155 8156 8227
f 8156 8228 8227
f 8156 8157 8228
f 8157 8229 8228
f 8157 8158 8229
f 8158 8230 8229
f 8158 8159 8230
f 8159 8231 8230
f 8159 8160 8231
f 8160 8232 8231
f 8160 8161 8232
f 8161 8233 8232
f 8161 8162 8233
f 8162 8234 8233
f 8162 8163 8234
f 8163 8235 8234
f 8163 8164 8235
f 8164 8236 8235
f 8164 8165 8236
f 8165 8237 8236
f 8165 8166 8237
f 8166 8238 8237
f 8166 8167 8238
f 8167 8239 8238
f 8167 8168 8239
f 8168 8240 8239
f 8168 8169 8240
f 8169 8241 8240
f 8169 8170 8241
f 8170 8242 8241
f 8170 8171 8242
f 8171 8243 8242
f 8171 8172 8243
f 8172 8244 8243
f 8172 8173 8244
f 8173 8245 8244
f 8173 8174 8245
f 8174 8246 8245
f 8174 8175 8246
f 8175 8247 8246
f 8175 8176 8247
f 8176 8248 8247
f 8176 8177 8248
f 8177 8249 8248
f 8177 8178 8249
f 8178 8250 8249
f 8178 8179 8250
f 8179 8251 8250
f 8179 8180 8251
f 8180 8252 8251
f 8180 8181 8252
f 8181 8253 8252
f 8181 8182 8253
f 8182 8254 8253
f 8182 8183 8254
f 8183 8255 8254
f 8183 8184 8255
f 8184 8256 8255
f 8184 8185 8256
f 8185 8257 8256
f 8185 8186 8257
f 8186 8258 8257
f 8186 8187 8258
f 8187 8259 8258
f 8187 8188 8259
f 8188 8260 8259
f 8188 8189 8260
f 8189 8261 8260
f 8189 8190 8261
f 8190 8262 8261
f 8190 8191 8262
f 8191 8263 8262
f 8191 8192 8263
f 8192 8264 8263
f 8192 8193 8264
f 8193 8265 8264
f 8193 8194 8265
f 8194 8266 8265
f 8194 8195 8266
f 8195 8267 8266
f 8195 8196 8267
f 8196 8268 8267
f 8196 8197 8268
f 8197 8269 8268
f 8197 8198 8269
f 8198 8270 8269
f 8198 8199 8270
f 8199 8271 8270
f 8199 8200 8271
f 8200 8272 8271
f 8200 8201 8272
f 8201 8273 8272
f 8201 8202 8273
f 8202 8274 8273
f 8202 8203 8274
f 8203 8275 8274
f 8203 8204 8275
f 8204 8276 8275
f 8204 8205 8276
f 8205 8277 8276
f 8205 8206 8277
f 8206 8278 8277
f 8206 8207 8278
f 8207 8279 8278
f 8207 8208 8279
f 8208 8280 8279
f 8208 8137 8280
f 8137 8209 8280
f 8209 8210 8281
f 8210 8282 8281
f 8210 8211 8282
f 8211 8283 8282
f 8211 8212 8283
f 8212 8284 8283
f 8212 8213 8284
f 8213 8285 8284
f 8213 8214 8285
f 8214 8286 8285
f 8214 8215 8286
f 8215 8287 8286
f 8215 8216 8287
f 8216 8288 8287
f 8216 8217 8288
f 8217 8289 8288
f 8217 8218 8289
f 8218 8290 8289
f 8218 8219 8290
f 8219 8291 8290
f 8219 8220 8291
f 8220 8292 8291
f 8220 8221 8292
f 8221 8293 8292
f 8221 8222 8293
f 8222 8294 8293
f 8222 8223 8294
f 8223 8295 8294
f 8223 8224 8295
f 8224 8296 8295
f 8224 8225 8296
f 8225 8297 8296
f 8225 8226 8297
f 8226 8298 8297
f 8226 8227 8298
f 8227 8299 8298
f 8227 8228 8299
f 8228 8300 8299
f 8228 8229 8300
f 8229 8301 8300
f 8229 8230 8301
f 8230 8302 8301
f 8230 8231 8302
f 8231 8303 8302
f 8231 8232 8303
f 8232 8304 8303
f 8232 8233 8304
f 8233 8305 8304
f 8233 8234 8305
f 8234 8306 8305
f 8234 8235 8306
f 8235 8307 8306
f 8235 8236 8307
f 8236 8308 8307
f 8236 8237 8308
f 8237 8309 8308
f 8237 8238 8309
f 8238 8310 8309
f 8238 8239 8310
f 8239 8311 8310
f 8239 8240 8311
f 8240 8312 8311
f 8240 8241 8312
f 8241 8313 8312
f 8241 8242 8313
f 8242 8314 8313
f 8242 8243 8314
f 8243 8315 8314
f 8243 8244 8315
f 8244 8316 8315
f 8244 8245 8316
f 8245 8317 8316
f 8245 8246 8317
f 8246 8318 8317
f 8246 8247 8318
f 8247 8319 8318
f 8247 8248 8319
f 8248 8320 8319
f 8248 8249 8320
f 8249 8321 8320
f 8249 8250 8321
f 8250 8322 8321
f 8250 8251 8322
f 8251 8323 8322
f 8251 8252 8323
f 8252 8324 8323
f 8252 8253 8324
f 8253 8325 8324
f 8253 8254 8325
f 8254 8326 8325
f 8254 8255 8326
f 8255 8327 8326
f 8255 8256 8327
f 8256 8328 8327
f 8256 8257 8328
f 8257 8329 8328
f 8257 8258 8329
f 8258 8330 8329
f 8258 8259 8330
f 8259 8331 8330
f 8259 8260 8331
f 8260 8332 8331
f 8260 8261 8332
f 8261 8333 8332
f 8261 8262 8333
f 8262 8334 8333
f 8262 8263 8334
f 8263 8335 8334
f 8263 8264 8335
f 8264 8336 8335
f 8264 8265 8336
f 8265 8337 8336
f 8265 8266 8337
f 8266 8338 8337
f 8266 8267 8338
f 8267 8339 8338
f 8267 8268 8339
f 8268 8340 8339
f 8268 8269 8340
f 8269 8341 8340
f 8269 8270 8341
f 8270 8342 8341
f 8270 8271 8342
f 8271 8343 8342
f 8271 8272 8343
f 8272 8344 8343
f 8272 8273 8344
f 8273 8345 8344
f 8273 8274 8345
f 8274 8346 8345
f 8274 8275 8346
f 8275 8347 8346
f 8275 8276 8347
f 8276 8348 8347
f 8276 8277 8348
f 8277 8349 8348
f 8277 8278 8349
f 8278 8350 8349
f 8278 8279 8350
f 8279 8351 8350
f 8279 8280 8351
f 8280 8352 8351
f 8280 8209 8352
f 8209 8281 8352
f 8281 8282 8353
f 8282 8354 8353
f 8282 8283 8354
f 8283 8355 8354
f 8283 8284 8355
f 8284 8356 8355
f 8284 8285 8356
f 8285 8357 8356
f 8285 8286 8357
f 8286 8358 8357
f 8286 8287 8358
f 8287 8359 8358
f 8287 8288 8359
f 8288 8360 8359
f 8288 8289 8360
f 8289 8361 8360
f 8289 8290 8361
f 8290 8362 8361
f 8290 8291 8362
f 8291 8363 8362
f 8291 8292 8363
f 8292 8364 8363
f 8292 8293 8364
f 8293 8365 8364
f 8293 8294 8365
f 8294 8366 8365
f 8294 8295 8366
f 8295 8367 8366
f 8295 8296 8367
f 8296 8368 8367
f 8296 8297 8368
f 8297 8369 8368
f 8297 8298 8369
f 8298 8370 8369
f 8298 8299 8370
f 8299 8371 8370
f 8299 8300 8371
f 8300 8372 8371
f 8300 8301 8372
f 8301 8373 8372
f 8301 8302 8373
f 8302 8374 8373
f 8302 8303 8374
f 8303 8375 8374
f 8303 8304 8375
f 8304 8376 8375
f 8304 8305 8376
f 8305 8377 8376
f 8305 8306 8377
f 8306 8378 8377
f 8306 8307 8378
f 8307 8379 8378
f 8307 8308 8379
f 8308 8380 8379
f 8308 8309 8380
f 8309 8381 8380
f 8309 8310 8381
f 8310 8382 8381
f 8310 8311 8382
f 8311 8383 8382
f 8311 8312 8383
f 8312 8384 8383
f 8312 8313 8384
f 8313 8385 8384
f 8313 8314 8385
f 8314 8386 8385
f 8314 8315 8386
f 8315 8387 8386
f 8315 8316 8387
f 8316 8388 8387
f 8316 8317 8388
f 8317 8389 8388
f 8317 8318 8389
f 8318 8390 8389
f 8318 8319 8390
f 8319 8391 8390
f 8319 8320 8391
f 8320 8392 8391
f 8320 8321 8392
f 8321 8393 8392
f 8321 8322 8393
f 8322 8394 8393
f 8322 8323 8394
f 8323 8395 8394
f 8323 8324 8395
f 8324 8396 8395
f 8324 8325 8396
f 8325 8397 8396
f 8325 8326 8397
f 8326 8398 8397
f 8326 8327 8398
f 8327 8399 8398
f 8327 8328 8399
f 8328 8400 8399
f 8328 8329 8400
f 8329 8401 8400
f 8329 8330 8401
f 8330 8402 8401
f 8330 8331 8402
f 8331 8403 8402
f 8331 8332 8403
f 8332 8404 8403
f 8332 8333 8404
f 8333 8405 8404
f 8333 8334 8405
f 8334 8406 8405
f 8334 8335 8406
f 8335 8407 8406
f 8335 8336 8407
f 8336 8408 8407
f 8336 8337 8408
f 8337 8409 8408
f 8337 8338 8409
f 8338 8410 8409
f 8338 8339 8410
f 8339 8411 8410
f 8339 8340 8411
f 8340 8412 8411
f 8340 8341 8412
f 8341 8413 8412
f 8341 8342 8413
f 8342 8414 8413
f 8342 8343 8414
f 8343 8415 8414
f 8343 8344 8415
f 8344 8416 8415
f 8344 8345 8416
f 8345 8417 8416
f 8345 8346 8417
f 8346 8418 8417
f 8346 8347 8418
f 8347 8419 8418
f 8347 8348 8419
f 8348 8420 8419
f 8348 8349 8420
f 8349 8421 8420
f 8349 8350 8421
f 8350 8422 8421
f 8350 8351 8422
f 8351 8423 8422
f 8351 8352 8423
f 8352 8424 8423
f 8352 8281 8424
f 8281 8353 8424
f 8353 8354 8425
f 8354 8426 8425
f 8354 8355 8426
f 8355 8427 8426
f 8355 8356 8427
f 8356 8428 8427
f 8356 8357 8428
f 8357 8429 8428
f 8357 8358 8429
f 8358 8430 8429
f 8358 8359 8430
f 8359 8431 8430
f 8359 8360 8431
f 8360 8432 8431
f 8360 8361 8432
f 8361 8433 8432
f 8361 8362 8433
f 8362 8434 8433
f 8362 8363 8434
f 8363 8435 8434
f 8363 8364 8435
f 8364 8436 8435
f 8364 8365 8436
f 8365 8437 8436
f 8365 8366 8437
f 8366 8438 8437
f 8366 8367 8438
f 8367 8439 8438
f 8367 8368 8439
f 8368 8440 8439
f 8368 8369 8440
f 8369 8441 8440
f 8369 8370 8441
f 8370 8442 8441
f 8370 8371 8442
f 8371 8443 8442
f 8371 8372 8443
f 8372 8444 8443
f 8372 8373 8444
f 8373 8445 8444
f 8373 8374 8445
f 8374 8446 8445
f 8374 8375 8446
f 8375 8447 8446
f 8375 8376 8447
f 8376 8448 8447
f 8376 8377 8448
f 8377 8449 8448
f 8377 8378 8449
f 8378 8450 8449
f 8378 8379 8450
f 8379 8451 8450
f 8379 8380 8451
f 8380 8452 8451
f 8380 8381 8452
f 8381 8453 8452
f 8381 8382 8453
f 8382 8454 8453
f 8382 8383 8454
f 8383 8455 8454
f 8383 8384 8455
f 8384 8456 8455
f 8384 8385 8456
f 8385 8457 8456
f 8385 8386 8457
f 8386 8458 8457
f 8386 8387 8458
f 8387 8459 8458
f 8387 8388 8459
f 8388 8460 8459
f 8388 8389 8460
f 8389 8461 8460
f 8389 8390 8461
f 8390 8462 8461
f 8390 8391 8462
f 8391 8463 8462
f 8391 8392 8463
f 8392 8464 8463
f 8392 8393 8464
f 8393 8465 8464
f 8393 8394 8465
f 8394 8466 8465
f 8394 8395 8466
f 8395 8467 8466
f 8395 8396 8467
f 8396 8468 8467
f 8396 8397 8468
f 8397 8469 8468
f 8397 8398 8469
f 8398 8470 8469
f 8398 8399 8470
f 8399 8471 8470
f 8399 8400 8471
f 8400 8472 8471
f 8400 8401 8472
f 8401 8473 8472
f 8401 8402 8473
f 8402 8474 8473
f 8402 8403 8474
f 8403 8475 8474
f 8403 8404 8475
f 8404 8476 8475
f 8404 8405 8476
f 8405 8477 8476
f 8405 8406 8477
f 8406 8478 8477
f 8406 8407 8478
f 8407 8479 8478
f 8407 8408 8479
f 8408 8480 8479
f 8408 8409 8480
f 8409 8481 8480
f 8409 8410 8481
f 8410 8482 8481
f 8410 8411 8482
f 8411 8483 8482
f 8411 8412 8483
f 8412 8484 8483
f 8412 8413 8484
f 8413 8485 8484
f 8413 8414 8485
f 8414 8486 8485
f 8414 8415 8486
f 8415 8487 8486
f 8415 8416 8487
f 8416 8488 8487
f 8416 8417 8488
f 8417 8489 8488
f 8417 8418 8489
f 8418 8490 8489
f 8418 8419 8490
f 8419 8491 8490
f 8419 8420 8491
f 8420 8492 8491
f 8420 8421 8492
f 8421 8493 8492
f 8421 8422 8493
f 8422 8494 8493
f 8422 8423 8494
f 8423 8495 8494
f 8423 8424 8495
f 8424 8496 8495
f 8424 8353 8496
f 8353 8425 8496
f 8425 8426 8497
f 8426 8498 8497
f 8426 8427 8498
f 8427 8499 8498
f 8427 8428 8499
f 8428 8500 8499
f 8428 8429 8500
f 8429 8501 8500
f 8429 8430 8501
f 8430 8502 8501
f 8430 8431 8502
f 8431 8503 8502
f 8431 8432 8503
f 8432 8504 8503
f 8432 8433 8504
f 8433 8505 8504
f 8433 8434 8505
f 8434 8506 8505
f 8434 8435 8506
f 8435 8507 8506
f 8435 8436 8507
f 8436 8508 8507
f 8436 8437 8508
f 8437 8509 8508
f 8437 8438 8509
f 8438 8510 8509
f 8438 8439 8510
f 8439 8511 8510
f 8439 8440 8511
f 8440 8512 8511
f 8440 8441 8512
f 8441 8513 8512
f 8441 8442 8513
f 8442 8514 8513
f 8442 8443 8514
f 8443 8515 8514
f 8443 8444 8515
f 8444 8516 8515
f 8444 8445 8516
f 8445 8517 8516
f 8445 8446 8517
f 8446 8518 8517
f 8446 8447 8518
f 8447 8519 8518
f 8447 8448 8519
f 8448 8520 8519
f 8448 8449 8520
f 8449 8521 8520
f 8449 8450 8521
f 8450 8522 8521
f 8450 8451 8522
f 8451 8523 8522
f 8451 8452 8523
f 8452 8524 8523
f 8452 8453 8524
f 8453 8525 8524
f 8453 8454 8525
f 8454 8526 8525
f 8454 8455 8526
f 8455 8527 8526
f 8455 8456 8527
f 8456 8528 8527
f 8456 8457 8528
f 8457 8529 8528
f 8457 8458 8529
f 8458 8530 8529
f 8458 8459 8530
f 8459 8531 8530
f 8459 8460 8531
f 8460 8532 8531
f 8460 8461 8532
f 8461 8533 8532
f 8461 8462 8533
f 8462 8534 8533
f 8462 8463 8534
f 8463 8535 8534
f 8463 8464 8535
f 8464 8536 8535
f 8464 8465 8536
f 8465 8537 8536
f 8465 8466 8537
f 8466 8538 8537
f 8466 8467 8538
f 8467 8539 8538
f 8467 8468 8539
f 8468 8540 8539
f 8468 8469 8540
f 8469 8541 8540
f 8469 8470 8541
f 8470 8542 8541
f 8470 8471 8542
f 8471 8543 8542
f 8471 8472 8543
f 8472 8544 8543
f 8472 8473 8544
f 8473 8545 8544
f 8473 8474 8545
f 8474 8546 8545
f 8474 8475 8546
f 8475 8547 8546
f 8475 8476 8547
f 8476 8548 8547
f 8476 8477 8548
f 8477 8549 8548
f 8477 8478 8549
f 8478 8550 8549
f 8478 8479 8550
f 8479 8551 8550
f 8479 8480 8551
f 8480 8552 8551
f 8480 8481 8552
f 8481 8553 8552
f 8481 8482 8553
f 8482 8554 8553
f 8482 8483 8554
f 8483 8555 8554
f 8483 8484 8555
f 8484 8556 8555
f 8484 8485 8556
f 8485 8557 8556
f 8485 8486 8557
f 8486 8558 8557
f 8486 8487 8558
f 8487 8559 8558
f 8487 8488 8559
f 8488 8560 8559
f 8488 8489 8560
f 8489 8561 8560
f 8489 8490 8561
f 8490 8562 8561
f 8490 8491 8562
f 8491 8563 8562
f 8491 8492 8563
f 8492 8564 8563
f 8492 8493 8564
f 8493 8565 8564
f 8493 8494 8565
f 8494 8566 8565
f 8494 8495 8566
f 8495 8567 8566
f 8495 8496 8567
f 8496 8568 8567
f 8496 8425 8568
f 8425 8497 8568
f 8497 8498 8569
f 8498 8570 8569
f 8498 8499 8570
f 8499 8571 8570
f 8499 8500 8571
f 8500 8572 8571
f 8500 8501 8572
f 8501 8573 8572
f 8501 8502 8573
f 8502 8574 8573
f 8502 8503 8574
f 8503 8575 8574
f 8503 8504 8575
f 8504 8576 8575
f 8504 8505 8576
f 8505 8577 8576
f 8505 8506 8577
f 8506 8578 8577
f 8506 8507 8578
f 8507 8579 8578
f 8507 8508 8579
f 8508 8580 8579
f 8508 8509 8580
f 8509 8581 8580
f 8509 8510 8581
f 8510 8582 8581
f 8510 8511 8582
f 8511 8583 8582
f 8511 8512 8583
f 8512 8584 8583
f 8512 8513 8584
f 8513 8585 8584
f 8513 8514 8585
f 8514 8586 8585
f 8514 8515 8586
f 8515 8587 8586
f 8515 8516 8587
f 8516 8588 8587
f 8516 8517 8588
f 8517 8589 8588
f 8517 8518 8589
f 8518 8590 8589
f 8518 8519 8590
f 8519 8591 8590
f 8519 8520 8591
f 8520 8592 8591
f 8520 8521 8592
f 8521 8593 8592
f 8521 8522 8593
f 8522 8594 8593
f 8522 8523 8594
f 8523 8595 8594
f 8523 8524 8595
f 8524 8596 8595
f 8524 8525 8596
f 8525 8597 8596
f 8525 8526 8597
f 8526 8598 8597
f 8526 8527 8598
f 8527 8599 8598
f 8527 8528 8599
f 8528 8600 8599
f 8528 8529 8600
f 8529 8601 8600
f 8529 8530 8601
f 8530 8602 8601
f 8530 8531 8602
f 8531 8603 8602
f 8531 8532 8603
f 8532 8604 8603
f 8532 8533 8604
f 8533 8605 8604
f 8533 8534 8605
f 8534 8606 8605
f 8534 8535 8606
f 8535 8607 8606
f 8535 8536 8607
f 8536 8608 8607
f 8536 8537 8608
f 8537 8609 8608
f 8537 8538 8609
f 8538 8610 8609
f 8538 8539 8610
f 8539 8611 8610
f 8539 8540 8611
f 8540 8612 8611
f 8540 8541 8612
f 8541 8613 8612
f 8541 8542 8613
f 8542 8614 8613
f 8542 8543 8614
f 8543 8615 8614
f 8543 8544 8615
f 8544 8616 8615
f 8544 8545 8616
f 8545 8617 8616
f 8545 8546 8617
f 8546 8618 8617
f 8546 8547 8618
f 8547 8619 8618
f 8547 8548 8619
f 8548 8620 8619
f 8548 8549 8620
f 8549 8621 8620
f 8549 8550 8621
f 8550 8622 8621
f 8550 8551 8622
f 8551 8623 8622
f 8551 8552 8623
f 8552 8624 8623
f 8552 8553 8624
f 8553 8625 8624
f 8553 8554 8625
f 8554 8626 8625
f 8554 8555 8626
f 8555 8627 8626
f 8555 8556 8627
f 8556 8628 8627
f 8556 8557 8628
f 8557 8629 8628
f 8557 8558 8629
f 8558 8630 8629
f 8558 8559 8630
f 8559 8631 8630
f 8559 8560 8631
f 8560 8632 8631
f 8560 8561 8632
f 8561 8633 8632
f 8561 8562 8633
f 8562 8634 8633
f 8562 8563 8634
f 8563 8635 8634
f 8563 8564 8635
f 8564 8636 8635
f 8564 8565 8636
f 8565 8637 8636
f 8565 8566 8637
f 8566 8638 8637
f 8566 8567 8638
f 8567 8639 8638
f 8567 8568 8639
f 8568 8640 8639
f 8568 8497 8640
f 8497 8569 8640
f 8569 8570 8641
f 8570 8642 8641
f 8570 8571 8642
f 8571 8643 8642
f 8571 8572 8643
f 8572 8644 8643
f 8572 8573 8644
f 8573 8645 8644
f 8573 8574 8645
f 8574 8646 8645
f 8574 8575 8646
f 8575 8647 8646
f 8575 8576 8647
f 8576 8648 8647
f 8576 8577 8648
f 8577 8649 8648
f 8577 8578 8649
f 8578 8650 8649
f 8578 8579 8650
f 8579 8651 8650
f 8579 8580 8651
f 8580 8652 8651
f 8580 8581 8652
f 8581 8653 8652
f 8581 8582 8653
f 8582 8654 8653
f 8582 8583 8654
f 8583 8655 8654
f 8583 8584 8655
f 8584 8656 8655
f 8584 8585 8656
f 8585 8657 8656
f 8585 8586 8657
f 8586 8658 8657
f 8586 8587 8658
f 8587 8659 8658
f 8587 8588 8659
f 8588 8660 8659
f 8588 8589 8660
f 8589 8661 8660
f 8589 8590 8661
f 8590 8662 8661
f 8590 8591 8662
f 8591 8663 8662
f 8591 8592 8663
f 8592 8664 8663
f 8592 8593 8664
f 8593 8665 8664
f 8593 8594 8665
f 8594 8666 8665
f 8594 8595 8666
f 8595 8667 8666
f 8595 8596 8667
f 8596 8668 8667
f 8596 8597 8668
f 8597 8669 8668
f 8597 8598 8669
f 8598 8670 8669
f 8598 8599 8670
f 8599 8671 8670
f 8599 8600 8671
f 8600 8672 8671
f 8600 8601 8672
f 8601 8673 8672
f 8601 8602 8673
f 8602 8674 8673
f 8602 8603 8674
f 8603 8675 8674
f 8603 8604 8675
f 8604 8676 8675
f 8604 8605 8676
f 8605 8677 8676
f 8605 8606 8677
f 8606 8678 8677
f 8606 8607 8678
f 8607 8679 8678
f 8607 8608 8679
f 8608 8680 8679
f 8608 8609 8680
f 8609 8681 8680
f 8609 8610 8681
f 8610 8682 8681
f 8610 8611 8682
f 8611 8683 8682
f 8611 8612 8683
f 8612 8684 8683
f 8612 8613 8684
f 8613 8685 8684
f 8613 8614 8685
f 8614 8686 8685
f 8614 8615 8686
f 8615 8687 8686
f 8615 8616 8687
f 8616 8688 8687
f 8616 8617 8688
f 8617 8689 8688
f 8617 8618 8689
f 8618 8690 8689
f 8618 8619 8690
f 8619 8691 8690
f 8619 8620 8691
f 8620 8692 8691
f 8620 8621 8692
f 8621 8693 8692
f 8621 8622 8693
f 8622 8694 8693
f 8622 8623 8694
f 8623 8695 8694
f 8623 8624 8695
f 8624 8696 8695
f 8624 8625 8696
f 8625 8697 8696
f 8625 8626 8697
f 8626 8698 8697
f 8626 8627 8698
f 8627 8699 8698
f 8627 8628 8699
f 8628 8700 8699
f 8628 8629 8700
f 8629 8701 8700
f 8629 8630 8701
f 8630 8702 8701
f 8630 8631 8702
f 8631 8703 8702
f 8631 8632 8703
f 8632 8704 8703
f 8632 8633 8704
f 8633 8705 8704
f 8633 8634 8705
f 8634 8706 8705
f 8634 8635 8706
f 8635 8707 8706
f 8635 8636 8707
f 8636 8708 8707
f 8636 8637 8708
f 8637 8709 8708
f 8637 8638 8709
f 8638 8710 8709
f 8638 8639 8710
f 8639 8711 8710
f 8639 8640 8711
f 8640 8712 8711
f 8640 8569 8712
f 8569 8641 8712

