# https://github.com/mikedh/trimesh
v 2.00000000 0.00000000 10.91304766
v 2.00000000 -0.97868562 10.87677928
v 2.00000000 -1.95061304 10.75625879
v 2.00000000 -2.90772524 10.55139311
v 2.00000000 -3.84195769 10.26350268
v 2.00000000 -4.74564731 9.89536461
v 2.00000000 -5.61186437 9.45097651
v 2.00000000 -6.43455214 8.93512088
v 2.00000000 -7.20842896 8.35287500
v 2.00000000 -7.92869632 7.70922416
v 2.00000000 -8.59067111 7.00889433
v 2.00000000 -9.18949281 6.25643899
v 2.00000000 -9.72003422 5.45652383
v 2.00000000 -10.17707351 4.61428430
v 2.00000000 -10.55569201 3.73560947
v 2.00000000 -10.85177834 2.82723726
v 2.00000000 -11.06247628 1.89661864
v 2.00000000 -11.18642785 0.95159488
v 2.00000000 -11.22372875 0.00000000
v 2.00000000 -11.17561029 -0.95067467
v 2.00000000 -11.04395389 -1.89344304
v 2.00000000 -10.83080059 -2.82177189
v 2.00000000 -10.53801815 -3.72935478
v 2.00000000 -10.16723202 -4.60982217
v 2.00000000 -9.72003422 -5.45652383
v 2.00000000 -9.19838788 -6.26249498
v 2.00000000 -8.60507897 -7.02064931
v 2.00000000 -7.94405309 -7.72415585
v 2.00000000 -7.22051859 -8.36688404
v 2.00000000 -6.44078054 -8.94376973
v 2.00000000 -5.61186437 -9.45097651
v 2.00000000 -4.74105815 -9.88579554
v 2.00000000 -3.83552494 -10.24631804
v 2.00000000 -2.90210427 -10.53099605
v 2.00000000 -1.94734705 -10.73824911
v 2.00000000 -0.97773921 -10.86626116
v 2.00000000 -0.00000000 -10.91304766
v 2.00000000 0.97868562 -10.87677928
v 2.00000000 1.95061304 -10.75625879
v 2.00000000 2.90772524 -10.55139311
v 2.00000000 3.84195769 -10.26350268
v 2.00000000 4.74564731 -9.89536461
v 2.00000000 5.61186437 -9.45097651
v 2.00000000 6.43455214 -8.93512088
v 2.00000000 7.20842896 -8.35287500
v 2.00000000 7.92869632 -7.70922416
v 2.00000000 8.59067111 -7.00889433
v 2.00000000 9.18949281 -6.25643899
v 2.00000000 9.72003422 -5.45652383
v 2.00000000 10.17707351 -4.61428430
v 2.00000000 10.55569201 -3.73560947
v 2.00000000 10.85177834 -2.82723726
v 2.00000000 11.06247628 -1.89661864
v 2.00000000 11.18642785 -0.95159488
v 2.00000000 11.22372875 -0.00000000
v 2.00000000 11.17561029 0.95067467
v 2.00000000 11.04395389 1.89344304
v 2.00000000 10.83080059 2.82177189
v 2.00000000 10.53801815 3.72935478
v 2.00000000 10.16723202 4.60982217
v 2.00000000 9.72003422 5.45652383
v 2.00000000 9.19838788 6.26249498
v 2.00000000 8.60507897 7.02064931
v 2.00000000 7.94405309 7.72415585
v 2.00000000 7.22051859 8.36688404
v 2.00000000 6.44078054 8.94376973
v 2.00000000 5.61186437 9.45097651
v 2.00000000 4.74105815 9.88579554
v 2.00000000 3.83552494 10.24631804
v 2.00000000 2.90210427 10.53099605
v 2.00000000 1.94734705 10.73824911
v 2.00000000 0.97773921 10.86626116
v 4.00000000 0.00000000 10.67565527
v 4.00000000 -0.98096648 10.64935647
v 4.00000000 -1.95639185 10.53799660
v 4.00000000 -2.91701190 10.33967119
v 4.00000000 -3.85333973 10.05523933
v 4.00000000 -4.75670719 9.68846222
v 4.00000000 -5.62009382 9.24538866
v 4.00000000 -6.43842258 8.73320541
v 4.00000000 -7.20819688 8.15894659
v 4.00000000 -7.92660110 7.52849182
v 4.00000000 -8.59039453 6.84616907
v 4.00000000 -9.19502037 6.11505626
v 4.00000000 -9.73428805 5.33782763
v 4.00000000 -10.20079149 4.51780413
v 4.00000000 -10.58696390 3.65980781
v 4.00000000 -10.88643662 2.77050655
v 4.00000000 -11.09524955 1.85813312
v 4.00000000 -11.21249817 0.93169797
v 4.00000000 -11.24018765 0.00000000
v 4.00000000 -11.18233252 -0.92919136
v 4.00000000 -11.04359834 -1.84948304
v 4.00000000 -10.82793846 -2.75561926
v 4.00000000 -10.53767888 -3.64277048
v 4.00000000 -10.17334770 -4.50564961
v 4.00000000 -9.73428805 -5.33782763
v 4.00000000 -9.21982501 -6.13155234
v 4.00000000 -8.63057204 -6.87818879
v 4.00000000 -7.96942472 -7.56916465
v 4.00000000 -7.24190982 -8.19710620
v 4.00000000 -6.45579097 -8.75676426
v 4.00000000 -5.62009382 -9.24538866
v 4.00000000 -4.74390994 -9.66239678
v 4.00000000 -3.83540145 -10.00842963
v 4.00000000 -2.90133737 -10.28411107
v 4.00000000 -1.94728435 -10.48893955
v 4.00000000 -0.97832733 -10.62070588
v 4.00000000 -0.00000000 -10.67565527
v 4.00000000 0.98096648 -10.64935647
v 4.00000000 1.95639185 -10.53799660
v 4.00000000 2.91701190 -10.33967119
v 4.00000000 3.85333973 -10.05523933
v 4.00000000 4.75670719 -9.68846222
v 4.00000000 5.62009382 -9.24538866
v 4.00000000 6.43842258 -8.73320541
v 4.00000000 7.20819688 -8.15894659
v 4.00000000 7.92660110 -7.52849182
v 4.00000000 8.59039453 -6.84616907
v 4.00000000 9.19502037 -6.11505626
v 4.00000000 9.73428805 -5.33782763
v 4.00000000 10.20079149 -4.51780413
v 4.00000000 10.58696390 -3.65980781
v 4.00000000 10.88643662 -2.77050655
v 4.00000000 11.09524955 -1.85813312
v 4.00000000 11.21249817 -0.93169797
v 4.00000000 11.24018765 -0.00000000
v 4.00000000 11.18233252 0.92919136
v 4.00000000 11.04359834 1.84948304
v 4.00000000 10.82793846 2.75561926
v 4.00000000 10.53767888 3.64277048
v 4.00000000 10.17334770 4.50564961
v 4.00000000 9.73428805 5.33782763
v 4.00000000 9.21982501 6.13155234
v 4.00000000 8.63057204 6.87818879
v 4.00000000 7.96942472 7.56916465
v 4.00000000 7.24190982 8.19710620
v 4.00000000 6.45579097 8.75676426
v 4.00000000 5.62009382 9.24538866
v 4.00000000 4.74390994 9.66239678
v 4.00000000 3.83540145 10.00842963
v 4.00000000 2.90133737 10.28411107
v 4.00000000 1.94728435 10.48893955
v 4.00000000 0.97832733 10.62070588
v 6.00000000 0.00000000 11.06889682
v 6.00000000 -0.97861184 11.02769131
v 6.00000000 -1.94989428 10.90230208
v 6.00000000 -2.90634201 10.69350766
v 6.00000000 -3.84054201 10.40285557
v 6.00000000 -4.74528954 10.03265980
v 6.00000000 -5.61369000 9.58594584
v 6.00000000 -6.43922625 9.06635709
v 6.00000000 -7.21578354 8.47804825
v 6.00000000 -7.93763902 7.82559309
v 6.00000000 -8.59943595 7.11392716
v 6.00000000 -9.19616814 6.34833158
v 6.00000000 -9.72319630 5.53444841
v 6.00000000 -10.17630626 4.67830610
v 6.00000000 -10.55180244 3.78632978
v 6.00000000 -10.84661606 2.86531674
v 6.00000000 -11.05839997 1.92237001
v 6.00000000 -11.18558450 0.96479797
v 6.00000000 -11.22738000 0.00000000
v 6.00000000 -11.18372835 -0.96463787
v 6.00000000 -11.05522176 -1.92181752
v 6.00000000 -10.84301654 -2.86436587
v 6.00000000 -10.54876983 -3.78524158
v 6.00000000 -10.17461758 -4.67752977
v 6.00000000 -9.72319630 -5.53444841
v 6.00000000 -9.19769442 -6.34938521
v 6.00000000 -8.60190816 -7.11597230
v 6.00000000 -7.94027404 -7.82819092
v 6.00000000 -7.21785796 -8.48048556
v 6.00000000 -6.44029497 -9.06786183
v 6.00000000 -5.61369000 -9.58594584
v 6.00000000 -4.74450210 -10.03099497
v 6.00000000 -3.83943823 -10.39986576
v 6.00000000 -2.90537753 -10.68995896
v 6.00000000 -1.94933387 -10.89916874
v 6.00000000 -0.97844945 -11.02586135
v 6.00000000 -0.00000000 -11.06889682
v 6.00000000 0.97861184 -11.02769131
v 6.00000000 1.94989428 -10.90230208
v 6.00000000 2.90634201 -10.69350766
v 6.00000000 3.84054201 -10.40285557
v 6.00000000 4.74528954 -10.03265980
v 6.00000000 5.61369000 -9.58594584
v 6.00000000 6.43922625 -9.06635709
v 6.00000000 7.21578354 -8.47804825
v 6.00000000 7.93763902 -7.82559309
v 6.00000000 8.59943595 -7.11392716
v 6.00000000 9.19616814 -6.34833158
v 6.00000000 9.72319630 -5.53444841
v 6.00000000 10.17630626 -4.67830610
v 6.00000000 10.55180244 -3.78632978
v 6.00000000 10.84661606 -2.86531674
v 6.00000000 11.05839997 -1.92237001
v 6.00000000 11.18558450 -0.96479797
v 6.00000000 11.22738000 -0.00000000
v 6.00000000 11.18372835 0.96463787
v 6.00000000 11.05522176 1.92181752
v 6.00000000 10.84301654 2.86436587
v 6.00000000 10.54876983 3.78524158
v 6.00000000 10.17461758 4.67752977
v 6.00000000 9.72319630 5.53444841
v 6.00000000 9.19769442 6.34938521
v 6.00000000 8.60190816 7.11597230
v 6.00000000 7.94027404 7.82819092
v 6.00000000 7.21785796 8.48048556
v 6.00000000 6.44029497 9.06786183
v 6.00000000 5.61369000 9.58594584
v 6.00000000 4.74450210 10.03099497
v 6.00000000 3.83943823 10.39986576
v 6.00000000 2.90537753 10.68995896
v 6.00000000 1.94933387 10.89916874
v 6.00000000 0.97844945 11.02586135
v 8.00000000 0.00000000 11.30734371
v 8.00000000 -0.97738328 11.27501760
v 8.00000000 -1.94868114 11.15388384
v 8.00000000 -2.90520741 10.94280847
v 8.00000000 -3.83815258 10.64291209
v 8.00000000 -4.73933224 10.25766978
v 8.00000000 -5.60178570 9.79244690
v 8.00000000 -6.41999939 9.25363387
v 8.00000000 -7.18966644 8.64767420
v 8.00000000 -7.90706837 7.98030705
v 8.00000000 -8.56831081 7.25626023
v 8.00000000 -9.16870934 6.47946419
v 8.00000000 -9.70257745 5.65367185
v 8.00000000 -10.16353078 4.78322997
v 8.00000000 -10.54523756 3.87370321
v 8.00000000 -10.84238166 2.93211669
v 8.00000000 -11.05151990 1.96673066
v 8.00000000 -11.17154196 0.98643622
v 8.00000000 -11.20357140 0.00000000
v 8.00000000 -11.15033490 -0.98456366
v 8.00000000 -11.01520805 -1.96026860
v 8.00000000 -10.80125627 -2.92099511
v 8.00000000 -10.51058919 -3.86097542
v 8.00000000 -10.14423723 -4.77414991
v 8.00000000 -9.70257745 -5.65367185
v 8.00000000 -9.18614750 -6.49178762
v 8.00000000 -8.59655642 -7.28018064
v 8.00000000 -7.93717425 -8.01069178
v 8.00000000 -7.21336732 -8.67618143
v 8.00000000 -6.43220973 -9.27123356
v 8.00000000 -5.60178570 -9.79244690
v 8.00000000 -4.73033551 -10.23819753
v 8.00000000 -3.82554161 -10.60794280
v 8.00000000 -2.89418789 -10.90130216
v 8.00000000 -1.94227838 -11.11723566
v 8.00000000 -0.97552790 -11.25361411
v 8.00000000 -0.00000000 -11.30734371
v 8.00000000 0.97738328 -11.27501760
v 8.00000000 1.94868114 -11.15388384
v 8.00000000 2.90520741 -10.94280847
v 8.00000000 3.83815258 -10.64291209
v 8.00000000 4.73933224 -10.25766978
v 8.00000000 5.60178570 -9.79244690
v 8.00000000 6.41999939 -9.25363387
v 8.00000000 7.18966644 -8.64767420
v 8.00000000 7.90706837 -7.98030705
v 8.00000000 8.56831081 -7.25626023
v 8.00000000 9.16870934 -6.47946419
v 8.00000000 9.70257745 -5.65367185
v 8.00000000 10.16353078 -4.78322997
v 8.00000000 10.54523756 -3.87370321
v 8.00000000 10.84238166 -2.93211669
v 8.00000000 11.05151990 -1.96673066
v 8.00000000 11.17154196 -0.98643622
v 8.00000000 11.20357140 -0.00000000
v 8.00000000 11.15033490 0.98456366
v 8.00000000 11.01520805 1.96026860
v 8.00000000 10.80125627 2.92099511
v 8.00000000 10.51058919 3.86097542
v 8.00000000 10.14423723 4.77414991
v 8.00000000 9.70257745 5.65367185
v 8.00000000 9.18614750 6.49178762
v 8.00000000 8.59655642 7.28018064
v 8.00000000 7.93717425 8.01069178
v 8.00000000 7.21336732 8.67618143
v 8.00000000 6.43220973 9.27123356
v 8.00000000 5.60178570 9.79244690
v 8.00000000 4.73033551 10.23819753
v 8.00000000 3.82554161 10.60794280
v 8.00000000 2.89418789 10.90130216
v 8.00000000 1.94227838 11.11723566
v 8.00000000 0.97552790 11.25361411
v 10.00000000 0.00000000 11.06304952
v 10.00000000 -0.97571262 11.02163144
v 10.00000000 -1.94408731 10.89614154
v 10.00000000 -2.89767015 10.68740423
v 10.00000000 -3.82910451 10.39697725
v 10.00000000 -4.73123125 10.02714672
v 10.00000000 -5.59717800 9.58088193
v 10.00000000 -6.42042257 9.06176035
v 10.00000000 -7.19482418 8.47388171
v 10.00000000 -7.91462802 7.82179178
v 10.00000000 -8.57445756 7.11043102
v 10.00000000 -9.16931369 6.34511291
v 10.00000000 -9.69459668 5.53152476
v 10.00000000 -10.14615815 4.67573530
v 10.00000000 -10.52037817 3.78419024
v 10.00000000 -10.81425221 2.86368133
v 10.00000000 -11.02546701 1.92128374
v 10.00000000 -11.15244633 0.96426780
v 10.00000000 -11.19435601 0.00000000
v 10.00000000 -11.15106987 -0.96414879
v 10.00000000 -11.02311016 -1.92087304
v 10.00000000 -10.81158294 -2.86297449
v 10.00000000 -10.51812930 -3.78338132
v 10.00000000 -10.14490589 -4.67515821
v 10.00000000 -9.69459668 -5.53152476
v 10.00000000 -9.17044552 -6.34589613
v 10.00000000 -8.57629086 -7.11195130
v 10.00000000 -7.91658206 -7.82372290
v 10.00000000 -7.19636250 -8.47569351
v 10.00000000 -6.42121508 -9.06287891
v 10.00000000 -5.59717800 -9.58088193
v 10.00000000 -4.73064731 -10.02590915
v 10.00000000 -3.82828598 -10.39475475
v 10.00000000 -2.89695492 -10.68476627
v 10.00000000 -1.94367173 -10.89381234
v 10.00000000 -0.97559220 -11.02027112
v 10.00000000 -0.00000000 -11.06304952
v 10.00000000 0.97571262 -11.02163144
v 10.00000000 1.94408731 -10.89614154
v 10.00000000 2.89767015 -10.68740423
v 10.00000000 3.82910451 -10.39697725
v 10.00000000 4.73123125 -10.02714672
v 10.00000000 5.59717800 -9.58088193
v 10.00000000 6.42042257 -9.06176035
v 10.00000000 7.19482418 -8.47388171
v 10.00000000 7.91462802 -7.82179178
v 10.00000000 8.57445756 -7.11043102
v 10.00000000 9.16931369 -6.34511291
v 10.00000000 9.69459668 -5.53152476
v 10.00000000 10.14615815 -4.67573530
v 10.00000000 10.52037817 -3.78419024
v 10.00000000 10.81425221 -2.86368133
v 10.00000000 11.02546701 -1.92128374
v 10.00000000 11.15244633 -0.96426780
v 10.00000000 11.19435601 -0.00000000
v 10.00000000 11.15106987 0.96414879
v 10.00000000 11.02311016 1.92087304
v 10.00000000 10.81158294 2.86297449
v 10.00000000 10.51812930 3.78338132
v 10.00000000 10.14490589 4.67515821
v 10.00000000 9.69459668 5.53152476
v 10.00000000 9.17044552 6.34589613
v 10.00000000 8.57629086 7.11195130
v 10.00000000 7.91658206 7.82372290
v 10.00000000 7.19636250 8.47569351
v 10.00000000 6.42121508 9.06287891
v 10.00000000 5.59717800 9.58088193
v 10.00000000 4.73064731 10.02590915
v 10.00000000 3.82828598 10.39475475
v 10.00000000 2.89695492 10.68476627
v 10.00000000 1.94367173 10.89381234
v 10.00000000 0.97559220 11.02027112
v 12.00000000 0.00000000 10.86750088
v 12.00000000 -0.97519062 10.83317694
v 12.00000000 -1.94388248 10.71443658
v 12.00000000 -2.89782050 10.51083292
v 12.00000000 -3.82870107 10.22359639
v 12.00000000 -4.72870004 9.85569652
v 12.00000000 -5.59089819 9.41153184
v 12.00000000 -6.40945011 8.89635477
v 12.00000000 -7.17943605 8.31562518
v 12.00000000 -7.89645526 7.67450340
v 12.00000000 -8.55611871 6.97763802
v 12.00000000 -9.15364340 6.22929467
v 12.00000000 -9.68371973 5.43375044
v 12.00000000 -10.14072996 4.59578677
v 12.00000000 -10.51926975 3.72108477
v 12.00000000 -10.81481335 2.81636919
v 12.00000000 -11.02430537 1.88924425
v 12.00000000 -11.14647978 0.94778017
v 12.00000000 -11.18179639 0.00000000
v 12.00000000 -11.13201277 -0.94655005
v 12.00000000 -10.99953419 -1.88499919
v 12.00000000 -10.78675848 -2.80906321
v 12.00000000 -10.49563336 -3.71272364
v 12.00000000 -10.12756832 -4.58982190
v 12.00000000 -9.68371973 -5.43375044
v 12.00000000 -9.16553935 -6.23739018
v 12.00000000 -8.57538727 -6.99335180
v 12.00000000 -7.91699285 -7.69446373
v 12.00000000 -7.19560429 -8.33435214
v 12.00000000 -6.41777974 -8.90791635
v 12.00000000 -5.59089819 -9.41153184
v 12.00000000 -4.72256266 -9.84290482
v 12.00000000 -3.82009813 -10.20062437
v 12.00000000 -2.89030322 -10.48356661
v 12.00000000 -1.93951465 -10.69036166
v 12.00000000 -0.97392492 -10.81911657
v 12.00000000 -0.00000000 -10.86750088
v 12.00000000 0.97519062 -10.83317694
v 12.00000000 1.94388248 -10.71443658
v 12.00000000 2.89782050 -10.51083292
v 12.00000000 3.82870107 -10.22359639
v 12.00000000 4.72870004 -9.85569652
v 12.00000000 5.59089819 -9.41153184
v 12.00000000 6.40945011 -8.89635477
v 12.00000000 7.17943605 -8.31562518
v 12.00000000 7.89645526 -7.67450340
v 12.00000000 8.55611871 -6.97763802
v 12.00000000 9.15364340 -6.22929467
v 12.00000000 9.68371973 -5.43375044
v 12.00000000 10.14072996 -4.59578677
v 12.00000000 10.51926975 -3.72108477
v 12.00000000 10.81481335 -2.81636919
v 12.00000000 11.02430537 -1.88924425
v 12.00000000 11.14647978 -0.94778017
v 12.00000000 11.18179639 -0.00000000
v 12.00000000 11.13201277 0.94655005
v 12.00000000 10.99953419 1.88499919
v 12.00000000 10.78675848 2.80906321
v 12.00000000 10.49563336 3.71272364
v 12.00000000 10.12756832 4.58982190
v 12.00000000 9.68371973 5.43375044
v 12.00000000 9.16553935 6.23739018
v 12.00000000 8.57538727 6.99335180
v 12.00000000 7.91699285 7.69446373
v 12.00000000 7.19560429 8.33435214
v 12.00000000 6.41777974 8.90791635
v 12.00000000 5.59089819 9.41153184
v 12.00000000 4.72256266 9.84290482
v 12.00000000 3.82009813 10.20062437
v 12.00000000 2.89030322 10.48356661
v 12.00000000 1.93951465 10.69036166
v 12.00000000 0.97392492 10.81911657
v 14.00000000 0.00000000 10.89535412
v 14.00000000 -0.97416752 10.85984288
v 14.00000000 -1.94169936 10.74001518
v 14.00000000 -2.89448766 10.53564017
v 14.00000000 -3.82440117 10.24800321
v 14.00000000 -4.72373903 9.87995639
v 14.00000000 -5.58559799 9.43565345
v 14.00000000 -6.40402290 8.92005995
v 14.00000000 -7.17388962 8.33840220
v 14.00000000 -7.89056951 7.69573367
v 14.00000000 -8.54950873 6.99675021
v 14.00000000 -9.14589254 6.24589322
v 14.00000000 -9.67453951 5.44767706
v 14.00000000 -10.13009104 4.60709933
v 14.00000000 -10.50745584 3.72996813
v 14.00000000 -10.80237502 2.82301628
v 14.00000000 -11.01192427 1.89375445
v 14.00000000 -11.13478569 0.95011314
v 14.00000000 -11.17119598 0.00000000
v 14.00000000 -11.12258673 -0.94907222
v 14.00000000 -10.99103656 -1.89016233
v 14.00000000 -10.77871840 -2.81683402
v 14.00000000 -10.48752502 -3.72289303
v 14.00000000 -10.11899278 -4.60205191
v 14.00000000 -9.67453951 -5.44767706
v 14.00000000 -9.15592352 -6.25274356
v 14.00000000 -8.56575649 -7.01004705
v 14.00000000 -7.90788736 -7.71262390
v 14.00000000 -7.18752311 -8.35424876
v 14.00000000 -6.41104667 -8.92984325
v 14.00000000 -5.58559799 -9.43565345
v 14.00000000 -4.71856383 -9.86913218
v 14.00000000 -3.81714694 -10.22856452
v 14.00000000 -2.88814889 -10.51256769
v 14.00000000 -1.93801629 -10.71964323
v 14.00000000 -0.97310025 -10.84794513
v 14.00000000 -0.00000000 -10.89535412
v 14.00000000 0.97416752 -10.85984288
v 14.00000000 1.94169936 -10.74001518
v 14.00000000 2.89448766 -10.53564017
v 14.00000000 3.82440117 -10.24800321
v 14.00000000 4.72373903 -9.87995639
v 14.00000000 5.58559799 -9.43565345
v 14.00000000 6.40402290 -8.92005995
v 14.00000000 7.17388962 -8.33840220
v 14.00000000 7.89056951 -7.69573367
v 14.00000000 8.54950873 -6.99675021
v 14.00000000 9.14589254 -6.24589322
v 14.00000000 9.67453951 -5.44767706
v 14.00000000 10.13009104 -4.60709933
v 14.00000000 10.50745584 -3.72996813
v 14.00000000 10.80237502 -2.82301628
v 14.00000000 11.01192427 -1.89375445
v 14.00000000 11.13478569 -0.95011314
v 14.00000000 11.17119598 -0.00000000
v 14.00000000 11.12258673 0.94907222
v 14.00000000 10.99103656 1.89016233
v 14.00000000 10.77871840 2.81683402
v 14.00000000 10.48752502 3.72289303
v 14.00000000 10.11899278 4.60205191
v 14.00000000 9.67453951 5.44767706
v 14.00000000 9.15592352 6.25274356
v 14.00000000 8.56575649 7.01004705
v 14.00000000 7.90788736 7.71262390
v 14.00000000 7.18752311 8.35424876
v 14.00000000 6.41104667 8.92984325
v 14.00000000 5.58559799 9.43565345
v 14.00000000 4.71856383 9.86913218
v 14.00000000 3.81714694 10.22856452
v 14.00000000 2.88814889 10.51256769
v 14.00000000 1.93801629 10.71964323
v 14.00000000 0.97310025 10.84794513
v 16.00000000 0.00000000 10.95675854
v 16.00000000 -0.97315279 10.91860995
v 16.00000000 -1.93936016 10.79637101
v 16.00000000 -2.89082794 10.59029098
v 16.00000000 -3.81979384 10.30177732
v 16.00000000 -4.71881861 9.93342089
v 16.00000000 -5.58102533 9.48883124
v 16.00000000 -6.40020979 8.97233601
v 16.00000000 -7.17079154 8.38864217
v 16.00000000 -7.88763461 7.74256545
v 16.00000000 -8.54581658 7.03890655
v 16.00000000 -9.14044685 6.28249731
v 16.00000000 -9.66661943 5.47837927
v 16.00000000 -10.11953917 4.63203023
v 16.00000000 -10.49479733 3.74954030
v 16.00000000 -10.78871676 2.83765992
v 16.00000000 -10.99865802 1.90369150
v 16.00000000 -11.12318730 0.95525459
v 16.00000000 -11.16205066 0.00000000
v 16.00000000 -11.11596407 -0.95463426
v 16.00000000 -10.98629003 -1.90155080
v 16.00000000 -10.77470925 -2.83397565
v 16.00000000 -10.48299593 -3.74532395
v 16.00000000 -10.11296769 -4.62902226
v 16.00000000 -9.66661943 -5.47837927
v 16.00000000 -9.14638638 -6.28657972
v 16.00000000 -8.55543717 -7.04683071
v 16.00000000 -7.89788881 -7.75263107
v 16.00000000 -7.17886418 -8.39808582
v 16.00000000 -6.40436869 -8.97816630
v 16.00000000 -5.58102533 -9.48883124
v 16.00000000 -4.71575428 -9.92697028
v 16.00000000 -3.81549849 -10.29019297
v 16.00000000 -2.88707464 -10.57654110
v 16.00000000 -1.93717935 -10.78423049
v 16.00000000 -0.97252084 -10.91151957
v 16.00000000 -0.00000000 -10.95675854
v 16.00000000 0.97315279 -10.91860995
v 16.00000000 1.93936016 -10.79637101
v 16.00000000 2.89082794 -10.59029098
v 16.00000000 3.81979384 -10.30177732
v 16.00000000 4.71881861 -9.93342089
v 16.00000000 5.58102533 -9.48883124
v 16.00000000 6.40020979 -8.97233601
v 16.00000000 7.17079154 -8.38864217
v 16.00000000 7.88763461 -7.74256545
v 16.00000000 8.54581658 -7.03890655
v 16.00000000 9.14044685 -6.28249731
v 16.00000000 9.66661943 -5.47837927
v 16.00000000 10.11953917 -4.63203023
v 16.00000000 10.49479733 -3.74954030
v 16.00000000 10.78871676 -2.83765992
v 16.00000000 10.99865802 -1.90369150
v 16.00000000 11.12318730 -0.95525459
v 16.00000000 11.16205066 -0.00000000
v 16.00000000 11.11596407 0.95463426
v 16.00000000 10.98629003 1.90155080
v 16.00000000 10.77470925 2.83397565
v 16.00000000 10.48299593 3.74532395
v 16.00000000 10.11296769 4.62902226
v 16.00000000 9.66661943 5.47837927
v 16.00000000 9.14638638 6.28657972
v 16.00000000 8.55543717 7.04683071
v 16.00000000 7.89788881 7.75263107
v 16.00000000 7.17886418 8.39808582
v 16.00000000 6.40436869 8.97816630
v 16.00000000 5.58102533 9.48883124
v 16.00000000 4.71575428 9.92697028
v 16.00000000 3.81549849 10.29019297
v 16.00000000 2.88707464 10.57654110
v 16.00000000 1.93717935 10.78423049
v 16.00000000 0.97252084 10.91151957
v 18.00000000 0.00000000 11.00238570
v 18.00000000 -0.97248375 10.96225972
v 18.00000000 -1.93779163 10.83821649
v 18.00000000 -2.88836157 10.63086551
v 18.00000000 -3.81670443 10.34170580
v 18.00000000 -4.71557442 9.97313213
v 18.00000000 -5.57811357 9.52834552
v 18.00000000 -6.39793234 9.01119481
v 18.00000000 -7.16911117 8.42599704
v 18.00000000 -7.88613715 7.77738940
v 18.00000000 -8.54381399 7.07025101
v 18.00000000 -9.13719431 6.30970653
v 18.00000000 -9.66157611 5.50119285
v 18.00000000 -10.11258197 4.65054789
v 18.00000000 -10.48630925 3.76407308
v 18.00000000 -10.77951215 2.84853183
v 18.00000000 -10.98976242 1.91106999
v 18.00000000 -11.11554009 0.95907345
v 18.00000000 -11.15622714 0.00000000
v 18.00000000 -11.11200856 -0.95876874
v 18.00000000 -10.98371554 -1.91001847
v 18.00000000 -10.77266369 -2.84672209
v 18.00000000 -10.48053939 -3.76200199
v 18.00000000 -10.10936909 -4.64907036
v 18.00000000 -9.66157611 -5.50119285
v 18.00000000 -9.14009822 -6.31171183
v 18.00000000 -8.54851762 -7.07414340
v 18.00000000 -7.89115057 -7.78233368
v 18.00000000 -7.17305799 -8.43063582
v 18.00000000 -6.39996568 -9.01405868
v 18.00000000 -5.57811357 -9.52834552
v 18.00000000 -4.71407623 -9.96996355
v 18.00000000 -3.81460438 -10.33601551
v 18.00000000 -2.88652654 -10.62411149
v 18.00000000 -1.93672540 -10.83225300
v 18.00000000 -0.97217478 -10.95877689
v 18.00000000 -0.00000000 -11.00238570
v 18.00000000 0.97248375 -10.96225972
v 18.00000000 1.93779163 -10.83821649
v 18.00000000 2.88836157 -10.63086551
v 18.00000000 3.81670443 -10.34170580
v 18.00000000 4.71557442 -9.97313213
v 18.00000000 5.57811357 -9.52834552
v 18.00000000 6.39793234 -9.01119481
v 18.00000000 7.16911117 -8.42599704
v 18.00000000 7.88613715 -7.77738940
v 18.00000000 8.54381399 -7.07025101
v 18.00000000 9.13719431 -6.30970653
v 18.00000000 9.66157611 -5.50119285
v 18.00000000 10.11258197 -4.65054789
v 18.00000000 10.48630925 -3.76407308
v 18.00000000 10.77951215 -2.84853183
v 18.00000000 10.98976242 -1.91106999
v 18.00000000 11.11554009 -0.95907345
v 18.00000000 11.15622714 -0.00000000
v 18.00000000 11.11200856 0.95876874
v 18.00000000 10.98371554 1.91001847
v 18.00000000 10.77266369 2.84672209
v 18.00000000 10.48053939 3.76200199
v 18.00000000 10.10936909 4.64907036
v 18.00000000 9.66157611 5.50119285
v 18.00000000 9.14009822 6.31171183
v 18.00000000 8.54851762 7.07414340
v 18.00000000 7.89115057 7.78233368
v 18.00000000 7.17305799 8.43063582
v 18.00000000 6.39996568 9.01405868
v 18.00000000 5.57811357 9.52834552
v 18.00000000 4.71407623 9.96996355
v 18.00000000 3.81460438 10.33601551
v 18.00000000 2.88652654 10.62411149
v 18.00000000 1.93672540 10.83225300
v 18.00000000 0.97217478 10.95877689
v 20.00000000 0.00000000 11.01499794
v 20.00000000 -0.97128318 10.97432270
v 20.00000000 -1.93533441 10.84977883
v 20.00000000 -2.88466355 10.64207594
v 20.00000000 -3.81186465 10.35273846
v 20.00000000 -4.70975289 9.98410666
v 20.00000000 -5.57148269 9.53926804
v 20.00000000 -6.39062003 9.02193832
v 20.00000000 -7.16115799 8.43632620
v 20.00000000 -7.87748538 7.78701919
v 20.00000000 -8.53433576 7.07891820
v 20.00000000 -9.12675126 6.31722922
v 20.00000000 -9.65009109 5.50749897
v 20.00000000 -10.10009766 4.65566540
v 20.00000000 -10.47301206 3.76808864
v 20.00000000 -10.76571093 2.85153565
v 20.00000000 -10.97582683 1.91310874
v 20.00000000 -11.10181760 0.96012883
v 20.00000000 -11.14296538 0.00000000
v 20.00000000 -11.09930846 -0.95991183
v 20.00000000 -10.97153056 -1.91235989
v 20.00000000 -10.76084515 -2.85024684
v 20.00000000 -10.46891261 -3.76661370
v 20.00000000 -10.09781493 -4.65461317
v 20.00000000 -9.65009109 -5.50749897
v 20.00000000 -9.12881447 -6.31865731
v 20.00000000 -8.53767766 -7.08169019
v 20.00000000 -7.88104738 -7.79054028
v 20.00000000 -7.16396217 -8.43962972
v 20.00000000 -6.39206471 -9.02397784
v 20.00000000 -5.57148269 -9.53926804
v 20.00000000 -4.70868843 -9.98185015
v 20.00000000 -3.81037258 -10.34868609
v 20.00000000 -2.88335977 -10.63726603
v 20.00000000 -1.93457686 -10.84553190
v 20.00000000 -0.97106366 -10.97184239
v 20.00000000 -0.00000000 -11.01499794
v 20.00000000 0.97128318 -10.97432270
v 20.00000000 1.93533441 -10.84977883
v 20.00000000 2.88466355 -10.64207594
v 20.00000000 3.81186465 -10.35273846
v 20.00000000 4.70975289 -9.98410666
v 20.00000000 5.57148269 -9.53926804
v 20.00000000 6.39062003 -9.02193832
v 20.00000000 7.16115799 -8.43632620
v 20.00000000 7.87748538 -7.78701919
v 20.00000000 8.53433576 -7.07891820
v 20.00000000 9.12675126 -6.31722922
v 20.00000000 9.65009109 -5.50749897
v 20.00000000 10.10009766 -4.65566540
v 20.00000000 10.47301206 -3.76808864
v 20.00000000 10.76571093 -2.85153565
v 20.00000000 10.97582683 -1.91310874
v 20.00000000 11.10181760 -0.96012883
v 20.00000000 11.14296538 -0.00000000
v 20.00000000 11.09930846 0.95991183
v 20.00000000 10.97153056 1.91235989
v 20.00000000 10.76084515 2.85024684
v 20.00000000 10.46891261 3.76661370
v 20.00000000 10.09781493 4.65461317
v 20.00000000 9.65009109 5.50749897
v 20.00000000 9.12881447 6.31865731
v 20.00000000 8.53767766 7.08169019
v 20.00000000 7.88104738 7.79054028
v 20.00000000 7.16396217 8.43962972
v 20.00000000 6.39206471 9.02397784
v 20.00000000 5.57148269 9.53926804
v 20.00000000 4.70868843 9.98185015
v 20.00000000 3.81037258 10.34868609
v 20.00000000 2.88335977 10.63726603
v 20.00000000 1.93457686 10.84553190
v 20.00000000 0.97106366 10.97184239
v 22.00000000 0.00000000 11.02020440
v 22.00000000 -0.97041208 10.97930209
v 22.00000000 -1.93357189 10.85455131
v 22.00000000 -2.88202186 10.64670307
v 22.00000000 -3.80839317 10.35729231
v 22.00000000 -4.70552889 9.98863676
v 22.00000000 -5.56659122 9.54377696
v 22.00000000 -6.38513031 9.02637363
v 22.00000000 -7.15510554 8.44059063
v 22.00000000 -7.87086745 7.79099494
v 22.00000000 -8.52712273 7.08249648
v 22.00000000 -9.11891112 6.32033486
v 22.00000000 -9.64161882 5.51010220
v 22.00000000 -10.09103928 4.65777782
v 22.00000000 -10.46347425 3.76974611
v 22.00000000 -10.75585201 2.85277549
v 22.00000000 -10.96583110 1.91395026
v 22.00000000 -11.09186081 0.96056447
v 22.00000000 -11.13318245 0.00000000
v 22.00000000 -11.08977384 -0.96038373
v 22.00000000 -10.96225768 -1.91332656
v 22.00000000 -10.75180489 -2.85170207
v 22.00000000 -10.46006453 -3.76851767
v 22.00000000 -10.08914061 -4.65690144
v 22.00000000 -9.64161882 -5.51010220
v 22.00000000 -9.12062720 -6.32152428
v 22.00000000 -8.52990236 -7.08480520
v 22.00000000 -7.87383015 -7.79392758
v 22.00000000 -7.15743793 -8.44334205
v 22.00000000 -6.38633192 -9.02807229
v 22.00000000 -5.56659122 -9.54377696
v 22.00000000 -4.70464353 -9.98675736
v 22.00000000 -3.80715214 -10.35391719
v 22.00000000 -2.88093744 -10.64269701
v 22.00000000 -1.93294180 -10.85101415
v 22.00000000 -0.97022949 -10.97723630
v 22.00000000 -0.00000000 -11.02020440
v 22.00000000 0.97041208 -10.97930209
v 22.00000000 1.93357189 -10.85455131
v 22.00000000 2.88202186 -10.64670307
v 22.00000000 3.80839317 -10.35729231
v 22.00000000 4.70552889 -9.98863676
v 22.00000000 5.56659122 -9.54377696
v 22.00000000 6.38513031 -9.02637363
v 22.00000000 7.15510554 -8.44059063
v 22.00000000 7.87086745 -7.79099494
v 22.00000000 8.52712273 -7.08249648
v 22.00000000 9.11891112 -6.32033486
v 22.00000000 9.64161882 -5.51010220
v 22.00000000 10.09103928 -4.65777782
v 22.00000000 10.46347425 -3.76974611
v 22.00000000 10.75585201 -2.85277549
v 22.00000000 10.96583110 -1.91395026
v 22.00000000 11.09186081 -0.96056447
v 22.00000000 11.13318245 -0.00000000
v 22.00000000 11.08977384 0.96038373
v 22.00000000 10.96225768 1.91332656
v 22.00000000 10.75180489 2.85170207
v 22.00000000 10.46006453 3.76851767
v 22.00000000 10.08914061 4.65690144
v 22.00000000 9.64161882 5.51010220
v 22.00000000 9.12062720 6.32152428
v 22.00000000 8.52990236 7.08480520
v 22.00000000 7.87383015 7.79392758
v 22.00000000 7.15743793 8.44334205
v 22.00000000 6.38633192 9.02807229
v 22.00000000 5.56659122 9.54377696
v 22.00000000 4.70464353 9.98675736
v 22.00000000 3.80715214 10.35391719
v 22.00000000 2.88093744 10.64269701
v 22.00000000 1.93294180 10.85101415
v 22.00000000 0.97022949 10.97723630
v 24.00000000 0.00000000 11.02437379
v 24.00000000 -0.97016130 10.98328950
v 24.00000000 -1.93305076 10.85837293
v 24.00000000 -2.88123341 10.65040825
v 24.00000000 -3.80736676 10.36093885
v 24.00000000 -4.70431289 9.99226438
v 24.00000000 -5.56523707 9.54738776
v 24.00000000 -6.38367383 9.02992559
v 24.00000000 -7.15355284 8.44400582
v 24.00000000 -7.86919141 7.79417897
v 24.00000000 -8.52527229 7.08536217
v 24.00000000 -9.11683105 6.32282197
v 24.00000000 -9.63927336 5.51218690
v 24.00000000 -10.08843155 4.65946940
v 24.00000000 -10.46065420 3.77107334
v 24.00000000 -10.75290949 2.85376829
v 24.00000000 -10.96287566 1.91462411
v 24.00000000 -11.08899445 0.96091332
v 24.00000000 -11.13047414 0.00000000
v 24.00000000 -11.08724421 -0.96076165
v 24.00000000 -10.95987880 -1.91410072
v 24.00000000 -10.74951537 -2.85286751
v 24.00000000 -10.45779463 -3.77004247
v 24.00000000 -10.08683923 -4.65873397
v 24.00000000 -9.63927336 -5.51218690
v 24.00000000 -9.11827024 -6.32382009
v 24.00000000 -8.52760343 -7.08729958
v 24.00000000 -7.87167608 -7.79663996
v 24.00000000 -7.15550890 -8.44631474
v 24.00000000 -6.38468156 -9.03135106
v 24.00000000 -5.56523707 -9.54738776
v 24.00000000 -4.70357038 -9.99068724
v 24.00000000 -3.80632596 -10.35810655
v 24.00000000 -2.88032396 -10.64704648
v 24.00000000 -1.93252234 -10.85540464
v 24.00000000 -0.97000818 -10.98155594
v 24.00000000 -0.00000000 -11.02437379
v 24.00000000 0.97016130 -10.98328950
v 24.00000000 1.93305076 -10.85837293
v 24.00000000 2.88123341 -10.65040825
v 24.00000000 3.80736676 -10.36093885
v 24.00000000 4.70431289 -9.99226438
v 24.00000000 5.56523707 -9.54738776
v 24.00000000 6.38367383 -9.02992559
v 24.00000000 7.15355284 -8.44400582
v 24.00000000 7.86919141 -7.79417897
v 24.00000000 8.52527229 -7.08536217
v 24.00000000 9.11683105 -6.32282197
v 24.00000000 9.63927336 -5.51218690
v 24.00000000 10.08843155 -4.65946940
v 24.00000000 10.46065420 -3.77107334
v 24.00000000 10.75290949 -2.85376829
v 24.00000000 10.96287566 -1.91462411
v 24.00000000 11.08899445 -0.96091332
v 24.00000000 11.13047414 -0.00000000
v 24.00000000 11.08724421 0.96076165
v 24.00000000 10.95987880 1.91410072
v 24.00000000 10.74951537 2.85286751
v 24.00000000 10.45779463 3.77004247
v 24.00000000 10.08683923 4.65873397
v 24.00000000 9.63927336 5.51218690
v 24.00000000 9.11827024 6.32382009
v 24.00000000 8.52760343 7.08729958
v 24.00000000 7.87167608 7.79663996
v 24.00000000 7.15550890 8.44631474
v 24.00000000 6.38468156 9.03135106
v 24.00000000 5.56523707 9.54738776
v 24.00000000 4.70357038 9.99068724
v 24.00000000 3.80632596 10.35810655
v 24.00000000 2.88032396 10.64704648
v 24.00000000 1.93252234 10.85540464
v 24.00000000 0.97000818 10.98155594
v 26.00000000 0.00000000 11.02405658
v 26.00000000 -0.96988844 10.98298614
v 26.00000000 -1.93250872 10.85808218
v 26.00000000 -2.88042638 10.65012636
v 26.00000000 -3.80629914 10.36066143
v 26.00000000 -4.70298979 9.99198840
v 26.00000000 -5.56366542 9.54711305
v 26.00000000 -6.38186368 9.02965535
v 26.00000000 -7.15151835 8.44374599
v 26.00000000 -7.86695095 7.79393672
v 26.00000000 -8.52284768 7.08514414
v 26.00000000 -9.11424589 6.32263275
v 26.00000000 -9.63655118 5.51202829
v 26.00000000 -10.08559415 4.65934071
v 26.00000000 -10.45772094 3.77097237
v 26.00000000 -10.74989761 2.85369276
v 26.00000000 -10.95980157 1.91457285
v 26.00000000 -11.08587564 0.96088678
v 26.00000000 -11.12733083 0.00000000
v 26.00000000 -11.08410032 -0.96073290
v 26.00000000 -10.95676178 -1.91404182
v 26.00000000 -10.74645485 -2.85277884
v 26.00000000 -10.45482040 -3.76992646
v 26.00000000 -10.08397902 -4.65859455
v 26.00000000 -9.63655118 -5.51202829
v 26.00000000 -9.11570571 -6.32364543
v 26.00000000 -8.52521222 -7.08710982
v 26.00000000 -7.86947123 -7.79643361
v 26.00000000 -7.15350243 -8.44608858
v 26.00000000 -6.38288585 -9.03110162
v 26.00000000 -5.56366542 -9.54711305
v 26.00000000 -4.70223664 -9.99038825
v 26.00000000 -3.80524343 -10.35778781
v 26.00000000 -2.87950390 -10.64671556
v 26.00000000 -1.93197272 -10.85507060
v 26.00000000 -0.96973312 -10.98122730
v 26.00000000 -0.00000000 -11.02405658
v 26.00000000 0.96988844 -10.98298614
v 26.00000000 1.93250872 -10.85808218
v 26.00000000 2.88042638 -10.65012636
v 26.00000000 3.80629914 -10.36066143
v 26.00000000 4.70298979 -9.99198840
v 26.00000000 5.56366542 -9.54711305
v 26.00000000 6.38186368 -9.02965535
v 26.00000000 7.15151835 -8.44374599
v 26.00000000 7.86695095 -7.79393672
v 26.00000000 8.52284768 -7.08514414
v 26.00000000 9.11424589 -6.32263275
v 26.00000000 9.63655118 -5.51202829
v 26.00000000 10.08559415 -4.65934071
v 26.00000000 10.45772094 -3.77097237
v 26.00000000 10.74989761 -2.85369276
v 26.00000000 10.95980157 -1.91457285
v 26.00000000 11.08587564 -0.96088678
v 26.00000000 11.12733083 -0.00000000
v 26.00000000 11.08410032 0.96073290
v 26.00000000 10.95676178 1.91404182
v 26.00000000 10.74645485 2.85277884
v 26.00000000 10.45482040 3.76992646
v 26.00000000 10.08397902 4.65859455
v 26.00000000 9.63655118 5.51202829
v 26.00000000 9.11570571 6.32364543
v 26.00000000 8.52521222 7.08710982
v 26.00000000 7.86947123 7.79643361
v 26.00000000 7.15350243 8.44608858
v 26.00000000 6.38288585 9.03110162
v 26.00000000 5.56366542 9.54711305
v 26.00000000 4.70223664 9.99038825
v 26.00000000 3.80524343 10.35778781
v 26.00000000 2.87950390 10.64671556
v 26.00000000 1.93197272 10.85507060
v 26.00000000 0.96973312 10.98122730
v 28.00000000 0.00000000 11.02361387
v 28.00000000 -0.97008597 10.98256275
v 28.00000000 -1.93290456 10.85767640
v 28.00000000 -2.88101763 10.64973295
v 28.00000000 -3.80707880 10.36027424
v 28.00000000 -4.70394758 9.99160321
v 28.00000000 -5.56478953 9.54672965
v 28.00000000 -6.38314283 9.02927819
v 28.00000000 -7.15294333 8.44338335
v 28.00000000 -7.86851510 7.79359863
v 28.00000000 -8.52454591 7.08483985
v 28.00000000 -9.11607271 6.32236866
v 28.00000000 -9.63849820 5.51180693
v 28.00000000 -10.08764814 4.65916109
v 28.00000000 -10.45986304 3.77083144
v 28.00000000 -10.75210419 2.85358734
v 28.00000000 -10.96204652 1.91450130
v 28.00000000 -11.08813334 0.96084974
v 28.00000000 -11.12957906 0.00000000
v 28.00000000 -11.08632197 -0.96069277
v 28.00000000 -10.95894498 -1.91395962
v 28.00000000 -10.74859151 -2.85265509
v 28.00000000 -10.45690359 -3.76976455
v 28.00000000 -10.08600020 -4.65839997
v 28.00000000 -9.63849820 -5.51180693
v 28.00000000 -9.11756217 -6.32340166
v 28.00000000 -8.52695848 -7.08684496
v 28.00000000 -7.87108656 -7.79614561
v 28.00000000 -7.15496771 -8.44577294
v 28.00000000 -6.38418576 -9.03075347
v 28.00000000 -5.56478953 -9.54672965
v 28.00000000 -4.70317913 -9.98997096
v 28.00000000 -3.80600165 -10.35734297
v 28.00000000 -2.88007642 -10.64625371
v 28.00000000 -1.93235768 -10.85460440
v 28.00000000 -0.96992749 -10.98076862
v 28.00000000 -0.00000000 -11.02361387
v 28.00000000 0.97008597 -10.98256275
v 28.00000000 1.93290456 -10.85767640
v 28.00000000 2.88101763 -10.64973295
v 28.00000000 3.80707880 -10.36027424
v 28.00000000 4.70394758 -9.99160321
v 28.00000000 5.56478953 -9.54672965
v 28.00000000 6.38314283 -9.02927819
v 28.00000000 7.15294333 -8.44338335
v 28.00000000 7.86851510 -7.79359863
v 28.00000000 8.52454591 -7.08483985
v 28.00000000 9.11607271 -6.32236866
v 28.00000000 9.63849820 -5.51180693
v 28.00000000 10.08764814 -4.65916109
v 28.00000000 10.45986304 -3.77083144
v 28.00000000 10.75210419 -2.85358734
v 28.00000000 10.96204652 -1.91450130
v 28.00000000 11.08813334 -0.96084974
v 28.00000000 11.12957906 -0.00000000
v 28.00000000 11.08632197 0.96069277
v 28.00000000 10.95894498 1.91395962
v 28.00000000 10.74859151 2.85265509
v 28.00000000 10.45690359 3.76976455
v 28.00000000 10.08600020 4.65839997
v 28.00000000 9.63849820 5.51180693
v 28.00000000 9.11756217 6.32340166
v 28.00000000 8.52695848 7.08684496
v 28.00000000 7.87108656 7.79614561
v 28.00000000 7.15496771 8.44577294
v 28.00000000 6.38418576 9.03075347
v 28.00000000 5.56478953 9.54672965
v 28.00000000 4.70317913 9.98997096
v 28.00000000 3.80600165 10.35734297
v 28.00000000 2.88007642 10.64625371
v 28.00000000 1.93235768 10.85460440
v 28.00000000 0.96992749 10.98076862
v 30.00000000 0.00000000 11.02413397
v 30.00000000 -0.96963699 10.98306014
v 30.00000000 -1.93200731 10.85815311
v 30.00000000 -2.87967880 10.65019513
v 30.00000000 -3.80531155 10.36072911
v 30.00000000 -4.70177050 9.99205572
v 30.00000000 -5.56222456 9.54718007
v 30.00000000 -6.38021273 9.02972128
v 30.00000000 -7.14966976 8.44380937
v 30.00000000 -7.86491803 7.79399582
v 30.00000000 -8.52064462 7.08519733
v 30.00000000 -9.11188809 6.32267891
v 30.00000000 -9.63405554 5.51206698
v 30.00000000 -10.08297939 4.65937210
v 30.00000000 -10.45500755 3.77099700
v 30.00000000 -10.74710760 2.85371118
v 30.00000000 -10.95695791 1.91458535
v 30.00000000 -11.08300155 0.96089325
v 30.00000000 -11.12444912 0.00000000
v 30.00000000 -11.08123292 -0.96073991
v 30.00000000 -10.95392958 -1.91405619
v 30.00000000 -10.74367783 -2.85280047
v 30.00000000 -10.45211795 -3.76995476
v 30.00000000 -10.08137035 -4.65862856
v 30.00000000 -9.63405554 -5.51206698
v 30.00000000 -9.11334239 -6.32368804
v 30.00000000 -8.52300024 -7.08715611
v 30.00000000 -7.86742879 -7.79648395
v 30.00000000 -7.15164636 -8.44614375
v 30.00000000 -6.38123104 -9.03116247
v 30.00000000 -5.56222456 -9.54718007
v 30.00000000 -4.70102020 -9.99046119
v 30.00000000 -3.80425982 -10.35786557
v 30.00000000 -2.87875980 -10.64679629
v 30.00000000 -1.93147333 -10.85515209
v 30.00000000 -0.96948226 -10.98130747
v 30.00000000 -0.00000000 -11.02413397
v 30.00000000 0.96963699 -10.98306014
v 30.00000000 1.93200731 -10.85815311
v 30.00000000 2.87967880 -10.65019513
v 30.00000000 3.80531155 -10.36072911
v 30.00000000 4.70177050 -9.99205572
v 30.00000000 5.56222456 -9.54718007
v 30.00000000 6.38021273 -9.02972128
v 30.00000000 7.14966976 -8.44380937
v 30.00000000 7.86491803 -7.79399582
v 30.00000000 8.52064462 -7.08519733
v 30.00000000 9.11188809 -6.32267891
v 30.00000000 9.63405554 -5.51206698
v 30.00000000 10.08297939 -4.65937210
v 30.00000000 10.45500755 -3.77099700
v 30.00000000 10.74710760 -2.85371118
v 30.00000000 10.95695791 -1.91458535
v 30.00000000 11.08300155 -0.96089325
v 30.00000000 11.12444912 -0.00000000
v 30.00000000 11.08123292 0.96073991
v 30.00000000 10.95392958 1.91405619
v 30.00000000 10.74367783 2.85280047
v 30.00000000 10.45211795 3.76995476
v 30.00000000 10.08137035 4.65862856
v 30.00000000 9.63405554 5.51206698
v 30.00000000 9.11334239 6.32368804
v 30.00000000 8.52300024 7.08715611
v 30.00000000 7.86742879 7.79648395
v 30.00000000 7.15164636 8.44614375
v 30.00000000 6.38123104 9.03116247
v 30.00000000 5.56222456 9.54718007
v 30.00000000 4.70102020 9.99046119
v 30.00000000 3.80425982 10.35786557
v 30.00000000 2.87875980 10.64679629
v 30.00000000 1.93147333 10.85515209
v 30.00000000 0.96948226 10.98130747
v 32.00000000 0.00000000 11.01996797
v 32.00000000 -0.97062109 10.97907598
v 32.00000000 -1.93398956 10.85433460
v 32.00000000 -2.88264507 10.64649295
v 32.00000000 -3.80921583 10.35708552
v 32.00000000 -4.70654238 9.98843105
v 32.00000000 -5.56778538 9.54357221
v 32.00000000 -6.38649457 9.02617221
v 32.00000000 -7.15662981 8.44039697
v 32.00000000 -7.87254239 7.79081439
v 32.00000000 -8.52893928 7.08233399
v 32.00000000 -9.12085948 6.32019383
v 32.00000000 -9.64368716 5.50998398
v 32.00000000 -10.09321270 4.65768189
v 32.00000000 -10.46573448 3.76967084
v 32.00000000 -10.75817787 2.85271919
v 32.00000000 -10.96819984 1.91391205
v 32.00000000 -11.09424979 0.96054468
v 32.00000000 -11.13557076 0.00000000
v 32.00000000 -11.09214330 -0.96036230
v 32.00000000 -10.96459299 -1.91328266
v 32.00000000 -10.75409289 -2.85163598
v 32.00000000 -10.46229286 -3.76843120
v 32.00000000 -10.09129628 -4.65679752
v 32.00000000 -9.64368716 -5.50998398
v 32.00000000 -9.12259161 -6.32139409
v 32.00000000 -8.53174491 -7.08466375
v 32.00000000 -7.87553280 -7.79377376
v 32.00000000 -7.15898401 -8.44317348
v 32.00000000 -6.38770742 -9.02788636
v 32.00000000 -5.56778538 -9.54357221
v 32.00000000 -4.70564873 -9.98653452
v 32.00000000 -3.80796318 -10.35367964
v 32.00000000 -2.88155051 -10.64245038
v 32.00000000 -1.93335358 -10.85076519
v 32.00000000 -0.97043679 -10.97699135
v 32.00000000 -0.00000000 -11.01996797
v 32.00000000 0.97062109 -10.97907598
v 32.00000000 1.93398956 -10.85433460
v 32.00000000 2.88264507 -10.64649295
v 32.00000000 3.80921583 -10.35708552
v 32.00000000 4.70654238 -9.98843105
v 32.00000000 5.56778538 -9.54357221
v 32.00000000 6.38649457 -9.02617221
v 32.00000000 7.15662981 -8.44039697
v 32.00000000 7.87254239 -7.79081439
v 32.00000000 8.52893928 -7.08233399
v 32.00000000 9.12085948 -6.32019383
v 32.00000000 9.64368716 -5.50998398
v 32.00000000 10.09321270 -4.65768189
v 32.00000000 10.46573448 -3.76967084
v 32.00000000 10.75817787 -2.85271919
v 32.00000000 10.96819984 -1.91391205
v 32.00000000 11.09424979 -0.96054468
v 32.00000000 11.13557076 -0.00000000
v 32.00000000 11.09214330 0.96036230
v 32.00000000 10.96459299 1.91328266
v 32.00000000 10.75409289 2.85163598
v 32.00000000 10.46229286 3.76843120
v 32.00000000 10.09129628 4.65679752
v 32.00000000 9.64368716 5.50998398
v 32.00000000 9.12259161 6.32139409
v 32.00000000 8.53174491 7.08466375
v 32.00000000 7.87553280 7.79377376
v 32.00000000 7.15898401 8.44317348
v 32.00000000 6.38770742 9.02788636
v 32.00000000 5.56778538 9.54357221
v 32.00000000 4.70564873 9.98653452
v 32.00000000 3.80796318 10.35367964
v 32.00000000 2.88155051 10.64245038
v 32.00000000 1.93335358 10.85076519
v 32.00000000 0.97043679 10.97699135
v 34.00000000 0.00000000 11.01795878
v 34.00000000 -0.97000862 10.97715443
v 34.00000000 -1.93277953 10.85249291
v 34.00000000 -2.88084714 10.64470737
v 34.00000000 -3.80683254 10.35532821
v 34.00000000 -4.70357251 9.98668289
v 34.00000000 -5.56423141 9.54183220
v 34.00000000 -6.38237138 9.02446060
v 34.00000000 -7.15197115 8.43875129
v 34.00000000 -7.86740229 7.78928011
v 34.00000000 -8.52338731 7.08095309
v 34.00000000 -9.11497096 6.31899534
v 34.00000000 -9.63753151 5.50897939
v 34.00000000 -10.08684381 4.65686671
v 34.00000000 -10.45918644 3.76903124
v 34.00000000 -10.75146791 2.85224074
v 34.00000000 -10.96133743 1.91358731
v 34.00000000 -11.08724924 0.96037657
v 34.00000000 -11.12846283 0.00000000
v 34.00000000 -11.08498209 -0.96018019
v 34.00000000 -10.95745551 -1.91290962
v 34.00000000 -10.74707139 -2.85107440
v 34.00000000 -10.45548236 -3.76769644
v 34.00000000 -10.08478123 -4.65591446
v 34.00000000 -9.63753151 -5.50897939
v 34.00000000 -9.11683519 -6.32028772
v 34.00000000 -8.52640691 -7.08346168
v 34.00000000 -7.87062077 -7.79246662
v 34.00000000 -7.15450489 -8.44174090
v 34.00000000 -6.38367672 -9.02630632
v 34.00000000 -5.56423141 -9.54183220
v 34.00000000 -4.70261072 -9.98464079
v 34.00000000 -3.80548436 -10.35166091
v 34.00000000 -2.87966910 -10.64035451
v 34.00000000 -1.93209505 -10.84864954
v 34.00000000 -0.96981027 -10.97490980
v 34.00000000 -0.00000000 -11.01795878
v 34.00000000 0.97000862 -10.97715443
v 34.00000000 1.93277953 -10.85249291
v 34.00000000 2.88084714 -10.64470737
v 34.00000000 3.80683254 -10.35532821
v 34.00000000 4.70357251 -9.98668289
v 34.00000000 5.56423141 -9.54183220
v 34.00000000 6.38237138 -9.02446060
v 34.00000000 7.15197115 -8.43875129
v 34.00000000 7.86740229 -7.78928011
v 34.00000000 8.52338731 -7.08095309
v 34.00000000 9.11497096 -6.31899534
v 34.00000000 9.63753151 -5.50897939
v 34.00000000 10.08684381 -4.65686671
v 34.00000000 10.45918644 -3.76903124
v 34.00000000 10.75146791 -2.85224074
v 34.00000000 10.96133743 -1.91358731
v 34.00000000 11.08724924 -0.96037657
v 34.00000000 11.12846283 -0.00000000
v 34.00000000 11.08498209 0.96018019
v 34.00000000 10.95745551 1.91290962
v 34.00000000 10.74707139 2.85107440
v 34.00000000 10.45548236 3.76769644
v 34.00000000 10.08478123 4.65591446
v 34.00000000 9.63753151 5.50897939
v 34.00000000 9.11683519 6.32028772
v 34.00000000 8.52640691 7.08346168
v 34.00000000 7.87062077 7.79246662
v 34.00000000 7.15450489 8.44174090
v 34.00000000 6.38367672 9.02630632
v 34.00000000 5.56423141 9.54183220
v 34.00000000 4.70261072 9.98464079
v 34.00000000 3.80548436 10.35166091
v 34.00000000 2.87966910 10.64035451
v 34.00000000 1.93209505 10.84864954
v 34.00000000 0.96981027 10.97490980
v 36.00000000 0.00000000 11.01544871
v 36.00000000 -0.97031775 10.97475382
v 36.00000000 -1.93340842 10.85019205
v 36.00000000 -2.88179155 10.64247657
v 36.00000000 -3.80807119 10.35313275
v 36.00000000 -4.70507152 9.98449888
v 36.00000000 -5.56595391 9.53965842
v 36.00000000 -6.38428886 9.02232232
v 36.00000000 -7.15407203 8.43669540
v 36.00000000 -7.86969407 7.78736340
v 36.00000000 -8.52589104 7.07922800
v 36.00000000 -9.11770941 6.31749810
v 36.00000000 -9.64051496 5.50772436
v 36.00000000 -10.09005843 4.65584829
v 36.00000000 -10.46258962 3.76823215
v 36.00000000 -10.75499248 2.85164300
v 36.00000000 -10.96490400 1.91318160
v 36.00000000 -11.09078269 0.96016654
v 36.00000000 -11.13190781 0.00000000
v 36.00000000 -11.08831240 -0.95995268
v 36.00000000 -10.96067424 -1.91244359
v 36.00000000 -10.75020203 -2.85037283
v 36.00000000 -10.45855364 -3.76677854
v 36.00000000 -10.08781104 -4.65481128
v 36.00000000 -9.64051496 -5.50772436
v 36.00000000 -9.11974068 -6.31890553
v 36.00000000 -8.52918120 -7.08195989
v 36.00000000 -7.87320093 -7.79083357
v 36.00000000 -7.15683280 -8.43995115
v 36.00000000 -6.38571117 -9.02433234
v 36.00000000 -5.56595391 -9.53965842
v 36.00000000 -4.70402354 -9.98227501
v 36.00000000 -3.80660222 -10.34913899
v 36.00000000 -2.88050795 -10.63773623
v 36.00000000 -1.93266260 -10.84600654
v 36.00000000 -0.97010163 -10.97230938
v 36.00000000 -0.00000000 -11.01544871
v 36.00000000 0.97031775 -10.97475382
v 36.00000000 1.93340842 -10.85019205
v 36.00000000 2.88179155 -10.64247657
v 36.00000000 3.80807119 -10.35313275
v 36.00000000 4.70507152 -9.98449888
v 36.00000000 5.56595391 -9.53965842
v 36.00000000 6.38428886 -9.02232232
v 36.00000000 7.15407203 -8.43669540
v 36.00000000 7.86969407 -7.78736340
v 36.00000000 8.52589104 -7.07922800
v 36.00000000 9.11770941 -6.31749810
v 36.00000000 9.64051496 -5.50772436
v 36.00000000 10.09005843 -4.65584829
v 36.00000000 10.46258962 -3.76823215
v 36.00000000 10.75499248 -2.85164300
v 36.00000000 10.96490400 -1.91318160
v 36.00000000 11.09078269 -0.96016654
v 36.00000000 11.13190781 -0.00000000
v 36.00000000 11.08831240 0.95995268
v 36.00000000 10.96067424 1.91244359
v 36.00000000 10.75020203 2.85037283
v 36.00000000 10.45855364 3.76677854
v 36.00000000 10.08781104 4.65481128
v 36.00000000 9.64051496 5.50772436
v 36.00000000 9.11974068 6.31890553
v 36.00000000 8.52918120 7.08195989
v 36.00000000 7.87320093 7.79083357
v 36.00000000 7.15683280 8.43995115
v 36.00000000 6.38571117 9.02433234
v 36.00000000 5.56595391 9.53965842
v 36.00000000 4.70402354 9.98227501
v 36.00000000 3.80660222 10.34913899
v 36.00000000 2.88050795 10.63773623
v 36.00000000 1.93266260 10.84600654
v 36.00000000 0.97010163 10.97230938
v 38.00000000 0.00000000 11.01128485
v 38.00000000 -0.97012499 10.97077144
v 38.00000000 -1.93304575 10.84637504
v 38.00000000 -2.88126267 10.63877578
v 38.00000000 -3.80735688 10.34949061
v 38.00000000 -4.70413682 9.98087583
v 38.00000000 -5.56476394 9.53605241
v 38.00000000 -6.38282728 9.01877529
v 38.00000000 -7.15235492 8.43328510
v 38.00000000 -7.86777327 7.78418397
v 38.00000000 -8.52384467 7.07636642
v 38.00000000 -9.11562206 6.31501445
v 38.00000000 -9.63845388 5.50564243
v 38.00000000 -10.08805397 4.65415883
v 38.00000000 -10.46062706 3.76690652
v 38.00000000 -10.75301868 2.85065138
v 38.00000000 -10.96284721 1.91250856
v 38.00000000 -11.08857942 0.95981813
v 38.00000000 -11.12952788 0.00000000
v 38.00000000 -11.08577392 -0.95957529
v 38.00000000 -10.95804348 -1.91167053
v 38.00000000 -10.74757815 -2.84920908
v 38.00000000 -10.45604339 -3.76525593
v 38.00000000 -10.08550160 -4.65298129
v 38.00000000 -9.63845388 -5.50564243
v 38.00000000 -9.11792897 -6.31661260
v 38.00000000 -8.52758131 -7.07946852
v 38.00000000 -7.87175601 -7.78812440
v 38.00000000 -7.15549033 -8.43698204
v 38.00000000 -6.38444260 -9.02105770
v 38.00000000 -5.56476394 -9.53605241
v 38.00000000 -4.70294663 -9.97835058
v 38.00000000 -3.80568856 -10.34495563
v 38.00000000 -2.87980489 -10.63339306
v 38.00000000 -1.93219872 -10.84162234
v 38.00000000 -0.96987954 -10.96799574
v 38.00000000 -0.00000000 -11.01128485
v 38.00000000 0.97012499 -10.97077144
v 38.00000000 1.93304575 -10.84637504
v 38.00000000 2.88126267 -10.63877578
v 38.00000000 3.80735688 -10.34949061
v 38.00000000 4.70413682 -9.98087583
v 38.00000000 5.56476394 -9.53605241
v 38.00000000 6.38282728 -9.01877529
v 38.00000000 7.15235492 -8.43328510
v 38.00000000 7.86777327 -7.78418397
v 38.00000000 8.52384467 -7.07636642
v 38.00000000 9.11562206 -6.31501445
v 38.00000000 9.63845388 -5.50564243
v 38.00000000 10.08805397 -4.65415883
v 38.00000000 10.46062706 -3.76690652
v 38.00000000 10.75301868 -2.85065138
v 38.00000000 10.96284721 -1.91250856
v 38.00000000 11.08857942 -0.95981813
v 38.00000000 11.12952788 -0.00000000
v 38.00000000 11.08577392 0.95957529
v 38.00000000 10.95804348 1.91167053
v 38.00000000 10.74757815 2.84920908
v 38.00000000 10.45604339 3.76525593
v 38.00000000 10.08550160 4.65298129
v 38.00000000 9.63845388 5.50564243
v 38.00000000 9.11792897 6.31661260
v 38.00000000 8.52758131 7.07946852
v 38.00000000 7.87175601 7.78812440
v 38.00000000 7.15549033 8.43698204
v 38.00000000 6.38444260 9.02105770
v 38.00000000 5.56476394 9.53605241
v 38.00000000 4.70294663 9.97835058
v 38.00000000 3.80568856 10.34495563
v 38.00000000 2.87980489 10.63339306
v 38.00000000 1.93219872 10.84162234
v 38.00000000 0.96987954 10.96799574
v 40.00000000 0.00000000 11.01080189
v 40.00000000 -0.97056205 10.97030952
v 40.00000000 -1.93391910 10.84593230
v 40.00000000 -2.88256579 10.63834651
v 40.00000000 -3.80907705 10.34906815
v 40.00000000 -4.70625611 9.98045559
v 40.00000000 -5.56726118 9.53563415
v 40.00000000 -6.38568042 9.01836388
v 40.00000000 -7.15554283 8.43288955
v 40.00000000 -7.87127635 7.78381521
v 40.00000000 -8.52764387 7.07603451
v 40.00000000 -9.11969676 6.31472637
v 40.00000000 -9.64277922 5.50540094
v 40.00000000 -10.09259880 4.65396287
v 40.00000000 -10.46535319 3.76675276
v 40.00000000 -10.75788197 2.85053636
v 40.00000000 -10.96780025 1.91243050
v 40.00000000 -11.09357500 0.95977772
v 40.00000000 -11.13452236 0.00000000
v 40.00000000 -11.09072928 -0.95953152
v 40.00000000 -10.96292764 -1.91158087
v 40.00000000 -10.75236345 -2.84907410
v 40.00000000 -10.46070381 -3.76507932
v 40.00000000 -10.09000984 -4.65276904
v 40.00000000 -9.64277922 -5.50540094
v 40.00000000 -9.12203675 -6.31634664
v 40.00000000 -8.53143409 -7.07917954
v 40.00000000 -7.87531618 -7.78781016
v 40.00000000 -7.15872320 -8.43663765
v 40.00000000 -6.38731889 -9.02067787
v 40.00000000 -5.56726118 -9.53563415
v 40.00000000 -4.70504886 -9.97789540
v 40.00000000 -3.80738481 -10.34447042
v 40.00000000 -2.88108710 -10.63288931
v 40.00000000 -1.93305993 -10.84111384
v 40.00000000 -0.97031308 -10.96749541
v 40.00000000 -0.00000000 -11.01080189
v 40.00000000 0.97056205 -10.97030952
v 40.00000000 1.93391910 -10.84593230
v 40.00000000 2.88256579 -10.63834651
v 40.00000000 3.80907705 -10.34906815
v 40.00000000 4.70625611 -9.98045559
v 40.00000000 5.56726118 -9.53563415
v 40.00000000 6.38568042 -9.01836388
v 40.00000000 7.15554283 -8.43288955
v 40.00000000 7.87127635 -7.78381521
v 40.00000000 8.52764387 -7.07603451
v 40.00000000 9.11969676 -6.31472637
v 40.00000000 9.64277922 -5.50540094
v 40.00000000 10.09259880 -4.65396287
v 40.00000000 10.46535319 -3.76675276
v 40.00000000 10.75788197 -2.85053636
v 40.00000000 10.96780025 -1.91243050
v 40.00000000 11.09357500 -0.95977772
v 40.00000000 11.13452236 -0.00000000
v 40.00000000 11.09072928 0.95953152
v 40.00000000 10.96292764 1.91158087
v 40.00000000 10.75236345 2.84907410
v 40.00000000 10.46070381 3.76507932
v 40.00000000 10.09000984 4.65276904
v 40.00000000 9.64277922 5.50540094
v 40.00000000 9.12203675 6.31634664
v 40.00000000 8.53143409 7.07917954
v 40.00000000 7.87531618 7.78781016
v 40.00000000 7.15872320 8.43663765
v 40.00000000 6.38731889 9.02067787
v 40.00000000 5.56726118 9.53563415
v 40.00000000 4.70504886 9.97789540
v 40.00000000 3.80738481 10.34447042
v 40.00000000 2.88108710 10.63288931
v 40.00000000 1.93305993 10.84111384
v 40.00000000 0.97031308 10.96749541
v 42.00000000 0.00000000 11.01046470
v 42.00000000 -0.97057425 10.96998702
v 42.00000000 -1.93394515 10.84562318
v 42.00000000 -2.88260555 10.63804681
v 42.00000000 -3.80912835 10.34877319
v 42.00000000 -4.70631527 9.98016219
v 42.00000000 -5.56732434 9.53534214
v 42.00000000 -6.38574503 9.01807665
v 42.00000000 -7.15560880 8.43261340
v 42.00000000 -7.87134633 7.78355775
v 42.00000000 -8.52772250 7.07580279
v 42.00000000 -9.11978903 6.31452525
v 42.00000000 -9.64288861 5.50523235
v 42.00000000 -10.09272566 4.65382606
v 42.00000000 -10.46549413 3.76664540
v 42.00000000 -10.75803039 2.85045605
v 42.00000000 -10.96794796 1.91237599
v 42.00000000 -11.09371445 0.95974950
v 42.00000000 -11.13464867 0.00000000
v 42.00000000 -11.09084149 -0.95950095
v 42.00000000 -10.96302872 -1.91151827
v 42.00000000 -10.75245905 -2.84897987
v 42.00000000 -10.46080025 -3.76495603
v 42.00000000 -10.09011193 -4.65262085
v 42.00000000 -9.64288861 -5.50523235
v 42.00000000 -9.12215141 -6.31616096
v 42.00000000 -8.53154898 -7.07897778
v 42.00000000 -7.87542483 -7.78759076
v 42.00000000 -7.15881961 -8.43639720
v 42.00000000 -6.38739918 -9.02041268
v 42.00000000 -5.56732434 -9.53534214
v 42.00000000 -4.70509647 -9.97757761
v 42.00000000 -3.80741992 -10.34413167
v 42.00000000 -2.88111272 -10.63253761
v 42.00000000 -1.93307775 -10.84075882
v 42.00000000 -0.97032290 -10.96714610
v 42.00000000 -0.00000000 -11.01046470
v 42.00000000 0.97057425 -10.96998702
v 42.00000000 1.93394515 -10.84562318
v 42.00000000 2.88260555 -10.63804681
v 42.00000000 3.80912835 -10.34877319
v 42.00000000 4.70631527 -9.98016219
v 42.00000000 5.56732434 -9.53534214
v 42.00000000 6.38574503 -9.01807665
v 42.00000000 7.15560880 -8.43261340
v 42.00000000 7.87134633 -7.78355775
v 42.00000000 8.52772250 -7.07580279
v 42.00000000 9.11978903 -6.31452525
v 42.00000000 9.64288861 -5.50523235
v 42.00000000 10.09272566 -4.65382606
v 42.00000000 10.46549413 -3.76664540
v 42.00000000 10.75803039 -2.85045605
v 42.00000000 10.96794796 -1.91237599
v 42.00000000 11.09371445 -0.95974950
v 42.00000000 11.13464867 -0.00000000
v 42.00000000 11.09084149 0.95950095
v 42.00000000 10.96302872 1.91151827
v 42.00000000 10.75245905 2.84897987
v 42.00000000 10.46080025 3.76495603
v 42.00000000 10.09011193 4.65262085
v 42.00000000 9.64288861 5.50523235
v 42.00000000 9.12215141 6.31616096
v 42.00000000 8.53154898 7.07897778
v 42.00000000 7.87542483 7.78759076
v 42.00000000 7.15881961 8.43639720
v 42.00000000 6.38739918 9.02041268
v 42.00000000 5.56732434 9.53534214
v 42.00000000 4.70509647 9.97757761
v 42.00000000 3.80741992 10.34413167
v 42.00000000 2.88111272 10.63253761
v 42.00000000 1.93307775 10.84075882
v 42.00000000 0.97032290 10.96714610
v 44.00000000 0.00000000 11.01159450
v 44.00000000 -0.97095580 10.97106759
v 44.00000000 -1.93469959 10.84665890
v 44.00000000 -2.88372690 10.63905100
v 44.00000000 -3.81061431 10.34976146
v 44.00000000 -4.70816538 9.98114526
v 44.00000000 -5.56953580 9.53632057
v 44.00000000 -6.38830783 9.01903906
v 44.00000000 -7.15850211 8.43353870
v 44.00000000 -7.87453772 7.78442041
v 44.00000000 -8.53117061 7.07657921
v 44.00000000 -9.12344909 6.31519914
v 44.00000000 -9.64671897 5.50579725
v 44.00000000 -10.09669323 4.65428447
v 44.00000000 -10.46957677 3.76700510
v 44.00000000 -10.76221530 2.85072512
v 44.00000000 -10.97222660 1.91255861
v 44.00000000 -11.09807552 0.95984404
v 44.00000000 -11.13907159 0.00000000
v 44.00000000 -11.09529260 -0.95960335
v 44.00000000 -10.96746153 -1.91172802
v 44.00000000 -10.75681857 -2.84929562
v 44.00000000 -10.46502999 -3.76536915
v 44.00000000 -10.09416142 -4.65311738
v 44.00000000 -9.64671897 -5.50579725
v 44.00000000 -9.12573744 -6.31678312
v 44.00000000 -8.53487718 -7.07965380
v 44.00000000 -7.87848840 -7.78832587
v 44.00000000 -7.16161229 -8.43720285
v 44.00000000 -6.38991015 -9.02130122
v 44.00000000 -5.56953580 -9.53632057
v 44.00000000 -4.70698477 -9.97864242
v 44.00000000 -3.80895942 -10.34526672
v 44.00000000 -2.88228085 -10.63371603
v 44.00000000 -1.93385938 -10.84194837
v 44.00000000 -0.97071232 -10.96831652
v 44.00000000 -0.00000000 -11.01159450
v 44.00000000 0.97095580 -10.97106759
v 44.00000000 1.93469959 -10.84665890
v 44.00000000 2.88372690 -10.63905100
v 44.00000000 3.81061431 -10.34976146
v 44.00000000 4.70816538 -9.98114526
v 44.00000000 5.56953580 -9.53632057
v 44.00000000 6.38830783 -9.01903906
v 44.00000000 7.15850211 -8.43353870
v 44.00000000 7.87453772 -7.78442041
v 44.00000000 8.53117061 -7.07657921
v 44.00000000 9.12344909 -6.31519914
v 44.00000000 9.64671897 -5.50579725
v 44.00000000 10.09669323 -4.65428447
v 44.00000000 10.46957677 -3.76700510
v 44.00000000 10.76221530 -2.85072512
v 44.00000000 10.97222660 -1.91255861
v 44.00000000 11.09807552 -0.95984404
v 44.00000000 11.13907159 -0.00000000
v 44.00000000 11.09529260 0.95960335
v 44.00000000 10.96746153 1.91172802
v 44.00000000 10.75681857 2.84929562
v 44.00000000 10.46502999 3.76536915
v 44.00000000 10.09416142 4.65311738
v 44.00000000 9.64671897 5.50579725
v 44.00000000 9.12573744 6.31678312
v 44.00000000 8.53487718 7.07965380
v 44.00000000 7.87848840 7.78832587
v 44.00000000 7.16161229 8.43720285
v 44.00000000 6.38991015 9.02130122
v 44.00000000 5.56953580 9.53632057
v 44.00000000 4.70698477 9.97864242
v 44.00000000 3.80895942 10.34526672
v 44.00000000 2.88228085 10.63371603
v 44.00000000 1.93385938 10.84194837
v 44.00000000 0.97071232 10.96831652
v 46.00000000 0.00000000 11.00857699
v 46.00000000 -0.97125897 10.96818152
v 46.00000000 -1.93531922 10.84389263
v 46.00000000 -2.88465896 10.63636893
v 46.00000000 -3.81183475 10.34712192
v 46.00000000 -4.70963546 9.97851960
v 46.00000000 -5.57121372 9.53370733
v 46.00000000 -6.39016229 9.01646862
v 46.00000000 -7.16052262 8.43106738
v 46.00000000 -7.87673715 7.78211641
v 46.00000000 -8.53357855 7.07450553
v 46.00000000 -9.12609754 6.31339930
v 46.00000000 -9.64962522 5.50428849
v 46.00000000 -10.09984585 4.65306011
v 46.00000000 -10.47292990 3.76604439
v 46.00000000 -10.76569380 2.85000647
v 46.00000000 -10.97574072 1.91207085
v 46.00000000 -11.10154081 0.95959154
v 46.00000000 -11.14242743 0.00000000
v 46.00000000 -11.09851345 -0.95932986
v 46.00000000 -10.97055712 -1.91116782
v 46.00000000 -10.75982305 -2.84845230
v 46.00000000 -10.46798377 -3.76426577
v 46.00000000 -10.09709165 -4.65179123
v 46.00000000 -9.64962522 -5.50428849
v 46.00000000 -9.12858688 -6.31512141
v 46.00000000 -8.53761068 -7.07784824
v 46.00000000 -7.88103484 -7.78636247
v 46.00000000 -7.16390597 -8.43505107
v 46.00000000 -6.39190535 -9.01892806
v 46.00000000 -5.57121372 -9.53370733
v 46.00000000 -4.70835116 -9.97579849
v 46.00000000 -3.81003450 -10.34223520
v 46.00000000 -2.88308590 -10.63056871
v 46.00000000 -1.93440521 -10.83877130
v 46.00000000 -0.97099411 -10.96519053
v 46.00000000 -0.00000000 -11.00857699
v 46.00000000 0.97125897 -10.96818152
v 46.00000000 1.93531922 -10.84389263
v 46.00000000 2.88465896 -10.63636893
v 46.00000000 3.81183475 -10.34712192
v 46.00000000 4.70963546 -9.97851960
v 46.00000000 5.57121372 -9.53370733
v 46.00000000 6.39016229 -9.01646862
v 46.00000000 7.16052262 -8.43106738
v 46.00000000 7.87673715 -7.78211641
v 46.00000000 8.53357855 -7.07450553
v 46.00000000 9.12609754 -6.31339930
v 46.00000000 9.64962522 -5.50428849
v 46.00000000 10.09984585 -4.65306011
v 46.00000000 10.47292990 -3.76604439
v 46.00000000 10.76569380 -2.85000647
v 46.00000000 10.97574072 -1.91207085
v 46.00000000 11.10154081 -0.95959154
v 46.00000000 11.14242743 -0.00000000
v 46.00000000 11.09851345 0.95932986
v 46.00000000 10.97055712 1.91116782
v 46.00000000 10.75982305 2.84845230
v 46.00000000 10.46798377 3.76426577
v 46.00000000 10.09709165 4.65179123
v 46.00000000 9.64962522 5.50428849
v 46.00000000 9.12858688 6.31512141
v 46.00000000 8.53761068 7.07784824
v 46.00000000 7.88103484 7.78636247
v 46.00000000 7.16390597 8.43505107
v 46.00000000 6.39190535 9.01892806
v 46.00000000 5.57121372 9.53370733
v 46.00000000 4.70835116 9.97579849
v 46.00000000 3.81003450 10.34223520
v 46.00000000 2.88308590 10.63056871
v 46.00000000 1.93440521 10.83877130
v 46.00000000 0.97099411 10.96519053
v 48.00000000 0.00000000 11.00540181
v 48.00000000 -0.97156359 10.96514458
v 48.00000000 -1.93594257 10.84098170
v 48.00000000 -2.88559700 10.63354659
v 48.00000000 -3.81306251 10.34434434
v 48.00000000 -4.71111259 9.97575669
v 48.00000000 -5.57289673 9.53095755
v 48.00000000 -6.39201889 9.01376394
v 48.00000000 -7.16254247 8.42846703
v 48.00000000 -7.87893465 7.77969213
v 48.00000000 -8.53598572 7.07232358
v 48.00000000 -9.12874903 6.31150546
v 48.00000000 -9.65254028 5.50270090
v 48.00000000 -10.10301355 4.65177174
v 48.00000000 -10.47630313 3.76503343
v 48.00000000 -10.76919462 2.84925022
v 48.00000000 -10.97927590 1.91155757
v 48.00000000 -11.10502268 0.95932584
v 48.00000000 -11.14579346 0.00000000
v 48.00000000 -11.10173801 -0.95904209
v 48.00000000 -10.97365171 -1.91057837
v 48.00000000 -10.76282488 -2.84756495
v 48.00000000 -10.47093659 -3.76310478
v 48.00000000 -10.10002525 -4.65039583
v 48.00000000 -9.65254028 -5.50270090
v 48.00000000 -9.13144996 -6.31337284
v 48.00000000 -8.54036056 -7.07594827
v 48.00000000 -7.88359762 -7.78429637
v 48.00000000 -7.16621340 -8.43278677
v 48.00000000 -6.39391009 -9.01643084
v 48.00000000 -5.57289673 -9.53095755
v 48.00000000 -4.70971912 -9.97280603
v 48.00000000 -3.81110924 -10.33904540
v 48.00000000 -2.88389024 -10.62725708
v 48.00000000 -1.93495087 -10.83542835
v 48.00000000 -0.97127622 -10.96190128
v 48.00000000 -0.00000000 -11.00540181
v 48.00000000 0.97156359 -10.96514458
v 48.00000000 1.93594257 -10.84098170
v 48.00000000 2.88559700 -10.63354659
v 48.00000000 3.81306251 -10.34434434
v 48.00000000 4.71111259 -9.97575669
v 48.00000000 5.57289673 -9.53095755
v 48.00000000 6.39201889 -9.01376394
v 48.00000000 7.16254247 -8.42846703
v 48.00000000 7.87893465 -7.77969213
v 48.00000000 8.53598572 -7.07232358
v 48.00000000 9.12874903 -6.31150546
v 48.00000000 9.65254028 -5.50270090
v 48.00000000 10.10301355 -4.65177174
v 48.00000000 10.47630313 -3.76503343
v 48.00000000 10.76919462 -2.84925022
v 48.00000000 10.97927590 -1.91155757
v 48.00000000 11.10502268 -0.95932584
v 48.00000000 11.14579346 -0.00000000
v 48.00000000 11.10173801 0.95904209
v 48.00000000 10.97365171 1.91057837
v 48.00000000 10.76282488 2.84756495
v 48.00000000 10.47093659 3.76310478
v 48.00000000 10.10002525 4.65039583
v 48.00000000 9.65254028 5.50270090
v 48.00000000 9.13144996 6.31337284
v 48.00000000 8.54036056 7.07594827
v 48.00000000 7.88359762 7.78429637
v 48.00000000 7.16621340 8.43278677
v 48.00000000 6.39391009 9.01643084
v 48.00000000 5.57289673 9.53095755
v 48.00000000 4.70971912 9.97280603
v 48.00000000 3.81110924 10.33904540
v 48.00000000 2.88389024 10.62725708
v 48.00000000 1.93495087 10.83542835
v 48.00000000 0.97127622 10.96190128
v 50.00000000 0.00000000 11.00321436
v 50.00000000 -0.97150301 10.96305233
v 50.00000000 -1.93583311 10.83897623
v 50.00000000 -2.88544000 10.63160214
v 50.00000000 -3.81284692 10.34243074
v 50.00000000 -4.71081880 9.97385322
v 50.00000000 -5.57250488 9.52906316
v 50.00000000 -6.39151860 9.01190066
v 50.00000000 -7.16194015 8.42667565
v 50.00000000 -7.87825529 7.77802205
v 50.00000000 -8.53526791 7.07082043
v 50.00000000 -9.12803455 6.31020077
v 50.00000000 -9.65186158 5.50160718
v 50.00000000 -10.10238353 4.65088414
v 50.00000000 -10.47571081 3.76433694
v 50.00000000 -10.76860868 2.84872921
v 50.00000000 -10.97865514 1.91120395
v 50.00000000 -11.10433018 0.95914280
v 50.00000000 -11.14500977 0.00000000
v 50.00000000 -11.10086911 -0.95884384
v 50.00000000 -10.97272891 -1.91017229
v 50.00000000 -10.76189686 -2.84695366
v 50.00000000 -10.47005607 -3.76230497
v 50.00000000 -10.09923475 -4.64943452
v 50.00000000 -9.65186158 -5.50160718
v 50.00000000 -9.13088052 -6.31216819
v 50.00000000 -8.53987769 -7.07463929
v 50.00000000 -7.88316868 -7.78287293
v 50.00000000 -7.16580822 -8.43122679
v 50.00000000 -6.39351137 -9.01471042
v 50.00000000 -5.57250488 -9.52906316
v 50.00000000 -4.70935051 -9.97074450
v 50.00000000 -3.81078876 -10.33684794
v 50.00000000 -2.88364157 -10.62497572
v 50.00000000 -1.93478816 -10.83312540
v 50.00000000 -0.97120020 -10.95963529
v 50.00000000 -0.00000000 -11.00321436
v 50.00000000 0.97150301 -10.96305233
v 50.00000000 1.93583311 -10.83897623
v 50.00000000 2.88544000 -10.63160214
v 50.00000000 3.81284692 -10.34243074
v 50.00000000 4.71081880 -9.97385322
v 50.00000000 5.57250488 -9.52906316
v 50.00000000 6.39151860 -9.01190066
v 50.00000000 7.16194015 -8.42667565
v 50.00000000 7.87825529 -7.77802205
v 50.00000000 8.53526791 -7.07082043
v 50.00000000 9.12803455 -6.31020077
v 50.00000000 9.65186158 -5.50160718
v 50.00000000 10.10238353 -4.65088414
v 50.00000000 10.47571081 -3.76433694
v 50.00000000 10.76860868 -2.84872921
v 50.00000000 10.97865514 -1.91120395
v 50.00000000 11.10433018 -0.95914280
v 50.00000000 11.14500977 -0.00000000
v 50.00000000 11.10086911 0.95884384
v 50.00000000 10.97272891 1.91017229
v 50.00000000 10.76189686 2.84695366
v 50.00000000 10.47005607 3.76230497
v 50.00000000 10.09923475 4.64943452
v 50.00000000 9.65186158 5.50160718
v 50.00000000 9.13088052 6.31216819
v 50.00000000 8.53987769 7.07463929
v 50.00000000 7.88316868 7.78287293
v 50.00000000 7.16580822 8.43122679
v 50.00000000 6.39351137 9.01471042
v 50.00000000 5.57250488 9.52906316
v 50.00000000 4.70935051 9.97074450
v 50.00000000 3.81078876 10.33684794
v 50.00000000 2.88364157 10.62497572
v 50.00000000 1.93478816 10.83312540
v 50.00000000 0.97120020 10.95963529
v 52.00000000 0.00000000 11.00075398
v 52.00000000 -0.97164387 10.96069897
v 52.00000000 -1.93612647 10.83672045
v 52.00000000 -2.88588417 10.62941498
v 52.00000000 -3.81342472 10.34027830
v 52.00000000 -4.71150184 9.97171221
v 52.00000000 -5.57326300 9.52693241
v 52.00000000 -6.39233094 9.00980492
v 52.00000000 -7.16280348 8.42466081
v 52.00000000 -7.87918606 7.77614365
v 52.00000000 -8.53629678 7.06912978
v 52.00000000 -9.12919469 6.30873332
v 52.00000000 -9.65317468 5.50037699
v 52.00000000 -10.10384830 4.64988577
v 52.00000000 -10.47729830 3.76355352
v 52.00000000 -10.77026636 2.84814316
v 52.00000000 -10.98031885 1.91080620
v 52.00000000 -11.10594022 0.95893690
v 52.00000000 -11.14652600 0.00000000
v 52.00000000 -11.10227999 -0.95862086
v 52.00000000 -10.97405160 -1.90971557
v 52.00000000 -10.76316832 -2.84626612
v 52.00000000 -10.47131816 -3.76140539
v 52.00000000 -10.10051833 -4.64835328
v 52.00000000 -9.65317468 -5.50037699
v 52.00000000 -9.13220443 -6.31081321
v 52.00000000 -8.54117183 -7.07316693
v 52.00000000 -7.88438218 -7.78127182
v 52.00000000 -7.16689413 -8.42947210
v 52.00000000 -6.39443838 -9.01277530
v 52.00000000 -5.57326300 -9.52693241
v 52.00000000 -4.70994905 -9.96842578
v 52.00000000 -3.81124812 -10.33437637
v 52.00000000 -2.88398226 -10.62240977
v 52.00000000 -1.93502138 -10.83053516
v 52.00000000 -0.97132364 -10.95708661
v 52.00000000 -0.00000000 -11.00075398
v 52.00000000 0.97164387 -10.96069897
v 52.00000000 1.93612647 -10.83672045
v 52.00000000 2.88588417 -10.62941498
v 52.00000000 3.81342472 -10.34027830
v 52.00000000 4.71150184 -9.97171221
v 52.00000000 5.57326300 -9.52693241
v 52.00000000 6.39233094 -9.00980492
v 52.00000000 7.16280348 -8.42466081
v 52.00000000 7.87918606 -7.77614365
v 52.00000000 8.53629678 -7.06912978
v 52.00000000 9.12919469 -6.30873332
v 52.00000000 9.65317468 -5.50037699
v 52.00000000 10.10384830 -4.64988577
v 52.00000000 10.47729830 -3.76355352
v 52.00000000 10.77026636 -2.84814316
v 52.00000000 10.98031885 -1.91080620
v 52.00000000 11.10594022 -0.95893690
v 52.00000000 11.14652600 -0.00000000
v 52.00000000 11.10227999 0.95862086
v 52.00000000 10.97405160 1.90971557
v 52.00000000 10.76316832 2.84626612
v 52.00000000 10.47131816 3.76140539
v 52.00000000 10.10051833 4.64835328
v 52.00000000 9.65317468 5.50037699
v 52.00000000 9.13220443 6.31081321
v 52.00000000 8.54117183 7.07316693
v 52.00000000 7.88438218 7.78127182
v 52.00000000 7.16689413 8.42947210
v 52.00000000 6.39443838 9.01277530
v 52.00000000 5.57326300 9.52693241
v 52.00000000 4.70994905 9.96842578
v 52.00000000 3.81124812 10.33437637
v 52.00000000 2.88398226 10.62240977
v 52.00000000 1.93502138 10.83053516
v 52.00000000 0.97132364 10.95708661
v 54.00000000 0.00000000 10.99887993
v 54.00000000 -0.97132428 10.95890642
v 54.00000000 -1.93549930 10.83500220
v 54.00000000 -2.88495461 10.62774900
v 54.00000000 -3.81218943 10.33863877
v 54.00000000 -4.70995215 9.97008139
v 54.00000000 -5.57139190 9.52530943
v 54.00000000 -6.39014130 9.00820864
v 54.00000000 -7.16031418 8.42312616
v 54.00000000 -7.87643341 7.77471293
v 54.00000000 -8.53333015 7.06784206
v 54.00000000 -9.12606756 6.30761560
v 54.00000000 -9.64993384 5.49943997
v 54.00000000 -10.10052497 4.64912531
v 54.00000000 -10.47390437 3.76295677
v 54.00000000 -10.76679717 2.84769676
v 54.00000000 -10.97676197 1.91050322
v 54.00000000 -11.10228729 0.95878008
v 54.00000000 -11.14278380 0.00000000
v 54.00000000 -11.09847699 -0.95845102
v 54.00000000 -10.97023778 -1.90936769
v 54.00000000 -10.75940813 -2.84574244
v 54.00000000 -10.46767906 -3.76072021
v 54.00000000 -10.09705848 -4.64752973
v 54.00000000 -9.64993384 -5.49943997
v 54.00000000 -9.12920070 -6.30978111
v 54.00000000 -8.53840507 -7.07204543
v 54.00000000 -7.88184257 -7.78005224
v 54.00000000 -7.16457255 -8.42813554
v 54.00000000 -6.39233515 -9.01130132
v 54.00000000 -5.57139190 -9.52530943
v 54.00000000 -4.70833569 -9.96665967
v 54.00000000 -3.80992360 -10.33249385
v 54.00000000 -2.88297472 -10.62045538
v 54.00000000 -1.93434891 -10.82856226
v 54.00000000 -0.97099092 -10.95514533
v 54.00000000 -0.00000000 -10.99887993
v 54.00000000 0.97132428 -10.95890642
v 54.00000000 1.93549930 -10.83500220
v 54.00000000 2.88495461 -10.62774900
v 54.00000000 3.81218943 -10.33863877
v 54.00000000 4.70995215 -9.97008139
v 54.00000000 5.57139190 -9.52530943
v 54.00000000 6.39014130 -9.00820864
v 54.00000000 7.16031418 -8.42312616
v 54.00000000 7.87643341 -7.77471293
v 54.00000000 8.53333015 -7.06784206
v 54.00000000 9.12606756 -6.30761560
v 54.00000000 9.64993384 -5.49943997
v 54.00000000 10.10052497 -4.64912531
v 54.00000000 10.47390437 -3.76295677
v 54.00000000 10.76679717 -2.84769676
v 54.00000000 10.97676197 -1.91050322
v 54.00000000 11.10228729 -0.95878008
v 54.00000000 11.14278380 -0.00000000
v 54.00000000 11.09847699 0.95845102
v 54.00000000 10.97023778 1.90936769
v 54.00000000 10.75940813 2.84574244
v 54.00000000 10.46767906 3.76072021
v 54.00000000 10.09705848 4.64752973
v 54.00000000 9.64993384 5.49943997
v 54.00000000 9.12920070 6.30978111
v 54.00000000 8.53840507 7.07204543
v 54.00000000 7.88184257 7.78005224
v 54.00000000 7.16457255 8.42813554
v 54.00000000 6.39233515 9.01130132
v 54.00000000 5.57139190 9.52530943
v 54.00000000 4.70833569 9.96665967
v 54.00000000 3.80992360 10.33249385
v 54.00000000 2.88297472 10.62045538
v 54.00000000 1.93434891 10.82856226
v 54.00000000 0.97099092 10.95514533
v 56.00000000 0.00000000 10.99916476
v 56.00000000 -0.97165425 10.95917886
v 56.00000000 -1.93615534 10.83526335
v 56.00000000 -2.88593167 10.62800221
v 56.00000000 -3.81348158 10.33888796
v 56.00000000 -4.71155217 9.97032926
v 56.00000000 -5.57329034 9.52555611
v 56.00000000 -6.39232535 9.00845126
v 56.00000000 -7.16276690 8.42335941
v 56.00000000 -7.87913361 7.77493038
v 56.00000000 -8.53625318 7.06803777
v 56.00000000 -9.12918671 6.30778548
v 56.00000000 -9.65322204 5.49958238
v 56.00000000 -10.10395624 4.64924089
v 56.00000000 -10.47745454 3.76304747
v 56.00000000 -10.77044363 2.84776461
v 56.00000000 -10.98048259 1.91054927
v 56.00000000 -11.10605887 0.95880391
v 56.00000000 -11.14658068 0.00000000
v 56.00000000 -11.10227028 -0.95847684
v 56.00000000 -10.97399556 -1.90942056
v 56.00000000 -10.76309668 -2.84582203
v 56.00000000 -10.47126469 -3.76082435
v 56.00000000 -10.10050950 -4.64765490
v 56.00000000 -9.65322204 -5.49958238
v 56.00000000 -9.13230200 -6.30993798
v 56.00000000 -8.54129920 -7.07221588
v 56.00000000 -7.88451196 -7.78023760
v 56.00000000 -7.16700101 -8.42833869
v 56.00000000 -6.39450670 -9.01152535
v 56.00000000 -5.57329034 -9.52555611
v 56.00000000 -4.70994493 -9.96692809
v 56.00000000 -3.81122866 -10.33277997
v 56.00000000 -2.88396306 -10.62075242
v 56.00000000 -1.93501150 -10.82886212
v 56.00000000 -0.97132279 -10.95544038
v 56.00000000 -0.00000000 -10.99916476
v 56.00000000 0.97165425 -10.95917886
v 56.00000000 1.93615534 -10.83526335
v 56.00000000 2.88593167 -10.62800221
v 56.00000000 3.81348158 -10.33888796
v 56.00000000 4.71155217 -9.97032926
v 56.00000000 5.57329034 -9.52555611
v 56.00000000 6.39232535 -9.00845126
v 56.00000000 7.16276690 -8.42335941
v 56.00000000 7.87913361 -7.77493038
v 56.00000000 8.53625318 -7.06803777
v 56.00000000 9.12918671 -6.30778548
v 56.00000000 9.65322204 -5.49958238
v 56.00000000 10.10395624 -4.64924089
v 56.00000000 10.47745454 -3.76304747
v 56.00000000 10.77044363 -2.84776461
v 56.00000000 10.98048259 -1.91054927
v 56.00000000 11.10605887 -0.95880391
v 56.00000000 11.14658068 -0.00000000
v 56.00000000 11.10227028 0.95847684
v 56.00000000 10.97399556 1.90942056
v 56.00000000 10.76309668 2.84582203
v 56.00000000 10.47126469 3.76082435
v 56.00000000 10.10050950 4.64765490
v 56.00000000 9.65322204 5.49958238
v 56.00000000 9.13230200 6.30993798
v 56.00000000 8.54129920 7.07221588
v 56.00000000 7.88451196 7.78023760
v 56.00000000 7.16700101 8.42833869
v 56.00000000 6.39450670 9.01152535
v 56.00000000 5.57329034 9.52555611
v 56.00000000 4.70994493 9.96692809
v 56.00000000 3.81122866 10.33277997
v 56.00000000 2.88396306 10.62075242
v 56.00000000 1.93501150 10.82886212
v 56.00000000 0.97132279 10.95544038
v 58.00000000 0.00000000 10.99967653
v 58.00000000 -0.97189610 10.95966838
v 58.00000000 -1.93663463 10.83573258
v 58.00000000 -2.88664464 10.62845716
v 58.00000000 -3.81442560 10.33933569
v 58.00000000 -4.71272492 9.97077460
v 58.00000000 -5.57468796 9.52599931
v 58.00000000 -6.39394026 9.00888717
v 58.00000000 -7.16458621 8.42377849
v 58.00000000 -7.88113881 7.77532108
v 58.00000000 -8.53842135 7.06838942
v 58.00000000 -9.13149303 6.30809071
v 58.00000000 -9.65564278 5.49983827
v 58.00000000 -10.10647121 4.64944856
v 58.00000000 -10.48004820 3.76321043
v 58.00000000 -10.77310446 2.84788651
v 58.00000000 -10.98320078 1.91063201
v 58.00000000 -11.10882327 0.95884674
v 58.00000000 -11.14937591 0.00000000
v 58.00000000 -11.10507507 -0.95852322
v 58.00000000 -10.97678290 -1.90951556
v 58.00000000 -10.76583582 -2.84596504
v 58.00000000 -10.47392434 -3.76101145
v 58.00000000 -10.10306121 -4.64787979
v 58.00000000 -9.65564278 -5.49983827
v 58.00000000 -9.13457511 -6.31021982
v 58.00000000 -8.54341357 -7.07252215
v 58.00000000 -7.88645982 -7.78057065
v 58.00000000 -7.16877518 -8.42870368
v 58.00000000 -6.39609835 -9.01192786
v 58.00000000 -5.57468796 -9.52599931
v 58.00000000 -4.71113481 -9.96741039
v 58.00000000 -3.81219670 -10.33329405
v 58.00000000 -2.88469702 -10.62128612
v 58.00000000 -1.93550299 -10.82940088
v 58.00000000 -0.97156818 -10.95597050
v 58.00000000 -0.00000000 -10.99967653
v 58.00000000 0.97189610 -10.95966838
v 58.00000000 1.93663463 -10.83573258
v 58.00000000 2.88664464 -10.62845716
v 58.00000000 3.81442560 -10.33933569
v 58.00000000 4.71272492 -9.97077460
v 58.00000000 5.57468796 -9.52599931
v 58.00000000 6.39394026 -9.00888717
v 58.00000000 7.16458621 -8.42377849
v 58.00000000 7.88113881 -7.77532108
v 58.00000000 8.53842135 -7.06838942
v 58.00000000 9.13149303 -6.30809071
v 58.00000000 9.65564278 -5.49983827
v 58.00000000 10.10647121 -4.64944856
v 58.00000000 10.48004820 -3.76321043
v 58.00000000 10.77310446 -2.84788651
v 58.00000000 10.98320078 -1.91063201
v 58.00000000 11.10882327 -0.95884674
v 58.00000000 11.14937591 -0.00000000
v 58.00000000 11.10507507 0.95852322
v 58.00000000 10.97678290 1.90951556
v 58.00000000 10.76583582 2.84596504
v 58.00000000 10.47392434 3.76101145
v 58.00000000 10.10306121 4.64787979
v 58.00000000 9.65564278 5.49983827
v 58.00000000 9.13457511 6.31021982
v 58.00000000 8.54341357 7.07252215
v 58.00000000 7.88645982 7.78057065
v 58.00000000 7.16877518 8.42870368
v 58.00000000 6.39609835 9.01192786
v 58.00000000 5.57468796 9.52599931
v 58.00000000 4.71113481 9.96741039
v 58.00000000 3.81219670 10.33329405
v 58.00000000 2.88469702 10.62128612
v 58.00000000 1.93550299 10.82940088
v 58.00000000 0.97156818 10.95597050
v 60.00000000 0.00000000 10.99625709
v 60.00000000 -0.97210912 10.95639758
v 60.00000000 -1.93707672 10.83259733
v 60.00000000 -2.88731320 10.62541726
v 60.00000000 -3.81529634 10.33634406
v 60.00000000 -4.71375784 9.96779893
v 60.00000000 -5.57584047 9.52303798
v 60.00000000 -6.39518261 9.00597459
v 60.00000000 -7.16591304 8.42097839
v 60.00000000 -7.88257206 7.77271062
v 60.00000000 -8.54000261 7.06603986
v 60.00000000 -9.13326730 6.30605130
v 60.00000000 -9.65763899 5.49812854
v 60.00000000 -10.10868630 4.64806098
v 60.00000000 -10.48244054 3.76212157
v 60.00000000 -10.77559958 2.84707197
v 60.00000000 -10.98570797 1.91007918
v 60.00000000 -11.11125806 0.95856058
v 60.00000000 -11.15168094 0.00000000
v 60.00000000 -11.10723280 -0.95821333
v 60.00000000 -10.97881573 -1.90888083
v 60.00000000 -10.76779368 -2.84500954
v 60.00000000 -10.47586404 -3.75976128
v 60.00000000 -10.10502425 -4.64637713
v 60.00000000 -9.65763899 -5.49812854
v 60.00000000 -9.13657719 -6.30833661
v 60.00000000 -8.54536383 -7.07047576
v 60.00000000 -7.88828637 -7.77834529
v 60.00000000 -7.17041163 -8.42626488
v 60.00000000 -6.39750022 -9.00923835
v 60.00000000 -5.57584047 -9.52303798
v 60.00000000 -4.71205019 -9.96418792
v 60.00000000 -3.81290269 -10.32985922
v 60.00000000 -2.88522162 -10.61772016
v 60.00000000 -1.93586143 -10.82580114
v 60.00000000 -0.97175695 -10.95242843
v 60.00000000 -0.00000000 -10.99625709
v 60.00000000 0.97210912 -10.95639758
v 60.00000000 1.93707672 -10.83259733
v 60.00000000 2.88731320 -10.62541726
v 60.00000000 3.81529634 -10.33634406
v 60.00000000 4.71375784 -9.96779893
v 60.00000000 5.57584047 -9.52303798
v 60.00000000 6.39518261 -9.00597459
v 60.00000000 7.16591304 -8.42097839
v 60.00000000 7.88257206 -7.77271062
v 60.00000000 8.54000261 -7.06603986
v 60.00000000 9.13326730 -6.30605130
v 60.00000000 9.65763899 -5.49812854
v 60.00000000 10.10868630 -4.64806098
v 60.00000000 10.48244054 -3.76212157
v 60.00000000 10.77559958 -2.84707197
v 60.00000000 10.98570797 -1.91007918
v 60.00000000 11.11125806 -0.95856058
v 60.00000000 11.15168094 -0.00000000
v 60.00000000 11.10723280 0.95821333
v 60.00000000 10.97881573 1.90888083
v 60.00000000 10.76779368 2.84500954
v 60.00000000 10.47586404 3.75976128
v 60.00000000 10.10502425 4.64637713
v 60.00000000 9.65763899 5.49812854
v 60.00000000 9.13657719 6.30833661
v 60.00000000 8.54536383 7.07047576
v 60.00000000 7.88828637 7.77834529
v 60.00000000 7.17041163 8.42626488
v 60.00000000 6.39750022 9.00923835
v 60.00000000 5.57584047 9.52303798
v 60.00000000 4.71205019 9.96418792
v 60.00000000 3.81290269 10.32985922
v 60.00000000 2.88522162 10.61772016
v 60.00000000 1.93586143 10.82580114
v 60.00000000 0.97175695 10.95242843
v 62.00000000 0.00000000 10.99356714
v 62.00000000 -0.97243140 10.95382452
v 62.00000000 -1.93773279 10.83013085
v 62.00000000 -2.88829868 10.62302578
v 62.00000000 -3.81658855 10.33399057
v 62.00000000 -4.71532060 9.96545803
v 62.00000000 -5.57763450 9.52070842
v 62.00000000 -6.39717767 9.00368343
v 62.00000000 -7.16809719 8.41877574
v 62.00000000 -7.88495396 7.77065715
v 62.00000000 -8.54260558 7.06419162
v 62.00000000 -9.13611654 6.30444701
v 62.00000000 -9.66074634 5.49678357
v 62.00000000 -10.11203766 4.64696940
v 62.00000000 -10.48599087 3.76126497
v 62.00000000 -10.77927742 2.84643118
v 62.00000000 -10.98942875 1.90964427
v 62.00000000 -11.11494180 0.95833547
v 62.00000000 -11.15526899 0.00000000
v 62.00000000 -11.11069785 -0.95796955
v 62.00000000 -10.98216204 -1.90838153
v 62.00000000 -10.77104742 -2.84425792
v 62.00000000 -10.47905705 -3.75877785
v 62.00000000 -10.10817665 -4.64519507
v 62.00000000 -9.66074634 -5.49678357
v 62.00000000 -9.13960626 -6.30685512
v 62.00000000 -8.54825807 -7.06886587
v 62.00000000 -7.89097874 -7.77659460
v 62.00000000 -7.17284020 -8.42434630
v 62.00000000 -6.39962120 -9.00712257
v 62.00000000 -5.57763450 -9.52070842
v 62.00000000 -4.71352018 -9.96165298
v 62.00000000 -3.81406485 -10.32715727
v 62.00000000 -2.88609346 -10.61491508
v 62.00000000 -1.93645147 -10.82296947
v 62.00000000 -0.97206011 -10.94964209
v 62.00000000 -0.00000000 -10.99356714
v 62.00000000 0.97243140 -10.95382452
v 62.00000000 1.93773279 -10.83013085
v 62.00000000 2.88829868 -10.62302578
v 62.00000000 3.81658855 -10.33399057
v 62.00000000 4.71532060 -9.96545803
v 62.00000000 5.57763450 -9.52070842
v 62.00000000 6.39717767 -9.00368343
v 62.00000000 7.16809719 -8.41877574
v 62.00000000 7.88495396 -7.77065715
v 62.00000000 8.54260558 -7.06419162
v 62.00000000 9.13611654 -6.30444701
v 62.00000000 9.66074634 -5.49678357
v 62.00000000 10.11203766 -4.64696940
v 62.00000000 10.48599087 -3.76126497
v 62.00000000 10.77927742 -2.84643118
v 62.00000000 10.98942875 -1.90964427
v 62.00000000 11.11494180 -0.95833547
v 62.00000000 11.15526899 -0.00000000
v 62.00000000 11.11069785 0.95796955
v 62.00000000 10.98216204 1.90838153
v 62.00000000 10.77104742 2.84425792
v 62.00000000 10.47905705 3.75877785
v 62.00000000 10.10817665 4.64519507
v 62.00000000 9.66074634 5.49678357
v 62.00000000 9.13960626 6.30685512
v 62.00000000 8.54825807 7.06886587
v 62.00000000 7.89097874 7.77659460
v 62.00000000 7.17284020 8.42434630
v 62.00000000 6.39962120 9.00712257
v 62.00000000 5.57763450 9.52070842
v 62.00000000 4.71352018 9.96165298
v 62.00000000 3.81406485 10.32715727
v 62.00000000 2.88609346 10.61491508
v 62.00000000 1.93645147 10.82296947
v 62.00000000 0.97206011 10.94964209
v 64.00000000 0.00000000 10.98955367
v 64.00000000 -0.97296586 10.94998533
v 64.00000000 -1.93881848 10.82645062
v 64.00000000 -2.88992825 10.61945742
v 64.00000000 -3.81872694 10.33047894
v 64.00000000 -4.71791216 9.96196526
v 64.00000000 -5.58061856 9.51723265
v 64.00000000 -6.40050676 9.00026503
v 64.00000000 -7.17175080 8.41548945
v 64.00000000 -7.88894209 7.76759346
v 64.00000000 -8.54695978 7.06143409
v 64.00000000 -9.14087098 6.30205342
v 64.00000000 -9.66591488 5.49477684
v 64.00000000 -10.11759529 4.64534069
v 64.00000000 -10.49186605 3.75998684
v 64.00000000 -10.78535907 2.84547504
v 64.00000000 -10.99558600 1.90899535
v 64.00000000 -11.12105062 0.95799958
v 64.00000000 -11.16123712 0.00000000
v 64.00000000 -11.11647986 -0.95760584
v 64.00000000 -10.98775970 -1.90763659
v 64.00000000 -10.77649530 -2.84313653
v 64.00000000 -10.48439827 -3.75731060
v 64.00000000 -10.11343694 -4.64343145
v 64.00000000 -9.66591488 -5.49477684
v 64.00000000 -9.14462943 -6.30464464
v 64.00000000 -8.55304757 -7.06646378
v 64.00000000 -7.89543082 -7.77398238
v 64.00000000 -7.17685906 -8.42148359
v 64.00000000 -6.40313846 -9.00396567
v 64.00000000 -5.58061856 -9.51723265
v 64.00000000 -4.71597310 -9.95787088
v 64.00000000 -3.81600890 -10.32312604
v 64.00000000 -2.88755321 -10.61073000
v 64.00000000 -1.93743849 -10.81874470
v 64.00000000 -0.97256597 -10.94548487
v 64.00000000 -0.00000000 -10.98955367
v 64.00000000 0.97296586 -10.94998533
v 64.00000000 1.93881848 -10.82645062
v 64.00000000 2.88992825 -10.61945742
v 64.00000000 3.81872694 -10.33047894
v 64.00000000 4.71791216 -9.96196526
v 64.00000000 5.58061856 -9.51723265
v 64.00000000 6.40050676 -9.00026503
v 64.00000000 7.17175080 -8.41548945
v 64.00000000 7.88894209 -7.76759346
v 64.00000000 8.54695978 -7.06143409
v 64.00000000 9.14087098 -6.30205342
v 64.00000000 9.66591488 -5.49477684
v 64.00000000 10.11759529 -4.64534069
v 64.00000000 10.49186605 -3.75998684
v 64.00000000 10.78535907 -2.84547504
v 64.00000000 10.99558600 -1.90899535
v 64.00000000 11.12105062 -0.95799958
v 64.00000000 11.16123712 -0.00000000
v 64.00000000 11.11647986 0.95760584
v 64.00000000 10.98775970 1.90763659
v 64.00000000 10.77649530 2.84313653
v 64.00000000 10.48439827 3.75731060
v 64.00000000 10.11343694 4.64343145
v 64.00000000 9.66591488 5.49477684
v 64.00000000 9.14462943 6.30464464
v 64.00000000 8.55304757 7.06646378
v 64.00000000 7.89543082 7.77398238
v 64.00000000 7.17685906 8.42148359
v 64.00000000 6.40313846 9.00396567
v 64.00000000 5.58061856 9.51723265
v 64.00000000 4.71597310 9.95787088
v 64.00000000 3.81600890 10.32312604
v 64.00000000 2.88755321 10.61073000
v 64.00000000 1.93743849 10.81874470
v 64.00000000 0.97256597 10.94548487
v 66.00000000 0.00000000 10.98524747
v 66.00000000 -0.97304940 10.94586600
v 66.00000000 -1.93900718 10.82250174
v 66.00000000 -2.89022163 10.61562855
v 66.00000000 -3.81909860 10.32671097
v 66.00000000 -4.71831728 9.95821761
v 66.00000000 -5.58101038 9.51350338
v 66.00000000 -6.40085589 8.99659742
v 66.00000000 -7.17205974 8.41196365
v 66.00000000 -7.88924879 7.76430650
v 66.00000000 -8.54732796 7.05847559
v 66.00000000 -9.14136959 6.29948533
v 66.00000000 -9.66659353 5.49262374
v 66.00000000 -10.11846406 4.64359313
v 66.00000000 -10.49288717 3.75861541
v 66.00000000 -10.78645398 2.84444910
v 66.00000000 -10.99665614 1.90829906
v 66.00000000 -11.12200556 0.95763919
v 66.00000000 -11.16202076 0.00000000
v 66.00000000 -11.11708624 -0.95721562
v 66.00000000 -10.98823302 -1.90683735
v 66.00000000 -10.77691427 -2.84193342
v 66.00000000 -10.48484991 -3.75573642
v 66.00000000 -10.11398860 -4.64153925
v 66.00000000 -9.66659353 -5.49262374
v 66.00000000 -9.14541466 -6.30227286
v 66.00000000 -8.55387999 -7.06388633
v 66.00000000 -7.89623234 -7.77117946
v 66.00000000 -7.17755754 -8.41841191
v 66.00000000 -6.40368828 -9.00057843
v 66.00000000 -5.58101038 -9.51350338
v 66.00000000 -4.71623034 -9.95381304
v 66.00000000 -3.81617328 -10.31880100
v 66.00000000 -2.88766548 -10.60623993
v 66.00000000 -1.93752195 -10.81421201
v 66.00000000 -0.97261902 -10.94102458
v 66.00000000 -0.00000000 -10.98524747
v 66.00000000 0.97304940 -10.94586600
v 66.00000000 1.93900718 -10.82250174
v 66.00000000 2.89022163 -10.61562855
v 66.00000000 3.81909860 -10.32671097
v 66.00000000 4.71831728 -9.95821761
v 66.00000000 5.58101038 -9.51350338
v 66.00000000 6.40085589 -8.99659742
v 66.00000000 7.17205974 -8.41196365
v 66.00000000 7.88924879 -7.76430650
v 66.00000000 8.54732796 -7.05847559
v 66.00000000 9.14136959 -6.29948533
v 66.00000000 9.66659353 -5.49262374
v 66.00000000 10.11846406 -4.64359313
v 66.00000000 10.49288717 -3.75861541
v 66.00000000 10.78645398 -2.84444910
v 66.00000000 10.99665614 -1.90829906
v 66.00000000 11.12200556 -0.95763919
v 66.00000000 11.16202076 -0.00000000
v 66.00000000 11.11708624 0.95721562
v 66.00000000 10.98823302 1.90683735
v 66.00000000 10.77691427 2.84193342
v 66.00000000 10.48484991 3.75573642
v 66.00000000 10.11398860 4.64153925
v 66.00000000 9.66659353 5.49262374
v 66.00000000 9.14541466 6.30227286
v 66.00000000 8.55387999 7.06388633
v 66.00000000 7.89623234 7.77117946
v 66.00000000 7.17755754 8.41841191
v 66.00000000 6.40368828 9.00057843
v 66.00000000 5.58101038 9.51350338
v 66.00000000 4.71623034 9.95381304
v 66.00000000 3.81617328 10.31880100
v 66.00000000 2.88766548 10.60623993
v 66.00000000 1.93752195 10.81421201
v 66.00000000 0.97261902 10.94102458
v 68.00000000 0.00000000 10.97939321
v 68.00000000 -0.97386255 10.94026556
v 68.00000000 -1.94065777 10.81713289
v 68.00000000 -2.89269845 10.61042280
v 68.00000000 -3.82234964 10.32158807
v 68.00000000 -4.72226025 9.95312251
v 68.00000000 -5.58555539 9.50843343
v 68.00000000 -6.40593216 8.99161149
v 68.00000000 -7.17763569 8.40717062
v 68.00000000 -7.89533725 7.75983820
v 68.00000000 -8.55397312 7.05445376
v 68.00000000 -9.14861925 6.29599414
v 68.00000000 -9.67446573 5.48969660
v 68.00000000 -10.12691978 4.64121725
v 68.00000000 -10.50181934 3.75675083
v 68.00000000 -10.79569758 2.84305422
v 68.00000000 -11.00601715 1.90735238
v 68.00000000 -11.13129991 0.95714921
v 68.00000000 -11.17111079 0.00000000
v 68.00000000 -11.12590276 -0.95668513
v 68.00000000 -10.99677587 -1.90575086
v 68.00000000 -10.78523126 -2.84029791
v 68.00000000 -10.49300141 -3.75359645
v 68.00000000 -10.12200961 -4.63896690
v 68.00000000 -9.67446573 -5.48969660
v 68.00000000 -9.15305722 -6.29904831
v 68.00000000 -8.56116156 -7.06038206
v 68.00000000 -7.90299913 -7.76736858
v 68.00000000 -7.18366751 -8.41423569
v 68.00000000 -6.40903967 -8.99597329
v 68.00000000 -5.58555539 -9.50843343
v 68.00000000 -4.71997060 -9.94829661
v 68.00000000 -3.81914018 -10.31292148
v 68.00000000 -2.88989401 -10.60013611
v 68.00000000 -1.93902829 -10.80805021
v 68.00000000 -0.97339036 -10.93496104
v 68.00000000 -0.00000000 -10.97939321
v 68.00000000 0.97386255 -10.94026556
v 68.00000000 1.94065777 -10.81713289
v 68.00000000 2.89269845 -10.61042280
v 68.00000000 3.82234964 -10.32158807
v 68.00000000 4.72226025 -9.95312251
v 68.00000000 5.58555539 -9.50843343
v 68.00000000 6.40593216 -8.99161149
v 68.00000000 7.17763569 -8.40717062
v 68.00000000 7.89533725 -7.75983820
v 68.00000000 8.55397312 -7.05445376
v 68.00000000 9.14861925 -6.29599414
v 68.00000000 9.67446573 -5.48969660
v 68.00000000 10.12691978 -4.64121725
v 68.00000000 10.50181934 -3.75675083
v 68.00000000 10.79569758 -2.84305422
v 68.00000000 11.00601715 -1.90735238
v 68.00000000 11.13129991 -0.95714921
v 68.00000000 11.17111079 -0.00000000
v 68.00000000 11.12590276 0.95668513
v 68.00000000 10.99677587 1.90575086
v 68.00000000 10.78523126 2.84029791
v 68.00000000 10.49300141 3.75359645
v 68.00000000 10.12200961 4.63896690
v 68.00000000 9.67446573 5.48969660
v 68.00000000 9.15305722 6.29904831
v 68.00000000 8.56116156 7.06038206
v 68.00000000 7.90299913 7.76736858
v 68.00000000 7.18366751 8.41423569
v 68.00000000 6.40903967 8.99597329
v 68.00000000 5.58555539 9.50843343
v 68.00000000 4.71997060 9.94829661
v 68.00000000 3.81914018 10.31292148
v 68.00000000 2.88989401 10.60013611
v 68.00000000 1.93902829 10.80805021
v 68.00000000 0.97339036 10.93496104
v 70.00000000 0.00000000 10.97942877
v 70.00000000 -0.97250363 10.94029958
v 70.00000000 -1.93794960 10.81716551
v 70.00000000 -2.88866160 10.61045443
v 70.00000000 -3.81701558 10.32161920
v 70.00000000 -4.71567080 9.95315346
v 70.00000000 -5.57776203 9.50846423
v 70.00000000 -6.39699498 8.99164177
v 70.00000000 -7.16762255 8.40719973
v 70.00000000 -7.88432316 7.75986534
v 70.00000000 -8.54203993 7.05447820
v 70.00000000 -9.13585563 6.29601535
v 70.00000000 -9.66096723 5.48971439
v 70.00000000 -10.11278868 4.64123168
v 70.00000000 -10.48716411 3.75676216
v 70.00000000 -10.78063187 2.84306270
v 70.00000000 -10.99065832 1.90735813
v 70.00000000 -11.11576730 0.95715219
v 70.00000000 -11.15552406 0.00000000
v 70.00000000 -11.11038056 -0.95668835
v 70.00000000 -10.98143485 -1.90575746
v 70.00000000 -10.77018573 -2.84030784
v 70.00000000 -10.47836318 -3.75360945
v 70.00000000 -10.10788798 -4.63898252
v 70.00000000 -9.66096723 -5.48971439
v 70.00000000 -9.14028505 -6.29906790
v 70.00000000 -8.54921451 -7.06040335
v 70.00000000 -7.89197027 -7.76739173
v 70.00000000 -7.17364274 -8.41426106
v 70.00000000 -6.40009649 -8.99600127
v 70.00000000 -5.57776203 -9.50846423
v 70.00000000 -4.71338557 -9.94833012
v 70.00000000 -3.81381230 -10.31295720
v 70.00000000 -2.88586257 -10.60017319
v 70.00000000 -1.93632325 -10.80808764
v 70.00000000 -0.97203235 -10.93499787
v 70.00000000 -0.00000000 -10.97942877
v 70.00000000 0.97250363 -10.94029958
v 70.00000000 1.93794960 -10.81716551
v 70.00000000 2.88866160 -10.61045443
v 70.00000000 3.81701558 -10.32161920
v 70.00000000 4.71567080 -9.95315346
v 70.00000000 5.57776203 -9.50846423
v 70.00000000 6.39699498 -8.99164177
v 70.00000000 7.16762255 -8.40719973
v 70.00000000 7.88432316 -7.75986534
v 70.00000000 8.54203993 -7.05447820
v 70.00000000 9.13585563 -6.29601535
v 70.00000000 9.66096723 -5.48971439
v 70.00000000 10.11278868 -4.64123168
v 70.00000000 10.48716411 -3.75676216
v 70.00000000 10.78063187 -2.84306270
v 70.00000000 10.99065832 -1.90735813
v 70.00000000 11.11576730 -0.95715219
v 70.00000000 11.15552406 -0.00000000
v 70.00000000 11.11038056 0.95668835
v 70.00000000 10.98143485 1.90575746
v 70.00000000 10.77018573 2.84030784
v 70.00000000 10.47836318 3.75360945
v 70.00000000 10.10788798 4.63898252
v 70.00000000 9.66096723 5.48971439
v 70.00000000 9.14028505 6.29906790
v 70.00000000 8.54921451 7.06040335
v 70.00000000 7.89197027 7.76739173
v 70.00000000 7.17364274 8.41426106
v 70.00000000 6.40009649 8.99600127
v 70.00000000 5.57776203 9.50846423
v 70.00000000 4.71338557 9.94833012
v 70.00000000 3.81381230 10.31295720
v 70.00000000 2.88586257 10.60017319
v 70.00000000 1.93632325 10.80808764
v 70.00000000 0.97203235 10.93499787
v 72.00000000 0.00000000 10.98339861
v 72.00000000 -0.97409451 10.94409733
v 72.00000000 -1.94109931 10.82080623
v 72.00000000 -2.89334531 10.61398456
v 72.00000000 -3.82321931 10.32509313
v 72.00000000 -4.72338498 9.95660853
v 72.00000000 -5.58696711 9.51190222
v 72.00000000 -6.40764457 8.99502277
v 72.00000000 -7.17963099 8.41044991
v 72.00000000 -7.89756291 7.76289531
v 72.00000000 -8.55635102 7.05720541
v 72.00000000 -9.15106482 6.29838275
v 72.00000000 -9.67691089 5.49169931
v 72.00000000 -10.12933179 4.64284281
v 72.00000000 -10.50420871 3.75802657
v 72.00000000 -10.79811171 2.84400859
v 72.00000000 -11.00852124 1.90800009
v 72.00000000 -11.13395114 0.95748445
v 72.00000000 -11.17393421 0.00000000
v 72.00000000 -11.12887689 -0.95704808
v 72.00000000 -10.99983284 -1.90649422
v 72.00000000 -10.78827156 -2.84141689
v 72.00000000 -10.49591834 -3.75506057
v 72.00000000 -10.12471539 -4.64072685
v 72.00000000 -9.67691089 -5.49169931
v 72.00000000 -9.15523728 -6.30125452
v 72.00000000 -8.56310940 -7.06277966
v 72.00000000 -7.90476640 -7.76997597
v 72.00000000 -7.18530194 -8.41709304
v 72.00000000 -6.41056616 -8.99912408
v 72.00000000 -5.58696711 -9.51190222
v 72.00000000 -4.72123232 -9.95207085
v 72.00000000 -3.82020186 -10.31694412
v 72.00000000 -2.89070865 -10.60431220
v 72.00000000 -1.93956731 -10.81226598
v 72.00000000 -0.97365057 -10.93910960
v 72.00000000 -0.00000000 -10.98339861
v 72.00000000 0.97409451 -10.94409733
v 72.00000000 1.94109931 -10.82080623
v 72.00000000 2.89334531 -10.61398456
v 72.00000000 3.82321931 -10.32509313
v 72.00000000 4.72338498 -9.95660853
v 72.00000000 5.58696711 -9.51190222
v 72.00000000 6.40764457 -8.99502277
v 72.00000000 7.17963099 -8.41044991
v 72.00000000 7.89756291 -7.76289531
v 72.00000000 8.55635102 -7.05720541
v 72.00000000 9.15106482 -6.29838275
v 72.00000000 9.67691089 -5.49169931
v 72.00000000 10.12933179 -4.64284281
v 72.00000000 10.50420871 -3.75802657
v 72.00000000 10.79811171 -2.84400859
v 72.00000000 11.00852124 -1.90800009
v 72.00000000 11.13395114 -0.95748445
v 72.00000000 11.17393421 -0.00000000
v 72.00000000 11.12887689 0.95704808
v 72.00000000 10.99983284 1.90649422
v 72.00000000 10.78827156 2.84141689
v 72.00000000 10.49591834 3.75506057
v 72.00000000 10.12471539 4.64072685
v 72.00000000 9.67691089 5.49169931
v 72.00000000 9.15523728 6.30125452
v 72.00000000 8.56310940 7.06277966
v 72.00000000 7.90476640 7.76997597
v 72.00000000 7.18530194 8.41709304
v 72.00000000 6.41056616 8.99912408
v 72.00000000 5.58696711 9.51190222
v 72.00000000 4.72123232 9.95207085
v 72.00000000 3.82020186 10.31694412
v 72.00000000 2.89070865 10.60431220
v 72.00000000 1.93956731 10.81226598
v 72.00000000 0.97365057 10.93910960
v 74.00000000 0.00000000 10.98077436
v 74.00000000 -0.97271157 10.94158685
v 74.00000000 -1.93835703 10.81839956
v 74.00000000 -2.88926513 10.61165100
v 74.00000000 -3.81781807 10.32279672
v 74.00000000 -4.71667911 9.95432458
v 74.00000000 -5.57898196 9.50962955
v 74.00000000 -6.39842540 8.99278776
v 74.00000000 -7.16925099 8.40830137
v 74.00000000 -7.88612478 7.76089234
v 74.00000000 -8.54398062 7.05540258
v 74.00000000 -9.13789849 6.29681778
v 74.00000000 -9.66308021 5.49038718
v 74.00000000 -10.11495099 4.64177778
v 74.00000000 -10.48936893 3.75719074
v 74.00000000 -10.78288426 2.84338332
v 74.00000000 -10.99296899 1.90757573
v 74.00000000 -11.11814407 0.95726481
v 74.00000000 -11.15796392 0.00000000
v 74.00000000 -11.11286493 -0.95681028
v 74.00000000 -10.98392976 -1.90600718
v 74.00000000 -10.77264678 -2.84068375
v 74.00000000 -10.48074379 -3.75410130
v 74.00000000 -10.11014819 -4.63957376
v 74.00000000 -9.66308021 -5.49038718
v 74.00000000 -9.14223943 -6.29980907
v 74.00000000 -8.55101189 -7.06120882
v 74.00000000 -7.89361913 -7.76826768
v 74.00000000 -7.17515093 -8.41522098
v 74.00000000 -6.40146496 -8.99705977
v 74.00000000 -5.57898196 -9.50962955
v 74.00000000 -4.71443952 -9.94959804
v 74.00000000 -3.81467877 -10.31430855
v 74.00000000 -2.88652201 -10.60157609
v 74.00000000 -1.93676317 -10.80950388
v 74.00000000 -0.97224970 -10.93639154
v 74.00000000 -0.00000000 -10.98077436
v 74.00000000 0.97271157 -10.94158685
v 74.00000000 1.93835703 -10.81839956
v 74.00000000 2.88926513 -10.61165100
v 74.00000000 3.81781807 -10.32279672
v 74.00000000 4.71667911 -9.95432458
v 74.00000000 5.57898196 -9.50962955
v 74.00000000 6.39842540 -8.99278776
v 74.00000000 7.16925099 -8.40830137
v 74.00000000 7.88612478 -7.76089234
v 74.00000000 8.54398062 -7.05540258
v 74.00000000 9.13789849 -6.29681778
v 74.00000000 9.66308021 -5.49038718
v 74.00000000 10.11495099 -4.64177778
v 74.00000000 10.48936893 -3.75719074
v 74.00000000 10.78288426 -2.84338332
v 74.00000000 10.99296899 -1.90757573
v 74.00000000 11.11814407 -0.95726481
v 74.00000000 11.15796392 -0.00000000
v 74.00000000 11.11286493 0.95681028
v 74.00000000 10.98392976 1.90600718
v 74.00000000 10.77264678 2.84068375
v 74.00000000 10.48074379 3.75410130
v 74.00000000 10.11014819 4.63957376
v 74.00000000 9.66308021 5.49038718
v 74.00000000 9.14223943 6.29980907
v 74.00000000 8.55101189 7.06120882
v 74.00000000 7.89361913 7.76826768
v 74.00000000 7.17515093 8.41522098
v 74.00000000 6.40146496 8.99705977
v 74.00000000 5.57898196 9.50962955
v 74.00000000 4.71443952 9.94959804
v 74.00000000 3.81467877 10.31430855
v 74.00000000 2.88652201 10.60157609
v 74.00000000 1.93676317 10.80950388
v 74.00000000 0.97224970 10.93639154
v 76.00000000 0.00000000 10.97748588
v 76.00000000 -0.97384947 10.93844088
v 76.00000000 -1.94064155 10.81538362
v 76.00000000 -2.89267963 10.60872666
v 76.00000000 -3.82231769 10.31991894
v 76.00000000 -4.72219680 9.95146246
v 76.00000000 -5.58544162 9.50678164
v 76.00000000 -6.40575724 8.98998710
v 76.00000000 -7.17740323 8.40560911
v 76.00000000 -7.89506686 7.75838249
v 76.00000000 -8.55369609 7.05314351
v 76.00000000 -9.14836944 6.29485674
v 76.00000000 -9.67426867 5.48874294
v 76.00000000 -10.12678372 4.64044316
v 76.00000000 -10.50173153 3.75614331
v 76.00000000 -10.79562736 2.84259974
v 76.00000000 -11.00592513 1.90704394
v 76.00000000 -11.13115036 0.95698957
v 76.00000000 -11.17088324 0.00000000
v 76.00000000 -11.12559896 -0.95651230
v 76.00000000 -10.99641972 -1.90539690
v 76.00000000 -10.78486190 -2.83976508
v 76.00000000 -10.49266157 -3.75289927
v 76.00000000 -10.12173322 -4.63812884
v 76.00000000 -9.67426867 -5.48874294
v 76.00000000 -9.15293425 -6.29799772
v 76.00000000 -8.56108998 -7.05924031
v 76.00000000 -7.90294772 -7.76612692
v 76.00000000 -7.18360745 -8.41287500
v 76.00000000 -6.40895356 -8.99447289
v 76.00000000 -5.58544162 -9.50678164
v 76.00000000 -4.71984172 -9.94649940
v 76.00000000 -3.81901649 -10.31100601
v 76.00000000 -2.88979504 -10.59814758
v 76.00000000 -1.93896549 -10.80604278
v 76.00000000 -0.97336378 -10.93298558
v 76.00000000 -0.00000000 -10.97748588
v 76.00000000 0.97384947 -10.93844088
v 76.00000000 1.94064155 -10.81538362
v 76.00000000 2.89267963 -10.60872666
v 76.00000000 3.82231769 -10.31991894
v 76.00000000 4.72219680 -9.95146246
v 76.00000000 5.58544162 -9.50678164
v 76.00000000 6.40575724 -8.98998710
v 76.00000000 7.17740323 -8.40560911
v 76.00000000 7.89506686 -7.75838249
v 76.00000000 8.55369609 -7.05314351
v 76.00000000 9.14836944 -6.29485674
v 76.00000000 9.67426867 -5.48874294
v 76.00000000 10.12678372 -4.64044316
v 76.00000000 10.50173153 -3.75614331
v 76.00000000 10.79562736 -2.84259974
v 76.00000000 11.00592513 -1.90704394
v 76.00000000 11.13115036 -0.95698957
v 76.00000000 11.17088324 -0.00000000
v 76.00000000 11.12559896 0.95651230
v 76.00000000 10.99641972 1.90539690
v 76.00000000 10.78486190 2.83976508
v 76.00000000 10.49266157 3.75289927
v 76.00000000 10.12173322 4.63812884
v 76.00000000 9.67426867 5.48874294
v 76.00000000 9.15293425 6.29799772
v 76.00000000 8.56108998 7.05924031
v 76.00000000 7.90294772 7.76612692
v 76.00000000 7.18360745 8.41287500
v 76.00000000 6.40895356 8.99447289
v 76.00000000 5.58544162 9.50678164
v 76.00000000 4.71984172 9.94649940
v 76.00000000 3.81901649 10.31100601
v 76.00000000 2.88979504 10.59814758
v 76.00000000 1.93896549 10.80604278
v 76.00000000 0.97336378 10.93298558
v 78.00000000 0.00000000 10.97686631
v 78.00000000 -0.97477922 10.93784815
v 78.00000000 -1.94249751 10.81481539
v 78.00000000 -2.89544784 10.60817568
v 78.00000000 -3.82597322 10.31937674
v 78.00000000 -4.72670516 9.95092322
v 78.00000000 -5.59076154 9.50624508
v 78.00000000 -6.41184403 8.98945946
v 78.00000000 -7.18421138 8.40510189
v 78.00000000 -7.90255098 7.75790964
v 78.00000000 -8.56180973 7.05271790
v 78.00000000 -9.15706227 6.29448728
v 78.00000000 -9.68348304 5.48843316
v 78.00000000 -10.13645192 4.64019170
v 78.00000000 -10.51177502 3.75594597
v 78.00000000 -10.80595844 2.84245211
v 78.00000000 -11.01645082 1.90694375
v 78.00000000 -11.14177745 0.95693772
v 78.00000000 -11.18152308 0.00000000
v 78.00000000 -11.13617056 -0.95645616
v 78.00000000 -11.00685042 -1.90528192
v 78.00000000 -10.79508540 -2.83959201
v 78.00000000 -10.50261443 -3.75267281
v 78.00000000 -10.13135095 -4.63785662
v 78.00000000 -9.68348304 -5.48843316
v 78.00000000 -9.16167270 -6.29765645
v 78.00000000 -8.56927751 -7.05886942
v 78.00000000 -7.91051060 -7.76572357
v 78.00000000 -7.19047760 -8.41243299
v 78.00000000 -6.41507229 -8.99398551
v 78.00000000 -5.59076154 -9.50624508
v 78.00000000 -4.72432653 -9.94591561
v 78.00000000 -3.82263903 -10.31038381
v 78.00000000 -2.89253441 -10.59750165
v 78.00000000 -1.94080470 -10.80539071
v 78.00000000 -0.97428868 -10.93234389
v 78.00000000 -0.00000000 -10.97686631
v 78.00000000 0.97477922 -10.93784815
v 78.00000000 1.94249751 -10.81481539
v 78.00000000 2.89544784 -10.60817568
v 78.00000000 3.82597322 -10.31937674
v 78.00000000 4.72670516 -9.95092322
v 78.00000000 5.59076154 -9.50624508
v 78.00000000 6.41184403 -8.98945946
v 78.00000000 7.18421138 -8.40510189
v 78.00000000 7.90255098 -7.75790964
v 78.00000000 8.56180973 -7.05271790
v 78.00000000 9.15706227 -6.29448728
v 78.00000000 9.68348304 -5.48843316
v 78.00000000 10.13645192 -4.64019170
v 78.00000000 10.51177502 -3.75594597
v 78.00000000 10.80595844 -2.84245211
v 78.00000000 11.01645082 -1.90694375
v 78.00000000 11.14177745 -0.95693772
v 78.00000000 11.18152308 -0.00000000
v 78.00000000 11.13617056 0.95645616
v 78.00000000 11.00685042 1.90528192
v 78.00000000 10.79508540 2.83959201
v 78.00000000 10.50261443 3.75267281
v 78.00000000 10.13135095 4.63785662
v 78.00000000 9.68348304 5.48843316
v 78.00000000 9.16167270 6.29765645
v 78.00000000 8.56927751 7.05886942
v 78.00000000 7.91051060 7.76572357
v 78.00000000 7.19047760 8.41243299
v 78.00000000 6.41507229 8.99398551
v 78.00000000 5.59076154 9.50624508
v 78.00000000 4.72432653 9.94591561
v 78.00000000 3.82263903 10.31038381
v 78.00000000 2.89253441 10.59750165
v 78.00000000 1.94080470 10.80539071
v 78.00000000 0.97428868 10.93234389
v 80.00000000 0.00000000 10.97561414
v 80.00000000 -0.97338630 10.93665021
v 80.00000000 -1.93972823 10.81366695
v 80.00000000 -2.89132353 10.60706211
v 80.00000000 -3.82051880 10.31828091
v 80.00000000 -4.71995091 9.94983337
v 80.00000000 -5.58274718 9.50516066
v 80.00000000 -6.40262349 8.98839305
v 80.00000000 -7.17385621 8.40407678
v 80.00000000 -7.89115078 7.75695399
v 80.00000000 -8.54946891 7.05185772
v 80.00000000 -9.14389398 6.29374057
v 80.00000000 -9.66960177 5.48780707
v 80.00000000 -10.12196740 4.63968350
v 80.00000000 -10.49678914 3.75554712
v 80.00000000 -10.79056631 2.84215373
v 80.00000000 -11.00074546 1.90674124
v 80.00000000 -11.12585636 0.95683291
v 80.00000000 -11.16549436 0.00000000
v 80.00000000 -11.12015622 -0.95634269
v 80.00000000 -10.99098538 -1.90504954
v 80.00000000 -10.77951243 -2.83924221
v 80.00000000 -10.48747618 -3.75221512
v 80.00000000 -10.11678158 -4.63730644
v 80.00000000 -9.66960177 -5.48780707
v 80.00000000 -9.14858109 -6.29696671
v 80.00000000 -8.55706091 -7.05811983
v 80.00000000 -7.89924278 -7.76490838
v 80.00000000 -7.18022665 -8.41153966
v 80.00000000 -6.40590545 -8.99300046
v 80.00000000 -5.58274718 -9.50516066
v 80.00000000 -4.71753273 -9.94473575
v 80.00000000 -3.81712916 -10.30912632
v 80.00000000 -2.88836165 -10.59619620
v 80.00000000 -1.93800727 -10.80407285
v 80.00000000 -0.97288761 -10.93104701
v 80.00000000 -0.00000000 -10.97561414
v 80.00000000 0.97338630 -10.93665021
v 80.00000000 1.93972823 -10.81366695
v 80.00000000 2.89132353 -10.60706211
v 80.00000000 3.82051880 -10.31828091
v 80.00000000 4.71995091 -9.94983337
v 80.00000000 5.58274718 -9.50516066
v 80.00000000 6.40262349 -8.98839305
v 80.00000000 7.17385621 -8.40407678
v 80.00000000 7.89115078 -7.75695399
v 80.00000000 8.54946891 -7.05185772
v 80.00000000 9.14389398 -6.29374057
v 80.00000000 9.66960177 -5.48780707
v 80.00000000 10.12196740 -4.63968350
v 80.00000000 10.49678914 -3.75554712
v 80.00000000 10.79056631 -2.84215373
v 80.00000000 11.00074546 -1.90674124
v 80.00000000 11.12585636 -0.95683291
v 80.00000000 11.16549436 -0.00000000
v 80.00000000 11.12015622 0.95634269
v 80.00000000 10.99098538 1.90504954
v 80.00000000 10.77951243 2.83924221
v 80.00000000 10.48747618 3.75221512
v 80.00000000 10.11678158 4.63730644
v 80.00000000 9.66960177 5.48780707
v 80.00000000 9.14858109 6.29696671
v 80.00000000 8.55706091 7.05811983
v 80.00000000 7.89924278 7.76490838
v 80.00000000 7.18022665 8.41153966
v 80.00000000 6.40590545 8.99300046
v 80.00000000 5.58274718 9.50516066
v 80.00000000 4.71753273 9.94473575
v 80.00000000 3.81712916 10.30912632
v 80.00000000 2.88836165 10.59619620
v 80.00000000 1.93800727 10.80407285
v 80.00000000 0.97288761 10.93104701
v 82.00000000 0.00000000 10.97380318
v 82.00000000 -0.97544117 10.93491768
v 82.00000000 -1.94383246 10.81200598
v 82.00000000 -2.89744633 10.60545157
v 82.00000000 -3.82860256 10.31669603
v 82.00000000 -4.72991497 9.94825716
v 82.00000000 -5.59449582 9.50359233
v 82.00000000 -6.41605526 8.98685079
v 82.00000000 -7.18887123 8.40259423
v 82.00000000 -7.90765314 7.75557190
v 82.00000000 -8.56736312 7.05061372
v 82.00000000 -9.16307652 6.29266067
v 82.00000000 -9.68995100 5.48690159
v 82.00000000 -10.14333539 4.63894850
v 82.00000000 -10.51899908 3.75497027
v 82.00000000 -10.81341691 2.84172218
v 82.00000000 -11.02402171 1.90644837
v 82.00000000 -11.14934362 0.95668133
v 82.00000000 -11.18899164 0.00000000
v 82.00000000 -11.14348468 -0.95617860
v 82.00000000 -11.01398972 -1.90471348
v 82.00000000 -10.80205507 -2.83873634
v 82.00000000 -10.50942667 -3.75155320
v 82.00000000 -10.13800511 -4.63651075
v 82.00000000 -9.68995100 -5.48690159
v 82.00000000 -9.16789422 -6.29596918
v 82.00000000 -8.57516662 -7.05703571
v 82.00000000 -7.91597058 -7.76372939
v 82.00000000 -7.19541915 -8.41024766
v 82.00000000 -6.41942864 -8.99157583
v 82.00000000 -5.59449582 -9.50359233
v 82.00000000 -4.72742942 -9.94302939
v 82.00000000 -3.82511849 -10.30730771
v 82.00000000 -2.89440193 -10.59430824
v 82.00000000 -1.94206355 -10.80216693
v 82.00000000 -0.97492858 -10.92917142
v 82.00000000 -0.00000000 -10.97380318
v 82.00000000 0.97544117 -10.93491768
v 82.00000000 1.94383246 -10.81200598
v 82.00000000 2.89744633 -10.60545157
v 82.00000000 3.82860256 -10.31669603
v 82.00000000 4.72991497 -9.94825716
v 82.00000000 5.59449582 -9.50359233
v 82.00000000 6.41605526 -8.98685079
v 82.00000000 7.18887123 -8.40259423
v 82.00000000 7.90765314 -7.75557190
v 82.00000000 8.56736312 -7.05061372
v 82.00000000 9.16307652 -6.29266067
v 82.00000000 9.68995100 -5.48690159
v 82.00000000 10.14333539 -4.63894850
v 82.00000000 10.51899908 -3.75497027
v 82.00000000 10.81341691 -2.84172218
v 82.00000000 11.02402171 -1.90644837
v 82.00000000 11.14934362 -0.95668133
v 82.00000000 11.18899164 -0.00000000
v 82.00000000 11.14348468 0.95617860
v 82.00000000 11.01398972 1.90471348
v 82.00000000 10.80205507 2.83873634
v 82.00000000 10.50942667 3.75155320
v 82.00000000 10.13800511 4.63651075
v 82.00000000 9.68995100 5.48690159
v 82.00000000 9.16789422 6.29596918
v 82.00000000 8.57516662 7.05703571
v 82.00000000 7.91597058 7.76372939
v 82.00000000 7.19541915 8.41024766
v 82.00000000 6.41942864 8.99157583
v 82.00000000 5.59449582 9.50359233
v 82.00000000 4.72742942 9.94302939
v 82.00000000 3.82511849 10.30730771
v 82.00000000 2.89440193 10.59430824
v 82.00000000 1.94206355 10.80216693
v 82.00000000 0.97492858 10.92917142
v 84.00000000 0.00000000 10.97260290
v 84.00000000 -0.97274176 10.93376936
v 84.00000000 -1.93845935 10.81090508
v 84.00000000 -2.88944062 10.60438409
v 84.00000000 -3.81801958 10.31564556
v 84.00000000 -4.71682554 9.94721246
v 84.00000000 -5.57898943 9.50255285
v 84.00000000 -6.39824379 8.98582860
v 84.00000000 -7.16889145 8.40161164
v 84.00000000 -7.88566644 7.75465589
v 84.00000000 -8.54355214 7.04978923
v 84.00000000 -9.13763912 6.29194492
v 84.00000000 -9.66309314 5.48630145
v 84.00000000 -10.11526502 4.63846135
v 84.00000000 -10.48992259 3.75458793
v 84.00000000 -10.78353920 2.84143615
v 84.00000000 -10.99354924 1.90625425
v 84.00000000 -11.11848924 0.95658087
v 84.00000000 -11.15797885 0.00000000
v 84.00000000 -11.11254951 -0.95606984
v 84.00000000 -10.98337892 -1.90449074
v 84.00000000 -10.77202068 -2.83840105
v 84.00000000 -10.48021818 -3.75111450
v 84.00000000 -10.10986123 -4.63598338
v 84.00000000 -9.66309314 -5.48630145
v 84.00000000 -9.14252325 -6.29530801
v 84.00000000 -8.55146325 -7.05631715
v 84.00000000 -7.89409858 -7.76294794
v 84.00000000 -7.17552966 -8.40939131
v 84.00000000 -6.40166370 -8.99063159
v 84.00000000 -5.57898943 -9.50255285
v 84.00000000 -4.71430571 -9.94189844
v 84.00000000 -3.81448747 -10.30610238
v 84.00000000 -2.88635424 -10.59305695
v 84.00000000 -1.93666604 -10.80090373
v 84.00000000 -0.97222210 -10.92792830
v 84.00000000 -0.00000000 -10.97260290
v 84.00000000 0.97274176 -10.93376936
v 84.00000000 1.93845935 -10.81090508
v 84.00000000 2.88944062 -10.60438409
v 84.00000000 3.81801958 -10.31564556
v 84.00000000 4.71682554 -9.94721246
v 84.00000000 5.57898943 -9.50255285
v 84.00000000 6.39824379 -8.98582860
v 84.00000000 7.16889145 -8.40161164
v 84.00000000 7.88566644 -7.75465589
v 84.00000000 8.54355214 -7.04978923
v 84.00000000 9.13763912 -6.29194492
v 84.00000000 9.66309314 -5.48630145
v 84.00000000 10.11526502 -4.63846135
v 84.00000000 10.48992259 -3.75458793
v 84.00000000 10.78353920 -2.84143615
v 84.00000000 10.99354924 -1.90625425
v 84.00000000 11.11848924 -0.95658087
v 84.00000000 11.15797885 -0.00000000
v 84.00000000 11.11254951 0.95606984
v 84.00000000 10.98337892 1.90449074
v 84.00000000 10.77202068 2.83840105
v 84.00000000 10.48021818 3.75111450
v 84.00000000 10.10986123 4.63598338
v 84.00000000 9.66309314 5.48630145
v 84.00000000 9.14252325 6.29530801
v 84.00000000 8.55146325 7.05631715
v 84.00000000 7.89409858 7.76294794
v 84.00000000 7.17552966 8.40939131
v 84.00000000 6.40166370 8.99063159
v 84.00000000 5.57898943 9.50255285
v 84.00000000 4.71430571 9.94189844
v 84.00000000 3.81448747 10.30610238
v 84.00000000 2.88635424 10.59305695
v 84.00000000 1.93666604 10.80090373
v 84.00000000 0.97222210 10.92792830
v 86.00000000 0.00000000 10.96785391
v 86.00000000 -0.97234549 10.92922586
v 86.00000000 -1.93769413 10.80654915
v 86.00000000 -2.88831335 10.60016037
v 86.00000000 -3.81651240 10.31148918
v 86.00000000 -4.71490399 9.94307892
v 86.00000000 -5.57662037 9.49844011
v 86.00000000 -6.39541638 8.98178434
v 86.00000000 -7.16563283 8.39772408
v 86.00000000 -7.88204549 7.75103178
v 86.00000000 -8.53966866 7.04652718
v 86.00000000 -9.13360115 6.28911310
v 86.00000000 -9.65898982 5.48392695
v 86.00000000 -10.11114424 4.63653384
v 86.00000000 -10.48578165 3.75307513
v 86.00000000 -10.77933218 2.84030441
v 86.00000000 -10.98920949 1.90548618
v 86.00000000 -11.11395977 0.95618336
v 86.00000000 -11.15324074 0.00000000
v 86.00000000 -11.10763881 -0.95563954
v 86.00000000 -10.97838641 -1.90360950
v 86.00000000 -10.76707438 -2.83707454
v 86.00000000 -10.47545439 -3.74937880
v 86.00000000 -10.10539363 -4.63389686
v 86.00000000 -9.65898982 -5.48392695
v 86.00000000 -9.13879875 -6.29269201
v 86.00000000 -8.54808752 -7.05347402
v 86.00000000 -7.89101882 -7.75985596
v 86.00000000 -7.17269709 -8.40600300
v 86.00000000 -6.39905578 -8.98689555
v 86.00000000 -5.57662037 -9.49844011
v 86.00000000 -4.71222244 -9.93742389
v 86.00000000 -3.81275359 -10.30133358
v 86.00000000 -2.88502888 -10.58810632
v 86.00000000 -1.93578573 -10.79590597
v 86.00000000 -0.97179247 -10.92300997
v 86.00000000 -0.00000000 -10.96785391
v 86.00000000 0.97234549 -10.92922586
v 86.00000000 1.93769413 -10.80654915
v 86.00000000 2.88831335 -10.60016037
v 86.00000000 3.81651240 -10.31148918
v 86.00000000 4.71490399 -9.94307892
v 86.00000000 5.57662037 -9.49844011
v 86.00000000 6.39541638 -8.98178434
v 86.00000000 7.16563283 -8.39772408
v 86.00000000 7.88204549 -7.75103178
v 86.00000000 8.53966866 -7.04652718
v 86.00000000 9.13360115 -6.28911310
v 86.00000000 9.65898982 -5.48392695
v 86.00000000 10.11114424 -4.63653384
v 86.00000000 10.48578165 -3.75307513
v 86.00000000 10.77933218 -2.84030441
v 86.00000000 10.98920949 -1.90548618
v 86.00000000 11.11395977 -0.95618336
v 86.00000000 11.15324074 -0.00000000
v 86.00000000 11.10763881 0.95563954
v 86.00000000 10.97838641 1.90360950
v 86.00000000 10.76707438 2.83707454
v 86.00000000 10.47545439 3.74937880
v 86.00000000 10.10539363 4.63389686
v 86.00000000 9.65898982 5.48392695
v 86.00000000 9.13879875 6.29269201
v 86.00000000 8.54808752 7.05347402
v 86.00000000 7.89101882 7.75985596
v 86.00000000 7.17269709 8.40600300
v 86.00000000 6.39905578 8.98689555
v 86.00000000 5.57662037 9.49844011
v 86.00000000 4.71222244 9.93742389
v 86.00000000 3.81275359 10.30133358
v 86.00000000 2.88502888 10.58810632
v 86.00000000 1.93578573 10.79590597
v 86.00000000 0.97179247 10.92300997
v 88.00000000 0.00000000 10.96749108
v 88.00000000 -0.97444194 10.92887872
v 88.00000000 -1.94187382 10.80621634
v 88.00000000 -2.89454459 10.59983766
v 88.00000000 -3.82474479 10.31117162
v 88.00000000 -4.72506969 9.94276310
v 88.00000000 -5.58863662 9.49812589
v 88.00000000 -6.40918848 8.98147536
v 88.00000000 -7.18105659 8.39742707
v 88.00000000 -7.89900852 7.75075491
v 88.00000000 -8.55804999 7.04627796
v 88.00000000 -9.15326975 6.28889675
v 88.00000000 -9.67980257 5.48374554
v 88.00000000 -10.13294465 4.63638658
v 88.00000000 -10.50839995 3.75295955
v 88.00000000 -10.80258749 2.84021794
v 88.00000000 -11.01291370 1.90542750
v 88.00000000 -11.13792232 0.95615299
v 88.00000000 -11.17727324 0.00000000
v 88.00000000 -11.13155837 -0.95560667
v 88.00000000 -11.00201700 -1.90354218
v 88.00000000 -10.79024630 -2.83697319
v 88.00000000 -10.49800243 -3.74924619
v 88.00000000 -10.12715491 -4.63373745
v 88.00000000 -9.67980257 -5.48374554
v 88.00000000 -9.15850271 -6.29249214
v 88.00000000 -8.56652612 -7.05325679
v 88.00000000 -7.90804289 -7.75961972
v 88.00000000 -7.18816891 -8.40574412
v 88.00000000 -6.41285264 -8.98661011
v 88.00000000 -5.58863662 -9.49812589
v 88.00000000 -4.72236989 -9.93708203
v 88.00000000 -3.82096040 -10.30096925
v 88.00000000 -2.89123778 -10.58772810
v 88.00000000 -1.93995244 -10.79552415
v 88.00000000 -0.97388516 -10.92263420
v 88.00000000 -0.00000000 -10.96749108
v 88.00000000 0.97444194 -10.92887872
v 88.00000000 1.94187382 -10.80621634
v 88.00000000 2.89454459 -10.59983766
v 88.00000000 3.82474479 -10.31117162
v 88.00000000 4.72506969 -9.94276310
v 88.00000000 5.58863662 -9.49812589
v 88.00000000 6.40918848 -8.98147536
v 88.00000000 7.18105659 -8.39742707
v 88.00000000 7.89900852 -7.75075491
v 88.00000000 8.55804999 -7.04627796
v 88.00000000 9.15326975 -6.28889675
v 88.00000000 9.67980257 -5.48374554
v 88.00000000 10.13294465 -4.63638658
v 88.00000000 10.50839995 -3.75295955
v 88.00000000 10.80258749 -2.84021794
v 88.00000000 11.01291370 -1.90542750
v 88.00000000 11.13792232 -0.95615299
v 88.00000000 11.17727324 -0.00000000
v 88.00000000 11.13155837 0.95560667
v 88.00000000 11.00201700 1.90354218
v 88.00000000 10.79024630 2.83697319
v 88.00000000 10.49800243 3.74924619
v 88.00000000 10.12715491 4.63373745
v 88.00000000 9.67980257 5.48374554
v 88.00000000 9.15850271 6.29249214
v 88.00000000 8.56652612 7.05325679
v 88.00000000 7.90804289 7.75961972
v 88.00000000 7.18816891 8.40574412
v 88.00000000 6.41285264 8.98661011
v 88.00000000 5.58863662 9.49812589
v 88.00000000 4.72236989 9.93708203
v 88.00000000 3.82096040 10.30096925
v 88.00000000 2.89123778 10.58772810
v 88.00000000 1.93995244 10.79552415
v 88.00000000 0.97388516 10.92263420
v 90.00000000 0.00000000 10.96759795
v 90.00000000 -0.97295174 10.92898097
v 90.00000000 -1.93890359 10.80631437
v 90.00000000 -2.89011688 10.59993271
v 90.00000000 -3.81889457 10.31126516
v 90.00000000 -4.71784370 9.94285613
v 90.00000000 -5.58009216 9.49821844
v 90.00000000 -6.39939196 8.98156637
v 90.00000000 -7.17008231 8.39751455
v 90.00000000 -7.88693787 7.75083646
v 90.00000000 -8.54497136 7.04635136
v 90.00000000 -9.13927888 6.28896048
v 90.00000000 -9.66500314 5.48379897
v 90.00000000 -10.11744847 4.63642996
v 90.00000000 -10.49232661 3.75299359
v 90.00000000 -10.78606305 2.84024341
v 90.00000000 -10.99606868 1.90544478
v 90.00000000 -11.12088925 0.95616194
v 90.00000000 -11.16018433 0.00000000
v 90.00000000 -11.11454366 -0.95561635
v 90.00000000 -10.98520343 -1.90356201
v 90.00000000 -10.77375749 -2.83700305
v 90.00000000 -10.48195911 -3.74928525
v 90.00000000 -10.11167545 -4.63378440
v 90.00000000 -9.66500314 -5.48379897
v 90.00000000 -9.14449674 -6.29255101
v 90.00000000 -8.55342302 -7.05332077
v 90.00000000 -7.89594617 -7.75968930
v 90.00000000 -7.17717410 -8.40582037
v 90.00000000 -6.40304555 -8.98669419
v 90.00000000 -5.58009216 -9.49821844
v 90.00000000 -4.71515170 -9.93718272
v 90.00000000 -3.81512111 -10.30107656
v 90.00000000 -2.88681962 -10.58783951
v 90.00000000 -1.93698775 -10.79563661
v 90.00000000 -0.97239657 -10.92274488
v 90.00000000 -0.00000000 -10.96759795
v 90.00000000 0.97295174 -10.92898097
v 90.00000000 1.93890359 -10.80631437
v 90.00000000 2.89011688 -10.59993271
v 90.00000000 3.81889457 -10.31126516
v 90.00000000 4.71784370 -9.94285613
v 90.00000000 5.58009216 -9.49821844
v 90.00000000 6.39939196 -8.98156637
v 90.00000000 7.17008231 -8.39751455
v 90.00000000 7.88693787 -7.75083646
v 90.00000000 8.54497136 -7.04635136
v 90.00000000 9.13927888 -6.28896048
v 90.00000000 9.66500314 -5.48379897
v 90.00000000 10.11744847 -4.63642996
v 90.00000000 10.49232661 -3.75299359
v 90.00000000 10.78606305 -2.84024341
v 90.00000000 10.99606868 -1.90544478
v 90.00000000 11.12088925 -0.95616194
v 90.00000000 11.16018433 -0.00000000
v 90.00000000 11.11454366 0.95561635
v 90.00000000 10.98520343 1.90356201
v 90.00000000 10.77375749 2.83700305
v 90.00000000 10.48195911 3.74928525
v 90.00000000 10.11167545 4.63378440
v 90.00000000 9.66500314 5.48379897
v 90.00000000 9.14449674 6.29255101
v 90.00000000 8.55342302 7.05332077
v 90.00000000 7.89594617 7.75968930
v 90.00000000 7.17717410 8.40582037
v 90.00000000 6.40304555 8.98669419
v 90.00000000 5.58009216 9.49821844
v 90.00000000 4.71515170 9.93718272
v 90.00000000 3.81512111 10.30107656
v 90.00000000 2.88681962 10.58783951
v 90.00000000 1.93698775 10.79563661
v 90.00000000 0.97239657 10.92274488
v 92.00000000 0.00000000 10.96792223
v 92.00000000 -0.97474202 10.92929122
v 92.00000000 -1.94246961 10.80661182
v 92.00000000 -2.89543145 10.60022114
v 92.00000000 -3.82591826 10.31154898
v 92.00000000 -4.72652481 9.94313838
v 92.00000000 -5.59036644 9.49849927
v 92.00000000 -6.41118233 8.98184252
v 92.00000000 -7.18329882 8.39778000
v 92.00000000 -7.90147825 7.75108392
v 92.00000000 -8.56072218 7.04657410
v 92.00000000 -9.15611727 6.28915384
v 92.00000000 -9.68279871 5.48396111
v 92.00000000 -10.13606516 4.63656157
v 92.00000000 -10.51162402 3.75309690
v 92.00000000 -10.80589729 2.84032069
v 92.00000000 -11.01629257 1.90549723
v 92.00000000 -11.14135232 0.95618908
v 92.00000000 -11.18073289 0.00000000
v 92.00000000 -11.13502132 -0.95564573
v 92.00000000 -11.00545229 -1.90362218
v 92.00000000 -10.79362001 -2.83709362
v 92.00000000 -10.50128035 -3.74940377
v 92.00000000 -10.13030540 -4.63392688
v 92.00000000 -9.68279871 -5.48396111
v 92.00000000 -9.16132313 -6.29272965
v 92.00000000 -8.56915442 -7.05351492
v 92.00000000 -7.91046584 -7.75990044
v 92.00000000 -7.19037431 -8.40605174
v 92.00000000 -6.41482752 -8.98694930
v 92.00000000 -5.59036644 -9.49849927
v 92.00000000 -4.72383899 -9.93748826
v 92.00000000 -3.82215347 -10.30140218
v 92.00000000 -2.89214177 -10.58817754
v 92.00000000 -1.94055817 -10.79597787
v 92.00000000 -0.97418813 -10.92308072
v 92.00000000 -0.00000000 -10.96792223
v 92.00000000 0.97474202 -10.92929122
v 92.00000000 1.94246961 -10.80661182
v 92.00000000 2.89543145 -10.60022114
v 92.00000000 3.82591826 -10.31154898
v 92.00000000 4.72652481 -9.94313838
v 92.00000000 5.59036644 -9.49849927
v 92.00000000 6.41118233 -8.98184252
v 92.00000000 7.18329882 -8.39778000
v 92.00000000 7.90147825 -7.75108392
v 92.00000000 8.56072218 -7.04657410
v 92.00000000 9.15611727 -6.28915384
v 92.00000000 9.68279871 -5.48396111
v 92.00000000 10.13606516 -4.63656157
v 92.00000000 10.51162402 -3.75309690
v 92.00000000 10.80589729 -2.84032069
v 92.00000000 11.01629257 -1.90549723
v 92.00000000 11.14135232 -0.95618908
v 92.00000000 11.18073289 -0.00000000
v 92.00000000 11.13502132 0.95564573
v 92.00000000 11.00545229 1.90362218
v 92.00000000 10.79362001 2.83709362
v 92.00000000 10.50128035 3.74940377
v 92.00000000 10.13030540 4.63392688
v 92.00000000 9.68279871 5.48396111
v 92.00000000 9.16132313 6.29272965
v 92.00000000 8.56915442 7.05351492
v 92.00000000 7.91046584 7.75990044
v 92.00000000 7.19037431 8.40605174
v 92.00000000 6.41482752 8.98694930
v 92.00000000 5.59036644 9.49849927
v 92.00000000 4.72383899 9.93748826
v 92.00000000 3.82215347 10.30140218
v 92.00000000 2.89214177 10.58817754
v 92.00000000 1.94055817 10.79597787
v 92.00000000 0.97418813 10.92308072
v 94.00000000 0.00000000 10.96833819
v 94.00000000 -0.97352746 10.92968919
v 94.00000000 -1.94004707 10.80699336
v 94.00000000 -2.89181927 10.60059110
v 94.00000000 -3.82114680 10.31191304
v 94.00000000 -4.72063539 9.94350044
v 94.00000000 -5.58340909 9.49885951
v 94.00000000 -6.40321314 8.98219675
v 94.00000000 -7.17437783 8.39812050
v 94.00000000 -7.89166854 7.75140134
v 94.00000000 -8.55009055 7.04685982
v 94.00000000 -9.14473608 6.28940188
v 94.00000000 -9.67074822 5.48416909
v 94.00000000 -10.12343526 4.63673041
v 94.00000000 -10.49851455 3.75322941
v 94.00000000 -10.79241644 2.84041983
v 94.00000000 -11.00255370 1.90556451
v 94.00000000 -11.12746980 0.95622390
v 94.00000000 -11.16681818 0.00000000
v 94.00000000 -11.12118033 -0.95568342
v 94.00000000 -10.99178454 -1.90369937
v 94.00000000 -10.78021971 -2.83720981
v 94.00000000 -10.48823873 -3.74955579
v 94.00000000 -10.11771329 -4.63410963
v 94.00000000 -9.67074822 -5.48416909
v 94.00000000 -9.14990780 -6.29295878
v 94.00000000 -8.55846747 -7.05376396
v 94.00000000 -7.90059717 -7.76017128
v 94.00000000 -7.18140690 -8.40634853
v 94.00000000 -6.40683441 -8.98727654
v 94.00000000 -5.58340909 -9.49885951
v 94.00000000 -4.71796719 -9.93788018
v 94.00000000 -3.81740671 -10.30181987
v 94.00000000 -2.88855116 -10.58861115
v 94.00000000 -1.93814818 -10.79641561
v 94.00000000 -0.97297720 -10.92351151
v 94.00000000 -0.00000000 -10.96833819
v 94.00000000 0.97352746 -10.92968919
v 94.00000000 1.94004707 -10.80699336
v 94.00000000 2.89181927 -10.60059110
v 94.00000000 3.82114680 -10.31191304
v 94.00000000 4.72063539 -9.94350044
v 94.00000000 5.58340909 -9.49885951
v 94.00000000 6.40321314 -8.98219675
v 94.00000000 7.17437783 -8.39812050
v 94.00000000 7.89166854 -7.75140134
v 94.00000000 8.55009055 -7.04685982
v 94.00000000 9.14473608 -6.28940188
v 94.00000000 9.67074822 -5.48416909
v 94.00000000 10.12343526 -4.63673041
v 94.00000000 10.49851455 -3.75322941
v 94.00000000 10.79241644 -2.84041983
v 94.00000000 11.00255370 -1.90556451
v 94.00000000 11.12746980 -0.95622390
v 94.00000000 11.16681818 -0.00000000
v 94.00000000 11.12118033 0.95568342
v 94.00000000 10.99178454 1.90369937
v 94.00000000 10.78021971 2.83720981
v 94.00000000 10.48823873 3.74955579
v 94.00000000 10.11771329 4.63410963
v 94.00000000 9.67074822 5.48416909
v 94.00000000 9.14990780 6.29295878
v 94.00000000 8.55846747 7.05376396
v 94.00000000 7.90059717 7.76017128
v 94.00000000 7.18140690 8.40634853
v 94.00000000 6.40683441 8.98727654
v 94.00000000 5.58340909 9.49885951
v 94.00000000 4.71796719 9.93788018
v 94.00000000 3.81740671 10.30181987
v 94.00000000 2.88855116 10.58861115
v 94.00000000 1.93814818 10.79641561
v 94.00000000 0.97297720 10.92351151
v 96.00000000 0.00000000 10.96679671
v 96.00000000 -0.97325258 10.92821438
v 96.00000000 -1.93950725 10.80557941
v 96.00000000 -2.89101894 10.59922006
v 96.00000000 -3.82008355 10.31056387
v 96.00000000 -4.71930250 9.94215871
v 96.00000000 -5.58180131 9.49752455
v 96.00000000 -6.40133340 8.98088405
v 96.00000000 -7.17224225 8.39685868
v 96.00000000 -7.88930759 7.75022503
v 96.00000000 -8.54754547 7.04580102
v 96.00000000 -9.14205154 6.28848271
v 96.00000000 -9.66796347 5.48339835
v 96.00000000 -10.12057686 4.63610474
v 96.00000000 -10.49559328 3.75273835
v 96.00000000 -10.78942959 2.84005246
v 96.00000000 -10.99949218 1.90531519
v 96.00000000 -11.12432791 0.95609487
v 96.00000000 -11.16360262 0.00000000
v 96.00000000 -11.11791558 -0.95554375
v 96.00000000 -10.98851264 -1.90341333
v 96.00000000 -10.77699459 -2.83677925
v 96.00000000 -10.48511673 -3.74899242
v 96.00000000 -10.11474311 -4.63343238
v 96.00000000 -9.66796347 -5.48339835
v 96.00000000 -9.14732428 -6.29210964
v 96.00000000 -8.55608604 -7.05284107
v 96.00000000 -7.89841064 -7.75916761
v 96.00000000 -7.17940864 -8.40524868
v 96.00000000 -6.40502542 -8.98606384
v 96.00000000 -5.58180131 -9.49752455
v 96.00000000 -4.71658217 -9.93642780
v 96.00000000 -3.81627039 -10.30027201
v 96.00000000 -2.88768700 -10.58700428
v 96.00000000 -1.93757126 -10.79479343
v 96.00000000 -0.97269157 -10.92191509
v 96.00000000 -0.00000000 -10.96679671
v 96.00000000 0.97325258 -10.92821438
v 96.00000000 1.93950725 -10.80557941
v 96.00000000 2.89101894 -10.59922006
v 96.00000000 3.82008355 -10.31056387
v 96.00000000 4.71930250 -9.94215871
v 96.00000000 5.58180131 -9.49752455
v 96.00000000 6.40133340 -8.98088405
v 96.00000000 7.17224225 -8.39685868
v 96.00000000 7.88930759 -7.75022503
v 96.00000000 8.54754547 -7.04580102
v 96.00000000 9.14205154 -6.28848271
v 96.00000000 9.66796347 -5.48339835
v 96.00000000 10.12057686 -4.63610474
v 96.00000000 10.49559328 -3.75273835
v 96.00000000 10.78942959 -2.84005246
v 96.00000000 10.99949218 -1.90531519
v 96.00000000 11.12432791 -0.95609487
v 96.00000000 11.16360262 -0.00000000
v 96.00000000 11.11791558 0.95554375
v 96.00000000 10.98851264 1.90341333
v 96.00000000 10.77699459 2.83677925
v 96.00000000 10.48511673 3.74899242
v 96.00000000 10.11474311 4.63343238
v 96.00000000 9.66796347 5.48339835
v 96.00000000 9.14732428 6.29210964
v 96.00000000 8.55608604 7.05284107
v 96.00000000 7.89841064 7.75916761
v 96.00000000 7.17940864 8.40524868
v 96.00000000 6.40502542 8.98606384
v 96.00000000 5.58180131 9.49752455
v 96.00000000 4.71658217 9.93642780
v 96.00000000 3.81627039 10.30027201
v 96.00000000 2.88768700 10.58700428
v 96.00000000 1.93757126 10.79479343
v 96.00000000 0.97269157 10.92191509
v 98.00000000 0.00000000 10.96779106
v 98.00000000 -0.97406323 10.92916573
v 98.00000000 -1.94111757 10.80649150
v 98.00000000 -2.89341649 10.60010447
v 98.00000000 -3.82325527 10.31143418
v 98.00000000 -4.72323331 9.94302421
v 98.00000000 -5.58647072 9.49838568
v 98.00000000 -6.40671155 8.98173082
v 98.00000000 -7.17828711 8.39767263
v 98.00000000 -7.89596445 7.75098383
v 98.00000000 -8.55474945 7.04648401
v 98.00000000 -9.14973233 6.28907563
v 98.00000000 -9.67605112 5.48389553
v 98.00000000 -10.12900653 4.63650834
v 98.00000000 -10.50430752 3.75305511
v 98.00000000 -10.79837734 2.84028943
v 98.00000000 -11.00862480 1.90547602
v 98.00000000 -11.13359362 0.95617810
v 98.00000000 -11.17294143 0.00000000
v 98.00000000 -11.12725641 -0.95563385
v 98.00000000 -10.99777390 -1.90359784
v 98.00000000 -10.78608803 -2.83705698
v 98.00000000 -10.49395371 -3.74935583
v 98.00000000 -10.12324112 -4.63386925
v 98.00000000 -9.67605112 -5.48389553
v 98.00000000 -9.15494330 -6.29265739
v 98.00000000 -8.56318995 -7.05343639
v 98.00000000 -7.90496085 -7.75981504
v 98.00000000 -7.18536953 -8.40595816
v 98.00000000 -6.41036031 -8.98684611
v 98.00000000 -5.58647072 -9.49838568
v 98.00000000 -4.72054486 -9.93736467
v 98.00000000 -3.81948679 -10.30127047
v 98.00000000 -2.89012358 -10.58804081
v 98.00000000 -1.93920427 -10.79583984
v 98.00000000 -0.97350879 -10.92294488
v 98.00000000 -0.00000000 -10.96779106
v 98.00000000 0.97406323 -10.92916573
v 98.00000000 1.94111757 -10.80649150
v 98.00000000 2.89341649 -10.60010447
v 98.00000000 3.82325527 -10.31143418
v 98.00000000 4.72323331 -9.94302421
v 98.00000000 5.58647072 -9.49838568
v 98.00000000 6.40671155 -8.98173082
v 98.00000000 7.17828711 -8.39767263
v 98.00000000 7.89596445 -7.75098383
v 98.00000000 8.55474945 -7.04648401
v 98.00000000 9.14973233 -6.28907563
v 98.00000000 9.67605112 -5.48389553
v 98.00000000 10.12900653 -4.63650834
v 98.00000000 10.50430752 -3.75305511
v 98.00000000 10.79837734 -2.84028943
v 98.00000000 11.00862480 -1.90547602
v 98.00000000 11.13359362 -0.95617810
v 98.00000000 11.17294143 -0.00000000
v 98.00000000 11.12725641 0.95563385
v 98.00000000 10.99777390 1.90359784
v 98.00000000 10.78608803 2.83705698
v 98.00000000 10.49395371 3.74935583
v 98.00000000 10.12324112 4.63386925
v 98.00000000 9.67605112 5.48389553
v 98.00000000 9.15494330 6.29265739
v 98.00000000 8.56318995 7.05343639
v 98.00000000 7.90496085 7.75981504
v 98.00000000 7.18536953 8.40595816
v 98.00000000 6.41036031 8.98684611
v 98.00000000 5.58647072 9.49838568
v 98.00000000 4.72054486 9.93736467
v 98.00000000 3.81948679 10.30127047
v 98.00000000 2.89012358 10.58804081
v 98.00000000 1.93920427 10.79583984
v 98.00000000 0.97350879 10.92294488
v 100.00000000 0.00000000 10.96501101
v 100.00000000 -0.97378949 10.92650589
v 100.00000000 -1.94058643 10.80394141
v 100.00000000 -2.89263260 10.59763176
v 100.00000000 -3.82220912 10.30900091
v 100.00000000 -4.72190599 9.94060438
v 100.00000000 -5.58484436 9.49597809
v 100.00000000 -6.40478164 8.97936339
v 100.00000000 -7.17607162 8.39539696
v 100.00000000 -7.89350606 7.74886239
v 100.00000000 -8.55210913 7.04457450
v 100.00000000 -9.14697613 6.28741793
v 100.00000000 -9.67323418 5.48250550
v 100.00000000 -10.12616006 4.63537995
v 100.00000000 -10.50143325 3.75216948
v 100.00000000 -10.79545181 2.83962687
v 100.00000000 -11.00561253 1.90502637
v 100.00000000 -11.13046485 0.95594540
v 100.00000000 -11.16968872 0.00000000
v 100.00000000 -11.12390451 -0.95538196
v 100.00000000 -10.99437957 -1.90308199
v 100.00000000 -10.78272980 -2.83628048
v 100.00000000 -10.49071488 -3.74833980
v 100.00000000 -10.12019167 -4.63264784
v 100.00000000 -9.67323418 -5.48250550
v 100.00000000 -9.15237057 -6.29112595
v 100.00000000 -8.56084682 -7.05177194
v 100.00000000 -7.90281922 -7.75800489
v 100.00000000 -7.18340341 -8.40397454
v 100.00000000 -6.40855887 -8.98465898
v 100.00000000 -5.58484436 -9.49597809
v 100.00000000 -4.71912288 -9.93474535
v 100.00000000 -3.81830795 -10.29847895
v 100.00000000 -2.88922374 -10.58514287
v 100.00000000 -1.93860575 -10.79291429
v 100.00000000 -0.97321554 -10.92006577
v 100.00000000 -0.00000000 -10.96501101
v 100.00000000 0.97378949 -10.92650589
v 100.00000000 1.94058643 -10.80394141
v 100.00000000 2.89263260 -10.59763176
v 100.00000000 3.82220912 -10.30900091
v 100.00000000 4.72190599 -9.94060438
v 100.00000000 5.58484436 -9.49597809
v 100.00000000 6.40478164 -8.97936339
v 100.00000000 7.17607162 -8.39539696
v 100.00000000 7.89350606 -7.74886239
v 100.00000000 8.55210913 -7.04457450
v 100.00000000 9.14697613 -6.28741793
v 100.00000000 9.67323418 -5.48250550
v 100.00000000 10.12616006 -4.63537995
v 100.00000000 10.50143325 -3.75216948
v 100.00000000 10.79545181 -2.83962687
v 100.00000000 11.00561253 -1.90502637
v 100.00000000 11.13046485 -0.95594540
v 100.00000000 11.16968872 -0.00000000
v 100.00000000 11.12390451 0.95538196
v 100.00000000 10.99437957 1.90308199
v 100.00000000 10.78272980 2.83628048
v 100.00000000 10.49071488 3.74833980
v 100.00000000 10.12019167 4.63264784
v 100.00000000 9.67323418 5.48250550
v 100.00000000 9.15237057 6.29112595
v 100.00000000 8.56084682 7.05177194
v 100.00000000 7.90281922 7.75800489
v 100.00000000 7.18340341 8.40397454
v 100.00000000 6.40855887 8.98465898
v 100.00000000 5.58484436 9.49597809
v 100.00000000 4.71912288 9.93474535
v 100.00000000 3.81830795 10.29847895
v 100.00000000 2.88922374 10.58514287
v 100.00000000 1.93860575 10.79291429
v 100.00000000 0.97321554 10.92006577
v 100.09703559 0.00000000 11.11917683
v 100.09669218 -0.97887368 11.07982645
v 100.09560565 -1.95067915 10.95532229
v 100.09377930 -2.90765542 10.74604299
v 100.09122585 -3.84208789 10.45344686
v 100.08796762 -4.74655921 10.08009078
v 100.08403528 -5.61415699 9.62948961
v 100.07946565 -6.43857449 9.10586130
v 100.07429915 -7.21407893 8.51383929
v 100.06857783 -7.93537159 7.85824123
v 100.06234439 -8.59740449 7.14395941
v 100.05564245 -9.19523732 6.37599272
v 100.04851779 -9.72400515 5.55958842
v 100.04101997 -10.17902908 4.70042353
v 100.03320349 -10.55604973 3.80474350
v 100.02512809 -10.85151775 2.87939354
v 100.01685786 -11.06285117 1.93171890
v 100.00845947 -11.18857737 0.96935921
v 100.00000000 -11.22831399 0.00000000
v 99.99154505 -11.18259635 -0.96884102
v 99.98315775 -11.05261016 -1.92993069
v 99.97489877 -10.83991918 -2.87631592
v 99.96682724 -10.54627787 -3.80122141
v 99.95900195 -10.17358773 -4.69791085
v 99.95148221 -9.72400515 -5.55958842
v 99.94432779 -9.20015539 -6.37940293
v 99.93759784 -8.60537058 -7.15057879
v 99.93134879 -7.94386233 -7.86664945
v 99.92563201 -7.22076328 -8.52172796
v 99.92049185 -6.44201816 -9.11073157
v 99.91596472 -5.61415699 -9.62948961
v 99.91207940 -4.74402187 -10.07470232
v 99.90885860 -3.83853123 -10.44376998
v 99.90632094 -2.90454759 -10.73455715
v 99.90448285 -1.94887338 -10.94518082
v 99.90335951 -0.97835041 -11.07390357
v 99.90296441 -0.00000000 -11.11917683
v 99.90330782 0.97887368 -11.07982645
v 99.90439435 1.95067915 -10.95532229
v 99.90622070 2.90765542 -10.74604299
v 99.90877415 3.84208789 -10.45344686
v 99.91203238 4.74655921 -10.08009078
v 99.91596472 5.61415699 -9.62948961
v 99.92053435 6.43857449 -9.10586130
v 99.92570085 7.21407893 -8.51383929
v 99.93142217 7.93537159 -7.85824123
v 99.93765561 8.59740449 -7.14395941
v 99.94435755 9.19523732 -6.37599272
v 99.95148221 9.72400515 -5.55958842
v 99.95898003 10.17902908 -4.70042353
v 99.96679651 10.55604973 -3.80474350
v 99.97487191 10.85151775 -2.87939354
v 99.98314214 11.06285117 -1.93171890
v 99.99154053 11.18857737 -0.96935921
v 100.00000000 11.22831399 -0.00000000
v 100.00845495 11.18259635 0.96884102
v 100.01684225 11.05261016 1.92993069
v 100.02510123 10.83991918 2.87631592
v 100.03317276 10.54627787 3.80122141
v 100.04099805 10.17358773 4.69791085
v 100.04851779 9.72400515 5.55958842
v 100.05567221 9.20015539 6.37940293
v 100.06240216 8.60537058 7.15057879
v 100.06865121 7.94386233 7.86664945
v 100.07436799 7.22076328 8.52172796
v 100.07950815 6.44201816 9.11073157
v 100.08403528 5.61415699 9.62948961
v 100.08792060 4.74402187 10.07470232
v 100.09114140 3.83853123 10.44376998
v 100.09367906 2.90454759 10.73455715
v 100.09551715 1.94887338 10.94518082
v 100.09664049 0.97835041 11.07390357
v 101.07557860 0.00000000 11.07621286
v 101.07451711 -0.97821702 11.03567603
v 101.07124293 -1.94920081 10.91064013
v 101.06577274 -2.90535923 10.70174217
v 101.05814624 -3.83917614 10.41049766
v 101.04842623 -4.74337507 10.03930565
v 101.03669645 -5.61105858 9.59136349
v 101.02305759 -6.43578727 9.07051638
v 101.00762283 -7.21158475 8.48108677
v 100.99051417 -7.93288124 7.82773309
v 100.97186039 -8.59443204 7.11537401
v 100.95179713 -9.19125676 6.34918925
v 100.93046845 -9.71863854 5.53467957
v 100.90802889 -10.17220067 4.67774733
v 100.88464498 -10.54804974 3.78475210
v 100.86049512 -10.84294827 2.86250590
v 100.83576746 -11.05446710 1.91819501
v 100.81065641 -11.18107173 0.95924245
v 100.78535829 -11.22211715 -0.00685372
v 100.76006767 -11.17775548 -0.97266335
v 100.73497501 -11.04878885 -1.93091362
v 100.71026603 -10.83651730 -2.87451152
v 100.68612260 -10.54263161 -3.79651194
v 100.66272408 -10.16918365 -4.69006534
v 100.64024813 -9.71863854 -5.54838701
v 100.61887007 -9.19398365 -6.36478242
v 100.59876034 -8.59884893 -7.13274174
v 100.58008066 -7.93758904 -7.84608999
v 100.56297952 -7.21529097 -8.49915637
v 100.54758847 -6.43769666 -9.08691692
v 100.53402013 -5.61105858 -9.60507093
v 100.52236837 -4.74196821 -10.05003345
v 100.51271046 -3.83720410 -10.41885410
v 100.50511015 -2.90363606 -10.70909832
v 100.49962050 -1.94819958 -10.91873967
v 100.49628523 -0.97792689 -11.04610831
v 100.49513798 -0.00000000 -11.08992030
v 100.49619947 0.97821702 -11.04938346
v 100.49947365 1.94920081 -10.92434756
v 100.50494384 2.90535923 -10.71544961
v 100.51257034 3.83917614 -10.42420510
v 100.52229035 4.74337507 -10.05301308
v 100.53402013 5.61105858 -9.60507093
v 100.54765899 6.43578727 -9.08422382
v 100.56309375 7.21158475 -8.49479420
v 100.58020241 7.93288124 -7.84144052
v 100.59885619 8.59443204 -7.12908145
v 100.61891945 9.19125676 -6.36289669
v 100.64024813 9.71863854 -5.54838701
v 100.66268769 10.17220067 -4.69145477
v 100.68607160 10.54804974 -3.79845954
v 100.71022146 10.84294827 -2.87621334
v 100.73494911 11.05446710 -1.93190244
v 100.76006017 11.18107173 -0.97294989
v 100.78535829 11.22211715 -0.00685372
v 100.81064890 11.17775548 0.95895591
v 100.83574157 11.04878885 1.91720619
v 100.86045055 10.83651730 2.86080408
v 100.88459398 10.54263161 3.78280450
v 100.90799250 10.16918365 4.67635790
v 100.93046845 9.71863854 5.53467957
v 100.95184651 9.19398365 6.35107498
v 100.97195623 8.59884893 7.11903431
v 100.99063592 7.93758904 7.83238255
v 101.00773706 7.21529097 8.48544893
v 101.02312811 6.43769666 9.07320948
v 101.03669645 5.61105858 9.59136349
v 101.04834821 4.74196821 10.03632601
v 101.05800612 3.83720410 10.40514667
v 101.06560643 2.90363606 10.69539089
v 101.07109608 1.94819958 10.90503223
v 101.07443134 0.97792689 11.03240087
v 102.05220141 0.00000000 11.00588215
v 102.05037227 -0.97707967 10.96398793
v 102.04488973 -1.94673495 10.83841707
v 102.03579475 -2.90157491 10.63010782
v 102.02315637 -3.83431934 10.34064139
v 102.00707123 -4.73786006 9.97223093
v 101.98766263 -5.60531968 9.52770091
v 101.96507934 -6.43010545 9.01045865
v 101.93949411 -7.20595697 8.42446055
v 101.91110207 -7.92698814 7.77417598
v 101.88011918 -8.58772510 7.06455102
v 101.84678064 -9.18314228 6.30097292
v 101.81133938 -9.70869847 5.48923468
v 101.77406442 -10.16037368 4.63549766
v 101.73523904 -10.53470581 3.74625032
v 101.69515877 -10.82882499 2.82826125
v 101.65412905 -11.04048252 1.88852619
v 101.61246272 -11.16807174 0.93421017
v 101.57047735 -11.21063935 -0.02741278
v 101.52849268 -11.16788723 -0.98901985
v 101.48682804 -11.04016658 -1.94329693
v 101.44580005 -10.82846717 -2.88299246
v 101.40572038 -10.53440434 -3.80096790
v 101.36689365 -10.16020581 -4.69024619
v 101.32961532 -9.70869847 -5.54406025
v 101.29416950 -9.18329401 -6.35590305
v 101.26082666 -8.58797086 -7.11957954
v 101.22984137 -7.92725008 -7.82925935
v 101.20145003 -7.20616318 -8.47952799
v 101.17586884 -6.43021169 -9.06543354
v 101.15329208 -5.60531968 -9.58252648
v 101.13389069 -4.73778178 -10.02689129
v 101.11781128 -3.83420962 -10.39517027
v 101.10517533 -2.90147903 -10.68458123
v 101.09607855 -1.94667924 -10.89293170
v 101.09059036 -0.97706353 -11.01863190
v 101.08875329 -0.00000000 -11.06070771
v 101.09058243 0.97707967 -11.01881349
v 101.09606497 1.94673495 -10.89324264
v 101.10515995 2.90157491 -10.68493339
v 101.11779833 3.83431934 -10.39546696
v 101.13388348 4.73786006 -10.02705650
v 101.15329208 5.60531968 -9.58252648
v 101.17587536 6.43010545 -9.06528422
v 101.20146059 7.20595697 -8.47928612
v 101.22985263 7.92698814 -7.82900155
v 101.26083553 8.58772510 -7.11937658
v 101.29417406 9.18314228 -6.35579849
v 101.32961532 9.70869847 -5.54406025
v 101.36689028 10.16037368 -4.69032323
v 101.40571566 10.53470581 -3.80107589
v 101.44579593 10.82882499 -2.88308682
v 101.48682565 11.04048252 -1.94335176
v 101.52849199 11.16807174 -0.98903574
v 101.57047735 11.21063935 -0.02741278
v 101.61246202 11.16788723 0.93419429
v 101.65412666 11.04016658 1.88847136
v 101.69515465 10.82846717 2.82816689
v 101.73523433 10.53440434 3.74614234
v 101.77406105 10.16020581 4.63542062
v 101.81133938 9.70869847 5.48923468
v 101.84678520 9.18329401 6.30107748
v 101.88012804 8.58797086 7.06475397
v 101.91111333 7.92725008 7.77443378
v 101.93950467 7.20616318 8.42470242
v 101.96508586 6.43021169 9.01060798
v 101.98766263 5.60531968 9.52770091
v 102.00706401 4.73778178 9.97206572
v 102.02314342 3.83420962 10.34034470
v 102.03577937 2.90147903 10.62975566
v 102.04487615 1.94667924 10.83810613
v 102.05036434 0.97706353 10.96380633
v 103.02643061 0.00000000 10.91419271
v 103.02399694 -0.97624733 10.87440248
v 103.01643883 -1.94532213 10.75082851
v 103.00379059 -2.89960309 10.54403162
v 102.98614299 -3.83153664 10.25549595
v 102.96364381 -4.73382402 9.88763768
v 102.93649178 -5.59957887 9.44370581
v 102.90492571 -6.42241199 8.92760518
v 102.86921231 -7.19642627 8.34369627
v 102.82963612 -7.91613781 7.69663117
v 102.78649435 -8.57636686 6.99126959
v 102.74009751 -9.17215488 6.23268797
v 102.69077432 -9.69875511 5.42626089
v 102.63887826 -10.15171838 4.57776787
v 102.58479233 -10.52706039 3.69347071
v 102.52892932 -10.82146606 2.78011850
v 102.47172673 -11.03247004 1.84486444
v 102.41363735 -11.15855802 0.89511151
v 102.35511803 -11.19915775 -0.06167094
v 102.29661986 -11.15452512 -1.01810759
v 102.23858232 -11.02556471 -1.96701300
v 102.18143236 -10.81364534 -2.90140660
v 102.12558748 -10.52047140 -3.81446220
v 102.07146035 -10.14804937 -4.69943297
v 102.01946174 -9.69875511 -5.54960276
v 101.96999936 -9.17547105 -6.35830555
v 101.92347154 -8.58173826 -7.11902873
v 101.88025676 -7.92186297 -7.82558406
v 101.84070177 -7.20093341 -8.47230244
v 101.80511157 -6.42473400 -9.05419711
v 101.77374428 -5.59957887 -9.56704768
v 101.74681218 -4.73211314 -10.00738370
v 101.72448804 -3.82913844 -10.37238020
v 101.70691427 -2.89750754 -10.65970871
v 101.69421116 -1.94410454 -10.86740273
v 101.68648087 -0.97589450 -10.99379187
v 101.68380545 -0.00000000 -11.03753458
v 101.68623913 0.97624733 -10.99774435
v 101.69379723 1.94532213 -10.87417038
v 101.70644547 2.89960309 -10.66737349
v 101.72409307 3.83153664 -10.37883782
v 101.74659225 4.73382402 -10.01097956
v 101.77374428 5.59957887 -9.56704768
v 101.80531035 6.42241199 -9.05094705
v 101.84102375 7.19642627 -8.46703814
v 101.88059995 7.91613781 -7.81997305
v 101.92374171 8.57636686 -7.11461146
v 101.97013855 9.17215488 -6.35602984
v 102.01946174 9.69875511 -5.54960276
v 102.07135780 10.15171838 -4.70110974
v 102.12544373 10.52706039 -3.81681258
v 102.18130674 10.82146606 -2.90346037
v 102.23850933 11.03247004 -1.96820632
v 102.29659871 11.15855802 -1.01845338
v 102.35511803 11.19915775 -0.06167094
v 102.41361620 11.15452512 0.89476571
v 102.47165374 11.02556471 1.84367112
v 102.52880370 10.81364534 2.77806473
v 102.58464858 10.52047140 3.69112033
v 102.63877571 10.14804937 4.57609109
v 102.69077432 9.69875511 5.42626089
v 102.74023670 9.17547105 6.23496368
v 102.78676452 8.58173826 6.99568686
v 102.82997930 7.92186297 7.70224218
v 102.86953429 7.20093341 8.34896057
v 102.90512449 6.42473400 8.93085524
v 102.93649178 5.59957887 9.44370581
v 102.96342388 4.73211314 9.88404183
v 102.98574803 3.82913844 10.24903833
v 103.00332179 2.89750754 10.53636684
v 103.01602490 1.94410454 10.74406085
v 103.02375519 0.97589450 10.87045000
v 103.99748301 0.00000000 10.79791821
v 103.99454233 -0.97573107 10.76055323
v 103.98499945 -1.94457844 10.63929950
v 103.96886440 -2.89865005 10.43428424
v 103.94624517 -3.83007184 10.14687972
v 103.91735024 -4.73132067 9.77973483
v 103.88247364 -5.59549655 9.33658548
v 103.84196757 -6.41644344 8.82190716
v 103.79621169 -7.18868293 8.24052353
v 103.74558855 -7.90719501 7.59729558
v 103.69047273 -8.56713870 6.89698272
v 103.63123558 -9.16363091 6.14430333
v 103.56826217 -9.69168432 5.34415024
v 103.50197273 -10.14634991 4.50186310
v 103.43283949 -10.52303590 3.62344204
v 103.36139174 -10.81790927 2.71561228
v 103.28820656 -11.02825233 1.78570638
v 103.21388796 -11.15265711 0.84139899
v 103.13904132 -11.19099311 -0.10961774
v 103.06425171 -11.14415888 -1.05990980
v 102.99007289 -11.01370122 -2.00244110
v 102.91702962 -10.80142925 -2.93054380
v 102.84563079 -10.50915139 -3.83775197
v 102.77638646 -10.13861848 -4.71758467
v 102.70982047 -9.69168432 -5.56338571
v 102.64647172 -9.17061885 -6.36830787
v 102.58688136 -8.57845746 -7.12547520
v 102.53156866 -7.91925922 -7.82828969
v 102.48100271 -7.19818049 -8.47079107
v 102.43557903 -6.42133645 -9.04795357
v 102.39560900 -5.59549655 -9.55582096
v 102.36132546 -4.72771544 -9.99143470
v 102.33290252 -3.82501829 -10.35258236
v 102.31048239 -2.89423424 -10.63745711
v 102.29419938 -1.94201268 -10.84435243
v 102.28419219 -0.97498757 -10.97150573
v 102.28059962 -0.00000000 -11.01715369
v 102.28354031 0.97573107 -10.97978871
v 102.29308319 1.94457844 -10.85853498
v 102.30921824 2.89865005 -10.65351971
v 102.33183746 3.83007184 -10.36611519
v 102.36073239 4.73132067 -9.99897030
v 102.39560900 5.59549655 -9.55582096
v 102.43611506 6.41644344 -9.04114264
v 102.48187095 7.18868293 -8.45975901
v 102.53249409 7.90719501 -7.81653105
v 102.58760990 8.56713870 -7.11621820
v 102.64684706 9.16363091 -6.36353880
v 102.70982047 9.69168432 -5.56338571
v 102.77610991 10.14634991 -4.72109857
v 102.84524314 10.52303590 -3.84267752
v 102.91669089 10.81790927 -2.93484776
v 102.98987608 11.02825233 -2.00494186
v 103.06419468 11.15265711 -1.06063447
v 103.13904132 11.19099311 -0.10961774
v 103.21383093 11.14415888 0.84067433
v 103.28800975 11.01370122 1.78320562
v 103.36105301 10.80142925 2.71130832
v 103.43245185 10.50915139 3.61851650
v 103.50169618 10.13861848 4.49834919
v 103.56826217 9.69168432 5.34415024
v 103.63161091 9.17061885 6.14907239
v 103.69120128 8.57845746 6.90623972
v 103.74651398 7.91925922 7.60905422
v 103.79707993 7.19818049 8.25155559
v 103.84250360 6.42133645 8.82871810
v 103.88247364 5.59549655 9.33658548
v 103.91675718 4.72771544 9.77219923
v 103.94518012 3.82501829 10.13334689
v 103.96760025 2.89423424 10.41822163
v 103.98388326 1.94201268 10.62511696
v 103.99389044 0.97498757 10.75227025
v 104.96533257 0.00000000 10.66409699
v 104.96196950 -0.97556148 10.62917012
v 104.95052162 -1.94452898 10.51027940
v 104.93095945 -2.89873369 10.30711845
v 104.90340430 -3.82997444 10.02094725
v 104.86813354 -4.73049837 9.65464639
v 104.82555364 -5.59338926 9.21243728
v 104.77615034 -6.41272468 8.69936434
v 104.72043251 -7.18344782 8.12071262
v 104.65888817 -7.90100617 7.48155021
v 104.59196578 -8.56089974 6.78653461
v 104.52008503 -9.15831998 6.04002445
v 104.44367050 -9.68803438 5.24642920
v 104.36319381 -10.14458649 4.41064683
v 104.27920731 -10.52276828 3.53841368
v 104.19235604 -10.81822141 2.63642872
v 104.10336305 -11.02797187 1.71220123
v 104.01299323 -11.15071880 0.77367474
v 103.92200842 -11.18677852 -0.17123859
v 103.83112985 -11.13770010 -1.11504870
v 103.74102038 -11.00568056 -2.05087133
v 103.65229172 -10.79297515 -2.97235370
v 103.56553156 -10.50149817 -3.87339238
v 103.48133813 -10.13274247 -4.74777455
v 103.40034635 -9.68803438 -5.58890638
v 103.32323273 -9.16902501 -6.38976188
v 103.25069411 -8.57823930 -7.14310431
v 103.18340501 -7.91948772 -7.84192832
v 103.12196718 -7.19799743 -8.47998460
v 103.06686812 -6.42022043 -9.05221024
v 103.01846321 -5.59338926 -9.55491446
v 102.97698793 -4.72497541 -9.98565163
v 102.94259629 -3.82223275 -10.34282253
v 102.91541197 -2.89196898 -10.62514249
v 102.89557420 -1.94059842 -10.83116557
v 102.88326153 -0.97442250 -10.95903759
v 102.87868427 -0.00000000 -11.00657416
v 102.88204735 0.97556148 -10.97164729
v 102.89349522 1.94452898 -10.85275657
v 102.91305740 2.89873369 -10.64959562
v 102.94061255 3.82997444 -10.36342442
v 102.97588331 4.73049837 -9.99712356
v 103.01846321 5.59338926 -9.55491446
v 103.06786651 6.41272468 -9.04184152
v 103.12358433 7.18344782 -8.46318979
v 103.18512867 7.90100617 -7.82402738
v 103.25205107 8.56089974 -7.12901178
v 103.32393182 9.15831998 -6.38250163
v 103.40034635 9.68803438 -5.58890638
v 103.48082304 10.14458649 -4.75312400
v 103.56480954 10.52276828 -3.88089085
v 103.65166081 10.81822141 -2.97890589
v 103.74065380 11.02797187 -2.05467840
v 103.83102362 11.15071880 -1.11615191
v 103.92200842 11.18677852 -0.17123859
v 104.01288700 11.13770010 0.77257153
v 104.10299647 11.00568056 1.70839415
v 104.19172513 10.79297515 2.62987652
v 104.27848529 10.50149817 3.53091520
v 104.36267872 10.13274247 4.40529738
v 104.44367050 9.68803438 5.24642920
v 104.52078411 9.16902501 6.04728471
v 104.59332274 8.57823930 6.80062713
v 104.66061184 7.91948772 7.49945115
v 104.72204967 7.19799743 8.13750743
v 104.77714873 6.42022043 8.70973306
v 104.82555364 5.59338926 9.21243728
v 104.86702891 4.72497541 9.64317446
v 104.90142056 3.82223275 10.00034535
v 104.92860488 2.89196898 10.28266532
v 104.94844265 1.94059842 10.48868840
v 104.96075532 0.97442250 10.61656042
v 105.92909546 0.00000000 10.50793359
v 105.92541839 -0.97554295 10.47566040
v 105.91216782 -1.94480941 10.35936159
v 105.88925523 -2.89932480 10.15826042
v 105.85681027 -3.83052677 9.87349467
v 105.81518971 -4.73040852 9.50819570
v 105.76493443 -5.59203472 9.06711072
v 105.70668935 -6.40973891 8.55590027
v 105.64111354 -7.17892704 7.98034877
v 105.56880991 -7.89556004 7.34574790
v 105.49029637 -8.55551209 6.65664340
v 105.40602494 -9.15405585 5.91700261
v 105.31643815 -9.68568826 5.13070944
v 105.22203931 -10.14439380 4.30218146
v 105.12344924 -10.52428582 3.43686748
v 105.02142775 -10.82042745 2.54143638
v 104.91685207 -11.02956226 1.62358744
v 104.81066028 -11.15050700 0.69155406
v 104.70378085 -11.18406944 -0.24651471
v 104.59707387 -11.13251437 -1.18306980
v 104.49130477 -10.99875434 -2.11139326
v 104.38715824 -10.78553559 -3.02547569
v 104.28528468 -10.49488924 -3.91960842
v 104.18635865 -10.12802465 -4.78787103
v 104.09112354 -9.68568826 -5.62373886
v 104.00040177 -9.16885085 -6.41999365
v 103.91506227 -8.57947641 -7.16900883
v 103.83595337 -7.92110265 -7.86333874
v 103.76382265 -7.19903549 -8.49642194
v 103.69925142 -6.42009848 -9.06315635
v 103.64262727 -5.59203472 -9.56014014
v 103.59416537 -4.72277546 -9.98548477
v 103.55397208 -3.81982729 -10.33825674
v 103.52212918 -2.88997555 -10.61773830
v 103.49876916 -1.93937714 -10.82276653
v 103.48411456 -0.97396880 -10.95138835
v 103.47846624 -0.00000000 -11.00096301
v 103.48214330 0.97554295 -10.96868982
v 103.49539388 1.94480941 -10.85239101
v 103.51830646 2.89932480 -10.65128983
v 103.55075142 3.83052677 -10.36652409
v 103.59237198 4.73040852 -10.00122512
v 103.64262727 5.59203472 -9.56014014
v 103.70087234 6.40973891 -9.04892968
v 103.76644815 7.17892704 -8.47337819
v 103.83875179 7.89556004 -7.83877731
v 103.91726533 8.55551209 -7.14967282
v 104.00153675 9.15405585 -6.41003203
v 104.09112354 9.68568826 -5.62373886
v 104.18552238 10.14439380 -4.79521088
v 104.28411246 10.52428582 -3.92989689
v 104.38613394 10.82042745 -3.03446580
v 104.49070962 11.02956226 -2.11661685
v 104.59690141 11.15050700 -1.18458348
v 104.70378085 11.18406944 -0.24651471
v 104.81048782 11.13251437 0.69004038
v 104.91625692 10.99875434 1.61836384
v 105.02040346 10.78553559 2.53244628
v 105.12227701 10.49488924 3.42657900
v 105.22120304 10.12802465 4.29484161
v 105.31643815 9.68568826 5.13070944
v 105.40715993 9.16885085 5.92696423
v 105.49249943 8.57947641 6.67597941
v 105.57160833 7.92110265 7.37030933
v 105.64373905 7.19903549 8.00339253
v 105.70831028 6.42009848 8.57012693
v 105.76493443 5.59203472 9.06711072
v 105.81339633 4.72277546 9.49245535
v 105.85358961 3.81982729 9.84522732
v 105.88543252 2.88997555 10.12470888
v 105.90879253 1.93937714 10.32973711
v 105.92344714 0.97396880 10.45835893
v 106.88854671 0.00000000 10.33225331
v 106.88465927 -0.97541650 10.30272529
v 106.86970477 -1.94488934 10.18913462
v 106.84351717 -2.89962498 9.99022002
v 106.80622962 -3.83068420 9.70699299
v 106.75828828 -4.72979532 9.34284234
v 106.70038927 -5.59000386 8.90305566
v 106.63336117 -6.40591172 8.39392670
v 106.55803304 -7.17340953 7.82175274
v 106.47513164 -7.88899576 7.19205415
v 106.38524010 -8.54893658 6.50926012
v 106.28882746 -9.14859005 5.77693341
v 106.18633358 -9.68217070 4.99841507
v 106.07827467 -10.14307880 4.17762615
v 105.96532884 -10.52471834 3.31971739
v 105.84836971 -10.82154776 2.43132458
v 105.72843635 -11.03001555 1.52034032
v 105.60665172 -11.14906157 0.59529422
v 105.48412045 -11.18000772 -0.33542318
v 105.36184410 -11.12586726 -1.26420432
v 105.24068423 -10.99030101 -2.18450484
v 105.12138518 -10.77656862 -3.09067110
v 105.00464470 -10.48682317 -3.97740309
v 104.89120231 -10.12197731 -4.83908363
v 104.78190733 -9.68217070 -5.66926142
v 104.67773585 -9.16766230 -6.46052231
v 104.57974452 -8.57982900 -7.20484041
v 104.48897299 -7.92192278 -7.89431861
v 104.40632718 -7.19933135 -8.52207585
v 104.33248389 -6.41926625 -9.08297130
v 104.26785164 -5.59000386 -9.57390201
v 104.21260338 -4.71995554 -9.99355419
v 104.16677165 -3.81689149 -10.34168075
v 104.13037399 -2.88757286 -10.61814843
v 104.10352505 -1.93788659 -10.82208639
v 104.08649530 -0.97338726 -10.95144022
v 104.07969420 -0.00000000 -11.00309966
v 104.08358164 0.97541650 -10.97357164
v 104.09853613 1.94488934 -10.85998098
v 104.12472374 2.89962498 -10.66106637
v 104.16201128 3.83068420 -10.37783935
v 104.20995263 4.72979532 -10.01368869
v 104.26785164 5.59000386 -9.57390201
v 104.33487974 6.40591172 -9.06477305
v 104.41020787 7.17340953 -8.49259909
v 104.49310926 7.88899576 -7.86290050
v 104.58300080 8.54893658 -7.18010648
v 104.67941344 9.14859005 -6.44777976
v 104.78190733 9.68217070 -5.66926142
v 104.88996624 10.14307880 -4.84847250
v 105.00291207 10.52471834 -3.99056374
v 105.11987120 10.82154776 -3.10217093
v 105.23980455 11.03001555 -2.19118668
v 105.36158918 11.14906157 -1.26614057
v 105.48412045 11.18000772 -0.33542318
v 105.60639681 11.12586726 0.59335797
v 105.72755667 10.99030101 1.51365849
v 105.84685572 10.77656862 2.41982475
v 105.96359621 10.48682317 3.30655674
v 106.07703860 10.12197731 4.16823728
v 106.18633358 9.68217070 4.99841507
v 106.29050505 9.16766230 5.78967596
v 106.38849639 8.57982900 6.53399406
v 106.47926792 7.92192278 7.22347226
v 106.56191372 7.19933135 7.85122949
v 106.63575701 6.41926625 8.41212495
v 106.70038927 5.59000386 8.90305566
v 106.75563752 4.71995554 9.32270784
v 106.80146925 3.81689149 9.67083440
v 106.83786691 2.88757286 9.94730208
v 106.86471586 1.93788659 10.15124004
v 106.88174561 0.97338726 10.28059387
v 107.84369364 0.00000000 10.14013937
v 107.83968520 -0.97495469 10.11331831
v 107.82311330 -1.94429959 10.00243311
v 107.79371841 -2.89892620 9.80574735
v 107.75163314 -3.82952263 9.52414821
v 107.69740149 -4.72755603 9.16127576
v 107.63189265 -5.58605519 8.72294588
v 107.55613973 -6.39989143 8.21607126
v 107.47115871 -7.16543995 7.64745001
v 107.37780784 -7.87973636 7.02282470
v 107.27673167 -8.53943881 6.34650827
v 107.16840309 -9.13999219 5.62166485
v 107.05324159 -9.67533141 4.85110123
v 106.93176008 -10.13827663 4.03824947
v 106.80468430 -10.52152694 3.18796555
v 106.67300070 -10.81893988 2.30685002
v 106.53791672 -11.02667093 1.40298202
v 106.40075004 -11.14378313 0.48517831
v 106.26278954 -11.17211039 -0.43793691
v 106.12518030 -11.11541114 -1.35870188
v 105.98887449 -10.97809092 -2.27074532
v 105.85466452 -10.76392004 -3.16876519
v 105.72328221 -10.47517243 -4.04786478
v 105.59552220 -10.11246465 -4.90272695
v 105.47233750 -9.67533141 -5.72697505
v 105.35486442 -9.16332194 -6.51300574
v 105.24436054 -8.57722735 -7.25240447
v 105.14207183 -7.92001367 -7.93683424
v 105.04907312 -7.19714831 -8.55910310
v 104.96613809 -6.41622710 -9.11403436
v 104.89368644 -5.58605519 -9.59881969
v 104.83183011 -4.71551971 -10.01271005
v 104.78050532 -3.81265096 -10.35613224
v 104.73964623 -2.88418368 -10.62952679
v 104.70934008 -1.93573363 -10.83230996
v 104.68990865 -0.97247247 -10.96232870
v 104.68188545 -0.00000000 -11.01601319
v 104.68589389 0.97495469 -10.98919212
v 104.70246579 1.94429959 -10.87830692
v 104.73186067 2.89892620 -10.68162116
v 104.77394595 3.82952263 -10.40002202
v 104.82817760 4.72755603 -10.03714957
v 104.89368644 5.58605519 -9.59881969
v 104.96943936 6.39989143 -9.09194508
v 105.05442037 7.16543995 -8.52332382
v 105.14777125 7.87973636 -7.89869851
v 105.24884742 8.53943881 -7.22238208
v 105.35717599 9.13999219 -6.49753866
v 105.47233750 9.67533141 -5.72697505
v 105.59381901 10.13827663 -4.91412329
v 105.72089479 10.52152694 -4.06383936
v 105.85257839 10.81893988 -3.18272383
v 105.98766237 11.02667093 -2.27885583
v 106.12482905 11.14378313 -1.36105212
v 106.26278954 11.17211039 -0.43793691
v 106.40039879 11.11541114 0.48282807
v 106.53670460 10.97809092 1.39487151
v 106.67091456 10.76392004 2.29289137
v 106.80229688 10.47517243 3.17199097
v 106.93005689 10.11246465 4.02685313
v 107.05324159 9.67533141 4.85110123
v 107.17071466 9.16332194 5.63713193
v 107.28121854 8.57722735 6.37653065
v 107.38350726 7.92001367 7.06096043
v 107.47650596 7.19714831 7.68322929
v 107.55944099 6.41622710 8.23816054
v 107.63189265 5.58605519 8.72294588
v 107.69374898 4.71551971 9.13683624
v 107.74507377 3.81265096 9.48025842
v 107.78593286 2.88418368 9.75365298
v 107.81623900 1.93573363 9.95643615
v 107.83567044 0.97247247 10.08645489
v 108.80550375 0.00000000 9.99889326
v 108.80099989 -0.97434317 9.97197926
v 108.78246952 -1.94305894 9.86124616
v 108.74962794 -2.89706488 9.66499262
v 108.70262449 -3.82707901 9.38411109
v 108.64206388 -4.72459077 9.02221514
v 108.56891093 -5.58263457 8.58507034
v 108.48431251 -6.39606792 8.07953012
v 108.38939762 -7.16123750 7.51234110
v 108.28512209 -7.87514658 6.88921512
v 108.17220679 -8.53443052 6.21445988
v 108.05118388 -9.13453165 5.49125547
v 107.92252734 -9.66940671 4.72243429
v 107.78681499 -10.13191760 3.91144929
v 107.64486020 -10.51481317 3.06316093
v 107.49776468 -10.81199334 2.18415276
v 107.34687450 -11.01963483 1.28246859
v 107.19365774 -11.13679341 0.36688134
v 107.03955093 -11.16526914 -0.55402467
v 106.88583188 -11.10877042 -1.47261346
v 106.73356552 -10.97165239 -2.38252135
v 106.58364024 -10.75765029 -3.27843952
v 106.43687733 -10.46902886 -4.15546008
v 106.29416717 -10.10642313 -5.00826237
v 106.15657452 -9.66940671 -5.83048364
v 106.02536603 -9.15757443 -6.61455465
v 105.90194161 -8.57175424 -7.35210991
v 105.78768767 -7.91492846 -8.03486454
v 105.68380093 -7.19255582 -8.65566717
v 105.59114479 -6.41220264 -9.20935847
v 105.51019092 -5.58263457 -9.69311968
v 105.44107030 -4.71270250 -10.10616825
v 105.38371883 -3.81041489 -10.44888713
v 105.33806907 -2.88250371 -10.72167932
v 105.30422147 -1.93459834 -10.92394463
v 105.28253422 -0.97189148 -11.05354252
v 105.27359811 -0.00000000 -11.10694260
v 105.27810196 0.97434317 -11.08002861
v 105.29663233 1.94305894 -10.96929551
v 105.32947391 2.89706488 -10.77304197
v 105.37647736 3.82707901 -10.49216043
v 105.43703797 4.72459077 -10.13026449
v 105.51019092 5.58263457 -9.69311968
v 105.59478934 6.39606792 -9.18757946
v 105.68970423 7.16123750 -8.62039045
v 105.79397976 7.87514658 -7.99726447
v 105.90689506 8.53443052 -7.32250922
v 106.02791797 9.13453165 -6.59930482
v 106.15657452 9.66940671 -5.83048364
v 106.29228686 10.13191760 -5.01949864
v 106.43424165 10.51481317 -4.17121027
v 106.58133717 10.81199334 -3.29220210
v 106.73222735 11.01963483 -2.39051793
v 106.88544411 11.13679341 -1.47493069
v 107.03955093 11.16526914 -0.55402467
v 107.19326997 11.10877042 0.36456411
v 107.34553633 10.97165239 1.27447200
v 107.49546162 10.75765029 2.17039018
v 107.64222452 10.46902886 3.04741073
v 107.78493469 10.10642313 3.90021303
v 107.92252734 9.66940671 4.72243429
v 108.05373582 9.15757443 5.50650530
v 108.17716025 8.57175424 6.24406056
v 108.29141419 7.91492846 6.92681519
v 108.39530092 7.19255582 7.54761783
v 108.48795707 6.41220264 8.10130913
v 108.56891093 5.58263457 8.58507034
v 108.63803155 4.71270250 8.99811890
v 108.69538303 3.81041489 9.34083778
v 108.74103278 2.88250371 9.61362997
v 108.77488039 1.93459834 9.81589528
v 108.79656764 0.97189148 9.94549317
v 109.77131530 0.00000000 9.87617081
v 109.76604023 -0.97370612 9.84770903
v 109.74530164 -1.94158242 9.73581361
v 109.70884003 -2.89475109 9.53908436
v 109.65683427 -3.82417084 9.25848641
v 109.58992228 -4.72150169 8.89746162
v 109.50910728 -5.57979509 8.46142293
v 109.41558284 -6.39374577 7.95681020
v 109.31053633 -7.15940234 7.39002992
v 109.19499607 -7.87343670 6.76663050
v 109.06977011 -8.53224346 6.09097167
v 108.93549074 -9.13121527 5.36646503
v 108.79274165 -9.66448858 4.59625985
v 108.64221582 -10.12529305 3.78409513
v 108.48484367 -10.50682303 2.93499101
v 108.32184384 -10.80335816 2.05552260
v 108.15467896 -11.01126108 1.15358164
v 107.98493469 -11.12951184 0.23772351
v 107.81416800 -11.15959017 -0.68365111
v 107.64378143 -11.10473728 -1.60297474
v 107.47496883 -10.96884076 -2.51380602
v 107.30874984 -10.75531455 -3.41064345
v 107.14607606 -10.46634603 -4.28835260
v 106.98796343 -10.10275390 -5.14145204
v 106.83559434 -9.66448858 -5.96356208
v 106.69034359 -9.15158693 -6.74726502
v 106.55371003 -8.56524061 -7.48447372
v 106.42717181 -7.90860707 -8.16721288
v 106.31201269 -7.18709024 -8.78855588
v 106.20918040 -6.40801016 -9.34338922
v 106.11922871 -5.57979509 -9.82872516
v 106.04236658 -4.71099151 -10.24343606
v 105.97860050 -3.80943842 -10.58748706
v 105.92792176 -2.88187785 -10.86092507
v 105.89047395 -1.93410257 -11.06297539
v 105.86664068 -0.97153862 -11.19156819
v 105.85702069 -0.00000000 -11.24347304
v 105.86229576 0.97370612 -11.21501126
v 105.88303435 1.94158242 -11.10311584
v 105.91949597 2.89475109 -10.90638659
v 105.97150172 3.82417084 -10.62578864
v 106.03841371 4.72150169 -10.26476385
v 106.11922871 5.57979509 -9.82872516
v 106.21275315 6.39374577 -9.32411243
v 106.31779966 7.15940234 -8.75733215
v 106.43333992 7.87343670 -8.13393273
v 106.55856588 8.53224346 -7.45827390
v 106.69284525 9.13121527 -6.73376726
v 106.83559434 9.66448858 -5.96356208
v 106.98612017 10.12529305 -5.15139736
v 107.14349232 10.50682303 -4.30229324
v 107.30649215 10.80335816 -3.42282483
v 107.47365703 11.01126108 -2.52088387
v 107.64340130 11.12951184 -1.60502574
v 107.81416800 11.15959017 -0.68365111
v 107.98455456 11.10473728 0.23567251
v 108.15336716 10.96884076 1.14650380
v 108.31958615 10.75531455 2.04334122
v 108.48225993 10.46634603 2.92105038
v 108.64037256 10.10275390 3.77414981
v 108.79274165 9.66448858 4.59625985
v 108.93799240 9.15158693 5.37996279
v 109.07462596 8.56524061 6.11717149
v 109.20116418 7.90860707 6.79991065
v 109.31632330 7.18709024 7.42125366
v 109.41915559 6.40801016 7.97608700
v 109.50910728 5.57979509 8.46142293
v 109.58596941 4.71099151 8.87613383
v 109.64973549 3.80943842 9.22018483
v 109.70041423 2.88187785 9.49362284
v 109.73786204 1.93410257 9.69567316
v 109.76169531 0.97153862 9.82426596
v 110.73501412 0.00000000 9.73397551
v 110.72893153 -0.97346716 9.70407861
v 110.70595655 -1.94091301 9.59115296
v 110.66586184 -2.89364788 9.39408121
v 110.60885754 -3.82285236 9.11389608
v 110.53561078 -4.72034301 8.75387675
v 110.44715505 -5.57918466 8.31910299
v 110.34472106 -6.39391782 7.81562381
v 110.22954668 -7.16031078 7.24952368
v 110.10272903 -7.87472419 6.62619500
v 109.96516455 -8.53332610 5.95004396
v 109.81759110 -9.13146099 5.22469727
v 109.66070946 -9.66343129 4.45359938
v 109.49533447 -10.12280825 3.64075535
v 109.32251739 -10.50320053 2.79133227
v 109.14359363 -10.79924091 1.91189389
v 108.96013895 -11.00746466 1.01018534
v 108.77385159 -11.12678060 0.09455372
v 108.58640479 -11.15836931 -0.82677674
v 108.39932431 -11.10503610 -1.74630670
v 108.21393476 -10.97023257 -2.65752542
v 108.03139160 -10.75707329 -3.55475374
v 107.85278205 -10.46767408 -4.43264773
v 107.67925139 -10.10302575 -5.28557817
v 107.51210013 -9.66343129 -6.10715287
v 107.35280773 -9.14934108 -6.89010001
v 107.20296564 -8.56228752 -7.62659743
v 107.06413658 -7.90559303 -8.30896406
v 106.93768621 -7.18461230 -8.93048748
v 106.82464561 -6.40643760 -9.48609978
v 106.72565453 -5.57918466 -9.97265648
v 106.64100804 -4.71111828 -10.38870725
v 106.57079287 -3.80992179 -10.73382584
v 106.51506736 -2.88234910 -11.00772548
v 106.47402229 -1.93434799 -11.20946843
v 106.44806509 -0.97156477 -11.33705219
v 106.43779546 -0.00000000 -11.38752900
v 106.44387805 0.97346716 -11.35763210
v 106.46685304 1.94091301 -11.24470645
v 106.50694774 2.89364788 -11.04763470
v 106.56395205 3.82285236 -10.76744957
v 106.63719881 4.72034301 -10.40743024
v 106.72565453 5.57918466 -9.97265648
v 106.82808853 6.39391782 -9.46917730
v 106.94326290 7.16031078 -8.90307716
v 107.07008055 7.87472419 -8.27974849
v 107.20764504 8.53332610 -7.60359745
v 107.35521849 9.13146099 -6.87825076
v 107.51210013 9.66343129 -6.10715287
v 107.67747511 10.12280825 -5.29430884
v 107.85029219 10.50320053 -4.44488576
v 108.02921595 10.79924091 -3.56544738
v 108.21267063 11.00746466 -2.66373883
v 108.39895799 11.12678060 -1.74810721
v 108.58640479 11.15836931 -0.82677674
v 108.77348527 11.10503610 0.09275321
v 108.95887482 10.97023257 1.00397193
v 109.14141798 10.75707329 1.90120025
v 109.32002753 10.46767408 2.77909424
v 109.49355819 10.10302575 3.63202468
v 109.66070946 9.66343129 4.45359938
v 109.82000185 9.14934108 5.23654652
v 109.96984395 8.56228752 5.97304394
v 110.10867301 7.90559303 6.65541057
v 110.23512337 7.18461230 7.27693399
v 110.34816397 6.40643760 7.83254629
v 110.44715505 5.57918466 8.31910299
v 110.53180154 4.71111828 8.73515376
v 110.60201671 3.80992179 9.08027235
v 110.65774222 2.88234910 9.35417199
v 110.69878729 1.93434799 9.55591494
v 110.72474450 0.97156477 9.68349870
v 111.69482881 0.00000000 9.56629938
v 111.68796471 -0.97366975 9.53533739
v 111.66278285 -1.94116903 9.42174938
v 111.61908382 -2.89394895 9.22463578
v 111.55710777 -3.82335662 8.94507991
v 111.47755327 -4.72132534 8.58623273
v 111.38148866 -5.58092744 8.15291330
v 111.27018717 -6.39658307 7.65086470
v 111.14494152 -7.16384402 7.08591810
v 111.00691938 -7.87883098 6.46334046
v 110.85710437 -8.53753685 5.78756860
v 110.69633611 -9.13526736 5.06238983
v 110.52542745 -9.66644987 4.29147071
v 110.34531046 -10.12491487 3.47901546
v 110.15715430 -10.50458598 2.63029789
v 109.96241058 -10.80036451 1.75186571
v 109.76276954 -11.00891663 0.85134320
v 109.56004428 -11.12909616 -0.06309137
v 109.35602609 -11.16185487 -0.98335797
v 109.15236410 -11.10966514 -1.90201781
v 108.95051188 -10.97564581 -2.81251435
v 108.75175720 -10.76268327 -3.70903877
v 108.55731902 -10.47283934 -4.58609274
v 108.36846897 -10.10723711 -5.43794024
v 108.18662472 -9.66644987 -6.25818664
v 108.01337184 -9.15124512 -7.03967990
v 107.85039754 -8.56341695 -7.77480946
v 107.69935285 -7.90641556 -8.45612804
v 107.56168786 -7.18556001 -9.07709468
v 107.43851710 -6.40777082 -9.63268206
v 107.33056351 -5.58092744 -10.11962923
v 107.23820302 -4.71308207 -10.53624048
v 107.16159644 -3.81180179 -10.88179041
v 107.10086391 -2.88385229 -11.15573720
v 107.05624073 -1.93530249 -11.35701931
v 107.02815895 -0.97196976 -11.48368804
v 107.01722336 -0.00000000 -11.53301531
v 107.02408747 0.97366975 -11.50205332
v 107.04926932 1.94116903 -11.38846531
v 107.09296836 2.89394895 -11.19135172
v 107.15494440 3.82335662 -10.91179584
v 107.23449891 4.72132534 -10.55294866
v 107.33056351 5.58092744 -10.11962923
v 107.44186500 6.39658307 -9.61758064
v 107.56711065 7.16384402 -9.05263403
v 107.70513279 7.87883098 -8.43005640
v 107.85494781 8.53753685 -7.75428454
v 108.01571607 9.13526736 -7.02910577
v 108.18662472 9.66644987 -6.25818664
v 108.36674172 10.12491487 -5.44573139
v 108.55489787 10.50458598 -4.59701383
v 108.74964160 10.80036451 -3.71858165
v 108.94928263 11.00891663 -2.81805913
v 109.15200789 11.12909616 -1.90362457
v 109.35602609 11.16185487 -0.98335797
v 109.55968807 11.10966514 -0.06469812
v 109.76154029 10.97564581 0.84579842
v 109.96029497 10.76268327 1.74232283
v 110.15473316 10.47283934 2.61937681
v 110.34358320 10.10723711 3.47122431
v 110.52542745 9.66644987 4.29147071
v 110.69868033 9.15124512 5.07296396
v 110.86165463 8.56341695 5.80809352
v 111.01269933 7.90641556 6.48941210
v 111.15036432 7.18556001 7.11037874
v 111.27353507 6.40777082 7.66596613
v 111.38148866 5.58092744 8.15291330
v 111.47384915 4.71308207 8.56952455
v 111.55045573 3.81180179 8.91507448
v 111.61118827 2.88385229 9.18902126
v 111.65581144 1.93530249 9.39030338
v 111.68389322 0.97196976 9.51697211
v 112.65016914 0.00000000 9.37391363
v 112.64256302 -0.97390302 9.34223190
v 112.61521654 -1.94152789 9.22832559
v 112.56795141 -2.89442604 9.03145217
v 112.50103606 -3.82406344 8.75272968
v 112.41520391 -4.72245649 8.39521304
v 112.31156553 -5.58268230 7.96352813
v 112.19144528 -6.39907407 7.46319125
v 112.05619764 -7.16702767 6.89984430
v 111.90706383 -7.88249106 6.27865728
v 111.74511283 -8.54133097 5.60408283
v 111.57128025 -9.13882488 4.88001801
v 111.38648329 -9.66948939 4.11028327
v 111.19176414 -10.12734063 3.29921962
v 110.98840551 -10.50652794 2.45217000
v 110.77797448 -10.80214504 1.57566165
v 110.56227818 -11.01095182 0.67722191
v 110.34324837 -11.13176251 -0.23510291
v 110.12279745 -11.16536461 -1.15334708
v 109.90269845 -11.11399154 -2.07012536
v 109.68453120 -10.98052344 -2.97885737
v 109.46971062 -10.76768303 -3.87364948
v 109.25958146 -10.47749352 -4.74890044
v 109.05553727 -10.11117314 -5.59880563
v 108.85911160 -9.66948939 -6.41697744
v 108.67199856 -9.15343761 -7.19635936
v 108.49598642 -8.56500005 -7.92950267
v 108.33282051 -7.90771900 -8.60913760
v 108.18403956 -7.18688839 -9.22885485
v 108.05084190 -6.40930601 -9.78366303
v 107.93402936 -5.58268230 -10.27022230
v 107.83405062 -4.71491747 -10.68666369
v 107.75113101 -3.81349577 -11.03204875
v 107.68544424 -2.88519197 -11.30565385
v 107.63726607 -1.93616254 -11.50633036
v 107.60705447 -0.97234827 -11.63217072
v 107.59542576 -0.00000000 -11.68060780
v 107.60303187 0.97390302 -11.64892607
v 107.63037835 1.94152789 -11.53501975
v 107.67764348 2.89442604 -11.33814634
v 107.74455883 3.82406344 -11.05942385
v 107.83039098 4.72245649 -10.70190721
v 107.93402936 5.58268230 -10.27022230
v 108.05414961 6.39907407 -9.76988542
v 108.18939725 7.16702767 -9.20653847
v 108.33853106 7.88249106 -8.58535145
v 108.50048206 8.54133097 -7.91077700
v 108.67431464 9.13882488 -7.18671218
v 108.85911160 9.66948939 -6.41697744
v 109.05383076 10.12734063 -5.60591379
v 109.25718938 10.50652794 -4.75886417
v 109.46762041 10.80214504 -3.88235582
v 109.68331671 11.01095182 -2.98391608
v 109.90234652 11.13176251 -2.07159126
v 110.12279745 11.16536461 -1.15334708
v 110.34289644 11.11399154 -0.23656881
v 110.56106369 10.98052344 0.67216320
v 110.77588427 10.76768303 1.56695531
v 110.98601343 10.47749352 2.44220627
v 111.19005762 10.11117314 3.29211146
v 111.38648329 9.66948939 4.11028327
v 111.57359633 9.15343761 4.88966519
v 111.74960847 8.56500005 5.62280850
v 111.91277438 7.90771900 6.30244343
v 112.06155533 7.18688839 6.92216068
v 112.19475299 6.40930601 7.47696886
v 112.31156553 5.58268230 7.96352813
v 112.41154427 4.71491747 8.37996953
v 112.49446388 3.81349577 8.72535458
v 112.56015065 2.88519197 8.99895968
v 112.60832882 1.93616254 9.19963619
v 112.63854042 0.97234827 9.32547655
v 113.60038699 0.00000000 9.15718689
v 113.59209431 -0.97406736 9.12512146
v 113.56264036 -1.94178981 9.01123149
v 113.51185846 -2.89478069 8.81487246
v 113.44004274 -3.82457931 8.53718166
v 113.34796649 -4.72325336 8.18114923
v 113.23679311 -5.58388273 7.75127366
v 113.10791046 -6.40074671 7.25292144
v 112.96274483 -7.16914461 6.69160757
v 112.80261534 -7.88491747 6.07243278
v 112.62867390 -8.54385385 5.39985116
v 112.44194395 -9.14121365 4.67781999
v 112.24343615 -9.67156859 3.91024728
v 112.03429283 -10.12904952 3.10155009
v 111.81590420 -10.50794531 2.25710391
v 111.58995192 -10.80346860 1.38341127
v 111.35836364 -11.01243723 0.48792584
v 111.12319542 -11.13364089 -0.42140221
v 110.88648530 -11.16776546 -1.33669232
v 110.65013118 -11.11689660 -2.25060589
v 110.41583548 -10.98376679 -3.15656016
v 110.18513303 -10.77099756 -4.04862032
v 109.95948611 -10.48058828 -4.92113223
v 109.74040400 -10.11381608 -5.76825989
v 109.52953446 -9.67156859 -6.58363192
v 109.32868382 -9.15498216 -7.36026369
v 109.13974914 -8.56615550 -8.09081990
v 108.96457876 -7.90868791 -8.76815351
v 108.80480621 -7.18785792 -9.38594813
v 108.66171423 -6.41038752 -9.93924376
v 108.53617749 -5.58388273 -10.42465829
v 108.42870602 -4.71614989 -10.84021964
v 108.33957595 -3.81462217 -11.18486005
v 108.26900300 -2.88608010 -11.45774543
v 108.21729751 -1.93673443 -11.65767571
v 108.18494536 -0.97260243 -11.78277219
v 108.17258361 -0.00000000 -11.83057152
v 108.18087630 0.97406736 -11.79850609
v 108.21033024 1.94178981 -11.68461612
v 108.26111214 2.89478069 -11.48825709
v 108.33292787 3.82457931 -11.21056629
v 108.42500411 4.72325336 -10.85453387
v 108.53617749 5.58388273 -10.42465829
v 108.66506014 6.40074671 -9.92630608
v 108.81022578 7.16914461 -9.36499221
v 108.97035527 7.88491747 -8.74581742
v 109.14429670 8.54385385 -8.07323580
v 109.33102666 9.14121365 -7.35120462
v 109.52953446 9.67156859 -6.58363192
v 109.73867777 10.12904952 -5.77493472
v 109.95706640 10.50794531 -4.93048854
v 110.18301868 10.80346860 -4.05679590
v 110.41460696 11.01243723 -3.16131048
v 110.64977519 11.13364089 -2.25198242
v 110.88648530 11.16776546 -1.33669232
v 111.12283942 11.11689660 -0.42277875
v 111.35713513 10.98376679 0.48317552
v 111.58783757 10.77099756 1.37523569
v 111.81348449 10.48058828 2.24774760
v 112.03256660 10.11381608 3.09487525
v 112.24343615 9.67156859 3.91024728
v 112.44428678 9.15498216 4.68687905
v 112.63322146 8.56615550 5.41743527
v 112.80839184 7.90868791 6.09476887
v 112.96816440 7.18785792 6.71256349
v 113.11125638 6.41038752 7.26585913
v 113.23679311 5.58388273 7.75127366
v 113.34426458 4.71614989 8.16683501
v 113.43339465 3.81462217 8.51147541
v 113.50396761 2.88608010 8.78436079
v 113.55567310 1.93673443 8.98429108
v 113.58802525 0.97260243 9.10938756
v 114.54465147 0.00000000 8.91577136
v 114.53575121 -0.97423194 8.88367806
v 114.50426894 -1.94209545 8.77015668
v 114.45003572 -2.89522410 8.57459800
v 114.37336774 -3.82518132 8.29814220
v 114.27508552 -4.72405142 7.94374796
v 114.15642063 -5.58491449 7.51585618
v 114.01884251 -6.40203077 7.01976550
v 113.86386379 -7.17066603 6.46093028
v 113.69288800 -7.88662431 5.84441152
v 113.50714658 -8.54566701 5.17464960
v 113.30773914 -9.14304748 4.45560960
v 113.09575425 -9.67335566 3.69121677
v 112.87242010 -10.13076097 2.88589986
v 112.63922577 -10.50959930 2.04502827
v 112.39796650 -10.80512343 1.17507542
v 112.15069585 -11.01417064 0.28344626
v 111.89960252 -11.13552207 -0.62196702
v 111.64685703 -11.16982899 -1.53333782
v 111.39448367 -11.11912677 -2.44336676
v 111.14430240 -10.98609774 -3.34549128
v 110.89795772 -10.77332915 -4.23378150
v 110.65701763 -10.48281245 -5.10258337
v 110.42309841 -10.11584502 -5.94606886
v 110.19795981 -9.67335566 -6.75789241
v 109.98352593 -9.15652902 -7.53111602
v 109.78181386 -8.56750385 -8.25846623
v 109.59478780 -7.90989934 -8.93286039
v 109.42418513 -7.18898932 -9.54803376
v 109.27137403 -6.41147065 -10.09905280
v 109.13729343 -5.58491449 -10.58253181
v 109.02249819 -4.71709600 -10.99647008
v 108.92729564 -3.81543170 -11.33975938
v 108.85192674 -2.88670485 -11.61153084
v 108.79672808 -1.93714544 -11.81057078
v 108.76221629 -0.97279754 -11.93501627
v 108.74906259 -0.00000000 -11.98244700
v 108.75796285 0.97423194 -11.95035369
v 108.78944512 1.94209545 -11.83683232
v 108.84367834 2.89522410 -11.64127363
v 108.92034632 3.82518132 -11.36481784
v 109.01862854 4.72405142 -11.01042359
v 109.13729343 5.58491449 -10.58253181
v 109.27487155 6.40203077 -10.08644113
v 109.42985027 7.17066603 -9.52760592
v 109.60082606 7.88662431 -8.91108716
v 109.78656748 8.54566701 -8.24132523
v 109.98597492 9.14304748 -7.52228523
v 110.19795981 9.67335566 -6.75789241
v 110.42129396 10.13076097 -5.95257549
v 110.65448829 10.50959930 -5.11170390
v 110.89574756 10.80512343 -4.24175106
v 111.14301821 11.01417064 -3.35012189
v 111.39411154 11.13552207 -2.44470861
v 111.64685703 11.16982899 -1.53333782
v 111.89923039 11.11912677 -0.62330887
v 112.14941166 10.98609774 0.27881564
v 112.39575634 10.77332915 1.16710586
v 112.63669643 10.48281245 2.03590774
v 112.87061565 10.11584502 2.87939323
v 113.09575425 9.67335566 3.69121677
v 113.31018813 9.15652902 4.46444038
v 113.51190020 8.56750385 5.19179059
v 113.69892625 7.90989934 5.86618476
v 113.86952893 7.18898932 6.48135813
v 114.02234003 6.41147065 7.03237716
v 114.15642063 5.58491449 7.51585618
v 114.27121587 4.71709600 7.92979444
v 114.36641842 3.81543170 8.27308374
v 114.44178731 2.88670485 8.54485521
v 114.49698598 1.93714544 8.74389515
v 114.53149777 0.97279754 8.86834064
v 115.48197735 0.00000000 8.64893059
v 115.47257840 -0.97442631 8.61720028
v 115.43917481 -1.94250870 8.50443163
v 115.38157607 -2.89585422 8.30998157
v 115.30011548 -3.82599526 8.03497521
v 115.19567098 -4.72499392 7.68237649
v 115.06956384 -5.58592735 7.25664592
v 114.92337025 -6.40307540 6.76310463
v 114.75870961 -7.17174052 6.20721962
v 114.57707896 -7.88776758 5.59404482
v 114.37978464 -8.54694753 4.92799036
v 114.16798641 -9.14453937 4.21297153
v 113.94282918 -9.67510997 3.45285346
v 113.70560732 -10.13278217 2.65200586
v 113.45789694 -10.51183559 1.81574966
v 113.20160559 -10.80747507 0.95052455
v 112.93892047 -11.01651430 0.06371444
v 112.67217474 -11.13774373 -0.83680404
v 112.40368101 -11.17185470 -1.74322368
v 112.13559234 -11.12094110 -2.64827589
v 111.86983937 -10.98774395 -3.54544287
v 111.60816215 -10.77489089 -4.42885035
v 111.35221823 -10.48438324 -5.29290253
v 111.10371882 -10.11749564 -6.13182249
v 110.86453284 -9.67510997 -6.93930082
v 110.63670992 -9.15835586 -7.70841811
v 110.42240315 -8.56932689 -8.43190566
v 110.22371053 -7.91162085 -9.10268070
v 110.04248600 -7.19051903 -9.71448445
v 109.88018477 -6.41274981 -10.26240421
v 109.73779818 -5.58592735 -10.74309329
v 109.61590310 -4.71786570 -11.15460420
v 109.51481077 -3.81600343 -11.49588617
v 109.43476421 -2.88712331 -11.76611885
v 109.37611461 -1.93743571 -11.96411657
v 109.33941342 -0.97295627 -12.08801770
v 109.32538467 -0.00000000 -12.13537796
v 109.33478362 0.97442631 -12.10364765
v 109.36818722 1.94250870 -11.99087900
v 109.42578595 2.89585422 -11.79642893
v 109.50724654 3.82599526 -11.52142257
v 109.61169104 4.72499392 -11.16882386
v 109.73779818 5.58592735 -10.74309329
v 109.88399177 6.40307540 -10.24955200
v 110.04865242 7.17174052 -9.69366698
v 110.23028307 7.88776758 -9.08049218
v 110.42757739 8.54694753 -8.41443772
v 110.63937561 9.14453937 -7.69941889
v 110.86453284 9.67510997 -6.93930082
v 111.10175471 10.13278217 -6.13845323
v 111.34946508 10.51183559 -5.30219702
v 111.60575643 10.80747507 -4.43697191
v 111.86844156 11.01651430 -3.55016180
v 112.13518728 11.13774373 -2.64964333
v 112.40368101 11.17185470 -1.74322368
v 112.67176969 11.12094110 -0.83817148
v 112.93752265 10.98774395 0.05899550
v 113.19919987 10.77489089 0.94240298
v 113.45514379 10.48438324 1.80645517
v 113.70364320 10.11749564 2.64537513
v 113.94282918 9.67510997 3.45285346
v 114.17065210 9.15835586 4.22197074
v 114.38495888 8.56932689 4.94545829
v 114.58365150 7.91162085 5.61623334
v 114.76487602 7.19051903 6.22803709
v 114.92717725 6.41274981 6.77595684
v 115.06956384 5.58592735 7.25664592
v 115.19145893 4.71786570 7.66815683
v 115.29255125 3.81600343 8.00943880
v 115.37259782 2.88712331 8.27967148
v 115.43124742 1.93743571 8.47766921
v 115.46794860 0.97295627 8.60157033
v 116.41156533 0.00000000 8.35674326
v 116.40179819 -0.97461888 8.32576584
v 116.36660055 -1.94296735 8.21413320
v 116.30573727 -2.89657874 8.02109953
v 116.21955268 -3.82689863 7.74775694
v 116.10899453 -4.72592766 7.39711128
v 115.97549964 -5.58673709 6.97371958
v 115.82078128 -6.40366593 6.48301563
v 115.64659018 -7.17212471 5.93055204
v 115.45452791 -7.88807843 5.32140834
v 115.24597023 -8.54740539 4.65994789
v 115.02211780 -9.14538273 3.94997870
v 114.78414602 -9.67651248 3.19522864
v 114.53339180 -10.13478457 2.39993787
v 114.27150420 -10.51431757 1.56933650
v 114.00050155 -10.81017902 0.70982590
v 113.72271407 -11.01911544 -0.17120340
v 113.44063368 -11.13994473 -1.06584812
v 113.15672671 -11.17347417 -1.96628598
v 112.87327792 -11.12196673 -2.86527068
v 112.59232049 -10.98833255 -3.75635384
v 112.31567310 -10.77531553 -4.63376724
v 112.04506346 -10.48494489 -5.49203138
v 111.78228333 -10.11842873 -6.32546348
v 111.52930740 -9.67651248 -7.12780060
v 111.28832033 -9.16016570 -7.89211395
v 111.06163036 -8.57135022 -8.61108269
v 110.85149099 -7.91360028 -9.27755961
v 110.65988811 -7.19221681 -9.88524633
v 110.48836586 -6.41401707 -10.42924538
v 110.33795379 -5.58673709 -10.90629155
v 110.20922336 -4.71830081 -11.31457229
v 110.10245702 -3.81620785 -11.65319186
v 110.01787191 -2.88723709 -11.92146156
v 109.95581994 -1.93753950 -12.11826526
v 109.91689224 -0.97304601 -12.24172816
v 109.90188810 -0.00000000 -12.28931522
v 109.91165524 0.97461888 -12.25833780
v 109.94685287 1.94296735 -12.14670517
v 110.00771616 2.89657874 -11.95367150
v 110.09390074 3.82689863 -11.68032890
v 110.20445890 4.72592766 -11.32968324
v 110.33795379 5.58673709 -10.90629155
v 110.49267215 6.40366593 -10.41558759
v 110.66686325 7.17212471 -9.86312401
v 110.85892552 7.88807843 -9.25398030
v 111.06748320 8.54740539 -8.59251986
v 111.29133562 9.14538273 -7.88255066
v 111.52930740 9.67651248 -7.12780060
v 111.78006162 10.13478457 -6.33250983
v 112.04194923 10.51431757 -5.50190846
v 112.31295188 10.81017902 -4.64239787
v 112.59073935 11.01911544 -3.76136856
v 112.87281975 11.13994473 -2.86672384
v 113.15672671 11.17347417 -1.96628598
v 113.44017550 11.12196673 -1.06730128
v 113.72113294 10.98833255 -0.17621813
v 113.99778032 10.77531553 0.70119528
v 114.26838997 10.48494489 1.55945942
v 114.53117010 10.11842873 2.39289152
v 114.78414602 9.67651248 3.19522864
v 115.02513309 9.16016570 3.95954199
v 115.25182307 8.57135022 4.67851072
v 115.46196243 7.91360028 5.34498765
v 115.65356532 7.19221681 5.95267436
v 115.82508756 6.41401707 6.49667342
v 115.97549964 5.58673709 6.97371958
v 116.10423006 4.71830081 7.38200033
v 116.21099640 3.81620785 7.72061990
v 116.29558152 2.88723709 7.98888960
v 116.35763348 1.93753950 8.18569329
v 116.39656119 0.97304601 8.30915619
v 117.33603223 0.00000000 8.04953208
v 117.32590459 -0.97465400 8.01926376
v 117.28892807 -1.94310629 7.90875257
v 117.22482205 -2.89682344 7.71715987
v 117.13394161 -3.82717228 7.44554689
v 117.01730447 -4.72609797 7.09695521
v 116.87646353 -5.58666736 6.67602601
v 116.71326973 -6.40327481 6.18829116
v 116.52960554 -7.17143115 5.63937676
v 116.32717697 -7.88721270 5.03438153
v 116.10742859 -8.54657883 4.37762285
v 115.87160090 -9.14482415 3.67280818
v 115.62089849 -9.67639172 2.92353766
v 115.35669955 -10.13514981 2.13393025
v 115.08072504 -10.51506941 1.30912938
v 114.79510347 -10.81109224 0.45549650
v 114.50230772 -11.01990337 -0.41957775
v 114.20498821 -11.14034619 -1.30817210
v 113.90576475 -11.17333472 -2.20245677
v 113.60705319 -11.12128743 -3.09521150
v 113.31098833 -10.98726996 -3.98005611
v 113.01946636 -10.77413291 -4.85132342
v 112.73428388 -10.48393097 -5.70364400
v 112.45731219 -10.11781073 -6.53142515
v 112.19063101 -9.67639172 -7.32845119
v 111.93655970 -9.16049581 -8.08779027
v 111.69756172 -8.57196312 -8.80207995
v 111.47604617 -7.91426881 -9.46412014
v 111.27413085 -7.19273109 -10.06758141
v 111.09344849 -6.41424822 -10.60758408
v 110.93506596 -5.58666736 -11.08093954
v 110.79954821 -4.71801263 -11.48595943
v 110.68714753 -3.81583881 -11.82188964
v 110.59805414 -2.88692021 -12.08816172
v 110.53262004 -1.93735214 -12.28372363
v 110.49147603 -0.97298657 -12.40669011
v 110.47549726 -0.00000000 -12.45444561
v 110.48562490 0.97465400 -12.42417729
v 110.52260143 1.94310629 -12.31366610
v 110.58670745 2.89682344 -12.12207341
v 110.67758788 3.82717228 -11.85046042
v 110.79422503 4.72609797 -11.50186874
v 110.93506596 5.58666736 -11.08093954
v 111.09825976 6.40327481 -10.59320470
v 111.28192395 7.17143115 -10.04429030
v 111.48435253 7.88721270 -9.43929506
v 111.70410090 8.54657883 -8.78253639
v 111.93992859 9.14482415 -8.07772172
v 112.19063101 9.67639172 -7.32845119
v 112.45482995 10.13514981 -6.53884379
v 112.73080446 10.51506941 -5.71404292
v 113.01642602 10.81109224 -4.86041003
v 113.30922177 11.01990337 -3.98533578
v 113.60654128 11.14034619 -3.09674143
v 113.90576475 11.17333472 -2.20245677
v 114.20447630 11.12128743 -1.30970203
v 114.50054117 10.98726996 -0.42485742
v 114.79206313 10.77413291 0.44640989
v 115.07724561 10.48393097 1.29873047
v 115.35421731 10.11781073 2.12651162
v 115.62089849 9.67639172 2.92353766
v 115.87496979 9.16049581 3.68287674
v 116.11396778 8.57196312 4.39716642
v 116.33548332 7.91426881 5.05920661
v 116.53739864 7.19273109 5.66266787
v 116.71808100 6.41424822 6.20267054
v 116.87646353 5.58666736 6.67602601
v 117.01198129 4.71801263 7.08104590
v 117.12438196 3.81583881 7.41697611
v 117.21347535 2.88692021 7.68324818
v 117.27890945 1.93735214 7.87881009
v 117.32005346 0.97298657 8.00177657
v 118.25431129 0.00000000 7.72499599
v 118.24386399 -0.97459214 7.69549371
v 118.20515459 -1.94305906 7.58618174
v 118.13785027 -2.89679451 7.39612021
v 118.04231500 -3.82707924 7.12633692
v 117.91963985 -4.72579802 6.77991298
v 117.77150110 -5.58601350 6.36158206
v 117.59989590 -6.40218174 5.87698393
v 117.40684526 -7.16992481 5.33182575
v 117.19416250 -7.88544233 4.73122816
v 116.96335907 -8.54478365 4.07945936
v 116.71570931 -9.14326309 3.38011803
v 116.45243912 -9.67525919 2.63666594
v 116.17496068 -10.13450655 1.85309099
v 115.88506228 -10.51481381 1.03444318
v 115.58498170 -10.81098427 0.18704175
v 115.27733666 -11.01963550 -0.68172105
v 114.96493971 -11.13963914 -1.56390282
v 114.65056695 -11.17202700 -2.45166410
v 114.33676568 -11.11938898 -3.33781156
v 114.02576938 -10.98496211 -4.21603801
v 113.71954636 -10.77171454 -5.08078514
v 113.41995597 -10.48172885 -5.92680230
v 113.12894434 -10.11608357 -6.74859380
v 112.84869478 -9.67525919 -7.53999414
v 112.58166364 -9.15991441 -8.29406682
v 112.33047464 -8.57175475 -9.00340266
v 112.09769838 -7.91418977 -9.66074255
v 111.88558861 -7.19255625 -10.25972207
v 111.69586681 -6.41384112 -10.79547990
v 111.52963280 -5.58601350 -11.26491026
v 111.38743673 -4.71720724 -11.66645958
v 111.26949107 -3.81503730 -11.99952785
v 111.17595081 -2.88627221 -12.26367739
v 111.10716385 -1.93694520 -12.45792576
v 111.06380197 -0.97282048 -12.58037593
v 111.04682261 -0.00000000 -12.62832418
v 111.05726991 0.97459214 -12.59882191
v 111.09597931 1.94305906 -12.48950994
v 111.16328363 2.89679451 -12.29944841
v 111.25881890 3.82707924 -12.02966512
v 111.38149405 4.72579802 -11.68324118
v 111.52963280 5.58601350 -11.26491026
v 111.70123800 6.40218174 -10.78031212
v 111.89428864 7.16992481 -10.23515394
v 112.10697140 7.88544233 -9.63455636
v 112.33777483 8.54478365 -8.98278756
v 112.58542459 9.14326309 -8.28344623
v 112.84869478 9.67525919 -7.53999414
v 113.12617322 10.13450655 -6.75641919
v 113.41607162 10.51481381 -5.93777137
v 113.71615220 10.81098427 -5.09036995
v 114.02379724 11.01963550 -4.22160715
v 114.33619419 11.13963914 -3.33942537
v 114.65056695 11.17202700 -2.45166410
v 114.96436822 11.11938898 -1.56551664
v 115.27536452 10.98496211 -0.68729019
v 115.58158754 10.77171454 0.17745694
v 115.88117793 10.48172885 1.02347411
v 116.17218956 10.11608357 1.84526561
v 116.45243912 9.67525919 2.63666594
v 116.71947026 9.15991441 3.39073862
v 116.97065926 8.57175475 4.10007447
v 117.20343552 7.91418977 4.75741436
v 117.41554529 7.19255625 5.35639387
v 117.60526709 6.41384112 5.89215170
v 117.77150110 5.58601350 6.36158206
v 117.91369717 4.71720724 6.76313139
v 118.03164283 3.81503730 7.09619965
v 118.12518309 2.88627221 7.36034920
v 118.19397005 1.93694520 7.55459757
v 118.23733193 0.97282048 7.67704773
v 119.16652051 0.00000000 7.38450646
v 119.15577759 -0.97440730 7.35577322
v 119.11536640 -1.94276696 7.24768857
v 119.04489820 -2.89640070 7.05921281
v 118.94474477 -3.82650392 6.79134029
v 118.81607228 -4.72490171 6.44719007
v 118.66068414 -5.58465344 6.03158563
v 118.48072812 -6.40027781 5.55027139
v 118.27836725 -7.16750915 5.00903265
v 118.05552345 -7.88267141 4.41300984
v 117.81377374 -8.54190477 3.76642087
v 117.55442288 -9.14054400 3.07275547
v 117.27871348 -9.67290350 2.33533720
v 116.98808750 -10.13258443 1.55802272
v 116.68439782 -10.51323312 0.74576775
v 116.36999059 -10.80951457 -0.09515258
v 116.04762923 -11.01797892 -0.95734721
v 115.72028999 -11.13752638 -1.83285576
v 115.39090645 -11.16930688 -2.71383206
v 115.06215710 -11.11608222 -3.59311214
v 114.73637222 -10.98126110 -4.46446337
v 114.41558894 -10.76792939 -5.32243725
v 114.10172569 -10.47819739 -6.16190263
v 113.79680060 -10.11307518 -6.97746183
v 113.50309942 -9.67290350 -7.76300133
v 113.22321636 -9.15817713 -8.51158257
v 112.95993787 -8.57046617 -9.21575289
v 112.71599884 -7.91311387 -9.86819746
v 112.49379091 -7.19147500 -10.46251957
v 112.29512417 -6.41262466 -10.99387789
v 112.12112876 -5.58465344 -11.45924976
v 111.97233543 -4.71580440 -11.85721560
v 111.84891143 -3.81375196 -12.18732809
v 111.75097194 -2.88525798 -12.44927915
v 111.67885840 -1.93629261 -12.64215557
v 111.63328418 -0.97253118 -12.76404937
v 111.61529239 -0.00000000 -12.81217059
v 111.62603530 0.97440730 -12.78343735
v 111.66644650 1.94276696 -12.67535270
v 111.73691470 2.89640070 -12.48687694
v 111.83706813 3.82650392 -12.21900442
v 111.96574062 4.72490171 -11.87485420
v 112.12112876 5.58465344 -11.45924976
v 112.30108478 6.40027781 -10.97793552
v 112.50344565 7.16750915 -10.43669678
v 112.72628945 7.88267141 -9.84067397
v 112.96803916 8.54190477 -9.19408500
v 113.22739002 9.14054400 -8.50041960
v 113.50309942 9.67290350 -7.76300133
v 113.79372539 10.13258443 -6.98568684
v 114.09741508 10.51323312 -6.17343187
v 114.41182231 10.80951457 -5.33251155
v 114.73418367 11.01797892 -4.47031692
v 115.06152290 11.13752638 -3.59480837
v 115.39090645 11.16930688 -2.71383206
v 115.71965580 11.11608222 -1.83455198
v 116.04544067 10.98126110 -0.96320076
v 116.36622396 10.76792939 -0.10522688
v 116.68008721 10.47819739 0.73423850
v 116.98501230 10.11307518 1.54979770
v 117.27871348 9.67290350 2.33533720
v 117.55859654 9.15817713 3.08391844
v 117.82187503 8.57046617 3.78808876
v 118.06581406 7.91311387 4.44053333
v 118.28802199 7.19147500 5.03485544
v 118.48668873 6.41262466 5.56621377
v 118.66068414 5.58465344 6.03158563
v 118.80947747 4.71580440 6.42955147
v 118.93290147 3.81375196 6.75966396
v 119.03084096 2.88525798 7.02161502
v 119.10295450 1.93629261 7.21449144
v 119.14852872 0.97253118 7.33638524
v 120.07261933 0.00000000 7.02878017
v 120.06159494 -0.97422783 7.00079313
v 120.01950436 -1.94248256 6.89393996
v 119.94590111 -2.89601672 6.70708723
v 119.84116417 -3.82594376 6.44119701
v 119.70653549 -4.72403149 6.09942220
v 119.54394732 -5.58333610 5.68666808
v 119.35569997 -6.39843650 5.20877434
v 119.14409994 -7.16517482 4.67159637
v 118.91117816 -7.87999445 4.08028998
v 118.65857628 -8.53912283 3.43902277
v 118.38762747 -9.13791433 2.75117912
v 118.09958853 -9.67062180 2.01994968
v 117.79592878 -10.13071822 1.24906449
v 117.47856390 -10.51169410 0.44338682
v 117.14994770 -10.80808154 -0.39085400
v 116.81298925 -11.01636601 -1.24627286
v 116.47082888 -11.13547508 -2.11489759
v 116.12655773 -11.16667220 -2.98888081
v 115.78298502 -11.11288420 -3.86109095
v 115.44253644 -10.97768471 -4.72537001
v 115.10731591 -10.76427260 -5.57637690
v 114.77929880 -10.47478483 -6.40909686
v 114.46057339 -10.11016572 -7.21822845
v 114.15352693 -9.67062180 -7.99771130
v 113.86089157 -9.15649039 -8.74060945
v 113.58561728 -8.56921154 -9.43943394
v 113.33060432 -7.91206482 -10.08682204
v 113.09838282 -7.19042224 -10.67635068
v 112.89085111 -6.41144359 -11.20320060
v 112.70916814 -5.58333610 -11.66442970
v 112.55384278 -4.71444770 -12.05874610
v 112.42499423 -3.81250989 -12.38584719
v 112.32269549 -2.88427815 -12.64554769
v 112.24728024 -1.93566200 -12.83700044
v 112.19950365 -0.97225139 -12.95828838
v 112.18049613 -0.00000000 -13.00654178
v 112.19152052 0.97422783 -12.97855474
v 112.23361110 1.94248256 -12.87170157
v 112.30721435 2.89601672 -12.68484884
v 112.41195129 3.82594376 -12.41895862
v 112.54657997 4.72403149 -12.07718382
v 112.70916814 5.58333610 -11.66442970
v 112.89741549 6.39843650 -11.18653595
v 113.10901552 7.16517482 -10.64935799
v 113.34193730 7.87999445 -10.05805159
v 113.59453917 8.53912283 -9.41678438
v 113.86548799 9.13791433 -8.72894074
v 114.15352693 9.67062180 -7.99771130
v 114.45718668 10.13071822 -7.22682610
v 114.77455155 10.51169410 -6.42114844
v 115.10316776 10.80808154 -5.58690761
v 115.44012620 11.01636601 -4.73148875
v 115.78228658 11.13547508 -3.86286403
v 116.12655773 11.16667220 -2.98888081
v 116.47013044 11.11288420 -2.11667066
v 116.81057902 10.97768471 -1.25239161
v 117.14579955 10.76427260 -0.40138472
v 117.47381666 10.47478483 0.43133525
v 117.79254207 10.11016572 1.24046684
v 118.09958853 9.67062180 2.01994968
v 118.39222389 9.15649039 2.76284783
v 118.66749818 8.56921154 3.46167232
v 118.92251114 7.91206482 4.10906042
v 119.15473264 7.19042224 4.69858906
v 119.36226435 6.41144359 5.22543898
v 119.54394732 5.58333610 5.68666808
v 119.69927268 4.71444770 6.08098448
v 119.82812123 3.81250989 6.40808557
v 119.93041997 2.88427815 6.66778607
v 120.00583522 1.93566200 6.85923882
v 120.05361181 0.97225139 6.98052676
v 120.97323330 0.00000000 6.66002342
v 120.96190405 -0.97431940 6.63267218
v 120.91812239 -1.94272384 6.52697390
v 120.84138910 -2.89640844 6.34172336
v 120.73209148 -3.82641899 6.07785554
v 120.59154424 -4.72447551 5.73854451
v 120.42180236 -5.58362999 5.32875135
v 120.22531153 -6.39850815 4.85438054
v 120.00451579 -7.16503731 4.32133245
v 119.76155201 -7.87975549 3.73476600
v 119.49812707 -8.53895896 3.09880195
v 119.21560608 -9.13801666 2.41673593
v 118.91526500 -9.67113083 1.69164844
v 118.59860493 -10.13167042 0.92716339
v 118.26760666 -10.51299978 0.12806289
v 117.92483104 -10.80954347 -0.69947066
v 117.57332984 -11.01773438 -1.54806964
v 117.21640331 -11.13652172 -2.40976649
v 116.85729670 -11.16725998 -3.27672654
v 116.49894829 -11.11300864 -4.14185614
v 116.14388006 -10.97747403 -4.99906669
v 115.79426548 -10.76394617 -5.84311093
v 115.45214021 -10.47458381 -6.66907440
v 115.11966499 -10.11027893 -7.47174060
v 114.79932840 -9.67113083 -8.24510152
v 114.49399758 -9.15735102 -8.98223534
v 114.20678098 -8.57027594 -9.67563756
v 113.94073864 -7.91313503 -10.31792057
v 113.69853506 -7.19131538 -10.90265173
v 113.48215577 -6.41204621 -11.42503755
v 113.29279105 -5.58362999 -11.88220444
v 113.13093346 -4.71450049 -12.27296322
v 112.99666097 -3.81243672 -12.59712568
v 112.89001018 -2.88419068 -12.85460347
v 112.81130984 -1.93562485 -13.04460290
v 112.76135561 -0.97226227 -13.16520307
v 112.74136010 -0.00000000 -13.21347651
v 112.75268936 0.97431940 -13.18612527
v 112.79647102 1.94272384 -13.08042699
v 112.87320430 2.89640844 -12.89517645
v 112.98250193 3.82641899 -12.63130863
v 113.12304916 4.72447551 -12.29199760
v 113.29279105 5.58362999 -11.88220444
v 113.48928187 6.39850815 -11.40783362
v 113.71007762 7.16503731 -10.87478554
v 113.95304140 7.87975549 -10.28821908
v 114.21646633 8.53895896 -9.65225504
v 114.49898733 9.13801666 -8.97018902
v 114.79932840 9.67113083 -8.24510152
v 115.11598848 10.13167042 -7.48061648
v 115.44698674 10.51299978 -6.68151598
v 115.78976236 10.80954347 -5.85398243
v 116.14126357 11.01773438 -5.00538344
v 116.49819009 11.13652172 -4.14368660
v 116.85729670 11.16725998 -3.27672654
v 117.21564512 11.11300864 -2.41159695
v 117.57071335 10.97747403 -1.55438640
v 117.92032792 10.76394617 -0.71034216
v 118.26245319 10.47458381 0.11562131
v 118.59492842 10.11027893 0.91828751
v 118.91526500 9.67113083 1.69164844
v 119.22059583 9.15735102 2.42878225
v 119.50781243 8.57027594 3.12218447
v 119.77385476 7.91313503 3.76446748
v 120.01605834 7.19131538 4.34919864
v 120.23243763 6.41204621 4.87158446
v 120.42180236 5.58362999 5.32875135
v 120.58365995 4.71450049 5.71951013
v 120.71793243 3.81243672 6.04367259
v 120.82458323 2.88419068 6.30115038
v 120.90328357 1.93562485 6.49114981
v 120.95323779 0.97226227 6.61174998
v 121.86888897 0.00000000 6.27981640
v 121.85719840 -0.97443190 6.25292993
v 121.81168392 -1.94298362 6.14825379
v 121.73180460 -2.89681508 5.96454393
v 121.61795869 -3.82693066 5.70271626
v 121.47152740 -4.72502103 5.36594735
v 121.29467544 -5.58413524 4.95921568
v 121.08997873 -6.39892697 4.48844548
v 120.86000631 -7.16537477 3.95954513
v 120.60699502 -7.88007360 3.37765900
v 120.33271882 -8.53936112 2.74686693
v 120.03858320 -9.13861479 2.07040131
v 119.72589488 -9.67200595 1.35126740
v 119.39619715 -10.13284029 0.59301455
v 119.05154175 -10.51440556 -0.19963860
v 118.69459621 -10.81106105 -1.02055715
v 118.32854935 -11.01920765 -1.86240730
v 117.95685337 -11.13780762 -2.71724953
v 117.58290078 -11.16827047 -3.57728159
v 117.20975640 -11.11373605 -4.43545492
v 116.84004127 -10.97799105 -5.28574151
v 116.47600547 -10.76438072 -6.12296653
v 116.11975316 -10.47507714 -6.94229074
v 115.77352339 -10.11094071 -7.73856469
v 115.43990669 -9.67200595 -8.50583059
v 115.12189953 -9.15840839 -9.23719698
v 114.82275861 -8.57142195 -9.92517399
v 114.54569239 -7.91424597 -10.56238267
v 114.29349144 -7.19227700 -11.14240516
v 114.06822675 -6.41278659 -11.66047847
v 113.87112613 -5.58413524 -12.11377887
v 113.70267845 -4.71480908 -12.50118200
v 113.56293574 -3.81261628 -12.82256824
v 113.45191123 -2.88430712 -13.07790713
v 113.36993512 -1.93571602 -13.26643927
v 113.31784098 -0.97232591 -13.38624759
v 113.29691259 -0.00000000 -13.43437959
v 113.30860316 0.97443190 -13.40749312
v 113.35411764 1.94298362 -13.30281698
v 113.43399697 2.89681508 -13.11910712
v 113.54784287 3.82693066 -12.85727945
v 113.69427417 4.72502103 -12.52051054
v 113.87112613 5.58413524 -12.11377887
v 114.07582284 6.39892697 -11.64300867
v 114.30579525 7.16537477 -11.11410832
v 114.55880654 7.88007360 -10.53222219
v 114.83308274 8.53936112 -9.90143012
v 115.12721837 9.13861479 -9.22496450
v 115.43990669 9.67200595 -8.50583059
v 115.76960441 10.13284029 -7.74757774
v 116.11425981 10.51440556 -6.95492459
v 116.47120535 10.81106105 -6.13400604
v 116.83725222 11.01920765 -5.29215589
v 117.20894820 11.13780762 -4.43731366
v 117.58290078 11.16827047 -3.57728159
v 117.95604516 11.11373605 -2.71910827
v 118.32576030 10.97799105 -1.86882168
v 118.68979610 10.76438072 -1.03159665
v 119.04604840 10.47507714 -0.21227245
v 119.39227817 10.11094071 0.58400150
v 119.72589488 9.67200595 1.35126740
v 120.04390203 9.15840839 2.08263379
v 120.34304295 8.57142195 2.77061080
v 120.62010917 7.91424597 3.40781948
v 120.87231013 7.19227700 3.98784197
v 121.09757481 6.41278659 4.50591528
v 121.29467544 5.58413524 4.95921568
v 121.46312311 4.71480908 5.34661881
v 121.60286583 3.81261628 5.66800505
v 121.71389033 2.88430712 5.92334394
v 121.79586644 1.93571602 6.11187608
v 121.84796058 0.97232591 6.23168441
v 122.75837160 0.00000000 5.88563949
v 122.74630282 -0.97449233 5.85915697
v 122.69905058 -1.94313075 5.75547138
v 122.61603611 -2.89704897 5.57331275
v 122.49766946 -3.82722046 5.31358085
v 122.34539587 -4.72531403 4.97944695
v 122.16148495 -5.58437670 4.57589126
v 121.94863711 -6.39908329 4.10883931
v 121.70954161 -7.16545096 3.58419212
v 121.44653272 -7.88011756 3.00707179
v 121.16145177 -8.53945193 2.38151874
v 120.85574724 -9.13883805 1.71071135
v 120.53076027 -9.67242418 0.99759254
v 120.18807964 -10.13346865 0.24564853
v 119.82982956 -10.51520179 -0.54045954
v 119.45878357 -10.81193396 -1.35464564
v 119.07826500 -11.02004211 -2.18961744
v 118.69187453 -11.13849830 -3.03747394
v 118.30314894 -11.16875341 -3.89045441
v 117.91527805 -11.11400756 -4.74155939
v 117.53098241 -10.97810778 -5.58481922
v 117.15259062 -10.76444077 -6.41512422
v 116.78227777 -10.47518853 -7.22770161
v 116.42236272 -10.11118772 -8.01746310
v 116.07553761 -9.67242418 -8.77850136
v 115.74492576 -9.15897632 -9.50396285
v 115.43392792 -8.57207104 -10.18638532
v 115.14589640 -7.91488499 -10.81841279
v 114.88374448 -7.19282165 -11.39365269
v 114.64962760 -6.41318426 -11.90737530
v 114.44481293 -5.58437670 -12.35680007
v 114.26978988 -4.71492427 -12.74085310
v 114.12458973 -3.81265682 -13.05946575
v 114.00920683 -2.88432321 -13.31265041
v 113.92397493 -1.93573660 -13.49967476
v 113.86976442 -0.97234967 -13.61862885
v 113.84792627 -0.00000000 -13.66654831
v 113.85999505 0.97449233 -13.64006578
v 113.90724730 1.94313075 -13.53638019
v 113.99026177 2.89704897 -13.35422156
v 114.10862842 3.82722046 -13.09448966
v 114.26090200 4.72531403 -12.76035577
v 114.44481293 5.58437670 -12.35680007
v 114.65766077 6.39908329 -11.88974812
v 114.89675626 7.16545096 -11.36510093
v 115.15976515 7.88011756 -10.78798060
v 115.44484610 8.53945193 -10.16242755
v 115.75055064 9.13883805 -9.49162017
v 116.07553761 9.67242418 -8.77850136
v 116.41821824 10.13346865 -8.02655734
v 116.77646832 10.51520179 -7.24044927
v 117.14751430 10.81193396 -6.42626317
v 117.52803288 11.02004211 -5.59129138
v 117.91442334 11.13849830 -4.74343487
v 118.30314894 11.16875341 -3.89045441
v 118.69101982 11.11400756 -3.03934943
v 119.07531547 10.97810778 -2.19608959
v 119.45370726 10.76444077 -1.36578460
v 119.82402011 10.47518853 -0.55320720
v 120.18393515 10.11118772 0.23655428
v 120.53076027 9.67242418 0.99759254
v 120.86137212 9.15897632 1.72305404
v 121.17236996 8.57207104 2.40547651
v 121.46040147 7.91488499 3.03750398
v 121.72255340 7.19282165 3.61274388
v 121.95667028 6.41318426 4.12646648
v 122.16148495 5.58437670 4.57589126
v 122.33650800 4.71492427 4.95994429
v 122.48170814 3.81265682 5.27855693
v 122.59709104 2.88432321 5.53174160
v 122.68232295 1.93573660 5.71876594
v 122.73653345 0.97234967 5.83772004
v 123.64212039 0.00000000 5.47889407
v 123.62962713 -0.97437877 5.45270141
v 123.58060555 -1.94291464 5.34992552
v 123.49444828 -2.89673239 5.16929306
v 123.37157938 -3.82679479 4.91169304
v 123.21350271 -4.72476338 4.58027843
v 123.02258185 -5.58368533 4.18000451
v 122.80162885 -6.39824443 3.71676691
v 122.55344257 -7.16447333 3.19643357
v 122.28044954 -7.87902699 2.62409177
v 121.98455988 -8.53828683 2.00374620
v 121.66727201 -9.13764003 1.33853835
v 121.32997108 -9.67122669 0.63137224
v 120.97429993 -10.13228776 -0.11430784
v 120.60245995 -10.51403228 -0.89388657
v 120.21733024 -10.81075244 -1.70132781
v 119.82236366 -11.01881645 -2.52939244
v 119.42130247 -11.13720028 -3.37023473
v 119.01782178 -11.16737066 -4.21614958
v 118.61523410 -11.11255061 -5.06019219
v 118.21636161 -10.97660997 -5.89644577
v 117.82361713 -10.76295102 -6.71985169
v 117.43925340 -10.47375933 -7.52568700
v 117.06567385 -10.10986223 -8.30891283
v 116.70567247 -9.67122669 -9.06367141
v 116.36249458 -9.15790899 -9.78315883
v 116.03967618 -8.57111764 -10.45996167
v 115.74070373 -7.91402006 -11.08677045
v 115.46860607 -7.19202165 -11.65723507
v 115.22562153 -6.41243691 -12.16666274
v 115.01306171 -5.58368533 -12.61230368
v 114.83142703 -4.71430618 -12.99310869
v 114.68074081 -3.81213664 -13.30902892
v 114.56098937 -2.88392404 -13.56009304
v 114.47251530 -1.93547249 -13.74558279
v 114.41622361 -0.97222220 -13.86360076
v 114.39352317 -0.00000000 -13.91119324
v 114.40601643 0.97437877 -13.88500058
v 114.45503801 1.94291464 -13.78222469
v 114.54119527 2.89673239 -13.60159223
v 114.66406418 3.82679479 -13.34399221
v 114.82214084 4.72476338 -13.01257759
v 115.01306171 5.58368533 -12.61230368
v 115.23401471 6.39824443 -12.14906608
v 115.48220098 7.16447333 -11.62873273
v 115.75519402 7.87902699 -11.05639094
v 116.05108367 8.53828683 -10.43604537
v 116.36837154 9.13764003 -9.77083751
v 116.70567247 9.67122669 -9.06367141
v 117.06134363 10.13228776 -8.31799133
v 117.43318361 10.51403228 -7.53841260
v 117.81831332 10.81075244 -6.73097136
v 118.21327989 11.01881645 -5.90290672
v 118.61434109 11.13720028 -5.06206443
v 119.01782178 11.16737066 -4.21614958
v 119.42040945 11.11255061 -3.37210697
v 119.81928195 10.97660997 -2.53585340
v 120.21202642 10.76295102 -1.71244748
v 120.59639015 10.47375933 -0.90661216
v 120.96996971 10.10986223 -0.12338634
v 121.32997108 9.67122669 0.63137224
v 121.67314898 9.15790899 1.35085966
v 121.99596737 8.57111764 2.02766250
v 122.29493983 7.91402006 2.65447129
v 122.56703749 7.19202165 3.22493590
v 122.81002203 6.41243691 3.73436358
v 123.02258185 5.58368533 4.18000451
v 123.20421652 4.71430618 4.56080952
v 123.35490274 3.81213664 4.87672975
v 123.47465419 2.88392404 5.12779387
v 123.56312826 1.93547249 5.31328362
v 123.61941994 0.97222220 5.43130159
v 124.51815655 0.00000000 5.05590396
v 124.50526387 -0.97410410 5.03004523
v 124.45450744 -1.94238245 4.92824359
v 124.36524766 -2.89594738 4.74921617
v 124.23792143 -3.82574658 4.49383925
v 124.07409293 -4.72343152 4.16525012
v 123.87622331 -5.58205041 3.76838506
v 123.64724053 -6.39630101 3.30911666
v 123.39005638 -7.16223970 2.79328506
v 123.10719079 -7.87654742 2.22594445
v 122.80062125 -8.53562489 1.61106108
v 122.47189252 -9.13486454 0.95173324
v 122.12242908 -9.66839492 0.25081802
v 121.75392347 -10.12943159 -0.48828988
v 121.36865134 -10.51115235 -1.26102623
v 120.96959628 -10.80782276 -2.06140687
v 120.56034133 -11.01579825 -2.88224529
v 120.14477163 -11.13406084 -3.71574917
v 119.72670161 -11.16410082 -4.55426792
v 119.30956600 -11.10917526 -5.39091250
v 118.89628649 -10.97318784 -6.21982296
v 118.48935669 -10.75956386 -7.03599788
v 118.09110313 -10.47049397 -7.83477095
v 117.70401075 -10.10679144 -8.61115814
v 117.33097413 -9.66839492 -9.35935385
v 116.97536121 -9.15532749 -10.07260303
v 116.64084551 -8.56876991 -10.74353774
v 116.33105022 -7.91187538 -11.36489095
v 116.04912151 -7.19005167 -11.93035246
v 115.79738031 -6.41062932 -12.43526721
v 115.57717990 -5.58205041 -12.87692089
v 115.38902707 -4.71287425 -13.25429708
v 115.23293172 -3.81094814 -13.56737593
v 115.10886751 -2.88301645 -13.81621025
v 115.01718348 -1.93486908 -14.00009995
v 114.95881984 -0.97192690 -14.11715930
v 114.93524666 -0.00000000 -14.16443979
v 114.94813934 0.97410410 -14.13858107
v 114.99889577 1.94238245 -14.03677942
v 115.08815555 2.89594738 -13.85775200
v 115.21548178 3.82574658 -13.60237508
v 115.37931028 4.72343152 -13.27378596
v 115.57717990 5.58205041 -12.87692089
v 115.80616268 6.39630101 -12.41765250
v 116.06334683 7.16223970 -11.90182089
v 116.34621242 7.87654742 -11.33448028
v 116.65278196 8.53562489 -10.71959691
v 116.98151069 9.13486454 -10.06026907
v 117.33097413 9.66839492 -9.35935385
v 117.69947974 10.12943159 -8.62024595
v 118.08475187 10.51115235 -7.84750960
v 118.48380694 10.80782276 -7.04712896
v 118.89306188 11.01579825 -6.22629054
v 119.30863158 11.13406084 -5.39278666
v 119.72670161 11.16410082 -4.55426792
v 120.14383721 11.10917526 -3.71762333
v 120.55711672 10.97318784 -2.88871287
v 120.96404652 10.75956386 -2.07253795
v 121.36230008 10.47049397 -1.27376488
v 121.74939246 10.10679144 -0.49737769
v 122.12242908 9.66839492 0.25081802
v 122.47804200 9.15532749 0.96406720
v 122.81255771 8.56876991 1.63500190
v 123.12235299 7.91187538 2.25635512
v 123.40428170 7.19005167 2.82181663
v 123.65602291 6.41062932 3.32673138
v 123.87622331 5.58205041 3.76838506
v 124.06437614 4.71287425 4.14576125
v 124.22047149 3.81094814 4.45884010
v 124.34453571 2.88301645 4.70767441
v 124.43621973 1.93486908 4.89156411
v 124.49458337 0.97192690 5.00862347
v 125.38744259 0.00000000 4.61927344
v 125.37412452 -0.97396164 4.59368966
v 125.32162118 -1.94210480 4.49283170
v 125.22926635 -2.89553694 4.31541970
v 125.09751102 -3.82519973 4.06232008
v 124.92797628 -4.72274073 3.73664687
v 124.72321395 -5.58120877 3.34330209
v 124.48625981 -6.39530757 2.88811742
v 124.22013181 -7.16110345 2.37689030
v 123.92743986 -7.87528824 1.81463430
v 123.61022942 -8.53427077 1.20527871
v 123.27009553 -9.13344576 0.55188758
v 122.90850754 -9.66693716 -0.14271648
v 122.52721263 -10.12795017 -0.87517720
v 122.12856317 -10.50964989 -1.64097568
v 121.71564658 -10.80629096 -2.43418106
v 121.29217266 -11.01422365 -3.24766689
v 120.86216474 -11.13243250 -4.07370443
v 120.42957249 -11.16241754 -4.90470641
v 119.99795103 -11.10744984 -5.73384351
v 119.57032245 -10.97144702 -6.55531038
v 119.14926417 -10.75784380 -7.36415581
v 118.73718028 -10.46883289 -8.15576159
v 118.33663974 -10.10522170 -8.92519282
v 117.95063744 -9.66693716 -9.66669634
v 117.58266060 -9.15398853 -10.37357327
v 117.23651448 -8.56754508 -11.03851379
v 116.91595272 -7.91075403 -11.65430718
v 116.62423413 -7.18902392 -12.21469339
v 116.36376095 -6.40969177 -12.71505772
v 116.13593103 -5.58120877 -13.15271491
v 115.94126372 -4.71214227 -13.52666734
v 115.77976312 -3.81034356 -13.83690710
v 115.65139679 -2.88255556 -14.08349652
v 115.55652335 -1.93456213 -14.26574671
v 115.49611670 -0.97177594 -14.38178681
v 115.47170239 -0.00000000 -14.42868627
v 115.48502046 0.97396164 -14.40310248
v 115.53752379 1.94210480 -14.30224452
v 115.62987863 2.89553694 -14.12483253
v 115.76163395 3.82519973 -13.87173291
v 115.93116870 4.72274073 -13.54605969
v 116.13593103 5.58120877 -13.15271491
v 116.37288517 6.39530757 -12.69753024
v 116.63901316 7.16110345 -12.18630313
v 116.93170511 7.87528824 -11.62404712
v 117.24891556 8.53427077 -11.01469153
v 117.58904945 9.13344576 -10.36130040
v 117.95063744 9.66693716 -9.66669634
v 118.33193235 10.12795017 -8.93423562
v 118.73058181 10.50964989 -8.16843715
v 119.14349840 10.80629096 -7.37523176
v 119.56697231 11.01422365 -6.56174593
v 119.99698024 11.13243250 -5.73570839
v 120.42957249 11.16241754 -4.90470641
v 120.86119394 11.10744984 -4.07556931
v 121.28882253 10.97144702 -3.25410244
v 121.70988081 10.75784380 -2.44525701
v 122.12196469 10.46883289 -1.65365124
v 122.52250524 10.10522170 -0.88422000
v 122.90850754 9.66693716 -0.14271648
v 123.27648438 9.15398853 0.56416045
v 123.62263050 8.56754508 1.22910096
v 123.94319225 7.91075403 1.84489436
v 124.23491085 7.18902392 2.40528056
v 124.49538403 6.40969177 2.90564489
v 124.72321395 5.58120877 3.34330209
v 124.91788126 4.71214227 3.71725452
v 125.07938185 3.81034356 4.02749428
v 125.20774818 2.88255556 4.27408370
v 125.30262162 1.93456213 4.45633388
v 125.36302828 0.97177594 4.57237399
v 126.24884123 0.00000000 4.16733572
v 126.23510822 -0.97385478 4.14204267
v 126.18087987 -1.94189939 4.04216647
v 126.08546234 -2.89523487 3.86642924
v 125.94932033 -3.82479516 3.61568685
v 125.77413192 -4.72222256 3.29302993
v 125.56254016 -5.58056624 2.90332639
v 125.31768928 -6.39453665 2.45236717
v 125.04270373 -7.16021176 1.94590679
v 124.74028316 -7.87429615 1.38891738
v 124.41254011 -8.53320809 0.78528977
v 124.06111848 -9.13234478 0.13805166
v 123.68753078 -9.66582426 -0.55001130
v 123.29357709 -10.12683897 -1.27558372
v 122.88168516 -10.50853833 -2.03419429
v 122.45504522 -10.80516364 -2.81996732
v 122.01749318 -11.01305872 -3.62583792
v 121.57319010 -11.13121109 -4.44414240
v 121.12622033 -11.16113247 -5.26735832
v 120.68025844 -11.10611090 -6.08871794
v 120.23842561 -10.97008086 -6.90247278
v 119.80338152 -10.75648857 -7.70372432
v 119.37760609 -10.46752932 -8.48790510
v 118.96375081 -10.10400358 -9.25013171
v 118.56490987 -9.66582426 -9.98470534
v 118.18468920 -9.15298419 -10.68498471
v 117.82702562 -8.56663893 -11.34371909
v 117.49580320 -7.90992877 -11.95375488
v 117.19439318 -7.18826357 -12.50888309
v 116.92527851 -6.40898852 -13.00453065
v 116.68990049 -5.58056624 -13.43804304
v 116.48878949 -4.71157425 -13.80844343
v 116.32194221 -3.80986910 -14.11573789
v 116.18931869 -2.88219243 -14.36000003
v 116.09128631 -1.93432124 -14.54055320
v 116.02885265 -0.97165880 -14.65554169
v 116.00359942 -0.00000000 -14.70205236
v 116.01733243 0.97385478 -14.67675931
v 116.07156078 1.94189939 -14.57688312
v 116.16697831 2.89523487 -14.40114589
v 116.30312032 3.82479516 -14.15040349
v 116.47830874 4.72222256 -13.82774657
v 116.68990049 5.58056624 -13.43804304
v 116.93475137 6.39453665 -12.98708381
v 117.20973692 7.16021176 -12.48062343
v 117.51215749 7.87429615 -11.92363403
v 117.83990054 8.53320809 -11.32000642
v 118.19132217 9.13234478 -10.67276830
v 118.56490987 9.66582426 -9.98470534
v 118.95886356 10.12683897 -9.25913292
v 119.37075549 10.50853833 -8.50052235
v 119.79739543 10.80516364 -7.71474932
v 120.23494747 11.01305872 -6.90887872
v 120.67925055 11.13121109 -6.09057424
v 121.12622033 11.16113247 -5.26735832
v 121.57218221 11.10611090 -4.44599871
v 122.01401504 10.97008086 -3.63224387
v 122.44905913 10.75648857 -2.83099232
v 122.87483456 10.46752932 -2.04681154
v 123.28868984 10.10400358 -1.28458493
v 123.68753078 9.66582426 -0.55001130
v 124.06775145 9.15298419 0.15026807
v 124.42541504 8.56663893 0.80900244
v 124.75663745 7.90992877 1.41903824
v 125.05804747 7.18826357 1.97416645
v 125.32716214 6.40898852 2.46981401
v 125.56254016 5.58056624 2.90332639
v 125.76365116 4.71157425 3.27372678
v 125.93049844 3.80986910 3.58102124
v 126.06312197 2.88219243 3.82528339
v 126.16115434 1.93432124 4.00583656
v 126.22358800 0.97165880 4.12082505
v 127.10181688 0.00000000 3.69977136
v 127.08769087 -0.97385143 3.67480373
v 127.03177038 -1.94190437 3.57596460
v 126.93333095 -2.89524866 3.40197349
v 126.79285001 -3.82480497 3.15367426
v 126.61206387 -4.72220630 2.83413585
v 126.39370970 -5.58050113 2.44819615
v 126.14104342 -6.39440935 2.00161003
v 125.85729856 -7.16002592 1.50009268
v 125.54526526 -7.87407433 0.94857568
v 125.20712179 -8.53298661 0.35090912
v 124.84455779 -9.13216296 -0.28992057
v 124.45912489 -9.66571149 -0.97117091
v 124.05267236 -10.12680410 -1.68957334
v 123.62770061 -10.50856528 -2.44070836
v 123.18750161 -10.80521508 -3.21875746
v 122.73603762 -11.01308697 -4.01671736
v 122.27760823 -11.13117276 -4.82698857
v 121.81643291 -11.16100226 -5.64211318
v 121.35630509 -11.10588979 -6.45538634
v 120.90044303 -10.96979614 -7.26111981
v 120.45158555 -10.75618557 -8.05447273
v 120.01228504 -10.46725764 -8.83093374
v 119.58527279 -10.10380242 -9.58567535
v 119.17374093 -9.66571149 -10.31305545
v 118.78141439 -9.15295267 -11.00649025
v 118.41236313 -8.56666090 -11.65878614
v 118.07060357 -7.90996643 -12.26284413
v 117.75962053 -7.18828200 -12.81250479
v 117.48197726 -6.40896645 -13.30323760
v 117.23915613 -5.58050113 -13.73242251
v 117.03169458 -4.71148044 -14.09910955
v 116.85957738 -3.80977022 -14.40332566
v 116.72275320 -2.88211124 -14.64516159
v 116.62159617 -1.93427103 -14.82395604
v 116.55714790 -0.97163945 -14.93786796
v 116.53104894 -0.00000000 -14.98399771
v 116.54517495 0.97385143 -14.95903009
v 116.60109544 1.94190437 -14.86019095
v 116.69953487 2.89524866 -14.68619985
v 116.84001582 3.82480497 -14.43790062
v 117.02080195 4.72220630 -14.11836221
v 117.23915613 5.58050113 -13.73242251
v 117.49182240 6.39440935 -13.28583638
v 117.77556726 7.16002592 -12.78431904
v 118.08760057 7.87407433 -12.23280204
v 118.42574403 8.53298661 -11.63513548
v 118.78830803 9.13216296 -10.99430579
v 119.17374093 9.66571149 -10.31305545
v 119.58019347 10.12680410 -9.59465301
v 120.00516522 10.50856528 -8.84351799
v 120.44536421 10.80521508 -8.06546890
v 120.89682820 11.01308697 -7.26750900
v 121.35525760 11.13117276 -6.45723779
v 121.81643291 11.16100226 -5.64211318
v 122.27656073 11.10588979 -4.82884002
v 122.73242279 10.96979614 -4.02310655
v 123.18128028 10.75618557 -3.22975363
v 123.62058078 10.46725764 -2.45329262
v 124.04759304 10.10380242 -1.69855101
v 124.45912489 9.66571149 -0.97117091
v 124.85145143 9.15295267 -0.27773611
v 125.22050269 8.56666090 0.37455978
v 125.56226225 7.90996643 0.97861777
v 125.87324530 7.18828200 1.52827844
v 126.15088856 6.40896645 2.01901124
v 126.39370970 5.58050113 2.44819615
v 126.60117124 4.71148044 2.81488319
v 126.77328844 3.80977022 3.11909931
v 126.91011262 2.88211124 3.36093523
v 127.01126966 1.93427103 3.53972968
v 127.07571792 0.97163945 3.65364160
v 127.94821070 0.00000000 3.22036955
v 127.93362645 -0.97366669 3.19561040
v 127.87596678 -1.94152997 3.09772370
v 127.77448949 -2.89468716 2.92544945
v 127.62968780 -3.82406753 2.67962496
v 127.44334890 -4.72131049 2.36328428
v 127.21828888 -5.57946619 1.98120818
v 126.95785769 -6.39325068 1.53908376
v 126.66538326 -7.15875087 1.04256071
v 126.34373918 -7.87268113 0.49651741
v 125.99517156 -8.53146707 -0.09523298
v 125.62142556 -9.13050821 -0.72972778
v 125.22410535 -9.66391893 -1.40424364
v 124.80512145 -10.12488303 -2.11553716
v 124.36705367 -10.50653919 -2.85922867
v 123.91329520 -10.80311955 -3.62955769
v 123.44792799 -11.01096361 -4.41959444
v 122.97538072 -11.12906116 -5.22182052
v 122.50000000 -11.15893239 -6.02885683
v 122.02569501 -11.10387740 -6.83406691
v 121.55578427 -10.96784265 -7.63181705
v 121.09309382 -10.75428242 -8.41730957
v 120.64025806 -10.46539365 -9.18607214
v 120.20009477 -10.10197160 -9.93332111
v 119.77589465 -9.66391893 -10.65347002
v 119.37149500 -9.15121634 -11.34000439
v 118.99108689 -8.56500922 -11.98580921
v 118.63880571 -7.90843239 -12.58386397
v 118.31824019 -7.18689608 -13.12807623
v 118.03203182 -6.40775067 -13.61396163
v 117.78171112 -5.57946619 -14.03892184
v 117.56783732 -4.71062672 -14.40200750
v 117.39040101 -3.80909178 -14.70323460
v 117.24935464 -2.88160129 -14.94268382
v 117.14508650 -1.93392658 -15.11969599
v 117.07866921 -0.97146339 -15.23245017
v 117.05178930 -0.00000000 -15.27808321
v 117.06637355 0.97366669 -15.25332405
v 117.12403322 1.94152997 -15.15543736
v 117.22551051 2.89468716 -14.98316311
v 117.37031220 3.82406753 -14.73733862
v 117.55665110 4.72131049 -14.42099794
v 117.78171112 5.57946619 -14.03892184
v 118.04214231 6.39325068 -13.59679742
v 118.33461674 7.15875087 -13.10027437
v 118.65626082 7.87268113 -12.55423107
v 119.00482844 8.53146707 -11.96248068
v 119.37857444 9.13050821 -11.32798588
v 119.77589465 9.66391893 -10.65347002
v 120.19487855 10.12488303 -9.94217650
v 120.63294633 10.50653919 -9.19848499
v 121.08670480 10.80311955 -8.42815597
v 121.55207201 11.01096361 -7.63811922
v 122.02461928 11.12906116 -6.83589314
v 122.50000000 11.15893239 -6.02885683
v 122.97430499 11.10387740 -5.22364675
v 123.44421573 10.96784265 -4.42589661
v 123.90690618 10.75428242 -3.64040409
v 124.35974194 10.46539365 -2.87164152
v 124.79990523 10.10197160 -2.12439255
v 125.22410535 9.66391893 -1.40424364
v 125.62850500 9.15121634 -0.71770927
v 126.00891311 8.56500922 -0.07190445
v 126.36119429 7.90843239 0.52615031
v 126.68175981 7.18689608 1.07036257
v 126.96796818 6.40775067 1.55624797
v 127.21828888 5.57946619 1.98120818
v 127.43216268 4.71062672 2.34429385
v 127.60959899 3.80909178 2.64552094
v 127.75064536 2.88160129 2.88497016
v 127.85491350 1.93392658 3.06198233
v 127.92133079 0.97146339 3.17473651
v 128.78571651 0.00000000 2.72558977
v 128.77069401 -0.97334749 2.70107528
v 128.71132708 -1.94089149 2.60419725
v 128.60685312 -2.89373415 2.43371125
v 128.45778030 -3.82280997 2.19044651
v 128.26594766 -4.71976269 1.87740410
v 128.03425258 -5.57764485 1.49931208
v 127.76614175 -6.39117264 1.06179497
v 127.46503953 -7.15643136 0.57044082
v 127.13390349 -7.87013327 0.03007590
v 126.77504627 -8.52870279 -0.55552585
v 126.39026571 -9.12754046 -1.18343065
v 125.98121494 -9.66076427 -1.85094085
v 125.54986229 -10.12156376 -2.55484439
v 125.09886454 -10.50308408 -3.29080584
v 124.63171493 -10.79956288 -4.05312471
v 124.15261510 -11.00734262 -4.83494459
v 123.66612326 -11.12541269 -5.62882711
v 123.17671337 -11.15528970 -6.42747147
v 122.68840959 -11.10026823 -7.22431081
v 122.20462875 -10.96428896 -8.01376940
v 121.72828126 -10.75080197 -8.79109785
v 121.26208042 -10.46200276 -9.55186847
v 120.80892798 -10.09868809 -10.29134605
v 120.37221180 -9.66076427 -11.00400209
v 119.95588165 -9.14821627 -11.68339114
v 119.56425083 -8.56219259 -12.32247456
v 119.20157518 -7.90582873 -12.91430743
v 118.87154816 -7.18453265 -13.45286258
v 118.57688897 -6.40564999 -13.93370268
v 118.31917416 -5.57764485 -14.35425502
v 118.09898122 -4.70909560 -14.71357725
v 117.91630258 -3.80785759 -15.01168169
v 117.77109114 -2.88066871 -15.24864522
v 117.66374752 -1.93329997 -15.42381409
v 117.59537564 -0.97114763 -15.53538686
v 117.56771023 -0.00000000 -15.58053270
v 117.58273273 0.97334749 -15.55601822
v 117.64209966 1.94089149 -15.45914018
v 117.74657362 2.89373415 -15.28865419
v 117.89564644 3.82280997 -15.04538945
v 118.08747908 4.71976269 -14.73234703
v 118.31917416 5.57764485 -14.35425502
v 118.58728500 6.39117264 -13.91673790
v 118.88838721 7.15643136 -13.42538375
v 119.21952325 7.87013327 -12.88501884
v 119.57838047 8.52870279 -12.29941709
v 119.96316103 9.12754046 -11.67151228
v 120.37221180 9.66076427 -11.00400209
v 120.80356445 10.12156376 -10.30009854
v 121.25456220 10.50308408 -9.56413710
v 121.72171181 10.79956288 -8.80181822
v 122.20081165 11.00734262 -8.01999834
v 122.68730348 11.12541269 -7.22611582
v 123.17671337 11.15528970 -6.42747147
v 123.66501715 11.10026823 -5.63063212
v 124.14879799 10.96428896 -4.84117354
v 124.62514548 10.75080197 -4.06384508
v 125.09134632 10.46200276 -3.30307446
v 125.54449876 10.09868809 -2.56359689
v 125.98121494 9.66076427 -1.85094085
v 126.39754509 9.14821627 -1.17155179
v 126.78917591 8.56219259 -0.53246838
v 127.15185156 7.90582873 0.05936450
v 127.48187858 7.18453265 0.59791964
v 127.77653777 6.40564999 1.07875974
v 128.03425258 5.57764485 1.49931208
v 128.25444552 4.70909560 1.85863431
v 128.43712416 3.80785759 2.15673875
v 128.58233560 2.88066871 2.39370229
v 128.68967922 1.93329997 2.56887115
v 128.75805110 0.97114763 2.68044393
v 129.61291714 0.00000000 2.21383509
v 129.59752485 -0.97289156 2.18967403
v 129.53652755 -1.93999521 2.09392744
v 129.42913094 -2.89240487 1.92534854
v 129.27585500 -3.82104465 1.68475350
v 129.07859635 -4.71755191 1.37511944
v 128.84034590 -5.57498167 1.00114115
v 128.56466141 -6.38806295 0.56840319
v 128.25507519 -7.15290164 0.08245015
v 127.91463353 -7.86623231 -0.45193620
v 127.54571239 -8.52449622 -1.03102639
v 127.15015228 -9.12309936 -1.65193139
v 126.72964202 -9.65615150 -2.31200029
v 126.28619555 -10.11682272 -3.00807181
v 125.82253895 -10.49823389 -3.73586690
v 125.34226401 -10.79460193 -4.48974754
v 124.84969574 -11.00225957 -5.26292485
v 124.34952801 -11.12020143 -6.04803091
v 123.84636689 -11.14996333 -6.83783567
v 123.34435207 -11.09486728 -7.62584109
v 122.84699385 -10.95888110 -8.40653711
v 122.35727795 -10.74547316 -9.17523710
v 121.87798626 -10.45684264 -9.92757436
v 121.41209667 -10.09377447 -10.65887453
v 120.96309176 -9.65615150 -11.36367105
v 120.53503760 -9.14393115 -12.03558151
v 120.13237829 -8.55823868 -12.66763001
v 119.75949996 -7.90219706 -13.25293175
v 119.42020763 -7.18121492 -13.78551402
v 119.11729856 -6.40264952 -14.26098603
v 118.85238788 -5.57498167 -14.67681250
v 118.62605755 -4.70680434 -15.03207995
v 118.43828556 -3.80597947 -15.32682294
v 118.28901131 -2.87924086 -15.56113657
v 118.17864076 -1.93234642 -15.73438364
v 118.10831128 -0.97067511 -15.84477881
v 118.07981664 -0.00000000 -15.88950643
v 118.09520893 0.97289156 -15.86534537
v 118.15620623 1.93999521 -15.76959879
v 118.26360284 2.89240487 -15.60101989
v 118.41687879 3.82104465 -15.36042484
v 118.61413744 4.71755191 -15.05079078
v 118.85238788 5.57498167 -14.67681250
v 119.12807237 6.38806295 -14.24407453
v 119.43765860 7.15290164 -13.75812150
v 119.77810025 7.86623231 -13.22373514
v 120.14702139 8.52449622 -12.64464496
v 120.54258150 9.12309936 -12.02373995
v 120.96309176 9.65615150 -11.36367105
v 121.40653823 10.11682272 -10.66759954
v 121.87019483 10.49823389 -9.93980445
v 122.35046977 10.79460193 -9.18592381
v 122.84303804 11.00225957 -8.41274650
v 123.34320577 11.12020143 -7.62764043
v 123.84636689 11.14996333 -6.83783567
v 124.34838171 11.09486728 -6.04983026
v 124.84573993 10.95888110 -5.26913423
v 125.33545583 10.74547316 -4.50043424
v 125.81474752 10.45684264 -3.74809699
v 126.28063711 10.09377447 -3.01679681
v 126.72964202 9.65615150 -2.31200029
v 127.15769618 9.14393115 -1.64008984
v 127.56035549 8.55823868 -1.00804133
v 127.93323382 7.90219706 -0.42273959
v 128.27252615 7.18121492 0.10984267
v 128.57543522 6.40264952 0.58531468
v 128.84034590 5.57498167 1.00114115
v 129.06667623 4.70680434 1.35640860
v 129.25444822 3.80597947 1.65115159
v 129.40372247 2.87924086 1.88546523
v 129.51409302 1.93234642 2.05871229
v 129.58442251 0.97067511 2.16910747
v 130.43210074 0.00000000 1.68937238
v 130.41630164 -0.97221758 1.66550254
v 130.35365414 -1.93865406 1.57085251
v 130.24334006 -2.89040684 1.40418610
v 130.08589292 -3.81840310 1.16630943
v 129.88326228 -4.71428377 0.86016793
v 129.63852309 -5.57110848 0.49040735
v 129.35533305 -6.38361219 0.06255386
v 129.03732313 -7.14790758 -0.41790672
v 128.68762375 -7.86073602 -0.94624484
v 128.30867510 -8.51854454 -1.51877380
v 127.90236596 -9.11674303 -2.13263996
v 127.47042866 -9.64944295 -2.78522603
v 127.01492975 -10.10981416 -3.47340982
v 126.53866820 -10.49097630 -4.19296252
v 126.04533359 -10.78714517 -4.93830981
v 125.53936972 -10.99465354 -5.70273784
v 125.02559980 -11.11249777 -6.47895951
v 124.50875658 -11.14221697 -7.25982444
v 123.99309288 -11.08713716 -8.03890731
v 123.48221388 -10.95122977 -8.81076128
v 122.97918503 -10.73796509 -9.57075497
v 122.48686216 -10.44954182 -10.31457368
v 122.00830292 -10.08674184 -11.03759783
v 121.54708449 -9.64944295 -11.73442285
v 121.10738469 -9.13759658 -12.39873680
v 120.69377063 -8.55232224 -13.02363947
v 120.31075011 -7.89673833 -13.60232036
v 119.96223337 -7.17625044 -14.12887171
v 119.65109409 -6.39821401 -14.59895188
v 119.37899006 -5.57110848 -15.01005623
v 119.14651641 -4.70352497 -15.36128561
v 118.95364733 -3.80332218 -15.65267900
v 118.80031785 -2.87722907 -15.88433457
v 118.68694364 -1.93099728 -16.05562432
v 118.61469354 -0.96999881 -16.16478231
v 118.58541241 -0.00000000 -16.20902127
v 118.60121152 0.97221758 -16.18515143
v 118.66385901 1.93865406 -16.09050139
v 118.77417309 2.89040684 -15.92383499
v 118.93162023 3.81840310 -15.68595832
v 119.13425087 4.71428377 -15.37981681
v 119.37899006 5.57110848 -15.01005623
v 119.66218010 6.38361219 -14.58220275
v 119.98019002 7.14790758 -14.10174217
v 120.32988940 7.86073602 -13.57340405
v 120.70883805 8.51854454 -13.00087508
v 121.11514719 9.11674303 -12.38700893
v 121.54708449 9.64944295 -11.73442285
v 122.00258341 10.10981416 -11.04623907
v 122.47884495 10.49097630 -10.32668636
v 122.97217956 10.78714517 -9.58133907
v 123.47814343 10.99465354 -8.81691105
v 123.99191335 11.11249777 -8.04068937
v 124.50875658 11.14221697 -7.25982444
v 125.02442027 11.08713716 -6.48074158
v 125.53529927 10.95122977 -5.70888761
v 126.03832812 10.73796509 -4.94889392
v 126.53065099 10.44954182 -4.20507520
v 127.00921023 10.08674184 -3.48205106
v 127.47042866 9.64944295 -2.78522603
v 127.91012847 9.13759658 -2.12091208
v 128.32374252 8.55232224 -1.49600941
v 128.70676304 7.89673833 -0.91732853
v 129.05527978 7.17625044 -0.39077717
v 129.36641906 6.39821401 0.07930300
v 129.63852309 5.57110848 0.49040735
v 129.87099675 4.70352497 0.84163672
v 130.06386583 3.80332218 1.13303012
v 130.21719530 2.87722907 1.36468568
v 130.33056951 1.93099728 1.53597544
v 130.40281961 0.96999881 1.64513343
v 131.24349558 0.00000000 1.15287637
v 131.22723294 -0.97159114 1.12921408
v 131.16289766 -1.93739414 1.03560567
v 131.04965903 -2.88852249 0.87084245
v 130.88806689 -3.81592153 0.63572442
v 130.68011701 -4.71124618 0.33315547
v 130.42895483 -5.56756123 -0.03228777
v 130.13832203 -6.37959631 -0.45516112
v 129.81193512 -7.14345089 -0.93005703
v 129.45300215 -7.85585100 -1.45230773
v 129.06402926 -8.51323326 -2.01826680
v 128.64696205 -9.11100775 -2.62510336
v 128.20358812 -9.64329892 -3.27021643
v 127.73603718 -10.10330004 -3.95050727
v 127.24718686 -10.48415824 -4.66178890
v 126.74082381 -10.78011269 -5.39855171
v 126.22150448 -10.98750814 -6.15416603
v 125.69417274 -11.10533759 -6.92143846
v 125.16368066 -11.13512246 -7.69330924
v 124.63439117 -11.08016232 -8.46343022
v 124.11000691 -10.94440172 -9.22641405
v 123.59368002 -10.73129203 -9.97767433
v 123.08834851 -10.44302657 -10.71293624
v 122.59715555 -10.08039635 -11.42762644
v 122.12377319 -9.64329892 -12.11640204
v 121.67248489 -9.13170890 -12.77303059
v 121.24796985 -8.54676411 -13.39070381
v 120.85484543 -7.89159020 -13.96270339
v 120.49711824 -7.17158661 -14.48319968
v 120.17773638 -6.39409141 -14.94790317
v 119.89840648 -5.56756123 -15.35433070
v 119.65974979 -4.70056601 -15.70157833
v 119.46175245 -3.80095083 -15.98966625
v 119.30435853 -2.87544103 -16.21867584
v 119.18799991 -1.92979331 -16.38797868
v 119.11387415 -0.96938859 -16.49583232
v 119.08386573 -0.00000000 -16.53949484
v 119.10012837 0.97159114 -16.51583255
v 119.16446366 1.93739414 -16.42222414
v 119.27770228 2.88852249 -16.25746092
v 119.43929442 3.81592153 -16.02234289
v 119.64724430 4.71124618 -15.71977394
v 119.89840648 5.56756123 -15.35433070
v 120.18903928 6.37959631 -14.93145735
v 120.51542620 7.14345089 -14.45656144
v 120.87435916 7.85585100 -13.93431074
v 121.26333205 8.51323326 -13.36835167
v 121.68039926 9.11100775 -12.76151511
v 122.12377319 9.64329892 -12.11640204
v 122.59132414 10.10330004 -11.43611120
v 123.08017446 10.48415824 -10.72482957
v 123.58653750 10.78011269 -9.98806676
v 124.10585684 10.98750814 -9.23245244
v 124.63318857 11.10533759 -8.46518001
v 125.16368066 11.13512246 -7.69330924
v 125.69297014 11.08016232 -6.92318825
v 126.21735440 10.94440172 -6.16020442
v 126.73368129 10.73129203 -5.40894414
v 127.23901280 10.44302657 -4.67368223
v 127.73020577 10.08039635 -3.95899203
v 128.20358812 9.64329892 -3.27021643
v 128.65487642 9.13170890 -2.61358788
v 129.07939146 8.54676411 -1.99591466
v 129.47251588 7.89159020 -1.42391508
v 129.83024307 7.17158661 -0.90341879
v 130.14962493 6.39409141 -0.43871530
v 130.42895483 5.56756123 -0.03228777
v 130.66761152 4.70056601 0.31495986
v 130.86560886 3.80095083 0.60304778
v 131.02300279 2.87544103 0.83205737
v 131.13936140 1.92979331 1.00136021
v 131.21348716 0.96938859 1.10921385
v 132.04595745 0.00000000 0.60301459
v 132.02921193 -0.97115335 0.57953822
v 131.96318607 -1.93650574 0.48697339
v 131.84704136 -2.88718955 0.32414452
v 131.68134486 -3.81417174 0.09184658
v 131.46813557 -4.70912332 -0.20706181
v 131.21062346 -5.56511314 -0.56808048
v 130.91262721 -6.37686079 -0.98585581
v 130.57794296 -7.14044502 -1.45506583
v 130.20985325 -7.85256840 -1.97110857
v 129.81093036 -8.50965100 -2.53037783
v 129.38317974 -9.10710102 -3.13006209
v 128.92844854 -9.63905871 -3.76757171
v 128.44893342 -10.09874754 -4.43982711
v 127.94759240 -10.47935072 -5.14268131
v 127.42830822 -10.77513811 -5.87069088
v 126.89574667 -10.98246981 -6.61731463
v 126.35496797 -11.10033358 -7.37545841
v 125.81093964 -11.13022628 -8.13815801
v 125.26813275 -11.07541123 -8.89914519
v 124.73034771 -10.93979646 -9.65309201
v 124.20082550 -10.72680792 -10.39545477
v 123.68258902 -10.43863228 -11.12199552
v 123.17886864 -10.07607395 -11.82818545
v 122.69343073 -9.63905871 -12.50874430
v 122.23066113 -9.12759420 -13.15752335
v 121.79534597 -8.54284498 -13.76781270
v 121.39220649 -7.88794855 -14.33299340
v 121.02534145 -7.16829807 -14.84731922
v 120.69777203 -6.39121026 -15.30655461
v 120.41125581 -5.56511314 -15.70823553
v 120.16644517 -4.69855045 -16.05144739
v 119.96334439 -3.79935144 -16.33618419
v 119.80191189 -2.87423952 -16.56250421
v 119.68259830 -1.92898128 -16.72977570
v 119.60662854 -0.96897293 -16.83628136
v 119.57592182 -0.00000000 -16.87933060
v 119.59266735 0.97115335 -16.85585424
v 119.65869320 1.93650574 -16.76328940
v 119.77483791 2.88718955 -16.60046053
v 119.94053441 3.81417174 -16.36816259
v 120.15374370 4.70912332 -16.06925420
v 120.41125581 5.56511314 -15.70823553
v 120.70925206 6.37686079 -15.29046021
v 121.04393632 7.14044502 -14.82125018
v 121.41202602 7.85256840 -14.30520745
v 121.81094891 8.50965100 -13.74593819
v 122.23869954 9.10710102 -13.14625392
v 122.69343073 9.63905871 -12.50874430
v 123.17294585 10.09874754 -11.83648890
v 123.67428687 10.47935072 -11.13363470
v 124.19357105 10.77513811 -10.40562513
v 124.72613260 10.98246981 -9.65900138
v 125.26691130 11.10033358 -8.90085760
v 125.81093964 11.13022628 -8.13815801
v 126.35374652 11.07541123 -7.37717082
v 126.89153156 10.93979646 -6.62322400
v 127.42105377 10.72680792 -5.88086125
v 127.93929025 10.43863228 -5.15432050
v 128.44301063 10.07607395 -4.44813056
v 128.92844854 9.63905871 -3.76757171
v 129.39121814 9.12759420 -3.11879267
v 129.82653331 8.54284498 -2.50850331
v 130.22967278 7.88794855 -1.94332261
v 130.59653782 7.16829807 -1.42899680
v 130.92410724 6.39121026 -0.96976140
v 131.21062346 5.56511314 -0.56808048
v 131.45543410 4.69855045 -0.22486862
v 131.65853488 3.79935144 0.05986817
v 131.81996738 2.87423952 0.28618819
v 131.93928098 1.92898128 0.45345968
v 132.01525073 0.96897293 0.55996535
v 132.83642153 0.00000000 0.03606355
v 132.81929118 -0.97092876 0.01291321
v 132.75168049 -1.93606255 -0.07845740
v 132.63272647 -2.88653132 -0.23921453
v 132.46300894 -3.81329882 -0.46857460
v 132.24461870 -4.70803429 -0.76371207
v 131.98084835 -5.56380790 -1.12017725
v 131.67561480 -6.37534419 -1.53267671
v 131.33281088 -7.13872959 -1.99594963
v 130.95580094 -7.85067495 -2.50544931
v 130.54721892 -8.50760664 -3.05761622
v 130.10911571 -9.10493509 -3.64967873
v 129.64337894 -9.63679796 -4.27908585
v 129.15225459 -10.09641213 -4.94280233
v 128.63877020 -10.47695241 -5.63673664
v 128.10690279 -10.77268155 -6.35551420
v 127.56143334 -10.97995635 -7.09267386
v 127.00754770 -11.09776654 -7.84120734
v 126.45033635 -11.12761580 -8.59423525
v 125.89437971 -11.07277718 -9.34556754
v 125.34356923 -10.93716827 -10.08994518
v 124.80122186 -10.72422142 -10.82288559
v 124.27043067 -10.43612449 -11.54020871
v 123.75450215 -10.07367757 -12.23744608
v 123.25729376 -9.63679796 -12.90938465
v 122.78329976 -9.12548336 -13.54995079
v 122.33742607 -8.54088986 -14.15251449
v 121.92451267 -7.88615023 -14.71053492
v 121.54876075 -7.16665753 -15.21833451
v 121.21326535 -6.38973224 -15.67173052
v 120.91982436 -5.56380790 -16.06829326
v 120.66910125 -4.69743300 -16.40712608
v 120.46109471 -3.79843868 -16.68823080
v 120.29575727 -2.87354647 -16.91167153
v 120.17354810 -1.92851786 -17.07682774
v 120.09572279 -0.96874248 -17.18200260
v 120.06425118 -0.00000000 -17.22453405
v 120.08138152 0.97092876 -17.20138372
v 120.14899222 1.93606255 -17.11001310
v 120.26794623 2.88653132 -16.94925598
v 120.43766376 3.81329882 -16.71989590
v 120.65605400 4.70803429 -16.42475843
v 120.91982436 5.56380790 -16.06829326
v 121.22505790 6.37534419 -15.65579380
v 121.56786183 7.13872959 -15.19252088
v 121.94487176 7.85067495 -14.68302119
v 122.35345378 8.50760664 -14.13085429
v 122.79155699 9.10493509 -13.53879178
v 123.25729376 9.63679796 -12.90938465
v 123.74841812 10.09641213 -12.24566818
v 124.26190250 10.47695241 -11.55173386
v 124.79376991 10.77268155 -10.83295631
v 125.33923937 10.97995635 -10.09579665
v 125.89312501 11.09776654 -9.34726317
v 126.45033635 11.12761580 -8.59423525
v 127.00629300 11.07277718 -7.84290296
v 127.55710347 10.93716827 -7.09852533
v 128.09945085 10.72422142 -6.36558492
v 128.63024204 10.43612449 -5.64826180
v 129.14617055 10.07367757 -4.95102443
v 129.64337894 9.63679796 -4.27908585
v 130.11737295 9.12548336 -3.63851972
v 130.56324663 8.54088986 -3.03595601
v 130.97616003 7.88615023 -2.47793558
v 131.35191196 7.16665753 -1.97013600
v 131.68740736 6.38973224 -1.51673999
v 131.98084835 5.56380790 -1.12017725
v 132.23157145 4.69743300 -0.78134442
v 132.43957800 3.79843868 -0.50023971
v 132.60491544 2.87354647 -0.27679898
v 132.72712461 1.92851786 -0.11164277
v 132.80494991 0.96874248 -0.00646790
v 133.61832044 0.00000000 -0.54268122
v 133.60075073 -0.97113413 -0.56557850
v 133.53152076 -1.93646437 -0.65580076
v 133.40975422 -2.88712620 -0.81449001
v 133.23604624 -3.81409025 -1.04087065
v 133.01253290 -4.70903014 -1.33215891
v 132.74257614 -5.56501506 -1.68397340
v 132.43017555 -6.37676221 -2.09110178
v 132.07930772 -7.14034598 -2.54836164
v 131.69341246 -7.85246406 -3.05127013
v 131.27518694 -8.50953298 -3.59631225
v 130.82673572 -9.10696024 -4.18074525
v 130.34999824 -9.63888882 -4.80204163
v 129.84728001 -10.09854773 -5.45719678
v 129.32168360 -10.47912683 -6.14216736
v 128.77727948 -10.77490167 -6.85164863
v 128.21895769 -10.98223516 -7.57926775
v 127.65202117 -11.10011395 -8.31811380
v 127.08167604 -11.13003011 -9.06140205
v 126.51260898 -11.07524003 -9.80302468
v 125.94880491 -10.93964473 -10.53778845
v 125.39366336 -10.72666539 -11.26126301
v 124.85035550 -10.43848750 -11.96931559
v 124.32226943 -10.07591819 -12.65753076
v 123.81335384 -9.63888882 -13.32076246
v 123.32820532 -9.12741360 -13.95302033
v 122.87183889 -8.54266246 -14.54776864
v 122.44920130 -7.88777547 -15.09856066
v 122.06458749 -7.16814492 -15.59979915
v 121.72116432 -6.39108380 -16.04735694
v 121.42077594 -5.56501506 -16.43883069
v 121.16410947 -4.69847781 -16.77332495
v 120.95117323 -3.79929874 -17.05082885
v 120.78192694 -2.87420133 -17.27139492
v 120.65684460 -1.92895452 -17.43440540
v 120.57720975 -0.96895795 -17.53818755
v 120.54503165 -0.00000000 -17.58012288
v 120.56260135 0.97113413 -17.55722559
v 120.63183132 1.93646437 -17.46700334
v 120.75359787 2.88712620 -17.30831408
v 120.92730584 3.81409025 -17.08193345
v 121.15081918 4.70903014 -16.79064519
v 121.42077594 5.56501506 -16.43883069
v 121.73317653 6.37676221 -16.03170232
v 122.08404436 7.14034598 -15.57444245
v 122.46993962 7.85246406 -15.07153396
v 122.88816514 8.50953298 -14.52649185
v 123.33661637 9.10696024 -13.94205884
v 123.81335384 9.63888882 -13.32076246
v 124.31607207 10.09854773 -12.66560732
v 124.84166848 10.47912683 -11.98063674
v 125.38607261 10.77490167 -11.27115547
v 125.94439440 10.98223516 -10.54353634
v 126.51133091 11.10011395 -9.80469030
v 127.08167604 11.13003011 -9.06140205
v 127.65074310 11.07524003 -8.31977941
v 128.21454717 10.93964473 -7.58501565
v 128.76968873 10.72666539 -6.86154109
v 129.31299658 10.43848750 -6.15348850
v 129.84108265 10.07591819 -5.46527334
v 130.34999824 9.63888882 -4.80204163
v 130.83514676 9.12741360 -4.16978377
v 131.29151320 8.54266246 -3.57503545
v 131.71415078 7.88777547 -3.02424343
v 132.09876460 7.16814492 -2.52300495
v 132.44218777 6.39108380 -2.07544716
v 132.74257614 5.56501506 -1.68397340
v 132.99924262 4.69847781 -1.34947914
v 133.21217885 3.79929874 -1.07197524
v 133.38142515 2.87420133 -0.85140917
v 133.50650748 1.92895452 -0.68839870
v 133.58614233 0.96895795 -0.58461654
v 134.39039378 0.00000000 -1.13453053
v 134.37237281 -0.97157367 -1.15718600
v 134.30152875 -1.93733003 -1.24624919
v 134.17697537 -2.88841096 -1.40283425
v 133.99932377 -3.81579527 -1.62617292
v 133.77075292 -4.71116147 -1.91352586
v 133.49468955 -5.56757625 -2.26058507
v 133.17521053 -6.37974573 -2.66222525
v 132.81637163 -7.14372680 -3.11334758
v 132.42168552 -7.85619818 -3.60953603
v 131.99391246 -8.51356207 -4.14732046
v 131.53521261 -9.11122115 -4.72398520
v 131.04758009 -9.64332494 -5.33702331
v 130.53338236 -10.10311838 -5.98345844
v 129.99579791 -10.48381134 -6.65929472
v 129.43898956 -10.77969646 -7.35929876
v 128.86795358 -10.98714458 -8.07718938
v 128.28810636 -11.10513791 -8.80615723
v 127.70476639 -11.13515249 -9.53951609
v 127.12272472 -11.08042184 -10.27124275
v 126.54605955 -10.94482443 -10.99621023
v 125.97825416 -10.73176629 -11.71003943
v 125.42255943 -10.44342992 -12.40864345
v 124.88244591 -10.08063245 -13.08765922
v 124.36195269 -9.64332494 -13.74200887
v 123.86577594 -9.13154471 -14.36578853
v 123.39903556 -8.54648131 -14.95256162
v 122.96678058 -7.89128550 -15.49598060
v 122.57339620 -7.17134931 -15.99053254
v 122.22211984 -6.39397644 -16.43214746
v 121.91484323 -5.56757625 -16.81844710
v 121.65228058 -4.70067611 -17.14853359
v 121.43445431 -3.80109763 -17.42237874
v 121.26133504 -2.87556811 -17.64001949
v 121.13341336 -1.92986785 -17.80083908
v 121.05199968 -0.96941130 -17.90319010
v 121.01913900 -0.00000000 -17.94450165
v 121.03715997 0.97157367 -17.92184618
v 121.10800403 1.93733003 -17.83278298
v 121.23255741 2.88841096 -17.67619792
v 121.41020901 3.81579527 -17.45285926
v 121.63877986 4.71116147 -17.16550631
v 121.91484323 5.56757625 -16.81844710
v 122.23432225 6.37974573 -16.41680692
v 122.59316115 7.14372680 -15.96568460
v 122.98784726 7.85619818 -15.46949615
v 123.41562032 8.51356207 -14.93171171
v 123.87432016 9.11122115 -14.35504697
v 124.36195269 9.64332494 -13.74200887
v 124.87615042 10.10311838 -13.09557373
v 125.41373487 10.48381134 -12.41973745
v 125.97054322 10.77969646 -11.71973341
v 126.54157920 10.98714458 -11.00184280
v 127.12142642 11.10513791 -10.27287494
v 127.70476639 11.13515249 -9.53951609
v 128.28680806 11.08042184 -8.80778943
v 128.86347323 10.94482443 -8.08282195
v 129.43127862 10.73176629 -7.36899274
v 129.98697335 10.44342992 -6.67038872
v 130.52708687 10.08063245 -5.99137296
v 131.04758009 9.64332494 -5.33702331
v 131.54375683 9.13154471 -4.71324364
v 132.01049722 8.54648131 -4.12647056
v 132.44275220 7.89128550 -3.58305158
v 132.83613658 7.17134931 -3.08849963
v 133.18741294 6.39397644 -2.64688472
v 133.49468955 5.56757625 -2.26058507
v 133.75725220 4.70067611 -1.93049859
v 133.97507847 3.80109763 -1.65665344
v 134.14819774 2.87556811 -1.43901268
v 134.27611942 1.92986785 -1.27819310
v 134.35753310 0.96941130 -1.17584207
v 135.15230290 0.00000000 -1.73947905
v 135.13382316 -0.97206504 -1.76189676
v 135.06137464 -1.93829697 -1.84978384
v 134.93406381 -2.88984559 -2.00422423
v 134.75251814 -3.81769977 -2.22445674
v 134.51895754 -4.71354410 -2.50778840
v 134.23686985 -5.57044255 -2.84998814
v 133.91040481 -6.38308820 -3.24602189
v 133.54369362 -7.14751720 -3.69087814
v 133.14031956 -7.86038583 -4.18021001
v 132.70310568 -8.51807930 -4.71059285
v 132.23426899 -9.11599469 -5.27933724
v 131.73586025 -9.64828951 -5.88395539
v 131.21031055 -10.10822795 -6.52149815
v 130.66087471 -10.48904390 -7.18801713
v 130.09180671 -10.78505055 -7.87835181
v 129.50820653 -10.99262836 -8.58631544
v 128.91560083 -11.11075424 -9.30520364
v 128.31941760 -11.14088509 -10.02843173
v 127.72455045 -11.08622708 -10.75006329
v 127.13517037 -10.95063167 -11.46503850
v 126.55484501 -10.73748672 -12.16902945
v 125.98690589 -10.44897112 -12.85799470
v 125.43490633 -10.08591388 -13.52762371
v 124.90297495 -9.64828951 -14.17290808
v 124.39590499 -9.13616291 -14.78803312
v 123.91891766 -8.55074693 -15.36666502
v 123.47716049 -7.89520497 -15.90255932
v 123.07510599 -7.17492860 -16.39029044
v 122.71606089 -6.39721014 -16.82584697
v 122.40196535 -5.57044255 -17.20687533
v 122.13356323 -4.70313888 -17.53247313
v 121.91089434 -3.80311447 -17.80259209
v 121.73394305 -2.87710090 -18.01725118
v 121.60321780 -1.93089182 -18.17583358
v 121.52005494 -0.96991919 -18.27671820
v 121.48653230 -0.00000000 -18.31738442
v 121.50501204 0.97206504 -18.29496671
v 121.57746055 1.93829697 -18.20707963
v 121.70477138 2.88984559 -18.05263924
v 121.88631706 3.81769977 -17.83240673
v 122.11987765 4.71354410 -17.54907507
v 122.40196535 5.57044255 -17.20687533
v 122.72843038 6.38308820 -16.81084157
v 123.09514158 7.14751720 -16.36598533
v 123.49851564 7.86038583 -15.87665346
v 123.93572951 8.51807930 -15.34627062
v 124.40456620 9.11599469 -14.77752623
v 124.90297495 9.64828951 -14.17290808
v 125.42852464 10.10822795 -13.53536532
v 125.97796049 10.48904390 -12.86884634
v 126.54702849 10.78505055 -12.17851166
v 127.13062867 10.99262836 -11.47054802
v 127.72323436 11.11075424 -10.75165983
v 128.31941760 11.14088509 -10.02843173
v 128.91428475 11.08622708 -9.30680017
v 129.50366483 10.95063167 -8.59182497
v 130.08399018 10.73748672 -7.88783402
v 130.65192931 10.44897112 -7.19886877
v 131.20392886 10.08591388 -6.52923976
v 131.73586025 9.64828951 -5.88395539
v 132.24293021 9.13616291 -5.26883034
v 132.71991753 8.55074693 -4.69019844
v 133.16167470 7.89520497 -4.15430415
v 133.56372921 7.17492860 -3.66657303
v 133.92277431 6.39721014 -3.23101650
v 134.23686985 5.57044255 -2.84998814
v 134.50527196 4.70313888 -2.52439033
v 134.72794085 3.80311447 -2.25427138
v 134.90489214 2.87710090 -2.03961229
v 135.03561739 1.93089182 -1.88102989
v 135.11878025 0.96991919 -1.78014527
v 135.90379007 0.00000000 -2.35740476
v 135.88484527 -0.97234158 -2.37958627
v 135.81080340 -1.93883380 -2.46627817
v 135.68076603 -2.89063801 -2.61853236
v 135.49537740 -3.81875712 -2.83559456
v 135.25689651 -4.71488504 -3.11481980
v 134.96886876 -5.57208463 -3.45205697
v 134.63551267 -6.38503573 -3.84236680
v 134.26103124 -7.14975207 -4.28082822
v 133.84907621 -7.86286540 -4.76316559
v 133.40253303 -8.52074272 -5.28600048
v 132.92367666 -9.11877605 -5.84666925
v 132.41461625 -9.65113369 -6.44270241
v 131.87784796 -10.11110361 -7.07117733
v 131.31670320 -10.49194897 -7.72819343
v 130.73552594 -10.78800793 -8.40866458
v 130.13951734 -10.99567290 -9.10650098
v 129.53431129 -11.11391511 -9.81510623
v 128.92544244 -11.14416927 -10.52800006
v 128.31790515 -11.08960957 -11.23933483
v 127.71596265 -10.95405569 -11.94411895
v 127.12326740 -10.74087388 -12.63807592
v 126.54323229 -10.45223828 -13.31720978
v 125.97949366 -10.08899117 -13.97726290
v 125.43626862 -9.65113369 -14.61329771
v 124.91844512 -9.13876203 -15.21959112
v 124.43134224 -8.55311516 -15.78991532
v 123.98020234 -7.89736992 -16.31813228
v 123.56958239 -7.17691578 -16.79890648
v 123.20285721 -6.39903006 -17.22828649
v 122.88201611 -5.57208463 -17.60394315
v 122.60783491 -4.70457384 -17.92496809
v 122.38037384 -3.80430362 -18.19129078
v 122.19963362 -2.87800848 -18.40291039
v 122.06614169 -1.93149557 -18.55920936
v 121.98125944 -0.97021512 -18.65859371
v 121.94709480 -0.00000000 -18.69859536
v 121.96603960 0.97234158 -18.67641385
v 122.04008148 1.93883380 -18.58972195
v 122.17011884 2.89063801 -18.43746776
v 122.35550748 3.81875712 -18.22040556
v 122.59398836 4.71488504 -17.94118032
v 122.88201611 5.57208463 -17.60394315
v 123.21537220 6.38503573 -17.21363332
v 123.58985363 7.14975207 -16.77517190
v 124.00180866 7.86286540 -16.29283453
v 124.44835184 8.52074272 -15.76999964
v 124.92720821 9.11877605 -15.20933087
v 125.43626862 9.65113369 -14.61329771
v 125.97303691 10.11110361 -13.98482279
v 126.53418167 10.49194897 -13.32780669
v 127.11535893 10.78800793 -12.64733554
v 127.71136753 10.99567290 -11.94949914
v 128.31657358 11.11391511 -11.24089389
v 128.92544244 11.14416927 -10.52800006
v 129.53297973 11.08960957 -9.81666529
v 130.13492223 10.95405569 -9.11188117
v 130.72761748 10.74087388 -8.41792420
v 131.30765259 10.45223828 -7.73879034
v 131.87139121 10.08899117 -7.07873722
v 132.41461625 9.65113369 -6.44270241
v 132.93243975 9.13876203 -5.83640900
v 133.41954263 8.55311516 -5.26608480
v 133.87068253 7.89736992 -4.73786784
v 134.28130249 7.17691578 -4.25709364
v 134.64802766 6.39903006 -3.82771363
v 134.96886876 5.57208463 -3.45205697
v 135.24304996 4.70457384 -3.13103203
v 135.47051103 3.80430362 -2.86470934
v 135.65125125 2.87800848 -2.65308973
v 135.78474318 1.93149557 -2.49679076
v 135.86962543 0.97021512 -2.39740641
v 136.64423124 0.00000000 -2.98859271
v 136.62483167 -0.97259522 -3.01051994
v 136.54922316 -1.93932641 -3.09597982
v 136.41650188 -2.89136528 -3.24599394
v 136.22732836 -3.81972737 -3.45981570
v 135.98400051 -4.71611496 -3.73484780
v 135.69012112 -5.57358990 -4.06701803
v 135.34997727 -6.38682004 -4.45148072
v 134.96784338 -7.15179889 -4.88340450
v 134.54743895 -7.86513603 -5.35858527
v 134.09171077 -8.52318202 -5.87369227
v 133.60299037 -9.12132431 -6.42609020
v 133.08344377 -9.65374089 -7.01333080
v 132.53563059 -10.11374117 -7.63252097
v 131.96295736 -10.49461469 -8.27981030
v 131.36985666 -10.79072211 -8.95018870
v 130.76162962 -10.99846661 -9.63766430
v 130.14401614 -11.11681426 -10.33574936
v 129.52265630 -11.14717981 -11.03806889
v 128.90264383 -11.09270858 -11.73886551
v 128.28833260 -10.95719159 -12.43321804
v 127.68345821 -10.74397562 -13.11690417
v 127.09151320 -10.45523053 -13.78597629
v 126.51621535 -10.09181055 -14.43623223
v 125.96186884 -9.65374089 -15.06280698
v 125.43345522 -9.14114595 -15.66006992
v 124.93639051 -8.55528828 -16.22189937
v 124.47601109 -7.89935683 -16.74226365
v 124.05695757 -7.17873924 -17.21591749
v 123.68267193 -6.40069930 -17.63897045
v 123.35519149 -5.57358990 -18.00911975
v 123.07532287 -4.70588855 -18.32545368
v 122.84314552 -3.80539270 -18.58788243
v 122.65867556 -2.87883959 -18.79638779
v 122.52245873 -1.93204851 -18.95035291
v 122.43588128 -0.97048625 -19.04821092
v 122.40108137 -0.00000000 -19.08754507
v 122.42048094 0.97259522 -19.06561784
v 122.49608945 1.93932641 -18.98015796
v 122.62881073 2.89136528 -18.83014384
v 122.81798425 3.81972737 -18.61632208
v 123.06131210 4.71611496 -18.34128998
v 123.35519149 5.57358990 -18.00911975
v 123.69533534 6.38682004 -17.62465706
v 124.07746923 7.15179889 -17.19273328
v 124.49787366 7.86513603 -16.71755251
v 124.95360184 8.52318202 -16.20244551
v 125.44232224 9.12132431 -15.65004758
v 125.96186884 9.65374089 -15.06280698
v 126.50968202 10.11374117 -14.44361681
v 127.08235525 10.49461469 -13.79632748
v 127.67545595 10.79072211 -13.12594908
v 128.28368299 10.99846661 -12.43847348
v 128.90129647 11.11681426 -11.74038842
v 129.52265630 11.14717981 -11.03806889
v 130.14266878 11.09270858 -10.33727227
v 130.75698001 10.95719159 -9.64291974
v 131.36185440 10.74397562 -8.95923361
v 131.95379941 10.45523053 -8.29016149
v 132.52909726 10.09181055 -7.63990555
v 133.08344377 9.65374089 -7.01333080
v 133.61185739 9.14114595 -6.41606786
v 134.10892210 8.55528828 -5.85423841
v 134.56930152 7.89935683 -5.33387413
v 134.98835504 7.17873924 -4.86022029
v 135.36264068 6.40069930 -4.43716733
v 135.69012112 5.57358990 -4.06701803
v 135.96998974 4.70588855 -3.75068410
v 136.20216708 3.80539270 -3.48825535
v 136.38663705 2.87883959 -3.27974999
v 136.52285388 1.93204851 -3.12578487
v 136.60943133 0.97048625 -3.02792686
v 137.37396777 0.00000000 -3.63221046
v 137.35410024 -0.97271042 -3.65389207
v 137.27693055 -1.93953997 -3.73810801
v 137.14155319 -2.89167487 -3.88584647
v 136.94864572 -3.82014799 -4.09636803
v 136.70054232 -4.71667353 -4.36712538
v 136.40089816 -5.57431350 -4.69412961
v 136.05406299 -6.38772209 -5.07263377
v 135.66437760 -7.15286884 -5.49790075
v 135.23562638 -7.86633682 -5.96580060
v 134.77081735 -8.52445713 -6.47305065
v 134.27234072 -9.12261257 -7.01704244
v 133.74242253 -9.65499419 -7.59534666
v 133.18368856 -10.11493903 -8.20509779
v 132.59962147 -10.49577035 -8.84249517
v 131.99474122 -10.79187755 -9.50260613
v 131.37444582 -10.99967775 -10.17953977
v 130.74457718 -11.11813093 -10.86692077
v 130.11087729 -11.14862699 -11.55848285
v 129.47853709 -11.09427528 -12.24856108
v 128.85200097 -10.95883085 -12.93230528
v 128.23508893 -10.74561593 -13.60554663
v 127.63137497 -10.45679469 -14.26438481
v 127.04465920 -10.09323588 -14.90467271
v 126.47933204 -9.65499419 -15.52161905
v 125.94046560 -9.14222862 -16.10968858
v 125.43356821 -8.55623038 -16.66287002
v 124.96406531 -7.90020267 -17.17524251
v 124.53667739 -7.17952976 -17.64165459
v 124.15491215 -6.40145739 -18.05827824
v 123.82085642 -5.57431350 -18.42283610
v 123.53535139 -4.70655319 -18.73441017
v 123.29850065 -3.80596201 -18.99288738
v 123.11033983 -2.87927911 -19.19822889
v 122.97143490 -1.93233756 -19.34981702
v 122.88319577 -0.97062332 -19.44611313
v 122.84778680 -0.00000000 -19.48475524
v 122.86765433 0.97271042 -19.46307364
v 122.94482403 1.93953997 -19.37885770
v 123.08020138 2.89167487 -19.23111923
v 123.27310885 3.82014799 -19.02059768
v 123.52121225 4.71667353 -18.74984032
v 123.82085642 5.57431350 -18.42283610
v 124.16769158 6.38772209 -18.04433193
v 124.55737697 7.15286884 -17.61906496
v 124.98612819 7.86633682 -17.15116511
v 125.45093722 8.52445713 -16.64391506
v 125.94941386 9.12261257 -16.09992327
v 126.47933204 9.65499419 -15.52161905
v 127.03806602 10.11493903 -14.91186791
v 127.62213311 10.49577035 -14.27447053
v 128.22701336 10.79187755 -13.61435958
v 128.84730875 10.99967775 -12.93742594
v 129.47717739 11.11813093 -12.25004494
v 130.11087729 11.14862699 -11.55848285
v 130.74321748 11.09427528 -10.86840462
v 131.36975361 10.95883085 -10.18466042
v 131.98666564 10.74561593 -9.51141907
v 132.59037960 10.45679469 -8.85258089
v 133.17709537 10.09323588 -8.21229299
v 133.74242253 9.65499419 -7.59534666
v 134.28128897 9.14222862 -7.00727713
v 134.78818637 8.55623038 -6.45409569
v 135.25768926 7.90020267 -5.94172319
v 135.68507719 7.17952976 -5.47531112
v 136.06684242 6.40145739 -5.05868747
v 136.40089816 5.57431350 -4.69412961
v 136.68640318 4.70655319 -4.38255554
v 136.92325392 3.80596201 -4.12407832
v 137.11141474 2.87927911 -3.91873682
v 137.25031967 1.93233756 -3.76714869
v 137.33855880 0.97062332 -3.67085258
v 138.09240321 0.00000000 -4.28850028
v 138.07207024 -0.97283137 -4.30992676
v 137.99335964 -1.93976499 -4.39287043
v 137.85536514 -2.89200155 -4.53828628
v 137.65878128 -3.82059120 -4.74544245
v 137.40597743 -4.71726005 -5.01184212
v 137.10065934 -5.57507021 -5.33358026
v 136.74723723 -6.38866220 -5.70600946
v 136.35011624 -7.15398150 -6.12448766
v 135.91314421 -7.86758462 -6.58496010
v 135.43938958 -8.52578315 -7.08419332
v 134.93130104 -9.12395519 -7.61960692
v 134.39116470 -9.65630486 -8.18879186
v 133.82167232 -10.11619682 -8.78891161
v 133.22638202 -10.49698805 -9.41621670
v 132.60989978 -10.79309674 -10.06585343
v 131.97771857 -11.00095392 -10.73203343
v 131.33578012 -11.11951346 -11.40849541
v 130.68992620 -11.15014042 -12.08908343
v 130.04544336 -11.09590808 -12.76822664
v 129.40686529 -10.96053555 -13.44114752
v 128.77809572 -10.74732046 -14.10373239
v 128.16278953 -10.45842130 -14.75212983
v 127.56482840 -10.09472136 -15.38224938
v 126.98868770 -9.65630486 -15.98937500
v 126.43952828 -9.14336545 -16.56806828
v 125.92294858 -8.55722306 -17.11242970
v 125.44446084 -7.90109518 -17.61665058
v 125.00886349 -7.18036272 -18.07567440
v 124.61972889 -6.40225341 -18.48573671
v 124.27919307 -5.57507021 -18.84458659
v 123.98813233 -4.70724588 -19.15130061
v 123.74667525 -3.80655405 -19.40574329
v 123.55487771 -2.87973584 -19.60785572
v 123.41332615 -1.93263814 -19.75701994
v 123.32345356 -0.97076617 -19.85172589
v 123.28744920 -0.00000000 -19.88966657
v 123.30778216 0.97283137 -19.86824010
v 123.38649277 1.93976499 -19.78529643
v 123.52448726 2.89200155 -19.63988057
v 123.72107113 3.82059120 -19.43272440
v 123.97387497 4.71726005 -19.16632473
v 124.27919307 5.57507021 -18.84458659
v 124.63261518 6.38866220 -18.47215740
v 125.02973616 7.15398150 -18.05367919
v 125.46670819 7.86758462 -17.59320675
v 125.94046283 8.52578315 -17.09397354
v 126.44855136 9.12395519 -16.55855994
v 126.98868770 9.65630486 -15.98937500
v 127.55818008 10.11619682 -15.38925525
v 128.15347039 10.49698805 -14.76195015
v 128.76995262 10.79309674 -14.11231342
v 129.40213384 11.00095392 -13.44613343
v 130.04407229 11.11951346 -12.76967145
v 130.68992620 11.15014042 -12.08908343
v 131.33440905 11.09590808 -11.40994021
v 131.97298712 10.96053555 -10.73701933
v 132.60175668 10.74732046 -10.07443446
v 133.21706288 10.45842130 -9.42603702
v 133.81502401 10.09472136 -8.79591747
v 134.39116470 9.65630486 -8.18879186
v 134.94032412 9.14336545 -7.61009858
v 135.45690383 8.55722306 -7.06573715
v 135.93539157 7.90109518 -6.56151628
v 136.37098891 7.18036272 -6.10249246
v 136.76012352 6.40225341 -5.69243014
v 137.10065934 5.57507021 -5.33358026
v 137.39172007 4.70724588 -5.02686624
v 137.63317716 3.80655405 -4.77242357
v 137.82497469 2.87973584 -4.57031114
v 137.96652625 1.93263814 -4.42114691
v 138.05639885 0.97076617 -4.32644096
v 138.78911855 0.00000000 -4.94352906
v 138.76827842 -0.97291715 -4.96480287
v 138.68810453 -1.93990613 -5.04664517
v 138.54770634 -2.89219570 -5.18996504
v 138.34779774 -3.82086920 -5.39403371
v 138.09077079 -4.71767596 -5.65640938
v 137.78035792 -5.57567929 -5.97328191
v 137.42100179 -6.38949515 -6.34011620
v 137.01714750 -7.15502508 -6.75237467
v 136.57269160 -7.86877696 -7.20607965
v 136.09076028 -8.52702684 -7.69803993
v 135.57386798 -9.12514476 -8.22568871
v 135.02437261 -9.65735982 -8.78661902
v 134.44504149 -10.11708875 -9.37800597
v 133.83950996 -10.49775186 -9.99613856
v 133.21246173 -10.79382129 -10.63623560
v 132.56946774 -11.00175439 -11.29261024
v 131.91654858 -11.12049385 -11.95911659
v 131.25962667 -11.15135859 -12.62970898
v 130.60407166 -11.09735475 -13.29890603
v 129.95450265 -10.96213440 -13.96199251
v 129.31490993 -10.74894923 -14.61489510
v 128.68903417 -10.45994690 -15.25379528
v 128.08083995 -10.09603750 -15.87464597
v 127.49488073 -9.65735982 -16.47279895
v 126.93638974 -9.14417161 -17.04291209
v 126.41103210 -8.55784572 -17.57920237
v 125.92438207 -7.90162559 -18.07597955
v 125.48129667 -7.18088519 -18.52828551
v 125.08540446 -6.40281789 -18.93241620
v 124.73889542 -5.57567929 -19.28613606
v 124.44269654 -4.70785960 -19.58849882
v 124.19698183 -3.80710932 -19.83932683
v 124.00184500 -2.88017226 -20.03852443
v 123.85790057 -1.93292006 -20.18546434
v 123.76659864 -0.97089274 -20.27866625
v 123.73013479 -0.00000000 -20.31588891
v 123.75097492 0.97291715 -20.29461510
v 123.83114881 1.93990613 -20.21277280
v 123.97154700 2.89219570 -20.06945293
v 124.17145560 3.82086920 -19.86538426
v 124.42848255 4.71767596 -19.60300859
v 124.73889542 5.57567929 -19.28613606
v 125.09825155 6.38949515 -18.91930177
v 125.50210584 7.15502508 -18.50704330
v 125.94656174 7.86877696 -18.05333832
v 126.42849307 8.52702684 -17.56137804
v 126.94538536 9.12514476 -17.03372926
v 127.49488073 9.65735982 -16.47279895
v 128.07421185 10.11708875 -15.88141199
v 128.67974338 10.49775186 -15.26327941
v 129.30679161 10.79382129 -14.62318237
v 129.94978560 11.00175439 -13.96680773
v 130.60270476 11.12049385 -13.30030138
v 131.25962667 11.15135859 -12.62970898
v 131.91518168 11.09735475 -11.96051194
v 132.56475069 10.96213440 -11.29742546
v 133.20434341 10.74894923 -10.64452287
v 133.83021917 10.45994690 -10.00562269
v 134.43841340 10.09603750 -9.38477200
v 135.02437261 9.65735982 -8.78661902
v 135.58286361 9.14417161 -8.21650588
v 136.10822124 8.55784572 -7.68021560
v 136.59487128 7.90162559 -7.18343842
v 137.03795667 7.18088519 -6.73113246
v 137.43384888 6.40281789 -6.32700177
v 137.78035792 5.57567929 -5.97328191
v 138.07655680 4.70785960 -5.67091915
v 138.32227152 3.80710932 -5.42009114
v 138.51740834 2.88017226 -5.22089354
v 138.66135277 1.93292006 -5.07395363
v 138.75265470 0.97089274 -4.98075172
v 139.30816406 0.00000000 -5.44407628
v 139.28699762 -0.97300198 -5.46537614
v 139.20607948 -1.94004474 -5.54680430
v 139.06454435 -2.89238569 -5.68923153
v 138.86311940 -3.82114220 -5.89192607
v 138.60419686 -4.71808732 -6.15248060
v 138.29150044 -5.57628561 -6.46714795
v 137.92946306 -6.39032793 -6.83146725
v 137.52252792 -7.15607094 -7.24096731
v 137.07460429 -7.86997281 -7.69171420
v 136.58884810 -8.52827325 -8.18053212
v 136.06781793 -9.12633409 -8.70484634
v 135.51392375 -9.65840999 -9.26223173
v 134.92998476 -10.11797091 -9.84985128
v 134.31968149 -10.49850190 -10.46400130
v 133.68773298 -10.79453035 -11.09993298
v 133.03973704 -11.00254045 -11.75201325
v 132.38173763 -11.12146350 -12.41416003
v 131.71968343 -11.15257122 -13.08038717
v 131.05897830 -11.09880113 -13.74525673
v 130.40428537 -10.96373675 -14.40407619
v 129.75964636 -10.75058279 -15.05277837
v 129.12885502 -10.46147585 -15.68754559
v 128.51592377 -10.09735337 -16.30434015
v 127.92544311 -9.65840999 -16.89854261
v 127.36267057 -9.14496893 -17.46486231
v 126.83328544 -8.55845717 -17.99758416
v 126.34287206 -7.90214466 -18.49108862
v 125.89630107 -7.18139825 -18.94047435
v 125.49722420 -6.40337618 -19.34206660
v 125.14786642 -5.57628561 -19.69362639
v 124.84919867 -4.70847320 -19.99417664
v 124.60144088 -3.80766581 -20.24349605
v 124.40472549 -2.88060998 -20.44145134
v 124.25969035 -1.93320260 -20.58740064
v 124.16778926 -0.97101928 -20.67988098
v 124.13120279 -0.00000000 -20.71669806
v 124.15236924 0.97300198 -20.69539820
v 124.23328737 1.94004474 -20.61397003
v 124.37482250 2.89238569 -20.47154281
v 124.57624745 3.82114220 -20.26884827
v 124.83517000 4.71808732 -20.00829374
v 125.14786642 5.57628561 -19.69362639
v 125.50990380 6.39032793 -19.32930709
v 125.91683894 7.15607094 -18.91980703
v 126.36476256 7.86997281 -18.46906014
v 126.85051876 8.52827325 -17.98024222
v 127.37154892 9.12633409 -17.45592800
v 127.92544311 9.65840999 -16.89854261
v 128.50938209 10.11797091 -16.31092306
v 129.11968536 10.49850190 -15.69677304
v 129.75163387 10.79453035 -15.06084135
v 130.39962981 11.00254045 -14.40876109
v 131.05762922 11.12146350 -13.74661431
v 131.71968343 11.15257122 -13.08038717
v 132.38038856 11.09880113 -12.41551761
v 133.03508148 10.96373675 -11.75669815
v 133.67972050 10.75058279 -11.10799597
v 134.31051183 10.46147585 -10.47322875
v 134.92344309 10.09735337 -9.85643419
v 135.51392375 9.65840999 -9.26223173
v 136.07669628 9.14496893 -8.69591203
v 136.60608142 8.55845717 -8.16319018
v 137.09649480 7.90214466 -7.66968571
v 137.54306579 7.18139825 -7.22029999
v 137.94214265 6.40337618 -6.81870774
v 138.29150044 5.57628561 -6.46714795
v 138.59016818 4.70847320 -6.16659769
v 138.83792597 3.80766581 -5.91727829
v 139.03464136 2.88060998 -5.71932300
v 139.17967650 1.93320260 -5.57337370
v 139.27157759 0.97101928 -5.48089336
v 140.74297499 0.00000000 -6.83757666
v 140.72113184 -0.97296280 -6.85955748
v 140.63959150 -1.93984854 -6.94161177
v 140.49761158 -2.89202880 -7.08448660
v 140.29595055 -3.82075576 -7.28741870
v 140.03693389 -4.71789734 -7.54806794
v 139.72414613 -5.57652554 -7.86282720
v 139.36185708 -6.39113624 -8.22739977
v 138.95437715 -7.15741411 -8.63744804
v 138.50555497 -7.87162648 -9.08909915
v 138.01857349 -8.52987398 -9.57915008
v 137.49609144 -9.12748849 -10.10492534
v 136.94065394 -9.65882557 -10.66386377
v 136.35520336 -10.11756350 -11.25300444
v 135.74349266 -10.49744016 -11.86857076
v 135.11024567 -10.79319842 -12.50580911
v 134.46100717 -11.00142773 -13.15913977
v 133.80174183 -11.12101569 -13.82256046
v 133.13833289 -11.15305108 -14.49015088
v 132.47616537 -11.10020502 -15.15649204
v 131.81994268 -10.96579462 -15.81685090
v 131.17379325 -10.75284174 -16.46707302
v 130.54161110 -10.46343944 -17.10323982
v 129.92748211 -10.09863059 -17.72123967
v 129.33601184 -9.65882557 -18.31643799
v 128.77240441 -9.14460070 -18.88359784
v 128.24223405 -8.55759163 -19.41710986
v 127.75096698 -7.90116962 -19.91147339
v 127.30338951 -7.18067198 -20.36187195
v 126.90314083 -6.40311834 -20.76464339
v 126.55251964 -5.57652554 -21.11747455
v 126.25264118 -4.70906878 -21.41924315
v 126.00389842 -3.80838050 -21.66955374
v 125.80657117 -2.88121526 -21.86812475
v 125.66137050 -1.93356546 -22.01424061
v 125.56972356 -0.97114210 -22.10646521
v 125.53369079 -0.00000000 -22.14272509
v 125.55553393 0.97296280 -22.12074427
v 125.63707427 1.93984854 -22.03868998
v 125.77905420 2.89202880 -21.89581515
v 125.98071522 3.82075576 -21.69288306
v 126.23973189 4.71789734 -21.43223381
v 126.55251964 5.57652554 -21.11747455
v 126.91480870 6.39113624 -20.75290199
v 127.32228862 7.15741411 -20.34285371
v 127.77111080 7.87162648 -19.89120261
v 128.25809229 8.52987398 -19.40115167
v 128.78057433 9.12748849 -18.87537641
v 129.33601184 9.65882557 -18.31643799
v 129.92146241 10.11756350 -17.72729731
v 130.53317311 10.49744016 -17.11173100
v 131.16642011 10.79319842 -16.47449264
v 131.81565860 11.00142773 -15.82116199
v 132.47492394 11.12101569 -15.15774130
v 133.13833289 11.15305108 -14.49015088
v 133.80050040 11.10020502 -13.82380972
v 134.45672309 10.96579462 -13.16345085
v 135.10287252 10.75284174 -12.51322874
v 135.73505467 10.46343944 -11.87706194
v 136.34918366 10.09863059 -11.25906209
v 136.94065394 9.65882557 -10.66386377
v 137.50426137 9.14460070 -10.09670392
v 138.03443172 8.55759163 -9.56319189
v 138.52569879 7.90116962 -9.06882836
v 138.97327627 7.18067198 -8.61842981
v 139.37352494 6.40311834 -8.21565836
v 139.72414613 5.57652554 -7.86282720
v 140.02402459 4.70906878 -7.56105860
v 140.27276736 3.80838050 -7.31074801
v 140.47009461 2.88121526 -7.11217701
v 140.61529527 1.93356546 -6.96606114
v 140.70694221 0.97114210 -6.87383655
v 142.16747156 0.00000000 -8.24145640
v 142.14538293 -0.97347801 -8.26368425
v 142.06361701 -1.94083299 -8.34596555
v 141.92147601 -2.89347317 -8.48900246
v 141.71972977 -3.82269475 -8.69202031
v 141.46067954 -4.72039560 -8.95270334
v 141.14785934 -5.57964662 -9.26749524
v 140.78547978 -6.39490631 -9.63215889
v 140.37780309 -7.16179475 -10.04240516
v 139.92865588 -7.87650812 -10.49438335
v 139.44123089 -8.53509462 -10.98488059
v 138.91822320 -9.13287270 -11.51118480
v 138.36222695 -9.66423143 -12.07068549
v 137.77622922 -10.12292104 -12.66037678
v 137.16400921 -10.50276751 -13.27645562
v 136.53029248 -10.79858889 -13.91416667
v 135.88060457 -11.00701085 -14.56794956
v 135.22088137 -11.12690458 -15.23183100
v 134.55698235 -11.15929323 -15.89991459
v 133.89428569 -11.10675293 -16.56678822
v 133.23750940 -10.97250614 -17.22770417
v 132.59081337 -10.75951018 -17.87847634
v 131.95812798 -10.46984349 -18.51514955
v 131.34356577 -10.10458767 -19.13358535
v 130.75173774 -9.66423143 -19.72914368
v 130.18782863 -9.14944302 -20.29660711
v 129.65737454 -8.56193452 -20.83040465
v 129.16579881 -7.90511572 -21.32507879
v 128.71785714 -7.18431610 -21.77584384
v 128.31718418 -6.40650898 -22.17904225
v 127.96610535 -5.57964662 -22.53233393
v 127.66578826 -4.71184661 -22.83454392
v 127.41668866 -3.81071139 -23.08521360
v 127.21913984 -2.88300206 -23.28400757
v 127.07387944 -1.93474888 -23.43018355
v 126.98232492 -0.97171497 -23.52231514
v 126.94649313 -0.00000000 -23.55837277
v 126.96858176 0.97347801 -23.53614492
v 127.05034768 1.94083299 -23.45386362
v 127.19248868 2.89347317 -23.31082671
v 127.39423492 3.82269475 -23.10780886
v 127.65328515 4.72039560 -22.84712583
v 127.96610535 5.57964662 -22.53233393
v 128.32848491 6.39490631 -22.16767028
v 128.73616160 7.16179475 -21.75742401
v 129.18530881 7.87650812 -21.30544582
v 129.67273381 8.53509462 -20.81494858
v 130.19574149 9.13287270 -20.28864437
v 130.75173774 9.66423143 -19.72914368
v 131.33773547 10.12292104 -19.13945239
v 131.94995549 10.50276751 -18.52337355
v 132.58367222 10.79858889 -17.88566250
v 133.23336012 11.00701085 -17.23187961
v 133.89308332 11.12690458 -16.56799817
v 134.55698235 11.15929323 -15.89991459
v 135.21967900 11.10675293 -15.23304095
v 135.87645529 10.97250614 -14.57212500
v 136.52315132 10.75951018 -13.92135283
v 137.15583671 10.46984349 -13.28467962
v 137.77039892 10.10458767 -12.66624382
v 138.36222695 9.66423143 -12.07068549
v 138.92613606 9.14944302 -11.50322206
v 139.45659015 8.56193452 -10.96942452
v 139.94816588 7.90511572 -10.47475038
v 140.39610755 7.18431610 -10.02398533
v 140.79678051 6.40650898 -9.62078692
v 141.14785934 5.57964662 -9.26749524
v 141.44817643 4.71184661 -8.96528525
v 141.69727603 3.81071139 -8.71461557
v 141.89482485 2.88300206 -8.51582160
v 142.04008525 1.93474888 -8.36964562
v 142.13163978 0.97171497 -8.27751403
v 143.59099042 0.00000000 -9.64632002
v 143.56869708 -0.97439839 -9.66875387
v 143.48674311 -1.94263232 -9.75122440
v 143.34446791 -2.89613626 -9.89439636
v 143.14265079 -3.82623874 -10.09748553
v 142.88357280 -4.72485852 -10.35819650
v 142.57072582 -5.58506209 -10.67301535
v 142.20827110 -6.40127400 -11.03775462
v 141.80043069 -7.16905821 -11.44816565
v 141.35101282 -7.88454970 -11.90041621
v 140.86321840 -8.54375088 -12.39128520
v 140.33977282 -9.14196671 -12.91803006
v 139.78331111 -9.67361130 -13.47799915
v 139.19685759 -10.13249179 -14.06814910
v 138.58421339 -10.51250455 -14.68465480
v 137.95010549 -10.80852767 -15.32275949
v 137.30004338 -11.01721537 -15.97691894
v 136.63993894 -11.13742456 -16.64118403
v 135.97563180 -11.17012418 -17.30967829
v 135.31249447 -11.11781241 -17.97699539
v 134.65525709 -10.98363441 -18.63837534
v 134.00810580 -10.77049518 -19.28960563
v 133.37500130 -10.48046198 -19.92670060
v 132.76007835 -10.11464925 -20.54549941
v 132.16795250 -9.67361130 -21.14135743
v 131.60379231 -9.15809340 -21.70907352
v 131.07310208 -8.56987223 -22.24310870
v 130.58126939 -7.91239141 -22.73804142
v 130.13302439 -7.19097663 -23.18911170
v 129.73199795 -6.41256604 -23.59266582
v 129.38053779 -5.58506209 -23.94634124
v 129.07985517 -4.71653841 -24.24891906
v 128.83045820 -3.81457620 -24.49988798
v 128.63272478 -2.88594549 -24.69886771
v 128.48741470 -1.93671109 -24.84509369
v 128.39593733 -0.97268255 -24.93714764
v 128.36027319 -0.00000000 -24.97303657
v 128.38256653 0.97439839 -24.95060272
v 128.46452050 1.94263232 -24.86813219
v 128.60679570 2.89613626 -24.72496022
v 128.80861282 3.82623874 -24.52187106
v 129.06769081 4.72485852 -24.26116009
v 129.38053779 5.58506209 -23.94634124
v 129.74299251 6.40127400 -23.58160196
v 130.15083292 7.16905821 -23.17119093
v 130.60025079 7.88454970 -22.71894038
v 131.08804521 8.54375088 -22.22807139
v 131.61149079 9.14196671 -21.70132653
v 132.16795250 9.67361130 -21.14135743
v 132.75440602 10.13249179 -20.55120749
v 133.36705022 10.51250455 -19.93470178
v 134.00115812 10.80852767 -19.29659710
v 134.65122023 11.01721537 -18.64243765
v 135.31132467 11.13742456 -17.97817256
v 135.97563180 11.17012418 -17.30967829
v 136.63876914 11.11781241 -16.64236119
v 137.29600652 10.98363441 -15.98098125
v 137.94315781 10.77049518 -15.32975095
v 138.57626231 10.48046198 -14.69265599
v 139.19118526 10.11464925 -14.07385718
v 139.78331111 9.67361130 -13.47799915
v 140.34747130 9.15809340 -12.91028306
v 140.87816153 8.56987223 -12.37624789
v 141.36999422 7.91239141 -11.88131517
v 141.81823922 7.19097663 -11.43024488
v 142.21926566 6.41256604 -11.02669076
v 142.57072582 5.58506209 -10.67301535
v 142.87140844 4.71653841 -10.37043752
v 143.12080541 3.81457620 -10.11946861
v 143.31853883 2.88594549 -9.92048887
v 143.46384891 1.93671109 -9.77426290
v 143.55532628 0.97268255 -9.68220895
v 145.02102954 0.00000000 -11.04462227
v 144.99825644 -0.97449866 -11.06753891
v 144.91586193 -1.94274886 -11.15045276
v 144.77327261 -2.89626455 -11.29394082
v 144.57129000 -3.82646828 -11.49719653
v 144.31214775 -4.72534474 -11.75797215
v 143.99923902 -5.58596476 -12.07285315
v 143.63660929 -6.40268511 -12.43776854
v 143.22838641 -7.17094773 -12.84856445
v 142.77833554 -7.88675235 -13.30145199
v 142.28967674 -8.54600272 -13.79319081
v 141.76520640 -9.14398197 -14.32096689
v 141.20765540 -9.67517478 -14.88203214
v 140.62013538 -10.13353450 -15.47325530
v 140.00649881 -10.51313520 -16.09075962
v 139.37147604 -10.80900644 -16.72978496
v 138.72053887 -11.01787630 -17.38482498
v 138.05954289 -11.13857068 -18.04998723
v 137.39428126 -11.17192952 -18.71944200
v 136.73011307 -11.12026323 -19.38779645
v 136.07179699 -10.98652932 -20.05026190
v 135.42358062 -10.77350407 -20.70256398
v 134.78949574 -10.48322426 -21.34064551
v 134.17372919 -10.11687894 -21.96029324
v 133.58090713 -9.67517478 -22.55685186
v 133.01616021 -9.15903584 -23.12515839
v 132.48491815 -8.57038634 -23.65974887
v 131.99248469 -7.91274190 -24.15528614
v 131.54353014 -7.19140802 -24.60707046
v 131.14167641 -6.41322594 -25.01145707
v 130.78932351 -5.58596476 -25.36603085
v 130.48778504 -4.71757813 -25.66946992
v 130.23769185 -3.81558159 -25.92113945
v 130.03952635 -2.88675171 -26.12055399
v 129.89410026 -1.93722154 -26.26689670
v 129.80280405 -0.97289697 -26.35876836
v 129.76753299 -0.00000000 -26.39426173
v 129.79030609 0.97449866 -26.37134509
v 129.87270060 1.94274886 -26.28843124
v 130.01528992 2.89626455 -26.14494318
v 130.21727253 3.82646828 -25.94168748
v 130.47641478 4.72534474 -25.68091185
v 130.78932351 5.58596476 -25.36603085
v 131.15195324 6.40268511 -25.00111547
v 131.56017612 7.17094773 -24.59031955
v 132.01022699 7.88675235 -24.13743201
v 132.49888579 8.54600272 -23.64569319
v 133.02335613 9.14398197 -23.11791711
v 133.58090713 9.67517478 -22.55685186
v 134.16842714 10.13353450 -21.96562870
v 134.78206371 10.51313520 -21.34812438
v 135.41708649 10.80900644 -20.70909905
v 136.06802366 11.01787630 -20.05405902
v 136.72901964 11.13857068 -19.38889678
v 137.39428126 11.17192952 -18.71944200
v 138.05844946 11.12026323 -18.05108755
v 138.71676553 10.98652932 -17.38862210
v 139.36498190 10.77350407 -16.73632002
v 139.99906679 10.48322426 -16.09823849
v 140.61483334 10.11687894 -15.47859076
v 141.20765540 9.67517478 -14.88203214
v 141.77240232 9.15903584 -14.31372562
v 142.30364438 8.57038634 -13.77913514
v 142.79607784 7.91274190 -13.28359786
v 143.24503239 7.19140802 -12.83181355
v 143.64688612 6.41322594 -12.42742693
v 143.99923902 5.58596476 -12.07285315
v 144.30077748 4.71757813 -11.76941408
v 144.55087068 3.81558159 -11.51774455
v 144.74903618 2.88675171 -11.31833001
v 144.89446226 1.93722154 -11.17198730
v 144.98575848 0.97289697 -11.08011565
v 146.45423770 0.00000000 -12.43973552
v 146.43084940 -0.97523416 -12.46327123
v 146.34789040 -1.94410848 -12.54675313
v 146.20489912 -2.89823333 -12.69064568
v 146.00270556 -3.82914621 -12.89411367
v 145.74348258 -4.72891119 -13.15497053
v 145.43049668 -5.59060030 -13.46992918
v 145.06764484 -6.40848008 -13.83506808
v 144.65893406 -7.17783352 -14.24635497
v 144.20807424 -7.89448483 -14.70005656
v 143.71830997 -8.55420889 -15.19290782
v 143.19252870 -9.15225805 -15.72200309
v 142.63358421 -9.68320376 -16.28447061
v 142.04470013 -10.14118277 -16.87706643
v 141.42979475 -10.52049276 -17.49584756
v 140.79360269 -10.81635402 -18.13604956
v 140.14154741 -11.02558710 -18.79221474
v 139.47941225 -11.14697749 -19.45852335
v 138.81293072 -11.18120059 -20.12920571
v 138.14744468 -11.13032801 -20.79888632
v 137.48774935 -10.99707897 -21.46273971
v 136.83817114 -10.78406682 -22.11641222
v 136.20283294 -10.49329062 -22.75575495
v 135.58598839 -10.12603557 -23.37648748
v 134.99227724 -9.68320376 -23.97394080
v 134.42678145 -9.16594860 -24.54300091
v 133.89483508 -8.57638428 -25.07830014
v 133.40163429 -7.91812070 -25.57460958
v 132.95177257 -7.19644088 -26.02730678
v 132.54886039 -6.41806631 -26.43275853
v 132.19536477 -5.59060030 -26.78848223
v 131.89273056 -4.72184793 -27.09302395
v 131.64174601 -3.81924545 -27.34559045
v 131.44302762 -2.88958200 -27.54556137
v 131.29745370 -1.93908173 -27.69205284
v 131.20639042 -0.97377752 -27.78369010
v 131.17162375 -0.00000000 -27.81867590
v 131.19501205 0.97523416 -27.79514019
v 131.27797105 1.94410848 -27.71165829
v 131.42096233 2.89823333 -27.56776574
v 131.62315589 3.82914621 -27.36429775
v 131.88237886 4.72891119 -27.10344089
v 132.19536477 5.59060030 -26.78848223
v 132.55821661 6.40848008 -26.42334334
v 132.96692738 7.17783352 -26.01205645
v 133.41778720 7.89448483 -25.55835486
v 133.90755148 8.55420889 -25.06550360
v 134.43333275 9.15225805 -24.53640832
v 134.99227724 9.68320376 -23.97394080
v 135.58116132 10.14118277 -23.38134498
v 136.19606669 10.52049276 -22.76256385
v 136.83225876 10.81635402 -22.12236186
v 137.48431403 11.02558710 -21.46619668
v 138.14644920 11.14697749 -20.79988807
v 138.81293072 11.18120059 -20.12920571
v 139.47841677 11.13032801 -19.45952510
v 140.13811210 10.99707897 -18.79567171
v 140.78769031 10.78406682 -18.14199920
v 141.42302850 10.49329062 -17.50265646
v 142.03987306 10.12603557 -16.88192393
v 142.63358421 9.68320376 -16.28447061
v 143.19907999 9.16594860 -15.71541051
v 143.73102636 8.57638428 -15.18011127
v 144.22422716 7.91812070 -14.68380183
v 144.67408887 7.19644088 -14.23110464
v 145.07700106 6.41806631 -13.82565289
v 145.43049668 5.59060030 -13.46992918
v 145.73313089 4.72184793 -13.16538747
v 145.98411544 3.81924545 -12.91282096
v 146.18283383 2.88958200 -12.71285005
v 146.32840775 1.93908173 -12.56635857
v 146.41947103 0.97377752 -12.47472132
v 147.88724962 0.00000000 -13.83504624
v 147.86325229 -0.97558767 -13.85919482
v 147.77973488 -1.94470791 -13.94323864
v 147.63634658 -2.89906953 -14.08753072
v 147.43394556 -3.83032684 -14.29120747
v 147.17464450 -4.73062532 -14.55214292
v 146.86158440 -5.59304088 -14.86717623
v 146.49851520 -6.41175309 -15.23253386
v 146.08932419 -7.18188977 -15.64430400
v 145.63766651 -7.89910329 -16.09880848
v 145.14681102 -8.55904293 -16.59275784
v 144.61973533 -9.15693240 -17.12315570
v 144.05941490 -9.68743097 -17.68700783
v 143.46918424 -10.14485875 -18.28095871
v 142.85302680 -10.52373651 -18.90099980
v 142.21568136 -10.81947476 -19.54236244
v 141.56252351 -11.02898659 -20.19963714
v 140.89926498 -11.15101806 -20.86707620
v 140.23158018 -11.18608176 -21.53896942
v 139.56479386 -11.13601262 -22.20995849
v 138.90373742 -11.00329350 -22.87518159
v 138.25281525 -10.79037577 -23.53020652
v 137.61624048 -10.49922045 -24.17079362
v 136.99833282 -10.13120726 -24.79259596
v 136.40374546 -9.68743097 -25.39093101
v 135.83751214 -9.16927108 -25.96073331
v 135.30487210 -8.57902861 -26.49673058
v 134.81091496 -7.92040524 -26.99380113
v 134.36015813 -7.19865974 -27.44739909
v 133.95620066 -6.42039273 -27.85390270
v 133.60157597 -5.59304088 -28.21076260
v 133.29785884 -4.72425953 -28.51639405
v 133.04599341 -3.82140373 -28.76984700
v 132.84672892 -2.89127247 -28.97036745
v 132.70100964 -1.94017752 -29.11700520
v 132.61017768 -0.97427486 -29.20840968
v 132.57591074 -0.00000000 -29.24289260
v 132.59990808 0.97558767 -29.21874401
v 132.68342549 1.94470791 -29.13470019
v 132.82681379 2.89906953 -28.99040811
v 133.02921480 3.83032684 -28.78673136
v 133.28851587 4.73062532 -28.52579592
v 133.60157597 5.59304088 -28.21076260
v 133.96464516 6.41175309 -27.84540498
v 134.37383617 7.18188977 -27.43363483
v 134.82549385 7.89910329 -26.97913035
v 135.31634935 8.55904293 -26.48518099
v 135.84342504 9.15693240 -25.95478313
v 136.40374546 9.68743097 -25.39093101
v 136.99397612 10.14485875 -24.79698012
v 137.61013357 10.52373651 -24.17693903
v 138.24747901 10.81947476 -23.53557640
v 138.90063685 11.02898659 -22.87830169
v 139.56389539 11.15101806 -22.21086263
v 140.23158018 11.18608176 -21.53896942
v 140.89836650 11.13601262 -20.86798034
v 141.55942295 11.00329350 -20.20275725
v 142.21034511 10.79037577 -19.54773231
v 142.84691988 10.49922045 -18.90714521
v 143.46482754 10.13120726 -18.28534287
v 144.05941490 9.68743097 -17.68700783
v 144.62564823 9.16927108 -17.11720553
v 145.15828826 8.57902861 -16.58120826
v 145.65224540 7.92040524 -16.08413770
v 146.10300224 7.19865974 -15.63053974
v 146.50695970 6.42039273 -15.22403613
v 146.86158440 5.59304088 -14.86717623
v 147.16530152 4.72425953 -14.56154478
v 147.41716696 3.82140373 -14.30809183
v 147.61643144 2.89127247 -14.10757138
v 147.76215072 1.94017752 -13.96093363
v 147.85298269 0.97427486 -13.86952916
v 149.31816419 0.00000000 -15.23246752
v 149.29364508 -0.97587837 -15.25714118
v 149.20964962 -1.94519743 -15.34166607
v 149.06592189 -2.89975024 -15.48629971
v 148.86334423 -3.83129102 -15.69015422
v 148.60397769 -4.73203492 -15.95115555
v 148.29085576 -5.59506123 -16.26625109
v 147.92760232 -6.41447530 -16.63179411
v 147.51800206 -7.18527235 -17.04397609
v 147.06566318 -7.90295798 -17.49916607
v 146.57387532 -8.56307413 -17.99405367
v 146.04569331 -9.16082012 -18.52556481
v 145.48419692 -9.69093033 -19.09060032
v 144.89281561 -10.14788164 -19.68570911
v 144.27558865 -10.52638557 -20.30682646
v 143.63725839 -10.82201522 -20.94918012
v 142.98315934 -11.03176282 -21.60740196
v 142.31894184 -11.15434075 -22.27580602
v 141.65022964 -11.19012247 -22.94873312
v 140.98233278 -11.14074059 -23.62083974
v 140.32011362 -11.00847591 -24.28723288
v 139.66804339 -10.79564136 -24.94341311
v 139.03041250 -10.50416545 -25.58506299
v 138.41159727 -10.13550862 -26.20777862
v 137.81626237 -9.69093033 -26.80686592
v 137.24940017 -9.17200327 -27.37730106
v 136.71616867 -8.58118814 -27.91389352
v 136.22156614 -7.92226498 -28.41161353
v 135.77004476 -7.20047180 -28.86598086
v 135.36519380 -6.42230583 -29.27338360
v 135.00960352 -5.59506123 -29.63121516
v 134.70496010 -4.72626529 -29.93777875
v 134.45234120 -3.82320356 -30.19198991
v 134.25260985 -2.89268338 -30.39298017
v 134.10676682 -1.94109132 -30.53974245
v 134.01613359 -0.97468851 -30.63094694
v 133.98229509 -0.00000000 -30.66499873
v 134.00681420 0.97587837 -30.64032507
v 134.09080967 1.94519743 -30.55580018
v 134.23453739 2.89975024 -30.41116653
v 134.43711506 3.83129102 -30.20731203
v 134.69648160 4.73203492 -29.94631070
v 135.00960352 5.59506123 -29.63121516
v 135.37285696 6.41447530 -29.26567213
v 135.78245722 7.18527235 -28.85349016
v 136.23479610 7.90295798 -28.39830018
v 136.72658397 8.56307413 -27.90341257
v 137.25476597 9.16082012 -27.37190144
v 137.81626237 9.69093033 -26.80686592
v 138.40764367 10.14788164 -26.21175713
v 139.02487064 10.52638557 -25.59063979
v 139.66320089 10.82201522 -24.94828613
v 140.31729994 11.03176282 -24.29006429
v 140.98151744 11.15434075 -23.62166022
v 141.65022964 11.19012247 -22.94873312
v 142.31812650 11.14074059 -22.27662650
v 142.98034566 11.00847591 -21.61023337
v 143.63241589 10.79564136 -20.95405314
v 144.27004678 10.50416545 -20.31240325
v 144.88886202 10.13550862 -19.68968762
v 145.48419692 9.69093033 -19.09060032
v 146.05105912 9.17200327 -18.52016519
v 146.58429061 8.58118814 -17.98357273
v 147.07889314 7.92226498 -17.48585272
v 147.53041453 7.20047180 -17.03148539
v 147.93526549 6.42230583 -16.62408265
v 148.29085576 5.59506123 -16.26625109
v 148.59549919 4.72626529 -15.95968749
v 148.84811809 3.82320356 -15.70547634
v 149.04784943 2.89268338 -15.50448608
v 149.19369246 1.94109132 -15.35772380
v 149.28432569 0.97468851 -15.26651931
v 150.74373575 0.00000000 -16.63526550
v 150.71892149 -0.97666026 -16.66023617
v 150.63465573 -1.94670516 -16.74503306
v 150.49073628 -2.90197014 -16.88985963
v 150.28805913 -3.83426066 -17.09381425
v 150.02865614 -4.73582634 -17.35485227
v 149.71549993 -5.59974397 -17.66998230
v 149.35214308 -6.42007323 -18.03562939
v 148.94231220 -7.19173125 -18.44804344
v 148.48958893 -7.91013787 -18.90362023
v 147.99727465 -8.57077156 -19.39903757
v 147.46846791 -9.16881479 -19.93117739
v 146.90630743 -9.69904106 -20.49688117
v 146.31427643 -10.15601235 -21.09264374
v 145.69644575 -10.53454460 -21.71436861
v 145.05755974 -10.83029999 -22.35728153
v 144.40292965 -11.04031357 -23.01603775
v 143.73817108 -11.16327786 -23.68498630
v 143.06887910 -11.19948794 -24.35849683
v 142.40035542 -11.15046314 -25.03123422
v 141.73747991 -11.01837153 -25.69828785
v 141.08476160 -10.80544928 -26.35512024
v 140.44653460 -10.51360774 -26.99736999
v 139.82720728 -10.14435390 -27.62060094
v 139.23145077 -9.69904106 -28.22011250
v 138.66423405 -9.17935209 -28.79090440
v 138.13066912 -8.58783944 -29.32783239
v 137.63570256 -7.92832986 -29.82591873
v 137.18374962 -7.20605291 -30.28072033
v 136.77839405 -6.42745153 -30.68863086
v 136.42225827 -5.59974397 -31.04701137
v 136.11709144 -4.73038991 -31.35410166
v 135.86404681 -3.82664027 -31.60874124
v 135.66405177 -2.89531141 -31.80999684
v 135.51813906 -1.94283618 -31.95682925
v 135.42761847 -0.97553912 -32.04792038
v 135.39402245 -0.00000000 -32.08172817
v 135.41883672 0.97666026 -32.05675749
v 135.50310247 1.94670516 -31.97196061
v 135.64702192 2.90197014 -31.82713403
v 135.84969907 3.83426066 -31.62317941
v 136.10910206 4.73582634 -31.36214140
v 136.42225827 5.59974397 -31.04701137
v 136.78561512 6.42007323 -30.68136427
v 137.19544600 7.19173125 -30.26895022
v 137.64816927 7.91013787 -29.81337343
v 138.14048355 8.57077156 -29.31795609
v 138.66929030 9.16881479 -28.78581628
v 139.23145077 9.69904106 -28.22011250
v 139.82348177 10.15601235 -27.62434993
v 140.44131245 10.53454460 -27.00262505
v 141.08019846 10.83029999 -26.35971214
v 141.73482855 11.04031357 -25.70095591
v 142.39958712 11.16327786 -25.03200737
v 143.06887910 11.19948794 -24.35849683
v 143.73740278 11.15046314 -23.68575944
v 144.40027829 11.01837153 -23.01870582
v 145.05299660 10.80544928 -22.36187342
v 145.69122360 10.51360774 -21.71962368
v 146.31055093 10.14435390 -21.09639273
v 146.90630743 9.69904106 -20.49688117
v 147.47352415 9.17935209 -19.92608927
v 148.00708908 8.58783944 -19.38916128
v 148.50205564 7.92832986 -18.89107494
v 148.95400858 7.20605291 -18.43627333
v 149.35936415 6.42745153 -18.02836280
v 149.71549993 5.59974397 -17.66998230
v 150.02066676 4.73038991 -17.36289200
v 150.27371139 3.82664027 -17.10825243
v 150.47370643 2.89531141 -16.90699682
v 150.61961914 1.94283618 -16.76016442
v 150.71013973 0.97553912 -16.66907328
v 152.16680930 0.00000000 -18.04057724
v 152.14180613 -0.97655835 -18.06573800
v 152.05736744 -1.94646955 -18.15070891
v 151.91332540 -2.90160121 -18.29565885
v 151.71058475 -3.83379661 -18.49967738
v 151.45115864 -4.73533216 -18.76073865
v 151.13798076 -5.59928736 -19.07589049
v 150.77455803 -6.41969633 -19.44160388
v 150.36457988 -7.19142939 -19.85416612
v 149.91161095 -7.90985433 -20.30999011
v 149.41896015 -8.57041181 -20.80574610
v 148.88975399 -9.16827651 -21.33828785
v 148.32716893 -9.69825019 -21.90441889
v 147.73472259 -10.15495258 -22.50059942
v 147.11650601 -10.53326961 -23.12271262
v 146.47726483 -10.82892312 -23.76598295
v 145.82229539 -11.03897737 -24.42508066
v 145.15719107 -11.16211298 -25.09437714
v 144.48752856 -11.19857472 -25.76826054
v 143.81860424 -11.14980853 -26.44140109
v 143.15530918 -11.01790904 -27.10887691
v 142.50217661 -10.80506195 -27.76612618
v 141.86356862 -10.51316644 -28.40875932
v 141.24391404 -10.14375836 -29.03231959
v 140.64788819 -9.69825019 -29.63210219
v 140.08044503 -9.17839423 -30.20312195
v 139.54666713 -8.58680006 -30.74026425
v 139.05146799 -7.92732192 -31.23858464
v 138.59923921 -7.20518076 -31.69366383
v 138.19356100 -6.42678083 -32.10189903
v 137.83707636 -5.59928736 -32.46063059
v 137.53157477 -4.73011221 -32.76805775
v 137.27825786 -3.82647965 -33.02297132
v 137.07809422 -2.89520762 -33.22439660
v 136.93213702 -1.94275463 -33.37127377
v 136.84168861 -0.97548185 -33.46229227
v 136.80824782 -0.00000000 -33.49594384
v 136.83325099 0.97655835 -33.47078308
v 136.91768968 1.94646955 -33.38581217
v 137.06173172 2.90160121 -33.24086223
v 137.26447237 3.83379661 -33.03684371
v 137.52389848 4.73533216 -32.77578243
v 137.83707636 5.59928736 -32.46063059
v 138.20049909 6.41969633 -32.09491720
v 138.61047724 7.19142939 -31.68235496
v 139.06344617 7.90985433 -31.22653097
v 139.55609697 8.57041181 -30.73077498
v 140.08530313 9.16827651 -30.19823323
v 140.64788819 9.69825019 -29.63210219
v 141.24033453 10.15495258 -29.03592166
v 141.85855111 10.53326961 -28.41380846
v 142.49779229 10.82892312 -27.77053813
v 143.15276173 11.03897737 -27.11144042
v 143.81786605 11.16211298 -26.44214394
v 144.48752856 11.19857472 -25.76826054
v 145.15645288 11.14980853 -25.09511999
v 145.81974794 11.01790904 -24.42764417
v 146.47288051 10.80506195 -23.77039490
v 147.11148850 10.51316644 -23.12776176
v 147.73114308 10.14375836 -22.50420149
v 148.32716893 9.69825019 -21.90441889
v 148.89461209 9.17839423 -21.33339913
v 149.42838998 8.58680006 -20.79625683
v 149.92358913 7.92732192 -20.29793644
v 150.37581791 7.20518076 -19.84285725
v 150.78149612 6.42678083 -19.43462205
v 151.13798076 5.59928736 -19.07589049
v 151.44348234 4.73011221 -18.76846333
v 151.69679926 3.82647965 -18.51354976
v 151.89696290 2.89520762 -18.31212448
v 152.04292010 1.94275463 -18.16524731
v 152.13336850 0.97548185 -18.07422881
v 153.59040609 0.00000000 -19.44536243
v 153.56519144 -0.97621957 -19.47073601
v 153.48055919 -1.94575801 -19.55590169
v 153.33638001 -2.90052071 -19.70098964
v 153.13356841 -3.83239514 -19.90507956
v 152.87411663 -4.73368944 -20.16616667
v 152.56091474 -5.59748771 -20.48134268
v 152.19741852 -6.41779688 -20.84713001
v 151.78727581 -7.18943612 -21.25985785
v 151.33403220 -7.90771612 -21.71595826
v 150.84100501 -8.56803633 -22.21209301
v 150.31135204 -9.16556382 -22.74508438
v 149.74829205 -9.69513311 -23.31169334
v 149.15538115 -10.15142976 -23.90834136
v 148.53673299 -10.52941911 -24.53088886
v 147.89709464 -10.82489067 -25.17455886
v 147.24174578 -11.03494200 -25.83403839
v 146.57625487 -11.15824078 -26.50372390
v 145.90617802 -11.19497542 -27.17802425
v 145.23680566 -11.14650955 -27.85161567
v 144.57304138 -11.01485518 -28.51956366
v 143.91944550 -10.80214111 -29.17727916
v 143.28041142 -10.51025249 -29.82034107
v 142.66039094 -10.14075705 -30.44426955
v 142.06406398 -9.69513311 -31.04435516
v 141.49636774 -9.17521019 -31.61562960
v 140.96235182 -8.58366110 -32.15301142
v 140.46689265 -7.92436995 -32.65159347
v 140.01435539 -7.20254686 -33.10698308
v 139.60831626 -6.42455134 -33.51558148
v 139.25144130 -5.59748771 -33.87470582
v 138.94556516 -4.72871267 -34.18250991
v 138.69194359 -3.82541906 -34.43773005
v 138.49159132 -2.89442499 -34.63934515
v 138.34558443 -1.94221616 -34.78627231
v 138.25521691 -0.97519322 -34.87720942
v 138.22194995 -0.00000000 -34.91068607
v 138.24716460 0.97621957 -34.88531248
v 138.33179685 1.94575801 -34.80014680
v 138.47597603 2.90052071 -34.65505886
v 138.67878762 3.83239514 -34.45096894
v 138.93823941 4.73368944 -34.18988183
v 139.25144130 5.59748771 -33.87470582
v 139.61493752 6.41779688 -33.50891849
v 140.02508023 7.18943612 -33.09619064
v 140.47832383 7.90771612 -32.64009024
v 140.97135103 8.56803633 -32.14395549
v 141.50100399 9.16556382 -31.61096412
v 142.06406398 9.69513311 -31.04435516
v 142.65697488 10.15142976 -30.44770714
v 143.27562304 10.52941911 -29.82515963
v 143.91526140 10.82489067 -29.18148963
v 144.57061026 11.03494200 -28.52201010
v 145.23610117 11.15824078 -27.85232460
v 145.90617802 11.19497542 -27.17802425
v 146.57555038 11.14650955 -26.50443283
v 147.23931466 11.01485518 -25.83648484
v 147.89291054 10.80214111 -25.17876934
v 148.53194462 10.51025249 -24.53570743
v 149.15196510 10.14075705 -23.91177894
v 149.74829205 9.69513311 -23.31169334
v 150.31598830 9.17521019 -22.74041890
v 150.85000422 8.58366110 -22.20303708
v 151.34546339 7.92436995 -21.70445502
v 151.79800065 7.20254686 -21.24906541
v 152.20403978 6.42455134 -20.84046701
v 152.56091474 5.59748771 -20.48134268
v 152.86679088 4.72871267 -20.17353859
v 153.12041245 3.82541906 -19.91831844
v 153.32076472 2.89442499 -19.71670335
v 153.46677160 1.94221616 -19.56977618
v 153.55713913 0.97519322 -19.47883908
v 155.01522115 0.00000000 -20.84892167
v 154.98974259 -0.97482960 -20.87456083
v 154.90486888 -1.94294240 -20.95996950
v 154.76051870 -2.89629889 -21.10522952
v 154.55761880 -3.82684949 -21.30940830
v 154.29813527 -4.72694948 -21.57052735
v 153.98490377 -5.58969556 -21.88573316
v 153.62131626 -6.40906674 -22.25161235
v 153.21096865 -7.17982373 -22.66454639
v 152.75738275 -7.89721082 -23.12099125
v 152.26388637 -8.55658073 -23.61759814
v 151.73367639 -9.15309590 -24.15115004
v 151.17002432 -9.68163670 -24.71835481
v 150.57653430 -10.13697588 -25.31558560
v 149.95734823 -10.51418255 -25.93867441
v 149.31721494 -10.80913460 -26.58284246
v 148.66139329 -11.01897394 -27.24279776
v 147.99542066 -11.14235337 -27.91296802
v 147.32482748 -11.17939111 -28.58778796
v 146.65489671 -11.13134694 -29.26194130
v 145.99054760 -11.00012815 -29.93047781
v 145.33637424 -10.78779059 -30.58877443
v 144.69680914 -10.49620011 -31.23237072
v 144.07633269 -10.12696256 -31.85675803
v 143.47963064 -9.68163670 -32.45722110
v 142.91161919 -9.16214627 -33.02881272
v 142.37730683 -8.57124015 -33.56649286
v 141.88152371 -7.91283571 -34.06540090
v 141.42860197 -7.19212445 -34.52117742
v 141.02211286 -6.41540389 -34.93022863
v 140.66475119 -5.58969556 -35.28984275
v 140.35840793 -4.72228020 -35.59811690
v 140.10440642 -3.82030441 -35.85371938
v 139.90381897 -2.89057978 -36.05557114
v 139.75775025 -1.93961938 -36.20256053
v 139.66748378 -0.97386667 -36.29339595
v 139.63443380 -0.00000000 -36.32665424
v 139.65991237 0.97482960 -36.30101508
v 139.74478608 1.94294240 -36.21560641
v 139.88913626 2.89629889 -36.07034640
v 140.09203616 3.82684949 -35.86616761
v 140.35151969 4.72694948 -35.60504856
v 140.66475119 5.58969556 -35.28984275
v 141.02833869 6.40906674 -34.92396356
v 141.43868631 7.17982373 -34.51102952
v 141.89227221 7.89721082 -34.05458466
v 142.38576859 8.55658073 -33.55797777
v 142.91597857 9.15309590 -33.02442588
v 143.47963064 9.68163670 -32.45722110
v 144.07312065 10.13697588 -31.85999031
v 144.69230673 10.51418255 -31.23690151
v 145.33244002 10.80913460 -30.59273345
v 145.98826166 11.01897394 -29.93277815
v 146.65423430 11.14235337 -29.26260789
v 147.32482748 11.17939111 -28.58778796
v 147.99475824 11.13134694 -27.91363461
v 148.65910736 11.00012815 -27.24509810
v 149.31328071 10.78779059 -26.58680148
v 149.95284582 10.49620011 -25.94320519
v 150.57332227 10.12696256 -25.31881788
v 151.17002432 9.68163670 -24.71835481
v 151.73803576 9.16214627 -24.14676319
v 152.27234813 8.57124015 -23.60908305
v 152.76813124 7.91283571 -23.11017501
v 153.22105298 7.19212445 -22.65439850
v 153.62754209 6.41540389 -22.24534728
v 153.98490377 5.58969556 -21.88573316
v 154.29124703 4.72228020 -21.57745901
v 154.54524853 3.82030441 -21.32185653
v 154.74583598 2.89057978 -21.12000478
v 154.89190471 1.93961938 -20.97301538
v 154.98217118 0.97386667 -20.88217996
v 156.44032605 0.00000000 -22.25218925
v 156.41457075 -0.97632718 -22.27810689
v 156.32944392 -1.94587986 -22.36377027
v 156.18491462 -2.90065185 -22.50921054
v 155.98192239 -3.83263515 -22.71348224
v 155.72240593 -4.73421124 -22.97463443
v 155.40914380 -5.59846906 -23.28987105
v 155.04546107 -6.41934019 -23.65584608
v 154.63489913 -7.19150822 -24.06899579
v 154.18095488 -7.91013350 -24.52580126
v 153.68696713 -8.57050576 -25.02290262
v 153.15617373 -9.16776790 -25.55704161
v 152.59190150 -9.69683285 -26.12487046
v 151.99780497 -10.15254877 -26.72271158
v 151.37805562 -10.53007854 -27.34636721
v 150.73740415 -10.82538009 -27.99105671
v 150.08108759 -11.03563310 -28.65151004
v 149.41461068 -11.15947077 -29.32218776
v 148.74347694 -11.19693811 -29.99755166
v 148.07296148 -11.14919000 -30.67229339
v 147.40799995 -11.01802983 -31.34144618
v 146.75322188 -10.80544330 -32.00035132
v 146.11310075 -10.51328169 -32.64450713
v 145.49214698 -10.14319564 -33.26937477
v 144.89505238 -9.69683285 -33.87023287
v 144.32671116 -9.17622159 -34.44215635
v 143.79208864 -8.58419868 -34.98014860
v 143.29596647 -7.92472824 -35.47939783
v 142.84264214 -7.20299795 -35.93557947
v 142.43568169 -6.42525953 -36.34510499
v 142.07781007 -5.59846906 -36.70523228
v 141.77097735 -4.72984980 -37.01399897
v 141.51657775 -3.82652160 -37.27000205
v 141.31574393 -2.89530981 -37.47210172
v 141.16961056 -1.94277593 -37.61915618
v 141.07945019 -0.97542773 -37.70988483
v 141.04662782 -0.00000000 -37.74291408
v 141.07238312 0.97632718 -37.71699644
v 141.15750995 1.94587986 -37.63133306
v 141.30203926 2.90065185 -37.48589278
v 141.50503149 3.83263515 -37.28162109
v 141.76454794 4.73421124 -37.02046890
v 142.07781007 5.59846906 -36.70523228
v 142.44149281 6.41934019 -36.33925725
v 142.85205474 7.19150822 -35.92610754
v 143.30599899 7.91013350 -35.46930207
v 143.79998675 8.57050576 -34.97220071
v 144.33078014 9.16776790 -34.43806172
v 144.89505238 9.69683285 -33.87023287
v 145.48914890 10.15254877 -33.27239175
v 146.10889825 10.53007854 -32.64873612
v 146.74954972 10.82538009 -32.00404662
v 147.40586628 11.03563310 -31.34359329
v 148.07234319 11.15947077 -30.67291557
v 148.74347694 11.19693811 -29.99755166
v 149.41399239 11.14919000 -29.32280994
v 150.07895393 11.01802983 -28.65365715
v 150.73373200 10.80544330 -27.99475201
v 151.37385313 10.51328169 -27.35059619
v 151.99480689 10.14319564 -26.72572855
v 152.59190150 9.69683285 -26.12487046
v 153.16024272 9.17622159 -25.55294697
v 153.69486524 8.58419868 -25.01495473
v 154.19098740 7.92472824 -24.51570550
v 154.64431173 7.20299795 -24.05952386
v 155.05127218 6.42525953 -23.64999834
v 155.40914380 5.59846906 -23.28987105
v 155.71597652 4.72984980 -22.98110436
v 155.97037612 3.82652160 -22.72510128
v 156.17120994 2.89530981 -22.52300160
v 156.31734332 1.94277593 -22.37594715
v 156.40750368 0.97542773 -22.28521850
v 157.86369436 0.00000000 -23.65720437
v 157.83773649 -0.97709476 -23.68332584
v 157.75242445 -1.94737502 -23.76917561
v 157.60776414 -2.90286173 -23.91474772
v 157.40470450 -3.83558004 -24.11908724
v 157.14516417 -4.73793320 -24.38026346
v 156.83187990 -5.60300682 -24.69552236
v 156.46812777 -6.42469978 -25.06156722
v 156.05740931 -7.19764092 -25.47487445
v 155.60320313 -7.91693074 -25.93194349
v 155.10885611 -8.57781443 -26.42940638
v 154.57763610 -9.17542218 -26.96397468
v 154.01291038 -9.70469249 -27.53225987
v 153.41837039 -10.16053055 -28.13054725
v 152.79820925 -10.53816956 -28.75461727
v 152.15717902 -10.83362746 -29.39968792
v 151.50050073 -11.04411257 -30.06050525
v 150.83365527 -11.16824417 -30.73155385
v 150.16212640 -11.20601364 -31.40731537
v 149.49118351 -11.15849859 -32.08248721
v 148.82577425 -11.02742566 -32.75209055
v 148.17055409 -10.81472852 -33.41144058
v 147.53002649 -10.52224710 -34.05600542
v 146.90872386 -10.15166431 -34.68122413
v 146.31134242 -9.70469249 -35.28237087
v 145.74276029 -9.18343579 -35.85453678
v 145.20791119 -8.59079454 -36.39275703
v 144.71154127 -7.93076573 -36.89225557
v 144.25792263 -7.20853253 -37.34873338
v 143.85061750 -6.43031097 -37.75860576
v 143.49237289 -5.60300682 -38.11910838
v 143.18518214 -4.73379881 -38.42823536
v 142.93049134 -3.82978474 -38.68453148
v 142.72947735 -2.89779777 -38.88681246
v 142.58329677 -1.94443267 -39.03391442
v 142.49321416 -0.97624213 -39.12456482
v 142.46055844 -0.00000000 -39.15742637
v 142.48651630 0.97709476 -39.13130490
v 142.57182835 1.94737502 -39.04545513
v 142.71648865 2.90286173 -38.89988303
v 142.91954829 3.83558004 -38.69554350
v 143.17908863 4.73793320 -38.43436728
v 143.49237289 5.60300682 -38.11910838
v 143.85612502 6.42469978 -37.75306352
v 144.26684348 7.19764092 -37.33975630
v 144.72104966 7.91693074 -36.88268726
v 145.21539668 8.57781443 -36.38522436
v 145.74661670 9.17542218 -35.85065606
v 146.31134242 9.70469249 -35.28237087
v 146.90588241 10.16053055 -34.68408349
v 147.52604355 10.53816956 -34.06001347
v 148.16707378 10.83362746 -33.41494282
v 148.82375206 11.04411257 -32.75412549
v 149.49059753 11.16824417 -32.08307689
v 150.16212640 11.20601364 -31.40731537
v 150.83306928 11.15849859 -30.73214353
v 151.49847854 11.02742566 -30.06254019
v 152.15369871 10.81472852 -29.40319017
v 152.79422630 10.52224710 -28.75862532
v 153.41552894 10.15166431 -28.13340661
v 154.01291038 9.70469249 -27.53225987
v 154.58149251 9.18343579 -26.96009396
v 155.11634160 8.59079454 -26.42187371
v 155.61271152 7.93076573 -25.92237517
v 156.06633016 7.20853253 -25.46589737
v 156.47363530 6.43031097 -25.05602498
v 156.83187990 5.60300682 -24.69552236
v 157.13907066 4.73379881 -24.38639538
v 157.39376145 3.82978474 -24.13009926
v 157.59477544 2.89779777 -23.92781828
v 157.74095602 1.94443267 -23.78071633
v 157.83103864 0.97624213 -23.69006592
v 159.28741411 0.00000000 -25.06186583
v 159.26123834 -0.97638705 -25.08820658
v 159.17572710 -1.94592733 -25.17425680
v 159.03092598 -2.90068342 -25.31997061
v 158.82779398 -3.83272864 -25.52438294
v 158.56822818 -4.73450154 -25.78558479
v 158.25492036 -5.59909498 -26.10086739
v 157.89109388 -6.42038226 -26.46698707
v 157.48020736 -7.19294186 -26.88046341
v 157.02571978 -7.91181762 -27.33781563
v 156.53098666 -8.57221430 -27.83566706
v 155.99930811 -9.16925612 -28.37069678
v 155.43409498 -9.69791698 -28.93947245
v 154.83907839 -10.15317132 -29.53823944
v 154.21847474 -10.53033540 -30.16275476
v 153.57703756 -10.82549790 -30.80823492
v 152.91997068 -11.03590229 -31.46944330
v 152.25272925 -11.16015506 -32.14089035
v 151.58077586 -11.19818995 -32.81707908
v 150.90937369 -11.15099986 -33.49271310
v 150.24348330 -11.02022628 -34.16280060
v 149.58778806 -10.80774387 -34.82262869
v 148.94682370 -10.51537753 -35.46763305
v 148.32514626 -10.14484220 -36.09322893
v 147.72745673 -9.69791698 -36.69468570
v 147.15861590 -9.17678427 -37.26711194
v 146.62352350 -8.58440807 -37.80557704
v 146.12688744 -7.92481448 -38.30534339
v 145.67295255 -7.20317365 -38.76213944
v 145.26527693 -6.42565352 -39.17238464
v 144.90663135 -5.59909498 -39.53329077
v 144.59905566 -4.73061761 -39.84280511
v 144.34405179 -3.82728442 -40.09941627
v 144.14284413 -2.89592624 -40.30189214
v 143.99661290 -1.94316323 -40.44904507
v 143.90661401 -0.97558608 -40.53961123
v 143.87413760 -0.00000000 -40.57229233
v 143.90031337 0.97638705 -40.54595158
v 143.98582461 1.94592733 -40.45990136
v 144.13062574 2.90068342 -40.31418755
v 144.33375773 3.83272864 -40.10977522
v 144.59332353 4.73450154 -39.84857337
v 144.90663135 5.59909498 -39.53329077
v 145.27045783 6.42038226 -39.16717109
v 145.68134435 7.19294186 -38.75369475
v 146.13583193 7.91181762 -38.29634253
v 146.63056505 8.57221430 -37.79849110
v 147.16224360 9.16925612 -37.26346137
v 147.72745673 9.69791698 -36.69468570
v 148.32247333 10.15317132 -36.09591872
v 148.94307697 10.53033540 -35.47140340
v 149.58451415 10.82549790 -34.82592324
v 150.24158103 11.03590229 -34.16471486
v 150.90882246 11.16015506 -33.49326781
v 151.58077586 11.19818995 -32.81707908
v 152.25217802 11.15099986 -32.14144506
v 152.91806841 11.02022628 -31.47135756
v 153.57376365 10.80774387 -30.81152946
v 154.21472801 10.51537753 -30.16652511
v 154.83640545 10.14484220 -29.54092923
v 155.43409498 9.69791698 -28.93947245
v 156.00293581 9.17678427 -28.36704622
v 156.53802821 8.58440807 -27.82858112
v 157.03466427 7.92481448 -27.32881477
v 157.48859916 7.20317365 -26.87201872
v 157.89627478 6.42565352 -26.46177352
v 158.25492036 5.59909498 -26.10086739
v 158.56249605 4.73061761 -25.79135305
v 158.81749992 3.82728442 -25.53474189
v 159.01870758 2.89592624 -25.33226602
v 159.16493881 1.94316323 -25.18511309
v 159.25493770 0.97558608 -25.09454693
v 160.71155075 0.00000000 -26.46610776
v 160.68513887 -0.97614412 -26.49268612
v 160.59941185 -1.94540290 -26.57895348
v 160.45445826 -2.89987971 -26.72482072
v 160.25124806 -3.83169571 -26.92931175
v 159.99165491 -4.73332355 -27.19054112
v 159.67832186 -5.59786027 -27.50584910
v 159.31441517 -6.41914822 -27.87204950
v 158.90334693 -7.19170852 -28.28570871
v 158.44855482 -7.91052111 -28.74336738
v 157.95340376 -8.57074447 -29.24163938
v 157.42122882 -9.16749373 -29.77716863
v 156.85548803 -9.69577840 -30.34647528
v 156.25995552 -10.15064512 -30.94576144
v 155.63887294 -10.52749744 -31.57075871
v 154.99699537 -10.82249842 -32.21668203
v 154.33950799 -11.03292807 -32.87831356
v 153.67183812 -11.15737831 -33.55019176
v 152.99942531 -11.19572054 -34.22684279
v 152.32752608 -11.14885657 -34.90297701
v 151.66111494 -11.01833670 -35.57358855
v 151.00490549 -10.80597280 -36.23393409
v 150.36346844 -10.51357451 -36.87941412
v 149.74138542 -10.14289229 -37.50541813
v 149.14336259 -9.69577840 -38.10721030
v 148.57424196 -9.17450100 -38.67991810
v 148.03888641 -8.58209454 -39.21864801
v 147.54196243 -7.92261871 -39.71870410
v 147.08768525 -7.20123237 -40.17584459
v 146.67960853 -6.42405476 -40.58649342
v 146.32052877 -5.59786027 -40.94783647
v 146.01253622 -4.72970835 -41.25777029
v 145.75719332 -3.82662818 -41.51472262
v 145.55577598 -2.89545168 -41.71740950
v 145.40948999 -1.94283004 -41.86461753
v 145.31958192 -0.97539856 -41.95509229
v 145.28729987 -0.00000000 -41.98757781
v 145.31371176 0.97614412 -41.96099946
v 145.39943878 1.94540290 -41.87473209
v 145.54439237 2.89987971 -41.72886486
v 145.74760257 3.83169571 -41.52437382
v 146.00719572 4.73332355 -41.26314445
v 146.32052877 5.59786027 -40.94783647
v 146.68443546 6.41914822 -40.58163607
v 147.09550370 7.19170852 -40.16797686
v 147.55029581 7.91052111 -39.71031820
v 148.04544687 8.57074447 -39.21204620
v 148.57762181 9.16749373 -38.67651695
v 149.14336259 9.69577840 -38.10721030
v 149.73889511 10.15064512 -37.50792414
v 150.35997769 10.52749744 -36.88292687
v 151.00185526 10.82249842 -36.23700354
v 151.65934264 11.03292807 -35.57537202
v 152.32701251 11.15737831 -34.90349382
v 152.99942531 11.19572054 -34.22684279
v 153.67132455 11.14885657 -33.55070857
v 154.33773569 11.01833670 -32.88009703
v 154.99394514 10.80597280 -32.21975149
v 155.63538219 10.51357451 -31.57427146
v 156.25746520 10.14289229 -30.94826745
v 156.85548803 9.69577840 -30.34647528
v 157.42460867 9.17450100 -29.77376747
v 157.95996422 8.58209454 -29.23503757
v 158.45688820 7.92261871 -28.73498147
v 158.91116538 7.20123237 -28.27784098
v 159.31924210 6.42405476 -27.86719215
v 159.67832186 5.59786027 -27.50584910
v 159.98631441 4.72970835 -27.19591528
v 160.24165730 3.82662818 -26.93896295
v 160.44307465 2.89545168 -26.73627608
v 160.58936064 1.94283004 -26.58906805
v 160.67926871 0.97539856 -26.49859329
v 162.13545966 0.00000000 -27.87057887
v 162.10882117 -0.97728436 -27.89738526
v 162.02288711 -1.94763669 -27.98386097
v 161.87778732 -2.90318840 -28.12987532
v 161.67450225 -3.83609543 -28.33444171
v 161.41488309 -4.73885259 -28.59569724
v 161.10152614 -5.60455119 -28.91102929
v 160.73754280 -6.42699523 -29.27730682
v 160.32630052 -7.20064311 -29.69114116
v 159.87121656 -7.92040638 -30.14909352
v 159.37566482 -8.58139230 -30.64776872
v 158.84301392 -9.17870043 -31.18377692
v 158.27676722 -9.70736741 -31.75359268
v 157.68074008 -10.16250218 -32.35337659
v 157.05919838 -10.53958557 -32.97883587
v 156.41689873 -10.83484663 -33.62518394
v 155.75900837 -11.04559656 -34.28722098
v 155.09092790 -11.17041135 -34.95951237
v 154.41807477 -11.20910238 -35.63660650
v 153.74569907 -11.16248537 -36.31322018
v 153.07878873 -11.03202528 -36.98433407
v 152.42208635 -10.81947632 -37.64517565
v 151.78019621 -10.52663601 -38.29111163
v 151.15772450 -10.15529136 -38.91750678
v 150.55938233 -9.70736741 -39.51962031
v 149.98999368 -9.18521782 -40.09259782
v 149.45438605 -8.59194888 -40.63158139
v 148.95718618 -7.93165822 -41.13191511
v 148.50258090 -7.20950113 -41.58938577
v 148.09411958 -6.43155876 -42.00042163
v 147.73462341 -5.60455119 -42.36218371
v 147.42623105 -4.73549013 -42.67251986
v 147.17056298 -3.83138217 -42.92979941
v 146.96894457 -2.89906994 -43.13268862
v 146.82260616 -1.94524371 -43.27994940
v 146.73278535 -0.97659093 -43.37033635
v 146.70068988 -0.00000000 -43.40263412
v 146.72732837 0.97728436 -43.37582773
v 146.81326244 1.94763669 -43.28935202
v 146.95836223 2.90318840 -43.14333767
v 147.16164730 3.83609543 -42.93877129
v 147.42126646 4.73885259 -42.67751575
v 147.73462341 5.60455119 -42.36218371
v 148.09860675 6.42699523 -41.99590617
v 148.50984903 7.20064311 -41.58207183
v 148.96493299 7.92040638 -41.12411947
v 149.46048473 8.58139230 -40.62544427
v 149.99313563 9.17870043 -40.08943607
v 150.55938233 9.70736741 -39.51962031
v 151.15540947 10.16250218 -38.91983640
v 151.77695117 10.53958557 -38.29437712
v 152.41925082 10.83484663 -37.64802905
v 153.07714118 11.04559656 -36.98599201
v 153.74522165 11.17041135 -36.31370062
v 154.41807477 11.20910238 -35.63660650
v 155.09045047 11.16248537 -34.95999281
v 155.75736082 11.03202528 -34.28887892
v 156.41406320 10.81947632 -33.62803734
v 157.05595334 10.52663601 -32.98210136
v 157.67842505 10.15529136 -32.35570621
v 158.27676722 9.70736741 -31.75359268
v 158.84615587 9.18521782 -31.18061517
v 159.38176350 8.59194888 -30.64163160
v 159.87896337 7.93165822 -30.14129788
v 160.33356865 7.20950113 -29.68382722
v 160.74202997 6.43155876 -29.27279136
v 161.10152614 5.60455119 -28.91102929
v 161.40991850 4.73549013 -28.60069313
v 161.66558657 3.83138217 -28.34341358
v 161.86720498 2.89906994 -28.14052437
v 162.01354338 1.94524371 -27.99326359
v 162.10336419 0.97659093 -27.90287664
v 163.55928630 0.00000000 -29.27513277
v 163.53242447 -0.97712063 -29.30216391
v 163.44628641 -1.94727235 -29.38884490
v 163.30104265 -2.90262456 -29.53500413
v 163.09768395 -3.83537782 -29.73964460
v 162.83803940 -4.73805865 -30.00092569
v 162.52465917 -5.60376183 -30.31628116
v 162.16060060 -6.42626173 -30.68263439
v 161.74918716 -7.19996221 -31.09664098
v 161.29381592 -7.91971416 -31.55488242
v 160.79786969 -8.58058083 -32.05395461
v 160.26475014 -9.17765288 -32.59043442
v 159.69800527 -9.70600019 -33.16075149
v 159.10149111 -10.16079957 -33.76102547
v 158.47949744 -10.53761395 -34.38693957
v 157.83678232 -10.83274235 -35.03370573
v 157.17849536 -11.04353029 -35.69614189
v 156.51001076 -11.16853988 -36.36883994
v 155.83672423 -11.20752365 -37.04637020
v 155.16387950 -11.16121140 -37.72345589
v 154.49647770 -11.03098208 -38.39506432
v 153.83929004 -10.81853074 -39.05639424
v 153.19695387 -10.52564059 -39.70277906
v 152.57409960 -10.15413234 -40.32955919
v 151.97544320 -9.70600019 -40.93198892
v 151.40579088 -9.18367894 -41.50523177
v 150.86993526 -8.59034160 -42.04446488
v 150.37246391 -7.93011778 -42.54507180
v 149.91753564 -7.20815247 -43.00286749
v 149.50869559 -6.43048122 -43.41428446
v 149.14878930 -5.60376183 -43.77645924
v 148.84000313 -4.73494967 -44.08719170
v 148.58401477 -3.83101987 -44.34479355
v 148.38219835 -2.89881657 -44.54788202
v 148.23580841 -1.94505976 -44.69519465
v 148.14607369 -0.97647947 -44.78549497
v 148.11416216 -0.00000000 -44.81760764
v 148.14102399 0.97712063 -44.79057650
v 148.22716205 1.94727235 -44.70389551
v 148.37240582 2.90262456 -44.55773627
v 148.57576451 3.83537782 -44.35309581
v 148.83540906 4.73805865 -44.09181472
v 149.14878930 5.60376183 -43.77645924
v 149.51284786 6.42626173 -43.41010601
v 149.92426131 7.19996221 -42.99609942
v 150.37963254 7.91971416 -42.53785799
v 150.87557878 8.58058083 -42.03878580
v 151.40869833 9.17765288 -41.50230599
v 151.97544320 9.70600019 -40.93198892
v 152.57195735 10.16079957 -40.33171493
v 153.19395102 10.53761395 -39.70580083
v 153.83666614 10.83274235 -39.05903468
v 154.49495311 11.04353029 -38.39659852
v 155.16343770 11.16853988 -37.72390046
v 155.83672423 11.20752365 -37.04637020
v 156.50956897 11.16121140 -36.36928452
v 157.17697077 11.03098208 -35.69767608
v 157.83415842 10.81853074 -35.03634617
v 158.47649459 10.52564059 -34.38996135
v 159.09934887 10.15413234 -33.76318122
v 159.69800527 9.70600019 -33.16075149
v 160.26765759 9.18367894 -32.58750864
v 160.80351320 8.59034160 -32.04827553
v 161.30098456 7.93011778 -31.54766861
v 161.75591283 7.20815247 -31.08987292
v 162.16475287 6.43048122 -30.67845595
v 162.52465917 5.60376183 -30.31628116
v 162.83344534 4.73494967 -30.00554871
v 163.08943369 3.83101987 -29.74794686
v 163.29125011 2.89881657 -29.54485839
v 163.43764005 1.94505976 -29.39754575
v 163.52737477 0.97647947 -29.30724544
v 164.98331137 0.00000000 -30.67948698
v 164.95621735 -0.97631139 -30.70675178
v 164.86986727 -1.94562019 -30.79364612
v 164.72447394 -2.90014030 -30.93995587
v 164.52103890 -3.83212369 -31.14467316
v 164.26136819 -4.73413467 -31.40598058
v 163.94796404 -5.59927610 -31.72136011
v 163.58382761 -6.42129573 -32.08779170
v 163.17223658 -7.19454451 -32.50197699
v 162.71656710 -7.91381375 -32.96051856
v 162.22021116 -8.57412427 -33.46000303
v 161.68660483 -9.17056070 -33.99697269
v 161.11934253 -9.69823070 -34.56781045
v 160.52232258 -10.15238455 -35.16859342
v 159.89985956 -10.52867330 -35.79497983
v 159.25671307 -10.82347096 -36.44218007
v 158.59801435 -11.03416039 -37.10503058
v 157.92911021 -11.15929026 -37.77815083
v 157.25537369 -11.19855221 -38.45613391
v 156.58204191 -11.15258640 -39.13370970
v 155.91412976 -11.02268168 -39.80583171
v 155.25643817 -10.81047063 -40.46766874
v 154.61363885 -10.51772045 -41.11451963
v 153.99038740 -10.14628558 -41.74169944
v 153.39140485 -9.69823070 -42.34445738
v 152.82147892 -9.17607316 -42.91797555
v 152.28536598 -8.58305311 -43.45746762
v 151.78761282 -7.92333066 -43.95835812
v 151.33234915 -7.20203670 -44.41649132
v 150.92311571 -6.42515560 -44.82830416
v 150.56278334 -5.59927610 -45.19090771
v 150.25358799 -4.73129067 -45.50205192
v 149.99726687 -3.82813717 -45.75998863
v 149.79524476 -2.89665687 -45.96328409
v 149.64880138 -1.94359618 -46.11065050
v 149.55915626 -0.97572488 -46.20086066
v 149.52743601 -0.00000000 -46.23278084
v 149.55453003 0.97631139 -46.20551604
v 149.64088012 1.94562019 -46.11862170
v 149.78627344 2.90014030 -45.97231196
v 149.98970849 3.83212369 -45.76759466
v 150.24937919 4.73413467 -45.50628725
v 150.56278334 5.59927610 -45.19090771
v 150.92691977 6.42129573 -44.82447613
v 151.33851080 7.19454451 -44.41029083
v 151.79418028 7.91381375 -43.95174926
v 152.29053622 8.57412427 -43.45226479
v 152.82414255 9.17056070 -42.91529514
v 153.39140485 9.69823070 -42.34445738
v 153.98842480 10.15238455 -41.74367440
v 154.61088783 10.52867330 -41.11728799
v 155.25403431 10.82347096 -40.47008775
v 155.91273303 11.03416039 -39.80723725
v 156.58163717 11.15929026 -39.13411700
v 157.25537369 11.19855221 -38.45613391
v 157.92870547 11.15258640 -37.77855812
v 158.59661762 11.02268168 -37.10643611
v 159.25430921 10.81047063 -36.44459908
v 159.89710853 10.51772045 -35.79774820
v 160.52035998 10.14628558 -35.17056839
v 161.11934253 9.69823070 -34.56781045
v 161.68926846 9.17607316 -33.99429227
v 162.22538140 8.58305311 -33.45480021
v 162.72313456 7.92333066 -32.95390970
v 163.17839823 7.20203670 -32.49577650
v 163.58763167 6.42515560 -32.08396366
v 163.94796404 5.59927610 -31.72136011
v 164.25715939 4.73129067 -31.41021590
v 164.51348051 3.82813717 -31.15227919
v 164.71550262 2.89665687 -30.94898373
v 164.86194600 1.94359618 -30.80161732
v 164.95159113 0.97572488 -30.71140716
v 166.40560381 0.00000000 -32.08558475
v 166.37835227 -0.97382438 -32.11300806
v 166.29185838 -1.94063732 -32.20004712
v 166.14636366 -2.89269829 -32.34645889
v 165.94287692 -3.82230935 -32.55122821
v 165.68318861 -4.72207513 -32.81255333
v 165.36976842 -5.58511767 -33.12794902
v 165.00557936 -6.40517914 -33.49443357
v 164.59386807 -7.17658597 -33.90873987
v 164.13799648 -7.89409962 -34.36748483
v 163.64136284 -8.55272212 -34.86724875
v 163.10742653 -9.14754382 -35.40455046
v 162.53981348 -9.67370757 -35.97574118
v 161.94245068 -10.12652279 -36.57686916
v 161.31966956 -10.50170863 -37.20357568
v 160.67623076 -10.79569699 -37.85107008
v 160.01725304 -11.00590113 -38.51420135
v 159.34806461 -11.13086355 -39.18760767
v 158.67402315 -11.17023534 -39.86589762
v 158.00036130 -11.12459490 -40.54380557
v 157.33210325 -10.99516761 -41.21627565
v 156.67407011 -10.78354062 -41.87845638
v 156.03095691 -10.49146682 -42.52562313
v 155.40743632 -10.12081976 -43.15307377
v 154.80823282 -9.67370757 -43.75605406
v 154.23812157 -9.15269841 -44.32975872
v 153.70183433 -8.56107131 -44.86942618
v 153.20389025 -7.90299870 -45.37050881
v 152.74839926 -7.18359178 -45.82887076
v 152.33889915 -6.40878842 -46.24095196
v 151.97827789 -5.58511767 -46.60384622
v 151.66880509 -4.71941576 -46.91526962
v 151.41225833 -3.81858164 -47.17343339
v 151.21009678 -2.88944100 -47.37686917
v 151.06361722 -1.93874471 -47.52427199
v 150.97403294 -0.97327594 -47.61442093
v 150.94244249 -0.00000000 -47.64621049
v 150.96969404 0.97382438 -47.61878718
v 151.05618792 1.94063732 -47.53174812
v 151.20168264 2.89269829 -47.38533635
v 151.40516938 3.82230935 -47.18056703
v 151.66485769 4.72207513 -46.91924190
v 151.97827789 5.58511767 -46.60384622
v 152.34246695 6.40517914 -46.23736167
v 152.75417823 7.17658597 -45.82305536
v 153.21004982 7.89409962 -45.36431041
v 153.70668346 8.55272212 -44.86454649
v 154.24061977 9.14754382 -44.32724478
v 154.80823282 9.67370757 -43.75605406
v 155.40559562 10.12652279 -43.15492607
v 156.02837674 10.50170863 -42.52821956
v 156.67181555 10.79569699 -41.88072515
v 157.33079327 11.00590113 -41.21759389
v 157.99998169 11.13086355 -40.54418757
v 158.67402315 11.17023534 -39.86589762
v 159.34768500 11.12459490 -39.18798967
v 160.01594305 10.99516761 -38.51551959
v 160.67397619 10.78354062 -37.85333886
v 161.31708939 10.49146682 -37.20617211
v 161.94060998 10.12081976 -36.57872147
v 162.53981348 9.67370757 -35.97574118
v 163.10992473 9.15269841 -35.40203651
v 163.64621197 8.56107131 -34.86236906
v 164.14415605 7.90299870 -34.36128643
v 164.59964704 7.18359178 -33.90292448
v 165.00914716 6.40878842 -33.49084328
v 165.36976842 5.58511767 -33.12794902
v 165.67924121 4.71941576 -32.81652562
v 165.93578797 3.81858164 -32.55836184
v 166.13794952 2.88944100 -32.35492606
v 166.28442908 1.93874471 -32.20752324
v 166.37401336 0.97327594 -32.11737431
v 167.82776596 0.00000000 -33.49181362
v 167.80036240 -0.97578464 -33.51938991
v 167.71372976 -1.94451796 -33.60656860
v 167.56813724 -2.89846868 -33.75307879
v 167.36460070 -3.82995272 -33.95789822
v 167.10489551 -4.73158045 -34.21924033
v 166.79145995 -5.59646165 -34.53465148
v 166.42722025 -6.41830509 -34.90118698
v 166.01539307 -7.19138822 -35.31560991
v 165.55932662 -7.91042024 -35.77455096
v 165.06242517 -8.57036274 -36.27458438
v 164.52817062 -9.16628962 -36.81220634
v 163.96021929 -9.69335592 -37.38373748
v 163.36252585 -10.14690703 -37.98519818
v 162.73943798 -10.52270861 -38.61221337
v 162.09571732 -10.81723238 -39.25999141
v 161.43647061 -11.02790933 -39.92339336
v 160.76700809 -11.15326948 -40.59707551
v 160.09267261 -11.19292330 -41.27566133
v 159.41869248 -11.14739222 -41.95388956
v 158.75010088 -11.01784597 -42.62669530
v 158.09173837 -10.80583500 -43.28920747
v 157.44832251 -10.51310626 -43.93667879
v 156.82454244 -10.14156007 -44.56439055
v 156.22512593 -9.69335592 -45.16758518
v 155.65483606 -9.17112239 -45.74146959
v 155.11838083 -8.57819065 -46.28130610
v 154.62025269 -7.91876370 -46.78257395
v 154.16454252 -7.19795661 -47.24115647
v 153.75478519 -6.42168903 -47.65349650
v 153.39388527 -5.59646165 -48.01667118
v 153.08414483 -4.72908713 -48.32836391
v 152.82738041 -3.82645775 -48.58674671
v 152.62508437 -2.89541476 -48.79031784
v 152.47856995 -1.94274351 -48.93775573
v 152.38904443 -0.97527045 -49.02784554
v 152.35757926 -0.00000000 -49.05950903
v 152.38498282 0.97578464 -49.03193274
v 152.47161546 1.94451796 -48.94475405
v 152.61720798 2.89846868 -48.79824387
v 152.82074452 3.82995272 -48.59342444
v 153.08044971 4.73158045 -48.33208232
v 153.39388527 5.59646165 -48.01667118
v 153.75812497 6.41830509 -47.65013567
v 154.16995215 7.19138822 -47.23571274
v 154.62601860 7.91042024 -46.77677169
v 155.12292005 8.57036274 -46.27673827
v 155.65717460 9.16628962 -45.73911631
v 156.22512593 9.69335592 -45.16758518
v 156.82281937 10.14690703 -44.56612447
v 157.44590724 10.52270861 -43.93910928
v 158.08962790 10.81723238 -43.29133124
v 158.74887461 11.02790933 -42.62792929
v 159.41833713 11.15326948 -41.95424715
v 160.09267261 11.19292330 -41.27566133
v 160.76665274 11.14739222 -40.59743309
v 161.43524434 11.01784597 -39.92462735
v 162.09360685 10.80583500 -39.26211518
v 162.73702271 10.51310626 -38.61464387
v 163.36080279 10.14156007 -37.98693210
v 163.96021929 9.69335592 -37.38373748
v 164.53050916 9.17112239 -36.80985306
v 165.06696439 8.57819065 -36.27001655
v 165.56509253 7.91876370 -35.76874870
v 166.02080270 7.19795661 -35.31016618
v 166.43056003 6.42168903 -34.89782615
v 166.79145995 5.59646165 -34.53465148
v 167.10120039 4.72908713 -34.22295875
v 167.35796481 3.82645775 -33.96457594
v 167.56026086 2.89541476 -33.76100482
v 167.70677527 1.94274351 -33.61356692
v 167.79630080 0.97527045 -33.52347712
v 169.25117626 0.00000000 -34.89678649
v 169.22356646 -0.97688916 -34.92457031
v 169.13674562 -1.94668403 -35.01193838
v 168.99102051 -2.90167832 -35.15858200
v 168.78741653 -3.83421905 -35.36346929
v 168.52768861 -4.73693626 -35.62483429
v 168.21423242 -5.60293401 -35.94026619
v 167.84992425 -6.42588578 -36.30687060
v 167.43794010 -7.20001154 -36.72145148
v 166.98160955 -7.91995793 -37.18065829
v 166.48434508 -8.58063962 -37.68105703
v 165.94965910 -9.17711597 -38.21911313
v 165.38124916 -9.70456637 -38.79110576
v 164.78310752 -10.15839258 -39.39301750
v 164.15960388 -10.53443027 -40.02045109
v 163.51550123 -10.82921092 -40.66861352
v 162.85588998 -11.04019375 -41.33238230
v 162.18605602 -11.16589417 -42.00643823
v 161.51132207 -11.20586802 -42.68542503
v 160.83691054 -11.16055845 -43.36408738
v 160.16786683 -11.03105766 -44.03734808
v 159.50905788 -10.81886373 -44.70030951
v 158.86523180 -10.52571271 -45.34819363
v 158.24110007 -10.15353831 -45.97625927
v 157.64139497 -9.70456637 -46.57974431
v 157.07086313 -9.18150342 -47.15387222
v 156.53418033 -8.58774624 -47.69393774
v 156.03580279 -7.92753260 -48.19545656
v 155.57979552 -7.20597470 -48.65433804
v 155.16968949 -6.42895791 -49.06702898
v 154.80841172 -5.60293401 -49.43058388
v 154.49830836 -4.73467267 -49.74264182
v 154.24124880 -3.83104612 -50.00132164
v 154.03877040 -2.89890580 -50.20507625
v 153.89220879 -1.94507309 -50.35256164
v 153.80276304 -0.97642234 -50.44257117
v 153.77146788 -0.00000000 -50.47406358
v 153.79907768 0.97688916 -50.44627976
v 153.88589852 1.94668403 -50.35891169
v 154.03162363 2.90167832 -50.21226807
v 154.23522761 3.83421905 -50.00738078
v 154.49495553 4.73693626 -49.74601578
v 154.80841172 5.60293401 -49.43058388
v 155.17271989 6.42588578 -49.06397947
v 155.58470404 7.20001154 -48.64939859
v 156.04103458 7.91995793 -48.19019178
v 156.53829906 8.58063962 -47.68979304
v 157.07298504 9.17711597 -47.15173694
v 157.64139497 9.70456637 -46.57974431
v 158.23953662 10.15839258 -45.97783257
v 158.86304026 10.53443027 -45.35039898
v 159.50714291 10.82921092 -44.70223655
v 160.16675416 11.04019375 -44.03846777
v 160.83658812 11.16589417 -43.36441184
v 161.51132207 11.20586802 -42.68542503
v 162.18573360 11.16055845 -42.00676269
v 162.85477731 11.03105766 -41.33350199
v 163.51358626 10.81886373 -40.67054056
v 164.15741234 10.52571271 -40.02265644
v 164.78154407 10.15353831 -39.39459080
v 165.38124916 9.70456637 -38.79110576
v 165.95178101 9.18150342 -38.21697785
v 166.48846381 8.58774624 -37.67691233
v 166.98684135 7.92753260 -37.17539351
v 167.44284862 7.20597470 -36.71651203
v 167.85295465 6.42895791 -36.30382109
v 168.21423242 5.60293401 -35.94026619
v 168.52433578 4.73467267 -35.62820825
v 168.78139534 3.83104612 -35.36952843
v 168.98387374 2.89890580 -35.16577381
v 169.13043535 1.94507309 -35.01828843
v 169.21988110 0.97642234 -34.92827890
v 170.67448590 0.00000000 -36.30186064
v 170.64667399 -0.97612489 -36.32984785
v 170.55966877 -1.94512683 -36.41740146
v 170.41381382 -2.89933853 -36.56417574
v 170.21014390 -3.83115196 -36.76912939
v 169.95039389 -4.73323030 -37.03051661
v 169.63691771 -5.59868510 -37.34596863
v 169.27254271 -6.42116720 -37.71264029
v 168.86040502 -7.19485122 -38.12737568
v 168.40381599 -7.91433265 -38.58684260
v 167.90619609 -8.57448979 -39.08759900
v 167.37108768 -9.17037714 -39.62608020
v 166.80222871 -9.69720706 -40.19852469
v 166.20364824 -10.15044514 -40.80087802
v 165.57973757 -10.52600349 -41.42872120
v 164.93526103 -10.82047869 -42.07725989
v 164.27529301 -11.03136240 -42.74138769
v 163.60509551 -11.15715850 -43.41580945
v 162.92997153 -11.19737021 -44.09518874
v 162.25513771 -11.15236317 -44.77427604
v 161.58565139 -11.02315159 -45.44798214
v 160.92640540 -10.81117945 -46.11138336
v 160.28217775 -10.51816883 -46.75967159
v 159.65770184 -10.14608249 -47.38808357
v 159.05771435 -9.69720706 -47.99185279
v 158.48694577 -9.17432025 -48.56621892
v 157.95004033 -8.58087666 -49.10650848
v 157.45141874 -7.92114017 -49.60827289
v 156.99512063 -7.20021044 -50.06744705
v 156.58467315 -6.42392820 -50.48048158
v 156.22302535 -5.59868510 -50.84440886
v 155.91256653 -4.73119597 -51.15682449
v 155.65521790 -3.82830037 -51.41579520
v 155.45256094 -2.89684680 -51.61972951
v 155.30595319 -1.94367904 -51.76726133
v 155.21658569 -0.97570535 -51.85719211
v 155.18545716 -0.00000000 -51.88851684
v 155.21326906 0.97612489 -51.86052964
v 155.30027429 1.94512683 -51.77297602
v 155.44612924 2.89933853 -51.62620175
v 155.64979916 3.83115196 -51.42124810
v 155.90954917 4.73323030 -51.15986088
v 156.22302535 5.59868510 -50.84440886
v 156.58740035 6.42116720 -50.47773719
v 156.99953803 7.19485122 -50.06300181
v 157.45612707 7.91433265 -49.60353489
v 157.95374697 8.57448979 -49.10277848
v 158.48885538 9.17037714 -48.56429728
v 159.05771435 9.69720706 -47.99185279
v 159.65629482 10.15044514 -47.38949946
v 160.28020548 10.52600349 -46.76165628
v 160.92468203 10.82047869 -46.11311760
v 161.58465005 11.03136240 -45.44898979
v 162.25484754 11.15715850 -44.77456804
v 162.92997153 11.19737021 -44.09518874
v 163.60480535 11.15236317 -43.41610144
v 164.27429166 11.02315159 -42.74239535
v 164.93353766 10.81117945 -42.07899412
v 165.57776531 10.51816883 -41.43070590
v 166.20224122 10.14608249 -40.80229391
v 166.80222871 9.69720706 -40.19852469
v 167.37299728 9.17432025 -39.62415856
v 167.90990273 8.58087666 -39.08386900
v 168.40852432 7.92114017 -38.58210459
v 168.86482242 7.20021044 -38.12293044
v 169.27526990 6.42392820 -37.70989590
v 169.63691771 5.59868510 -37.34596863
v 169.94737652 4.73119597 -37.03355299
v 170.20472516 3.82830037 -36.77458229
v 170.40738212 2.89684680 -36.57064798
v 170.55398987 1.94367904 -36.42311616
v 170.64335737 0.97570535 -36.33318537
v 172.09729863 0.00000000 -37.70743484
v 172.06930598 -0.97404802 -37.73560392
v 171.98213590 -1.94095774 -37.82332343
v 171.83616491 -2.89310760 -37.97021448
v 171.63243614 -3.82294046 -38.17522735
v 171.37266653 -4.72315956 -38.43663429
v 171.05917267 -5.58689293 -38.75210411
v 170.69473811 -6.40778033 -39.11883571
v 170.28246336 -7.17996432 -39.53370902
v 169.82564342 -7.89800255 -39.99340831
v 169.32770593 -8.55674827 -40.49448429
v 168.79222003 -9.15125871 -41.03334537
v 168.22295981 -9.67678241 -41.60619364
v 167.62398722 -10.12884836 -42.20894156
v 166.99971290 -10.50344260 -42.83715069
v 166.35490234 -10.79722455 -43.48602550
v 165.69461562 -11.00771835 -44.15047400
v 165.02409340 -11.13341977 -44.82522253
v 164.34862099 -11.17378586 -45.50495245
v 163.67340989 -11.12911269 -46.18441941
v 163.00352812 -11.00034354 -46.85852345
v 162.34389164 -10.78887212 -47.52231762
v 161.69930522 -10.49640563 -48.17096687
v 161.07452187 -10.12492991 -48.79968824
v 160.47428217 -9.67678241 -49.40371126
v 159.90330222 -9.15480034 -49.97829009
v 159.36619798 -8.56248486 -50.51877971
v 158.86735841 -7.90411695 -51.02076347
v 158.41080047 -7.18477788 -51.48019910
v 158.00004785 -6.41026021 -51.89354069
v 157.63806931 -5.58689293 -52.25780079
v 157.32729277 -4.72133235 -52.57053615
v 157.06968575 -3.82037922 -52.82976687
v 156.86686921 -2.89086957 -53.03386176
v 156.72022028 -1.93965736 -53.18143503
v 156.63092282 -0.97367120 -53.27129533
v 156.59994335 -0.00000000 -53.30247006
v 156.62793599 0.97404802 -53.27430098
v 156.71510607 1.94095774 -53.18658147
v 156.86107706 2.89310760 -53.03969042
v 157.06480583 3.82294046 -52.83467755
v 157.32457544 4.72315956 -52.57327061
v 157.63806931 5.58689293 -52.25780079
v 158.00250387 6.40778033 -51.89106920
v 158.41477861 7.17996432 -51.47619588
v 158.87159856 7.89800255 -51.01649659
v 159.36953604 8.55674827 -50.51542061
v 159.90502194 9.15125871 -49.97655954
v 160.47428217 9.67678241 -49.40371126
v 161.07325476 10.12884836 -48.80096334
v 161.69752908 10.50344260 -48.17275421
v 162.34233964 10.79722455 -47.52387940
v 163.00262635 11.00771835 -46.85943090
v 163.67314858 11.13341977 -46.18468237
v 164.34862099 11.17378586 -45.50495245
v 165.02383209 11.12911269 -44.82548549
v 165.69371385 11.00034354 -44.15138146
v 166.35335033 10.78887212 -43.48758728
v 166.99793675 10.49640563 -42.83893803
v 167.62272011 10.12492991 -42.21021666
v 168.22295981 9.67678241 -41.60619364
v 168.79393975 9.15480034 -41.03161481
v 169.33104399 8.56248486 -40.49112519
v 169.82988356 7.90411695 -39.98914143
v 170.28644151 7.18477788 -39.52970580
v 170.69719412 6.41026021 -39.11636421
v 171.05917267 5.58689293 -38.75210411
v 171.36994921 4.72133235 -38.43936875
v 171.62755623 3.82037922 -38.18013803
v 171.83037276 2.89086957 -37.97604314
v 171.97702170 1.93965736 -37.82846987
v 172.06631915 0.97367120 -37.73860958
v 173.52159670 0.00000000 -39.11151433
v 173.49335854 -0.97273014 -39.13993047
v 173.40596459 -1.93829031 -39.22787527
v 173.25983610 -2.88910910 -39.37492481
v 173.05602756 -3.81768666 -39.58001795
v 172.79623157 -4.71676916 -39.84145144
v 172.48271397 -5.57949647 -40.15694515
v 172.11819884 -6.39948362 -40.52375781
v 171.70573827 -7.17082083 -40.93881813
v 171.24860506 -7.88800629 -41.39883265
v 170.75023661 -8.54585148 -41.90034232
v 170.21423838 -9.13940977 -42.43971895
v 169.64443357 -9.66397136 -43.01311525
v 169.04492885 -10.11514411 -43.61639865
v 168.42016108 -10.48900788 -44.24510433
v 167.77489736 -10.78230196 -44.89443516
v 167.11417832 -10.99259062 -45.55931871
v 166.44321557 -11.11835635 -46.23451055
v 165.76727045 -11.15899293 -46.91471616
v 165.09154744 -11.11470285 -47.59469825
v 164.42112908 -10.98633490 -48.26934227
v 163.76096273 -10.77521698 -48.93366965
v 163.11588953 -10.48303875 -49.58280875
v 162.49068909 -10.11182027 -50.21194983
v 161.89010732 -9.66397136 -50.81631707
v 161.31884075 -9.14241398 -51.39118434
v 160.78146694 -8.55071757 -51.93194522
v 160.28233171 -7.89319286 -52.43422650
v 159.82542120 -7.17490396 -52.89401692
v 159.41425444 -6.40158718 -53.30777527
v 159.05182693 -5.57949647 -53.67248717
v 158.74061905 -4.71521923 -53.98565660
v 158.48266125 -3.81551407 -54.24524030
v 158.27962812 -2.88721069 -54.44955315
v 158.13292337 -1.93718726 -54.59718258
v 158.04372115 -0.97241050 -54.68694704
v 158.01294420 -0.00000000 -54.71791798
v 158.04118235 0.97273014 -54.68950185
v 158.12857630 1.93829031 -54.60155705
v 158.27470480 2.88910910 -54.45450751
v 158.47851333 3.81768666 -54.24941437
v 158.73830932 4.71676916 -53.98798088
v 159.05182693 5.57949647 -53.67248717
v 159.41634205 6.39948362 -53.30567450
v 159.82880262 7.17082083 -52.89061419
v 160.28593583 7.88800629 -52.43059967
v 160.78430429 8.54585148 -51.92908999
v 161.32030251 9.13940977 -51.38971337
v 161.89010732 9.66397136 -50.81631707
v 162.48961205 10.11514411 -50.21303367
v 163.11437981 10.48900788 -49.58432798
v 163.75964353 10.78230196 -48.93499716
v 164.42036257 10.99259062 -48.27011360
v 165.09132533 11.11835635 -47.59492177
v 165.76727045 11.15899293 -46.91471616
v 166.44299345 11.11470285 -46.23473407
v 167.11341182 10.98633490 -45.56009005
v 167.77357816 10.77521698 -44.89576267
v 168.41865136 10.48303875 -44.24662357
v 169.04385181 10.11182027 -43.61748248
v 169.64443357 9.66397136 -43.01311525
v 170.21570014 9.14241398 -42.43824798
v 170.75307395 8.55071757 -41.89748709
v 171.25220918 7.89319286 -41.39520581
v 171.70911969 7.17490396 -40.93541540
v 172.12028645 6.40158718 -40.52165705
v 172.48271397 5.57949647 -40.15694515
v 172.79392185 4.71521923 -39.84377572
v 173.05187964 3.81551407 -39.58419202
v 173.25491278 2.88721069 -39.37987916
v 173.40161752 1.93718726 -39.23224974
v 173.49081974 0.97241050 -39.14248527
v 174.94240637 0.00000000 -40.51910421
v 174.91407424 -0.97159315 -40.54761492
v 174.82659461 -1.93600894 -40.63564594
v 174.68040586 -2.88570000 -40.78275611
v 174.47656685 -3.81319322 -40.98787992
v 174.21676083 -4.71125592 -41.24932350
v 173.90323423 -5.57303691 -41.56482626
v 173.53868836 -6.39214599 -41.93166986
v 173.12615677 -7.16265724 -42.34680165
v 172.66890376 -7.87904977 -42.80693672
v 172.17037047 -8.53612250 -43.30861228
v 171.63417627 -9.12893055 -43.84818611
v 171.06416314 -9.65278309 -44.42179204
v 170.46445487 -10.10332093 -45.02528027
v 169.83949838 -10.47666227 -45.65417587
v 169.19406136 -10.76957900 -46.30368108
v 168.53317701 -10.97965229 -46.96873099
v 167.86204580 -11.10536055 -47.64409235
v 167.18591991 -11.14607383 -48.32447987
v 166.51000112 -11.10195876 -49.00465897
v 165.83937753 -10.97382756 -49.67950951
v 165.17900853 -10.76298215 -50.34404082
v 164.53374916 -10.47110438 -50.99336727
v 163.90838922 -10.10022608 -51.62266885
v 163.30767667 -9.65278309 -52.22716769
v 162.73630054 -9.13172778 -52.80214522
v 162.19882368 -8.54065334 -53.34300980
v 161.69957541 -7.88387901 -53.84540483
v 161.24253006 -7.16645906 -54.30533094
v 160.83120488 -6.39410463 -54.71924871
v 160.46860559 -5.57303691 -55.08413347
v 160.15723267 -4.70981277 -55.39746897
v 159.89914066 -3.81117032 -55.65718773
v 159.69602467 -2.88393237 -55.86158397
v 159.54929860 -1.93498188 -56.00923486
v 159.46013286 -0.97129553 -56.09896261
v 159.42943344 -0.00000000 -56.12985552
v 159.45776557 0.97159315 -56.10134481
v 159.54524521 1.93600894 -56.01331380
v 159.69143395 2.88570000 -55.86620362
v 159.89527296 3.81319322 -55.66107981
v 160.15507898 4.71125592 -55.39963623
v 160.46860559 5.57303691 -55.08413347
v 160.83315145 6.39214599 -54.71728987
v 161.24568304 7.16265724 -54.30215809
v 161.70293605 7.87904977 -53.84202301
v 162.20146934 8.53612250 -53.34034746
v 162.73766355 9.12893055 -52.80077362
v 163.30767667 9.65278309 -52.22716769
v 163.90738494 10.10332093 -51.62367946
v 164.53234143 10.47666227 -50.99478387
v 165.17777845 10.76957900 -50.34527866
v 165.83866281 10.97965229 -49.68022874
v 166.50979401 11.10536055 -49.00486739
v 167.18591991 11.14607383 -48.32447987
v 167.86183869 11.10195876 -47.64430076
v 168.53246228 10.97382756 -46.96945022
v 169.19283129 10.76298215 -46.30491891
v 169.83809065 10.47110438 -45.65559247
v 170.46345059 10.10022608 -45.02629088
v 171.06416314 9.65278309 -44.42179204
v 171.63553927 9.13172778 -43.84681452
v 172.17301613 8.54065334 -43.30594994
v 172.67226440 7.88387901 -42.80355490
v 173.12930975 7.16645906 -42.34362879
v 173.54063494 6.39410463 -41.92971102
v 173.90323423 5.57303691 -41.56482626
v 174.21460714 4.70981277 -41.25149076
v 174.47269915 3.81117032 -40.99177200
v 174.67581514 2.88393237 -40.78737576
v 174.82254121 1.93498188 -40.63972488
v 174.91170695 0.97129553 -40.54999713
f 1 2 73
f 2 74 73
f 2 3 74
f 3 75 74
f 3 4 75
f 4 76 75
f 4 5 76
f 5 77 76
f 5 6 77
f 6 78 77
f 6 7 78
f 7 79 78
f 7 8 79
f 8 80 79
f 8 9 80
f 9 81 80
f 9 10 81
f 10 82 81
f 10 11 82
f 11 83 82
f 11 12 83
f 12 84 83
f 12 13 84
f 13 85 84
f 13 14 85
f 14 86 85
f 14 15 86
f 15 87 86
f 15 16 87
f 16 88 87
f 16 17 88
f 17 89 88
f 17 18 89
f 18 90 89
f 18 19 90
f 19 91 90
f 19 20 91
f 20 92 91
f 20 21 92
f 21 93 92
f 21 22 93
f 22 94 93
f 22 23 94
f 23 95 94
f 23 24 95
f 24 96 95
f 24 25 96
f 25 97 96
f 25 26 97
f 26 98 97
f 26 27 98
f 27 99 98
f 27 28 99
f 28 100 99
f 28 29 100
f 29 101 100
f 29 30 101
f 30 102 101
f 30 31 102
f 31 103 102
f 31 32 103
f 32 104 103
f 32 33 104
f 33 105 104
f 33 34 105
f 34 106 105
f 34 35 106
f 35 107 106
f 35 36 107
f 36 108 107
f 36 37 108
f 37 109 108
f 37 38 109
f 38 110 109
f 38 39 110
f 39 111 110
f 39 40 111
f 40 112 111
f 40 41 112
f 41 113 112
f 41 42 113
f 42 114 113
f 42 43 114
f 43 115 114
f 43 44 115
f 44 116 115
f 44 45 116
f 45 117 116
f 45 46 117
f 46 118 117
f 46 47 118
f 47 119 118
f 47 48 119
f 48 120 119
f 48 49 120
f 49 121 120
f 49 50 121
f 50 122 121
f 50 51 122
f 51 123 122
f 51 52 123
f 52 124 123
f 52 53 124
f 53 125 124
f 53 54 125
f 54 126 125
f 54 55 126
f 55 127 126
f 55 56 127
f 56 128 127
f 56 57 128
f 57 129 128
f 57 58 129
f 58 130 129
f 58 59 130
f 59 131 130
f 59 60 131
f 60 132 131
f 60 61 132
f 61 133 132
f 61 62 133
f 62 134 133
f 62 63 134
f 63 135 134
f 63 64 135
f 64 136 135
f 64 65 136
f 65 137 136
f 65 66 137
f 66 138 137
f 66 67 138
f 67 139 138
f 67 68 139
f 68 140 139
f 68 69 140
f 69 141 140
f 69 70 141
f 70 142 141
f 70 71 142
f 71 143 142
f 71 72 143
f 72 144 143
f 72 1 144
f 1 73 144
f 73 74 145
f 74 146 145
f 74 75 146
f 75 147 146
f 75 76 147
f 76 148 147
f 76 77 148
f 77 149 148
f 77 78 149
f 78 150 149
f 78 79 150
f 79 151 150
f 79 80 151
f 80 152 151
f 80 81 152
f 81 153 152
f 81 82 153
f 82 154 153
f 82 83 154
f 83 155 154
f 83 84 155
f 84 156 155
f 84 85 156
f 85 157 156
f 85 86 157
f 86 158 157
f 86 87 158
f 87 159 158
f 87 88 159
f 88 160 159
f 88 89 160
f 89 161 160
f 89 90 161
f 90 162 161
f 90 91 162
f 91 163 162
f 91 92 163
f 92 164 163
f 92 93 164
f 93 165 164
f 93 94 165
f 94 166 165
f 94 95 166
f 95 167 166
f 95 96 167
f 96 168 167
f 96 97 168
f 97 169 168
f 97 98 169
f 98 170 169
f 98 99 170
f 99 171 170
f 99 100 171
f 100 172 171
f 100 101 172
f 101 173 172
f 101 102 173
f 102 174 173
f 102 103 174
f 103 175 174
f 103 104 175
f 104 176 175
f 104 105 176
f 105 177 176
f 105 106 177
f 106 178 177
f 106 107 178
f 107 179 178
f 107 108 179
f 108 180 179
f 108 109 180
f 109 181 180
f 109 110 181
f 110 182 181
f 110 111 182
f 111 183 182
f 111 112 183
f 112 184 183
f 112 113 184
f 113 185 184
f 113 114 185
f 114 186 185
f 114 115 186
f 115 187 186
f 115 116 187
f 116 188 187
f 116 117 188
f 117 189 188
f 117 118 189
f 118 190 189
f 118 119 190
f 119 191 190
f 119 120 191
f 120 192 191
f 120 121 192
f 121 193 192
f 121 122 193
f 122 194 193
f 122 123 194
f 123 195 194
f 123 124 195
f 124 196 195
f 124 125 196
f 125 197 196
f 125 126 197
f 126 198 197
f 126 127 198
f 127 199 198
f 127 128 199
f 128 200 199
f 128 129 200
f 129 201 200
f 129 130 201
f 130 202 201
f 130 131 202
f 131 203 202
f 131 132 203
f 132 204 203
f 132 133 204
f 133 205 204
f 133 134 205
f 134 206 205
f 134 135 206
f 135 207 206
f 135 136 207
f 136 208 207
f 136 137 208
f 137 209 208
f 137 138 209
f 138 210 209
f 138 139 210
f 139 211 210
f 139 140 211
f 140 212 211
f 140 141 212
f 141 213 212
f 141 142 213
f 142 214 213
f 142 143 214
f 143 215 214
f 143 144 215
f 144 216 215
f 144 73 216
f 73 145 216
f 145 146 217
f 146 218 217
f 146 147 218
f 147 219 218
f 147 148 219
f 148 220 219
f 148 149 220
f 149 221 220
f 149 150 221
f 150 222 221
f 150 151 222
f 151 223 222
f 151 152 223
f 152 224 223
f 152 153 224
f 153 225 224
f 153 154 225
f 154 226 225
f 154 155 226
f 155 227 226
f 155 156 227
f 156 228 227
f 156 157 228
f 157 229 228
f 157 158 229
f 158 230 229
f 158 159 230
f 159 231 230
f 159 160 231
f 160 232 231
f 160 161 232
f 161 233 232
f 161 162 233
f 162 234 233
f 162 163 234
f 163 235 234
f 163 164 235
f 164 236 235
f 164 165 236
f 165 237 236
f 165 166 237
f 166 238 237
f 166 167 238
f 167 239 238
f 167 168 239
f 168 240 239
f 168 169 240
f 169 241 240
f 169 170 241
f 170 242 241
f 170 171 242
f 171 243 242
f 171 172 243
f 172 244 243
f 172 173 244
f 173 245 244
f 173 174 245
f 174 246 245
f 174 175 246
f 175 247 246
f 175 176 247
f 176 248 247
f 176 177 248
f 177 249 248
f 177 178 249
f 178 250 249
f 178 179 250
f 179 251 250
f 179 180 251
f 180 252 251
f 180 181 252
f 181 253 252
f 181 182 253
f 182 254 253
f 182 183 254
f 183 255 254
f 183 184 255
f 184 256 255
f 184 185 256
f 185 257 256
f 185 186 257
f 186 258 257
f 186 187 258
f 187 259 258
f 187 188 259
f 188 260 259
f 188 189 260
f 189 261 260
f 189 190 261
f 190 262 261
f 190 191 262
f 191 263 262
f 191 192 263
f 192 264 263
f 192 193 264
f 193 265 264
f 193 194 265
f 194 266 265
f 194 195 266
f 195 267 266
f 195 196 267
f 196 268 267
f 196 197 268
f 197 269 268
f 197 198 269
f 198 270 269
f 198 199 270
f 199 271 270
f 199 200 271
f 200 272 271
f 200 201 272
f 201 273 272
f 201 202 273
f 202 274 273
f 202 203 274
f 203 275 274
f 203 204 275
f 204 276 275
f 204 205 276
f 205 277 276
f 205 206 277
f 206 278 277
f 206 207 278
f 207 279 278
f 207 208 279
f 208 280 279
f 208 209 280
f 209 281 280
f 209 210 281
f 210 282 281
f 210 211 282
f 211 283 282
f 211 212 283
f 212 284 283
f 212 213 284
f 213 285 284
f 213 214 285
f 214 286 285
f 214 215 286
f 215 287 286
f 215 216 287
f 216 288 287
f 216 145 288
f 145 217 288
f 217 218 289
f 218 290 289
f 218 219 290
f 219 291 290
f 219 220 291
f 220 292 291
f 220 221 292
f 221 293 292
f 221 222 293
f 222 294 293
f 222 223 294
f 223 295 294
f 223 224 295
f 224 296 295
f 224 225 296
f 225 297 296
f 225 226 297
f 226 298 297
f 226 227 298
f 227 299 298
f 227 228 299
f 228 300 299
f 228 229 300
f 229 301 300
f 229 230 301
f 230 302 301
f 230 231 302
f 231 303 302
f 231 232 303
f 232 304 303
f 232 233 304
f 233 305 304
f 233 234 305
f 234 306 305
f 234 235 306
f 235 307 306
f 235 236 307
f 236 308 307
f 236 237 308
f 237 309 308
f 237 238 309
f 238 310 309
f 238 239 310
f 239 311 310
f 239 240 311
f 240 312 311
f 240 241 312
f 241 313 312
f 241 242 313
f 242 314 313
f 242 243 314
f 243 315 314
f 243 244 315
f 244 316 315
f 244 245 316
f 245 317 316
f 245 246 317
f 246 318 317
f 246 247 318
f 247 319 318
f 247 248 319
f 248 320 319
f 248 249 320
f 249 321 320
f 249 250 321
f 250 322 321
f 250 251 322
f 251 323 322
f 251 252 323
f 252 324 323
f 252 253 324
f 253 325 324
f 253 254 325
f 254 326 325
f 254 255 326
f 255 327 326
f 255 256 327
f 256 328 327
f 256 257 328
f 257 329 328
f 257 258 329
f 258 330 329
f 258 259 330
f 259 331 330
f 259 260 331
f 260 332 331
f 260 261 332
f 261 333 332
f 261 262 333
f 262 334 333
f 262 263 334
f 263 335 334
f 263 264 335
f 264 336 335
f 264 265 336
f 265 337 336
f 265 266 337
f 266 338 337
f 266 267 338
f 267 339 338
f 267 268 339
f 268 340 339
f 268 269 340
f 269 341 340
f 269 270 341
f 270 342 341
f 270 271 342
f 271 343 342
f 271 272 343
f 272 344 343
f 272 273 344
f 273 345 344
f 273 274 345
f 274 346 345
f 274 275 346
f 275 347 346
f 275 276 347
f 276 348 347
f 276 277 348
f 277 349 348
f 277 278 349
f 278 350 349
f 278 279 350
f 279 351 350
f 279 280 351
f 280 352 351
f 280 281 352
f 281 353 352
f 281 282 353
f 282 354 353
f 282 283 354
f 283 355 354
f 283 284 355
f 284 356 355
f 284 285 356
f 285 357 356
f 285 286 357
f 286 358 357
f 286 287 358
f 287 359 358
f 287 288 359
f 288 360 359
f 288 217 360
f 217 289 360
f 289 290 361
f 290 362 361
f 290 291 362
f 291 363 362
f 291 292 363
f 292 364 363
f 292 293 364
f 293 365 364
f 293 294 365
f 294 366 365
f 294 295 366
f 295 367 366
f 295 296 367
f 296 368 367
f 296 297 368
f 297 369 368
f 297 298 369
f 298 370 369
f 298 299 370
f 299 371 370
f 299 300 371
f 300 372 371
f 300 301 372
f 301 373 372
f 301 302 373
f 302 374 373
f 302 303 374
f 303 375 374
f 303 304 375
f 304 376 375
f 304 305 376
f 305 377 376
f 305 306 377
f 306 378 377
f 306 307 378
f 307 379 378
f 307 308 379
f 308 380 379
f 308 309 380
f 309 381 380
f 309 310 381
f 310 382 381
f 310 311 382
f 311 383 382
f 311 312 383
f 312 384 383
f 312 313 384
f 313 385 384
f 313 314 385
f 314 386 385
f 314 315 386
f 315 387 386
f 315 316 387
f 316 388 387
f 316 317 388
f 317 389 388
f 317 318 389
f 318 390 389
f 318 319 390
f 319 391 390
f 319 320 391
f 320 392 391
f 320 321 392
f 321 393 392
f 321 322 393
f 322 394 393
f 322 323 394
f 323 395 394
f 323 324 395
f 324 396 395
f 324 325 396
f 325 397 396
f 325 326 397
f 326 398 397
f 326 327 398
f 327 399 398
f 327 328 399
f 328 400 399
f 328 329 400
f 329 401 400
f 329 330 401
f 330 402 401
f 330 331 402
f 331 403 402
f 331 332 403
f 332 404 403
f 332 333 404
f 333 405 404
f 333 334 405
f 334 406 405
f 334 335 406
f 335 407 406
f 335 336 407
f 336 408 407
f 336 337 408
f 337 409 408
f 337 338 409
f 338 410 409
f 338 339 410
f 339 411 410
f 339 340 411
f 340 412 411
f 340 341 412
f 341 413 412
f 341 342 413
f 342 414 413
f 342 343 414
f 343 415 414
f 343 344 415
f 344 416 415
f 344 345 416
f 345 417 416
f 345 346 417
f 346 418 417
f 346 347 418
f 347 419 418
f 347 348 419
f 348 420 419
f 348 349 420
f 349 421 420
f 349 350 421
f 350 422 421
f 350 351 422
f 351 423 422
f 351 352 423
f 352 424 423
f 352 353 424
f 353 425 424
f 353 354 425
f 354 426 425
f 354 355 426
f 355 427 426
f 355 356 427
f 356 428 427
f 356 357 428
f 357 429 428
f 357 358 429
f 358 430 429
f 358 359 430
f 359 431 430
f 359 360 431
f 360 432 431
f 360 289 432
f 289 361 432
f 361 362 433
f 362 434 433
f 362 363 434
f 363 435 434
f 363 364 435
f 364 436 435
f 364 365 436
f 365 437 436
f 365 366 437
f 366 438 437
f 366 367 438
f 367 439 438
f 367 368 439
f 368 440 439
f 368 369 440
f 369 441 440
f 369 370 441
f 370 442 441
f 370 371 442
f 371 443 442
f 371 372 443
f 372 444 443
f 372 373 444
f 373 445 444
f 373 374 445
f 374 446 445
f 374 375 446
f 375 447 446
f 375 376 447
f 376 448 447
f 376 377 448
f 377 449 448
f 377 378 449
f 378 450 449
f 378 379 450
f 379 451 450
f 379 380 451
f 380 452 451
f 380 381 452
f 381 453 452
f 381 382 453
f 382 454 453
f 382 383 454
f 383 455 454
f 383 384 455
f 384 456 455
f 384 385 456
f 385 457 456
f 385 386 457
f 386 458 457
f 386 387 458
f 387 459 458
f 387 388 459
f 388 460 459
f 388 389 460
f 389 461 460
f 389 390 461
f 390 462 461
f 390 391 462
f 391 463 462
f 391 392 463
f 392 464 463
f 392 393 464
f 393 465 464
f 393 394 465
f 394 466 465
f 394 395 466
f 395 467 466
f 395 396 467
f 396 468 467
f 396 397 468
f 397 469 468
f 397 398 469
f 398 470 469
f 398 399 470
f 399 471 470
f 399 400 471
f 400 472 471
f 400 401 472
f 401 473 472
f 401 402 473
f 402 474 473
f 402 403 474
f 403 475 474
f 403 404 475
f 404 476 475
f 404 405 476
f 405 477 476
f 405 406 477
f 406 478 477
f 406 407 478
f 407 479 478
f 407 408 479
f 408 480 479
f 408 409 480
f 409 481 480
f 409 410 481
f 410 482 481
f 410 411 482
f 411 483 482
f 411 412 483
f 412 484 483
f 412 413 484
f 413 485 484
f 413 414 485
f 414 486 485
f 414 415 486
f 415 487 486
f 415 416 487
f 416 488 487
f 416 417 488
f 417 489 488
f 417 418 489
f 418 490 489
f 418 419 490
f 419 491 490
f 419 420 491
f 420 492 491
f 420 421 492
f 421 493 492
f 421 422 493
f 422 494 493
f 422 423 494
f 423 495 494
f 423 424 495
f 424 496 495
f 424 425 496
f 425 497 496
f 425 426 497
f 426 498 497
f 426 427 498
f 427 499 498
f 427 428 499
f 428 500 499
f 428 429 500
f 429 501 500
f 429 430 501
f 430 502 501
f 430 431 502
f 431 503 502
f 431 432 503
f 432 504 503
f 432 361 504
f 361 433 504
f 433 434 505
f 434 506 505
f 434 435 506
f 435 507 506
f 435 436 507
f 436 508 507
f 436 437 508
f 437 509 508
f 437 438 509
f 438 510 509
f 438 439 510
f 439 511 510
f 439 440 511
f 440 512 511
f 440 441 512
f 441 513 512
f 441 442 513
f 442 514 513
f 442 443 514
f 443 515 514
f 443 444 515
f 444 516 515
f 444 445 516
f 445 517 516
f 445 446 517
f 446 518 517
f 446 447 518
f 447 519 518
f 447 448 519
f 448 520 519
f 448 449 520
f 449 521 520
f 449 450 521
f 450 522 521
f 450 451 522
f 451 523 522
f 451 452 523
f 452 524 523
f 452 453 524
f 453 525 524
f 453 454 525
f 454 526 525
f 454 455 526
f 455 527 526
f 455 456 527
f 456 528 527
f 456 457 528
f 457 529 528
f 457 458 529
f 458 530 529
f 458 459 530
f 459 531 530
f 459 460 531
f 460 532 531
f 460 461 532
f 461 533 532
f 461 462 533
f 462 534 533
f 462 463 534
f 463 535 534
f 463 464 535
f 464 536 535
f 464 465 536
f 465 537 536
f 465 466 537
f 466 538 537
f 466 467 538
f 467 539 538
f 467 468 539
f 468 540 539
f 468 469 540
f 469 541 540
f 469 470 541
f 470 542 541
f 470 471 542
f 471 543 542
f 471 472 543
f 472 544 543
f 472 473 544
f 473 545 544
f 473 474 545
f 474 546 545
f 474 475 546
f 475 547 546
f 475 476 547
f 476 548 547
f 476 477 548
f 477 549 548
f 477 478 549
f 478 550 549
f 478 479 550
f 479 551 550
f 479 480 551
f 480 552 551
f 480 481 552
f 481 553 552
f 481 482 553
f 482 554 553
f 482 483 554
f 483 555 554
f 483 484 555
f 484 556 555
f 484 485 556
f 485 557 556
f 485 486 557
f 486 558 557
f 486 487 558
f 487 559 558
f 487 488 559
f 488 560 559
f 488 489 560
f 489 561 560
f 489 490 561
f 490 562 561
f 490 491 562
f 491 563 562
f 491 492 563
f 492 564 563
f 492 493 564
f 493 565 564
f 493 494 565
f 494 566 565
f 494 495 566
f 495 567 566
f 495 496 567
f 496 568 567
f 496 497 568
f 497 569 568
f 497 498 569
f 498 570 569
f 498 499 570
f 499 571 570
f 499 500 571
f 500 572 571
f 500 501 572
f 501 573 572
f 501 502 573
f 502 574 573
f 502 503 574
f 503 575 574
f 503 504 575
f 504 576 575
f 504 433 576
f 433 505 576
f 505 506 577
f 506 578 577
f 506 507 578
f 507 579 578
f 507 508 579
f 508 580 579
f 508 509 580
f 509 581 580
f 509 510 581
f 510 582 581
f 510 511 582
f 511 583 582
f 511 512 583
f 512 584 583
f 512 513 584
f 513 585 584
f 513 514 585
f 514 586 585
f 514 515 586
f 515 587 586
f 515 516 587
f 516 588 587
f 516 517 588
f 517 589 588
f 517 518 589
f 518 590 589
f 518 519 590
f 519 591 590
f 519 520 591
f 520 592 591
f 520 521 592
f 521 593 592
f 521 522 593
f 522 594 593
f 522 523 594
f 523 595 594
f 523 524 595
f 524 596 595
f 524 525 596
f 525 597 596
f 525 526 597
f 526 598 597
f 526 527 598
f 527 599 598
f 527 528 599
f 528 600 599
f 528 529 600
f 529 601 600
f 529 530 601
f 530 602 601
f 530 531 602
f 531 603 602
f 531 532 603
f 532 604 603
f 532 533 604
f 533 605 604
f 533 534 605
f 534 606 605
f 534 535 606
f 535 607 606
f 535 536 607
f 536 608 607
f 536 537 608
f 537 609 608
f 537 538 609
f 538 610 609
f 538 539 610
f 539 611 610
f 539 540 611
f 540 612 611
f 540 541 612
f 541 613 612
f 541 542 613
f 542 614 613
f 542 543 614
f 543 615 614
f 543 544 615
f 544 616 615
f 544 545 616
f 545 617 616
f 545 546 617
f 546 618 617
f 546 547 618
f 547 619 618
f 547 548 619
f 548 620 619
f 548 549 620
f 549 621 620
f 549 550 621
f 550 622 621
f 550 551 622
f 551 623 622
f 551 552 623
f 552 624 623
f 552 553 624
f 553 625 624
f 553 554 625
f 554 626 625
f 554 555 626
f 555 627 626
f 555 556 627
f 556 628 627
f 556 557 628
f 557 629 628
f 557 558 629
f 558 630 629
f 558 559 630
f 559 631 630
f 559 560 631
f 560 632 631
f 560 561 632
f 561 633 632
f 561 562 633
f 562 634 633
f 562 563 634
f 563 635 634
f 563 564 635
f 564 636 635
f 564 565 636
f 565 637 636
f 565 566 637
f 566 638 637
f 566 567 638
f 567 639 638
f 567 568 639
f 568 640 639
f 568 569 640
f 569 641 640
f 569 570 641
f 570 642 641
f 570 571 642
f 571 643 642
f 571 572 643
f 572 644 643
f 572 573 644
f 573 645 644
f 573 574 645
f 574 646 645
f 574 575 646
f 575 647 646
f 575 576 647
f 576 648 647
f 576 505 648
f 505 577 648
f 577 578 649
f 578 650 649
f 578 579 650
f 579 651 650
f 579 580 651
f 580 652 651
f 580 581 652
f 581 653 652
f 581 582 653
f 582 654 653
f 582 583 654
f 583 655 654
f 583 584 655
f 584 656 655
f 584 585 656
f 585 657 656
f 585 586 657
f 586 658 657
f 586 587 658
f 587 659 658
f 587 588 659
f 588 660 659
f 588 589 660
f 589 661 660
f 589 590 661
f 590 662 661
f 590 591 662
f 591 663 662
f 591 592 663
f 592 664 663
f 592 593 664
f 593 665 664
f 593 594 665
f 594 666 665
f 594 595 666
f 595 667 666
f 595 596 667
f 596 668 667
f 596 597 668
f 597 669 668
f 597 598 669
f 598 670 669
f 598 599 670
f 599 671 670
f 599 600 671
f 600 672 671
f 600 601 672
f 601 673 672
f 601 602 673
f 602 674 673
f 602 603 674
f 603 675 674
f 603 604 675
f 604 676 675
f 604 605 676
f 605 677 676
f 605 606 677
f 606 678 677
f 606 607 678
f 607 679 678
f 607 608 679
f 608 680 679
f 608 609 680
f 609 681 680
f 609 610 681
f 610 682 681
f 610 611 682
f 611 683 682
f 611 612 683
f 612 684 683
f 612 613 684
f 613 685 684
f 613 614 685
f 614 686 685
f 614 615 686
f 615 687 686
f 615 616 687
f 616 688 687
f 616 617 688
f 617 689 688
f 617 618 689
f 618 690 689
f 618 619 690
f 619 691 690
f 619 620 691
f 620 692 691
f 620 621 692
f 621 693 692
f 621 622 693
f 622 694 693
f 622 623 694
f 623 695 694
f 623 624 695
f 624 696 695
f 624 625 696
f 625 697 696
f 625 626 697
f 626 698 697
f 626 627 698
f 627 699 698
f 627 628 699
f 628 700 699
f 628 629 700
f 629 701 700
f 629 630 701
f 630 702 701
f 630 631 702
f 631 703 702
f 631 632 703
f 632 704 703
f 632 633 704
f 633 705 704
f 633 634 705
f 634 706 705
f 634 635 706
f 635 707 706
f 635 636 707
f 636 708 707
f 636 637 708
f 637 709 708
f 637 638 709
f 638 710 709
f 638 639 710
f 639 711 710
f 639 640 711
f 640 712 711
f 640 641 712
f 641 713 712
f 641 642 713
f 642 714 713
f 642 643 714
f 643 715 714
f 643 644 715
f 644 716 715
f 644 645 716
f 645 717 716
f 645 646 717
f 646 718 717
f 646 647 718
f 647 719 718
f 647 648 719
f 648 720 719
f 648 577 720
f 577 649 720
f 649 650 721
f 650 722 721
f 650 651 722
f 651 723 722
f 651 652 723
f 652 724 723
f 652 653 724
f 653 725 724
f 653 654 725
f 654 726 725
f 654 655 726
f 655 727 726
f 655 656 727
f 656 728 727
f 656 657 728
f 657 729 728
f 657 658 729
f 658 730 729
f 658 659 730
f 659 731 730
f 659 660 731
f 660 732 731
f 660 661 732
f 661 733 732
f 661 662 733
f 662 734 733
f 662 663 734
f 663 735 734
f 663 664 735
f 664 736 735
f 664 665 736
f 665 737 736
f 665 666 737
f 666 738 737
f 666 667 738
f 667 739 738
f 667 668 739
f 668 740 739
f 668 669 740
f 669 741 740
f 669 670 741
f 670 742 741
f 670 671 742
f 671 743 742
f 671 672 743
f 672 744 743
f 672 673 744
f 673 745 744
f 673 674 745
f 674 746 745
f 674 675 746
f 675 747 746
f 675 676 747
f 676 748 747
f 676 677 748
f 677 749 748
f 677 678 749
f 678 750 749
f 678 679 750
f 679 751 750
f 679 680 751
f 680 752 751
f 680 681 752
f 681 753 752
f 681 682 753
f 682 754 753
f 682 683 754
f 683 755 754
f 683 684 755
f 684 756 755
f 684 685 756
f 685 757 756
f 685 686 757
f 686 758 757
f 686 687 758
f 687 759 758
f 687 688 759
f 688 760 759
f 688 689 760
f 689 761 760
f 689 690 761
f 690 762 761
f 690 691 762
f 691 763 762
f 691 692 763
f 692 764 763
f 692 693 764
f 693 765 764
f 693 694 765
f 694 766 765
f 694 695 766
f 695 767 766
f 695 696 767
f 696 768 767
f 696 697 768
f 697 769 768
f 697 698 769
f 698 770 769
f 698 699 770
f 699 771 770
f 699 700 771
f 700 772 771
f 700 701 772
f 701 773 772
f 701 702 773
f 702 774 773
f 702 703 774
f 703 775 774
f 703 704 775
f 704 776 775
f 704 705 776
f 705 777 776
f 705 706 777
f 706 778 777
f 706 707 778
f 707 779 778
f 707 708 779
f 708 780 779
f 708 709 780
f 709 781 780
f 709 710 781
f 710 782 781
f 710 711 782
f 711 783 782
f 711 712 783
f 712 784 783
f 712 713 784
f 713 785 784
f 713 714 785
f 714 786 785
f 714 715 786
f 715 787 786
f 715 716 787
f 716 788 787
f 716 717 788
f 717 789 788
f 717 718 789
f 718 790 789
f 718 719 790
f 719 791 790
f 719 720 791
f 720 792 791
f 720 649 792
f 649 721 792
f 721 722 793
f 722 794 793
f 722 723 794
f 723 795 794
f 723 724 795
f 724 796 795
f 724 725 796
f 725 797 796
f 725 726 797
f 726 798 797
f 726 727 798
f 727 799 798
f 727 728 799
f 728 800 799
f 728 729 800
f 729 801 800
f 729 730 801
f 730 802 801
f 730 731 802
f 731 803 802
f 731 732 803
f 732 804 803
f 732 733 804
f 733 805 804
f 733 734 805
f 734 806 805
f 734 735 806
f 735 807 806
f 735 736 807
f 736 808 807
f 736 737 808
f 737 809 808
f 737 738 809
f 738 810 809
f 738 739 810
f 739 811 810
f 739 740 811
f 740 812 811
f 740 741 812
f 741 813 812
f 741 742 813
f 742 814 813
f 742 743 814
f 743 815 814
f 743 744 815
f 744 816 815
f 744 745 816
f 745 817 816
f 745 746 817
f 746 818 817
f 746 747 818
f 747 819 818
f 747 748 819
f 748 820 819
f 748 749 820
f 749 821 820
f 749 750 821
f 750 822 821
f 750 751 822
f 751 823 822
f 751 752 823
f 752 824 823
f 752 753 824
f 753 825 824
f 753 754 825
f 754 826 825
f 754 755 826
f 755 827 826
f 755 756 827
f 756 828 827
f 756 757 828
f 757 829 828
f 757 758 829
f 758 830 829
f 758 759 830
f 759 831 830
f 759 760 831
f 760 832 831
f 760 761 832
f 761 833 832
f 761 762 833
f 762 834 833
f 762 763 834
f 763 835 834
f 763 764 835
f 764 836 835
f 764 765 836
f 765 837 836
f 765 766 837
f 766 838 837
f 766 767 838
f 767 839 838
f 767 768 839
f 768 840 839
f 768 769 840
f 769 841 840
f 769 770 841
f 770 842 841
f 770 771 842
f 771 843 842
f 771 772 843
f 772 844 843
f 772 773 844
f 773 845 844
f 773 774 845
f 774 846 845
f 774 775 846
f 775 847 846
f 775 776 847
f 776 848 847
f 776 777 848
f 777 849 848
f 777 778 849
f 778 850 849
f 778 779 850
f 779 851 850
f 779 780 851
f 780 852 851
f 780 781 852
f 781 853 852
f 781 782 853
f 782 854 853
f 782 783 854
f 783 855 854
f 783 784 855
f 784 856 855
f 784 785 856
f 785 857 856
f 785 786 857
f 786 858 857
f 786 787 858
f 787 859 858
f 787 788 859
f 788 860 859
f 788 789 860
f 789 861 860
f 789 790 861
f 790 862 861
f 790 791 862
f 791 863 862
f 791 792 863
f 792 864 863
f 792 721 864
f 721 793 864
f 793 794 865
f 794 866 865
f 794 795 866
f 795 867 866
f 795 796 867
f 796 868 867
f 796 797 868
f 797 869 868
f 797 798 869
f 798 870 869
f 798 799 870
f 799 871 870
f 799 800 871
f 800 872 871
f 800 801 872
f 801 873 872
f 801 802 873
f 802 874 873
f 802 803 874
f 803 875 874
f 803 804 875
f 804 876 875
f 804 805 876
f 805 877 876
f 805 806 877
f 806 878 877
f 806 807 878
f 807 879 878
f 807 808 879
f 808 880 879
f 808 809 880
f 809 881 880
f 809 810 881
f 810 882 881
f 810 811 882
f 811 883 882
f 811 812 883
f 812 884 883
f 812 813 884
f 813 885 884
f 813 814 885
f 814 886 885
f 814 815 886
f 815 887 886
f 815 816 887
f 816 888 887
f 816 817 888
f 817 889 888
f 817 818 889
f 818 890 889
f 818 819 890
f 819 891 890
f 819 820 891
f 820 892 891
f 820 821 892
f 821 893 892
f 821 822 893
f 822 894 893
f 822 823 894
f 823 895 894
f 823 824 895
f 824 896 895
f 824 825 896
f 825 897 896
f 825 826 897
f 826 898 897
f 826 827 898
f 827 899 898
f 827 828 899
f 828 900 899
f 828 829 900
f 829 901 900
f 829 830 901
f 830 902 901
f 830 831 902
f 831 903 902
f 831 832 903
f 832 904 903
f 832 833 904
f 833 905 904
f 833 834 905
f 834 906 905
f 834 835 906
f 835 907 906
f 835 836 907
f 836 908 907
f 836 837 908
f 837 909 908
f 837 838 909
f 838 910 909
f 838 839 910
f 839 911 910
f 839 840 911
f 840 912 911
f 840 841 912
f 841 913 912
f 841 842 913
f 842 914 913
f 842 843 914
f 843 915 914
f 843 844 915
f 844 916 915
f 844 845 916
f 845 917 916
f 845 846 917
f 846 918 917
f 846 847 918
f 847 919 918
f 847 848 919
f 848 920 919
f 848 849 920
f 849 921 920
f 849 850 921
f 850 922 921
f 850 851 922
f 851 923 922
f 851 852 923
f 852 924 923
f 852 853 924
f 853 925 924
f 853 854 925
f 854 926 925
f 854 855 926
f 855 927 926
f 855 856 927
f 856 928 927
f 856 857 928
f 857 929 928
f 857 858 929
f 858 930 929
f 858 859 930
f 859 931 930
f 859 860 931
f 860 932 931
f 860 861 932
f 861 933 932
f 861 862 933
f 862 934 933
f 862 863 934
f 863 935 934
f 863 864 935
f 864 936 935
f 864 793 936
f 793 865 936
f 865 866 937
f 866 938 937
f 866 867 938
f 867 939 938
f 867 868 939
f 868 940 939
f 868 869 940
f 869 941 940
f 869 870 941
f 870 942 941
f 870 871 942
f 871 943 942
f 871 872 943
f 872 944 943
f 872 873 944
f 873 945 944
f 873 874 945
f 874 946 945
f 874 875 946
f 875 947 946
f 875 876 947
f 876 948 947
f 876 877 948
f 877 949 948
f 877 878 949
f 878 950 949
f 878 879 950
f 879 951 950
f 879 880 951
f 880 952 951
f 880 881 952
f 881 953 952
f 881 882 953
f 882 954 953
f 882 883 954
f 883 955 954
f 883 884 955
f 884 956 955
f 884 885 956
f 885 957 956
f 885 886 957
f 886 958 957
f 886 887 958
f 887 959 958
f 887 888 959
f 888 960 959
f 888 889 960
f 889 961 960
f 889 890 961
f 890 962 961
f 890 891 962
f 891 963 962
f 891 892 963
f 892 964 963
f 892 893 964
f 893 965 964
f 893 894 965
f 894 966 965
f 894 895 966
f 895 967 966
f 895 896 967
f 896 968 967
f 896 897 968
f 897 969 968
f 897 898 969
f 898 970 969
f 898 899 970
f 899 971 970
f 899 900 971
f 900 972 971
f 900 901 972
f 901 973 972
f 901 902 973
f 902 974 973
f 902 903 974
f 903 975 974
f 903 904 975
f 904 976 975
f 904 905 976
f 905 977 976
f 905 906 977
f 906 978 977
f 906 907 978
f 907 979 978
f 907 908 979
f 908 980 979
f 908 909 980
f 909 981 980
f 909 910 981
f 910 982 981
f 910 911 982
f 911 983 982
f 911 912 983
f 912 984 983
f 912 913 984
f 913 985 984
f 913 914 985
f 914 986 985
f 914 915 986
f 915 987 986
f 915 916 987
f 916 988 987
f 916 917 988
f 917 989 988
f 917 918 989
f 918 990 989
f 918 919 990
f 919 991 990
f 919 920 991
f 920 992 991
f 920 921 992
f 921 993 992
f 921 922 993
f 922 994 993
f 922 923 994
f 923 995 994
f 923 924 995
f 924 996 995
f 924 925 996
f 925 997 996
f 925 926 997
f 926 998 997
f 926 927 998
f 927 999 998
f 927 928 999
f 928 1000 999
f 928 929 1000
f 929 1001 1000
f 929 930 1001
f 930 1002 1001
f 930 931 1002
f 931 1003 1002
f 931 932 1003
f 932 1004 1003
f 932 933 1004
f 933 1005 1004
f 933 934 1005
f 934 1006 1005
f 934 935 1006
f 935 1007 1006
f 935 936 1007
f 936 1008 1007
f 936 865 1008
f 865 937 1008
f 937 938 1009
f 938 1010 1009
f 938 939 1010
f 939 1011 1010
f 939 940 1011
f 940 1012 1011
f 940 941 1012
f 941 1013 1012
f 941 942 1013
f 942 1014 1013
f 942 943 1014
f 943 1015 1014
f 943 944 1015
f 944 1016 1015
f 944 945 1016
f 945 1017 1016
f 945 946 1017
f 946 1018 1017
f 946 947 1018
f 947 1019 1018
f 947 948 1019
f 948 1020 1019
f 948 949 1020
f 949 1021 1020
f 949 950 1021
f 950 1022 1021
f 950 951 1022
f 951 1023 1022
f 951 952 1023
f 952 1024 1023
f 952 953 1024
f 953 1025 1024
f 953 954 1025
f 954 1026 1025
f 954 955 1026
f 955 1027 1026
f 955 956 1027
f 956 1028 1027
f 956 957 1028
f 957 1029 1028
f 957 958 1029
f 958 1030 1029
f 958 959 1030
f 959 1031 1030
f 959 960 1031
f 960 1032 1031
f 960 961 1032
f 961 1033 1032
f 961 962 1033
f 962 1034 1033
f 962 963 1034
f 963 1035 1034
f 963 964 1035
f 964 1036 1035
f 964 965 1036
f 965 1037 1036
f 965 966 1037
f 966 1038 1037
f 966 967 1038
f 967 1039 1038
f 967 968 1039
f 968 1040 1039
f 968 969 1040
f 969 1041 1040
f 969 970 1041
f 970 1042 1041
f 970 971 1042
f 971 1043 1042
f 971 972 1043
f 972 1044 1043
f 972 973 1044
f 973 1045 1044
f 973 974 1045
f 974 1046 1045
f 974 975 1046
f 975 1047 1046
f 975 976 1047
f 976 1048 1047
f 976 977 1048
f 977 1049 1048
f 977 978 1049
f 978 1050 1049
f 978 979 1050
f 979 1051 1050
f 979 980 1051
f 980 1052 1051
f 980 981 1052
f 981 1053 1052
f 981 982 1053
f 982 1054 1053
f 982 983 1054
f 983 1055 1054
f 983 984 1055
f 984 1056 1055
f 984 985 1056
f 985 1057 1056
f 985 986 1057
f 986 1058 1057
f 986 987 1058
f 987 1059 1058
f 987 988 1059
f 988 1060 1059
f 988 989 1060
f 989 1061 1060
f 989 990 1061
f 990 1062 1061
f 990 991 1062
f 991 1063 1062
f 991 992 1063
f 992 1064 1063
f 992 993 1064
f 993 1065 1064
f 993 994 1065
f 994 1066 1065
f 994 995 1066
f 995 1067 1066
f 995 996 1067
f 996 1068 1067
f 996 997 1068
f 997 1069 1068
f 997 998 1069
f 998 1070 1069
f 998 999 1070
f 999 1071 1070
f 999 1000 1071
f 1000 1072 1071
f 1000 1001 1072
f 1001 1073 1072
f 1001 1002 1073
f 1002 1074 1073
f 1002 1003 1074
f 1003 1075 1074
f 1003 1004 1075
f 1004 1076 1075
f 1004 1005 1076
f 1005 1077 1076
f 1005 1006 1077
f 1006 1078 1077
f 1006 1007 1078
f 1007 1079 1078
f 1007 1008 1079
f 1008 1080 1079
f 1008 937 1080
f 937 1009 1080
f 1009 1010 1081
f 1010 1082 1081
f 1010 1011 1082
f 1011 1083 1082
f 1011 1012 1083
f 1012 1084 1083
f 1012 1013 1084
f 1013 1085 1084
f 1013 1014 1085
f 1014 1086 1085
f 1014 1015 1086
f 1015 1087 1086
f 1015 1016 1087
f 1016 1088 1087
f 1016 1017 1088
f 1017 1089 1088
f 1017 1018 1089
f 1018 1090 1089
f 1018 1019 1090
f 1019 1091 1090
f 1019 1020 1091
f 1020 1092 1091
f 1020 1021 1092
f 1021 1093 1092
f 1021 1022 1093
f 1022 1094 1093
f 1022 1023 1094
f 1023 1095 1094
f 1023 1024 1095
f 1024 1096 1095
f 1024 1025 1096
f 1025 1097 1096
f 1025 1026 1097
f 1026 1098 1097
f 1026 1027 1098
f 1027 1099 1098
f 1027 1028 1099
f 1028 1100 1099
f 1028 1029 1100
f 1029 1101 1100
f 1029 1030 1101
f 1030 1102 1101
f 1030 1031 1102
f 1031 1103 1102
f 1031 1032 1103
f 1032 1104 1103
f 1032 1033 1104
f 1033 1105 1104
f 1033 1034 1105
f 1034 1106 1105
f 1034 1035 1106
f 1035 1107 1106
f 1035 1036 1107
f 1036 1108 1107
f 1036 1037 1108
f 1037 1109 1108
f 1037 1038 1109
f 1038 1110 1109
f 1038 1039 1110
f 1039 1111 1110
f 1039 1040 1111
f 1040 1112 1111
f 1040 1041 1112
f 1041 1113 1112
f 1041 1042 1113
f 1042 1114 1113
f 1042 1043 1114
f 1043 1115 1114
f 1043 1044 1115
f 1044 1116 1115
f 1044 1045 1116
f 1045 1117 1116
f 1045 1046 1117
f 1046 1118 1117
f 1046 1047 1118
f 1047 1119 1118
f 1047 1048 1119
f 1048 1120 1119
f 1048 1049 1120
f 1049 1121 1120
f 1049 1050 1121
f 1050 1122 1121
f 1050 1051 1122
f 1051 1123 1122
f 1051 1052 1123
f 1052 1124 1123
f 1052 1053 1124
f 1053 1125 1124
f 1053 1054 1125
f 1054 1126 1125
f 1054 1055 1126
f 1055 1127 1126
f 1055 1056 1127
f 1056 1128 1127
f 1056 1057 1128
f 1057 1129 1128
f 1057 1058 1129
f 1058 1130 1129
f 1058 1059 1130
f 1059 1131 1130
f 1059 1060 1131
f 1060 1132 1131
f 1060 1061 1132
f 1061 1133 1132
f 1061 1062 1133
f 1062 1134 1133
f 1062 1063 1134
f 1063 1135 1134
f 1063 1064 1135
f 1064 1136 1135
f 1064 1065 1136
f 1065 1137 1136
f 1065 1066 1137
f 1066 1138 1137
f 1066 1067 1138
f 1067 1139 1138
f 1067 1068 1139
f 1068 1140 1139
f 1068 1069 1140
f 1069 1141 1140
f 1069 1070 1141
f 1070 1142 1141
f 1070 1071 1142
f 1071 1143 1142
f 1071 1072 1143
f 1072 1144 1143
f 1072 1073 1144
f 1073 1145 1144
f 1073 1074 1145
f 1074 1146 1145
f 1074 1075 1146
f 1075 1147 1146
f 1075 1076 1147
f 1076 1148 1147
f 1076 1077 1148
f 1077 1149 1148
f 1077 1078 1149
f 1078 1150 1149
f 1078 1079 1150
f 1079 1151 1150
f 1079 1080 1151
f 1080 1152 1151
f 1080 1009 1152
f 1009 1081 1152
f 1081 1082 1153
f 1082 1154 1153
f 1082 1083 1154
f 1083 1155 1154
f 1083 1084 1155
f 1084 1156 1155
f 1084 1085 1156
f 1085 1157 1156
f 1085 1086 1157
f 1086 1158 1157
f 1086 1087 1158
f 1087 1159 1158
f 1087 1088 1159
f 1088 1160 1159
f 1088 1089 1160
f 1089 1161 1160
f 1089 1090 1161
f 1090 1162 1161
f 1090 1091 1162
f 1091 1163 1162
f 1091 1092 1163
f 1092 1164 1163
f 1092 1093 1164
f 1093 1165 1164
f 1093 1094 1165
f 1094 1166 1165
f 1094 1095 1166
f 1095 1167 1166
f 1095 1096 1167
f 1096 1168 1167
f 1096 1097 1168
f 1097 1169 1168
f 1097 1098 1169
f 1098 1170 1169
f 1098 1099 1170
f 1099 1171 1170
f 1099 1100 1171
f 1100 1172 1171
f 1100 1101 1172
f 1101 1173 1172
f 1101 1102 1173
f 1102 1174 1173
f 1102 1103 1174
f 1103 1175 1174
f 1103 1104 1175
f 1104 1176 1175
f 1104 1105 1176
f 1105 1177 1176
f 1105 1106 1177
f 1106 1178 1177
f 1106 1107 1178
f 1107 1179 1178
f 1107 1108 1179
f 1108 1180 1179
f 1108 1109 1180
f 1109 1181 1180
f 1109 1110 1181
f 1110 1182 1181
f 1110 1111 1182
f 1111 1183 1182
f 1111 1112 1183
f 1112 1184 1183
f 1112 1113 1184
f 1113 1185 1184
f 1113 1114 1185
f 1114 1186 1185
f 1114 1115 1186
f 1115 1187 1186
f 1115 1116 1187
f 1116 1188 1187
f 1116 1117 1188
f 1117 1189 1188
f 1117 1118 1189
f 1118 1190 1189
f 1118 1119 1190
f 1119 1191 1190
f 1119 1120 1191
f 1120 1192 1191
f 1120 1121 1192
f 1121 1193 1192
f 1121 1122 1193
f 1122 1194 1193
f 1122 1123 1194
f 1123 1195 1194
f 1123 1124 1195
f 1124 1196 1195
f 1124 1125 1196
f 1125 1197 1196
f 1125 1126 1197
f 1126 1198 1197
f 1126 1127 1198
f 1127 1199 1198
f 1127 1128 1199
f 1128 1200 1199
f 1128 1129 1200
f 1129 1201 1200
f 1129 1130 1201
f 1130 1202 1201
f 1130 1131 1202
f 1131 1203 1202
f 1131 1132 1203
f 1132 1204 1203
f 1132 1133 1204
f 1133 1205 1204
f 1133 1134 1205
f 1134 1206 1205
f 1134 1135 1206
f 1135 1207 1206
f 1135 1136 1207
f 1136 1208 1207
f 1136 1137 1208
f 1137 1209 1208
f 1137 1138 1209
f 1138 1210 1209
f 1138 1139 1210
f 1139 1211 1210
f 1139 1140 1211
f 1140 1212 1211
f 1140 1141 1212
f 1141 1213 1212
f 1141 1142 1213
f 1142 1214 1213
f 1142 1143 1214
f 1143 1215 1214
f 1143 1144 1215
f 1144 1216 1215
f 1144 1145 1216
f 1145 1217 1216
f 1145 1146 1217
f 1146 1218 1217
f 1146 1147 1218
f 1147 1219 1218
f 1147 1148 1219
f 1148 1220 1219
f 1148 1149 1220
f 1149 1221 1220
f 1149 1150 1221
f 1150 1222 1221
f 1150 1151 1222
f 1151 1223 1222
f 1151 1152 1223
f 1152 1224 1223
f 1152 1081 1224
f 1081 1153 1224
f 1153 1154 1225
f 1154 1226 1225
f 1154 1155 1226
f 1155 1227 1226
f 1155 1156 1227
f 1156 1228 1227
f 1156 1157 1228
f 1157 1229 1228
f 1157 1158 1229
f 1158 1230 1229
f 1158 1159 1230
f 1159 1231 1230
f 1159 1160 1231
f 1160 1232 1231
f 1160 1161 1232
f 1161 1233 1232
f 1161 1162 1233
f 1162 1234 1233
f 1162 1163 1234
f 1163 1235 1234
f 1163 1164 1235
f 1164 1236 1235
f 1164 1165 1236
f 1165 1237 1236
f 1165 1166 1237
f 1166 1238 1237
f 1166 1167 1238
f 1167 1239 1238
f 1167 1168 1239
f 1168 1240 1239
f 1168 1169 1240
f 1169 1241 1240
f 1169 1170 1241
f 1170 1242 1241
f 1170 1171 1242
f 1171 1243 1242
f 1171 1172 1243
f 1172 1244 1243
f 1172 1173 1244
f 1173 1245 1244
f 1173 1174 1245
f 1174 1246 1245
f 1174 1175 1246
f 1175 1247 1246
f 1175 1176 1247
f 1176 1248 1247
f 1176 1177 1248
f 1177 1249 1248
f 1177 1178 1249
f 1178 1250 1249
f 1178 1179 1250
f 1179 1251 1250
f 1179 1180 1251
f 1180 1252 1251
f 1180 1181 1252
f 1181 1253 1252
f 1181 1182 1253
f 1182 1254 1253
f 1182 1183 1254
f 1183 1255 1254
f 1183 1184 1255
f 1184 1256 1255
f 1184 1185 1256
f 1185 1257 1256
f 1185 1186 1257
f 1186 1258 1257
f 1186 1187 1258
f 1187 1259 1258
f 1187 1188 1259
f 1188 1260 1259
f 1188 1189 1260
f 1189 1261 1260
f 1189 1190 1261
f 1190 1262 1261
f 1190 1191 1262
f 1191 1263 1262
f 1191 1192 1263
f 1192 1264 1263
f 1192 1193 1264
f 1193 1265 1264
f 1193 1194 1265
f 1194 1266 1265
f 1194 1195 1266
f 1195 1267 1266
f 1195 1196 1267
f 1196 1268 1267
f 1196 1197 1268
f 1197 1269 1268
f 1197 1198 1269
f 1198 1270 1269
f 1198 1199 1270
f 1199 1271 1270
f 1199 1200 1271
f 1200 1272 1271
f 1200 1201 1272
f 1201 1273 1272
f 1201 1202 1273
f 1202 1274 1273
f 1202 1203 1274
f 1203 1275 1274
f 1203 1204 1275
f 1204 1276 1275
f 1204 1205 1276
f 1205 1277 1276
f 1205 1206 1277
f 1206 1278 1277
f 1206 1207 1278
f 1207 1279 1278
f 1207 1208 1279
f 1208 1280 1279
f 1208 1209 1280
f 1209 1281 1280
f 1209 1210 1281
f 1210 1282 1281
f 1210 1211 1282
f 1211 1283 1282
f 1211 1212 1283
f 1212 1284 1283
f 1212 1213 1284
f 1213 1285 1284
f 1213 1214 1285
f 1214 1286 1285
f 1214 1215 1286
f 1215 1287 1286
f 1215 1216 1287
f 1216 1288 1287
f 1216 1217 1288
f 1217 1289 1288
f 1217 1218 1289
f 1218 1290 1289
f 1218 1219 1290
f 1219 1291 1290
f 1219 1220 1291
f 1220 1292 1291
f 1220 1221 1292
f 1221 1293 1292
f 1221 1222 1293
f 1222 1294 1293
f 1222 1223 1294
f 1223 1295 1294
f 1223 1224 1295
f 1224 1296 1295
f 1224 1153 1296
f 1153 1225 1296
f 1225 1226 1297
f 1226 1298 1297
f 1226 1227 1298
f 1227 1299 1298
f 1227 1228 1299
f 1228 1300 1299
f 1228 1229 1300
f 1229 1301 1300
f 1229 1230 1301
f 1230 1302 1301
f 1230 1231 1302
f 1231 1303 1302
f 1231 1232 1303
f 1232 1304 1303
f 1232 1233 1304
f 1233 1305 1304
f 1233 1234 1305
f 1234 1306 1305
f 1234 1235 1306
f 1235 1307 1306
f 1235 1236 1307
f 1236 1308 1307
f 1236 1237 1308
f 1237 1309 1308
f 1237 1238 1309
f 1238 1310 1309
f 1238 1239 1310
f 1239 1311 1310
f 1239 1240 1311
f 1240 1312 1311
f 1240 1241 1312
f 1241 1313 1312
f 1241 1242 1313
f 1242 1314 1313
f 1242 1243 1314
f 1243 1315 1314
f 1243 1244 1315
f 1244 1316 1315
f 1244 1245 1316
f 1245 1317 1316
f 1245 1246 1317
f 1246 1318 1317
f 1246 1247 1318
f 1247 1319 1318
f 1247 1248 1319
f 1248 1320 1319
f 1248 1249 1320
f 1249 1321 1320
f 1249 1250 1321
f 1250 1322 1321
f 1250 1251 1322
f 1251 1323 1322
f 1251 1252 1323
f 1252 1324 1323
f 1252 1253 1324
f 1253 1325 1324
f 1253 1254 1325
f 1254 1326 1325
f 1254 1255 1326
f 1255 1327 1326
f 1255 1256 1327
f 1256 1328 1327
f 1256 1257 1328
f 1257 1329 1328
f 1257 1258 1329
f 1258 1330 1329
f 1258 1259 1330
f 1259 1331 1330
f 1259 1260 1331
f 1260 1332 1331
f 1260 1261 1332
f 1261 1333 1332
f 1261 1262 1333
f 1262 1334 1333
f 1262 1263 1334
f 1263 1335 1334
f 1263 1264 1335
f 1264 1336 1335
f 1264 1265 1336
f 1265 1337 1336
f 1265 1266 1337
f 1266 1338 1337
f 1266 1267 1338
f 1267 1339 1338
f 1267 1268 1339
f 1268 1340 1339
f 1268 1269 1340
f 1269 1341 1340
f 1269 1270 1341
f 1270 1342 1341
f 1270 1271 1342
f 1271 1343 1342
f 1271 1272 1343
f 1272 1344 1343
f 1272 1273 1344
f 1273 1345 1344
f 1273 1274 1345
f 1274 1346 1345
f 1274 1275 1346
f 1275 1347 1346
f 1275 1276 1347
f 1276 1348 1347
f 1276 1277 1348
f 1277 1349 1348
f 1277 1278 1349
f 1278 1350 1349
f 1278 1279 1350
f 1279 1351 1350
f 1279 1280 1351
f 1280 1352 1351
f 1280 1281 1352
f 1281 1353 1352
f 1281 1282 1353
f 1282 1354 1353
f 1282 1283 1354
f 1283 1355 1354
f 1283 1284 1355
f 1284 1356 1355
f 1284 1285 1356
f 1285 1357 1356
f 1285 1286 1357
f 1286 1358 1357
f 1286 1287 1358
f 1287 1359 1358
f 1287 1288 1359
f 1288 1360 1359
f 1288 1289 1360
f 1289 1361 1360
f 1289 1290 1361
f 1290 1362 1361
f 1290 1291 1362
f 1291 1363 1362
f 1291 1292 1363
f 1292 1364 1363
f 1292 1293 1364
f 1293 1365 1364
f 1293 1294 1365
f 1294 1366 1365
f 1294 1295 1366
f 1295 1367 1366
f 1295 1296 1367
f 1296 1368 1367
f 1296 1225 1368
f 1225 1297 1368
f 1297 1298 1369
f 1298 1370 1369
f 1298 1299 1370
f 1299 1371 1370
f 1299 1300 1371
f 1300 1372 1371
f 1300 1301 1372
f 1301 1373 1372
f 1301 1302 1373
f 1302 1374 1373
f 1302 1303 1374
f 1303 1375 1374
f 1303 1304 1375
f 1304 1376 1375
f 1304 1305 1376
f 1305 1377 1376
f 1305 1306 1377
f 1306 1378 1377
f 1306 1307 1378
f 1307 1379 1378
f 1307 1308 1379
f 1308 1380 1379
f 1308 1309 1380
f 1309 1381 1380
f 1309 1310 1381
f 1310 1382 1381
f 1310 1311 1382
f 1311 1383 1382
f 1311 1312 1383
f 1312 1384 1383
f 1312 1313 1384
f 1313 1385 1384
f 1313 1314 1385
f 1314 1386 1385
f 1314 1315 1386
f 1315 1387 1386
f 1315 1316 1387
f 1316 1388 1387
f 1316 1317 1388
f 1317 1389 1388
f 1317 1318 1389
f 1318 1390 1389
f 1318 1319 1390
f 1319 1391 1390
f 1319 1320 1391
f 1320 1392 1391
f 1320 1321 1392
f 1321 1393 1392
f 1321 1322 1393
f 1322 1394 1393
f 1322 1323 1394
f 1323 1395 1394
f 1323 1324 1395
f 1324 1396 1395
f 1324 1325 1396
f 1325 1397 1396
f 1325 1326 1397
f 1326 1398 1397
f 1326 1327 1398
f 1327 1399 1398
f 1327 1328 1399
f 1328 1400 1399
f 1328 1329 1400
f 1329 1401 1400
f 1329 1330 1401
f 1330 1402 1401
f 1330 1331 1402
f 1331 1403 1402
f 1331 1332 1403
f 1332 1404 1403
f 1332 1333 1404
f 1333 1405 1404
f 1333 1334 1405
f 1334 1406 1405
f 1334 1335 1406
f 1335 1407 1406
f 1335 1336 1407
f 1336 1408 1407
f 1336 1337 1408
f 1337 1409 1408
f 1337 1338 1409
f 1338 1410 1409
f 1338 1339 1410
f 1339 1411 1410
f 1339 1340 1411
f 1340 1412 1411
f 1340 1341 1412
f 1341 1413 1412
f 1341 1342 1413
f 1342 1414 1413
f 1342 1343 1414
f 1343 1415 1414
f 1343 1344 1415
f 1344 1416 1415
f 1344 1345 1416
f 1345 1417 1416
f 1345 1346 1417
f 1346 1418 1417
f 1346 1347 1418
f 1347 1419 1418
f 1347 1348 1419
f 1348 1420 1419
f 1348 1349 1420
f 1349 1421 1420
f 1349 1350 1421
f 1350 1422 1421
f 1350 1351 1422
f 1351 1423 1422
f 1351 1352 1423
f 1352 1424 1423
f 1352 1353 1424
f 1353 1425 1424
f 1353 1354 1425
f 1354 1426 1425
f 1354 1355 1426
f 1355 1427 1426
f 1355 1356 1427
f 1356 1428 1427
f 1356 1357 1428
f 1357 1429 1428
f 1357 1358 1429
f 1358 1430 1429
f 1358 1359 1430
f 1359 1431 1430
f 1359 1360 1431
f 1360 1432 1431
f 1360 1361 1432
f 1361 1433 1432
f 1361 1362 1433
f 1362 1434 1433
f 1362 1363 1434
f 1363 1435 1434
f 1363 1364 1435
f 1364 1436 1435
f 1364 1365 1436
f 1365 1437 1436
f 1365 1366 1437
f 1366 1438 1437
f 1366 1367 1438
f 1367 1439 1438
f 1367 1368 1439
f 1368 1440 1439
f 1368 1297 1440
f 1297 1369 1440
f 1369 1370 1441
f 1370 1442 1441
f 1370 1371 1442
f 1371 1443 1442
f 1371 1372 1443
f 1372 1444 1443
f 1372 1373 1444
f 1373 1445 1444
f 1373 1374 1445
f 1374 1446 1445
f 1374 1375 1446
f 1375 1447 1446
f 1375 1376 1447
f 1376 1448 1447
f 1376 1377 1448
f 1377 1449 1448
f 1377 1378 1449
f 1378 1450 1449
f 1378 1379 1450
f 1379 1451 1450
f 1379 1380 1451
f 1380 1452 1451
f 1380 1381 1452
f 1381 1453 1452
f 1381 1382 1453
f 1382 1454 1453
f 1382 1383 1454
f 1383 1455 1454
f 1383 1384 1455
f 1384 1456 1455
f 1384 1385 1456
f 1385 1457 1456
f 1385 1386 1457
f 1386 1458 1457
f 1386 1387 1458
f 1387 1459 1458
f 1387 1388 1459
f 1388 1460 1459
f 1388 1389 1460
f 1389 1461 1460
f 1389 1390 1461
f 1390 1462 1461
f 1390 1391 1462
f 1391 1463 1462
f 1391 1392 1463
f 1392 1464 1463
f 1392 1393 1464
f 1393 1465 1464
f 1393 1394 1465
f 1394 1466 1465
f 1394 1395 1466
f 1395 1467 1466
f 1395 1396 1467
f 1396 1468 1467
f 1396 1397 1468
f 1397 1469 1468
f 1397 1398 1469
f 1398 1470 1469
f 1398 1399 1470
f 1399 1471 1470
f 1399 1400 1471
f 1400 1472 1471
f 1400 1401 1472
f 1401 1473 1472
f 1401 1402 1473
f 1402 1474 1473
f 1402 1403 1474
f 1403 1475 1474
f 1403 1404 1475
f 1404 1476 1475
f 1404 1405 1476
f 1405 1477 1476
f 1405 1406 1477
f 1406 1478 1477
f 1406 1407 1478
f 1407 1479 1478
f 1407 1408 1479
f 1408 1480 1479
f 1408 1409 1480
f 1409 1481 1480
f 1409 1410 1481
f 1410 1482 1481
f 1410 1411 1482
f 1411 1483 1482
f 1411 1412 1483
f 1412 1484 1483
f 1412 1413 1484
f 1413 1485 1484
f 1413 1414 1485
f 1414 1486 1485
f 1414 1415 1486
f 1415 1487 1486
f 1415 1416 1487
f 1416 1488 1487
f 1416 1417 1488
f 1417 1489 1488
f 1417 1418 1489
f 1418 1490 1489
f 1418 1419 1490
f 1419 1491 1490
f 1419 1420 1491
f 1420 1492 1491
f 1420 1421 1492
f 1421 1493 1492
f 1421 1422 1493
f 1422 1494 1493
f 1422 1423 1494
f 1423 1495 1494
f 1423 1424 1495
f 1424 1496 1495
f 1424 1425 1496
f 1425 1497 1496
f 1425 1426 1497
f 1426 1498 1497
f 1426 1427 1498
f 1427 1499 1498
f 1427 1428 1499
f 1428 1500 1499
f 1428 1429 1500
f 1429 1501 1500
f 1429 1430 1501
f 1430 1502 1501
f 1430 1431 1502
f 1431 1503 1502
f 1431 1432 1503
f 1432 1504 1503
f 1432 1433 1504
f 1433 1505 1504
f 1433 1434 1505
f 1434 1506 1505
f 1434 1435 1506
f 1435 1507 1506
f 1435 1436 1507
f 1436 1508 1507
f 1436 1437 1508
f 1437 1509 1508
f 1437 1438 1509
f 1438 1510 1509
f 1438 1439 1510
f 1439 1511 1510
f 1439 1440 1511
f 1440 1512 1511
f 1440 1369 1512
f 1369 1441 1512
f 1441 1442 1513
f 1442 1514 1513
f 1442 1443 1514
f 1443 1515 1514
f 1443 1444 1515
f 1444 1516 1515
f 1444 1445 1516
f 1445 1517 1516
f 1445 1446 1517
f 1446 1518 1517
f 1446 1447 1518
f 1447 1519 1518
f 1447 1448 1519
f 1448 1520 1519
f 1448 1449 1520
f 1449 1521 1520
f 1449 1450 1521
f 1450 1522 1521
f 1450 1451 1522
f 1451 1523 1522
f 1451 1452 1523
f 1452 1524 1523
f 1452 1453 1524
f 1453 1525 1524
f 1453 1454 1525
f 1454 1526 1525
f 1454 1455 1526
f 1455 1527 1526
f 1455 1456 1527
f 1456 1528 1527
f 1456 1457 1528
f 1457 1529 1528
f 1457 1458 1529
f 1458 1530 1529
f 1458 1459 1530
f 1459 1531 1530
f 1459 1460 1531
f 1460 1532 1531
f 1460 1461 1532
f 1461 1533 1532
f 1461 1462 1533
f 1462 1534 1533
f 1462 1463 1534
f 1463 1535 1534
f 1463 1464 1535
f 1464 1536 1535
f 1464 1465 1536
f 1465 1537 1536
f 1465 1466 1537
f 1466 1538 1537
f 1466 1467 1538
f 1467 1539 1538
f 1467 1468 1539
f 1468 1540 1539
f 1468 1469 1540
f 1469 1541 1540
f 1469 1470 1541
f 1470 1542 1541
f 1470 1471 1542
f 1471 1543 1542
f 1471 1472 1543
f 1472 1544 1543
f 1472 1473 1544
f 1473 1545 1544
f 1473 1474 1545
f 1474 1546 1545
f 1474 1475 1546
f 1475 1547 1546
f 1475 1476 1547
f 1476 1548 1547
f 1476 1477 1548
f 1477 1549 1548
f 1477 1478 1549
f 1478 1550 1549
f 1478 1479 1550
f 1479 1551 1550
f 1479 1480 1551
f 1480 1552 1551
f 1480 1481 1552
f 1481 1553 1552
f 1481 1482 1553
f 1482 1554 1553
f 1482 1483 1554
f 1483 1555 1554
f 1483 1484 1555
f 1484 1556 1555
f 1484 1485 1556
f 1485 1557 1556
f 1485 1486 1557
f 1486 1558 1557
f 1486 1487 1558
f 1487 1559 1558
f 1487 1488 1559
f 1488 1560 1559
f 1488 1489 1560
f 1489 1561 1560
f 1489 1490 1561
f 1490 1562 1561
f 1490 1491 1562
f 1491 1563 1562
f 1491 1492 1563
f 1492 1564 1563
f 1492 1493 1564
f 1493 1565 1564
f 1493 1494 1565
f 1494 1566 1565
f 1494 1495 1566
f 1495 1567 1566
f 1495 1496 1567
f 1496 1568 1567
f 1496 1497 1568
f 1497 1569 1568
f 1497 1498 1569
f 1498 1570 1569
f 1498 1499 1570
f 1499 1571 1570
f 1499 1500 1571
f 1500 1572 1571
f 1500 1501 1572
f 1501 1573 1572
f 1501 1502 1573
f 1502 1574 1573
f 1502 1503 1574
f 1503 1575 1574
f 1503 1504 1575
f 1504 1576 1575
f 1504 1505 1576
f 1505 1577 1576
f 1505 1506 1577
f 1506 1578 1577
f 1506 1507 1578
f 1507 1579 1578
f 1507 1508 1579
f 1508 1580 1579
f 1508 1509 1580
f 1509 1581 1580
f 1509 1510 1581
f 1510 1582 1581
f 1510 1511 1582
f 1511 1583 1582
f 1511 1512 1583
f 1512 1584 1583
f 1512 1441 1584
f 1441 1513 1584
f 1513 1514 1585
f 1514 1586 1585
f 1514 1515 1586
f 1515 1587 1586
f 1515 1516 1587
f 1516 1588 1587
f 1516 1517 1588
f 1517 1589 1588
f 1517 1518 1589
f 1518 1590 1589
f 1518 1519 1590
f 1519 1591 1590
f 1519 1520 1591
f 1520 1592 1591
f 1520 1521 1592
f 1521 1593 1592
f 1521 1522 1593
f 1522 1594 1593
f 1522 1523 1594
f 1523 1595 1594
f 1523 1524 1595
f 1524 1596 1595
f 1524 1525 1596
f 1525 1597 1596
f 1525 1526 1597
f 1526 1598 1597
f 1526 1527 1598
f 1527 1599 1598
f 1527 1528 1599
f 1528 1600 1599
f 1528 1529 1600
f 1529 1601 1600
f 1529 1530 1601
f 1530 1602 1601
f 1530 1531 1602
f 1531 1603 1602
f 1531 1532 1603
f 1532 1604 1603
f 1532 1533 1604
f 1533 1605 1604
f 1533 1534 1605
f 1534 1606 1605
f 1534 1535 1606
f 1535 1607 1606
f 1535 1536 1607
f 1536 1608 1607
f 1536 1537 1608
f 1537 1609 1608
f 1537 1538 1609
f 1538 1610 1609
f 1538 1539 1610
f 1539 1611 1610
f 1539 1540 1611
f 1540 1612 1611
f 1540 1541 1612
f 1541 1613 1612
f 1541 1542 1613
f 1542 1614 1613
f 1542 1543 1614
f 1543 1615 1614
f 1543 1544 1615
f 1544 1616 1615
f 1544 1545 1616
f 1545 1617 1616
f 1545 1546 1617
f 1546 1618 1617
f 1546 1547 1618
f 1547 1619 1618
f 1547 1548 1619
f 1548 1620 1619
f 1548 1549 1620
f 1549 1621 1620
f 1549 1550 1621
f 1550 1622 1621
f 1550 1551 1622
f 1551 1623 1622
f 1551 1552 1623
f 1552 1624 1623
f 1552 1553 1624
f 1553 1625 1624
f 1553 1554 1625
f 1554 1626 1625
f 1554 1555 1626
f 1555 1627 1626
f 1555 1556 1627
f 1556 1628 1627
f 1556 1557 1628
f 1557 1629 1628
f 1557 1558 1629
f 1558 1630 1629
f 1558 1559 1630
f 1559 1631 1630
f 1559 1560 1631
f 1560 1632 1631
f 1560 1561 1632
f 1561 1633 1632
f 1561 1562 1633
f 1562 1634 1633
f 1562 1563 1634
f 1563 1635 1634
f 1563 1564 1635
f 1564 1636 1635
f 1564 1565 1636
f 1565 1637 1636
f 1565 1566 1637
f 1566 1638 1637
f 1566 1567 1638
f 1567 1639 1638
f 1567 1568 1639
f 1568 1640 1639
f 1568 1569 1640
f 1569 1641 1640
f 1569 1570 1641
f 1570 1642 1641
f 1570 1571 1642
f 1571 1643 1642
f 1571 1572 1643
f 1572 1644 1643
f 1572 1573 1644
f 1573 1645 1644
f 1573 1574 1645
f 1574 1646 1645
f 1574 1575 1646
f 1575 1647 1646
f 1575 1576 1647
f 1576 1648 1647
f 1576 1577 1648
f 1577 1649 1648
f 1577 1578 1649
f 1578 1650 1649
f 1578 1579 1650
f 1579 1651 1650
f 1579 1580 1651
f 1580 1652 1651
f 1580 1581 1652
f 1581 1653 1652
f 1581 1582 1653
f 1582 1654 1653
f 1582 1583 1654
f 1583 1655 1654
f 1583 1584 1655
f 1584 1656 1655
f 1584 1513 1656
f 1513 1585 1656
f 1585 1586 1657
f 1586 1658 1657
f 1586 1587 1658
f 1587 1659 1658
f 1587 1588 1659
f 1588 1660 1659
f 1588 1589 1660
f 1589 1661 1660
f 1589 1590 1661
f 1590 1662 1661
f 1590 1591 1662
f 1591 1663 1662
f 1591 1592 1663
f 1592 1664 1663
f 1592 1593 1664
f 1593 1665 1664
f 1593 1594 1665
f 1594 1666 1665
f 1594 1595 1666
f 1595 1667 1666
f 1595 1596 1667
f 1596 1668 1667
f 1596 1597 1668
f 1597 1669 1668
f 1597 1598 1669
f 1598 1670 1669
f 1598 1599 1670
f 1599 1671 1670
f 1599 1600 1671
f 1600 1672 1671
f 1600 1601 1672
f 1601 1673 1672
f 1601 1602 1673
f 1602 1674 1673
f 1602 1603 1674
f 1603 1675 1674
f 1603 1604 1675
f 1604 1676 1675
f 1604 1605 1676
f 1605 1677 1676
f 1605 1606 1677
f 1606 1678 1677
f 1606 1607 1678
f 1607 1679 1678
f 1607 1608 1679
f 1608 1680 1679
f 1608 1609 1680
f 1609 1681 1680
f 1609 1610 1681
f 1610 1682 1681
f 1610 1611 1682
f 1611 1683 1682
f 1611 1612 1683
f 1612 1684 1683
f 1612 1613 1684
f 1613 1685 1684
f 1613 1614 1685
f 1614 1686 1685
f 1614 1615 1686
f 1615 1687 1686
f 1615 1616 1687
f 1616 1688 1687
f 1616 1617 1688
f 1617 1689 1688
f 1617 1618 1689
f 1618 1690 1689
f 1618 1619 1690
f 1619 1691 1690
f 1619 1620 1691
f 1620 1692 1691
f 1620 1621 1692
f 1621 1693 1692
f 1621 1622 1693
f 1622 1694 1693
f 1622 1623 1694
f 1623 1695 1694
f 1623 1624 1695
f 1624 1696 1695
f 1624 1625 1696
f 1625 1697 1696
f 1625 1626 1697
f 1626 1698 1697
f 1626 1627 1698
f 1627 1699 1698
f 1627 1628 1699
f 1628 1700 1699
f 1628 1629 1700
f 1629 1701 1700
f 1629 1630 1701
f 1630 1702 1701
f 1630 1631 1702
f 1631 1703 1702
f 1631 1632 1703
f 1632 1704 1703
f 1632 1633 1704
f 1633 1705 1704
f 1633 1634 1705
f 1634 1706 1705
f 1634 1635 1706
f 1635 1707 1706
f 1635 1636 1707
f 1636 1708 1707
f 1636 1637 1708
f 1637 1709 1708
f 1637 1638 1709
f 1638 1710 1709
f 1638 1639 1710
f 1639 1711 1710
f 1639 1640 1711
f 1640 1712 1711
f 1640 1641 1712
f 1641 1713 1712
f 1641 1642 1713
f 1642 1714 1713
f 1642 1643 1714
f 1643 1715 1714
f 1643 1644 1715
f 1644 1716 1715
f 1644 1645 1716
f 1645 1717 1716
f 1645 1646 1717
f 1646 1718 1717
f 1646 1647 1718
f 1647 1719 1718
f 1647 1648 1719
f 1648 1720 1719
f 1648 1649 1720
f 1649 1721 1720
f 1649 1650 1721
f 1650 1722 1721
f 1650 1651 1722
f 1651 1723 1722
f 1651 1652 1723
f 1652 1724 1723
f 1652 1653 1724
f 1653 1725 1724
f 1653 1654 1725
f 1654 1726 1725
f 1654 1655 1726
f 1655 1727 1726
f 1655 1656 1727
f 1656 1728 1727
f 1656 1585 1728
f 1585 1657 1728
f 1657 1658 1729
f 1658 1730 1729
f 1658 1659 1730
f 1659 1731 1730
f 1659 1660 1731
f 1660 1732 1731
f 1660 1661 1732
f 1661 1733 1732
f 1661 1662 1733
f 1662 1734 1733
f 1662 1663 1734
f 1663 1735 1734
f 1663 1664 1735
f 1664 1736 1735
f 1664 1665 1736
f 1665 1737 1736
f 1665 1666 1737
f 1666 1738 1737
f 1666 1667 1738
f 1667 1739 1738
f 1667 1668 1739
f 1668 1740 1739
f 1668 1669 1740
f 1669 1741 1740
f 1669 1670 1741
f 1670 1742 1741
f 1670 1671 1742
f 1671 1743 1742
f 1671 1672 1743
f 1672 1744 1743
f 1672 1673 1744
f 1673 1745 1744
f 1673 1674 1745
f 1674 1746 1745
f 1674 1675 1746
f 1675 1747 1746
f 1675 1676 1747
f 1676 1748 1747
f 1676 1677 1748
f 1677 1749 1748
f 1677 1678 1749
f 1678 1750 1749
f 1678 1679 1750
f 1679 1751 1750
f 1679 1680 1751
f 1680 1752 1751
f 1680 1681 1752
f 1681 1753 1752
f 1681 1682 1753
f 1682 1754 1753
f 1682 1683 1754
f 1683 1755 1754
f 1683 1684 1755
f 1684 1756 1755
f 1684 1685 1756
f 1685 1757 1756
f 1685 1686 1757
f 1686 1758 1757
f 1686 1687 1758
f 1687 1759 1758
f 1687 1688 1759
f 1688 1760 1759
f 1688 1689 1760
f 1689 1761 1760
f 1689 1690 1761
f 1690 1762 1761
f 1690 1691 1762
f 1691 1763 1762
f 1691 1692 1763
f 1692 1764 1763
f 1692 1693 1764
f 1693 1765 1764
f 1693 1694 1765
f 1694 1766 1765
f 1694 1695 1766
f 1695 1767 1766
f 1695 1696 1767
f 1696 1768 1767
f 1696 1697 1768
f 1697 1769 1768
f 1697 1698 1769
f 1698 1770 1769
f 1698 1699 1770
f 1699 1771 1770
f 1699 1700 1771
f 1700 1772 1771
f 1700 1701 1772
f 1701 1773 1772
f 1701 1702 1773
f 1702 1774 1773
f 1702 1703 1774
f 1703 1775 1774
f 1703 1704 1775
f 1704 1776 1775
f 1704 1705 1776
f 1705 1777 1776
f 1705 1706 1777
f 1706 1778 1777
f 1706 1707 1778
f 1707 1779 1778
f 1707 1708 1779
f 1708 1780 1779
f 1708 1709 1780
f 1709 1781 1780
f 1709 1710 1781
f 1710 1782 1781
f 1710 1711 1782
f 1711 1783 1782
f 1711 1712 1783
f 1712 1784 1783
f 1712 1713 1784
f 1713 1785 1784
f 1713 1714 1785
f 1714 1786 1785
f 1714 1715 1786
f 1715 1787 1786
f 1715 1716 1787
f 1716 1788 1787
f 1716 1717 1788
f 1717 1789 1788
f 1717 1718 1789
f 1718 1790 1789
f 1718 1719 1790
f 1719 1791 1790
f 1719 1720 1791
f 1720 1792 1791
f 1720 1721 1792
f 1721 1793 1792
f 1721 1722 1793
f 1722 1794 1793
f 1722 1723 1794
f 1723 1795 1794
f 1723 1724 1795
f 1724 1796 1795
f 1724 1725 1796
f 1725 1797 1796
f 1725 1726 1797
f 1726 1798 1797
f 1726 1727 1798
f 1727 1799 1798
f 1727 1728 1799
f 1728 1800 1799
f 1728 1657 1800
f 1657 1729 1800
f 1729 1730 1801
f 1730 1802 1801
f 1730 1731 1802
f 1731 1803 1802
f 1731 1732 1803
f 1732 1804 1803
f 1732 1733 1804
f 1733 1805 1804
f 1733 1734 1805
f 1734 1806 1805
f 1734 1735 1806
f 1735 1807 1806
f 1735 1736 1807
f 1736 1808 1807
f 1736 1737 1808
f 1737 1809 1808
f 1737 1738 1809
f 1738 1810 1809
f 1738 1739 1810
f 1739 1811 1810
f 1739 1740 1811
f 1740 1812 1811
f 1740 1741 1812
f 1741 1813 1812
f 1741 1742 1813
f 1742 1814 1813
f 1742 1743 1814
f 1743 1815 1814
f 1743 1744 1815
f 1744 1816 1815
f 1744 1745 1816
f 1745 1817 1816
f 1745 1746 1817
f 1746 1818 1817
f 1746 1747 1818
f 1747 1819 1818
f 1747 1748 1819
f 1748 1820 1819
f 1748 1749 1820
f 1749 1821 1820
f 1749 1750 1821
f 1750 1822 1821
f 1750 1751 1822
f 1751 1823 1822
f 1751 1752 1823
f 1752 1824 1823
f 1752 1753 1824
f 1753 1825 1824
f 1753 1754 1825
f 1754 1826 1825
f 1754 1755 1826
f 1755 1827 1826
f 1755 1756 1827
f 1756 1828 1827
f 1756 1757 1828
f 1757 1829 1828
f 1757 1758 1829
f 1758 1830 1829
f 1758 1759 1830
f 1759 1831 1830
f 1759 1760 1831
f 1760 1832 1831
f 1760 1761 1832
f 1761 1833 1832
f 1761 1762 1833
f 1762 1834 1833
f 1762 1763 1834
f 1763 1835 1834
f 1763 1764 1835
f 1764 1836 1835
f 1764 1765 1836
f 1765 1837 1836
f 1765 1766 1837
f 1766 1838 1837
f 1766 1767 1838
f 1767 1839 1838
f 1767 1768 1839
f 1768 1840 1839
f 1768 1769 1840
f 1769 1841 1840
f 1769 1770 1841
f 1770 1842 1841
f 1770 1771 1842
f 1771 1843 1842
f 1771 1772 1843
f 1772 1844 1843
f 1772 1773 1844
f 1773 1845 1844
f 1773 1774 1845
f 1774 1846 1845
f 1774 1775 1846
f 1775 1847 1846
f 1775 1776 1847
f 1776 1848 1847
f 1776 1777 1848
f 1777 1849 1848
f 1777 1778 1849
f 1778 1850 1849
f 1778 1779 1850
f 1779 1851 1850
f 1779 1780 1851
f 1780 1852 1851
f 1780 1781 1852
f 1781 1853 1852
f 1781 1782 1853
f 1782 1854 1853
f 1782 1783 1854
f 1783 1855 1854
f 1783 1784 1855
f 1784 1856 1855
f 1784 1785 1856
f 1785 1857 1856
f 1785 1786 1857
f 1786 1858 1857
f 1786 1787 1858
f 1787 1859 1858
f 1787 1788 1859
f 1788 1860 1859
f 1788 1789 1860
f 1789 1861 1860
f 1789 1790 1861
f 1790 1862 1861
f 1790 1791 1862
f 1791 1863 1862
f 1791 1792 1863
f 1792 1864 1863
f 1792 1793 1864
f 1793 1865 1864
f 1793 1794 1865
f 1794 1866 1865
f 1794 1795 1866
f 1795 1867 1866
f 1795 1796 1867
f 1796 1868 1867
f 1796 1797 1868
f 1797 1869 1868
f 1797 1798 1869
f 1798 1870 1869
f 1798 1799 1870
f 1799 1871 1870
f 1799 1800 1871
f 1800 1872 1871
f 1800 1729 1872
f 1729 1801 1872
f 1801 1802 1873
f 1802 1874 1873
f 1802 1803 1874
f 1803 1875 1874
f 1803 1804 1875
f 1804 1876 1875
f 1804 1805 1876
f 1805 1877 1876
f 1805 1806 1877
f 1806 1878 1877
f 1806 1807 1878
f 1807 1879 1878
f 1807 1808 1879
f 1808 1880 1879
f 1808 1809 1880
f 1809 1881 1880
f 1809 1810 1881
f 1810 1882 1881
f 1810 1811 1882
f 1811 1883 1882
f 1811 1812 1883
f 1812 1884 1883
f 1812 1813 1884
f 1813 1885 1884
f 1813 1814 1885
f 1814 1886 1885
f 1814 1815 1886
f 1815 1887 1886
f 1815 1816 1887
f 1816 1888 1887
f 1816 1817 1888
f 1817 1889 1888
f 1817 1818 1889
f 1818 1890 1889
f 1818 1819 1890
f 1819 1891 1890
f 1819 1820 1891
f 1820 1892 1891
f 1820 1821 1892
f 1821 1893 1892
f 1821 1822 1893
f 1822 1894 1893
f 1822 1823 1894
f 1823 1895 1894
f 1823 1824 1895
f 1824 1896 1895
f 1824 1825 1896
f 1825 1897 1896
f 1825 1826 1897
f 1826 1898 1897
f 1826 1827 1898
f 1827 1899 1898
f 1827 1828 1899
f 1828 1900 1899
f 1828 1829 1900
f 1829 1901 1900
f 1829 1830 1901
f 1830 1902 1901
f 1830 1831 1902
f 1831 1903 1902
f 1831 1832 1903
f 1832 1904 1903
f 1832 1833 1904
f 1833 1905 1904
f 1833 1834 1905
f 1834 1906 1905
f 1834 1835 1906
f 1835 1907 1906
f 1835 1836 1907
f 1836 1908 1907
f 1836 1837 1908
f 1837 1909 1908
f 1837 1838 1909
f 1838 1910 1909
f 1838 1839 1910
f 1839 1911 1910
f 1839 1840 1911
f 1840 1912 1911
f 1840 1841 1912
f 1841 1913 1912
f 1841 1842 1913
f 1842 1914 1913
f 1842 1843 1914
f 1843 1915 1914
f 1843 1844 1915
f 1844 1916 1915
f 1844 1845 1916
f 1845 1917 1916
f 1845 1846 1917
f 1846 1918 1917
f 1846 1847 1918
f 1847 1919 1918
f 1847 1848 1919
f 1848 1920 1919
f 1848 1849 1920
f 1849 1921 1920
f 1849 1850 1921
f 1850 1922 1921
f 1850 1851 1922
f 1851 1923 1922
f 1851 1852 1923
f 1852 1924 1923
f 1852 1853 1924
f 1853 1925 1924
f 1853 1854 1925
f 1854 1926 1925
f 1854 1855 1926
f 1855 1927 1926
f 1855 1856 1927
f 1856 1928 1927
f 1856 1857 1928
f 1857 1929 1928
f 1857 1858 1929
f 1858 1930 1929
f 1858 1859 1930
f 1859 1931 1930
f 1859 1860 1931
f 1860 1932 1931
f 1860 1861 1932
f 1861 1933 1932
f 1861 1862 1933
f 1862 1934 1933
f 1862 1863 1934
f 1863 1935 1934
f 1863 1864 1935
f 1864 1936 1935
f 1864 1865 1936
f 1865 1937 1936
f 1865 1866 1937
f 1866 1938 1937
f 1866 1867 1938
f 1867 1939 1938
f 1867 1868 1939
f 1868 1940 1939
f 1868 1869 1940
f 1869 1941 1940
f 1869 1870 1941
f 1870 1942 1941
f 1870 1871 1942
f 1871 1943 1942
f 1871 1872 1943
f 1872 1944 1943
f 1872 1801 1944
f 1801 1873 1944
f 1873 1874 1945
f 1874 1946 1945
f 1874 1875 1946
f 1875 1947 1946
f 1875 1876 1947
f 1876 1948 1947
f 1876 1877 1948
f 1877 1949 1948
f 1877 1878 1949
f 1878 1950 1949
f 1878 1879 1950
f 1879 1951 1950
f 1879 1880 1951
f 1880 1952 1951
f 1880 1881 1952
f 1881 1953 1952
f 1881 1882 1953
f 1882 1954 1953
f 1882 1883 1954
f 1883 1955 1954
f 1883 1884 1955
f 1884 1956 1955
f 1884 1885 1956
f 1885 1957 1956
f 1885 1886 1957
f 1886 1958 1957
f 1886 1887 1958
f 1887 1959 1958
f 1887 1888 1959
f 1888 1960 1959
f 1888 1889 1960
f 1889 1961 1960
f 1889 1890 1961
f 1890 1962 1961
f 1890 1891 1962
f 1891 1963 1962
f 1891 1892 1963
f 1892 1964 1963
f 1892 1893 1964
f 1893 1965 1964
f 1893 1894 1965
f 1894 1966 1965
f 1894 1895 1966
f 1895 1967 1966
f 1895 1896 1967
f 1896 1968 1967
f 1896 1897 1968
f 1897 1969 1968
f 1897 1898 1969
f 1898 1970 1969
f 1898 1899 1970
f 1899 1971 1970
f 1899 1900 1971
f 1900 1972 1971
f 1900 1901 1972
f 1901 1973 1972
f 1901 1902 1973
f 1902 1974 1973
f 1902 1903 1974
f 1903 1975 1974
f 1903 1904 1975
f 1904 1976 1975
f 1904 1905 1976
f 1905 1977 1976
f 1905 1906 1977
f 1906 1978 1977
f 1906 1907 1978
f 1907 1979 1978
f 1907 1908 1979
f 1908 1980 1979
f 1908 1909 1980
f 1909 1981 1980
f 1909 1910 1981
f 1910 1982 1981
f 1910 1911 1982
f 1911 1983 1982
f 1911 1912 1983
f 1912 1984 1983
f 1912 1913 1984
f 1913 1985 1984
f 1913 1914 1985
f 1914 1986 1985
f 1914 1915 1986
f 1915 1987 1986
f 1915 1916 1987
f 1916 1988 1987
f 1916 1917 1988
f 1917 1989 1988
f 1917 1918 1989
f 1918 1990 1989
f 1918 1919 1990
f 1919 1991 1990
f 1919 1920 1991
f 1920 1992 1991
f 1920 1921 1992
f 1921 1993 1992
f 1921 1922 1993
f 1922 1994 1993
f 1922 1923 1994
f 1923 1995 1994
f 1923 1924 1995
f 1924 1996 1995
f 1924 1925 1996
f 1925 1997 1996
f 1925 1926 1997
f 1926 1998 1997
f 1926 1927 1998
f 1927 1999 1998
f 1927 1928 1999
f 1928 2000 1999
f 1928 1929 2000
f 1929 2001 2000
f 1929 1930 2001
f 1930 2002 2001
f 1930 1931 2002
f 1931 2003 2002
f 1931 1932 2003
f 1932 2004 2003
f 1932 1933 2004
f 1933 2005 2004
f 1933 1934 2005
f 1934 2006 2005
f 1934 1935 2006
f 1935 2007 2006
f 1935 1936 2007
f 1936 2008 2007
f 1936 1937 2008
f 1937 2009 2008
f 1937 1938 2009
f 1938 2010 2009
f 1938 1939 2010
f 1939 2011 2010
f 1939 1940 2011
f 1940 2012 2011
f 1940 1941 2012
f 1941 2013 2012
f 1941 1942 2013
f 1942 2014 2013
f 1942 1943 2014
f 1943 2015 2014
f 1943 1944 2015
f 1944 2016 2015
f 1944 1873 2016
f 1873 1945 2016
f 1945 1946 2017
f 1946 2018 2017
f 1946 1947 2018
f 1947 2019 2018
f 1947 1948 2019
f 1948 2020 2019
f 1948 1949 2020
f 1949 2021 2020
f 1949 1950 2021
f 1950 2022 2021
f 1950 1951 2022
f 1951 2023 2022
f 1951 1952 2023
f 1952 2024 2023
f 1952 1953 2024
f 1953 2025 2024
f 1953 1954 2025
f 1954 2026 2025
f 1954 1955 2026
f 1955 2027 2026
f 1955 1956 2027
f 1956 2028 2027
f 1956 1957 2028
f 1957 2029 2028
f 1957 1958 2029
f 1958 2030 2029
f 1958 1959 2030
f 1959 2031 2030
f 1959 1960 2031
f 1960 2032 2031
f 1960 1961 2032
f 1961 2033 2032
f 1961 1962 2033
f 1962 2034 2033
f 1962 1963 2034
f 1963 2035 2034
f 1963 1964 2035
f 1964 2036 2035
f 1964 1965 2036
f 1965 2037 2036
f 1965 1966 2037
f 1966 2038 2037
f 1966 1967 2038
f 1967 2039 2038
f 1967 1968 2039
f 1968 2040 2039
f 1968 1969 2040
f 1969 2041 2040
f 1969 1970 2041
f 1970 2042 2041
f 1970 1971 2042
f 1971 2043 2042
f 1971 1972 2043
f 1972 2044 2043
f 1972 1973 2044
f 1973 2045 2044
f 1973 1974 2045
f 1974 2046 2045
f 1974 1975 2046
f 1975 2047 2046
f 1975 1976 2047
f 1976 2048 2047
f 1976 1977 2048
f 1977 2049 2048
f 1977 1978 2049
f 1978 2050 2049
f 1978 1979 2050
f 1979 2051 2050
f 1979 1980 2051
f 1980 2052 2051
f 1980 1981 2052
f 1981 2053 2052
f 1981 1982 2053
f 1982 2054 2053
f 1982 1983 2054
f 1983 2055 2054
f 1983 1984 2055
f 1984 2056 2055
f 1984 1985 2056
f 1985 2057 2056
f 1985 1986 2057
f 1986 2058 2057
f 1986 1987 2058
f 1987 2059 2058
f 1987 1988 2059
f 1988 2060 2059
f 1988 1989 2060
f 1989 2061 2060
f 1989 1990 2061
f 1990 2062 2061
f 1990 1991 2062
f 1991 2063 2062
f 1991 1992 2063
f 1992 2064 2063
f 1992 1993 2064
f 1993 2065 2064
f 1993 1994 2065
f 1994 2066 2065
f 1994 1995 2066
f 1995 2067 2066
f 1995 1996 2067
f 1996 2068 2067
f 1996 1997 2068
f 1997 2069 2068
f 1997 1998 2069
f 1998 2070 2069
f 1998 1999 2070
f 1999 2071 2070
f 1999 2000 2071
f 2000 2072 2071
f 2000 2001 2072
f 2001 2073 2072
f 2001 2002 2073
f 2002 2074 2073
f 2002 2003 2074
f 2003 2075 2074
f 2003 2004 2075
f 2004 2076 2075
f 2004 2005 2076
f 2005 2077 2076
f 2005 2006 2077
f 2006 2078 2077
f 2006 2007 2078
f 2007 2079 2078
f 2007 2008 2079
f 2008 2080 2079
f 2008 2009 2080
f 2009 2081 2080
f 2009 2010 2081
f 2010 2082 2081
f 2010 2011 2082
f 2011 2083 2082
f 2011 2012 2083
f 2012 2084 2083
f 2012 2013 2084
f 2013 2085 2084
f 2013 2014 2085
f 2014 2086 2085
f 2014 2015 2086
f 2015 2087 2086
f 2015 2016 2087
f 2016 2088 2087
f 2016 1945 2088
f 1945 2017 2088
f 2017 2018 2089
f 2018 2090 2089
f 2018 2019 2090
f 2019 2091 2090
f 2019 2020 2091
f 2020 2092 2091
f 2020 2021 2092
f 2021 2093 2092
f 2021 2022 2093
f 2022 2094 2093
f 2022 2023 2094
f 2023 2095 2094
f 2023 2024 2095
f 2024 2096 2095
f 2024 2025 2096
f 2025 2097 2096
f 2025 2026 2097
f 2026 2098 2097
f 2026 2027 2098
f 2027 2099 2098
f 2027 2028 2099
f 2028 2100 2099
f 2028 2029 2100
f 2029 2101 2100
f 2029 2030 2101
f 2030 2102 2101
f 2030 2031 2102
f 2031 2103 2102
f 2031 2032 2103
f 2032 2104 2103
f 2032 2033 2104
f 2033 2105 2104
f 2033 2034 2105
f 2034 2106 2105
f 2034 2035 2106
f 2035 2107 2106
f 2035 2036 2107
f 2036 2108 2107
f 2036 2037 2108
f 2037 2109 2108
f 2037 2038 2109
f 2038 2110 2109
f 2038 2039 2110
f 2039 2111 2110
f 2039 2040 2111
f 2040 2112 2111
f 2040 2041 2112
f 2041 2113 2112
f 2041 2042 2113
f 2042 2114 2113
f 2042 2043 2114
f 2043 2115 2114
f 2043 2044 2115
f 2044 2116 2115
f 2044 2045 2116
f 2045 2117 2116
f 2045 2046 2117
f 2046 2118 2117
f 2046 2047 2118
f 2047 2119 2118
f 2047 2048 2119
f 2048 2120 2119
f 2048 2049 2120
f 2049 2121 2120
f 2049 2050 2121
f 2050 2122 2121
f 2050 2051 2122
f 2051 2123 2122
f 2051 2052 2123
f 2052 2124 2123
f 2052 2053 2124
f 2053 2125 2124
f 2053 2054 2125
f 2054 2126 2125
f 2054 2055 2126
f 2055 2127 2126
f 2055 2056 2127
f 2056 2128 2127
f 2056 2057 2128
f 2057 2129 2128
f 2057 2058 2129
f 2058 2130 2129
f 2058 2059 2130
f 2059 2131 2130
f 2059 2060 2131
f 2060 2132 2131
f 2060 2061 2132
f 2061 2133 2132
f 2061 2062 2133
f 2062 2134 2133
f 2062 2063 2134
f 2063 2135 2134
f 2063 2064 2135
f 2064 2136 2135
f 2064 2065 2136
f 2065 2137 2136
f 2065 2066 2137
f 2066 2138 2137
f 2066 2067 2138
f 2067 2139 2138
f 2067 2068 2139
f 2068 2140 2139
f 2068 2069 2140
f 2069 2141 2140
f 2069 2070 2141
f 2070 2142 2141
f 2070 2071 2142
f 2071 2143 2142
f 2071 2072 2143
f 2072 2144 2143
f 2072 2073 2144
f 2073 2145 2144
f 2073 2074 2145
f 2074 2146 2145
f 2074 2075 2146
f 2075 2147 2146
f 2075 2076 2147
f 2076 2148 2147
f 2076 2077 2148
f 2077 2149 2148
f 2077 2078 2149
f 2078 2150 2149
f 2078 2079 2150
f 2079 2151 2150
f 2079 2080 2151
f 2080 2152 2151
f 2080 2081 2152
f 2081 2153 2152
f 2081 2082 2153
f 2082 2154 2153
f 2082 2083 2154
f 2083 2155 2154
f 2083 2084 2155
f 2084 2156 2155
f 2084 2085 2156
f 2085 2157 2156
f 2085 2086 2157
f 2086 2158 2157
f 2086 2087 2158
f 2087 2159 2158
f 2087 2088 2159
f 2088 2160 2159
f 2088 2017 2160
f 2017 2089 2160
f 2089 2090 2161
f 2090 2162 2161
f 2090 2091 2162
f 2091 2163 2162
f 2091 2092 2163
f 2092 2164 2163
f 2092 2093 2164
f 2093 2165 2164
f 2093 2094 2165
f 2094 2166 2165
f 2094 2095 2166
f 2095 2167 2166
f 2095 2096 2167
f 2096 2168 2167
f 2096 2097 2168
f 2097 2169 2168
f 2097 2098 2169
f 2098 2170 2169
f 2098 2099 2170
f 2099 2171 2170
f 2099 2100 2171
f 2100 2172 2171
f 2100 2101 2172
f 2101 2173 2172
f 2101 2102 2173
f 2102 2174 2173
f 2102 2103 2174
f 2103 2175 2174
f 2103 2104 2175
f 2104 2176 2175
f 2104 2105 2176
f 2105 2177 2176
f 2105 2106 2177
f 2106 2178 2177
f 2106 2107 2178
f 2107 2179 2178
f 2107 2108 2179
f 2108 2180 2179
f 2108 2109 2180
f 2109 2181 2180
f 2109 2110 2181
f 2110 2182 2181
f 2110 2111 2182
f 2111 2183 2182
f 2111 2112 2183
f 2112 2184 2183
f 2112 2113 2184
f 2113 2185 2184
f 2113 2114 2185
f 2114 2186 2185
f 2114 2115 2186
f 2115 2187 2186
f 2115 2116 2187
f 2116 2188 2187
f 2116 2117 2188
f 2117 2189 2188
f 2117 2118 2189
f 2118 2190 2189
f 2118 2119 2190
f 2119 2191 2190
f 2119 2120 2191
f 2120 2192 2191
f 2120 2121 2192
f 2121 2193 2192
f 2121 2122 2193
f 2122 2194 2193
f 2122 2123 2194
f 2123 2195 2194
f 2123 2124 2195
f 2124 2196 2195
f 2124 2125 2196
f 2125 2197 2196
f 2125 2126 2197
f 2126 2198 2197
f 2126 2127 2198
f 2127 2199 2198
f 2127 2128 2199
f 2128 2200 2199
f 2128 2129 2200
f 2129 2201 2200
f 2129 2130 2201
f 2130 2202 2201
f 2130 2131 2202
f 2131 2203 2202
f 2131 2132 2203
f 2132 2204 2203
f 2132 2133 2204
f 2133 2205 2204
f 2133 2134 2205
f 2134 2206 2205
f 2134 2135 2206
f 2135 2207 2206
f 2135 2136 2207
f 2136 2208 2207
f 2136 2137 2208
f 2137 2209 2208
f 2137 2138 2209
f 2138 2210 2209
f 2138 2139 2210
f 2139 2211 2210
f 2139 2140 2211
f 2140 2212 2211
f 2140 2141 2212
f 2141 2213 2212
f 2141 2142 2213
f 2142 2214 2213
f 2142 2143 2214
f 2143 2215 2214
f 2143 2144 2215
f 2144 2216 2215
f 2144 2145 2216
f 2145 2217 2216
f 2145 2146 2217
f 2146 2218 2217
f 2146 2147 2218
f 2147 2219 2218
f 2147 2148 2219
f 2148 2220 2219
f 2148 2149 2220
f 2149 2221 2220
f 2149 2150 2221
f 2150 2222 2221
f 2150 2151 2222
f 2151 2223 2222
f 2151 2152 2223
f 2152 2224 2223
f 2152 2153 2224
f 2153 2225 2224
f 2153 2154 2225
f 2154 2226 2225
f 2154 2155 2226
f 2155 2227 2226
f 2155 2156 2227
f 2156 2228 2227
f 2156 2157 2228
f 2157 2229 2228
f 2157 2158 2229
f 2158 2230 2229
f 2158 2159 2230
f 2159 2231 2230
f 2159 2160 2231
f 2160 2232 2231
f 2160 2089 2232
f 2089 2161 2232
f 2161 2162 2233
f 2162 2234 2233
f 2162 2163 2234
f 2163 2235 2234
f 2163 2164 2235
f 2164 2236 2235
f 2164 2165 2236
f 2165 2237 2236
f 2165 2166 2237
f 2166 2238 2237
f 2166 2167 2238
f 2167 2239 2238
f 2167 2168 2239
f 2168 2240 2239
f 2168 2169 2240
f 2169 2241 2240
f 2169 2170 2241
f 2170 2242 2241
f 2170 2171 2242
f 2171 2243 2242
f 2171 2172 2243
f 2172 2244 2243
f 2172 2173 2244
f 2173 2245 2244
f 2173 2174 2245
f 2174 2246 2245
f 2174 2175 2246
f 2175 2247 2246
f 2175 2176 2247
f 2176 2248 2247
f 2176 2177 2248
f 2177 2249 2248
f 2177 2178 2249
f 2178 2250 2249
f 2178 2179 2250
f 2179 2251 2250
f 2179 2180 2251
f 2180 2252 2251
f 2180 2181 2252
f 2181 2253 2252
f 2181 2182 2253
f 2182 2254 2253
f 2182 2183 2254
f 2183 2255 2254
f 2183 2184 2255
f 2184 2256 2255
f 2184 2185 2256
f 2185 2257 2256
f 2185 2186 2257
f 2186 2258 2257
f 2186 2187 2258
f 2187 2259 2258
f 2187 2188 2259
f 2188 2260 2259
f 2188 2189 2260
f 2189 2261 2260
f 2189 2190 2261
f 2190 2262 2261
f 2190 2191 2262
f 2191 2263 2262
f 2191 2192 2263
f 2192 2264 2263
f 2192 2193 2264
f 2193 2265 2264
f 2193 2194 2265
f 2194 2266 2265
f 2194 2195 2266
f 2195 2267 2266
f 2195 2196 2267
f 2196 2268 2267
f 2196 2197 2268
f 2197 2269 2268
f 2197 2198 2269
f 2198 2270 2269
f 2198 2199 2270
f 2199 2271 2270
f 2199 2200 2271
f 2200 2272 2271
f 2200 2201 2272
f 2201 2273 2272
f 2201 2202 2273
f 2202 2274 2273
f 2202 2203 2274
f 2203 2275 2274
f 2203 2204 2275
f 2204 2276 2275
f 2204 2205 2276
f 2205 2277 2276
f 2205 2206 2277
f 2206 2278 2277
f 2206 2207 2278
f 2207 2279 2278
f 2207 2208 2279
f 2208 2280 2279
f 2208 2209 2280
f 2209 2281 2280
f 2209 2210 2281
f 2210 2282 2281
f 2210 2211 2282
f 2211 2283 2282
f 2211 2212 2283
f 2212 2284 2283
f 2212 2213 2284
f 2213 2285 2284
f 2213 2214 2285
f 2214 2286 2285
f 2214 2215 2286
f 2215 2287 2286
f 2215 2216 2287
f 2216 2288 2287
f 2216 2217 2288
f 2217 2289 2288
f 2217 2218 2289
f 2218 2290 2289
f 2218 2219 2290
f 2219 2291 2290
f 2219 2220 2291
f 2220 2292 2291
f 2220 2221 2292
f 2221 2293 2292
f 2221 2222 2293
f 2222 2294 2293
f 2222 2223 2294
f 2223 2295 2294
f 2223 2224 2295
f 2224 2296 2295
f 2224 2225 2296
f 2225 2297 2296
f 2225 2226 2297
f 2226 2298 2297
f 2226 2227 2298
f 2227 2299 2298
f 2227 2228 2299
f 2228 2300 2299
f 2228 2229 2300
f 2229 2301 2300
f 2229 2230 2301
f 2230 2302 2301
f 2230 2231 2302
f 2231 2303 2302
f 2231 2232 2303
f 2232 2304 2303
f 2232 2161 2304
f 2161 2233 2304
f 2233 2234 2305
f 2234 2306 2305
f 2234 2235 2306
f 2235 2307 2306
f 2235 2236 2307
f 2236 2308 2307
f 2236 2237 2308
f 2237 2309 2308
f 2237 2238 2309
f 2238 2310 2309
f 2238 2239 2310
f 2239 2311 2310
f 2239 2240 2311
f 2240 2312 2311
f 2240 2241 2312
f 2241 2313 2312
f 2241 2242 2313
f 2242 2314 2313
f 2242 2243 2314
f 2243 2315 2314
f 2243 2244 2315
f 2244 2316 2315
f 2244 2245 2316
f 2245 2317 2316
f 2245 2246 2317
f 2246 2318 2317
f 2246 2247 2318
f 2247 2319 2318
f 2247 2248 2319
f 2248 2320 2319
f 2248 2249 2320
f 2249 2321 2320
f 2249 2250 2321
f 2250 2322 2321
f 2250 2251 2322
f 2251 2323 2322
f 2251 2252 2323
f 2252 2324 2323
f 2252 2253 2324
f 2253 2325 2324
f 2253 2254 2325
f 2254 2326 2325
f 2254 2255 2326
f 2255 2327 2326
f 2255 2256 2327
f 2256 2328 2327
f 2256 2257 2328
f 2257 2329 2328
f 2257 2258 2329
f 2258 2330 2329
f 2258 2259 2330
f 2259 2331 2330
f 2259 2260 2331
f 2260 2332 2331
f 2260 2261 2332
f 2261 2333 2332
f 2261 2262 2333
f 2262 2334 2333
f 2262 2263 2334
f 2263 2335 2334
f 2263 2264 2335
f 2264 2336 2335
f 2264 2265 2336
f 2265 2337 2336
f 2265 2266 2337
f 2266 2338 2337
f 2266 2267 2338
f 2267 2339 2338
f 2267 2268 2339
f 2268 2340 2339
f 2268 2269 2340
f 2269 2341 2340
f 2269 2270 2341
f 2270 2342 2341
f 2270 2271 2342
f 2271 2343 2342
f 2271 2272 2343
f 2272 2344 2343
f 2272 2273 2344
f 2273 2345 2344
f 2273 2274 2345
f 2274 2346 2345
f 2274 2275 2346
f 2275 2347 2346
f 2275 2276 2347
f 2276 2348 2347
f 2276 2277 2348
f 2277 2349 2348
f 2277 2278 2349
f 2278 2350 2349
f 2278 2279 2350
f 2279 2351 2350
f 2279 2280 2351
f 2280 2352 2351
f 2280 2281 2352
f 2281 2353 2352
f 2281 2282 2353
f 2282 2354 2353
f 2282 2283 2354
f 2283 2355 2354
f 2283 2284 2355
f 2284 2356 2355
f 2284 2285 2356
f 2285 2357 2356
f 2285 2286 2357
f 2286 2358 2357
f 2286 2287 2358
f 2287 2359 2358
f 2287 2288 2359
f 2288 2360 2359
f 2288 2289 2360
f 2289 2361 2360
f 2289 2290 2361
f 2290 2362 2361
f 2290 2291 2362
f 2291 2363 2362
f 2291 2292 2363
f 2292 2364 2363
f 2292 2293 2364
f 2293 2365 2364
f 2293 2294 2365
f 2294 2366 2365
f 2294 2295 2366
f 2295 2367 2366
f 2295 2296 2367
f 2296 2368 2367
f 2296 2297 2368
f 2297 2369 2368
f 2297 2298 2369
f 2298 2370 2369
f 2298 2299 2370
f 2299 2371 2370
f 2299 2300 2371
f 2300 2372 2371
f 2300 2301 2372
f 2301 2373 2372
f 2301 2302 2373
f 2302 2374 2373
f 2302 2303 2374
f 2303 2375 2374
f 2303 2304 2375
f 2304 2376 2375
f 2304 2233 2376
f 2233 2305 2376
f 2305 2306 2377
f 2306 2378 2377
f 2306 2307 2378
f 2307 2379 2378
f 2307 2308 2379
f 2308 2380 2379
f 2308 2309 2380
f 2309 2381 2380
f 2309 2310 2381
f 2310 2382 2381
f 2310 2311 2382
f 2311 2383 2382
f 2311 2312 2383
f 2312 2384 2383
f 2312 2313 2384
f 2313 2385 2384
f 2313 2314 2385
f 2314 2386 2385
f 2314 2315 2386
f 2315 2387 2386
f 2315 2316 2387
f 2316 2388 2387
f 2316 2317 2388
f 2317 2389 2388
f 2317 2318 2389
f 2318 2390 2389
f 2318 2319 2390
f 2319 2391 2390
f 2319 2320 2391
f 2320 2392 2391
f 2320 2321 2392
f 2321 2393 2392
f 2321 2322 2393
f 2322 2394 2393
f 2322 2323 2394
f 2323 2395 2394
f 2323 2324 2395
f 2324 2396 2395
f 2324 2325 2396
f 2325 2397 2396
f 2325 2326 2397
f 2326 2398 2397
f 2326 2327 2398
f 2327 2399 2398
f 2327 2328 2399
f 2328 2400 2399
f 2328 2329 2400
f 2329 2401 2400
f 2329 2330 2401
f 2330 2402 2401
f 2330 2331 2402
f 2331 2403 2402
f 2331 2332 2403
f 2332 2404 2403
f 2332 2333 2404
f 2333 2405 2404
f 2333 2334 2405
f 2334 2406 2405
f 2334 2335 2406
f 2335 2407 2406
f 2335 2336 2407
f 2336 2408 2407
f 2336 2337 2408
f 2337 2409 2408
f 2337 2338 2409
f 2338 2410 2409
f 2338 2339 2410
f 2339 2411 2410
f 2339 2340 2411
f 2340 2412 2411
f 2340 2341 2412
f 2341 2413 2412
f 2341 2342 2413
f 2342 2414 2413
f 2342 2343 2414
f 2343 2415 2414
f 2343 2344 2415
f 2344 2416 2415
f 2344 2345 2416
f 2345 2417 2416
f 2345 2346 2417
f 2346 2418 2417
f 2346 2347 2418
f 2347 2419 2418
f 2347 2348 2419
f 2348 2420 2419
f 2348 2349 2420
f 2349 2421 2420
f 2349 2350 2421
f 2350 2422 2421
f 2350 2351 2422
f 2351 2423 2422
f 2351 2352 2423
f 2352 2424 2423
f 2352 2353 2424
f 2353 2425 2424
f 2353 2354 2425
f 2354 2426 2425
f 2354 2355 2426
f 2355 2427 2426
f 2355 2356 2427
f 2356 2428 2427
f 2356 2357 2428
f 2357 2429 2428
f 2357 2358 2429
f 2358 2430 2429
f 2358 2359 2430
f 2359 2431 2430
f 2359 2360 2431
f 2360 2432 2431
f 2360 2361 2432
f 2361 2433 2432
f 2361 2362 2433
f 2362 2434 2433
f 2362 2363 2434
f 2363 2435 2434
f 2363 2364 2435
f 2364 2436 2435
f 2364 2365 2436
f 2365 2437 2436
f 2365 2366 2437
f 2366 2438 2437
f 2366 2367 2438
f 2367 2439 2438
f 2367 2368 2439
f 2368 2440 2439
f 2368 2369 2440
f 2369 2441 2440
f 2369 2370 2441
f 2370 2442 2441
f 2370 2371 2442
f 2371 2443 2442
f 2371 2372 2443
f 2372 2444 2443
f 2372 2373 2444
f 2373 2445 2444
f 2373 2374 2445
f 2374 2446 2445
f 2374 2375 2446
f 2375 2447 2446
f 2375 2376 2447
f 2376 2448 2447
f 2376 2305 2448
f 2305 2377 2448
f 2377 2378 2449
f 2378 2450 2449
f 2378 2379 2450
f 2379 2451 2450
f 2379 2380 2451
f 2380 2452 2451
f 2380 2381 2452
f 2381 2453 2452
f 2381 2382 2453
f 2382 2454 2453
f 2382 2383 2454
f 2383 2455 2454
f 2383 2384 2455
f 2384 2456 2455
f 2384 2385 2456
f 2385 2457 2456
f 2385 2386 2457
f 2386 2458 2457
f 2386 2387 2458
f 2387 2459 2458
f 2387 2388 2459
f 2388 2460 2459
f 2388 2389 2460
f 2389 2461 2460
f 2389 2390 2461
f 2390 2462 2461
f 2390 2391 2462
f 2391 2463 2462
f 2391 2392 2463
f 2392 2464 2463
f 2392 2393 2464
f 2393 2465 2464
f 2393 2394 2465
f 2394 2466 2465
f 2394 2395 2466
f 2395 2467 2466
f 2395 2396 2467
f 2396 2468 2467
f 2396 2397 2468
f 2397 2469 2468
f 2397 2398 2469
f 2398 2470 2469
f 2398 2399 2470
f 2399 2471 2470
f 2399 2400 2471
f 2400 2472 2471
f 2400 2401 2472
f 2401 2473 2472
f 2401 2402 2473
f 2402 2474 2473
f 2402 2403 2474
f 2403 2475 2474
f 2403 2404 2475
f 2404 2476 2475
f 2404 2405 2476
f 2405 2477 2476
f 2405 2406 2477
f 2406 2478 2477
f 2406 2407 2478
f 2407 2479 2478
f 2407 2408 2479
f 2408 2480 2479
f 2408 2409 2480
f 2409 2481 2480
f 2409 2410 2481
f 2410 2482 2481
f 2410 2411 2482
f 2411 2483 2482
f 2411 2412 2483
f 2412 2484 2483
f 2412 2413 2484
f 2413 2485 2484
f 2413 2414 2485
f 2414 2486 2485
f 2414 2415 2486
f 2415 2487 2486
f 2415 2416 2487
f 2416 2488 2487
f 2416 2417 2488
f 2417 2489 2488
f 2417 2418 2489
f 2418 2490 2489
f 2418 2419 2490
f 2419 2491 2490
f 2419 2420 2491
f 2420 2492 2491
f 2420 2421 2492
f 2421 2493 2492
f 2421 2422 2493
f 2422 2494 2493
f 2422 2423 2494
f 2423 2495 2494
f 2423 2424 2495
f 2424 2496 2495
f 2424 2425 2496
f 2425 2497 2496
f 2425 2426 2497
f 2426 2498 2497
f 2426 2427 2498
f 2427 2499 2498
f 2427 2428 2499
f 2428 2500 2499
f 2428 2429 2500
f 2429 2501 2500
f 2429 2430 2501
f 2430 2502 2501
f 2430 2431 2502
f 2431 2503 2502
f 2431 2432 2503
f 2432 2504 2503
f 2432 2433 2504
f 2433 2505 2504
f 2433 2434 2505
f 2434 2506 2505
f 2434 2435 2506
f 2435 2507 2506
f 2435 2436 2507
f 2436 2508 2507
f 2436 2437 2508
f 2437 2509 2508
f 2437 2438 2509
f 2438 2510 2509
f 2438 2439 2510
f 2439 2511 2510
f 2439 2440 2511
f 2440 2512 2511
f 2440 2441 2512
f 2441 2513 2512
f 2441 2442 2513
f 2442 2514 2513
f 2442 2443 2514
f 2443 2515 2514
f 2443 2444 2515
f 2444 2516 2515
f 2444 2445 2516
f 2445 2517 2516
f 2445 2446 2517
f 2446 2518 2517
f 2446 2447 2518
f 2447 2519 2518
f 2447 2448 2519
f 2448 2520 2519
f 2448 2377 2520
f 2377 2449 2520
f 2449 2450 2521
f 2450 2522 2521
f 2450 2451 2522
f 2451 2523 2522
f 2451 2452 2523
f 2452 2524 2523
f 2452 2453 2524
f 2453 2525 2524
f 2453 2454 2525
f 2454 2526 2525
f 2454 2455 2526
f 2455 2527 2526
f 2455 2456 2527
f 2456 2528 2527
f 2456 2457 2528
f 2457 2529 2528
f 2457 2458 2529
f 2458 2530 2529
f 2458 2459 2530
f 2459 2531 2530
f 2459 2460 2531
f 2460 2532 2531
f 2460 2461 2532
f 2461 2533 2532
f 2461 2462 2533
f 2462 2534 2533
f 2462 2463 2534
f 2463 2535 2534
f 2463 2464 2535
f 2464 2536 2535
f 2464 2465 2536
f 2465 2537 2536
f 2465 2466 2537
f 2466 2538 2537
f 2466 2467 2538
f 2467 2539 2538
f 2467 2468 2539
f 2468 2540 2539
f 2468 2469 2540
f 2469 2541 2540
f 2469 2470 2541
f 2470 2542 2541
f 2470 2471 2542
f 2471 2543 2542
f 2471 2472 2543
f 2472 2544 2543
f 2472 2473 2544
f 2473 2545 2544
f 2473 2474 2545
f 2474 2546 2545
f 2474 2475 2546
f 2475 2547 2546
f 2475 2476 2547
f 2476 2548 2547
f 2476 2477 2548
f 2477 2549 2548
f 2477 2478 2549
f 2478 2550 2549
f 2478 2479 2550
f 2479 2551 2550
f 2479 2480 2551
f 2480 2552 2551
f 2480 2481 2552
f 2481 2553 2552
f 2481 2482 2553
f 2482 2554 2553
f 2482 2483 2554
f 2483 2555 2554
f 2483 2484 2555
f 2484 2556 2555
f 2484 2485 2556
f 2485 2557 2556
f 2485 2486 2557
f 2486 2558 2557
f 2486 2487 2558
f 2487 2559 2558
f 2487 2488 2559
f 2488 2560 2559
f 2488 2489 2560
f 2489 2561 2560
f 2489 2490 2561
f 2490 2562 2561
f 2490 2491 2562
f 2491 2563 2562
f 2491 2492 2563
f 2492 2564 2563
f 2492 2493 2564
f 2493 2565 2564
f 2493 2494 2565
f 2494 2566 2565
f 2494 2495 2566
f 2495 2567 2566
f 2495 2496 2567
f 2496 2568 2567
f 2496 2497 2568
f 2497 2569 2568
f 2497 2498 2569
f 2498 2570 2569
f 2498 2499 2570
f 2499 2571 2570
f 2499 2500 2571
f 2500 2572 2571
f 2500 2501 2572
f 2501 2573 2572
f 2501 2502 2573
f 2502 2574 2573
f 2502 2503 2574
f 2503 2575 2574
f 2503 2504 2575
f 2504 2576 2575
f 2504 2505 2576
f 2505 2577 2576
f 2505 2506 2577
f 2506 2578 2577
f 2506 2507 2578
f 2507 2579 2578
f 2507 2508 2579
f 2508 2580 2579
f 2508 2509 2580
f 2509 2581 2580
f 2509 2510 2581
f 2510 2582 2581
f 2510 2511 2582
f 2511 2583 2582
f 2511 2512 2583
f 2512 2584 2583
f 2512 2513 2584
f 2513 2585 2584
f 2513 2514 2585
f 2514 2586 2585
f 2514 2515 2586
f 2515 2587 2586
f 2515 2516 2587
f 2516 2588 2587
f 2516 2517 2588
f 2517 2589 2588
f 2517 2518 2589
f 2518 2590 2589
f 2518 2519 2590
f 2519 2591 2590
f 2519 2520 2591
f 2520 2592 2591
f 2520 2449 2592
f 2449 2521 2592
f 2521 2522 2593
f 2522 2594 2593
f 2522 2523 2594
f 2523 2595 2594
f 2523 2524 2595
f 2524 2596 2595
f 2524 2525 2596
f 2525 2597 2596
f 2525 2526 2597
f 2526 2598 2597
f 2526 2527 2598
f 2527 2599 2598
f 2527 2528 2599
f 2528 2600 2599
f 2528 2529 2600
f 2529 2601 2600
f 2529 2530 2601
f 2530 2602 2601
f 2530 2531 2602
f 2531 2603 2602
f 2531 2532 2603
f 2532 2604 2603
f 2532 2533 2604
f 2533 2605 2604
f 2533 2534 2605
f 2534 2606 2605
f 2534 2535 2606
f 2535 2607 2606
f 2535 2536 2607
f 2536 2608 2607
f 2536 2537 2608
f 2537 2609 2608
f 2537 2538 2609
f 2538 2610 2609
f 2538 2539 2610
f 2539 2611 2610
f 2539 2540 2611
f 2540 2612 2611
f 2540 2541 2612
f 2541 2613 2612
f 2541 2542 2613
f 2542 2614 2613
f 2542 2543 2614
f 2543 2615 2614
f 2543 2544 2615
f 2544 2616 2615
f 2544 2545 2616
f 2545 2617 2616
f 2545 2546 2617
f 2546 2618 2617
f 2546 2547 2618
f 2547 2619 2618
f 2547 2548 2619
f 2548 2620 2619
f 2548 2549 2620
f 2549 2621 2620
f 2549 2550 2621
f 2550 2622 2621
f 2550 2551 2622
f 2551 2623 2622
f 2551 2552 2623
f 2552 2624 2623
f 2552 2553 2624
f 2553 2625 2624
f 2553 2554 2625
f 2554 2626 2625
f 2554 2555 2626
f 2555 2627 2626
f 2555 2556 2627
f 2556 2628 2627
f 2556 2557 2628
f 2557 2629 2628
f 2557 2558 2629
f 2558 2630 2629
f 2558 2559 2630
f 2559 2631 2630
f 2559 2560 2631
f 2560 2632 2631
f 2560 2561 2632
f 2561 2633 2632
f 2561 2562 2633
f 2562 2634 2633
f 2562 2563 2634
f 2563 2635 2634
f 2563 2564 2635
f 2564 2636 2635
f 2564 2565 2636
f 2565 2637 2636
f 2565 2566 2637
f 2566 2638 2637
f 2566 2567 2638
f 2567 2639 2638
f 2567 2568 2639
f 2568 2640 2639
f 2568 2569 2640
f 2569 2641 2640
f 2569 2570 2641
f 2570 2642 2641
f 2570 2571 2642
f 2571 2643 2642
f 2571 2572 2643
f 2572 2644 2643
f 2572 2573 2644
f 2573 2645 2644
f 2573 2574 2645
f 2574 2646 2645
f 2574 2575 2646
f 2575 2647 2646
f 2575 2576 2647
f 2576 2648 2647
f 2576 2577 2648
f 2577 2649 2648
f 2577 2578 2649
f 2578 2650 2649
f 2578 2579 2650
f 2579 2651 2650
f 2579 2580 2651
f 2580 2652 2651
f 2580 2581 2652
f 2581 2653 2652
f 2581 2582 2653
f 2582 2654 2653
f 2582 2583 2654
f 2583 2655 2654
f 2583 2584 2655
f 2584 2656 2655
f 2584 2585 2656
f 2585 2657 2656
f 2585 2586 2657
f 2586 2658 2657
f 2586 2587 2658
f 2587 2659 2658
f 2587 2588 2659
f 2588 2660 2659
f 2588 2589 2660
f 2589 2661 2660
f 2589 2590 2661
f 2590 2662 2661
f 2590 2591 2662
f 2591 2663 2662
f 2591 2592 2663
f 2592 2664 2663
f 2592 2521 2664
f 2521 2593 2664
f 2593 2594 2665
f 2594 2666 2665
f 2594 2595 2666
f 2595 2667 2666
f 2595 2596 2667
f 2596 2668 2667
f 2596 2597 2668
f 2597 2669 2668
f 2597 2598 2669
f 2598 2670 2669
f 2598 2599 2670
f 2599 2671 2670
f 2599 2600 2671
f 2600 2672 2671
f 2600 2601 2672
f 2601 2673 2672
f 2601 2602 2673
f 2602 2674 2673
f 2602 2603 2674
f 2603 2675 2674
f 2603 2604 2675
f 2604 2676 2675
f 2604 2605 2676
f 2605 2677 2676
f 2605 2606 2677
f 2606 2678 2677
f 2606 2607 2678
f 2607 2679 2678
f 2607 2608 2679
f 2608 2680 2679
f 2608 2609 2680
f 2609 2681 2680
f 2609 2610 2681
f 2610 2682 2681
f 2610 2611 2682
f 2611 2683 2682
f 2611 2612 2683
f 2612 2684 2683
f 2612 2613 2684
f 2613 2685 2684
f 2613 2614 2685
f 2614 2686 2685
f 2614 2615 2686
f 2615 2687 2686
f 2615 2616 2687
f 2616 2688 2687
f 2616 2617 2688
f 2617 2689 2688
f 2617 2618 2689
f 2618 2690 2689
f 2618 2619 2690
f 2619 2691 2690
f 2619 2620 2691
f 2620 2692 2691
f 2620 2621 2692
f 2621 2693 2692
f 2621 2622 2693
f 2622 2694 2693
f 2622 2623 2694
f 2623 2695 2694
f 2623 2624 2695
f 2624 2696 2695
f 2624 2625 2696
f 2625 2697 2696
f 2625 2626 2697
f 2626 2698 2697
f 2626 2627 2698
f 2627 2699 2698
f 2627 2628 2699
f 2628 2700 2699
f 2628 2629 2700
f 2629 2701 2700
f 2629 2630 2701
f 2630 2702 2701
f 2630 2631 2702
f 2631 2703 2702
f 2631 2632 2703
f 2632 2704 2703
f 2632 2633 2704
f 2633 2705 2704
f 2633 2634 2705
f 2634 2706 2705
f 2634 2635 2706
f 2635 2707 2706
f 2635 2636 2707
f 2636 2708 2707
f 2636 2637 2708
f 2637 2709 2708
f 2637 2638 2709
f 2638 2710 2709
f 2638 2639 2710
f 2639 2711 2710
f 2639 2640 2711
f 2640 2712 2711
f 2640 2641 2712
f 2641 2713 2712
f 2641 2642 2713
f 2642 2714 2713
f 2642 2643 2714
f 2643 2715 2714
f 2643 2644 2715
f 2644 2716 2715
f 2644 2645 2716
f 2645 2717 2716
f 2645 2646 2717
f 2646 2718 2717
f 2646 2647 2718
f 2647 2719 2718
f 2647 2648 2719
f 2648 2720 2719
f 2648 2649 2720
f 2649 2721 2720
f 2649 2650 2721
f 2650 2722 2721
f 2650 2651 2722
f 2651 2723 2722
f 2651 2652 2723
f 2652 2724 2723
f 2652 2653 2724
f 2653 2725 2724
f 2653 2654 2725
f 2654 2726 2725
f 2654 2655 2726
f 2655 2727 2726
f 2655 2656 2727
f 2656 2728 2727
f 2656 2657 2728
f 2657 2729 2728
f 2657 2658 2729
f 2658 2730 2729
f 2658 2659 2730
f 2659 2731 2730
f 2659 2660 2731
f 2660 2732 2731
f 2660 2661 2732
f 2661 2733 2732
f 2661 2662 2733
f 2662 2734 2733
f 2662 2663 2734
f 2663 2735 2734
f 2663 2664 2735
f 2664 2736 2735
f 2664 2593 2736
f 2593 2665 2736
f 2665 2666 2737
f 2666 2738 2737
f 2666 2667 2738
f 2667 2739 2738
f 2667 2668 2739
f 2668 2740 2739
f 2668 2669 2740
f 2669 2741 2740
f 2669 2670 2741
f 2670 2742 2741
f 2670 2671 2742
f 2671 2743 2742
f 2671 2672 2743
f 2672 2744 2743
f 2672 2673 2744
f 2673 2745 2744
f 2673 2674 2745
f 2674 2746 2745
f 2674 2675 2746
f 2675 2747 2746
f 2675 2676 2747
f 2676 2748 2747
f 2676 2677 2748
f 2677 2749 2748
f 2677 2678 2749
f 2678 2750 2749
f 2678 2679 2750
f 2679 2751 2750
f 2679 2680 2751
f 2680 2752 2751
f 2680 2681 2752
f 2681 2753 2752
f 2681 2682 2753
f 2682 2754 2753
f 2682 2683 2754
f 2683 2755 2754
f 2683 2684 2755
f 2684 2756 2755
f 2684 2685 2756
f 2685 2757 2756
f 2685 2686 2757
f 2686 2758 2757
f 2686 2687 2758
f 2687 2759 2758
f 2687 2688 2759
f 2688 2760 2759
f 2688 2689 2760
f 2689 2761 2760
f 2689 2690 2761
f 2690 2762 2761
f 2690 2691 2762
f 2691 2763 2762
f 2691 2692 2763
f 2692 2764 2763
f 2692 2693 2764
f 2693 2765 2764
f 2693 2694 2765
f 2694 2766 2765
f 2694 2695 2766
f 2695 2767 2766
f 2695 2696 2767
f 2696 2768 2767
f 2696 2697 2768
f 2697 2769 2768
f 2697 2698 2769
f 2698 2770 2769
f 2698 2699 2770
f 2699 2771 2770
f 2699 2700 2771
f 2700 2772 2771
f 2700 2701 2772
f 2701 2773 2772
f 2701 2702 2773
f 2702 2774 2773
f 2702 2703 2774
f 2703 2775 2774
f 2703 2704 2775
f 2704 2776 2775
f 2704 2705 2776
f 2705 2777 2776
f 2705 2706 2777
f 2706 2778 2777
f 2706 2707 2778
f 2707 2779 2778
f 2707 2708 2779
f 2708 2780 2779
f 2708 2709 2780
f 2709 2781 2780
f 2709 2710 2781
f 2710 2782 2781
f 2710 2711 2782
f 2711 2783 2782
f 2711 2712 2783
f 2712 2784 2783
f 2712 2713 2784
f 2713 2785 2784
f 2713 2714 2785
f 2714 2786 2785
f 2714 2715 2786
f 2715 2787 2786
f 2715 2716 2787
f 2716 2788 2787
f 2716 2717 2788
f 2717 2789 2788
f 2717 2718 2789
f 2718 2790 2789
f 2718 2719 2790
f 2719 2791 2790
f 2719 2720 2791
f 2720 2792 2791
f 2720 2721 2792
f 2721 2793 2792
f 2721 2722 2793
f 2722 2794 2793
f 2722 2723 2794
f 2723 2795 2794
f 2723 2724 2795
f 2724 2796 2795
f 2724 2725 2796
f 2725 2797 2796
f 2725 2726 2797
f 2726 2798 2797
f 2726 2727 2798
f 2727 2799 2798
f 2727 2728 2799
f 2728 2800 2799
f 2728 2729 2800
f 2729 2801 2800
f 2729 2730 2801
f 2730 2802 2801
f 2730 2731 2802
f 2731 2803 2802
f 2731 2732 2803
f 2732 2804 2803
f 2732 2733 2804
f 2733 2805 2804
f 2733 2734 2805
f 2734 2806 2805
f 2734 2735 2806
f 2735 2807 2806
f 2735 2736 2807
f 2736 2808 2807
f 2736 2665 2808
f 2665 2737 2808
f 2737 2738 2809
f 2738 2810 2809
f 2738 2739 2810
f 2739 2811 2810
f 2739 2740 2811
f 2740 2812 2811
f 2740 2741 2812
f 2741 2813 2812
f 2741 2742 2813
f 2742 2814 2813
f 2742 2743 2814
f 2743 2815 2814
f 2743 2744 2815
f 2744 2816 2815
f 2744 2745 2816
f 2745 2817 2816
f 2745 2746 2817
f 2746 2818 2817
f 2746 2747 2818
f 2747 2819 2818
f 2747 2748 2819
f 2748 2820 2819
f 2748 2749 2820
f 2749 2821 2820
f 2749 2750 2821
f 2750 2822 2821
f 2750 2751 2822
f 2751 2823 2822
f 2751 2752 2823
f 2752 2824 2823
f 2752 2753 2824
f 2753 2825 2824
f 2753 2754 2825
f 2754 2826 2825
f 2754 2755 2826
f 2755 2827 2826
f 2755 2756 2827
f 2756 2828 2827
f 2756 2757 2828
f 2757 2829 2828
f 2757 2758 2829
f 2758 2830 2829
f 2758 2759 2830
f 2759 2831 2830
f 2759 2760 2831
f 2760 2832 2831
f 2760 2761 2832
f 2761 2833 2832
f 2761 2762 2833
f 2762 2834 2833
f 2762 2763 2834
f 2763 2835 2834
f 2763 2764 2835
f 2764 2836 2835
f 2764 2765 2836
f 2765 2837 2836
f 2765 2766 2837
f 2766 2838 2837
f 2766 2767 2838
f 2767 2839 2838
f 2767 2768 2839
f 2768 2840 2839
f 2768 2769 2840
f 2769 2841 2840
f 2769 2770 2841
f 2770 2842 2841
f 2770 2771 2842
f 2771 2843 2842
f 2771 2772 2843
f 2772 2844 2843
f 2772 2773 2844
f 2773 2845 2844
f 2773 2774 2845
f 2774 2846 2845
f 2774 2775 2846
f 2775 2847 2846
f 2775 2776 2847
f 2776 2848 2847
f 2776 2777 2848
f 2777 2849 2848
f 2777 2778 2849
f 2778 2850 2849
f 2778 2779 2850
f 2779 2851 2850
f 2779 2780 2851
f 2780 2852 2851
f 2780 2781 2852
f 2781 2853 2852
f 2781 2782 2853
f 2782 2854 2853
f 2782 2783 2854
f 2783 2855 2854
f 2783 2784 2855
f 2784 2856 2855
f 2784 2785 2856
f 2785 2857 2856
f 2785 2786 2857
f 2786 2858 2857
f 2786 2787 2858
f 2787 2859 2858
f 2787 2788 2859
f 2788 2860 2859
f 2788 2789 2860
f 2789 2861 2860
f 2789 2790 2861
f 2790 2862 2861
f 2790 2791 2862
f 2791 2863 2862
f 2791 2792 2863
f 2792 2864 2863
f 2792 2793 2864
f 2793 2865 2864
f 2793 2794 2865
f 2794 2866 2865
f 2794 2795 2866
f 2795 2867 2866
f 2795 2796 2867
f 2796 2868 2867
f 2796 2797 2868
f 2797 2869 2868
f 2797 2798 2869
f 2798 2870 2869
f 2798 2799 2870
f 2799 2871 2870
f 2799 2800 2871
f 2800 2872 2871
f 2800 2801 2872
f 2801 2873 2872
f 2801 2802 2873
f 2802 2874 2873
f 2802 2803 2874
f 2803 2875 2874
f 2803 2804 2875
f 2804 2876 2875
f 2804 2805 2876
f 2805 2877 2876
f 2805 2806 2877
f 2806 2878 2877
f 2806 2807 2878
f 2807 2879 2878
f 2807 2808 2879
f 2808 2880 2879
f 2808 2737 2880
f 2737 2809 2880
f 2809 2810 2881
f 2810 2882 2881
f 2810 2811 2882
f 2811 2883 2882
f 2811 2812 2883
f 2812 2884 2883
f 2812 2813 2884
f 2813 2885 2884
f 2813 2814 2885
f 2814 2886 2885
f 2814 2815 2886
f 2815 2887 2886
f 2815 2816 2887
f 2816 2888 2887
f 2816 2817 2888
f 2817 2889 2888
f 2817 2818 2889
f 2818 2890 2889
f 2818 2819 2890
f 2819 2891 2890
f 2819 2820 2891
f 2820 2892 2891
f 2820 2821 2892
f 2821 2893 2892
f 2821 2822 2893
f 2822 2894 2893
f 2822 2823 2894
f 2823 2895 2894
f 2823 2824 2895
f 2824 2896 2895
f 2824 2825 2896
f 2825 2897 2896
f 2825 2826 2897
f 2826 2898 2897
f 2826 2827 2898
f 2827 2899 2898
f 2827 2828 2899
f 2828 2900 2899
f 2828 2829 2900
f 2829 2901 2900
f 2829 2830 2901
f 2830 2902 2901
f 2830 2831 2902
f 2831 2903 2902
f 2831 2832 2903
f 2832 2904 2903
f 2832 2833 2904
f 2833 2905 2904
f 2833 2834 2905
f 2834 2906 2905
f 2834 2835 2906
f 2835 2907 2906
f 2835 2836 2907
f 2836 2908 2907
f 2836 2837 2908
f 2837 2909 2908
f 2837 2838 2909
f 2838 2910 2909
f 2838 2839 2910
f 2839 2911 2910
f 2839 2840 2911
f 2840 2912 2911
f 2840 2841 2912
f 2841 2913 2912
f 2841 2842 2913
f 2842 2914 2913
f 2842 2843 2914
f 2843 2915 2914
f 2843 2844 2915
f 2844 2916 2915
f 2844 2845 2916
f 2845 2917 2916
f 2845 2846 2917
f 2846 2918 2917
f 2846 2847 2918
f 2847 2919 2918
f 2847 2848 2919
f 2848 2920 2919
f 2848 2849 2920
f 2849 2921 2920
f 2849 2850 2921
f 2850 2922 2921
f 2850 2851 2922
f 2851 2923 2922
f 2851 2852 2923
f 2852 2924 2923
f 2852 2853 2924
f 2853 2925 2924
f 2853 2854 2925
f 2854 2926 2925
f 2854 2855 2926
f 2855 2927 2926
f 2855 2856 2927
f 2856 2928 2927
f 2856 2857 2928
f 2857 2929 2928
f 2857 2858 2929
f 2858 2930 2929
f 2858 2859 2930
f 2859 2931 2930
f 2859 2860 2931
f 2860 2932 2931
f 2860 2861 2932
f 2861 2933 2932
f 2861 2862 2933
f 2862 2934 2933
f 2862 2863 2934
f 2863 2935 2934
f 2863 2864 2935
f 2864 2936 2935
f 2864 2865 2936
f 2865 2937 2936
f 2865 2866 2937
f 2866 2938 2937
f 2866 2867 2938
f 2867 2939 2938
f 2867 2868 2939
f 2868 2940 2939
f 2868 2869 2940
f 2869 2941 2940
f 2869 2870 2941
f 2870 2942 2941
f 2870 2871 2942
f 2871 2943 2942
f 2871 2872 2943
f 2872 2944 2943
f 2872 2873 2944
f 2873 2945 2944
f 2873 2874 2945
f 2874 2946 2945
f 2874 2875 2946
f 2875 2947 2946
f 2875 2876 2947
f 2876 2948 2947
f 2876 2877 2948
f 2877 2949 2948
f 2877 2878 2949
f 2878 2950 2949
f 2878 2879 2950
f 2879 2951 2950
f 2879 2880 2951
f 2880 2952 2951
f 2880 2809 2952
f 2809 2881 2952
f 2881 2882 2953
f 2882 2954 2953
f 2882 2883 2954
f 2883 2955 2954
f 2883 2884 2955
f 2884 2956 2955
f 2884 2885 2956
f 2885 2957 2956
f 2885 2886 2957
f 2886 2958 2957
f 2886 2887 2958
f 2887 2959 2958
f 2887 2888 2959
f 2888 2960 2959
f 2888 2889 2960
f 2889 2961 2960
f 2889 2890 2961
f 2890 2962 2961
f 2890 2891 2962
f 2891 2963 2962
f 2891 2892 2963
f 2892 2964 2963
f 2892 2893 2964
f 2893 2965 2964
f 2893 2894 2965
f 2894 2966 2965
f 2894 2895 2966
f 2895 2967 2966
f 2895 2896 2967
f 2896 2968 2967
f 2896 2897 2968
f 2897 2969 2968
f 2897 2898 2969
f 2898 2970 2969
f 2898 2899 2970
f 2899 2971 2970
f 2899 2900 2971
f 2900 2972 2971
f 2900 2901 2972
f 2901 2973 2972
f 2901 2902 2973
f 2902 2974 2973
f 2902 2903 2974
f 2903 2975 2974
f 2903 2904 2975
f 2904 2976 2975
f 2904 2905 2976
f 2905 2977 2976
f 2905 2906 2977
f 2906 2978 2977
f 2906 2907 2978
f 2907 2979 2978
f 2907 2908 2979
f 2908 2980 2979
f 2908 2909 2980
f 2909 2981 2980
f 2909 2910 2981
f 2910 2982 2981
f 2910 2911 2982
f 2911 2983 2982
f 2911 2912 2983
f 2912 2984 2983
f 2912 2913 2984
f 2913 2985 2984
f 2913 2914 2985
f 2914 2986 2985
f 2914 2915 2986
f 2915 2987 2986
f 2915 2916 2987
f 2916 2988 2987
f 2916 2917 2988
f 2917 2989 2988
f 2917 2918 2989
f 2918 2990 2989
f 2918 2919 2990
f 2919 2991 2990
f 2919 2920 2991
f 2920 2992 2991
f 2920 2921 2992
f 2921 2993 2992
f 2921 2922 2993
f 2922 2994 2993
f 2922 2923 2994
f 2923 2995 2994
f 2923 2924 2995
f 2924 2996 2995
f 2924 2925 2996
f 2925 2997 2996
f 2925 2926 2997
f 2926 2998 2997
f 2926 2927 2998
f 2927 2999 2998
f 2927 2928 2999
f 2928 3000 2999
f 2928 2929 3000
f 2929 3001 3000
f 2929 2930 3001
f 2930 3002 3001
f 2930 2931 3002
f 2931 3003 3002
f 2931 2932 3003
f 2932 3004 3003
f 2932 2933 3004
f 2933 3005 3004
f 2933 2934 3005
f 2934 3006 3005
f 2934 2935 3006
f 2935 3007 3006
f 2935 2936 3007
f 2936 3008 3007
f 2936 2937 3008
f 2937 3009 3008
f 2937 2938 3009
f 2938 3010 3009
f 2938 2939 3010
f 2939 3011 3010
f 2939 2940 3011
f 2940 3012 3011
f 2940 2941 3012
f 2941 3013 3012
f 2941 2942 3013
f 2942 3014 3013
f 2942 2943 3014
f 2943 3015 3014
f 2943 2944 3015
f 2944 3016 3015
f 2944 2945 3016
f 2945 3017 3016
f 2945 2946 3017
f 2946 3018 3017
f 2946 2947 3018
f 2947 3019 3018
f 2947 2948 3019
f 2948 3020 3019
f 2948 2949 3020
f 2949 3021 3020
f 2949 2950 3021
f 2950 3022 3021
f 2950 2951 3022
f 2951 3023 3022
f 2951 2952 3023
f 2952 3024 3023
f 2952 2881 3024
f 2881 2953 3024
f 2953 2954 3025
f 2954 3026 3025
f 2954 2955 3026
f 2955 3027 3026
f 2955 2956 3027
f 2956 3028 3027
f 2956 2957 3028
f 2957 3029 3028
f 2957 2958 3029
f 2958 3030 3029
f 2958 2959 3030
f 2959 3031 3030
f 2959 2960 3031
f 2960 3032 3031
f 2960 2961 3032
f 2961 3033 3032
f 2961 2962 3033
f 2962 3034 3033
f 2962 2963 3034
f 2963 3035 3034
f 2963 2964 3035
f 2964 3036 3035
f 2964 2965 3036
f 2965 3037 3036
f 2965 2966 3037
f 2966 3038 3037
f 2966 2967 3038
f 2967 3039 3038
f 2967 2968 3039
f 2968 3040 3039
f 2968 2969 3040
f 2969 3041 3040
f 2969 2970 3041
f 2970 3042 3041
f 2970 2971 3042
f 2971 3043 3042
f 2971 2972 3043
f 2972 3044 3043
f 2972 2973 3044
f 2973 3045 3044
f 2973 2974 3045
f 2974 3046 3045
f 2974 2975 3046
f 2975 3047 3046
f 2975 2976 3047
f 2976 3048 3047
f 2976 2977 3048
f 2977 3049 3048
f 2977 2978 3049
f 2978 3050 3049
f 2978 2979 3050
f 2979 3051 3050
f 2979 2980 3051
f 2980 3052 3051
f 2980 2981 3052
f 2981 3053 3052
f 2981 2982 3053
f 2982 3054 3053
f 2982 2983 3054
f 2983 3055 3054
f 2983 2984 3055
f 2984 3056 3055
f 2984 2985 3056
f 2985 3057 3056
f 2985 2986 3057
f 2986 3058 3057
f 2986 2987 3058
f 2987 3059 3058
f 2987 2988 3059
f 2988 3060 3059
f 2988 2989 3060
f 2989 3061 3060
f 2989 2990 3061
f 2990 3062 3061
f 2990 2991 3062
f 2991 3063 3062
f 2991 2992 3063
f 2992 3064 3063
f 2992 2993 3064
f 2993 3065 3064
f 2993 2994 3065
f 2994 3066 3065
f 2994 2995 3066
f 2995 3067 3066
f 2995 2996 3067
f 2996 3068 3067
f 2996 2997 3068
f 2997 3069 3068
f 2997 2998 3069
f 2998 3070 3069
f 2998 2999 3070
f 2999 3071 3070
f 2999 3000 3071
f 3000 3072 3071
f 3000 3001 3072
f 3001 3073 3072
f 3001 3002 3073
f 3002 3074 3073
f 3002 3003 3074
f 3003 3075 3074
f 3003 3004 3075
f 3004 3076 3075
f 3004 3005 3076
f 3005 3077 3076
f 3005 3006 3077
f 3006 3078 3077
f 3006 3007 3078
f 3007 3079 3078
f 3007 3008 3079
f 3008 3080 3079
f 3008 3009 3080
f 3009 3081 3080
f 3009 3010 3081
f 3010 3082 3081
f 3010 3011 3082
f 3011 3083 3082
f 3011 3012 3083
f 3012 3084 3083
f 3012 3013 3084
f 3013 3085 3084
f 3013 3014 3085
f 3014 3086 3085
f 3014 3015 3086
f 3015 3087 3086
f 3015 3016 3087
f 3016 3088 3087
f 3016 3017 3088
f 3017 3089 3088
f 3017 3018 3089
f 3018 3090 3089
f 3018 3019 3090
f 3019 3091 3090
f 3019 3020 3091
f 3020 3092 3091
f 3020 3021 3092
f 3021 3093 3092
f 3021 3022 3093
f 3022 3094 3093
f 3022 3023 3094
f 3023 3095 3094
f 3023 3024 3095
f 3024 3096 3095
f 3024 2953 3096
f 2953 3025 3096
f 3025 3026 3097
f 3026 3098 3097
f 3026 3027 3098
f 3027 3099 3098
f 3027 3028 3099
f 3028 3100 3099
f 3028 3029 3100
f 3029 3101 3100
f 3029 3030 3101
f 3030 3102 3101
f 3030 3031 3102
f 3031 3103 3102
f 3031 3032 3103
f 3032 3104 3103
f 3032 3033 3104
f 3033 3105 3104
f 3033 3034 3105
f 3034 3106 3105
f 3034 3035 3106
f 3035 3107 3106
f 3035 3036 3107
f 3036 3108 3107
f 3036 3037 3108
f 3037 3109 3108
f 3037 3038 3109
f 3038 3110 3109
f 3038 3039 3110
f 3039 3111 3110
f 3039 3040 3111
f 3040 3112 3111
f 3040 3041 3112
f 3041 3113 3112
f 3041 3042 3113
f 3042 3114 3113
f 3042 3043 3114
f 3043 3115 3114
f 3043 3044 3115
f 3044 3116 3115
f 3044 3045 3116
f 3045 3117 3116
f 3045 3046 3117
f 3046 3118 3117
f 3046 3047 3118
f 3047 3119 3118
f 3047 3048 3119
f 3048 3120 3119
f 3048 3049 3120
f 3049 3121 3120
f 3049 3050 3121
f 3050 3122 3121
f 3050 3051 3122
f 3051 3123 3122
f 3051 3052 3123
f 3052 3124 3123
f 3052 3053 3124
f 3053 3125 3124
f 3053 3054 3125
f 3054 3126 3125
f 3054 3055 3126
f 3055 3127 3126
f 3055 3056 3127
f 3056 3128 3127
f 3056 3057 3128
f 3057 3129 3128
f 3057 3058 3129
f 3058 3130 3129
f 3058 3059 3130
f 3059 3131 3130
f 3059 3060 3131
f 3060 3132 3131
f 3060 3061 3132
f 3061 3133 3132
f 3061 3062 3133
f 3062 3134 3133
f 3062 3063 3134
f 3063 3135 3134
f 3063 3064 3135
f 3064 3136 3135
f 3064 3065 3136
f 3065 3137 3136
f 3065 3066 3137
f 3066 3138 3137
f 3066 3067 3138
f 3067 3139 3138
f 3067 3068 3139
f 3068 3140 3139
f 3068 3069 3140
f 3069 3141 3140
f 3069 3070 3141
f 3070 3142 3141
f 3070 3071 3142
f 3071 3143 3142
f 3071 3072 3143
f 3072 3144 3143
f 3072 3073 3144
f 3073 3145 3144
f 3073 3074 3145
f 3074 3146 3145
f 3074 3075 3146
f 3075 3147 3146
f 3075 3076 3147
f 3076 3148 3147
f 3076 3077 3148
f 3077 3149 3148
f 3077 3078 3149
f 3078 3150 3149
f 3078 3079 3150
f 3079 3151 3150
f 3079 3080 3151
f 3080 3152 3151
f 3080 3081 3152
f 3081 3153 3152
f 3081 3082 3153
f 3082 3154 3153
f 3082 3083 3154
f 3083 3155 3154
f 3083 3084 3155
f 3084 3156 3155
f 3084 3085 3156
f 3085 3157 3156
f 3085 3086 3157
f 3086 3158 3157
f 3086 3087 3158
f 3087 3159 3158
f 3087 3088 3159
f 3088 3160 3159
f 3088 3089 3160
f 3089 3161 3160
f 3089 3090 3161
f 3090 3162 3161
f 3090 3091 3162
f 3091 3163 3162
f 3091 3092 3163
f 3092 3164 3163
f 3092 3093 3164
f 3093 3165 3164
f 3093 3094 3165
f 3094 3166 3165
f 3094 3095 3166
f 3095 3167 3166
f 3095 3096 3167
f 3096 3168 3167
f 3096 3025 3168
f 3025 3097 3168
f 3097 3098 3169
f 3098 3170 3169
f 3098 3099 3170
f 3099 3171 3170
f 3099 3100 3171
f 3100 3172 3171
f 3100 3101 3172
f 3101 3173 3172
f 3101 3102 3173
f 3102 3174 3173
f 3102 3103 3174
f 3103 3175 3174
f 3103 3104 3175
f 3104 3176 3175
f 3104 3105 3176
f 3105 3177 3176
f 3105 3106 3177
f 3106 3178 3177
f 3106 3107 3178
f 3107 3179 3178
f 3107 3108 3179
f 3108 3180 3179
f 3108 3109 3180
f 3109 3181 3180
f 3109 3110 3181
f 3110 3182 3181
f 3110 3111 3182
f 3111 3183 3182
f 3111 3112 3183
f 3112 3184 3183
f 3112 3113 3184
f 3113 3185 3184
f 3113 3114 3185
f 3114 3186 3185
f 3114 3115 3186
f 3115 3187 3186
f 3115 3116 3187
f 3116 3188 3187
f 3116 3117 3188
f 3117 3189 3188
f 3117 3118 3189
f 3118 3190 3189
f 3118 3119 3190
f 3119 3191 3190
f 3119 3120 3191
f 3120 3192 3191
f 3120 3121 3192
f 3121 3193 3192
f 3121 3122 3193
f 3122 3194 3193
f 3122 3123 3194
f 3123 3195 3194
f 3123 3124 3195
f 3124 3196 3195
f 3124 3125 3196
f 3125 3197 3196
f 3125 3126 3197
f 3126 3198 3197
f 3126 3127 3198
f 3127 3199 3198
f 3127 3128 3199
f 3128 3200 3199
f 3128 3129 3200
f 3129 3201 3200
f 3129 3130 3201
f 3130 3202 3201
f 3130 3131 3202
f 3131 3203 3202
f 3131 3132 3203
f 3132 3204 3203
f 3132 3133 3204
f 3133 3205 3204
f 3133 3134 3205
f 3134 3206 3205
f 3134 3135 3206
f 3135 3207 3206
f 3135 3136 3207
f 3136 3208 3207
f 3136 3137 3208
f 3137 3209 3208
f 3137 3138 3209
f 3138 3210 3209
f 3138 3139 3210
f 3139 3211 3210
f 3139 3140 3211
f 3140 3212 3211
f 3140 3141 3212
f 3141 3213 3212
f 3141 3142 3213
f 3142 3214 3213
f 3142 3143 3214
f 3143 3215 3214
f 3143 3144 3215
f 3144 3216 3215
f 3144 3145 3216
f 3145 3217 3216
f 3145 3146 3217
f 3146 3218 3217
f 3146 3147 3218
f 3147 3219 3218
f 3147 3148 3219
f 3148 3220 3219
f 3148 3149 3220
f 3149 3221 3220
f 3149 3150 3221
f 3150 3222 3221
f 3150 3151 3222
f 3151 3223 3222
f 3151 3152 3223
f 3152 3224 3223
f 3152 3153 3224
f 3153 3225 3224
f 3153 3154 3225
f 3154 3226 3225
f 3154 3155 3226
f 3155 3227 3226
f 3155 3156 3227
f 3156 3228 3227
f 3156 3157 3228
f 3157 3229 3228
f 3157 3158 3229
f 3158 3230 3229
f 3158 3159 3230
f 3159 3231 3230
f 3159 3160 3231
f 3160 3232 3231
f 3160 3161 3232
f 3161 3233 3232
f 3161 3162 3233
f 3162 3234 3233
f 3162 3163 3234
f 3163 3235 3234
f 3163 3164 3235
f 3164 3236 3235
f 3164 3165 3236
f 3165 3237 3236
f 3165 3166 3237
f 3166 3238 3237
f 3166 3167 3238
f 3167 3239 3238
f 3167 3168 3239
f 3168 3240 3239
f 3168 3097 3240
f 3097 3169 3240
f 3169 3170 3241
f 3170 3242 3241
f 3170 3171 3242
f 3171 3243 3242
f 3171 3172 3243
f 3172 3244 3243
f 3172 3173 3244
f 3173 3245 3244
f 3173 3174 3245
f 3174 3246 3245
f 3174 3175 3246
f 3175 3247 3246
f 3175 3176 3247
f 3176 3248 3247
f 3176 3177 3248
f 3177 3249 3248
f 3177 3178 3249
f 3178 3250 3249
f 3178 3179 3250
f 3179 3251 3250
f 3179 3180 3251
f 3180 3252 3251
f 3180 3181 3252
f 3181 3253 3252
f 3181 3182 3253
f 3182 3254 3253
f 3182 3183 3254
f 3183 3255 3254
f 3183 3184 3255
f 3184 3256 3255
f 3184 3185 3256
f 3185 3257 3256
f 3185 3186 3257
f 3186 3258 3257
f 3186 3187 3258
f 3187 3259 3258
f 3187 3188 3259
f 3188 3260 3259
f 3188 3189 3260
f 3189 3261 3260
f 3189 3190 3261
f 3190 3262 3261
f 3190 3191 3262
f 3191 3263 3262
f 3191 3192 3263
f 3192 3264 3263
f 3192 3193 3264
f 3193 3265 3264
f 3193 3194 3265
f 3194 3266 3265
f 3194 3195 3266
f 3195 3267 3266
f 3195 3196 3267
f 3196 3268 3267
f 3196 3197 3268
f 3197 3269 3268
f 3197 3198 3269
f 3198 3270 3269
f 3198 3199 3270
f 3199 3271 3270
f 3199 3200 3271
f 3200 3272 3271
f 3200 3201 3272
f 3201 3273 3272
f 3201 3202 3273
f 3202 3274 3273
f 3202 3203 3274
f 3203 3275 3274
f 3203 3204 3275
f 3204 3276 3275
f 3204 3205 3276
f 3205 3277 3276
f 3205 3206 3277
f 3206 3278 3277
f 3206 3207 3278
f 3207 3279 3278
f 3207 3208 3279
f 3208 3280 3279
f 3208 3209 3280
f 3209 3281 3280
f 3209 3210 3281
f 3210 3282 3281
f 3210 3211 3282
f 3211 3283 3282
f 3211 3212 3283
f 3212 3284 3283
f 3212 3213 3284
f 3213 3285 3284
f 3213 3214 3285
f 3214 3286 3285
f 3214 3215 3286
f 3215 3287 3286
f 3215 3216 3287
f 3216 3288 3287
f 3216 3217 3288
f 3217 3289 3288
f 3217 3218 3289
f 3218 3290 3289
f 3218 3219 3290
f 3219 3291 3290
f 3219 3220 3291
f 3220 3292 3291
f 3220 3221 3292
f 3221 3293 3292
f 3221 3222 3293
f 3222 3294 3293
f 3222 3223 3294
f 3223 3295 3294
f 3223 3224 3295
f 3224 3296 3295
f 3224 3225 3296
f 3225 3297 3296
f 3225 3226 3297
f 3226 3298 3297
f 3226 3227 3298
f 3227 3299 3298
f 3227 3228 3299
f 3228 3300 3299
f 3228 3229 3300
f 3229 3301 3300
f 3229 3230 3301
f 3230 3302 3301
f 3230 3231 3302
f 3231 3303 3302
f 3231 3232 3303
f 3232 3304 3303
f 3232 3233 3304
f 3233 3305 3304
f 3233 3234 3305
f 3234 3306 3305
f 3234 3235 3306
f 3235 3307 3306
f 3235 3236 3307
f 3236 3308 3307
f 3236 3237 3308
f 3237 3309 3308
f 3237 3238 3309
f 3238 3310 3309
f 3238 3239 3310
f 3239 3311 3310
f 3239 3240 3311
f 3240 3312 3311
f 3240 3169 3312
f 3169 3241 3312
f 3241 3242 3313
f 3242 3314 3313
f 3242 3243 3314
f 3243 3315 3314
f 3243 3244 3315
f 3244 3316 3315
f 3244 3245 3316
f 3245 3317 3316
f 3245 3246 3317
f 3246 3318 3317
f 3246 3247 3318
f 3247 3319 3318
f 3247 3248 3319
f 3248 3320 3319
f 3248 3249 3320
f 3249 3321 3320
f 3249 3250 3321
f 3250 3322 3321
f 3250 3251 3322
f 3251 3323 3322
f 3251 3252 3323
f 3252 3324 3323
f 3252 3253 3324
f 3253 3325 3324
f 3253 3254 3325
f 3254 3326 3325
f 3254 3255 3326
f 3255 3327 3326
f 3255 3256 3327
f 3256 3328 3327
f 3256 3257 3328
f 3257 3329 3328
f 3257 3258 3329
f 3258 3330 3329
f 3258 3259 3330
f 3259 3331 3330
f 3259 3260 3331
f 3260 3332 3331
f 3260 3261 3332
f 3261 3333 3332
f 3261 3262 3333
f 3262 3334 3333
f 3262 3263 3334
f 3263 3335 3334
f 3263 3264 3335
f 3264 3336 3335
f 3264 3265 3336
f 3265 3337 3336
f 3265 3266 3337
f 3266 3338 3337
f 3266 3267 3338
f 3267 3339 3338
f 3267 3268 3339
f 3268 3340 3339
f 3268 3269 3340
f 3269 3341 3340
f 3269 3270 3341
f 3270 3342 3341
f 3270 3271 3342
f 3271 3343 3342
f 3271 3272 3343
f 3272 3344 3343
f 3272 3273 3344
f 3273 3345 3344
f 3273 3274 3345
f 3274 3346 3345
f 3274 3275 3346
f 3275 3347 3346
f 3275 3276 3347
f 3276 3348 3347
f 3276 3277 3348
f 3277 3349 3348
f 3277 3278 3349
f 3278 3350 3349
f 3278 3279 3350
f 3279 3351 3350
f 3279 3280 3351
f 3280 3352 3351
f 3280 3281 3352
f 3281 3353 3352
f 3281 3282 3353
f 3282 3354 3353
f 3282 3283 3354
f 3283 3355 3354
f 3283 3284 3355
f 3284 3356 3355
f 3284 3285 3356
f 3285 3357 3356
f 3285 3286 3357
f 3286 3358 3357
f 3286 3287 3358
f 3287 3359 3358
f 3287 3288 3359
f 3288 3360 3359
f 3288 3289 3360
f 3289 3361 3360
f 3289 3290 3361
f 3290 3362 3361
f 3290 3291 3362
f 3291 3363 3362
f 3291 3292 3363
f 3292 3364 3363
f 3292 3293 3364
f 3293 3365 3364
f 3293 3294 3365
f 3294 3366 3365
f 3294 3295 3366
f 3295 3367 3366
f 3295 3296 3367
f 3296 3368 3367
f 3296 3297 3368
f 3297 3369 3368
f 3297 3298 3369
f 3298 3370 3369
f 3298 3299 3370
f 3299 3371 3370
f 3299 3300 3371
f 3300 3372 3371
f 3300 3301 3372
f 3301 3373 3372
f 3301 3302 3373
f 3302 3374 3373
f 3302 3303 3374
f 3303 3375 3374
f 3303 3304 3375
f 3304 3376 3375
f 3304 3305 3376
f 3305 3377 3376
f 3305 3306 3377
f 3306 3378 3377
f 3306 3307 3378
f 3307 3379 3378
f 3307 3308 3379
f 3308 3380 3379
f 3308 3309 3380
f 3309 3381 3380
f 3309 3310 3381
f 3310 3382 3381
f 3310 3311 3382
f 3311 3383 3382
f 3311 3312 3383
f 3312 3384 3383
f 3312 3241 3384
f 3241 3313 3384
f 3313 3314 3385
f 3314 3386 3385
f 3314 3315 3386
f 3315 3387 3386
f 3315 3316 3387
f 3316 3388 3387
f 3316 3317 3388
f 3317 3389 3388
f 3317 3318 3389
f 3318 3390 3389
f 3318 3319 3390
f 3319 3391 3390
f 3319 3320 3391
f 3320 3392 3391
f 3320 3321 3392
f 3321 3393 3392
f 3321 3322 3393
f 3322 3394 3393
f 3322 3323 3394
f 3323 3395 3394
f 3323 3324 3395
f 3324 3396 3395
f 3324 3325 3396
f 3325 3397 3396
f 3325 3326 3397
f 3326 3398 3397
f 3326 3327 3398
f 3327 3399 3398
f 3327 3328 3399
f 3328 3400 3399
f 3328 3329 3400
f 3329 3401 3400
f 3329 3330 3401
f 3330 3402 3401
f 3330 3331 3402
f 3331 3403 3402
f 3331 3332 3403
f 3332 3404 3403
f 3332 3333 3404
f 3333 3405 3404
f 3333 3334 3405
f 3334 3406 3405
f 3334 3335 3406
f 3335 3407 3406
f 3335 3336 3407
f 3336 3408 3407
f 3336 3337 3408
f 3337 3409 3408
f 3337 3338 3409
f 3338 3410 3409
f 3338 3339 3410
f 3339 3411 3410
f 3339 3340 3411
f 3340 3412 3411
f 3340 3341 3412
f 3341 3413 3412
f 3341 3342 3413
f 3342 3414 3413
f 3342 3343 3414
f 3343 3415 3414
f 3343 3344 3415
f 3344 3416 3415
f 3344 3345 3416
f 3345 3417 3416
f 3345 3346 3417
f 3346 3418 3417
f 3346 3347 3418
f 3347 3419 3418
f 3347 3348 3419
f 3348 3420 3419
f 3348 3349 3420
f 3349 3421 3420
f 3349 3350 3421
f 3350 3422 3421
f 3350 3351 3422
f 3351 3423 3422
f 3351 3352 3423
f 3352 3424 3423
f 3352 3353 3424
f 3353 3425 3424
f 3353 3354 3425
f 3354 3426 3425
f 3354 3355 3426
f 3355 3427 3426
f 3355 3356 3427
f 3356 3428 3427
f 3356 3357 3428
f 3357 3429 3428
f 3357 3358 3429
f 3358 3430 3429
f 3358 3359 3430
f 3359 3431 3430
f 3359 3360 3431
f 3360 3432 3431
f 3360 3361 3432
f 3361 3433 3432
f 3361 3362 3433
f 3362 3434 3433
f 3362 3363 3434
f 3363 3435 3434
f 3363 3364 3435
f 3364 3436 3435
f 3364 3365 3436
f 3365 3437 3436
f 3365 3366 3437
f 3366 3438 3437
f 3366 3367 3438
f 3367 3439 3438
f 3367 3368 3439
f 3368 3440 3439
f 3368 3369 3440
f 3369 3441 3440
f 3369 3370 3441
f 3370 3442 3441
f 3370 3371 3442
f 3371 3443 3442
f 3371 3372 3443
f 3372 3444 3443
f 3372 3373 3444
f 3373 3445 3444
f 3373 3374 3445
f 3374 3446 3445
f 3374 3375 3446
f 3375 3447 3446
f 3375 3376 3447
f 3376 3448 3447
f 3376 3377 3448
f 3377 3449 3448
f 3377 3378 3449
f 3378 3450 3449
f 3378 3379 3450
f 3379 3451 3450
f 3379 3380 3451
f 3380 3452 3451
f 3380 3381 3452
f 3381 3453 3452
f 3381 3382 3453
f 3382 3454 3453
f 3382 3383 3454
f 3383 3455 3454
f 3383 3384 3455
f 3384 3456 3455
f 3384 3313 3456
f 3313 3385 3456
f 3385 3386 3457
f 3386 3458 3457
f 3386 3387 3458
f 3387 3459 3458
f 3387 3388 3459
f 3388 3460 3459
f 3388 3389 3460
f 3389 3461 3460
f 3389 3390 3461
f 3390 3462 3461
f 3390 3391 3462
f 3391 3463 3462
f 3391 3392 3463
f 3392 3464 3463
f 3392 3393 3464
f 3393 3465 3464
f 3393 3394 3465
f 3394 3466 3465
f 3394 3395 3466
f 3395 3467 3466
f 3395 3396 3467
f 3396 3468 3467
f 3396 3397 3468
f 3397 3469 3468
f 3397 3398 3469
f 3398 3470 3469
f 3398 3399 3470
f 3399 3471 3470
f 3399 3400 3471
f 3400 3472 3471
f 3400 3401 3472
f 3401 3473 3472
f 3401 3402 3473
f 3402 3474 3473
f 3402 3403 3474
f 3403 3475 3474
f 3403 3404 3475
f 3404 3476 3475
f 3404 3405 3476
f 3405 3477 3476
f 3405 3406 3477
f 3406 3478 3477
f 3406 3407 3478
f 3407 3479 3478
f 3407 3408 3479
f 3408 3480 3479
f 3408 3409 3480
f 3409 3481 3480
f 3409 3410 3481
f 3410 3482 3481
f 3410 3411 3482
f 3411 3483 3482
f 3411 3412 3483
f 3412 3484 3483
f 3412 3413 3484
f 3413 3485 3484
f 3413 3414 3485
f 3414 3486 3485
f 3414 3415 3486
f 3415 3487 3486
f 3415 3416 3487
f 3416 3488 3487
f 3416 3417 3488
f 3417 3489 3488
f 3417 3418 3489
f 3418 3490 3489
f 3418 3419 3490
f 3419 3491 3490
f 3419 3420 3491
f 3420 3492 3491
f 3420 3421 3492
f 3421 3493 3492
f 3421 3422 3493
f 3422 3494 3493
f 3422 3423 3494
f 3423 3495 3494
f 3423 3424 3495
f 3424 3496 3495
f 3424 3425 3496
f 3425 3497 3496
f 3425 3426 3497
f 3426 3498 3497
f 3426 3427 3498
f 3427 3499 3498
f 3427 3428 3499
f 3428 3500 3499
f 3428 3429 3500
f 3429 3501 3500
f 3429 3430 3501
f 3430 3502 3501
f 3430 3431 3502
f 3431 3503 3502
f 3431 3432 3503
f 3432 3504 3503
f 3432 3433 3504
f 3433 3505 3504
f 3433 3434 3505
f 3434 3506 3505
f 3434 3435 3506
f 3435 3507 3506
f 3435 3436 3507
f 3436 3508 3507
f 3436 3437 3508
f 3437 3509 3508
f 3437 3438 3509
f 3438 3510 3509
f 3438 3439 3510
f 3439 3511 3510
f 3439 3440 3511
f 3440 3512 3511
f 3440 3441 3512
f 3441 3513 3512
f 3441 3442 3513
f 3442 3514 3513
f 3442 3443 3514
f 3443 3515 3514
f 3443 3444 3515
f 3444 3516 3515
f 3444 3445 3516
f 3445 3517 3516
f 3445 3446 3517
f 3446 3518 3517
f 3446 3447 3518
f 3447 3519 3518
f 3447 3448 3519
f 3448 3520 3519
f 3448 3449 3520
f 3449 3521 3520
f 3449 3450 3521
f 3450 3522 3521
f 3450 3451 3522
f 3451 3523 3522
f 3451 3452 3523
f 3452 3524 3523
f 3452 3453 3524
f 3453 3525 3524
f 3453 3454 3525
f 3454 3526 3525
f 3454 3455 3526
f 3455 3527 3526
f 3455 3456 3527
f 3456 3528 3527
f 3456 3385 3528
f 3385 3457 3528
f 3457 3458 3529
f 3458 3530 3529
f 3458 3459 3530
f 3459 3531 3530
f 3459 3460 3531
f 3460 3532 3531
f 3460 3461 3532
f 3461 3533 3532
f 3461 3462 3533
f 3462 3534 3533
f 3462 3463 3534
f 3463 3535 3534
f 3463 3464 3535
f 3464 3536 3535
f 3464 3465 3536
f 3465 3537 3536
f 3465 3466 3537
f 3466 3538 3537
f 3466 3467 3538
f 3467 3539 3538
f 3467 3468 3539
f 3468 3540 3539
f 3468 3469 3540
f 3469 3541 3540
f 3469 3470 3541
f 3470 3542 3541
f 3470 3471 3542
f 3471 3543 3542
f 3471 3472 3543
f 3472 3544 3543
f 3472 3473 3544
f 3473 3545 3544
f 3473 3474 3545
f 3474 3546 3545
f 3474 3475 3546
f 3475 3547 3546
f 3475 3476 3547
f 3476 3548 3547
f 3476 3477 3548
f 3477 3549 3548
f 3477 3478 3549
f 3478 3550 3549
f 3478 3479 3550
f 3479 3551 3550
f 3479 3480 3551
f 3480 3552 3551
f 3480 3481 3552
f 3481 3553 3552
f 3481 3482 3553
f 3482 3554 3553
f 3482 3483 3554
f 3483 3555 3554
f 3483 3484 3555
f 3484 3556 3555
f 3484 3485 3556
f 3485 3557 3556
f 3485 3486 3557
f 3486 3558 3557
f 3486 3487 3558
f 3487 3559 3558
f 3487 3488 3559
f 3488 3560 3559
f 3488 3489 3560
f 3489 3561 3560
f 3489 3490 3561
f 3490 3562 3561
f 3490 3491 3562
f 3491 3563 3562
f 3491 3492 3563
f 3492 3564 3563
f 3492 3493 3564
f 3493 3565 3564
f 3493 3494 3565
f 3494 3566 3565
f 3494 3495 3566
f 3495 3567 3566
f 3495 3496 3567
f 3496 3568 3567
f 3496 3497 3568
f 3497 3569 3568
f 3497 3498 3569
f 3498 3570 3569
f 3498 3499 3570
f 3499 3571 3570
f 3499 3500 3571
f 3500 3572 3571
f 3500 3501 3572
f 3501 3573 3572
f 3501 3502 3573
f 3502 3574 3573
f 3502 3503 3574
f 3503 3575 3574
f 3503 3504 3575
f 3504 3576 3575
f 3504 3505 3576
f 3505 3577 3576
f 3505 3506 3577
f 3506 3578 3577
f 3506 3507 3578
f 3507 3579 3578
f 3507 3508 3579
f 3508 3580 3579
f 3508 3509 3580
f 3509 3581 3580
f 3509 3510 3581
f 3510 3582 3581
f 3510 3511 3582
f 3511 3583 3582
f 3511 3512 3583
f 3512 3584 3583
f 3512 3513 3584
f 3513 3585 3584
f 3513 3514 3585
f 3514 3586 3585
f 3514 3515 3586
f 3515 3587 3586
f 3515 3516 3587
f 3516 3588 3587
f 3516 3517 3588
f 3517 3589 3588
f 3517 3518 3589
f 3518 3590 3589
f 3518 3519 3590
f 3519 3591 3590
f 3519 3520 3591
f 3520 3592 3591
f 3520 3521 3592
f 3521 3593 3592
f 3521 3522 3593
f 3522 3594 3593
f 3522 3523 3594
f 3523 3595 3594
f 3523 3524 3595
f 3524 3596 3595
f 3524 3525 3596
f 3525 3597 3596
f 3525 3526 3597
f 3526 3598 3597
f 3526 3527 3598
f 3527 3599 3598
f 3527 3528 3599
f 3528 3600 3599
f 3528 3457 3600
f 3457 3529 3600
f 3529 3530 3601
f 3530 3602 3601
f 3530 3531 3602
f 3531 3603 3602
f 3531 3532 3603
f 3532 3604 3603
f 3532 3533 3604
f 3533 3605 3604
f 3533 3534 3605
f 3534 3606 3605
f 3534 3535 3606
f 3535 3607 3606
f 3535 3536 3607
f 3536 3608 3607
f 3536 3537 3608
f 3537 3609 3608
f 3537 3538 3609
f 3538 3610 3609
f 3538 3539 3610
f 3539 3611 3610
f 3539 3540 3611
f 3540 3612 3611
f 3540 3541 3612
f 3541 3613 3612
f 3541 3542 3613
f 3542 3614 3613
f 3542 3543 3614
f 3543 3615 3614
f 3543 3544 3615
f 3544 3616 3615
f 3544 3545 3616
f 3545 3617 3616
f 3545 3546 3617
f 3546 3618 3617
f 3546 3547 3618
f 3547 3619 3618
f 3547 3548 3619
f 3548 3620 3619
f 3548 3549 3620
f 3549 3621 3620
f 3549 3550 3621
f 3550 3622 3621
f 3550 3551 3622
f 3551 3623 3622
f 3551 3552 3623
f 3552 3624 3623
f 3552 3553 3624
f 3553 3625 3624
f 3553 3554 3625
f 3554 3626 3625
f 3554 3555 3626
f 3555 3627 3626
f 3555 3556 3627
f 3556 3628 3627
f 3556 3557 3628
f 3557 3629 3628
f 3557 3558 3629
f 3558 3630 3629
f 3558 3559 3630
f 3559 3631 3630
f 3559 3560 3631
f 3560 3632 3631
f 3560 3561 3632
f 3561 3633 3632
f 3561 3562 3633
f 3562 3634 3633
f 3562 3563 3634
f 3563 3635 3634
f 3563 3564 3635
f 3564 3636 3635
f 3564 3565 3636
f 3565 3637 3636
f 3565 3566 3637
f 3566 3638 3637
f 3566 3567 3638
f 3567 3639 3638
f 3567 3568 3639
f 3568 3640 3639
f 3568 3569 3640
f 3569 3641 3640
f 3569 3570 3641
f 3570 3642 3641
f 3570 3571 3642
f 3571 3643 3642
f 3571 3572 3643
f 3572 3644 3643
f 3572 3573 3644
f 3573 3645 3644
f 3573 3574 3645
f 3574 3646 3645
f 3574 3575 3646
f 3575 3647 3646
f 3575 3576 3647
f 3576 3648 3647
f 3576 3577 3648
f 3577 3649 3648
f 3577 3578 3649
f 3578 3650 3649
f 3578 3579 3650
f 3579 3651 3650
f 3579 3580 3651
f 3580 3652 3651
f 3580 3581 3652
f 3581 3653 3652
f 3581 3582 3653
f 3582 3654 3653
f 3582 3583 3654
f 3583 3655 3654
f 3583 3584 3655
f 3584 3656 3655
f 3584 3585 3656
f 3585 3657 3656
f 3585 3586 3657
f 3586 3658 3657
f 3586 3587 3658
f 3587 3659 3658
f 3587 3588 3659
f 3588 3660 3659
f 3588 3589 3660
f 3589 3661 3660
f 3589 3590 3661
f 3590 3662 3661
f 3590 3591 3662
f 3591 3663 3662
f 3591 3592 3663
f 3592 3664 3663
f 3592 3593 3664
f 3593 3665 3664
f 3593 3594 3665
f 3594 3666 3665
f 3594 3595 3666
f 3595 3667 3666
f 3595 3596 3667
f 3596 3668 3667
f 3596 3597 3668
f 3597 3669 3668
f 3597 3598 3669
f 3598 3670 3669
f 3598 3599 3670
f 3599 3671 3670
f 3599 3600 3671
f 3600 3672 3671
f 3600 3529 3672
f 3529 3601 3672
f 3601 3602 3673
f 3602 3674 3673
f 3602 3603 3674
f 3603 3675 3674
f 3603 3604 3675
f 3604 3676 3675
f 3604 3605 3676
f 3605 3677 3676
f 3605 3606 3677
f 3606 3678 3677
f 3606 3607 3678
f 3607 3679 3678
f 3607 3608 3679
f 3608 3680 3679
f 3608 3609 3680
f 3609 3681 3680
f 3609 3610 3681
f 3610 3682 3681
f 3610 3611 3682
f 3611 3683 3682
f 3611 3612 3683
f 3612 3684 3683
f 3612 3613 3684
f 3613 3685 3684
f 3613 3614 3685
f 3614 3686 3685
f 3614 3615 3686
f 3615 3687 3686
f 3615 3616 3687
f 3616 3688 3687
f 3616 3617 3688
f 3617 3689 3688
f 3617 3618 3689
f 3618 3690 3689
f 3618 3619 3690
f 3619 3691 3690
f 3619 3620 3691
f 3620 3692 3691
f 3620 3621 3692
f 3621 3693 3692
f 3621 3622 3693
f 3622 3694 3693
f 3622 3623 3694
f 3623 3695 3694
f 3623 3624 3695
f 3624 3696 3695
f 3624 3625 3696
f 3625 3697 3696
f 3625 3626 3697
f 3626 3698 3697
f 3626 3627 3698
f 3627 3699 3698
f 3627 3628 3699
f 3628 3700 3699
f 3628 3629 3700
f 3629 3701 3700
f 3629 3630 3701
f 3630 3702 3701
f 3630 3631 3702
f 3631 3703 3702
f 3631 3632 3703
f 3632 3704 3703
f 3632 3633 3704
f 3633 3705 3704
f 3633 3634 3705
f 3634 3706 3705
f 3634 3635 3706
f 3635 3707 3706
f 3635 3636 3707
f 3636 3708 3707
f 3636 3637 3708
f 3637 3709 3708
f 3637 3638 3709
f 3638 3710 3709
f 3638 3639 3710
f 3639 3711 3710
f 3639 3640 3711
f 3640 3712 3711
f 3640 3641 3712
f 3641 3713 3712
f 3641 3642 3713
f 3642 3714 3713
f 3642 3643 3714
f 3643 3715 3714
f 3643 3644 3715
f 3644 3716 3715
f 3644 3645 3716
f 3645 3717 3716
f 3645 3646 3717
f 3646 3718 3717
f 3646 3647 3718
f 3647 3719 3718
f 3647 3648 3719
f 3648 3720 3719
f 3648 3649 3720
f 3649 3721 3720
f 3649 3650 3721
f 3650 3722 3721
f 3650 3651 3722
f 3651 3723 3722
f 3651 3652 3723
f 3652 3724 3723
f 3652 3653 3724
f 3653 3725 3724
f 3653 3654 3725
f 3654 3726 3725
f 3654 3655 3726
f 3655 3727 3726
f 3655 3656 3727
f 3656 3728 3727
f 3656 3657 3728
f 3657 3729 3728
f 3657 3658 3729
f 3658 3730 3729
f 3658 3659 3730
f 3659 3731 3730
f 3659 3660 3731
f 3660 3732 3731
f 3660 3661 3732
f 3661 3733 3732
f 3661 3662 3733
f 3662 3734 3733
f 3662 3663 3734
f 3663 3735 3734
f 3663 3664 3735
f 3664 3736 3735
f 3664 3665 3736
f 3665 3737 3736
f 3665 3666 3737
f 3666 3738 3737
f 3666 3667 3738
f 3667 3739 3738
f 3667 3668 3739
f 3668 3740 3739
f 3668 3669 3740
f 3669 3741 3740
f 3669 3670 3741
f 3670 3742 3741
f 3670 3671 3742
f 3671 3743 3742
f 3671 3672 3743
f 3672 3744 3743
f 3672 3601 3744
f 3601 3673 3744
f 3673 3674 3745
f 3674 3746 3745
f 3674 3675 3746
f 3675 3747 3746
f 3675 3676 3747
f 3676 3748 3747
f 3676 3677 3748
f 3677 3749 3748
f 3677 3678 3749
f 3678 3750 3749
f 3678 3679 3750
f 3679 3751 3750
f 3679 3680 3751
f 3680 3752 3751
f 3680 3681 3752
f 3681 3753 3752
f 3681 3682 3753
f 3682 3754 3753
f 3682 3683 3754
f 3683 3755 3754
f 3683 3684 3755
f 3684 3756 3755
f 3684 3685 3756
f 3685 3757 3756
f 3685 3686 3757
f 3686 3758 3757
f 3686 3687 3758
f 3687 3759 3758
f 3687 3688 3759
f 3688 3760 3759
f 3688 3689 3760
f 3689 3761 3760
f 3689 3690 3761
f 3690 3762 3761
f 3690 3691 3762
f 3691 3763 3762
f 3691 3692 3763
f 3692 3764 3763
f 3692 3693 3764
f 3693 3765 3764
f 3693 3694 3765
f 3694 3766 3765
f 3694 3695 3766
f 3695 3767 3766
f 3695 3696 3767
f 3696 3768 3767
f 3696 3697 3768
f 3697 3769 3768
f 3697 3698 3769
f 3698 3770 3769
f 3698 3699 3770
f 3699 3771 3770
f 3699 3700 3771
f 3700 3772 3771
f 3700 3701 3772
f 3701 3773 3772
f 3701 3702 3773
f 3702 3774 3773
f 3702 3703 3774
f 3703 3775 3774
f 3703 3704 3775
f 3704 3776 3775
f 3704 3705 3776
f 3705 3777 3776
f 3705 3706 3777
f 3706 3778 3777
f 3706 3707 3778
f 3707 3779 3778
f 3707 3708 3779
f 3708 3780 3779
f 3708 3709 3780
f 3709 3781 3780
f 3709 3710 3781
f 3710 3782 3781
f 3710 3711 3782
f 3711 3783 3782
f 3711 3712 3783
f 3712 3784 3783
f 3712 3713 3784
f 3713 3785 3784
f 3713 3714 3785
f 3714 3786 3785
f 3714 3715 3786
f 3715 3787 3786
f 3715 3716 3787
f 3716 3788 3787
f 3716 3717 3788
f 3717 3789 3788
f 3717 3718 3789
f 3718 3790 3789
f 3718 3719 3790
f 3719 3791 3790
f 3719 3720 3791
f 3720 3792 3791
f 3720 3721 3792
f 3721 3793 3792
f 3721 3722 3793
f 3722 3794 3793
f 3722 3723 3794
f 3723 3795 3794
f 3723 3724 3795
f 3724 3796 3795
f 3724 3725 3796
f 3725 3797 3796
f 3725 3726 3797
f 3726 3798 3797
f 3726 3727 3798
f 3727 3799 3798
f 3727 3728 3799
f 3728 3800 3799
f 3728 3729 3800
f 3729 3801 3800
f 3729 3730 3801
f 3730 3802 3801
f 3730 3731 3802
f 3731 3803 3802
f 3731 3732 3803
f 3732 3804 3803
f 3732 3733 3804
f 3733 3805 3804
f 3733 3734 3805
f 3734 3806 3805
f 3734 3735 3806
f 3735 3807 3806
f 3735 3736 3807
f 3736 3808 3807
f 3736 3737 3808
f 3737 3809 3808
f 3737 3738 3809
f 3738 3810 3809
f 3738 3739 3810
f 3739 3811 3810
f 3739 3740 3811
f 3740 3812 3811
f 3740 3741 3812
f 3741 3813 3812
f 3741 3742 3813
f 3742 3814 3813
f 3742 3743 3814
f 3743 3815 3814
f 3743 3744 3815
f 3744 3816 3815
f 3744 3673 3816
f 3673 3745 3816
f 3745 3746 3817
f 3746 3818 3817
f 3746 3747 3818
f 3747 3819 3818
f 3747 3748 3819
f 3748 3820 3819
f 3748 3749 3820
f 3749 3821 3820
f 3749 3750 3821
f 3750 3822 3821
f 3750 3751 3822
f 3751 3823 3822
f 3751 3752 3823
f 3752 3824 3823
f 3752 3753 3824
f 3753 3825 3824
f 3753 3754 3825
f 3754 3826 3825
f 3754 3755 3826
f 3755 3827 3826
f 3755 3756 3827
f 3756 3828 3827
f 3756 3757 3828
f 3757 3829 3828
f 3757 3758 3829
f 3758 3830 3829
f 3758 3759 3830
f 3759 3831 3830
f 3759 3760 3831
f 3760 3832 3831
f 3760 3761 3832
f 3761 3833 3832
f 3761 3762 3833
f 3762 3834 3833
f 3762 3763 3834
f 3763 3835 3834
f 3763 3764 3835
f 3764 3836 3835
f 3764 3765 3836
f 3765 3837 3836
f 3765 3766 3837
f 3766 3838 3837
f 3766 3767 3838
f 3767 3839 3838
f 3767 3768 3839
f 3768 3840 3839
f 3768 3769 3840
f 3769 3841 3840
f 3769 3770 3841
f 3770 3842 3841
f 3770 3771 3842
f 3771 3843 3842
f 3771 3772 3843
f 3772 3844 3843
f 3772 3773 3844
f 3773 3845 3844
f 3773 3774 3845
f 3774 3846 3845
f 3774 3775 3846
f 3775 3847 3846
f 3775 3776 3847
f 3776 3848 3847
f 3776 3777 3848
f 3777 3849 3848
f 3777 3778 3849
f 3778 3850 3849
f 3778 3779 3850
f 3779 3851 3850
f 3779 3780 3851
f 3780 3852 3851
f 3780 3781 3852
f 3781 3853 3852
f 3781 3782 3853
f 3782 3854 3853
f 3782 3783 3854
f 3783 3855 3854
f 3783 3784 3855
f 3784 3856 3855
f 3784 3785 3856
f 3785 3857 3856
f 3785 3786 3857
f 3786 3858 3857
f 3786 3787 3858
f 3787 3859 3858
f 3787 3788 3859
f 3788 3860 3859
f 3788 3789 3860
f 3789 3861 3860
f 3789 3790 3861
f 3790 3862 3861
f 3790 3791 3862
f 3791 3863 3862
f 3791 3792 3863
f 3792 3864 3863
f 3792 3793 3864
f 3793 3865 3864
f 3793 3794 3865
f 3794 3866 3865
f 3794 3795 3866
f 3795 3867 3866
f 3795 3796 3867
f 3796 3868 3867
f 3796 3797 3868
f 3797 3869 3868
f 3797 3798 3869
f 3798 3870 3869
f 3798 3799 3870
f 3799 3871 3870
f 3799 3800 3871
f 3800 3872 3871
f 3800 3801 3872
f 3801 3873 3872
f 3801 3802 3873
f 3802 3874 3873
f 3802 3803 3874
f 3803 3875 3874
f 3803 3804 3875
f 3804 3876 3875
f 3804 3805 3876
f 3805 3877 3876
f 3805 3806 3877
f 3806 3878 3877
f 3806 3807 3878
f 3807 3879 3878
f 3807 3808 3879
f 3808 3880 3879
f 3808 3809 3880
f 3809 3881 3880
f 3809 3810 3881
f 3810 3882 3881
f 3810 3811 3882
f 3811 3883 3882
f 3811 3812 3883
f 3812 3884 3883
f 3812 3813 3884
f 3813 3885 3884
f 3813 3814 3885
f 3814 3886 3885
f 3814 3815 3886
f 3815 3887 3886
f 3815 3816 3887
f 3816 3888 3887
f 3816 3745 3888
f 3745 3817 3888
f 3817 3818 3889
f 3818 3890 3889
f 3818 3819 3890
f 3819 3891 3890
f 3819 3820 3891
f 3820 3892 3891
f 3820 3821 3892
f 3821 3893 3892
f 3821 3822 3893
f 3822 3894 3893
f 3822 3823 3894
f 3823 3895 3894
f 3823 3824 3895
f 3824 3896 3895
f 3824 3825 3896
f 3825 3897 3896
f 3825 3826 3897
f 3826 3898 3897
f 3826 3827 3898
f 3827 3899 3898
f 3827 3828 3899
f 3828 3900 3899
f 3828 3829 3900
f 3829 3901 3900
f 3829 3830 3901
f 3830 3902 3901
f 3830 3831 3902
f 3831 3903 3902
f 3831 3832 3903
f 3832 3904 3903
f 3832 3833 3904
f 3833 3905 3904
f 3833 3834 3905
f 3834 3906 3905
f 3834 3835 3906
f 3835 3907 3906
f 3835 3836 3907
f 3836 3908 3907
f 3836 3837 3908
f 3837 3909 3908
f 3837 3838 3909
f 3838 3910 3909
f 3838 3839 3910
f 3839 3911 3910
f 3839 3840 3911
f 3840 3912 3911
f 3840 3841 3912
f 3841 3913 3912
f 3841 3842 3913
f 3842 3914 3913
f 3842 3843 3914
f 3843 3915 3914
f 3843 3844 3915
f 3844 3916 3915
f 3844 3845 3916
f 3845 3917 3916
f 3845 3846 3917
f 3846 3918 3917
f 3846 3847 3918
f 3847 3919 3918
f 3847 3848 3919
f 3848 3920 3919
f 3848 3849 3920
f 3849 3921 3920
f 3849 3850 3921
f 3850 3922 3921
f 3850 3851 3922
f 3851 3923 3922
f 3851 3852 3923
f 3852 3924 3923
f 3852 3853 3924
f 3853 3925 3924
f 3853 3854 3925
f 3854 3926 3925
f 3854 3855 3926
f 3855 3927 3926
f 3855 3856 3927
f 3856 3928 3927
f 3856 3857 3928
f 3857 3929 3928
f 3857 3858 3929
f 3858 3930 3929
f 3858 3859 3930
f 3859 3931 3930
f 3859 3860 3931
f 3860 3932 3931
f 3860 3861 3932
f 3861 3933 3932
f 3861 3862 3933
f 3862 3934 3933
f 3862 3863 3934
f 3863 3935 3934
f 3863 3864 3935
f 3864 3936 3935
f 3864 3865 3936
f 3865 3937 3936
f 3865 3866 3937
f 3866 3938 3937
f 3866 3867 3938
f 3867 3939 3938
f 3867 3868 3939
f 3868 3940 3939
f 3868 3869 3940
f 3869 3941 3940
f 3869 3870 3941
f 3870 3942 3941
f 3870 3871 3942
f 3871 3943 3942
f 3871 3872 3943
f 3872 3944 3943
f 3872 3873 3944
f 3873 3945 3944
f 3873 3874 3945
f 3874 3946 3945
f 3874 3875 3946
f 3875 3947 3946
f 3875 3876 3947
f 3876 3948 3947
f 3876 3877 3948
f 3877 3949 3948
f 3877 3878 3949
f 3878 3950 3949
f 3878 3879 3950
f 3879 3951 3950
f 3879 3880 3951
f 3880 3952 3951
f 3880 3881 3952
f 3881 3953 3952
f 3881 3882 3953
f 3882 3954 3953
f 3882 3883 3954
f 3883 3955 3954
f 3883 3884 3955
f 3884 3956 3955
f 3884 3885 3956
f 3885 3957 3956
f 3885 3886 3957
f 3886 3958 3957
f 3886 3887 3958
f 3887 3959 3958
f 3887 3888 3959
f 3888 3960 3959
f 3888 3817 3960
f 3817 3889 3960
f 3889 3890 3961
f 3890 3962 3961
f 3890 3891 3962
f 3891 3963 3962
f 3891 3892 3963
f 3892 3964 3963
f 3892 3893 3964
f 3893 3965 3964
f 3893 3894 3965
f 3894 3966 3965
f 3894 3895 3966
f 3895 3967 3966
f 3895 3896 3967
f 3896 3968 3967
f 3896 3897 3968
f 3897 3969 3968
f 3897 3898 3969
f 3898 3970 3969
f 3898 3899 3970
f 3899 3971 3970
f 3899 3900 3971
f 3900 3972 3971
f 3900 3901 3972
f 3901 3973 3972
f 3901 3902 3973
f 3902 3974 3973
f 3902 3903 3974
f 3903 3975 3974
f 3903 3904 3975
f 3904 3976 3975
f 3904 3905 3976
f 3905 3977 3976
f 3905 3906 3977
f 3906 3978 3977
f 3906 3907 3978
f 3907 3979 3978
f 3907 3908 3979
f 3908 3980 3979
f 3908 3909 3980
f 3909 3981 3980
f 3909 3910 3981
f 3910 3982 3981
f 3910 3911 3982
f 3911 3983 3982
f 3911 3912 3983
f 3912 3984 3983
f 3912 3913 3984
f 3913 3985 3984
f 3913 3914 3985
f 3914 3986 3985
f 3914 3915 3986
f 3915 3987 3986
f 3915 3916 3987
f 3916 3988 3987
f 3916 3917 3988
f 3917 3989 3988
f 3917 3918 3989
f 3918 3990 3989
f 3918 3919 3990
f 3919 3991 3990
f 3919 3920 3991
f 3920 3992 3991
f 3920 3921 3992
f 3921 3993 3992
f 3921 3922 3993
f 3922 3994 3993
f 3922 3923 3994
f 3923 3995 3994
f 3923 3924 3995
f 3924 3996 3995
f 3924 3925 3996
f 3925 3997 3996
f 3925 3926 3997
f 3926 3998 3997
f 3926 3927 3998
f 3927 3999 3998
f 3927 3928 3999
f 3928 4000 3999
f 3928 3929 4000
f 3929 4001 4000
f 3929 3930 4001
f 3930 4002 4001
f 3930 3931 4002
f 3931 4003 4002
f 3931 3932 4003
f 3932 4004 4003
f 3932 3933 4004
f 3933 4005 4004
f 3933 3934 4005
f 3934 4006 4005
f 3934 3935 4006
f 3935 4007 4006
f 3935 3936 4007
f 3936 4008 4007
f 3936 3937 4008
f 3937 4009 4008
f 3937 3938 4009
f 3938 4010 4009
f 3938 3939 4010
f 3939 4011 4010
f 3939 3940 4011
f 3940 4012 4011
f 3940 3941 4012
f 3941 4013 4012
f 3941 3942 4013
f 3942 4014 4013
f 3942 3943 4014
f 3943 4015 4014
f 3943 3944 4015
f 3944 4016 4015
f 3944 3945 4016
f 3945 4017 4016
f 3945 3946 4017
f 3946 4018 4017
f 3946 3947 4018
f 3947 4019 4018
f 3947 3948 4019
f 3948 4020 4019
f 3948 3949 4020
f 3949 4021 4020
f 3949 3950 4021
f 3950 4022 4021
f 3950 3951 4022
f 3951 4023 4022
f 3951 3952 4023
f 3952 4024 4023
f 3952 3953 4024
f 3953 4025 4024
f 3953 3954 4025
f 3954 4026 4025
f 3954 3955 4026
f 3955 4027 4026
f 3955 3956 4027
f 3956 4028 4027
f 3956 3957 4028
f 3957 4029 4028
f 3957 3958 4029
f 3958 4030 4029
f 3958 3959 4030
f 3959 4031 4030
f 3959 3960 4031
f 3960 4032 4031
f 3960 3889 4032
f 3889 3961 4032
f 3961 3962 4033
f 3962 4034 4033
f 3962 3963 4034
f 3963 4035 4034
f 3963 3964 4035
f 3964 4036 4035
f 3964 3965 4036
f 3965 4037 4036
f 3965 3966 4037
f 3966 4038 4037
f 3966 3967 4038
f 3967 4039 4038
f 3967 3968 4039
f 3968 4040 4039
f 3968 3969 4040
f 3969 4041 4040
f 3969 3970 4041
f 3970 4042 4041
f 3970 3971 4042
f 3971 4043 4042
f 3971 3972 4043
f 3972 4044 4043
f 3972 3973 4044
f 3973 4045 4044
f 3973 3974 4045
f 3974 4046 4045
f 3974 3975 4046
f 3975 4047 4046
f 3975 3976 4047
f 3976 4048 4047
f 3976 3977 4048
f 3977 4049 4048
f 3977 3978 4049
f 3978 4050 4049
f 3978 3979 4050
f 3979 4051 4050
f 3979 3980 4051
f 3980 4052 4051
f 3980 3981 4052
f 3981 4053 4052
f 3981 3982 4053
f 3982 4054 4053
f 3982 3983 4054
f 3983 4055 4054
f 3983 3984 4055
f 3984 4056 4055
f 3984 3985 4056
f 3985 4057 4056
f 3985 3986 4057
f 3986 4058 4057
f 3986 3987 4058
f 3987 4059 4058
f 3987 3988 4059
f 3988 4060 4059
f 3988 3989 4060
f 3989 4061 4060
f 3989 3990 4061
f 3990 4062 4061
f 3990 3991 4062
f 3991 4063 4062
f 3991 3992 4063
f 3992 4064 4063
f 3992 3993 4064
f 3993 4065 4064
f 3993 3994 4065
f 3994 4066 4065
f 3994 3995 4066
f 3995 4067 4066
f 3995 3996 4067
f 3996 4068 4067
f 3996 3997 4068
f 3997 4069 4068
f 3997 3998 4069
f 3998 4070 4069
f 3998 3999 4070
f 3999 4071 4070
f 3999 4000 4071
f 4000 4072 4071
f 4000 4001 4072
f 4001 4073 4072
f 4001 4002 4073
f 4002 4074 4073
f 4002 4003 4074
f 4003 4075 4074
f 4003 4004 4075
f 4004 4076 4075
f 4004 4005 4076
f 4005 4077 4076
f 4005 4006 4077
f 4006 4078 4077
f 4006 4007 4078
f 4007 4079 4078
f 4007 4008 4079
f 4008 4080 4079
f 4008 4009 4080
f 4009 4081 4080
f 4009 4010 4081
f 4010 4082 4081
f 4010 4011 4082
f 4011 4083 4082
f 4011 4012 4083
f 4012 4084 4083
f 4012 4013 4084
f 4013 4085 4084
f 4013 4014 4085
f 4014 4086 4085
f 4014 4015 4086
f 4015 4087 4086
f 4015 4016 4087
f 4016 4088 4087
f 4016 4017 4088
f 4017 4089 4088
f 4017 4018 4089
f 4018 4090 4089
f 4018 4019 4090
f 4019 4091 4090
f 4019 4020 4091
f 4020 4092 4091
f 4020 4021 4092
f 4021 4093 4092
f 4021 4022 4093
f 4022 4094 4093
f 4022 4023 4094
f 4023 4095 4094
f 4023 4024 4095
f 4024 4096 4095
f 4024 4025 4096
f 4025 4097 4096
f 4025 4026 4097
f 4026 4098 4097
f 4026 4027 4098
f 4027 4099 4098
f 4027 4028 4099
f 4028 4100 4099
f 4028 4029 4100
f 4029 4101 4100
f 4029 4030 4101
f 4030 4102 4101
f 4030 4031 4102
f 4031 4103 4102
f 4031 4032 4103
f 4032 4104 4103
f 4032 3961 4104
f 3961 4033 4104
f 4033 4034 4105
f 4034 4106 4105
f 4034 4035 4106
f 4035 4107 4106
f 4035 4036 4107
f 4036 4108 4107
f 4036 4037 4108
f 4037 4109 4108
f 4037 4038 4109
f 4038 4110 4109
f 4038 4039 4110
f 4039 4111 4110
f 4039 4040 4111
f 4040 4112 4111
f 4040 4041 4112
f 4041 4113 4112
f 4041 4042 4113
f 4042 4114 4113
f 4042 4043 4114
f 4043 4115 4114
f 4043 4044 4115
f 4044 4116 4115
f 4044 4045 4116
f 4045 4117 4116
f 4045 4046 4117
f 4046 4118 4117
f 4046 4047 4118
f 4047 4119 4118
f 4047 4048 4119
f 4048 4120 4119
f 4048 4049 4120
f 4049 4121 4120
f 4049 4050 4121
f 4050 4122 4121
f 4050 4051 4122
f 4051 4123 4122
f 4051 4052 4123
f 4052 4124 4123
f 4052 4053 4124
f 4053 4125 4124
f 4053 4054 4125
f 4054 4126 4125
f 4054 4055 4126
f 4055 4127 4126
f 4055 4056 4127
f 4056 4128 4127
f 4056 4057 4128
f 4057 4129 4128
f 4057 4058 4129
f 4058 4130 4129
f 4058 4059 4130
f 4059 4131 4130
f 4059 4060 4131
f 4060 4132 4131
f 4060 4061 4132
f 4061 4133 4132
f 4061 4062 4133
f 4062 4134 4133
f 4062 4063 4134
f 4063 4135 4134
f 4063 4064 4135
f 4064 4136 4135
f 4064 4065 4136
f 4065 4137 4136
f 4065 4066 4137
f 4066 4138 4137
f 4066 4067 4138
f 4067 4139 4138
f 4067 4068 4139
f 4068 4140 4139
f 4068 4069 4140
f 4069 4141 4140
f 4069 4070 4141
f 4070 4142 4141
f 4070 4071 4142
f 4071 4143 4142
f 4071 4072 4143
f 4072 4144 4143
f 4072 4073 4144
f 4073 4145 4144
f 4073 4074 4145
f 4074 4146 4145
f 4074 4075 4146
f 4075 4147 4146
f 4075 4076 4147
f 4076 4148 4147
f 4076 4077 4148
f 4077 4149 4148
f 4077 4078 4149
f 4078 4150 4149
f 4078 4079 4150
f 4079 4151 4150
f 4079 4080 4151
f 4080 4152 4151
f 4080 4081 4152
f 4081 4153 4152
f 4081 4082 4153
f 4082 4154 4153
f 4082 4083 4154
f 4083 4155 4154
f 4083 4084 4155
f 4084 4156 4155
f 4084 4085 4156
f 4085 4157 4156
f 4085 4086 4157
f 4086 4158 4157
f 4086 4087 4158
f 4087 4159 4158
f 4087 4088 4159
f 4088 4160 4159
f 4088 4089 4160
f 4089 4161 4160
f 4089 4090 4161
f 4090 4162 4161
f 4090 4091 4162
f 4091 4163 4162
f 4091 4092 4163
f 4092 4164 4163
f 4092 4093 4164
f 4093 4165 4164
f 4093 4094 4165
f 4094 4166 4165
f 4094 4095 4166
f 4095 4167 4166
f 4095 4096 4167
f 4096 4168 4167
f 4096 4097 4168
f 4097 4169 4168
f 4097 4098 4169
f 4098 4170 4169
f 4098 4099 4170
f 4099 4171 4170
f 4099 4100 4171
f 4100 4172 4171
f 4100 4101 4172
f 4101 4173 4172
f 4101 4102 4173
f 4102 4174 4173
f 4102 4103 4174
f 4103 4175 4174
f 4103 4104 4175
f 4104 4176 4175
f 4104 4033 4176
f 4033 4105 4176
f 4105 4106 4177
f 4106 4178 4177
f 4106 4107 4178
f 4107 4179 4178
f 4107 4108 4179
f 4108 4180 4179
f 4108 4109 4180
f 4109 4181 4180
f 4109 4110 4181
f 4110 4182 4181
f 4110 4111 4182
f 4111 4183 4182
f 4111 4112 4183
f 4112 4184 4183
f 4112 4113 4184
f 4113 4185 4184
f 4113 4114 4185
f 4114 4186 4185
f 4114 4115 4186
f 4115 4187 4186
f 4115 4116 4187
f 4116 4188 4187
f 4116 4117 4188
f 4117 4189 4188
f 4117 4118 4189
f 4118 4190 4189
f 4118 4119 4190
f 4119 4191 4190
f 4119 4120 4191
f 4120 4192 4191
f 4120 4121 4192
f 4121 4193 4192
f 4121 4122 4193
f 4122 4194 4193
f 4122 4123 4194
f 4123 4195 4194
f 4123 4124 4195
f 4124 4196 4195
f 4124 4125 4196
f 4125 4197 4196
f 4125 4126 4197
f 4126 4198 4197
f 4126 4127 4198
f 4127 4199 4198
f 4127 4128 4199
f 4128 4200 4199
f 4128 4129 4200
f 4129 4201 4200
f 4129 4130 4201
f 4130 4202 4201
f 4130 4131 4202
f 4131 4203 4202
f 4131 4132 4203
f 4132 4204 4203
f 4132 4133 4204
f 4133 4205 4204
f 4133 4134 4205
f 4134 4206 4205
f 4134 4135 4206
f 4135 4207 4206
f 4135 4136 4207
f 4136 4208 4207
f 4136 4137 4208
f 4137 4209 4208
f 4137 4138 4209
f 4138 4210 4209
f 4138 4139 4210
f 4139 4211 4210
f 4139 4140 4211
f 4140 4212 4211
f 4140 4141 4212
f 4141 4213 4212
f 4141 4142 4213
f 4142 4214 4213
f 4142 4143 4214
f 4143 4215 4214
f 4143 4144 4215
f 4144 4216 4215
f 4144 4145 4216
f 4145 4217 4216
f 4145 4146 4217
f 4146 4218 4217
f 4146 4147 4218
f 4147 4219 4218
f 4147 4148 4219
f 4148 4220 4219
f 4148 4149 4220
f 4149 4221 4220
f 4149 4150 4221
f 4150 4222 4221
f 4150 4151 4222
f 4151 4223 4222
f 4151 4152 4223
f 4152 4224 4223
f 4152 4153 4224
f 4153 4225 4224
f 4153 4154 4225
f 4154 4226 4225
f 4154 4155 4226
f 4155 4227 4226
f 4155 4156 4227
f 4156 4228 4227
f 4156 4157 4228
f 4157 4229 4228
f 4157 4158 4229
f 4158 4230 4229
f 4158 4159 4230
f 4159 4231 4230
f 4159 4160 4231
f 4160 4232 4231
f 4160 4161 4232
f 4161 4233 4232
f 4161 4162 4233
f 4162 4234 4233
f 4162 4163 4234
f 4163 4235 4234
f 4163 4164 4235
f 4164 4236 4235
f 4164 4165 4236
f 4165 4237 4236
f 4165 4166 4237
f 4166 4238 4237
f 4166 4167 4238
f 4167 4239 4238
f 4167 4168 4239
f 4168 4240 4239
f 4168 4169 4240
f 4169 4241 4240
f 4169 4170 4241
f 4170 4242 4241
f 4170 4171 4242
f 4171 4243 4242
f 4171 4172 4243
f 4172 4244 4243
f 4172 4173 4244
f 4173 4245 4244
f 4173 4174 4245
f 4174 4246 4245
f 4174 4175 4246
f 4175 4247 4246
f 4175 4176 4247
f 4176 4248 4247
f 4176 4105 4248
f 4105 4177 4248
f 4177 4178 4249
f 4178 4250 4249
f 4178 4179 4250
f 4179 4251 4250
f 4179 4180 4251
f 4180 4252 4251
f 4180 4181 4252
f 4181 4253 4252
f 4181 4182 4253
f 4182 4254 4253
f 4182 4183 4254
f 4183 4255 4254
f 4183 4184 4255
f 4184 4256 4255
f 4184 4185 4256
f 4185 4257 4256
f 4185 4186 4257
f 4186 4258 4257
f 4186 4187 4258
f 4187 4259 4258
f 4187 4188 4259
f 4188 4260 4259
f 4188 4189 4260
f 4189 4261 4260
f 4189 4190 4261
f 4190 4262 4261
f 4190 4191 4262
f 4191 4263 4262
f 4191 4192 4263
f 4192 4264 4263
f 4192 4193 4264
f 4193 4265 4264
f 4193 4194 4265
f 4194 4266 4265
f 4194 4195 4266
f 4195 4267 4266
f 4195 4196 4267
f 4196 4268 4267
f 4196 4197 4268
f 4197 4269 4268
f 4197 4198 4269
f 4198 4270 4269
f 4198 4199 4270
f 4199 4271 4270
f 4199 4200 4271
f 4200 4272 4271
f 4200 4201 4272
f 4201 4273 4272
f 4201 4202 4273
f 4202 4274 4273
f 4202 4203 4274
f 4203 4275 4274
f 4203 4204 4275
f 4204 4276 4275
f 4204 4205 4276
f 4205 4277 4276
f 4205 4206 4277
f 4206 4278 4277
f 4206 4207 4278
f 4207 4279 4278
f 4207 4208 4279
f 4208 4280 4279
f 4208 4209 4280
f 4209 4281 4280
f 4209 4210 4281
f 4210 4282 4281
f 4210 4211 4282
f 4211 4283 4282
f 4211 4212 4283
f 4212 4284 4283
f 4212 4213 4284
f 4213 4285 4284
f 4213 4214 4285
f 4214 4286 4285
f 4214 4215 4286
f 4215 4287 4286
f 4215 4216 4287
f 4216 4288 4287
f 4216 4217 4288
f 4217 4289 4288
f 4217 4218 4289
f 4218 4290 4289
f 4218 4219 4290
f 4219 4291 4290
f 4219 4220 4291
f 4220 4292 4291
f 4220 4221 4292
f 4221 4293 4292
f 4221 4222 4293
f 4222 4294 4293
f 4222 4223 4294
f 4223 4295 4294
f 4223 4224 4295
f 4224 4296 4295
f 4224 4225 4296
f 4225 4297 4296
f 4225 4226 4297
f 4226 4298 4297
f 4226 4227 4298
f 4227 4299 4298
f 4227 4228 4299
f 4228 4300 4299
f 4228 4229 4300
f 4229 4301 4300
f 4229 4230 4301
f 4230 4302 4301
f 4230 4231 4302
f 4231 4303 4302
f 4231 4232 4303
f 4232 4304 4303
f 4232 4233 4304
f 4233 4305 4304
f 4233 4234 4305
f 4234 4306 4305
f 4234 4235 4306
f 4235 4307 4306
f 4235 4236 4307
f 4236 4308 4307
f 4236 4237 4308
f 4237 4309 4308
f 4237 4238 4309
f 4238 4310 4309
f 4238 4239 4310
f 4239 4311 4310
f 4239 4240 4311
f 4240 4312 4311
f 4240 4241 4312
f 4241 4313 4312
f 4241 4242 4313
f 4242 4314 4313
f 4242 4243 4314
f 4243 4315 4314
f 4243 4244 4315
f 4244 4316 4315
f 4244 4245 4316
f 4245 4317 4316
f 4245 4246 4317
f 4246 4318 4317
f 4246 4247 4318
f 4247 4319 4318
f 4247 4248 4319
f 4248 4320 4319
f 4248 4177 4320
f 4177 4249 4320
f 4249 4250 4321
f 4250 4322 4321
f 4250 4251 4322
f 4251 4323 4322
f 4251 4252 4323
f 4252 4324 4323
f 4252 4253 4324
f 4253 4325 4324
f 4253 4254 4325
f 4254 4326 4325
f 4254 4255 4326
f 4255 4327 4326
f 4255 4256 4327
f 4256 4328 4327
f 4256 4257 4328
f 4257 4329 4328
f 4257 4258 4329
f 4258 4330 4329
f 4258 4259 4330
f 4259 4331 4330
f 4259 4260 4331
f 4260 4332 4331
f 4260 4261 4332
f 4261 4333 4332
f 4261 4262 4333
f 4262 4334 4333
f 4262 4263 4334
f 4263 4335 4334
f 4263 4264 4335
f 4264 4336 4335
f 4264 4265 4336
f 4265 4337 4336
f 4265 4266 4337
f 4266 4338 4337
f 4266 4267 4338
f 4267 4339 4338
f 4267 4268 4339
f 4268 4340 4339
f 4268 4269 4340
f 4269 4341 4340
f 4269 4270 4341
f 4270 4342 4341
f 4270 4271 4342
f 4271 4343 4342
f 4271 4272 4343
f 4272 4344 4343
f 4272 4273 4344
f 4273 4345 4344
f 4273 4274 4345
f 4274 4346 4345
f 4274 4275 4346
f 4275 4347 4346
f 4275 4276 4347
f 4276 4348 4347
f 4276 4277 4348
f 4277 4349 4348
f 4277 4278 4349
f 4278 4350 4349
f 4278 4279 4350
f 4279 4351 4350
f 4279 4280 4351
f 4280 4352 4351
f 4280 4281 4352
f 4281 4353 4352
f 4281 4282 4353
f 4282 4354 4353
f 4282 4283 4354
f 4283 4355 4354
f 4283 4284 4355
f 4284 4356 4355
f 4284 4285 4356
f 4285 4357 4356
f 4285 4286 4357
f 4286 4358 4357
f 4286 4287 4358
f 4287 4359 4358
f 4287 4288 4359
f 4288 4360 4359
f 4288 4289 4360
f 4289 4361 4360
f 4289 4290 4361
f 4290 4362 4361
f 4290 4291 4362
f 4291 4363 4362
f 4291 4292 4363
f 4292 4364 4363
f 4292 4293 4364
f 4293 4365 4364
f 4293 4294 4365
f 4294 4366 4365
f 4294 4295 4366
f 4295 4367 4366
f 4295 4296 4367
f 4296 4368 4367
f 4296 4297 4368
f 4297 4369 4368
f 4297 4298 4369
f 4298 4370 4369
f 4298 4299 4370
f 4299 4371 4370
f 4299 4300 4371
f 4300 4372 4371
f 4300 4301 4372
f 4301 4373 4372
f 4301 4302 4373
f 4302 4374 4373
f 4302 4303 4374
f 4303 4375 4374
f 4303 4304 4375
f 4304 4376 4375
f 4304 4305 4376
f 4305 4377 4376
f 4305 4306 4377
f 4306 4378 4377
f 4306 4307 4378
f 4307 4379 4378
f 4307 4308 4379
f 4308 4380 4379
f 4308 4309 4380
f 4309 4381 4380
f 4309 4310 4381
f 4310 4382 4381
f 4310 4311 4382
f 4311 4383 4382
f 4311 4312 4383
f 4312 4384 4383
f 4312 4313 4384
f 4313 4385 4384
f 4313 4314 4385
f 4314 4386 4385
f 4314 4315 4386
f 4315 4387 4386
f 4315 4316 4387
f 4316 4388 4387
f 4316 4317 4388
f 4317 4389 4388
f 4317 4318 4389
f 4318 4390 4389
f 4318 4319 4390
f 4319 4391 4390
f 4319 4320 4391
f 4320 4392 4391
f 4320 4249 4392
f 4249 4321 4392
f 4321 4322 4393
f 4322 4394 4393
f 4322 4323 4394
f 4323 4395 4394
f 4323 4324 4395
f 4324 4396 4395
f 4324 4325 4396
f 4325 4397 4396
f 4325 4326 4397
f 4326 4398 4397
f 4326 4327 4398
f 4327 4399 4398
f 4327 4328 4399
f 4328 4400 4399
f 4328 4329 4400
f 4329 4401 4400
f 4329 4330 4401
f 4330 4402 4401
f 4330 4331 4402
f 4331 4403 4402
f 4331 4332 4403
f 4332 4404 4403
f 4332 4333 4404
f 4333 4405 4404
f 4333 4334 4405
f 4334 4406 4405
f 4334 4335 4406
f 4335 4407 4406
f 4335 4336 4407
f 4336 4408 4407
f 4336 4337 4408
f 4337 4409 4408
f 4337 4338 4409
f 4338 4410 4409
f 4338 4339 4410
f 4339 4411 4410
f 4339 4340 4411
f 4340 4412 4411
f 4340 4341 4412
f 4341 4413 4412
f 4341 4342 4413
f 4342 4414 4413
f 4342 4343 4414
f 4343 4415 4414
f 4343 4344 4415
f 4344 4416 4415
f 4344 4345 4416
f 4345 4417 4416
f 4345 4346 4417
f 4346 4418 4417
f 4346 4347 4418
f 4347 4419 4418
f 4347 4348 4419
f 4348 4420 4419
f 4348 4349 4420
f 4349 4421 4420
f 4349 4350 4421
f 4350 4422 4421
f 4350 4351 4422
f 4351 4423 4422
f 4351 4352 4423
f 4352 4424 4423
f 4352 4353 4424
f 4353 4425 4424
f 4353 4354 4425
f 4354 4426 4425
f 4354 4355 4426
f 4355 4427 4426
f 4355 4356 4427
f 4356 4428 4427
f 4356 4357 4428
f 4357 4429 4428
f 4357 4358 4429
f 4358 4430 4429
f 4358 4359 4430
f 4359 4431 4430
f 4359 4360 4431
f 4360 4432 4431
f 4360 4361 4432
f 4361 4433 4432
f 4361 4362 4433
f 4362 4434 4433
f 4362 4363 4434
f 4363 4435 4434
f 4363 4364 4435
f 4364 4436 4435
f 4364 4365 4436
f 4365 4437 4436
f 4365 4366 4437
f 4366 4438 4437
f 4366 4367 4438
f 4367 4439 4438
f 4367 4368 4439
f 4368 4440 4439
f 4368 4369 4440
f 4369 4441 4440
f 4369 4370 4441
f 4370 4442 4441
f 4370 4371 4442
f 4371 4443 4442
f 4371 4372 4443
f 4372 4444 4443
f 4372 4373 4444
f 4373 4445 4444
f 4373 4374 4445
f 4374 4446 4445
f 4374 4375 4446
f 4375 4447 4446
f 4375 4376 4447
f 4376 4448 4447
f 4376 4377 4448
f 4377 4449 4448
f 4377 4378 4449
f 4378 4450 4449
f 4378 4379 4450
f 4379 4451 4450
f 4379 4380 4451
f 4380 4452 4451
f 4380 4381 4452
f 4381 4453 4452
f 4381 4382 4453
f 4382 4454 4453
f 4382 4383 4454
f 4383 4455 4454
f 4383 4384 4455
f 4384 4456 4455
f 4384 4385 4456
f 4385 4457 4456
f 4385 4386 4457
f 4386 4458 4457
f 4386 4387 4458
f 4387 4459 4458
f 4387 4388 4459
f 4388 4460 4459
f 4388 4389 4460
f 4389 4461 4460
f 4389 4390 4461
f 4390 4462 4461
f 4390 4391 4462
f 4391 4463 4462
f 4391 4392 4463
f 4392 4464 4463
f 4392 4321 4464
f 4321 4393 4464
f 4393 4394 4465
f 4394 4466 4465
f 4394 4395 4466
f 4395 4467 4466
f 4395 4396 4467
f 4396 4468 4467
f 4396 4397 4468
f 4397 4469 4468
f 4397 4398 4469
f 4398 4470 4469
f 4398 4399 4470
f 4399 4471 4470
f 4399 4400 4471
f 4400 4472 4471
f 4400 4401 4472
f 4401 4473 4472
f 4401 4402 4473
f 4402 4474 4473
f 4402 4403 4474
f 4403 4475 4474
f 4403 4404 4475
f 4404 4476 4475
f 4404 4405 4476
f 4405 4477 4476
f 4405 4406 4477
f 4406 4478 4477
f 4406 4407 4478
f 4407 4479 4478
f 4407 4408 4479
f 4408 4480 4479
f 4408 4409 4480
f 4409 4481 4480
f 4409 4410 4481
f 4410 4482 4481
f 4410 4411 4482
f 4411 4483 4482
f 4411 4412 4483
f 4412 4484 4483
f 4412 4413 4484
f 4413 4485 4484
f 4413 4414 4485
f 4414 4486 4485
f 4414 4415 4486
f 4415 4487 4486
f 4415 4416 4487
f 4416 4488 4487
f 4416 4417 4488
f 4417 4489 4488
f 4417 4418 4489
f 4418 4490 4489
f 4418 4419 4490
f 4419 4491 4490
f 4419 4420 4491
f 4420 4492 4491
f 4420 4421 4492
f 4421 4493 4492
f 4421 4422 4493
f 4422 4494 4493
f 4422 4423 4494
f 4423 4495 4494
f 4423 4424 4495
f 4424 4496 4495
f 4424 4425 4496
f 4425 4497 4496
f 4425 4426 4497
f 4426 4498 4497
f 4426 4427 4498
f 4427 4499 4498
f 4427 4428 4499
f 4428 4500 4499
f 4428 4429 4500
f 4429 4501 4500
f 4429 4430 4501
f 4430 4502 4501
f 4430 4431 4502
f 4431 4503 4502
f 4431 4432 4503
f 4432 4504 4503
f 4432 4433 4504
f 4433 4505 4504
f 4433 4434 4505
f 4434 4506 4505
f 4434 4435 4506
f 4435 4507 4506
f 4435 4436 4507
f 4436 4508 4507
f 4436 4437 4508
f 4437 4509 4508
f 4437 4438 4509
f 4438 4510 4509
f 4438 4439 4510
f 4439 4511 4510
f 4439 4440 4511
f 4440 4512 4511
f 4440 4441 4512
f 4441 4513 4512
f 4441 4442 4513
f 4442 4514 4513
f 4442 4443 4514
f 4443 4515 4514
f 4443 4444 4515
f 4444 4516 4515
f 4444 4445 4516
f 4445 4517 4516
f 4445 4446 4517
f 4446 4518 4517
f 4446 4447 4518
f 4447 4519 4518
f 4447 4448 4519
f 4448 4520 4519
f 4448 4449 4520
f 4449 4521 4520
f 4449 4450 4521
f 4450 4522 4521
f 4450 4451 4522
f 4451 4523 4522
f 4451 4452 4523
f 4452 4524 4523
f 4452 4453 4524
f 4453 4525 4524
f 4453 4454 4525
f 4454 4526 4525
f 4454 4455 4526
f 4455 4527 4526
f 4455 4456 4527
f 4456 4528 4527
f 4456 4457 4528
f 4457 4529 4528
f 4457 4458 4529
f 4458 4530 4529
f 4458 4459 4530
f 4459 4531 4530
f 4459 4460 4531
f 4460 4532 4531
f 4460 4461 4532
f 4461 4533 4532
f 4461 4462 4533
f 4462 4534 4533
f 4462 4463 4534
f 4463 4535 4534
f 4463 4464 4535
f 4464 4536 4535
f 4464 4393 4536
f 4393 4465 4536
f 4465 4466 4537
f 4466 4538 4537
f 4466 4467 4538
f 4467 4539 4538
f 4467 4468 4539
f 4468 4540 4539
f 4468 4469 4540
f 4469 4541 4540
f 4469 4470 4541
f 4470 4542 4541
f 4470 4471 4542
f 4471 4543 4542
f 4471 4472 4543
f 4472 4544 4543
f 4472 4473 4544
f 4473 4545 4544
f 4473 4474 4545
f 4474 4546 4545
f 4474 4475 4546
f 4475 4547 4546
f 4475 4476 4547
f 4476 4548 4547
f 4476 4477 4548
f 4477 4549 4548
f 4477 4478 4549
f 4478 4550 4549
f 4478 4479 4550
f 4479 4551 4550
f 4479 4480 4551
f 4480 4552 4551
f 4480 4481 4552
f 4481 4553 4552
f 4481 4482 4553
f 4482 4554 4553
f 4482 4483 4554
f 4483 4555 4554
f 4483 4484 4555
f 4484 4556 4555
f 4484 4485 4556
f 4485 4557 4556
f 4485 4486 4557
f 4486 4558 4557
f 4486 4487 4558
f 4487 4559 4558
f 4487 4488 4559
f 4488 4560 4559
f 4488 4489 4560
f 4489 4561 4560
f 4489 4490 4561
f 4490 4562 4561
f 4490 4491 4562
f 4491 4563 4562
f 4491 4492 4563
f 4492 4564 4563
f 4492 4493 4564
f 4493 4565 4564
f 4493 4494 4565
f 4494 4566 4565
f 4494 4495 4566
f 4495 4567 4566
f 4495 4496 4567
f 4496 4568 4567
f 4496 4497 4568
f 4497 4569 4568
f 4497 4498 4569
f 4498 4570 4569
f 4498 4499 4570
f 4499 4571 4570
f 4499 4500 4571
f 4500 4572 4571
f 4500 4501 4572
f 4501 4573 4572
f 4501 4502 4573
f 4502 4574 4573
f 4502 4503 4574
f 4503 4575 4574
f 4503 4504 4575
f 4504 4576 4575
f 4504 4505 4576
f 4505 4577 4576
f 4505 4506 4577
f 4506 4578 4577
f 4506 4507 4578
f 4507 4579 4578
f 4507 4508 4579
f 4508 4580 4579
f 4508 4509 4580
f 4509 4581 4580
f 4509 4510 4581
f 4510 4582 4581
f 4510 4511 4582
f 4511 4583 4582
f 4511 4512 4583
f 4512 4584 4583
f 4512 4513 4584
f 4513 4585 4584
f 4513 4514 4585
f 4514 4586 4585
f 4514 4515 4586
f 4515 4587 4586
f 4515 4516 4587
f 4516 4588 4587
f 4516 4517 4588
f 4517 4589 4588
f 4517 4518 4589
f 4518 4590 4589
f 4518 4519 4590
f 4519 4591 4590
f 4519 4520 4591
f 4520 4592 4591
f 4520 4521 4592
f 4521 4593 4592
f 4521 4522 4593
f 4522 4594 4593
f 4522 4523 4594
f 4523 4595 4594
f 4523 4524 4595
f 4524 4596 4595
f 4524 4525 4596
f 4525 4597 4596
f 4525 4526 4597
f 4526 4598 4597
f 4526 4527 4598
f 4527 4599 4598
f 4527 4528 4599
f 4528 4600 4599
f 4528 4529 4600
f 4529 4601 4600
f 4529 4530 4601
f 4530 4602 4601
f 4530 4531 4602
f 4531 4603 4602
f 4531 4532 4603
f 4532 4604 4603
f 4532 4533 4604
f 4533 4605 4604
f 4533 4534 4605
f 4534 4606 4605
f 4534 4535 4606
f 4535 4607 4606
f 4535 4536 4607
f 4536 4608 4607
f 4536 4465 4608
f 4465 4537 4608
f 4537 4538 4609
f 4538 4610 4609
f 4538 4539 4610
f 4539 4611 4610
f 4539 4540 4611
f 4540 4612 4611
f 4540 4541 4612
f 4541 4613 4612
f 4541 4542 4613
f 4542 4614 4613
f 4542 4543 4614
f 4543 4615 4614
f 4543 4544 4615
f 4544 4616 4615
f 4544 4545 4616
f 4545 4617 4616
f 4545 4546 4617
f 4546 4618 4617
f 4546 4547 4618
f 4547 4619 4618
f 4547 4548 4619
f 4548 4620 4619
f 4548 4549 4620
f 4549 4621 4620
f 4549 4550 4621
f 4550 4622 4621
f 4550 4551 4622
f 4551 4623 4622
f 4551 4552 4623
f 4552 4624 4623
f 4552 4553 4624
f 4553 4625 4624
f 4553 4554 4625
f 4554 4626 4625
f 4554 4555 4626
f 4555 4627 4626
f 4555 4556 4627
f 4556 4628 4627
f 4556 4557 4628
f 4557 4629 4628
f 4557 4558 4629
f 4558 4630 4629
f 4558 4559 4630
f 4559 4631 4630
f 4559 4560 4631
f 4560 4632 4631
f 4560 4561 4632
f 4561 4633 4632
f 4561 4562 4633
f 4562 4634 4633
f 4562 4563 4634
f 4563 4635 4634
f 4563 4564 4635
f 4564 4636 4635
f 4564 4565 4636
f 4565 4637 4636
f 4565 4566 4637
f 4566 4638 4637
f 4566 4567 4638
f 4567 4639 4638
f 4567 4568 4639
f 4568 4640 4639
f 4568 4569 4640
f 4569 4641 4640
f 4569 4570 4641
f 4570 4642 4641
f 4570 4571 4642
f 4571 4643 4642
f 4571 4572 4643
f 4572 4644 4643
f 4572 4573 4644
f 4573 4645 4644
f 4573 4574 4645
f 4574 4646 4645
f 4574 4575 4646
f 4575 4647 4646
f 4575 4576 4647
f 4576 4648 4647
f 4576 4577 4648
f 4577 4649 4648
f 4577 4578 4649
f 4578 4650 4649
f 4578 4579 4650
f 4579 4651 4650
f 4579 4580 4651
f 4580 4652 4651
f 4580 4581 4652
f 4581 4653 4652
f 4581 4582 4653
f 4582 4654 4653
f 4582 4583 4654
f 4583 4655 4654
f 4583 4584 4655
f 4584 4656 4655
f 4584 4585 4656
f 4585 4657 4656
f 4585 4586 4657
f 4586 4658 4657
f 4586 4587 4658
f 4587 4659 4658
f 4587 4588 4659
f 4588 4660 4659
f 4588 4589 4660
f 4589 4661 4660
f 4589 4590 4661
f 4590 4662 4661
f 4590 4591 4662
f 4591 4663 4662
f 4591 4592 4663
f 4592 4664 4663
f 4592 4593 4664
f 4593 4665 4664
f 4593 4594 4665
f 4594 4666 4665
f 4594 4595 4666
f 4595 4667 4666
f 4595 4596 4667
f 4596 4668 4667
f 4596 4597 4668
f 4597 4669 4668
f 4597 4598 4669
f 4598 4670 4669
f 4598 4599 4670
f 4599 4671 4670
f 4599 4600 4671
f 4600 4672 4671
f 4600 4601 4672
f 4601 4673 4672
f 4601 4602 4673
f 4602 4674 4673
f 4602 4603 4674
f 4603 4675 4674
f 4603 4604 4675
f 4604 4676 4675
f 4604 4605 4676
f 4605 4677 4676
f 4605 4606 4677
f 4606 4678 4677
f 4606 4607 4678
f 4607 4679 4678
f 4607 4608 4679
f 4608 4680 4679
f 4608 4537 4680
f 4537 4609 4680
f 4609 4610 4681
f 4610 4682 4681
f 4610 4611 4682
f 4611 4683 4682
f 4611 4612 4683
f 4612 4684 4683
f 4612 4613 4684
f 4613 4685 4684
f 4613 4614 4685
f 4614 4686 4685
f 4614 4615 4686
f 4615 4687 4686
f 4615 4616 4687
f 4616 4688 4687
f 4616 4617 4688
f 4617 4689 4688
f 4617 4618 4689
f 4618 4690 4689
f 4618 4619 4690
f 4619 4691 4690
f 4619 4620 4691
f 4620 4692 4691
f 4620 4621 4692
f 4621 4693 4692
f 4621 4622 4693
f 4622 4694 4693
f 4622 4623 4694
f 4623 4695 4694
f 4623 4624 4695
f 4624 4696 4695
f 4624 4625 4696
f 4625 4697 4696
f 4625 4626 4697
f 4626 4698 4697
f 4626 4627 4698
f 4627 4699 4698
f 4627 4628 4699
f 4628 4700 4699
f 4628 4629 4700
f 4629 4701 4700
f 4629 4630 4701
f 4630 4702 4701
f 4630 4631 4702
f 4631 4703 4702
f 4631 4632 4703
f 4632 4704 4703
f 4632 4633 4704
f 4633 4705 4704
f 4633 4634 4705
f 4634 4706 4705
f 4634 4635 4706
f 4635 4707 4706
f 4635 4636 4707
f 4636 4708 4707
f 4636 4637 4708
f 4637 4709 4708
f 4637 4638 4709
f 4638 4710 4709
f 4638 4639 4710
f 4639 4711 4710
f 4639 4640 4711
f 4640 4712 4711
f 4640 4641 4712
f 4641 4713 4712
f 4641 4642 4713
f 4642 4714 4713
f 4642 4643 4714
f 4643 4715 4714
f 4643 4644 4715
f 4644 4716 4715
f 4644 4645 4716
f 4645 4717 4716
f 4645 4646 4717
f 4646 4718 4717
f 4646 4647 4718
f 4647 4719 4718
f 4647 4648 4719
f 4648 4720 4719
f 4648 4649 4720
f 4649 4721 4720
f 4649 4650 4721
f 4650 4722 4721
f 4650 4651 4722
f 4651 4723 4722
f 4651 4652 4723
f 4652 4724 4723
f 4652 4653 4724
f 4653 4725 4724
f 4653 4654 4725
f 4654 4726 4725
f 4654 4655 4726
f 4655 4727 4726
f 4655 4656 4727
f 4656 4728 4727
f 4656 4657 4728
f 4657 4729 4728
f 4657 4658 4729
f 4658 4730 4729
f 4658 4659 4730
f 4659 4731 4730
f 4659 4660 4731
f 4660 4732 4731
f 4660 4661 4732
f 4661 4733 4732
f 4661 4662 4733
f 4662 4734 4733
f 4662 4663 4734
f 4663 4735 4734
f 4663 4664 4735
f 4664 4736 4735
f 4664 4665 4736
f 4665 4737 4736
f 4665 4666 4737
f 4666 4738 4737
f 4666 4667 4738
f 4667 4739 4738
f 4667 4668 4739
f 4668 4740 4739
f 4668 4669 4740
f 4669 4741 4740
f 4669 4670 4741
f 4670 4742 4741
f 4670 4671 4742
f 4671 4743 4742
f 4671 4672 4743
f 4672 4744 4743
f 4672 4673 4744
f 4673 4745 4744
f 4673 4674 4745
f 4674 4746 4745
f 4674 4675 4746
f 4675 4747 4746
f 4675 4676 4747
f 4676 4748 4747
f 4676 4677 4748
f 4677 4749 4748
f 4677 4678 4749
f 4678 4750 4749
f 4678 4679 4750
f 4679 4751 4750
f 4679 4680 4751
f 4680 4752 4751
f 4680 4609 4752
f 4609 4681 4752
f 4681 4682 4753
f 4682 4754 4753
f 4682 4683 4754
f 4683 4755 4754
f 4683 4684 4755
f 4684 4756 4755
f 4684 4685 4756
f 4685 4757 4756
f 4685 4686 4757
f 4686 4758 4757
f 4686 4687 4758
f 4687 4759 4758
f 4687 4688 4759
f 4688 4760 4759
f 4688 4689 4760
f 4689 4761 4760
f 4689 4690 4761
f 4690 4762 4761
f 4690 4691 4762
f 4691 4763 4762
f 4691 4692 4763
f 4692 4764 4763
f 4692 4693 4764
f 4693 4765 4764
f 4693 4694 4765
f 4694 4766 4765
f 4694 4695 4766
f 4695 4767 4766
f 4695 4696 4767
f 4696 4768 4767
f 4696 4697 4768
f 4697 4769 4768
f 4697 4698 4769
f 4698 4770 4769
f 4698 4699 4770
f 4699 4771 4770
f 4699 4700 4771
f 4700 4772 4771
f 4700 4701 4772
f 4701 4773 4772
f 4701 4702 4773
f 4702 4774 4773
f 4702 4703 4774
f 4703 4775 4774
f 4703 4704 4775
f 4704 4776 4775
f 4704 4705 4776
f 4705 4777 4776
f 4705 4706 4777
f 4706 4778 4777
f 4706 4707 4778
f 4707 4779 4778
f 4707 4708 4779
f 4708 4780 4779
f 4708 4709 4780
f 4709 4781 4780
f 4709 4710 4781
f 4710 4782 4781
f 4710 4711 4782
f 4711 4783 4782
f 4711 4712 4783
f 4712 4784 4783
f 4712 4713 4784
f 4713 4785 4784
f 4713 4714 4785
f 4714 4786 4785
f 4714 4715 4786
f 4715 4787 4786
f 4715 4716 4787
f 4716 4788 4787
f 4716 4717 4788
f 4717 4789 4788
f 4717 4718 4789
f 4718 4790 4789
f 4718 4719 4790
f 4719 4791 4790
f 4719 4720 4791
f 4720 4792 4791
f 4720 4721 4792
f 4721 4793 4792
f 4721 4722 4793
f 4722 4794 4793
f 4722 4723 4794
f 4723 4795 4794
f 4723 4724 4795
f 4724 4796 4795
f 4724 4725 4796
f 4725 4797 4796
f 4725 4726 4797
f 4726 4798 4797
f 4726 4727 4798
f 4727 4799 4798
f 4727 4728 4799
f 4728 4800 4799
f 4728 4729 4800
f 4729 4801 4800
f 4729 4730 4801
f 4730 4802 4801
f 4730 4731 4802
f 4731 4803 4802
f 4731 4732 4803
f 4732 4804 4803
f 4732 4733 4804
f 4733 4805 4804
f 4733 4734 4805
f 4734 4806 4805
f 4734 4735 4806
f 4735 4807 4806
f 4735 4736 4807
f 4736 4808 4807
f 4736 4737 4808
f 4737 4809 4808
f 4737 4738 4809
f 4738 4810 4809
f 4738 4739 4810
f 4739 4811 4810
f 4739 4740 4811
f 4740 4812 4811
f 4740 4741 4812
f 4741 4813 4812
f 4741 4742 4813
f 4742 4814 4813
f 4742 4743 4814
f 4743 4815 4814
f 4743 4744 4815
f 4744 4816 4815
f 4744 4745 4816
f 4745 4817 4816
f 4745 4746 4817
f 4746 4818 4817
f 4746 4747 4818
f 4747 4819 4818
f 4747 4748 4819
f 4748 4820 4819
f 4748 4749 4820
f 4749 4821 4820
f 4749 4750 4821
f 4750 4822 4821
f 4750 4751 4822
f 4751 4823 4822
f 4751 4752 4823
f 4752 4824 4823
f 4752 4681 4824
f 4681 4753 4824
f 4753 4754 4825
f 4754 4826 4825
f 4754 4755 4826
f 4755 4827 4826
f 4755 4756 4827
f 4756 4828 4827
f 4756 4757 4828
f 4757 4829 4828
f 4757 4758 4829
f 4758 4830 4829
f 4758 4759 4830
f 4759 4831 4830
f 4759 4760 4831
f 4760 4832 4831
f 4760 4761 4832
f 4761 4833 4832
f 4761 4762 4833
f 4762 4834 4833
f 4762 4763 4834
f 4763 4835 4834
f 4763 4764 4835
f 4764 4836 4835
f 4764 4765 4836
f 4765 4837 4836
f 4765 4766 4837
f 4766 4838 4837
f 4766 4767 4838
f 4767 4839 4838
f 4767 4768 4839
f 4768 4840 4839
f 4768 4769 4840
f 4769 4841 4840
f 4769 4770 4841
f 4770 4842 4841
f 4770 4771 4842
f 4771 4843 4842
f 4771 4772 4843
f 4772 4844 4843
f 4772 4773 4844
f 4773 4845 4844
f 4773 4774 4845
f 4774 4846 4845
f 4774 4775 4846
f 4775 4847 4846
f 4775 4776 4847
f 4776 4848 4847
f 4776 4777 4848
f 4777 4849 4848
f 4777 4778 4849
f 4778 4850 4849
f 4778 4779 4850
f 4779 4851 4850
f 4779 4780 4851
f 4780 4852 4851
f 4780 4781 4852
f 4781 4853 4852
f 4781 4782 4853
f 4782 4854 4853
f 4782 4783 4854
f 4783 4855 4854
f 4783 4784 4855
f 4784 4856 4855
f 4784 4785 4856
f 4785 4857 4856
f 4785 4786 4857
f 4786 4858 4857
f 4786 4787 4858
f 4787 4859 4858
f 4787 4788 4859
f 4788 4860 4859
f 4788 4789 4860
f 4789 4861 4860
f 4789 4790 4861
f 4790 4862 4861
f 4790 4791 4862
f 4791 4863 4862
f 4791 4792 4863
f 4792 4864 4863
f 4792 4793 4864
f 4793 4865 4864
f 4793 4794 4865
f 4794 4866 4865
f 4794 4795 4866
f 4795 4867 4866
f 4795 4796 4867
f 4796 4868 4867
f 4796 4797 4868
f 4797 4869 4868
f 4797 4798 4869
f 4798 4870 4869
f 4798 4799 4870
f 4799 4871 4870
f 4799 4800 4871
f 4800 4872 4871
f 4800 4801 4872
f 4801 4873 4872
f 4801 4802 4873
f 4802 4874 4873
f 4802 4803 4874
f 4803 4875 4874
f 4803 4804 4875
f 4804 4876 4875
f 4804 4805 4876
f 4805 4877 4876
f 4805 4806 4877
f 4806 4878 4877
f 4806 4807 4878
f 4807 4879 4878
f 4807 4808 4879
f 4808 4880 4879
f 4808 4809 4880
f 4809 4881 4880
f 4809 4810 4881
f 4810 4882 4881
f 4810 4811 4882
f 4811 4883 4882
f 4811 4812 4883
f 4812 4884 4883
f 4812 4813 4884
f 4813 4885 4884
f 4813 4814 4885
f 4814 4886 4885
f 4814 4815 4886
f 4815 4887 4886
f 4815 4816 4887
f 4816 4888 4887
f 4816 4817 4888
f 4817 4889 4888
f 4817 4818 4889
f 4818 4890 4889
f 4818 4819 4890
f 4819 4891 4890
f 4819 4820 4891
f 4820 4892 4891
f 4820 4821 4892
f 4821 4893 4892
f 4821 4822 4893
f 4822 4894 4893
f 4822 4823 4894
f 4823 4895 4894
f 4823 4824 4895
f 4824 4896 4895
f 4824 4753 4896
f 4753 4825 4896
f 4825 4826 4897
f 4826 4898 4897
f 4826 4827 4898
f 4827 4899 4898
f 4827 4828 4899
f 4828 4900 4899
f 4828 4829 4900
f 4829 4901 4900
f 4829 4830 4901
f 4830 4902 4901
f 4830 4831 4902
f 4831 4903 4902
f 4831 4832 4903
f 4832 4904 4903
f 4832 4833 4904
f 4833 4905 4904
f 4833 4834 4905
f 4834 4906 4905
f 4834 4835 4906
f 4835 4907 4906
f 4835 4836 4907
f 4836 4908 4907
f 4836 4837 4908
f 4837 4909 4908
f 4837 4838 4909
f 4838 4910 4909
f 4838 4839 4910
f 4839 4911 4910
f 4839 4840 4911
f 4840 4912 4911
f 4840 4841 4912
f 4841 4913 4912
f 4841 4842 4913
f 4842 4914 4913
f 4842 4843 4914
f 4843 4915 4914
f 4843 4844 4915
f 4844 4916 4915
f 4844 4845 4916
f 4845 4917 4916
f 4845 4846 4917
f 4846 4918 4917
f 4846 4847 4918
f 4847 4919 4918
f 4847 4848 4919
f 4848 4920 4919
f 4848 4849 4920
f 4849 4921 4920
f 4849 4850 4921
f 4850 4922 4921
f 4850 4851 4922
f 4851 4923 4922
f 4851 4852 4923
f 4852 4924 4923
f 4852 4853 4924
f 4853 4925 4924
f 4853 4854 4925
f 4854 4926 4925
f 4854 4855 4926
f 4855 4927 4926
f 4855 4856 4927
f 4856 4928 4927
f 4856 4857 4928
f 4857 4929 4928
f 4857 4858 4929
f 4858 4930 4929
f 4858 4859 4930
f 4859 4931 4930
f 4859 4860 4931
f 4860 4932 4931
f 4860 4861 4932
f 4861 4933 4932
f 4861 4862 4933
f 4862 4934 4933
f 4862 4863 4934
f 4863 4935 4934
f 4863 4864 4935
f 4864 4936 4935
f 4864 4865 4936
f 4865 4937 4936
f 4865 4866 4937
f 4866 4938 4937
f 4866 4867 4938
f 4867 4939 4938
f 4867 4868 4939
f 4868 4940 4939
f 4868 4869 4940
f 4869 4941 4940
f 4869 4870 4941
f 4870 4942 4941
f 4870 4871 4942
f 4871 4943 4942
f 4871 4872 4943
f 4872 4944 4943
f 4872 4873 4944
f 4873 4945 4944
f 4873 4874 4945
f 4874 4946 4945
f 4874 4875 4946
f 4875 4947 4946
f 4875 4876 4947
f 4876 4948 4947
f 4876 4877 4948
f 4877 4949 4948
f 4877 4878 4949
f 4878 4950 4949
f 4878 4879 4950
f 4879 4951 4950
f 4879 4880 4951
f 4880 4952 4951
f 4880 4881 4952
f 4881 4953 4952
f 4881 4882 4953
f 4882 4954 4953
f 4882 4883 4954
f 4883 4955 4954
f 4883 4884 4955
f 4884 4956 4955
f 4884 4885 4956
f 4885 4957 4956
f 4885 4886 4957
f 4886 4958 4957
f 4886 4887 4958
f 4887 4959 4958
f 4887 4888 4959
f 4888 4960 4959
f 4888 4889 4960
f 4889 4961 4960
f 4889 4890 4961
f 4890 4962 4961
f 4890 4891 4962
f 4891 4963 4962
f 4891 4892 4963
f 4892 4964 4963
f 4892 4893 4964
f 4893 4965 4964
f 4893 4894 4965
f 4894 4966 4965
f 4894 4895 4966
f 4895 4967 4966
f 4895 4896 4967
f 4896 4968 4967
f 4896 4825 4968
f 4825 4897 4968
f 4897 4898 4969
f 4898 4970 4969
f 4898 4899 4970
f 4899 4971 4970
f 4899 4900 4971
f 4900 4972 4971
f 4900 4901 4972
f 4901 4973 4972
f 4901 4902 4973
f 4902 4974 4973
f 4902 4903 4974
f 4903 4975 4974
f 4903 4904 4975
f 4904 4976 4975
f 4904 4905 4976
f 4905 4977 4976
f 4905 4906 4977
f 4906 4978 4977
f 4906 4907 4978
f 4907 4979 4978
f 4907 4908 4979
f 4908 4980 4979
f 4908 4909 4980
f 4909 4981 4980
f 4909 4910 4981
f 4910 4982 4981
f 4910 4911 4982
f 4911 4983 4982
f 4911 4912 4983
f 4912 4984 4983
f 4912 4913 4984
f 4913 4985 4984
f 4913 4914 4985
f 4914 4986 4985
f 4914 4915 4986
f 4915 4987 4986
f 4915 4916 4987
f 4916 4988 4987
f 4916 4917 4988
f 4917 4989 4988
f 4917 4918 4989
f 4918 4990 4989
f 4918 4919 4990
f 4919 4991 4990
f 4919 4920 4991
f 4920 4992 4991
f 4920 4921 4992
f 4921 4993 4992
f 4921 4922 4993
f 4922 4994 4993
f 4922 4923 4994
f 4923 4995 4994
f 4923 4924 4995
f 4924 4996 4995
f 4924 4925 4996
f 4925 4997 4996
f 4925 4926 4997
f 4926 4998 4997
f 4926 4927 4998
f 4927 4999 4998
f 4927 4928 4999
f 4928 5000 4999
f 4928 4929 5000
f 4929 5001 5000
f 4929 4930 5001
f 4930 5002 5001
f 4930 4931 5002
f 4931 5003 5002
f 4931 4932 5003
f 4932 5004 5003
f 4932 4933 5004
f 4933 5005 5004
f 4933 4934 5005
f 4934 5006 5005
f 4934 4935 5006
f 4935 5007 5006
f 4935 4936 5007
f 4936 5008 5007
f 4936 4937 5008
f 4937 5009 5008
f 4937 4938 5009
f 4938 5010 5009
f 4938 4939 5010
f 4939 5011 5010
f 4939 4940 5011
f 4940 5012 5011
f 4940 4941 5012
f 4941 5013 5012
f 4941 4942 5013
f 4942 5014 5013
f 4942 4943 5014
f 4943 5015 5014
f 4943 4944 5015
f 4944 5016 5015
f 4944 4945 5016
f 4945 5017 5016
f 4945 4946 5017
f 4946 5018 5017
f 4946 4947 5018
f 4947 5019 5018
f 4947 4948 5019
f 4948 5020 5019
f 4948 4949 5020
f 4949 5021 5020
f 4949 4950 5021
f 4950 5022 5021
f 4950 4951 5022
f 4951 5023 5022
f 4951 4952 5023
f 4952 5024 5023
f 4952 4953 5024
f 4953 5025 5024
f 4953 4954 5025
f 4954 5026 5025
f 4954 4955 5026
f 4955 5027 5026
f 4955 4956 5027
f 4956 5028 5027
f 4956 4957 5028
f 4957 5029 5028
f 4957 4958 5029
f 4958 5030 5029
f 4958 4959 5030
f 4959 5031 5030
f 4959 4960 5031
f 4960 5032 5031
f 4960 4961 5032
f 4961 5033 5032
f 4961 4962 5033
f 4962 5034 5033
f 4962 4963 5034
f 4963 5035 5034
f 4963 4964 5035
f 4964 5036 5035
f 4964 4965 5036
f 4965 5037 5036
f 4965 4966 5037
f 4966 5038 5037
f 4966 4967 5038
f 4967 5039 5038
f 4967 4968 5039
f 4968 5040 5039
f 4968 4897 5040
f 4897 4969 5040
f 4969 4970 5041
f 4970 5042 5041
f 4970 4971 5042
f 4971 5043 5042
f 4971 4972 5043
f 4972 5044 5043
f 4972 4973 5044
f 4973 5045 5044
f 4973 4974 5045
f 4974 5046 5045
f 4974 4975 5046
f 4975 5047 5046
f 4975 4976 5047
f 4976 5048 5047
f 4976 4977 5048
f 4977 5049 5048
f 4977 4978 5049
f 4978 5050 5049
f 4978 4979 5050
f 4979 5051 5050
f 4979 4980 5051
f 4980 5052 5051
f 4980 4981 5052
f 4981 5053 5052
f 4981 4982 5053
f 4982 5054 5053
f 4982 4983 5054
f 4983 5055 5054
f 4983 4984 5055
f 4984 5056 5055
f 4984 4985 5056
f 4985 5057 5056
f 4985 4986 5057
f 4986 5058 5057
f 4986 4987 5058
f 4987 5059 5058
f 4987 4988 5059
f 4988 5060 5059
f 4988 4989 5060
f 4989 5061 5060
f 4989 4990 5061
f 4990 5062 5061
f 4990 4991 5062
f 4991 5063 5062
f 4991 4992 5063
f 4992 5064 5063
f 4992 4993 5064
f 4993 5065 5064
f 4993 4994 5065
f 4994 5066 5065
f 4994 4995 5066
f 4995 5067 5066
f 4995 4996 5067
f 4996 5068 5067
f 4996 4997 5068
f 4997 5069 5068
f 4997 4998 5069
f 4998 5070 5069
f 4998 4999 5070
f 4999 5071 5070
f 4999 5000 5071
f 5000 5072 5071
f 5000 5001 5072
f 5001 5073 5072
f 5001 5002 5073
f 5002 5074 5073
f 5002 5003 5074
f 5003 5075 5074
f 5003 5004 5075
f 5004 5076 5075
f 5004 5005 5076
f 5005 5077 5076
f 5005 5006 5077
f 5006 5078 5077
f 5006 5007 5078
f 5007 5079 5078
f 5007 5008 5079
f 5008 5080 5079
f 5008 5009 5080
f 5009 5081 5080
f 5009 5010 5081
f 5010 5082 5081
f 5010 5011 5082
f 5011 5083 5082
f 5011 5012 5083
f 5012 5084 5083
f 5012 5013 5084
f 5013 5085 5084
f 5013 5014 5085
f 5014 5086 5085
f 5014 5015 5086
f 5015 5087 5086
f 5015 5016 5087
f 5016 5088 5087
f 5016 5017 5088
f 5017 5089 5088
f 5017 5018 5089
f 5018 5090 5089
f 5018 5019 5090
f 5019 5091 5090
f 5019 5020 5091
f 5020 5092 5091
f 5020 5021 5092
f 5021 5093 5092
f 5021 5022 5093
f 5022 5094 5093
f 5022 5023 5094
f 5023 5095 5094
f 5023 5024 5095
f 5024 5096 5095
f 5024 5025 5096
f 5025 5097 5096
f 5025 5026 5097
f 5026 5098 5097
f 5026 5027 5098
f 5027 5099 5098
f 5027 5028 5099
f 5028 5100 5099
f 5028 5029 5100
f 5029 5101 5100
f 5029 5030 5101
f 5030 5102 5101
f 5030 5031 5102
f 5031 5103 5102
f 5031 5032 5103
f 5032 5104 5103
f 5032 5033 5104
f 5033 5105 5104
f 5033 5034 5105
f 5034 5106 5105
f 5034 5035 5106
f 5035 5107 5106
f 5035 5036 5107
f 5036 5108 5107
f 5036 5037 5108
f 5037 5109 5108
f 5037 5038 5109
f 5038 5110 5109
f 5038 5039 5110
f 5039 5111 5110
f 5039 5040 5111
f 5040 5112 5111
f 5040 4969 5112
f 4969 5041 5112
f 5041 5042 5113
f 5042 5114 5113
f 5042 5043 5114
f 5043 5115 5114
f 5043 5044 5115
f 5044 5116 5115
f 5044 5045 5116
f 5045 5117 5116
f 5045 5046 5117
f 5046 5118 5117
f 5046 5047 5118
f 5047 5119 5118
f 5047 5048 5119
f 5048 5120 5119
f 5048 5049 5120
f 5049 5121 5120
f 5049 5050 5121
f 5050 5122 5121
f 5050 5051 5122
f 5051 5123 5122
f 5051 5052 5123
f 5052 5124 5123
f 5052 5053 5124
f 5053 5125 5124
f 5053 5054 5125
f 5054 5126 5125
f 5054 5055 5126
f 5055 5127 5126
f 5055 5056 5127
f 5056 5128 5127
f 5056 5057 5128
f 5057 5129 5128
f 5057 5058 5129
f 5058 5130 5129
f 5058 5059 5130
f 5059 5131 5130
f 5059 5060 5131
f 5060 5132 5131
f 5060 5061 5132
f 5061 5133 5132
f 5061 5062 5133
f 5062 5134 5133
f 5062 5063 5134
f 5063 5135 5134
f 5063 5064 5135
f 5064 5136 5135
f 5064 5065 5136
f 5065 5137 5136
f 5065 5066 5137
f 5066 5138 5137
f 5066 5067 5138
f 5067 5139 5138
f 5067 5068 5139
f 5068 5140 5139
f 5068 5069 5140
f 5069 5141 5140
f 5069 5070 5141
f 5070 5142 5141
f 5070 5071 5142
f 5071 5143 5142
f 5071 5072 5143
f 5072 5144 5143
f 5072 5073 5144
f 5073 5145 5144
f 5073 5074 5145
f 5074 5146 5145
f 5074 5075 5146
f 5075 5147 5146
f 5075 5076 5147
f 5076 5148 5147
f 5076 5077 5148
f 5077 5149 5148
f 5077 5078 5149
f 5078 5150 5149
f 5078 5079 5150
f 5079 5151 5150
f 5079 5080 5151
f 5080 5152 5151
f 5080 5081 5152
f 5081 5153 5152
f 5081 5082 5153
f 5082 5154 5153
f 5082 5083 5154
f 5083 5155 5154
f 5083 5084 5155
f 5084 5156 5155
f 5084 5085 5156
f 5085 5157 5156
f 5085 5086 5157
f 5086 5158 5157
f 5086 5087 5158
f 5087 5159 5158
f 5087 5088 5159
f 5088 5160 5159
f 5088 5089 5160
f 5089 5161 5160
f 5089 5090 5161
f 5090 5162 5161
f 5090 5091 5162
f 5091 5163 5162
f 5091 5092 5163
f 5092 5164 5163
f 5092 5093 5164
f 5093 5165 5164
f 5093 5094 5165
f 5094 5166 5165
f 5094 5095 5166
f 5095 5167 5166
f 5095 5096 5167
f 5096 5168 5167
f 5096 5097 5168
f 5097 5169 5168
f 5097 5098 5169
f 5098 5170 5169
f 5098 5099 5170
f 5099 5171 5170
f 5099 5100 5171
f 5100 5172 5171
f 5100 5101 5172
f 5101 5173 5172
f 5101 5102 5173
f 5102 5174 5173
f 5102 5103 5174
f 5103 5175 5174
f 5103 5104 5175
f 5104 5176 5175
f 5104 5105 5176
f 5105 5177 5176
f 5105 5106 5177
f 5106 5178 5177
f 5106 5107 5178
f 5107 5179 5178
f 5107 5108 5179
f 5108 5180 5179
f 5108 5109 5180
f 5109 5181 5180
f 5109 5110 5181
f 5110 5182 5181
f 5110 5111 5182
f 5111 5183 5182
f 5111 5112 5183
f 5112 5184 5183
f 5112 5041 5184
f 5041 5113 5184
f 5113 5114 5185
f 5114 5186 5185
f 5114 5115 5186
f 5115 5187 5186
f 5115 5116 5187
f 5116 5188 5187
f 5116 5117 5188
f 5117 5189 5188
f 5117 5118 5189
f 5118 5190 5189
f 5118 5119 5190
f 5119 5191 5190
f 5119 5120 5191
f 5120 5192 5191
f 5120 5121 5192
f 5121 5193 5192
f 5121 5122 5193
f 5122 5194 5193
f 5122 5123 5194
f 5123 5195 5194
f 5123 5124 5195
f 5124 5196 5195
f 5124 5125 5196
f 5125 5197 5196
f 5125 5126 5197
f 5126 5198 5197
f 5126 5127 5198
f 5127 5199 5198
f 5127 5128 5199
f 5128 5200 5199
f 5128 5129 5200
f 5129 5201 5200
f 5129 5130 5201
f 5130 5202 5201
f 5130 5131 5202
f 5131 5203 5202
f 5131 5132 5203
f 5132 5204 5203
f 5132 5133 5204
f 5133 5205 5204
f 5133 5134 5205
f 5134 5206 5205
f 5134 5135 5206
f 5135 5207 5206
f 5135 5136 5207
f 5136 5208 5207
f 5136 5137 5208
f 5137 5209 5208
f 5137 5138 5209
f 5138 5210 5209
f 5138 5139 5210
f 5139 5211 5210
f 5139 5140 5211
f 5140 5212 5211
f 5140 5141 5212
f 5141 5213 5212
f 5141 5142 5213
f 5142 5214 5213
f 5142 5143 5214
f 5143 5215 5214
f 5143 5144 5215
f 5144 5216 5215
f 5144 5145 5216
f 5145 5217 5216
f 5145 5146 5217
f 5146 5218 5217
f 5146 5147 5218
f 5147 5219 5218
f 5147 5148 5219
f 5148 5220 5219
f 5148 5149 5220
f 5149 5221 5220
f 5149 5150 5221
f 5150 5222 5221
f 5150 5151 5222
f 5151 5223 5222
f 5151 5152 5223
f 5152 5224 5223
f 5152 5153 5224
f 5153 5225 5224
f 5153 5154 5225
f 5154 5226 5225
f 5154 5155 5226
f 5155 5227 5226
f 5155 5156 5227
f 5156 5228 5227
f 5156 5157 5228
f 5157 5229 5228
f 5157 5158 5229
f 5158 5230 5229
f 5158 5159 5230
f 5159 5231 5230
f 5159 5160 5231
f 5160 5232 5231
f 5160 5161 5232
f 5161 5233 5232
f 5161 5162 5233
f 5162 5234 5233
f 5162 5163 5234
f 5163 5235 5234
f 5163 5164 5235
f 5164 5236 5235
f 5164 5165 5236
f 5165 5237 5236
f 5165 5166 5237
f 5166 5238 5237
f 5166 5167 5238
f 5167 5239 5238
f 5167 5168 5239
f 5168 5240 5239
f 5168 5169 5240
f 5169 5241 5240
f 5169 5170 5241
f 5170 5242 5241
f 5170 5171 5242
f 5171 5243 5242
f 5171 5172 5243
f 5172 5244 5243
f 5172 5173 5244
f 5173 5245 5244
f 5173 5174 5245
f 5174 5246 5245
f 5174 5175 5246
f 5175 5247 5246
f 5175 5176 5247
f 5176 5248 5247
f 5176 5177 5248
f 5177 5249 5248
f 5177 5178 5249
f 5178 5250 5249
f 5178 5179 5250
f 5179 5251 5250
f 5179 5180 5251
f 5180 5252 5251
f 5180 5181 5252
f 5181 5253 5252
f 5181 5182 5253
f 5182 5254 5253
f 5182 5183 5254
f 5183 5255 5254
f 5183 5184 5255
f 5184 5256 5255
f 5184 5113 5256
f 5113 5185 5256
f 5185 5186 5257
f 5186 5258 5257
f 5186 5187 5258
f 5187 5259 5258
f 5187 5188 5259
f 5188 5260 5259
f 5188 5189 5260
f 5189 5261 5260
f 5189 5190 5261
f 5190 5262 5261
f 5190 5191 5262
f 5191 5263 5262
f 5191 5192 5263
f 5192 5264 5263
f 5192 5193 5264
f 5193 5265 5264
f 5193 5194 5265
f 5194 5266 5265
f 5194 5195 5266
f 5195 5267 5266
f 5195 5196 5267
f 5196 5268 5267
f 5196 5197 5268
f 5197 5269 5268
f 5197 5198 5269
f 5198 5270 5269
f 5198 5199 5270
f 5199 5271 5270
f 5199 5200 5271
f 5200 5272 5271
f 5200 5201 5272
f 5201 5273 5272
f 5201 5202 5273
f 5202 5274 5273
f 5202 5203 5274
f 5203 5275 5274
f 5203 5204 5275
f 5204 5276 5275
f 5204 5205 5276
f 5205 5277 5276
f 5205 5206 5277
f 5206 5278 5277
f 5206 5207 5278
f 5207 5279 5278
f 5207 5208 5279
f 5208 5280 5279
f 5208 5209 5280
f 5209 5281 5280
f 5209 5210 5281
f 5210 5282 5281
f 5210 5211 5282
f 5211 5283 5282
f 5211 5212 5283
f 5212 5284 5283
f 5212 5213 5284
f 5213 5285 5284
f 5213 5214 5285
f 5214 5286 5285
f 5214 5215 5286
f 5215 5287 5286
f 5215 5216 5287
f 5216 5288 5287
f 5216 5217 5288
f 5217 5289 5288
f 5217 5218 5289
f 5218 5290 5289
f 5218 5219 5290
f 5219 5291 5290
f 5219 5220 5291
f 5220 5292 5291
f 5220 5221 5292
f 5221 5293 5292
f 5221 5222 5293
f 5222 5294 5293
f 5222 5223 5294
f 5223 5295 5294
f 5223 5224 5295
f 5224 5296 5295
f 5224 5225 5296
f 5225 5297 5296
f 5225 5226 5297
f 5226 5298 5297
f 5226 5227 5298
f 5227 5299 5298
f 5227 5228 5299
f 5228 5300 5299
f 5228 5229 5300
f 5229 5301 5300
f 5229 5230 5301
f 5230 5302 5301
f 5230 5231 5302
f 5231 5303 5302
f 5231 5232 5303
f 5232 5304 5303
f 5232 5233 5304
f 5233 5305 5304
f 5233 5234 5305
f 5234 5306 5305
f 5234 5235 5306
f 5235 5307 5306
f 5235 5236 5307
f 5236 5308 5307
f 5236 5237 5308
f 5237 5309 5308
f 5237 5238 5309
f 5238 5310 5309
f 5238 5239 5310
f 5239 5311 5310
f 5239 5240 5311
f 5240 5312 5311
f 5240 5241 5312
f 5241 5313 5312
f 5241 5242 5313
f 5242 5314 5313
f 5242 5243 5314
f 5243 5315 5314
f 5243 5244 5315
f 5244 5316 5315
f 5244 5245 5316
f 5245 5317 5316
f 5245 5246 5317
f 5246 5318 5317
f 5246 5247 5318
f 5247 5319 5318
f 5247 5248 5319
f 5248 5320 5319
f 5248 5249 5320
f 5249 5321 5320
f 5249 5250 5321
f 5250 5322 5321
f 5250 5251 5322
f 5251 5323 5322
f 5251 5252 5323
f 5252 5324 5323
f 5252 5253 5324
f 5253 5325 5324
f 5253 5254 5325
f 5254 5326 5325
f 5254 5255 5326
f 5255 5327 5326
f 5255 5256 5327
f 5256 5328 5327
f 5256 5185 5328
f 5185 5257 5328
f 5257 5258 5329
f 5258 5330 5329
f 5258 5259 5330
f 5259 5331 5330
f 5259 5260 5331
f 5260 5332 5331
f 5260 5261 5332
f 5261 5333 5332
f 5261 5262 5333
f 5262 5334 5333
f 5262 5263 5334
f 5263 5335 5334
f 5263 5264 5335
f 5264 5336 5335
f 5264 5265 5336
f 5265 5337 5336
f 5265 5266 5337
f 5266 5338 5337
f 5266 5267 5338
f 5267 5339 5338
f 5267 5268 5339
f 5268 5340 5339
f 5268 5269 5340
f 5269 5341 5340
f 5269 5270 5341
f 5270 5342 5341
f 5270 5271 5342
f 5271 5343 5342
f 5271 5272 5343
f 5272 5344 5343
f 5272 5273 5344
f 5273 5345 5344
f 5273 5274 5345
f 5274 5346 5345
f 5274 5275 5346
f 5275 5347 5346
f 5275 5276 5347
f 5276 5348 5347
f 5276 5277 5348
f 5277 5349 5348
f 5277 5278 5349
f 5278 5350 5349
f 5278 5279 5350
f 5279 5351 5350
f 5279 5280 5351
f 5280 5352 5351
f 5280 5281 5352
f 5281 5353 5352
f 5281 5282 5353
f 5282 5354 5353
f 5282 5283 5354
f 5283 5355 5354
f 5283 5284 5355
f 5284 5356 5355
f 5284 5285 5356
f 5285 5357 5356
f 5285 5286 5357
f 5286 5358 5357
f 5286 5287 5358
f 5287 5359 5358
f 5287 5288 5359
f 5288 5360 5359
f 5288 5289 5360
f 5289 5361 5360
f 5289 5290 5361
f 5290 5362 5361
f 5290 5291 5362
f 5291 5363 5362
f 5291 5292 5363
f 5292 5364 5363
f 5292 5293 5364
f 5293 5365 5364
f 5293 5294 5365
f 5294 5366 5365
f 5294 5295 5366
f 5295 5367 5366
f 5295 5296 5367
f 5296 5368 5367
f 5296 5297 5368
f 5297 5369 5368
f 5297 5298 5369
f 5298 5370 5369
f 5298 5299 5370
f 5299 5371 5370
f 5299 5300 5371
f 5300 5372 5371
f 5300 5301 5372
f 5301 5373 5372
f 5301 5302 5373
f 5302 5374 5373
f 5302 5303 5374
f 5303 5375 5374
f 5303 5304 5375
f 5304 5376 5375
f 5304 5305 5376
f 5305 5377 5376
f 5305 5306 5377
f 5306 5378 5377
f 5306 5307 5378
f 5307 5379 5378
f 5307 5308 5379
f 5308 5380 5379
f 5308 5309 5380
f 5309 5381 5380
f 5309 5310 5381
f 5310 5382 5381
f 5310 5311 5382
f 5311 5383 5382
f 5311 5312 5383
f 5312 5384 5383
f 5312 5313 5384
f 5313 5385 5384
f 5313 5314 5385
f 5314 5386 5385
f 5314 5315 5386
f 5315 5387 5386
f 5315 5316 5387
f 5316 5388 5387
f 5316 5317 5388
f 5317 5389 5388
f 5317 5318 5389
f 5318 5390 5389
f 5318 5319 5390
f 5319 5391 5390
f 5319 5320 5391
f 5320 5392 5391
f 5320 5321 5392
f 5321 5393 5392
f 5321 5322 5393
f 5322 5394 5393
f 5322 5323 5394
f 5323 5395 5394
f 5323 5324 5395
f 5324 5396 5395
f 5324 5325 5396
f 5325 5397 5396
f 5325 5326 5397
f 5326 5398 5397
f 5326 5327 5398
f 5327 5399 5398
f 5327 5328 5399
f 5328 5400 5399
f 5328 5257 5400
f 5257 5329 5400
f 5329 5330 5401
f 5330 5402 5401
f 5330 5331 5402
f 5331 5403 5402
f 5331 5332 5403
f 5332 5404 5403
f 5332 5333 5404
f 5333 5405 5404
f 5333 5334 5405
f 5334 5406 5405
f 5334 5335 5406
f 5335 5407 5406
f 5335 5336 5407
f 5336 5408 5407
f 5336 5337 5408
f 5337 5409 5408
f 5337 5338 5409
f 5338 5410 5409
f 5338 5339 5410
f 5339 5411 5410
f 5339 5340 5411
f 5340 5412 5411
f 5340 5341 5412
f 5341 5413 5412
f 5341 5342 5413
f 5342 5414 5413
f 5342 5343 5414
f 5343 5415 5414
f 5343 5344 5415
f 5344 5416 5415
f 5344 5345 5416
f 5345 5417 5416
f 5345 5346 5417
f 5346 5418 5417
f 5346 5347 5418
f 5347 5419 5418
f 5347 5348 5419
f 5348 5420 5419
f 5348 5349 5420
f 5349 5421 5420
f 5349 5350 5421
f 5350 5422 5421
f 5350 5351 5422
f 5351 5423 5422
f 5351 5352 5423
f 5352 5424 5423
f 5352 5353 5424
f 5353 5425 5424
f 5353 5354 5425
f 5354 5426 5425
f 5354 5355 5426
f 5355 5427 5426
f 5355 5356 5427
f 5356 5428 5427
f 5356 5357 5428
f 5357 5429 5428
f 5357 5358 5429
f 5358 5430 5429
f 5358 5359 5430
f 5359 5431 5430
f 5359 5360 5431
f 5360 5432 5431
f 5360 5361 5432
f 5361 5433 5432
f 5361 5362 5433
f 5362 5434 5433
f 5362 5363 5434
f 5363 5435 5434
f 5363 5364 5435
f 5364 5436 5435
f 5364 5365 5436
f 5365 5437 5436
f 5365 5366 5437
f 5366 5438 5437
f 5366 5367 5438
f 5367 5439 5438
f 5367 5368 5439
f 5368 5440 5439
f 5368 5369 5440
f 5369 5441 5440
f 5369 5370 5441
f 5370 5442 5441
f 5370 5371 5442
f 5371 5443 5442
f 5371 5372 5443
f 5372 5444 5443
f 5372 5373 5444
f 5373 5445 5444
f 5373 5374 5445
f 5374 5446 5445
f 5374 5375 5446
f 5375 5447 5446
f 5375 5376 5447
f 5376 5448 5447
f 5376 5377 5448
f 5377 5449 5448
f 5377 5378 5449
f 5378 5450 5449
f 5378 5379 5450
f 5379 5451 5450
f 5379 5380 5451
f 5380 5452 5451
f 5380 5381 5452
f 5381 5453 5452
f 5381 5382 5453
f 5382 5454 5453
f 5382 5383 5454
f 5383 5455 5454
f 5383 5384 5455
f 5384 5456 5455
f 5384 5385 5456
f 5385 5457 5456
f 5385 5386 5457
f 5386 5458 5457
f 5386 5387 5458
f 5387 5459 5458
f 5387 5388 5459
f 5388 5460 5459
f 5388 5389 5460
f 5389 5461 5460
f 5389 5390 5461
f 5390 5462 5461
f 5390 5391 5462
f 5391 5463 5462
f 5391 5392 5463
f 5392 5464 5463
f 5392 5393 5464
f 5393 5465 5464
f 5393 5394 5465
f 5394 5466 5465
f 5394 5395 5466
f 5395 5467 5466
f 5395 5396 5467
f 5396 5468 5467
f 5396 5397 5468
f 5397 5469 5468
f 5397 5398 5469
f 5398 5470 5469
f 5398 5399 5470
f 5399 5471 5470
f 5399 5400 5471
f 5400 5472 5471
f 5400 5329 5472
f 5329 5401 5472
f 5401 5402 5473
f 5402 5474 5473
f 5402 5403 5474
f 5403 5475 5474
f 5403 5404 5475
f 5404 5476 5475
f 5404 5405 5476
f 5405 5477 5476
f 5405 5406 5477
f 5406 5478 5477
f 5406 5407 5478
f 5407 5479 5478
f 5407 5408 5479
f 5408 5480 5479
f 5408 5409 5480
f 5409 5481 5480
f 5409 5410 5481
f 5410 5482 5481
f 5410 5411 5482
f 5411 5483 5482
f 5411 5412 5483
f 5412 5484 5483
f 5412 5413 5484
f 5413 5485 5484
f 5413 5414 5485
f 5414 5486 5485
f 5414 5415 5486
f 5415 5487 5486
f 5415 5416 5487
f 5416 5488 5487
f 5416 5417 5488
f 5417 5489 5488
f 5417 5418 5489
f 5418 5490 5489
f 5418 5419 5490
f 5419 5491 5490
f 5419 5420 5491
f 5420 5492 5491
f 5420 5421 5492
f 5421 5493 5492
f 5421 5422 5493
f 5422 5494 5493
f 5422 5423 5494
f 5423 5495 5494
f 5423 5424 5495
f 5424 5496 5495
f 5424 5425 5496
f 5425 5497 5496
f 5425 5426 5497
f 5426 5498 5497
f 5426 5427 5498
f 5427 5499 5498
f 5427 5428 5499
f 5428 5500 5499
f 5428 5429 5500
f 5429 5501 5500
f 5429 5430 5501
f 5430 5502 5501
f 5430 5431 5502
f 5431 5503 5502
f 5431 5432 5503
f 5432 5504 5503
f 5432 5433 5504
f 5433 5505 5504
f 5433 5434 5505
f 5434 5506 5505
f 5434 5435 5506
f 5435 5507 5506
f 5435 5436 5507
f 5436 5508 5507
f 5436 5437 5508
f 5437 5509 5508
f 5437 5438 5509
f 5438 5510 5509
f 5438 5439 5510
f 5439 5511 5510
f 5439 5440 5511
f 5440 5512 5511
f 5440 5441 5512
f 5441 5513 5512
f 5441 5442 5513
f 5442 5514 5513
f 5442 5443 5514
f 5443 5515 5514
f 5443 5444 5515
f 5444 5516 5515
f 5444 5445 5516
f 5445 5517 5516
f 5445 5446 5517
f 5446 5518 5517
f 5446 5447 5518
f 5447 5519 5518
f 5447 5448 5519
f 5448 5520 5519
f 5448 5449 5520
f 5449 5521 5520
f 5449 5450 5521
f 5450 5522 5521
f 5450 5451 5522
f 5451 5523 5522
f 5451 5452 5523
f 5452 5524 5523
f 5452 5453 5524
f 5453 5525 5524
f 5453 5454 5525
f 5454 5526 5525
f 5454 5455 5526
f 5455 5527 5526
f 5455 5456 5527
f 5456 5528 5527
f 5456 5457 5528
f 5457 5529 5528
f 5457 5458 5529
f 5458 5530 5529
f 5458 5459 5530
f 5459 5531 5530
f 5459 5460 5531
f 5460 5532 5531
f 5460 5461 5532
f 5461 5533 5532
f 5461 5462 5533
f 5462 5534 5533
f 5462 5463 5534
f 5463 5535 5534
f 5463 5464 5535
f 5464 5536 5535
f 5464 5465 5536
f 5465 5537 5536
f 5465 5466 5537
f 5466 5538 5537
f 5466 5467 5538
f 5467 5539 5538
f 5467 5468 5539
f 5468 5540 5539
f 5468 5469 5540
f 5469 5541 5540
f 5469 5470 5541
f 5470 5542 5541
f 5470 5471 5542
f 5471 5543 5542
f 5471 5472 5543
f 5472 5544 5543
f 5472 5401 5544
f 5401 5473 5544
f 5473 5474 5545
f 5474 5546 5545
f 5474 5475 5546
f 5475 5547 5546
f 5475 5476 5547
f 5476 5548 5547
f 5476 5477 5548
f 5477 5549 5548
f 5477 5478 5549
f 5478 5550 5549
f 5478 5479 5550
f 5479 5551 5550
f 5479 5480 5551
f 5480 5552 5551
f 5480 5481 5552
f 5481 5553 5552
f 5481 5482 5553
f 5482 5554 5553
f 5482 5483 5554
f 5483 5555 5554
f 5483 5484 5555
f 5484 5556 5555
f 5484 5485 5556
f 5485 5557 5556
f 5485 5486 5557
f 5486 5558 5557
f 5486 5487 5558
f 5487 5559 5558
f 5487 5488 5559
f 5488 5560 5559
f 5488 5489 5560
f 5489 5561 5560
f 5489 5490 5561
f 5490 5562 5561
f 5490 5491 5562
f 5491 5563 5562
f 5491 5492 5563
f 5492 5564 5563
f 5492 5493 5564
f 5493 5565 5564
f 5493 5494 5565
f 5494 5566 5565
f 5494 5495 5566
f 5495 5567 5566
f 5495 5496 5567
f 5496 5568 5567
f 5496 5497 5568
f 5497 5569 5568
f 5497 5498 5569
f 5498 5570 5569
f 5498 5499 5570
f 5499 5571 5570
f 5499 5500 5571
f 5500 5572 5571
f 5500 5501 5572
f 5501 5573 5572
f 5501 5502 5573
f 5502 5574 5573
f 5502 5503 5574
f 5503 5575 5574
f 5503 5504 5575
f 5504 5576 5575
f 5504 5505 5576
f 5505 5577 5576
f 5505 5506 5577
f 5506 5578 5577
f 5506 5507 5578
f 5507 5579 5578
f 5507 5508 5579
f 5508 5580 5579
f 5508 5509 5580
f 5509 5581 5580
f 5509 5510 5581
f 5510 5582 5581
f 5510 5511 5582
f 5511 5583 5582
f 5511 5512 5583
f 5512 5584 5583
f 5512 5513 5584
f 5513 5585 5584
f 5513 5514 5585
f 5514 5586 5585
f 5514 5515 5586
f 5515 5587 5586
f 5515 5516 5587
f 5516 5588 5587
f 5516 5517 5588
f 5517 5589 5588
f 5517 5518 5589
f 5518 5590 5589
f 5518 5519 5590
f 5519 5591 5590
f 5519 5520 5591
f 5520 5592 5591
f 5520 5521 5592
f 5521 5593 5592
f 5521 5522 5593
f 5522 5594 5593
f 5522 5523 5594
f 5523 5595 5594
f 5523 5524 5595
f 5524 5596 5595
f 5524 5525 5596
f 5525 5597 5596
f 5525 5526 5597
f 5526 5598 5597
f 5526 5527 5598
f 5527 5599 5598
f 5527 5528 5599
f 5528 5600 5599
f 5528 5529 5600
f 5529 5601 5600
f 5529 5530 5601
f 5530 5602 5601
f 5530 5531 5602
f 5531 5603 5602
f 5531 5532 5603
f 5532 5604 5603
f 5532 5533 5604
f 5533 5605 5604
f 5533 5534 5605
f 5534 5606 5605
f 5534 5535 5606
f 5535 5607 5606
f 5535 5536 5607
f 5536 5608 5607
f 5536 5537 5608
f 5537 5609 5608
f 5537 5538 5609
f 5538 5610 5609
f 5538 5539 5610
f 5539 5611 5610
f 5539 5540 5611
f 5540 5612 5611
f 5540 5541 5612
f 5541 5613 5612
f 5541 5542 5613
f 5542 5614 5613
f 5542 5543 5614
f 5543 5615 5614
f 5543 5544 5615
f 5544 5616 5615
f 5544 5473 5616
f 5473 5545 5616
f 5545 5546 5617
f 5546 5618 5617
f 5546 5547 5618
f 5547 5619 5618
f 5547 5548 5619
f 5548 5620 5619
f 5548 5549 5620
f 5549 5621 5620
f 5549 5550 5621
f 5550 5622 5621
f 5550 5551 5622
f 5551 5623 5622
f 5551 5552 5623
f 5552 5624 5623
f 5552 5553 5624
f 5553 5625 5624
f 5553 5554 5625
f 5554 5626 5625
f 5554 5555 5626
f 5555 5627 5626
f 5555 5556 5627
f 5556 5628 5627
f 5556 5557 5628
f 5557 5629 5628
f 5557 5558 5629
f 5558 5630 5629
f 5558 5559 5630
f 5559 5631 5630
f 5559 5560 5631
f 5560 5632 5631
f 5560 5561 5632
f 5561 5633 5632
f 5561 5562 5633
f 5562 5634 5633
f 5562 5563 5634
f 5563 5635 5634
f 5563 5564 5635
f 5564 5636 5635
f 5564 5565 5636
f 5565 5637 5636
f 5565 5566 5637
f 5566 5638 5637
f 5566 5567 5638
f 5567 5639 5638
f 5567 5568 5639
f 5568 5640 5639
f 5568 5569 5640
f 5569 5641 5640
f 5569 5570 5641
f 5570 5642 5641
f 5570 5571 5642
f 5571 5643 5642
f 5571 5572 5643
f 5572 5644 5643
f 5572 5573 5644
f 5573 5645 5644
f 5573 5574 5645
f 5574 5646 5645
f 5574 5575 5646
f 5575 5647 5646
f 5575 5576 5647
f 5576 5648 5647
f 5576 5577 5648
f 5577 5649 5648
f 5577 5578 5649
f 5578 5650 5649
f 5578 5579 5650
f 5579 5651 5650
f 5579 5580 5651
f 5580 5652 5651
f 5580 5581 5652
f 5581 5653 5652
f 5581 5582 5653
f 5582 5654 5653
f 5582 5583 5654
f 5583 5655 5654
f 5583 5584 5655
f 5584 5656 5655
f 5584 5585 5656
f 5585 5657 5656
f 5585 5586 5657
f 5586 5658 5657
f 5586 5587 5658
f 5587 5659 5658
f 5587 5588 5659
f 5588 5660 5659
f 5588 5589 5660
f 5589 5661 5660
f 5589 5590 5661
f 5590 5662 5661
f 5590 5591 5662
f 5591 5663 5662
f 5591 5592 5663
f 5592 5664 5663
f 5592 5593 5664
f 5593 5665 5664
f 5593 5594 5665
f 5594 5666 5665
f 5594 5595 5666
f 5595 5667 5666
f 5595 5596 5667
f 5596 5668 5667
f 5596 5597 5668
f 5597 5669 5668
f 5597 5598 5669
f 5598 5670 5669
f 5598 5599 5670
f 5599 5671 5670
f 5599 5600 5671
f 5600 5672 5671
f 5600 5601 5672
f 5601 5673 5672
f 5601 5602 5673
f 5602 5674 5673
f 5602 5603 5674
f 5603 5675 5674
f 5603 5604 5675
f 5604 5676 5675
f 5604 5605 5676
f 5605 5677 5676
f 5605 5606 5677
f 5606 5678 5677
f 5606 5607 5678
f 5607 5679 5678
f 5607 5608 5679
f 5608 5680 5679
f 5608 5609 5680
f 5609 5681 5680
f 5609 5610 5681
f 5610 5682 5681
f 5610 5611 5682
f 5611 5683 5682
f 5611 5612 5683
f 5612 5684 5683
f 5612 5613 5684
f 5613 5685 5684
f 5613 5614 5685
f 5614 5686 5685
f 5614 5615 5686
f 5615 5687 5686
f 5615 5616 5687
f 5616 5688 5687
f 5616 5545 5688
f 5545 5617 5688
f 5617 5618 5689
f 5618 5690 5689
f 5618 5619 5690
f 5619 5691 5690
f 5619 5620 5691
f 5620 5692 5691
f 5620 5621 5692
f 5621 5693 5692
f 5621 5622 5693
f 5622 5694 5693
f 5622 5623 5694
f 5623 5695 5694
f 5623 5624 5695
f 5624 5696 5695
f 5624 5625 5696
f 5625 5697 5696
f 5625 5626 5697
f 5626 5698 5697
f 5626 5627 5698
f 5627 5699 5698
f 5627 5628 5699
f 5628 5700 5699
f 5628 5629 5700
f 5629 5701 5700
f 5629 5630 5701
f 5630 5702 5701
f 5630 5631 5702
f 5631 5703 5702
f 5631 5632 5703
f 5632 5704 5703
f 5632 5633 5704
f 5633 5705 5704
f 5633 5634 5705
f 5634 5706 5705
f 5634 5635 5706
f 5635 5707 5706
f 5635 5636 5707
f 5636 5708 5707
f 5636 5637 5708
f 5637 5709 5708
f 5637 5638 5709
f 5638 5710 5709
f 5638 5639 5710
f 5639 5711 5710
f 5639 5640 5711
f 5640 5712 5711
f 5640 5641 5712
f 5641 5713 5712
f 5641 5642 5713
f 5642 5714 5713
f 5642 5643 5714
f 5643 5715 5714
f 5643 5644 5715
f 5644 5716 5715
f 5644 5645 5716
f 5645 5717 5716
f 5645 5646 5717
f 5646 5718 5717
f 5646 5647 5718
f 5647 5719 5718
f 5647 5648 5719
f 5648 5720 5719
f 5648 5649 5720
f 5649 5721 5720
f 5649 5650 5721
f 5650 5722 5721
f 5650 5651 5722
f 5651 5723 5722
f 5651 5652 5723
f 5652 5724 5723
f 5652 5653 5724
f 5653 5725 5724
f 5653 5654 5725
f 5654 5726 5725
f 5654 5655 5726
f 5655 5727 5726
f 5655 5656 5727
f 5656 5728 5727
f 5656 5657 5728
f 5657 5729 5728
f 5657 5658 5729
f 5658 5730 5729
f 5658 5659 5730
f 5659 5731 5730
f 5659 5660 5731
f 5660 5732 5731
f 5660 5661 5732
f 5661 5733 5732
f 5661 5662 5733
f 5662 5734 5733
f 5662 5663 5734
f 5663 5735 5734
f 5663 5664 5735
f 5664 5736 5735
f 5664 5665 5736
f 5665 5737 5736
f 5665 5666 5737
f 5666 5738 5737
f 5666 5667 5738
f 5667 5739 5738
f 5667 5668 5739
f 5668 5740 5739
f 5668 5669 5740
f 5669 5741 5740
f 5669 5670 5741
f 5670 5742 5741
f 5670 5671 5742
f 5671 5743 5742
f 5671 5672 5743
f 5672 5744 5743
f 5672 5673 5744
f 5673 5745 5744
f 5673 5674 5745
f 5674 5746 5745
f 5674 5675 5746
f 5675 5747 5746
f 5675 5676 5747
f 5676 5748 5747
f 5676 5677 5748
f 5677 5749 5748
f 5677 5678 5749
f 5678 5750 5749
f 5678 5679 5750
f 5679 5751 5750
f 5679 5680 5751
f 5680 5752 5751
f 5680 5681 5752
f 5681 5753 5752
f 5681 5682 5753
f 5682 5754 5753
f 5682 5683 5754
f 5683 5755 5754
f 5683 5684 5755
f 5684 5756 5755
f 5684 5685 5756
f 5685 5757 5756
f 5685 5686 5757
f 5686 5758 5757
f 5686 5687 5758
f 5687 5759 5758
f 5687 5688 5759
f 5688 5760 5759
f 5688 5617 5760
f 5617 5689 5760
f 5689 5690 5761
f 5690 5762 5761
f 5690 5691 5762
f 5691 5763 5762
f 5691 5692 5763
f 5692 5764 5763
f 5692 5693 5764
f 5693 5765 5764
f 5693 5694 5765
f 5694 5766 5765
f 5694 5695 5766
f 5695 5767 5766
f 5695 5696 5767
f 5696 5768 5767
f 5696 5697 5768
f 5697 5769 5768
f 5697 5698 5769
f 5698 5770 5769
f 5698 5699 5770
f 5699 5771 5770
f 5699 5700 5771
f 5700 5772 5771
f 5700 5701 5772
f 5701 5773 5772
f 5701 5702 5773
f 5702 5774 5773
f 5702 5703 5774
f 5703 5775 5774
f 5703 5704 5775
f 5704 5776 5775
f 5704 5705 5776
f 5705 5777 5776
f 5705 5706 5777
f 5706 5778 5777
f 5706 5707 5778
f 5707 5779 5778
f 5707 5708 5779
f 5708 5780 5779
f 5708 5709 5780
f 5709 5781 5780
f 5709 5710 5781
f 5710 5782 5781
f 5710 5711 5782
f 5711 5783 5782
f 5711 5712 5783
f 5712 5784 5783
f 5712 5713 5784
f 5713 5785 5784
f 5713 5714 5785
f 5714 5786 5785
f 5714 5715 5786
f 5715 5787 5786
f 5715 5716 5787
f 5716 5788 5787
f 5716 5717 5788
f 5717 5789 5788
f 5717 5718 5789
f 5718 5790 5789
f 5718 5719 5790
f 5719 5791 5790
f 5719 5720 5791
f 5720 5792 5791
f 5720 5721 5792
f 5721 5793 5792
f 5721 5722 5793
f 5722 5794 5793
f 5722 5723 5794
f 5723 5795 5794
f 5723 5724 5795
f 5724 5796 5795
f 5724 5725 5796
f 5725 5797 5796
f 5725 5726 5797
f 5726 5798 5797
f 5726 5727 5798
f 5727 5799 5798
f 5727 5728 5799
f 5728 5800 5799
f 5728 5729 5800
f 5729 5801 5800
f 5729 5730 5801
f 5730 5802 5801
f 5730 5731 5802
f 5731 5803 5802
f 5731 5732 5803
f 5732 5804 5803
f 5732 5733 5804
f 5733 5805 5804
f 5733 5734 5805
f 5734 5806 5805
f 5734 5735 5806
f 5735 5807 5806
f 5735 5736 5807
f 5736 5808 5807
f 5736 5737 5808
f 5737 5809 5808
f 5737 5738 5809
f 5738 5810 5809
f 5738 5739 5810
f 5739 5811 5810
f 5739 5740 5811
f 5740 5812 5811
f 5740 5741 5812
f 5741 5813 5812
f 5741 5742 5813
f 5742 5814 5813
f 5742 5743 5814
f 5743 5815 5814
f 5743 5744 5815
f 5744 5816 5815
f 5744 5745 5816
f 5745 5817 5816
f 5745 5746 5817
f 5746 5818 5817
f 5746 5747 5818
f 5747 5819 5818
f 5747 5748 5819
f 5748 5820 5819
f 5748 5749 5820
f 5749 5821 5820
f 5749 5750 5821
f 5750 5822 5821
f 5750 5751 5822
f 5751 5823 5822
f 5751 5752 5823
f 5752 5824 5823
f 5752 5753 5824
f 5753 5825 5824
f 5753 5754 5825
f 5754 5826 5825
f 5754 5755 5826
f 5755 5827 5826
f 5755 5756 5827
f 5756 5828 5827
f 5756 5757 5828
f 5757 5829 5828
f 5757 5758 5829
f 5758 5830 5829
f 5758 5759 5830
f 5759 5831 5830
f 5759 5760 5831
f 5760 5832 5831
f 5760 5689 5832
f 5689 5761 5832
f 5761 5762 5833
f 5762 5834 5833
f 5762 5763 5834
f 5763 5835 5834
f 5763 5764 5835
f 5764 5836 5835
f 5764 5765 5836
f 5765 5837 5836
f 5765 5766 5837
f 5766 5838 5837
f 5766 5767 5838
f 5767 5839 5838
f 5767 5768 5839
f 5768 5840 5839
f 5768 5769 5840
f 5769 5841 5840
f 5769 5770 5841
f 5770 5842 5841
f 5770 5771 5842
f 5771 5843 5842
f 5771 5772 5843
f 5772 5844 5843
f 5772 5773 5844
f 5773 5845 5844
f 5773 5774 5845
f 5774 5846 5845
f 5774 5775 5846
f 5775 5847 5846
f 5775 5776 5847
f 5776 5848 5847
f 5776 5777 5848
f 5777 5849 5848
f 5777 5778 5849
f 5778 5850 5849
f 5778 5779 5850
f 5779 5851 5850
f 5779 5780 5851
f 5780 5852 5851
f 5780 5781 5852
f 5781 5853 5852
f 5781 5782 5853
f 5782 5854 5853
f 5782 5783 5854
f 5783 5855 5854
f 5783 5784 5855
f 5784 5856 5855
f 5784 5785 5856
f 5785 5857 5856
f 5785 5786 5857
f 5786 5858 5857
f 5786 5787 5858
f 5787 5859 5858
f 5787 5788 5859
f 5788 5860 5859
f 5788 5789 5860
f 5789 5861 5860
f 5789 5790 5861
f 5790 5862 5861
f 5790 5791 5862
f 5791 5863 5862
f 5791 5792 5863
f 5792 5864 5863
f 5792 5793 5864
f 5793 5865 5864
f 5793 5794 5865
f 5794 5866 5865
f 5794 5795 5866
f 5795 5867 5866
f 5795 5796 5867
f 5796 5868 5867
f 5796 5797 5868
f 5797 5869 5868
f 5797 5798 5869
f 5798 5870 5869
f 5798 5799 5870
f 5799 5871 5870
f 5799 5800 5871
f 5800 5872 5871
f 5800 5801 5872
f 5801 5873 5872
f 5801 5802 5873
f 5802 5874 5873
f 5802 5803 5874
f 5803 5875 5874
f 5803 5804 5875
f 5804 5876 5875
f 5804 5805 5876
f 5805 5877 5876
f 5805 5806 5877
f 5806 5878 5877
f 5806 5807 5878
f 5807 5879 5878
f 5807 5808 5879
f 5808 5880 5879
f 5808 5809 5880
f 5809 5881 5880
f 5809 5810 5881
f 5810 5882 5881
f 5810 5811 5882
f 5811 5883 5882
f 5811 5812 5883
f 5812 5884 5883
f 5812 5813 5884
f 5813 5885 5884
f 5813 5814 5885
f 5814 5886 5885
f 5814 5815 5886
f 5815 5887 5886
f 5815 5816 5887
f 5816 5888 5887
f 5816 5817 5888
f 5817 5889 5888
f 5817 5818 5889
f 5818 5890 5889
f 5818 5819 5890
f 5819 5891 5890
f 5819 5820 5891
f 5820 5892 5891
f 5820 5821 5892
f 5821 5893 5892
f 5821 5822 5893
f 5822 5894 5893
f 5822 5823 5894
f 5823 5895 5894
f 5823 5824 5895
f 5824 5896 5895
f 5824 5825 5896
f 5825 5897 5896
f 5825 5826 5897
f 5826 5898 5897
f 5826 5827 5898
f 5827 5899 5898
f 5827 5828 5899
f 5828 5900 5899
f 5828 5829 5900
f 5829 5901 5900
f 5829 5830 5901
f 5830 5902 5901
f 5830 5831 5902
f 5831 5903 5902
f 5831 5832 5903
f 5832 5904 5903
f 5832 5761 5904
f 5761 5833 5904
f 5833 5834 5905
f 5834 5906 5905
f 5834 5835 5906
f 5835 5907 5906
f 5835 5836 5907
f 5836 5908 5907
f 5836 5837 5908
f 5837 5909 5908
f 5837 5838 5909
f 5838 5910 5909
f 5838 5839 5910
f 5839 5911 5910
f 5839 5840 5911
f 5840 5912 5911
f 5840 5841 5912
f 5841 5913 5912
f 5841 5842 5913
f 5842 5914 5913
f 5842 5843 5914
f 5843 5915 5914
f 5843 5844 5915
f 5844 5916 5915
f 5844 5845 5916
f 5845 5917 5916
f 5845 5846 5917
f 5846 5918 5917
f 5846 5847 5918
f 5847 5919 5918
f 5847 5848 5919
f 5848 5920 5919
f 5848 5849 5920
f 5849 5921 5920
f 5849 5850 5921
f 5850 5922 5921
f 5850 5851 5922
f 5851 5923 5922
f 5851 5852 5923
f 5852 5924 5923
f 5852 5853 5924
f 5853 5925 5924
f 5853 5854 5925
f 5854 5926 5925
f 5854 5855 5926
f 5855 5927 5926
f 5855 5856 5927
f 5856 5928 5927
f 5856 5857 5928
f 5857 5929 5928
f 5857 5858 5929
f 5858 5930 5929
f 5858 5859 5930
f 5859 5931 5930
f 5859 5860 5931
f 5860 5932 5931
f 5860 5861 5932
f 5861 5933 5932
f 5861 5862 5933
f 5862 5934 5933
f 5862 5863 5934
f 5863 5935 5934
f 5863 5864 5935
f 5864 5936 5935
f 5864 5865 5936
f 5865 5937 5936
f 5865 5866 5937
f 5866 5938 5937
f 5866 5867 5938
f 5867 5939 5938
f 5867 5868 5939
f 5868 5940 5939
f 5868 5869 5940
f 5869 5941 5940
f 5869 5870 5941
f 5870 5942 5941
f 5870 5871 5942
f 5871 5943 5942
f 5871 5872 5943
f 5872 5944 5943
f 5872 5873 5944
f 5873 5945 5944
f 5873 5874 5945
f 5874 5946 5945
f 5874 5875 5946
f 5875 5947 5946
f 5875 5876 5947
f 5876 5948 5947
f 5876 5877 5948
f 5877 5949 5948
f 5877 5878 5949
f 5878 5950 5949
f 5878 5879 5950
f 5879 5951 5950
f 5879 5880 5951
f 5880 5952 5951
f 5880 5881 5952
f 5881 5953 5952
f 5881 5882 5953
f 5882 5954 5953
f 5882 5883 5954
f 5883 5955 5954
f 5883 5884 5955
f 5884 5956 5955
f 5884 5885 5956
f 5885 5957 5956
f 5885 5886 5957
f 5886 5958 5957
f 5886 5887 5958
f 5887 5959 5958
f 5887 5888 5959
f 5888 5960 5959
f 5888 5889 5960
f 5889 5961 5960
f 5889 5890 5961
f 5890 5962 5961
f 5890 5891 5962
f 5891 5963 5962
f 5891 5892 5963
f 5892 5964 5963
f 5892 5893 5964
f 5893 5965 5964
f 5893 5894 5965
f 5894 5966 5965
f 5894 5895 5966
f 5895 5967 5966
f 5895 5896 5967
f 5896 5968 5967
f 5896 5897 5968
f 5897 5969 5968
f 5897 5898 5969
f 5898 5970 5969
f 5898 5899 5970
f 5899 5971 5970
f 5899 5900 5971
f 5900 5972 5971
f 5900 5901 5972
f 5901 5973 5972
f 5901 5902 5973
f 5902 5974 5973
f 5902 5903 5974
f 5903 5975 5974
f 5903 5904 5975
f 5904 5976 5975
f 5904 5833 5976
f 5833 5905 5976
f 5905 5906 5977
f 5906 5978 5977
f 5906 5907 5978
f 5907 5979 5978
f 5907 5908 5979
f 5908 5980 5979
f 5908 5909 5980
f 5909 5981 5980
f 5909 5910 5981
f 5910 5982 5981
f 5910 5911 5982
f 5911 5983 5982
f 5911 5912 5983
f 5912 5984 5983
f 5912 5913 5984
f 5913 5985 5984
f 5913 5914 5985
f 5914 5986 5985
f 5914 5915 5986
f 5915 5987 5986
f 5915 5916 5987
f 5916 5988 5987
f 5916 5917 5988
f 5917 5989 5988
f 5917 5918 5989
f 5918 5990 5989
f 5918 5919 5990
f 5919 5991 5990
f 5919 5920 5991
f 5920 5992 5991
f 5920 5921 5992
f 5921 5993 5992
f 5921 5922 5993
f 5922 5994 5993
f 5922 5923 5994
f 5923 5995 5994
f 5923 5924 5995
f 5924 5996 5995
f 5924 5925 5996
f 5925 5997 5996
f 5925 5926 5997
f 5926 5998 5997
f 5926 5927 5998
f 5927 5999 5998
f 5927 5928 5999
f 5928 6000 5999
f 5928 5929 6000
f 5929 6001 6000
f 5929 5930 6001
f 5930 6002 6001
f 5930 5931 6002
f 5931 6003 6002
f 5931 5932 6003
f 5932 6004 6003
f 5932 5933 6004
f 5933 6005 6004
f 5933 5934 6005
f 5934 6006 6005
f 5934 5935 6006
f 5935 6007 6006
f 5935 5936 6007
f 5936 6008 6007
f 5936 5937 6008
f 5937 6009 6008
f 5937 5938 6009
f 5938 6010 6009
f 5938 5939 6010
f 5939 6011 6010
f 5939 5940 6011
f 5940 6012 6011
f 5940 5941 6012
f 5941 6013 6012
f 5941 5942 6013
f 5942 6014 6013
f 5942 5943 6014
f 5943 6015 6014
f 5943 5944 6015
f 5944 6016 6015
f 5944 5945 6016
f 5945 6017 6016
f 5945 5946 6017
f 5946 6018 6017
f 5946 5947 6018
f 5947 6019 6018
f 5947 5948 6019
f 5948 6020 6019
f 5948 5949 6020
f 5949 6021 6020
f 5949 5950 6021
f 5950 6022 6021
f 5950 5951 6022
f 5951 6023 6022
f 5951 5952 6023
f 5952 6024 6023
f 5952 5953 6024
f 5953 6025 6024
f 5953 5954 6025
f 5954 6026 6025
f 5954 5955 6026
f 5955 6027 6026
f 5955 5956 6027
f 5956 6028 6027
f 5956 5957 6028
f 5957 6029 6028
f 5957 5958 6029
f 5958 6030 6029
f 5958 5959 6030
f 5959 6031 6030
f 5959 5960 6031
f 5960 6032 6031
f 5960 5961 6032
f 5961 6033 6032
f 5961 5962 6033
f 5962 6034 6033
f 5962 5963 6034
f 5963 6035 6034
f 5963 5964 6035
f 5964 6036 6035
f 5964 5965 6036
f 5965 6037 6036
f 5965 5966 6037
f 5966 6038 6037
f 5966 5967 6038
f 5967 6039 6038
f 5967 5968 6039
f 5968 6040 6039
f 5968 5969 6040
f 5969 6041 6040
f 5969 5970 6041
f 5970 6042 6041
f 5970 5971 6042
f 5971 6043 6042
f 5971 5972 6043
f 5972 6044 6043
f 5972 5973 6044
f 5973 6045 6044
f 5973 5974 6045
f 5974 6046 6045
f 5974 5975 6046
f 5975 6047 6046
f 5975 5976 6047
f 5976 6048 6047
f 5976 5905 6048
f 5905 5977 6048
f 5977 5978 6049
f 5978 6050 6049
f 5978 5979 6050
f 5979 6051 6050
f 5979 5980 6051
f 5980 6052 6051
f 5980 5981 6052
f 5981 6053 6052
f 5981 5982 6053
f 5982 6054 6053
f 5982 5983 6054
f 5983 6055 6054
f 5983 5984 6055
f 5984 6056 6055
f 5984 5985 6056
f 5985 6057 6056
f 5985 5986 6057
f 5986 6058 6057
f 5986 5987 6058
f 5987 6059 6058
f 5987 5988 6059
f 5988 6060 6059
f 5988 5989 6060
f 5989 6061 6060
f 5989 5990 6061
f 5990 6062 6061
f 5990 5991 6062
f 5991 6063 6062
f 5991 5992 6063
f 5992 6064 6063
f 5992 5993 6064
f 5993 6065 6064
f 5993 5994 6065
f 5994 6066 6065
f 5994 5995 6066
f 5995 6067 6066
f 5995 5996 6067
f 5996 6068 6067
f 5996 5997 6068
f 5997 6069 6068
f 5997 5998 6069
f 5998 6070 6069
f 5998 5999 6070
f 5999 6071 6070
f 5999 6000 6071
f 6000 6072 6071
f 6000 6001 6072
f 6001 6073 6072
f 6001 6002 6073
f 6002 6074 6073
f 6002 6003 6074
f 6003 6075 6074
f 6003 6004 6075
f 6004 6076 6075
f 6004 6005 6076
f 6005 6077 6076
f 6005 6006 6077
f 6006 6078 6077
f 6006 6007 6078
f 6007 6079 6078
f 6007 6008 6079
f 6008 6080 6079
f 6008 6009 6080
f 6009 6081 6080
f 6009 6010 6081
f 6010 6082 6081
f 6010 6011 6082
f 6011 6083 6082
f 6011 6012 6083
f 6012 6084 6083
f 6012 6013 6084
f 6013 6085 6084
f 6013 6014 6085
f 6014 6086 6085
f 6014 6015 6086
f 6015 6087 6086
f 6015 6016 6087
f 6016 6088 6087
f 6016 6017 6088
f 6017 6089 6088
f 6017 6018 6089
f 6018 6090 6089
f 6018 6019 6090
f 6019 6091 6090
f 6019 6020 6091
f 6020 6092 6091
f 6020 6021 6092
f 6021 6093 6092
f 6021 6022 6093
f 6022 6094 6093
f 6022 6023 6094
f 6023 6095 6094
f 6023 6024 6095
f 6024 6096 6095
f 6024 6025 6096
f 6025 6097 6096
f 6025 6026 6097
f 6026 6098 6097
f 6026 6027 6098
f 6027 6099 6098
f 6027 6028 6099
f 6028 6100 6099
f 6028 6029 6100
f 6029 6101 6100
f 6029 6030 6101
f 6030 6102 6101
f 6030 6031 6102
f 6031 6103 6102
f 6031 6032 6103
f 6032 6104 6103
f 6032 6033 6104
f 6033 6105 6104
f 6033 6034 6105
f 6034 6106 6105
f 6034 6035 6106
f 6035 6107 6106
f 6035 6036 6107
f 6036 6108 6107
f 6036 6037 6108
f 6037 6109 6108
f 6037 6038 6109
f 6038 6110 6109
f 6038 6039 6110
f 6039 6111 6110
f 6039 6040 6111
f 6040 6112 6111
f 6040 6041 6112
f 6041 6113 6112
f 6041 6042 6113
f 6042 6114 6113
f 6042 6043 6114
f 6043 6115 6114
f 6043 6044 6115
f 6044 6116 6115
f 6044 6045 6116
f 6045 6117 6116
f 6045 6046 6117
f 6046 6118 6117
f 6046 6047 6118
f 6047 6119 6118
f 6047 6048 6119
f 6048 6120 6119
f 6048 5977 6120
f 5977 6049 6120
f 6049 6050 6121
f 6050 6122 6121
f 6050 6051 6122
f 6051 6123 6122
f 6051 6052 6123
f 6052 6124 6123
f 6052 6053 6124
f 6053 6125 6124
f 6053 6054 6125
f 6054 6126 6125
f 6054 6055 6126
f 6055 6127 6126
f 6055 6056 6127
f 6056 6128 6127
f 6056 6057 6128
f 6057 6129 6128
f 6057 6058 6129
f 6058 6130 6129
f 6058 6059 6130
f 6059 6131 6130
f 6059 6060 6131
f 6060 6132 6131
f 6060 6061 6132
f 6061 6133 6132
f 6061 6062 6133
f 6062 6134 6133
f 6062 6063 6134
f 6063 6135 6134
f 6063 6064 6135
f 6064 6136 6135
f 6064 6065 6136
f 6065 6137 6136
f 6065 6066 6137
f 6066 6138 6137
f 6066 6067 6138
f 6067 6139 6138
f 6067 6068 6139
f 6068 6140 6139
f 6068 6069 6140
f 6069 6141 6140
f 6069 6070 6141
f 6070 6142 6141
f 6070 6071 6142
f 6071 6143 6142
f 6071 6072 6143
f 6072 6144 6143
f 6072 6073 6144
f 6073 6145 6144
f 6073 6074 6145
f 6074 6146 6145
f 6074 6075 6146
f 6075 6147 6146
f 6075 6076 6147
f 6076 6148 6147
f 6076 6077 6148
f 6077 6149 6148
f 6077 6078 6149
f 6078 6150 6149
f 6078 6079 6150
f 6079 6151 6150
f 6079 6080 6151
f 6080 6152 6151
f 6080 6081 6152
f 6081 6153 6152
f 6081 6082 6153
f 6082 6154 6153
f 6082 6083 6154
f 6083 6155 6154
f 6083 6084 6155
f 6084 6156 6155
f 6084 6085 6156
f 6085 6157 6156
f 6085 6086 6157
f 6086 6158 6157
f 6086 6087 6158
f 6087 6159 6158
f 6087 6088 6159
f 6088 6160 6159
f 6088 6089 6160
f 6089 6161 6160
f 6089 6090 6161
f 6090 6162 6161
f 6090 6091 6162
f 6091 6163 6162
f 6091 6092 6163
f 6092 6164 6163
f 6092 6093 6164
f 6093 6165 6164
f 6093 6094 6165
f 6094 6166 6165
f 6094 6095 6166
f 6095 6167 6166
f 6095 6096 6167
f 6096 6168 6167
f 6096 6097 6168
f 6097 6169 6168
f 6097 6098 6169
f 6098 6170 6169
f 6098 6099 6170
f 6099 6171 6170
f 6099 6100 6171
f 6100 6172 6171
f 6100 6101 6172
f 6101 6173 6172
f 6101 6102 6173
f 6102 6174 6173
f 6102 6103 6174
f 6103 6175 6174
f 6103 6104 6175
f 6104 6176 6175
f 6104 6105 6176
f 6105 6177 6176
f 6105 6106 6177
f 6106 6178 6177
f 6106 6107 6178
f 6107 6179 6178
f 6107 6108 6179
f 6108 6180 6179
f 6108 6109 6180
f 6109 6181 6180
f 6109 6110 6181
f 6110 6182 6181
f 6110 6111 6182
f 6111 6183 6182
f 6111 6112 6183
f 6112 6184 6183
f 6112 6113 6184
f 6113 6185 6184
f 6113 6114 6185
f 6114 6186 6185
f 6114 6115 6186
f 6115 6187 6186
f 6115 6116 6187
f 6116 6188 6187
f 6116 6117 6188
f 6117 6189 6188
f 6117 6118 6189
f 6118 6190 6189
f 6118 6119 6190
f 6119 6191 6190
f 6119 6120 6191
f 6120 6192 6191
f 6120 6049 6192
f 6049 6121 6192
f 6121 6122 6193
f 6122 6194 6193
f 6122 6123 6194
f 6123 6195 6194
f 6123 6124 6195
f 6124 6196 6195
f 6124 6125 6196
f 6125 6197 6196
f 6125 6126 6197
f 6126 6198 6197
f 6126 6127 6198
f 6127 6199 6198
f 6127 6128 6199
f 6128 6200 6199
f 6128 6129 6200
f 6129 6201 6200
f 6129 6130 6201
f 6130 6202 6201
f 6130 6131 6202
f 6131 6203 6202
f 6131 6132 6203
f 6132 6204 6203
f 6132 6133 6204
f 6133 6205 6204
f 6133 6134 6205
f 6134 6206 6205
f 6134 6135 6206
f 6135 6207 6206
f 6135 6136 6207
f 6136 6208 6207
f 6136 6137 6208
f 6137 6209 6208
f 6137 6138 6209
f 6138 6210 6209
f 6138 6139 6210
f 6139 6211 6210
f 6139 6140 6211
f 6140 6212 6211
f 6140 6141 6212
f 6141 6213 6212
f 6141 6142 6213
f 6142 6214 6213
f 6142 6143 6214
f 6143 6215 6214
f 6143 6144 6215
f 6144 6216 6215
f 6144 6145 6216
f 6145 6217 6216
f 6145 6146 6217
f 6146 6218 6217
f 6146 6147 6218
f 6147 6219 6218
f 6147 6148 6219
f 6148 6220 6219
f 6148 6149 6220
f 6149 6221 6220
f 6149 6150 6221
f 6150 6222 6221
f 6150 6151 6222
f 6151 6223 6222
f 6151 6152 6223
f 6152 6224 6223
f 6152 6153 6224
f 6153 6225 6224
f 6153 6154 6225
f 6154 6226 6225
f 6154 6155 6226
f 6155 6227 6226
f 6155 6156 6227
f 6156 6228 6227
f 6156 6157 6228
f 6157 6229 6228
f 6157 6158 6229
f 6158 6230 6229
f 6158 6159 6230
f 6159 6231 6230
f 6159 6160 6231
f 6160 6232 6231
f 6160 6161 6232
f 6161 6233 6232
f 6161 6162 6233
f 6162 6234 6233
f 6162 6163 6234
f 6163 6235 6234
f 6163 6164 6235
f 6164 6236 6235
f 6164 6165 6236
f 6165 6237 6236
f 6165 6166 6237
f 6166 6238 6237
f 6166 6167 6238
f 6167 6239 6238
f 6167 6168 6239
f 6168 6240 6239
f 6168 6169 6240
f 6169 6241 6240
f 6169 6170 6241
f 6170 6242 6241
f 6170 6171 6242
f 6171 6243 6242
f 6171 6172 6243
f 6172 6244 6243
f 6172 6173 6244
f 6173 6245 6244
f 6173 6174 6245
f 6174 6246 6245
f 6174 6175 6246
f 6175 6247 6246
f 6175 6176 6247
f 6176 6248 6247
f 6176 6177 6248
f 6177 6249 6248
f 6177 6178 6249
f 6178 6250 6249
f 6178 6179 6250
f 6179 6251 6250
f 6179 6180 6251
f 6180 6252 6251
f 6180 6181 6252
f 6181 6253 6252
f 6181 6182 6253
f 6182 6254 6253
f 6182 6183 6254
f 6183 6255 6254
f 6183 6184 6255
f 6184 6256 6255
f 6184 6185 6256
f 6185 6257 6256
f 6185 6186 6257
f 6186 6258 6257
f 6186 6187 6258
f 6187 6259 6258
f 6187 6188 6259
f 6188 6260 6259
f 6188 6189 6260
f 6189 6261 6260
f 6189 6190 6261
f 6190 6262 6261
f 6190 6191 6262
f 6191 6263 6262
f 6191 6192 6263
f 6192 6264 6263
f 6192 6121 6264
f 6121 6193 6264
f 6193 6194 6265
f 6194 6266 6265
f 6194 6195 6266
f 6195 6267 6266
f 6195 6196 6267
f 6196 6268 6267
f 6196 6197 6268
f 6197 6269 6268
f 6197 6198 6269
f 6198 6270 6269
f 6198 6199 6270
f 6199 6271 6270
f 6199 6200 6271
f 6200 6272 6271
f 6200 6201 6272
f 6201 6273 6272
f 6201 6202 6273
f 6202 6274 6273
f 6202 6203 6274
f 6203 6275 6274
f 6203 6204 6275
f 6204 6276 6275
f 6204 6205 6276
f 6205 6277 6276
f 6205 6206 6277
f 6206 6278 6277
f 6206 6207 6278
f 6207 6279 6278
f 6207 6208 6279
f 6208 6280 6279
f 6208 6209 6280
f 6209 6281 6280
f 6209 6210 6281
f 6210 6282 6281
f 6210 6211 6282
f 6211 6283 6282
f 6211 6212 6283
f 6212 6284 6283
f 6212 6213 6284
f 6213 6285 6284
f 6213 6214 6285
f 6214 6286 6285
f 6214 6215 6286
f 6215 6287 6286
f 6215 6216 6287
f 6216 6288 6287
f 6216 6217 6288
f 6217 6289 6288
f 6217 6218 6289
f 6218 6290 6289
f 6218 6219 6290
f 6219 6291 6290
f 6219 6220 6291
f 6220 6292 6291
f 6220 6221 6292
f 6221 6293 6292
f 6221 6222 6293
f 6222 6294 6293
f 6222 6223 6294
f 6223 6295 6294
f 6223 6224 6295
f 6224 6296 6295
f 6224 6225 6296
f 6225 6297 6296
f 6225 6226 6297
f 6226 6298 6297
f 6226 6227 6298
f 6227 6299 6298
f 6227 6228 6299
f 6228 6300 6299
f 6228 6229 6300
f 6229 6301 6300
f 6229 6230 6301
f 6230 6302 6301
f 6230 6231 6302
f 6231 6303 6302
f 6231 6232 6303
f 6232 6304 6303
f 6232 6233 6304
f 6233 6305 6304
f 6233 6234 6305
f 6234 6306 6305
f 6234 6235 6306
f 6235 6307 6306
f 6235 6236 6307
f 6236 6308 6307
f 6236 6237 6308
f 6237 6309 6308
f 6237 6238 6309
f 6238 6310 6309
f 6238 6239 6310
f 6239 6311 6310
f 6239 6240 6311
f 6240 6312 6311
f 6240 6241 6312
f 6241 6313 6312
f 6241 6242 6313
f 6242 6314 6313
f 6242 6243 6314
f 6243 6315 6314
f 6243 6244 6315
f 6244 6316 6315
f 6244 6245 6316
f 6245 6317 6316
f 6245 6246 6317
f 6246 6318 6317
f 6246 6247 6318
f 6247 6319 6318
f 6247 6248 6319
f 6248 6320 6319
f 6248 6249 6320
f 6249 6321 6320
f 6249 6250 6321
f 6250 6322 6321
f 6250 6251 6322
f 6251 6323 6322
f 6251 6252 6323
f 6252 6324 6323
f 6252 6253 6324
f 6253 6325 6324
f 6253 6254 6325
f 6254 6326 6325
f 6254 6255 6326
f 6255 6327 6326
f 6255 6256 6327
f 6256 6328 6327
f 6256 6257 6328
f 6257 6329 6328
f 6257 6258 6329
f 6258 6330 6329
f 6258 6259 6330
f 6259 6331 6330
f 6259 6260 6331
f 6260 6332 6331
f 6260 6261 6332
f 6261 6333 6332
f 6261 6262 6333
f 6262 6334 6333
f 6262 6263 6334
f 6263 6335 6334
f 6263 6264 6335
f 6264 6336 6335
f 6264 6193 6336
f 6193 6265 6336
f 6265 6266 6337
f 6266 6338 6337
f 6266 6267 6338
f 6267 6339 6338
f 6267 6268 6339
f 6268 6340 6339
f 6268 6269 6340
f 6269 6341 6340
f 6269 6270 6341
f 6270 6342 6341
f 6270 6271 6342
f 6271 6343 6342
f 6271 6272 6343
f 6272 6344 6343
f 6272 6273 6344
f 6273 6345 6344
f 6273 6274 6345
f 6274 6346 6345
f 6274 6275 6346
f 6275 6347 6346
f 6275 6276 6347
f 6276 6348 6347
f 6276 6277 6348
f 6277 6349 6348
f 6277 6278 6349
f 6278 6350 6349
f 6278 6279 6350
f 6279 6351 6350
f 6279 6280 6351
f 6280 6352 6351
f 6280 6281 6352
f 6281 6353 6352
f 6281 6282 6353
f 6282 6354 6353
f 6282 6283 6354
f 6283 6355 6354
f 6283 6284 6355
f 6284 6356 6355
f 6284 6285 6356
f 6285 6357 6356
f 6285 6286 6357
f 6286 6358 6357
f 6286 6287 6358
f 6287 6359 6358
f 6287 6288 6359
f 6288 6360 6359
f 6288 6289 6360
f 6289 6361 6360
f 6289 6290 6361
f 6290 6362 6361
f 6290 6291 6362
f 6291 6363 6362
f 6291 6292 6363
f 6292 6364 6363
f 6292 6293 6364
f 6293 6365 6364
f 6293 6294 6365
f 6294 6366 6365
f 6294 6295 6366
f 6295 6367 6366
f 6295 6296 6367
f 6296 6368 6367
f 6296 6297 6368
f 6297 6369 6368
f 6297 6298 6369
f 6298 6370 6369
f 6298 6299 6370
f 6299 6371 6370
f 6299 6300 6371
f 6300 6372 6371
f 6300 6301 6372
f 6301 6373 6372
f 6301 6302 6373
f 6302 6374 6373
f 6302 6303 6374
f 6303 6375 6374
f 6303 6304 6375
f 6304 6376 6375
f 6304 6305 6376
f 6305 6377 6376
f 6305 6306 6377
f 6306 6378 6377
f 6306 6307 6378
f 6307 6379 6378
f 6307 6308 6379
f 6308 6380 6379
f 6308 6309 6380
f 6309 6381 6380
f 6309 6310 6381
f 6310 6382 6381
f 6310 6311 6382
f 6311 6383 6382
f 6311 6312 6383
f 6312 6384 6383
f 6312 6313 6384
f 6313 6385 6384
f 6313 6314 6385
f 6314 6386 6385
f 6314 6315 6386
f 6315 6387 6386
f 6315 6316 6387
f 6316 6388 6387
f 6316 6317 6388
f 6317 6389 6388
f 6317 6318 6389
f 6318 6390 6389
f 6318 6319 6390
f 6319 6391 6390
f 6319 6320 6391
f 6320 6392 6391
f 6320 6321 6392
f 6321 6393 6392
f 6321 6322 6393
f 6322 6394 6393
f 6322 6323 6394
f 6323 6395 6394
f 6323 6324 6395
f 6324 6396 6395
f 6324 6325 6396
f 6325 6397 6396
f 6325 6326 6397
f 6326 6398 6397
f 6326 6327 6398
f 6327 6399 6398
f 6327 6328 6399
f 6328 6400 6399
f 6328 6329 6400
f 6329 6401 6400
f 6329 6330 6401
f 6330 6402 6401
f 6330 6331 6402
f 6331 6403 6402
f 6331 6332 6403
f 6332 6404 6403
f 6332 6333 6404
f 6333 6405 6404
f 6333 6334 6405
f 6334 6406 6405
f 6334 6335 6406
f 6335 6407 6406
f 6335 6336 6407
f 6336 6408 6407
f 6336 6265 6408
f 6265 6337 6408
f 6337 6338 6409
f 6338 6410 6409
f 6338 6339 6410
f 6339 6411 6410
f 6339 6340 6411
f 6340 6412 6411
f 6340 6341 6412
f 6341 6413 6412
f 6341 6342 6413
f 6342 6414 6413
f 6342 6343 6414
f 6343 6415 6414
f 6343 6344 6415
f 6344 6416 6415
f 6344 6345 6416
f 6345 6417 6416
f 6345 6346 6417
f 6346 6418 6417
f 6346 6347 6418
f 6347 6419 6418
f 6347 6348 6419
f 6348 6420 6419
f 6348 6349 6420
f 6349 6421 6420
f 6349 6350 6421
f 6350 6422 6421
f 6350 6351 6422
f 6351 6423 6422
f 6351 6352 6423
f 6352 6424 6423
f 6352 6353 6424
f 6353 6425 6424
f 6353 6354 6425
f 6354 6426 6425
f 6354 6355 6426
f 6355 6427 6426
f 6355 6356 6427
f 6356 6428 6427
f 6356 6357 6428
f 6357 6429 6428
f 6357 6358 6429
f 6358 6430 6429
f 6358 6359 6430
f 6359 6431 6430
f 6359 6360 6431
f 6360 6432 6431
f 6360 6361 6432
f 6361 6433 6432
f 6361 6362 6433
f 6362 6434 6433
f 6362 6363 6434
f 6363 6435 6434
f 6363 6364 6435
f 6364 6436 6435
f 6364 6365 6436
f 6365 6437 6436
f 6365 6366 6437
f 6366 6438 6437
f 6366 6367 6438
f 6367 6439 6438
f 6367 6368 6439
f 6368 6440 6439
f 6368 6369 6440
f 6369 6441 6440
f 6369 6370 6441
f 6370 6442 6441
f 6370 6371 6442
f 6371 6443 6442
f 6371 6372 6443
f 6372 6444 6443
f 6372 6373 6444
f 6373 6445 6444
f 6373 6374 6445
f 6374 6446 6445
f 6374 6375 6446
f 6375 6447 6446
f 6375 6376 6447
f 6376 6448 6447
f 6376 6377 6448
f 6377 6449 6448
f 6377 6378 6449
f 6378 6450 6449
f 6378 6379 6450
f 6379 6451 6450
f 6379 6380 6451
f 6380 6452 6451
f 6380 6381 6452
f 6381 6453 6452
f 6381 6382 6453
f 6382 6454 6453
f 6382 6383 6454
f 6383 6455 6454
f 6383 6384 6455
f 6384 6456 6455
f 6384 6385 6456
f 6385 6457 6456
f 6385 6386 6457
f 6386 6458 6457
f 6386 6387 6458
f 6387 6459 6458
f 6387 6388 6459
f 6388 6460 6459
f 6388 6389 6460
f 6389 6461 6460
f 6389 6390 6461
f 6390 6462 6461
f 6390 6391 6462
f 6391 6463 6462
f 6391 6392 6463
f 6392 6464 6463
f 6392 6393 6464
f 6393 6465 6464
f 6393 6394 6465
f 6394 6466 6465
f 6394 6395 6466
f 6395 6467 6466
f 6395 6396 6467
f 6396 6468 6467
f 6396 6397 6468
f 6397 6469 6468
f 6397 6398 6469
f 6398 6470 6469
f 6398 6399 6470
f 6399 6471 6470
f 6399 6400 6471
f 6400 6472 6471
f 6400 6401 6472
f 6401 6473 6472
f 6401 6402 6473
f 6402 6474 6473
f 6402 6403 6474
f 6403 6475 6474
f 6403 6404 6475
f 6404 6476 6475
f 6404 6405 6476
f 6405 6477 6476
f 6405 6406 6477
f 6406 6478 6477
f 6406 6407 6478
f 6407 6479 6478
f 6407 6408 6479
f 6408 6480 6479
f 6408 6337 6480
f 6337 6409 6480
f 6409 6410 6481
f 6410 6482 6481
f 6410 6411 6482
f 6411 6483 6482
f 6411 6412 6483
f 6412 6484 6483
f 6412 6413 6484
f 6413 6485 6484
f 6413 6414 6485
f 6414 6486 6485
f 6414 6415 6486
f 6415 6487 6486
f 6415 6416 6487
f 6416 6488 6487
f 6416 6417 6488
f 6417 6489 6488
f 6417 6418 6489
f 6418 6490 6489
f 6418 6419 6490
f 6419 6491 6490
f 6419 6420 6491
f 6420 6492 6491
f 6420 6421 6492
f 6421 6493 6492
f 6421 6422 6493
f 6422 6494 6493
f 6422 6423 6494
f 6423 6495 6494
f 6423 6424 6495
f 6424 6496 6495
f 6424 6425 6496
f 6425 6497 6496
f 6425 6426 6497
f 6426 6498 6497
f 6426 6427 6498
f 6427 6499 6498
f 6427 6428 6499
f 6428 6500 6499
f 6428 6429 6500
f 6429 6501 6500
f 6429 6430 6501
f 6430 6502 6501
f 6430 6431 6502
f 6431 6503 6502
f 6431 6432 6503
f 6432 6504 6503
f 6432 6433 6504
f 6433 6505 6504
f 6433 6434 6505
f 6434 6506 6505
f 6434 6435 6506
f 6435 6507 6506
f 6435 6436 6507
f 6436 6508 6507
f 6436 6437 6508
f 6437 6509 6508
f 6437 6438 6509
f 6438 6510 6509
f 6438 6439 6510
f 6439 6511 6510
f 6439 6440 6511
f 6440 6512 6511
f 6440 6441 6512
f 6441 6513 6512
f 6441 6442 6513
f 6442 6514 6513
f 6442 6443 6514
f 6443 6515 6514
f 6443 6444 6515
f 6444 6516 6515
f 6444 6445 6516
f 6445 6517 6516
f 6445 6446 6517
f 6446 6518 6517
f 6446 6447 6518
f 6447 6519 6518
f 6447 6448 6519
f 6448 6520 6519
f 6448 6449 6520
f 6449 6521 6520
f 6449 6450 6521
f 6450 6522 6521
f 6450 6451 6522
f 6451 6523 6522
f 6451 6452 6523
f 6452 6524 6523
f 6452 6453 6524
f 6453 6525 6524
f 6453 6454 6525
f 6454 6526 6525
f 6454 6455 6526
f 6455 6527 6526
f 6455 6456 6527
f 6456 6528 6527
f 6456 6457 6528
f 6457 6529 6528
f 6457 6458 6529
f 6458 6530 6529
f 6458 6459 6530
f 6459 6531 6530
f 6459 6460 6531
f 6460 6532 6531
f 6460 6461 6532
f 6461 6533 6532
f 6461 6462 6533
f 6462 6534 6533
f 6462 6463 6534
f 6463 6535 6534
f 6463 6464 6535
f 6464 6536 6535
f 6464 6465 6536
f 6465 6537 6536
f 6465 6466 6537
f 6466 6538 6537
f 6466 6467 6538
f 6467 6539 6538
f 6467 6468 6539
f 6468 6540 6539
f 6468 6469 6540
f 6469 6541 6540
f 6469 6470 6541
f 6470 6542 6541
f 6470 6471 6542
f 6471 6543 6542
f 6471 6472 6543
f 6472 6544 6543
f 6472 6473 6544
f 6473 6545 6544
f 6473 6474 6545
f 6474 6546 6545
f 6474 6475 6546
f 6475 6547 6546
f 6475 6476 6547
f 6476 6548 6547
f 6476 6477 6548
f 6477 6549 6548
f 6477 6478 6549
f 6478 6550 6549
f 6478 6479 6550
f 6479 6551 6550
f 6479 6480 6551
f 6480 6552 6551
f 6480 6409 6552
f 6409 6481 6552
f 6481 6482 6553
f 6482 6554 6553
f 6482 6483 6554
f 6483 6555 6554
f 6483 6484 6555
f 6484 6556 6555
f 6484 6485 6556
f 6485 6557 6556
f 6485 6486 6557
f 6486 6558 6557
f 6486 6487 6558
f 6487 6559 6558
f 6487 6488 6559
f 6488 6560 6559
f 6488 6489 6560
f 6489 6561 6560
f 6489 6490 6561
f 6490 6562 6561
f 6490 6491 6562
f 6491 6563 6562
f 6491 6492 6563
f 6492 6564 6563
f 6492 6493 6564
f 6493 6565 6564
f 6493 6494 6565
f 6494 6566 6565
f 6494 6495 6566
f 6495 6567 6566
f 6495 6496 6567
f 6496 6568 6567
f 6496 6497 6568
f 6497 6569 6568
f 6497 6498 6569
f 6498 6570 6569
f 6498 6499 6570
f 6499 6571 6570
f 6499 6500 6571
f 6500 6572 6571
f 6500 6501 6572
f 6501 6573 6572
f 6501 6502 6573
f 6502 6574 6573
f 6502 6503 6574
f 6503 6575 6574
f 6503 6504 6575
f 6504 6576 6575
f 6504 6505 6576
f 6505 6577 6576
f 6505 6506 6577
f 6506 6578 6577
f 6506 6507 6578
f 6507 6579 6578
f 6507 6508 6579
f 6508 6580 6579
f 6508 6509 6580
f 6509 6581 6580
f 6509 6510 6581
f 6510 6582 6581
f 6510 6511 6582
f 6511 6583 6582
f 6511 6512 6583
f 6512 6584 6583
f 6512 6513 6584
f 6513 6585 6584
f 6513 6514 6585
f 6514 6586 6585
f 6514 6515 6586
f 6515 6587 6586
f 6515 6516 6587
f 6516 6588 6587
f 6516 6517 6588
f 6517 6589 6588
f 6517 6518 6589
f 6518 6590 6589
f 6518 6519 6590
f 6519 6591 6590
f 6519 6520 6591
f 6520 6592 6591
f 6520 6521 6592
f 6521 6593 6592
f 6521 6522 6593
f 6522 6594 6593
f 6522 6523 6594
f 6523 6595 6594
f 6523 6524 6595
f 6524 6596 6595
f 6524 6525 6596
f 6525 6597 6596
f 6525 6526 6597
f 6526 6598 6597
f 6526 6527 6598
f 6527 6599 6598
f 6527 6528 6599
f 6528 6600 6599
f 6528 6529 6600
f 6529 6601 6600
f 6529 6530 6601
f 6530 6602 6601
f 6530 6531 6602
f 6531 6603 6602
f 6531 6532 6603
f 6532 6604 6603
f 6532 6533 6604
f 6533 6605 6604
f 6533 6534 6605
f 6534 6606 6605
f 6534 6535 6606
f 6535 6607 6606
f 6535 6536 6607
f 6536 6608 6607
f 6536 6537 6608
f 6537 6609 6608
f 6537 6538 6609
f 6538 6610 6609
f 6538 6539 6610
f 6539 6611 6610
f 6539 6540 6611
f 6540 6612 6611
f 6540 6541 6612
f 6541 6613 6612
f 6541 6542 6613
f 6542 6614 6613
f 6542 6543 6614
f 6543 6615 6614
f 6543 6544 6615
f 6544 6616 6615
f 6544 6545 6616
f 6545 6617 6616
f 6545 6546 6617
f 6546 6618 6617
f 6546 6547 6618
f 6547 6619 6618
f 6547 6548 6619
f 6548 6620 6619
f 6548 6549 6620
f 6549 6621 6620
f 6549 6550 6621
f 6550 6622 6621
f 6550 6551 6622
f 6551 6623 6622
f 6551 6552 6623
f 6552 6624 6623
f 6552 6481 6624
f 6481 6553 6624
f 6553 6554 6625
f 6554 6626 6625
f 6554 6555 6626
f 6555 6627 6626
f 6555 6556 6627
f 6556 6628 6627
f 6556 6557 6628
f 6557 6629 6628
f 6557 6558 6629
f 6558 6630 6629
f 6558 6559 6630
f 6559 6631 6630
f 6559 6560 6631
f 6560 6632 6631
f 6560 6561 6632
f 6561 6633 6632
f 6561 6562 6633
f 6562 6634 6633
f 6562 6563 6634
f 6563 6635 6634
f 6563 6564 6635
f 6564 6636 6635
f 6564 6565 6636
f 6565 6637 6636
f 6565 6566 6637
f 6566 6638 6637
f 6566 6567 6638
f 6567 6639 6638
f 6567 6568 6639
f 6568 6640 6639
f 6568 6569 6640
f 6569 6641 6640
f 6569 6570 6641
f 6570 6642 6641
f 6570 6571 6642
f 6571 6643 6642
f 6571 6572 6643
f 6572 6644 6643
f 6572 6573 6644
f 6573 6645 6644
f 6573 6574 6645
f 6574 6646 6645
f 6574 6575 6646
f 6575 6647 6646
f 6575 6576 6647
f 6576 6648 6647
f 6576 6577 6648
f 6577 6649 6648
f 6577 6578 6649
f 6578 6650 6649
f 6578 6579 6650
f 6579 6651 6650
f 6579 6580 6651
f 6580 6652 6651
f 6580 6581 6652
f 6581 6653 6652
f 6581 6582 6653
f 6582 6654 6653
f 6582 6583 6654
f 6583 6655 6654
f 6583 6584 6655
f 6584 6656 6655
f 6584 6585 6656
f 6585 6657 6656
f 6585 6586 6657
f 6586 6658 6657
f 6586 6587 6658
f 6587 6659 6658
f 6587 6588 6659
f 6588 6660 6659
f 6588 6589 6660
f 6589 6661 6660
f 6589 6590 6661
f 6590 6662 6661
f 6590 6591 6662
f 6591 6663 6662
f 6591 6592 6663
f 6592 6664 6663
f 6592 6593 6664
f 6593 6665 6664
f 6593 6594 6665
f 6594 6666 6665
f 6594 6595 6666
f 6595 6667 6666
f 6595 6596 6667
f 6596 6668 6667
f 6596 6597 6668
f 6597 6669 6668
f 6597 6598 6669
f 6598 6670 6669
f 6598 6599 6670
f 6599 6671 6670
f 6599 6600 6671
f 6600 6672 6671
f 6600 6601 6672
f 6601 6673 6672
f 6601 6602 6673
f 6602 6674 6673
f 6602 6603 6674
f 6603 6675 6674
f 6603 6604 6675
f 6604 6676 6675
f 6604 6605 6676
f 6605 6677 6676
f 6605 6606 6677
f 6606 6678 6677
f 6606 6607 6678
f 6607 6679 6678
f 6607 6608 6679
f 6608 6680 6679
f 6608 6609 6680
f 6609 6681 6680
f 6609 6610 6681
f 6610 6682 6681
f 6610 6611 6682
f 6611 6683 6682
f 6611 6612 6683
f 6612 6684 6683
f 6612 6613 6684
f 6613 6685 6684
f 6613 6614 6685
f 6614 6686 6685
f 6614 6615 6686
f 6615 6687 6686
f 6615 6616 6687
f 6616 6688 6687
f 6616 6617 6688
f 6617 6689 6688
f 6617 6618 6689
f 6618 6690 6689
f 6618 6619 6690
f 6619 6691 6690
f 6619 6620 6691
f 6620 6692 6691
f 6620 6621 6692
f 6621 6693 6692
f 6621 6622 6693
f 6622 6694 6693
f 6622 6623 6694
f 6623 6695 6694
f 6623 6624 6695
f 6624 6696 6695
f 6624 6553 6696
f 6553 6625 6696
f 6625 6626 6697
f 6626 6698 6697
f 6626 6627 6698
f 6627 6699 6698
f 6627 6628 6699
f 6628 6700 6699
f 6628 6629 6700
f 6629 6701 6700
f 6629 6630 6701
f 6630 6702 6701
f 6630 6631 6702
f 6631 6703 6702
f 6631 6632 6703
f 6632 6704 6703
f 6632 6633 6704
f 6633 6705 6704
f 6633 6634 6705
f 6634 6706 6705
f 6634 6635 6706
f 6635 6707 6706
f 6635 6636 6707
f 6636 6708 6707
f 6636 6637 6708
f 6637 6709 6708
f 6637 6638 6709
f 6638 6710 6709
f 6638 6639 6710
f 6639 6711 6710
f 6639 6640 6711
f 6640 6712 6711
f 6640 6641 6712
f 6641 6713 6712
f 6641 6642 6713
f 6642 6714 6713
f 6642 6643 6714
f 6643 6715 6714
f 6643 6644 6715
f 6644 6716 6715
f 6644 6645 6716
f 6645 6717 6716
f 6645 6646 6717
f 6646 6718 6717
f 6646 6647 6718
f 6647 6719 6718
f 6647 6648 6719
f 6648 6720 6719
f 6648 6649 6720
f 6649 6721 6720
f 6649 6650 6721
f 6650 6722 6721
f 6650 6651 6722
f 6651 6723 6722
f 6651 6652 6723
f 6652 6724 6723
f 6652 6653 6724
f 6653 6725 6724
f 6653 6654 6725
f 6654 6726 6725
f 6654 6655 6726
f 6655 6727 6726
f 6655 6656 6727
f 6656 6728 6727
f 6656 6657 6728
f 6657 6729 6728
f 6657 6658 6729
f 6658 6730 6729
f 6658 6659 6730
f 6659 6731 6730
f 6659 6660 6731
f 6660 6732 6731
f 6660 6661 6732
f 6661 6733 6732
f 6661 6662 6733
f 6662 6734 6733
f 6662 6663 6734
f 6663 6735 6734
f 6663 6664 6735
f 6664 6736 6735
f 6664 6665 6736
f 6665 6737 6736
f 6665 6666 6737
f 6666 6738 6737
f 6666 6667 6738
f 6667 6739 6738
f 6667 6668 6739
f 6668 6740 6739
f 6668 6669 6740
f 6669 6741 6740
f 6669 6670 6741
f 6670 6742 6741
f 6670 6671 6742
f 6671 6743 6742
f 6671 6672 6743
f 6672 6744 6743
f 6672 6673 6744
f 6673 6745 6744
f 6673 6674 6745
f 6674 6746 6745
f 6674 6675 6746
f 6675 6747 6746
f 6675 6676 6747
f 6676 6748 6747
f 6676 6677 6748
f 6677 6749 6748
f 6677 6678 6749
f 6678 6750 6749
f 6678 6679 6750
f 6679 6751 6750
f 6679 6680 6751
f 6680 6752 6751
f 6680 6681 6752
f 6681 6753 6752
f 6681 6682 6753
f 6682 6754 6753
f 6682 6683 6754
f 6683 6755 6754
f 6683 6684 6755
f 6684 6756 6755
f 6684 6685 6756
f 6685 6757 6756
f 6685 6686 6757
f 6686 6758 6757
f 6686 6687 6758
f 6687 6759 6758
f 6687 6688 6759
f 6688 6760 6759
f 6688 6689 6760
f 6689 6761 6760
f 6689 6690 6761
f 6690 6762 6761
f 6690 6691 6762
f 6691 6763 6762
f 6691 6692 6763
f 6692 6764 6763
f 6692 6693 6764
f 6693 6765 6764
f 6693 6694 6765
f 6694 6766 6765
f 6694 6695 6766
f 6695 6767 6766
f 6695 6696 6767
f 6696 6768 6767
f 6696 6625 6768
f 6625 6697 6768
f 6697 6698 6769
f 6698 6770 6769
f 6698 6699 6770
f 6699 6771 6770
f 6699 6700 6771
f 6700 6772 6771
f 6700 6701 6772
f 6701 6773 6772
f 6701 6702 6773
f 6702 6774 6773
f 6702 6703 6774
f 6703 6775 6774
f 6703 6704 6775
f 6704 6776 6775
f 6704 6705 6776
f 6705 6777 6776
f 6705 6706 6777
f 6706 6778 6777
f 6706 6707 6778
f 6707 6779 6778
f 6707 6708 6779
f 6708 6780 6779
f 6708 6709 6780
f 6709 6781 6780
f 6709 6710 6781
f 6710 6782 6781
f 6710 6711 6782
f 6711 6783 6782
f 6711 6712 6783
f 6712 6784 6783
f 6712 6713 6784
f 6713 6785 6784
f 6713 6714 6785
f 6714 6786 6785
f 6714 6715 6786
f 6715 6787 6786
f 6715 6716 6787
f 6716 6788 6787
f 6716 6717 6788
f 6717 6789 6788
f 6717 6718 6789
f 6718 6790 6789
f 6718 6719 6790
f 6719 6791 6790
f 6719 6720 6791
f 6720 6792 6791
f 6720 6721 6792
f 6721 6793 6792
f 6721 6722 6793
f 6722 6794 6793
f 6722 6723 6794
f 6723 6795 6794
f 6723 6724 6795
f 6724 6796 6795
f 6724 6725 6796
f 6725 6797 6796
f 6725 6726 6797
f 6726 6798 6797
f 6726 6727 6798
f 6727 6799 6798
f 6727 6728 6799
f 6728 6800 6799
f 6728 6729 6800
f 6729 6801 6800
f 6729 6730 6801
f 6730 6802 6801
f 6730 6731 6802
f 6731 6803 6802
f 6731 6732 6803
f 6732 6804 6803
f 6732 6733 6804
f 6733 6805 6804
f 6733 6734 6805
f 6734 6806 6805
f 6734 6735 6806
f 6735 6807 6806
f 6735 6736 6807
f 6736 6808 6807
f 6736 6737 6808
f 6737 6809 6808
f 6737 6738 6809
f 6738 6810 6809
f 6738 6739 6810
f 6739 6811 6810
f 6739 6740 6811
f 6740 6812 6811
f 6740 6741 6812
f 6741 6813 6812
f 6741 6742 6813
f 6742 6814 6813
f 6742 6743 6814
f 6743 6815 6814
f 6743 6744 6815
f 6744 6816 6815
f 6744 6745 6816
f 6745 6817 6816
f 6745 6746 6817
f 6746 6818 6817
f 6746 6747 6818
f 6747 6819 6818
f 6747 6748 6819
f 6748 6820 6819
f 6748 6749 6820
f 6749 6821 6820
f 6749 6750 6821
f 6750 6822 6821
f 6750 6751 6822
f 6751 6823 6822
f 6751 6752 6823
f 6752 6824 6823
f 6752 6753 6824
f 6753 6825 6824
f 6753 6754 6825
f 6754 6826 6825
f 6754 6755 6826
f 6755 6827 6826
f 6755 6756 6827
f 6756 6828 6827
f 6756 6757 6828
f 6757 6829 6828
f 6757 6758 6829
f 6758 6830 6829
f 6758 6759 6830
f 6759 6831 6830
f 6759 6760 6831
f 6760 6832 6831
f 6760 6761 6832
f 6761 6833 6832
f 6761 6762 6833
f 6762 6834 6833
f 6762 6763 6834
f 6763 6835 6834
f 6763 6764 6835
f 6764 6836 6835
f 6764 6765 6836
f 6765 6837 6836
f 6765 6766 6837
f 6766 6838 6837
f 6766 6767 6838
f 6767 6839 6838
f 6767 6768 6839
f 6768 6840 6839
f 6768 6697 6840
f 6697 6769 6840
f 6769 6770 6841
f 6770 6842 6841
f 6770 6771 6842
f 6771 6843 6842
f 6771 6772 6843
f 6772 6844 6843
f 6772 6773 6844
f 6773 6845 6844
f 6773 6774 6845
f 6774 6846 6845
f 6774 6775 6846
f 6775 6847 6846
f 6775 6776 6847
f 6776 6848 6847
f 6776 6777 6848
f 6777 6849 6848
f 6777 6778 6849
f 6778 6850 6849
f 6778 6779 6850
f 6779 6851 6850
f 6779 6780 6851
f 6780 6852 6851
f 6780 6781 6852
f 6781 6853 6852
f 6781 6782 6853
f 6782 6854 6853
f 6782 6783 6854
f 6783 6855 6854
f 6783 6784 6855
f 6784 6856 6855
f 6784 6785 6856
f 6785 6857 6856
f 6785 6786 6857
f 6786 6858 6857
f 6786 6787 6858
f 6787 6859 6858
f 6787 6788 6859
f 6788 6860 6859
f 6788 6789 6860
f 6789 6861 6860
f 6789 6790 6861
f 6790 6862 6861
f 6790 6791 6862
f 6791 6863 6862
f 6791 6792 6863
f 6792 6864 6863
f 6792 6793 6864
f 6793 6865 6864
f 6793 6794 6865
f 6794 6866 6865
f 6794 6795 6866
f 6795 6867 6866
f 6795 6796 6867
f 6796 6868 6867
f 6796 6797 6868
f 6797 6869 6868
f 6797 6798 6869
f 6798 6870 6869
f 6798 6799 6870
f 6799 6871 6870
f 6799 6800 6871
f 6800 6872 6871
f 6800 6801 6872
f 6801 6873 6872
f 6801 6802 6873
f 6802 6874 6873
f 6802 6803 6874
f 6803 6875 6874
f 6803 6804 6875
f 6804 6876 6875
f 6804 6805 6876
f 6805 6877 6876
f 6805 6806 6877
f 6806 6878 6877
f 6806 6807 6878
f 6807 6879 6878
f 6807 6808 6879
f 6808 6880 6879
f 6808 6809 6880
f 6809 6881 6880
f 6809 6810 6881
f 6810 6882 6881
f 6810 6811 6882
f 6811 6883 6882
f 6811 6812 6883
f 6812 6884 6883
f 6812 6813 6884
f 6813 6885 6884
f 6813 6814 6885
f 6814 6886 6885
f 6814 6815 6886
f 6815 6887 6886
f 6815 6816 6887
f 6816 6888 6887
f 6816 6817 6888
f 6817 6889 6888
f 6817 6818 6889
f 6818 6890 6889
f 6818 6819 6890
f 6819 6891 6890
f 6819 6820 6891
f 6820 6892 6891
f 6820 6821 6892
f 6821 6893 6892
f 6821 6822 6893
f 6822 6894 6893
f 6822 6823 6894
f 6823 6895 6894
f 6823 6824 6895
f 6824 6896 6895
f 6824 6825 6896
f 6825 6897 6896
f 6825 6826 6897
f 6826 6898 6897
f 6826 6827 6898
f 6827 6899 6898
f 6827 6828 6899
f 6828 6900 6899
f 6828 6829 6900
f 6829 6901 6900
f 6829 6830 6901
f 6830 6902 6901
f 6830 6831 6902
f 6831 6903 6902
f 6831 6832 6903
f 6832 6904 6903
f 6832 6833 6904
f 6833 6905 6904
f 6833 6834 6905
f 6834 6906 6905
f 6834 6835 6906
f 6835 6907 6906
f 6835 6836 6907
f 6836 6908 6907
f 6836 6837 6908
f 6837 6909 6908
f 6837 6838 6909
f 6838 6910 6909
f 6838 6839 6910
f 6839 6911 6910
f 6839 6840 6911
f 6840 6912 6911
f 6840 6769 6912
f 6769 6841 6912
f 6841 6842 6913
f 6842 6914 6913
f 6842 6843 6914
f 6843 6915 6914
f 6843 6844 6915
f 6844 6916 6915
f 6844 6845 6916
f 6845 6917 6916
f 6845 6846 6917
f 6846 6918 6917
f 6846 6847 6918
f 6847 6919 6918
f 6847 6848 6919
f 6848 6920 6919
f 6848 6849 6920
f 6849 6921 6920
f 6849 6850 6921
f 6850 6922 6921
f 6850 6851 6922
f 6851 6923 6922
f 6851 6852 6923
f 6852 6924 6923
f 6852 6853 6924
f 6853 6925 6924
f 6853 6854 6925
f 6854 6926 6925
f 6854 6855 6926
f 6855 6927 6926
f 6855 6856 6927
f 6856 6928 6927
f 6856 6857 6928
f 6857 6929 6928
f 6857 6858 6929
f 6858 6930 6929
f 6858 6859 6930
f 6859 6931 6930
f 6859 6860 6931
f 6860 6932 6931
f 6860 6861 6932
f 6861 6933 6932
f 6861 6862 6933
f 6862 6934 6933
f 6862 6863 6934
f 6863 6935 6934
f 6863 6864 6935
f 6864 6936 6935
f 6864 6865 6936
f 6865 6937 6936
f 6865 6866 6937
f 6866 6938 6937
f 6866 6867 6938
f 6867 6939 6938
f 6867 6868 6939
f 6868 6940 6939
f 6868 6869 6940
f 6869 6941 6940
f 6869 6870 6941
f 6870 6942 6941
f 6870 6871 6942
f 6871 6943 6942
f 6871 6872 6943
f 6872 6944 6943
f 6872 6873 6944
f 6873 6945 6944
f 6873 6874 6945
f 6874 6946 6945
f 6874 6875 6946
f 6875 6947 6946
f 6875 6876 6947
f 6876 6948 6947
f 6876 6877 6948
f 6877 6949 6948
f 6877 6878 6949
f 6878 6950 6949
f 6878 6879 6950
f 6879 6951 6950
f 6879 6880 6951
f 6880 6952 6951
f 6880 6881 6952
f 6881 6953 6952
f 6881 6882 6953
f 6882 6954 6953
f 6882 6883 6954
f 6883 6955 6954
f 6883 6884 6955
f 6884 6956 6955
f 6884 6885 6956
f 6885 6957 6956
f 6885 6886 6957
f 6886 6958 6957
f 6886 6887 6958
f 6887 6959 6958
f 6887 6888 6959
f 6888 6960 6959
f 6888 6889 6960
f 6889 6961 6960
f 6889 6890 6961
f 6890 6962 6961
f 6890 6891 6962
f 6891 6963 6962
f 6891 6892 6963
f 6892 6964 6963
f 6892 6893 6964
f 6893 6965 6964
f 6893 6894 6965
f 6894 6966 6965
f 6894 6895 6966
f 6895 6967 6966
f 6895 6896 6967
f 6896 6968 6967
f 6896 6897 6968
f 6897 6969 6968
f 6897 6898 6969
f 6898 6970 6969
f 6898 6899 6970
f 6899 6971 6970
f 6899 6900 6971
f 6900 6972 6971
f 6900 6901 6972
f 6901 6973 6972
f 6901 6902 6973
f 6902 6974 6973
f 6902 6903 6974
f 6903 6975 6974
f 6903 6904 6975
f 6904 6976 6975
f 6904 6905 6976
f 6905 6977 6976
f 6905 6906 6977
f 6906 6978 6977
f 6906 6907 6978
f 6907 6979 6978
f 6907 6908 6979
f 6908 6980 6979
f 6908 6909 6980
f 6909 6981 6980
f 6909 6910 6981
f 6910 6982 6981
f 6910 6911 6982
f 6911 6983 6982
f 6911 6912 6983
f 6912 6984 6983
f 6912 6841 6984
f 6841 6913 6984
f 6913 6914 6985
f 6914 6986 6985
f 6914 6915 6986
f 6915 6987 6986
f 6915 6916 6987
f 6916 6988 6987
f 6916 6917 6988
f 6917 6989 6988
f 6917 6918 6989
f 6918 6990 6989
f 6918 6919 6990
f 6919 6991 6990
f 6919 6920 6991
f 6920 6992 6991
f 6920 6921 6992
f 6921 6993 6992
f 6921 6922 6993
f 6922 6994 6993
f 6922 6923 6994
f 6923 6995 6994
f 6923 6924 6995
f 6924 6996 6995
f 6924 6925 6996
f 6925 6997 6996
f 6925 6926 6997
f 6926 6998 6997
f 6926 6927 6998
f 6927 6999 6998
f 6927 6928 6999
f 6928 7000 6999
f 6928 6929 7000
f 6929 7001 7000
f 6929 6930 7001
f 6930 7002 7001
f 6930 6931 7002
f 6931 7003 7002
f 6931 6932 7003
f 6932 7004 7003
f 6932 6933 7004
f 6933 7005 7004
f 6933 6934 7005
f 6934 7006 7005
f 6934 6935 7006
f 6935 7007 7006
f 6935 6936 7007
f 6936 7008 7007
f 6936 6937 7008
f 6937 7009 7008
f 6937 6938 7009
f 6938 7010 7009
f 6938 6939 7010
f 6939 7011 7010
f 6939 6940 7011
f 6940 7012 7011
f 6940 6941 7012
f 6941 7013 7012
f 6941 6942 7013
f 6942 7014 7013
f 6942 6943 7014
f 6943 7015 7014
f 6943 6944 7015
f 6944 7016 7015
f 6944 6945 7016
f 6945 7017 7016
f 6945 6946 7017
f 6946 7018 7017
f 6946 6947 7018
f 6947 7019 7018
f 6947 6948 7019
f 6948 7020 7019
f 6948 6949 7020
f 6949 7021 7020
f 6949 6950 7021
f 6950 7022 7021
f 6950 6951 7022
f 6951 7023 7022
f 6951 6952 7023
f 6952 7024 7023
f 6952 6953 7024
f 6953 7025 7024
f 6953 6954 7025
f 6954 7026 7025
f 6954 6955 7026
f 6955 7027 7026
f 6955 6956 7027
f 6956 7028 7027
f 6956 6957 7028
f 6957 7029 7028
f 6957 6958 7029
f 6958 7030 7029
f 6958 6959 7030
f 6959 7031 7030
f 6959 6960 7031
f 6960 7032 7031
f 6960 6961 7032
f 6961 7033 7032
f 6961 6962 7033
f 6962 7034 7033
f 6962 6963 7034
f 6963 7035 7034
f 6963 6964 7035
f 6964 7036 7035
f 6964 6965 7036
f 6965 7037 7036
f 6965 6966 7037
f 6966 7038 7037
f 6966 6967 7038
f 6967 7039 7038
f 6967 6968 7039
f 6968 7040 7039
f 6968 6969 7040
f 6969 7041 7040
f 6969 6970 7041
f 6970 7042 7041
f 6970 6971 7042
f 6971 7043 7042
f 6971 6972 7043
f 6972 7044 7043
f 6972 6973 7044
f 6973 7045 7044
f 6973 6974 7045
f 6974 7046 7045
f 6974 6975 7046
f 6975 7047 7046
f 6975 6976 7047
f 6976 7048 7047
f 6976 6977 7048
f 6977 7049 7048
f 6977 6978 7049
f 6978 7050 7049
f 6978 6979 7050
f 6979 7051 7050
f 6979 6980 7051
f 6980 7052 7051
f 6980 6981 7052
f 6981 7053 7052
f 6981 6982 7053
f 6982 7054 7053
f 6982 6983 7054
f 6983 7055 7054
f 6983 6984 7055
f 6984 7056 7055
f 6984 6913 7056
f 6913 6985 7056
f 6985 6986 7057
f 6986 7058 7057
f 6986 6987 7058
f 6987 7059 7058
f 6987 6988 7059
f 6988 7060 7059
f 6988 6989 7060
f 6989 7061 7060
f 6989 6990 7061
f 6990 7062 7061
f 6990 6991 7062
f 6991 7063 7062
f 6991 6992 7063
f 6992 7064 7063
f 6992 6993 7064
f 6993 7065 7064
f 6993 6994 7065
f 6994 7066 7065
f 6994 6995 7066
f 6995 7067 7066
f 6995 6996 7067
f 6996 7068 7067
f 6996 6997 7068
f 6997 7069 7068
f 6997 6998 7069
f 6998 7070 7069
f 6998 6999 7070
f 6999 7071 7070
f 6999 7000 7071
f 7000 7072 7071
f 7000 7001 7072
f 7001 7073 7072
f 7001 7002 7073
f 7002 7074 7073
f 7002 7003 7074
f 7003 7075 7074
f 7003 7004 7075
f 7004 7076 7075
f 7004 7005 7076
f 7005 7077 7076
f 7005 7006 7077
f 7006 7078 7077
f 7006 7007 7078
f 7007 7079 7078
f 7007 7008 7079
f 7008 7080 7079
f 7008 7009 7080
f 7009 7081 7080
f 7009 7010 7081
f 7010 7082 7081
f 7010 7011 7082
f 7011 7083 7082
f 7011 7012 7083
f 7012 7084 7083
f 7012 7013 7084
f 7013 7085 7084
f 7013 7014 7085
f 7014 7086 7085
f 7014 7015 7086
f 7015 7087 7086
f 7015 7016 7087
f 7016 7088 7087
f 7016 7017 7088
f 7017 7089 7088
f 7017 7018 7089
f 7018 7090 7089
f 7018 7019 7090
f 7019 7091 7090
f 7019 7020 7091
f 7020 7092 7091
f 7020 7021 7092
f 7021 7093 7092
f 7021 7022 7093
f 7022 7094 7093
f 7022 7023 7094
f 7023 7095 7094
f 7023 7024 7095
f 7024 7096 7095
f 7024 7025 7096
f 7025 7097 7096
f 7025 7026 7097
f 7026 7098 7097
f 7026 7027 7098
f 7027 7099 7098
f 7027 7028 7099
f 7028 7100 7099
f 7028 7029 7100
f 7029 7101 7100
f 7029 7030 7101
f 7030 7102 7101
f 7030 7031 7102
f 7031 7103 7102
f 7031 7032 7103
f 7032 7104 7103
f 7032 7033 7104
f 7033 7105 7104
f 7033 7034 7105
f 7034 7106 7105
f 7034 7035 7106
f 7035 7107 7106
f 7035 7036 7107
f 7036 7108 7107
f 7036 7037 7108
f 7037 7109 7108
f 7037 7038 7109
f 7038 7110 7109
f 7038 7039 7110
f 7039 7111 7110
f 7039 7040 7111
f 7040 7112 7111
f 7040 7041 7112
f 7041 7113 7112
f 7041 7042 7113
f 7042 7114 7113
f 7042 7043 7114
f 7043 7115 7114
f 7043 7044 7115
f 7044 7116 7115
f 7044 7045 7116
f 7045 7117 7116
f 7045 7046 7117
f 7046 7118 7117
f 7046 7047 7118
f 7047 7119 7118
f 7047 7048 7119
f 7048 7120 7119
f 7048 7049 7120
f 7049 7121 7120
f 7049 7050 7121
f 7050 7122 7121
f 7050 7051 7122
f 7051 7123 7122
f 7051 7052 7123
f 7052 7124 7123
f 7052 7053 7124
f 7053 7125 7124
f 7053 7054 7125
f 7054 7126 7125
f 7054 7055 7126
f 7055 7127 7126
f 7055 7056 7127
f 7056 7128 7127
f 7056 6985 7128
f 6985 7057 7128
f 7057 7058 7129
f 7058 7130 7129
f 7058 7059 7130
f 7059 7131 7130
f 7059 7060 7131
f 7060 7132 7131
f 7060 7061 7132
f 7061 7133 7132
f 7061 7062 7133
f 7062 7134 7133
f 7062 7063 7134
f 7063 7135 7134
f 7063 7064 7135
f 7064 7136 7135
f 7064 7065 7136
f 7065 7137 7136
f 7065 7066 7137
f 7066 7138 7137
f 7066 7067 7138
f 7067 7139 7138
f 7067 7068 7139
f 7068 7140 7139
f 7068 7069 7140
f 7069 7141 7140
f 7069 7070 7141
f 7070 7142 7141
f 7070 7071 7142
f 7071 7143 7142
f 7071 7072 7143
f 7072 7144 7143
f 7072 7073 7144
f 7073 7145 7144
f 7073 7074 7145
f 7074 7146 7145
f 7074 7075 7146
f 7075 7147 7146
f 7075 7076 7147
f 7076 7148 7147
f 7076 7077 7148
f 7077 7149 7148
f 7077 7078 7149
f 7078 7150 7149
f 7078 7079 7150
f 7079 7151 7150
f 7079 7080 7151
f 7080 7152 7151
f 7080 7081 7152
f 7081 7153 7152
f 7081 7082 7153
f 7082 7154 7153
f 7082 7083 7154
f 7083 7155 7154
f 7083 7084 7155
f 7084 7156 7155
f 7084 7085 7156
f 7085 7157 7156
f 7085 7086 7157
f 7086 7158 7157
f 7086 7087 7158
f 7087 7159 7158
f 7087 7088 7159
f 7088 7160 7159
f 7088 7089 7160
f 7089 7161 7160
f 7089 7090 7161
f 7090 7162 7161
f 7090 7091 7162
f 7091 7163 7162
f 7091 7092 7163
f 7092 7164 7163
f 7092 7093 7164
f 7093 7165 7164
f 7093 7094 7165
f 7094 7166 7165
f 7094 7095 7166
f 7095 7167 7166
f 7095 7096 7167
f 7096 7168 7167
f 7096 7097 7168
f 7097 7169 7168
f 7097 7098 7169
f 7098 7170 7169
f 7098 7099 7170
f 7099 7171 7170
f 7099 7100 7171
f 7100 7172 7171
f 7100 7101 7172
f 7101 7173 7172
f 7101 7102 7173
f 7102 7174 7173
f 7102 7103 7174
f 7103 7175 7174
f 7103 7104 7175
f 7104 7176 7175
f 7104 7105 7176
f 7105 7177 7176
f 7105 7106 7177
f 7106 7178 7177
f 7106 7107 7178
f 7107 7179 7178
f 7107 7108 7179
f 7108 7180 7179
f 7108 7109 7180
f 7109 7181 7180
f 7109 7110 7181
f 7110 7182 7181
f 7110 7111 7182
f 7111 7183 7182
f 7111 7112 7183
f 7112 7184 7183
f 7112 7113 7184
f 7113 7185 7184
f 7113 7114 7185
f 7114 7186 7185
f 7114 7115 7186
f 7115 7187 7186
f 7115 7116 7187
f 7116 7188 7187
f 7116 7117 7188
f 7117 7189 7188
f 7117 7118 7189
f 7118 7190 7189
f 7118 7119 7190
f 7119 7191 7190
f 7119 7120 7191
f 7120 7192 7191
f 7120 7121 7192
f 7121 7193 7192
f 7121 7122 7193
f 7122 7194 7193
f 7122 7123 7194
f 7123 7195 7194
f 7123 7124 7195
f 7124 7196 7195
f 7124 7125 7196
f 7125 7197 7196
f 7125 7126 7197
f 7126 7198 7197
f 7126 7127 7198
f 7127 7199 7198
f 7127 7128 7199
f 7128 7200 7199
f 7128 7057 7200
f 7057 7129 7200
f 7129 7130 7201
f 7130 7202 7201
f 7130 7131 7202
f 7131 7203 7202
f 7131 7132 7203
f 7132 7204 7203
f 7132 7133 7204
f 7133 7205 7204
f 7133 7134 7205
f 7134 7206 7205
f 7134 7135 7206
f 7135 7207 7206
f 7135 7136 7207
f 7136 7208 7207
f 7136 7137 7208
f 7137 7209 7208
f 7137 7138 7209
f 7138 7210 7209
f 7138 7139 7210
f 7139 7211 7210
f 7139 7140 7211
f 7140 7212 7211
f 7140 7141 7212
f 7141 7213 7212
f 7141 7142 7213
f 7142 7214 7213
f 7142 7143 7214
f 7143 7215 7214
f 7143 7144 7215
f 7144 7216 7215
f 7144 7145 7216
f 7145 7217 7216
f 7145 7146 7217
f 7146 7218 7217
f 7146 7147 7218
f 7147 7219 7218
f 7147 7148 7219
f 7148 7220 7219
f 7148 7149 7220
f 7149 7221 7220
f 7149 7150 7221
f 7150 7222 7221
f 7150 7151 7222
f 7151 7223 7222
f 7151 7152 7223
f 7152 7224 7223
f 7152 7153 7224
f 7153 7225 7224
f 7153 7154 7225
f 7154 7226 7225
f 7154 7155 7226
f 7155 7227 7226
f 7155 7156 7227
f 7156 7228 7227
f 7156 7157 7228
f 7157 7229 7228
f 7157 7158 7229
f 7158 7230 7229
f 7158 7159 7230
f 7159 7231 7230
f 7159 7160 7231
f 7160 7232 7231
f 7160 7161 7232
f 7161 7233 7232
f 7161 7162 7233
f 7162 7234 7233
f 7162 7163 7234
f 7163 7235 7234
f 7163 7164 7235
f 7164 7236 7235
f 7164 7165 7236
f 7165 7237 7236
f 7165 7166 7237
f 7166 7238 7237
f 7166 7167 7238
f 7167 7239 7238
f 7167 7168 7239
f 7168 7240 7239
f 7168 7169 7240
f 7169 7241 7240
f 7169 7170 7241
f 7170 7242 7241
f 7170 7171 7242
f 7171 7243 7242
f 7171 7172 7243
f 7172 7244 7243
f 7172 7173 7244
f 7173 7245 7244
f 7173 7174 7245
f 7174 7246 7245
f 7174 7175 7246
f 7175 7247 7246
f 7175 7176 7247
f 7176 7248 7247
f 7176 7177 7248
f 7177 7249 7248
f 7177 7178 7249
f 7178 7250 7249
f 7178 7179 7250
f 7179 7251 7250
f 7179 7180 7251
f 7180 7252 7251
f 7180 7181 7252
f 7181 7253 7252
f 7181 7182 7253
f 7182 7254 7253
f 7182 7183 7254
f 7183 7255 7254
f 7183 7184 7255
f 7184 7256 7255
f 7184 7185 7256
f 7185 7257 7256
f 7185 7186 7257
f 7186 7258 7257
f 7186 7187 7258
f 7187 7259 7258
f 7187 7188 7259
f 7188 7260 7259
f 7188 7189 7260
f 7189 7261 7260
f 7189 7190 7261
f 7190 7262 7261
f 7190 7191 7262
f 7191 7263 7262
f 7191 7192 7263
f 7192 7264 7263
f 7192 7193 7264
f 7193 7265 7264
f 7193 7194 7265
f 7194 7266 7265
f 7194 7195 7266
f 7195 7267 7266
f 7195 7196 7267
f 7196 7268 7267
f 7196 7197 7268
f 7197 7269 7268
f 7197 7198 7269
f 7198 7270 7269
f 7198 7199 7270
f 7199 7271 7270
f 7199 7200 7271
f 7200 7272 7271
f 7200 7129 7272
f 7129 7201 7272
f 7201 7202 7273
f 7202 7274 7273
f 7202 7203 7274
f 7203 7275 7274
f 7203 7204 7275
f 7204 7276 7275
f 7204 7205 7276
f 7205 7277 7276
f 7205 7206 7277
f 7206 7278 7277
f 7206 7207 7278
f 7207 7279 7278
f 7207 7208 7279
f 7208 7280 7279
f 7208 7209 7280
f 7209 7281 7280
f 7209 7210 7281
f 7210 7282 7281
f 7210 7211 7282
f 7211 7283 7282
f 7211 7212 7283
f 7212 7284 7283
f 7212 7213 7284
f 7213 7285 7284
f 7213 7214 7285
f 7214 7286 7285
f 7214 7215 7286
f 7215 7287 7286
f 7215 7216 7287
f 7216 7288 7287
f 7216 7217 7288
f 7217 7289 7288
f 7217 7218 7289
f 7218 7290 7289
f 7218 7219 7290
f 7219 7291 7290
f 7219 7220 7291
f 7220 7292 7291
f 7220 7221 7292
f 7221 7293 7292
f 7221 7222 7293
f 7222 7294 7293
f 7222 7223 7294
f 7223 7295 7294
f 7223 7224 7295
f 7224 7296 7295
f 7224 7225 7296
f 7225 7297 7296
f 7225 7226 7297
f 7226 7298 7297
f 7226 7227 7298
f 7227 7299 7298
f 7227 7228 7299
f 7228 7300 7299
f 7228 7229 7300
f 7229 7301 7300
f 7229 7230 7301
f 7230 7302 7301
f 7230 7231 7302
f 7231 7303 7302
f 7231 7232 7303
f 7232 7304 7303
f 7232 7233 7304
f 7233 7305 7304
f 7233 7234 7305
f 7234 7306 7305
f 7234 7235 7306
f 7235 7307 7306
f 7235 7236 7307
f 7236 7308 7307
f 7236 7237 7308
f 7237 7309 7308
f 7237 7238 7309
f 7238 7310 7309
f 7238 7239 7310
f 7239 7311 7310
f 7239 7240 7311
f 7240 7312 7311
f 7240 7241 7312
f 7241 7313 7312
f 7241 7242 7313
f 7242 7314 7313
f 7242 7243 7314
f 7243 7315 7314
f 7243 7244 7315
f 7244 7316 7315
f 7244 7245 7316
f 7245 7317 7316
f 7245 7246 7317
f 7246 7318 7317
f 7246 7247 7318
f 7247 7319 7318
f 7247 7248 7319
f 7248 7320 7319
f 7248 7249 7320
f 7249 7321 7320
f 7249 7250 7321
f 7250 7322 7321
f 7250 7251 7322
f 7251 7323 7322
f 7251 7252 7323
f 7252 7324 7323
f 7252 7253 7324
f 7253 7325 7324
f 7253 7254 7325
f 7254 7326 7325
f 7254 7255 7326
f 7255 7327 7326
f 7255 7256 7327
f 7256 7328 7327
f 7256 7257 7328
f 7257 7329 7328
f 7257 7258 7329
f 7258 7330 7329
f 7258 7259 7330
f 7259 7331 7330
f 7259 7260 7331
f 7260 7332 7331
f 7260 7261 7332
f 7261 7333 7332
f 7261 7262 7333
f 7262 7334 7333
f 7262 7263 7334
f 7263 7335 7334
f 7263 7264 7335
f 7264 7336 7335
f 7264 7265 7336
f 7265 7337 7336
f 7265 7266 7337
f 7266 7338 7337
f 7266 7267 7338
f 7267 7339 7338
f 7267 7268 7339
f 7268 7340 7339
f 7268 7269 7340
f 7269 7341 7340
f 7269 7270 7341
f 7270 7342 7341
f 7270 7271 7342
f 7271 7343 7342
f 7271 7272 7343
f 7272 7344 7343
f 7272 7201 7344
f 7201 7273 7344
f 7273 7274 7345
f 7274 7346 7345
f 7274 7275 7346
f 7275 7347 7346
f 7275 7276 7347
f 7276 7348 7347
f 7276 7277 7348
f 7277 7349 7348
f 7277 7278 7349
f 7278 7350 7349
f 7278 7279 7350
f 7279 7351 7350
f 7279 7280 7351
f 7280 7352 7351
f 7280 7281 7352
f 7281 7353 7352
f 7281 7282 7353
f 7282 7354 7353
f 7282 7283 7354
f 7283 7355 7354
f 7283 7284 7355
f 7284 7356 7355
f 7284 7285 7356
f 7285 7357 7356
f 7285 7286 7357
f 7286 7358 7357
f 7286 7287 7358
f 7287 7359 7358
f 7287 7288 7359
f 7288 7360 7359
f 7288 7289 7360
f 7289 7361 7360
f 7289 7290 7361
f 7290 7362 7361
f 7290 7291 7362
f 7291 7363 7362
f 7291 7292 7363
f 7292 7364 7363
f 7292 7293 7364
f 7293 7365 7364
f 7293 7294 7365
f 7294 7366 7365
f 7294 7295 7366
f 7295 7367 7366
f 7295 7296 7367
f 7296 7368 7367
f 7296 7297 7368
f 7297 7369 7368
f 7297 7298 7369
f 7298 7370 7369
f 7298 7299 7370
f 7299 7371 7370
f 7299 7300 7371
f 7300 7372 7371
f 7300 7301 7372
f 7301 7373 7372
f 7301 7302 7373
f 7302 7374 7373
f 7302 7303 7374
f 7303 7375 7374
f 7303 7304 7375
f 7304 7376 7375
f 7304 7305 7376
f 7305 7377 7376
f 7305 7306 7377
f 7306 7378 7377
f 7306 7307 7378
f 7307 7379 7378
f 7307 7308 7379
f 7308 7380 7379
f 7308 7309 7380
f 7309 7381 7380
f 7309 7310 7381
f 7310 7382 7381
f 7310 7311 7382
f 7311 7383 7382
f 7311 7312 7383
f 7312 7384 7383
f 7312 7313 7384
f 7313 7385 7384
f 7313 7314 7385
f 7314 7386 7385
f 7314 7315 7386
f 7315 7387 7386
f 7315 7316 7387
f 7316 7388 7387
f 7316 7317 7388
f 7317 7389 7388
f 7317 7318 7389
f 7318 7390 7389
f 7318 7319 7390
f 7319 7391 7390
f 7319 7320 7391
f 7320 7392 7391
f 7320 7321 7392
f 7321 7393 7392
f 7321 7322 7393
f 7322 7394 7393
f 7322 7323 7394
f 7323 7395 7394
f 7323 7324 7395
f 7324 7396 7395
f 7324 7325 7396
f 7325 7397 7396
f 7325 7326 7397
f 7326 7398 7397
f 7326 7327 7398
f 7327 7399 7398
f 7327 7328 7399
f 7328 7400 7399
f 7328 7329 7400
f 7329 7401 7400
f 7329 7330 7401
f 7330 7402 7401
f 7330 7331 7402
f 7331 7403 7402
f 7331 7332 7403
f 7332 7404 7403
f 7332 7333 7404
f 7333 7405 7404
f 7333 7334 7405
f 7334 7406 7405
f 7334 7335 7406
f 7335 7407 7406
f 7335 7336 7407
f 7336 7408 7407
f 7336 7337 7408
f 7337 7409 7408
f 7337 7338 7409
f 7338 7410 7409
f 7338 7339 7410
f 7339 7411 7410
f 7339 7340 7411
f 7340 7412 7411
f 7340 7341 7412
f 7341 7413 7412
f 7341 7342 7413
f 7342 7414 7413
f 7342 7343 7414
f 7343 7415 7414
f 7343 7344 7415
f 7344 7416 7415
f 7344 7273 7416
f 7273 7345 7416
f 7345 7346 7417
f 7346 7418 7417
f 7346 7347 7418
f 7347 7419 7418
f 7347 7348 7419
f 7348 7420 7419
f 7348 7349 7420
f 7349 7421 7420
f 7349 7350 7421
f 7350 7422 7421
f 7350 7351 7422
f 7351 7423 7422
f 7351 7352 7423
f 7352 7424 7423
f 7352 7353 7424
f 7353 7425 7424
f 7353 7354 7425
f 7354 7426 7425
f 7354 7355 7426
f 7355 7427 7426
f 7355 7356 7427
f 7356 7428 7427
f 7356 7357 7428
f 7357 7429 7428
f 7357 7358 7429
f 7358 7430 7429
f 7358 7359 7430
f 7359 7431 7430
f 7359 7360 7431
f 7360 7432 7431
f 7360 7361 7432
f 7361 7433 7432
f 7361 7362 7433
f 7362 7434 7433
f 7362 7363 7434
f 7363 7435 7434
f 7363 7364 7435
f 7364 7436 7435
f 7364 7365 7436
f 7365 7437 7436
f 7365 7366 7437
f 7366 7438 7437
f 7366 7367 7438
f 7367 7439 7438
f 7367 7368 7439
f 7368 7440 7439
f 7368 7369 7440
f 7369 7441 7440
f 7369 7370 7441
f 7370 7442 7441
f 7370 7371 7442
f 7371 7443 7442
f 7371 7372 7443
f 7372 7444 7443
f 7372 7373 7444
f 7373 7445 7444
f 7373 7374 7445
f 7374 7446 7445
f 7374 7375 7446
f 7375 7447 7446
f 7375 7376 7447
f 7376 7448 7447
f 7376 7377 7448
f 7377 7449 7448
f 7377 7378 7449
f 7378 7450 7449
f 7378 7379 7450
f 7379 7451 7450
f 7379 7380 7451
f 7380 7452 7451
f 7380 7381 7452
f 7381 7453 7452
f 7381 7382 7453
f 7382 7454 7453
f 7382 7383 7454
f 7383 7455 7454
f 7383 7384 7455
f 7384 7456 7455
f 7384 7385 7456
f 7385 7457 7456
f 7385 7386 7457
f 7386 7458 7457
f 7386 7387 7458
f 7387 7459 7458
f 7387 7388 7459
f 7388 7460 7459
f 7388 7389 7460
f 7389 7461 7460
f 7389 7390 7461
f 7390 7462 7461
f 7390 7391 7462
f 7391 7463 7462
f 7391 7392 7463
f 7392 7464 7463
f 7392 7393 7464
f 7393 7465 7464
f 7393 7394 7465
f 7394 7466 7465
f 7394 7395 7466
f 7395 7467 7466
f 7395 7396 7467
f 7396 7468 7467
f 7396 7397 7468
f 7397 7469 7468
f 7397 7398 7469
f 7398 7470 7469
f 7398 7399 7470
f 7399 7471 7470
f 7399 7400 7471
f 7400 7472 7471
f 7400 7401 7472
f 7401 7473 7472
f 7401 7402 7473
f 7402 7474 7473
f 7402 7403 7474
f 7403 7475 7474
f 7403 7404 7475
f 7404 7476 7475
f 7404 7405 7476
f 7405 7477 7476
f 7405 7406 7477
f 7406 7478 7477
f 7406 7407 7478
f 7407 7479 7478
f 7407 7408 7479
f 7408 7480 7479
f 7408 7409 7480
f 7409 7481 7480
f 7409 7410 7481
f 7410 7482 7481
f 7410 7411 7482
f 7411 7483 7482
f 7411 7412 7483
f 7412 7484 7483
f 7412 7413 7484
f 7413 7485 7484
f 7413 7414 7485
f 7414 7486 7485
f 7414 7415 7486
f 7415 7487 7486
f 7415 7416 7487
f 7416 7488 7487
f 7416 7345 7488
f 7345 7417 7488
f 7417 7418 7489
f 7418 7490 7489
f 7418 7419 7490
f 7419 7491 7490
f 7419 7420 7491
f 7420 7492 7491
f 7420 7421 7492
f 7421 7493 7492
f 7421 7422 7493
f 7422 7494 7493
f 7422 7423 7494
f 7423 7495 7494
f 7423 7424 7495
f 7424 7496 7495
f 7424 7425 7496
f 7425 7497 7496
f 7425 7426 7497
f 7426 7498 7497
f 7426 7427 7498
f 7427 7499 7498
f 7427 7428 7499
f 7428 7500 7499
f 7428 7429 7500
f 7429 7501 7500
f 7429 7430 7501
f 7430 7502 7501
f 7430 7431 7502
f 7431 7503 7502
f 7431 7432 7503
f 7432 7504 7503
f 7432 7433 7504
f 7433 7505 7504
f 7433 7434 7505
f 7434 7506 7505
f 7434 7435 7506
f 7435 7507 7506
f 7435 7436 7507
f 7436 7508 7507
f 7436 7437 7508
f 7437 7509 7508
f 7437 7438 7509
f 7438 7510 7509
f 7438 7439 7510
f 7439 7511 7510
f 7439 7440 7511
f 7440 7512 7511
f 7440 7441 7512
f 7441 7513 7512
f 7441 7442 7513
f 7442 7514 7513
f 7442 7443 7514
f 7443 7515 7514
f 7443 7444 7515
f 7444 7516 7515
f 7444 7445 7516
f 7445 7517 7516
f 7445 7446 7517
f 7446 7518 7517
f 7446 7447 7518
f 7447 7519 7518
f 7447 7448 7519
f 7448 7520 7519
f 7448 7449 7520
f 7449 7521 7520
f 7449 7450 7521
f 7450 7522 7521
f 7450 7451 7522
f 7451 7523 7522
f 7451 7452 7523
f 7452 7524 7523
f 7452 7453 7524
f 7453 7525 7524
f 7453 7454 7525
f 7454 7526 7525
f 7454 7455 7526
f 7455 7527 7526
f 7455 7456 7527
f 7456 7528 7527
f 7456 7457 7528
f 7457 7529 7528
f 7457 7458 7529
f 7458 7530 7529
f 7458 7459 7530
f 7459 7531 7530
f 7459 7460 7531
f 7460 7532 7531
f 7460 7461 7532
f 7461 7533 7532
f 7461 7462 7533
f 7462 7534 7533
f 7462 7463 7534
f 7463 7535 7534
f 7463 7464 7535
f 7464 7536 7535
f 7464 7465 7536
f 7465 7537 7536
f 7465 7466 7537
f 7466 7538 7537
f 7466 7467 7538
f 7467 7539 7538
f 7467 7468 7539
f 7468 7540 7539
f 7468 7469 7540
f 7469 7541 7540
f 7469 7470 7541
f 7470 7542 7541
f 7470 7471 7542
f 7471 7543 7542
f 7471 7472 7543
f 7472 7544 7543
f 7472 7473 7544
f 7473 7545 7544
f 7473 7474 7545
f 7474 7546 7545
f 7474 7475 7546
f 7475 7547 7546
f 7475 7476 7547
f 7476 7548 7547
f 7476 7477 7548
f 7477 7549 7548
f 7477 7478 7549
f 7478 7550 7549
f 7478 7479 7550
f 7479 7551 7550
f 7479 7480 7551
f 7480 7552 7551
f 7480 7481 7552
f 7481 7553 7552
f 7481 7482 7553
f 7482 7554 7553
f 7482 7483 7554
f 7483 7555 7554
f 7483 7484 7555
f 7484 7556 7555
f 7484 7485 7556
f 7485 7557 7556
f 7485 7486 7557
f 7486 7558 7557
f 7486 7487 7558
f 7487 7559 7558
f 7487 7488 7559
f 7488 7560 7559
f 7488 7417 7560
f 7417 7489 7560
f 7489 7490 7561
f 7490 7562 7561
f 7490 7491 7562
f 7491 7563 7562
f 7491 7492 7563
f 7492 7564 7563
f 7492 7493 7564
f 7493 7565 7564
f 7493 7494 7565
f 7494 7566 7565
f 7494 7495 7566
f 7495 7567 7566
f 7495 7496 7567
f 7496 7568 7567
f 7496 7497 7568
f 7497 7569 7568
f 7497 7498 7569
f 7498 7570 7569
f 7498 7499 7570
f 7499 7571 7570
f 7499 7500 7571
f 7500 7572 7571
f 7500 7501 7572
f 7501 7573 7572
f 7501 7502 7573
f 7502 7574 7573
f 7502 7503 7574
f 7503 7575 7574
f 7503 7504 7575
f 7504 7576 7575
f 7504 7505 7576
f 7505 7577 7576
f 7505 7506 7577
f 7506 7578 7577
f 7506 7507 7578
f 7507 7579 7578
f 7507 7508 7579
f 7508 7580 7579
f 7508 7509 7580
f 7509 7581 7580
f 7509 7510 7581
f 7510 7582 7581
f 7510 7511 7582
f 7511 7583 7582
f 7511 7512 7583
f 7512 7584 7583
f 7512 7513 7584
f 7513 7585 7584
f 7513 7514 7585
f 7514 7586 7585
f 7514 7515 7586
f 7515 7587 7586
f 7515 7516 7587
f 7516 7588 7587
f 7516 7517 7588
f 7517 7589 7588
f 7517 7518 7589
f 7518 7590 7589
f 7518 7519 7590
f 7519 7591 7590
f 7519 7520 7591
f 7520 7592 7591
f 7520 7521 7592
f 7521 7593 7592
f 7521 7522 7593
f 7522 7594 7593
f 7522 7523 7594
f 7523 7595 7594
f 7523 7524 7595
f 7524 7596 7595
f 7524 7525 7596
f 7525 7597 7596
f 7525 7526 7597
f 7526 7598 7597
f 7526 7527 7598
f 7527 7599 7598
f 7527 7528 7599
f 7528 7600 7599
f 7528 7529 7600
f 7529 7601 7600
f 7529 7530 7601
f 7530 7602 7601
f 7530 7531 7602
f 7531 7603 7602
f 7531 7532 7603
f 7532 7604 7603
f 7532 7533 7604
f 7533 7605 7604
f 7533 7534 7605
f 7534 7606 7605
f 7534 7535 7606
f 7535 7607 7606
f 7535 7536 7607
f 7536 7608 7607
f 7536 7537 7608
f 7537 7609 7608
f 7537 7538 7609
f 7538 7610 7609
f 7538 7539 7610
f 7539 7611 7610
f 7539 7540 7611
f 7540 7612 7611
f 7540 7541 7612
f 7541 7613 7612
f 7541 7542 7613
f 7542 7614 7613
f 7542 7543 7614
f 7543 7615 7614
f 7543 7544 7615
f 7544 7616 7615
f 7544 7545 7616
f 7545 7617 7616
f 7545 7546 7617
f 7546 7618 7617
f 7546 7547 7618
f 7547 7619 7618
f 7547 7548 7619
f 7548 7620 7619
f 7548 7549 7620
f 7549 7621 7620
f 7549 7550 7621
f 7550 7622 7621
f 7550 7551 7622
f 7551 7623 7622
f 7551 7552 7623
f 7552 7624 7623
f 7552 7553 7624
f 7553 7625 7624
f 7553 7554 7625
f 7554 7626 7625
f 7554 7555 7626
f 7555 7627 7626
f 7555 7556 7627
f 7556 7628 7627
f 7556 7557 7628
f 7557 7629 7628
f 7557 7558 7629
f 7558 7630 7629
f 7558 7559 7630
f 7559 7631 7630
f 7559 7560 7631
f 7560 7632 7631
f 7560 7489 7632
f 7489 7561 7632
f 7561 7562 7633
f 7562 7634 7633
f 7562 7563 7634
f 7563 7635 7634
f 7563 7564 7635
f 7564 7636 7635
f 7564 7565 7636
f 7565 7637 7636
f 7565 7566 7637
f 7566 7638 7637
f 7566 7567 7638
f 7567 7639 7638
f 7567 7568 7639
f 7568 7640 7639
f 7568 7569 7640
f 7569 7641 7640
f 7569 7570 7641
f 7570 7642 7641
f 7570 7571 7642
f 7571 7643 7642
f 7571 7572 7643
f 7572 7644 7643
f 7572 7573 7644
f 7573 7645 7644
f 7573 7574 7645
f 7574 7646 7645
f 7574 7575 7646
f 7575 7647 7646
f 7575 7576 7647
f 7576 7648 7647
f 7576 7577 7648
f 7577 7649 7648
f 7577 7578 7649
f 7578 7650 7649
f 7578 7579 7650
f 7579 7651 7650
f 7579 7580 7651
f 7580 7652 7651
f 7580 7581 7652
f 7581 7653 7652
f 7581 7582 7653
f 7582 7654 7653
f 7582 7583 7654
f 7583 7655 7654
f 7583 7584 7655
f 7584 7656 7655
f 7584 7585 7656
f 7585 7657 7656
f 7585 7586 7657
f 7586 7658 7657
f 7586 7587 7658
f 7587 7659 7658
f 7587 7588 7659
f 7588 7660 7659
f 7588 7589 7660
f 7589 7661 7660
f 7589 7590 7661
f 7590 7662 7661
f 7590 7591 7662
f 7591 7663 7662
f 7591 7592 7663
f 7592 7664 7663
f 7592 7593 7664
f 7593 7665 7664
f 7593 7594 7665
f 7594 7666 7665
f 7594 7595 7666
f 7595 7667 7666
f 7595 7596 7667
f 7596 7668 7667
f 7596 7597 7668
f 7597 7669 7668
f 7597 7598 7669
f 7598 7670 7669
f 7598 7599 7670
f 7599 7671 7670
f 7599 7600 7671
f 7600 7672 7671
f 7600 7601 7672
f 7601 7673 7672
f 7601 7602 7673
f 7602 7674 7673
f 7602 7603 7674
f 7603 7675 7674
f 7603 7604 7675
f 7604 7676 7675
f 7604 7605 7676
f 7605 7677 7676
f 7605 7606 7677
f 7606 7678 7677
f 7606 7607 7678
f 7607 7679 7678
f 7607 7608 7679
f 7608 7680 7679
f 7608 7609 7680
f 7609 7681 7680
f 7609 7610 7681
f 7610 7682 7681
f 7610 7611 7682
f 7611 7683 7682
f 7611 7612 7683
f 7612 7684 7683
f 7612 7613 7684
f 7613 7685 7684
f 7613 7614 7685
f 7614 7686 7685
f 7614 7615 7686
f 7615 7687 7686
f 7615 7616 7687
f 7616 7688 7687
f 7616 7617 7688
f 7617 7689 7688
f 7617 7618 7689
f 7618 7690 7689
f 7618 7619 7690
f 7619 7691 7690
f 7619 7620 7691
f 7620 7692 7691
f 7620 7621 7692
f 7621 7693 7692
f 7621 7622 7693
f 7622 7694 7693
f 7622 7623 7694
f 7623 7695 7694
f 7623 7624 7695
f 7624 7696 7695
f 7624 7625 7696
f 7625 7697 7696
f 7625 7626 7697
f 7626 7698 7697
f 7626 7627 7698
f 7627 7699 7698
f 7627 7628 7699
f 7628 7700 7699
f 7628 7629 7700
f 7629 7701 7700
f 7629 7630 7701
f 7630 7702 7701
f 7630 7631 7702
f 7631 7703 7702
f 7631 7632 7703
f 7632 7704 7703
f 7632 7561 7704
f 7561 7633 7704
f 7633 7634 7705
f 7634 7706 7705
f 7634 7635 7706
f 7635 7707 7706
f 7635 7636 7707
f 7636 7708 7707
f 7636 7637 7708
f 7637 7709 7708
f 7637 7638 7709
f 7638 7710 7709
f 7638 7639 7710
f 7639 7711 7710
f 7639 7640 7711
f 7640 7712 7711
f 7640 7641 7712
f 7641 7713 7712
f 7641 7642 7713
f 7642 7714 7713
f 7642 7643 7714
f 7643 7715 7714
f 7643 7644 7715
f 7644 7716 7715
f 7644 7645 7716
f 7645 7717 7716
f 7645 7646 7717
f 7646 7718 7717
f 7646 7647 7718
f 7647 7719 7718
f 7647 7648 7719
f 7648 7720 7719
f 7648 7649 7720
f 7649 7721 7720
f 7649 7650 7721
f 7650 7722 7721
f 7650 7651 7722
f 7651 7723 7722
f 7651 7652 7723
f 7652 7724 7723
f 7652 7653 7724
f 7653 7725 7724
f 7653 7654 7725
f 7654 7726 7725
f 7654 7655 7726
f 7655 7727 7726
f 7655 7656 7727
f 7656 7728 7727
f 7656 7657 7728
f 7657 7729 7728
f 7657 7658 7729
f 7658 7730 7729
f 7658 7659 7730
f 7659 7731 7730
f 7659 7660 7731
f 7660 7732 7731
f 7660 7661 7732
f 7661 7733 7732
f 7661 7662 7733
f 7662 7734 7733
f 7662 7663 7734
f 7663 7735 7734
f 7663 7664 7735
f 7664 7736 7735
f 7664 7665 7736
f 7665 7737 7736
f 7665 7666 7737
f 7666 7738 7737
f 7666 7667 7738
f 7667 7739 7738
f 7667 7668 7739
f 7668 7740 7739
f 7668 7669 7740
f 7669 7741 7740
f 7669 7670 7741
f 7670 7742 7741
f 7670 7671 7742
f 7671 7743 7742
f 7671 7672 7743
f 7672 7744 7743
f 7672 7673 7744
f 7673 7745 7744
f 7673 7674 7745
f 7674 7746 7745
f 7674 7675 7746
f 7675 7747 7746
f 7675 7676 7747
f 7676 7748 7747
f 7676 7677 7748
f 7677 7749 7748
f 7677 7678 7749
f 7678 7750 7749
f 7678 7679 7750
f 7679 7751 7750
f 7679 7680 7751
f 7680 7752 7751
f 7680 7681 7752
f 7681 7753 7752
f 7681 7682 7753
f 7682 7754 7753
f 7682 7683 7754
f 7683 7755 7754
f 7683 7684 7755
f 7684 7756 7755
f 7684 7685 7756
f 7685 7757 7756
f 7685 7686 7757
f 7686 7758 7757
f 7686 7687 7758
f 7687 7759 7758
f 7687 7688 7759
f 7688 7760 7759
f 7688 7689 7760
f 7689 7761 7760
f 7689 7690 7761
f 7690 7762 7761
f 7690 7691 7762
f 7691 7763 7762
f 7691 7692 7763
f 7692 7764 7763
f 7692 7693 7764
f 7693 7765 7764
f 7693 7694 7765
f 7694 7766 7765
f 7694 7695 7766
f 7695 7767 7766
f 7695 7696 7767
f 7696 7768 7767
f 7696 7697 7768
f 7697 7769 7768
f 7697 7698 7769
f 7698 7770 7769
f 7698 7699 7770
f 7699 7771 7770
f 7699 7700 7771
f 7700 7772 7771
f 7700 7701 7772
f 7701 7773 7772
f 7701 7702 7773
f 7702 7774 7773
f 7702 7703 7774
f 7703 7775 7774
f 7703 7704 7775
f 7704 7776 7775
f 7704 7633 7776
f 7633 7705 7776
f 7705 7706 7777
f 7706 7778 7777
f 7706 7707 7778
f 7707 7779 7778
f 7707 7708 7779
f 7708 7780 7779
f 7708 7709 7780
f 7709 7781 7780
f 7709 7710 7781
f 7710 7782 7781
f 7710 7711 7782
f 7711 7783 7782
f 7711 7712 7783
f 7712 7784 7783
f 7712 7713 7784
f 7713 7785 7784
f 7713 7714 7785
f 7714 7786 7785
f 7714 7715 7786
f 7715 7787 7786
f 7715 7716 7787
f 7716 7788 7787
f 7716 7717 7788
f 7717 7789 7788
f 7717 7718 7789
f 7718 7790 7789
f 7718 7719 7790
f 7719 7791 7790
f 7719 7720 7791
f 7720 7792 7791
f 7720 7721 7792
f 7721 7793 7792
f 7721 7722 7793
f 7722 7794 7793
f 7722 7723 7794
f 7723 7795 7794
f 7723 7724 7795
f 7724 7796 7795
f 7724 7725 7796
f 7725 7797 7796
f 7725 7726 7797
f 7726 7798 7797
f 7726 7727 7798
f 7727 7799 7798
f 7727 7728 7799
f 7728 7800 7799
f 7728 7729 7800
f 7729 7801 7800
f 7729 7730 7801
f 7730 7802 7801
f 7730 7731 7802
f 7731 7803 7802
f 7731 7732 7803
f 7732 7804 7803
f 7732 7733 7804
f 7733 7805 7804
f 7733 7734 7805
f 7734 7806 7805
f 7734 7735 7806
f 7735 7807 7806
f 7735 7736 7807
f 7736 7808 7807
f 7736 7737 7808
f 7737 7809 7808
f 7737 7738 7809
f 7738 7810 7809
f 7738 7739 7810
f 7739 7811 7810
f 7739 7740 7811
f 7740 7812 7811
f 7740 7741 7812
f 7741 7813 7812
f 7741 7742 7813
f 7742 7814 7813
f 7742 7743 7814
f 7743 7815 7814
f 7743 7744 7815
f 7744 7816 7815
f 7744 7745 7816
f 7745 7817 7816
f 7745 7746 7817
f 7746 7818 7817
f 7746 7747 7818
f 7747 7819 7818
f 7747 7748 7819
f 7748 7820 7819
f 7748 7749 7820
f 7749 7821 7820
f 7749 7750 7821
f 7750 7822 7821
f 7750 7751 7822
f 7751 7823 7822
f 7751 7752 7823
f 7752 7824 7823
f 7752 7753 7824
f 7753 7825 7824
f 7753 7754 7825
f 7754 7826 7825
f 7754 7755 7826
f 7755 7827 7826
f 7755 7756 7827
f 7756 7828 7827
f 7756 7757 7828
f 7757 7829 7828
f 7757 7758 7829
f 7758 7830 7829
f 7758 7759 7830
f 7759 7831 7830
f 7759 7760 7831
f 7760 7832 7831
f 7760 7761 7832
f 7761 7833 7832
f 7761 7762 7833
f 7762 7834 7833
f 7762 7763 7834
f 7763 7835 7834
f 7763 7764 7835
f 7764 7836 7835
f 7764 7765 7836
f 7765 7837 7836
f 7765 7766 7837
f 7766 7838 7837
f 7766 7767 7838
f 7767 7839 7838
f 7767 7768 7839
f 7768 7840 7839
f 7768 7769 7840
f 7769 7841 7840
f 7769 7770 7841
f 7770 7842 7841
f 7770 7771 7842
f 7771 7843 7842
f 7771 7772 7843
f 7772 7844 7843
f 7772 7773 7844
f 7773 7845 7844
f 7773 7774 7845
f 7774 7846 7845
f 7774 7775 7846
f 7775 7847 7846
f 7775 7776 7847
f 7776 7848 7847
f 7776 7705 7848
f 7705 7777 7848
f 7777 7778 7849
f 7778 7850 7849
f 7778 7779 7850
f 7779 7851 7850
f 7779 7780 7851
f 7780 7852 7851
f 7780 7781 7852
f 7781 7853 7852
f 7781 7782 7853
f 7782 7854 7853
f 7782 7783 7854
f 7783 7855 7854
f 7783 7784 7855
f 7784 7856 7855
f 7784 7785 7856
f 7785 7857 7856
f 7785 7786 7857
f 7786 7858 7857
f 7786 7787 7858
f 7787 7859 7858
f 7787 7788 7859
f 7788 7860 7859
f 7788 7789 7860
f 7789 7861 7860
f 7789 7790 7861
f 7790 7862 7861
f 7790 7791 7862
f 7791 7863 7862
f 7791 7792 7863
f 7792 7864 7863
f 7792 7793 7864
f 7793 7865 7864
f 7793 7794 7865
f 7794 7866 7865
f 7794 7795 7866
f 7795 7867 7866
f 7795 7796 7867
f 7796 7868 7867
f 7796 7797 7868
f 7797 7869 7868
f 7797 7798 7869
f 7798 7870 7869
f 7798 7799 7870
f 7799 7871 7870
f 7799 7800 7871
f 7800 7872 7871
f 7800 7801 7872
f 7801 7873 7872
f 7801 7802 7873
f 7802 7874 7873
f 7802 7803 7874
f 7803 7875 7874
f 7803 7804 7875
f 7804 7876 7875
f 7804 7805 7876
f 7805 7877 7876
f 7805 7806 7877
f 7806 7878 7877
f 7806 7807 7878
f 7807 7879 7878
f 7807 7808 7879
f 7808 7880 7879
f 7808 7809 7880
f 7809 7881 7880
f 7809 7810 7881
f 7810 7882 7881
f 7810 7811 7882
f 7811 7883 7882
f 7811 7812 7883
f 7812 7884 7883
f 7812 7813 7884
f 7813 7885 7884
f 7813 7814 7885
f 7814 7886 7885
f 7814 7815 7886
f 7815 7887 7886
f 7815 7816 7887
f 7816 7888 7887
f 7816 7817 7888
f 7817 7889 7888
f 7817 7818 7889
f 7818 7890 7889
f 7818 7819 7890
f 7819 7891 7890
f 7819 7820 7891
f 7820 7892 7891
f 7820 7821 7892
f 7821 7893 7892
f 7821 7822 7893
f 7822 7894 7893
f 7822 7823 7894
f 7823 7895 7894
f 7823 7824 7895
f 7824 7896 7895
f 7824 7825 7896
f 7825 7897 7896
f 7825 7826 7897
f 7826 7898 7897
f 7826 7827 7898
f 7827 7899 7898
f 7827 7828 7899
f 7828 7900 7899
f 7828 7829 7900
f 7829 7901 7900
f 7829 7830 7901
f 7830 7902 7901
f 7830 7831 7902
f 7831 7903 7902
f 7831 7832 7903
f 7832 7904 7903
f 7832 7833 7904
f 7833 7905 7904
f 7833 7834 7905
f 7834 7906 7905
f 7834 7835 7906
f 7835 7907 7906
f 7835 7836 7907
f 7836 7908 7907
f 7836 7837 7908
f 7837 7909 7908
f 7837 7838 7909
f 7838 7910 7909
f 7838 7839 7910
f 7839 7911 7910
f 7839 7840 7911
f 7840 7912 7911
f 7840 7841 7912
f 7841 7913 7912
f 7841 7842 7913
f 7842 7914 7913
f 7842 7843 7914
f 7843 7915 7914
f 7843 7844 7915
f 7844 7916 7915
f 7844 7845 7916
f 7845 7917 7916
f 7845 7846 7917
f 7846 7918 7917
f 7846 7847 7918
f 7847 7919 7918
f 7847 7848 7919
f 7848 7920 7919
f 7848 7777 7920
f 7777 7849 7920
f 7849 7850 7921
f 7850 7922 7921
f 7850 7851 7922
f 7851 7923 7922
f 7851 7852 7923
f 7852 7924 7923
f 7852 7853 7924
f 7853 7925 7924
f 7853 7854 7925
f 7854 7926 7925
f 7854 7855 7926
f 7855 7927 7926
f 7855 7856 7927
f 7856 7928 7927
f 7856 7857 7928
f 7857 7929 7928
f 7857 7858 7929
f 7858 7930 7929
f 7858 7859 7930
f 7859 7931 7930
f 7859 7860 7931
f 7860 7932 7931
f 7860 7861 7932
f 7861 7933 7932
f 7861 7862 7933
f 7862 7934 7933
f 7862 7863 7934
f 7863 7935 7934
f 7863 7864 7935
f 7864 7936 7935
f 7864 7865 7936
f 7865 7937 7936
f 7865 7866 7937
f 7866 7938 7937
f 7866 7867 7938
f 7867 7939 7938
f 7867 7868 7939
f 7868 7940 7939
f 7868 7869 7940
f 7869 7941 7940
f 7869 7870 7941
f 7870 7942 7941
f 7870 7871 7942
f 7871 7943 7942
f 7871 7872 7943
f 7872 7944 7943
f 7872 7873 7944
f 7873 7945 7944
f 7873 7874 7945
f 7874 7946 7945
f 7874 7875 7946
f 7875 7947 7946
f 7875 7876 7947
f 7876 7948 7947
f 7876 7877 7948
f 7877 7949 7948
f 7877 7878 7949
f 7878 7950 7949
f 7878 7879 7950
f 7879 7951 7950
f 7879 7880 7951
f 7880 7952 7951
f 7880 7881 7952
f 7881 7953 7952
f 7881 7882 7953
f 7882 7954 7953
f 7882 7883 7954
f 7883 7955 7954
f 7883 7884 7955
f 7884 7956 7955
f 7884 7885 7956
f 7885 7957 7956
f 7885 7886 7957
f 7886 7958 7957
f 7886 7887 7958
f 7887 7959 7958
f 7887 7888 7959
f 7888 7960 7959
f 7888 7889 7960
f 7889 7961 7960
f 7889 7890 7961
f 7890 7962 7961
f 7890 7891 7962
f 7891 7963 7962
f 7891 7892 7963
f 7892 7964 7963
f 7892 7893 7964
f 7893 7965 7964
f 7893 7894 7965
f 7894 7966 7965
f 7894 7895 7966
f 7895 7967 7966
f 7895 7896 7967
f 7896 7968 7967
f 7896 7897 7968
f 7897 7969 7968
f 7897 7898 7969
f 7898 7970 7969
f 7898 7899 7970
f 7899 7971 7970
f 7899 7900 7971
f 7900 7972 7971
f 7900 7901 7972
f 7901 7973 7972
f 7901 7902 7973
f 7902 7974 7973
f 7902 7903 7974
f 7903 7975 7974
f 7903 7904 7975
f 7904 7976 7975
f 7904 7905 7976
f 7905 7977 7976
f 7905 7906 7977
f 7906 7978 7977
f 7906 7907 7978
f 7907 7979 7978
f 7907 7908 7979
f 7908 7980 7979
f 7908 7909 7980
f 7909 7981 7980
f 7909 7910 7981
f 7910 7982 7981
f 7910 7911 7982
f 7911 7983 7982
f 7911 7912 7983
f 7912 7984 7983
f 7912 7913 7984
f 7913 7985 7984
f 7913 7914 7985
f 7914 7986 7985
f 7914 7915 7986
f 7915 7987 7986
f 7915 7916 7987
f 7916 7988 7987
f 7916 7917 7988
f 7917 7989 7988
f 7917 7918 7989
f 7918 7990 7989
f 7918 7919 7990
f 7919 7991 7990
f 7919 7920 7991
f 7920 7992 7991
f 7920 7849 7992
f 7849 7921 7992
f 7921 7922 7993
f 7922 7994 7993
f 7922 7923 7994
f 7923 7995 7994
f 7923 7924 7995
f 7924 7996 7995
f 7924 7925 7996
f 7925 7997 7996
f 7925 7926 7997
f 7926 7998 7997
f 7926 7927 7998
f 7927 7999 7998
f 7927 7928 7999
f 7928 8000 7999
f 7928 7929 8000
f 7929 8001 8000
f 7929 7930 8001
f 7930 8002 8001
f 7930 7931 8002
f 7931 8003 8002
f 7931 7932 8003
f 7932 8004 8003
f 7932 7933 8004
f 7933 8005 8004
f 7933 7934 8005
f 7934 8006 8005
f 7934 7935 8006
f 7935 8007 8006
f 7935 7936 8007
f 7936 8008 8007
f 7936 7937 8008
f 7937 8009 8008
f 7937 7938 8009
f 7938 8010 8009
f 7938 7939 8010
f 7939 8011 8010
f 7939 7940 8011
f 7940 8012 8011
f 7940 7941 8012
f 7941 8013 8012
f 7941 7942 8013
f 7942 8014 8013
f 7942 7943 8014
f 7943 8015 8014
f 7943 7944 8015
f 7944 8016 8015
f 7944 7945 8016
f 7945 8017 8016
f 7945 7946 8017
f 7946 8018 8017
f 7946 7947 8018
f 7947 8019 8018
f 7947 7948 8019
f 7948 8020 8019
f 7948 7949 8020
f 7949 8021 8020
f 7949 7950 8021
f 7950 8022 8021
f 7950 7951 8022
f 7951 8023 8022
f 7951 7952 8023
f 7952 8024 8023
f 7952 7953 8024
f 7953 8025 8024
f 7953 7954 8025
f 7954 8026 8025
f 7954 7955 8026
f 7955 8027 8026
f 7955 7956 8027
f 7956 8028 8027
f 7956 7957 8028
f 7957 8029 8028
f 7957 7958 8029
f 7958 8030 8029
f 7958 7959 8030
f 7959 8031 8030
f 7959 7960 8031
f 7960 8032 8031
f 7960 7961 8032
f 7961 8033 8032
f 7961 7962 8033
f 7962 8034 8033
f 7962 7963 8034
f 7963 8035 8034
f 7963 7964 8035
f 7964 8036 8035
f 7964 7965 8036
f 7965 8037 8036
f 7965 7966 8037
f 7966 8038 8037
f 7966 7967 8038
f 7967 8039 8038
f 7967 7968 8039
f 7968 8040 8039
f 7968 7969 8040
f 7969 8041 8040
f 7969 7970 8041
f 7970 8042 8041
f 7970 7971 8042
f 7971 8043 8042
f 7971 7972 8043
f 7972 8044 8043
f 7972 7973 8044
f 7973 8045 8044
f 7973 7974 8045
f 7974 8046 8045
f 7974 7975 8046
f 7975 8047 8046
f 7975 7976 8047
f 7976 8048 8047
f 7976 7977 8048
f 7977 8049 8048
f 7977 7978 8049
f 7978 8050 8049
f 7978 7979 8050
f 7979 8051 8050
f 7979 7980 8051
f 7980 8052 8051
f 7980 7981 8052
f 7981 8053 8052
f 7981 7982 8053
f 7982 8054 8053
f 7982 7983 8054
f 7983 8055 8054
f 7983 7984 8055
f 7984 8056 8055
f 7984 7985 8056
f 7985 8057 8056
f 7985 7986 8057
f 7986 8058 8057
f 7986 7987 8058
f 7987 8059 8058
f 7987 7988 8059
f 7988 8060 8059
f 7988 7989 8060
f 7989 8061 8060
f 7989 7990 8061
f 7990 8062 8061
f 7990 7991 8062
f 7991 8063 8062
f 7991 7992 8063
f 7992 8064 8063
f 7992 7921 8064
f 7921 7993 8064
f 7993 7994 8065
f 7994 8066 8065
f 7994 7995 8066
f 7995 8067 8066
f 7995 7996 8067
f 7996 8068 8067
f 7996 7997 8068
f 7997 8069 8068
f 7997 7998 8069
f 7998 8070 8069
f 7998 7999 8070
f 7999 8071 8070
f 7999 8000 8071
f 8000 8072 8071
f 8000 8001 8072
f 8001 8073 8072
f 8001 8002 8073
f 8002 8074 8073
f 8002 8003 8074
f 8003 8075 8074
f 8003 8004 8075
f 8004 8076 8075
f 8004 8005 8076
f 8005 8077 8076
f 8005 8006 8077
f 8006 8078 8077
f 8006 8007 8078
f 8007 8079 8078
f 8007 8008 8079
f 8008 8080 8079
f 8008 8009 8080
f 8009 8081 8080
f 8009 8010 8081
f 8010 8082 8081
f 8010 8011 8082
f 8011 8083 8082
f 8011 8012 8083
f 8012 8084 8083
f 8012 8013 8084
f 8013 8085 8084
f 8013 8014 8085
f 8014 8086 8085
f 8014 8015 8086
f 8015 8087 8086
f 8015 8016 8087
f 8016 8088 8087
f 8016 8017 8088
f 8017 8089 8088
f 8017 8018 8089
f 8018 8090 8089
f 8018 8019 8090
f 8019 8091 8090
f 8019 8020 8091
f 8020 8092 8091
f 8020 8021 8092
f 8021 8093 8092
f 8021 8022 8093
f 8022 8094 8093
f 8022 8023 8094
f 8023 8095 8094
f 8023 8024 8095
f 8024 8096 8095
f 8024 8025 8096
f 8025 8097 8096
f 8025 8026 8097
f 8026 8098 8097
f 8026 8027 8098
f 8027 8099 8098
f 8027 8028 8099
f 8028 8100 8099
f 8028 8029 8100
f 8029 8101 8100
f 8029 8030 8101
f 8030 8102 8101
f 8030 8031 8102
f 8031 8103 8102
f 8031 8032 8103
f 8032 8104 8103
f 8032 8033 8104
f 8033 8105 8104
f 8033 8034 8105
f 8034 8106 8105
f 8034 8035 8106
f 8035 8107 8106
f 8035 8036 8107
f 8036 8108 8107
f 8036 8037 8108
f 8037 8109 8108
f 8037 8038 8109
f 8038 8110 8109
f 8038 8039 8110
f 8039 8111 8110
f 8039 8040 8111
f 8040 8112 8111
f 8040 8041 8112
f 8041 8113 8112
f 8041 8042 8113
f 8042 8114 8113
f 8042 8043 8114
f 8043 8115 8114
f 8043 8044 8115
f 8044 8116 8115
f 8044 8045 8116
f 8045 8117 8116
f 8045 8046 8117
f 8046 8118 8117
f 8046 8047 8118
f 8047 8119 8118
f 8047 8048 8119
f 8048 8120 8119
f 8048 8049 8120
f 8049 8121 8120
f 8049 8050 8121
f 8050 8122 8121
f 8050 8051 8122
f 8051 8123 8122
f 8051 8052 8123
f 8052 8124 8123
f 8052 8053 8124
f 8053 8125 8124
f 8053 8054 8125
f 8054 8126 8125
f 8054 8055 8126
f 8055 8127 8126
f 8055 8056 8127
f 8056 8128 8127
f 8056 8057 8128
f 8057 8129 8128
f 8057 8058 8129
f 8058 8130 8129
f 8058 8059 8130
f 8059 8131 8130
f 8059 8060 8131
f 8060 8132 8131
f 8060 8061 8132
f 8061 8133 8132
f 8061 8062 8133
f 8062 8134 8133
f 8062 8063 8134
f 8063 8135 8134
f 8063 8064 8135
f 8064 8136 8135
f 8064 7993 8136
f 7993 8065 8136
f 8065 8066 8137
f 8066 8138 8137
f 8066 8067 8138
f 8067 8139 8138
f 8067 8068 8139
f 8068 8140 8139
f 8068 8069 8140
f 8069 8141 8140
f 8069 8070 8141
f 8070 8142 8141
f 8070 8071 8142
f 8071 8143 8142
f 8071 8072 8143
f 8072 8144 8143
f 8072 8073 8144
f 8073 8145 8144
f 8073 8074 8145
f 8074 8146 8145
f 8074 8075 8146
f 8075 8147 8146
f 8075 8076 8147
f 8076 8148 8147
f 8076 8077 8148
f 8077 8149 8148
f 8077 8078 8149
f 8078 8150 8149
f 8078 8079 8150
f 8079 8151 8150
f 8079 8080 8151
f 8080 8152 8151
f 8080 8081 8152
f 8081 8153 8152
f 8081 8082 8153
f 8082 8154 8153
f 8082 8083 8154
f 8083 8155 8154
f 8083 8084 8155
f 8084 8156 8155
f 8084 8085 8156
f 8085 8157 8156
f 8085 8086 8157
f 8086 8158 8157
f 8086 8087 8158
f 8087 8159 8158
f 8087 8088 8159
f 8088 8160 8159
f 8088 8089 8160
f 8089 8161 8160
f 8089 8090 8161
f 8090 8162 8161
f 8090 8091 8162
f 8091 8163 8162
f 8091 8092 8163
f 8092 8164 8163
f 8092 8093 8164
f 8093 8165 8164
f 8093 8094 8165
f 8094 8166 8165
f 8094 8095 8166
f 8095 8167 8166
f 8095 8096 8167
f 8096 8168 8167
f 8096 8097 8168
f 8097 8169 8168
f 8097 8098 8169
f 8098 8170 8169
f 8098 8099 8170
f 8099 8171 8170
f 8099 8100 8171
f 8100 8172 8171
f 8100 8101 8172
f 8101 8173 8172
f 8101 8102 8173
f 8102 8174 8173
f 8102 8103 8174
f 8103 8175 8174
f 8103 8104 8175
f 8104 8176 8175
f 8104 8105 8176
f 8105 8177 8176
f 8105 8106 8177
f 8106 8178 8177
f 8106 8107 8178
f 8107 8179 8178
f 8107 8108 8179
f 8108 8180 8179
f 8108 8109 8180
f 8109 8181 8180
f 8109 8110 8181
f 8110 8182 8181
f 8110 8111 8182
f 8111 8183 8182
f 8111 8112 8183
f 8112 8184 8183
f 8112 8113 8184
f 8113 8185 8184
f 8113 8114 8185
f 8114 8186 8185
f 8114 8115 8186
f 8115 8187 8186
f 8115 8116 8187
f 8116 8188 8187
f 8116 8117 8188
f 8117 8189 8188
f 8117 8118 8189
f 8118 8190 8189
f 8118 8119 8190
f 8119 8191 8190
f 8119 8120 8191
f 8120 8192 8191
f 8120 8121 8192
f 8121 8193 8192
f 8121 8122 8193
f 8122 8194 8193
f 8122 8123 8194
f 8123 8195 8194
f 8123 8124 8195
f 8124 8196 8195
f 8124 8125 8196
f 8125 8197 8196
f 8125 8126 8197
f 8126 8198 8197
f 8126 8127 8198
f 8127 8199 8198
f 8127 8128 8199
f 8128 8200 8199
f 8128 8129 8200
f 8129 8201 8200
f 8129 8130 8201
f 8130 8202 8201
f 8130 8131 8202
f 8131 8203 8202
f 8131 8132 8203
f 8132 8204 8203
f 8132 8133 8204
f 8133 8205 8204
f 8133 8134 8205
f 8134 8206 8205
f 8134 8135 8206
f 8135 8207 8206
f 8135 8136 8207
f 8136 8208 8207
f 8136 8065 8208
f 8065 8137 8208
f 8137 8138 8209
f 8138 8210 8209
f 8138 8139 8210
f 8139 8211 8210
f 8139 8140 8211
f 8140 8212 8211
f 8140 8141 8212
f 8141 8213 8212
f 8141 8142 8213
f 8142 8214 8213
f 8142 8143 8214
f 8143 8215 8214
f 8143 8144 8215
f 8144 8216 8215
f 8144 8145 8216
f 8145 8217 8216
f 8145 8146 8217
f 8146 8218 8217
f 8146 8147 8218
f 8147 8219 8218
f 8147 8148 8219
f 8148 8220 8219
f 8148 8149 8220
f 8149 8221 8220
f 8149 8150 8221
f 8150 8222 8221
f 8150 8151 8222
f 8151 8223 8222
f 8151 8152 8223
f 8152 8224 8223
f 8152 8153 8224
f 8153 8225 8224
f 8153 8154 8225
f 8154 8226 8225
f 8154 8155 8226
f 8155 8227 8226
f 8155 8156 8227
f 8156 8228 8227
f 8156 8157 8228
f 8157 8229 8228
f 8157 8158 8229
f 8158 8230 8229
f 8158 8159 8230
f 8159 8231 8230
f 8159 8160 8231
f 8160 8232 8231
f 8160 8161 8232
f 8161 8233 8232
f 8161 8162 8233
f 8162 8234 8233
f 8162 8163 8234
f 8163 8235 8234
f 8163 8164 8235
f 8164 8236 8235
f 8164 8165 8236
f 8165 8237 8236
f 8165 8166 8237
f 8166 8238 8237
f 8166 8167 8238
f 8167 8239 8238
f 8167 8168 8239
f 8168 8240 8239
f 8168 8169 8240
f 8169 8241 8240
f 8169 8170 8241
f 8170 8242 8241
f 8170 8171 8242
f 8171 8243 8242
f 8171 8172 8243
f 8172 8244 8243
f 8172 8173 8244
f 8173 8245 8244
f 8173 8174 8245
f 8174 8246 8245
f 8174 8175 8246
f 8175 8247 8246
f 8175 8176 8247
f 8176 8248 8247
f 8176 8177 8248
f 8177 8249 8248
f 8177 8178 8249
f 8178 8250 8249
f 8178 8179 8250
f 8179 8251 8250
f 8179 8180 8251
f 8180 8252 8251
f 8180 8181 8252
f 8181 8253 8252
f 8181 8182 8253
f 8182 8254 8253
f 8182 8183 8254
f 8183 8255 8254
f 8183 8184 8255
f 8184 8256 8255
f 8184 8185 8256
f 8185 8257 8256
f 8185 8186 8257
f 8186 8258 8257
f 8186 8187 8258
f 8187 8259 8258
f 8187 8188 8259
f 8188 8260 8259
f 8188 8189 8260
f 8189 8261 8260
f 8189 8190 8261
f 8190 8262 8261
f 8190 8191 8262
f 8191 8263 8262
f 8191 8192 8263
f 8192 8264 8263
f 8192 8193 8264
f 8193 8265 8264
f 8193 8194 8265
f 8194 8266 8265
f 8194 8195 8266
f 8195 8267 8266
f 8195 8196 8267
f 8196 8268 8267
f 8196 8197 8268
f 8197 8269 8268
f 8197 8198 8269
f 8198 8270 8269
f 8198 8199 8270
f 8199 8271 8270
f 8199 8200 8271
f 8200 8272 8271
f 8200 8201 8272
f 8201 8273 8272
f 8201 8202 8273
f 8202 8274 8273
f 8202 8203 8274
f 8203 8275 8274
f 8203 8204 8275
f 8204 8276 8275
f 8204 8205 8276
f 8205 8277 8276
f 8205 8206 8277
f 8206 8278 8277
f 8206 8207 8278
f 8207 8279 8278
f 8207 8208 8279
f 8208 8280 8279
f 8208 8137 8280
f 8137 8209 8280
f 8209 8210 8281
f 8210 8282 8281
f 8210 8211 8282
f 8211 8283 8282
f 8211 8212 8283
f 8212 8284 8283
f 8212 8213 8284
f 8213 8285 8284
f 8213 8214 8285
f 8214 8286 8285
f 8214 8215 8286
f 8215 8287 8286
f 8215 8216 8287
f 8216 8288 8287
f 8216 8217 8288
f 8217 8289 8288
f 8217 8218 8289
f 8218 8290 8289
f 8218 8219 8290
f 8219 8291 8290
f 8219 8220 8291
f 8220 8292 8291
f 8220 8221 8292
f 8221 8293 8292
f 8221 8222 8293
f 8222 8294 8293
f 8222 8223 8294
f 8223 8295 8294
f 8223 8224 8295
f 8224 8296 8295
f 8224 8225 8296
f 8225 8297 8296
f 8225 8226 8297
f 8226 8298 8297
f 8226 8227 8298
f 8227 8299 8298
f 8227 8228 8299
f 8228 8300 8299
f 8228 8229 8300
f 8229 8301 8300
f 8229 8230 8301
f 8230 8302 8301
f 8230 8231 8302
f 8231 8303 8302
f 8231 8232 8303
f 8232 8304 8303
f 8232 8233 8304
f 8233 8305 8304
f 8233 8234 8305
f 8234 8306 8305
f 8234 8235 8306
f 8235 8307 8306
f 8235 8236 8307
f 8236 8308 8307
f 8236 8237 8308
f 8237 8309 8308
f 8237 8238 8309
f 8238 8310 8309
f 8238 8239 8310
f 8239 8311 8310
f 8239 8240 8311
f 8240 8312 8311
f 8240 8241 8312
f 8241 8313 8312
f 8241 8242 8313
f 8242 8314 8313
f 8242 8243 8314
f 8243 8315 8314
f 8243 8244 8315
f 8244 8316 8315
f 8244 8245 8316
f 8245 8317 8316
f 8245 8246 8317
f 8246 8318 8317
f 8246 8247 8318
f 8247 8319 8318
f 8247 8248 8319
f 8248 8320 8319
f 8248 8249 8320
f 8249 8321 8320
f 8249 8250 8321
f 8250 8322 8321
f 8250 8251 8322
f 8251 8323 8322
f 8251 8252 8323
f 8252 8324 8323
f 8252 8253 8324
f 8253 8325 8324
f 8253 8254 8325
f 8254 8326 8325
f 8254 8255 8326
f 8255 8327 8326
f 8255 8256 8327
f 8256 8328 8327
f 8256 8257 8328
f 8257 8329 8328
f 8257 8258 8329
f 8258 8330 8329
f 8258 8259 8330
f 8259 8331 8330
f 8259 8260 8331
f 8260 8332 8331
f 8260 8261 8332
f 8261 8333 8332
f 8261 8262 8333
f 8262 8334 8333
f 8262 8263 8334
f 8263 8335 8334
f 8263 8264 8335
f 8264 8336 8335
f 8264 8265 8336
f 8265 8337 8336
f 8265 8266 8337
f 8266 8338 8337
f 8266 8267 8338
f 8267 8339 8338
f 8267 8268 8339
f 8268 8340 8339
f 8268 8269 8340
f 8269 8341 8340
f 8269 8270 8341
f 8270 8342 8341
f 8270 8271 8342
f 8271 8343 8342
f 8271 8272 8343
f 8272 8344 8343
f 8272 8273 8344
f 8273 8345 8344
f 8273 8274 8345
f 8274 8346 8345
f 8274 8275 8346
f 8275 8347 8346
f 8275 8276 8347
f 8276 8348 8347
f 8276 8277 8348
f 8277 8349 8348
f 8277 8278 8349
f 8278 8350 8349
f 8278 8279 8350
f 8279 8351 8350
f 8279 8280 8351
f 8280 8352 8351
f 8280 8209 8352
f 8209 8281 8352
f 8281 8282 8353
f 8282 8354 8353
f 8282 8283 8354
f 8283 8355 8354
f 8283 8284 8355
f 8284 8356 8355
f 8284 8285 8356
f 8285 8357 8356
f 8285 8286 8357
f 8286 8358 8357
f 8286 8287 8358
f 8287 8359 8358
f 8287 8288 8359
f 8288 8360 8359
f 8288 8289 8360
f 8289 8361 8360
f 8289 8290 8361
f 8290 8362 8361
f 8290 8291 8362
f 8291 8363 8362
f 8291 8292 8363
f 8292 8364 8363
f 8292 8293 8364
f 8293 8365 8364
f 8293 8294 8365
f 8294 8366 8365
f 8294 8295 8366
f 8295 8367 8366
f 8295 8296 8367
f 8296 8368 8367
f 8296 8297 8368
f 8297 8369 8368
f 8297 8298 8369
f 8298 8370 8369
f 8298 8299 8370
f 8299 8371 8370
f 8299 8300 8371
f 8300 8372 8371
f 8300 8301 8372
f 8301 8373 8372
f 8301 8302 8373
f 8302 8374 8373
f 8302 8303 8374
f 8303 8375 8374
f 8303 8304 8375
f 8304 8376 8375
f 8304 8305 8376
f 8305 8377 8376
f 8305 8306 8377
f 8306 8378 8377
f 8306 8307 8378
f 8307 8379 8378
f 8307 8308 8379
f 8308 8380 8379
f 8308 8309 8380
f 8309 8381 8380
f 8309 8310 8381
f 8310 8382 8381
f 8310 8311 8382
f 8311 8383 8382
f 8311 8312 8383
f 8312 8384 8383
f 8312 8313 8384
f 8313 8385 8384
f 8313 8314 8385
f 8314 8386 8385
f 8314 8315 8386
f 8315 8387 8386
f 8315 8316 8387
f 8316 8388 8387
f 8316 8317 8388
f 8317 8389 8388
f 8317 8318 8389
f 8318 8390 8389
f 8318 8319 8390
f 8319 8391 8390
f 8319 8320 8391
f 8320 8392 8391
f 8320 8321 8392
f 8321 8393 8392
f 8321 8322 8393
f 8322 8394 8393
f 8322 8323 8394
f 8323 8395 8394
f 8323 8324 8395
f 8324 8396 8395
f 8324 8325 8396
f 8325 8397 8396
f 8325 8326 8397
f 8326 8398 8397
f 8326 8327 8398
f 8327 8399 8398
f 8327 8328 8399
f 8328 8400 8399
f 8328 8329 8400
f 8329 8401 8400
f 8329 8330 8401
f 8330 8402 8401
f 8330 8331 8402
f 8331 8403 8402
f 8331 8332 8403
f 8332 8404 8403
f 8332 8333 8404
f 8333 8405 8404
f 8333 8334 8405
f 8334 8406 8405
f 8334 8335 8406
f 8335 8407 8406
f 8335 8336 8407
f 8336 8408 8407
f 8336 8337 8408
f 8337 8409 8408
f 8337 8338 8409
f 8338 8410 8409
f 8338 8339 8410
f 8339 8411 8410
f 8339 8340 8411
f 8340 8412 8411
f 8340 8341 8412
f 8341 8413 8412
f 8341 8342 8413
f 8342 8414 8413
f 8342 8343 8414
f 8343 8415 8414
f 8343 8344 8415
f 8344 8416 8415
f 8344 8345 8416
f 8345 8417 8416
f 8345 8346 8417
f 8346 8418 8417
f 8346 8347 8418
f 8347 8419 8418
f 8347 8348 8419
f 8348 8420 8419
f 8348 8349 8420
f 8349 8421 8420
f 8349 8350 8421
f 8350 8422 8421
f 8350 8351 8422
f 8351 8423 8422
f 8351 8352 8423
f 8352 8424 8423
f 8352 8281 8424
f 8281 8353 8424
f 8353 8354 8425
f 8354 8426 8425
f 8354 8355 8426
f 8355 8427 8426
f 8355 8356 8427
f 8356 8428 8427
f 8356 8357 8428
f 8357 8429 8428
f 8357 8358 8429
f 8358 8430 8429
f 8358 8359 8430
f 8359 8431 8430
f 8359 8360 8431
f 8360 8432 8431
f 8360 8361 8432
f 8361 8433 8432
f 8361 8362 8433
f 8362 8434 8433
f 8362 8363 8434
f 8363 8435 8434
f 8363 8364 8435
f 8364 8436 8435
f 8364 8365 8436
f 8365 8437 8436
f 8365 8366 8437
f 8366 8438 8437
f 8366 8367 8438
f 8367 8439 8438
f 8367 8368 8439
f 8368 8440 8439
f 8368 8369 8440
f 8369 8441 8440
f 8369 8370 8441
f 8370 8442 8441
f 8370 8371 8442
f 8371 8443 8442
f 8371 8372 8443
f 8372 8444 8443
f 8372 8373 8444
f 8373 8445 8444
f 8373 8374 8445
f 8374 8446 8445
f 8374 8375 8446
f 8375 8447 8446
f 8375 8376 8447
f 8376 8448 8447
f 8376 8377 8448
f 8377 8449 8448
f 8377 8378 8449
f 8378 8450 8449
f 8378 8379 8450
f 8379 8451 8450
f 8379 8380 8451
f 8380 8452 8451
f 8380 8381 8452
f 8381 8453 8452
f 8381 8382 8453
f 8382 8454 8453
f 8382 8383 8454
f 8383 8455 8454
f 8383 8384 8455
f 8384 8456 8455
f 8384 8385 8456
f 8385 8457 8456
f 8385 8386 8457
f 8386 8458 8457
f 8386 8387 8458
f 8387 8459 8458
f 8387 8388 8459
f 8388 8460 8459
f 8388 8389 8460
f 8389 8461 8460
f 8389 8390 8461
f 8390 8462 8461
f 8390 8391 8462
f 8391 8463 8462
f 8391 8392 8463
f 8392 8464 8463
f 8392 8393 8464
f 8393 8465 8464
f 8393 8394 8465
f 8394 8466 8465
f 8394 8395 8466
f 8395 8467 8466
f 8395 8396 8467
f 8396 8468 8467
f 8396 8397 8468
f 8397 8469 8468
f 8397 8398 8469
f 8398 8470 8469
f 8398 8399 8470
f 8399 8471 8470
f 8399 8400 8471
f 8400 8472 8471
f 8400 8401 8472
f 8401 8473 8472
f 8401 8402 8473
f 8402 8474 8473
f 8402 8403 8474
f 8403 8475 8474
f 8403 8404 8475
f 8404 8476 8475
f 8404 8405 8476
f 8405 8477 8476
f 8405 8406 8477
f 8406 8478 8477
f 8406 8407 8478
f 8407 8479 8478
f 8407 8408 8479
f 8408 8480 8479
f 8408 8409 8480
f 8409 8481 8480
f 8409 8410 8481
f 8410 8482 8481
f 8410 8411 8482
f 8411 8483 8482
f 8411 8412 8483
f 8412 8484 8483
f 8412 8413 8484
f 8413 8485 8484
f 8413 8414 8485
f 8414 8486 8485
f 8414 8415 8486
f 8415 8487 8486
f 8415 8416 8487
f 8416 8488 8487
f 8416 8417 8488
f 8417 8489 8488
f 8417 8418 8489
f 8418 8490 8489
f 8418 8419 8490
f 8419 8491 8490
f 8419 8420 8491
f 8420 8492 8491
f 8420 8421 8492
f 8421 8493 8492
f 8421 8422 8493
f 8422 8494 8493
f 8422 8423 8494
f 8423 8495 8494
f 8423 8424 8495
f 8424 8496 8495
f 8424 8353 8496
f 8353 8425 8496
f 8425 8426 8497
f 8426 8498 8497
f 8426 8427 8498
f 8427 8499 8498
f 8427 8428 8499
f 8428 8500 8499
f 8428 8429 8500
f 8429 8501 8500
f 8429 8430 8501
f 8430 8502 8501
f 8430 8431 8502
f 8431 8503 8502
f 8431 8432 8503
f 8432 8504 8503
f 8432 8433 8504
f 8433 8505 8504
f 8433 8434 8505
f 8434 8506 8505
f 8434 8435 8506
f 8435 8507 8506
f 8435 8436 8507
f 8436 8508 8507
f 8436 8437 8508
f 8437 8509 8508
f 8437 8438 8509
f 8438 8510 8509
f 8438 8439 8510
f 8439 8511 8510
f 8439 8440 8511
f 8440 8512 8511
f 8440 8441 8512
f 8441 8513 8512
f 8441 8442 8513
f 8442 8514 8513
f 8442 8443 8514
f 8443 8515 8514
f 8443 8444 8515
f 8444 8516 8515
f 8444 8445 8516
f 8445 8517 8516
f 8445 8446 8517
f 8446 8518 8517
f 8446 8447 8518
f 8447 8519 8518
f 8447 8448 8519
f 8448 8520 8519
f 8448 8449 8520
f 8449 8521 8520
f 8449 8450 8521
f 8450 8522 8521
f 8450 8451 8522
f 8451 8523 8522
f 8451 8452 8523
f 8452 8524 8523
f 8452 8453 8524
f 8453 8525 8524
f 8453 8454 8525
f 8454 8526 8525
f 8454 8455 8526
f 8455 8527 8526
f 8455 8456 8527
f 8456 8528 8527
f 8456 8457 8528
f 8457 8529 8528
f 8457 8458 8529
f 8458 8530 8529
f 8458 8459 8530
f 8459 8531 8530
f 8459 8460 8531
f 8460 8532 8531
f 8460 8461 8532
f 8461 8533 8532
f 8461 8462 8533
f 8462 8534 8533
f 8462 8463 8534
f 8463 8535 8534
f 8463 8464 8535
f 8464 8536 8535
f 8464 8465 8536
f 8465 8537 8536
f 8465 8466 8537
f 8466 8538 8537
f 8466 8467 8538
f 8467 8539 8538
f 8467 8468 8539
f 8468 8540 8539
f 8468 8469 8540
f 8469 8541 8540
f 8469 8470 8541
f 8470 8542 8541
f 8470 8471 8542
f 8471 8543 8542
f 8471 8472 8543
f 8472 8544 8543
f 8472 8473 8544
f 8473 8545 8544
f 8473 8474 8545
f 8474 8546 8545
f 8474 8475 8546
f 8475 8547 8546
f 8475 8476 8547
f 8476 8548 8547
f 8476 8477 8548
f 8477 8549 8548
f 8477 8478 8549
f 8478 8550 8549
f 8478 8479 8550
f 8479 8551 8550
f 8479 8480 8551
f 8480 8552 8551
f 8480 8481 8552
f 8481 8553 8552
f 8481 8482 8553
f 8482 8554 8553
f 8482 8483 8554
f 8483 8555 8554
f 8483 8484 8555
f 8484 8556 8555
f 8484 8485 8556
f 8485 8557 8556
f 8485 8486 8557
f 8486 8558 8557
f 8486 8487 8558
f 8487 8559 8558
f 8487 8488 8559
f 8488 8560 8559
f 8488 8489 8560
f 8489 8561 8560
f 8489 8490 8561
f 8490 8562 8561
f 8490 8491 8562
f 8491 8563 8562
f 8491 8492 8563
f 8492 8564 8563
f 8492 8493 8564
f 8493 8565 8564
f 8493 8494 8565
f 8494 8566 8565
f 8494 8495 8566
f 8495 8567 8566
f 8495 8496 8567
f 8496 8568 8567
f 8496 8425 8568
f 8425 8497 8568
f 8497 8498 8569
f 8498 8570 8569
f 8498 8499 8570
f 8499 8571 8570
f 8499 8500 8571
f 8500 8572 8571
f 8500 8501 8572
f 8501 8573 8572
f 8501 8502 8573
f 8502 8574 8573
f 8502 8503 8574
f 8503 8575 8574
f 8503 8504 8575
f 8504 8576 8575
f 8504 8505 8576
f 8505 8577 8576
f 8505 8506 8577
f 8506 8578 8577
f 8506 8507 8578
f 8507 8579 8578
f 8507 8508 8579
f 8508 8580 8579
f 8508 8509 8580
f 8509 8581 8580
f 8509 8510 8581
f 8510 8582 8581
f 8510 8511 8582
f 8511 8583 8582
f 8511 8512 8583
f 8512 8584 8583
f 8512 8513 8584
f 8513 8585 8584
f 8513 8514 8585
f 8514 8586 8585
f 8514 8515 8586
f 8515 8587 8586
f 8515 8516 8587
f 8516 8588 8587
f 8516 8517 8588
f 8517 8589 8588
f 8517 8518 8589
f 8518 8590 8589
f 8518 8519 8590
f 8519 8591 8590
f 8519 8520 8591
f 8520 8592 8591
f 8520 8521 8592
f 8521 8593 8592
f 8521 8522 8593
f 8522 8594 8593
f 8522 8523 8594
f 8523 8595 8594
f 8523 8524 8595
f 8524 8596 8595
f 8524 8525 8596
f 8525 8597 8596
f 8525 8526 8597
f 8526 8598 8597
f 8526 8527 8598
f 8527 8599 8598
f 8527 8528 8599
f 8528 8600 8599
f 8528 8529 8600
f 8529 8601 8600
f 8529 8530 8601
f 8530 8602 8601
f 8530 8531 8602
f 8531 8603 8602
f 8531 8532 8603
f 8532 8604 8603
f 8532 8533 8604
f 8533 8605 8604
f 8533 8534 8605
f 8534 8606 8605
f 8534 8535 8606
f 8535 8607 8606
f 8535 8536 8607
f 8536 8608 8607
f 8536 8537 8608
f 8537 8609 8608
f 8537 8538 8609
f 8538 8610 8609
f 8538 8539 8610
f 8539 8611 8610
f 8539 8540 8611
f 8540 8612 8611
f 8540 8541 8612
f 8541 8613 8612
f 8541 8542 8613
f 8542 8614 8613
f 8542 8543 8614
f 8543 8615 8614
f 8543 8544 8615
f 8544 8616 8615
f 8544 8545 8616
f 8545 8617 8616
f 8545 8546 8617
f 8546 8618 8617
f 8546 8547 8618
f 8547 8619 8618
f 8547 8548 8619
f 8548 8620 8619
f 8548 8549 8620
f 8549 8621 8620
f 8549 8550 8621
f 8550 8622 8621
f 8550 8551 8622
f 8551 8623 8622
f 8551 8552 8623
f 8552 8624 8623
f 8552 8553 8624
f 8553 8625 8624
f 8553 8554 8625
f 8554 8626 8625
f 8554 8555 8626
f 8555 8627 8626
f 8555 8556 8627
f 8556 8628 8627
f 8556 8557 8628
f 8557 8629 8628
f 8557 8558 8629
f 8558 8630 8629
f 8558 8559 8630
f 8559 8631 8630
f 8559 8560 8631
f 8560 8632 8631
f 8560 8561 8632
f 8561 8633 8632
f 8561 8562 8633
f 8562 8634 8633
f 8562 8563 8634
f 8563 8635 8634
f 8563 8564 8635
f 8564 8636 8635
f 8564 8565 8636
f 8565 8637 8636
f 8565 8566 8637
f 8566 8638 8637
f 8566 8567 8638
f 8567 8639 8638
f 8567 8568 8639
f 8568 8640 8639
f 8568 8497 8640
f 8497 8569 8640
f 8569 8570 8641
f 8570 8642 8641
f 8570 8571 8642
f 8571 8643 8642
f 8571 8572 8643
f 8572 8644 8643
f 8572 8573 8644
f 8573 8645 8644
f 8573 8574 8645
f 8574 8646 8645
f 8574 8575 8646
f 8575 8647 8646
f 8575 8576 8647
f 8576 8648 8647
f 8576 8577 8648
f 8577 8649 8648
f 8577 8578 8649
f 8578 8650 8649
f 8578 8579 8650
f 8579 8651 8650
f 8579 8580 8651
f 8580 8652 8651
f 8580 8581 8652
f 8581 8653 8652
f 8581 8582 8653
f 8582 8654 8653
f 8582 8583 8654
f 8583 8655 8654
f 8583 8584 8655
f 8584 8656 8655
f 8584 8585 8656
f 8585 8657 8656
f 8585 8586 8657
f 8586 8658 8657
f 8586 8587 8658
f 8587 8659 8658
f 8587 8588 8659
f 8588 8660 8659
f 8588 8589 8660
f 8589 8661 8660
f 8589 8590 8661
f 8590 8662 8661
f 8590 8591 8662
f 8591 8663 8662
f 8591 8592 8663
f 8592 8664 8663
f 8592 8593 8664
f 8593 8665 8664
f 8593 8594 8665
f 8594 8666 8665
f 8594 8595 8666
f 8595 8667 8666
f 8595 8596 8667
f 8596 8668 8667
f 8596 8597 8668
f 8597 8669 8668
f 8597 8598 8669
f 8598 8670 8669
f 8598 8599 8670
f 8599 8671 8670
f 8599 8600 8671
f 8600 8672 8671
f 8600 8601 8672
f 8601 8673 8672
f 8601 8602 8673
f 8602 8674 8673
f 8602 8603 8674
f 8603 8675 8674
f 8603 8604 8675
f 8604 8676 8675
f 8604 8605 8676
f 8605 8677 8676
f 8605 8606 8677
f 8606 8678 8677
f 8606 8607 8678
f 8607 8679 8678
f 8607 8608 8679
f 8608 8680 8679
f 8608 8609 8680
f 8609 8681 8680
f 8609 8610 8681
f 8610 8682 8681
f 8610 8611 8682
f 8611 8683 8682
f 8611 8612 8683
f 8612 8684 8683
f 8612 8613 8684
f 8613 8685 8684
f 8613 8614 8685
f 8614 8686 8685
f 8614 8615 8686
f 8615 8687 8686
f 8615 8616 8687
f 8616 8688 8687
f 8616 8617 8688
f 8617 8689 8688
f 8617 8618 8689
f 8618 8690 8689
f 8618 8619 8690
f 8619 8691 8690
f 8619 8620 8691
f 8620 8692 8691
f 8620 8621 8692
f 8621 8693 8692
f 8621 8622 8693
f 8622 8694 8693
f 8622 8623 8694
f 8623 8695 8694
f 8623 8624 8695
f 8624 8696 8695
f 8624 8625 8696
f 8625 8697 8696
f 8625 8626 8697
f 8626 8698 8697
f 8626 8627 8698
f 8627 8699 8698
f 8627 8628 8699
f 8628 8700 8699
f 8628 8629 8700
f 8629 8701 8700
f 8629 8630 8701
f 8630 8702 8701
f 8630 8631 8702
f 8631 8703 8702
f 8631 8632 8703
f 8632 8704 8703
f 8632 8633 8704
f 8633 8705 8704
f 8633 8634 8705
f 8634 8706 8705
f 8634 8635 8706
f 8635 8707 8706
f 8635 8636 8707
f 8636 8708 8707
f 8636 8637 8708
f 8637 8709 8708
f 8637 8638 8709
f 8638 8710 8709
f 8638 8639 8710
f 8639 8711 8710
f 8639 8640 8711
f 8640 8712 8711
f 8640 8569 8712
f 8569 8641 8712

