# https://github.com/mikedh/trimesh
v 2.00000000 0.00000000 10.78514773
v 2.00000000 -0.97303730 10.75390700
v 2.00000000 -1.93996251 10.63807720
v 2.00000000 -2.89217989 10.43665722
v 2.00000000 -3.82098025 10.15073512
v 2.00000000 -4.71825859 9.78357913
v 2.00000000 -5.57708845 9.34021192
v 2.00000000 -6.39193744 8.82661745
v 2.00000000 -7.15843953 8.24884989
v 2.00000000 -7.87280585 7.61233885
v 2.00000000 -8.53109602 6.92160690
v 2.00000000 -9.12863272 6.18046408
v 2.00000000 -9.65980055 5.39257387
v 2.00000000 -10.11833820 4.56215787
v 2.00000000 -10.49805696 3.69456544
v 2.00000000 -10.79376229 2.79649387
v 2.00000000 -11.00207414 1.87578003
v 2.00000000 -11.12186722 0.94084495
v 2.00000000 -11.15417690 0.00000000
v 2.00000000 -11.10159656 -0.93913017
v 2.00000000 -10.96736564 -1.86986247
v 2.00000000 -10.75445279 -2.78630940
v 2.00000000 -10.46493849 -3.68291011
v 2.00000000 -10.09989656 -4.55384290
v 2.00000000 -9.65980055 -5.39257387
v 2.00000000 -9.14530090 -6.19174913
v 2.00000000 -8.55809444 -6.94351176
v 2.00000000 -7.90158240 -7.64016335
v 2.00000000 -7.18109389 -8.27495509
v 2.00000000 -6.40360863 -8.84273418
v 2.00000000 -5.57708845 -9.34021192
v 2.00000000 -4.70965911 -9.76574762
v 2.00000000 -3.80892611 -10.11871236
v 2.00000000 -2.88164694 -10.39864825
v 2.00000000 -1.93384247 -10.60451701
v 2.00000000 -0.97126385 -10.73430698
v 2.00000000 -0.00000000 -10.78514773
v 2.00000000 0.97303730 -10.75390700
v 2.00000000 1.93996251 -10.63807720
v 2.00000000 2.89217989 -10.43665722
v 2.00000000 3.82098025 -10.15073512
v 2.00000000 4.71825859 -9.78357913
v 2.00000000 5.57708845 -9.34021192
v 2.00000000 6.39193744 -8.82661745
v 2.00000000 7.15843953 -8.24884989
v 2.00000000 7.87280585 -7.61233885
v 2.00000000 8.53109602 -6.92160690
v 2.00000000 9.12863272 -6.18046408
v 2.00000000 9.65980055 -5.39257387
v 2.00000000 10.11833820 -4.56215787
v 2.00000000 10.49805696 -3.69456544
v 2.00000000 10.79376229 -2.79649387
v 2.00000000 11.00207414 -1.87578003
v 2.00000000 11.12186722 -0.94084495
v 2.00000000 11.15417690 -0.00000000
v 2.00000000 11.10159656 0.93913017
v 2.00000000 10.96736564 1.86986247
v 2.00000000 10.75445279 2.78630940
v 2.00000000 10.46493849 3.68291011
v 2.00000000 10.09989656 4.55384290
v 2.00000000 9.65980055 5.39257387
v 2.00000000 9.14530090 6.19174913
v 2.00000000 8.55809444 6.94351176
v 2.00000000 7.90158240 7.64016335
v 2.00000000 7.18109389 8.27495509
v 2.00000000 6.40360863 8.84273418
v 2.00000000 5.57708845 9.34021192
v 2.00000000 4.70965911 9.76574762
v 2.00000000 3.80892611 10.11871236
v 2.00000000 2.88164694 10.39864825
v 2.00000000 1.93384247 10.60451701
v 2.00000000 0.97126385 10.73430698
v 4.00000000 0.00000000 10.80843705
v 4.00000000 -0.97338587 10.77621699
v 4.00000000 -1.94053744 10.65948759
v 4.00000000 -2.89297157 10.45742570
v 4.00000000 -3.82211262 10.17116468
v 4.00000000 -4.71994880 9.80387608
v 4.00000000 -5.57955840 9.36038106
v 4.00000000 -6.39531033 8.84642735
v 4.00000000 -7.16266198 8.26787687
v 4.00000000 -7.87762902 7.63007134
v 4.00000000 -8.53612815 6.93757243
v 4.00000000 -9.13344970 6.19433512
v 4.00000000 -9.66407864 5.40421853
v 4.00000000 -10.12196286 4.57162250
v 4.00000000 -10.50116813 3.70200119
v 4.00000000 -10.79671689 2.80205877
v 4.00000000 -11.00533468 1.87955526
v 4.00000000 -11.12585137 0.94279682
v 4.00000000 -11.15911681 0.00000000
v 4.00000000 -11.10745463 -0.94123790
v 4.00000000 -10.97383482 -1.87417553
v 4.00000000 -10.76104136 -2.79279994
v 4.00000000 -10.47111131 -3.69140519
v 4.00000000 -10.10522606 -4.56406326
v 4.00000000 -9.66407864 -5.40421853
v 4.00000000 -9.14857699 -6.20459450
v 4.00000000 -8.56063069 -6.95748640
v 4.00000000 -7.90374531 -7.65536693
v 4.00000000 -7.18322206 -8.29160941
v 4.00000000 -6.40590257 -8.86107926
v 4.00000000 -5.57955840 -9.36038106
v 4.00000000 -4.71214430 -9.78766525
v 4.00000000 -3.81117284 -10.14205240
v 4.00000000 -2.88341234 -10.42287129
v 4.00000000 -1.93498316 -10.62897762
v 4.00000000 -0.97177636 -10.75839838
v 4.00000000 -0.00000000 -10.80843705
v 4.00000000 0.97338587 -10.77621699
v 4.00000000 1.94053744 -10.65948759
v 4.00000000 2.89297157 -10.45742570
v 4.00000000 3.82211262 -10.17116468
v 4.00000000 4.71994880 -9.80387608
v 4.00000000 5.57955840 -9.36038106
v 4.00000000 6.39531033 -8.84642735
v 4.00000000 7.16266198 -8.26787687
v 4.00000000 7.87762902 -7.63007134
v 4.00000000 8.53612815 -6.93757243
v 4.00000000 9.13344970 -6.19433512
v 4.00000000 9.66407864 -5.40421853
v 4.00000000 10.12196286 -4.57162250
v 4.00000000 10.50116813 -3.70200119
v 4.00000000 10.79671689 -2.80205877
v 4.00000000 11.00533468 -1.87955526
v 4.00000000 11.12585137 -0.94279682
v 4.00000000 11.15911681 -0.00000000
v 4.00000000 11.10745463 0.94123790
v 4.00000000 10.97383482 1.87417553
v 4.00000000 10.76104136 2.79279994
v 4.00000000 10.47111131 3.69140519
v 4.00000000 10.10522606 4.56406326
v 4.00000000 9.66407864 5.40421853
v 4.00000000 9.14857699 6.20459450
v 4.00000000 8.56063069 6.95748640
v 4.00000000 7.90374531 7.65536693
v 4.00000000 7.18322206 8.29160941
v 4.00000000 6.40590257 8.86107926
v 4.00000000 5.57955840 9.36038106
v 4.00000000 4.71214430 9.78766525
v 4.00000000 3.81117284 10.14205240
v 4.00000000 2.88341234 10.42287129
v 4.00000000 1.93498316 10.62897762
v 4.00000000 0.97177636 10.75839838
v 6.00000000 0.00000000 10.82304996
v 6.00000000 -0.97502095 10.79021342
v 6.00000000 -1.94372168 10.67291813
v 6.00000000 -2.89767754 10.47045301
v 6.00000000 -3.82838437 10.18397995
v 6.00000000 -4.72787731 9.81660961
v 6.00000000 -5.58922764 9.37303621
v 6.00000000 -6.40673395 8.85885875
v 6.00000000 -7.17573602 8.27981804
v 6.00000000 -7.89212079 7.64120046
v 6.00000000 -8.55170918 6.94759227
v 6.00000000 -9.14976431 6.20303968
v 6.00000000 -9.68082624 5.41152498
v 6.00000000 -10.13896562 4.57756024
v 6.00000000 -10.51839960 3.70666557
v 6.00000000 -10.81427981 2.80554943
v 6.00000000 -11.02339344 1.88192343
v 6.00000000 -11.14454045 0.94402135
v 6.00000000 -11.17845528 0.00000000
v 6.00000000 -11.12729531 -0.94256057
v 6.00000000 -10.99386540 -1.87688238
v 6.00000000 -10.78083749 -2.79687349
v 6.00000000 -10.49022427 -3.69673663
v 6.00000000 -10.12327651 -4.57047689
v 6.00000000 -9.68082624 -5.41152498
v 6.00000000 -9.16394467 -6.21265318
v 6.00000000 -8.57467792 -6.96625256
v 6.00000000 -7.91660227 -7.66490358
v 6.00000000 -7.19500908 -8.30205652
v 6.00000000 -6.41666314 -8.87258826
v 6.00000000 -5.58922764 -9.37303621
v 6.00000000 -4.72056136 -9.80141931
v 6.00000000 -3.81812938 -10.15670042
v 6.00000000 -2.88871670 -10.43807395
v 6.00000000 -1.93851509 -10.64432890
v 6.00000000 -0.97351220 -10.77351656
v 6.00000000 -0.00000000 -10.82304996
v 6.00000000 0.97502095 -10.79021342
v 6.00000000 1.94372168 -10.67291813
v 6.00000000 2.89767754 -10.47045301
v 6.00000000 3.82838437 -10.18397995
v 6.00000000 4.72787731 -9.81660961
v 6.00000000 5.58922764 -9.37303621
v 6.00000000 6.40673395 -8.85885875
v 6.00000000 7.17573602 -8.27981804
v 6.00000000 7.89212079 -7.64120046
v 6.00000000 8.55170918 -6.94759227
v 6.00000000 9.14976431 -6.20303968
v 6.00000000 9.68082624 -5.41152498
v 6.00000000 10.13896562 -4.57756024
v 6.00000000 10.51839960 -3.70666557
v 6.00000000 10.81427981 -2.80554943
v 6.00000000 11.02339344 -1.88192343
v 6.00000000 11.14454045 -0.94402135
v 6.00000000 11.17845528 -0.00000000
v 6.00000000 11.12729531 0.94256057
v 6.00000000 10.99386540 1.87688238
v 6.00000000 10.78083749 2.79687349
v 6.00000000 10.49022427 3.69673663
v 6.00000000 10.12327651 4.57047689
v 6.00000000 9.68082624 5.41152498
v 6.00000000 9.16394467 6.21265318
v 6.00000000 8.57467792 6.96625256
v 6.00000000 7.91660227 7.66490358
v 6.00000000 7.19500908 8.30205652
v 6.00000000 6.41666314 8.87258826
v 6.00000000 5.58922764 9.37303621
v 6.00000000 4.72056136 9.80141931
v 6.00000000 3.81812938 10.15670042
v 6.00000000 2.88871670 10.43807395
v 6.00000000 1.93851509 10.64432890
v 6.00000000 0.97351220 10.77351656
v 8.00000000 0.00000000 10.83747354
v 8.00000000 -0.97572397 10.80402698
v 8.00000000 -1.94504864 10.68617206
v 8.00000000 -2.89961512 10.48330859
v 8.00000000 -3.83099796 10.19662670
v 8.00000000 -4.73128627 9.82917677
v 8.00000000 -5.59355081 9.38552740
v 8.00000000 -6.41202599 8.87113033
v 8.00000000 -7.18193959 8.29160652
v 8.00000000 -7.89905501 7.65218755
v 8.00000000 -8.55910230 6.95748398
v 8.00000000 -9.15732214 6.21163233
v 8.00000000 -9.68831420 5.41873677
v 8.00000000 -10.14627615 4.58342040
v 8.00000000 -10.52558040 3.71126861
v 8.00000000 -10.82151094 2.80899407
v 8.00000000 -11.03091900 1.88426046
v 8.00000000 -11.15257604 0.94522988
v 8.00000000 -11.18710162 0.00000000
v 8.00000000 -11.13648660 -0.94386623
v 8.00000000 -11.00336982 -1.87955461
v 8.00000000 -10.79030981 -2.80089504
v 8.00000000 -10.49929328 -3.70199990
v 8.00000000 -10.13163847 -4.57680806
v 8.00000000 -9.68831420 -5.41873677
v 8.00000000 -9.17055218 -6.22060658
v 8.00000000 -8.58053176 -6.97490345
v 8.00000000 -7.92189582 -7.67431452
v 8.00000000 -7.19992103 -8.31236625
v 8.00000000 -6.42128977 -8.88394689
v 8.00000000 -5.59355081 -9.38552740
v 8.00000000 -4.72446061 -9.81499656
v 8.00000000 -3.82143024 -10.17116113
v 8.00000000 -2.89125480 -10.45308258
v 8.00000000 -1.94019098 -10.65948388
v 8.00000000 -0.97431633 -10.78844039
v 8.00000000 -0.00000000 -10.83747354
v 8.00000000 0.97572397 -10.80402698
v 8.00000000 1.94504864 -10.68617206
v 8.00000000 2.89961512 -10.48330859
v 8.00000000 3.83099796 -10.19662670
v 8.00000000 4.73128627 -9.82917677
v 8.00000000 5.59355081 -9.38552740
v 8.00000000 6.41202599 -8.87113033
v 8.00000000 7.18193959 -8.29160652
v 8.00000000 7.89905501 -7.65218755
v 8.00000000 8.55910230 -6.95748398
v 8.00000000 9.15732214 -6.21163233
v 8.00000000 9.68831420 -5.41873677
v 8.00000000 10.14627615 -4.58342040
v 8.00000000 10.52558040 -3.71126861
v 8.00000000 10.82151094 -2.80899407
v 8.00000000 11.03091900 -1.88426046
v 8.00000000 11.15257604 -0.94522988
v 8.00000000 11.18710162 -0.00000000
v 8.00000000 11.13648660 0.94386623
v 8.00000000 11.00336982 1.87955461
v 8.00000000 10.79030981 2.80089504
v 8.00000000 10.49929328 3.70199990
v 8.00000000 10.13163847 4.57680806
v 8.00000000 9.68831420 5.41873677
v 8.00000000 9.17055218 6.22060658
v 8.00000000 8.58053176 6.97490345
v 8.00000000 7.92189582 7.67431452
v 8.00000000 7.19992103 8.31236625
v 8.00000000 6.42128977 8.88394689
v 8.00000000 5.59355081 9.38552740
v 8.00000000 4.72446061 9.81499656
v 8.00000000 3.82143024 10.17116113
v 8.00000000 2.89125480 10.45308258
v 8.00000000 1.94019098 10.65948388
v 8.00000000 0.97431633 10.78844039
v 10.00000000 0.00000000 10.85518836
v 10.00000000 -0.97482483 10.82099052
v 10.00000000 -1.94316479 10.70244680
v 10.00000000 -2.89675686 10.49909362
v 10.00000000 -3.82728750 10.21215588
v 10.00000000 -4.72692632 9.84460969
v 10.00000000 -5.58875603 9.40086888
v 10.00000000 -6.40694261 8.88620378
v 10.00000000 -7.17658487 8.30608770
v 10.00000000 -7.89330223 7.66568464
v 10.00000000 -8.55272081 6.96963512
v 10.00000000 -9.15006231 6.22218687
v 10.00000000 -9.68000939 5.42759418
v 10.00000000 -10.13692621 4.59061689
v 10.00000000 -10.51538597 3.71692077
v 10.00000000 -10.81084377 2.81322366
v 10.00000000 -11.02023513 1.88713013
v 10.00000000 -11.14229878 0.94671400
v 10.00000000 -11.17751205 0.00000000
v 10.00000000 -11.12765771 -0.94547001
v 10.00000000 -10.99516593 -1.88283722
v 10.00000000 -10.78245136 -2.80583531
v 10.00000000 -10.49146522 -3.70846539
v 10.00000000 -10.12360621 -4.58458478
v 10.00000000 -9.68000939 -5.42759418
v 10.00000000 -9.16210138 -6.23037363
v 10.00000000 -8.57222119 -6.98552603
v 10.00000000 -7.91408691 -7.68586996
v 10.00000000 -7.19294764 -8.32502575
v 10.00000000 -6.41537246 -8.89789569
v 10.00000000 -5.58875603 -9.40086888
v 10.00000000 -4.72071511 -9.83167379
v 10.00000000 -3.81858105 -10.18892492
v 10.00000000 -2.88914913 -10.47151995
v 10.00000000 -1.93874441 -10.67810051
v 10.00000000 -0.97354390 -10.80677166
v 10.00000000 -0.00000000 -10.85518836
v 10.00000000 0.97482483 -10.82099052
v 10.00000000 1.94316479 -10.70244680
v 10.00000000 2.89675686 -10.49909362
v 10.00000000 3.82728750 -10.21215588
v 10.00000000 4.72692632 -9.84460969
v 10.00000000 5.58875603 -9.40086888
v 10.00000000 6.40694261 -8.88620378
v 10.00000000 7.17658487 -8.30608770
v 10.00000000 7.89330223 -7.66568464
v 10.00000000 8.55272081 -6.96963512
v 10.00000000 9.15006231 -6.22218687
v 10.00000000 9.68000939 -5.42759418
v 10.00000000 10.13692621 -4.59061689
v 10.00000000 10.51538597 -3.71692077
v 10.00000000 10.81084377 -2.81322366
v 10.00000000 11.02023513 -1.88713013
v 10.00000000 11.14229878 -0.94671400
v 10.00000000 11.17751205 -0.00000000
v 10.00000000 11.12765771 0.94547001
v 10.00000000 10.99516593 1.88283722
v 10.00000000 10.78245136 2.80583531
v 10.00000000 10.49146522 3.70846539
v 10.00000000 10.12360621 4.58458478
v 10.00000000 9.68000939 5.42759418
v 10.00000000 9.16210138 6.23037363
v 10.00000000 8.57222119 6.98552603
v 10.00000000 7.91408691 7.68586996
v 10.00000000 7.19294764 8.32502575
v 10.00000000 6.41537246 8.89789569
v 10.00000000 5.58875603 9.40086888
v 10.00000000 4.72071511 9.83167379
v 10.00000000 3.81858105 10.18892492
v 10.00000000 2.88914913 10.47151995
v 10.00000000 1.93874441 10.67810051
v 10.00000000 0.97354390 10.80677166
v 12.00000000 0.00000000 10.87652258
v 12.00000000 -0.97334697 10.84141696
v 12.00000000 -1.94010890 10.72204155
v 12.00000000 -2.89214134 10.51809791
v 12.00000000 -3.82126857 10.23085297
v 12.00000000 -4.71976018 9.86319304
v 12.00000000 -5.58071599 9.41934486
v 12.00000000 -6.39822218 8.90435946
v 12.00000000 -7.16722461 8.32353161
v 12.00000000 -7.88317141 7.68194368
v 12.00000000 -8.54156568 6.98427231
v 12.00000000 -9.13760825 6.23489962
v 12.00000000 -9.66608364 5.43826129
v 12.00000000 -10.12155837 4.59928245
v 12.00000000 -10.49884912 3.72372595
v 12.00000000 -10.79361842 2.81831584
v 12.00000000 -11.00290434 1.89058521
v 12.00000000 -11.12540677 0.94850108
v 12.00000000 -11.16143198 0.00000000
v 12.00000000 -11.11251196 -0.94740173
v 12.00000000 -10.98082517 -1.88679144
v 12.00000000 -10.76861240 -2.81178654
v 12.00000000 -10.47778142 -3.71625367
v 12.00000000 -10.10982707 -4.59395169
v 12.00000000 -9.66608364 -5.43826129
v 12.00000000 -9.14821140 -6.24213451
v 12.00000000 -8.55874022 -6.99831560
v 12.00000000 -7.90147708 -7.69978207
v 12.00000000 -7.18163576 -8.34026776
v 12.00000000 -6.40564659 -8.91469196
v 12.00000000 -5.58071599 -9.41934486
v 12.00000000 -4.71428978 -9.85176119
v 12.00000000 -3.81360056 -10.21032305
v 12.00000000 -2.88544100 -10.49373021
v 12.00000000 -1.93621575 -10.70052598
v 12.00000000 -0.97221882 -10.82885130
v 12.00000000 -0.00000000 -10.87652258
v 12.00000000 0.97334697 -10.84141696
v 12.00000000 1.94010890 -10.72204155
v 12.00000000 2.89214134 -10.51809791
v 12.00000000 3.82126857 -10.23085297
v 12.00000000 4.71976018 -9.86319304
v 12.00000000 5.58071599 -9.41934486
v 12.00000000 6.39822218 -8.90435946
v 12.00000000 7.16722461 -8.32353161
v 12.00000000 7.88317141 -7.68194368
v 12.00000000 8.54156568 -6.98427231
v 12.00000000 9.13760825 -6.23489962
v 12.00000000 9.66608364 -5.43826129
v 12.00000000 10.12155837 -4.59928245
v 12.00000000 10.49884912 -3.72372595
v 12.00000000 10.79361842 -2.81831584
v 12.00000000 11.00290434 -1.89058521
v 12.00000000 11.12540677 -0.94850108
v 12.00000000 11.16143198 -0.00000000
v 12.00000000 11.11251196 0.94740173
v 12.00000000 10.98082517 1.88679144
v 12.00000000 10.76861240 2.81178654
v 12.00000000 10.47778142 3.71625367
v 12.00000000 10.10982707 4.59395169
v 12.00000000 9.66608364 5.43826129
v 12.00000000 9.14821140 6.24213451
v 12.00000000 8.55874022 6.99831560
v 12.00000000 7.90147708 7.69978207
v 12.00000000 7.18163576 8.34026776
v 12.00000000 6.40564659 8.91469196
v 12.00000000 5.58071599 9.41934486
v 12.00000000 4.71428978 9.85176119
v 12.00000000 3.81360056 10.21032305
v 12.00000000 2.88544100 10.49373021
v 12.00000000 1.93621575 10.70052598
v 12.00000000 0.97221882 10.82885130
v 14.00000000 0.00000000 10.90483425
v 14.00000000 -0.97198105 10.86851885
v 14.00000000 -1.93724050 10.74803612
v 14.00000000 -2.88778588 10.54330777
v 14.00000000 -3.81561893 10.25565670
v 14.00000000 -4.71313682 9.88784952
v 14.00000000 -5.57345789 9.44386348
v 14.00000000 -6.39055909 8.92845721
v 14.00000000 -7.15918081 8.34668741
v 14.00000000 -7.87454175 7.70352752
v 14.00000000 -8.53197945 7.00370233
v 14.00000000 -9.12666422 6.25177304
v 14.00000000 -9.65351225 5.45241712
v 14.00000000 -10.10735453 4.61077995
v 14.00000000 -10.48332685 3.73275377
v 14.00000000 -10.77736361 2.82507080
v 14.00000000 -10.98663683 1.89516876
v 14.00000000 -11.10979420 0.95087219
v 14.00000000 -11.14691579 0.00000000
v 14.00000000 -11.09920261 -0.94996567
v 14.00000000 -10.96850135 -1.89204043
v 14.00000000 -10.75682408 -2.81968677
v 14.00000000 -10.46602218 -3.72659217
v 14.00000000 -10.09771863 -4.60638424
v 14.00000000 -9.65351225 -5.45241712
v 14.00000000 -9.13537349 -6.25773889
v 14.00000000 -8.54608635 -7.01528235
v 14.00000000 -7.88957774 -7.71823697
v 14.00000000 -7.17101790 -8.36048794
v 14.00000000 -6.39665738 -8.93697733
v 14.00000000 -5.57345789 -9.44386348
v 14.00000000 -4.70864353 -9.87842288
v 14.00000000 -3.80932054 -10.23872785
v 14.00000000 -2.88228232 -10.52321430
v 14.00000000 -1.93404273 -10.73029450
v 14.00000000 -0.97105440 -10.85815728
v 14.00000000 -0.00000000 -10.90483425
v 14.00000000 0.97198105 -10.86851885
v 14.00000000 1.93724050 -10.74803612
v 14.00000000 2.88778588 -10.54330777
v 14.00000000 3.81561893 -10.25565670
v 14.00000000 4.71313682 -9.88784952
v 14.00000000 5.57345789 -9.44386348
v 14.00000000 6.39055909 -8.92845721
v 14.00000000 7.15918081 -8.34668741
v 14.00000000 7.87454175 -7.70352752
v 14.00000000 8.53197945 -7.00370233
v 14.00000000 9.12666422 -6.25177304
v 14.00000000 9.65351225 -5.45241712
v 14.00000000 10.10735453 -4.61077995
v 14.00000000 10.48332685 -3.73275377
v 14.00000000 10.77736361 -2.82507080
v 14.00000000 10.98663683 -1.89516876
v 14.00000000 11.10979420 -0.95087219
v 14.00000000 11.14691579 -0.00000000
v 14.00000000 11.09920261 0.94996567
v 14.00000000 10.96850135 1.89204043
v 14.00000000 10.75682408 2.81968677
v 14.00000000 10.46602218 3.72659217
v 14.00000000 10.09771863 4.60638424
v 14.00000000 9.65351225 5.45241712
v 14.00000000 9.13537349 6.25773889
v 14.00000000 8.54608635 7.01528235
v 14.00000000 7.88957774 7.71823697
v 14.00000000 7.17101790 8.36048794
v 14.00000000 6.39665738 8.93697733
v 14.00000000 5.57345789 9.44386348
v 14.00000000 4.70864353 9.87842288
v 14.00000000 3.80932054 10.23872785
v 14.00000000 2.88228232 10.52321430
v 14.00000000 1.93404273 10.73029450
v 14.00000000 0.97105440 10.85815728
v 16.00000000 0.00000000 10.93543148
v 16.00000000 -0.97074675 10.89780210
v 16.00000000 -1.93462305 10.77611802
v 16.00000000 -2.88379828 10.57054012
v 16.00000000 -3.81046355 10.28245214
v 16.00000000 -4.70715173 9.91449054
v 16.00000000 -5.56699940 9.47036146
v 16.00000000 -6.38386429 8.95450570
v 16.00000000 -7.15226400 8.37172125
v 16.00000000 -7.86716870 7.72686308
v 16.00000000 -8.52373631 7.02470821
v 16.00000000 -9.11710306 6.27001239
v 16.00000000 -9.64232581 5.46771574
v 16.00000000 -10.09451946 4.62320286
v 16.00000000 -10.46916257 3.74250651
v 16.00000000 -10.76248169 2.83236769
v 16.00000000 -10.97179251 1.90012035
v 16.00000000 -11.09568615 0.95343414
v 16.00000000 -11.13399881 0.00000000
v 16.00000000 -11.08757501 -0.95273716
v 16.00000000 -10.95790418 -1.89771514
v 16.00000000 -10.74675231 -2.82822818
v 16.00000000 -10.45591047 -3.73776917
v 16.00000000 -10.08714018 -4.61982322
v 16.00000000 -9.64232581 -5.46771574
v 16.00000000 -9.12377271 -6.27459924
v 16.00000000 -8.53453952 -7.03361151
v 16.00000000 -7.87868341 -7.73817243
v 16.00000000 -7.16132896 -8.38233178
v 16.00000000 -6.38853443 -8.96105640
v 16.00000000 -5.56699940 -9.47036146
v 16.00000000 -4.70371072 -9.90724287
v 16.00000000 -3.80564018 -10.26943639
v 16.00000000 -2.87958360 -10.55509125
v 16.00000000 -1.93217416 -10.76247738
v 16.00000000 -0.97003712 -10.88983561
v 16.00000000 -0.00000000 -10.93543148
v 16.00000000 0.97074675 -10.89780210
v 16.00000000 1.93462305 -10.77611802
v 16.00000000 2.88379828 -10.57054012
v 16.00000000 3.81046355 -10.28245214
v 16.00000000 4.70715173 -9.91449054
v 16.00000000 5.56699940 -9.47036146
v 16.00000000 6.38386429 -8.95450570
v 16.00000000 7.15226400 -8.37172125
v 16.00000000 7.86716870 -7.72686308
v 16.00000000 8.52373631 -7.02470821
v 16.00000000 9.11710306 -6.27001239
v 16.00000000 9.64232581 -5.46771574
v 16.00000000 10.09451946 -4.62320286
v 16.00000000 10.46916257 -3.74250651
v 16.00000000 10.76248169 -2.83236769
v 16.00000000 10.97179251 -1.90012035
v 16.00000000 11.09568615 -0.95343414
v 16.00000000 11.13399881 -0.00000000
v 16.00000000 11.08757501 0.95273716
v 16.00000000 10.95790418 1.89771514
v 16.00000000 10.74675231 2.82822818
v 16.00000000 10.45591047 3.73776917
v 16.00000000 10.08714018 4.61982322
v 16.00000000 9.64232581 5.46771574
v 16.00000000 9.12377271 6.27459924
v 16.00000000 8.53453952 7.03361151
v 16.00000000 7.87868341 7.73817243
v 16.00000000 7.16132896 8.38233178
v 16.00000000 6.38853443 8.96105640
v 16.00000000 5.56699940 9.47036146
v 16.00000000 4.70371072 9.90724287
v 16.00000000 3.80564018 10.26943639
v 16.00000000 2.87958360 10.55509125
v 16.00000000 1.93217416 10.76247738
v 16.00000000 0.97003712 10.88983561
v 18.00000000 0.00000000 10.95881499
v 18.00000000 -0.97010414 10.92017686
v 18.00000000 -1.93322213 10.79757140
v 18.00000000 -2.88164446 10.59134320
v 18.00000000 -3.80770428 10.30292271
v 18.00000000 -4.70403568 9.93484641
v 18.00000000 -5.56378708 9.49061217
v 18.00000000 -6.38072332 8.97441667
v 18.00000000 -7.14919036 8.39085910
v 18.00000000 -7.86396722 7.74470344
v 18.00000000 -8.52007329 7.04076678
v 18.00000000 -9.11261729 6.28395420
v 18.00000000 -9.63676190 5.47940749
v 18.00000000 -10.08783708 4.63269496
v 18.00000000 -10.46158153 3.74995719
v 18.00000000 -10.75444352 2.83794186
v 18.00000000 -10.96384751 1.90390316
v 18.00000000 -11.08834102 0.95539168
v 18.00000000 -11.12757416 0.00000000
v 18.00000000 -11.08211973 -0.95485564
v 18.00000000 -10.95319509 -1.90205334
v 18.00000000 -10.74237900 -2.83475820
v 18.00000000 -10.45141711 -3.74631375
v 18.00000000 -10.08217714 -4.63009572
v 18.00000000 -9.63676190 -5.47940749
v 18.00000000 -9.11773294 -6.28748189
v 18.00000000 -8.52835940 -7.04761420
v 18.00000000 -7.87279907 -7.75340134
v 18.00000000 -7.15614323 -8.39901955
v 18.00000000 -6.38430534 -8.97945473
v 18.00000000 -5.56378708 -9.49061217
v 18.00000000 -4.70139641 -9.92927231
v 18.00000000 -3.80400473 -10.29291244
v 18.00000000 -2.87841178 -10.57946165
v 18.00000000 -1.93134382 -10.78708053
v 18.00000000 -0.96955984 -10.91404992
v 18.00000000 -0.00000000 -10.95881499
v 18.00000000 0.97010414 -10.92017686
v 18.00000000 1.93322213 -10.79757140
v 18.00000000 2.88164446 -10.59134320
v 18.00000000 3.80770428 -10.30292271
v 18.00000000 4.70403568 -9.93484641
v 18.00000000 5.56378708 -9.49061217
v 18.00000000 6.38072332 -8.97441667
v 18.00000000 7.14919036 -8.39085910
v 18.00000000 7.86396722 -7.74470344
v 18.00000000 8.52007329 -7.04076678
v 18.00000000 9.11261729 -6.28395420
v 18.00000000 9.63676190 -5.47940749
v 18.00000000 10.08783708 -4.63269496
v 18.00000000 10.46158153 -3.74995719
v 18.00000000 10.75444352 -2.83794186
v 18.00000000 10.96384751 -1.90390316
v 18.00000000 11.08834102 -0.95539168
v 18.00000000 11.12757416 -0.00000000
v 18.00000000 11.08211973 0.95485564
v 18.00000000 10.95319509 1.90205334
v 18.00000000 10.74237900 2.83475820
v 18.00000000 10.45141711 3.74631375
v 18.00000000 10.08217714 4.63009572
v 18.00000000 9.63676190 5.47940749
v 18.00000000 9.11773294 6.28748189
v 18.00000000 8.52835940 7.04761420
v 18.00000000 7.87279907 7.75340134
v 18.00000000 7.15614323 8.39901955
v 18.00000000 6.38430534 8.97945473
v 18.00000000 5.56378708 9.49061217
v 18.00000000 4.70139641 9.92927231
v 18.00000000 3.80400473 10.29291244
v 18.00000000 2.87841178 10.57946165
v 18.00000000 1.93134382 10.78708053
v 18.00000000 0.96955984 10.91404992
v 20.00000000 0.00000000 10.97263263
v 20.00000000 -0.96994104 10.93339655
v 20.00000000 -1.93282607 10.81024531
v 20.00000000 -2.88101534 10.60363242
v 20.00000000 -3.80692420 10.31501602
v 20.00000000 -4.70324484 9.94687329
v 20.00000000 -5.56313114 9.50257861
v 20.00000000 -6.38029173 8.98618387
v 20.00000000 -7.14896992 8.40217041
v 20.00000000 -7.86383073 7.75524821
v 20.00000000 -8.51981059 7.05025809
v 20.00000000 -9.11200092 6.29219368
v 20.00000000 -9.63562579 5.48631632
v 20.00000000 -10.08614111 4.63830319
v 20.00000000 -10.45943827 3.75435880
v 20.00000000 -10.75209564 2.84123474
v 20.00000000 -10.96160135 1.90613792
v 20.00000000 -11.08647685 0.95654825
v 20.00000000 -11.12626228 0.00000000
v 20.00000000 -11.08137014 -0.95610764
v 20.00000000 -10.95285737 -1.90461741
v 20.00000000 -10.74219254 -2.83861786
v 20.00000000 -10.45109486 -3.75136397
v 20.00000000 -10.08149518 -4.63616667
v 20.00000000 -9.63562579 -5.48631632
v 20.00000000 -9.11620007 -6.29509336
v 20.00000000 -8.52661220 -7.05588651
v 20.00000000 -7.87108029 -7.76239767
v 20.00000000 -7.15467715 -8.40887810
v 20.00000000 -6.38323201 -8.99032504
v 20.00000000 -5.56313114 -9.50257861
v 20.00000000 -4.70107841 -9.94229151
v 20.00000000 -3.80388744 -10.30678781
v 20.00000000 -2.87836182 -10.59386607
v 20.00000000 -1.93128427 -10.80162206
v 20.00000000 -0.96949426 -10.92836035
v 20.00000000 -0.00000000 -10.97263263
v 20.00000000 0.96994104 -10.93339655
v 20.00000000 1.93282607 -10.81024531
v 20.00000000 2.88101534 -10.60363242
v 20.00000000 3.80692420 -10.31501602
v 20.00000000 4.70324484 -9.94687329
v 20.00000000 5.56313114 -9.50257861
v 20.00000000 6.38029173 -8.98618387
v 20.00000000 7.14896992 -8.40217041
v 20.00000000 7.86383073 -7.75524821
v 20.00000000 8.51981059 -7.05025809
v 20.00000000 9.11200092 -6.29219368
v 20.00000000 9.63562579 -5.48631632
v 20.00000000 10.08614111 -4.63830319
v 20.00000000 10.45943827 -3.75435880
v 20.00000000 10.75209564 -2.84123474
v 20.00000000 10.96160135 -1.90613792
v 20.00000000 11.08647685 -0.95654825
v 20.00000000 11.12626228 -0.00000000
v 20.00000000 11.08137014 0.95610764
v 20.00000000 10.95285737 1.90461741
v 20.00000000 10.74219254 2.83861786
v 20.00000000 10.45109486 3.75136397
v 20.00000000 10.08149518 4.63616667
v 20.00000000 9.63562579 5.48631632
v 20.00000000 9.11620007 6.29509336
v 20.00000000 8.52661220 7.05588651
v 20.00000000 7.87108029 7.76239767
v 20.00000000 7.15467715 8.40887810
v 20.00000000 6.38323201 8.99032504
v 20.00000000 5.56313114 9.50257861
v 20.00000000 4.70107841 9.94229151
v 20.00000000 3.80388744 10.30678781
v 20.00000000 2.87836182 10.59386607
v 20.00000000 1.93128427 10.80162206
v 20.00000000 0.96949426 10.92836035
v 22.00000000 0.00000000 10.98147674
v 22.00000000 -0.96955365 10.94185721
v 22.00000000 -1.93200863 10.81835611
v 22.00000000 -2.87977210 10.61149683
v 22.00000000 -3.80531416 10.32275526
v 22.00000000 -4.70136635 9.95457054
v 22.00000000 -5.56108802 9.51023782
v 22.00000000 -6.37815366 8.99371616
v 22.00000000 -7.14674262 8.40941127
v 22.00000000 -7.86144850 7.76199851
v 22.00000000 -8.51715619 7.05633390
v 22.00000000 -9.10894744 6.29746785
v 22.00000000 -9.63208699 5.49073837
v 22.00000000 -10.08211268 4.64189247
v 22.00000000 -10.45501474 3.75717565
v 22.00000000 -10.74745579 2.84334201
v 22.00000000 -10.95696544 1.90756807
v 22.00000000 -11.08204888 0.95728846
v 22.00000000 -11.12217604 0.00000000
v 22.00000000 -11.07765671 -0.95690906
v 22.00000000 -10.94944494 -1.90625878
v 22.00000000 -10.73893836 -2.84108864
v 22.00000000 -10.44783876 -3.75459684
v 22.00000000 -10.07811682 -4.64005274
v 22.00000000 -9.63208699 -5.49073837
v 22.00000000 -9.11255904 -6.29996473
v 22.00000000 -8.52300611 -7.06118046
v 22.00000000 -7.86768369 -7.76815483
v 22.00000000 -7.15165128 -8.41518719
v 22.00000000 -6.38068253 -8.99728207
v 22.00000000 -5.56108802 -9.51023782
v 22.00000000 -4.69950305 -9.95062522
v 22.00000000 -3.80270232 -10.31567005
v 22.00000000 -2.87748986 -10.60308715
v 22.00000000 -1.93068257 -10.81093074
v 22.00000000 -0.96916938 -10.93752060
v 22.00000000 -0.00000000 -10.98147674
v 22.00000000 0.96955365 -10.94185721
v 22.00000000 1.93200863 -10.81835611
v 22.00000000 2.87977210 -10.61149683
v 22.00000000 3.80531416 -10.32275526
v 22.00000000 4.70136635 -9.95457054
v 22.00000000 5.56108802 -9.51023782
v 22.00000000 6.37815366 -8.99371616
v 22.00000000 7.14674262 -8.40941127
v 22.00000000 7.86144850 -7.76199851
v 22.00000000 8.51715619 -7.05633390
v 22.00000000 9.10894744 -6.29746785
v 22.00000000 9.63208699 -5.49073837
v 22.00000000 10.08211268 -4.64189247
v 22.00000000 10.45501474 -3.75717565
v 22.00000000 10.74745579 -2.84334201
v 22.00000000 10.95696544 -1.90756807
v 22.00000000 11.08204888 -0.95728846
v 22.00000000 11.12217604 -0.00000000
v 22.00000000 11.07765671 0.95690906
v 22.00000000 10.94944494 1.90625878
v 22.00000000 10.73893836 2.84108864
v 22.00000000 10.44783876 3.75459684
v 22.00000000 10.07811682 4.64005274
v 22.00000000 9.63208699 5.49073837
v 22.00000000 9.11255904 6.29996473
v 22.00000000 8.52300611 7.06118046
v 22.00000000 7.86768369 7.76815483
v 22.00000000 7.15165128 8.41518719
v 22.00000000 6.38068253 8.99728207
v 22.00000000 5.56108802 9.51023782
v 22.00000000 4.69950305 9.95062522
v 22.00000000 3.80270232 10.31567005
v 22.00000000 2.87748986 10.60308715
v 22.00000000 1.93068257 10.81093074
v 22.00000000 0.96916938 10.93752060
v 24.00000000 0.00000000 10.98923135
v 24.00000000 -0.96939790 10.94927514
v 24.00000000 -1.93165843 10.82546696
v 24.00000000 -2.87922837 10.61839154
v 24.00000000 -3.80462440 10.32954035
v 24.00000000 -4.70061116 9.96131915
v 24.00000000 -5.56035149 9.51695352
v 24.00000000 -6.37748878 9.00032095
v 24.00000000 -7.14614520 8.41576077
v 24.00000000 -7.86085078 7.76791791
v 24.00000000 -8.51644422 7.06166176
v 24.00000000 -9.10799789 6.30209258
v 24.00000000 -9.63081128 5.49461567
v 24.00000000 -10.08049316 4.64503940
v 24.00000000 -10.45311964 3.75964522
v 24.00000000 -10.74542655 2.84518944
v 24.00000000 -10.95497936 1.90882190
v 24.00000000 -11.08026874 0.95793745
v 24.00000000 -11.12070297 0.00000000
v 24.00000000 -11.07650194 -0.95761179
v 24.00000000 -10.94852965 -1.90769809
v 24.00000000 -10.73812186 -2.84325529
v 24.00000000 -10.44696540 -3.75743174
v 24.00000000 -10.07706624 -4.64346030
v 24.00000000 -9.63081128 -5.49461567
v 24.00000000 -9.11109526 -6.30423574
v 24.00000000 -8.52146121 -7.06582174
v 24.00000000 -7.86619819 -7.77320210
v 24.00000000 -7.15035496 -8.42071845
v 24.00000000 -6.37965758 -9.00338170
v 24.00000000 -5.56035149 -9.51695352
v 24.00000000 -4.69901316 -9.95793274
v 24.00000000 -3.80238444 -10.32345886
v 24.00000000 -2.87727108 -10.61117320
v 24.00000000 -1.93052118 -10.81909350
v 24.00000000 -0.96906835 -10.94555287
v 24.00000000 -0.00000000 -10.98923135
v 24.00000000 0.96939790 -10.94927514
v 24.00000000 1.93165843 -10.82546696
v 24.00000000 2.87922837 -10.61839154
v 24.00000000 3.80462440 -10.32954035
v 24.00000000 4.70061116 -9.96131915
v 24.00000000 5.56035149 -9.51695352
v 24.00000000 6.37748878 -9.00032095
v 24.00000000 7.14614520 -8.41576077
v 24.00000000 7.86085078 -7.76791791
v 24.00000000 8.51644422 -7.06166176
v 24.00000000 9.10799789 -6.30209258
v 24.00000000 9.63081128 -5.49461567
v 24.00000000 10.08049316 -4.64503940
v 24.00000000 10.45311964 -3.75964522
v 24.00000000 10.74542655 -2.84518944
v 24.00000000 10.95497936 -1.90882190
v 24.00000000 11.08026874 -0.95793745
v 24.00000000 11.12070297 -0.00000000
v 24.00000000 11.07650194 0.95761179
v 24.00000000 10.94852965 1.90769809
v 24.00000000 10.73812186 2.84325529
v 24.00000000 10.44696540 3.75743174
v 24.00000000 10.07706624 4.64346030
v 24.00000000 9.63081128 5.49461567
v 24.00000000 9.11109526 6.30423574
v 24.00000000 8.52146121 7.06582174
v 24.00000000 7.86619819 7.77320210
v 24.00000000 7.15035496 8.42071845
v 24.00000000 6.37965758 9.00338170
v 24.00000000 5.56035149 9.51695352
v 24.00000000 4.69901316 9.95793274
v 24.00000000 3.80238444 10.32345886
v 24.00000000 2.87727108 10.61117320
v 24.00000000 1.93052118 10.81909350
v 24.00000000 0.96906835 10.94555287
v 26.00000000 0.00000000 10.99846132
v 26.00000000 -0.96906396 10.95810381
v 26.00000000 -1.93094558 10.83392972
v 26.00000000 -2.87813996 10.62659690
v 26.00000000 -3.80322036 10.33761542
v 26.00000000 -4.69899187 9.96935120
v 26.00000000 -5.55862257 9.52494690
v 26.00000000 -6.37571980 9.00818280
v 26.00000000 -7.14433863 8.42331905
v 26.00000000 -7.85893424 7.77496432
v 26.00000000 -8.51429123 7.06800391
v 26.00000000 -9.10547153 6.30759750
v 26.00000000 -9.62781671 5.49923066
v 26.00000000 -10.07702059 4.64878481
v 26.00000000 -10.44926207 3.76258430
v 26.00000000 -10.74136457 2.84738806
v 26.00000000 -10.95093659 1.91031412
v 26.00000000 -11.07645176 0.95870986
v 26.00000000 -11.11724513 0.00000000
v 26.00000000 -11.07342956 -0.95844827
v 26.00000000 -10.94576181 -1.90941141
v 26.00000000 -10.73550382 -2.84583445
v 26.00000000 -10.44432436 -3.76080633
v 26.00000000 -10.07427108 -4.64751639
v 26.00000000 -9.62781671 -5.49923066
v 26.00000000 -9.10795663 -6.30931899
v 26.00000000 -8.51831649 -7.07134541
v 26.00000000 -7.86322460 -7.77920884
v 26.00000000 -7.14771622 -8.42730130
v 26.00000000 -6.37745989 -9.01064134
v 26.00000000 -5.55862257 -9.52494690
v 26.00000000 -4.69770976 -9.96663107
v 26.00000000 -3.80142318 -10.33273046
v 26.00000000 -2.87656958 -10.62079877
v 26.00000000 -1.93003313 -10.82881024
v 26.00000000 -0.96879955 -10.95511390
v 26.00000000 -0.00000000 -10.99846132
v 26.00000000 0.96906396 -10.95810381
v 26.00000000 1.93094558 -10.83392972
v 26.00000000 2.87813996 -10.62659690
v 26.00000000 3.80322036 -10.33761542
v 26.00000000 4.69899187 -9.96935120
v 26.00000000 5.55862257 -9.52494690
v 26.00000000 6.37571980 -9.00818280
v 26.00000000 7.14433863 -8.42331905
v 26.00000000 7.85893424 -7.77496432
v 26.00000000 8.51429123 -7.06800391
v 26.00000000 9.10547153 -6.30759750
v 26.00000000 9.62781671 -5.49923066
v 26.00000000 10.07702059 -4.64878481
v 26.00000000 10.44926207 -3.76258430
v 26.00000000 10.74136457 -2.84738806
v 26.00000000 10.95093659 -1.91031412
v 26.00000000 11.07645176 -0.95870986
v 26.00000000 11.11724513 -0.00000000
v 26.00000000 11.07342956 0.95844827
v 26.00000000 10.94576181 1.90941141
v 26.00000000 10.73550382 2.84583445
v 26.00000000 10.44432436 3.76080633
v 26.00000000 10.07427108 4.64751639
v 26.00000000 9.62781671 5.49923066
v 26.00000000 9.10795663 6.30931899
v 26.00000000 8.51831649 7.07134541
v 26.00000000 7.86322460 7.77920884
v 26.00000000 7.14771622 8.42730130
v 26.00000000 6.37745989 9.01064134
v 26.00000000 5.55862257 9.52494690
v 26.00000000 4.69770976 9.96663107
v 26.00000000 3.80142318 10.33273046
v 26.00000000 2.87656958 10.62079877
v 26.00000000 1.93003313 10.82881024
v 26.00000000 0.96879955 10.95511390
v 28.00000000 0.00000000 11.00273369
v 28.00000000 -0.96924039 10.96219021
v 28.00000000 -1.93127517 10.83784660
v 28.00000000 -2.87861925 10.63039459
v 28.00000000 -3.80386953 10.34135286
v 28.00000000 -4.69984737 9.97306889
v 28.00000000 -5.55972093 9.52864689
v 28.00000000 -6.37707871 9.01182207
v 28.00000000 -7.14594266 8.42681791
v 28.00000000 -7.86073145 7.77822626
v 28.00000000 -8.51620283 7.07093980
v 28.00000000 -9.10741225 6.31014574
v 28.00000000 -9.62971913 5.50136684
v 28.00000000 -10.07885521 4.65051840
v 28.00000000 -10.45104564 3.76394462
v 28.00000000 -10.74315329 2.84840565
v 28.00000000 -10.95280579 1.91100477
v 28.00000000 -11.07846834 0.95906737
v 28.00000000 -11.11944186 0.00000000
v 28.00000000 -11.07578972 -0.95883548
v 28.00000000 -10.94821933 -1.91020454
v 28.00000000 -10.73795885 -2.84702841
v 28.00000000 -10.44666929 -3.76236848
v 28.00000000 -10.07641829 -4.64939397
v 28.00000000 -9.62971913 -5.50136684
v 28.00000000 -9.10961482 -6.31167181
v 28.00000000 -8.51977047 -7.07390198
v 28.00000000 -7.86453404 -7.78198895
v 28.00000000 -7.14893626 -8.43034809
v 28.00000000 -6.37862097 -9.01400152
v 28.00000000 -5.55972093 -9.52864689
v 28.00000000 -4.69871101 -9.97065755
v 28.00000000 -3.80227667 -10.33702245
v 28.00000000 -2.87722740 -10.62525467
v 28.00000000 -1.93046646 -10.83330828
v 28.00000000 -0.96900604 -10.95953972
v 28.00000000 -0.00000000 -11.00273369
v 28.00000000 0.96924039 -10.96219021
v 28.00000000 1.93127517 -10.83784660
v 28.00000000 2.87861925 -10.63039459
v 28.00000000 3.80386953 -10.34135286
v 28.00000000 4.69984737 -9.97306889
v 28.00000000 5.55972093 -9.52864689
v 28.00000000 6.37707871 -9.01182207
v 28.00000000 7.14594266 -8.42681791
v 28.00000000 7.86073145 -7.77822626
v 28.00000000 8.51620283 -7.07093980
v 28.00000000 9.10741225 -6.31014574
v 28.00000000 9.62971913 -5.50136684
v 28.00000000 10.07885521 -4.65051840
v 28.00000000 10.45104564 -3.76394462
v 28.00000000 10.74315329 -2.84840565
v 28.00000000 10.95280579 -1.91100477
v 28.00000000 11.07846834 -0.95906737
v 28.00000000 11.11944186 -0.00000000
v 28.00000000 11.07578972 0.95883548
v 28.00000000 10.94821933 1.91020454
v 28.00000000 10.73795885 2.84702841
v 28.00000000 10.44666929 3.76236848
v 28.00000000 10.07641829 4.64939397
v 28.00000000 9.62971913 5.50136684
v 28.00000000 9.10961482 6.31167181
v 28.00000000 8.51977047 7.07390198
v 28.00000000 7.86453404 7.78198895
v 28.00000000 7.14893626 8.43034809
v 28.00000000 6.37862097 9.01400152
v 28.00000000 5.55972093 9.52864689
v 28.00000000 4.69871101 9.97065755
v 28.00000000 3.80227667 10.33702245
v 28.00000000 2.87722740 10.62525467
v 28.00000000 1.93046646 10.83330828
v 28.00000000 0.96900604 10.95953972
v 30.00000000 0.00000000 11.00448534
v 30.00000000 -0.96971686 10.96386559
v 30.00000000 -1.93221557 10.83945244
v 30.00000000 -2.88001602 10.63195156
v 30.00000000 -3.80572175 10.34288514
v 30.00000000 -4.70215779 9.97459309
v 30.00000000 -5.56248949 9.53016386
v 30.00000000 -6.38029493 9.01331418
v 30.00000000 -7.14957999 8.42825248
v 30.00000000 -7.86474604 7.77956370
v 30.00000000 -8.52053764 7.07214354
v 30.00000000 -9.11200548 6.31119054
v 30.00000000 -9.63451441 5.50224267
v 30.00000000 -10.08380992 4.65122915
v 30.00000000 -10.45613458 3.76450233
v 30.00000000 -10.74836613 2.84882283
v 30.00000000 -10.95813904 1.91128792
v 30.00000000 -11.08391445 0.95921395
v 30.00000000 -11.12497897 0.00000000
v 30.00000000 -11.08137569 -0.95899424
v 30.00000000 -10.95379205 -1.91052973
v 30.00000000 -10.74344289 -2.84751794
v 30.00000000 -10.45198672 -3.76300898
v 30.00000000 -10.08150023 -4.65016379
v 30.00000000 -9.63451441 -5.50224267
v 30.00000000 -9.11409306 -6.31263644
v 30.00000000 -8.52391900 -7.07495012
v 30.00000000 -7.86835010 -7.78312872
v 30.00000000 -7.15241729 -8.43159722
v 30.00000000 -6.38175666 -9.01537915
v 30.00000000 -5.56248949 -9.53016386
v 30.00000000 -4.70108076 -9.97230842
v 30.00000000 -3.80421205 -10.33878221
v 30.00000000 -2.87869685 -10.62708164
v 30.00000000 -1.93144908 -10.83515253
v 30.00000000 -0.96949475 -10.96135432
v 30.00000000 -0.00000000 -11.00448534
v 30.00000000 0.96971686 -10.96386559
v 30.00000000 1.93221557 -10.83945244
v 30.00000000 2.88001602 -10.63195156
v 30.00000000 3.80572175 -10.34288514
v 30.00000000 4.70215779 -9.97459309
v 30.00000000 5.56248949 -9.53016386
v 30.00000000 6.38029493 -9.01331418
v 30.00000000 7.14957999 -8.42825248
v 30.00000000 7.86474604 -7.77956370
v 30.00000000 8.52053764 -7.07214354
v 30.00000000 9.11200548 -6.31119054
v 30.00000000 9.63451441 -5.50224267
v 30.00000000 10.08380992 -4.65122915
v 30.00000000 10.45613458 -3.76450233
v 30.00000000 10.74836613 -2.84882283
v 30.00000000 10.95813904 -1.91128792
v 30.00000000 11.08391445 -0.95921395
v 30.00000000 11.12497897 -0.00000000
v 30.00000000 11.08137569 0.95899424
v 30.00000000 10.95379205 1.91052973
v 30.00000000 10.74344289 2.84751794
v 30.00000000 10.45198672 3.76300898
v 30.00000000 10.08150023 4.65016379
v 30.00000000 9.63451441 5.50224267
v 30.00000000 9.11409306 6.31263644
v 30.00000000 8.52391900 7.07495012
v 30.00000000 7.86835010 7.78312872
v 30.00000000 7.15241729 8.43159722
v 30.00000000 6.38175666 9.01537915
v 30.00000000 5.56248949 9.53016386
v 30.00000000 4.70108076 9.97230842
v 30.00000000 3.80421205 10.33878221
v 30.00000000 2.87869685 10.62708164
v 30.00000000 1.93144908 10.83515253
v 30.00000000 0.96949475 10.96135432
v 32.00000000 0.00000000 11.00650045
v 32.00000000 -0.96948076 10.96579291
v 32.00000000 -1.93173477 10.84129976
v 32.00000000 -2.87929373 10.63374264
v 32.00000000 -3.80477477 10.34464783
v 32.00000000 -4.70101295 9.97634651
v 32.00000000 -5.56117593 9.53190899
v 32.00000000 -6.37883499 9.01503074
v 32.00000000 -7.14798239 8.42990284
v 32.00000000 -7.86300407 7.78110232
v 32.00000000 -8.51863369 7.07352836
v 32.00000000 -9.10992048 6.31239248
v 32.00000000 -9.63223926 5.50325022
v 32.00000000 -10.08135480 4.65204678
v 32.00000000 -10.45353275 3.76514389
v 32.00000000 -10.74567050 2.84930275
v 32.00000000 -10.95541231 1.91161365
v 32.00000000 -11.08121584 0.95938257
v 32.00000000 -11.12235186 0.00000000
v 32.00000000 -11.07884006 -0.95917688
v 32.00000000 -10.95134437 -1.91090384
v 32.00000000 -10.74106331 -2.84808112
v 32.00000000 -10.44965118 -3.76374583
v 32.00000000 -10.07919339 -4.65104939
v 32.00000000 -9.63223926 -5.50325022
v 32.00000000 -9.11187404 -6.31374613
v 32.00000000 -8.52179798 -7.07615586
v 32.00000000 -7.86637677 -7.78443989
v 32.00000000 -7.15063754 -8.43303417
v 32.00000000 -6.38020289 -9.01696395
v 32.00000000 -5.56117593 -9.53190899
v 32.00000000 -4.70000507 -9.97420761
v 32.00000000 -3.80336199 -10.34080668
v 32.00000000 -2.87805924 -10.62918344
v 32.00000000 -1.93101749 -10.83727419
v 32.00000000 -0.96927291 -10.96344187
v 32.00000000 -0.00000000 -11.00650045
v 32.00000000 0.96948076 -10.96579291
v 32.00000000 1.93173477 -10.84129976
v 32.00000000 2.87929373 -10.63374264
v 32.00000000 3.80477477 -10.34464783
v 32.00000000 4.70101295 -9.97634651
v 32.00000000 5.56117593 -9.53190899
v 32.00000000 6.37883499 -9.01503074
v 32.00000000 7.14798239 -8.42990284
v 32.00000000 7.86300407 -7.78110232
v 32.00000000 8.51863369 -7.07352836
v 32.00000000 9.10992048 -6.31239248
v 32.00000000 9.63223926 -5.50325022
v 32.00000000 10.08135480 -4.65204678
v 32.00000000 10.45353275 -3.76514389
v 32.00000000 10.74567050 -2.84930275
v 32.00000000 10.95541231 -1.91161365
v 32.00000000 11.08121584 -0.95938257
v 32.00000000 11.12235186 -0.00000000
v 32.00000000 11.07884006 0.95917688
v 32.00000000 10.95134437 1.91090384
v 32.00000000 10.74106331 2.84808112
v 32.00000000 10.44965118 3.76374583
v 32.00000000 10.07919339 4.65104939
v 32.00000000 9.63223926 5.50325022
v 32.00000000 9.11187404 6.31374613
v 32.00000000 8.52179798 7.07615586
v 32.00000000 7.86637677 7.78443989
v 32.00000000 7.15063754 8.43303417
v 32.00000000 6.38020289 9.01696395
v 32.00000000 5.56117593 9.53190899
v 32.00000000 4.70000507 9.97420761
v 32.00000000 3.80336199 10.34080668
v 32.00000000 2.87805924 10.62918344
v 32.00000000 1.93101749 10.83727419
v 32.00000000 0.96927291 10.96344187
v 34.00000000 0.00000000 11.00832874
v 34.00000000 -0.96975049 10.96754153
v 34.00000000 -1.93226281 10.84297577
v 34.00000000 -2.88007565 10.63536763
v 34.00000000 -3.80581480 10.34624706
v 34.00000000 -4.70232084 9.97793736
v 34.00000000 -5.56276011 9.53349234
v 34.00000000 -6.38069453 9.01658818
v 34.00000000 -7.15010095 8.43140024
v 34.00000000 -7.86534857 7.78249835
v 34.00000000 -8.52115849 7.07478483
v 34.00000000 -9.11257617 6.31348301
v 34.00000000 -9.63498315 5.50416437
v 34.00000000 -10.08415959 4.65278860
v 34.00000000 -10.45639021 3.76572597
v 34.00000000 -10.74858867 2.84973817
v 34.00000000 -10.95840695 1.91190918
v 34.00000000 -11.08429880 0.95953555
v 34.00000000 -11.12552022 0.00000000
v 34.00000000 -11.08206972 -0.95934259
v 34.00000000 -10.95459019 -1.91124327
v 34.00000000 -10.74426596 -2.84859210
v 34.00000000 -10.45274830 -3.76441438
v 34.00000000 -10.08213164 -4.65185291
v 34.00000000 -9.63498315 -5.50416437
v 34.00000000 -9.11440910 -6.31475293
v 34.00000000 -8.52412740 -7.07724980
v 34.00000000 -7.86851302 -7.78562946
v 34.00000000 -7.15259216 -8.43433788
v 34.00000000 -6.38197796 -9.01840181
v 34.00000000 -5.56276011 -9.53349234
v 34.00000000 -4.70137519 -9.97593076
v 34.00000000 -3.80448925 -10.34264351
v 34.00000000 -2.87891739 -10.63109045
v 34.00000000 -1.93158981 -10.83919922
v 34.00000000 -0.96955547 -10.96533592
v 34.00000000 -0.00000000 -11.00832874
v 34.00000000 0.96975049 -10.96754153
v 34.00000000 1.93226281 -10.84297577
v 34.00000000 2.88007565 -10.63536763
v 34.00000000 3.80581480 -10.34624706
v 34.00000000 4.70232084 -9.97793736
v 34.00000000 5.56276011 -9.53349234
v 34.00000000 6.38069453 -9.01658818
v 34.00000000 7.15010095 -8.43140024
v 34.00000000 7.86534857 -7.78249835
v 34.00000000 8.52115849 -7.07478483
v 34.00000000 9.11257617 -6.31348301
v 34.00000000 9.63498315 -5.50416437
v 34.00000000 10.08415959 -4.65278860
v 34.00000000 10.45639021 -3.76572597
v 34.00000000 10.74858867 -2.84973817
v 34.00000000 10.95840695 -1.91190918
v 34.00000000 11.08429880 -0.95953555
v 34.00000000 11.12552022 -0.00000000
v 34.00000000 11.08206972 0.95934259
v 34.00000000 10.95459019 1.91124327
v 34.00000000 10.74426596 2.84859210
v 34.00000000 10.45274830 3.76441438
v 34.00000000 10.08213164 4.65185291
v 34.00000000 9.63498315 5.50416437
v 34.00000000 9.11440910 6.31475293
v 34.00000000 8.52412740 7.07724980
v 34.00000000 7.86851302 7.78562946
v 34.00000000 7.15259216 8.43433788
v 34.00000000 6.38197796 9.01840181
v 34.00000000 5.56276011 9.53349234
v 34.00000000 4.70137519 9.97593076
v 34.00000000 3.80448925 10.34264351
v 34.00000000 2.87891739 10.63109045
v 34.00000000 1.93158981 10.83919922
v 34.00000000 0.96955547 10.96533592
v 36.00000000 0.00000000 11.00831136
v 36.00000000 -0.97030506 10.96752491
v 36.00000000 -1.93336791 10.84295984
v 36.00000000 -2.88172287 10.63535218
v 36.00000000 -3.80799141 10.34623186
v 36.00000000 -4.70500997 9.97792224
v 36.00000000 -5.56594095 9.53347729
v 36.00000000 -6.38434266 9.01657338
v 36.00000000 -7.15418865 8.43138601
v 36.00000000 -7.86984505 7.78248508
v 36.00000000 -8.52603003 7.07477289
v 36.00000000 -9.11778624 6.31347265
v 36.00000000 -9.64049251 5.50415568
v 36.00000000 -10.08992644 4.65278155
v 36.00000000 -10.46237041 3.76572043
v 36.00000000 -10.75473617 2.84973403
v 36.00000000 -10.96467427 1.91190637
v 36.00000000 -11.09063760 0.95953410
v 36.00000000 -11.13188189 0.00000000
v 36.00000000 -11.08840584 -0.95934101
v 36.00000000 -10.96085292 -1.91124004
v 36.00000000 -10.75040827 -2.84858724
v 36.00000000 -10.45872413 -3.76440803
v 36.00000000 -10.08789605 -4.65184528
v 36.00000000 -9.64049251 -5.50415568
v 36.00000000 -9.11962138 -6.31474336
v 36.00000000 -8.52900251 -7.07723941
v 36.00000000 -7.87301330 -7.78561815
v 36.00000000 -7.15668286 -8.43432549
v 36.00000000 -6.38562764 -9.01838814
v 36.00000000 -5.56594095 -9.53347729
v 36.00000000 -4.70406318 -9.97591439
v 36.00000000 -3.80666427 -10.34262605
v 36.00000000 -2.88056321 -10.63107232
v 36.00000000 -1.93269410 -10.83918092
v 36.00000000 -0.97010981 -10.96531792
v 36.00000000 -0.00000000 -11.00831136
v 36.00000000 0.97030506 -10.96752491
v 36.00000000 1.93336791 -10.84295984
v 36.00000000 2.88172287 -10.63535218
v 36.00000000 3.80799141 -10.34623186
v 36.00000000 4.70500997 -9.97792224
v 36.00000000 5.56594095 -9.53347729
v 36.00000000 6.38434266 -9.01657338
v 36.00000000 7.15418865 -8.43138601
v 36.00000000 7.86984505 -7.78248508
v 36.00000000 8.52603003 -7.07477289
v 36.00000000 9.11778624 -6.31347265
v 36.00000000 9.64049251 -5.50415568
v 36.00000000 10.08992644 -4.65278155
v 36.00000000 10.46237041 -3.76572043
v 36.00000000 10.75473617 -2.84973403
v 36.00000000 10.96467427 -1.91190637
v 36.00000000 11.09063760 -0.95953410
v 36.00000000 11.13188189 -0.00000000
v 36.00000000 11.08840584 0.95934101
v 36.00000000 10.96085292 1.91124004
v 36.00000000 10.75040827 2.84858724
v 36.00000000 10.45872413 3.76440803
v 36.00000000 10.08789605 4.65184528
v 36.00000000 9.64049251 5.50415568
v 36.00000000 9.11962138 6.31474336
v 36.00000000 8.52900251 7.07723941
v 36.00000000 7.87301330 7.78561815
v 36.00000000 7.15668286 8.43432549
v 36.00000000 6.38562764 9.01838814
v 36.00000000 5.56594095 9.53347729
v 36.00000000 4.70406318 9.97591439
v 36.00000000 3.80666427 10.34262605
v 36.00000000 2.88056321 10.63107232
v 36.00000000 1.93269410 10.83918092
v 36.00000000 0.97010981 10.96531792
v 38.00000000 0.00000000 11.00520791
v 38.00000000 -0.97111298 10.96455668
v 38.00000000 -1.93499369 10.84011485
v 38.00000000 -2.88415485 10.63259380
v 38.00000000 -3.81119357 10.34351720
v 38.00000000 -4.70892755 9.97522183
v 38.00000000 -5.57051251 9.53078962
v 38.00000000 -6.38951430 9.01392969
v 38.00000000 -7.15992474 8.42884425
v 38.00000000 -7.87613111 7.78011540
v 38.00000000 -8.53286603 7.07264010
v 38.00000000 -9.12517211 6.31162152
v 38.00000000 -9.64841070 5.50260395
v 38.00000000 -10.09832772 4.65152233
v 38.00000000 -10.47116828 3.76473238
v 38.00000000 -10.76381243 2.84899492
v 38.00000000 -10.97389453 1.91140472
v 38.00000000 -11.09987211 0.95927441
v 38.00000000 -11.14102503 0.00000000
v 38.00000000 -11.09738802 -0.95905973
v 38.00000000 -10.96964112 -1.91066387
v 38.00000000 -10.75899519 -2.84771988
v 38.00000000 -10.46710973 -3.76327319
v 38.00000000 -10.09606776 -4.65048134
v 38.00000000 -9.64841070 -5.50260395
v 38.00000000 -9.12721474 -6.31303435
v 38.00000000 -8.53617459 -7.07538247
v 38.00000000 -7.87965758 -7.78359888
v 38.00000000 -7.16270095 -8.43211248
v 38.00000000 -6.39094456 -9.01594742
v 38.00000000 -5.57051251 -9.53078962
v 38.00000000 -4.70787371 -9.97298942
v 38.00000000 -3.80971638 -10.33950813
v 38.00000000 -2.88286407 -10.62783529
v 38.00000000 -1.93424370 -10.83591330
v 38.00000000 -0.97089565 -10.96210286
v 38.00000000 -0.00000000 -11.00520791
v 38.00000000 0.97111298 -10.96455668
v 38.00000000 1.93499369 -10.84011485
v 38.00000000 2.88415485 -10.63259380
v 38.00000000 3.81119357 -10.34351720
v 38.00000000 4.70892755 -9.97522183
v 38.00000000 5.57051251 -9.53078962
v 38.00000000 6.38951430 -9.01392969
v 38.00000000 7.15992474 -8.42884425
v 38.00000000 7.87613111 -7.78011540
v 38.00000000 8.53286603 -7.07264010
v 38.00000000 9.12517211 -6.31162152
v 38.00000000 9.64841070 -5.50260395
v 38.00000000 10.09832772 -4.65152233
v 38.00000000 10.47116828 -3.76473238
v 38.00000000 10.76381243 -2.84899492
v 38.00000000 10.97389453 -1.91140472
v 38.00000000 11.09987211 -0.95927441
v 38.00000000 11.14102503 -0.00000000
v 38.00000000 11.09738802 0.95905973
v 38.00000000 10.96964112 1.91066387
v 38.00000000 10.75899519 2.84771988
v 38.00000000 10.46710973 3.76327319
v 38.00000000 10.09606776 4.65048134
v 38.00000000 9.64841070 5.50260395
v 38.00000000 9.12721474 6.31303435
v 38.00000000 8.53617459 7.07538247
v 38.00000000 7.87965758 7.78359888
v 38.00000000 7.16270095 8.43211248
v 38.00000000 6.39094456 9.01594742
v 38.00000000 5.57051251 9.53078962
v 38.00000000 4.70787371 9.97298942
v 38.00000000 3.80971638 10.33950813
v 38.00000000 2.88286407 10.62783529
v 38.00000000 1.93424370 10.83591330
v 38.00000000 0.97089565 10.96210286
v 40.00000000 0.00000000 11.00509362
v 40.00000000 -0.97101223 10.96444737
v 40.00000000 -1.93479353 10.84001008
v 40.00000000 -2.88385683 10.63249222
v 40.00000000 -3.81079935 10.34341723
v 40.00000000 -4.70843903 9.97512238
v 40.00000000 -5.56993230 9.53069065
v 40.00000000 -6.38884612 9.01383234
v 40.00000000 -7.15917382 8.42875065
v 40.00000000 -7.87530420 7.78002814
v 40.00000000 -8.53197112 7.07256156
v 40.00000000 -9.12421786 6.31155335
v 40.00000000 -9.64740573 5.50254681
v 40.00000000 -10.09728009 4.65147596
v 40.00000000 -10.47008516 3.76469599
v 40.00000000 -10.76270023 2.84896770
v 40.00000000 -10.97275940 1.91138625
v 40.00000000 -11.09872058 0.95926485
v 40.00000000 -11.13986460 0.00000000
v 40.00000000 -11.09622752 -0.95904937
v 40.00000000 -10.96849064 -1.91064266
v 40.00000000 -10.75786560 -2.84768794
v 40.00000000 -10.46601196 -3.76323140
v 40.00000000 -10.09501197 -4.65043111
v 40.00000000 -9.64740573 -5.50254681
v 40.00000000 -9.12626786 -6.31297141
v 40.00000000 -8.53529162 -7.07531408
v 40.00000000 -7.87884339 -7.78352451
v 40.00000000 -7.16196005 -8.43203098
v 40.00000000 -6.39028155 -9.01585754
v 40.00000000 -5.56993230 -9.53069065
v 40.00000000 -4.70738139 -9.97288171
v 40.00000000 -3.80931682 -10.33939331
v 40.00000000 -2.88256140 -10.62771608
v 40.00000000 -1.93404084 -10.83579296
v 40.00000000 -0.97079412 -10.96198447
v 40.00000000 -0.00000000 -11.00509362
v 40.00000000 0.97101223 -10.96444737
v 40.00000000 1.93479353 -10.84001008
v 40.00000000 2.88385683 -10.63249222
v 40.00000000 3.81079935 -10.34341723
v 40.00000000 4.70843903 -9.97512238
v 40.00000000 5.56993230 -9.53069065
v 40.00000000 6.38884612 -9.01383234
v 40.00000000 7.15917382 -8.42875065
v 40.00000000 7.87530420 -7.78002814
v 40.00000000 8.53197112 -7.07256156
v 40.00000000 9.12421786 -6.31155335
v 40.00000000 9.64740573 -5.50254681
v 40.00000000 10.09728009 -4.65147596
v 40.00000000 10.47008516 -3.76469599
v 40.00000000 10.76270023 -2.84896770
v 40.00000000 10.97275940 -1.91138625
v 40.00000000 11.09872058 -0.95926485
v 40.00000000 11.13986460 -0.00000000
v 40.00000000 11.09622752 0.95904937
v 40.00000000 10.96849064 1.91064266
v 40.00000000 10.75786560 2.84768794
v 40.00000000 10.46601196 3.76323140
v 40.00000000 10.09501197 4.65043111
v 40.00000000 9.64740573 5.50254681
v 40.00000000 9.12626786 6.31297141
v 40.00000000 8.53529162 7.07531408
v 40.00000000 7.87884339 7.78352451
v 40.00000000 7.16196005 8.43203098
v 40.00000000 6.39028155 9.01585754
v 40.00000000 5.56993230 9.53069065
v 40.00000000 4.70738139 9.97288171
v 40.00000000 3.80931682 10.33939331
v 40.00000000 2.88256140 10.62771608
v 40.00000000 1.93404084 10.83579296
v 40.00000000 0.97079412 10.96198447
v 42.00000000 0.00000000 11.00424729
v 42.00000000 -0.97045781 10.96363790
v 42.00000000 -1.93369317 10.83923421
v 42.00000000 -2.88221910 10.63173996
v 42.00000000 -3.80863206 10.34267690
v 42.00000000 -4.70575064 9.97438595
v 42.00000000 -5.56673489 9.52995770
v 42.00000000 -6.38515896 9.01311140
v 42.00000000 -7.15502596 8.42805751
v 42.00000000 -7.87073494 7.77938193
v 42.00000000 -8.52702789 7.07197995
v 42.00000000 -9.11895204 6.31104854
v 42.00000000 -9.64186765 5.50212364
v 42.00000000 -10.09151481 4.65113256
v 42.00000000 -10.46413059 3.76442653
v 42.00000000 -10.75658811 2.84876614
v 42.00000000 -10.96651895 1.91124944
v 42.00000000 -11.09238351 0.95919403
v 42.00000000 -11.13346977 0.00000000
v 42.00000000 -11.08982361 -0.95897266
v 42.00000000 -10.96213575 -1.91048554
v 42.00000000 -10.75162387 -2.84745141
v 42.00000000 -10.45994819 -3.76292194
v 42.00000000 -10.08918589 -4.65005917
v 42.00000000 -9.64186765 -5.50212364
v 42.00000000 -9.12105700 -6.31250534
v 42.00000000 -8.53043741 -7.07480767
v 42.00000000 -7.87436901 -7.78297383
v 42.00000000 -7.15788689 -8.43142746
v 42.00000000 -6.38663287 -9.01519193
v 42.00000000 -5.56673489 -9.52995770
v 42.00000000 -4.70466465 -9.97208406
v 42.00000000 -3.80710979 -10.33854305
v 42.00000000 -2.88088893 -10.62683335
v 42.00000000 -1.93292030 -10.83490189
v 42.00000000 -0.97023385 -10.96110771
v 42.00000000 -0.00000000 -11.00424729
v 42.00000000 0.97045781 -10.96363790
v 42.00000000 1.93369317 -10.83923421
v 42.00000000 2.88221910 -10.63173996
v 42.00000000 3.80863206 -10.34267690
v 42.00000000 4.70575064 -9.97438595
v 42.00000000 5.56673489 -9.52995770
v 42.00000000 6.38515896 -9.01311140
v 42.00000000 7.15502596 -8.42805751
v 42.00000000 7.87073494 -7.77938193
v 42.00000000 8.52702789 -7.07197995
v 42.00000000 9.11895204 -6.31104854
v 42.00000000 9.64186765 -5.50212364
v 42.00000000 10.09151481 -4.65113256
v 42.00000000 10.46413059 -3.76442653
v 42.00000000 10.75658811 -2.84876614
v 42.00000000 10.96651895 -1.91124944
v 42.00000000 11.09238351 -0.95919403
v 42.00000000 11.13346977 -0.00000000
v 42.00000000 11.08982361 0.95897266
v 42.00000000 10.96213575 1.91048554
v 42.00000000 10.75162387 2.84745141
v 42.00000000 10.45994819 3.76292194
v 42.00000000 10.08918589 4.65005917
v 42.00000000 9.64186765 5.50212364
v 42.00000000 9.12105700 6.31250534
v 42.00000000 8.53043741 7.07480767
v 42.00000000 7.87436901 7.78297383
v 42.00000000 7.15788689 8.43142746
v 42.00000000 6.38663287 9.01519193
v 42.00000000 5.56673489 9.52995770
v 42.00000000 4.70466465 9.97208406
v 42.00000000 3.80710979 10.33854305
v 42.00000000 2.88088893 10.62683335
v 42.00000000 1.93292030 10.83490189
v 42.00000000 0.97023385 10.96110771
v 44.00000000 0.00000000 11.00144123
v 44.00000000 -0.97052020 10.96095403
v 44.00000000 -1.93383192 10.83666171
v 44.00000000 -2.88243378 10.62924576
v 44.00000000 -3.80890534 10.34022225
v 44.00000000 -4.70605315 9.97194425
v 44.00000000 -5.56703595 9.52752759
v 44.00000000 -6.38543912 9.01072112
v 44.00000000 -7.15528643 8.42575943
v 44.00000000 -7.87099994 7.77723945
v 44.00000000 -8.52733831 7.07005163
v 44.00000000 -9.11935216 6.30937485
v 44.00000000 -9.64238911 5.50072062
v 44.00000000 -10.09216355 4.64999397
v 44.00000000 -10.46488143 3.76353312
v 44.00000000 -10.75738933 2.84809782
v 44.00000000 -10.96730583 1.91079584
v 44.00000000 -11.09309659 0.95895922
v 44.00000000 -11.13407190 0.00000000
v 44.00000000 -11.09031020 -0.95871834
v 44.00000000 -10.96253482 -1.90996460
v 44.00000000 -10.75198587 -2.84666721
v 44.00000000 -10.46032898 -3.76189590
v 44.00000000 -10.08962857 -4.64882597
v 44.00000000 -9.64238911 -5.50072062
v 44.00000000 -9.12164336 -6.31096006
v 44.00000000 -8.53104950 -7.07312859
v 44.00000000 -7.87495555 -7.78114794
v 44.00000000 -7.15840049 -8.42942641
v 44.00000000 -6.38704344 -9.01298503
v 44.00000000 -5.56703595 -9.52752759
v 44.00000000 -4.70487107 -9.96943947
v 44.00000000 -3.80724839 -10.33572404
v 44.00000000 -2.88098593 -10.62390666
v 44.00000000 -1.93299067 -10.83194753
v 44.00000000 -0.97027642 -10.95820083
v 44.00000000 -0.00000000 -11.00144123
v 44.00000000 0.97052020 -10.96095403
v 44.00000000 1.93383192 -10.83666171
v 44.00000000 2.88243378 -10.62924576
v 44.00000000 3.80890534 -10.34022225
v 44.00000000 4.70605315 -9.97194425
v 44.00000000 5.56703595 -9.52752759
v 44.00000000 6.38543912 -9.01072112
v 44.00000000 7.15528643 -8.42575943
v 44.00000000 7.87099994 -7.77723945
v 44.00000000 8.52733831 -7.07005163
v 44.00000000 9.11935216 -6.30937485
v 44.00000000 9.64238911 -5.50072062
v 44.00000000 10.09216355 -4.64999397
v 44.00000000 10.46488143 -3.76353312
v 44.00000000 10.75738933 -2.84809782
v 44.00000000 10.96730583 -1.91079584
v 44.00000000 11.09309659 -0.95895922
v 44.00000000 11.13407190 -0.00000000
v 44.00000000 11.09031020 0.95871834
v 44.00000000 10.96253482 1.90996460
v 44.00000000 10.75198587 2.84666721
v 44.00000000 10.46032898 3.76189590
v 44.00000000 10.08962857 4.64882597
v 44.00000000 9.64238911 5.50072062
v 44.00000000 9.12164336 6.31096006
v 44.00000000 8.53104950 7.07312859
v 44.00000000 7.87495555 7.78114794
v 44.00000000 7.15840049 8.42942641
v 44.00000000 6.38704344 9.01298503
v 44.00000000 5.56703595 9.52752759
v 44.00000000 4.70487107 9.96943947
v 44.00000000 3.80724839 10.33572404
v 44.00000000 2.88098593 10.62390666
v 44.00000000 1.93299067 10.83194753
v 44.00000000 0.97027642 10.95820083
v 46.00000000 0.00000000 10.99852797
v 46.00000000 -0.97106564 10.95816756
v 46.00000000 -1.93493376 10.83399083
v 46.00000000 -2.88408428 10.62665615
v 46.00000000 -3.81107553 10.33767373
v 46.00000000 -4.70869800 9.96940921
v 46.00000000 -5.57010568 9.52500463
v 46.00000000 -6.38889244 9.00823958
v 46.00000000 -7.15910056 8.42337364
v 46.00000000 -7.87517321 7.77501521
v 46.00000000 -8.53188381 7.06804971
v 46.00000000 -9.12428401 6.30763726
v 46.00000000 -9.64770605 5.49926399
v 46.00000000 -10.09783546 4.64881186
v 46.00000000 -10.47084397 3.76260553
v 46.00000000 -10.76354908 2.84740393
v 46.00000000 -10.97355465 1.91032489
v 46.00000000 -11.09933103 0.95871543
v 46.00000000 -11.14021137 0.00000000
v 46.00000000 -11.09630797 -0.95845431
v 46.00000000 -10.96837840 -1.90942379
v 46.00000000 -10.75768666 -2.84585308
v 46.00000000 -10.46590485 -3.76083070
v 46.00000000 -10.09508516 -4.64754569
v 46.00000000 -9.64770605 -5.49926399
v 46.00000000 -9.12676982 -6.30935570
v 46.00000000 -8.53591022 -7.07138530
v 46.00000000 -7.87946480 -7.77925222
v 46.00000000 -7.16247911 -8.42734884
v 46.00000000 -6.39063303 -9.01069377
v 46.00000000 -5.57010568 -9.52500463
v 46.00000000 -4.70741552 -9.96669389
v 46.00000000 -3.80927784 -10.33279743
v 46.00000000 -2.88251345 -10.62086829
v 46.00000000 -1.93402105 -10.82888041
v 46.00000000 -0.97080115 -10.95518295
v 46.00000000 -0.00000000 -10.99852797
v 46.00000000 0.97106564 -10.95816756
v 46.00000000 1.93493376 -10.83399083
v 46.00000000 2.88408428 -10.62665615
v 46.00000000 3.81107553 -10.33767373
v 46.00000000 4.70869800 -9.96940921
v 46.00000000 5.57010568 -9.52500463
v 46.00000000 6.38889244 -9.00823958
v 46.00000000 7.15910056 -8.42337364
v 46.00000000 7.87517321 -7.77501521
v 46.00000000 8.53188381 -7.06804971
v 46.00000000 9.12428401 -6.30763726
v 46.00000000 9.64770605 -5.49926399
v 46.00000000 10.09783546 -4.64881186
v 46.00000000 10.47084397 -3.76260553
v 46.00000000 10.76354908 -2.84740393
v 46.00000000 10.97355465 -1.91032489
v 46.00000000 11.09933103 -0.95871543
v 46.00000000 11.14021137 -0.00000000
v 46.00000000 11.09630797 0.95845431
v 46.00000000 10.96837840 1.90942379
v 46.00000000 10.75768666 2.84585308
v 46.00000000 10.46590485 3.76083070
v 46.00000000 10.09508516 4.64754569
v 46.00000000 9.64770605 5.49926399
v 46.00000000 9.12676982 6.30935570
v 46.00000000 8.53591022 7.07138530
v 46.00000000 7.87946480 7.77925222
v 46.00000000 7.16247911 8.42734884
v 46.00000000 6.39063303 9.01069377
v 46.00000000 5.57010568 9.52500463
v 46.00000000 4.70741552 9.96669389
v 46.00000000 3.80927784 10.33279743
v 46.00000000 2.88251345 10.62086829
v 46.00000000 1.93402105 10.82888041
v 46.00000000 0.97080115 10.95518295
v 48.00000000 0.00000000 10.99515765
v 48.00000000 -0.97134873 10.95494384
v 48.00000000 -1.93551521 10.83090077
v 48.00000000 -2.88496042 10.62366010
v 48.00000000 -3.81222076 10.33472523
v 48.00000000 -4.71007072 9.96647636
v 48.00000000 -5.57166125 9.52208584
v 48.00000000 -6.39059834 9.00536876
v 48.00000000 -7.16094784 8.42061363
v 48.00000000 -7.87717937 7.77244211
v 48.00000000 -8.53408531 7.06573379
v 48.00000000 -9.12672029 6.30562709
v 48.00000000 -9.65040037 5.49757882
v 48.00000000 -10.10077926 4.64744425
v 48.00000000 -10.47399046 3.76153236
v 48.00000000 -10.76681886 2.84660114
v 48.00000000 -10.97685219 1.90978003
v 48.00000000 -11.10256680 0.95843340
v 48.00000000 -11.14332250 0.00000000
v 48.00000000 -11.09927079 -0.95814887
v 48.00000000 -10.97120860 -1.90879814
v 48.00000000 -10.76042714 -2.84491126
v 48.00000000 -10.46860540 -3.75959842
v 48.00000000 -10.09778065 -4.64606457
v 48.00000000 -9.65040037 -5.49757882
v 48.00000000 -9.12943053 -6.30749959
v 48.00000000 -8.53847525 -7.06936841
v 48.00000000 -7.88185844 -7.77705896
v 48.00000000 -7.16463143 -8.42494520
v 48.00000000 -6.39249608 -9.00804297
v 48.00000000 -5.57166125 -9.52208584
v 48.00000000 -4.70867245 -9.96351762
v 48.00000000 -3.81026076 -10.32941177
v 48.00000000 -2.88324776 -10.61735337
v 48.00000000 -1.93452009 -10.82533221
v 48.00000000 -0.97106037 -10.95169166
v 48.00000000 -0.00000000 -10.99515765
v 48.00000000 0.97134873 -10.95494384
v 48.00000000 1.93551521 -10.83090077
v 48.00000000 2.88496042 -10.62366010
v 48.00000000 3.81222076 -10.33472523
v 48.00000000 4.71007072 -9.96647636
v 48.00000000 5.57166125 -9.52208584
v 48.00000000 6.39059834 -9.00536876
v 48.00000000 7.16094784 -8.42061363
v 48.00000000 7.87717937 -7.77244211
v 48.00000000 8.53408531 -7.06573379
v 48.00000000 9.12672029 -6.30562709
v 48.00000000 9.65040037 -5.49757882
v 48.00000000 10.10077926 -4.64744425
v 48.00000000 10.47399046 -3.76153236
v 48.00000000 10.76681886 -2.84660114
v 48.00000000 10.97685219 -1.90978003
v 48.00000000 11.10256680 -0.95843340
v 48.00000000 11.14332250 -0.00000000
v 48.00000000 11.09927079 0.95814887
v 48.00000000 10.97120860 1.90879814
v 48.00000000 10.76042714 2.84491126
v 48.00000000 10.46860540 3.75959842
v 48.00000000 10.09778065 4.64606457
v 48.00000000 9.65040037 5.49757882
v 48.00000000 9.12943053 6.30749959
v 48.00000000 8.53847525 7.06936841
v 48.00000000 7.88185844 7.77705896
v 48.00000000 7.16463143 8.42494520
v 48.00000000 6.39249608 9.00804297
v 48.00000000 5.57166125 9.52208584
v 48.00000000 4.70867245 9.96351762
v 48.00000000 3.81026076 10.32941177
v 48.00000000 2.88324776 10.61735337
v 48.00000000 1.93452009 10.82533221
v 48.00000000 0.97106037 10.95169166
v 50.00000000 0.00000000 10.99575572
v 50.00000000 -0.97100521 10.95551590
v 50.00000000 -1.93482762 10.83144912
v 50.00000000 -2.88393386 10.62419177
v 50.00000000 -3.81086648 10.33524846
v 50.00000000 -4.70840498 9.96699681
v 50.00000000 -5.56970291 9.52260378
v 50.00000000 -6.38836606 9.00587818
v 50.00000000 -7.15845786 8.42110339
v 50.00000000 -7.87444494 7.77289870
v 50.00000000 -8.53111787 7.06614475
v 50.00000000 -9.12353225 6.30598379
v 50.00000000 -9.64700842 5.49787786
v 50.00000000 -10.09720706 4.64768694
v 50.00000000 -10.47026960 3.76172280
v 50.00000000 -10.76298771 2.84674360
v 50.00000000 -10.97295270 1.90987672
v 50.00000000 -11.09864031 0.95848344
v 50.00000000 -11.13940582 0.00000000
v 50.00000000 -11.09539373 -0.95820307
v 50.00000000 -10.96739373 -1.90890916
v 50.00000000 -10.75669184 -2.84507838
v 50.00000000 -10.46496530 -3.75981709
v 50.00000000 -10.09425342 -4.64632739
v 50.00000000 -9.64700842 -5.49787786
v 50.00000000 -9.12620185 -6.30782896
v 50.00000000 -8.53544198 -7.06972632
v 50.00000000 -7.87905384 -7.77744816
v 50.00000000 -7.16208622 -8.42537174
v 50.00000000 -6.39023533 -9.00851336
v 50.00000000 -5.56970291 -9.52260378
v 50.00000000 -4.70702767 -9.96408125
v 50.00000000 -3.80893587 -10.33001255
v 50.00000000 -2.88224689 -10.61797708
v 50.00000000 -1.93384742 -10.82596184
v 50.00000000 -0.97072117 -10.95231119
v 50.00000000 -0.00000000 -10.99575572
v 50.00000000 0.97100521 -10.95551590
v 50.00000000 1.93482762 -10.83144912
v 50.00000000 2.88393386 -10.62419177
v 50.00000000 3.81086648 -10.33524846
v 50.00000000 4.70840498 -9.96699681
v 50.00000000 5.56970291 -9.52260378
v 50.00000000 6.38836606 -9.00587818
v 50.00000000 7.15845786 -8.42110339
v 50.00000000 7.87444494 -7.77289870
v 50.00000000 8.53111787 -7.06614475
v 50.00000000 9.12353225 -6.30598379
v 50.00000000 9.64700842 -5.49787786
v 50.00000000 10.09720706 -4.64768694
v 50.00000000 10.47026960 -3.76172280
v 50.00000000 10.76298771 -2.84674360
v 50.00000000 10.97295270 -1.90987672
v 50.00000000 11.09864031 -0.95848344
v 50.00000000 11.13940582 -0.00000000
v 50.00000000 11.09539373 0.95820307
v 50.00000000 10.96739373 1.90890916
v 50.00000000 10.75669184 2.84507838
v 50.00000000 10.46496530 3.75981709
v 50.00000000 10.09425342 4.64632739
v 50.00000000 9.64700842 5.49787786
v 50.00000000 9.12620185 6.30782896
v 50.00000000 8.53544198 7.06972632
v 50.00000000 7.87905384 7.77744816
v 50.00000000 7.16208622 8.42537174
v 50.00000000 6.39023533 9.00851336
v 50.00000000 5.56970291 9.52260378
v 50.00000000 4.70702767 9.96408125
v 50.00000000 3.80893587 10.33001255
v 50.00000000 2.88224689 10.61797708
v 50.00000000 1.93384742 10.82596184
v 50.00000000 0.97072117 10.95231119
v 52.00000000 0.00000000 10.99701570
v 52.00000000 -0.97098225 10.95672109
v 52.00000000 -1.93477539 10.83260434
v 52.00000000 -2.88385247 10.62531184
v 52.00000000 -3.81076360 10.33635075
v 52.00000000 -4.70829365 9.96809325
v 52.00000000 -5.56959674 9.52369497
v 52.00000000 -6.38827355 9.00695143
v 52.00000000 -7.15837822 8.42213521
v 52.00000000 -7.87436701 7.77386064
v 52.00000000 -8.53102297 7.06701054
v 52.00000000 -9.12340014 6.30673529
v 52.00000000 -9.64682453 5.49850785
v 52.00000000 -10.09696832 4.64819822
v 52.00000000 -10.46998694 3.76212400
v 52.00000000 -10.76268394 2.84704373
v 52.00000000 -10.97265647 1.91008042
v 52.00000000 -11.09837790 0.95858888
v 52.00000000 -11.13919347 0.00000000
v 52.00000000 -11.09523306 -0.95831726
v 52.00000000 -10.96727172 -1.90914306
v 52.00000000 -10.75658538 -2.84543048
v 52.00000000 -10.46484887 -3.76027777
v 52.00000000 -10.09410725 -4.64688110
v 52.00000000 -9.64682453 -5.49850785
v 52.00000000 -9.12598607 -6.30852287
v 52.00000000 -8.53521156 -7.07048033
v 52.00000000 -7.87883147 -7.77826811
v 52.00000000 -7.16189287 -8.42627034
v 52.00000000 -6.39008424 -9.00950436
v 52.00000000 -5.56959674 -9.52369497
v 52.00000000 -4.70695951 -9.96526869
v 52.00000000 -3.80889350 -10.33127826
v 52.00000000 -2.88221837 -10.61929112
v 52.00000000 -1.93382591 -10.82728831
v 52.00000000 -0.97070711 -10.95361639
v 52.00000000 -0.00000000 -10.99701570
v 52.00000000 0.97098225 -10.95672109
v 52.00000000 1.93477539 -10.83260434
v 52.00000000 2.88385247 -10.62531184
v 52.00000000 3.81076360 -10.33635075
v 52.00000000 4.70829365 -9.96809325
v 52.00000000 5.56959674 -9.52369497
v 52.00000000 6.38827355 -9.00695143
v 52.00000000 7.15837822 -8.42213521
v 52.00000000 7.87436701 -7.77386064
v 52.00000000 8.53102297 -7.06701054
v 52.00000000 9.12340014 -6.30673529
v 52.00000000 9.64682453 -5.49850785
v 52.00000000 10.09696832 -4.64819822
v 52.00000000 10.46998694 -3.76212400
v 52.00000000 10.76268394 -2.84704373
v 52.00000000 10.97265647 -1.91008042
v 52.00000000 11.09837790 -0.95858888
v 52.00000000 11.13919347 -0.00000000
v 52.00000000 11.09523306 0.95831726
v 52.00000000 10.96727172 1.90914306
v 52.00000000 10.75658538 2.84543048
v 52.00000000 10.46484887 3.76027777
v 52.00000000 10.09410725 4.64688110
v 52.00000000 9.64682453 5.49850785
v 52.00000000 9.12598607 6.30852287
v 52.00000000 8.53521156 7.07048033
v 52.00000000 7.87883147 7.77826811
v 52.00000000 7.16189287 8.42627034
v 52.00000000 6.39008424 9.00950436
v 52.00000000 5.56959674 9.52369497
v 52.00000000 4.70695951 9.96526869
v 52.00000000 3.80889350 10.33127826
v 52.00000000 2.88221837 10.61929112
v 52.00000000 1.93382591 10.82728831
v 52.00000000 0.97070711 10.95361639
v 54.00000000 0.00000000 10.99513003
v 54.00000000 -0.97090840 10.95491743
v 54.00000000 -1.93463794 10.83087545
v 54.00000000 -2.88365290 10.62363555
v 54.00000000 -3.81049288 10.33470107
v 54.00000000 -4.70793555 9.96645233
v 54.00000000 -5.56913494 9.52206192
v 54.00000000 -6.38770007 9.00534523
v 54.00000000 -7.15769967 8.42059101
v 54.00000000 -7.87360612 7.77242102
v 54.00000000 -8.53021429 7.06571481
v 54.00000000 -9.12258112 6.30561062
v 54.00000000 -9.64602468 5.49756501
v 54.00000000 -10.09620037 4.64743305
v 54.00000000 -10.46924315 3.76152357
v 54.00000000 -10.76193912 2.84659457
v 54.00000000 -10.97187697 1.90977557
v 54.00000000 -11.09753378 0.95843108
v 54.00000000 -11.13826989 0.00000000
v 54.00000000 -11.09423704 -0.95814636
v 54.00000000 -10.96623211 -1.90879302
v 54.00000000 -10.75554597 -2.84490354
v 54.00000000 -10.46385689 -3.75958833
v 54.00000000 -10.09320110 -4.64605243
v 54.00000000 -9.64602468 -5.49756501
v 54.00000000 -9.12529197 -6.30748438
v 54.00000000 -8.53460521 -7.06935188
v 54.00000000 -7.87828622 -7.77704098
v 54.00000000 -7.16138409 -8.42492550
v 54.00000000 -6.38959823 -9.00802125
v 54.00000000 -5.56913494 -9.52206192
v 54.00000000 -4.70653697 -9.96349160
v 54.00000000 -3.80853244 -10.32938403
v 54.00000000 -2.88193986 -10.61732456
v 54.00000000 -1.93364260 -10.82530314
v 54.00000000 -0.97061997 -10.95166305
v 54.00000000 -0.00000000 -10.99513003
v 54.00000000 0.97090840 -10.95491743
v 54.00000000 1.93463794 -10.83087545
v 54.00000000 2.88365290 -10.62363555
v 54.00000000 3.81049288 -10.33470107
v 54.00000000 4.70793555 -9.96645233
v 54.00000000 5.56913494 -9.52206192
v 54.00000000 6.38770007 -9.00534523
v 54.00000000 7.15769967 -8.42059101
v 54.00000000 7.87360612 -7.77242102
v 54.00000000 8.53021429 -7.06571481
v 54.00000000 9.12258112 -6.30561062
v 54.00000000 9.64602468 -5.49756501
v 54.00000000 10.09620037 -4.64743305
v 54.00000000 10.46924315 -3.76152357
v 54.00000000 10.76193912 -2.84659457
v 54.00000000 10.97187697 -1.90977557
v 54.00000000 11.09753378 -0.95843108
v 54.00000000 11.13826989 -0.00000000
v 54.00000000 11.09423704 0.95814636
v 54.00000000 10.96623211 1.90879302
v 54.00000000 10.75554597 2.84490354
v 54.00000000 10.46385689 3.75958833
v 54.00000000 10.09320110 4.64605243
v 54.00000000 9.64602468 5.49756501
v 54.00000000 9.12529197 6.30748438
v 54.00000000 8.53460521 7.06935188
v 54.00000000 7.87828622 7.77704098
v 54.00000000 7.16138409 8.42492550
v 54.00000000 6.38959823 9.00802125
v 54.00000000 5.56913494 9.52206192
v 54.00000000 4.70653697 9.96349160
v 54.00000000 3.80853244 10.32938403
v 54.00000000 2.88193986 10.61732456
v 54.00000000 1.93364260 10.82530314
v 54.00000000 0.97061997 10.95166305
v 56.00000000 0.00000000 10.99089063
v 56.00000000 -0.97126576 10.95086232
v 56.00000000 -1.93537186 10.82698840
v 56.00000000 -2.88475874 10.61986671
v 56.00000000 -3.81193842 10.33099209
v 56.00000000 -4.70966842 9.96276312
v 56.00000000 -5.57109892 9.51839049
v 56.00000000 -6.38985420 9.00173424
v 56.00000000 -7.16003262 8.41711947
v 56.00000000 -7.87613986 7.76918459
v 56.00000000 -8.53299460 7.06280184
v 56.00000000 -9.12565753 6.30308217
v 56.00000000 -9.64942638 5.49544531
v 56.00000000 -10.09991651 4.64571274
v 56.00000000 -10.47321474 3.76017361
v 56.00000000 -10.76606619 2.84558471
v 56.00000000 -10.97603923 1.90909017
v 56.00000000 -11.10161848 0.95807631
v 56.00000000 -11.14219784 0.00000000
v 56.00000000 -11.09797835 -0.95776216
v 56.00000000 -10.96980640 -1.90800608
v 56.00000000 -10.75900713 -2.84371893
v 56.00000000 -10.46726744 -3.75803837
v 56.00000000 -10.09660483 -4.64418945
v 56.00000000 -9.64942638 -5.49544531
v 56.00000000 -9.12865075 -6.30514958
v 56.00000000 -8.53784288 -7.06681479
v 56.00000000 -7.88130745 -7.77428200
v 56.00000000 -7.16410081 -8.42190191
v 56.00000000 -6.39195007 -9.00468681
v 56.00000000 -5.57109892 -9.51839049
v 56.00000000 -4.70812415 -9.95949641
v 56.00000000 -3.80977378 -10.32512555
v 56.00000000 -2.88286727 -10.61290351
v 56.00000000 -1.93427284 -10.82084021
v 56.00000000 -0.97094729 -10.94727162
v 56.00000000 -0.00000000 -10.99089063
v 56.00000000 0.97126576 -10.95086232
v 56.00000000 1.93537186 -10.82698840
v 56.00000000 2.88475874 -10.61986671
v 56.00000000 3.81193842 -10.33099209
v 56.00000000 4.70966842 -9.96276312
v 56.00000000 5.57109892 -9.51839049
v 56.00000000 6.38985420 -9.00173424
v 56.00000000 7.16003262 -8.41711947
v 56.00000000 7.87613986 -7.76918459
v 56.00000000 8.53299460 -7.06280184
v 56.00000000 9.12565753 -6.30308217
v 56.00000000 9.64942638 -5.49544531
v 56.00000000 10.09991651 -4.64571274
v 56.00000000 10.47321474 -3.76017361
v 56.00000000 10.76606619 -2.84558471
v 56.00000000 10.97603923 -1.90909017
v 56.00000000 11.10161848 -0.95807631
v 56.00000000 11.14219784 -0.00000000
v 56.00000000 11.09797835 0.95776216
v 56.00000000 10.96980640 1.90800608
v 56.00000000 10.75900713 2.84371893
v 56.00000000 10.46726744 3.75803837
v 56.00000000 10.09660483 4.64418945
v 56.00000000 9.64942638 5.49544531
v 56.00000000 9.12865075 6.30514958
v 56.00000000 8.53784288 7.06681479
v 56.00000000 7.88130745 7.77428200
v 56.00000000 7.16410081 8.42190191
v 56.00000000 6.39195007 9.00468681
v 56.00000000 5.57109892 9.51839049
v 56.00000000 4.70812415 9.95949641
v 56.00000000 3.80977378 10.32512555
v 56.00000000 2.88286727 10.61290351
v 56.00000000 1.93427284 10.82084021
v 56.00000000 0.97094729 10.94727162
v 58.00000000 0.00000000 10.99170676
v 58.00000000 -0.97135670 10.95164298
v 58.00000000 -1.93554886 10.82773672
v 58.00000000 -2.88502027 10.62059227
v 58.00000000 -3.81228704 10.33170612
v 58.00000000 -4.71010937 9.96347334
v 58.00000000 -5.57163706 9.51909728
v 58.00000000 -6.39049039 9.00242939
v 58.00000000 -7.16076106 8.41778777
v 58.00000000 -7.87694742 7.76980762
v 58.00000000 -8.53386272 7.06336261
v 58.00000000 -9.12656611 6.30356892
v 58.00000000 -9.65035847 5.49585338
v 58.00000000 -10.10086214 4.64604392
v 58.00000000 -10.47417257 3.76043350
v 58.00000000 -10.76704224 2.84577912
v 58.00000000 -10.97704305 1.90922212
v 58.00000000 -11.10265789 0.95814461
v 58.00000000 -11.14327412 0.00000000
v 58.00000000 -11.09908330 -0.95783613
v 58.00000000 -10.97092244 -1.90815757
v 58.00000000 -10.76011028 -2.84394697
v 58.00000000 -10.46833235 -3.75833674
v 58.00000000 -10.09761008 -4.64454809
v 58.00000000 -9.65035847 -5.49585338
v 58.00000000 -9.12950544 -6.30559906
v 58.00000000 -8.53862371 -7.06730322
v 58.00000000 -7.88202197 -7.77481315
v 58.00000000 -7.16475601 -8.42248400
v 58.00000000 -6.39254853 -9.00532873
v 58.00000000 -5.57163706 -9.51909728
v 58.00000000 -4.70859291 -9.96026551
v 58.00000000 -3.81016138 -10.32594534
v 58.00000000 -2.88316286 -10.61375459
v 58.00000000 -1.93446963 -10.82169935
v 58.00000000 -0.97104396 -10.94811701
v 58.00000000 -0.00000000 -10.99170676
v 58.00000000 0.97135670 -10.95164298
v 58.00000000 1.93554886 -10.82773672
v 58.00000000 2.88502027 -10.62059227
v 58.00000000 3.81228704 -10.33170612
v 58.00000000 4.71010937 -9.96347334
v 58.00000000 5.57163706 -9.51909728
v 58.00000000 6.39049039 -9.00242939
v 58.00000000 7.16076106 -8.41778777
v 58.00000000 7.87694742 -7.76980762
v 58.00000000 8.53386272 -7.06336261
v 58.00000000 9.12656611 -6.30356892
v 58.00000000 9.65035847 -5.49585338
v 58.00000000 10.10086214 -4.64604392
v 58.00000000 10.47417257 -3.76043350
v 58.00000000 10.76704224 -2.84577912
v 58.00000000 10.97704305 -1.90922212
v 58.00000000 11.10265789 -0.95814461
v 58.00000000 11.14327412 -0.00000000
v 58.00000000 11.09908330 0.95783613
v 58.00000000 10.97092244 1.90815757
v 58.00000000 10.76011028 2.84394697
v 58.00000000 10.46833235 3.75833674
v 58.00000000 10.09761008 4.64454809
v 58.00000000 9.65035847 5.49585338
v 58.00000000 9.12950544 6.30559906
v 58.00000000 8.53862371 7.06730322
v 58.00000000 7.88202197 7.77481315
v 58.00000000 7.16475601 8.42248400
v 58.00000000 6.39254853 9.00532873
v 58.00000000 5.57163706 9.51909728
v 58.00000000 4.70859291 9.96026551
v 58.00000000 3.81016138 10.32594534
v 58.00000000 2.88316286 10.61375459
v 58.00000000 1.93446963 10.82169935
v 58.00000000 0.97104396 10.94811701
v 60.00000000 0.00000000 10.99068641
v 60.00000000 -0.97162807 10.95066698
v 60.00000000 -1.93609485 10.82680115
v 60.00000000 -2.88583697 10.61968516
v 60.00000000 -3.81336245 10.33081341
v 60.00000000 -4.71142524 9.96258540
v 60.00000000 -5.57317295 9.51821364
v 60.00000000 -6.39222828 9.00156030
v 60.00000000 -7.16268897 8.41695225
v 60.00000000 -7.87906030 7.76902869
v 60.00000000 -8.53616031 7.06266152
v 60.00000000 -9.12904808 6.30296038
v 60.00000000 -9.65301870 5.49534321
v 60.00000000 -10.10368404 4.64562987
v 60.00000000 -10.47712721 3.76010858
v 60.00000000 -10.77009020 2.84553606
v 60.00000000 -10.98013955 1.90905716
v 60.00000000 -11.10575967 0.95805922
v 60.00000000 -11.14634589 0.00000000
v 60.00000000 -11.10210169 -0.95774366
v 60.00000000 -10.97387616 -1.90796818
v 60.00000000 -10.76299653 -2.84366186
v 60.00000000 -10.47115076 -3.75796370
v 60.00000000 -10.10035612 -4.64409970
v 60.00000000 -9.65301870 -5.49534321
v 60.00000000 -9.13205597 -6.30503711
v 60.00000000 -8.54103236 -7.06669257
v 60.00000000 -7.88425323 -7.77414909
v 60.00000000 -7.16677710 -8.42175626
v 60.00000000 -6.39433443 -9.00452618
v 60.00000000 -5.57317295 -9.51821364
v 60.00000000 -4.70987341 -9.95930396
v 60.00000000 -3.81118719 -10.32492042
v 60.00000000 -2.88393623 -10.61269055
v 60.00000000 -1.93499045 -10.82062523
v 60.00000000 -0.97130804 -10.94706008
v 60.00000000 -0.00000000 -10.99068641
v 60.00000000 0.97162807 -10.95066698
v 60.00000000 1.93609485 -10.82680115
v 60.00000000 2.88583697 -10.61968516
v 60.00000000 3.81336245 -10.33081341
v 60.00000000 4.71142524 -9.96258540
v 60.00000000 5.57317295 -9.51821364
v 60.00000000 6.39222828 -9.00156030
v 60.00000000 7.16268897 -8.41695225
v 60.00000000 7.87906030 -7.76902869
v 60.00000000 8.53616031 -7.06266152
v 60.00000000 9.12904808 -6.30296038
v 60.00000000 9.65301870 -5.49534321
v 60.00000000 10.10368404 -4.64562987
v 60.00000000 10.47712721 -3.76010858
v 60.00000000 10.77009020 -2.84553606
v 60.00000000 10.98013955 -1.90905716
v 60.00000000 11.10575967 -0.95805922
v 60.00000000 11.14634589 -0.00000000
v 60.00000000 11.10210169 0.95774366
v 60.00000000 10.97387616 1.90796818
v 60.00000000 10.76299653 2.84366186
v 60.00000000 10.47115076 3.75796370
v 60.00000000 10.10035612 4.64409970
v 60.00000000 9.65301870 5.49534321
v 60.00000000 9.13205597 6.30503711
v 60.00000000 8.54103236 7.06669257
v 60.00000000 7.88425323 7.77414909
v 60.00000000 7.16677710 8.42175626
v 60.00000000 6.39433443 9.00452618
v 60.00000000 5.57317295 9.51821364
v 60.00000000 4.70987341 9.95930396
v 60.00000000 3.81118719 10.32492042
v 60.00000000 2.88393623 10.61269055
v 60.00000000 1.93499045 10.82062523
v 60.00000000 0.97130804 10.94706008
v 62.00000000 0.00000000 10.98975324
v 62.00000000 -0.97129256 10.94977436
v 62.00000000 -1.93543112 10.82594550
v 62.00000000 -2.88485026 10.61885553
v 62.00000000 -3.81205514 10.32999697
v 62.00000000 -4.70979837 9.96177332
v 62.00000000 -5.57122960 9.51740549
v 62.00000000 -6.38997765 9.00076547
v 62.00000000 -7.16014927 8.41618812
v 62.00000000 -7.87625943 7.76831631
v 62.00000000 -8.53313361 7.06202035
v 62.00000000 -9.12583384 6.30240383
v 62.00000000 -9.64965273 5.49487662
v 62.00000000 -10.10019519 4.64525119
v 62.00000000 -10.47353542 3.75981142
v 62.00000000 -10.76640776 2.84531376
v 62.00000000 -10.97637531 1.90890628
v 62.00000000 -11.10192480 0.95798112
v 62.00000000 -11.14245920 0.00000000
v 62.00000000 -11.09819276 -0.95765909
v 62.00000000 -10.96998512 -1.90779496
v 62.00000000 -10.75917047 -2.84340112
v 62.00000000 -10.46743797 -3.75762254
v 62.00000000 -10.09679990 -4.64368963
v 62.00000000 -9.64965273 -5.49487662
v 62.00000000 -9.12890263 -6.30452317
v 62.00000000 -8.53810430 -7.06613409
v 62.00000000 -7.88155749 -7.77354176
v 62.00000000 -7.16432017 -8.42109068
v 62.00000000 -6.39212644 -9.00379220
v 62.00000000 -5.57122960 -9.51740549
v 62.00000000 -4.70821511 -9.95842456
v 62.00000000 -3.80983585 -10.32398308
v 62.00000000 -2.88291104 -10.61171743
v 62.00000000 -1.93430435 -10.81964289
v 62.00000000 -0.97096605 -10.94609346
v 62.00000000 -0.00000000 -10.98975324
v 62.00000000 0.97129256 -10.94977436
v 62.00000000 1.93543112 -10.82594550
v 62.00000000 2.88485026 -10.61885553
v 62.00000000 3.81205514 -10.32999697
v 62.00000000 4.70979837 -9.96177332
v 62.00000000 5.57122960 -9.51740549
v 62.00000000 6.38997765 -9.00076547
v 62.00000000 7.16014927 -8.41618812
v 62.00000000 7.87625943 -7.76831631
v 62.00000000 8.53313361 -7.06202035
v 62.00000000 9.12583384 -6.30240383
v 62.00000000 9.64965273 -5.49487662
v 62.00000000 10.10019519 -4.64525119
v 62.00000000 10.47353542 -3.75981142
v 62.00000000 10.76640776 -2.84531376
v 62.00000000 10.97637531 -1.90890628
v 62.00000000 11.10192480 -0.95798112
v 62.00000000 11.14245920 -0.00000000
v 62.00000000 11.09819276 0.95765909
v 62.00000000 10.96998512 1.90779496
v 62.00000000 10.75917047 2.84340112
v 62.00000000 10.46743797 3.75762254
v 62.00000000 10.09679990 4.64368963
v 62.00000000 9.64965273 5.49487662
v 62.00000000 9.12890263 6.30452317
v 62.00000000 8.53810430 7.06613409
v 62.00000000 7.88155749 7.77354176
v 62.00000000 7.16432017 8.42109068
v 62.00000000 6.39212644 9.00379220
v 62.00000000 5.57122960 9.51740549
v 62.00000000 4.70821511 9.95842456
v 62.00000000 3.80983585 10.32398308
v 62.00000000 2.88291104 10.61171743
v 62.00000000 1.93430435 10.81964289
v 62.00000000 0.97096605 10.94609346
v 64.00000000 0.00000000 10.98757008
v 64.00000000 -0.97153983 10.94768604
v 64.00000000 -1.93593507 10.82394367
v 64.00000000 -2.88560756 10.61691456
v 64.00000000 -3.81304772 10.32808684
v 64.00000000 -4.71099734 9.95987343
v 64.00000000 -5.57260364 9.51551482
v 64.00000000 -6.39150286 8.99890598
v 64.00000000 -7.16181667 8.41440047
v 64.00000000 -7.87807683 7.76664975
v 64.00000000 -8.53512075 7.06052033
v 64.00000000 -9.12801208 6.30110180
v 64.00000000 -9.65203263 5.49378504
v 64.00000000 -10.10276640 4.64436525
v 64.00000000 -10.47626252 3.75911619
v 64.00000000 -10.76923401 2.84479368
v 64.00000000 -10.97923334 1.90855331
v 64.00000000 -11.10475102 0.95779842
v 64.00000000 -11.14520728 0.00000000
v 64.00000000 -11.10084178 -0.95746124
v 64.00000000 -10.97253973 -1.90738974
v 64.00000000 -10.76165308 -2.84279111
v 64.00000000 -10.46987555 -3.75682440
v 64.00000000 -10.09920989 -4.64273028
v 64.00000000 -9.65203263 -5.49378504
v 64.00000000 -9.13122657 -6.30332078
v 64.00000000 -8.54032745 -7.06482748
v 64.00000000 -7.88362645 -7.77212088
v 64.00000000 -7.16618562 -8.41953354
v 64.00000000 -6.39375368 -9.00207501
v 64.00000000 -5.57260364 -9.51551482
v 64.00000000 -4.70933891 -9.95636722
v 64.00000000 -3.81072306 -10.32179021
v 64.00000000 -2.88357625 -10.60944086
v 64.00000000 -1.93475480 -10.81734473
v 64.00000000 -0.97119781 -10.94383208
v 64.00000000 -0.00000000 -10.98757008
v 64.00000000 0.97153983 -10.94768604
v 64.00000000 1.93593507 -10.82394367
v 64.00000000 2.88560756 -10.61691456
v 64.00000000 3.81304772 -10.32808684
v 64.00000000 4.71099734 -9.95987343
v 64.00000000 5.57260364 -9.51551482
v 64.00000000 6.39150286 -8.99890598
v 64.00000000 7.16181667 -8.41440047
v 64.00000000 7.87807683 -7.76664975
v 64.00000000 8.53512075 -7.06052033
v 64.00000000 9.12801208 -6.30110180
v 64.00000000 9.65203263 -5.49378504
v 64.00000000 10.10276640 -4.64436525
v 64.00000000 10.47626252 -3.75911619
v 64.00000000 10.76923401 -2.84479368
v 64.00000000 10.97923334 -1.90855331
v 64.00000000 11.10475102 -0.95779842
v 64.00000000 11.14520728 -0.00000000
v 64.00000000 11.10084178 0.95746124
v 64.00000000 10.97253973 1.90738974
v 64.00000000 10.76165308 2.84279111
v 64.00000000 10.46987555 3.75682440
v 64.00000000 10.09920989 4.64273028
v 64.00000000 9.65203263 5.49378504
v 64.00000000 9.13122657 6.30332078
v 64.00000000 8.54032745 7.06482748
v 64.00000000 7.88362645 7.77212088
v 64.00000000 7.16618562 8.41953354
v 64.00000000 6.39375368 9.00207501
v 64.00000000 5.57260364 9.51551482
v 64.00000000 4.70933891 9.95636722
v 64.00000000 3.81072306 10.32179021
v 64.00000000 2.88357625 10.60944086
v 64.00000000 1.93475480 10.81734473
v 64.00000000 0.97119781 10.94383208
v 66.00000000 0.00000000 10.98451071
v 66.00000000 -0.97239604 10.94475951
v 66.00000000 -1.93765696 10.82113830
v 66.00000000 -2.88818273 10.61419447
v 66.00000000 -3.81643920 10.32540999
v 66.00000000 -4.71514911 9.95721096
v 66.00000000 -5.57745269 9.51286532
v 66.00000000 -6.39699331 8.99630023
v 66.00000000 -7.16791043 8.41189543
v 66.00000000 -7.88475652 7.76431439
v 66.00000000 -8.54238301 7.05841835
v 66.00000000 -9.13585325 6.29927723
v 66.00000000 -9.66043144 5.49225535
v 66.00000000 -10.11166989 4.64312372
v 66.00000000 -10.48558052 3.75814189
v 66.00000000 -10.77884470 2.84406484
v 66.00000000 -10.98899871 1.90805865
v 66.00000000 -11.11453755 0.95754238
v 66.00000000 -11.15490539 0.00000000
v 66.00000000 -11.11037766 -0.95718400
v 66.00000000 -10.98187591 -1.90682189
v 66.00000000 -10.77077770 -2.84193631
v 66.00000000 -10.47878403 -3.75570596
v 66.00000000 -10.10788534 -4.64138592
v 66.00000000 -9.66043144 -5.49225535
v 66.00000000 -9.13927385 -6.30163578
v 66.00000000 -8.54792356 -7.06299641
v 66.00000000 -7.89066197 -7.77012963
v 66.00000000 -7.17255951 -8.41735135
v 66.00000000 -6.39938845 -8.99966858
v 66.00000000 -5.57745269 -9.51286532
v 66.00000000 -4.71338434 -9.95348422
v 66.00000000 -3.81396548 -10.31871732
v 66.00000000 -2.88602119 -10.60625069
v 66.00000000 -1.93640102 -10.81412431
v 66.00000000 -0.97203209 -10.94066315
v 66.00000000 -0.00000000 -10.98451071
v 66.00000000 0.97239604 -10.94475951
v 66.00000000 1.93765696 -10.82113830
v 66.00000000 2.88818273 -10.61419447
v 66.00000000 3.81643920 -10.32540999
v 66.00000000 4.71514911 -9.95721096
v 66.00000000 5.57745269 -9.51286532
v 66.00000000 6.39699331 -8.99630023
v 66.00000000 7.16791043 -8.41189543
v 66.00000000 7.88475652 -7.76431439
v 66.00000000 8.54238301 -7.05841835
v 66.00000000 9.13585325 -6.29927723
v 66.00000000 9.66043144 -5.49225535
v 66.00000000 10.11166989 -4.64312372
v 66.00000000 10.48558052 -3.75814189
v 66.00000000 10.77884470 -2.84406484
v 66.00000000 10.98899871 -1.90805865
v 66.00000000 11.11453755 -0.95754238
v 66.00000000 11.15490539 -0.00000000
v 66.00000000 11.11037766 0.95718400
v 66.00000000 10.98187591 1.90682189
v 66.00000000 10.77077770 2.84193631
v 66.00000000 10.47878403 3.75570596
v 66.00000000 10.10788534 4.64138592
v 66.00000000 9.66043144 5.49225535
v 66.00000000 9.13927385 6.30163578
v 66.00000000 8.54792356 7.06299641
v 66.00000000 7.89066197 7.77012963
v 66.00000000 7.17255951 8.41735135
v 66.00000000 6.39938845 8.99966858
v 66.00000000 5.57745269 9.51286532
v 66.00000000 4.71338434 9.95348422
v 66.00000000 3.81396548 10.31871732
v 66.00000000 2.88602119 10.60625069
v 66.00000000 1.93640102 10.81412431
v 66.00000000 0.97203209 10.94066315
v 68.00000000 0.00000000 10.98509694
v 68.00000000 -0.97260939 10.94532029
v 68.00000000 -1.93807909 10.82167588
v 68.00000000 -2.88881029 10.61471570
v 68.00000000 -3.81727063 10.32592294
v 68.00000000 -4.71618368 9.95772115
v 68.00000000 -5.57868835 9.51337302
v 68.00000000 -6.39842418 8.99679953
v 68.00000000 -7.16952493 8.41237544
v 68.00000000 -7.88653699 7.76476188
v 68.00000000 -8.54430710 7.05882113
v 68.00000000 -9.13789674 6.29962685
v 68.00000000 -9.66257167 5.49254847
v 68.00000000 -10.11388853 4.64336163
v 68.00000000 -10.48786485 3.75832859
v 68.00000000 -10.78118676 2.84420450
v 68.00000000 -10.99139270 1.90815343
v 68.00000000 -11.11697624 0.95759144
v 68.00000000 -11.15737671 0.00000000
v 68.00000000 -11.11286281 -0.95723712
v 68.00000000 -10.98434947 -1.90693070
v 68.00000000 -10.77320987 -2.84210010
v 68.00000000 -10.48114427 -3.75592027
v 68.00000000 -10.11014626 -4.64164352
v 68.00000000 -9.66257167 -5.49254847
v 68.00000000 -9.14127914 -6.30195866
v 68.00000000 -8.54978576 -7.06334729
v 68.00000000 -7.89237648 -7.77051120
v 68.00000000 -7.17412208 -8.41776950
v 68.00000000 -6.40079256 -9.00012970
v 68.00000000 -5.57868835 -9.51337302
v 68.00000000 -4.71443862 -9.95403666
v 68.00000000 -3.81482454 -10.31930614
v 68.00000000 -2.88667288 -10.60686198
v 68.00000000 -1.93683718 -10.81474140
v 68.00000000 -0.97224951 -10.94127038
v 68.00000000 -0.00000000 -10.98509694
v 68.00000000 0.97260939 -10.94532029
v 68.00000000 1.93807909 -10.82167588
v 68.00000000 2.88881029 -10.61471570
v 68.00000000 3.81727063 -10.32592294
v 68.00000000 4.71618368 -9.95772115
v 68.00000000 5.57868835 -9.51337302
v 68.00000000 6.39842418 -8.99679953
v 68.00000000 7.16952493 -8.41237544
v 68.00000000 7.88653699 -7.76476188
v 68.00000000 8.54430710 -7.05882113
v 68.00000000 9.13789674 -6.29962685
v 68.00000000 9.66257167 -5.49254847
v 68.00000000 10.11388853 -4.64336163
v 68.00000000 10.48786485 -3.75832859
v 68.00000000 10.78118676 -2.84420450
v 68.00000000 10.99139270 -1.90815343
v 68.00000000 11.11697624 -0.95759144
v 68.00000000 11.15737671 -0.00000000
v 68.00000000 11.11286281 0.95723712
v 68.00000000 10.98434947 1.90693070
v 68.00000000 10.77320987 2.84210010
v 68.00000000 10.48114427 3.75592027
v 68.00000000 10.11014626 4.64164352
v 68.00000000 9.66257167 5.49254847
v 68.00000000 9.14127914 6.30195866
v 68.00000000 8.54978576 7.06334729
v 68.00000000 7.89237648 7.77051120
v 68.00000000 7.17412208 8.41776950
v 68.00000000 6.40079256 9.00012970
v 68.00000000 5.57868835 9.51337302
v 68.00000000 4.71443862 9.95403666
v 68.00000000 3.81482454 10.31930614
v 68.00000000 2.88667288 10.60686198
v 68.00000000 1.93683718 10.81474140
v 68.00000000 0.97224951 10.94127038
v 70.00000000 0.00000000 10.98363581
v 70.00000000 -0.97272926 10.94392258
v 70.00000000 -1.93832548 10.82033602
v 70.00000000 -2.88918166 10.61341657
v 70.00000000 -3.81775593 10.32464446
v 70.00000000 -4.71676493 9.95644955
v 70.00000000 -5.57934627 9.51210764
v 70.00000000 -6.39914476 8.99555506
v 70.00000000 -7.17030445 8.41117907
v 70.00000000 -7.88738322 7.76364655
v 70.00000000 -8.54523609 7.05781726
v 70.00000000 -9.13892583 6.29875546
v 70.00000000 -9.66371120 5.49181790
v 70.00000000 -10.11513503 4.64276868
v 70.00000000 -10.48919821 3.75786326
v 70.00000000 -10.78257276 2.84385640
v 70.00000000 -10.99279008 1.90791718
v 70.00000000 -11.11834636 0.95746916
v 70.00000000 -11.15869253 0.00000000
v 70.00000000 -11.11411432 -0.95710471
v 70.00000000 -10.98554376 -1.90665950
v 70.00000000 -10.77436585 -2.84169186
v 70.00000000 -10.48228385 -3.75538612
v 70.00000000 -10.11128484 -4.64100147
v 70.00000000 -9.66371120 -5.49181790
v 70.00000000 -9.14240576 -6.30115391
v 70.00000000 -8.55087273 -7.06247276
v 70.00000000 -7.89339109 -7.76956017
v 70.00000000 -7.17503415 -8.41672728
v 70.00000000 -6.40158143 -8.99898039
v 70.00000000 -5.57934627 -9.51210764
v 70.00000000 -4.71496956 -9.95265977
v 70.00000000 -3.81523931 -10.31783857
v 70.00000000 -2.88698263 -10.60533842
v 70.00000000 -1.93704776 -10.81320338
v 70.00000000 -0.97235901 -10.93975693
v 70.00000000 -0.00000000 -10.98363581
v 70.00000000 0.97272926 -10.94392258
v 70.00000000 1.93832548 -10.82033602
v 70.00000000 2.88918166 -10.61341657
v 70.00000000 3.81775593 -10.32464446
v 70.00000000 4.71676493 -9.95644955
v 70.00000000 5.57934627 -9.51210764
v 70.00000000 6.39914476 -8.99555506
v 70.00000000 7.17030445 -8.41117907
v 70.00000000 7.88738322 -7.76364655
v 70.00000000 8.54523609 -7.05781726
v 70.00000000 9.13892583 -6.29875546
v 70.00000000 9.66371120 -5.49181790
v 70.00000000 10.11513503 -4.64276868
v 70.00000000 10.48919821 -3.75786326
v 70.00000000 10.78257276 -2.84385640
v 70.00000000 10.99279008 -1.90791718
v 70.00000000 11.11834636 -0.95746916
v 70.00000000 11.15869253 -0.00000000
v 70.00000000 11.11411432 0.95710471
v 70.00000000 10.98554376 1.90665950
v 70.00000000 10.77436585 2.84169186
v 70.00000000 10.48228385 3.75538612
v 70.00000000 10.11128484 4.64100147
v 70.00000000 9.66371120 5.49181790
v 70.00000000 9.14240576 6.30115391
v 70.00000000 8.55087273 7.06247276
v 70.00000000 7.89339109 7.76956017
v 70.00000000 7.17503415 8.41672728
v 70.00000000 6.40158143 8.99898039
v 70.00000000 5.57934627 9.51210764
v 70.00000000 4.71496956 9.95265977
v 70.00000000 3.81523931 10.31783857
v 70.00000000 2.88698263 10.60533842
v 70.00000000 1.93704776 10.81320338
v 70.00000000 0.97235901 10.93975693
v 72.00000000 0.00000000 10.98118100
v 72.00000000 -0.97236719 10.94157430
v 72.00000000 -1.93761665 10.81808492
v 72.00000000 -2.88813200 10.61123388
v 72.00000000 -3.81635979 10.32249648
v 72.00000000 -4.71500923 9.95431316
v 72.00000000 -5.57721972 9.50998171
v 72.00000000 -6.39664864 8.99346429
v 72.00000000 -7.16746066 8.40916914
v 72.00000000 -7.88423617 7.76177278
v 72.00000000 -8.54184699 7.05613072
v 72.00000000 -9.13536101 6.29729149
v 72.00000000 -9.66002792 5.49059050
v 72.00000000 -10.11136993 4.64177246
v 72.00000000 -10.48536236 3.75708146
v 72.00000000 -10.77865538 2.84327155
v 72.00000000 -10.98877007 1.90752025
v 72.00000000 -11.11420784 0.95726371
v 72.00000000 -11.15443944 0.00000000
v 72.00000000 -11.10977903 -0.95688226
v 72.00000000 -10.98118682 -1.90620389
v 72.00000000 -10.77006689 -2.84100601
v 72.00000000 -10.47812651 -3.75448874
v 72.00000000 -10.10734073 -4.63992280
v 72.00000000 -9.66002792 -5.49059050
v 72.00000000 -9.13900274 -6.29980185
v 72.00000000 -8.54774571 -7.06100345
v 72.00000000 -7.89052338 -7.76796233
v 72.00000000 -7.17241027 -8.41497623
v 72.00000000 -6.39919861 -8.99704945
v 72.00000000 -5.57721972 -9.50998171
v 72.00000000 -4.71313039 -9.95034655
v 72.00000000 -3.81372616 -10.31537303
v 72.00000000 -2.88583073 -10.60277879
v 72.00000000 -1.93627952 -10.81061946
v 72.00000000 -0.97197972 -10.93721428
v 72.00000000 -0.00000000 -10.98118100
v 72.00000000 0.97236719 -10.94157430
v 72.00000000 1.93761665 -10.81808492
v 72.00000000 2.88813200 -10.61123388
v 72.00000000 3.81635979 -10.32249648
v 72.00000000 4.71500923 -9.95431316
v 72.00000000 5.57721972 -9.50998171
v 72.00000000 6.39664864 -8.99346429
v 72.00000000 7.16746066 -8.40916914
v 72.00000000 7.88423617 -7.76177278
v 72.00000000 8.54184699 -7.05613072
v 72.00000000 9.13536101 -6.29729149
v 72.00000000 9.66002792 -5.49059050
v 72.00000000 10.11136993 -4.64177246
v 72.00000000 10.48536236 -3.75708146
v 72.00000000 10.77865538 -2.84327155
v 72.00000000 10.98877007 -1.90752025
v 72.00000000 11.11420784 -0.95726371
v 72.00000000 11.15443944 -0.00000000
v 72.00000000 11.10977903 0.95688226
v 72.00000000 10.98118682 1.90620389
v 72.00000000 10.77006689 2.84100601
v 72.00000000 10.47812651 3.75448874
v 72.00000000 10.10734073 4.63992280
v 72.00000000 9.66002792 5.49059050
v 72.00000000 9.13900274 6.29980185
v 72.00000000 8.54774571 7.06100345
v 72.00000000 7.89052338 7.76796233
v 72.00000000 7.17241027 8.41497623
v 72.00000000 6.39919861 8.99704945
v 72.00000000 5.57721972 9.50998171
v 72.00000000 4.71313039 9.95034655
v 72.00000000 3.81372616 10.31537303
v 72.00000000 2.88583073 10.60277879
v 72.00000000 1.93627952 10.81061946
v 72.00000000 0.97197972 10.93721428
v 74.00000000 0.00000000 10.98246738
v 74.00000000 -0.97269995 10.94280487
v 74.00000000 -1.93827310 10.81926456
v 74.00000000 -2.88910687 10.61237767
v 74.00000000 -3.81765276 10.32362209
v 74.00000000 -4.71662279 9.95543269
v 74.00000000 -5.57915444 9.51109575
v 74.00000000 -6.39889756 8.99455990
v 74.00000000 -7.17000514 8.41022239
v 74.00000000 -7.88704500 7.76275467
v 74.00000000 -8.54487939 7.05701450
v 74.00000000 -9.13857279 6.29805864
v 74.00000000 -9.66337896 5.49123369
v 74.00000000 -10.11483022 4.64229450
v 74.00000000 -10.48891474 3.75749115
v 74.00000000 -10.78229363 2.84357803
v 74.00000000 -10.99249301 1.90772825
v 74.00000000 -11.11801133 0.95737137
v 74.00000000 -11.15830888 0.00000000
v 74.00000000 -11.11368497 -0.95699883
v 74.00000000 -10.98508519 -1.90644264
v 74.00000000 -10.77390383 -2.84136541
v 74.00000000 -10.48184629 -3.75495899
v 74.00000000 -10.11089424 -4.64048805
v 74.00000000 -9.66337896 -5.49123369
v 74.00000000 -9.14213027 -6.30051036
v 74.00000000 -8.55064164 -7.06177341
v 74.00000000 -7.89318676 -7.76879965
v 74.00000000 -7.17484025 -8.41589383
v 74.00000000 -6.40138853 -8.99806132
v 74.00000000 -5.57915444 -9.51109575
v 74.00000000 -4.71478741 -9.95155873
v 74.00000000 -3.81508005 -10.31666503
v 74.00000000 -2.88685883 -10.60412009
v 74.00000000 -1.93696691 -10.81197349
v 74.00000000 -0.97232145 -10.93854669
v 74.00000000 -0.00000000 -10.98246738
v 74.00000000 0.97269995 -10.94280487
v 74.00000000 1.93827310 -10.81926456
v 74.00000000 2.88910687 -10.61237767
v 74.00000000 3.81765276 -10.32362209
v 74.00000000 4.71662279 -9.95543269
v 74.00000000 5.57915444 -9.51109575
v 74.00000000 6.39889756 -8.99455990
v 74.00000000 7.17000514 -8.41022239
v 74.00000000 7.88704500 -7.76275467
v 74.00000000 8.54487939 -7.05701450
v 74.00000000 9.13857279 -6.29805864
v 74.00000000 9.66337896 -5.49123369
v 74.00000000 10.11483022 -4.64229450
v 74.00000000 10.48891474 -3.75749115
v 74.00000000 10.78229363 -2.84357803
v 74.00000000 10.99249301 -1.90772825
v 74.00000000 11.11801133 -0.95737137
v 74.00000000 11.15830888 -0.00000000
v 74.00000000 11.11368497 0.95699883
v 74.00000000 10.98508519 1.90644264
v 74.00000000 10.77390383 2.84136541
v 74.00000000 10.48184629 3.75495899
v 74.00000000 10.11089424 4.64048805
v 74.00000000 9.66337896 5.49123369
v 74.00000000 9.14213027 6.30051036
v 74.00000000 8.55064164 7.06177341
v 74.00000000 7.89318676 7.76879965
v 74.00000000 7.17484025 8.41589383
v 74.00000000 6.40138853 8.99806132
v 74.00000000 5.57915444 9.51109575
v 74.00000000 4.71478741 9.95155873
v 74.00000000 3.81508005 10.31666503
v 74.00000000 2.88685883 10.60412009
v 74.00000000 1.93696691 10.81197349
v 74.00000000 0.97232145 10.93854669
v 76.00000000 0.00000000 10.98352552
v 76.00000000 -0.97236400 10.94381708
v 76.00000000 -1.93759820 10.82023488
v 76.00000000 -2.88809791 10.61331851
v 76.00000000 -3.81632345 10.32454796
v 76.00000000 -4.71499374 9.95635357
v 76.00000000 -5.57724894 9.51201212
v 76.00000000 -6.39673670 8.99546112
v 76.00000000 -7.16760409 8.41108877
v 76.00000000 -7.88441196 7.76356236
v 76.00000000 -8.54201792 7.05774148
v 76.00000000 -9.13548677 6.29868969
v 76.00000000 -9.66007853 5.49176276
v 76.00000000 -10.11133671 4.64272392
v 76.00000000 -10.48526251 3.75782814
v 76.00000000 -10.77852813 2.84383012
v 76.00000000 -10.98866542 1.90789935
v 76.00000000 -11.11417133 0.95745993
v 76.00000000 -11.15449788 0.00000000
v 76.00000000 -11.10993197 -0.95709472
v 76.00000000 -10.98140656 -1.90663903
v 76.00000000 -10.77030703 -2.84166105
v 76.00000000 -10.47833618 -3.75534580
v 76.00000000 -10.10747987 -4.64095301
v 76.00000000 -9.66007853 -5.49176276
v 76.00000000 -9.13897272 -6.30109316
v 76.00000000 -8.54766431 -7.06240675
v 76.00000000 -7.89043023 -7.76948838
v 76.00000000 -7.17234197 -8.41664861
v 76.00000000 -6.39917759 -8.99889364
v 76.00000000 -5.57724894 -9.51201212
v 76.00000000 -4.71319527 -9.95255584
v 76.00000000 -3.81380248 -10.31772780
v 76.00000000 -2.88589507 -10.60522341
v 76.00000000 -1.93631826 -10.81308728
v 76.00000000 -0.97199310 -10.93964269
v 76.00000000 -0.00000000 -10.98352552
v 76.00000000 0.97236400 -10.94381708
v 76.00000000 1.93759820 -10.82023488
v 76.00000000 2.88809791 -10.61331851
v 76.00000000 3.81632345 -10.32454796
v 76.00000000 4.71499374 -9.95635357
v 76.00000000 5.57724894 -9.51201212
v 76.00000000 6.39673670 -8.99546112
v 76.00000000 7.16760409 -8.41108877
v 76.00000000 7.88441196 -7.76356236
v 76.00000000 8.54201792 -7.05774148
v 76.00000000 9.13548677 -6.29868969
v 76.00000000 9.66007853 -5.49176276
v 76.00000000 10.11133671 -4.64272392
v 76.00000000 10.48526251 -3.75782814
v 76.00000000 10.77852813 -2.84383012
v 76.00000000 10.98866542 -1.90789935
v 76.00000000 11.11417133 -0.95745993
v 76.00000000 11.15449788 -0.00000000
v 76.00000000 11.10993197 0.95709472
v 76.00000000 10.98140656 1.90663903
v 76.00000000 10.77030703 2.84166105
v 76.00000000 10.47833618 3.75534580
v 76.00000000 10.10747987 4.64095301
v 76.00000000 9.66007853 5.49176276
v 76.00000000 9.13897272 6.30109316
v 76.00000000 8.54766431 7.06240675
v 76.00000000 7.89043023 7.76948838
v 76.00000000 7.17234197 8.41664861
v 76.00000000 6.39917759 8.99889364
v 76.00000000 5.57724894 9.51201212
v 76.00000000 4.71319527 9.95255584
v 76.00000000 3.81380248 10.31772780
v 76.00000000 2.88589507 10.60522341
v 76.00000000 1.93631826 10.81308728
v 76.00000000 0.97199310 10.93964269
v 78.00000000 0.00000000 10.98328858
v 78.00000000 -0.97269202 10.94359042
v 78.00000000 -1.93825306 10.82001761
v 78.00000000 -2.88907468 10.61310783
v 78.00000000 -3.81761327 10.32434064
v 78.00000000 -4.71658432 9.95614736
v 78.00000000 -5.57912559 9.51180692
v 78.00000000 -6.39888357 8.99525932
v 78.00000000 -7.17000515 8.41089476
v 78.00000000 -7.88705133 7.76338150
v 78.00000000 -8.54487940 7.05757869
v 78.00000000 -9.13855282 6.29854838
v 78.00000000 -9.66332898 5.49164429
v 78.00000000 -10.11474771 4.64262776
v 78.00000000 -10.48880626 3.75775268
v 78.00000000 -10.78217349 2.84377367
v 78.00000000 -10.99237931 1.90786104
v 78.00000000 -11.11792063 0.95744010
v 78.00000000 -11.15825117 0.00000000
v 78.00000000 -11.11366068 -0.95707325
v 78.00000000 -10.98508521 -1.90659506
v 78.00000000 -10.77391247 -2.84159485
v 78.00000000 -10.48184631 -3.75525919
v 78.00000000 -10.11087214 -4.64084889
v 78.00000000 -9.66332898 -5.49164429
v 78.00000000 -9.14205569 -6.30096266
v 78.00000000 -8.55055321 -7.06226493
v 78.00000000 -7.89309881 -7.76933416
v 78.00000000 -7.17476604 -8.41647960
v 78.00000000 -6.40133631 -8.99870726
v 78.00000000 -5.57912559 -9.51180692
v 78.00000000 -4.71477711 -9.95233256
v 78.00000000 -3.81508006 -10.31748982
v 78.00000000 -2.88686115 -10.60497635
v 78.00000000 -1.93696691 -10.81283788
v 78.00000000 -0.97231932 -10.93939727
v 78.00000000 -0.00000000 -10.98328858
v 78.00000000 0.97269202 -10.94359042
v 78.00000000 1.93825306 -10.82001761
v 78.00000000 2.88907468 -10.61310783
v 78.00000000 3.81761327 -10.32434064
v 78.00000000 4.71658432 -9.95614736
v 78.00000000 5.57912559 -9.51180692
v 78.00000000 6.39888357 -8.99525932
v 78.00000000 7.17000515 -8.41089476
v 78.00000000 7.88705133 -7.76338150
v 78.00000000 8.54487940 -7.05757869
v 78.00000000 9.13855282 -6.29854838
v 78.00000000 9.66332898 -5.49164429
v 78.00000000 10.11474771 -4.64262776
v 78.00000000 10.48880626 -3.75775268
v 78.00000000 10.78217349 -2.84377367
v 78.00000000 10.99237931 -1.90786104
v 78.00000000 11.11792063 -0.95744010
v 78.00000000 11.15825117 -0.00000000
v 78.00000000 11.11366068 0.95707325
v 78.00000000 10.98508521 1.90659506
v 78.00000000 10.77391247 2.84159485
v 78.00000000 10.48184631 3.75525919
v 78.00000000 10.11087214 4.64084889
v 78.00000000 9.66332898 5.49164429
v 78.00000000 9.14205569 6.30096266
v 78.00000000 8.55055321 7.06226493
v 78.00000000 7.89309881 7.76933416
v 78.00000000 7.17476604 8.41647960
v 78.00000000 6.40133631 8.99870726
v 78.00000000 5.57912559 9.51180692
v 78.00000000 4.71477711 9.95233256
v 78.00000000 3.81508006 10.31748982
v 78.00000000 2.88686115 10.60497635
v 78.00000000 1.93696691 10.81283788
v 78.00000000 0.97231932 10.93939727
v 80.00000000 0.00000000 10.98011511
v 80.00000000 -0.97226362 10.94055465
v 80.00000000 -1.93741576 10.81710745
v 80.00000000 -2.88783557 10.61028611
v 80.00000000 -3.81596413 10.32156380
v 80.00000000 -4.71450703 9.95338551
v 80.00000000 -5.57660407 9.50905862
v 80.00000000 -6.39591775 8.99255647
v 80.00000000 -7.16662134 8.40829643
v 80.00000000 -7.88330472 7.76095919
v 80.00000000 -8.54084673 7.05539844
v 80.00000000 -9.13431718 6.29665583
v 80.00000000 -9.65896159 5.49005756
v 80.00000000 -10.11029295 4.64133989
v 80.00000000 -10.48427528 3.75674199
v 80.00000000 -10.77754908 2.84301760
v 80.00000000 -10.98763080 1.90734790
v 80.00000000 -11.11302405 0.95717450
v 80.00000000 -11.15320815 0.00000000
v 80.00000000 -11.10850960 -0.95678567
v 80.00000000 -10.97990091 -1.90600606
v 80.00000000 -10.76879451 -2.84070822
v 80.00000000 -10.47689951 -3.75409910
v 80.00000000 -10.10618584 -4.63945443
v 80.00000000 -9.65896159 -5.49005756
v 80.00000000 -9.13802933 -6.29921476
v 80.00000000 -8.54685952 -7.06036546
v 80.00000000 -7.88971351 -7.76726852
v 80.00000000 -7.17166667 -8.41421590
v 80.00000000 -6.39851702 -8.99621101
v 80.00000000 -5.57660407 -9.50905862
v 80.00000000 -4.71259185 -9.94934214
v 80.00000000 -3.81327957 -10.31430250
v 80.00000000 -2.88548979 -10.60166741
v 80.00000000 -1.93605278 -10.80949753
v 80.00000000 -0.97186866 -10.93611026
v 80.00000000 -0.00000000 -10.98011511
v 80.00000000 0.97226362 -10.94055465
v 80.00000000 1.93741576 -10.81710745
v 80.00000000 2.88783557 -10.61028611
v 80.00000000 3.81596413 -10.32156380
v 80.00000000 4.71450703 -9.95338551
v 80.00000000 5.57660407 -9.50905862
v 80.00000000 6.39591775 -8.99255647
v 80.00000000 7.16662134 -8.40829643
v 80.00000000 7.88330472 -7.76095919
v 80.00000000 8.54084673 -7.05539844
v 80.00000000 9.13431718 -6.29665583
v 80.00000000 9.65896159 -5.49005756
v 80.00000000 10.11029295 -4.64133989
v 80.00000000 10.48427528 -3.75674199
v 80.00000000 10.77754908 -2.84301760
v 80.00000000 10.98763080 -1.90734790
v 80.00000000 11.11302405 -0.95717450
v 80.00000000 11.15320815 -0.00000000
v 80.00000000 11.10850960 0.95678567
v 80.00000000 10.97990091 1.90600606
v 80.00000000 10.76879451 2.84070822
v 80.00000000 10.47689951 3.75409910
v 80.00000000 10.10618584 4.63945443
v 80.00000000 9.65896159 5.49005756
v 80.00000000 9.13802933 6.29921476
v 80.00000000 8.54685952 7.06036546
v 80.00000000 7.88971351 7.76726852
v 80.00000000 7.17166667 8.41421590
v 80.00000000 6.39851702 8.99621101
v 80.00000000 5.57660407 9.50905862
v 80.00000000 4.71259185 9.94934214
v 80.00000000 3.81327957 10.31430250
v 80.00000000 2.88548979 10.60166741
v 80.00000000 1.93605278 10.80949753
v 80.00000000 0.97186866 10.93611026
v 82.00000000 0.00000000 10.97788676
v 82.00000000 -0.97230727 10.93842295
v 82.00000000 -1.93751424 10.81506391
v 82.00000000 -2.88798862 10.60830466
v 82.00000000 -3.81615808 10.31961388
v 82.00000000 -4.71471870 9.95144615
v 82.00000000 -5.57680927 9.50712881
v 82.00000000 -6.39610125 8.99065861
v 82.00000000 -7.16678442 8.40647199
v 82.00000000 -7.88346698 7.75925835
v 82.00000000 -8.54104108 7.05386754
v 82.00000000 -9.13457925 6.29532694
v 82.00000000 -9.65931700 5.48894338
v 82.00000000 -10.11074688 4.64043555
v 82.00000000 -10.48480816 3.75603228
v 82.00000000 -10.77812025 2.84248667
v 82.00000000 -10.98818926 1.90698757
v 82.00000000 -11.11352300 0.95698800
v 82.00000000 -11.15361854 0.00000000
v 82.00000000 -11.10882831 -0.95658374
v 82.00000000 -10.98015077 -1.90559249
v 82.00000000 -10.76901616 -2.84008567
v 82.00000000 -10.47713792 -3.75328453
v 82.00000000 -10.10647579 -4.63847529
v 82.00000000 -9.65931700 -5.48894338
v 82.00000000 -9.13843961 -6.29798740
v 82.00000000 -8.54729392 -7.05903163
v 82.00000000 -7.89013163 -7.76581799
v 82.00000000 -7.17203118 -8.41262631
v 82.00000000 -6.39880430 -8.99445815
v 82.00000000 -5.57680927 -9.50712881
v 82.00000000 -4.71272706 -9.94724236
v 82.00000000 -3.81336634 -10.31206448
v 82.00000000 -2.88554918 -10.59934401
v 82.00000000 -1.93609683 -10.80715207
v 82.00000000 -0.97189654 -10.93380222
v 82.00000000 -0.00000000 -10.97788676
v 82.00000000 0.97230727 -10.93842295
v 82.00000000 1.93751424 -10.81506391
v 82.00000000 2.88798862 -10.60830466
v 82.00000000 3.81615808 -10.31961388
v 82.00000000 4.71471870 -9.95144615
v 82.00000000 5.57680927 -9.50712881
v 82.00000000 6.39610125 -8.99065861
v 82.00000000 7.16678442 -8.40647199
v 82.00000000 7.88346698 -7.75925835
v 82.00000000 8.54104108 -7.05386754
v 82.00000000 9.13457925 -6.29532694
v 82.00000000 9.65931700 -5.48894338
v 82.00000000 10.11074688 -4.64043555
v 82.00000000 10.48480816 -3.75603228
v 82.00000000 10.77812025 -2.84248667
v 82.00000000 10.98818926 -1.90698757
v 82.00000000 11.11352300 -0.95698800
v 82.00000000 11.15361854 -0.00000000
v 82.00000000 11.10882831 0.95658374
v 82.00000000 10.98015077 1.90559249
v 82.00000000 10.76901616 2.84008567
v 82.00000000 10.47713792 3.75328453
v 82.00000000 10.10647579 4.63847529
v 82.00000000 9.65931700 5.48894338
v 82.00000000 9.13843961 6.29798740
v 82.00000000 8.54729392 7.05903163
v 82.00000000 7.89013163 7.76581799
v 82.00000000 7.17203118 8.41262631
v 82.00000000 6.39880430 8.99445815
v 82.00000000 5.57680927 9.50712881
v 82.00000000 4.71272706 9.94724236
v 82.00000000 3.81336634 10.31206448
v 82.00000000 2.88554918 10.59934401
v 82.00000000 1.93609683 10.80715207
v 82.00000000 0.97189654 10.93380222
v 84.00000000 0.00000000 10.97969012
v 84.00000000 -0.97289285 10.94014810
v 84.00000000 -1.93867181 10.81671771
v 84.00000000 -2.88970898 10.60990822
v 84.00000000 -3.81843805 10.32119191
v 84.00000000 -4.71755815 9.95301564
v 84.00000000 -5.58020450 9.50869057
v 84.00000000 -6.40003726 8.99219451
v 84.00000000 -7.17122914 8.40794847
v 84.00000000 -7.88837004 7.76063480
v 84.00000000 -8.54633809 7.05510646
v 84.00000000 -9.14020045 6.29640238
v 84.00000000 -9.66519772 5.48984506
v 84.00000000 -10.11683610 4.64116742
v 84.00000000 -10.49107233 3.75660664
v 84.00000000 -10.78454072 2.84291634
v 84.00000000 -10.99475417 1.90727918
v 84.00000000 -11.12021615 0.95713894
v 84.00000000 -11.16040901 0.00000000
v 84.00000000 -11.11566442 -0.95674716
v 84.00000000 -10.98696046 -1.90592719
v 84.00000000 -10.77571386 -2.84058949
v 84.00000000 -10.48363565 -3.75394374
v 84.00000000 -10.11269508 -4.63926769
v 84.00000000 -9.66519772 -5.48984506
v 84.00000000 -9.14394325 -6.29898068
v 84.00000000 -8.55240052 -7.06011107
v 84.00000000 -7.89483174 -7.76699188
v 84.00000000 -7.17631612 -8.41391274
v 84.00000000 -6.40265800 -8.99587671
v 84.00000000 -5.58020450 -9.50869057
v 84.00000000 -4.71562716 -9.94894167
v 84.00000000 -3.81573132 -10.31387566
v 84.00000000 -2.88734383 -10.60122429
v 84.00000000 -1.93729757 -10.80905020
v 84.00000000 -0.97249462 -10.93567007
v 84.00000000 -0.00000000 -10.97969012
v 84.00000000 0.97289285 -10.94014810
v 84.00000000 1.93867181 -10.81671771
v 84.00000000 2.88970898 -10.60990822
v 84.00000000 3.81843805 -10.32119191
v 84.00000000 4.71755815 -9.95301564
v 84.00000000 5.58020450 -9.50869057
v 84.00000000 6.40003726 -8.99219451
v 84.00000000 7.17122914 -8.40794847
v 84.00000000 7.88837004 -7.76063480
v 84.00000000 8.54633809 -7.05510646
v 84.00000000 9.14020045 -6.29640238
v 84.00000000 9.66519772 -5.48984506
v 84.00000000 10.11683610 -4.64116742
v 84.00000000 10.49107233 -3.75660664
v 84.00000000 10.78454072 -2.84291634
v 84.00000000 10.99475417 -1.90727918
v 84.00000000 11.12021615 -0.95713894
v 84.00000000 11.16040901 -0.00000000
v 84.00000000 11.11566442 0.95674716
v 84.00000000 10.98696046 1.90592719
v 84.00000000 10.77571386 2.84058949
v 84.00000000 10.48363565 3.75394374
v 84.00000000 10.11269508 4.63926769
v 84.00000000 9.66519772 5.48984506
v 84.00000000 9.14394325 6.29898068
v 84.00000000 8.55240052 7.06011107
v 84.00000000 7.89483174 7.76699188
v 84.00000000 7.17631612 8.41391274
v 84.00000000 6.40265800 8.99587671
v 84.00000000 5.58020450 9.50869057
v 84.00000000 4.71562716 9.94894167
v 84.00000000 3.81573132 10.31387566
v 84.00000000 2.88734383 10.60122429
v 84.00000000 1.93729757 10.80905020
v 84.00000000 0.97249462 10.93567007
v 86.00000000 0.00000000 10.97955405
v 86.00000000 -0.97320703 10.94001793
v 86.00000000 -1.93929858 10.81659293
v 86.00000000 -2.89064361 10.60978722
v 86.00000000 -3.81967256 10.32107285
v 86.00000000 -4.71908163 9.95289722
v 86.00000000 -5.58200381 9.50857273
v 86.00000000 -6.40209774 8.99207862
v 86.00000000 -7.17353531 8.40783707
v 86.00000000 -7.89090578 7.76053094
v 86.00000000 -8.54908647 7.05501298
v 86.00000000 -9.14314313 6.29632123
v 86.00000000 -9.66831420 5.48977703
v 86.00000000 -10.12010322 4.64111219
v 86.00000000 -10.49446410 3.75656330
v 86.00000000 -10.78802880 2.84288392
v 86.00000000 -10.99830879 1.90725717
v 86.00000000 -11.12380730 0.95712755
v 86.00000000 -11.16400762 0.00000000
v 86.00000000 -11.11924309 -0.95673483
v 86.00000000 -10.99049372 -1.90590193
v 86.00000000 -10.77917776 -2.84055147
v 86.00000000 -10.48700705 -3.75389400
v 86.00000000 -10.11595085 -4.63920790
v 86.00000000 -9.66831420 -5.48977703
v 86.00000000 -9.14689619 -6.29890574
v 86.00000000 -8.55516552 -7.06002963
v 86.00000000 -7.89738520 -7.76690331
v 86.00000000 -7.17863623 -8.41381567
v 86.00000000 -6.40472566 -8.99576967
v 86.00000000 -5.58200381 -9.50857273
v 86.00000000 -4.71714535 -9.94881345
v 86.00000000 -3.81695841 -10.31373900
v 86.00000000 -2.88827197 -10.60108242
v 86.00000000 -1.93792057 -10.80890698
v 86.00000000 -0.97280772 -10.93552914
v 86.00000000 -0.00000000 -10.97955405
v 86.00000000 0.97320703 -10.94001793
v 86.00000000 1.93929858 -10.81659293
v 86.00000000 2.89064361 -10.60978722
v 86.00000000 3.81967256 -10.32107285
v 86.00000000 4.71908163 -9.95289722
v 86.00000000 5.58200381 -9.50857273
v 86.00000000 6.40209774 -8.99207862
v 86.00000000 7.17353531 -8.40783707
v 86.00000000 7.89090578 -7.76053094
v 86.00000000 8.54908647 -7.05501298
v 86.00000000 9.14314313 -6.29632123
v 86.00000000 9.66831420 -5.48977703
v 86.00000000 10.12010322 -4.64111219
v 86.00000000 10.49446410 -3.75656330
v 86.00000000 10.78802880 -2.84288392
v 86.00000000 10.99830879 -1.90725717
v 86.00000000 11.12380730 -0.95712755
v 86.00000000 11.16400762 -0.00000000
v 86.00000000 11.11924309 0.95673483
v 86.00000000 10.99049372 1.90590193
v 86.00000000 10.77917776 2.84055147
v 86.00000000 10.48700705 3.75389400
v 86.00000000 10.11595085 4.63920790
v 86.00000000 9.66831420 5.48977703
v 86.00000000 9.14689619 6.29890574
v 86.00000000 8.55516552 7.06002963
v 86.00000000 7.89738520 7.76690331
v 86.00000000 7.17863623 8.41381567
v 86.00000000 6.40472566 8.99576967
v 86.00000000 5.58200381 9.50857273
v 86.00000000 4.71714535 9.94881345
v 86.00000000 3.81695841 10.31373900
v 86.00000000 2.88827197 10.60108242
v 86.00000000 1.93792057 10.80890698
v 86.00000000 0.97280772 10.93552914
v 88.00000000 0.00000000 10.97786359
v 88.00000000 -0.97306777 10.93840079
v 88.00000000 -1.93902980 10.81504267
v 88.00000000 -2.89024772 10.60828406
v 88.00000000 -3.81914315 10.31959361
v 88.00000000 -4.71840635 9.95142599
v 88.00000000 -5.58117074 9.50710875
v 88.00000000 -6.40110293 8.99063889
v 88.00000000 -7.17238833 8.40645302
v 88.00000000 -7.88963110 7.75924067
v 88.00000000 -8.54771956 7.05385163
v 88.00000000 -9.14172239 6.29531312
v 88.00000000 -9.66687129 5.48893180
v 88.00000000 -10.11865508 4.64042615
v 88.00000000 -10.49300958 3.75602490
v 88.00000000 -10.78655134 2.84248115
v 88.00000000 -10.99678443 1.90698382
v 88.00000000 -11.12221552 0.95698607
v 88.00000000 -11.16234149 0.00000000
v 88.00000000 -11.11751529 -0.95658164
v 88.00000000 -10.98873644 -1.90558820
v 88.00000000 -10.77743650 -2.84007920
v 88.00000000 -10.48533027 -3.75327606
v 88.00000000 -10.11437894 -4.63846511
v 88.00000000 -9.66687129 -5.48893180
v 88.00000000 -9.14558730 -6.29797464
v 88.00000000 -8.55397978 -7.05901777
v 88.00000000 -7.89630362 -7.76580292
v 88.00000000 -7.17764128 -8.41260978
v 88.00000000 -6.40380917 -8.99443992
v 88.00000000 -5.58117074 -9.50710875
v 88.00000000 -4.71641236 -9.94722053
v 88.00000000 -3.81634812 -10.31204122
v 88.00000000 -2.88780541 -10.59931986
v 88.00000000 -1.93761072 -10.80712769
v 88.00000000 -0.97265655 -10.93377823
v 88.00000000 -0.00000000 -10.97786359
v 88.00000000 0.97306777 -10.93840079
v 88.00000000 1.93902980 -10.81504267
v 88.00000000 2.89024772 -10.60828406
v 88.00000000 3.81914315 -10.31959361
v 88.00000000 4.71840635 -9.95142599
v 88.00000000 5.58117074 -9.50710875
v 88.00000000 6.40110293 -8.99063889
v 88.00000000 7.17238833 -8.40645302
v 88.00000000 7.88963110 -7.75924067
v 88.00000000 8.54771956 -7.05385163
v 88.00000000 9.14172239 -6.29531312
v 88.00000000 9.66687129 -5.48893180
v 88.00000000 10.11865508 -4.64042615
v 88.00000000 10.49300958 -3.75602490
v 88.00000000 10.78655134 -2.84248115
v 88.00000000 10.99678443 -1.90698382
v 88.00000000 11.12221552 -0.95698607
v 88.00000000 11.16234149 -0.00000000
v 88.00000000 11.11751529 0.95658164
v 88.00000000 10.98873644 1.90558820
v 88.00000000 10.77743650 2.84007920
v 88.00000000 10.48533027 3.75327606
v 88.00000000 10.11437894 4.63846511
v 88.00000000 9.66687129 5.48893180
v 88.00000000 9.14558730 6.29797464
v 88.00000000 8.55397978 7.05901777
v 88.00000000 7.89630362 7.76580292
v 88.00000000 7.17764128 8.41260978
v 88.00000000 6.40380917 8.99443992
v 88.00000000 5.58117074 9.50710875
v 88.00000000 4.71641236 9.94722053
v 88.00000000 3.81634812 10.31204122
v 88.00000000 2.88780541 10.59931986
v 88.00000000 1.93761072 10.80712769
v 88.00000000 0.97265655 10.93377823
v 90.00000000 0.00000000 10.97693408
v 90.00000000 -0.97294614 10.93751158
v 90.00000000 -1.93879221 10.81419023
v 90.00000000 -2.88989620 10.60745752
v 90.00000000 -3.81867520 10.31878022
v 90.00000000 -4.71781655 9.95061702
v 90.00000000 -5.58045424 9.50630377
v 90.00000000 -6.40025953 8.98984724
v 90.00000000 -7.17142554 8.40569201
v 90.00000000 -7.88856488 7.75853121
v 90.00000000 -8.54657215 7.05321306
v 90.00000000 -9.14051788 6.29475881
v 90.00000000 -9.66563027 5.48846704
v 90.00000000 -10.11739024 4.64004892
v 90.00000000 -10.49172389 3.75572885
v 90.00000000 -10.78523945 2.84225968
v 90.00000000 -10.99543702 1.90683351
v 90.00000000 -11.12082525 0.95690827
v 90.00000000 -11.16090848 0.00000000
v 90.00000000 -11.11605045 -0.95649742
v 90.00000000 -10.98726137 -1.90541569
v 90.00000000 -10.77598003 -2.83981952
v 90.00000000 -10.48392278 -3.75293628
v 90.00000000 -10.11304628 -4.63805669
v 90.00000000 -9.66563027 -5.48846704
v 90.00000000 -9.14444410 -6.29746266
v 90.00000000 -8.55293168 -7.05846138
v 90.00000000 -7.89534325 -7.76519785
v 90.00000000 -7.17676182 -8.41194671
v 90.00000000 -6.40300869 -8.99370875
v 90.00000000 -5.58045424 -9.50630377
v 90.00000000 -4.71579093 -9.94634466
v 90.00000000 -3.81583583 -10.31110770
v 90.00000000 -2.88741515 -10.59835073
v 90.00000000 -1.93735062 -10.80614935
v 90.00000000 -0.97252840 -10.93281549
v 90.00000000 -0.00000000 -10.97693408
v 90.00000000 0.97294614 -10.93751158
v 90.00000000 1.93879221 -10.81419023
v 90.00000000 2.88989620 -10.60745752
v 90.00000000 3.81867520 -10.31878022
v 90.00000000 4.71781655 -9.95061702
v 90.00000000 5.58045424 -9.50630377
v 90.00000000 6.40025953 -8.98984724
v 90.00000000 7.17142554 -8.40569201
v 90.00000000 7.88856488 -7.75853121
v 90.00000000 8.54657215 -7.05321306
v 90.00000000 9.14051788 -6.29475881
v 90.00000000 9.66563027 -5.48846704
v 90.00000000 10.11739024 -4.64004892
v 90.00000000 10.49172389 -3.75572885
v 90.00000000 10.78523945 -2.84225968
v 90.00000000 10.99543702 -1.90683351
v 90.00000000 11.12082525 -0.95690827
v 90.00000000 11.16090848 -0.00000000
v 90.00000000 11.11605045 0.95649742
v 90.00000000 10.98726137 1.90541569
v 90.00000000 10.77598003 2.83981952
v 90.00000000 10.48392278 3.75293628
v 90.00000000 10.11304628 4.63805669
v 90.00000000 9.66563027 5.48846704
v 90.00000000 9.14444410 6.29746266
v 90.00000000 8.55293168 7.05846138
v 90.00000000 7.89534325 7.76519785
v 90.00000000 7.17676182 8.41194671
v 90.00000000 6.40300869 8.99370875
v 90.00000000 5.58045424 9.50630377
v 90.00000000 4.71579093 9.94634466
v 90.00000000 3.81583583 10.31110770
v 90.00000000 2.88741515 10.59835073
v 90.00000000 1.93735062 10.80614935
v 90.00000000 0.97252840 10.93281549
v 92.00000000 0.00000000 10.97614138
v 92.00000000 -0.97374915 10.93675324
v 92.00000000 -1.94039647 10.81346325
v 92.00000000 -2.89228969 10.60675262
v 92.00000000 -3.82183498 10.31808654
v 92.00000000 -4.72171037 9.94992710
v 92.00000000 -5.58504393 9.50561727
v 92.00000000 -6.40550501 8.98917212
v 92.00000000 -7.17728790 8.40504301
v 92.00000000 -7.89500737 7.75792618
v 92.00000000 -8.55355864 7.05266849
v 92.00000000 -9.14800921 6.29428608
v 92.00000000 -9.67357986 5.48807069
v 92.00000000 -10.12574057 4.63972721
v 92.00000000 -10.50040531 3.75547638
v 92.00000000 -10.79417208 2.84207080
v 92.00000000 -11.00453524 1.90670533
v 92.00000000 -11.13000375 0.95684192
v 92.00000000 -11.17008787 0.00000000
v 92.00000000 -11.12516088 -0.95642558
v 92.00000000 -10.99624302 -1.90526857
v 92.00000000 -10.78478063 -2.83959806
v 92.00000000 -10.49249297 -3.75264652
v 92.00000000 -10.12133467 -4.63770837
v 92.00000000 -9.67357986 -5.48807069
v 92.00000000 -9.15199141 -6.29702603
v 92.00000000 -8.56000884 -7.05798687
v 92.00000000 -7.90188239 -7.76468182
v 92.00000000 -7.18270026 -8.41138121
v 92.00000000 -6.40829338 -8.99308518
v 92.00000000 -5.58504393 -9.50561727
v 92.00000000 -4.71965587 -9.94559771
v 92.00000000 -3.81895512 -10.31031158
v 92.00000000 -2.88977326 -10.59752424
v 92.00000000 -1.93893433 -10.80531501
v 92.00000000 -0.97332546 -10.93199446
v 92.00000000 -0.00000000 -10.97614138
v 92.00000000 0.97374915 -10.93675324
v 92.00000000 1.94039647 -10.81346325
v 92.00000000 2.89228969 -10.60675262
v 92.00000000 3.82183498 -10.31808654
v 92.00000000 4.72171037 -9.94992710
v 92.00000000 5.58504393 -9.50561727
v 92.00000000 6.40550501 -8.98917212
v 92.00000000 7.17728790 -8.40504301
v 92.00000000 7.89500737 -7.75792618
v 92.00000000 8.55355864 -7.05266849
v 92.00000000 9.14800921 -6.29428608
v 92.00000000 9.67357986 -5.48807069
v 92.00000000 10.12574057 -4.63972721
v 92.00000000 10.50040531 -3.75547638
v 92.00000000 10.79417208 -2.84207080
v 92.00000000 11.00453524 -1.90670533
v 92.00000000 11.13000375 -0.95684192
v 92.00000000 11.17008787 -0.00000000
v 92.00000000 11.12516088 0.95642558
v 92.00000000 10.99624302 1.90526857
v 92.00000000 10.78478063 2.83959806
v 92.00000000 10.49249297 3.75264652
v 92.00000000 10.12133467 4.63770837
v 92.00000000 9.67357986 5.48807069
v 92.00000000 9.15199141 6.29702603
v 92.00000000 8.56000884 7.05798687
v 92.00000000 7.90188239 7.76468182
v 92.00000000 7.18270026 8.41138121
v 92.00000000 6.40829338 8.99308518
v 92.00000000 5.58504393 9.50561727
v 92.00000000 4.71965587 9.94559771
v 92.00000000 3.81895512 10.31031158
v 92.00000000 2.88977326 10.59752424
v 92.00000000 1.93893433 10.80531501
v 92.00000000 0.97332546 10.93199446
v 94.00000000 0.00000000 10.97595755
v 94.00000000 -0.97343188 10.93657737
v 94.00000000 -1.93976518 10.81329466
v 94.00000000 -2.89134923 10.60658915
v 94.00000000 -3.82059158 10.31792567
v 94.00000000 -4.72017189 9.94976711
v 94.00000000 -5.58322042 9.50545807
v 94.00000000 -6.40340934 8.98901555
v 94.00000000 -7.17493621 8.40489250
v 94.00000000 -7.89241910 7.75778587
v 94.00000000 -8.55075601 7.05254220
v 94.00000000 -9.14501628 6.29417645
v 94.00000000 -9.67042144 5.48797877
v 94.00000000 -10.12244129 4.63965260
v 94.00000000 -10.49698909 3.75541782
v 94.00000000 -10.79066221 2.84202700
v 94.00000000 -11.00095501 1.90667560
v 94.00000000 -11.12637725 0.95682654
v 94.00000000 -11.16644085 0.00000000
v 94.00000000 -11.12152109 -0.95640893
v 94.00000000 -10.99264003 -1.90523445
v 94.00000000 -10.78124499 -2.83954670
v 94.00000000 -10.48905503 -3.75257932
v 94.00000000 -10.11802330 -4.63762760
v 94.00000000 -9.67042144 -5.48797877
v 94.00000000 -9.14900941 -6.29692478
v 94.00000000 -8.55722391 -7.05787683
v 94.00000000 -7.89931299 -7.76456215
v 94.00000000 -7.18036343 -8.41125007
v 94.00000000 -6.40620536 -8.99294057
v 94.00000000 -5.58322042 -9.50545807
v 94.00000000 -4.71811175 -9.94542448
v 94.00000000 -3.81770382 -10.31012695
v 94.00000000 -2.88882589 -10.59733257
v 94.00000000 -1.93829903 -10.80512152
v 94.00000000 -0.97300702 -10.93180405
v 94.00000000 -0.00000000 -10.97595755
v 94.00000000 0.97343188 -10.93657737
v 94.00000000 1.93976518 -10.81329466
v 94.00000000 2.89134923 -10.60658915
v 94.00000000 3.82059158 -10.31792567
v 94.00000000 4.72017189 -9.94976711
v 94.00000000 5.58322042 -9.50545807
v 94.00000000 6.40340934 -8.98901555
v 94.00000000 7.17493621 -8.40489250
v 94.00000000 7.89241910 -7.75778587
v 94.00000000 8.55075601 -7.05254220
v 94.00000000 9.14501628 -6.29417645
v 94.00000000 9.67042144 -5.48797877
v 94.00000000 10.12244129 -4.63965260
v 94.00000000 10.49698909 -3.75541782
v 94.00000000 10.79066221 -2.84202700
v 94.00000000 11.00095501 -1.90667560
v 94.00000000 11.12637725 -0.95682654
v 94.00000000 11.16644085 -0.00000000
v 94.00000000 11.12152109 0.95640893
v 94.00000000 10.99264003 1.90523445
v 94.00000000 10.78124499 2.83954670
v 94.00000000 10.48905503 3.75257932
v 94.00000000 10.11802330 4.63762760
v 94.00000000 9.67042144 5.48797877
v 94.00000000 9.14900941 6.29692478
v 94.00000000 8.55722391 7.05787683
v 94.00000000 7.89931299 7.76456215
v 94.00000000 7.18036343 8.41125007
v 94.00000000 6.40620536 8.99294057
v 94.00000000 5.58322042 9.50545807
v 94.00000000 4.71811175 9.94542448
v 94.00000000 3.81770382 10.31012695
v 94.00000000 2.88882589 10.59733257
v 94.00000000 1.93829903 10.80512152
v 94.00000000 0.97300702 10.93180405
v 96.00000000 0.00000000 10.97660694
v 96.00000000 -0.97362720 10.93719862
v 96.00000000 -1.94015106 10.81389022
v 96.00000000 -2.89192257 10.60716662
v 96.00000000 -3.82135161 10.31849395
v 96.00000000 -4.72111903 9.95033230
v 96.00000000 -5.58435392 9.50602046
v 96.00000000 -6.40472448 8.98956863
v 96.00000000 -7.17642222 8.40542417
v 96.00000000 -7.89405871 7.75828152
v 96.00000000 -8.55252696 7.05298832
v 96.00000000 -9.14689449 6.29456372
v 96.00000000 -9.67238472 5.48830347
v 96.00000000 -10.12447243 4.63991615
v 96.00000000 -10.49907725 3.75562466
v 96.00000000 -10.79280196 2.84218173
v 96.00000000 -11.00314342 1.90678061
v 96.00000000 -11.12860983 0.95688089
v 96.00000000 -11.16870784 0.00000000
v 96.00000000 -11.12380523 -0.95646777
v 96.00000000 -10.99491673 -1.90535497
v 96.00000000 -10.78348473 -2.83972813
v 96.00000000 -10.49122743 -3.75281670
v 96.00000000 -10.12010135 -4.63791294
v 96.00000000 -9.67238472 -5.48830347
v 96.00000000 -9.15084522 -6.29728247
v 96.00000000 -8.55892619 -7.05826556
v 96.00000000 -7.90087939 -7.76498489
v 96.00000000 -7.18179181 -8.41171333
v 96.00000000 -6.40749081 -8.99345141
v 96.00000000 -5.58435392 -9.50602046
v 96.00000000 -4.71908076 -9.94603640
v 96.00000000 -3.81849451 -10.31077915
v 96.00000000 -2.88942603 -10.59800965
v 96.00000000 -1.93870047 -10.80580502
v 96.00000000 -0.97320685 -10.93247666
v 96.00000000 -0.00000000 -10.97660694
v 96.00000000 0.97362720 -10.93719862
v 96.00000000 1.94015106 -10.81389022
v 96.00000000 2.89192257 -10.60716662
v 96.00000000 3.82135161 -10.31849395
v 96.00000000 4.72111903 -9.95033230
v 96.00000000 5.58435392 -9.50602046
v 96.00000000 6.40472448 -8.98956863
v 96.00000000 7.17642222 -8.40542417
v 96.00000000 7.89405871 -7.75828152
v 96.00000000 8.55252696 -7.05298832
v 96.00000000 9.14689449 -6.29456372
v 96.00000000 9.67238472 -5.48830347
v 96.00000000 10.12447243 -4.63991615
v 96.00000000 10.49907725 -3.75562466
v 96.00000000 10.79280196 -2.84218173
v 96.00000000 11.00314342 -1.90678061
v 96.00000000 11.12860983 -0.95688089
v 96.00000000 11.16870784 -0.00000000
v 96.00000000 11.12380523 0.95646777
v 96.00000000 10.99491673 1.90535497
v 96.00000000 10.78348473 2.83972813
v 96.00000000 10.49122743 3.75281670
v 96.00000000 10.12010135 4.63791294
v 96.00000000 9.67238472 5.48830347
v 96.00000000 9.15084522 6.29728247
v 96.00000000 8.55892619 7.05826556
v 96.00000000 7.90087939 7.76498489
v 96.00000000 7.18179181 8.41171333
v 96.00000000 6.40749081 8.99345141
v 96.00000000 5.58435392 9.50602046
v 96.00000000 4.71908076 9.94603640
v 96.00000000 3.81849451 10.31077915
v 96.00000000 2.88942603 10.59800965
v 96.00000000 1.93870047 10.80580502
v 96.00000000 0.97320685 10.93247666
v 98.00000000 0.00000000 10.97632211
v 98.00000000 -0.97358285 10.93692614
v 98.00000000 -1.94006415 10.81362900
v 98.00000000 -2.89179383 10.60691334
v 98.00000000 -3.82118042 10.31824470
v 98.00000000 -4.72090396 9.95008440
v 98.00000000 -5.58409375 9.50577379
v 98.00000000 -6.40441945 8.98932605
v 98.00000000 -7.17607500 8.40519098
v 98.00000000 -7.89367457 7.75806412
v 98.00000000 -8.55211316 7.05279265
v 98.00000000 -9.14645887 6.29439386
v 98.00000000 -9.67193409 5.48816106
v 98.00000000 -10.12401122 4.63980056
v 98.00000000 -10.49860693 3.75553394
v 98.00000000 -10.79232148 2.84211386
v 98.00000000 -11.00265052 1.90673455
v 98.00000000 -11.12810288 0.95685705
v 98.00000000 -11.16818750 0.00000000
v 98.00000000 -11.12327546 -0.95644196
v 98.00000000 -10.99438475 -1.90530211
v 98.00000000 -10.78295999 -2.83964855
v 98.00000000 -10.49071983 -3.75271259
v 98.00000000 -10.11961937 -4.63778779
v 98.00000000 -9.67193409 -5.48816106
v 98.00000000 -9.15042837 -6.29712558
v 98.00000000 -8.55854279 -7.05809506
v 98.00000000 -7.90052766 -7.76479948
v 98.00000000 -7.18147009 -8.41151015
v 98.00000000 -6.40719892 -8.99322735
v 98.00000000 -5.58409375 -9.50577379
v 98.00000000 -4.71885601 -9.94576801
v 98.00000000 -3.81830975 -10.31049309
v 98.00000000 -2.88928542 -10.59771268
v 98.00000000 -1.93860667 -10.80550523
v 98.00000000 -0.97316050 -10.93218165
v 98.00000000 -0.00000000 -10.97632211
v 98.00000000 0.97358285 -10.93692614
v 98.00000000 1.94006415 -10.81362900
v 98.00000000 2.89179383 -10.60691334
v 98.00000000 3.82118042 -10.31824470
v 98.00000000 4.72090396 -9.95008440
v 98.00000000 5.58409375 -9.50577379
v 98.00000000 6.40441945 -8.98932605
v 98.00000000 7.17607500 -8.40519098
v 98.00000000 7.89367457 -7.75806412
v 98.00000000 8.55211316 -7.05279265
v 98.00000000 9.14645887 -6.29439386
v 98.00000000 9.67193409 -5.48816106
v 98.00000000 10.12401122 -4.63980056
v 98.00000000 10.49860693 -3.75553394
v 98.00000000 10.79232148 -2.84211386
v 98.00000000 11.00265052 -1.90673455
v 98.00000000 11.12810288 -0.95685705
v 98.00000000 11.16818750 -0.00000000
v 98.00000000 11.12327546 0.95644196
v 98.00000000 10.99438475 1.90530211
v 98.00000000 10.78295999 2.83964855
v 98.00000000 10.49071983 3.75271259
v 98.00000000 10.11961937 4.63778779
v 98.00000000 9.67193409 5.48816106
v 98.00000000 9.15042837 6.29712558
v 98.00000000 8.55854279 7.05809506
v 98.00000000 7.90052766 7.76479948
v 98.00000000 7.18147009 8.41151015
v 98.00000000 6.40719892 8.99322735
v 98.00000000 5.58409375 9.50577379
v 98.00000000 4.71885601 9.94576801
v 98.00000000 3.81830975 10.31049309
v 98.00000000 2.88928542 10.59771268
v 98.00000000 1.93860667 10.80550523
v 98.00000000 0.97316050 10.93218165
v 100.00000000 0.00000000 10.97194218
v 100.00000000 -0.97189697 10.93273601
v 100.00000000 -1.93672726 10.80961206
v 100.00000000 -2.88683228 10.60301840
v 100.00000000 -3.81460804 10.31441178
v 100.00000000 -4.71272915 9.94627235
v 100.00000000 -5.57433546 9.50198065
v 100.00000000 -6.39312578 8.98559584
v 100.00000000 -7.16333700 8.40160515
v 100.00000000 -7.87962914 7.75472125
v 100.00000000 -8.53693261 7.04978378
v 100.00000000 -9.13032984 6.29178194
v 100.00000000 -9.65503223 5.48597109
v 100.00000000 -10.10648028 4.63802297
v 100.00000000 -10.48054946 3.75413887
v 100.00000000 -10.77380476 2.84107022
v 100.00000000 -10.98372609 1.90602626
v 100.00000000 -11.10883324 0.95649046
v 100.00000000 -11.14867091 0.00000000
v 100.00000000 -11.10366047 -0.95604508
v 100.00000000 -10.97486901 -1.90448927
v 100.00000000 -10.76377357 -2.83842498
v 100.00000000 -10.47209813 -3.75111160
v 100.00000000 -10.10177425 -4.63586330
v 100.00000000 -9.65503223 -5.48597109
v 100.00000000 -9.13458331 -6.29471304
v 100.00000000 -8.54382220 -7.05547319
v 100.00000000 -7.88697248 -7.76194818
v 100.00000000 -7.16911805 -8.40838552
v 100.00000000 -6.39610409 -8.98978188
v 100.00000000 -5.57433546 -9.50198065
v 100.00000000 -4.71053469 -9.94164092
v 100.00000000 -3.81153201 -10.30609442
v 100.00000000 -2.88414444 -10.59314623
v 100.00000000 -1.93516552 -10.80089538
v 100.00000000 -0.97144442 -10.92764524
v 100.00000000 -0.00000000 -10.97194218
v 100.00000000 0.97189697 -10.93273601
v 100.00000000 1.93672726 -10.80961206
v 100.00000000 2.88683228 -10.60301840
v 100.00000000 3.81460804 -10.31441178
v 100.00000000 4.71272915 -9.94627235
v 100.00000000 5.57433546 -9.50198065
v 100.00000000 6.39312578 -8.98559584
v 100.00000000 7.16333700 -8.40160515
v 100.00000000 7.87962914 -7.75472125
v 100.00000000 8.53693261 -7.04978378
v 100.00000000 9.13032984 -6.29178194
v 100.00000000 9.65503223 -5.48597109
v 100.00000000 10.10648028 -4.63802297
v 100.00000000 10.48054946 -3.75413887
v 100.00000000 10.77380476 -2.84107022
v 100.00000000 10.98372609 -1.90602626
v 100.00000000 11.10883324 -0.95649046
v 100.00000000 11.14867091 -0.00000000
v 100.00000000 11.10366047 0.95604508
v 100.00000000 10.97486901 1.90448927
v 100.00000000 10.76377357 2.83842498
v 100.00000000 10.47209813 3.75111160
v 100.00000000 10.10177425 4.63586330
v 100.00000000 9.65503223 5.48597109
v 100.00000000 9.13458331 6.29471304
v 100.00000000 8.54382220 7.05547319
v 100.00000000 7.88697248 7.76194818
v 100.00000000 7.16911805 8.40838552
v 100.00000000 6.39610409 8.98978188
v 100.00000000 5.57433546 9.50198065
v 100.00000000 4.71053469 9.94164092
v 100.00000000 3.81153201 10.30609442
v 100.00000000 2.88414444 10.59314623
v 100.00000000 1.93516552 10.80089538
v 100.00000000 0.97144442 10.92764524
v 100.09386653 0.00000000 10.75603931
v 100.09360439 -0.97134233 10.72600112
v 100.09260324 -1.93673079 10.61128039
v 100.09085243 -2.88744235 10.41065785
v 100.08836098 -3.81461500 10.12516590
v 100.08515844 -4.71003969 9.75819120
v 100.08129080 -5.56679311 9.31500329
v 100.07681280 -6.37947145 8.80187548
v 100.07177934 -7.14393141 8.22509742
v 100.06623873 -7.85662943 7.59020619
v 100.06023002 -8.51380593 6.90167621
v 100.05378490 -9.11082943 6.16313956
v 100.04693327 -9.64196850 5.37801966
v 100.03971003 -10.10071272 4.55031929
v 100.03216077 -10.48056857 3.68525901
v 100.02434384 -10.77608154 2.78952736
v 100.01632845 -10.98374613 1.87105503
v 100.00818932 -11.10249366 0.93840350
v 100.00000000 -11.13358622 0.00000000
v 99.99182731 -11.07994546 -0.93649769
v 99.98372895 -10.94513792 -1.86447822
v 99.97575494 -10.73235539 -2.77820828
v 99.96795228 -10.44372905 -3.67230521
v 99.96037061 -10.08019905 -4.54107799
v 99.95306673 -9.64196850 -5.37801966
v 99.94610564 -9.12937039 -6.17568183
v 99.93955753 -8.54383778 -6.92602139
v 99.93349140 -7.88863920 -7.62113048
v 99.92796747 -7.16913113 -8.25411087
v 99.92303088 -6.39245396 -8.81978770
v 99.91870920 -5.56679311 -9.31500329
v 99.91501450 -4.70047402 -9.73837317
v 99.91194961 -3.80120651 -10.08957564
v 99.90951622 -2.87572596 -10.36841447
v 99.90772226 -1.92992312 -10.57398142
v 99.90658571 -0.96936962 -10.70421755
v 99.90613347 -0.00000000 -10.75603931
v 99.90639561 0.97134233 -10.72600112
v 99.90739676 1.93673079 -10.61128039
v 99.90914757 2.88744235 -10.41065785
v 99.91163902 3.81461500 -10.12516590
v 99.91484156 4.71003969 -9.75819120
v 99.91870920 5.56679311 -9.31500329
v 99.92318720 6.37947145 -8.80187548
v 99.92822066 7.14393141 -8.22509742
v 99.93376127 7.85662943 -7.59020619
v 99.93976998 8.51380593 -6.90167621
v 99.94621510 9.11082943 -6.16313956
v 99.95306673 9.64196850 -5.37801966
v 99.96028997 10.10071272 -4.55031929
v 99.96783923 10.48056857 -3.68525901
v 99.97565616 10.77608154 -2.78952736
v 99.98367155 10.98374613 -1.87105503
v 99.99181068 11.10249366 -0.93840350
v 100.00000000 11.13358622 -0.00000000
v 100.00817269 11.07994546 0.93649769
v 100.01627105 10.94513792 1.86447822
v 100.02424506 10.73235539 2.77820828
v 100.03204772 10.44372905 3.67230521
v 100.03962939 10.08019905 4.54107799
v 100.04693327 9.64196850 5.37801966
v 100.05389436 9.12937039 6.17568183
v 100.06044247 8.54383778 6.92602139
v 100.06650860 7.88863920 7.62113048
v 100.07203253 7.16913113 8.25411087
v 100.07696912 6.39245396 8.81978770
v 100.08129080 5.56679311 9.31500329
v 100.08498550 4.70047402 9.73837317
v 100.08805039 3.80120651 10.08957564
v 100.09048378 2.87572596 10.36841447
v 100.09227774 1.92992312 10.57398142
v 100.09341429 0.96936962 10.70421755
v 101.06651946 0.00000000 10.73025818
v 101.06575021 -0.97121899 10.70088181
v 101.06276279 -1.93656534 10.58679669
v 101.05752217 -2.88723956 10.38666540
v 101.05005458 -3.81428913 10.10148985
v 101.04045037 -4.70944161 9.73472000
v 101.02885101 -5.56576968 9.29175795
v 101.01542481 -6.37793511 8.77903236
v 101.00033980 -7.14191246 8.20295891
v 100.98374244 -7.85428878 7.56913148
v 100.96574920 -8.51139984 6.88199703
v 100.94645260 -9.10863532 6.14508994
v 100.92593887 -9.64019587 5.36170223
v 100.90430968 -10.09943012 4.53571671
v 100.88169986 -10.47967325 3.67228246
v 100.85828438 -10.77532471 2.77808134
v 100.83427219 -10.98280782 1.86109267
v 100.80988940 -11.10108385 0.92995175
v 100.78535829 -11.13153936 -0.00685372
v 100.76087978 -11.07727714 -0.94165017
v 100.73662594 -10.94204471 -1.86786716
v 100.71274465 -10.72915800 -2.77985676
v 100.68937429 -10.44077754 -3.67233464
v 100.66666199 -10.07777149 -4.53968242
v 100.64477770 -9.64019587 -5.37540967
v 100.62391776 -9.12821113 -6.17201882
v 100.60429536 -8.54310791 -6.92136795
v 100.58612050 -7.88808516 -7.61543778
v 100.56957590 -7.16851869 -8.24725089
v 100.55479732 -6.39164224 -8.81162196
v 100.54186557 -5.56576968 -9.30546538
v 100.53081326 -4.69934202 -9.72753625
v 100.52164443 -3.80013225 -10.07767979
v 100.51436050 -2.87486922 -10.35584196
v 100.50898339 -1.92937771 -10.56118539
v 100.50556768 -0.96913617 -10.69162608
v 100.50419712 -0.00000000 -10.74396561
v 100.50496637 0.97121899 -10.71458924
v 100.50795379 1.93656534 -10.60050413
v 100.51319441 2.88723956 -10.40037284
v 100.52066200 3.81428913 -10.11519729
v 100.53026620 4.70944161 -9.74842743
v 100.54186557 5.56576968 -9.30546538
v 100.55529177 6.37793511 -8.79273979
v 100.57037678 7.14191246 -8.21666635
v 100.58697414 7.85428878 -7.58283892
v 100.60496738 8.51139984 -6.89570447
v 100.62426398 9.10863532 -6.15879738
v 100.64477770 9.64019587 -5.37540967
v 100.66640690 10.09943012 -4.54942414
v 100.68901672 10.47967325 -3.68598989
v 100.71243220 10.77532471 -2.79178877
v 100.73644439 10.98280782 -1.87480011
v 100.76082718 11.10108385 -0.94365919
v 100.78535829 11.13153936 -0.00685372
v 100.80983680 11.07727714 0.92794274
v 100.83409064 10.94204471 1.85415972
v 100.85797193 10.72915800 2.76614932
v 100.88134229 10.44077754 3.65862721
v 100.90405459 10.07777149 4.52597499
v 100.92593887 9.64019587 5.36170223
v 100.94679882 9.12821113 6.15831138
v 100.96642122 8.54310791 6.90766051
v 100.98459608 7.88808516 7.60173035
v 101.00114068 7.16851869 8.23354346
v 101.01591926 6.39164224 8.79791453
v 101.02885101 5.56576968 9.29175795
v 101.03990332 4.69934202 9.71382881
v 101.04907215 3.80013225 10.06397235
v 101.05635608 2.87486922 10.34213453
v 101.06173319 1.92937771 10.54747796
v 101.06514890 0.96913617 10.67791865
v 102.03845926 0.00000000 10.69113523
v 102.03719928 -0.97123966 10.66227687
v 102.03224136 -1.93666841 10.54872178
v 102.02352318 -2.88742693 10.34904256
v 102.01108744 -3.81449212 10.06421736
v 101.99508684 -4.70954183 9.69774335
v 101.97576158 -5.56564486 9.25512209
v 101.95339742 -6.37751271 8.74289878
v 101.92827860 -7.14121002 8.16758323
v 101.90065116 -7.85342381 7.53481067
v 101.87070825 -8.51056270 6.84900535
v 101.83860087 -9.10803206 6.11362549
v 101.80446831 -9.63997967 5.33186122
v 101.76847601 -10.09964506 4.50750200
v 101.73084631 -10.48023098 3.64564020
v 101.69187061 -10.77602400 2.75295004
v 101.65189880 -10.98339232 1.83744509
v 101.61131023 -11.10132011 0.90781388
v 101.57047735 -11.13128972 -0.02741278
v 101.52973561 -11.07654350 -0.96055215
v 101.48937039 -10.94096851 -1.88506757
v 101.44962535 -10.72797644 -2.79537868
v 101.41072783 -10.43975064 -3.68627845
v 101.37292060 -10.07710405 -4.55220626
v 101.33648640 -9.63997967 -5.38668679
v 101.30175408 -9.12840540 -6.18218766
v 101.26908230 -8.54356257 -6.93049436
v 101.23882479 -7.88859707 -7.62350530
v 101.21128872 -7.16890020 -8.25418505
v 101.18670074 -6.39177827 -8.81734225
v 101.16519313 -5.56564486 -9.30994766
v 101.14681553 -4.69903079 -9.73086371
v 101.13156914 -3.79975849 -10.08006359
v 101.11945154 -2.87455262 -10.35760213
v 101.11049693 -1.92918794 -10.56269659
v 101.10479708 -0.96907199 -10.69324453
v 101.10249544 -0.00000000 -10.74596080
v 101.10375542 0.97123966 -10.71710244
v 101.10871334 1.93666841 -10.60354735
v 101.11743153 2.88742693 -10.40386813
v 101.12986726 3.81449212 -10.11904293
v 101.14586787 4.70954183 -9.75256891
v 101.16519313 5.56564486 -9.30994766
v 101.18755728 6.37751271 -8.79772435
v 101.21267610 7.14121002 -8.22240880
v 101.24030355 7.85342381 -7.58963624
v 101.27024645 8.51056270 -6.90383092
v 101.30235383 9.10803206 -6.16845105
v 101.33648640 9.63997967 -5.38668679
v 101.37247870 10.09964506 -4.56232756
v 101.41010839 10.48023098 -3.70046577
v 101.44908409 10.77602400 -2.80777561
v 101.48905590 10.98339232 -1.89227066
v 101.52964447 11.10132011 -0.96263945
v 101.57047735 11.13128972 -0.02741278
v 101.61121910 11.07654350 0.90572658
v 101.65158431 10.94096851 1.83024200
v 101.69132935 10.72797644 2.74055311
v 101.73022688 10.43975064 3.63145288
v 101.76803410 10.07710405 4.49738069
v 101.80446831 9.63997967 5.33186122
v 101.83920063 9.12840540 6.12736209
v 101.87187240 8.54356257 6.87566879
v 101.90212991 7.88859707 7.56867973
v 101.92966599 7.16890020 8.19935949
v 101.95425396 6.39177827 8.76251668
v 101.97576158 5.56564486 9.25512209
v 101.99413917 4.69903079 9.67603815
v 102.00938556 3.79975849 10.02523802
v 102.02150316 2.87455262 10.30277657
v 102.03045778 1.92918794 10.50787102
v 102.03615762 0.96907199 10.63841896
v 103.00957219 0.00000000 10.63856001
v 103.00783039 -0.97141712 10.61008173
v 103.00091134 -1.93706614 10.49695628
v 102.98872389 -2.88804383 10.29769336
v 102.97132683 -3.81527550 10.01325389
v 102.94893598 -4.71040236 9.64716666
v 102.92189196 -5.56648928 9.20500089
v 102.89059994 -6.37828217 8.69338095
v 102.85546196 -7.14190889 8.11888001
v 102.81682430 -7.85412680 7.48715979
v 102.77495644 -8.51139558 6.80262635
v 102.73006650 -9.10913096 6.06868239
v 102.68234511 -9.64144226 5.28844454
v 102.63201989 -10.10149047 4.46563439
v 102.57939969 -10.48238330 3.60530181
v 102.52489221 -10.77832631 2.71411236
v 102.46898881 -10.98564798 1.80009992
v 102.41222296 -11.10334854 0.87198644
v 102.35511803 -11.13297857 -0.06167094
v 102.29814409 -11.07787990 -0.99318671
v 102.24169927 -10.94203924 -1.91605129
v 102.18612181 -10.72893674 -2.82473475
v 102.13172668 -10.44077232 -3.71408723
v 102.07885133 -10.07831987 -4.57859162
v 102.02789095 -9.64144226 -5.41178641
v 101.97930753 -9.13007334 -6.20611828
v 101.93360639 -8.54531716 -6.95332540
v 101.89128635 -7.89028248 -7.64525194
v 101.85278001 -7.17037247 -8.27482491
v 101.81840502 -6.39294618 -8.83685116
v 101.78834410 -5.56648928 -9.32834276
v 101.76266217 -4.69959774 -9.74823860
v 101.74135534 -3.80013035 -10.09660224
v 101.72441554 -2.87480993 -10.37356548
v 101.71188827 -1.92937674 -10.57838452
v 101.70390285 -0.96918891 -10.70894495
v 101.70066387 -0.00000000 -10.76190188
v 101.70240568 0.97141712 -10.73342360
v 101.70932473 1.93706614 -10.62029815
v 101.72151217 2.88804383 -10.42103524
v 101.73890923 3.81527550 -10.13659576
v 101.76130008 4.71040236 -9.77050854
v 101.78834410 5.56648928 -9.32834276
v 101.81963612 6.37828217 -8.81672283
v 101.85477410 7.14190889 -8.24222188
v 101.89341176 7.85412680 -7.61050166
v 101.93527962 8.51139558 -6.92596822
v 101.98016956 9.10913096 -6.19202427
v 102.02789095 9.64144226 -5.41178641
v 102.07821618 10.10149047 -4.58897626
v 102.13083637 10.48238330 -3.72864369
v 102.18534385 10.77832631 -2.83745423
v 102.24124725 10.98564798 -1.92344179
v 102.29801310 11.10334854 -0.99532831
v 102.35511803 11.13297857 -0.06167094
v 102.41209198 11.07787990 0.86984484
v 102.46853679 10.94203924 1.79270942
v 102.52411425 10.72893674 2.70139288
v 102.57850938 10.44077232 3.59074536
v 102.63138473 10.07831987 4.45524975
v 102.68234511 9.64144226 5.28844454
v 102.73092853 9.13007334 6.08277640
v 102.77662968 8.54531716 6.82998353
v 102.81894972 7.89028248 7.52191007
v 102.85745605 7.17037247 8.15148303
v 102.89183105 6.39294618 8.71350929
v 102.92189196 5.56648928 9.20500089
v 102.94757389 4.69959774 9.62489673
v 102.96888072 3.80013035 9.97326036
v 102.98582052 2.87480993 10.25022360
v 102.99834779 1.92937674 10.45504264
v 103.00633321 0.96918891 10.58560308
v 103.97986761 0.00000000 10.57409328
v 103.97764038 -0.97130300 10.54579361
v 103.96875851 -1.93685646 10.43293872
v 103.95310279 -2.88774095 10.23401401
v 103.93074824 -3.81486251 9.94997255
v 103.90197336 -4.70984899 9.58435303
v 103.86721825 -5.56576501 9.14274741
v 103.82700634 -6.37737149 8.63180663
v 103.78185654 -7.14082284 8.05812404
v 103.73221491 -7.85290571 7.42736731
v 103.67842733 -8.51010127 6.74393137
v 103.62075961 -9.10783038 6.01119350
v 103.55945446 -9.64018778 5.23223777
v 103.49480237 -10.10030376 4.41075507
v 103.42719907 -10.48124861 3.55177370
v 103.35716843 -10.77719596 2.66195004
v 103.28534285 -10.98445882 1.74931941
v 103.21240923 -11.10204414 0.82260996
v 103.13904132 -11.13153001 -0.10961774
v 103.06584355 -11.07629823 -1.03968358
v 102.99332694 -10.94037531 -1.96109449
v 102.92192472 -10.72726869 -2.86834573
v 102.85204002 -10.43918462 -3.75631505
v 102.78410528 -10.07688091 -4.61950769
v 102.71862817 -9.64018778 -5.45147325
v 102.65620331 -9.12900076 -6.24465628
v 102.59748189 -8.54439215 -6.99078276
v 102.54310696 -7.88945501 -7.68168171
v 102.49363592 -7.16959630 -8.31027088
v 102.44947718 -6.39219515 -8.87136081
v 102.41086439 -5.56576501 -9.36198289
v 102.37787853 -4.69892674 -9.78110795
v 102.35051172 -3.79955247 -10.12883626
v 102.32875113 -2.87436298 -10.40533078
v 102.31265400 -1.92908335 -10.60986416
v 102.30238699 -0.96905053 -10.74031893
v 102.29821503 -0.00000000 -10.79332876
v 102.30044226 0.97130300 -10.76502909
v 102.30932413 1.93685646 -10.65217420
v 102.32497985 2.88774095 -10.45324949
v 102.34733439 3.81486251 -10.16920803
v 102.37610927 4.70984899 -9.80358851
v 102.41086439 5.56576501 -9.36198289
v 102.45107630 6.37737149 -8.85104211
v 102.49622610 7.14082284 -8.27735951
v 102.54586773 7.85290571 -7.64660278
v 102.59965531 8.51010127 -6.96316685
v 102.65732303 9.10783038 -6.23042898
v 102.71862817 9.64018778 -5.45147325
v 102.78328026 10.10030376 -4.62999055
v 102.85088356 10.48124861 -3.77100917
v 102.92091420 10.77719596 -2.88118551
v 102.99273979 10.98445882 -1.96855489
v 103.06567341 11.10204414 -1.04184544
v 103.13904132 11.13153001 -0.10961774
v 103.21223909 11.07629823 0.82044810
v 103.28475570 10.94037531 1.74185901
v 103.35615792 10.72726869 2.64911026
v 103.42604262 10.43918462 3.53707957
v 103.49397736 10.07688091 4.40027221
v 103.55945446 9.64018778 5.23223777
v 103.62187932 9.12900076 6.02542081
v 103.68060075 8.54439215 6.77154729
v 103.73497568 7.88945501 7.46244624
v 103.78444672 7.16959630 8.09103540
v 103.82860545 6.39219515 8.65212533
v 103.86721825 5.56576501 9.14274741
v 103.90020411 4.69892674 9.56187247
v 103.92757092 3.79955247 9.90960078
v 103.94933151 2.87436298 10.18609530
v 103.96542863 1.92908335 10.39062868
v 103.97569565 0.96905053 10.52108345
v 104.94871979 0.00000000 10.49156660
v 104.94601737 -0.97124847 10.46350097
v 104.93518420 -1.93677149 10.35099417
v 104.91607132 -2.88762723 10.15249927
v 104.88876950 -3.81469516 9.86895905
v 104.85362078 -4.70958458 9.50392561
v 104.81116655 -5.56535904 9.06302158
v 104.76205067 -6.37679894 8.55293370
v 104.70691064 -7.14009354 7.98028263
v 104.64629301 -7.85206815 7.35074449
v 104.58061959 -8.50923213 6.66869986
v 104.51021234 -9.10701269 5.93749261
v 104.43536410 -9.63948462 5.16016401
v 104.35642640 -10.09973672 4.34036457
v 104.27388068 -10.48078882 3.48309450
v 104.18836677 -10.77677155 2.59499863
v 104.10065865 -10.98397695 1.68411495
v 104.01159760 -11.10142086 0.75918057
v 103.92200842 -11.13071808 -0.17123859
v 103.83263002 -11.07530381 -1.09946885
v 103.74408554 -10.93925796 -2.01903843
v 103.65690186 -10.72612456 -2.92447548
v 103.57156874 -10.43811846 -3.81069381
v 103.48861246 -10.07597622 -4.67222781
v 103.40865274 -9.63948462 -5.50264118
v 103.33241745 -9.12848824 -6.29437499
v 103.26070490 -8.54401733 -7.03913826
v 103.19430388 -7.88914431 -7.72873922
v 103.13389757 -7.16928179 -8.35608269
v 103.07998525 -6.39183628 -8.91598363
v 103.03285030 -5.56535904 -9.40549875
v 102.99258777 -4.69850487 -9.82364113
v 102.95918332 -3.79916442 -10.17055964
v 102.93261727 -2.87405641 -10.44645855
v 102.91295758 -1.92888633 -10.65063226
v 102.90040854 -0.96896353 -10.78095901
v 102.89529706 -0.00000000 -10.83404377
v 102.89799947 0.97124847 -10.80597815
v 102.90883265 1.93677149 -10.69347134
v 102.92794553 2.88762723 -10.49497644
v 102.95524735 3.81469516 -10.21143623
v 102.99039607 4.70958458 -9.84640278
v 103.03285030 5.56535904 -9.40549875
v 103.08196618 6.37679894 -8.89541087
v 103.13710620 7.14009354 -8.32275980
v 103.19772383 7.85206815 -7.69322166
v 103.26339726 8.50923213 -7.01117703
v 103.33380451 9.10701269 -6.27996978
v 103.40865274 9.63948462 -5.50264118
v 103.48759045 10.09973672 -4.68284175
v 103.57013617 10.48078882 -3.82557167
v 103.65565007 10.77677155 -2.93747581
v 103.74335820 10.98397695 -2.02659212
v 103.83241925 11.10142086 -1.10165774
v 103.92200842 11.13071808 -0.17123859
v 104.01138683 11.07530381 0.75699167
v 104.09993131 10.93925796 1.67656126
v 104.18711498 10.72612456 2.58199831
v 104.27244810 10.43811846 3.46821664
v 104.35540439 10.07597622 4.32975064
v 104.43536410 9.63948462 5.16016401
v 104.51159940 9.12848824 5.95189782
v 104.58331195 8.54401733 6.69666109
v 104.64971297 7.88914431 7.38626205
v 104.71011927 7.16928179 8.01360552
v 104.76403160 6.39183628 8.57350646
v 104.81116655 5.56535904 9.06302158
v 104.85142908 4.69850487 9.48116396
v 104.88483353 3.79916442 9.82808247
v 104.91139957 2.87405641 10.10398138
v 104.93105927 1.92888633 10.30815508
v 104.94360830 0.96896353 10.43848184
v 105.91623776 0.00000000 10.39508305
v 105.91305381 -0.97087888 10.36713784
v 105.90026601 -1.93604310 10.25490081
v 105.87769703 -2.88654593 10.05681536
v 105.84545370 -3.81326051 9.77381935
v 105.80394079 -4.70779243 9.40946517
v 105.75379934 -5.56320739 8.96937929
v 105.69579170 -6.37429469 8.46025281
v 105.63067237 -7.13725760 7.88870778
v 105.55908757 -7.84893654 7.26041607
v 105.48153518 -8.50585239 6.57974748
v 105.39839432 -9.10343625 5.85002954
v 105.31000930 -9.63575785 5.07428417
v 105.21679385 -10.09589345 4.25614265
v 105.11931578 -10.47684713 3.40058863
v 105.01833074 -10.77273606 2.51425426
v 104.91475346 -10.97984602 1.60516818
v 104.80957852 -11.09719642 0.68205957
v 104.70378085 -11.12641478 -0.24651471
v 104.59823336 -11.07095440 -1.17289315
v 104.49367160 -10.93491305 -2.09061993
v 104.39071686 -10.72184671 -2.99424208
v 104.28994641 -10.43397259 -3.87869295
v 104.19198099 -10.07201925 -4.73852444
v 104.09755239 -9.63575785 -5.56731359
v 104.00752089 -9.12501457 -6.35750990
v 103.92283062 -8.54080404 -7.10082689
v 103.84441456 -7.88619013 -7.78907581
v 103.77308061 -7.16658552 -8.41516588
v 103.70941858 -6.38940399 -8.97392031
v 103.65376236 -5.56320739 -9.46240870
v 103.60622250 -4.69665971 -9.87966067
v 103.56678007 -3.79765545 -10.22584242
v 103.53541013 -2.87291017 -10.50117286
v 103.51219207 -1.92812020 -10.70495514
v 103.49736751 -0.96858300 -10.83506869
v 103.49132393 -0.00000000 -10.88811247
v 103.49450789 0.97087888 -10.86016726
v 103.50729568 1.93604310 -10.74793023
v 103.52986467 2.88654593 -10.54984478
v 103.56210799 3.81326051 -10.26684877
v 103.60362091 4.70779243 -9.90249458
v 103.65376236 5.56320739 -9.46240870
v 103.71176999 6.37429469 -8.95328223
v 103.77688932 7.13725760 -8.38173720
v 103.84847412 7.84893654 -7.75344549
v 103.92602651 8.50585239 -7.07277690
v 104.00916737 9.10343625 -6.34305896
v 104.09755239 9.63575785 -5.56731359
v 104.19076784 10.09589345 -4.74917207
v 104.28824591 10.47684713 -3.89361804
v 104.38923095 10.77273606 -3.00728368
v 104.49280823 10.97984602 -2.09819760
v 104.59798317 11.09719642 -1.17508899
v 104.70378085 11.12641478 -0.24651471
v 104.80932834 11.07095440 0.67986373
v 104.91389010 10.93491305 1.59759052
v 105.01684484 10.72184671 2.50121266
v 105.11761528 10.43397259 3.38566354
v 105.21558071 10.07201925 4.24549502
v 105.31000930 9.63575785 5.07428417
v 105.40004080 9.12501457 5.86448048
v 105.48473108 8.54080404 6.60779748
v 105.56314713 7.88619013 7.29604639
v 105.63448109 7.16658552 7.92213646
v 105.69814311 6.38940399 8.48089089
v 105.75379934 5.56320739 8.96937929
v 105.80133919 4.69665971 9.38663125
v 105.84078162 3.79765545 9.73281300
v 105.87215156 2.87291017 10.00814344
v 105.89536962 1.92812020 10.21192572
v 105.91019419 0.96858300 10.34203927
v 106.88114436 0.00000000 10.27602693
v 106.87751333 -0.97049800 10.24844651
v 106.86280569 -1.93532172 10.13673088
v 106.83680966 -2.88549119 9.93927143
v 106.79964659 -3.81183968 9.65698992
v 106.75178712 -4.70594552 9.29346115
v 106.69397865 -5.56087482 8.85436219
v 106.62710985 -6.37144968 8.34644321
v 106.55205852 -7.13393050 7.77637181
v 106.46957339 -7.84522064 7.14983500
v 106.38022689 -8.50188730 6.47118100
v 106.28445024 -9.09937317 5.74368511
v 106.18263241 -9.63171772 4.97030188
v 106.07524313 -10.09193274 4.15459932
v 105.96293281 -10.47294344 3.30151776
v 105.84657243 -10.76879973 2.41767295
v 105.72721986 -10.97575491 1.51110013
v 105.60602653 -11.09284289 0.59054544
v 105.48412045 -11.12174964 -0.33542318
v 105.36250922 -11.06601316 -1.25915219
v 105.24203855 -10.92981564 -2.17421782
v 105.12341965 -10.71677069 -3.07521782
v 105.00731218 -10.42910870 -3.95714161
v 104.89442750 -10.06752387 -4.81458587
v 104.78560850 -9.63171772 -5.64114823
v 104.68185025 -9.12143474 -6.42927036
v 104.58424757 -8.53762171 -7.17063630
v 104.49388323 -7.88330854 -7.85702166
v 104.41169372 -7.16391523 -8.48131297
v 104.33835986 -6.38689737 -9.03833889
v 104.27426226 -5.56087482 -9.52520854
v 104.21951983 -4.69456348 -9.94101858
v 104.17410048 -3.79588514 -10.28601280
v 104.13796671 -2.87155005 -10.56047600
v 104.11120574 -1.92722139 -10.76374579
v 104.09409771 -0.96815070 -10.89369416
v 104.08709654 -0.00000000 -10.94687328
v 104.09072758 0.97049800 -10.91929286
v 104.10543522 1.93532172 -10.80757723
v 104.13143125 2.88549119 -10.61011778
v 104.16859431 3.81183968 -10.32783627
v 104.21645378 4.70594552 -9.96430750
v 104.27426226 5.56087482 -9.52520854
v 104.34113106 6.37144968 -9.01728956
v 104.41618238 7.13393050 -8.44721816
v 104.49866752 7.84522064 -7.82068135
v 104.58801401 8.50188730 -7.14202736
v 104.68379066 9.09937317 -6.41453147
v 104.78560850 9.63171772 -5.64114823
v 104.89299778 10.09193274 -4.82544568
v 105.00530810 10.47294344 -3.97236411
v 105.12166847 10.76879973 -3.08851930
v 105.24102105 10.97575491 -2.18194648
v 105.36221437 11.09284289 -1.26139179
v 105.48412045 11.12174964 -0.33542318
v 105.60573169 11.06601316 0.58830584
v 105.72620236 10.92981564 1.50337146
v 105.84482126 10.71677069 2.40437147
v 105.96092873 10.42910870 3.28629526
v 106.07381341 10.06752387 4.14373952
v 106.18263241 9.63171772 4.97030188
v 106.28639065 9.12143474 5.75842401
v 106.38399333 8.53762171 6.49978994
v 106.47435768 7.88330854 7.18617531
v 106.55654719 7.16391523 7.81046661
v 106.62988104 6.38689737 8.36749253
v 106.69397865 5.56087482 8.85436219
v 106.74872108 4.69456348 9.27017223
v 106.79414043 3.79588514 9.61516645
v 106.83027419 2.87155005 9.88962964
v 106.85703517 1.92722139 10.09289944
v 106.87414320 0.96815070 10.22284781
v 107.84381799 0.00000000 10.14097146
v 107.83974661 -0.97023128 10.11372919
v 107.82312879 -1.93482381 10.00253676
v 107.79371738 -2.88476733 9.80574041
v 107.75164792 -3.81085897 9.52424712
v 107.69745735 -4.70465219 9.16164957
v 107.63200034 -5.55921293 8.72366648
v 107.55629297 -6.36939210 8.21709662
v 107.47133719 -7.13150065 7.64864421
v 107.37798446 -7.84249773 7.02400653
v 107.27688143 -8.49899152 6.34751032
v 107.16851039 -9.09643464 5.62238281
v 107.05330377 -9.62883924 4.85151728
v 106.93178613 -10.08915918 4.03842378
v 106.80468968 -10.47024897 3.18800155
v 106.67300042 -10.76609824 2.30684816
v 106.53791945 -10.97293108 1.40300029
v 106.40075541 -11.08979425 0.48521426
v 106.26278954 -11.11842586 -0.43793691
v 106.12516399 -11.06243953 -1.35881097
v 105.98883403 -10.92609289 -2.27101603
v 105.85459987 -10.71305113 -3.16919777
v 105.72320252 -10.42555649 -4.04839797
v 105.59544314 -10.06427269 -4.90325595
v 105.47227532 -9.62883924 -5.72739109
v 105.35482907 -9.11892790 -6.51324232
v 105.24435043 -8.53542516 -7.25247212
v 105.14207259 -7.88133091 -7.93682916
v 105.04906107 -7.16207211 -8.55918373
v 104.96608760 -6.38514206 -9.11437222
v 104.89357874 -5.55921293 -9.59954030
v 104.83166057 -4.69304743 -10.01384450
v 104.78028639 -3.79459224 -10.35759714
v 104.73940495 -2.87055340 -10.63114120
v 104.70911064 -1.92656497 -10.83384520
v 104.68972229 -0.96783805 -10.96357567
v 104.68176109 -0.00000000 -11.01684527
v 104.68583248 0.97023128 -10.98960300
v 104.70245030 1.93482381 -10.87841058
v 104.73186171 2.88476733 -10.68161422
v 104.77393117 3.81085897 -10.40012093
v 104.82812173 4.70465219 -10.03752338
v 104.89357874 5.55921293 -9.59954030
v 104.96928612 6.36939210 -9.09297043
v 105.05424190 7.13150065 -8.52451802
v 105.14759462 7.84249773 -7.89988034
v 105.24869766 8.49899152 -7.22338414
v 105.35706869 9.09643464 -6.49825662
v 105.47227532 9.62883924 -5.72739109
v 105.59379296 10.08915918 -4.91429759
v 105.72088941 10.47024897 -4.06387536
v 105.85257867 10.76609824 -3.18272197
v 105.98765964 10.97293108 -2.27887411
v 106.12482368 11.08979425 -1.36108807
v 106.26278954 11.11842586 -0.43793691
v 106.40041509 11.06243953 0.48293716
v 106.53674505 10.92609289 1.39514221
v 106.67097921 10.71305113 2.29332395
v 106.80237656 10.42555649 3.17252415
v 106.93013595 10.06427269 4.02738214
v 107.05330377 9.62883924 4.85151728
v 107.17075002 9.11892790 5.63736850
v 107.28122866 8.53542516 6.37659831
v 107.38350650 7.88133091 7.06095535
v 107.47651801 7.16207211 7.68330992
v 107.55949149 6.38514206 8.23849840
v 107.63200034 5.55921293 8.72366648
v 107.69391852 4.69304743 9.13797068
v 107.74529270 3.79459224 9.48172333
v 107.78617413 2.87055340 9.75526739
v 107.81646845 1.92656497 9.95797138
v 107.83585680 0.96783805 10.08770185
v 108.80376553 0.00000000 9.98850608
v 108.79926890 -0.97033421 9.96163526
v 108.78075876 -1.93506642 9.85102304
v 108.74795014 -2.88514941 9.65496646
v 108.70099210 -3.81133683 9.37435629
v 108.64048908 -4.70515133 9.01280448
v 108.56740559 -5.55965587 8.57607478
v 108.48288814 -6.36973091 8.07101844
v 108.38806526 -7.13174144 7.50437920
v 108.28389212 -7.84270668 6.88186510
v 108.17108880 -8.49927849 6.20777905
v 108.05018653 -9.09691850 5.48529553
v 107.92165823 -9.62960644 4.71724070
v 107.78608065 -10.09022959 3.90706103
v 107.64426606 -10.47156187 3.05961047
v 107.49731512 -10.76752419 2.18146626
v 107.34657285 -10.97430701 1.28066597
v 107.19350630 -11.09097082 0.36597636
v 107.03955093 -11.11931174 -0.55402467
v 106.88598343 -11.06302798 -1.47170784
v 106.73386755 -10.92646180 -2.38071653
v 106.58409044 -10.71333656 -3.27574923
v 106.43747220 -10.42590851 -4.15190528
v 106.29490203 -10.06480804 -5.00387101
v 106.15744363 -9.62960644 -5.82529005
v 106.02636268 -9.11989537 -6.60859891
v 105.90305823 -8.53649545 -7.34543724
v 105.78891590 -7.88237478 -8.02752487
v 105.68513167 -7.16297018 -8.64771499
v 105.59256815 -6.38581949 -9.20085280
v 105.51169626 -5.55965587 -9.68412412
v 105.44264621 -4.69329707 -10.09675095
v 105.38535322 -3.79472036 -10.43912041
v 105.33974924 -2.87062988 -10.71163900
v 105.30593432 -1.92663002 -10.91370901
v 105.28426643 -0.96788953 -11.04319122
v 105.27533632 -0.00000000 -11.09655543
v 105.27983296 0.97033421 -11.06968461
v 105.29834310 1.93506642 -10.95907238
v 105.33115172 2.88514941 -10.76301580
v 105.37810975 3.81133683 -10.48240564
v 105.43861277 4.70515133 -10.12085383
v 105.51169626 5.55965587 -9.68412412
v 105.59621371 6.36973091 -9.17906778
v 105.69103660 7.13174144 -8.61242855
v 105.79520973 7.84270668 -7.98991444
v 105.90801305 8.49927849 -7.31582839
v 106.02891533 9.09691850 -6.59334488
v 106.15744363 9.62960644 -5.82529005
v 106.29302121 10.09022959 -5.01511037
v 106.43483579 10.47156187 -4.16765982
v 106.58178674 10.76752419 -3.28951560
v 106.73252901 10.97430701 -2.38871532
v 106.88559555 11.09097082 -1.47402571
v 107.03955093 11.11931174 -0.55402467
v 107.19311842 11.06302798 0.36365849
v 107.34523431 10.92646180 1.27266719
v 107.49501142 10.71333656 2.16769988
v 107.64162966 10.42590851 3.04385594
v 107.78419982 10.06480804 3.89582167
v 107.92165823 9.62960644 4.71724070
v 108.05273918 9.11989537 5.50054956
v 108.17604362 8.53649545 6.23738789
v 108.29018595 7.88237478 6.91947553
v 108.39397018 7.16297018 7.53966565
v 108.48653371 6.38581949 8.09280345
v 108.56740559 5.55965587 8.57607478
v 108.63645564 4.69329707 8.98870160
v 108.69374864 3.79472036 9.33107106
v 108.73935261 2.87062988 9.60358965
v 108.77316753 1.92663002 9.80565966
v 108.79483542 0.96788953 9.93514187
v 109.76078521 0.00000000 9.81935552
v 109.75587480 -0.97048083 9.79286128
v 109.73548730 -1.93539603 9.68286022
v 109.69929820 -2.88566115 9.48760127
v 109.64746954 -3.81198604 9.20795887
v 109.58067408 -4.70586228 8.84756280
v 109.49998796 -5.56034953 8.41221944
v 109.40669019 -6.37035748 7.90882975
v 109.30203749 -7.13230484 7.34417428
v 109.18708938 -7.84327057 6.72396979
v 109.06263874 -8.49994991 6.05249421
v 108.92926404 -9.09781334 5.33286876
v 108.78747660 -9.63080789 4.56785220
v 108.63790331 -10.09175423 3.76082693
v 108.48143519 -10.47334556 2.91660049
v 108.31928711 -10.76943401 2.04172775
v 108.15294843 -10.97617634 1.14424453
v 107.98404533 -11.09264668 0.23292495
v 107.81416800 -11.12069906 -0.68365111
v 107.64472759 -11.06411621 -1.59786973
v 107.47689536 -10.92732497 -2.50341139
v 107.31164389 -10.71410685 -3.39502855
v 107.14987059 -10.42673213 -4.26787918
v 106.99255134 -10.06579808 -5.11669789
v 106.84085939 -9.63080789 -5.93515443
v 106.69619651 -9.12127340 -6.71568547
v 106.56011588 -8.53794953 -7.44991084
v 106.43415691 -7.88377286 -8.12952464
v 106.31964688 -7.16419030 -8.74736546
v 106.21753924 -6.38678439 -9.29828896
v 106.12834803 -5.56034953 -9.77952167
v 106.05220539 -4.69375873 -10.19035060
v 105.98902587 -3.79502014 -10.53123679
v 105.93872251 -2.87083628 -10.80264945
v 105.90139985 -1.92678222 -11.00402450
v 105.87745529 -0.96798474 -11.13321776
v 105.86755078 -0.00000000 -11.18665775
v 105.87246119 0.97048083 -11.16016351
v 105.89284869 1.93539603 -11.05016245
v 105.92903779 2.88566115 -10.85490350
v 105.98086645 3.81198604 -10.57526110
v 106.04766191 4.70586228 -10.21486503
v 106.12834803 5.56034953 -9.77952167
v 106.22164580 6.37035748 -9.27613198
v 106.32629850 7.13230484 -8.71147651
v 106.44124661 7.84327057 -8.09127202
v 106.56569725 8.49994991 -7.41979644
v 106.69907195 9.09781334 -6.70017099
v 106.84085939 9.63080789 -5.93515443
v 106.99043268 10.09175423 -5.12812915
v 107.14690080 10.47334556 -4.28390272
v 107.30904888 10.76943401 -3.40902998
v 107.47538756 10.97617634 -2.51154676
v 107.64429066 11.09264668 -1.60022718
v 107.81416800 11.12069906 -0.68365111
v 107.98360840 11.06411621 0.23056751
v 108.15144063 10.92732497 1.13610916
v 108.31669210 10.71410685 2.02772632
v 108.47846540 10.42673213 2.90057695
v 108.63578465 10.06579808 3.74939566
v 108.78747660 9.63080789 4.56785220
v 108.93213948 9.12127340 5.34838324
v 109.06822011 8.53794953 6.08260862
v 109.19417908 7.88377286 6.76222241
v 109.30868911 7.16419030 7.38006323
v 109.41079675 6.38678439 7.93098673
v 109.49998796 5.56034953 8.41221944
v 109.57613060 4.69375873 8.82304837
v 109.63931012 3.79502014 9.16393456
v 109.68961348 2.87083628 9.43534722
v 109.72693614 1.92678222 9.63672227
v 109.75088070 0.96798474 9.76591553
v 110.71473496 0.00000000 9.63430023
v 110.70941618 -0.97061893 9.60815759
v 110.68716118 -1.93570475 9.49877076
v 110.64760524 -2.88613959 9.30434712
v 110.59092320 -3.81259408 9.02574601
v 110.51785630 -4.70653192 8.66661071
v 110.42959278 -5.56100975 8.23278166
v 110.32754472 -6.37096339 7.73119943
v 110.21309740 -7.13285961 7.16867288
v 110.08741473 -7.84383082 6.55092278
v 109.95136196 -8.50061106 5.88220209
v 109.80556410 -9.09867867 5.16558269
v 109.65056987 -9.63195143 4.40376174
v 109.48705542 -10.09319028 3.60006253
v 109.31598983 -10.47501615 2.75924827
v 109.13870179 -10.77121958 1.88784971
v 108.95682482 -10.97792713 0.99389587
v 108.77214422 -11.09422515 0.08616171
v 108.58640479 -11.12201950 -0.82677674
v 108.40115183 -11.06516857 -1.73732415
v 108.21766351 -10.92817493 -2.63919803
v 108.03699703 -10.71487217 -3.52720219
v 107.86012625 -10.42754315 -4.39654982
v 107.68811303 -10.06675548 -5.24202180
v 107.52223971 -9.63195143 -6.05731523
v 107.36404404 -9.12257135 -6.83487181
v 107.21523344 -8.53931141 -7.56629924
v 107.07750134 -7.88507999 -8.24327415
v 106.95230641 -7.16533305 -8.85862689
v 106.84069271 -6.38769322 -9.40722574
v 106.74321680 -5.56100975 -9.88633515
v 106.66001190 -4.69420517 -10.29530033
v 106.59097090 -3.79531532 -10.63464766
v 106.53598709 -2.87104134 -10.90490172
v 106.49516908 -1.92693209 -11.10552865
v 106.46895373 -0.96807681 -11.23438124
v 106.45807463 -0.00000000 -11.28785372
v 106.46339341 0.97061893 -11.26171108
v 106.48564841 1.93570475 -11.15232425
v 106.52520435 2.88613959 -10.95790061
v 106.58188638 3.81259408 -10.67929950
v 106.65495328 4.70653192 -10.32016420
v 106.74321680 5.56100975 -9.88633515
v 106.84526486 6.37096339 -9.38475292
v 106.95971218 7.13285961 -8.82222637
v 107.08539486 7.84383082 -8.20447627
v 107.22144762 8.50061106 -7.53575558
v 107.36724549 9.09867867 -6.81913618
v 107.52223971 9.63195143 -6.05731523
v 107.68575416 10.09319028 -5.25361602
v 107.85681976 10.47501615 -4.41280176
v 108.03410780 10.77121958 -3.54140320
v 108.21598476 10.97792713 -2.64744936
v 108.40066536 11.09422515 -1.73971520
v 108.58640479 11.12201950 -0.82677674
v 108.77165776 11.06516857 0.08377066
v 108.95514607 10.92817493 0.98564454
v 109.13581256 10.71487217 1.87364870
v 109.31268333 10.42754315 2.74299633
v 109.48469655 10.06675548 3.58846832
v 109.65056987 9.63195143 4.40376174
v 109.80876555 9.12257135 5.18131832
v 109.95757614 8.53931141 5.91274575
v 110.09530824 7.88507999 6.58972066
v 110.22050317 7.16533305 7.20507340
v 110.33211687 6.38769322 7.75367225
v 110.42959278 5.56100975 8.23278166
v 110.51279769 4.69420517 8.64174684
v 110.58183868 3.79531532 8.98109417
v 110.63682249 2.87104134 9.25134823
v 110.67764050 1.92693209 9.45197516
v 110.70385586 0.96807681 9.58082775
v 111.66607511 0.00000000 9.43659980
v 111.66032262 -0.97072542 9.41065200
v 111.63618200 -1.93592965 9.30176071
v 111.59325337 -2.88648175 9.10812218
v 111.53172554 -3.81303706 8.83058805
v 111.45240533 -4.70704830 8.47279773
v 111.35658722 -5.56157061 8.04059016
v 111.24580942 -6.37154936 7.54090379
v 111.12158008 -7.13346916 6.98054142
v 110.98516470 -7.84448239 6.36521143
v 110.83750179 -8.50133750 5.69914707
v 110.67926662 -9.09951551 4.98539437
v 110.51105060 -9.63292287 4.22662092
v 110.33358378 -10.09429766 3.42611985
v 110.14791593 -10.47623321 2.58862626
v 109.95548933 -10.77249653 1.72064599
v 109.75807910 -10.97920262 0.83018596
v 109.55762591 -11.09544236 -0.07399993
v 109.35602609 -11.12314123 -0.98335797
v 109.15495783 -11.06618628 -1.89031824
v 108.95580749 -10.92910882 -2.78862740
v 108.75971997 -10.71576223 -3.67312105
v 108.56774933 -10.42843426 -4.53904463
v 108.38104598 -10.06768136 -5.38120903
v 108.20100158 -9.63292287 -6.19333685
v 108.02928725 -9.12357224 -6.96789011
v 107.86776001 -8.54030356 -7.69649242
v 107.71826204 -7.88601479 -8.37083416
v 107.58237964 -7.16616557 -8.98376006
v 107.46124666 -6.38839406 -9.53015562
v 107.35546495 -5.56157061 -10.00730610
v 107.26517450 -4.69463692 -10.41458000
v 107.19025350 -3.79563966 -10.75252679
v 107.13058135 -2.87127984 -11.02169045
v 107.08627363 -1.92709676 -11.22154967
v 107.05780544 -0.96816585 -11.34996136
v 107.04597707 -0.00000000 -11.40331573
v 107.05172955 0.97072542 -11.37736793
v 107.07587017 1.93592965 -11.26847665
v 107.11879880 2.88648175 -11.07483812
v 107.18032663 3.81303706 -10.79730399
v 107.25964684 4.70704830 -10.43951366
v 107.35546495 5.56157061 -10.00730610
v 107.46624275 6.37154936 -9.50761972
v 107.59047210 7.13346916 -8.94725736
v 107.72688747 7.84448239 -8.33192736
v 107.87455039 8.50133750 -7.66586301
v 108.03278555 9.09951551 -6.95211030
v 108.20100158 9.63292287 -6.19333685
v 108.37846839 10.09429766 -5.39283579
v 108.56413625 10.47623321 -4.55534220
v 108.75656284 10.77249653 -3.68736192
v 108.95397308 10.97920262 -2.79690189
v 109.15442626 11.09544236 -1.89271601
v 109.35602609 11.12314123 -0.98335797
v 109.55709434 11.06618628 -0.07639769
v 109.75624468 10.92910882 0.82191146
v 109.95233221 10.71576223 1.70640511
v 110.14430284 10.42843426 2.57232870
v 110.33100619 10.06768136 3.41449309
v 110.51105060 9.63292287 4.22662092
v 110.68276492 9.12357224 5.00117418
v 110.84429216 8.54030356 5.72977648
v 110.99379013 7.88601479 6.40411823
v 111.12967253 7.16616557 7.01704413
v 111.25080551 6.38839406 7.56343969
v 111.35658722 5.56157061 8.04059016
v 111.44687767 4.69463692 8.44786406
v 111.52179867 3.79563966 8.78581086
v 111.58147082 2.87127984 9.05497451
v 111.62577854 1.92709676 9.25483374
v 111.65424673 0.96816585 9.38324543
v 112.61400616 0.00000000 9.22328402
v 112.60781576 -0.97085056 9.19749915
v 112.58179139 -1.93618672 9.08909984
v 112.53549920 -2.88686914 8.89627896
v 112.46914216 -3.81354339 8.61988202
v 112.38359190 -4.70765507 8.26353956
v 112.28024748 -5.56225796 7.83307906
v 112.16077135 -6.37230283 7.33542514
v 112.02679290 -7.13428483 6.77736474
v 111.87967834 -7.84536811 6.16458849
v 111.72043933 -8.50230957 5.50131028
v 111.54980213 -9.10059159 4.79055522
v 111.36840180 -9.63411339 4.03496847
v 111.17702322 -10.09559888 3.23781927
v 110.97679708 -10.47762435 2.40381740
v 110.76927893 -10.77394231 1.53944210
v 110.55638442 -10.98066055 0.65267266
v 110.34020838 -11.09687263 -0.24776538
v 110.12279745 -11.12451592 -1.15334708
v 109.90596208 -11.06749492 -2.05653136
v 109.69119672 -10.93035849 -2.95109351
v 109.47973441 -10.71697215 -3.83189741
v 109.27270996 -10.42962668 -4.69421631
v 109.07136262 -10.06887193 -5.53288833
v 108.87719309 -9.63411339 -6.34166264
v 108.69200490 -9.12474832 -7.11302696
v 108.51780313 -8.54143763 -7.83862952
v 108.35657718 -7.88707317 -8.51018395
v 108.21003971 -7.16711716 -9.12055645
v 108.07941392 -6.38921756 -9.66465202
v 107.96534741 -5.56225796 -10.13977323
v 107.86798818 -4.69519209 -10.54530359
v 107.78720126 -3.79607367 -10.88180533
v 107.72285352 -2.87160403 -11.14983299
v 107.67506807 -1.92731711 -11.34887368
v 107.64435793 -0.96828034 -11.47679063
v 107.63158873 -0.00000000 -11.52997819
v 107.63777913 0.97085056 -11.50419332
v 107.66380350 1.93618672 -11.39579401
v 107.71009570 2.88686914 -11.20297313
v 107.77645273 3.81354339 -10.92657619
v 107.86200299 4.70765507 -10.57023373
v 107.96534741 5.56225796 -10.13977323
v 108.08482354 6.37230283 -9.64211931
v 108.21880199 7.13428483 -9.08405891
v 108.36591655 7.84536811 -8.47128266
v 108.52515556 8.50230957 -7.80800445
v 108.69579276 9.10059159 -7.09724939
v 108.87719309 9.63411339 -6.34166264
v 109.06857168 10.09559888 -5.54451344
v 109.26879781 10.47762435 -4.71051157
v 109.47631596 10.77394231 -3.84613627
v 109.68921047 10.98066055 -2.95936683
v 109.90538651 11.09687263 -2.05892879
v 110.12279745 11.12451592 -1.15334708
v 110.33963281 11.06749492 -0.25016281
v 110.55439818 10.93035849 0.64439934
v 110.76586048 10.71697215 1.52520324
v 110.97288494 10.42962668 2.38752214
v 111.17423227 10.06887193 3.22619416
v 111.36840180 9.63411339 4.03496847
v 111.55359000 9.12474832 4.80633279
v 111.72779176 8.54143763 5.53193535
v 111.88901771 7.88707317 6.20348978
v 112.03555518 7.16711716 6.81386228
v 112.16618097 6.38921756 7.35795785
v 112.28024748 5.56225796 7.83307906
v 112.37760671 4.69519209 8.23860942
v 112.45839363 3.79607367 8.57511116
v 112.52274138 2.87160403 8.84313882
v 112.57052682 1.92731711 9.04217951
v 112.60123696 0.96828034 9.17009646
v 113.55837052 0.00000000 8.99472126
v 113.55173276 -0.97086063 8.96905492
v 113.52382209 -1.93620765 8.86113236
v 113.47417288 -2.88690081 8.66915313
v 113.40300277 -3.81358462 8.39395874
v 113.31124677 -4.70770391 8.03916462
v 113.20040578 -5.56231233 7.61057430
v 113.07226325 -6.37236130 7.11508390
v 112.92856712 -7.13434714 6.55945218
v 112.77078284 -7.84543538 5.94934564
v 112.59999540 -8.50238384 5.28895962
v 112.41698350 -9.10067509 4.58130510
v 112.22242791 -9.63420756 3.82901447
v 112.01717015 -10.09570361 3.03534157
v 111.80242276 -10.47773762 2.20497503
v 111.57985410 -10.77406051 1.34436589
v 111.35151893 -10.98077926 0.46145932
v 111.11966424 -11.09698774 -0.43505627
v 110.88648530 -11.12462466 -1.33669232
v 110.65392396 -11.06759647 -2.23594031
v 110.42358293 -10.93045397 -3.12660296
v 110.19678454 -10.71706403 -4.00356730
v 109.97474562 -10.42971778 -4.86212808
v 109.75879517 -10.06896431 -5.69714652
v 109.55054269 -9.63420756 -6.50239910
v 109.35192269 -9.12484298 -7.27040566
v 109.16508597 -8.54152997 -7.99284965
v 108.99216652 -7.88715969 -8.66147955
v 108.83500146 -7.16719465 -9.26919174
v 108.69490277 -6.38928384 -9.81091320
v 108.57256482 -5.56231233 -10.28395893
v 108.46814601 -4.69523517 -10.68771653
v 108.38150112 -3.79610683 -11.02274746
v 108.31248700 -2.87162865 -11.28960526
v 108.26123552 -1.92733395 -11.48778001
v 108.22829697 -0.96828922 -11.61514394
v 108.21460008 -0.00000000 -11.66810589
v 108.22123785 0.97086063 -11.64243955
v 108.24914852 1.93620765 -11.53451700
v 108.29879772 2.88690081 -11.34253776
v 108.36996783 3.81358462 -11.06734337
v 108.46172383 4.70770391 -10.71254925
v 108.57256482 5.56231233 -10.28395893
v 108.70070735 6.37236130 -9.78846853
v 108.84440349 7.13434714 -9.23283682
v 109.00218777 7.84543538 -8.62273028
v 109.17297520 8.50238384 -7.96234425
v 109.35598711 9.10067509 -7.25468974
v 109.55054269 9.63420756 -6.50239910
v 109.75580046 10.09570361 -5.70872621
v 109.97054785 10.47773762 -4.87835966
v 110.19311651 10.77406051 -4.01775052
v 110.42145167 10.98077926 -3.13484395
v 110.65330636 11.09698774 -2.23832837
v 110.88648530 11.12462466 -1.33669232
v 111.11904665 11.06759647 -0.43744432
v 111.34938767 10.93045397 0.45321833
v 111.57618607 10.71706403 1.33018267
v 111.79822498 10.42971778 2.18874344
v 112.01417543 10.06896431 3.02376188
v 112.22242791 9.63420756 3.82901447
v 112.42104791 9.12484298 4.59702103
v 112.60788463 8.54152997 5.31946502
v 112.78080408 7.88715969 5.98809492
v 112.93796914 7.16719465 6.59580710
v 113.07806784 6.38928384 7.13752857
v 113.20040578 5.56231233 7.61057430
v 113.30482460 4.69523517 8.01433190
v 113.39146948 3.79610683 8.34936282
v 113.46048361 2.87162865 8.61622063
v 113.51173508 1.92733395 8.81439538
v 113.54467363 0.96828922 8.94175930
v 114.49847352 0.00000000 8.74925908
v 114.49139581 -0.97078504 8.72373768
v 114.46161234 -1.93606018 8.61634193
v 114.40862484 -2.88668271 8.42527518
v 114.33266528 -3.81329415 8.15137387
v 114.23473233 -4.70733740 7.79823904
v 114.11642936 -5.56186646 7.37165231
v 113.97966159 -6.37183576 6.87848368
v 113.82629602 -7.13374665 6.32546530
v 113.65789740 -7.84477015 5.71823948
v 113.47562348 -8.50166819 5.06098098
v 113.28030437 -9.09992453 4.35668300
v 113.07266528 -9.63343530 3.60796063
v 112.85360310 -10.09491764 2.81804794
v 112.62441129 -10.47693957 1.99160897
v 112.38687048 -10.77324653 1.13506449
v 112.14317433 -10.97994290 0.25632457
v 111.89572193 -11.09612383 -0.63595999
v 111.64685703 -11.12373292 -1.53333782
v 111.39865242 -11.06668370 -2.42833473
v 111.15281832 -10.92953395 -3.31478386
v 110.91076517 -10.71615531 -4.18759932
v 110.67379072 -10.42883992 -5.04210156
v 110.44331269 -10.06813390 -5.87317851
v 110.22104878 -9.63343530 -6.67463626
v 110.00906431 -9.12413260 -7.43902756
v 109.80965598 -8.54087939 -8.15807078
v 109.62510268 -7.88656382 -8.82354850
v 109.45736608 -7.16664875 -9.42838712
v 109.30784663 -6.38878642 -9.96753685
v 109.17728470 -5.56186646 -10.43832794
v 109.06584786 -4.69484794 -10.84015622
v 108.97337933 -3.79578731 -11.17358697
v 108.89972480 -2.87138516 -11.43917662
v 108.84502427 -1.92717172 -11.63642035
v 108.80986535 -0.96820937 -11.76319933
v 108.79524053 -0.00000000 -11.81593471
v 108.80231824 0.97078504 -11.79041331
v 108.83210172 1.93606018 -11.68301756
v 108.88508922 2.88668271 -11.49195081
v 108.96104878 3.81329415 -11.21804951
v 109.05898173 4.70733740 -10.86491468
v 109.17728470 5.56186646 -10.43832794
v 109.31405247 6.37183576 -9.94515931
v 109.46741804 7.13374665 -9.39214093
v 109.63581666 7.84477015 -8.78491511
v 109.81809058 8.50166819 -8.12765661
v 110.01340969 9.09992453 -7.42335864
v 110.22104878 9.63343530 -6.67463626
v 110.44011096 10.09491764 -5.88472357
v 110.66930277 10.47693957 -5.05828460
v 110.90684358 10.77324653 -4.20174013
v 111.15053972 10.97994290 -3.32300020
v 111.39799213 11.09612383 -2.43071564
v 111.64685703 11.12373292 -1.53333782
v 111.89506164 11.06668370 -0.63834090
v 112.14089574 10.92953395 0.24810822
v 112.38294889 10.71615531 1.12092369
v 112.61992333 10.42883992 1.97542593
v 112.85040137 10.06813390 2.80650288
v 113.07266528 9.63343530 3.60796063
v 113.28464974 9.12413260 4.37235193
v 113.48405808 8.54087939 5.09139514
v 113.66861138 7.88656382 5.75687287
v 113.83634798 7.16664875 6.36171149
v 113.98586743 6.38878642 6.90086122
v 114.11642936 5.56186646 7.37165231
v 114.22786620 4.69484794 7.77348059
v 114.32033473 3.79578731 8.10691134
v 114.39398926 2.87138516 8.37250099
v 114.44868979 1.92717172 8.56974472
v 114.48384871 0.96820937 8.69652370
v 115.43439832 0.00000000 8.48830647
v 115.42687302 -0.97066061 8.46290150
v 115.39521676 -1.93581060 8.35603176
v 115.33890060 -2.88630980 8.16591157
v 115.25817120 -3.81280257 7.89337370
v 115.15408961 -4.70673404 7.54200013
v 115.02835919 -5.56115920 7.11754135
v 114.88300400 -6.37103195 6.62683044
v 114.72000759 -7.13285203 6.07656379
v 114.54103266 -7.84378850 5.47235456
v 114.34730979 -8.50060203 4.81835710
v 114.13972166 -9.09877658 4.11755131
v 113.91903966 -9.63221028 3.37254139
v 113.68621760 -10.09362373 2.58654729
v 113.44263048 -10.47558896 1.76421093
v 113.19017073 -10.77185481 0.91192111
v 112.93116948 -10.97852745 0.03754754
v 112.66817604 -11.09470159 -0.85030343
v 112.40368101 -11.12231839 -1.74322368
v 112.13988720 -11.06528763 -2.63377665
v 111.87861240 -10.92816332 -3.51582559
v 111.62135601 -10.71481435 -4.38430862
v 111.36949774 -10.42753207 -5.23456789
v 111.12454464 -10.06686380 -6.06151569
v 110.88832236 -9.63221028 -6.85898876
v 110.66302559 -9.12296312 -7.61957790
v 110.45109472 -8.53977837 -8.33504452
v 110.25495114 -7.88554501 -8.99721415
v 110.07667929 -7.16572488 -9.59904985
v 109.91776744 -6.38796755 -10.13552724
v 109.77900283 -5.56115920 -10.60398871
v 109.66056422 -4.69425569 -11.00383077
v 109.56228583 -3.79531129 -11.33561306
v 109.48400436 -2.87102585 -11.59988686
v 109.42586897 -1.92693004 -11.79614867
v 109.38850400 -0.96808723 -11.92229068
v 109.37296371 -0.00000000 -11.97475383
v 109.38048900 0.97066061 -11.94934887
v 109.41214526 1.93581060 -11.84247913
v 109.46846143 2.88630980 -11.65235894
v 109.54919082 3.81280257 -11.37982107
v 109.65327242 4.70673404 -11.02844749
v 109.77900283 5.56115920 -10.60398871
v 109.92435803 6.37103195 -10.11327780
v 110.08735444 7.13285203 -9.56301115
v 110.26632936 7.84378850 -8.95880192
v 110.46005224 8.50060203 -8.30480446
v 110.66764037 9.09877658 -7.60399867
v 110.88832236 9.63221028 -6.85898876
v 111.12114442 10.09362373 -6.07299465
v 111.36473155 10.47558896 -5.25065829
v 111.61719129 10.77185481 -4.39836847
v 111.87619254 10.97852745 -3.52399490
v 112.13918598 11.09470159 -2.63614393
v 112.40368101 11.12231839 -1.74322368
v 112.66747482 11.06528763 -0.85267072
v 112.92874962 10.92816332 0.02937823
v 113.18600601 10.71481435 0.89786126
v 113.43786428 10.42753207 1.74812053
v 113.68281738 10.06686380 2.57506832
v 113.91903966 9.63221028 3.37254139
v 114.14433643 9.12296312 4.13313053
v 114.35626730 8.53977837 4.84859716
v 114.55241088 7.88554501 5.51076678
v 114.73068274 7.16572488 6.11260248
v 114.88959458 6.38796755 6.64907988
v 115.02835919 5.56115920 7.11754135
v 115.14679780 4.69425569 7.51738341
v 115.24507619 3.79531129 7.84916570
v 115.32335766 2.87102585 8.11343949
v 115.38149306 1.92693004 8.30970131
v 115.41885802 0.96808723 8.43584331
v 116.36600202 0.00000000 8.21223489
v 116.35801578 -0.97057502 8.18690579
v 116.32448194 -1.93563213 8.08055002
v 116.26484385 -2.88603947 7.89140218
v 116.17936357 -3.81245106 7.62029335
v 116.06916262 -4.70631900 7.27078061
v 115.93604065 -5.56069935 6.84857167
v 115.78213616 -6.37054022 6.36044897
v 115.60954560 -7.13233032 5.81306165
v 115.42002771 -7.84322641 5.21198771
v 115.21488614 -8.49998028 4.56136175
v 114.99505820 -9.09807431 3.86415660
v 114.76136436 -9.63141380 3.12297446
v 114.51481788 -10.09273368 2.34102891
v 114.25687656 -10.47462321 1.52294354
v 113.98954419 -10.77084595 0.67507360
v 113.71528743 -10.97751532 -0.19475772
v 113.43680321 -11.09372326 -1.07799680
v 113.15672671 -11.12139870 -1.96628598
v 112.87738967 -11.06443359 -2.85222990
v 112.60071781 -10.92736401 -3.72972093
v 112.32830105 -10.71404652 -4.59371651
v 112.06160296 -10.42676938 -5.43957479
v 111.80222118 -10.06608682 -6.26222869
v 111.55208906 -9.63141380 -7.05554642
v 111.31352881 -9.12215865 -7.81216286
v 111.08912133 -8.53899108 -8.52389246
v 110.88142705 -7.88480648 -9.18261456
v 110.69265057 -7.16506426 -9.78133706
v 110.52436731 -6.38740425 -10.31506339
v 110.37741277 -5.56069935 -10.78114363
v 110.25198022 -4.69389337 -11.17896485
v 110.14789892 -3.79503369 -11.50906856
v 110.06500005 -2.87082011 -11.77199020
v 110.00344353 -1.92678910 -11.96722253
v 109.96388969 -0.96801251 -12.09267128
v 109.94745141 -0.00000000 -12.14480686
v 109.95543764 0.97057502 -12.11947775
v 109.98897149 1.93563213 -12.01312198
v 110.04860957 2.88603947 -11.82397414
v 110.13408986 3.81245106 -11.55286532
v 110.24429080 4.70631900 -11.20335257
v 110.37741277 5.56069935 -10.78114363
v 110.53131727 6.37054022 -10.29302094
v 110.70390782 7.13233032 -9.74563362
v 110.89342571 7.84322641 -9.14455967
v 111.09856729 8.49998028 -8.49393371
v 111.31839523 9.09807431 -7.79672857
v 111.55208906 9.63141380 -7.05554642
v 111.79863554 10.09273368 -6.27360087
v 112.05657687 10.47462321 -5.45551551
v 112.32390924 10.77084595 -4.60764556
v 112.59816600 10.97751532 -3.73781424
v 112.87665021 11.09372326 -2.85457516
v 113.15672671 11.12139870 -1.96628598
v 113.43606376 11.06443359 -1.08034207
v 113.71273561 10.92736401 -0.20285104
v 113.98515238 10.71404652 0.66114454
v 114.25185047 10.42676938 1.50700283
v 114.51123225 10.06608682 2.32965673
v 114.76136436 9.63141380 3.12297446
v 114.99992461 9.12215865 3.87959090
v 115.22433209 8.53899108 4.59132049
v 115.43202637 7.88480648 5.25004260
v 115.62080285 7.16506426 5.84876510
v 115.78908612 6.38740425 6.38249143
v 115.93604065 5.56069935 6.84857167
v 116.06147320 4.69389337 7.24639289
v 116.16555450 3.79503369 7.57649660
v 116.24845338 2.87082011 7.83941823
v 116.31000989 1.92678910 8.03465056
v 116.34956373 0.96801251 8.16009931
v 117.29231400 0.00000000 7.91887205
v 117.28388186 -0.97046668 7.89367105
v 117.24849228 -1.93541407 7.78790276
v 117.18555883 -2.88571325 7.59981449
v 117.09535824 -3.81202156 7.33023334
v 116.97907346 -4.70579364 6.98269477
v 116.83860243 -5.56008644 6.56287111
v 116.67620047 -6.36984704 6.07750282
v 116.49407878 -7.13156163 5.53319846
v 116.29409272 -7.84238408 4.93550313
v 116.07761810 -8.49906420 4.28852868
v 115.84564472 -9.09708435 3.59523335
v 115.59903937 -9.63035221 2.85820764
v 115.33887214 -10.09160702 2.08064973
v 115.06668184 -10.47344315 1.26715868
v 114.78458292 -10.76962847 0.42405390
v 114.49517780 -10.97627861 -0.44088684
v 114.20131170 -11.09248486 -1.31916004
v 113.90576475 -11.12017288 -2.20245677
v 113.61099727 -11.06322966 -3.08342390
v 113.31904159 -10.92618632 -3.95598745
v 113.03157604 -10.71289588 -4.81513142
v 112.75014572 -10.42564564 -5.65623798
v 112.47643702 -10.06499153 -6.47426705
v 112.21249012 -9.63035221 -7.26312118
v 111.96075502 -9.12114034 -8.01547808
v 111.72395430 -8.53802908 -8.72320084
v 111.50478884 -7.88391522 -9.37821736
v 111.30558431 -7.16425705 -9.97357694
v 111.12800299 -6.38669122 -10.50431157
v 110.97292706 -5.56008644 -10.96778464
v 110.84056155 -4.69338263 -11.36338348
v 110.73072756 -3.79462469 -11.69164267
v 110.64324806 -2.87051180 -11.95309132
v 110.57829237 -1.92658144 -12.14722343
v 110.53655704 -0.96790718 -12.27195717
v 110.51921550 -0.00000000 -12.32378559
v 110.52764763 0.97046668 -12.29858458
v 110.56303721 1.93541407 -12.19281629
v 110.62597066 2.88571325 -12.00472802
v 110.71617125 3.81202156 -11.73514687
v 110.83245604 4.70579364 -11.38760830
v 110.97292706 5.56008644 -10.96778464
v 111.13532902 6.36984704 -10.48241635
v 111.31745072 7.13156163 -9.93811199
v 111.51743677 7.84238408 -9.34041666
v 111.73391140 8.49906420 -8.69344221
v 111.96588477 9.09708435 -8.00014688
v 112.21249012 9.63035221 -7.26312118
v 112.47265736 10.09160702 -6.48556327
v 112.74484766 10.47344315 -5.67207222
v 113.02694657 10.76962847 -4.82896743
v 113.31635169 10.97627861 -3.96402670
v 113.61021780 11.09248486 -3.08575350
v 113.90576475 11.12017288 -2.20245677
v 114.20053223 11.06322966 -1.32148963
v 114.49248790 10.92618632 -0.44892609
v 114.77995346 10.71289588 0.41021789
v 115.06138378 10.42564564 1.25132445
v 115.33509247 10.06499153 2.06935352
v 115.59903937 9.63035221 2.85820764
v 115.85077447 9.12114034 3.61056455
v 116.08757519 8.53802908 4.31828731
v 116.30674065 7.88391522 4.97330382
v 116.50594518 7.16425705 5.56866341
v 116.68352651 6.38669122 6.09939804
v 116.83860243 5.56008644 6.56287111
v 116.97096795 4.69338263 6.95846995
v 117.08080194 3.79462469 7.28672914
v 117.16828143 2.87051180 7.54817778
v 117.23323713 1.92658144 7.74230989
v 117.27497245 0.96790718 7.86704363
v 118.21343265 0.00000000 7.60955826
v 118.20455413 -0.97026486 7.58448610
v 118.16731679 -1.93500865 7.47933109
v 118.10110511 -2.88510717 7.29235508
v 118.00621059 -3.81122304 7.02438122
v 117.88387693 -4.70481503 6.67892161
v 117.73609916 -5.55894171 6.26161006
v 117.56524801 -6.36854884 5.77914129
v 117.37364813 -7.13011908 5.23807994
v 117.16325070 -7.84080213 4.64393591
v 116.93550337 -8.49734503 4.00079729
v 116.69144860 -9.09523033 3.31160788
v 116.43199980 -9.62836948 2.57894708
v 116.15828415 -10.08950839 1.80599794
v 115.87192135 -10.47124925 0.99733434
v 115.57513586 -10.76736656 0.15923797
v 115.27066483 -10.97397938 -0.70056170
v 114.96150054 -11.09017809 -1.57361473
v 114.65056695 -11.11788342 -2.45166410
v 114.34045213 -11.06097494 -3.32740135
v 114.03329456 -10.92397619 -4.19478756
v 113.73086087 -10.71073489 -5.04883396
v 113.43477768 -10.42353676 -5.88494709
v 113.14681994 -10.06294024 -6.69811467
v 112.86913410 -9.62836948 -7.48227528
v 112.60429697 -9.11924353 -8.23015225
v 112.35517151 -8.53624060 -8.93366085
v 112.12459770 -7.88225939 -9.58478120
v 111.91502119 -7.16275634 -10.17660702
v 111.72819056 -6.38536306 -10.70420044
v 111.56503474 -5.55894171 -11.16493826
v 111.42577107 -4.69242610 -11.55820674
v 111.31021338 -3.79385712 -11.88453160
v 111.21817712 -2.86993276 -12.14443397
v 111.14984126 -1.92619174 -12.33740848
v 111.10593829 -0.96770991 -12.46138665
v 111.08770125 -0.00000000 -12.51288646
v 111.09657977 0.97026486 -12.48781429
v 111.13381711 1.93500865 -12.38265929
v 111.20002879 2.88510717 -12.19568327
v 111.29492331 3.81122304 -11.92770941
v 111.41725697 4.70481503 -11.58224981
v 111.56503474 5.55894171 -11.16493826
v 111.73588590 6.36854884 -10.68246949
v 111.92748577 7.13011908 -10.14140814
v 112.13788320 7.84080213 -9.54726411
v 112.36563053 8.49734503 -8.90412549
v 112.60968530 9.09523033 -8.21493608
v 112.86913410 9.62836948 -7.48227528
v 113.14284975 10.08950839 -6.70932614
v 113.42921255 10.47124925 -5.90066253
v 113.72599804 10.76736656 -5.06256617
v 114.03046907 10.97397938 -4.20276649
v 114.33963336 11.09017809 -3.32971347
v 114.65056695 11.11788342 -2.45166410
v 114.96068177 11.06097494 -1.57592685
v 115.26783934 10.92397619 -0.70854064
v 115.57027303 10.71073489 0.14550576
v 115.86635622 10.42353676 0.98161890
v 116.15431397 10.06294024 1.79478647
v 116.43199980 9.62836948 2.57894708
v 116.69683693 9.11924353 3.32682406
v 116.94596239 8.53624060 4.03033266
v 117.17653620 7.88225939 4.68145301
v 117.38611271 7.16275634 5.27327882
v 117.57294334 6.38536306 5.80087224
v 117.73609916 5.55894171 6.26161006
v 117.87536283 4.69242610 6.65487854
v 117.99092052 3.79385712 6.98120340
v 118.08295678 2.86993276 7.24110577
v 118.15129264 1.92619174 7.43408029
v 118.19519561 0.96770991 7.55805845
v 119.12845837 0.00000000 7.28270463
v 119.11915860 -0.97022732 7.25783126
v 119.08010553 -1.93493911 7.15337910
v 119.01065071 -2.88500640 6.96761373
v 118.91109924 -3.81108608 6.70135125
v 118.78275742 -4.70463300 6.35808544
v 118.62772136 -5.55870567 5.94342266
v 118.44848186 -6.36825434 5.46402486
v 118.24748074 -7.12976958 4.92642294
v 118.02676635 -7.84040982 4.33609549
v 117.78785689 -8.49692851 3.69710309
v 117.53184380 -9.09480974 3.01236500
v 117.25968241 -9.62796064 2.28443628
v 116.97255253 -10.08911802 1.51647254
v 116.67215185 -10.47087295 0.71301441
v 116.36081400 -10.76699047 -0.11969648
v 116.04141179 -10.97358502 -0.97397651
v 115.71708625 -11.08974901 -1.84142457
v 115.39090645 -11.11741134 -2.71383206
v 115.06558802 -11.06046345 -3.58393573
v 114.74337363 -10.92344073 -4.44573727
v 114.42611476 -10.71019899 -5.29428464
v 114.11551576 -10.42302584 -6.12501941
v 113.81343714 -10.06247491 -6.93296538
v 113.52213049 -9.62796064 -7.71210041
v 113.24430039 -9.11889070 -8.45519078
v 112.98295276 -8.53593384 -9.15419676
v 112.74106974 -7.88198407 -9.80114228
v 112.52121899 -7.16249894 -10.38915982
v 112.32523528 -6.38511601 -10.91334207
v 112.15409154 -5.55870567 -11.37108679
v 112.00801261 -4.69220911 -11.76179265
v 111.88679933 -3.79367115 -12.08599228
v 111.79025486 -2.86978917 -12.34421220
v 111.71856532 -1.92609732 -12.53595457
v 111.67249979 -0.96766517 -12.65916244
v 111.65335453 -0.00000000 -12.71036876
v 111.66265430 0.97022732 -12.68549539
v 111.70170736 1.93493911 -12.58104323
v 111.77116219 2.88500640 -12.39527786
v 111.87071365 3.81108608 -12.12901538
v 111.99905548 4.70463300 -11.78574957
v 112.15409154 5.55870567 -11.37108679
v 112.33333103 6.36825434 -10.89168899
v 112.53433215 7.12976958 -10.35408707
v 112.75504655 7.84040982 -9.76375962
v 112.99395601 8.49692851 -9.12476722
v 113.24996910 9.09480974 -8.44002913
v 113.52213049 9.62796064 -7.71210041
v 113.80926037 10.08911802 -6.94413667
v 114.10966105 10.47087295 -6.14067854
v 114.42099890 10.76699047 -5.30796765
v 114.74040111 10.97358502 -4.45368762
v 115.06472665 11.08974901 -3.58623956
v 115.39090645 11.11741134 -2.71383206
v 115.71622488 11.06046345 -1.84372840
v 116.03843927 10.92344073 -0.98192686
v 116.35569813 10.71019899 -0.13337949
v 116.66629714 10.42302584 0.69735528
v 116.96837576 10.06247491 1.50530125
v 117.25968241 9.62796064 2.28443628
v 117.53751251 9.11889070 3.02752665
v 117.79886014 8.53593384 3.72653263
v 118.04074316 7.88198407 4.37347815
v 118.26059391 7.16249894 4.96149569
v 118.45657762 6.38511601 5.48567794
v 118.62772136 5.55870567 5.94342266
v 118.77380029 4.69220911 6.33412852
v 118.89501357 3.79367115 6.65832815
v 118.99155804 2.86978917 6.91654807
v 119.06324758 1.92609732 7.10829044
v 119.10931311 0.96766517 7.23149831
v 120.03839950 0.00000000 6.94190807
v 120.02865077 -0.97029116 6.91715948
v 119.98776569 -1.93506089 6.81336666
v 119.91506857 -2.88518495 6.62881427
v 119.81087948 -3.81132593 6.36431486
v 119.67656388 -4.70494255 6.02333484
v 119.51431208 -5.55909320 5.61143464
v 119.32672685 -6.36872333 5.13522179
v 119.11636042 -7.13031521 4.60117549
v 118.88535499 -7.84101812 4.01473406
v 118.63530006 -8.49757877 3.37993263
v 118.36734027 -9.09547953 2.69967707
v 118.08247861 -9.62863187 1.97651363
v 117.78195279 -10.08978186 1.21358437
v 117.46754118 -10.47153194 0.41540401
v 117.14168615 -10.76765682 -0.41182718
v 116.80739287 -10.97427564 -1.26048011
v 116.46794663 -11.09047869 -2.12221458
v 116.12655773 -11.11818640 -2.98888081
v 115.78606768 -11.06127800 -3.85326514
v 115.44882448 -10.92427669 -4.70940689
v 115.11676785 -10.71102995 -5.55238177
v 114.79168382 -10.42382350 -6.37765566
v 114.47552125 -10.06321596 -7.18028110
v 114.17063684 -9.62863187 -7.95427525
v 113.87985975 -9.11949070 -8.69245592
v 113.60633322 -8.53647105 -9.38684345
v 113.35317531 -7.88247187 -10.02952225
v 113.12307112 -7.16294971 -10.61367578
v 112.91794048 -6.38553613 -11.13443023
v 112.73880338 -5.55909320 -11.58919625
v 112.58589857 -4.69255467 -11.97736774
v 112.45902179 -3.79396148 -12.29946319
v 112.35797058 -2.87001183 -12.55599664
v 112.28294148 -1.92624473 -12.74646910
v 112.23473871 -0.96773643 -12.86883898
v 112.21471596 -0.00000000 -12.91966968
v 112.22446469 0.97029116 -12.89492109
v 112.26534977 1.93506089 -12.79112827
v 112.33804689 2.88518495 -12.60657588
v 112.44223597 3.81132593 -12.34207648
v 112.57655158 4.70494255 -12.00109646
v 112.73880338 5.55909320 -11.58919625
v 112.92638861 6.36872333 -11.11298340
v 113.13675504 7.13031521 -10.57893711
v 113.36776047 7.84101812 -9.99249568
v 113.61781540 8.49757877 -9.35769425
v 113.88577519 9.09547953 -8.67743869
v 114.17063684 9.62863187 -7.95427525
v 114.47116267 10.08978186 -7.19134598
v 114.78557428 10.47153194 -6.39316563
v 115.11142931 10.76765682 -5.56593444
v 115.44572259 10.97427564 -4.71728151
v 115.78516882 11.09047869 -3.85554703
v 116.12655773 11.11818640 -2.98888081
v 116.46704777 11.06127800 -2.12449647
v 116.80429098 10.92427669 -1.26835472
v 117.13634761 10.71102995 -0.42537985
v 117.46143164 10.42382350 0.39989404
v 117.77759421 10.06321596 1.20251948
v 118.08247861 9.62863187 1.97651363
v 118.37325571 9.11949070 2.71469430
v 118.64678224 8.53647105 3.40908184
v 118.89994015 7.88247187 4.05176064
v 119.13004434 7.16294971 4.63591416
v 119.33517498 6.38553613 5.15666862
v 119.51431208 5.55909320 5.61143464
v 119.66721689 4.69255467 5.99960612
v 119.79409366 3.79396148 6.32170158
v 119.89514488 2.87001183 6.57823502
v 119.97017397 1.92624473 6.76870749
v 120.01837675 0.96773643 6.89107736
v 120.94180158 0.00000000 6.58414052
v 120.93162477 -0.97034149 6.55957153
v 120.88893666 -1.93516204 6.45651331
v 120.81303129 -2.88533619 6.27326155
v 120.70424277 -3.81152517 6.01062283
v 120.56399707 -4.70518663 5.67203975
v 120.39458169 -5.55937857 5.26303484
v 120.19871489 -6.36904679 4.79017057
v 119.97906206 -7.13067450 4.25988172
v 119.73786019 -7.84141208 3.67756890
v 119.47676886 -8.49800695 3.04723867
v 119.19698291 -9.09594148 2.37177562
v 118.89954914 -9.62912614 1.65370699
v 118.58575947 -10.09030529 0.89615171
v 118.25747057 -10.47207933 0.10359218
v 117.91723259 -10.76822125 -0.71781495
v 117.56818360 -10.97484931 -1.56049375
v 117.21375422 -11.09105403 -2.41616197
v 116.85729670 -11.11875714 -3.27672654
v 116.50177811 -11.06183979 -4.13502436
v 116.14964995 -10.92482715 -4.98513694
v 115.80293729 -10.71156810 -5.82217534
v 115.46350468 -10.42434874 -6.64163815
v 115.13338677 -10.06372706 -7.43861329
v 114.81504427 -9.62912614 -8.20716008
v 114.51143141 -9.11996380 -8.94014636
v 114.22583061 -8.53691728 -9.62964767
v 113.96149800 -7.88288506 -10.26780304
v 113.72123753 -7.16332414 -10.84784313
v 113.50705385 -6.38586740 -11.36492827
v 113.32001172 -5.55937857 -11.81648793
v 113.16035992 -4.69279300 -12.20192147
v 113.02788459 -3.79415265 -12.52174520
v 112.92237380 -2.87015602 -12.77647079
v 112.84403252 -1.92634179 -12.96560337
v 112.79370057 -0.96778558 -13.08711545
v 112.77279183 -0.00000000 -13.13759361
v 112.78296864 0.97034149 -13.11302462
v 112.82565675 1.93516204 -13.00996640
v 112.90156211 2.88533619 -12.82671464
v 113.01035063 3.81152517 -12.56407592
v 113.15059634 4.70518663 -12.22549284
v 113.32001172 5.55937857 -11.81648793
v 113.51587851 6.36904679 -11.34362365
v 113.73553135 7.13067450 -10.81333481
v 113.97673321 7.84141208 -10.23102199
v 114.23782454 8.49800695 -9.60069176
v 114.51761050 9.09594148 -8.92522871
v 114.81504427 9.62912614 -8.20716008
v 115.12883394 10.09030529 -7.44960480
v 115.45712284 10.47207933 -6.65704527
v 115.79736081 10.76822125 -5.83563814
v 116.14640980 10.97484931 -4.99295934
v 116.50083919 11.09105403 -4.13729112
v 116.85729670 11.11875714 -3.27672654
v 117.21281530 11.06183979 -2.41842873
v 117.56494346 10.92482715 -1.56831615
v 117.91165612 10.71156810 -0.73127775
v 118.25108873 10.42434874 0.08818506
v 118.58120664 10.06372706 0.88516020
v 118.89954914 9.62912614 1.65370699
v 119.20316200 9.11996380 2.38669327
v 119.48876280 8.53691728 3.07619459
v 119.75309541 7.88288506 3.71434996
v 119.99335587 7.16332414 4.29439004
v 120.20753955 6.38586740 4.81147518
v 120.39458169 5.55937857 5.26303484
v 120.55423349 4.69279300 5.64846838
v 120.68670882 3.79415265 5.96829212
v 120.79221961 2.87015602 6.22301770
v 120.87056089 1.92634179 6.41215028
v 120.92089284 0.96778558 6.53366237
v 121.83925795 0.00000000 6.21166972
v 121.82863832 -0.97036932 6.18724624
v 121.78414372 -1.93521266 6.08491566
v 121.70504137 -2.88540901 5.90299272
v 121.59168013 -3.81162487 5.64227972
v 121.44554430 -4.70532156 5.30619032
v 121.26901422 -5.55955716 4.90019892
v 121.06491852 -6.36927341 4.43081094
v 120.83603143 -7.13094630 3.90440667
v 120.58468247 -7.84171826 3.32634364
v 120.31260151 -8.49833087 2.70060027
v 120.02103585 -9.09626512 2.03004517
v 119.71107937 -9.62943547 1.31719406
v 119.38408104 -10.09059465 0.56514939
v 119.04197714 -10.47235326 -0.22163570
v 118.68742502 -10.76849302 -1.03704975
v 118.32369326 -10.97513640 -1.87357553
v 117.95435469 -11.09137208 -2.72299610
v 117.58290078 -11.11911432 -3.57728159
v 117.21242274 -11.06223338 -4.42932275
v 116.84547593 -10.92524357 -5.27324264
v 116.48417243 -10.71198635 -6.10418381
v 116.13045736 -10.42474608 -6.91767276
v 115.78645250 -10.06408514 -7.70882979
v 115.45472220 -9.62943547 -8.47175725
v 115.13834350 -9.12022533 -9.19937845
v 114.84073421 -8.53714060 -9.88383296
v 114.56528443 -7.88308401 -10.51732407
v 114.31491391 -7.16351153 -11.09313684
v 114.09171117 -6.38605052 -11.60646801
v 113.89678735 -5.55955716 -12.05476211
v 113.73040501 -4.69295997 -12.43741529
v 113.59234529 -3.79429727 -12.75493091
v 113.48239074 -2.87026809 -13.00780905
v 113.40075664 -1.92641521 -13.19555463
v 113.34831743 -0.96782001 -13.31615655
v 113.32654361 -0.00000000 -13.36623291
v 113.33716324 0.97036932 -13.34180943
v 113.38165785 1.93521266 -13.23947885
v 113.46076019 2.88540901 -13.05755591
v 113.57412143 3.81162487 -12.79684291
v 113.72025726 4.70532156 -12.46075350
v 113.89678735 5.55955716 -12.05476211
v 114.10088305 6.36927341 -11.58537413
v 114.32977014 7.13094630 -11.05896986
v 114.58111910 7.84171826 -10.48090683
v 114.85320006 8.49833087 -9.85516346
v 115.14476572 9.09626512 -9.18460836
v 115.45472220 9.62943547 -8.47175725
v 115.78172053 10.09059465 -7.71971258
v 116.12382442 10.47235326 -6.93292749
v 116.47837654 10.76849302 -6.11751344
v 116.84210830 10.97513640 -5.28098766
v 117.21144688 11.09137208 -4.43156709
v 117.58290078 11.11911432 -3.57728159
v 117.95337882 11.06223338 -2.72524044
v 118.32032563 10.92524357 -1.88132055
v 118.68162914 10.71198635 -1.05037938
v 119.03534420 10.42474608 -0.23689042
v 119.37934906 10.06408514 0.55426660
v 119.71107937 9.62943547 1.31719406
v 120.02745807 9.12022533 2.04481526
v 120.32506736 8.53714060 2.72926977
v 120.60051713 7.88308401 3.36276088
v 120.85088765 7.16351153 3.93857365
v 121.07409040 6.38605052 4.45190482
v 121.26901422 5.55955716 4.90019892
v 121.43539656 4.69295997 5.28285210
v 121.57345628 3.79429727 5.60036772
v 121.68341082 2.87026809 5.85324586
v 121.76504492 1.92641521 6.04099144
v 121.81748413 0.96782001 6.16159336
v 122.72942354 0.00000000 5.82211876
v 122.71839060 -0.97038470 5.79790919
v 122.67212731 -1.93524675 5.69639366
v 122.58986955 -2.88546168 5.51589547
v 122.47197958 -3.81169200 5.25720955
v 122.32000218 -4.70539615 4.92372558
v 122.13641519 -5.55963190 4.52088069
v 121.92416307 -6.36934365 4.05513592
v 121.68613319 -7.13101230 3.53282702
v 121.42474923 -7.84178574 2.95927227
v 121.14180977 -8.49840953 2.33841830
v 120.83861033 -9.09636543 1.67310784
v 120.51628624 -9.62956491 0.96583218
v 120.17623837 -10.09075460 0.21966522
v 119.82047920 -10.47253769 -0.56097701
v 119.45177226 -10.76868959 -1.37003055
v 119.07351770 -10.97532968 -2.20003443
v 118.68943253 -11.09154790 -3.04283242
v 118.30314894 -11.11926379 -3.89045441
v 117.91788203 -11.06235537 -4.73584548
v 117.53628867 -10.92534470 -5.57317569
v 117.16056393 -10.71207854 -6.39762838
v 116.79272906 -10.42484257 -7.20476835
v 116.43498941 -10.06419612 -7.98975636
v 116.09001164 -9.62956491 -8.74674099
v 115.76099670 -9.12036990 -9.46869837
v 115.45150083 -8.53729095 -10.14782508
v 115.16505166 -7.88322791 -10.77638043
v 114.90468706 -7.16363769 -11.34769839
v 114.67257929 -6.38615175 -11.85701241
v 114.46988269 -5.55963190 -12.30178950
v 114.29686790 -4.69301172 -12.68143581
v 114.15330442 -3.79433239 -12.99645712
v 114.03896364 -2.87029279 -13.24735505
v 113.95406822 -1.92643304 -13.43364105
v 113.89952802 -0.96783069 -13.55331860
v 113.87687434 -0.00000000 -13.60302757
v 113.88790728 0.97038470 -13.57881800
v 113.93417057 1.93524675 -13.47730247
v 114.01642833 2.88546168 -13.29680428
v 114.13431830 3.81169200 -13.03811836
v 114.28629570 4.70539615 -12.70463439
v 114.46988269 5.55963190 -12.30178950
v 114.68213481 6.36934365 -11.83604473
v 114.92016469 7.13101230 -11.31373583
v 115.18154865 7.84178574 -10.74018108
v 115.46448810 8.49840953 -10.11932711
v 115.76768755 9.09636543 -9.45401665
v 116.09001164 9.62956491 -8.74674099
v 116.43005951 10.09075460 -8.00057403
v 116.78581867 10.47253769 -7.21993180
v 117.15452561 10.76868959 -6.41087826
v 117.53278017 10.97532968 -5.58087438
v 117.91686535 11.09154790 -4.73807639
v 118.30314894 11.11926379 -3.89045441
v 118.68841585 11.06235537 -3.04506333
v 119.07000921 10.92534470 -2.20773312
v 119.44573394 10.71207854 -1.38328043
v 119.81356882 10.42484257 -0.57614047
v 120.17130847 10.06419612 0.20884754
v 120.51628624 9.62956491 0.96583218
v 120.84530117 9.12036990 1.68778956
v 121.15479704 8.53729095 2.36691627
v 121.44124622 7.88322791 2.99547162
v 121.70161081 7.16363769 3.56678957
v 121.93371859 6.38615175 4.07610359
v 122.13641519 5.55963190 4.52088069
v 122.30942997 4.69301172 4.90052699
v 122.45299346 3.79433239 5.21554830
v 122.56733423 2.87029279 5.46644624
v 122.65222965 1.92643304 5.65273224
v 122.70676985 0.96783069 5.77240978
v 123.61210175 0.00000000 5.41595867
v 123.60068206 -0.97045222 5.39201680
v 123.55268558 -1.93539128 5.29139010
v 123.46731288 -2.88568256 5.11240251
v 123.34493846 -3.81197667 4.85583919
v 123.18716936 -4.70572355 4.52506941
v 122.99658494 -5.55997989 4.12550086
v 122.77625017 -6.36969770 3.66355940
v 122.52916922 -7.13137204 3.14554342
v 122.25786126 -7.84216657 2.57673446
v 121.96419212 -8.49883825 1.96104430
v 121.64950167 -9.09687108 1.30128205
v 121.31496176 -9.63016766 0.59990455
v 120.96202049 -10.09145672 -0.14005223
v 120.59276345 -10.47331983 -0.91421570
v 120.21005933 -10.76951393 -1.71657158
v 119.81744062 -10.97614937 -2.53971382
v 119.41877010 -11.09231966 -3.37554395
v 119.01782178 -11.11995979 -4.21614958
v 118.61793433 -11.06297030 -5.05453105
v 118.22186393 -10.92589585 -5.88490991
v 117.83188502 -10.71259875 -6.70251771
v 117.45009086 -10.42536848 -7.50296580
v 117.07876726 -10.06475557 -8.28146192
v 116.72068179 -9.63016766 -9.03220371
v 116.37916021 -9.12100450 -9.74821861
v 116.05789964 -8.53792855 -10.42175539
v 115.76056822 -7.88383137 -11.04512367
v 115.49032394 -7.16417270 -11.61170259
v 115.24942252 -6.38659611 -12.11676294
v 115.03905861 -5.55997989 -12.55780003
v 114.85950594 -4.69327260 -12.93424003
v 114.71051649 -3.79452381 -13.24660291
v 114.59184553 -2.87043218 -13.49540175
v 114.50372052 -1.92653023 -13.68015968
v 114.44708737 -0.96788449 -13.79889356
v 114.42354181 -0.00000000 -13.84825784
v 114.43496150 0.97045222 -13.82431597
v 114.48295797 1.93539128 -13.72368927
v 114.56833068 2.88568256 -13.54470167
v 114.69070510 3.81197667 -13.28813836
v 114.84847419 4.70572355 -12.95736857
v 115.03905861 5.55997989 -12.55780003
v 115.25939339 6.36969770 -12.09585857
v 115.50647434 7.13137204 -11.57784258
v 115.77778229 7.84216657 -11.00903362
v 116.07145144 8.49883825 -10.39334347
v 116.38614189 9.09687108 -9.73358122
v 116.72068179 9.63016766 -9.03220371
v 117.07362307 10.09145672 -8.29224694
v 117.44288011 10.47331983 -7.51808346
v 117.82558423 10.76951393 -6.71572758
v 118.21820294 10.97614937 -5.89258535
v 118.61687346 11.09231966 -5.05675522
v 119.01782178 11.11995979 -4.21614958
v 119.41770922 11.06297030 -3.37776812
v 119.81377962 10.92589585 -2.54738926
v 120.20375854 10.71259875 -1.72978146
v 120.58555269 10.42536848 -0.92933337
v 120.95687630 10.06475557 -0.15083724
v 121.31496176 9.63016766 0.59990455
v 121.65648335 9.12100450 1.31591944
v 121.97774391 8.53792855 1.98945622
v 122.27507533 7.88383137 2.61282451
v 122.54531962 7.16417270 3.17940343
v 122.78622104 6.38659611 3.68446377
v 122.99658494 5.55997989 4.12550086
v 123.17613761 4.69327260 4.50194087
v 123.32512706 3.79452381 4.81430374
v 123.44379802 2.87043218 5.06310258
v 123.53192304 1.92653023 5.24786051
v 123.58855619 0.96788449 5.36659439
v 124.48710505 0.00000000 4.99362427
v 124.47532192 -0.97059054 4.96999097
v 124.42562519 -1.93568187 4.87031476
v 124.33717675 -2.88612386 4.69291463
v 124.21036231 -3.81254902 4.43856421
v 124.04685265 -4.70639427 4.11061457
v 123.84933192 -5.56071443 3.71444927
v 123.62098943 -6.37047266 3.25646509
v 123.36494912 -7.13218499 2.74292768
v 123.08382666 -7.84303851 2.17908326
v 122.77955375 -8.49980709 1.56880622
v 122.45351129 -9.09797783 0.91486621
v 122.10690333 -9.63143992 0.21967818
v 121.74122112 -10.09289509 -0.51376686
v 121.35862064 -10.47489234 -1.28114470
v 120.96207470 -10.77116088 -2.07649282
v 120.55524861 -10.97779738 -2.89245971
v 120.14215205 -11.09390068 -3.72100324
v 119.72670161 -11.12142886 -4.55426792
v 119.31235905 -11.06431626 -5.38531051
v 118.90197785 -10.92714136 -6.20840787
v 118.49790855 -10.71378985 -7.01884550
v 118.10231291 -10.42655693 -7.81228761
v 117.71755427 -10.06598007 -8.58399406
v 117.34649988 -9.63143992 -9.32821401
v 116.99260081 -9.12230455 -10.03802574
v 116.65969705 -8.53921047 -10.70572738
v 116.35159955 -7.88503702 -11.32367537
v 116.07158791 -7.16524836 -11.88529183
v 115.82200101 -6.38750641 -12.38588572
v 115.60407129 -5.56071443 -12.82298511
v 115.41807123 -4.69384360 -13.19604351
v 115.26373033 -3.79495637 -13.50560346
v 115.14078349 -2.87075134 -13.75219668
v 115.04946076 -1.92674984 -13.93536175
v 114.99074458 -0.96800224 -14.05312819
v 114.96629816 -0.00000000 -14.10216011
v 114.97808129 0.97059054 -14.07852680
v 115.02777802 1.93568187 -13.97885060
v 115.11622646 2.88612386 -13.80145046
v 115.24304090 3.81254902 -13.54710004
v 115.40655056 4.70639427 -13.21915041
v 115.60407129 5.56071443 -12.82298511
v 115.83241378 6.37047266 -12.36500092
v 116.08845409 7.13218499 -11.85146351
v 116.36957655 7.84303851 -11.28761909
v 116.67384946 8.49980709 -10.67734205
v 116.99989192 9.09797783 -10.02340205
v 117.34649988 9.63143992 -9.32821401
v 117.71218209 10.09289509 -8.59476898
v 118.09478257 10.47489234 -7.82739113
v 118.49132851 10.77116088 -7.03204301
v 118.89815460 10.97779738 -6.21607612
v 119.31125116 11.09390068 -5.38753260
v 119.72670161 11.12142886 -4.55426792
v 120.14104416 11.06431626 -3.72322533
v 120.55142536 10.92714136 -2.90012797
v 120.95549466 10.71378985 -2.08969033
v 121.35109030 10.42655693 -1.29624822
v 121.73584894 10.06598007 -0.52454178
v 122.10690333 9.63143992 0.21967818
v 122.46080240 9.12230455 0.92948991
v 122.79370616 8.53921047 1.59719155
v 123.10180366 7.88503702 2.21513953
v 123.38181530 7.16524836 2.77675600
v 123.63140221 6.38750641 3.27734989
v 123.84933192 5.56071443 3.71444927
v 124.03533198 4.69384360 4.08750768
v 124.18967288 3.79495637 4.39706763
v 124.31261972 2.87075134 4.64366084
v 124.40394245 1.92674984 4.82682591
v 124.46265863 0.96800224 4.94459235
v 125.35519463 0.00000000 4.55732568
v 125.34302920 -0.97080993 4.53395612
v 125.29162665 -1.93612706 4.43521273
v 125.20011449 -2.88679183 4.25941951
v 125.06889057 -3.81342588 4.00734071
v 124.89968670 -4.70745805 3.68230310
v 124.69528639 -5.56194113 3.28965375
v 124.45899692 -6.37184333 2.83574591
v 124.19405667 -7.13369107 2.32680042
v 123.90317499 -7.84468321 1.76802192
v 123.58834978 -8.50160196 1.16324830
v 123.25100585 -9.09993535 0.51521665
v 122.89238356 -9.63356463 -0.17369037
v 122.51402098 -10.09517638 -0.90051812
v 122.11814618 -10.47730149 -1.66098653
v 121.70783537 -10.77365378 -2.44918627
v 121.28688382 -10.98032219 -3.25782667
v 120.85944425 -11.09640822 -4.07893044
v 120.42957249 -11.12388227 -4.90470641
v 120.00085174 -11.06669685 -5.72827131
v 119.57623320 -10.92944881 -6.54395593
v 119.15814573 -10.71603656 -7.34709449
v 118.74882220 -10.42875867 -8.13339768
v 118.35070525 -10.06814586 -8.89817322
v 117.96676142 -9.63356463 -9.63572246
v 117.60056427 -9.12436645 -10.33918064
v 117.25609202 -8.54117443 -11.00090568
v 116.93729336 -7.88686195 -11.61331219
v 116.64756573 -7.16689631 -12.16987379
v 116.38933003 -6.38895017 -12.66593995
v 116.16385859 -5.56194113 -13.09906657
v 115.97142730 -4.69485352 -13.46872363
v 115.81174902 -3.79575774 -13.77546276
v 115.68454322 -2.87135334 -14.01982282
v 115.59004491 -1.92715671 -14.20135239
v 115.52927189 -0.96821052 -14.31809629
v 115.50395035 -0.00000000 -14.36673850
v 115.51611578 0.97080993 -14.34336894
v 115.56751833 1.93612706 -14.24462556
v 115.65903049 2.88679183 -14.06883233
v 115.79025440 3.81342588 -13.81675353
v 115.95945827 4.70745805 -13.49171592
v 116.16385859 5.56194113 -13.09906657
v 116.40014806 6.37184333 -12.64515873
v 116.66508831 7.13369107 -12.13621324
v 116.95596998 7.84468321 -11.57743474
v 117.27079520 8.50160196 -10.97266112
v 117.60813913 9.09993535 -10.32462947
v 117.96676142 9.63356463 -9.63572246
v 118.34512400 10.09517638 -8.90889471
v 118.74099880 10.47730149 -8.14842629
v 119.15130961 10.77365378 -7.36022655
v 119.57226116 10.98032219 -6.55158615
v 119.99970073 11.09640822 -5.73048238
v 120.42957249 11.12388227 -4.90470641
v 120.85829324 11.06669685 -4.08114151
v 121.28291177 10.92944881 -3.26545690
v 121.70099925 10.71603656 -2.46231833
v 122.11032278 10.42875867 -1.67601515
v 122.50843973 10.06814586 -0.91123960
v 122.89238356 9.63356463 -0.17369037
v 123.25858071 9.12436645 0.52976782
v 123.60305296 8.54117443 1.19149286
v 123.92185161 7.88686195 1.80389937
v 124.21157924 7.16689631 2.36046097
v 124.46981494 6.38895017 2.85652713
v 124.69528639 5.56194113 3.28965375
v 124.88771767 4.69485352 3.65931081
v 125.04739595 3.79575774 3.96604993
v 125.17460175 2.87135334 4.21041000
v 125.26910006 1.92715671 4.39193957
v 125.32987309 0.96821052 4.50868346
v 126.21520384 0.00000000 4.10538336
v 126.20267450 -0.97120575 4.08230717
v 126.14959531 -1.93692749 3.98454748
v 126.05505707 -2.88799129 3.81042970
v 125.91946895 -3.81500241 3.56070745
v 125.74462469 -4.70937740 3.23868438
v 125.53340933 -5.56416552 2.84967408
v 125.28925065 -6.37434183 2.39998974
v 125.01550334 -7.13644740 1.89580990
v 124.71497092 -7.84769777 1.34229803
v 124.38971627 -8.50488683 0.74325349
v 124.04120554 -9.10350358 0.10137659
v 123.67071209 -9.63741739 -0.58098748
v 123.27981765 -10.09929243 -1.30092547
v 122.87082015 -10.48163298 -2.05420516
v 122.44689815 -10.77813021 -2.83497235
v 122.01197687 -10.98486164 -3.63599771
v 121.57035252 -11.10093250 -4.44936858
v 121.12622033 -11.12833105 -5.26735832
v 120.68328424 -11.07103628 -6.08314511
v 120.24459144 -10.93367175 -6.89111673
v 119.81264644 -10.72015452 -7.68666046
v 119.38975041 -10.43278815 -8.46553806
v 118.97842291 -10.07209375 -9.22310907
v 118.58172857 -9.63741739 -9.95372916
v 118.20336348 -9.12808668 -10.65059096
v 117.84744516 -8.54470550 -11.30611096
v 117.51806140 -7.89013892 -11.91276037
v 117.21872824 -7.16985923 -12.46406347
v 116.95194815 -6.39155510 -12.95541129
v 116.71903132 -5.56416552 -13.38439072
v 116.52025391 -4.69669445 -13.75049317
v 116.35530843 -3.79722435 -14.05428495
v 116.22389585 -2.87245675 -14.29631681
v 116.12625446 -1.92790133 -14.47614987
v 116.06343769 -0.96859017 -14.59184397
v 116.03723681 -0.00000000 -14.64010001
v 116.04976616 0.97120575 -14.61702382
v 116.10284534 1.93692749 -14.51926413
v 116.19738358 2.88799129 -14.34514634
v 116.33297170 3.81500241 -14.09542409
v 116.50781596 4.70937740 -13.77340103
v 116.71903132 5.56416552 -13.38439072
v 116.96319000 6.37434183 -12.93470638
v 117.23693731 7.13644740 -12.43052654
v 117.53746973 7.84769777 -11.87701468
v 117.86272439 8.50488683 -11.27797013
v 118.21123511 9.10350358 -10.63609323
v 118.58172857 9.63741739 -9.95372916
v 118.97262300 10.09929243 -9.23379117
v 119.38162050 10.48163298 -8.48051149
v 119.80554250 10.77813021 -7.69974429
v 120.24046378 10.98486164 -6.89871894
v 120.68208813 11.10093250 -6.08534806
v 121.12622033 11.12833105 -5.26735832
v 121.56915641 11.07103628 -4.45157153
v 122.00784921 10.93367175 -3.64359991
v 122.43979421 10.72015452 -2.84805618
v 122.86269025 10.43278815 -2.06917858
v 123.27401774 10.07209375 -1.31160758
v 123.67071209 9.63741739 -0.58098748
v 124.04907717 9.12808668 0.11587432
v 124.40499549 8.54470550 0.77139432
v 124.73437925 7.89013892 1.37804373
v 125.03371241 7.16985923 1.92934683
v 125.30049250 6.39155510 2.42069464
v 125.53340933 5.56416552 2.84967408
v 125.73218674 4.69669445 3.21577653
v 125.89713222 3.79722435 3.51956831
v 126.02854480 2.87245675 3.76160017
v 126.12618619 1.92790133 3.94143323
v 126.18900296 0.96859017 4.05712733
v 127.06755785 0.00000000 3.63921874
v 127.05465481 -0.97163403 3.61641269
v 126.99990263 -1.93778852 3.51963854
v 126.90235807 -2.88927885 3.34722912
v 126.76244215 -3.81669831 3.09992856
v 126.58200867 -4.71145412 2.78101345
v 126.36404051 -5.56659208 2.39575604
v 126.11208165 -6.37709056 1.95042027
v 125.82959940 -7.13949918 1.45113457
v 125.51948940 -7.85104340 0.90301701
v 125.18387943 -8.50852380 0.30982839
v 124.82427854 -9.10742918 -0.32576403
v 124.44199538 -9.64162031 -1.00144722
v 124.03865738 -10.10374598 -1.71434472
v 123.61663305 -10.48629243 -2.46027020
v 123.17920245 -10.78293548 -3.23342617
v 122.73041848 -10.98974479 -4.02664916
v 122.27471794 -11.10582775 -4.83209712
v 121.81643291 -11.13318416 -5.64211318
v 121.35938656 -11.07581031 -6.44993988
v 120.90672192 -10.93834735 -7.25002191
v 120.46102016 -10.72472473 -8.03779710
v 120.02465204 -10.43724956 -8.80907514
v 119.60021479 -10.07643702 -9.55926544
v 119.19087044 -9.64162031 -10.28277914
v 118.80043548 -9.13211195 -10.97287059
v 118.43316333 -8.54850391 -11.62202192
v 118.09327729 -7.89365663 -12.22276846
v 117.78440923 -7.17304648 -12.76869090
v 117.50914219 -6.39437363 -13.25522376
v 117.26882531 -5.56659208 -13.67998240
v 117.06373781 -4.69871975 -14.04247332
v 116.89355544 -3.79884817 -14.34326966
v 116.75796368 -2.87368133 -14.58292728
v 116.65720552 -1.92872576 -14.76101671
v 116.59236916 -0.96900784 -14.87561460
v 116.56530797 -0.00000000 -14.92344509
v 116.57821101 0.97163403 -14.90063905
v 116.63296319 1.93778852 -14.80386490
v 116.73050775 2.88927885 -14.63145547
v 116.87042367 3.81669831 -14.38415492
v 117.05085716 4.71145412 -14.06523981
v 117.26882531 5.56659208 -13.67998240
v 117.52078417 6.37709056 -13.23464662
v 117.80326642 7.13949918 -12.73536093
v 118.11337642 7.85104340 -12.18724336
v 118.44898639 8.50852380 -11.59405475
v 118.80858728 9.10742918 -10.95846233
v 119.19087044 9.64162031 -10.28277914
v 119.59420844 10.10374598 -9.56988163
v 120.01623277 10.48629243 -8.82395616
v 120.45366337 10.78293548 -8.05080019
v 120.90244735 10.98974479 -7.25757720
v 121.35814788 11.10582775 -6.45212923
v 121.81643291 11.13318416 -5.64211318
v 122.27347927 11.07581031 -4.83428648
v 122.72614390 10.93834735 -4.03420445
v 123.17184566 10.72472473 -3.24642926
v 123.60821378 10.43724956 -2.47515122
v 124.03265103 10.07643702 -1.72496091
v 124.44199538 9.64162031 -1.00144722
v 124.83243034 9.13211195 -0.31135576
v 125.19970249 8.54850391 0.33779556
v 125.53958853 7.89365663 0.93854211
v 125.84845659 7.17304648 1.48446454
v 126.12372363 6.39437363 1.97099740
v 126.36404051 5.56659208 2.39575604
v 126.56912801 4.69871975 2.75824696
v 126.73931039 3.79884817 3.05904330
v 126.87490214 2.87368133 3.29870092
v 126.97566030 1.92872576 3.47679036
v 127.04049666 0.96900784 3.59138824
v 127.91323424 0.00000000 3.16099130
v 127.89989703 -0.97188886 3.13834921
v 127.84342906 -1.93828735 3.04248561
v 127.74286503 -2.89001750 2.87176177
v 127.59864066 -3.81768082 2.62691738
v 127.41266290 -4.71268981 2.31118979
v 127.18799837 -5.56808899 1.92978511
v 126.92829067 -6.37884787 1.48888892
v 126.63710607 -7.14150146 0.99455557
v 126.31742570 -7.85325928 0.45184599
v 125.97144418 -8.51091002 -0.13551408
v 125.60072251 -9.10993887 -0.76487458
v 125.20661712 -9.64421303 -1.43393277
v 124.79081233 -10.10639591 -2.13982922
v 124.35575344 -10.48899186 -2.87841266
v 123.90482145 -10.78569216 -3.64394326
v 123.44219071 -10.99257382 -4.42933441
v 122.97242977 -11.10874050 -5.22683022
v 122.50000000 -11.13617798 -6.02885683
v 122.02884087 -11.07886243 -6.82872630
v 121.56219419 -10.94141501 -7.62093517
v 121.10272522 -10.72775168 -8.40095870
v 120.65288313 -10.44017669 -9.16463901
v 120.21534904 -10.07921374 -9.90742451
v 119.79338288 -9.64421303 -10.62378089
v 119.39091530 -9.13450705 -11.30703527
v 119.01232438 -8.55070451 -11.94975510
v 118.66195642 -7.89567466 -12.54456187
v 118.34355005 -7.17489300 -13.08510862
v 118.05976688 -6.39605069 -13.56687684
v 117.81200163 -5.56808899 -13.98749877
v 117.60055020 -4.70001456 -14.34647206
v 117.42508812 -3.79991356 -14.64434757
v 117.28529951 -2.87449240 -14.88166152
v 117.18143896 -1.92926667 -15.05798176
v 117.11462653 -0.96927487 -15.17140675
v 117.08676576 -0.00000000 -15.21870496
v 117.10010297 0.97188886 -15.19606287
v 117.15657094 1.93828735 -15.10019927
v 117.25713497 2.89001750 -14.92947543
v 117.40135934 3.81768082 -14.68463104
v 117.58733710 4.71268981 -14.36890345
v 117.81200163 5.56808899 -13.98749877
v 118.07170933 6.37884787 -13.54660258
v 118.36289393 7.14150146 -13.05226923
v 118.68257430 7.85325928 -12.50955965
v 119.02855582 8.51091002 -11.92219958
v 119.39927749 9.10993887 -11.29283908
v 119.79338288 9.64421303 -10.62378089
v 120.20918767 10.10639591 -9.91788444
v 120.64424656 10.48899186 -9.17930100
v 121.09517855 10.78569216 -8.41377040
v 121.55780929 10.99257382 -7.62837925
v 122.02757023 11.10874050 -6.83088343
v 122.50000000 11.13617798 -6.02885683
v 122.97115913 11.07886243 -5.22898736
v 123.43780581 10.94141501 -4.43677849
v 123.89727478 10.72775168 -3.65675496
v 124.34711687 10.44017669 -2.89307465
v 124.78465096 10.07921374 -2.15028915
v 125.20661712 9.64421303 -1.43393277
v 125.60908470 9.13450705 -0.75067839
v 125.98767562 8.55070451 -0.10795856
v 126.33804358 7.89567466 0.48684821
v 126.65644995 7.17489300 1.02739496
v 126.94023312 6.39605069 1.50916318
v 127.18799837 5.56808899 1.92978511
v 127.39944980 4.70001456 2.28875840
v 127.57491188 3.79991356 2.58663391
v 127.71470049 2.87449240 2.82394786
v 127.81856104 1.92926667 3.00026810
v 127.88537347 0.96927487 3.11369309
v 128.75080623 0.00000000 2.66862137
v 128.73702253 -0.97191893 2.64612841
v 128.67884083 -1.93833454 2.55118451
v 128.57527708 -2.89008090 2.38218382
v 128.42678228 -3.81777377 2.13986235
v 128.23531436 -4.71283559 1.82741509
v 128.00401939 -5.56831148 1.44997600
v 127.73663552 -6.37916046 1.01364518
v 127.43682370 -7.14189883 0.52439676
v 127.10764817 -7.85371536 -0.01276889
v 126.75137037 -8.51138359 -0.59416141
v 126.36960523 -9.11038530 -1.21714550
v 125.96375980 -9.64459839 -1.87942505
v 125.53557775 -10.10670855 -2.57815465
v 125.08758218 -10.48924722 -3.30921697
v 124.62325416 -10.78592876 -4.06693145
v 124.14688689 -10.99284144 -4.84429217
v 123.66317739 -11.10908415 -5.63363434
v 123.17671337 -11.13662296 -6.42747147
v 122.69154898 -11.07940534 -7.21918780
v 122.21102476 -10.94202382 -8.00333206
v 121.73789137 -10.72837470 -8.77541557
v 121.27467811 -10.44075761 -9.53131092
v 120.82415088 -10.07970767 -10.26650453
v 120.38966694 -9.64459839 -10.97551789
v 119.97526860 -9.13478962 -11.65175453
v 119.58545473 -8.55091268 -12.28787295
v 119.22469045 -7.89584786 -12.87658674
v 118.89681798 -7.17506767 -13.41162598
v 118.60457640 -6.39624855 -13.88852090
v 118.34940735 -5.56831148 -14.30491894
v 118.13162684 -4.70024488 -14.66030444
v 117.95091443 -3.80012499 -14.95520028
v 117.80695658 -2.87465934 -15.19011815
v 117.70002110 -1.92937402 -15.36462099
v 117.63125902 -0.96932237 -15.47683050
v 117.60262051 -0.00000000 -15.52356430
v 117.61640421 0.97191893 -15.50107135
v 117.67458591 1.93833454 -15.40612744
v 117.77814967 2.89008090 -15.23712676
v 117.92664446 3.81777377 -14.99480528
v 118.11811238 4.71283559 -14.68235803
v 118.34940735 5.56831148 -14.30491894
v 118.61679123 6.37916046 -13.86858811
v 118.91660304 7.14189883 -13.37933969
v 119.24577857 7.85371536 -12.84217405
v 119.60205637 8.51138359 -12.26078153
v 119.98382151 9.11038530 -11.63779744
v 120.38966694 9.64459839 -10.97551789
v 120.81784899 10.10670855 -10.27678829
v 121.26584456 10.48924722 -9.54572596
v 121.73017259 10.78592876 -8.78801149
v 122.20653985 10.99284144 -8.01065077
v 122.69024935 11.10908415 -7.22130860
v 123.17671337 11.13662296 -6.42747147
v 123.66187776 11.07940534 -5.63575514
v 124.14240198 10.94202382 -4.85161088
v 124.61553537 10.72837470 -4.07952737
v 125.07874863 10.44075761 -3.32363201
v 125.52927586 10.07970767 -2.58843840
v 125.96375980 9.64459839 -1.87942505
v 126.37815815 9.13478962 -1.20318841
v 126.76797202 8.55091268 -0.56706999
v 127.12873629 7.89584786 0.02164380
v 127.45660876 7.17506767 0.55668305
v 127.74885035 6.39624855 1.03357797
v 128.00401939 5.56831148 1.44997600
v 128.22179991 4.70024488 1.80536150
v 128.40251231 3.80012499 2.10025735
v 128.54647017 2.87465934 2.33517522
v 128.65340564 1.92937402 2.50967805
v 128.72216772 0.96932237 2.62188756
v 129.57989533 0.00000000 2.16200122
v 129.56565800 -0.97145737 2.13965310
v 129.50576985 -1.93739936 2.04564752
v 129.39923039 -2.88867853 1.87841407
v 129.24650634 -3.81593182 1.63868533
v 129.04960485 -4.71059752 1.32961191
v 128.81174817 -5.56572493 0.95625170
v 128.53676514 -6.37626363 0.52461481
v 128.22840807 -7.13871014 0.04059117
v 127.88982236 -7.85023084 -0.49088195
v 127.52333603 -8.50758346 -1.06615025
v 127.13061910 -9.10624819 -1.68259234
v 126.71313111 -9.64011836 -2.33791723
v 126.27267660 -10.10190899 -3.02929232
v 125.81185691 -10.48418651 -3.75263434
v 125.33425218 -10.78069504 -4.50232359
v 124.84427233 -10.98753777 -5.27143790
v 124.34674003 -11.10380858 -6.05240718
v 123.84636689 -11.13144986 -6.83783567
v 123.34732017 -11.07437408 -7.62118212
v 122.85303880 -10.93713847 -8.39704845
v 122.36635947 -10.72361476 -9.16098197
v 121.88989248 -10.43609607 -9.90888534
v 121.42648896 -10.07513038 -10.63628316
v 120.97960267 -9.64011836 -11.33775412
v 120.55338549 -9.13045162 -12.00678109
v 120.15245395 -8.54678715 -12.63611753
v 119.78138868 -7.89201651 -13.21857334
v 119.44413288 -7.17160595 -13.74795891
v 119.14350206 -6.39321105 -14.21985476
v 118.88098561 -5.56572493 -14.63192305
v 118.65692192 -4.69811045 -14.98363260
v 118.47099761 -3.79842833 -15.27547530
v 118.32290400 -2.87338391 -15.50793570
v 118.21292334 -1.92851260 -15.68057077
v 118.14223674 -0.96888219 -15.79152649
v 118.11283845 -0.00000000 -15.83767256
v 118.12707578 0.97145737 -15.81532444
v 118.18696393 1.93739936 -15.72131887
v 118.29350339 2.88867853 -15.55408542
v 118.44622744 3.81593182 -15.31435668
v 118.64312893 4.71059752 -15.00528326
v 118.88098561 5.56572493 -14.63192305
v 119.15596864 6.37626363 -14.20028616
v 119.46432571 7.13871014 -13.71626252
v 119.80291142 7.85023084 -13.18478940
v 120.16939775 8.50758346 -12.60952110
v 120.56211468 9.10624819 -11.99307900
v 120.97960267 9.64011836 -11.33775412
v 121.42005718 10.10190899 -10.64637903
v 121.88087687 10.48418651 -9.92303701
v 122.35848160 10.78069504 -9.17334775
v 122.84846145 10.98753777 -8.40423344
v 123.34599375 11.10380858 -7.62326417
v 123.84636689 11.13144986 -6.83783567
v 124.34541361 11.07437408 -6.05448923
v 124.83969498 10.93713847 -5.27862289
v 125.32637431 10.72361476 -4.51468937
v 125.80284131 10.43609607 -3.76678600
v 126.26624482 10.07513038 -3.03938818
v 126.71313111 9.64011836 -2.33791723
v 127.13934829 9.13045162 -1.66889026
v 127.54027983 8.54678715 -1.03955381
v 127.91134510 7.89201651 -0.45709801
v 128.24860090 7.17160595 0.07228756
v 128.54923172 6.39321105 0.54418342
v 128.81174817 5.56572493 0.95625170
v 129.03581187 4.69811045 1.30796126
v 129.22173617 3.79842833 1.59980395
v 129.36982978 2.87338391 1.83226435
v 129.47981045 1.92851260 2.00489942
v 129.55049704 0.96888219 2.11585515
v 130.40117193 0.00000000 1.64264405
v 130.38643598 -0.97083581 1.62038046
v 130.32481408 -1.93613473 1.52727992
v 130.21529858 -2.88677931 1.36182006
v 130.05837405 -3.81344098 1.12473295
v 129.85609141 -4.70758358 0.81911722
v 129.61173796 -5.56226236 0.44993943
v 129.32922022 -6.37240994 0.02310169
v 129.01237104 -7.13448859 -0.45560521
v 128.66441160 -7.84562599 -0.98131457
v 128.28773781 -8.50255241 -1.55040659
v 127.88408156 -9.10074456 -2.16026467
v 127.45496425 -9.63412101 -2.80859019
v 127.00225976 -10.09544558 -3.49255207
v 126.52865215 -10.47734299 -4.20809512
v 126.03781990 -10.77360704 -4.94966176
v 125.53428443 -10.98036569 -5.71042086
v 125.02298689 -11.09670412 -6.48290718
v 124.50875658 -11.12452471 -7.25982444
v 123.99587122 -11.06768095 -8.03470969
v 123.48787006 -10.93067068 -8.80221572
v 122.98768127 -10.71732441 -9.55791855
v 122.49800266 -10.42992457 -10.29774223
v 122.02177509 -10.06904117 -11.01724360
v 121.56254890 -9.63412101 -11.71105869
v 121.12458036 -9.12460976 -12.37275698
v 120.71259465 -8.54120826 -12.99519949
v 120.33127789 -7.88682774 -13.57130626
v 119.98466696 -7.16692470 -14.09497825
v 119.67565205 -6.38912054 -14.56184885
v 119.40577519 -5.56226236 -14.96958832
v 119.17540757 -4.69527101 -15.31763582
v 118.98425559 -3.79618209 -15.60643496
v 118.83202624 -2.87169842 -15.83642842
v 118.71902142 -1.92737216 -16.00716007
v 118.64645010 -0.96829661 -16.11680337
v 118.61634122 -0.00000000 -16.16229294
v 118.63107717 0.97083581 -16.14002934
v 118.69269907 1.93613473 -16.04692880
v 118.80221457 2.88677931 -15.88146894
v 118.95913910 3.81344098 -15.64438184
v 119.16142174 4.70758358 -15.33876611
v 119.40577519 5.56226236 -14.96958832
v 119.68829293 6.37240994 -14.54275057
v 120.00514211 7.13448859 -14.06404367
v 120.35310155 7.84562599 -13.53833431
v 120.72977534 8.50255241 -12.96924229
v 121.13343159 9.10074456 -12.35938422
v 121.56254890 9.63412101 -11.71105869
v 122.01525339 10.09544558 -11.02709681
v 122.48886100 10.47734299 -10.31155376
v 122.97969325 10.77360704 -9.56998712
v 123.48322872 10.98036569 -8.80922802
v 123.99452626 11.09670412 -8.03674170
v 124.50875658 11.12452471 -7.25982444
v 125.02164193 11.06768095 -6.48493919
v 125.52964309 10.93067068 -5.71743316
v 126.02983189 10.71732441 -4.96173033
v 126.51951049 10.42992457 -4.22190666
v 126.99573806 10.06904117 -3.50240529
v 127.45496425 9.63412101 -2.80859019
v 127.89293279 9.12460976 -2.14689191
v 128.30491850 8.54120826 -1.52444940
v 128.68623526 7.88682774 -0.94834262
v 129.03284619 7.16692470 -0.42467063
v 129.34186110 6.38912054 0.04219996
v 129.61173796 5.56226236 0.44993943
v 129.84210558 4.69527101 0.79798694
v 130.03325756 3.79618209 1.08678607
v 130.18548691 2.87169842 1.31677954
v 130.29849173 1.92737216 1.48751119
v 130.37106305 0.96829661 1.59715449
v 131.21229924 0.00000000 1.10748541
v 131.19710568 -0.97012297 1.08537864
v 131.13380253 -1.93469742 0.99327199
v 131.02136866 -2.88462773 0.82967970
v 130.86030464 -3.81061004 0.59533010
v 130.65270814 -4.70412700 0.29327532
v 130.40193801 -5.55823992 -0.07159750
v 130.11198601 -6.36787250 -0.49348026
v 129.78677154 -7.12946673 -0.96667026
v 129.42959385 -7.84012702 -1.48636702
v 129.04291451 -8.49656758 -2.04898895
v 128.62852137 -9.09426441 -2.65193471
v 128.18798995 -9.62715394 -3.29291191
v 127.72325621 -10.08803292 -3.96910370
v 127.23708222 -10.46956504 -4.67649124
v 126.73324343 -10.76557725 -5.40958123
v 126.21637422 -10.97221431 -6.16163060
v 125.69153695 -11.08855628 -6.92527356
v 125.16368066 -11.11647983 -7.69330924
v 124.63719326 -11.05980026 -8.45935315
v 124.11571103 -10.92297674 -9.21811450
v 123.60224806 -10.70981268 -9.96520777
v 123.09958343 -10.42258309 -10.69658933
v 122.61074287 -10.06187156 -11.40785677
v 122.13937137 -9.62715394 -12.09370656
v 121.68983119 -9.11790995 -12.74779158
v 121.26696035 -8.53486762 -13.36307246
v 120.87555542 -7.88094952 -13.93257017
v 120.51975023 -7.16160427 -14.45026993
v 120.20250946 -6.38442928 -14.91185812
v 119.92542331 -5.55823992 -15.31502097
v 119.68888790 -4.69192776 -15.65918213
v 119.49262015 -3.79351001 -15.94475348
v 119.33633486 -2.86968566 -16.17214998
v 119.22034958 -1.92601551 -16.34090961
v 119.14590215 -0.96760714 -16.44923129
v 119.11506207 -0.00000000 -16.49410388
v 119.13025564 0.97012297 -16.47199711
v 119.19355879 1.93469742 -16.37989046
v 119.30599265 2.88462773 -16.21629817
v 119.46705667 3.81061004 -15.98194857
v 119.67465317 4.70412700 -15.67989379
v 119.92542331 5.55823992 -15.31502097
v 120.21537530 6.36787250 -14.89313821
v 120.54058977 7.12946673 -14.41994821
v 120.89776746 7.84012702 -13.90025145
v 121.28444680 8.49656758 -13.33762952
v 121.69883994 9.09426441 -12.73468376
v 122.13937137 9.62715394 -12.09370656
v 122.60410510 10.08803292 -11.41751477
v 123.09027909 10.46956504 -10.71012723
v 123.59411788 10.76557725 -9.97703724
v 124.11098709 10.97221431 -9.22498787
v 124.63582436 11.08855628 -8.46134491
v 125.16368066 11.11647983 -7.69330924
v 125.69016805 11.05980026 -6.92726532
v 126.21165028 10.92297674 -6.16850397
v 126.72511326 10.70981268 -5.42141070
v 127.22777788 10.42258309 -4.69002914
v 127.71661845 10.06187156 -3.97876170
v 128.18798995 9.62715394 -3.29291191
v 128.63753012 9.11790995 -2.63882689
v 129.06040096 8.53486762 -2.02354601
v 129.45180589 7.88094952 -1.45404830
v 129.80761108 7.16160427 -0.93634854
v 130.12485185 6.38442928 -0.47476035
v 130.40193801 5.55823992 -0.07159750
v 130.63847341 4.69192776 0.27256366
v 130.83474116 3.79351001 0.55813501
v 130.99102645 2.86968566 0.78553151
v 131.10701173 1.92601551 0.95429114
v 131.18145916 0.96760714 1.06261282
v 132.01600972 0.00000000 0.56102942
v 132.00027694 -0.96968605 0.53897287
v 131.93523226 -1.93379272 0.44778360
v 131.81985703 -2.88326063 0.28603349
v 131.65467165 -3.80882812 0.05445212
v 131.44181140 -4.70200840 -0.24396694
v 131.18468796 -5.55586790 -0.60444070
v 130.88735641 -6.36530573 -1.02128416
v 130.55380457 -7.12671683 -1.48890660
v 130.18740107 -7.83715293 -2.00258536
v 129.79067586 -8.49329038 -2.55877360
v 129.36548493 -9.09059869 -3.15486929
v 128.91347468 -9.62304548 -3.78856429
v 128.43665826 -10.08348955 -4.45703626
v 127.93788414 -10.46466925 -5.15629178
v 127.42102420 -10.76047516 -5.88090270
v 126.89081766 -10.96708348 -6.62422485
v 126.35243648 -11.08356230 -7.37900742
v 125.81093964 -11.11173580 -8.13815801
v 125.27082150 -11.05534227 -8.89537571
v 124.73581944 -10.91876365 -9.64542093
v 124.20904357 -10.70575000 -10.38393346
v 123.69336622 -10.41856301 -11.10688644
v 123.19190639 -10.05781581 -11.80990719
v 122.70840459 -9.62304548 -12.48775172
v 122.24732095 -9.11380349 -13.13416714
v 121.81359152 -8.53087654 -13.74223339
v 121.41210680 -7.87721453 -14.30509420
v 121.04708565 -7.15825536 -14.81683497
v 120.72156472 -6.38155391 -15.27319849
v 120.43719131 -5.55586790 -15.67187531
v 120.19440472 -4.69003654 -16.01224955
v 119.99295450 -3.79204682 -16.29467234
v 119.83258213 -2.86859707 -16.51950611
v 119.71363000 -1.92527263 -16.68627085
v 119.63736110 -0.96721712 -16.79319591
v 119.60586955 -0.00000000 -16.83734543
v 119.62160233 0.96968605 -16.81528889
v 119.68664701 1.93379272 -16.72409961
v 119.80202224 2.88326063 -16.56234951
v 119.96720763 3.80882812 -16.33076813
v 120.18006787 4.70200840 -16.03234907
v 120.43719131 5.55586790 -15.67187531
v 120.73452286 6.36530573 -15.25503185
v 121.06807470 7.12671683 -14.78740942
v 121.43447820 7.83715293 -14.27373066
v 121.83120342 8.49329038 -13.71754241
v 122.25639434 9.09059869 -13.12144672
v 122.70840459 9.62304548 -12.48775172
v 123.18522101 10.08348955 -11.81927976
v 123.68399513 10.46466925 -11.12002423
v 124.20085507 10.76047516 -10.39541332
v 124.73106161 10.96708348 -9.65209117
v 125.26944279 11.08356230 -8.89730859
v 125.81093964 11.11173580 -8.13815801
v 126.35105777 11.05534227 -7.38094031
v 126.88605983 10.91876365 -6.63089508
v 127.41283570 10.70575000 -5.89238255
v 127.92851305 10.41856301 -5.16942957
v 128.42997288 10.05781581 -4.46640882
v 128.91347468 9.62304548 -3.78856429
v 129.37455832 9.11380349 -3.14214887
v 129.80828776 8.53087654 -2.53408263
v 130.20977247 7.87721453 -1.97122182
v 130.57479362 7.15825536 -1.45948104
v 130.90031455 6.38155391 -1.00311752
v 131.18468796 5.55586790 -0.60444070
v 131.42747455 4.69003654 -0.26406646
v 131.62892477 3.79204682 0.01835633
v 131.78929714 2.86859707 0.24319010
v 131.90824927 1.92527263 0.40995483
v 131.98451817 0.96721712 0.51687989
v 132.81017380 0.00000000 0.00059177
v 132.79389791 -0.96945132 -0.02140382
v 132.72712355 -1.93329105 -0.11164419
v 132.60883642 -2.88249436 -0.27150008
v 132.43957699 -3.80784002 -0.50024107
v 132.22151668 -4.70087015 -0.79493267
v 131.95811714 -5.55465491 -1.15089671
v 131.65349344 -6.36406758 -1.56257202
v 131.31169891 -7.12545506 -2.02448081
v 130.93616977 -7.83581556 -2.53197932
v 130.52950389 -8.49178667 -3.08155672
v 130.09362617 -9.08883042 -3.67061165
v 129.63025507 -9.62094451 -4.29682174
v 129.14148193 -10.08104857 -4.95736073
v 128.63024167 -10.46195447 -5.64826229
v 128.10050147 -10.75761540 -6.36416508
v 127.55710329 -10.96423836 -7.09852558
v 127.00532608 -11.08087924 -7.84420969
v 126.45033635 -11.10930981 -8.59423525
v 125.89673336 -11.05319183 -9.34238675
v 125.34835492 -10.91683051 -10.08347768
v 124.80840737 -10.70392311 -10.81317493
v 124.27985664 -10.41671843 -11.52747023
v 123.76591505 -10.05585940 -12.22202244
v 123.27041763 -9.62094451 -12.89164876
v 122.79792037 -9.11159726 -13.53019216
v 122.35345447 -8.52866343 -14.13085335
v 121.94200140 -7.87512104 -14.68690026
v 121.56786265 -7.15639834 -15.19251977
v 121.23414575 -6.38000909 -15.64351227
v 120.94255556 -5.55465491 -16.03757379
v 120.69357628 -4.68912425 -16.37404999
v 120.48699236 -3.79137545 -16.65323213
v 120.32257395 -2.86810755 -16.87543086
v 120.20068911 -1.92493176 -17.04014876
v 120.12262523 -0.96702898 -17.14564604
v 120.09049891 -0.00000000 -17.18906227
v 120.10677479 0.96945132 -17.16706668
v 120.17354915 1.93329105 -17.07682631
v 120.29183628 2.88249436 -16.91697043
v 120.46109572 3.80784002 -16.68822944
v 120.67915603 4.70087015 -16.39353784
v 120.94255556 5.55465491 -16.03757379
v 121.24717927 6.36406758 -15.62589848
v 121.58897379 7.12545506 -15.16398970
v 121.96450294 7.83581556 -14.65649119
v 122.37116882 8.49178667 -14.10691378
v 122.80704654 9.08883042 -13.51785885
v 123.27041763 9.62094451 -12.89164876
v 123.75919077 10.08104857 -12.23110978
v 124.27043104 10.46195447 -11.54020821
v 124.80017123 10.75761540 -10.82430542
v 125.34356942 10.96423836 -10.08994492
v 125.89534663 11.08087924 -9.34426082
v 126.45033635 11.10930981 -8.59423525
v 127.00393934 11.05319183 -7.84608375
v 127.55231778 10.91683051 -7.10499282
v 128.09226534 10.70392311 -6.37529558
v 128.62081606 10.41671843 -5.66100027
v 129.13475766 10.05585940 -4.96644806
v 129.63025507 9.62094451 -4.29682174
v 130.10275233 9.11159726 -3.65827835
v 130.54721824 8.52866343 -3.05761715
v 130.95867130 7.87512104 -2.50157025
v 131.33281005 7.15639834 -1.99595074
v 131.66652695 6.38000909 -1.54495824
v 131.95811714 5.55465491 -1.15089671
v 132.20709643 4.68912425 -0.81442052
v 132.41368034 3.79137545 -0.53523838
v 132.57809876 2.86810755 -0.31303965
v 132.69998359 1.92493176 -0.14832174
v 132.77804747 0.96702898 -0.04282446
v 133.59351188 0.00000000 -0.57501236
v 133.57673205 -0.96961971 -0.59688026
v 133.50827992 -1.93360185 -0.68608881
v 133.38713967 -2.88294414 -0.84396186
v 133.21387009 -3.80845219 -1.06977117
v 132.99068143 -4.70168668 -1.36063630
v 132.72109130 -5.55571806 -1.71197300
v 132.40928170 -6.36539859 -2.11833118
v 132.05937696 -7.12703809 -2.57433591
v 131.67488285 -7.83759379 -3.07541839
v 131.25846305 -8.49367325 -3.61810725
v 130.81210568 -9.09073131 -4.19981149
v 130.33759396 -9.62278596 -4.81820721
v 129.83709051 -10.08279963 -5.47047601
v 129.31361215 -10.46363641 -6.15268628
v 128.77121993 -10.75929402 -6.85954559
v 128.21485970 -10.96600104 -7.58460835
v 127.64991981 -11.08280396 -8.32085235
v 127.08167604 -11.11143613 -9.06140205
v 126.51483203 -11.05550355 -9.80012754
v 125.95332285 -10.91925585 -10.53190056
v 125.40044566 -10.70635222 -11.25242413
v 124.85925410 -10.41903266 -11.95771872
v 124.33304902 -10.05796254 -12.64348252
v 123.82575812 -9.62278596 -13.30459689
v 123.34203450 -9.11317992 -13.93499779
v 122.88700827 -8.53003455 -14.52799953
v 122.46575630 -7.87634987 -15.07698577
v 122.08266565 -7.15754885 -15.57623923
v 121.74091442 -6.38111728 -16.02161810
v 121.44226078 -5.55571806 -16.41083110
v 121.18722638 -4.69010496 -16.74319841
v 120.97562193 -3.79221776 -17.01896669
v 120.80723885 -2.86875843 -17.23840780
v 120.68246709 -1.92535942 -17.40101352
v 120.60261938 -0.96723123 -17.50507308
v 120.56984021 -0.00000000 -17.54779173
v 120.58662003 0.96961971 -17.52592384
v 120.65507216 1.93360185 -17.43671529
v 120.77621241 2.88294414 -17.27884224
v 120.94948199 3.80845219 -17.05303293
v 121.17267065 4.70168668 -16.76216780
v 121.44226078 5.55571806 -16.41083110
v 121.75407039 6.36539859 -16.00447291
v 122.10397512 7.12703809 -15.54846818
v 122.48846923 7.83759379 -15.04738571
v 122.90488904 8.49367325 -14.50469685
v 123.35124640 9.09073131 -13.92299261
v 123.82575812 9.62278596 -13.30459689
v 124.32626158 10.08279963 -12.65232809
v 124.84973994 10.46363641 -11.97011781
v 125.39213215 10.75929402 -11.26325851
v 125.94849238 10.96600104 -10.53819574
v 126.51343227 11.08280396 -9.80195175
v 127.08167604 11.11143613 -9.06140205
v 127.64852005 11.05550355 -8.32267655
v 128.21002924 10.91925585 -7.59090354
v 128.76290642 10.70635222 -6.87037996
v 129.30409799 10.41903266 -6.16508538
v 129.83030306 10.05796254 -5.47932158
v 130.33759396 9.62278596 -4.81820721
v 130.82131759 9.11317992 -4.18780630
v 131.27634382 8.53003455 -3.59480457
v 131.69759578 7.87634987 -3.04581832
v 132.08068643 7.15754885 -2.54656487
v 132.42243766 6.38111728 -2.10118600
v 132.72109130 5.55571806 -1.71197300
v 132.97612570 4.69010496 -1.37960569
v 133.18773015 3.79221776 -1.10383740
v 133.35611323 2.86875843 -0.88439630
v 133.48088499 1.92535942 -0.72179058
v 133.56073270 0.96723123 -0.61773102
v 134.36625910 0.00000000 -1.16487198
v 134.34899515 -0.97008151 -1.18657574
v 134.27889969 -1.93450182 -1.27469782
v 134.15495300 -2.88427455 -1.43052016
v 133.97773137 -3.81022478 -1.65331828
v 133.74948463 -4.70392595 -1.94026376
v 133.47378831 -5.55844647 -2.28686154
v 133.15489359 -6.36861927 -2.68776714
v 132.79699744 -7.13072186 -3.13770427
v 132.40367542 -7.84167616 -3.63217782
v 131.97765558 -8.49806339 -4.16775816
v 131.52098654 -9.09533091 -4.74186983
v 131.03551275 -9.62751170 -5.35219403
v 130.52346480 -10.08760174 -5.99592653
v 129.98793892 -10.46850655 -6.66917483
v 129.43308868 -10.76425915 -7.36671718
v 128.86396346 -10.97110500 -8.08220564
v 128.28606108 -11.08808235 -8.80872850
v 127.70476639 -11.11689294 -9.53951609
v 127.12488639 -11.06109726 -10.26852516
v 126.55045132 -10.92489971 -10.99068901
v 125.98484632 -10.71192884 -11.70175196
v 125.43120954 -10.42441797 -12.39776878
v 124.89292785 -10.06305153 -13.07448160
v 124.37402003 -9.62751170 -13.72683814
v 123.87923604 -9.11752024 -14.34886687
v 123.41380563 -8.53400473 -14.93399309
v 122.98290208 -7.87998461 -15.47571310
v 122.59099848 -7.16088022 -15.96840344
v 122.24134284 -6.38415640 -16.40798083
v 121.93574447 -5.55844647 -16.79217063
v 121.67475919 -4.69247799 -17.12027410
v 121.45822027 -3.79417785 -17.39250083
v 121.28593729 -2.87025268 -17.60909023
v 121.15832034 -1.92635458 -17.76952672
v 121.07670770 -0.96772062 -17.87212787
v 121.04327368 -0.00000000 -17.91416020
v 121.06053763 0.97008151 -17.89245643
v 121.13063309 1.93450182 -17.80433436
v 121.25457978 2.88427455 -17.64851201
v 121.43180141 3.81022478 -17.42571389
v 121.66004815 4.70392595 -17.13876842
v 121.93574447 5.55844647 -16.79217063
v 122.25463919 6.36861927 -16.39126503
v 122.61253534 7.13072186 -15.94132790
v 123.00585736 7.84167616 -15.44685435
v 123.43187719 8.49806339 -14.91127402
v 123.88854624 9.09533091 -14.33716235
v 124.37402003 9.62751170 -13.72683814
v 124.88606798 10.08760174 -13.08310564
v 125.42159386 10.46850655 -12.40985735
v 125.97644410 10.76425915 -11.71231500
v 126.54556931 10.97110500 -10.99682654
v 127.12347170 11.08808235 -10.27030367
v 127.70476639 11.11689294 -9.53951609
v 128.28464639 11.06109726 -8.81050702
v 128.85908146 10.92489971 -8.08834316
v 129.42468646 10.71192884 -7.37728021
v 129.97832324 10.42441797 -6.68126339
v 130.51660493 10.06305153 -6.00455057
v 131.03551275 9.62751170 -5.35219403
v 131.53029674 9.11752024 -4.73016530
v 131.99572715 8.53400473 -4.14503908
v 132.42663070 7.87998461 -3.60331907
v 132.81853429 7.16088022 -3.11062873
v 133.16818994 6.38415640 -2.67105135
v 133.47378831 5.55844647 -2.28686154
v 133.73477359 4.69247799 -1.95875807
v 133.95131250 3.79417785 -1.68653135
v 134.12359549 2.87025268 -1.46994195
v 134.25121244 1.92635458 -1.30950546
v 134.33282508 0.96772062 -1.20690431
v 135.12820481 0.00000000 -1.76871237
v 135.11047570 -0.97060579 -1.79021950
v 135.03877091 -1.93552996 -1.87720436
v 134.91206466 -2.88579800 -2.03091133
v 134.73094991 -3.81224982 -2.25062110
v 134.49771673 -4.70646820 -2.53355557
v 134.21600029 -5.56151887 -2.87530494
v 133.89012299 -6.37221795 -3.27062572
v 133.52435578 -7.13481563 -3.71433682
v 133.12234421 -7.84620407 -4.20201586
v 132.68687931 -8.50294216 -4.73027702
v 132.22006750 -9.10047037 -5.29656502
v 131.72381120 -9.63283325 -5.89857205
v 131.20040580 -10.09305362 -6.53351358
v 130.65302451 -10.47407029 -7.19754017
v 130.08591205 -10.76994475 -7.88550260
v 129.50422088 -10.97693586 -8.59115042
v 128.91355819 -11.09407494 -9.30768156
v 128.31941760 -11.12303774 -10.02843173
v 127.72670838 -11.06734750 -10.74744551
v 127.13955390 -10.93117174 -11.45972085
v 126.56142445 -10.71811408 -12.16104796
v 125.99553976 -10.43040267 -12.84752098
v 125.44537017 -10.06873781 -13.51493006
v 124.91502399 -9.63283325 -14.15829142
v 124.40934770 -9.12244783 -14.77172582
v 123.93367120 -8.53854033 -15.34876755
v 123.49326499 -7.88414675 -15.88302300
v 123.09268857 -7.16468604 -16.36896106
v 122.73525906 -6.38760674 -16.80255773
v 122.42283490 -5.56151887 -17.18155853
v 122.15600299 -4.69512955 -17.50525152
v 121.93461571 -3.79635610 -17.77381577
v 121.75849784 -2.87191001 -17.98746384
v 121.62807805 -1.92746051 -18.14567570
v 121.54472026 -0.96826744 -18.24679678
v 121.51063039 -0.00000000 -18.28815110
v 121.52835950 0.97060579 -18.26664397
v 121.60006428 1.93552996 -18.17965911
v 121.72677053 2.88579800 -18.02595214
v 121.90788529 3.81224982 -17.80624237
v 122.14111846 4.70646820 -17.52330790
v 122.42283490 5.56151887 -17.18155853
v 122.74871221 6.37221795 -16.78623775
v 123.11447941 7.13481563 -16.34252665
v 123.51649099 7.84620407 -15.85484761
v 123.95195589 8.50294216 -15.32658645
v 124.41876769 9.10047037 -14.76029845
v 124.91502399 9.63283325 -14.15829142
v 125.43842940 10.09305362 -13.52334989
v 125.98581068 10.47407029 -12.85932329
v 126.55292314 10.76994475 -12.17136087
v 127.13461431 10.97693586 -11.46571305
v 127.72527700 11.09407494 -10.74918191
v 128.31941760 11.12303774 -10.02843173
v 128.91212681 11.06734750 -9.30941796
v 129.49928130 10.93117174 -8.59714262
v 130.07741075 10.71811408 -7.89581551
v 130.64329544 10.43040267 -7.20934249
v 131.19346503 10.06873781 -6.54193341
v 131.72381120 9.63283325 -5.89857205
v 132.22948750 9.12244783 -5.28513765
v 132.70516400 8.53854033 -4.70809592
v 133.14557020 7.88414675 -4.17384046
v 133.54614662 7.16468604 -3.68790241
v 133.90357613 6.38760674 -3.25430574
v 134.21600029 5.56151887 -2.87530494
v 134.48283220 4.69512955 -2.55161194
v 134.70421948 3.79635610 -2.28304770
v 134.88033736 2.87191001 -2.06939963
v 135.01075715 1.92746051 -1.91118777
v 135.09411493 0.96826744 -1.81006669
v 135.87868241 0.00000000 -2.38680205
v 135.86052528 -0.97070640 -2.40806131
v 135.78726228 -1.93572000 -2.49384127
v 135.65785610 -2.88607558 -2.64535644
v 135.47291473 -3.81262413 -2.86189497
v 135.23477093 -4.70695604 -3.14072554
v 134.94712489 -5.56213695 -3.47751577
v 134.61437656 -6.37297392 -3.86711401
v 134.24087581 -7.13570133 -4.30442720
v 133.83033985 -7.84719390 -4.78510305
v 133.38562062 -8.50399770 -5.30580237
v 132.90887699 -9.10155001 -5.86399744
v 132.40206242 -9.63390379 -6.45740105
v 131.86753063 -10.09409979 -7.08325738
v 131.30852746 -10.47509871 -7.73776599
v 130.72938724 -10.77098070 -8.41585207
v 130.13536641 -10.97801365 -9.11136110
v 129.53218357 -11.09522487 -9.81759747
v 128.92544244 -11.12427390 -10.52800006
v 128.32015398 -11.06866048 -11.23670179
v 127.72053151 -10.93252871 -11.93876949
v 127.13012538 -10.71946621 -12.63004626
v 126.55223119 -10.43169748 -13.30667341
v 125.99039824 -10.06993232 -13.96449528
v 125.44882245 -9.63390379 -14.59859906
v 124.93244778 -9.12339340 -15.20319612
v 124.44670761 -8.53937870 -15.77192478
v 123.99697358 -7.88490512 -16.29849568
v 123.58789412 -7.16538952 -16.77746619
v 123.22285508 -6.38826883 -17.20487200
v 122.90375998 -5.56213695 -17.57848435
v 122.63121985 -4.69568656 -17.89758784
v 122.40509813 -3.79682738 -18.16234236
v 122.22522796 -2.87227232 -18.37294327
v 122.09205301 -1.92769978 -18.52887111
v 122.00696369 -0.96838231 -18.62849790
v 121.97220246 -0.00000000 -18.66919807
v 121.99035959 0.97070640 -18.64793880
v 122.06362259 1.93572000 -18.56215885
v 122.19302877 2.88607558 -18.41064367
v 122.37797015 3.81262413 -18.19410515
v 122.61611395 4.70695604 -17.91527458
v 122.90375998 5.56213695 -17.57848435
v 123.23650831 6.37297392 -17.18888611
v 123.61000906 7.13570133 -16.75157292
v 124.02054502 7.84719390 -16.27089707
v 124.46526425 8.50399770 -15.75019775
v 124.94200788 9.10155001 -15.19200268
v 125.44882245 9.63390379 -14.59859906
v 125.98335424 10.09409979 -13.97274274
v 126.54235741 10.47509871 -13.31823412
v 127.12149763 10.77098070 -12.64014805
v 127.71551846 10.97801365 -11.94463902
v 128.31870131 11.09522487 -11.23840265
v 128.92544244 11.12427390 -10.52800006
v 129.53073090 11.06866048 -9.81929833
v 130.13035336 10.93252871 -9.11723062
v 130.72075949 10.71946621 -8.42595386
v 131.29865368 10.43169748 -7.74932670
v 131.86048663 10.06993232 -7.09150484
v 132.40206242 9.63390379 -6.45740105
v 132.91843709 9.12339340 -5.85280400
v 133.40417726 8.53937870 -5.28407534
v 133.85391129 7.88490512 -4.75750444
v 134.26299075 7.16538952 -4.27853393
v 134.62802980 6.38826883 -3.85112812
v 134.94712489 5.56213695 -3.47751577
v 135.21966502 4.69568656 -3.15841228
v 135.44578674 3.79682738 -2.89365776
v 135.62565691 2.87227232 -2.68305685
v 135.75883187 1.92769978 -2.52712901
v 135.84392119 0.96838231 -2.42750222
v 136.61622052 0.00000000 -3.02025308
v 136.59772412 -0.97047304 -3.04115946
v 136.52300192 -1.93526008 -3.12561753
v 136.39099034 -2.88539281 -3.27482948
v 136.20230835 -3.81171825 -3.48809568
v 135.95933888 -4.70582447 -3.76272271
v 135.66586312 -5.56077846 -4.09443671
v 135.32637722 -6.37139288 -4.47815572
v 134.94532496 -7.13391093 -4.90885694
v 134.52650154 -7.84521686 -5.38225071
v 134.07281558 -8.50186398 -5.89504941
v 133.58646544 -9.09929204 -6.44476824
v 133.06943841 -9.63155081 -7.02916098
v 132.52413068 -10.09167315 -7.64551925
v 131.95385082 -10.47260983 -8.29010337
v 131.36302086 -10.76843256 -8.95791516
v 130.75700611 -10.97540529 -9.64289023
v 130.14164453 -11.09255755 -10.33842997
v 129.52265630 -11.12155691 -11.03806889
v 128.90515482 -11.06591450 -11.73602736
v 128.29343711 -10.92978565 -12.42744844
v 127.69112183 -10.71676553 -13.10824202
v 127.10156713 -10.42908009 -13.77461240
v 126.52839112 -10.06743411 -14.42247001
v 125.97587420 -9.63155081 -15.04697680
v 125.44906287 -9.12120012 -15.64242868
v 124.95350520 -8.53734976 -16.20255473
v 124.49468683 -7.88303975 -16.72115457
v 124.07735407 -7.16368703 -17.19286344
v 123.70496196 -6.38673308 -17.61377615
v 123.37944949 -5.56077846 -17.98170107
v 123.10143390 -4.69452162 -18.29594052
v 122.87076845 -3.79587472 -18.55666039
v 122.68727659 -2.87154867 -18.76406021
v 122.55140785 -1.92721610 -18.91763188
v 122.46458199 -0.96814207 -19.01577066
v 122.42909209 -0.00000000 -19.05588470
v 122.44758849 0.97047304 -19.03497832
v 122.52231069 1.93526008 -18.95052025
v 122.65432227 2.88539281 -18.80130830
v 122.84300426 3.81171825 -18.58804210
v 123.08597373 4.70582447 -18.31341507
v 123.37944949 5.56077846 -17.98170107
v 123.71893539 6.37139288 -17.59798206
v 124.09998764 7.13391093 -17.16728084
v 124.51881106 7.84521686 -16.69388707
v 124.97249703 8.50186398 -16.18108837
v 125.45884717 9.09929204 -15.63136954
v 125.97587420 9.63155081 -15.04697680
v 126.52118193 10.09167315 -14.43061853
v 127.09146178 10.47260983 -13.78603441
v 127.68229175 10.76843256 -13.11822262
v 128.28830650 10.97540529 -12.43324755
v 128.90366808 11.09255755 -11.73770781
v 129.52265630 11.12155691 -11.03806889
v 130.14015779 11.06591450 -10.34011042
v 130.75187550 10.92978565 -9.64868934
v 131.35419078 10.71676553 -8.96789576
v 131.94374548 10.42908009 -8.30152538
v 132.51692148 10.06743411 -7.65366777
v 133.06943841 9.63155081 -7.02916098
v 133.59624974 9.12120012 -6.43370910
v 134.09180740 8.53734976 -5.87358305
v 134.55062578 7.88303975 -5.35498321
v 134.96795854 7.16368703 -4.88327434
v 135.34035065 6.38673308 -4.46236163
v 135.66586312 5.56077846 -4.09443671
v 135.94387870 4.69452162 -3.78019726
v 136.17454416 3.79587472 -3.51947739
v 136.35803602 2.87154867 -3.31207757
v 136.49390476 1.92721610 -3.15850590
v 136.58073062 0.96814207 -3.06036712
v 137.34546849 0.00000000 -3.66331197
v 137.32651991 -0.97005050 -3.68399072
v 137.25025201 -1.93440095 -3.76722253
v 137.11559674 -2.88410287 -3.91417297
v 136.92318936 -3.81002610 -4.12414878
v 136.67545056 -4.70377562 -4.39450823
v 136.37621706 -5.55842243 -4.72106430
v 136.03005129 -6.36876813 -5.09883794
v 135.64146639 -7.13103343 -5.52290395
v 135.21432376 -7.84207718 -5.98904833
v 134.75159256 -8.49843471 -6.49403082
v 134.25552754 -9.09554350 -7.03539079
v 133.72817289 -9.62747005 -7.61089741
v 133.17198808 -10.08727937 -8.21786662
v 132.59035611 -10.46796069 -8.85260654
v 131.98778621 -10.76361844 -9.51019619
v 131.36974167 -10.97053294 -10.18467344
v 130.74216422 -11.08772800 -10.86955406
v 130.11087729 -11.11684485 -11.55848285
v 129.48109188 -11.06135580 -12.24577303
v 128.85719452 -10.92537706 -12.92663752
v 128.24288623 -10.71247665 -13.59703737
v 127.64160426 -10.42487346 -14.25322149
v 127.05704736 -10.06328674 -14.89115342
v 126.49358168 -9.62747005 -15.50606830
v 125.95634546 -9.11722887 -16.09235875
v 125.45098139 -8.53355974 -16.64386686
v 124.98306676 -7.87951557 -17.15450608
v 124.55742961 -7.16050683 -17.61900752
v 124.17759094 -6.38395238 -18.03352868
v 123.84553752 -5.55842243 -18.39590141
v 123.56191787 -4.69258767 -18.70541794
v 123.32660541 -3.79434363 -18.96221642
v 123.13943976 -2.87039947 -19.16647189
v 123.00088899 -1.92643875 -19.31767353
v 122.91239710 -0.96774324 -19.41424548
v 122.87628608 -0.00000000 -19.45365374
v 122.89523467 0.97005050 -19.43297498
v 122.97150257 1.93440095 -19.34974318
v 123.10615784 2.88410287 -19.20279274
v 123.29856522 3.81002610 -18.99281693
v 123.54630401 4.70377562 -18.72245748
v 123.84553752 5.55842243 -18.39590141
v 124.19170328 6.36876813 -18.01812776
v 124.58028818 7.13103343 -17.59406176
v 125.00743081 7.84207718 -17.12791737
v 125.47016201 8.49843471 -16.62293489
v 125.96622703 9.09554350 -16.08157491
v 126.49358168 9.62747005 -15.50606830
v 127.04976649 10.08727937 -14.89909908
v 127.63139847 10.46796069 -14.26435917
v 128.23396837 10.76361844 -13.60676951
v 128.85201290 10.97053294 -12.93229226
v 129.47959036 11.08772800 -12.24741165
v 130.11087729 11.11684485 -11.55848285
v 130.74066270 11.06135580 -10.87119268
v 131.36456006 10.92537706 -10.19032819
v 131.97886834 10.71247665 -9.51992833
v 132.58015031 10.42487346 -8.86374421
v 133.16470721 10.06328674 -8.22581229
v 133.72817289 9.62747005 -7.61089741
v 134.26540911 9.11722887 -7.02460695
v 134.77077319 8.53355974 -6.47309884
v 135.23868782 7.87951557 -5.96245963
v 135.66432497 7.16050683 -5.49795819
v 136.04416363 6.38395238 -5.08343702
v 136.37621706 5.55842243 -4.72106430
v 136.65983670 4.69258767 -4.41154777
v 136.89514916 3.79434363 -4.15474929
v 137.08231481 2.87039947 -3.95049381
v 137.22086559 1.92643875 -3.79929218
v 137.30935747 0.96774324 -3.70272023
v 138.06148824 0.00000000 -4.32107786
v 138.04216993 -0.96959389 -4.34143511
v 137.96445025 -1.93348829 -4.42333457
v 137.82724309 -2.88274098 -4.56792074
v 137.63119626 -3.80822851 -4.77451100
v 137.37877503 -4.70156148 -5.04050747
v 137.07388619 -5.55581428 -5.36179327
v 136.72117558 -6.36578927 -5.73347270
v 136.32523928 -7.12770587 -6.15070250
v 135.89001062 -7.83842098 -6.60933781
v 135.41851533 -8.49446908 -7.10619018
v 134.91305248 -9.09128926 -7.63883689
v 134.37570722 -9.62295261 -8.20508064
v 133.80898764 -10.08253112 -8.80227848
v 133.21634189 -10.46302184 -9.42679679
v 132.60236450 -10.75853581 -10.07379396
v 131.97262106 -10.96535697 -10.73740508
v 131.33316418 -11.08250883 -11.41125203
v 130.68992620 -11.11162856 -12.08908343
v 130.04821625 -11.05618209 -12.76530462
v 129.41250443 -10.92027894 -13.43520510
v 128.78656320 -10.70748219 -14.09480953
v 128.17389648 -10.42000889 -14.74042554
v 127.57827417 -10.05857986 -15.36808050
v 127.00414518 -9.62295261 -15.97308621
v 126.45674391 -9.11293724 -16.54992679
v 125.94181784 -8.52953355 -17.09254565
v 125.46504761 -7.87579483 -17.59495664
v 125.03135101 -7.15712846 -18.05197750
v 124.64431535 -6.38094735 -18.45982799
v 124.30596621 -5.55581428 -18.81637359
v 124.01696688 -4.69039282 -19.12091534
v 123.77719135 -3.79257308 -19.37358602
v 123.58647878 -2.86906121 -19.57455514
v 123.44530735 -1.92553981 -19.72331879
v 123.35514789 -0.96729059 -19.81832704
v 123.31836416 -0.00000000 -19.85708900
v 123.33768248 0.96959389 -19.83673174
v 123.41540216 1.93348829 -19.75483229
v 123.55260932 2.88274098 -19.61024611
v 123.74865615 3.80822851 -19.40365586
v 124.00107737 4.70156148 -19.13765938
v 124.30596621 5.55581428 -18.81637359
v 124.65867683 6.36578927 -18.44469415
v 125.05461312 7.12770587 -18.02746435
v 125.48984178 7.83842098 -17.56882904
v 125.96133708 8.49446908 -17.07197667
v 126.46679993 9.09128926 -16.53932996
v 127.00414518 9.62295261 -15.97308621
v 127.57086477 10.08253112 -15.37588838
v 128.16351051 10.46302184 -14.75137007
v 128.77748791 10.75853581 -14.10437289
v 129.40723134 10.96535697 -13.44076178
v 130.04668823 11.08250883 -12.76691482
v 130.68992620 11.11162856 -12.08908343
v 131.33163615 11.05618209 -11.41286223
v 131.96734797 10.92027894 -10.74296176
v 132.59328920 10.70748219 -10.08335733
v 133.20595593 10.42000889 -9.43774131
v 133.80157824 10.05857986 -8.81008635
v 134.37570722 9.62295261 -8.20508064
v 134.92310849 9.11293724 -7.62824006
v 135.43803456 8.52953355 -7.08562121
v 135.91480479 7.87579483 -6.58321021
v 136.34850140 7.15712846 -6.12618935
v 136.73553705 6.38094735 -5.71833887
v 137.07388619 5.55581428 -5.36179327
v 137.36288553 4.69039282 -5.05725151
v 137.60266105 3.79257308 -4.80458083
v 137.79337362 2.86906121 -4.60361171
v 137.93454505 1.92553981 -4.45484807
v 138.02470452 0.96729059 -4.35983982
v 138.74471547 0.00000000 -4.96882143
v 138.72505671 -0.96923024 -4.98894191
v 138.64610952 -1.93275501 -5.06974330
v 138.50677954 -2.88164327 -5.21234566
v 138.30772657 -3.80678423 -5.41607368
v 138.05144898 -4.69979815 -5.67837034
v 137.74190372 -5.55376250 -5.99518575
v 137.38379644 -6.36347505 -6.36170373
v 136.98178435 -7.12514478 -6.77315768
v 136.53985666 -7.83561667 -7.22546472
v 136.06108707 -8.49141689 -7.71547895
v 135.54781651 -9.08798421 -8.24080445
v 135.00217107 -9.61939882 -8.79926521
v 134.42670543 -10.07874965 -9.38824654
v 133.82492524 -10.45905372 -10.00416045
v 133.20149543 -10.75443910 -10.64223247
v 132.56206289 -10.96119833 -11.29668306
v 131.91276717 -11.07835231 -11.96122848
v 131.25962667 -11.10752500 -12.62970898
v 130.60803022 -11.05216272 -13.29660917
v 129.96251883 -10.91635514 -13.95728139
v 129.32692836 -10.70365143 -14.60779967
v 128.70482295 -10.41626484 -15.24451617
v 128.10003499 -10.05492315 -15.86350850
v 127.51708227 -9.61939882 -16.46015276
v 126.96127539 -9.10951941 -17.02901362
v 126.43844239 -8.52629871 -17.56412614
v 125.95434256 -7.87279582 -18.05959580
v 125.51396299 -7.15441410 -18.51031836
v 125.12094485 -6.37855416 -18.91256713
v 124.77734962 -5.55376250 -19.26423222
v 124.48386045 -4.68868767 -19.56461443
v 124.24036115 -3.79121035 -19.81383269
v 124.04669837 -2.86803476 -20.01204394
v 123.90336255 -1.92484794 -20.15874621
v 123.81184515 -0.96693895 -20.25241304
v 123.77453787 -0.00000000 -20.29059654
v 123.79419663 0.96923024 -20.27047606
v 123.87314382 1.93275501 -20.18967467
v 124.01247380 2.88164327 -20.04707231
v 124.21152677 3.80678423 -19.84334429
v 124.46780436 4.69979815 -19.58104763
v 124.77734962 5.55376250 -19.26423222
v 125.13545690 6.36347505 -18.89771424
v 125.53746899 7.12514478 -18.48626029
v 125.97939668 7.83561667 -18.03395325
v 126.45816627 8.49141689 -17.54393902
v 126.97143683 9.08798421 -17.01861352
v 127.51708227 9.61939882 -16.46015276
v 128.09254791 10.07874965 -15.87117143
v 128.69432810 10.45905372 -15.25525752
v 129.31775791 10.75443910 -14.61718550
v 129.95719045 10.96119833 -13.96273491
v 130.60648617 11.07835231 -13.29818948
v 131.25962667 11.10752500 -12.62970898
v 131.91122312 11.05216272 -11.96280879
v 132.55673451 10.91635514 -11.30213658
v 133.19232498 10.70365143 -10.65161830
v 133.81443039 10.41626484 -10.01490180
v 134.41921835 10.05492315 -9.39590947
v 135.00217107 9.61939882 -8.79926521
v 135.55797795 9.10951941 -8.23040435
v 136.08081095 8.52629871 -7.69529183
v 136.56491078 7.87279582 -7.19982217
v 137.00529035 7.15441410 -6.74909961
v 137.39830849 6.37855416 -6.34685084
v 137.74190372 5.55376250 -5.99518575
v 138.03539289 4.68868767 -5.69480354
v 138.27889219 3.79121035 -5.44558528
v 138.47255497 2.86803476 -5.24737403
v 138.61589079 1.92484794 -5.10067176
v 138.70740819 0.96693895 -5.00700493
v 139.16676887 0.00000000 -5.37944370
v 139.14695109 -0.96901561 -5.39949108
v 139.06749438 -1.93231968 -5.47986838
v 138.92730540 -2.88099021 -5.62168159
v 138.72704984 -3.80592680 -5.82425733
v 138.46923684 -4.69875743 -6.08505735
v 138.15783842 -5.55256156 -6.40006365
v 137.79757825 -6.36213218 -6.76449780
v 137.39313318 -7.12366843 -7.17362879
v 136.94851247 -7.83400408 -7.62340088
v 136.46680985 -8.48965744 -8.11068453
v 135.95038638 -9.08606639 -8.63309130
v 135.40138917 -9.61731873 -9.18844921
v 134.82239572 -10.07651782 -9.77415089
v 134.21693709 -10.45669794 -10.38662438
v 133.58970633 -10.75200185 -11.02112226
v 132.94638077 -10.95872945 -11.67190141
v 132.29313171 -11.07589912 -12.33271903
v 131.63600947 -11.10512311 -12.99745471
v 130.98043386 -11.04983041 -13.66062585
v 130.33097547 -10.91409322 -14.31760888
v 129.69149841 -10.70144859 -14.96449494
v 129.06559428 -10.41410654 -15.59765082
v 128.45712283 -10.05280129 -16.21317203
v 127.87062977 -9.61731873 -16.80646022
v 127.31145410 -9.10750220 -17.37211452
v 126.78545219 -8.52437826 -17.90421071
v 126.29841040 -7.87101164 -18.39689538
v 125.85534040 -7.15280265 -18.84509880
v 125.45990434 -6.37714170 -19.24511640
v 125.11418052 -5.55256156 -19.59484578
v 124.81886507 -4.68769823 -19.89358276
v 124.57385177 -3.79042480 -20.14143480
v 124.37899541 -2.86744451 -20.33854877
v 124.23479390 -1.92444911 -20.48442101
v 124.14274592 -0.96673489 -20.57753545
v 124.10525007 -0.00000000 -20.61546573
v 124.12506785 0.96901561 -20.59541835
v 124.20452456 1.93231968 -20.51504104
v 124.34471354 2.88099021 -20.37322783
v 124.54496910 3.80592680 -20.17065210
v 124.80278210 4.69875743 -19.90985208
v 125.11418052 5.55256156 -19.59484578
v 125.47444069 6.36213218 -19.23041163
v 125.87888576 7.12366843 -18.82128064
v 126.32350647 7.83400408 -18.37150854
v 126.80520909 8.48965744 -17.88422490
v 127.32163256 9.08606639 -17.36181813
v 127.87062977 9.61731873 -16.80646022
v 128.44962322 10.07651782 -16.22075854
v 129.05508185 10.45669794 -15.60828505
v 129.68231261 10.75200185 -14.97378716
v 130.32563817 10.95872945 -14.32300801
v 130.97888723 11.07589912 -13.66219040
v 131.63600947 11.10512311 -12.99745471
v 132.29158508 11.04983041 -12.33428358
v 132.94104347 10.91409322 -11.67730055
v 133.58052053 10.70144859 -11.03041449
v 134.20642466 10.41410654 -10.39725861
v 134.81489611 10.05280129 -9.78173739
v 135.40138917 9.61731873 -9.18844921
v 135.96056484 9.10750220 -8.62279491
v 136.48656676 8.52437826 -8.09069872
v 136.97360855 7.87101164 -7.59801405
v 137.41667854 7.15280265 -7.14981063
v 137.81211460 6.37714170 -6.74979303
v 138.15783842 5.55256156 -6.40006365
v 138.45315387 4.68769823 -6.10132667
v 138.69816717 3.79042480 -5.85347463
v 138.89302353 2.86744451 -5.65636066
v 139.03722504 1.92444911 -5.51048842
v 139.12927302 0.96673489 -5.41737398
v 140.59171521 0.00000000 -6.78284731
v 140.57178921 -0.96846375 -6.80300418
v 140.49223276 -1.93120017 -6.88348237
v 140.35197217 -2.87931072 -7.02536802
v 140.15167813 -3.80372181 -7.22798268
v 139.89384914 -4.69608145 -7.48879889
v 139.58243495 -5.54947419 -7.80382112
v 139.22213322 -6.35868065 -8.16829732
v 138.81759957 -7.11987437 -8.57751791
v 138.37283360 -7.82986016 -9.02743696
v 137.89093336 -8.48513586 -9.51492051
v 137.37427592 -9.08113709 -10.03756396
v 136.82503001 -9.61197125 -10.59317345
v 136.24579283 -10.07077916 -11.17912169
v 135.64010700 -10.45063978 -11.79182501
v 135.01266638 -10.74573389 -12.42653519
v 134.36913983 -10.95238044 -13.07751765
v 133.71568602 -11.06959132 -13.73854239
v 133.05834482 -11.09894838 -14.40349958
v 132.40253304 -11.04383574 -15.06690961
v 131.75282775 -10.90828039 -15.72414241
v 131.11310691 -10.69578788 -16.37127507
v 130.48697816 -10.40856000 -17.00465817
v 129.87831303 -10.04734752 -17.62037532
v 129.29165962 -9.61197125 -18.21382571
v 128.73234843 -9.10231541 -18.77961709
v 128.20621906 -8.51943960 -19.31184222
v 127.71903902 -7.86642317 -19.80466674
v 127.27580652 -7.14865863 -20.25303455
v 126.88018170 -6.37350987 -20.65324309
v 126.53425468 -5.54947419 -21.00317803
v 126.23874463 -4.68515509 -21.30211187
v 125.99357299 -3.78840602 -21.55012407
v 125.79861813 -2.86592773 -21.74733769
v 125.65438962 -1.92342415 -21.89323724
v 125.56238192 -0.96621043 -21.98631094
v 125.52497442 -0.00000000 -22.02415184
v 125.54490042 0.96846375 -22.00399498
v 125.62445687 1.93120017 -21.92351678
v 125.76471746 2.87931072 -21.78163113
v 125.96501150 3.80372181 -21.57901648
v 126.22284050 4.69608145 -21.31820027
v 126.53425468 5.54947419 -21.00317803
v 126.89455641 6.35868065 -20.63870183
v 127.29909006 7.11987437 -20.22948125
v 127.74385603 7.82986016 -19.77956220
v 128.22575627 8.48513586 -19.29207865
v 128.74241371 9.08113709 -18.76943520
v 129.29165962 9.61197125 -18.21382571
v 129.87089680 10.07077916 -17.62787747
v 130.47658263 10.45063978 -17.01517415
v 131.10402326 10.74573389 -16.38046397
v 131.74754980 10.95238044 -15.72948151
v 132.40100361 11.06959132 -15.06845676
v 133.05834482 11.09894838 -14.40349958
v 133.71415659 11.04383574 -13.74008955
v 134.36386188 10.90828039 -13.08285675
v 135.00358272 10.69578788 -12.43572409
v 135.62971147 10.40856000 -11.80234099
v 136.23837661 10.04734752 -11.18662384
v 136.82503001 9.61197125 -10.59317345
v 137.38434120 9.10231541 -10.02738206
v 137.91047057 8.51943960 -9.49515694
v 138.39765061 7.86642317 -9.00233242
v 138.84088312 7.14865863 -8.55396461
v 139.23650793 6.37350987 -8.15375607
v 139.58243495 5.54947419 -7.80382112
v 139.87794500 4.68515509 -7.50488729
v 140.12311664 3.78840602 -7.25687508
v 140.31807151 2.86592773 -7.05966146
v 140.46230001 1.92342415 -6.91376192
v 140.55430771 0.96621043 -6.82068822
v 142.01602467 0.00000000 -8.18689520
v 141.99601680 -0.96890321 -8.20713488
v 141.91638490 -1.93206209 -8.28768939
v 141.77607016 -2.88058794 -8.42962982
v 141.57574705 -3.80541946 -8.63227389
v 141.31790599 -4.69821238 -8.89310230
v 141.00647993 -5.55204899 -9.20813655
v 140.64614681 -6.36169593 -9.57264450
v 140.24154622 -7.12330403 -9.98193281
v 139.79667042 -7.83365334 -10.43196295
v 139.31462075 -8.48922316 -10.91959767
v 138.79778639 -9.08544337 -11.44242009
v 138.24835242 -9.61643094 -11.99821982
v 137.66893092 -10.07534896 -12.58435451
v 137.06307332 -10.45530404 -13.19723160
v 136.43547402 -10.75050056 -13.83210228
v 135.79179553 -10.95726863 -14.48323845
v 135.13818692 -11.07461434 -15.14441979
v 134.48068016 -11.10409798 -15.80954444
v 133.82468983 -11.04907273 -16.47313511
v 133.17479785 -10.91353493 -17.13055676
v 132.53489268 -10.70096947 -17.77787588
v 131.90859410 -10.41357383 -18.41143078
v 131.29978253 -10.05211197 -19.02729606
v 130.71300791 -9.61643094 -19.62086907
v 130.15359429 -9.10644575 -20.18676407
v 129.62736858 -8.52324194 -20.71908665
v 129.14008402 -7.86991262 -21.21201690
v 128.69672865 -7.15184917 -21.66050901
v 128.30096110 -6.37640196 -22.06086193
v 127.95488039 -5.55204899 -22.41095234
v 127.65922318 -4.68737679 -22.71003505
v 127.41393179 -3.79023091 -22.95816839
v 127.21890242 -2.86731613 -23.15545737
v 127.07465352 -1.92435066 -23.30137755
v 126.98267631 -0.96666861 -23.39442041
v 126.94533566 -0.00000000 -23.43219369
v 126.96534353 0.96890321 -23.41195401
v 127.04497542 1.93206209 -23.33139950
v 127.18529016 2.88058794 -23.18945907
v 127.38561328 3.80541946 -22.98681500
v 127.64345434 4.69821238 -22.72598658
v 127.95488039 5.55204899 -22.41095234
v 128.31521351 6.36169593 -22.04644439
v 128.71981411 7.12330403 -21.63715608
v 129.16468990 7.83365334 -21.18712594
v 129.64673958 8.48922316 -20.69949122
v 130.16357394 9.08544337 -20.17666880
v 130.71300791 9.61643094 -19.62086907
v 131.29242940 10.07534896 -19.03473438
v 131.89828701 10.45530404 -18.42185729
v 132.52588630 10.75050056 -17.78698661
v 133.16956480 10.95726863 -17.13585044
v 133.82317340 11.07461434 -16.47466910
v 134.48068016 11.10409798 -15.80954444
v 135.13667050 11.04907273 -15.14595378
v 135.78656248 10.91353493 -14.48853213
v 136.42646764 10.70096947 -13.84121301
v 137.05276622 10.41357383 -13.20765811
v 137.66157779 10.05211197 -12.59179283
v 138.24835242 9.61643094 -11.99821982
v 138.80776604 9.10644575 -11.43232482
v 139.33399175 8.52324194 -10.90000224
v 139.82127630 7.86991262 -10.40707199
v 140.26463168 7.15184917 -9.95857988
v 140.66039923 6.37640196 -9.55822696
v 141.00647993 5.55204899 -9.20813655
v 141.30213715 4.68737679 -8.90905384
v 141.54742854 3.79023091 -8.66092050
v 141.74245790 2.86731613 -8.46363152
v 141.88670681 1.92435066 -8.31771134
v 141.97868402 0.96666861 -8.22466848
v 143.44160079 0.00000000 -9.58966174
v 143.42145842 -0.96923455 -9.61003748
v 143.34170262 -1.93269917 -9.69071734
v 143.20129896 -2.88152490 -9.83274772
v 143.00092813 -3.80667426 -10.03544004
v 142.74306733 -4.69981906 -10.29628843
v 142.43162187 -5.55404066 -10.61134231
v 142.07123729 -6.36408484 -10.97590231
v 141.66652684 -7.12606665 -11.38530175
v 141.22147076 -7.83672681 -11.83551427
v 140.73917574 -8.49251553 -12.32339717
v 140.22205090 -9.08885508 -12.84651344
v 139.67230815 -9.61988060 -13.40262553
v 139.09258405 -10.07879450 -13.98906632
v 138.48644443 -10.45875157 -14.60222870
v 137.85858466 -10.75399733 -15.23736287
v 137.21465675 -10.96088168 -15.88875135
v 136.56079403 -11.07840160 -16.55018974
v 135.90301551 -11.10808131 -17.21558931
v 135.24673203 -11.05322181 -17.87947651
v 134.59653356 -10.91776751 -18.53720820
v 133.95632578 -10.70516790 -19.18483345
v 133.32974840 -10.41761251 -19.81867038
v 132.72069644 -10.05588669 -20.43477883
v 132.13372287 -9.61988060 -21.02855309
v 131.57414114 -9.10955995 -21.59461815
v 131.04775732 -8.52605239 -22.12710067
v 130.56030122 -7.87247243 -22.62020446
v 130.11674412 -7.15420742 -23.06890062
v 129.72074221 -6.37858254 -23.46949062
v 129.37440915 -5.55404066 -23.81983631
v 129.07851025 -4.68913697 -24.11916350
v 128.83302222 -3.79170087 -24.36749576
v 128.63787053 -2.86844109 -24.56490849
v 128.49358816 -1.92509698 -24.71086252
v 128.40166105 -0.96703160 -24.80385470
v 128.36443023 -0.00000000 -24.84151688
v 128.38457259 0.96923455 -24.82114114
v 128.46432840 1.93269917 -24.74046128
v 128.60473206 2.88152490 -24.59843090
v 128.80510288 3.80667426 -24.39573858
v 129.06296369 4.69981906 -24.13489019
v 129.37440915 5.55404066 -23.81983631
v 129.73479373 6.36408484 -23.45527631
v 130.13950417 7.12606665 -23.04587687
v 130.58456026 7.83672681 -22.59566435
v 131.06685527 8.49251553 -22.10778145
v 131.58398012 9.08885508 -21.58466518
v 132.13372287 9.61988060 -21.02855309
v 132.71344696 10.07879450 -20.44211230
v 133.31958659 10.45875157 -19.82894992
v 133.94744635 10.75399733 -19.19381575
v 134.59137427 10.96088168 -18.54242727
v 135.24523699 11.07840160 -17.88098888
v 135.90301551 11.10808131 -17.21558931
v 136.55929898 11.05322181 -16.55170211
v 137.20949746 10.91776751 -15.89397042
v 137.84970524 10.70516790 -15.24634517
v 138.47628262 10.41761251 -14.61250824
v 139.08533457 10.05588669 -13.99639979
v 139.67230815 9.61988060 -13.40262553
v 140.23188988 9.10955995 -12.83656047
v 140.75827370 8.52605239 -12.30407795
v 141.24572980 7.87247243 -11.81097416
v 141.68928690 7.15420742 -11.36227800
v 142.08528881 6.37858254 -10.96168799
v 142.43162187 5.55404066 -10.61134231
v 142.72752077 4.68913697 -10.31201512
v 142.97300880 3.79170087 -10.06368285
v 143.16816049 2.86844109 -9.86627013
v 143.31244286 1.92509698 -9.72031610
v 143.40436996 0.96703160 -9.62732392
v 144.87386783 0.00000000 -10.98565984
v 144.85331263 -0.97155753 -11.00645319
v 144.77317661 -1.93725867 -11.08751768
v 144.63250029 -2.88828321 -11.22982387
v 144.43198347 -3.81565471 -11.43266388
v 144.17406265 -4.71108318 -11.69357299
v 143.86255832 -5.56763780 -12.00868642
v 143.50201661 -6.37999320 -12.37340538
v 143.09696984 -7.14414922 -12.78314503
v 142.65136130 -7.85672130 -13.23391640
v 142.16831421 -8.51406550 -13.72256009
v 141.65029877 -9.11157457 -14.24657727
v 141.09960934 -9.64343154 -14.80364701
v 140.51895761 -10.10295049 -15.39102619
v 139.91195359 -10.48342515 -16.00506297
v 139.28329564 -10.77921968 -16.64100457
v 138.63860348 -10.98673985 -17.29316616
v 137.98396217 -11.10495337 -17.95539217
v 137.32535085 -11.13527559 -18.62163418
v 136.66816896 -11.08085165 -19.28643020
v 136.01703105 -10.94547162 -19.94511222
v 135.37589573 -10.73248088 -20.59367575
v 134.74846387 -10.44404746 -21.22837705
v 134.13867536 -10.08102347 -21.84523059
v 133.55109236 -9.64343154 -22.43962134
v 132.99099584 -9.13139296 -23.00620717
v 132.46412784 -8.54616648 -23.53917947
v 131.97614621 -7.89093647 -24.03281488
v 131.53197086 -7.17108514 -24.48213645
v 131.13525037 -6.39387018 -24.88345336
v 130.78814339 -5.56763780 -25.23458194
v 130.49150321 -4.70085845 -25.53465900
v 130.24541206 -3.80132240 -25.78360136
v 130.04988529 -2.87575958 -25.98139352
v 129.90550052 -1.92998196 -26.12745114
v 129.81372744 -0.96944890 -26.22028749
v 129.77683387 -0.00000000 -26.25760851
v 129.79738908 0.97155753 -26.23681516
v 129.87752510 1.93725867 -26.15575067
v 130.01820142 2.88828321 -26.01344448
v 130.21871824 3.81565471 -25.81060447
v 130.47663906 4.71108318 -25.54969536
v 130.78814339 5.56763780 -25.23458194
v 131.14868510 6.37999320 -24.86986297
v 131.55373187 7.14414922 -24.46012332
v 131.99934041 7.85672130 -24.00935195
v 132.48238750 8.51406550 -23.52070826
v 133.00040293 9.11157457 -22.99669108
v 133.55109236 9.64343154 -22.43962134
v 134.13174410 10.10295049 -21.85224216
v 134.73874812 10.48342515 -21.23820538
v 135.36740606 10.77921968 -20.60226378
v 136.01209823 10.98673985 -19.95010219
v 136.66673954 11.10495337 -19.28787618
v 137.32535085 11.13527559 -18.62163418
v 137.98253275 11.08085165 -17.95683815
v 138.63367066 10.94547162 -17.29815613
v 139.27480598 10.73248088 -16.64959260
v 139.90223783 10.44404746 -16.01489130
v 140.51202635 10.08102347 -15.39803776
v 141.09960934 9.64343154 -14.80364701
v 141.65970587 9.13139296 -14.23706118
v 142.18657387 8.54616648 -13.70408888
v 142.67455550 7.89093647 -13.21045347
v 143.11873085 7.17108514 -12.76113190
v 143.51545134 6.39387018 -12.35981499
v 143.86255832 5.56763780 -12.00868642
v 144.15919850 4.70085845 -11.70860935
v 144.40528964 3.80132240 -11.45966699
v 144.60081642 2.87575958 -11.26187483
v 144.74520119 1.92998196 -11.11581721
v 144.83697427 0.96944890 -11.02298086
v 146.31370531 0.00000000 -12.37399979
v 146.29242011 -0.97338248 -12.39553161
v 146.21161228 -1.94076931 -12.47727568
v 146.07045491 -2.89344735 -12.62006850
v 145.86968157 -3.82256932 -12.82316801
v 145.61165677 -4.71993237 -13.08418229
v 145.30005095 -5.57860039 -13.39939838
v 144.93923435 -6.39313465 -13.76439541
v 144.53359617 -7.15934047 -14.17473334
v 144.08701429 -7.87361949 -14.62648933
v 143.60264112 -8.53216973 -15.11647446
v 143.08305489 -9.13034251 -15.64208063
v 142.53069575 -9.66241931 -16.20083942
v 141.94840824 -10.12192762 -16.78987333
v 141.33988052 -10.50242289 -17.40545147
v 140.70981616 -10.79849252 -18.04281578
v 140.06377775 -11.00664969 -18.69633921
v 139.40776489 -11.12581264 -19.35995266
v 138.74768620 -11.15720078 -20.02767904
v 138.08892086 -11.10367589 -20.69407686
v 137.43612689 -10.96874597 -21.35443412
v 136.79335648 -10.75556424 -22.00465169
v 136.16441864 -10.46625559 -22.64087642
v 135.55333256 -10.10178827 -23.25904257
v 134.96467665 -9.66241931 -23.85451866
v 134.40367434 -9.14854514 -24.42202076
v 133.87595445 -8.56165359 -24.95585483
v 133.38704745 -7.90504517 -25.45042632
v 132.94178238 -7.18408037 -25.90085025
v 132.54379432 -6.40588027 -26.30344941
v 132.19532145 -5.57860039 -26.65595970
v 131.89737270 -4.71054123 -26.95736049
v 131.65021692 -3.80940550 -27.20737982
v 131.45402839 -2.88194475 -27.40584140
v 131.30946372 -1.93408586 -27.55208100
v 131.21796387 -0.97144576 -27.64464098
v 131.18166709 -0.00000000 -27.68135829
v 131.20295230 0.97338248 -27.65982647
v 131.28376012 1.94076931 -27.57808240
v 131.42491749 2.89344735 -27.43528958
v 131.62569083 3.82256932 -27.23219008
v 131.88371563 4.71993237 -26.97117579
v 132.19532145 5.57860039 -26.65595970
v 132.55613805 6.39313465 -26.29096267
v 132.96177623 7.15934047 -25.88062475
v 133.40835811 7.87361949 -25.42886875
v 133.89273128 8.53216973 -24.93888362
v 134.41231751 9.13034251 -24.41327745
v 134.96467665 9.66241931 -23.85451866
v 135.54696416 10.12192762 -23.26548475
v 136.15549188 10.50242289 -22.64990661
v 136.78555624 10.79849252 -22.01254230
v 137.43159465 11.00664969 -21.35901887
v 138.08760751 11.12581264 -20.69540542
v 138.74768620 11.15720078 -20.02767904
v 139.40645154 11.10367589 -19.36128122
v 140.05924551 10.96874597 -18.70092396
v 140.70201592 10.75556424 -18.05070639
v 141.33095376 10.46625559 -17.41448166
v 141.94203985 10.10178827 -16.79631551
v 142.53069575 9.66241931 -16.20083942
v 143.09169806 9.14854514 -15.63333732
v 143.61941795 8.56165359 -15.09950325
v 144.10832495 7.90504517 -14.60493176
v 144.55359002 7.18408037 -14.15450783
v 144.95157808 6.40588027 -13.75190867
v 145.30005095 5.57860039 -13.39939838
v 145.59799970 4.71054123 -13.09799759
v 145.84515548 3.80940550 -12.84797826
v 146.04134401 2.88194475 -12.64951668
v 146.18590868 1.93408586 -12.50327708
v 146.27740854 0.97144576 -12.41071710
v 147.75671702 0.00000000 -13.75912874
v 147.73456536 -0.97424728 -13.78153705
v 147.65296099 -1.94234189 -13.86408689
v 147.51123440 -2.89570919 -14.00745553
v 147.31015926 -3.82566670 -14.21086033
v 147.05201457 -4.72412577 -14.47199589
v 146.74029256 -5.58415329 -14.78732953
v 146.37915457 -6.40018343 -15.15265167
v 145.97281977 -7.16779663 -15.56369427
v 145.52508838 -7.88314601 -16.01661310
v 145.03914740 -8.54224739 -16.50818421
v 144.51770329 -9.14040920 -17.03566978
v 143.96336928 -9.67203721 -17.59642632
v 143.37914760 -10.13092040 -18.18741682
v 142.76881914 -10.51093289 -18.80481656
v 142.13709360 -10.80693381 -19.44386129
v 141.48946566 -11.01556825 -20.09899267
v 140.83183337 -11.13569731 -20.76424430
v 140.17002155 -11.16830658 -21.43372391
v 139.50938522 -11.11591829 -22.10201439
v 138.85463398 -10.98170156 -22.76435160
v 138.20993105 -10.76857771 -23.41652408
v 137.57921380 -10.47861767 -24.05454884
v 136.96659549 -10.11292604 -24.67426496
v 136.37667381 -9.67203721 -25.27102149
v 135.81460379 -9.15667312 -25.83960368
v 135.28587970 -8.56859100 -26.37445357
v 134.79588075 -7.91122462 -26.87012967
v 134.34932796 -7.18990154 -27.32185624
v 133.94984035 -6.41157154 -27.72597232
v 133.59975054 -5.58415329 -28.08011829
v 133.30025220 -4.71573486 -28.38308662
v 133.05183575 -3.81390493 -28.63438123
v 132.85486421 -2.88543170 -28.83363489
v 132.71008794 -1.93637028 -28.98008854
v 132.61891374 -0.97251683 -29.07231909
v 132.58332607 -0.00000000 -29.10831907
v 132.60547774 0.97424728 -29.08591076
v 132.68708211 1.94234189 -29.00336092
v 132.82880869 2.89570919 -28.85999229
v 133.02988384 3.82566670 -28.65658748
v 133.28802853 4.72412577 -28.39545192
v 133.59975054 5.58415329 -28.08011829
v 133.96088853 6.40018343 -27.71479614
v 134.36722332 7.16779663 -27.30375354
v 134.81495471 7.88314601 -26.85083471
v 135.30089570 8.54224739 -26.35926360
v 135.82233980 9.14040920 -25.83177803
v 136.37667381 9.67203721 -25.27102149
v 136.96089550 10.13092040 -24.68003099
v 137.57122395 10.51093289 -24.06263125
v 138.20294949 10.80693381 -23.42358652
v 138.85057743 11.01556825 -22.76845515
v 139.50820972 11.13569731 -22.10320351
v 140.17002155 11.16830658 -21.43372391
v 140.83065788 11.11591829 -20.76543342
v 141.48540912 10.98170156 -20.10309622
v 142.13011205 10.76857771 -19.45092373
v 142.76082930 10.47861767 -18.81289897
v 143.37344760 10.11292604 -18.19318285
v 143.96336928 9.67203721 -17.59642632
v 144.52543931 9.15667312 -17.02784414
v 145.05416339 8.56859100 -16.49299424
v 145.54416234 7.91122462 -15.99731814
v 145.99071514 7.18990154 -15.54559157
v 146.39020274 6.41157154 -15.14147550
v 146.74029256 5.58415329 -14.78732953
v 147.03979090 4.71573486 -14.48436119
v 147.28820734 3.81390493 -14.23306658
v 147.48517888 2.88543170 -14.03381293
v 147.62995515 1.93637028 -13.88735927
v 147.72112935 0.97251683 -13.79512873
v 149.19725771 0.00000000 -15.14675733
v 149.17433949 -0.97589135 -15.16994108
v 149.09203117 -1.94548584 -15.25320302
v 148.94980257 -2.90032334 -15.39707950
v 148.74846280 -3.83185908 -15.60075199
v 148.49021519 -4.73209787 -15.86199167
v 148.17839419 -5.59410303 -16.17742543
v 147.81697622 -6.41219145 -16.54303081
v 147.41002993 -7.18174104 -16.95469199
v 146.96128672 -7.89868200 -17.40863435
v 146.47396419 -8.55886569 -17.90160301
v 145.95088227 -9.15755843 -18.43074538
v 145.39480730 -9.68927066 -18.99326305
v 144.80888104 -10.14801663 -19.58597787
v 144.19696644 -10.52794630 -20.20498214
v 143.56377852 -10.82415408 -20.84550619
v 142.91475181 -11.03339849 -21.50205254
v 142.25569442 -11.15448914 -22.16874580
v 141.59235689 -11.18820605 -22.83976877
v 140.93007286 -11.13677396 -23.50972605
v 140.27359748 -11.00306563 -24.17380737
v 139.62719218 -10.78980027 -24.82770194
v 138.99490790 -10.49900303 -25.46731189
v 138.38094112 -10.13189990 -26.08839211
v 137.78990648 -9.68927066 -26.68627449
v 137.22689845 -9.17212528 -27.25580556
v 136.69729216 -8.58246046 -27.79154788
v 136.20633285 -7.92383074 -28.28819547
v 135.75864591 -7.20153941 -28.74106932
v 135.35783612 -6.42239127 -29.14652290
v 135.00631959 -5.59410303 -29.50211211
v 134.70545353 -4.72458252 -29.80646401
v 134.45592444 -3.82132459 -30.05888416
v 134.25826236 -2.89111827 -30.25883636
v 134.11330060 -1.94013734 -30.40547765
v 134.02241574 -0.97434147 -30.49741550
v 133.98745608 -0.00000000 -30.53278021
v 134.01037430 0.97589135 -30.50959646
v 134.09268261 1.94548584 -30.42633452
v 134.23491122 2.90032334 -30.28245805
v 134.43625098 3.83185908 -30.07878555
v 134.69449859 4.73209787 -29.81754588
v 135.00631959 5.59410303 -29.50211211
v 135.36773757 6.41219145 -29.13650673
v 135.77468386 7.18174104 -28.72484555
v 136.22342706 7.89868200 -28.27090319
v 136.71074959 8.55886569 -27.77793453
v 137.23383152 9.15755843 -27.24879216
v 137.78990648 9.68927066 -26.68627449
v 138.37583274 10.14801663 -26.09355967
v 138.98774735 10.52794630 -25.47455540
v 139.62093527 10.82415408 -24.83403135
v 140.26996197 11.03339849 -24.17748500
v 140.92901937 11.15448914 -23.51079174
v 141.59235689 11.18820605 -22.83976877
v 142.25464093 11.13677396 -22.16981149
v 142.91111631 11.00306563 -21.50573017
v 143.55752160 10.78980027 -20.85183560
v 144.18980588 10.49900303 -20.21222565
v 144.80377267 10.13189990 -19.59114543
v 145.39480730 9.68927066 -18.99326305
v 145.95781534 9.17212528 -18.42373199
v 146.48742163 8.58246046 -17.88798966
v 146.97838094 7.92383074 -17.39134208
v 147.42606788 7.20153941 -16.93846822
v 147.82687767 6.42239127 -16.53301464
v 148.17839419 5.59410303 -16.17742543
v 148.47926025 4.72458252 -15.87307353
v 148.72878934 3.82132459 -15.62065339
v 148.92645143 2.89111827 -15.42070118
v 149.07141318 1.94013734 -15.27405990
v 149.16229804 0.97434147 -15.18212204
v 150.63291987 0.00000000 -16.53932098
v 150.60943834 -0.97638293 -16.56307457
v 150.52661318 -1.94636783 -16.64685934
v 150.38401659 -2.90158476 -16.79110806
v 150.18248377 -3.83359625 -16.99497584
v 149.92416239 -4.73448158 -17.25629014
v 149.61227090 -5.59730648 -17.57179522
v 149.25064975 -6.41630599 -17.93760612
v 148.84325693 -7.18671279 -18.34971901
v 148.39377324 -7.90429648 -18.80441044
v 147.90543872 -8.56479079 -19.29840281
v 147.38115669 -9.16343461 -19.82875918
v 146.82380605 -9.69481921 -20.39256731
v 146.23663108 -10.15312851 -20.98654530
v 145.62355500 -10.53271914 -21.60672451
v 144.98929675 -10.82886176 -22.24833130
v 144.33924658 -11.03840048 -22.90591297
v 143.67914642 -11.16010800 -23.57366106
v 143.01469224 -11.19461296 -24.24581364
v 142.35120185 -11.14392016 -24.91699125
v 141.69346389 -11.01068280 -25.58234978
v 141.04581195 -10.79746979 -26.23750544
v 140.41238039 -10.50627124 -26.87827595
v 139.79742685 -10.13840130 -27.50035437
v 139.20557842 -9.69481921 -28.09905997
v 138.64188498 -9.17674557 -28.66928438
v 138.11163406 -8.58635132 -29.20567880
v 137.61997240 -7.92727700 -29.70303687
v 137.17145504 -7.20480422 -30.15675076
v 136.76967627 -6.42562643 -30.56318456
v 136.41711358 -5.59730648 -30.91983205
v 136.11524434 -4.72761417 -31.22519876
v 135.86489920 -3.82397001 -31.47844441
v 135.66673095 -2.89317331 -31.67890864
v 135.52163391 -1.94148045 -31.82568678
v 135.43096239 -0.97496668 -31.91740882
v 135.39646461 -0.00000000 -31.95230630
v 135.41994614 0.97638293 -31.92855271
v 135.50277130 1.94636783 -31.84476793
v 135.64536789 2.90158476 -31.70051921
v 135.84690071 3.83359625 -31.49665143
v 136.10522209 4.73448158 -31.23533713
v 136.41711358 5.59730648 -30.91983205
v 136.77873473 6.41630599 -30.55402115
v 137.18612755 7.18671279 -30.14190826
v 137.63561124 7.90429648 -29.68721684
v 138.12394576 8.56479079 -29.19322446
v 138.64822778 9.16343461 -28.66286809
v 139.20557842 9.69481921 -28.09905997
v 139.79275339 10.15312851 -27.50508197
v 140.40582948 10.53271914 -26.88490277
v 141.04008773 10.82886176 -26.24329598
v 141.69013790 11.03840048 -25.58571430
v 142.35023805 11.16010800 -24.91796621
v 143.01469224 11.19461296 -24.24581364
v 143.67818263 11.14392016 -23.57463603
v 144.33592059 11.01068280 -22.90927749
v 144.98357253 10.79746979 -22.25412183
v 145.61700409 10.50627124 -21.61335132
v 146.23195763 10.13840130 -20.99127290
v 146.82380605 9.69481921 -20.39256731
v 147.38749949 9.17674557 -19.82234290
v 147.91775041 8.58635132 -19.28594847
v 148.40941208 7.92727700 -18.78859040
v 148.85792943 7.20480422 -18.33487651
v 149.25970820 6.42562643 -17.92844272
v 149.61227090 5.59730648 -17.57179522
v 149.91414014 4.72761417 -17.26642851
v 150.16448528 3.82397001 -17.01318286
v 150.36265353 2.89317331 -16.81271863
v 150.50775057 1.94148045 -16.66594049
v 150.59842209 0.97496668 -16.57421845
v 152.06458823 0.00000000 -17.93592469
v 152.04071112 -0.97626596 -17.96007845
v 151.95752322 -1.94606600 -18.04423016
v 151.81466868 -2.90109738 -18.18873982
v 151.61300100 -3.83300178 -18.39274403
v 151.35462874 -4.73391437 -18.65410980
v 151.04268888 -5.59690590 -18.96966381
v 150.68092633 -6.41615674 -19.33561774
v 150.27322136 -7.18680008 -19.74804640
v 149.82321918 -7.90449500 -20.20326232
v 149.33417563 -8.56489482 -20.69797195
v 148.80905256 -9.16322146 -21.22917911
v 148.25080791 -9.69412538 -21.79389160
v 147.66275798 -10.15191212 -22.38875469
v 147.04886831 -10.53108583 -23.00975691
v 146.41386056 -10.82704284 -23.65212188
v 145.76309387 -11.03668874 -24.31042837
v 145.10226370 -11.15877098 -24.97891494
v 144.43702758 -11.19381179 -25.65185850
v 143.77269227 -11.14366094 -26.32389083
v 143.11406986 -11.01081654 -26.99014406
v 142.46554463 -10.79774098 -27.64618312
v 141.83130954 -10.50639885 -28.28776648
v 141.21566514 -10.13816547 -28.91054376
v 140.62324726 -9.69412538 -29.50982541
v 140.05907445 -9.17564616 -30.08053474
v 139.52837267 -8.58501982 -30.61738525
v 139.03621946 -7.92594545 -31.11524056
v 138.58712046 -7.20368697 -31.56954284
v 138.18466254 -6.42485661 -31.97666365
v 137.83136629 -5.59690590 -32.33405320
v 137.52879352 -4.72750420 -32.64013159
v 137.27787609 -3.82401645 -32.89395616
v 137.07935303 -2.89324597 -33.09477931
v 136.93416149 -1.94150403 -33.24165304
v 136.84364016 -0.97494400 -33.33322315
v 136.80946694 -0.00000000 -33.36779231
v 136.83334405 0.97626596 -33.34363856
v 136.91653195 1.94606600 -33.25948684
v 137.05938649 2.90109738 -33.11497718
v 137.26105417 3.83300178 -32.91097297
v 137.51942643 4.73391437 -32.64960721
v 137.83136629 5.59690590 -32.33405320
v 138.19312884 6.41615674 -31.96809926
v 138.60083381 7.18680008 -31.55567060
v 139.05083599 7.90449500 -31.10045469
v 139.53987954 8.56489482 -30.60574506
v 140.06500261 9.16322146 -30.07453789
v 140.62324726 9.69412538 -29.50982541
v 141.21129719 10.15191212 -28.91496231
v 141.82518686 10.53108583 -28.29396010
v 142.46019461 10.82704284 -27.65159512
v 143.11096130 11.03668874 -26.99328864
v 143.77179147 11.15877098 -26.32480206
v 144.43702758 11.19381179 -25.65185850
v 145.10136290 11.14366094 -24.97982617
v 145.75998531 11.01081654 -24.31357295
v 146.40851054 10.79774098 -23.65753388
v 147.04274563 10.50639885 -23.01595052
v 147.65839003 10.13816547 -22.39317324
v 148.25080791 9.69412538 -21.79389160
v 148.81498072 9.17564616 -21.22318226
v 149.34568250 8.58501982 -20.68633176
v 149.83783570 7.92594545 -20.18847645
v 150.28693471 7.20368697 -19.73417416
v 150.68939263 6.42485661 -19.32705335
v 151.04268888 5.59690590 -18.96966381
v 151.34526165 4.72750420 -18.66358542
v 151.59617908 3.82401645 -18.40976085
v 151.79470214 2.89324597 -18.20893770
v 151.93989367 1.94150403 -18.06206397
v 152.03041501 0.97494400 -17.97049385
v 153.49526721 0.00000000 -19.33352926
v 153.47103569 -0.97701221 -19.35804153
v 153.38752297 -1.94749214 -19.44252183
v 153.24443764 -2.90318991 -19.58726495
v 153.04264963 -3.83581072 -19.79139088
v 152.78423244 -4.73753293 -20.05280210
v 152.47225002 -5.60142570 -20.36839916
v 152.11036170 -6.42161546 -20.73448033
v 151.70237804 -7.19314210 -21.14719090
v 151.25191242 -7.91156206 -21.60287563
v 150.76223476 -8.57245294 -22.09822671
v 150.23635939 -9.17101731 -22.63019489
v 149.67731507 -9.70195391 -23.19571631
v 149.08848261 -10.15967216 -23.79137100
v 148.47386547 -10.53880334 -24.41310911
v 147.83818774 -10.83485225 -25.05615184
v 147.18678066 -11.04477678 -25.71510613
v 146.52529801 -11.16730065 -26.38425275
v 145.85936293 -11.20285141 -27.05790337
v 145.19427219 -11.15314170 -27.73069987
v 144.53485893 -11.02053307 -28.39775311
v 143.88555283 -10.80739476 -29.05458210
v 143.25059932 -10.51567026 -29.69689219
v 142.63433743 -10.14679077 -30.32029412
v 142.04141079 -9.70195391 -30.92009042
v 141.47680986 -9.18265995 -31.49123284
v 140.94570544 -8.59131120 -32.02849065
v 140.45311303 -7.93166234 -32.52679026
v 140.00349396 -7.20896606 -32.98161862
v 139.60042850 -6.42976772 -33.38935401
v 139.24647584 -5.60142570 -33.74740757
v 138.94327342 -4.73152624 -34.05412291
v 138.69184382 -3.82739097 -34.30846558
v 138.49300334 -2.89583270 -34.50960983
v 138.34772750 -1.94321732 -34.65656885
v 138.25734097 -0.97577346 -34.74800260
v 138.22345865 -0.00000000 -34.78227748
v 138.24769018 0.97701221 -34.75776521
v 138.33120290 1.94749214 -34.67328490
v 138.47428822 2.90318991 -34.52854179
v 138.67607623 3.83581072 -34.32441585
v 138.93449342 4.73753293 -34.06300464
v 139.24647584 5.60142570 -33.74740757
v 139.60836416 6.42161546 -33.38132641
v 140.01634782 7.19314210 -32.96861584
v 140.46681345 7.91156206 -32.51293110
v 140.95649111 8.57245294 -32.01758002
v 141.48236647 9.17101731 -31.48561185
v 142.04141079 9.70195391 -30.92009042
v 142.63024325 10.15967216 -30.32443573
v 143.24486039 10.53880334 -29.70269762
v 143.88053813 10.83485225 -29.05965490
v 144.53194520 11.04477678 -28.40070060
v 145.19342785 11.16730065 -27.73155399
v 145.85936293 11.20285141 -27.05790337
v 146.52445367 11.15314170 -26.38510686
v 147.18386693 11.02053307 -25.71805363
v 147.83317303 10.80739476 -25.06122464
v 148.46812654 10.51567026 -24.41891454
v 149.08438843 10.14679077 -23.79551262
v 149.67731507 9.70195391 -23.19571631
v 150.24191600 9.18265995 -22.62457390
v 150.77302042 8.59131120 -22.08731608
v 151.26561284 7.93166234 -21.58901648
v 151.71523190 7.20896606 -21.13418811
v 152.11829736 6.42976772 -20.72645272
v 152.47225002 5.60142570 -20.36839916
v 152.77545244 4.73152624 -20.06168383
v 153.02688204 3.82739097 -19.80734115
v 153.22572252 2.89583270 -19.60619690
v 153.37099837 1.94321732 -19.45923788
v 153.46138489 0.97577346 -19.36780414
v 154.92447326 0.00000000 -20.73262382
v 154.89994935 -0.97478468 -20.75743186
v 154.81616877 -1.94300152 -20.84218313
v 154.67289328 -2.89646807 -20.98711861
v 154.47100634 -3.82696592 -21.19134461
v 154.21255254 -4.72673165 -21.45279287
v 153.90053557 -5.58885330 -21.76842488
v 153.53854412 -6.40742998 -22.13461038
v 153.13033125 -7.17743935 -22.54755281
v 152.67948404 -7.89436633 -23.00362355
v 152.18928405 -8.55373913 -23.49950301
v 151.66278890 -9.15075835 -24.03209816
v 151.10308577 -9.68017787 -24.59828602
v 150.51360870 -10.13650875 -25.19459279
v 149.89839242 -10.51450244 -25.81693699
v 149.26216301 -10.80976600 -26.46053777
v 148.61022871 -11.01930918 -27.12002540
v 147.94820888 -11.14183991 -27.78971541
v 147.28169828 -11.17770659 -28.46394823
v 146.61598542 -11.12850419 -29.13737406
v 145.95592081 -10.99647505 -29.80508620
v 145.30597156 -10.78390496 -30.46256578
v 144.67042643 -10.49271437 -31.10547436
v 144.05365614 -10.12437631 -31.72939056
v 143.46031079 -9.68017787 -32.32961044
v 142.89535762 -9.16172406 -32.90110917
v 142.36392193 -8.57150092 -33.43870210
v 141.87096801 -7.91329793 -33.93736740
v 141.42092064 -7.19234326 -34.39262902
v 141.01735462 -6.41510825 -34.80087078
v 140.66286099 -5.58885330 -35.15947158
v 140.35913958 -4.72107421 -35.46671191
v 140.10728784 -3.81903571 -35.72148162
v 139.90818580 -2.88953862 -35.92289046
v 139.76284066 -1.93897524 -36.06991958
v 139.67256552 -0.97361796 -36.16124064
v 139.63892330 -0.00000000 -36.19527265
v 139.66344720 0.97478468 -36.17046461
v 139.74722779 1.94300152 -36.08571334
v 139.89050327 2.89646807 -35.94077786
v 140.09239021 3.82696592 -35.73655185
v 140.35084401 4.72673165 -35.47510360
v 140.66286099 5.58885330 -35.15947158
v 141.02485244 6.40742998 -34.79328609
v 141.43306530 7.17743935 -34.38034366
v 141.88391252 7.89436633 -33.92427291
v 142.37411250 8.55373913 -33.42839345
v 142.90060766 9.15075835 -32.89579831
v 143.46031079 9.68017787 -32.32961044
v 144.04978786 10.13650875 -31.73330367
v 144.66500414 10.51450244 -31.11095948
v 145.30123354 10.80976600 -30.46735869
v 145.95316784 11.01930918 -29.80787106
v 146.61518767 11.14183991 -29.13818105
v 147.28169828 11.17770659 -28.46394823
v 147.94741113 11.12850419 -27.79052241
v 148.60747574 10.99647505 -27.12281027
v 149.25742499 10.78390496 -26.46533069
v 149.89297013 10.49271437 -25.82242211
v 150.50974041 10.12437631 -25.19850590
v 151.10308577 9.68017787 -24.59828602
v 151.66803893 9.16172406 -24.02678730
v 152.19947463 8.57150092 -23.48919437
v 152.69242855 7.91329793 -22.99052907
v 153.14247591 7.19234326 -22.53526744
v 153.54604194 6.41510825 -22.12702569
v 153.90053557 5.58885330 -21.76842488
v 154.20425697 4.72107421 -21.46118455
v 154.45610872 3.81903571 -21.20641485
v 154.65521075 2.88953862 -21.00500601
v 154.80055590 1.93897524 -20.85797689
v 154.89083103 0.97361796 -20.76665582
v 156.35455844 0.00000000 -22.13082906
v 156.32970416 -0.97493631 -22.15597130
v 156.24562102 -1.94324681 -22.24102863
v 156.10213090 -2.89680269 -22.38618123
v 155.90013256 -3.82744906 -22.59051993
v 155.64163789 -4.72746689 -22.85200953
v 155.32958247 -5.58994658 -23.16768043
v 154.96747517 -6.40894044 -23.53398312
v 154.55900407 -7.17934234 -23.94718678
v 154.10772649 -7.89654440 -24.40369287
v 153.61693716 -8.55600702 -24.90016850
v 153.08974261 -9.15291552 -25.43347115
v 152.52929603 -9.68207149 -26.00041108
v 151.93909162 -10.13808547 -26.59745362
v 151.32319944 -10.51582985 -27.22048154
v 150.68634781 -10.81101482 -27.86471175
v 150.03381896 -11.02070032 -28.52480083
v 149.37119335 -11.14357301 -29.19510364
v 148.70403362 -11.17989316 -29.86999310
v 148.03761900 -11.13112758 -30.54412882
v 147.37681957 -10.99939060 -31.21258429
v 146.72614476 -10.78688026 -31.87079785
v 146.08993225 -10.49549636 -32.51438153
v 145.47258862 -10.12676299 -33.13887772
v 144.87877121 -9.68207149 -33.73957512
v 144.31342109 -9.16314916 -34.31147541
v 143.78161204 -8.57258304 -34.84944601
v 143.28825053 -7.91421213 -35.34852362
v 142.83772002 -7.19325127 -35.80427399
v 142.43358908 -6.41610611 -36.21308721
v 142.07848478 -5.58994658 -36.57230576
v 141.77417745 -4.72218714 -36.88013880
v 141.52184913 -3.82004827 -37.13539061
v 141.32245189 -2.89033585 -37.33709807
v 141.17702871 -1.93948933 -37.48420613
v 141.08687964 -0.97384748 -37.57539967
v 141.05350881 -0.00000000 -37.60915714
v 141.07836309 0.97493631 -37.58401489
v 141.16244623 1.94324681 -37.49895756
v 141.30593634 2.89680269 -37.35380497
v 141.50793469 3.82744906 -37.14946627
v 141.76642936 4.72746689 -36.88797667
v 142.07848478 5.58994658 -36.57230576
v 142.44059208 6.40894044 -36.20600308
v 142.84906318 7.17934234 -35.79279942
v 143.30034076 7.89654440 -35.33629332
v 143.79113008 8.55600702 -34.83981770
v 144.31832464 9.15291552 -34.30651505
v 144.87877121 9.68207149 -33.73957512
v 145.46897563 10.13808547 -33.14253258
v 146.08486781 10.51582985 -32.51950465
v 146.72171943 10.81101482 -31.87527445
v 147.37424829 11.02070032 -31.21518537
v 148.03687390 11.14357301 -30.54488256
v 148.70403362 11.17989316 -29.86999310
v 149.37044825 11.13112758 -29.19585737
v 150.03124767 10.99939060 -28.52740190
v 150.68192249 10.78688026 -27.86918835
v 151.31813500 10.49549636 -27.22560466
v 151.93547862 10.12676299 -26.60110847
v 152.52929603 9.68207149 -26.00041108
v 153.09464616 9.16314916 -25.42851079
v 153.62645520 8.57258304 -24.89054019
v 154.11981671 7.91421213 -24.39146257
v 154.57034722 7.19325127 -23.93571220
v 154.97447816 6.41610611 -23.52689899
v 155.32958247 5.58994658 -23.16768043
v 155.63388979 4.72218714 -22.85984739
v 155.88621812 3.82004827 -22.60459558
v 156.08561535 2.89033585 -22.40288813
v 156.23103854 1.93948933 -22.25578006
v 156.32118761 0.97384748 -22.16458652
v 157.78299372 0.00000000 -23.53070331
v 157.75787896 -0.97600053 -23.55610906
v 157.67355737 -1.94532315 -23.64140760
v 157.52989822 -2.89987342 -23.78673119
v 157.32781232 -3.83153864 -23.99115846
v 157.06928579 -4.73262728 -24.25268028
v 156.75720051 -5.59622490 -24.56838140
v 156.39500239 -6.41634117 -24.93477596
v 155.98632825 -7.18779895 -25.34818501
v 155.53471197 -7.90591279 -25.80503373
v 155.04345864 -8.56608522 -26.30197874
v 154.51571334 -9.16348485 -26.83583851
v 153.95468134 -9.69294586 -27.40337064
v 153.36390425 -10.14915196 -28.00099249
v 152.74747999 -10.52706589 -28.62455866
v 152.11013865 -10.82247494 -29.26928426
v 151.45714191 -11.03247580 -29.92984664
v 150.79403958 -11.15573706 -30.60063170
v 150.12636897 -11.19244981 -31.27603796
v 149.45940194 -11.14398125 -31.95073249
v 148.79802404 -11.01234688 -32.61977314
v 148.14677804 -10.79967771 -33.27856450
v 147.51004020 -10.50785909 -33.92267960
v 146.89224537 -10.13845687 -34.54763222
v 146.29805659 -9.69294586 -35.14870529
v 145.73239427 -9.17315143 -35.72092140
v 145.20029160 -8.58174274 -36.25918903
v 144.70660940 -7.92260152 -36.75859104
v 144.25569856 -7.20093717 -37.21472615
v 143.85112275 -6.42310978 -37.62398938
v 143.49553743 -5.59622490 -37.98369453
v 143.19076853 -4.72764008 -38.29199449
v 142.93806476 -3.82454794 -38.54762609
v 142.73843504 -2.89376492 -38.74956873
v 142.59295053 -1.94177388 -38.89673883
v 142.50290099 -0.97497203 -38.98783168
v 142.46974422 -0.00000000 -39.02137261
v 142.49485898 0.97600053 -38.99596687
v 142.57918057 1.94532315 -38.91066833
v 142.72283972 2.89987342 -38.76534474
v 142.92492562 3.83153864 -38.56091747
v 143.18345214 4.73262728 -38.29939564
v 143.49553743 5.59622490 -37.98369453
v 143.85773555 6.41634117 -37.61729997
v 144.26640969 7.18779895 -37.20389092
v 144.71802597 7.90591279 -36.74704219
v 145.20927930 8.56608522 -36.25009719
v 145.73702460 9.16348485 -35.71623742
v 146.29805659 9.69294586 -35.14870529
v 146.88883368 10.14915196 -34.55108344
v 147.50525795 10.52706589 -33.92751726
v 148.14259928 10.82247494 -33.28279167
v 148.79559603 11.03247580 -32.62222928
v 149.45869836 11.15573706 -31.95144423
v 150.12636897 11.19244981 -31.27603796
v 150.79333599 11.14398125 -30.60134344
v 151.45471390 11.01234688 -29.93230279
v 152.10595990 10.79967771 -29.27351143
v 152.74269773 10.50785909 -28.62939633
v 153.36049257 10.13845687 -28.00444370
v 153.95468134 9.69294586 -27.40337064
v 154.52034367 9.17315143 -26.83115453
v 155.05244634 8.58174274 -26.29288690
v 155.54612854 7.92260152 -25.79348489
v 155.99703938 7.20093717 -25.33734978
v 156.40161518 6.42310978 -24.92808655
v 156.75720051 5.59622490 -24.56838140
v 157.06196941 4.72764008 -24.26008143
v 157.31467317 3.82454794 -24.00444984
v 157.51430290 2.89376492 -23.80250720
v 157.65978740 1.94177388 -23.65533710
v 157.74983694 0.97497203 -23.56424425
v 159.21075164 0.00000000 -24.93126277
v 159.18540501 -0.97516976 -24.95690308
v 159.10087121 -1.94362746 -25.04241628
v 158.95706173 -2.89732394 -25.18789195
v 158.75489810 -3.82819877 -25.39239786
v 158.49634348 -4.72859891 -25.65394809
v 158.18423195 -5.59161820 -25.96967576
v 157.82195335 -6.41123927 -26.33615173
v 157.41309888 -7.18223131 -26.74974320
v 156.96118153 -7.89984839 -27.20689648
v 156.46951563 -8.55944997 -27.70425883
v 155.94128058 -9.15619859 -28.23861404
v 155.37972798 -9.68496682 -28.80667280
v 154.78844167 -10.14051309 -29.40480978
v 154.17154435 -10.51788969 -30.02885448
v 153.53376770 -10.81296013 -30.67402043
v 152.88035510 -11.02285905 -31.33500349
v 152.21682905 -11.14624140 -32.00621718
v 151.54870432 -11.18323640 -32.68208283
v 150.88124620 -11.13512022 -33.35727413
v 150.21935399 -11.00381677 -34.02683505
v 149.56760016 -10.79139359 -34.68614012
v 148.93039530 -10.49971976 -35.33072765
v 148.31219942 -10.13039537 -35.95608597
v 147.71768065 -9.68496682 -36.55749286
v 147.15174097 -9.16534333 -37.12998953
v 146.61937746 -8.57426223 -37.66852103
v 146.12541029 -7.91563620 -38.16821132
v 145.67416132 -7.19466028 -38.62468846
v 145.26918988 -6.41764249 -39.03435192
v 144.91317668 -5.59161820 -39.39448990
v 144.60799717 -4.72388094 -39.70320523
v 144.35495942 -3.82158546 -39.95917468
v 144.15512294 -2.89154520 -40.16132648
v 144.00958399 -1.94026979 -40.30855165
v 143.91962316 -0.97419679 -40.39955477
v 143.88665699 -0.00000000 -40.43290288
v 143.91200362 0.97516976 -40.40726258
v 143.99653742 1.94362746 -40.32174937
v 144.14034690 2.89732394 -40.17627371
v 144.34251053 3.82819877 -39.97176780
v 144.60106515 4.72859891 -39.71021757
v 144.91317668 5.59161820 -39.39448990
v 145.27545528 6.41123927 -39.02801393
v 145.68430975 7.18223131 -38.61442246
v 146.13622710 7.89984839 -38.15726918
v 146.62789300 8.55944997 -37.65990682
v 147.15612805 9.15619859 -37.12555162
v 147.71768065 9.68496682 -36.55749286
v 148.30896696 10.14051309 -35.95935588
v 148.92586428 10.51788969 -35.33531118
v 149.56364093 10.81296013 -34.69014522
v 150.21705353 11.02285905 -34.02916216
v 150.88057958 11.14624140 -33.35794848
v 151.54870432 11.18323640 -32.68208283
v 152.21616243 11.13512022 -32.00689152
v 152.87805464 11.00381677 -31.33733061
v 153.52980847 10.79139359 -30.67802553
v 154.16701333 10.49971976 -30.03343800
v 154.78520921 10.13039537 -29.40807968
v 155.37972798 9.68496682 -28.80667280
v 155.94566766 9.16534333 -28.23417613
v 156.47803117 8.57426223 -27.69564463
v 156.97199834 7.91563620 -27.19595434
v 157.42324731 7.19466028 -26.73947719
v 157.82821875 6.41764249 -26.32981374
v 158.18423195 5.59161820 -25.96967576
v 158.48941146 4.72388094 -25.66096043
v 158.74244921 3.82158546 -25.40499098
v 158.94228569 2.89154520 -25.20283918
v 159.08782465 1.94026979 -25.05561401
v 159.17778547 0.97419679 -24.96461089
v 160.63905370 0.00000000 -26.33127180
v 160.61345157 -0.97576966 -26.35717056
v 160.52868403 -1.94477923 -26.44292022
v 160.38470905 -2.89901693 -26.58856330
v 160.18245998 -3.83046733 -26.79315563
v 159.92387472 -4.73150779 -27.05473686
v 159.61173462 -5.59523058 -27.37049344
v 159.24936776 -6.41557925 -27.73705869
v 158.84031504 -7.18725579 -28.15085070
v 158.38806645 -7.90544039 -28.60833906
v 157.89594647 -8.56543791 -29.10616076
v 157.36717232 -9.16239672 -29.64106130
v 156.80504668 -9.69122365 -30.20969975
v 156.21319990 -10.14675121 -30.80840369
v 155.59578201 -10.52412249 -31.43297500
v 154.95752639 -10.81927849 -32.07862547
v 154.30365627 -11.02939110 -32.74007134
v 153.63966407 -11.15309821 -33.41175659
v 152.97103966 -11.19046116 -34.08812769
v 152.30304115 -11.14265795 -34.76386566
v 151.64058295 -11.01151473 -35.43399912
v 150.98827024 -10.79903240 -36.09386954
v 150.35055148 -10.50706506 -36.73897693
v 149.73191437 -10.13725297 -37.36478160
v 149.13703264 -9.69122365 -37.96655564
v 148.57078799 -9.17098155 -38.53936083
v 148.03813764 -8.57934326 -39.07818248
v 147.54385700 -7.92026155 -39.57818987
v 147.09223595 -7.19892377 -40.03504341
v 146.68682900 -6.42159042 -40.44514742
v 146.33034471 -5.59523058 -40.80576195
v 146.02471305 -4.72707869 -41.11493466
v 145.77130757 -3.82425893 -41.37127612
v 145.57124345 -2.89359201 -41.57365818
v 145.42564468 -1.94162714 -41.72094387
v 145.33578171 -0.97485625 -41.81184799
v 145.30302562 -0.00000000 -41.84498359
v 145.32862775 0.97576966 -41.81908483
v 145.41339529 1.94477923 -41.73333517
v 145.55737027 2.89901693 -41.58769209
v 145.75961934 3.83046733 -41.38309976
v 146.01820460 4.73150779 -41.12151853
v 146.33034471 5.59523058 -40.80576195
v 146.69271157 6.41557925 -40.43919670
v 147.10176428 7.18725579 -40.02540469
v 147.55401287 7.90544039 -39.56791633
v 148.04613285 8.56543791 -39.07009463
v 148.57490700 9.16239672 -38.53519409
v 149.13703264 9.69122365 -37.96655564
v 149.72887943 10.14675121 -37.36785170
v 150.34629732 10.52412249 -36.74328039
v 150.98455294 10.81927849 -36.09762992
v 151.63842305 11.02939110 -35.43618405
v 152.30241526 11.15309821 -34.76449880
v 152.97103966 11.19046116 -34.08812769
v 153.63903818 11.14265795 -33.41238973
v 154.30149638 11.01151473 -32.74225626
v 154.95380908 10.79903240 -32.08238585
v 155.59152784 10.50706506 -31.43727846
v 156.21016495 10.13725297 -30.81147379
v 156.80504668 9.69122365 -30.20969975
v 157.37129134 9.17098155 -29.63689456
v 157.90394169 8.57934326 -29.09807291
v 158.39822232 7.92026155 -28.59806552
v 158.84984337 7.19892377 -28.14121198
v 159.25525032 6.42159042 -27.73110797
v 159.61173462 5.59523058 -27.37049344
v 159.91736627 4.72707869 -27.06132072
v 160.17077176 3.82425893 -26.80497927
v 160.37083587 2.89359201 -26.60259721
v 160.51643465 1.94162714 -26.45531152
v 160.60629761 0.97485625 -26.36440740
v 162.06703164 0.00000000 -27.73160869
v 162.04118756 -0.97594216 -27.75775221
v 161.95619873 -1.94508153 -27.84372572
v 161.81206716 -2.89944492 -27.98952720
v 161.60973741 -3.83106274 -28.19420115
v 161.35112341 -4.73234425 -28.45581146
v 161.03895659 -5.59638299 -28.77159505
v 160.67650654 -6.41708799 -29.13824446
v 160.26726652 -7.18909980 -29.55222595
v 159.81470471 -7.90753060 -30.01003116
v 159.32215521 -8.56763551 -30.50828735
v 158.79287107 -9.16455143 -31.04370379
v 158.23020332 -9.69321968 -31.61289063
v 157.63782637 -10.14854499 -32.21213088
v 157.01991612 -10.52575838 -32.83720026
v 156.38120758 -10.82087577 -33.48330890
v 155.72690488 -11.03110552 -34.14519237
v 155.06247191 -11.15506990 -34.81732348
v 154.39337501 -11.19276598 -35.49417256
v 153.72486542 -11.14527835 -36.17042752
v 153.06187190 -11.01433991 -36.84110251
v 152.40903061 -10.80188768 -37.50150763
v 151.77082584 -10.50976081 -38.14710667
v 151.15177152 -10.13963693 -38.77333337
v 150.55654669 -9.69321968 -39.37545449
v 149.99001382 -9.17260284 -39.94855123
v 149.45709240 -8.58067685 -40.48764709
v 148.96251543 -7.92143084 -40.98795425
v 148.51054248 -7.20004278 -41.44516378
v 148.10472350 -6.42272565 -41.85568458
v 147.74779342 -5.59638299 -42.21675007
v 147.44173389 -4.72819035 -42.52635562
v 147.18798038 -3.82524011 -42.78304912
v 146.98770091 -2.89435708 -42.98564903
v 146.84204563 -1.94212530 -43.13299188
v 146.75227545 -0.97508551 -43.22380214
v 146.71971837 -0.00000000 -43.25673642
v 146.74556245 0.97594216 -43.23059291
v 146.83055129 1.94508153 -43.14461940
v 146.97468285 2.89944492 -42.99881792
v 147.17701260 3.83106274 -42.79414397
v 147.43562660 4.73234425 -42.53253366
v 147.74779342 5.59638299 -42.21675007
v 148.11024347 6.41708799 -41.85010066
v 148.51948349 7.18909980 -41.43611917
v 148.97204530 7.90753060 -40.97831396
v 149.46459480 8.56763551 -40.48005777
v 149.99387894 9.16455143 -39.94464132
v 150.55654669 9.69321968 -39.37545449
v 151.14892364 10.14854499 -38.77621424
v 151.76683389 10.52575838 -38.15114486
v 152.40554244 10.82087577 -37.50503622
v 153.05984513 11.03110552 -36.84315275
v 153.72427811 11.15506990 -36.17102164
v 154.39337501 11.19276598 -35.49417256
v 155.06188460 11.14527835 -34.81791760
v 155.72487812 11.01433991 -34.14724261
v 156.37771940 10.80188768 -33.48683749
v 157.01592418 10.50976081 -32.84123845
v 157.63497850 10.13963693 -32.21501175
v 158.23020332 9.69321968 -31.61289063
v 158.79673620 9.17260284 -31.03979389
v 159.32965761 8.58067685 -30.50069802
v 159.82423459 7.92143084 -30.00039087
v 160.27620754 7.20004278 -29.54318134
v 160.68202651 6.42272565 -29.13266054
v 161.03895659 5.59638299 -28.77159505
v 161.34501613 4.72819035 -28.46198950
v 161.59876963 3.82524011 -28.20529600
v 161.79904911 2.89435708 -28.00269608
v 161.94470438 1.94212530 -27.85535324
v 162.03447456 0.97508551 -27.76454298
v 163.49637302 0.00000000 -29.13056636
v 163.47022807 -0.97530312 -29.15701423
v 163.38496415 -1.94375640 -29.24326601
v 163.24063805 -2.89744152 -29.38926428
v 163.03820826 -3.82845275 -29.59403942
v 162.77955891 -4.72924555 -29.85568550
v 162.46735934 -5.59292111 -30.17150222
v 162.10480637 -6.41335094 -30.53825574
v 161.69533402 -7.18510398 -30.95247225
v 161.24238335 -7.90321233 -31.41067083
v 160.74930041 -8.56287349 -31.90946664
v 160.21938279 -9.15921436 -32.44552389
v 159.65604169 -9.68722353 -33.01539189
v 159.06300626 -10.14189981 -33.61529824
v 158.44448461 -10.51858747 -34.24098611
v 157.80521373 -10.81339897 -34.88766359
v 157.15037402 -11.02359033 -35.55009030
v 156.48539388 -11.14776565 -36.22277493
v 155.81571035 -11.18584222 -36.90021742
v 155.14656616 -11.13878778 -37.57711435
v 154.48290787 -11.00821796 -38.24846180
v 153.82941018 -10.79598882 -38.90953094
v 153.19060192 -10.50391932 -39.55574045
v 152.57102965 -10.13373202 -40.18249110
v 151.97537902 -9.68722353 -40.78504296
v 151.40848855 -9.16659669 -41.35850144
v 150.87523081 -8.57483107 -41.89793752
v 150.38028604 -7.91595745 -42.39861674
v 149.92787611 -7.19513759 -42.85626830
v 149.52154532 -6.41852010 -43.26730685
v 149.16406137 -5.59292111 -43.62893263
v 148.85747014 -4.72543685 -43.93907603
v 148.60328420 -3.82311398 -44.19620698
v 148.40273719 -2.89277648 -44.39907753
v 148.25701187 -1.94104584 -44.54649123
v 148.16735721 -0.97451766 -44.63718463
v 148.13504769 -0.00000000 -44.66986849
v 148.16119264 0.97530312 -44.64342062
v 148.24645656 1.94375640 -44.55716884
v 148.39078265 2.89744152 -44.41117057
v 148.59321244 3.82845275 -44.20639543
v 148.85186180 4.72924555 -43.94474935
v 149.16406137 5.59292111 -43.62893263
v 149.52661433 6.41335094 -43.26217911
v 149.93608668 7.18510398 -42.84796260
v 150.38903736 7.90321233 -42.38976402
v 150.88212030 8.56287349 -41.89096821
v 151.41203791 9.15921436 -41.35491095
v 151.97537902 9.68722353 -40.78504296
v 152.56841444 10.14189981 -40.18513661
v 153.18693610 10.51858747 -39.55944874
v 153.82620697 10.81339897 -38.91277126
v 154.48104669 11.02359033 -38.25034455
v 155.14602683 11.14776565 -37.57765992
v 155.81571035 11.18584222 -36.90021742
v 156.48485455 11.13878778 -36.22332050
v 157.14851284 11.00821796 -35.55197305
v 157.80201053 10.79598882 -34.89090391
v 158.44081879 10.50391932 -34.24469440
v 159.06039105 10.13373202 -33.61794375
v 159.65604169 9.68722353 -33.01539189
v 160.22293215 9.16659669 -32.44193341
v 160.75618989 8.57483107 -31.90249733
v 161.25113467 7.91595745 -31.40181811
v 161.70354459 7.19513759 -30.94416655
v 162.10987538 6.41852010 -30.53312800
v 162.46735934 5.59292111 -30.17150222
v 162.77395057 4.72543685 -29.86135882
v 163.02813650 3.82311398 -29.60422787
v 163.22868352 2.89277648 -29.40135731
v 163.37440884 1.94104584 -29.25394361
v 163.46406349 0.97451766 -29.16325022
v 164.92317831 0.00000000 -30.53208949
v 164.89684113 -0.97372848 -30.55873181
v 164.81140152 -1.94058538 -30.64516133
v 164.66695125 -2.89269677 -30.79128520
v 164.46445771 -3.82220705 -30.99612483
v 164.20578600 -4.72161014 -31.25779353
v 163.89356577 -5.58402035 -31.57363115
v 163.53094736 -6.40329262 -31.94045087
v 163.12132691 -7.17395684 -32.35481719
v 162.66812816 -7.89100006 -32.81326672
v 162.17470480 -8.54958884 -33.31240690
v 161.64438288 -9.14484959 -33.84887315
v 161.08061201 -9.67180695 -34.41917589
v 160.48715636 -10.12552562 -35.01950733
v 159.86824457 -10.50142756 -35.64558985
v 159.22861494 -10.79569133 -36.29263025
v 158.57343266 -11.00560657 -36.95540349
v 157.90810348 -11.12976748 -37.62844120
v 157.23804570 -11.16804069 -38.30626229
v 156.56849659 -11.12131837 -38.98356881
v 155.90441412 -10.99113955 -39.65534537
v 155.25049757 -10.77930654 -40.31683821
v 154.61130426 -10.48762329 -40.96343724
v 153.99140159 -10.11783887 -41.59052212
v 153.39547939 -9.67180695 -42.19334869
v 152.82836093 -9.15179714 -42.76703781
v 152.29488875 -8.56084219 -43.30669081
v 151.79970939 -7.90299456 -43.80760734
v 151.34702065 -7.18339952 -44.26554094
v 150.94036318 -6.40815734 -44.67690996
v 150.58252563 -5.58402035 -45.03889343
v 150.27559493 -4.71802575 -45.34938023
v 150.02113290 -3.81718271 -45.60679047
v 149.82041511 -2.88830648 -45.80983378
v 149.67464516 -1.93803445 -45.95729263
v 149.58506441 -0.97298928 -46.04791127
v 149.55291309 -0.00000000 -46.08043509
v 149.57925027 0.97372848 -46.05379277
v 149.66468988 1.94058538 -45.96736325
v 149.80914015 2.89269677 -45.82123938
v 150.01163368 3.82220705 -45.61639975
v 150.27030540 4.72161014 -45.35473105
v 150.58252563 5.58402035 -45.03889343
v 150.94514404 6.40329262 -44.67207371
v 151.35476448 7.17395684 -44.25770739
v 151.80796324 7.89100006 -43.79925786
v 152.30138660 8.54958884 -43.30011768
v 152.83170852 9.14484959 -42.76365143
v 153.39547939 9.67180695 -42.19334869
v 153.98893504 10.12552562 -41.59301725
v 154.60784683 10.50142756 -40.96693473
v 155.24747646 10.79569133 -40.31989433
v 155.90265873 11.00560657 -39.65712109
v 156.56798792 11.12976748 -38.98408338
v 157.23804570 11.16804069 -38.30626229
v 157.90759480 11.12131837 -37.62895577
v 158.57167728 10.99113955 -36.95717921
v 159.22559382 10.77930654 -36.29568637
v 159.86478714 10.48762329 -35.64908734
v 160.48468981 10.11783887 -35.02200246
v 161.08061201 9.67180695 -34.41917589
v 161.64773047 9.15179714 -33.84548677
v 162.18120265 8.56084219 -33.30583377
v 162.67638201 7.90299456 -32.80491724
v 163.12907075 7.18339952 -32.34698364
v 163.53572822 6.40815734 -31.93561462
v 163.89356577 5.58402035 -31.57363115
v 164.20049646 4.71802575 -31.26314435
v 164.45495849 3.81718271 -31.00573411
v 164.65567628 2.88830648 -30.80269080
v 164.80144624 1.93803445 -30.65523195
v 164.89102699 0.97298928 -30.56461331
v 166.35078535 0.00000000 -31.93280158
v 166.32422121 -0.97339519 -31.95967350
v 166.23857419 -1.93988247 -32.04631282
v 166.09397742 -2.89162789 -32.19258489
v 165.89140879 -3.82082258 -32.39750050
v 165.63271088 -4.71999402 -32.65919568
v 165.32046654 -5.58226119 -32.97505770
v 164.95777116 -6.40144998 -33.34195528
v 164.54797619 -7.17203574 -33.75649814
v 164.09448489 -7.88894466 -34.21524361
v 163.60065996 -8.54729936 -34.71479001
v 163.06986108 -9.14221803 -35.25173875
v 162.50558320 -9.66876001 -35.82255437
v 161.91163184 -10.12205983 -36.42338726
v 161.29225991 -10.49762377 -37.04993526
v 160.65220719 -10.79170221 -37.69740365
v 159.99662096 -11.00162016 -38.36058552
v 159.33088018 -11.12595796 -39.03403960
v 158.66038105 -11.16452238 -39.71230716
v 157.99035438 -11.11811805 -40.39009677
v 157.32577158 -10.98819625 -41.06237945
v 156.67136099 -10.77649881 -41.72437206
v 156.03171354 -10.48481483 -42.37143049
v 155.41142124 -10.11492732 -42.99890951
v 154.81517889 -9.66876001 -43.60205994
v 154.24779168 -9.14866464 -44.17602092
v 153.71406676 -8.55774131 -44.71592960
v 153.21861081 -7.90007432 -45.21712591
v 152.76559322 -7.18079757 -45.67539218
v 152.35855034 -6.40596395 -46.08715107
v 152.00029555 -5.58226119 -46.44955662
v 151.69296426 -4.71666807 -46.76044865
v 151.43817643 -3.81616051 -47.01818847
v 151.23725715 -2.88755415 -47.22143560
v 151.09143462 -1.93751547 -47.36894763
v 151.00194121 -0.97270929 -47.45947792
v 150.96997674 -0.00000000 -47.49181273
v 150.99654088 0.97339519 -47.46494081
v 151.08218790 1.93988247 -47.37830149
v 151.22678467 2.89162789 -47.23202942
v 151.42935330 3.82082258 -47.02711381
v 151.68805121 4.71999402 -46.76541863
v 152.00029555 5.58226119 -46.44955662
v 152.36299093 6.40144998 -46.08265904
v 152.77278590 7.17203574 -45.66811617
v 153.22627720 7.88894466 -45.20937070
v 153.72010213 8.54729936 -44.70982430
v 154.25090101 9.14221803 -44.17287556
v 154.81517889 9.66876001 -43.60205994
v 155.40913025 10.12205983 -43.00122705
v 156.02850218 10.49762377 -42.37467905
v 156.66855490 10.79170221 -41.72721066
v 157.32414113 11.00162016 -41.06402879
v 157.98988191 11.12595796 -40.39057471
v 158.66038105 11.16452238 -39.71230716
v 159.33040771 11.11811805 -39.03451754
v 159.99499052 10.98819625 -38.36223486
v 160.64940110 10.77649881 -37.70024225
v 161.28904855 10.48481483 -37.05318382
v 161.90934085 10.11492732 -36.42570480
v 162.50558320 9.66876001 -35.82255437
v 163.07297041 9.14866464 -35.24859339
v 163.60669533 8.55774131 -34.70868471
v 164.10215128 7.90007432 -34.20748840
v 164.55516887 7.18079757 -33.74922213
v 164.96221175 6.40596395 -33.33746324
v 165.32046654 5.58226119 -32.97505770
v 165.62779783 4.71666807 -32.66416566
v 165.88258566 3.81616051 -32.40642584
v 166.08350494 2.88755415 -32.20317871
v 166.22932747 1.93751547 -32.05566668
v 166.31882088 0.97270929 -31.96513639
v 167.78055843 0.00000000 -33.33132254
v 167.75367357 -0.97538019 -33.35851889
v 167.66773359 -1.94378369 -33.44545457
v 167.52293001 -2.89741330 -33.59193585
v 167.32025557 -3.82850649 -33.79695848
v 167.06152107 -4.72961929 -34.05869069
v 166.74924315 -5.59385998 -34.37458667
v 166.38643958 -6.41499774 -34.74159370
v 165.97639863 -7.18741694 -35.15638540
v 165.52249461 -7.90594494 -35.61554836
v 165.02810298 -8.56562996 -36.11566803
v 164.49663089 -9.16156624 -36.65329777
v 163.93163741 -9.68884969 -37.22483728
v 163.33698646 -10.14270130 -37.82637788
v 162.71696522 -10.51873513 -38.45358270
v 162.07631562 -10.81329365 -39.10165489
v 161.42015957 -11.02374509 -39.76541318
v 160.75383818 -11.14864663 -40.43945459
v 160.08271639 -11.18771995 -41.11835202
v 159.41201590 -11.14164797 -41.79682327
v 158.74672709 -11.01176161 -42.46982014
v 158.09161937 -10.79972163 -43.13251795
v 157.45133115 -10.50730063 -43.78022458
v 156.83048922 -10.13633413 -44.40825960
v 156.23379537 -9.68884969 -45.01186676
v 155.66602928 -9.16732110 -45.58621101
v 155.13194802 -8.57495145 -46.12648015
v 154.63610200 -7.91588035 -46.62807106
v 154.18262040 -7.19523860 -47.08680672
v 153.77503350 -6.41902734 -47.49911593
v 153.41618964 -5.59385998 -47.86211737
v 153.10829272 -4.72665023 -48.17358159
v 152.85304486 -3.82434467 -48.43178676
v 152.65184116 -2.89377669 -48.63532161
v 152.50594456 -1.94167068 -48.78290857
v 152.41657473 -0.97476789 -48.87331385
v 152.38487436 -0.00000000 -48.90538150
v 152.41175922 0.97538019 -48.87818515
v 152.49769919 1.94378369 -48.79124947
v 152.64250277 2.89741330 -48.64476819
v 152.84517722 3.82850649 -48.43974556
v 153.10391171 4.72961929 -48.17801336
v 153.41618964 5.59385998 -47.86211737
v 153.77899320 6.41499774 -47.49511035
v 154.18903416 7.18741694 -47.08031865
v 154.64293818 7.90594494 -46.62115568
v 155.13732980 8.56562996 -46.12103602
v 155.66880190 9.16156624 -45.58340627
v 156.23379537 9.68884969 -45.01186676
v 156.82844632 10.14270130 -44.41032617
v 157.44846756 10.51873513 -43.78312134
v 158.08911716 10.81329365 -43.13504916
v 158.74527321 11.02374509 -42.47129086
v 159.41159460 11.14864663 -41.79724945
v 160.08271639 11.18771995 -41.11835202
v 160.75341688 11.14164797 -40.43988077
v 161.41870569 11.01176161 -39.76688391
v 162.07381341 10.79972163 -39.10418609
v 162.71410163 10.50730063 -38.45647947
v 163.33494356 10.13633413 -37.82844444
v 163.93163741 9.68884969 -37.22483728
v 164.49940350 9.16732110 -36.65049303
v 165.03348476 8.57495145 -36.11022389
v 165.52933078 7.91588035 -35.60863298
v 165.98281239 7.19523860 -35.14989733
v 166.39039928 6.41902734 -34.73758812
v 166.74924315 5.59385998 -34.37458667
v 167.05714007 4.72665023 -34.06312245
v 167.31238793 3.82434467 -33.80491728
v 167.51359162 2.89377669 -33.60138243
v 167.65948822 1.94167068 -33.45379547
v 167.74885806 0.97476789 -33.36339019
v 169.20790557 0.00000000 -34.73229754
v 169.18080429 -0.97480106 -34.75971282
v 169.09466667 -1.94259272 -34.84684843
v 168.94972367 -2.89561795 -34.99347075
v 168.74697802 -3.82616075 -35.19856541
v 168.48821910 -4.72681106 -35.46032232
v 168.17591884 -5.59068348 -35.77624090
v 167.81304263 -6.41152121 -36.14332141
v 167.40283609 -7.18365824 -36.55828061
v 166.94865400 -7.90186544 -37.01772487
v 166.45388041 -8.56115052 -37.51823092
v 165.92195451 -9.15660124 -38.05631973
v 165.35647865 -9.68334784 -38.62834721
v 164.76135616 -10.13667902 -39.23036482
v 164.14089734 -10.51229025 -39.85801229
v 163.49984557 -10.80659331 -40.50649131
v 162.84330562 -11.01699078 -41.17063795
v 162.17659307 -11.14202707 -41.84507505
v 161.50505174 -11.18136696 -42.52439689
v 160.83389718 -11.13560990 -43.20332747
v 160.16813256 -11.00600296 -43.87680565
v 159.51255502 -10.79414893 -44.53997873
v 158.87183500 -10.50180579 -45.18812216
v 158.25062276 -10.13084087 -45.81653178
v 157.65362482 -9.68334784 -46.42044656
v 157.08560361 -9.16187796 -46.99504888
v 156.55128241 -8.56969753 -47.53556075
v 156.05517364 -7.91097536 -48.03741744
v 155.60137934 -7.19083004 -48.49646942
v 155.19342570 -6.41521601 -48.90914962
v 154.83418464 -5.59068348 -49.27255287
v 154.52590628 -4.72408868 -49.58440295
v 154.27034821 -3.82234471 -49.84292192
v 154.06895276 -2.89228349 -50.04665075
v 153.92300632 -1.94065527 -50.19428812
v 153.83371999 -0.97423963 -50.28460893
v 153.80219790 -0.00000000 -50.31649623
v 153.82929919 0.97480106 -50.28908095
v 153.91543680 1.94259272 -50.20194534
v 154.06037981 2.89561795 -50.05532302
v 154.26312545 3.82616075 -49.85022836
v 154.52188437 4.72681106 -49.58847145
v 154.83418464 5.59068348 -49.27255287
v 155.19706084 6.41152121 -48.90547237
v 155.60726738 7.18365824 -48.49051316
v 156.06144947 7.90186544 -48.03106890
v 156.55622306 8.56115052 -47.53056285
v 157.08814896 9.15660124 -46.99247404
v 157.65362482 9.68334784 -46.42044656
v 158.24874732 10.13667902 -45.81842895
v 158.86920613 10.51229025 -45.19078148
v 159.51025791 10.80659331 -44.54230246
v 160.16679785 11.01699078 -43.87815582
v 160.83351041 11.14202707 -43.20371872
v 161.50505174 11.18136696 -42.52439689
v 162.17620630 11.13560990 -41.84546631
v 162.84197091 11.00600296 -41.17198812
v 163.49754845 10.79414893 -40.50881504
v 164.13826848 10.50180579 -39.86067161
v 164.75948071 10.13084087 -39.23226199
v 165.35647865 9.68334784 -38.62834721
v 165.92449986 9.16187796 -38.05374489
v 166.45882107 8.56969753 -37.51323303
v 166.95492983 7.91097536 -37.01137633
v 167.40872413 7.19083004 -36.55232435
v 167.81667777 6.41521601 -36.13964415
v 168.17591884 5.59068348 -35.77624090
v 168.48419720 4.72408868 -35.46439083
v 168.73975527 3.82234471 -35.20587185
v 168.94115072 2.89228349 -35.00214302
v 169.08709715 1.94065527 -34.85450565
v 169.17638349 0.97423963 -34.76418484
v 170.63256698 0.00000000 -36.13598940
v 170.60536516 -0.97387544 -36.16350638
v 170.51913576 -1.94073106 -36.25073484
v 170.37412802 -2.89283365 -36.39742264
v 170.17134935 -3.82249399 -36.60255070
v 169.91257916 -4.72232273 -36.86431901
v 169.60026861 -5.58544205 -37.18024800
v 169.23735877 -6.40558732 -37.54736253
v 168.82707542 -7.17707299 -37.96239944
v 168.37276428 -7.89464728 -38.42197424
v 167.87781339 -8.55330252 -38.92265965
v 167.34567682 -9.14812676 -39.46096157
v 166.77997703 -9.67426941 -40.03321557
v 166.18463564 -10.12705378 -40.63545460
v 165.56397373 -10.50221592 -41.26330753
v 164.92273530 -10.79620217 -41.91197536
v 164.26601721 -11.00643278 -42.57630222
v 163.59912312 -11.13144720 -43.25092296
v 162.92738708 -11.17088410 -43.93044175
v 162.25602177 -11.12530383 -44.60958552
v 161.59003631 -10.99591376 -45.28328711
v 160.93424070 -10.78428874 -45.94668080
v 160.29332026 -10.49217879 -46.59502695
v 159.67193618 -10.12146472 -47.22361042
v 159.07479714 -9.67426941 -47.82766793
v 158.50665757 -9.15317834 -48.40238998
v 157.97222506 -8.56148486 -48.94301445
v 157.47599437 -7.90336852 -49.44499448
v 157.02205493 -7.18393879 -49.90419327
v 156.61393104 -6.40912447 -50.31704570
v 156.25450555 -5.58544205 -50.68063550
v 155.94605009 -4.71971651 -50.99266474
v 155.69034798 -3.81884077 -51.25132942
v 155.48886350 -2.88964146 -51.45514830
v 155.34289396 -1.93887627 -51.60280906
v 155.25364644 -0.97333796 -51.69309060
v 155.22220719 -0.00000000 -51.72489411
v 155.24940901 0.97387544 -51.69737712
v 155.33563841 1.94073106 -51.61014867
v 155.48064615 2.89283365 -51.46346086
v 155.68342481 3.82249399 -51.25833280
v 155.94219500 4.72232273 -50.99656449
v 156.25450555 5.58544205 -50.68063550
v 156.61741540 6.40558732 -50.31352097
v 157.02769875 7.17707299 -49.89848406
v 157.48200989 7.89464728 -49.43890926
v 157.97696078 8.55330252 -48.93822385
v 158.50909734 9.14812676 -48.39992194
v 159.07479714 9.67426941 -47.82766793
v 159.67013852 10.12705378 -47.22542890
v 160.29080044 10.50221592 -46.59757597
v 160.93203886 10.79620217 -45.94890814
v 161.58875696 11.00643278 -45.28458128
v 162.25565104 11.13144720 -44.60996055
v 162.92738708 11.17088410 -43.93044175
v 163.59875240 11.12530383 -43.25129798
v 164.26473786 10.99591376 -42.57759639
v 164.92053347 10.78428874 -41.91420271
v 165.56145390 10.49217879 -41.26585655
v 166.18283799 10.12146472 -40.63727309
v 166.77997703 9.67426941 -40.03321557
v 167.34811660 9.15317834 -39.45849353
v 167.88254911 8.56148486 -38.91786906
v 168.37877980 7.90336852 -38.41588903
v 168.83271923 7.18393879 -37.95669024
v 169.24084312 6.40912447 -37.54383781
v 169.60026861 5.58544205 -37.18024800
v 169.90872408 4.71971651 -36.86821876
v 170.16442619 3.81884077 -36.60955408
v 170.36591066 2.88964146 -36.40573520
v 170.51188021 1.93887627 -36.25807445
v 170.60112773 0.97333796 -36.16779290
v 172.05817179 0.00000000 -37.53872691
v 172.03082856 -0.97273123 -37.56638694
v 171.94447008 -1.93842691 -37.65374598
v 171.79937133 -2.88938603 -37.80052584
v 171.59654629 -3.81795570 -38.00570082
v 171.33776033 -4.71677447 -38.26748509
v 171.02543540 -5.57897403 -38.58342862
v 170.66247835 -6.39827778 -38.95059091
v 170.25208709 -7.16897192 -39.36573697
v 169.79759457 -7.88577202 -39.82549526
v 169.30239444 -8.54364804 -40.32643279
v 168.76996171 -9.13768766 -40.86503430
v 168.20394711 -9.66306647 -41.43760677
v 167.60829802 -10.11515549 -42.04015707
v 166.98735061 -10.48974709 -42.66829879
v 166.34584984 -10.78333548 -43.31723201
v 165.68888135 -10.99336531 -43.98181216
v 165.02173214 -11.11836885 -44.65669098
v 164.34972243 -11.15794806 -45.33648662
v 163.67806088 -11.11260854 -46.01593006
v 163.01176498 -10.98350220 -46.68994568
v 162.35566283 -10.77216491 -47.35364945
v 161.71446070 -10.48033582 -48.00228058
v 161.09283508 -10.10991493 -48.63110837
v 160.49549775 -9.66306647 -49.23536647
v 159.92719188 -9.14242426 -49.81025675
v 159.39260296 -8.55132017 -50.35103943
v 158.89620093 -7.89394945 -50.85319279
v 158.44205749 -7.17540960 -51.31259795
v 158.03369424 -6.40159438 -51.72569251
v 157.67400946 -5.57897403 -52.08954461
v 157.36530496 -4.71433076 -52.40182577
v 157.10940032 -3.81453028 -52.66069533
v 156.90779069 -2.88639289 -52.86464081
v 156.76178869 -1.93668778 -53.01233440
v 156.67259579 -0.97222727 -53.10256069
v 156.64127307 -0.00000000 -53.13424632
v 156.66861629 0.97273123 -53.10658629
v 156.75497478 1.93842691 -53.01922726
v 156.90007353 2.88938603 -52.87244739
v 157.10289857 3.81795570 -52.66727241
v 157.36168453 4.71677447 -52.40548814
v 157.67400946 5.57897403 -52.08954461
v 158.03696651 6.39827778 -51.72238233
v 158.44735777 7.16897192 -51.30723626
v 158.90185029 7.88577202 -50.84747797
v 159.39705042 8.54364804 -50.34654044
v 159.92948315 9.13768766 -49.80793893
v 160.49549775 9.66306647 -49.23536647
v 161.09114684 10.11515549 -48.63281616
v 161.71209425 10.48974709 -48.00467444
v 162.35359502 10.78333548 -47.35574122
v 163.01056351 10.99336531 -46.69116108
v 163.67771272 11.11836885 -46.01628225
v 164.34972243 11.15794806 -45.33648662
v 165.02138398 11.11260854 -44.65704318
v 165.68767988 10.98350220 -43.98302755
v 166.34378203 10.77216491 -43.31932378
v 166.98498416 10.48033582 -42.67069266
v 167.60660978 10.10991493 -42.04186486
v 168.20394711 9.66306647 -41.43760677
v 168.77225298 9.14242426 -40.86271649
v 169.30684190 8.55132017 -40.32193380
v 169.80324393 7.89394945 -39.81978045
v 170.25738737 7.17540960 -39.36037528
v 170.66575062 6.40159438 -38.94728073
v 171.02543540 5.57897403 -38.58342862
v 171.33413990 4.71433076 -38.27114746
v 171.59004453 3.81453028 -38.01227791
v 171.79165416 2.88639289 -37.80833242
v 171.93765617 1.93668778 -37.66063883
v 172.02684906 0.97222727 -37.57041255
v 173.48752508 0.00000000 -38.93767253
v 173.45987795 -0.97203497 -38.96563998
v 173.37324212 -1.93698798 -39.05327957
v 173.22794795 -2.88721314 -39.20025713
v 173.02502346 -3.81512157 -39.40553271
v 172.76620390 -4.71339829 -39.66735095
v 172.45384846 -5.57518303 -39.98332535
v 172.09079039 -6.39416222 -40.35058983
v 171.68016768 -7.16455113 -40.76597002
v 171.22528586 -7.88098594 -41.22612213
v 170.72955062 -8.53837955 -41.72760097
v 170.19648198 -9.13181003 -42.26684575
v 169.62979143 -9.65650028 -42.84010201
v 169.03348168 -10.10791526 -43.44332062
v 168.41192140 -10.48196036 -44.07208232
v 167.76985753 -10.77522611 -44.72158516
v 167.11235166 -10.98520474 -45.38670891
v 166.44465489 -11.11041054 -46.06214164
v 165.77205778 -11.15036607 -46.74253148
v 165.09976032 -11.10546058 -47.42261820
v 164.43279799 -10.97672916 -48.09730798
v 163.77603777 -10.76562700 -48.76167744
v 163.13423093 -10.47387306 -49.41092027
v 162.51208692 -10.10341194 -50.04027247
v 161.91432412 -9.65650028 -50.64496096
v 161.34566150 -9.13588029 -51.22021212
v 160.81073705 -8.54497238 -51.76133423
v 160.31396736 -7.88801298 -52.26385951
v 159.85938598 -7.17008317 -52.72370769
v 159.45050876 -6.39701225 -53.13732217
v 159.09026709 -5.57518303 -53.50173761
v 158.78102771 -4.71129836 -53.81455985
v 158.52468808 -3.81217803 -54.07386944
v 158.32280968 -2.88464106 -54.27808680
v 158.17673808 -1.93549351 -54.42585079
v 158.08766271 -0.97160190 -54.51595820
v 158.05659047 -0.00000000 -54.54739044
v 158.08423760 0.97203497 -54.51942299
v 158.17087343 1.93698798 -54.43178339
v 158.31616761 2.88721314 -54.28480583
v 158.51909209 3.81512157 -54.07953026
v 158.77791165 4.71339829 -53.81771201
v 159.09026709 5.57518303 -53.50173761
v 159.45332516 6.39416222 -53.13447313
v 159.86394787 7.16455113 -52.71909294
v 160.31882969 7.88098594 -52.25894084
v 160.81456493 8.53837955 -51.75746200
v 161.34763357 9.13181003 -51.21821721
v 161.91432412 9.65650028 -50.64496096
v 162.51063387 10.10791526 -50.04174235
v 163.13219416 10.48196036 -49.41298065
v 163.77425803 10.77522611 -48.76347780
v 164.43176389 10.98520474 -48.09835406
v 165.09946066 11.11041054 -47.42292133
v 165.77205778 11.15036607 -46.74253148
v 166.44435523 11.10546058 -46.06244477
v 167.11131756 10.97672916 -45.38775499
v 167.76807779 10.76562700 -44.72338552
v 168.40988462 10.47387306 -44.07414269
v 169.03202863 10.10341194 -43.44479050
v 169.62979143 9.65650028 -42.84010201
v 170.19845405 9.13588029 -42.26485084
v 170.73337850 8.54497238 -41.72372874
v 171.23014820 7.88801298 -41.22120345
v 171.68472957 7.17008317 -40.76135528
v 172.09360679 6.39701225 -40.34774080
v 172.45384846 5.57518303 -39.98332535
v 172.76308784 4.71129836 -39.67050312
v 173.01942747 3.81217803 -39.41119353
v 173.22130587 2.88464106 -39.20697616
v 173.36737747 1.93549351 -39.05921217
v 173.45645284 0.97160190 -38.96910477
v 174.91410472 0.00000000 -40.33942392
v 174.88627355 -0.97275873 -40.36757754
v 174.79946981 -1.93839909 -40.45538699
v 174.65405739 -2.88929950 -40.60248417
v 174.45107284 -3.81790090 -40.80782050
v 174.19223315 -4.71690779 -41.06965912
v 173.87985948 -5.57945666 -41.38565197
v 173.51674051 -6.39920414 -41.75297804
v 173.10597796 -7.17031582 -42.16849970
v 172.65086071 -7.88737352 -42.62888995
v 172.15480178 -8.54524964 -43.13069624
v 171.62134842 -9.13901064 -43.67033020
v 171.05424892 -9.66390241 -44.24400014
v 170.45753952 -10.11544139 -44.84762303
v 169.83560854 -10.48959653 -45.47675972
v 169.19320414 -10.78301254 -46.12660704
v 168.53537333 -10.99320752 -46.79205950
v 167.86734546 -11.11868311 -47.46782716
v 167.19439312 -11.15891332 -48.14857635
v 166.52171106 -11.11421745 -48.82905212
v 165.85434563 -10.98556118 -49.50414967
v 165.19718737 -10.77435259 -50.16892179
v 164.55501481 -10.48230047 -50.81853459
v 163.93255732 -10.11137867 -51.44820388
v 163.33453732 -9.66390241 -52.05315256
v 162.76565908 -9.14268267 -52.62862184
v 162.23053185 -8.55119744 -53.16994908
v 161.73353987 -7.89371304 -53.67269922
v 161.27869361 -7.17530661 -54.13281534
v 160.86950543 -6.40177532 -54.54674439
v 160.50892677 -5.57945666 -54.91150073
v 160.19936368 -4.71501331 -55.22465043
v 159.94276080 -3.81524536 -55.48422632
v 159.74071978 -2.88697908 -55.68860818
v 159.59460615 -1.93705083 -55.83641469
v 159.50560202 -0.97236803 -55.92645002
v 159.47468152 -0.00000000 -55.95772877
v 159.50251269 0.97275873 -55.92957515
v 159.58931643 1.93839909 -55.84176570
v 159.73472885 2.88929950 -55.69466853
v 159.93771340 3.81790090 -55.48933219
v 160.19655310 4.71690779 -55.22749357
v 160.50892677 5.57945666 -54.91150073
v 160.87204574 6.39920414 -54.54417465
v 161.28280829 7.17031582 -54.12865299
v 161.73792554 7.88737352 -53.66826274
v 162.23398447 8.54524964 -53.16645646
v 162.76743782 9.13901064 -52.62682249
v 163.33453732 9.66390241 -52.05315256
v 163.93124673 10.11544139 -51.44952966
v 164.55317770 10.48959653 -50.82039297
v 165.19558210 10.78301254 -50.17054565
v 165.85341291 10.99320752 -49.50509320
v 166.52144078 11.11868311 -48.82932553
v 167.19439312 11.15891332 -48.14857635
v 167.86707518 11.11421745 -47.46810057
v 168.53444061 10.98556118 -46.79300302
v 169.19159887 10.77435259 -46.12823091
v 169.83377144 10.48230047 -45.47861811
v 170.45622892 10.11137867 -44.84894882
v 171.05424892 9.66390241 -44.24400014
v 171.62312716 9.14268267 -43.66853086
v 172.15825440 8.55119744 -43.12720362
v 172.65524637 7.89371304 -42.62445347
v 173.11009263 7.17530661 -42.16433736
v 173.51928081 6.40177532 -41.75040831
v 173.87985948 5.57945666 -41.38565197
v 174.18942256 4.71501331 -41.07250227
v 174.44602545 3.81524536 -40.81292638
v 174.64806646 2.88697908 -40.60854451
v 174.79418009 1.93705083 -40.46073800
v 174.88318422 0.97236803 -40.37070267
f 1 2 73
f 2 74 73
f 2 3 74
f 3 75 74
f 3 4 75
f 4 76 75
f 4 5 76
f 5 77 76
f 5 6 77
f 6 78 77
f 6 7 78
f 7 79 78
f 7 8 79
f 8 80 79
f 8 9 80
f 9 81 80
f 9 10 81
f 10 82 81
f 10 11 82
f 11 83 82
f 11 12 83
f 12 84 83
f 12 13 84
f 13 85 84
f 13 14 85
f 14 86 85
f 14 15 86
f 15 87 86
f 15 16 87
f 16 88 87
f 16 17 88
f 17 89 88
f 17 18 89
f 18 90 89
f 18 19 90
f 19 91 90
f 19 20 91
f 20 92 91
f 20 21 92
f 21 93 92
f 21 22 93
f 22 94 93
f 22 23 94
f 23 95 94
f 23 24 95
f 24 96 95
f 24 25 96
f 25 97 96
f 25 26 97
f 26 98 97
f 26 27 98
f 27 99 98
f 27 28 99
f 28 100 99
f 28 29 100
f 29 101 100
f 29 30 101
f 30 102 101
f 30 31 102
f 31 103 102
f 31 32 103
f 32 104 103
f 32 33 104
f 33 105 104
f 33 34 105
f 34 106 105
f 34 35 106
f 35 107 106
f 35 36 107
f 36 108 107
f 36 37 108
f 37 109 108
f 37 38 109
f 38 110 109
f 38 39 110
f 39 111 110
f 39 40 111
f 40 112 111
f 40 41 112
f 41 113 112
f 41 42 113
f 42 114 113
f 42 43 114
f 43 115 114
f 43 44 115
f 44 116 115
f 44 45 116
f 45 117 116
f 45 46 117
f 46 118 117
f 46 47 118
f 47 119 118
f 47 48 119
f 48 120 119
f 48 49 120
f 49 121 120
f 49 50 121
f 50 122 121
f 50 51 122
f 51 123 122
f 51 52 123
f 52 124 123
f 52 53 124
f 53 125 124
f 53 54 125
f 54 126 125
f 54 55 126
f 55 127 126
f 55 56 127
f 56 128 127
f 56 57 128
f 57 129 128
f 57 58 129
f 58 130 129
f 58 59 130
f 59 131 130
f 59 60 131
f 60 132 131
f 60 61 132
f 61 133 132
f 61 62 133
f 62 134 133
f 62 63 134
f 63 135 134
f 63 64 135
f 64 136 135
f 64 65 136
f 65 137 136
f 65 66 137
f 66 138 137
f 66 67 138
f 67 139 138
f 67 68 139
f 68 140 139
f 68 69 140
f 69 141 140
f 69 70 141
f 70 142 141
f 70 71 142
f 71 143 142
f 71 72 143
f 72 144 143
f 72 1 144
f 1 73 144
f 73 74 145
f 74 146 145
f 74 75 146
f 75 147 146
f 75 76 147
f 76 148 147
f 76 77 148
f 77 149 148
f 77 78 149
f 78 150 149
f 78 79 150
f 79 151 150
f 79 80 151
f 80 152 151
f 80 81 152
f 81 153 152
f 81 82 153
f 82 154 153
f 82 83 154
f 83 155 154
f 83 84 155
f 84 156 155
f 84 85 156
f 85 157 156
f 85 86 157
f 86 158 157
f 86 87 158
f 87 159 158
f 87 88 159
f 88 160 159
f 88 89 160
f 89 161 160
f 89 90 161
f 90 162 161
f 90 91 162
f 91 163 162
f 91 92 163
f 92 164 163
f 92 93 164
f 93 165 164
f 93 94 165
f 94 166 165
f 94 95 166
f 95 167 166
f 95 96 167
f 96 168 167
f 96 97 168
f 97 169 168
f 97 98 169
f 98 170 169
f 98 99 170
f 99 171 170
f 99 100 171
f 100 172 171
f 100 101 172
f 101 173 172
f 101 102 173
f 102 174 173
f 102 103 174
f 103 175 174
f 103 104 175
f 104 176 175
f 104 105 176
f 105 177 176
f 105 106 177
f 106 178 177
f 106 107 178
f 107 179 178
f 107 108 179
f 108 180 179
f 108 109 180
f 109 181 180
f 109 110 181
f 110 182 181
f 110 111 182
f 111 183 182
f 111 112 183
f 112 184 183
f 112 113 184
f 113 185 184
f 113 114 185
f 114 186 185
f 114 115 186
f 115 187 186
f 115 116 187
f 116 188 187
f 116 117 188
f 117 189 188
f 117 118 189
f 118 190 189
f 118 119 190
f 119 191 190
f 119 120 191
f 120 192 191
f 120 121 192
f 121 193 192
f 121 122 193
f 122 194 193
f 122 123 194
f 123 195 194
f 123 124 195
f 124 196 195
f 124 125 196
f 125 197 196
f 125 126 197
f 126 198 197
f 126 127 198
f 127 199 198
f 127 128 199
f 128 200 199
f 128 129 200
f 129 201 200
f 129 130 201
f 130 202 201
f 130 131 202
f 131 203 202
f 131 132 203
f 132 204 203
f 132 133 204
f 133 205 204
f 133 134 205
f 134 206 205
f 134 135 206
f 135 207 206
f 135 136 207
f 136 208 207
f 136 137 208
f 137 209 208
f 137 138 209
f 138 210 209
f 138 139 210
f 139 211 210
f 139 140 211
f 140 212 211
f 140 141 212
f 141 213 212
f 141 142 213
f 142 214 213
f 142 143 214
f 143 215 214
f 143 144 215
f 144 216 215
f 144 73 216
f 73 145 216
f 145 146 217
f 146 218 217
f 146 147 218
f 147 219 218
f 147 148 219
f 148 220 219
f 148 149 220
f 149 221 220
f 149 150 221
f 150 222 221
f 150 151 222
f 151 223 222
f 151 152 223
f 152 224 223
f 152 153 224
f 153 225 224
f 153 154 225
f 154 226 225
f 154 155 226
f 155 227 226
f 155 156 227
f 156 228 227
f 156 157 228
f 157 229 228
f 157 158 229
f 158 230 229
f 158 159 230
f 159 231 230
f 159 160 231
f 160 232 231
f 160 161 232
f 161 233 232
f 161 162 233
f 162 234 233
f 162 163 234
f 163 235 234
f 163 164 235
f 164 236 235
f 164 165 236
f 165 237 236
f 165 166 237
f 166 238 237
f 166 167 238
f 167 239 238
f 167 168 239
f 168 240 239
f 168 169 240
f 169 241 240
f 169 170 241
f 170 242 241
f 170 171 242
f 171 243 242
f 171 172 243
f 172 244 243
f 172 173 244
f 173 245 244
f 173 174 245
f 174 246 245
f 174 175 246
f 175 247 246
f 175 176 247
f 176 248 247
f 176 177 248
f 177 249 248
f 177 178 249
f 178 250 249
f 178 179 250
f 179 251 250
f 179 180 251
f 180 252 251
f 180 181 252
f 181 253 252
f 181 182 253
f 182 254 253
f 182 183 254
f 183 255 254
f 183 184 255
f 184 256 255
f 184 185 256
f 185 257 256
f 185 186 257
f 186 258 257
f 186 187 258
f 187 259 258
f 187 188 259
f 188 260 259
f 188 189 260
f 189 261 260
f 189 190 261
f 190 262 261
f 190 191 262
f 191 263 262
f 191 192 263
f 192 264 263
f 192 193 264
f 193 265 264
f 193 194 265
f 194 266 265
f 194 195 266
f 195 267 266
f 195 196 267
f 196 268 267
f 196 197 268
f 197 269 268
f 197 198 269
f 198 270 269
f 198 199 270
f 199 271 270
f 199 200 271
f 200 272 271
f 200 201 272
f 201 273 272
f 201 202 273
f 202 274 273
f 202 203 274
f 203 275 274
f 203 204 275
f 204 276 275
f 204 205 276
f 205 277 276
f 205 206 277
f 206 278 277
f 206 207 278
f 207 279 278
f 207 208 279
f 208 280 279
f 208 209 280
f 209 281 280
f 209 210 281
f 210 282 281
f 210 211 282
f 211 283 282
f 211 212 283
f 212 284 283
f 212 213 284
f 213 285 284
f 213 214 285
f 214 286 285
f 214 215 286
f 215 287 286
f 215 216 287
f 216 288 287
f 216 145 288
f 145 217 288
f 217 218 289
f 218 290 289
f 218 219 290
f 219 291 290
f 219 220 291
f 220 292 291
f 220 221 292
f 221 293 292
f 221 222 293
f 222 294 293
f 222 223 294
f 223 295 294
f 223 224 295
f 224 296 295
f 224 225 296
f 225 297 296
f 225 226 297
f 226 298 297
f 226 227 298
f 227 299 298
f 227 228 299
f 228 300 299
f 228 229 300
f 229 301 300
f 229 230 301
f 230 302 301
f 230 231 302
f 231 303 302
f 231 232 303
f 232 304 303
f 232 233 304
f 233 305 304
f 233 234 305
f 234 306 305
f 234 235 306
f 235 307 306
f 235 236 307
f 236 308 307
f 236 237 308
f 237 309 308
f 237 238 309
f 238 310 309
f 238 239 310
f 239 311 310
f 239 240 311
f 240 312 311
f 240 241 312
f 241 313 312
f 241 242 313
f 242 314 313
f 242 243 314
f 243 315 314
f 243 244 315
f 244 316 315
f 244 245 316
f 245 317 316
f 245 246 317
f 246 318 317
f 246 247 318
f 247 319 318
f 247 248 319
f 248 320 319
f 248 249 320
f 249 321 320
f 249 250 321
f 250 322 321
f 250 251 322
f 251 323 322
f 251 252 323
f 252 324 323
f 252 253 324
f 253 325 324
f 253 254 325
f 254 326 325
f 254 255 326
f 255 327 326
f 255 256 327
f 256 328 327
f 256 257 328
f 257 329 328
f 257 258 329
f 258 330 329
f 258 259 330
f 259 331 330
f 259 260 331
f 260 332 331
f 260 261 332
f 261 333 332
f 261 262 333
f 262 334 333
f 262 263 334
f 263 335 334
f 263 264 335
f 264 336 335
f 264 265 336
f 265 337 336
f 265 266 337
f 266 338 337
f 266 267 338
f 267 339 338
f 267 268 339
f 268 340 339
f 268 269 340
f 269 341 340
f 269 270 341
f 270 342 341
f 270 271 342
f 271 343 342
f 271 272 343
f 272 344 343
f 272 273 344
f 273 345 344
f 273 274 345
f 274 346 345
f 274 275 346
f 275 347 346
f 275 276 347
f 276 348 347
f 276 277 348
f 277 349 348
f 277 278 349
f 278 350 349
f 278 279 350
f 279 351 350
f 279 280 351
f 280 352 351
f 280 281 352
f 281 353 352
f 281 282 353
f 282 354 353
f 282 283 354
f 283 355 354
f 283 284 355
f 284 356 355
f 284 285 356
f 285 357 356
f 285 286 357
f 286 358 357
f 286 287 358
f 287 359 358
f 287 288 359
f 288 360 359
f 288 217 360
f 217 289 360
f 289 290 361
f 290 362 361
f 290 291 362
f 291 363 362
f 291 292 363
f 292 364 363
f 292 293 364
f 293 365 364
f 293 294 365
f 294 366 365
f 294 295 366
f 295 367 366
f 295 296 367
f 296 368 367
f 296 297 368
f 297 369 368
f 297 298 369
f 298 370 369
f 298 299 370
f 299 371 370
f 299 300 371
f 300 372 371
f 300 301 372
f 301 373 372
f 301 302 373
f 302 374 373
f 302 303 374
f 303 375 374
f 303 304 375
f 304 376 375
f 304 305 376
f 305 377 376
f 305 306 377
f 306 378 377
f 306 307 378
f 307 379 378
f 307 308 379
f 308 380 379
f 308 309 380
f 309 381 380
f 309 310 381
f 310 382 381
f 310 311 382
f 311 383 382
f 311 312 383
f 312 384 383
f 312 313 384
f 313 385 384
f 313 314 385
f 314 386 385
f 314 315 386
f 315 387 386
f 315 316 387
f 316 388 387
f 316 317 388
f 317 389 388
f 317 318 389
f 318 390 389
f 318 319 390
f 319 391 390
f 319 320 391
f 320 392 391
f 320 321 392
f 321 393 392
f 321 322 393
f 322 394 393
f 322 323 394
f 323 395 394
f 323 324 395
f 324 396 395
f 324 325 396
f 325 397 396
f 325 326 397
f 326 398 397
f 326 327 398
f 327 399 398
f 327 328 399
f 328 400 399
f 328 329 400
f 329 401 400
f 329 330 401
f 330 402 401
f 330 331 402
f 331 403 402
f 331 332 403
f 332 404 403
f 332 333 404
f 333 405 404
f 333 334 405
f 334 406 405
f 334 335 406
f 335 407 406
f 335 336 407
f 336 408 407
f 336 337 408
f 337 409 408
f 337 338 409
f 338 410 409
f 338 339 410
f 339 411 410
f 339 340 411
f 340 412 411
f 340 341 412
f 341 413 412
f 341 342 413
f 342 414 413
f 342 343 414
f 343 415 414
f 343 344 415
f 344 416 415
f 344 345 416
f 345 417 416
f 345 346 417
f 346 418 417
f 346 347 418
f 347 419 418
f 347 348 419
f 348 420 419
f 348 349 420
f 349 421 420
f 349 350 421
f 350 422 421
f 350 351 422
f 351 423 422
f 351 352 423
f 352 424 423
f 352 353 424
f 353 425 424
f 353 354 425
f 354 426 425
f 354 355 426
f 355 427 426
f 355 356 427
f 356 428 427
f 356 357 428
f 357 429 428
f 357 358 429
f 358 430 429
f 358 359 430
f 359 431 430
f 359 360 431
f 360 432 431
f 360 289 432
f 289 361 432
f 361 362 433
f 362 434 433
f 362 363 434
f 363 435 434
f 363 364 435
f 364 436 435
f 364 365 436
f 365 437 436
f 365 366 437
f 366 438 437
f 366 367 438
f 367 439 438
f 367 368 439
f 368 440 439
f 368 369 440
f 369 441 440
f 369 370 441
f 370 442 441
f 370 371 442
f 371 443 442
f 371 372 443
f 372 444 443
f 372 373 444
f 373 445 444
f 373 374 445
f 374 446 445
f 374 375 446
f 375 447 446
f 375 376 447
f 376 448 447
f 376 377 448
f 377 449 448
f 377 378 449
f 378 450 449
f 378 379 450
f 379 451 450
f 379 380 451
f 380 452 451
f 380 381 452
f 381 453 452
f 381 382 453
f 382 454 453
f 382 383 454
f 383 455 454
f 383 384 455
f 384 456 455
f 384 385 456
f 385 457 456
f 385 386 457
f 386 458 457
f 386 387 458
f 387 459 458
f 387 388 459
f 388 460 459
f 388 389 460
f 389 461 460
f 389 390 461
f 390 462 461
f 390 391 462
f 391 463 462
f 391 392 463
f 392 464 463
f 392 393 464
f 393 465 464
f 393 394 465
f 394 466 465
f 394 395 466
f 395 467 466
f 395 396 467
f 396 468 467
f 396 397 468
f 397 469 468
f 397 398 469
f 398 470 469
f 398 399 470
f 399 471 470
f 399 400 471
f 400 472 471
f 400 401 472
f 401 473 472
f 401 402 473
f 402 474 473
f 402 403 474
f 403 475 474
f 403 404 475
f 404 476 475
f 404 405 476
f 405 477 476
f 405 406 477
f 406 478 477
f 406 407 478
f 407 479 478
f 407 408 479
f 408 480 479
f 408 409 480
f 409 481 480
f 409 410 481
f 410 482 481
f 410 411 482
f 411 483 482
f 411 412 483
f 412 484 483
f 412 413 484
f 413 485 484
f 413 414 485
f 414 486 485
f 414 415 486
f 415 487 486
f 415 416 487
f 416 488 487
f 416 417 488
f 417 489 488
f 417 418 489
f 418 490 489
f 418 419 490
f 419 491 490
f 419 420 491
f 420 492 491
f 420 421 492
f 421 493 492
f 421 422 493
f 422 494 493
f 422 423 494
f 423 495 494
f 423 424 495
f 424 496 495
f 424 425 496
f 425 497 496
f 425 426 497
f 426 498 497
f 426 427 498
f 427 499 498
f 427 428 499
f 428 500 499
f 428 429 500
f 429 501 500
f 429 430 501
f 430 502 501
f 430 431 502
f 431 503 502
f 431 432 503
f 432 504 503
f 432 361 504
f 361 433 504
f 433 434 505
f 434 506 505
f 434 435 506
f 435 507 506
f 435 436 507
f 436 508 507
f 436 437 508
f 437 509 508
f 437 438 509
f 438 510 509
f 438 439 510
f 439 511 510
f 439 440 511
f 440 512 511
f 440 441 512
f 441 513 512
f 441 442 513
f 442 514 513
f 442 443 514
f 443 515 514
f 443 444 515
f 444 516 515
f 444 445 516
f 445 517 516
f 445 446 517
f 446 518 517
f 446 447 518
f 447 519 518
f 447 448 519
f 448 520 519
f 448 449 520
f 449 521 520
f 449 450 521
f 450 522 521
f 450 451 522
f 451 523 522
f 451 452 523
f 452 524 523
f 452 453 524
f 453 525 524
f 453 454 525
f 454 526 525
f 454 455 526
f 455 527 526
f 455 456 527
f 456 528 527
f 456 457 528
f 457 529 528
f 457 458 529
f 458 530 529
f 458 459 530
f 459 531 530
f 459 460 531
f 460 532 531
f 460 461 532
f 461 533 532
f 461 462 533
f 462 534 533
f 462 463 534
f 463 535 534
f 463 464 535
f 464 536 535
f 464 465 536
f 465 537 536
f 465 466 537
f 466 538 537
f 466 467 538
f 467 539 538
f 467 468 539
f 468 540 539
f 468 469 540
f 469 541 540
f 469 470 541
f 470 542 541
f 470 471 542
f 471 543 542
f 471 472 543
f 472 544 543
f 472 473 544
f 473 545 544
f 473 474 545
f 474 546 545
f 474 475 546
f 475 547 546
f 475 476 547
f 476 548 547
f 476 477 548
f 477 549 548
f 477 478 549
f 478 550 549
f 478 479 550
f 479 551 550
f 479 480 551
f 480 552 551
f 480 481 552
f 481 553 552
f 481 482 553
f 482 554 553
f 482 483 554
f 483 555 554
f 483 484 555
f 484 556 555
f 484 485 556
f 485 557 556
f 485 486 557
f 486 558 557
f 486 487 558
f 487 559 558
f 487 488 559
f 488 560 559
f 488 489 560
f 489 561 560
f 489 490 561
f 490 562 561
f 490 491 562
f 491 563 562
f 491 492 563
f 492 564 563
f 492 493 564
f 493 565 564
f 493 494 565
f 494 566 565
f 494 495 566
f 495 567 566
f 495 496 567
f 496 568 567
f 496 497 568
f 497 569 568
f 497 498 569
f 498 570 569
f 498 499 570
f 499 571 570
f 499 500 571
f 500 572 571
f 500 501 572
f 501 573 572
f 501 502 573
f 502 574 573
f 502 503 574
f 503 575 574
f 503 504 575
f 504 576 575
f 504 433 576
f 433 505 576
f 505 506 577
f 506 578 577
f 506 507 578
f 507 579 578
f 507 508 579
f 508 580 579
f 508 509 580
f 509 581 580
f 509 510 581
f 510 582 581
f 510 511 582
f 511 583 582
f 511 512 583
f 512 584 583
f 512 513 584
f 513 585 584
f 513 514 585
f 514 586 585
f 514 515 586
f 515 587 586
f 515 516 587
f 516 588 587
f 516 517 588
f 517 589 588
f 517 518 589
f 518 590 589
f 518 519 590
f 519 591 590
f 519 520 591
f 520 592 591
f 520 521 592
f 521 593 592
f 521 522 593
f 522 594 593
f 522 523 594
f 523 595 594
f 523 524 595
f 524 596 595
f 524 525 596
f 525 597 596
f 525 526 597
f 526 598 597
f 526 527 598
f 527 599 598
f 527 528 599
f 528 600 599
f 528 529 600
f 529 601 600
f 529 530 601
f 530 602 601
f 530 531 602
f 531 603 602
f 531 532 603
f 532 604 603
f 532 533 604
f 533 605 604
f 533 534 605
f 534 606 605
f 534 535 606
f 535 607 606
f 535 536 607
f 536 608 607
f 536 537 608
f 537 609 608
f 537 538 609
f 538 610 609
f 538 539 610
f 539 611 610
f 539 540 611
f 540 612 611
f 540 541 612
f 541 613 612
f 541 542 613
f 542 614 613
f 542 543 614
f 543 615 614
f 543 544 615
f 544 616 615
f 544 545 616
f 545 617 616
f 545 546 617
f 546 618 617
f 546 547 618
f 547 619 618
f 547 548 619
f 548 620 619
f 548 549 620
f 549 621 620
f 549 550 621
f 550 622 621
f 550 551 622
f 551 623 622
f 551 552 623
f 552 624 623
f 552 553 624
f 553 625 624
f 553 554 625
f 554 626 625
f 554 555 626
f 555 627 626
f 555 556 627
f 556 628 627
f 556 557 628
f 557 629 628
f 557 558 629
f 558 630 629
f 558 559 630
f 559 631 630
f 559 560 631
f 560 632 631
f 560 561 632
f 561 633 632
f 561 562 633
f 562 634 633
f 562 563 634
f 563 635 634
f 563 564 635
f 564 636 635
f 564 565 636
f 565 637 636
f 565 566 637
f 566 638 637
f 566 567 638
f 567 639 638
f 567 568 639
f 568 640 639
f 568 569 640
f 569 641 640
f 569 570 641
f 570 642 641
f 570 571 642
f 571 643 642
f 571 572 643
f 572 644 643
f 572 573 644
f 573 645 644
f 573 574 645
f 574 646 645
f 574 575 646
f 575 647 646
f 575 576 647
f 576 648 647
f 576 505 648
f 505 577 648
f 577 578 649
f 578 650 649
f 578 579 650
f 579 651 650
f 579 580 651
f 580 652 651
f 580 581 652
f 581 653 652
f 581 582 653
f 582 654 653
f 582 583 654
f 583 655 654
f 583 584 655
f 584 656 655
f 584 585 656
f 585 657 656
f 585 586 657
f 586 658 657
f 586 587 658
f 587 659 658
f 587 588 659
f 588 660 659
f 588 589 660
f 589 661 660
f 589 590 661
f 590 662 661
f 590 591 662
f 591 663 662
f 591 592 663
f 592 664 663
f 592 593 664
f 593 665 664
f 593 594 665
f 594 666 665
f 594 595 666
f 595 667 666
f 595 596 667
f 596 668 667
f 596 597 668
f 597 669 668
f 597 598 669
f 598 670 669
f 598 599 670
f 599 671 670
f 599 600 671
f 600 672 671
f 600 601 672
f 601 673 672
f 601 602 673
f 602 674 673
f 602 603 674
f 603 675 674
f 603 604 675
f 604 676 675
f 604 605 676
f 605 677 676
f 605 606 677
f 606 678 677
f 606 607 678
f 607 679 678
f 607 608 679
f 608 680 679
f 608 609 680
f 609 681 680
f 609 610 681
f 610 682 681
f 610 611 682
f 611 683 682
f 611 612 683
f 612 684 683
f 612 613 684
f 613 685 684
f 613 614 685
f 614 686 685
f 614 615 686
f 615 687 686
f 615 616 687
f 616 688 687
f 616 617 688
f 617 689 688
f 617 618 689
f 618 690 689
f 618 619 690
f 619 691 690
f 619 620 691
f 620 692 691
f 620 621 692
f 621 693 692
f 621 622 693
f 622 694 693
f 622 623 694
f 623 695 694
f 623 624 695
f 624 696 695
f 624 625 696
f 625 697 696
f 625 626 697
f 626 698 697
f 626 627 698
f 627 699 698
f 627 628 699
f 628 700 699
f 628 629 700
f 629 701 700
f 629 630 701
f 630 702 701
f 630 631 702
f 631 703 702
f 631 632 703
f 632 704 703
f 632 633 704
f 633 705 704
f 633 634 705
f 634 706 705
f 634 635 706
f 635 707 706
f 635 636 707
f 636 708 707
f 636 637 708
f 637 709 708
f 637 638 709
f 638 710 709
f 638 639 710
f 639 711 710
f 639 640 711
f 640 712 711
f 640 641 712
f 641 713 712
f 641 642 713
f 642 714 713
f 642 643 714
f 643 715 714
f 643 644 715
f 644 716 715
f 644 645 716
f 645 717 716
f 645 646 717
f 646 718 717
f 646 647 718
f 647 719 718
f 647 648 719
f 648 720 719
f 648 577 720
f 577 649 720
f 649 650 721
f 650 722 721
f 650 651 722
f 651 723 722
f 651 652 723
f 652 724 723
f 652 653 724
f 653 725 724
f 653 654 725
f 654 726 725
f 654 655 726
f 655 727 726
f 655 656 727
f 656 728 727
f 656 657 728
f 657 729 728
f 657 658 729
f 658 730 729
f 658 659 730
f 659 731 730
f 659 660 731
f 660 732 731
f 660 661 732
f 661 733 732
f 661 662 733
f 662 734 733
f 662 663 734
f 663 735 734
f 663 664 735
f 664 736 735
f 664 665 736
f 665 737 736
f 665 666 737
f 666 738 737
f 666 667 738
f 667 739 738
f 667 668 739
f 668 740 739
f 668 669 740
f 669 741 740
f 669 670 741
f 670 742 741
f 670 671 742
f 671 743 742
f 671 672 743
f 672 744 743
f 672 673 744
f 673 745 744
f 673 674 745
f 674 746 745
f 674 675 746
f 675 747 746
f 675 676 747
f 676 748 747
f 676 677 748
f 677 749 748
f 677 678 749
f 678 750 749
f 678 679 750
f 679 751 750
f 679 680 751
f 680 752 751
f 680 681 752
f 681 753 752
f 681 682 753
f 682 754 753
f 682 683 754
f 683 755 754
f 683 684 755
f 684 756 755
f 684 685 756
f 685 757 756
f 685 686 757
f 686 758 757
f 686 687 758
f 687 759 758
f 687 688 759
f 688 760 759
f 688 689 760
f 689 761 760
f 689 690 761
f 690 762 761
f 690 691 762
f 691 763 762
f 691 692 763
f 692 764 763
f 692 693 764
f 693 765 764
f 693 694 765
f 694 766 765
f 694 695 766
f 695 767 766
f 695 696 767
f 696 768 767
f 696 697 768
f 697 769 768
f 697 698 769
f 698 770 769
f 698 699 770
f 699 771 770
f 699 700 771
f 700 772 771
f 700 701 772
f 701 773 772
f 701 702 773
f 702 774 773
f 702 703 774
f 703 775 774
f 703 704 775
f 704 776 775
f 704 705 776
f 705 777 776
f 705 706 777
f 706 778 777
f 706 707 778
f 707 779 778
f 707 708 779
f 708 780 779
f 708 709 780
f 709 781 780
f 709 710 781
f 710 782 781
f 710 711 782
f 711 783 782
f 711 712 783
f 712 784 783
f 712 713 784
f 713 785 784
f 713 714 785
f 714 786 785
f 714 715 786
f 715 787 786
f 715 716 787
f 716 788 787
f 716 717 788
f 717 789 788
f 717 718 789
f 718 790 789
f 718 719 790
f 719 791 790
f 719 720 791
f 720 792 791
f 720 649 792
f 649 721 792
f 721 722 793
f 722 794 793
f 722 723 794
f 723 795 794
f 723 724 795
f 724 796 795
f 724 725 796
f 725 797 796
f 725 726 797
f 726 798 797
f 726 727 798
f 727 799 798
f 727 728 799
f 728 800 799
f 728 729 800
f 729 801 800
f 729 730 801
f 730 802 801
f 730 731 802
f 731 803 802
f 731 732 803
f 732 804 803
f 732 733 804
f 733 805 804
f 733 734 805
f 734 806 805
f 734 735 806
f 735 807 806
f 735 736 807
f 736 808 807
f 736 737 808
f 737 809 808
f 737 738 809
f 738 810 809
f 738 739 810
f 739 811 810
f 739 740 811
f 740 812 811
f 740 741 812
f 741 813 812
f 741 742 813
f 742 814 813
f 742 743 814
f 743 815 814
f 743 744 815
f 744 816 815
f 744 745 816
f 745 817 816
f 745 746 817
f 746 818 817
f 746 747 818
f 747 819 818
f 747 748 819
f 748 820 819
f 748 749 820
f 749 821 820
f 749 750 821
f 750 822 821
f 750 751 822
f 751 823 822
f 751 752 823
f 752 824 823
f 752 753 824
f 753 825 824
f 753 754 825
f 754 826 825
f 754 755 826
f 755 827 826
f 755 756 827
f 756 828 827
f 756 757 828
f 757 829 828
f 757 758 829
f 758 830 829
f 758 759 830
f 759 831 830
f 759 760 831
f 760 832 831
f 760 761 832
f 761 833 832
f 761 762 833
f 762 834 833
f 762 763 834
f 763 835 834
f 763 764 835
f 764 836 835
f 764 765 836
f 765 837 836
f 765 766 837
f 766 838 837
f 766 767 838
f 767 839 838
f 767 768 839
f 768 840 839
f 768 769 840
f 769 841 840
f 769 770 841
f 770 842 841
f 770 771 842
f 771 843 842
f 771 772 843
f 772 844 843
f 772 773 844
f 773 845 844
f 773 774 845
f 774 846 845
f 774 775 846
f 775 847 846
f 775 776 847
f 776 848 847
f 776 777 848
f 777 849 848
f 777 778 849
f 778 850 849
f 778 779 850
f 779 851 850
f 779 780 851
f 780 852 851
f 780 781 852
f 781 853 852
f 781 782 853
f 782 854 853
f 782 783 854
f 783 855 854
f 783 784 855
f 784 856 855
f 784 785 856
f 785 857 856
f 785 786 857
f 786 858 857
f 786 787 858
f 787 859 858
f 787 788 859
f 788 860 859
f 788 789 860
f 789 861 860
f 789 790 861
f 790 862 861
f 790 791 862
f 791 863 862
f 791 792 863
f 792 864 863
f 792 721 864
f 721 793 864
f 793 794 865
f 794 866 865
f 794 795 866
f 795 867 866
f 795 796 867
f 796 868 867
f 796 797 868
f 797 869 868
f 797 798 869
f 798 870 869
f 798 799 870
f 799 871 870
f 799 800 871
f 800 872 871
f 800 801 872
f 801 873 872
f 801 802 873
f 802 874 873
f 802 803 874
f 803 875 874
f 803 804 875
f 804 876 875
f 804 805 876
f 805 877 876
f 805 806 877
f 806 878 877
f 806 807 878
f 807 879 878
f 807 808 879
f 808 880 879
f 808 809 880
f 809 881 880
f 809 810 881
f 810 882 881
f 810 811 882
f 811 883 882
f 811 812 883
f 812 884 883
f 812 813 884
f 813 885 884
f 813 814 885
f 814 886 885
f 814 815 886
f 815 887 886
f 815 816 887
f 816 888 887
f 816 817 888
f 817 889 888
f 817 818 889
f 818 890 889
f 818 819 890
f 819 891 890
f 819 820 891
f 820 892 891
f 820 821 892
f 821 893 892
f 821 822 893
f 822 894 893
f 822 823 894
f 823 895 894
f 823 824 895
f 824 896 895
f 824 825 896
f 825 897 896
f 825 826 897
f 826 898 897
f 826 827 898
f 827 899 898
f 827 828 899
f 828 900 899
f 828 829 900
f 829 901 900
f 829 830 901
f 830 902 901
f 830 831 902
f 831 903 902
f 831 832 903
f 832 904 903
f 832 833 904
f 833 905 904
f 833 834 905
f 834 906 905
f 834 835 906
f 835 907 906
f 835 836 907
f 836 908 907
f 836 837 908
f 837 909 908
f 837 838 909
f 838 910 909
f 838 839 910
f 839 911 910
f 839 840 911
f 840 912 911
f 840 841 912
f 841 913 912
f 841 842 913
f 842 914 913
f 842 843 914
f 843 915 914
f 843 844 915
f 844 916 915
f 844 845 916
f 845 917 916
f 845 846 917
f 846 918 917
f 846 847 918
f 847 919 918
f 847 848 919
f 848 920 919
f 848 849 920
f 849 921 920
f 849 850 921
f 850 922 921
f 850 851 922
f 851 923 922
f 851 852 923
f 852 924 923
f 852 853 924
f 853 925 924
f 853 854 925
f 854 926 925
f 854 855 926
f 855 927 926
f 855 856 927
f 856 928 927
f 856 857 928
f 857 929 928
f 857 858 929
f 858 930 929
f 858 859 930
f 859 931 930
f 859 860 931
f 860 932 931
f 860 861 932
f 861 933 932
f 861 862 933
f 862 934 933
f 862 863 934
f 863 935 934
f 863 864 935
f 864 936 935
f 864 793 936
f 793 865 936
f 865 866 937
f 866 938 937
f 866 867 938
f 867 939 938
f 867 868 939
f 868 940 939
f 868 869 940
f 869 941 940
f 869 870 941
f 870 942 941
f 870 871 942
f 871 943 942
f 871 872 943
f 872 944 943
f 872 873 944
f 873 945 944
f 873 874 945
f 874 946 945
f 874 875 946
f 875 947 946
f 875 876 947
f 876 948 947
f 876 877 948
f 877 949 948
f 877 878 949
f 878 950 949
f 878 879 950
f 879 951 950
f 879 880 951
f 880 952 951
f 880 881 952
f 881 953 952
f 881 882 953
f 882 954 953
f 882 883 954
f 883 955 954
f 883 884 955
f 884 956 955
f 884 885 956
f 885 957 956
f 885 886 957
f 886 958 957
f 886 887 958
f 887 959 958
f 887 888 959
f 888 960 959
f 888 889 960
f 889 961 960
f 889 890 961
f 890 962 961
f 890 891 962
f 891 963 962
f 891 892 963
f 892 964 963
f 892 893 964
f 893 965 964
f 893 894 965
f 894 966 965
f 894 895 966
f 895 967 966
f 895 896 967
f 896 968 967
f 896 897 968
f 897 969 968
f 897 898 969
f 898 970 969
f 898 899 970
f 899 971 970
f 899 900 971
f 900 972 971
f 900 901 972
f 901 973 972
f 901 902 973
f 902 974 973
f 902 903 974
f 903 975 974
f 903 904 975
f 904 976 975
f 904 905 976
f 905 977 976
f 905 906 977
f 906 978 977
f 906 907 978
f 907 979 978
f 907 908 979
f 908 980 979
f 908 909 980
f 909 981 980
f 909 910 981
f 910 982 981
f 910 911 982
f 911 983 982
f 911 912 983
f 912 984 983
f 912 913 984
f 913 985 984
f 913 914 985
f 914 986 985
f 914 915 986
f 915 987 986
f 915 916 987
f 916 988 987
f 916 917 988
f 917 989 988
f 917 918 989
f 918 990 989
f 918 919 990
f 919 991 990
f 919 920 991
f 920 992 991
f 920 921 992
f 921 993 992
f 921 922 993
f 922 994 993
f 922 923 994
f 923 995 994
f 923 924 995
f 924 996 995
f 924 925 996
f 925 997 996
f 925 926 997
f 926 998 997
f 926 927 998
f 927 999 998
f 927 928 999
f 928 1000 999
f 928 929 1000
f 929 1001 1000
f 929 930 1001
f 930 1002 1001
f 930 931 1002
f 931 1003 1002
f 931 932 1003
f 932 1004 1003
f 932 933 1004
f 933 1005 1004
f 933 934 1005
f 934 1006 1005
f 934 935 1006
f 935 1007 1006
f 935 936 1007
f 936 1008 1007
f 936 865 1008
f 865 937 1008
f 937 938 1009
f 938 1010 1009
f 938 939 1010
f 939 1011 1010
f 939 940 1011
f 940 1012 1011
f 940 941 1012
f 941 1013 1012
f 941 942 1013
f 942 1014 1013
f 942 943 1014
f 943 1015 1014
f 943 944 1015
f 944 1016 1015
f 944 945 1016
f 945 1017 1016
f 945 946 1017
f 946 1018 1017
f 946 947 1018
f 947 1019 1018
f 947 948 1019
f 948 1020 1019
f 948 949 1020
f 949 1021 1020
f 949 950 1021
f 950 1022 1021
f 950 951 1022
f 951 1023 1022
f 951 952 1023
f 952 1024 1023
f 952 953 1024
f 953 1025 1024
f 953 954 1025
f 954 1026 1025
f 954 955 1026
f 955 1027 1026
f 955 956 1027
f 956 1028 1027
f 956 957 1028
f 957 1029 1028
f 957 958 1029
f 958 1030 1029
f 958 959 1030
f 959 1031 1030
f 959 960 1031
f 960 1032 1031
f 960 961 1032
f 961 1033 1032
f 961 962 1033
f 962 1034 1033
f 962 963 1034
f 963 1035 1034
f 963 964 1035
f 964 1036 1035
f 964 965 1036
f 965 1037 1036
f 965 966 1037
f 966 1038 1037
f 966 967 1038
f 967 1039 1038
f 967 968 1039
f 968 1040 1039
f 968 969 1040
f 969 1041 1040
f 969 970 1041
f 970 1042 1041
f 970 971 1042
f 971 1043 1042
f 971 972 1043
f 972 1044 1043
f 972 973 1044
f 973 1045 1044
f 973 974 1045
f 974 1046 1045
f 974 975 1046
f 975 1047 1046
f 975 976 1047
f 976 1048 1047
f 976 977 1048
f 977 1049 1048
f 977 978 1049
f 978 1050 1049
f 978 979 1050
f 979 1051 1050
f 979 980 1051
f 980 1052 1051
f 980 981 1052
f 981 1053 1052
f 981 982 1053
f 982 1054 1053
f 982 983 1054
f 983 1055 1054
f 983 984 1055
f 984 1056 1055
f 984 985 1056
f 985 1057 1056
f 985 986 1057
f 986 1058 1057
f 986 987 1058
f 987 1059 1058
f 987 988 1059
f 988 1060 1059
f 988 989 1060
f 989 1061 1060
f 989 990 1061
f 990 1062 1061
f 990 991 1062
f 991 1063 1062
f 991 992 1063
f 992 1064 1063
f 992 993 1064
f 993 1065 1064
f 993 994 1065
f 994 1066 1065
f 994 995 1066
f 995 1067 1066
f 995 996 1067
f 996 1068 1067
f 996 997 1068
f 997 1069 1068
f 997 998 1069
f 998 1070 1069
f 998 999 1070
f 999 1071 1070
f 999 1000 1071
f 1000 1072 1071
f 1000 1001 1072
f 1001 1073 1072
f 1001 1002 1073
f 1002 1074 1073
f 1002 1003 1074
f 1003 1075 1074
f 1003 1004 1075
f 1004 1076 1075
f 1004 1005 1076
f 1005 1077 1076
f 1005 1006 1077
f 1006 1078 1077
f 1006 1007 1078
f 1007 1079 1078
f 1007 1008 1079
f 1008 1080 1079
f 1008 937 1080
f 937 1009 1080
f 1009 1010 1081
f 1010 1082 1081
f 1010 1011 1082
f 1011 1083 1082
f 1011 1012 1083
f 1012 1084 1083
f 1012 1013 1084
f 1013 1085 1084
f 1013 1014 1085
f 1014 1086 1085
f 1014 1015 1086
f 1015 1087 1086
f 1015 1016 1087
f 1016 1088 1087
f 1016 1017 1088
f 1017 1089 1088
f 1017 1018 1089
f 1018 1090 1089
f 1018 1019 1090
f 1019 1091 1090
f 1019 1020 1091
f 1020 1092 1091
f 1020 1021 1092
f 1021 1093 1092
f 1021 1022 1093
f 1022 1094 1093
f 1022 1023 1094
f 1023 1095 1094
f 1023 1024 1095
f 1024 1096 1095
f 1024 1025 1096
f 1025 1097 1096
f 1025 1026 1097
f 1026 1098 1097
f 1026 1027 1098
f 1027 1099 1098
f 1027 1028 1099
f 1028 1100 1099
f 1028 1029 1100
f 1029 1101 1100
f 1029 1030 1101
f 1030 1102 1101
f 1030 1031 1102
f 1031 1103 1102
f 1031 1032 1103
f 1032 1104 1103
f 1032 1033 1104
f 1033 1105 1104
f 1033 1034 1105
f 1034 1106 1105
f 1034 1035 1106
f 1035 1107 1106
f 1035 1036 1107
f 1036 1108 1107
f 1036 1037 1108
f 1037 1109 1108
f 1037 1038 1109
f 1038 1110 1109
f 1038 1039 1110
f 1039 1111 1110
f 1039 1040 1111
f 1040 1112 1111
f 1040 1041 1112
f 1041 1113 1112
f 1041 1042 1113
f 1042 1114 1113
f 1042 1043 1114
f 1043 1115 1114
f 1043 1044 1115
f 1044 1116 1115
f 1044 1045 1116
f 1045 1117 1116
f 1045 1046 1117
f 1046 1118 1117
f 1046 1047 1118
f 1047 1119 1118
f 1047 1048 1119
f 1048 1120 1119
f 1048 1049 1120
f 1049 1121 1120
f 1049 1050 1121
f 1050 1122 1121
f 1050 1051 1122
f 1051 1123 1122
f 1051 1052 1123
f 1052 1124 1123
f 1052 1053 1124
f 1053 1125 1124
f 1053 1054 1125
f 1054 1126 1125
f 1054 1055 1126
f 1055 1127 1126
f 1055 1056 1127
f 1056 1128 1127
f 1056 1057 1128
f 1057 1129 1128
f 1057 1058 1129
f 1058 1130 1129
f 1058 1059 1130
f 1059 1131 1130
f 1059 1060 1131
f 1060 1132 1131
f 1060 1061 1132
f 1061 1133 1132
f 1061 1062 1133
f 1062 1134 1133
f 1062 1063 1134
f 1063 1135 1134
f 1063 1064 1135
f 1064 1136 1135
f 1064 1065 1136
f 1065 1137 1136
f 1065 1066 1137
f 1066 1138 1137
f 1066 1067 1138
f 1067 1139 1138
f 1067 1068 1139
f 1068 1140 1139
f 1068 1069 1140
f 1069 1141 1140
f 1069 1070 1141
f 1070 1142 1141
f 1070 1071 1142
f 1071 1143 1142
f 1071 1072 1143
f 1072 1144 1143
f 1072 1073 1144
f 1073 1145 1144
f 1073 1074 1145
f 1074 1146 1145
f 1074 1075 1146
f 1075 1147 1146
f 1075 1076 1147
f 1076 1148 1147
f 1076 1077 1148
f 1077 1149 1148
f 1077 1078 1149
f 1078 1150 1149
f 1078 1079 1150
f 1079 1151 1150
f 1079 1080 1151
f 1080 1152 1151
f 1080 1009 1152
f 1009 1081 1152
f 1081 1082 1153
f 1082 1154 1153
f 1082 1083 1154
f 1083 1155 1154
f 1083 1084 1155
f 1084 1156 1155
f 1084 1085 1156
f 1085 1157 1156
f 1085 1086 1157
f 1086 1158 1157
f 1086 1087 1158
f 1087 1159 1158
f 1087 1088 1159
f 1088 1160 1159
f 1088 1089 1160
f 1089 1161 1160
f 1089 1090 1161
f 1090 1162 1161
f 1090 1091 1162
f 1091 1163 1162
f 1091 1092 1163
f 1092 1164 1163
f 1092 1093 1164
f 1093 1165 1164
f 1093 1094 1165
f 1094 1166 1165
f 1094 1095 1166
f 1095 1167 1166
f 1095 1096 1167
f 1096 1168 1167
f 1096 1097 1168
f 1097 1169 1168
f 1097 1098 1169
f 1098 1170 1169
f 1098 1099 1170
f 1099 1171 1170
f 1099 1100 1171
f 1100 1172 1171
f 1100 1101 1172
f 1101 1173 1172
f 1101 1102 1173
f 1102 1174 1173
f 1102 1103 1174
f 1103 1175 1174
f 1103 1104 1175
f 1104 1176 1175
f 1104 1105 1176
f 1105 1177 1176
f 1105 1106 1177
f 1106 1178 1177
f 1106 1107 1178
f 1107 1179 1178
f 1107 1108 1179
f 1108 1180 1179
f 1108 1109 1180
f 1109 1181 1180
f 1109 1110 1181
f 1110 1182 1181
f 1110 1111 1182
f 1111 1183 1182
f 1111 1112 1183
f 1112 1184 1183
f 1112 1113 1184
f 1113 1185 1184
f 1113 1114 1185
f 1114 1186 1185
f 1114 1115 1186
f 1115 1187 1186
f 1115 1116 1187
f 1116 1188 1187
f 1116 1117 1188
f 1117 1189 1188
f 1117 1118 1189
f 1118 1190 1189
f 1118 1119 1190
f 1119 1191 1190
f 1119 1120 1191
f 1120 1192 1191
f 1120 1121 1192
f 1121 1193 1192
f 1121 1122 1193
f 1122 1194 1193
f 1122 1123 1194
f 1123 1195 1194
f 1123 1124 1195
f 1124 1196 1195
f 1124 1125 1196
f 1125 1197 1196
f 1125 1126 1197
f 1126 1198 1197
f 1126 1127 1198
f 1127 1199 1198
f 1127 1128 1199
f 1128 1200 1199
f 1128 1129 1200
f 1129 1201 1200
f 1129 1130 1201
f 1130 1202 1201
f 1130 1131 1202
f 1131 1203 1202
f 1131 1132 1203
f 1132 1204 1203
f 1132 1133 1204
f 1133 1205 1204
f 1133 1134 1205
f 1134 1206 1205
f 1134 1135 1206
f 1135 1207 1206
f 1135 1136 1207
f 1136 1208 1207
f 1136 1137 1208
f 1137 1209 1208
f 1137 1138 1209
f 1138 1210 1209
f 1138 1139 1210
f 1139 1211 1210
f 1139 1140 1211
f 1140 1212 1211
f 1140 1141 1212
f 1141 1213 1212
f 1141 1142 1213
f 1142 1214 1213
f 1142 1143 1214
f 1143 1215 1214
f 1143 1144 1215
f 1144 1216 1215
f 1144 1145 1216
f 1145 1217 1216
f 1145 1146 1217
f 1146 1218 1217
f 1146 1147 1218
f 1147 1219 1218
f 1147 1148 1219
f 1148 1220 1219
f 1148 1149 1220
f 1149 1221 1220
f 1149 1150 1221
f 1150 1222 1221
f 1150 1151 1222
f 1151 1223 1222
f 1151 1152 1223
f 1152 1224 1223
f 1152 1081 1224
f 1081 1153 1224
f 1153 1154 1225
f 1154 1226 1225
f 1154 1155 1226
f 1155 1227 1226
f 1155 1156 1227
f 1156 1228 1227
f 1156 1157 1228
f 1157 1229 1228
f 1157 1158 1229
f 1158 1230 1229
f 1158 1159 1230
f 1159 1231 1230
f 1159 1160 1231
f 1160 1232 1231
f 1160 1161 1232
f 1161 1233 1232
f 1161 1162 1233
f 1162 1234 1233
f 1162 1163 1234
f 1163 1235 1234
f 1163 1164 1235
f 1164 1236 1235
f 1164 1165 1236
f 1165 1237 1236
f 1165 1166 1237
f 1166 1238 1237
f 1166 1167 1238
f 1167 1239 1238
f 1167 1168 1239
f 1168 1240 1239
f 1168 1169 1240
f 1169 1241 1240
f 1169 1170 1241
f 1170 1242 1241
f 1170 1171 1242
f 1171 1243 1242
f 1171 1172 1243
f 1172 1244 1243
f 1172 1173 1244
f 1173 1245 1244
f 1173 1174 1245
f 1174 1246 1245
f 1174 1175 1246
f 1175 1247 1246
f 1175 1176 1247
f 1176 1248 1247
f 1176 1177 1248
f 1177 1249 1248
f 1177 1178 1249
f 1178 1250 1249
f 1178 1179 1250
f 1179 1251 1250
f 1179 1180 1251
f 1180 1252 1251
f 1180 1181 1252
f 1181 1253 1252
f 1181 1182 1253
f 1182 1254 1253
f 1182 1183 1254
f 1183 1255 1254
f 1183 1184 1255
f 1184 1256 1255
f 1184 1185 1256
f 1185 1257 1256
f 1185 1186 1257
f 1186 1258 1257
f 1186 1187 1258
f 1187 1259 1258
f 1187 1188 1259
f 1188 1260 1259
f 1188 1189 1260
f 1189 1261 1260
f 1189 1190 1261
f 1190 1262 1261
f 1190 1191 1262
f 1191 1263 1262
f 1191 1192 1263
f 1192 1264 1263
f 1192 1193 1264
f 1193 1265 1264
f 1193 1194 1265
f 1194 1266 1265
f 1194 1195 1266
f 1195 1267 1266
f 1195 1196 1267
f 1196 1268 1267
f 1196 1197 1268
f 1197 1269 1268
f 1197 1198 1269
f 1198 1270 1269
f 1198 1199 1270
f 1199 1271 1270
f 1199 1200 1271
f 1200 1272 1271
f 1200 1201 1272
f 1201 1273 1272
f 1201 1202 1273
f 1202 1274 1273
f 1202 1203 1274
f 1203 1275 1274
f 1203 1204 1275
f 1204 1276 1275
f 1204 1205 1276
f 1205 1277 1276
f 1205 1206 1277
f 1206 1278 1277
f 1206 1207 1278
f 1207 1279 1278
f 1207 1208 1279
f 1208 1280 1279
f 1208 1209 1280
f 1209 1281 1280
f 1209 1210 1281
f 1210 1282 1281
f 1210 1211 1282
f 1211 1283 1282
f 1211 1212 1283
f 1212 1284 1283
f 1212 1213 1284
f 1213 1285 1284
f 1213 1214 1285
f 1214 1286 1285
f 1214 1215 1286
f 1215 1287 1286
f 1215 1216 1287
f 1216 1288 1287
f 1216 1217 1288
f 1217 1289 1288
f 1217 1218 1289
f 1218 1290 1289
f 1218 1219 1290
f 1219 1291 1290
f 1219 1220 1291
f 1220 1292 1291
f 1220 1221 1292
f 1221 1293 1292
f 1221 1222 1293
f 1222 1294 1293
f 1222 1223 1294
f 1223 1295 1294
f 1223 1224 1295
f 1224 1296 1295
f 1224 1153 1296
f 1153 1225 1296
f 1225 1226 1297
f 1226 1298 1297
f 1226 1227 1298
f 1227 1299 1298
f 1227 1228 1299
f 1228 1300 1299
f 1228 1229 1300
f 1229 1301 1300
f 1229 1230 1301
f 1230 1302 1301
f 1230 1231 1302
f 1231 1303 1302
f 1231 1232 1303
f 1232 1304 1303
f 1232 1233 1304
f 1233 1305 1304
f 1233 1234 1305
f 1234 1306 1305
f 1234 1235 1306
f 1235 1307 1306
f 1235 1236 1307
f 1236 1308 1307
f 1236 1237 1308
f 1237 1309 1308
f 1237 1238 1309
f 1238 1310 1309
f 1238 1239 1310
f 1239 1311 1310
f 1239 1240 1311
f 1240 1312 1311
f 1240 1241 1312
f 1241 1313 1312
f 1241 1242 1313
f 1242 1314 1313
f 1242 1243 1314
f 1243 1315 1314
f 1243 1244 1315
f 1244 1316 1315
f 1244 1245 1316
f 1245 1317 1316
f 1245 1246 1317
f 1246 1318 1317
f 1246 1247 1318
f 1247 1319 1318
f 1247 1248 1319
f 1248 1320 1319
f 1248 1249 1320
f 1249 1321 1320
f 1249 1250 1321
f 1250 1322 1321
f 1250 1251 1322
f 1251 1323 1322
f 1251 1252 1323
f 1252 1324 1323
f 1252 1253 1324
f 1253 1325 1324
f 1253 1254 1325
f 1254 1326 1325
f 1254 1255 1326
f 1255 1327 1326
f 1255 1256 1327
f 1256 1328 1327
f 1256 1257 1328
f 1257 1329 1328
f 1257 1258 1329
f 1258 1330 1329
f 1258 1259 1330
f 1259 1331 1330
f 1259 1260 1331
f 1260 1332 1331
f 1260 1261 1332
f 1261 1333 1332
f 1261 1262 1333
f 1262 1334 1333
f 1262 1263 1334
f 1263 1335 1334
f 1263 1264 1335
f 1264 1336 1335
f 1264 1265 1336
f 1265 1337 1336
f 1265 1266 1337
f 1266 1338 1337
f 1266 1267 1338
f 1267 1339 1338
f 1267 1268 1339
f 1268 1340 1339
f 1268 1269 1340
f 1269 1341 1340
f 1269 1270 1341
f 1270 1342 1341
f 1270 1271 1342
f 1271 1343 1342
f 1271 1272 1343
f 1272 1344 1343
f 1272 1273 1344
f 1273 1345 1344
f 1273 1274 1345
f 1274 1346 1345
f 1274 1275 1346
f 1275 1347 1346
f 1275 1276 1347
f 1276 1348 1347
f 1276 1277 1348
f 1277 1349 1348
f 1277 1278 1349
f 1278 1350 1349
f 1278 1279 1350
f 1279 1351 1350
f 1279 1280 1351
f 1280 1352 1351
f 1280 1281 1352
f 1281 1353 1352
f 1281 1282 1353
f 1282 1354 1353
f 1282 1283 1354
f 1283 1355 1354
f 1283 1284 1355
f 1284 1356 1355
f 1284 1285 1356
f 1285 1357 1356
f 1285 1286 1357
f 1286 1358 1357
f 1286 1287 1358
f 1287 1359 1358
f 1287 1288 1359
f 1288 1360 1359
f 1288 1289 1360
f 1289 1361 1360
f 1289 1290 1361
f 1290 1362 1361
f 1290 1291 1362
f 1291 1363 1362
f 1291 1292 1363
f 1292 1364 1363
f 1292 1293 1364
f 1293 1365 1364
f 1293 1294 1365
f 1294 1366 1365
f 1294 1295 1366
f 1295 1367 1366
f 1295 1296 1367
f 1296 1368 1367
f 1296 1225 1368
f 1225 1297 1368
f 1297 1298 1369
f 1298 1370 1369
f 1298 1299 1370
f 1299 1371 1370
f 1299 1300 1371
f 1300 1372 1371
f 1300 1301 1372
f 1301 1373 1372
f 1301 1302 1373
f 1302 1374 1373
f 1302 1303 1374
f 1303 1375 1374
f 1303 1304 1375
f 1304 1376 1375
f 1304 1305 1376
f 1305 1377 1376
f 1305 1306 1377
f 1306 1378 1377
f 1306 1307 1378
f 1307 1379 1378
f 1307 1308 1379
f 1308 1380 1379
f 1308 1309 1380
f 1309 1381 1380
f 1309 1310 1381
f 1310 1382 1381
f 1310 1311 1382
f 1311 1383 1382
f 1311 1312 1383
f 1312 1384 1383
f 1312 1313 1384
f 1313 1385 1384
f 1313 1314 1385
f 1314 1386 1385
f 1314 1315 1386
f 1315 1387 1386
f 1315 1316 1387
f 1316 1388 1387
f 1316 1317 1388
f 1317 1389 1388
f 1317 1318 1389
f 1318 1390 1389
f 1318 1319 1390
f 1319 1391 1390
f 1319 1320 1391
f 1320 1392 1391
f 1320 1321 1392
f 1321 1393 1392
f 1321 1322 1393
f 1322 1394 1393
f 1322 1323 1394
f 1323 1395 1394
f 1323 1324 1395
f 1324 1396 1395
f 1324 1325 1396
f 1325 1397 1396
f 1325 1326 1397
f 1326 1398 1397
f 1326 1327 1398
f 1327 1399 1398
f 1327 1328 1399
f 1328 1400 1399
f 1328 1329 1400
f 1329 1401 1400
f 1329 1330 1401
f 1330 1402 1401
f 1330 1331 1402
f 1331 1403 1402
f 1331 1332 1403
f 1332 1404 1403
f 1332 1333 1404
f 1333 1405 1404
f 1333 1334 1405
f 1334 1406 1405
f 1334 1335 1406
f 1335 1407 1406
f 1335 1336 1407
f 1336 1408 1407
f 1336 1337 1408
f 1337 1409 1408
f 1337 1338 1409
f 1338 1410 1409
f 1338 1339 1410
f 1339 1411 1410
f 1339 1340 1411
f 1340 1412 1411
f 1340 1341 1412
f 1341 1413 1412
f 1341 1342 1413
f 1342 1414 1413
f 1342 1343 1414
f 1343 1415 1414
f 1343 1344 1415
f 1344 1416 1415
f 1344 1345 1416
f 1345 1417 1416
f 1345 1346 1417
f 1346 1418 1417
f 1346 1347 1418
f 1347 1419 1418
f 1347 1348 1419
f 1348 1420 1419
f 1348 1349 1420
f 1349 1421 1420
f 1349 1350 1421
f 1350 1422 1421
f 1350 1351 1422
f 1351 1423 1422
f 1351 1352 1423
f 1352 1424 1423
f 1352 1353 1424
f 1353 1425 1424
f 1353 1354 1425
f 1354 1426 1425
f 1354 1355 1426
f 1355 1427 1426
f 1355 1356 1427
f 1356 1428 1427
f 1356 1357 1428
f 1357 1429 1428
f 1357 1358 1429
f 1358 1430 1429
f 1358 1359 1430
f 1359 1431 1430
f 1359 1360 1431
f 1360 1432 1431
f 1360 1361 1432
f 1361 1433 1432
f 1361 1362 1433
f 1362 1434 1433
f 1362 1363 1434
f 1363 1435 1434
f 1363 1364 1435
f 1364 1436 1435
f 1364 1365 1436
f 1365 1437 1436
f 1365 1366 1437
f 1366 1438 1437
f 1366 1367 1438
f 1367 1439 1438
f 1367 1368 1439
f 1368 1440 1439
f 1368 1297 1440
f 1297 1369 1440
f 1369 1370 1441
f 1370 1442 1441
f 1370 1371 1442
f 1371 1443 1442
f 1371 1372 1443
f 1372 1444 1443
f 1372 1373 1444
f 1373 1445 1444
f 1373 1374 1445
f 1374 1446 1445
f 1374 1375 1446
f 1375 1447 1446
f 1375 1376 1447
f 1376 1448 1447
f 1376 1377 1448
f 1377 1449 1448
f 1377 1378 1449
f 1378 1450 1449
f 1378 1379 1450
f 1379 1451 1450
f 1379 1380 1451
f 1380 1452 1451
f 1380 1381 1452
f 1381 1453 1452
f 1381 1382 1453
f 1382 1454 1453
f 1382 1383 1454
f 1383 1455 1454
f 1383 1384 1455
f 1384 1456 1455
f 1384 1385 1456
f 1385 1457 1456
f 1385 1386 1457
f 1386 1458 1457
f 1386 1387 1458
f 1387 1459 1458
f 1387 1388 1459
f 1388 1460 1459
f 1388 1389 1460
f 1389 1461 1460
f 1389 1390 1461
f 1390 1462 1461
f 1390 1391 1462
f 1391 1463 1462
f 1391 1392 1463
f 1392 1464 1463
f 1392 1393 1464
f 1393 1465 1464
f 1393 1394 1465
f 1394 1466 1465
f 1394 1395 1466
f 1395 1467 1466
f 1395 1396 1467
f 1396 1468 1467
f 1396 1397 1468
f 1397 1469 1468
f 1397 1398 1469
f 1398 1470 1469
f 1398 1399 1470
f 1399 1471 1470
f 1399 1400 1471
f 1400 1472 1471
f 1400 1401 1472
f 1401 1473 1472
f 1401 1402 1473
f 1402 1474 1473
f 1402 1403 1474
f 1403 1475 1474
f 1403 1404 1475
f 1404 1476 1475
f 1404 1405 1476
f 1405 1477 1476
f 1405 1406 1477
f 1406 1478 1477
f 1406 1407 1478
f 1407 1479 1478
f 1407 1408 1479
f 1408 1480 1479
f 1408 1409 1480
f 1409 1481 1480
f 1409 1410 1481
f 1410 1482 1481
f 1410 1411 1482
f 1411 1483 1482
f 1411 1412 1483
f 1412 1484 1483
f 1412 1413 1484
f 1413 1485 1484
f 1413 1414 1485
f 1414 1486 1485
f 1414 1415 1486
f 1415 1487 1486
f 1415 1416 1487
f 1416 1488 1487
f 1416 1417 1488
f 1417 1489 1488
f 1417 1418 1489
f 1418 1490 1489
f 1418 1419 1490
f 1419 1491 1490
f 1419 1420 1491
f 1420 1492 1491
f 1420 1421 1492
f 1421 1493 1492
f 1421 1422 1493
f 1422 1494 1493
f 1422 1423 1494
f 1423 1495 1494
f 1423 1424 1495
f 1424 1496 1495
f 1424 1425 1496
f 1425 1497 1496
f 1425 1426 1497
f 1426 1498 1497
f 1426 1427 1498
f 1427 1499 1498
f 1427 1428 1499
f 1428 1500 1499
f 1428 1429 1500
f 1429 1501 1500
f 1429 1430 1501
f 1430 1502 1501
f 1430 1431 1502
f 1431 1503 1502
f 1431 1432 1503
f 1432 1504 1503
f 1432 1433 1504
f 1433 1505 1504
f 1433 1434 1505
f 1434 1506 1505
f 1434 1435 1506
f 1435 1507 1506
f 1435 1436 1507
f 1436 1508 1507
f 1436 1437 1508
f 1437 1509 1508
f 1437 1438 1509
f 1438 1510 1509
f 1438 1439 1510
f 1439 1511 1510
f 1439 1440 1511
f 1440 1512 1511
f 1440 1369 1512
f 1369 1441 1512
f 1441 1442 1513
f 1442 1514 1513
f 1442 1443 1514
f 1443 1515 1514
f 1443 1444 1515
f 1444 1516 1515
f 1444 1445 1516
f 1445 1517 1516
f 1445 1446 1517
f 1446 1518 1517
f 1446 1447 1518
f 1447 1519 1518
f 1447 1448 1519
f 1448 1520 1519
f 1448 1449 1520
f 1449 1521 1520
f 1449 1450 1521
f 1450 1522 1521
f 1450 1451 1522
f 1451 1523 1522
f 1451 1452 1523
f 1452 1524 1523
f 1452 1453 1524
f 1453 1525 1524
f 1453 1454 1525
f 1454 1526 1525
f 1454 1455 1526
f 1455 1527 1526
f 1455 1456 1527
f 1456 1528 1527
f 1456 1457 1528
f 1457 1529 1528
f 1457 1458 1529
f 1458 1530 1529
f 1458 1459 1530
f 1459 1531 1530
f 1459 1460 1531
f 1460 1532 1531
f 1460 1461 1532
f 1461 1533 1532
f 1461 1462 1533
f 1462 1534 1533
f 1462 1463 1534
f 1463 1535 1534
f 1463 1464 1535
f 1464 1536 1535
f 1464 1465 1536
f 1465 1537 1536
f 1465 1466 1537
f 1466 1538 1537
f 1466 1467 1538
f 1467 1539 1538
f 1467 1468 1539
f 1468 1540 1539
f 1468 1469 1540
f 1469 1541 1540
f 1469 1470 1541
f 1470 1542 1541
f 1470 1471 1542
f 1471 1543 1542
f 1471 1472 1543
f 1472 1544 1543
f 1472 1473 1544
f 1473 1545 1544
f 1473 1474 1545
f 1474 1546 1545
f 1474 1475 1546
f 1475 1547 1546
f 1475 1476 1547
f 1476 1548 1547
f 1476 1477 1548
f 1477 1549 1548
f 1477 1478 1549
f 1478 1550 1549
f 1478 1479 1550
f 1479 1551 1550
f 1479 1480 1551
f 1480 1552 1551
f 1480 1481 1552
f 1481 1553 1552
f 1481 1482 1553
f 1482 1554 1553
f 1482 1483 1554
f 1483 1555 1554
f 1483 1484 1555
f 1484 1556 1555
f 1484 1485 1556
f 1485 1557 1556
f 1485 1486 1557
f 1486 1558 1557
f 1486 1487 1558
f 1487 1559 1558
f 1487 1488 1559
f 1488 1560 1559
f 1488 1489 1560
f 1489 1561 1560
f 1489 1490 1561
f 1490 1562 1561
f 1490 1491 1562
f 1491 1563 1562
f 1491 1492 1563
f 1492 1564 1563
f 1492 1493 1564
f 1493 1565 1564
f 1493 1494 1565
f 1494 1566 1565
f 1494 1495 1566
f 1495 1567 1566
f 1495 1496 1567
f 1496 1568 1567
f 1496 1497 1568
f 1497 1569 1568
f 1497 1498 1569
f 1498 1570 1569
f 1498 1499 1570
f 1499 1571 1570
f 1499 1500 1571
f 1500 1572 1571
f 1500 1501 1572
f 1501 1573 1572
f 1501 1502 1573
f 1502 1574 1573
f 1502 1503 1574
f 1503 1575 1574
f 1503 1504 1575
f 1504 1576 1575
f 1504 1505 1576
f 1505 1577 1576
f 1505 1506 1577
f 1506 1578 1577
f 1506 1507 1578
f 1507 1579 1578
f 1507 1508 1579
f 1508 1580 1579
f 1508 1509 1580
f 1509 1581 1580
f 1509 1510 1581
f 1510 1582 1581
f 1510 1511 1582
f 1511 1583 1582
f 1511 1512 1583
f 1512 1584 1583
f 1512 1441 1584
f 1441 1513 1584
f 1513 1514 1585
f 1514 1586 1585
f 1514 1515 1586
f 1515 1587 1586
f 1515 1516 1587
f 1516 1588 1587
f 1516 1517 1588
f 1517 1589 1588
f 1517 1518 1589
f 1518 1590 1589
f 1518 1519 1590
f 1519 1591 1590
f 1519 1520 1591
f 1520 1592 1591
f 1520 1521 1592
f 1521 1593 1592
f 1521 1522 1593
f 1522 1594 1593
f 1522 1523 1594
f 1523 1595 1594
f 1523 1524 1595
f 1524 1596 1595
f 1524 1525 1596
f 1525 1597 1596
f 1525 1526 1597
f 1526 1598 1597
f 1526 1527 1598
f 1527 1599 1598
f 1527 1528 1599
f 1528 1600 1599
f 1528 1529 1600
f 1529 1601 1600
f 1529 1530 1601
f 1530 1602 1601
f 1530 1531 1602
f 1531 1603 1602
f 1531 1532 1603
f 1532 1604 1603
f 1532 1533 1604
f 1533 1605 1604
f 1533 1534 1605
f 1534 1606 1605
f 1534 1535 1606
f 1535 1607 1606
f 1535 1536 1607
f 1536 1608 1607
f 1536 1537 1608
f 1537 1609 1608
f 1537 1538 1609
f 1538 1610 1609
f 1538 1539 1610
f 1539 1611 1610
f 1539 1540 1611
f 1540 1612 1611
f 1540 1541 1612
f 1541 1613 1612
f 1541 1542 1613
f 1542 1614 1613
f 1542 1543 1614
f 1543 1615 1614
f 1543 1544 1615
f 1544 1616 1615
f 1544 1545 1616
f 1545 1617 1616
f 1545 1546 1617
f 1546 1618 1617
f 1546 1547 1618
f 1547 1619 1618
f 1547 1548 1619
f 1548 1620 1619
f 1548 1549 1620
f 1549 1621 1620
f 1549 1550 1621
f 1550 1622 1621
f 1550 1551 1622
f 1551 1623 1622
f 1551 1552 1623
f 1552 1624 1623
f 1552 1553 1624
f 1553 1625 1624
f 1553 1554 1625
f 1554 1626 1625
f 1554 1555 1626
f 1555 1627 1626
f 1555 1556 1627
f 1556 1628 1627
f 1556 1557 1628
f 1557 1629 1628
f 1557 1558 1629
f 1558 1630 1629
f 1558 1559 1630
f 1559 1631 1630
f 1559 1560 1631
f 1560 1632 1631
f 1560 1561 1632
f 1561 1633 1632
f 1561 1562 1633
f 1562 1634 1633
f 1562 1563 1634
f 1563 1635 1634
f 1563 1564 1635
f 1564 1636 1635
f 1564 1565 1636
f 1565 1637 1636
f 1565 1566 1637
f 1566 1638 1637
f 1566 1567 1638
f 1567 1639 1638
f 1567 1568 1639
f 1568 1640 1639
f 1568 1569 1640
f 1569 1641 1640
f 1569 1570 1641
f 1570 1642 1641
f 1570 1571 1642
f 1571 1643 1642
f 1571 1572 1643
f 1572 1644 1643
f 1572 1573 1644
f 1573 1645 1644
f 1573 1574 1645
f 1574 1646 1645
f 1574 1575 1646
f 1575 1647 1646
f 1575 1576 1647
f 1576 1648 1647
f 1576 1577 1648
f 1577 1649 1648
f 1577 1578 1649
f 1578 1650 1649
f 1578 1579 1650
f 1579 1651 1650
f 1579 1580 1651
f 1580 1652 1651
f 1580 1581 1652
f 1581 1653 1652
f 1581 1582 1653
f 1582 1654 1653
f 1582 1583 1654
f 1583 1655 1654
f 1583 1584 1655
f 1584 1656 1655
f 1584 1513 1656
f 1513 1585 1656
f 1585 1586 1657
f 1586 1658 1657
f 1586 1587 1658
f 1587 1659 1658
f 1587 1588 1659
f 1588 1660 1659
f 1588 1589 1660
f 1589 1661 1660
f 1589 1590 1661
f 1590 1662 1661
f 1590 1591 1662
f 1591 1663 1662
f 1591 1592 1663
f 1592 1664 1663
f 1592 1593 1664
f 1593 1665 1664
f 1593 1594 1665
f 1594 1666 1665
f 1594 1595 1666
f 1595 1667 1666
f 1595 1596 1667
f 1596 1668 1667
f 1596 1597 1668
f 1597 1669 1668
f 1597 1598 1669
f 1598 1670 1669
f 1598 1599 1670
f 1599 1671 1670
f 1599 1600 1671
f 1600 1672 1671
f 1600 1601 1672
f 1601 1673 1672
f 1601 1602 1673
f 1602 1674 1673
f 1602 1603 1674
f 1603 1675 1674
f 1603 1604 1675
f 1604 1676 1675
f 1604 1605 1676
f 1605 1677 1676
f 1605 1606 1677
f 1606 1678 1677
f 1606 1607 1678
f 1607 1679 1678
f 1607 1608 1679
f 1608 1680 1679
f 1608 1609 1680
f 1609 1681 1680
f 1609 1610 1681
f 1610 1682 1681
f 1610 1611 1682
f 1611 1683 1682
f 1611 1612 1683
f 1612 1684 1683
f 1612 1613 1684
f 1613 1685 1684
f 1613 1614 1685
f 1614 1686 1685
f 1614 1615 1686
f 1615 1687 1686
f 1615 1616 1687
f 1616 1688 1687
f 1616 1617 1688
f 1617 1689 1688
f 1617 1618 1689
f 1618 1690 1689
f 1618 1619 1690
f 1619 1691 1690
f 1619 1620 1691
f 1620 1692 1691
f 1620 1621 1692
f 1621 1693 1692
f 1621 1622 1693
f 1622 1694 1693
f 1622 1623 1694
f 1623 1695 1694
f 1623 1624 1695
f 1624 1696 1695
f 1624 1625 1696
f 1625 1697 1696
f 1625 1626 1697
f 1626 1698 1697
f 1626 1627 1698
f 1627 1699 1698
f 1627 1628 1699
f 1628 1700 1699
f 1628 1629 1700
f 1629 1701 1700
f 1629 1630 1701
f 1630 1702 1701
f 1630 1631 1702
f 1631 1703 1702
f 1631 1632 1703
f 1632 1704 1703
f 1632 1633 1704
f 1633 1705 1704
f 1633 1634 1705
f 1634 1706 1705
f 1634 1635 1706
f 1635 1707 1706
f 1635 1636 1707
f 1636 1708 1707
f 1636 1637 1708
f 1637 1709 1708
f 1637 1638 1709
f 1638 1710 1709
f 1638 1639 1710
f 1639 1711 1710
f 1639 1640 1711
f 1640 1712 1711
f 1640 1641 1712
f 1641 1713 1712
f 1641 1642 1713
f 1642 1714 1713
f 1642 1643 1714
f 1643 1715 1714
f 1643 1644 1715
f 1644 1716 1715
f 1644 1645 1716
f 1645 1717 1716
f 1645 1646 1717
f 1646 1718 1717
f 1646 1647 1718
f 1647 1719 1718
f 1647 1648 1719
f 1648 1720 1719
f 1648 1649 1720
f 1649 1721 1720
f 1649 1650 1721
f 1650 1722 1721
f 1650 1651 1722
f 1651 1723 1722
f 1651 1652 1723
f 1652 1724 1723
f 1652 1653 1724
f 1653 1725 1724
f 1653 1654 1725
f 1654 1726 1725
f 1654 1655 1726
f 1655 1727 1726
f 1655 1656 1727
f 1656 1728 1727
f 1656 1585 1728
f 1585 1657 1728
f 1657 1658 1729
f 1658 1730 1729
f 1658 1659 1730
f 1659 1731 1730
f 1659 1660 1731
f 1660 1732 1731
f 1660 1661 1732
f 1661 1733 1732
f 1661 1662 1733
f 1662 1734 1733
f 1662 1663 1734
f 1663 1735 1734
f 1663 1664 1735
f 1664 1736 1735
f 1664 1665 1736
f 1665 1737 1736
f 1665 1666 1737
f 1666 1738 1737
f 1666 1667 1738
f 1667 1739 1738
f 1667 1668 1739
f 1668 1740 1739
f 1668 1669 1740
f 1669 1741 1740
f 1669 1670 1741
f 1670 1742 1741
f 1670 1671 1742
f 1671 1743 1742
f 1671 1672 1743
f 1672 1744 1743
f 1672 1673 1744
f 1673 1745 1744
f 1673 1674 1745
f 1674 1746 1745
f 1674 1675 1746
f 1675 1747 1746
f 1675 1676 1747
f 1676 1748 1747
f 1676 1677 1748
f 1677 1749 1748
f 1677 1678 1749
f 1678 1750 1749
f 1678 1679 1750
f 1679 1751 1750
f 1679 1680 1751
f 1680 1752 1751
f 1680 1681 1752
f 1681 1753 1752
f 1681 1682 1753
f 1682 1754 1753
f 1682 1683 1754
f 1683 1755 1754
f 1683 1684 1755
f 1684 1756 1755
f 1684 1685 1756
f 1685 1757 1756
f 1685 1686 1757
f 1686 1758 1757
f 1686 1687 1758
f 1687 1759 1758
f 1687 1688 1759
f 1688 1760 1759
f 1688 1689 1760
f 1689 1761 1760
f 1689 1690 1761
f 1690 1762 1761
f 1690 1691 1762
f 1691 1763 1762
f 1691 1692 1763
f 1692 1764 1763
f 1692 1693 1764
f 1693 1765 1764
f 1693 1694 1765
f 1694 1766 1765
f 1694 1695 1766
f 1695 1767 1766
f 1695 1696 1767
f 1696 1768 1767
f 1696 1697 1768
f 1697 1769 1768
f 1697 1698 1769
f 1698 1770 1769
f 1698 1699 1770
f 1699 1771 1770
f 1699 1700 1771
f 1700 1772 1771
f 1700 1701 1772
f 1701 1773 1772
f 1701 1702 1773
f 1702 1774 1773
f 1702 1703 1774
f 1703 1775 1774
f 1703 1704 1775
f 1704 1776 1775
f 1704 1705 1776
f 1705 1777 1776
f 1705 1706 1777
f 1706 1778 1777
f 1706 1707 1778
f 1707 1779 1778
f 1707 1708 1779
f 1708 1780 1779
f 1708 1709 1780
f 1709 1781 1780
f 1709 1710 1781
f 1710 1782 1781
f 1710 1711 1782
f 1711 1783 1782
f 1711 1712 1783
f 1712 1784 1783
f 1712 1713 1784
f 1713 1785 1784
f 1713 1714 1785
f 1714 1786 1785
f 1714 1715 1786
f 1715 1787 1786
f 1715 1716 1787
f 1716 1788 1787
f 1716 1717 1788
f 1717 1789 1788
f 1717 1718 1789
f 1718 1790 1789
f 1718 1719 1790
f 1719 1791 1790
f 1719 1720 1791
f 1720 1792 1791
f 1720 1721 1792
f 1721 1793 1792
f 1721 1722 1793
f 1722 1794 1793
f 1722 1723 1794
f 1723 1795 1794
f 1723 1724 1795
f 1724 1796 1795
f 1724 1725 1796
f 1725 1797 1796
f 1725 1726 1797
f 1726 1798 1797
f 1726 1727 1798
f 1727 1799 1798
f 1727 1728 1799
f 1728 1800 1799
f 1728 1657 1800
f 1657 1729 1800
f 1729 1730 1801
f 1730 1802 1801
f 1730 1731 1802
f 1731 1803 1802
f 1731 1732 1803
f 1732 1804 1803
f 1732 1733 1804
f 1733 1805 1804
f 1733 1734 1805
f 1734 1806 1805
f 1734 1735 1806
f 1735 1807 1806
f 1735 1736 1807
f 1736 1808 1807
f 1736 1737 1808
f 1737 1809 1808
f 1737 1738 1809
f 1738 1810 1809
f 1738 1739 1810
f 1739 1811 1810
f 1739 1740 1811
f 1740 1812 1811
f 1740 1741 1812
f 1741 1813 1812
f 1741 1742 1813
f 1742 1814 1813
f 1742 1743 1814
f 1743 1815 1814
f 1743 1744 1815
f 1744 1816 1815
f 1744 1745 1816
f 1745 1817 1816
f 1745 1746 1817
f 1746 1818 1817
f 1746 1747 1818
f 1747 1819 1818
f 1747 1748 1819
f 1748 1820 1819
f 1748 1749 1820
f 1749 1821 1820
f 1749 1750 1821
f 1750 1822 1821
f 1750 1751 1822
f 1751 1823 1822
f 1751 1752 1823
f 1752 1824 1823
f 1752 1753 1824
f 1753 1825 1824
f 1753 1754 1825
f 1754 1826 1825
f 1754 1755 1826
f 1755 1827 1826
f 1755 1756 1827
f 1756 1828 1827
f 1756 1757 1828
f 1757 1829 1828
f 1757 1758 1829
f 1758 1830 1829
f 1758 1759 1830
f 1759 1831 1830
f 1759 1760 1831
f 1760 1832 1831
f 1760 1761 1832
f 1761 1833 1832
f 1761 1762 1833
f 1762 1834 1833
f 1762 1763 1834
f 1763 1835 1834
f 1763 1764 1835
f 1764 1836 1835
f 1764 1765 1836
f 1765 1837 1836
f 1765 1766 1837
f 1766 1838 1837
f 1766 1767 1838
f 1767 1839 1838
f 1767 1768 1839
f 1768 1840 1839
f 1768 1769 1840
f 1769 1841 1840
f 1769 1770 1841
f 1770 1842 1841
f 1770 1771 1842
f 1771 1843 1842
f 1771 1772 1843
f 1772 1844 1843
f 1772 1773 1844
f 1773 1845 1844
f 1773 1774 1845
f 1774 1846 1845
f 1774 1775 1846
f 1775 1847 1846
f 1775 1776 1847
f 1776 1848 1847
f 1776 1777 1848
f 1777 1849 1848
f 1777 1778 1849
f 1778 1850 1849
f 1778 1779 1850
f 1779 1851 1850
f 1779 1780 1851
f 1780 1852 1851
f 1780 1781 1852
f 1781 1853 1852
f 1781 1782 1853
f 1782 1854 1853
f 1782 1783 1854
f 1783 1855 1854
f 1783 1784 1855
f 1784 1856 1855
f 1784 1785 1856
f 1785 1857 1856
f 1785 1786 1857
f 1786 1858 1857
f 1786 1787 1858
f 1787 1859 1858
f 1787 1788 1859
f 1788 1860 1859
f 1788 1789 1860
f 1789 1861 1860
f 1789 1790 1861
f 1790 1862 1861
f 1790 1791 1862
f 1791 1863 1862
f 1791 1792 1863
f 1792 1864 1863
f 1792 1793 1864
f 1793 1865 1864
f 1793 1794 1865
f 1794 1866 1865
f 1794 1795 1866
f 1795 1867 1866
f 1795 1796 1867
f 1796 1868 1867
f 1796 1797 1868
f 1797 1869 1868
f 1797 1798 1869
f 1798 1870 1869
f 1798 1799 1870
f 1799 1871 1870
f 1799 1800 1871
f 1800 1872 1871
f 1800 1729 1872
f 1729 1801 1872
f 1801 1802 1873
f 1802 1874 1873
f 1802 1803 1874
f 1803 1875 1874
f 1803 1804 1875
f 1804 1876 1875
f 1804 1805 1876
f 1805 1877 1876
f 1805 1806 1877
f 1806 1878 1877
f 1806 1807 1878
f 1807 1879 1878
f 1807 1808 1879
f 1808 1880 1879
f 1808 1809 1880
f 1809 1881 1880
f 1809 1810 1881
f 1810 1882 1881
f 1810 1811 1882
f 1811 1883 1882
f 1811 1812 1883
f 1812 1884 1883
f 1812 1813 1884
f 1813 1885 1884
f 1813 1814 1885
f 1814 1886 1885
f 1814 1815 1886
f 1815 1887 1886
f 1815 1816 1887
f 1816 1888 1887
f 1816 1817 1888
f 1817 1889 1888
f 1817 1818 1889
f 1818 1890 1889
f 1818 1819 1890
f 1819 1891 1890
f 1819 1820 1891
f 1820 1892 1891
f 1820 1821 1892
f 1821 1893 1892
f 1821 1822 1893
f 1822 1894 1893
f 1822 1823 1894
f 1823 1895 1894
f 1823 1824 1895
f 1824 1896 1895
f 1824 1825 1896
f 1825 1897 1896
f 1825 1826 1897
f 1826 1898 1897
f 1826 1827 1898
f 1827 1899 1898
f 1827 1828 1899
f 1828 1900 1899
f 1828 1829 1900
f 1829 1901 1900
f 1829 1830 1901
f 1830 1902 1901
f 1830 1831 1902
f 1831 1903 1902
f 1831 1832 1903
f 1832 1904 1903
f 1832 1833 1904
f 1833 1905 1904
f 1833 1834 1905
f 1834 1906 1905
f 1834 1835 1906
f 1835 1907 1906
f 1835 1836 1907
f 1836 1908 1907
f 1836 1837 1908
f 1837 1909 1908
f 1837 1838 1909
f 1838 1910 1909
f 1838 1839 1910
f 1839 1911 1910
f 1839 1840 1911
f 1840 1912 1911
f 1840 1841 1912
f 1841 1913 1912
f 1841 1842 1913
f 1842 1914 1913
f 1842 1843 1914
f 1843 1915 1914
f 1843 1844 1915
f 1844 1916 1915
f 1844 1845 1916
f 1845 1917 1916
f 1845 1846 1917
f 1846 1918 1917
f 1846 1847 1918
f 1847 1919 1918
f 1847 1848 1919
f 1848 1920 1919
f 1848 1849 1920
f 1849 1921 1920
f 1849 1850 1921
f 1850 1922 1921
f 1850 1851 1922
f 1851 1923 1922
f 1851 1852 1923
f 1852 1924 1923
f 1852 1853 1924
f 1853 1925 1924
f 1853 1854 1925
f 1854 1926 1925
f 1854 1855 1926
f 1855 1927 1926
f 1855 1856 1927
f 1856 1928 1927
f 1856 1857 1928
f 1857 1929 1928
f 1857 1858 1929
f 1858 1930 1929
f 1858 1859 1930
f 1859 1931 1930
f 1859 1860 1931
f 1860 1932 1931
f 1860 1861 1932
f 1861 1933 1932
f 1861 1862 1933
f 1862 1934 1933
f 1862 1863 1934
f 1863 1935 1934
f 1863 1864 1935
f 1864 1936 1935
f 1864 1865 1936
f 1865 1937 1936
f 1865 1866 1937
f 1866 1938 1937
f 1866 1867 1938
f 1867 1939 1938
f 1867 1868 1939
f 1868 1940 1939
f 1868 1869 1940
f 1869 1941 1940
f 1869 1870 1941
f 1870 1942 1941
f 1870 1871 1942
f 1871 1943 1942
f 1871 1872 1943
f 1872 1944 1943
f 1872 1801 1944
f 1801 1873 1944
f 1873 1874 1945
f 1874 1946 1945
f 1874 1875 1946
f 1875 1947 1946
f 1875 1876 1947
f 1876 1948 1947
f 1876 1877 1948
f 1877 1949 1948
f 1877 1878 1949
f 1878 1950 1949
f 1878 1879 1950
f 1879 1951 1950
f 1879 1880 1951
f 1880 1952 1951
f 1880 1881 1952
f 1881 1953 1952
f 1881 1882 1953
f 1882 1954 1953
f 1882 1883 1954
f 1883 1955 1954
f 1883 1884 1955
f 1884 1956 1955
f 1884 1885 1956
f 1885 1957 1956
f 1885 1886 1957
f 1886 1958 1957
f 1886 1887 1958
f 1887 1959 1958
f 1887 1888 1959
f 1888 1960 1959
f 1888 1889 1960
f 1889 1961 1960
f 1889 1890 1961
f 1890 1962 1961
f 1890 1891 1962
f 1891 1963 1962
f 1891 1892 1963
f 1892 1964 1963
f 1892 1893 1964
f 1893 1965 1964
f 1893 1894 1965
f 1894 1966 1965
f 1894 1895 1966
f 1895 1967 1966
f 1895 1896 1967
f 1896 1968 1967
f 1896 1897 1968
f 1897 1969 1968
f 1897 1898 1969
f 1898 1970 1969
f 1898 1899 1970
f 1899 1971 1970
f 1899 1900 1971
f 1900 1972 1971
f 1900 1901 1972
f 1901 1973 1972
f 1901 1902 1973
f 1902 1974 1973
f 1902 1903 1974
f 1903 1975 1974
f 1903 1904 1975
f 1904 1976 1975
f 1904 1905 1976
f 1905 1977 1976
f 1905 1906 1977
f 1906 1978 1977
f 1906 1907 1978
f 1907 1979 1978
f 1907 1908 1979
f 1908 1980 1979
f 1908 1909 1980
f 1909 1981 1980
f 1909 1910 1981
f 1910 1982 1981
f 1910 1911 1982
f 1911 1983 1982
f 1911 1912 1983
f 1912 1984 1983
f 1912 1913 1984
f 1913 1985 1984
f 1913 1914 1985
f 1914 1986 1985
f 1914 1915 1986
f 1915 1987 1986
f 1915 1916 1987
f 1916 1988 1987
f 1916 1917 1988
f 1917 1989 1988
f 1917 1918 1989
f 1918 1990 1989
f 1918 1919 1990
f 1919 1991 1990
f 1919 1920 1991
f 1920 1992 1991
f 1920 1921 1992
f 1921 1993 1992
f 1921 1922 1993
f 1922 1994 1993
f 1922 1923 1994
f 1923 1995 1994
f 1923 1924 1995
f 1924 1996 1995
f 1924 1925 1996
f 1925 1997 1996
f 1925 1926 1997
f 1926 1998 1997
f 1926 1927 1998
f 1927 1999 1998
f 1927 1928 1999
f 1928 2000 1999
f 1928 1929 2000
f 1929 2001 2000
f 1929 1930 2001
f 1930 2002 2001
f 1930 1931 2002
f 1931 2003 2002
f 1931 1932 2003
f 1932 2004 2003
f 1932 1933 2004
f 1933 2005 2004
f 1933 1934 2005
f 1934 2006 2005
f 1934 1935 2006
f 1935 2007 2006
f 1935 1936 2007
f 1936 2008 2007
f 1936 1937 2008
f 1937 2009 2008
f 1937 1938 2009
f 1938 2010 2009
f 1938 1939 2010
f 1939 2011 2010
f 1939 1940 2011
f 1940 2012 2011
f 1940 1941 2012
f 1941 2013 2012
f 1941 1942 2013
f 1942 2014 2013
f 1942 1943 2014
f 1943 2015 2014
f 1943 1944 2015
f 1944 2016 2015
f 1944 1873 2016
f 1873 1945 2016
f 1945 1946 2017
f 1946 2018 2017
f 1946 1947 2018
f 1947 2019 2018
f 1947 1948 2019
f 1948 2020 2019
f 1948 1949 2020
f 1949 2021 2020
f 1949 1950 2021
f 1950 2022 2021
f 1950 1951 2022
f 1951 2023 2022
f 1951 1952 2023
f 1952 2024 2023
f 1952 1953 2024
f 1953 2025 2024
f 1953 1954 2025
f 1954 2026 2025
f 1954 1955 2026
f 1955 2027 2026
f 1955 1956 2027
f 1956 2028 2027
f 1956 1957 2028
f 1957 2029 2028
f 1957 1958 2029
f 1958 2030 2029
f 1958 1959 2030
f 1959 2031 2030
f 1959 1960 2031
f 1960 2032 2031
f 1960 1961 2032
f 1961 2033 2032
f 1961 1962 2033
f 1962 2034 2033
f 1962 1963 2034
f 1963 2035 2034
f 1963 1964 2035
f 1964 2036 2035
f 1964 1965 2036
f 1965 2037 2036
f 1965 1966 2037
f 1966 2038 2037
f 1966 1967 2038
f 1967 2039 2038
f 1967 1968 2039
f 1968 2040 2039
f 1968 1969 2040
f 1969 2041 2040
f 1969 1970 2041
f 1970 2042 2041
f 1970 1971 2042
f 1971 2043 2042
f 1971 1972 2043
f 1972 2044 2043
f 1972 1973 2044
f 1973 2045 2044
f 1973 1974 2045
f 1974 2046 2045
f 1974 1975 2046
f 1975 2047 2046
f 1975 1976 2047
f 1976 2048 2047
f 1976 1977 2048
f 1977 2049 2048
f 1977 1978 2049
f 1978 2050 2049
f 1978 1979 2050
f 1979 2051 2050
f 1979 1980 2051
f 1980 2052 2051
f 1980 1981 2052
f 1981 2053 2052
f 1981 1982 2053
f 1982 2054 2053
f 1982 1983 2054
f 1983 2055 2054
f 1983 1984 2055
f 1984 2056 2055
f 1984 1985 2056
f 1985 2057 2056
f 1985 1986 2057
f 1986 2058 2057
f 1986 1987 2058
f 1987 2059 2058
f 1987 1988 2059
f 1988 2060 2059
f 1988 1989 2060
f 1989 2061 2060
f 1989 1990 2061
f 1990 2062 2061
f 1990 1991 2062
f 1991 2063 2062
f 1991 1992 2063
f 1992 2064 2063
f 1992 1993 2064
f 1993 2065 2064
f 1993 1994 2065
f 1994 2066 2065
f 1994 1995 2066
f 1995 2067 2066
f 1995 1996 2067
f 1996 2068 2067
f 1996 1997 2068
f 1997 2069 2068
f 1997 1998 2069
f 1998 2070 2069
f 1998 1999 2070
f 1999 2071 2070
f 1999 2000 2071
f 2000 2072 2071
f 2000 2001 2072
f 2001 2073 2072
f 2001 2002 2073
f 2002 2074 2073
f 2002 2003 2074
f 2003 2075 2074
f 2003 2004 2075
f 2004 2076 2075
f 2004 2005 2076
f 2005 2077 2076
f 2005 2006 2077
f 2006 2078 2077
f 2006 2007 2078
f 2007 2079 2078
f 2007 2008 2079
f 2008 2080 2079
f 2008 2009 2080
f 2009 2081 2080
f 2009 2010 2081
f 2010 2082 2081
f 2010 2011 2082
f 2011 2083 2082
f 2011 2012 2083
f 2012 2084 2083
f 2012 2013 2084
f 2013 2085 2084
f 2013 2014 2085
f 2014 2086 2085
f 2014 2015 2086
f 2015 2087 2086
f 2015 2016 2087
f 2016 2088 2087
f 2016 1945 2088
f 1945 2017 2088
f 2017 2018 2089
f 2018 2090 2089
f 2018 2019 2090
f 2019 2091 2090
f 2019 2020 2091
f 2020 2092 2091
f 2020 2021 2092
f 2021 2093 2092
f 2021 2022 2093
f 2022 2094 2093
f 2022 2023 2094
f 2023 2095 2094
f 2023 2024 2095
f 2024 2096 2095
f 2024 2025 2096
f 2025 2097 2096
f 2025 2026 2097
f 2026 2098 2097
f 2026 2027 2098
f 2027 2099 2098
f 2027 2028 2099
f 2028 2100 2099
f 2028 2029 2100
f 2029 2101 2100
f 2029 2030 2101
f 2030 2102 2101
f 2030 2031 2102
f 2031 2103 2102
f 2031 2032 2103
f 2032 2104 2103
f 2032 2033 2104
f 2033 2105 2104
f 2033 2034 2105
f 2034 2106 2105
f 2034 2035 2106
f 2035 2107 2106
f 2035 2036 2107
f 2036 2108 2107
f 2036 2037 2108
f 2037 2109 2108
f 2037 2038 2109
f 2038 2110 2109
f 2038 2039 2110
f 2039 2111 2110
f 2039 2040 2111
f 2040 2112 2111
f 2040 2041 2112
f 2041 2113 2112
f 2041 2042 2113
f 2042 2114 2113
f 2042 2043 2114
f 2043 2115 2114
f 2043 2044 2115
f 2044 2116 2115
f 2044 2045 2116
f 2045 2117 2116
f 2045 2046 2117
f 2046 2118 2117
f 2046 2047 2118
f 2047 2119 2118
f 2047 2048 2119
f 2048 2120 2119
f 2048 2049 2120
f 2049 2121 2120
f 2049 2050 2121
f 2050 2122 2121
f 2050 2051 2122
f 2051 2123 2122
f 2051 2052 2123
f 2052 2124 2123
f 2052 2053 2124
f 2053 2125 2124
f 2053 2054 2125
f 2054 2126 2125
f 2054 2055 2126
f 2055 2127 2126
f 2055 2056 2127
f 2056 2128 2127
f 2056 2057 2128
f 2057 2129 2128
f 2057 2058 2129
f 2058 2130 2129
f 2058 2059 2130
f 2059 2131 2130
f 2059 2060 2131
f 2060 2132 2131
f 2060 2061 2132
f 2061 2133 2132
f 2061 2062 2133
f 2062 2134 2133
f 2062 2063 2134
f 2063 2135 2134
f 2063 2064 2135
f 2064 2136 2135
f 2064 2065 2136
f 2065 2137 2136
f 2065 2066 2137
f 2066 2138 2137
f 2066 2067 2138
f 2067 2139 2138
f 2067 2068 2139
f 2068 2140 2139
f 2068 2069 2140
f 2069 2141 2140
f 2069 2070 2141
f 2070 2142 2141
f 2070 2071 2142
f 2071 2143 2142
f 2071 2072 2143
f 2072 2144 2143
f 2072 2073 2144
f 2073 2145 2144
f 2073 2074 2145
f 2074 2146 2145
f 2074 2075 2146
f 2075 2147 2146
f 2075 2076 2147
f 2076 2148 2147
f 2076 2077 2148
f 2077 2149 2148
f 2077 2078 2149
f 2078 2150 2149
f 2078 2079 2150
f 2079 2151 2150
f 2079 2080 2151
f 2080 2152 2151
f 2080 2081 2152
f 2081 2153 2152
f 2081 2082 2153
f 2082 2154 2153
f 2082 2083 2154
f 2083 2155 2154
f 2083 2084 2155
f 2084 2156 2155
f 2084 2085 2156
f 2085 2157 2156
f 2085 2086 2157
f 2086 2158 2157
f 2086 2087 2158
f 2087 2159 2158
f 2087 2088 2159
f 2088 2160 2159
f 2088 2017 2160
f 2017 2089 2160
f 2089 2090 2161
f 2090 2162 2161
f 2090 2091 2162
f 2091 2163 2162
f 2091 2092 2163
f 2092 2164 2163
f 2092 2093 2164
f 2093 2165 2164
f 2093 2094 2165
f 2094 2166 2165
f 2094 2095 2166
f 2095 2167 2166
f 2095 2096 2167
f 2096 2168 2167
f 2096 2097 2168
f 2097 2169 2168
f 2097 2098 2169
f 2098 2170 2169
f 2098 2099 2170
f 2099 2171 2170
f 2099 2100 2171
f 2100 2172 2171
f 2100 2101 2172
f 2101 2173 2172
f 2101 2102 2173
f 2102 2174 2173
f 2102 2103 2174
f 2103 2175 2174
f 2103 2104 2175
f 2104 2176 2175
f 2104 2105 2176
f 2105 2177 2176
f 2105 2106 2177
f 2106 2178 2177
f 2106 2107 2178
f 2107 2179 2178
f 2107 2108 2179
f 2108 2180 2179
f 2108 2109 2180
f 2109 2181 2180
f 2109 2110 2181
f 2110 2182 2181
f 2110 2111 2182
f 2111 2183 2182
f 2111 2112 2183
f 2112 2184 2183
f 2112 2113 2184
f 2113 2185 2184
f 2113 2114 2185
f 2114 2186 2185
f 2114 2115 2186
f 2115 2187 2186
f 2115 2116 2187
f 2116 2188 2187
f 2116 2117 2188
f 2117 2189 2188
f 2117 2118 2189
f 2118 2190 2189
f 2118 2119 2190
f 2119 2191 2190
f 2119 2120 2191
f 2120 2192 2191
f 2120 2121 2192
f 2121 2193 2192
f 2121 2122 2193
f 2122 2194 2193
f 2122 2123 2194
f 2123 2195 2194
f 2123 2124 2195
f 2124 2196 2195
f 2124 2125 2196
f 2125 2197 2196
f 2125 2126 2197
f 2126 2198 2197
f 2126 2127 2198
f 2127 2199 2198
f 2127 2128 2199
f 2128 2200 2199
f 2128 2129 2200
f 2129 2201 2200
f 2129 2130 2201
f 2130 2202 2201
f 2130 2131 2202
f 2131 2203 2202
f 2131 2132 2203
f 2132 2204 2203
f 2132 2133 2204
f 2133 2205 2204
f 2133 2134 2205
f 2134 2206 2205
f 2134 2135 2206
f 2135 2207 2206
f 2135 2136 2207
f 2136 2208 2207
f 2136 2137 2208
f 2137 2209 2208
f 2137 2138 2209
f 2138 2210 2209
f 2138 2139 2210
f 2139 2211 2210
f 2139 2140 2211
f 2140 2212 2211
f 2140 2141 2212
f 2141 2213 2212
f 2141 2142 2213
f 2142 2214 2213
f 2142 2143 2214
f 2143 2215 2214
f 2143 2144 2215
f 2144 2216 2215
f 2144 2145 2216
f 2145 2217 2216
f 2145 2146 2217
f 2146 2218 2217
f 2146 2147 2218
f 2147 2219 2218
f 2147 2148 2219
f 2148 2220 2219
f 2148 2149 2220
f 2149 2221 2220
f 2149 2150 2221
f 2150 2222 2221
f 2150 2151 2222
f 2151 2223 2222
f 2151 2152 2223
f 2152 2224 2223
f 2152 2153 2224
f 2153 2225 2224
f 2153 2154 2225
f 2154 2226 2225
f 2154 2155 2226
f 2155 2227 2226
f 2155 2156 2227
f 2156 2228 2227
f 2156 2157 2228
f 2157 2229 2228
f 2157 2158 2229
f 2158 2230 2229
f 2158 2159 2230
f 2159 2231 2230
f 2159 2160 2231
f 2160 2232 2231
f 2160 2089 2232
f 2089 2161 2232
f 2161 2162 2233
f 2162 2234 2233
f 2162 2163 2234
f 2163 2235 2234
f 2163 2164 2235
f 2164 2236 2235
f 2164 2165 2236
f 2165 2237 2236
f 2165 2166 2237
f 2166 2238 2237
f 2166 2167 2238
f 2167 2239 2238
f 2167 2168 2239
f 2168 2240 2239
f 2168 2169 2240
f 2169 2241 2240
f 2169 2170 2241
f 2170 2242 2241
f 2170 2171 2242
f 2171 2243 2242
f 2171 2172 2243
f 2172 2244 2243
f 2172 2173 2244
f 2173 2245 2244
f 2173 2174 2245
f 2174 2246 2245
f 2174 2175 2246
f 2175 2247 2246
f 2175 2176 2247
f 2176 2248 2247
f 2176 2177 2248
f 2177 2249 2248
f 2177 2178 2249
f 2178 2250 2249
f 2178 2179 2250
f 2179 2251 2250
f 2179 2180 2251
f 2180 2252 2251
f 2180 2181 2252
f 2181 2253 2252
f 2181 2182 2253
f 2182 2254 2253
f 2182 2183 2254
f 2183 2255 2254
f 2183 2184 2255
f 2184 2256 2255
f 2184 2185 2256
f 2185 2257 2256
f 2185 2186 2257
f 2186 2258 2257
f 2186 2187 2258
f 2187 2259 2258
f 2187 2188 2259
f 2188 2260 2259
f 2188 2189 2260
f 2189 2261 2260
f 2189 2190 2261
f 2190 2262 2261
f 2190 2191 2262
f 2191 2263 2262
f 2191 2192 2263
f 2192 2264 2263
f 2192 2193 2264
f 2193 2265 2264
f 2193 2194 2265
f 2194 2266 2265
f 2194 2195 2266
f 2195 2267 2266
f 2195 2196 2267
f 2196 2268 2267
f 2196 2197 2268
f 2197 2269 2268
f 2197 2198 2269
f 2198 2270 2269
f 2198 2199 2270
f 2199 2271 2270
f 2199 2200 2271
f 2200 2272 2271
f 2200 2201 2272
f 2201 2273 2272
f 2201 2202 2273
f 2202 2274 2273
f 2202 2203 2274
f 2203 2275 2274
f 2203 2204 2275
f 2204 2276 2275
f 2204 2205 2276
f 2205 2277 2276
f 2205 2206 2277
f 2206 2278 2277
f 2206 2207 2278
f 2207 2279 2278
f 2207 2208 2279
f 2208 2280 2279
f 2208 2209 2280
f 2209 2281 2280
f 2209 2210 2281
f 2210 2282 2281
f 2210 2211 2282
f 2211 2283 2282
f 2211 2212 2283
f 2212 2284 2283
f 2212 2213 2284
f 2213 2285 2284
f 2213 2214 2285
f 2214 2286 2285
f 2214 2215 2286
f 2215 2287 2286
f 2215 2216 2287
f 2216 2288 2287
f 2216 2217 2288
f 2217 2289 2288
f 2217 2218 2289
f 2218 2290 2289
f 2218 2219 2290
f 2219 2291 2290
f 2219 2220 2291
f 2220 2292 2291
f 2220 2221 2292
f 2221 2293 2292
f 2221 2222 2293
f 2222 2294 2293
f 2222 2223 2294
f 2223 2295 2294
f 2223 2224 2295
f 2224 2296 2295
f 2224 2225 2296
f 2225 2297 2296
f 2225 2226 2297
f 2226 2298 2297
f 2226 2227 2298
f 2227 2299 2298
f 2227 2228 2299
f 2228 2300 2299
f 2228 2229 2300
f 2229 2301 2300
f 2229 2230 2301
f 2230 2302 2301
f 2230 2231 2302
f 2231 2303 2302
f 2231 2232 2303
f 2232 2304 2303
f 2232 2161 2304
f 2161 2233 2304
f 2233 2234 2305
f 2234 2306 2305
f 2234 2235 2306
f 2235 2307 2306
f 2235 2236 2307
f 2236 2308 2307
f 2236 2237 2308
f 2237 2309 2308
f 2237 2238 2309
f 2238 2310 2309
f 2238 2239 2310
f 2239 2311 2310
f 2239 2240 2311
f 2240 2312 2311
f 2240 2241 2312
f 2241 2313 2312
f 2241 2242 2313
f 2242 2314 2313
f 2242 2243 2314
f 2243 2315 2314
f 2243 2244 2315
f 2244 2316 2315
f 2244 2245 2316
f 2245 2317 2316
f 2245 2246 2317
f 2246 2318 2317
f 2246 2247 2318
f 2247 2319 2318
f 2247 2248 2319
f 2248 2320 2319
f 2248 2249 2320
f 2249 2321 2320
f 2249 2250 2321
f 2250 2322 2321
f 2250 2251 2322
f 2251 2323 2322
f 2251 2252 2323
f 2252 2324 2323
f 2252 2253 2324
f 2253 2325 2324
f 2253 2254 2325
f 2254 2326 2325
f 2254 2255 2326
f 2255 2327 2326
f 2255 2256 2327
f 2256 2328 2327
f 2256 2257 2328
f 2257 2329 2328
f 2257 2258 2329
f 2258 2330 2329
f 2258 2259 2330
f 2259 2331 2330
f 2259 2260 2331
f 2260 2332 2331
f 2260 2261 2332
f 2261 2333 2332
f 2261 2262 2333
f 2262 2334 2333
f 2262 2263 2334
f 2263 2335 2334
f 2263 2264 2335
f 2264 2336 2335
f 2264 2265 2336
f 2265 2337 2336
f 2265 2266 2337
f 2266 2338 2337
f 2266 2267 2338
f 2267 2339 2338
f 2267 2268 2339
f 2268 2340 2339
f 2268 2269 2340
f 2269 2341 2340
f 2269 2270 2341
f 2270 2342 2341
f 2270 2271 2342
f 2271 2343 2342
f 2271 2272 2343
f 2272 2344 2343
f 2272 2273 2344
f 2273 2345 2344
f 2273 2274 2345
f 2274 2346 2345
f 2274 2275 2346
f 2275 2347 2346
f 2275 2276 2347
f 2276 2348 2347
f 2276 2277 2348
f 2277 2349 2348
f 2277 2278 2349
f 2278 2350 2349
f 2278 2279 2350
f 2279 2351 2350
f 2279 2280 2351
f 2280 2352 2351
f 2280 2281 2352
f 2281 2353 2352
f 2281 2282 2353
f 2282 2354 2353
f 2282 2283 2354
f 2283 2355 2354
f 2283 2284 2355
f 2284 2356 2355
f 2284 2285 2356
f 2285 2357 2356
f 2285 2286 2357
f 2286 2358 2357
f 2286 2287 2358
f 2287 2359 2358
f 2287 2288 2359
f 2288 2360 2359
f 2288 2289 2360
f 2289 2361 2360
f 2289 2290 2361
f 2290 2362 2361
f 2290 2291 2362
f 2291 2363 2362
f 2291 2292 2363
f 2292 2364 2363
f 2292 2293 2364
f 2293 2365 2364
f 2293 2294 2365
f 2294 2366 2365
f 2294 2295 2366
f 2295 2367 2366
f 2295 2296 2367
f 2296 2368 2367
f 2296 2297 2368
f 2297 2369 2368
f 2297 2298 2369
f 2298 2370 2369
f 2298 2299 2370
f 2299 2371 2370
f 2299 2300 2371
f 2300 2372 2371
f 2300 2301 2372
f 2301 2373 2372
f 2301 2302 2373
f 2302 2374 2373
f 2302 2303 2374
f 2303 2375 2374
f 2303 2304 2375
f 2304 2376 2375
f 2304 2233 2376
f 2233 2305 2376
f 2305 2306 2377
f 2306 2378 2377
f 2306 2307 2378
f 2307 2379 2378
f 2307 2308 2379
f 2308 2380 2379
f 2308 2309 2380
f 2309 2381 2380
f 2309 2310 2381
f 2310 2382 2381
f 2310 2311 2382
f 2311 2383 2382
f 2311 2312 2383
f 2312 2384 2383
f 2312 2313 2384
f 2313 2385 2384
f 2313 2314 2385
f 2314 2386 2385
f 2314 2315 2386
f 2315 2387 2386
f 2315 2316 2387
f 2316 2388 2387
f 2316 2317 2388
f 2317 2389 2388
f 2317 2318 2389
f 2318 2390 2389
f 2318 2319 2390
f 2319 2391 2390
f 2319 2320 2391
f 2320 2392 2391
f 2320 2321 2392
f 2321 2393 2392
f 2321 2322 2393
f 2322 2394 2393
f 2322 2323 2394
f 2323 2395 2394
f 2323 2324 2395
f 2324 2396 2395
f 2324 2325 2396
f 2325 2397 2396
f 2325 2326 2397
f 2326 2398 2397
f 2326 2327 2398
f 2327 2399 2398
f 2327 2328 2399
f 2328 2400 2399
f 2328 2329 2400
f 2329 2401 2400
f 2329 2330 2401
f 2330 2402 2401
f 2330 2331 2402
f 2331 2403 2402
f 2331 2332 2403
f 2332 2404 2403
f 2332 2333 2404
f 2333 2405 2404
f 2333 2334 2405
f 2334 2406 2405
f 2334 2335 2406
f 2335 2407 2406
f 2335 2336 2407
f 2336 2408 2407
f 2336 2337 2408
f 2337 2409 2408
f 2337 2338 2409
f 2338 2410 2409
f 2338 2339 2410
f 2339 2411 2410
f 2339 2340 2411
f 2340 2412 2411
f 2340 2341 2412
f 2341 2413 2412
f 2341 2342 2413
f 2342 2414 2413
f 2342 2343 2414
f 2343 2415 2414
f 2343 2344 2415
f 2344 2416 2415
f 2344 2345 2416
f 2345 2417 2416
f 2345 2346 2417
f 2346 2418 2417
f 2346 2347 2418
f 2347 2419 2418
f 2347 2348 2419
f 2348 2420 2419
f 2348 2349 2420
f 2349 2421 2420
f 2349 2350 2421
f 2350 2422 2421
f 2350 2351 2422
f 2351 2423 2422
f 2351 2352 2423
f 2352 2424 2423
f 2352 2353 2424
f 2353 2425 2424
f 2353 2354 2425
f 2354 2426 2425
f 2354 2355 2426
f 2355 2427 2426
f 2355 2356 2427
f 2356 2428 2427
f 2356 2357 2428
f 2357 2429 2428
f 2357 2358 2429
f 2358 2430 2429
f 2358 2359 2430
f 2359 2431 2430
f 2359 2360 2431
f 2360 2432 2431
f 2360 2361 2432
f 2361 2433 2432
f 2361 2362 2433
f 2362 2434 2433
f 2362 2363 2434
f 2363 2435 2434
f 2363 2364 2435
f 2364 2436 2435
f 2364 2365 2436
f 2365 2437 2436
f 2365 2366 2437
f 2366 2438 2437
f 2366 2367 2438
f 2367 2439 2438
f 2367 2368 2439
f 2368 2440 2439
f 2368 2369 2440
f 2369 2441 2440
f 2369 2370 2441
f 2370 2442 2441
f 2370 2371 2442
f 2371 2443 2442
f 2371 2372 2443
f 2372 2444 2443
f 2372 2373 2444
f 2373 2445 2444
f 2373 2374 2445
f 2374 2446 2445
f 2374 2375 2446
f 2375 2447 2446
f 2375 2376 2447
f 2376 2448 2447
f 2376 2305 2448
f 2305 2377 2448
f 2377 2378 2449
f 2378 2450 2449
f 2378 2379 2450
f 2379 2451 2450
f 2379 2380 2451
f 2380 2452 2451
f 2380 2381 2452
f 2381 2453 2452
f 2381 2382 2453
f 2382 2454 2453
f 2382 2383 2454
f 2383 2455 2454
f 2383 2384 2455
f 2384 2456 2455
f 2384 2385 2456
f 2385 2457 2456
f 2385 2386 2457
f 2386 2458 2457
f 2386 2387 2458
f 2387 2459 2458
f 2387 2388 2459
f 2388 2460 2459
f 2388 2389 2460
f 2389 2461 2460
f 2389 2390 2461
f 2390 2462 2461
f 2390 2391 2462
f 2391 2463 2462
f 2391 2392 2463
f 2392 2464 2463
f 2392 2393 2464
f 2393 2465 2464
f 2393 2394 2465
f 2394 2466 2465
f 2394 2395 2466
f 2395 2467 2466
f 2395 2396 2467
f 2396 2468 2467
f 2396 2397 2468
f 2397 2469 2468
f 2397 2398 2469
f 2398 2470 2469
f 2398 2399 2470
f 2399 2471 2470
f 2399 2400 2471
f 2400 2472 2471
f 2400 2401 2472
f 2401 2473 2472
f 2401 2402 2473
f 2402 2474 2473
f 2402 2403 2474
f 2403 2475 2474
f 2403 2404 2475
f 2404 2476 2475
f 2404 2405 2476
f 2405 2477 2476
f 2405 2406 2477
f 2406 2478 2477
f 2406 2407 2478
f 2407 2479 2478
f 2407 2408 2479
f 2408 2480 2479
f 2408 2409 2480
f 2409 2481 2480
f 2409 2410 2481
f 2410 2482 2481
f 2410 2411 2482
f 2411 2483 2482
f 2411 2412 2483
f 2412 2484 2483
f 2412 2413 2484
f 2413 2485 2484
f 2413 2414 2485
f 2414 2486 2485
f 2414 2415 2486
f 2415 2487 2486
f 2415 2416 2487
f 2416 2488 2487
f 2416 2417 2488
f 2417 2489 2488
f 2417 2418 2489
f 2418 2490 2489
f 2418 2419 2490
f 2419 2491 2490
f 2419 2420 2491
f 2420 2492 2491
f 2420 2421 2492
f 2421 2493 2492
f 2421 2422 2493
f 2422 2494 2493
f 2422 2423 2494
f 2423 2495 2494
f 2423 2424 2495
f 2424 2496 2495
f 2424 2425 2496
f 2425 2497 2496
f 2425 2426 2497
f 2426 2498 2497
f 2426 2427 2498
f 2427 2499 2498
f 2427 2428 2499
f 2428 2500 2499
f 2428 2429 2500
f 2429 2501 2500
f 2429 2430 2501
f 2430 2502 2501
f 2430 2431 2502
f 2431 2503 2502
f 2431 2432 2503
f 2432 2504 2503
f 2432 2433 2504
f 2433 2505 2504
f 2433 2434 2505
f 2434 2506 2505
f 2434 2435 2506
f 2435 2507 2506
f 2435 2436 2507
f 2436 2508 2507
f 2436 2437 2508
f 2437 2509 2508
f 2437 2438 2509
f 2438 2510 2509
f 2438 2439 2510
f 2439 2511 2510
f 2439 2440 2511
f 2440 2512 2511
f 2440 2441 2512
f 2441 2513 2512
f 2441 2442 2513
f 2442 2514 2513
f 2442 2443 2514
f 2443 2515 2514
f 2443 2444 2515
f 2444 2516 2515
f 2444 2445 2516
f 2445 2517 2516
f 2445 2446 2517
f 2446 2518 2517
f 2446 2447 2518
f 2447 2519 2518
f 2447 2448 2519
f 2448 2520 2519
f 2448 2377 2520
f 2377 2449 2520
f 2449 2450 2521
f 2450 2522 2521
f 2450 2451 2522
f 2451 2523 2522
f 2451 2452 2523
f 2452 2524 2523
f 2452 2453 2524
f 2453 2525 2524
f 2453 2454 2525
f 2454 2526 2525
f 2454 2455 2526
f 2455 2527 2526
f 2455 2456 2527
f 2456 2528 2527
f 2456 2457 2528
f 2457 2529 2528
f 2457 2458 2529
f 2458 2530 2529
f 2458 2459 2530
f 2459 2531 2530
f 2459 2460 2531
f 2460 2532 2531
f 2460 2461 2532
f 2461 2533 2532
f 2461 2462 2533
f 2462 2534 2533
f 2462 2463 2534
f 2463 2535 2534
f 2463 2464 2535
f 2464 2536 2535
f 2464 2465 2536
f 2465 2537 2536
f 2465 2466 2537
f 2466 2538 2537
f 2466 2467 2538
f 2467 2539 2538
f 2467 2468 2539
f 2468 2540 2539
f 2468 2469 2540
f 2469 2541 2540
f 2469 2470 2541
f 2470 2542 2541
f 2470 2471 2542
f 2471 2543 2542
f 2471 2472 2543
f 2472 2544 2543
f 2472 2473 2544
f 2473 2545 2544
f 2473 2474 2545
f 2474 2546 2545
f 2474 2475 2546
f 2475 2547 2546
f 2475 2476 2547
f 2476 2548 2547
f 2476 2477 2548
f 2477 2549 2548
f 2477 2478 2549
f 2478 2550 2549
f 2478 2479 2550
f 2479 2551 2550
f 2479 2480 2551
f 2480 2552 2551
f 2480 2481 2552
f 2481 2553 2552
f 2481 2482 2553
f 2482 2554 2553
f 2482 2483 2554
f 2483 2555 2554
f 2483 2484 2555
f 2484 2556 2555
f 2484 2485 2556
f 2485 2557 2556
f 2485 2486 2557
f 2486 2558 2557
f 2486 2487 2558
f 2487 2559 2558
f 2487 2488 2559
f 2488 2560 2559
f 2488 2489 2560
f 2489 2561 2560
f 2489 2490 2561
f 2490 2562 2561
f 2490 2491 2562
f 2491 2563 2562
f 2491 2492 2563
f 2492 2564 2563
f 2492 2493 2564
f 2493 2565 2564
f 2493 2494 2565
f 2494 2566 2565
f 2494 2495 2566
f 2495 2567 2566
f 2495 2496 2567
f 2496 2568 2567
f 2496 2497 2568
f 2497 2569 2568
f 2497 2498 2569
f 2498 2570 2569
f 2498 2499 2570
f 2499 2571 2570
f 2499 2500 2571
f 2500 2572 2571
f 2500 2501 2572
f 2501 2573 2572
f 2501 2502 2573
f 2502 2574 2573
f 2502 2503 2574
f 2503 2575 2574
f 2503 2504 2575
f 2504 2576 2575
f 2504 2505 2576
f 2505 2577 2576
f 2505 2506 2577
f 2506 2578 2577
f 2506 2507 2578
f 2507 2579 2578
f 2507 2508 2579
f 2508 2580 2579
f 2508 2509 2580
f 2509 2581 2580
f 2509 2510 2581
f 2510 2582 2581
f 2510 2511 2582
f 2511 2583 2582
f 2511 2512 2583
f 2512 2584 2583
f 2512 2513 2584
f 2513 2585 2584
f 2513 2514 2585
f 2514 2586 2585
f 2514 2515 2586
f 2515 2587 2586
f 2515 2516 2587
f 2516 2588 2587
f 2516 2517 2588
f 2517 2589 2588
f 2517 2518 2589
f 2518 2590 2589
f 2518 2519 2590
f 2519 2591 2590
f 2519 2520 2591
f 2520 2592 2591
f 2520 2449 2592
f 2449 2521 2592
f 2521 2522 2593
f 2522 2594 2593
f 2522 2523 2594
f 2523 2595 2594
f 2523 2524 2595
f 2524 2596 2595
f 2524 2525 2596
f 2525 2597 2596
f 2525 2526 2597
f 2526 2598 2597
f 2526 2527 2598
f 2527 2599 2598
f 2527 2528 2599
f 2528 2600 2599
f 2528 2529 2600
f 2529 2601 2600
f 2529 2530 2601
f 2530 2602 2601
f 2530 2531 2602
f 2531 2603 2602
f 2531 2532 2603
f 2532 2604 2603
f 2532 2533 2604
f 2533 2605 2604
f 2533 2534 2605
f 2534 2606 2605
f 2534 2535 2606
f 2535 2607 2606
f 2535 2536 2607
f 2536 2608 2607
f 2536 2537 2608
f 2537 2609 2608
f 2537 2538 2609
f 2538 2610 2609
f 2538 2539 2610
f 2539 2611 2610
f 2539 2540 2611
f 2540 2612 2611
f 2540 2541 2612
f 2541 2613 2612
f 2541 2542 2613
f 2542 2614 2613
f 2542 2543 2614
f 2543 2615 2614
f 2543 2544 2615
f 2544 2616 2615
f 2544 2545 2616
f 2545 2617 2616
f 2545 2546 2617
f 2546 2618 2617
f 2546 2547 2618
f 2547 2619 2618
f 2547 2548 2619
f 2548 2620 2619
f 2548 2549 2620
f 2549 2621 2620
f 2549 2550 2621
f 2550 2622 2621
f 2550 2551 2622
f 2551 2623 2622
f 2551 2552 2623
f 2552 2624 2623
f 2552 2553 2624
f 2553 2625 2624
f 2553 2554 2625
f 2554 2626 2625
f 2554 2555 2626
f 2555 2627 2626
f 2555 2556 2627
f 2556 2628 2627
f 2556 2557 2628
f 2557 2629 2628
f 2557 2558 2629
f 2558 2630 2629
f 2558 2559 2630
f 2559 2631 2630
f 2559 2560 2631
f 2560 2632 2631
f 2560 2561 2632
f 2561 2633 2632
f 2561 2562 2633
f 2562 2634 2633
f 2562 2563 2634
f 2563 2635 2634
f 2563 2564 2635
f 2564 2636 2635
f 2564 2565 2636
f 2565 2637 2636
f 2565 2566 2637
f 2566 2638 2637
f 2566 2567 2638
f 2567 2639 2638
f 2567 2568 2639
f 2568 2640 2639
f 2568 2569 2640
f 2569 2641 2640
f 2569 2570 2641
f 2570 2642 2641
f 2570 2571 2642
f 2571 2643 2642
f 2571 2572 2643
f 2572 2644 2643
f 2572 2573 2644
f 2573 2645 2644
f 2573 2574 2645
f 2574 2646 2645
f 2574 2575 2646
f 2575 2647 2646
f 2575 2576 2647
f 2576 2648 2647
f 2576 2577 2648
f 2577 2649 2648
f 2577 2578 2649
f 2578 2650 2649
f 2578 2579 2650
f 2579 2651 2650
f 2579 2580 2651
f 2580 2652 2651
f 2580 2581 2652
f 2581 2653 2652
f 2581 2582 2653
f 2582 2654 2653
f 2582 2583 2654
f 2583 2655 2654
f 2583 2584 2655
f 2584 2656 2655
f 2584 2585 2656
f 2585 2657 2656
f 2585 2586 2657
f 2586 2658 2657
f 2586 2587 2658
f 2587 2659 2658
f 2587 2588 2659
f 2588 2660 2659
f 2588 2589 2660
f 2589 2661 2660
f 2589 2590 2661
f 2590 2662 2661
f 2590 2591 2662
f 2591 2663 2662
f 2591 2592 2663
f 2592 2664 2663
f 2592 2521 2664
f 2521 2593 2664
f 2593 2594 2665
f 2594 2666 2665
f 2594 2595 2666
f 2595 2667 2666
f 2595 2596 2667
f 2596 2668 2667
f 2596 2597 2668
f 2597 2669 2668
f 2597 2598 2669
f 2598 2670 2669
f 2598 2599 2670
f 2599 2671 2670
f 2599 2600 2671
f 2600 2672 2671
f 2600 2601 2672
f 2601 2673 2672
f 2601 2602 2673
f 2602 2674 2673
f 2602 2603 2674
f 2603 2675 2674
f 2603 2604 2675
f 2604 2676 2675
f 2604 2605 2676
f 2605 2677 2676
f 2605 2606 2677
f 2606 2678 2677
f 2606 2607 2678
f 2607 2679 2678
f 2607 2608 2679
f 2608 2680 2679
f 2608 2609 2680
f 2609 2681 2680
f 2609 2610 2681
f 2610 2682 2681
f 2610 2611 2682
f 2611 2683 2682
f 2611 2612 2683
f 2612 2684 2683
f 2612 2613 2684
f 2613 2685 2684
f 2613 2614 2685
f 2614 2686 2685
f 2614 2615 2686
f 2615 2687 2686
f 2615 2616 2687
f 2616 2688 2687
f 2616 2617 2688
f 2617 2689 2688
f 2617 2618 2689
f 2618 2690 2689
f 2618 2619 2690
f 2619 2691 2690
f 2619 2620 2691
f 2620 2692 2691
f 2620 2621 2692
f 2621 2693 2692
f 2621 2622 2693
f 2622 2694 2693
f 2622 2623 2694
f 2623 2695 2694
f 2623 2624 2695
f 2624 2696 2695
f 2624 2625 2696
f 2625 2697 2696
f 2625 2626 2697
f 2626 2698 2697
f 2626 2627 2698
f 2627 2699 2698
f 2627 2628 2699
f 2628 2700 2699
f 2628 2629 2700
f 2629 2701 2700
f 2629 2630 2701
f 2630 2702 2701
f 2630 2631 2702
f 2631 2703 2702
f 2631 2632 2703
f 2632 2704 2703
f 2632 2633 2704
f 2633 2705 2704
f 2633 2634 2705
f 2634 2706 2705
f 2634 2635 2706
f 2635 2707 2706
f 2635 2636 2707
f 2636 2708 2707
f 2636 2637 2708
f 2637 2709 2708
f 2637 2638 2709
f 2638 2710 2709
f 2638 2639 2710
f 2639 2711 2710
f 2639 2640 2711
f 2640 2712 2711
f 2640 2641 2712
f 2641 2713 2712
f 2641 2642 2713
f 2642 2714 2713
f 2642 2643 2714
f 2643 2715 2714
f 2643 2644 2715
f 2644 2716 2715
f 2644 2645 2716
f 2645 2717 2716
f 2645 2646 2717
f 2646 2718 2717
f 2646 2647 2718
f 2647 2719 2718
f 2647 2648 2719
f 2648 2720 2719
f 2648 2649 2720
f 2649 2721 2720
f 2649 2650 2721
f 2650 2722 2721
f 2650 2651 2722
f 2651 2723 2722
f 2651 2652 2723
f 2652 2724 2723
f 2652 2653 2724
f 2653 2725 2724
f 2653 2654 2725
f 2654 2726 2725
f 2654 2655 2726
f 2655 2727 2726
f 2655 2656 2727
f 2656 2728 2727
f 2656 2657 2728
f 2657 2729 2728
f 2657 2658 2729
f 2658 2730 2729
f 2658 2659 2730
f 2659 2731 2730
f 2659 2660 2731
f 2660 2732 2731
f 2660 2661 2732
f 2661 2733 2732
f 2661 2662 2733
f 2662 2734 2733
f 2662 2663 2734
f 2663 2735 2734
f 2663 2664 2735
f 2664 2736 2735
f 2664 2593 2736
f 2593 2665 2736
f 2665 2666 2737
f 2666 2738 2737
f 2666 2667 2738
f 2667 2739 2738
f 2667 2668 2739
f 2668 2740 2739
f 2668 2669 2740
f 2669 2741 2740
f 2669 2670 2741
f 2670 2742 2741
f 2670 2671 2742
f 2671 2743 2742
f 2671 2672 2743
f 2672 2744 2743
f 2672 2673 2744
f 2673 2745 2744
f 2673 2674 2745
f 2674 2746 2745
f 2674 2675 2746
f 2675 2747 2746
f 2675 2676 2747
f 2676 2748 2747
f 2676 2677 2748
f 2677 2749 2748
f 2677 2678 2749
f 2678 2750 2749
f 2678 2679 2750
f 2679 2751 2750
f 2679 2680 2751
f 2680 2752 2751
f 2680 2681 2752
f 2681 2753 2752
f 2681 2682 2753
f 2682 2754 2753
f 2682 2683 2754
f 2683 2755 2754
f 2683 2684 2755
f 2684 2756 2755
f 2684 2685 2756
f 2685 2757 2756
f 2685 2686 2757
f 2686 2758 2757
f 2686 2687 2758
f 2687 2759 2758
f 2687 2688 2759
f 2688 2760 2759
f 2688 2689 2760
f 2689 2761 2760
f 2689 2690 2761
f 2690 2762 2761
f 2690 2691 2762
f 2691 2763 2762
f 2691 2692 2763
f 2692 2764 2763
f 2692 2693 2764
f 2693 2765 2764
f 2693 2694 2765
f 2694 2766 2765
f 2694 2695 2766
f 2695 2767 2766
f 2695 2696 2767
f 2696 2768 2767
f 2696 2697 2768
f 2697 2769 2768
f 2697 2698 2769
f 2698 2770 2769
f 2698 2699 2770
f 2699 2771 2770
f 2699 2700 2771
f 2700 2772 2771
f 2700 2701 2772
f 2701 2773 2772
f 2701 2702 2773
f 2702 2774 2773
f 2702 2703 2774
f 2703 2775 2774
f 2703 2704 2775
f 2704 2776 2775
f 2704 2705 2776
f 2705 2777 2776
f 2705 2706 2777
f 2706 2778 2777
f 2706 2707 2778
f 2707 2779 2778
f 2707 2708 2779
f 2708 2780 2779
f 2708 2709 2780
f 2709 2781 2780
f 2709 2710 2781
f 2710 2782 2781
f 2710 2711 2782
f 2711 2783 2782
f 2711 2712 2783
f 2712 2784 2783
f 2712 2713 2784
f 2713 2785 2784
f 2713 2714 2785
f 2714 2786 2785
f 2714 2715 2786
f 2715 2787 2786
f 2715 2716 2787
f 2716 2788 2787
f 2716 2717 2788
f 2717 2789 2788
f 2717 2718 2789
f 2718 2790 2789
f 2718 2719 2790
f 2719 2791 2790
f 2719 2720 2791
f 2720 2792 2791
f 2720 2721 2792
f 2721 2793 2792
f 2721 2722 2793
f 2722 2794 2793
f 2722 2723 2794
f 2723 2795 2794
f 2723 2724 2795
f 2724 2796 2795
f 2724 2725 2796
f 2725 2797 2796
f 2725 2726 2797
f 2726 2798 2797
f 2726 2727 2798
f 2727 2799 2798
f 2727 2728 2799
f 2728 2800 2799
f 2728 2729 2800
f 2729 2801 2800
f 2729 2730 2801
f 2730 2802 2801
f 2730 2731 2802
f 2731 2803 2802
f 2731 2732 2803
f 2732 2804 2803
f 2732 2733 2804
f 2733 2805 2804
f 2733 2734 2805
f 2734 2806 2805
f 2734 2735 2806
f 2735 2807 2806
f 2735 2736 2807
f 2736 2808 2807
f 2736 2665 2808
f 2665 2737 2808
f 2737 2738 2809
f 2738 2810 2809
f 2738 2739 2810
f 2739 2811 2810
f 2739 2740 2811
f 2740 2812 2811
f 2740 2741 2812
f 2741 2813 2812
f 2741 2742 2813
f 2742 2814 2813
f 2742 2743 2814
f 2743 2815 2814
f 2743 2744 2815
f 2744 2816 2815
f 2744 2745 2816
f 2745 2817 2816
f 2745 2746 2817
f 2746 2818 2817
f 2746 2747 2818
f 2747 2819 2818
f 2747 2748 2819
f 2748 2820 2819
f 2748 2749 2820
f 2749 2821 2820
f 2749 2750 2821
f 2750 2822 2821
f 2750 2751 2822
f 2751 2823 2822
f 2751 2752 2823
f 2752 2824 2823
f 2752 2753 2824
f 2753 2825 2824
f 2753 2754 2825
f 2754 2826 2825
f 2754 2755 2826
f 2755 2827 2826
f 2755 2756 2827
f 2756 2828 2827
f 2756 2757 2828
f 2757 2829 2828
f 2757 2758 2829
f 2758 2830 2829
f 2758 2759 2830
f 2759 2831 2830
f 2759 2760 2831
f 2760 2832 2831
f 2760 2761 2832
f 2761 2833 2832
f 2761 2762 2833
f 2762 2834 2833
f 2762 2763 2834
f 2763 2835 2834
f 2763 2764 2835
f 2764 2836 2835
f 2764 2765 2836
f 2765 2837 2836
f 2765 2766 2837
f 2766 2838 2837
f 2766 2767 2838
f 2767 2839 2838
f 2767 2768 2839
f 2768 2840 2839
f 2768 2769 2840
f 2769 2841 2840
f 2769 2770 2841
f 2770 2842 2841
f 2770 2771 2842
f 2771 2843 2842
f 2771 2772 2843
f 2772 2844 2843
f 2772 2773 2844
f 2773 2845 2844
f 2773 2774 2845
f 2774 2846 2845
f 2774 2775 2846
f 2775 2847 2846
f 2775 2776 2847
f 2776 2848 2847
f 2776 2777 2848
f 2777 2849 2848
f 2777 2778 2849
f 2778 2850 2849
f 2778 2779 2850
f 2779 2851 2850
f 2779 2780 2851
f 2780 2852 2851
f 2780 2781 2852
f 2781 2853 2852
f 2781 2782 2853
f 2782 2854 2853
f 2782 2783 2854
f 2783 2855 2854
f 2783 2784 2855
f 2784 2856 2855
f 2784 2785 2856
f 2785 2857 2856
f 2785 2786 2857
f 2786 2858 2857
f 2786 2787 2858
f 2787 2859 2858
f 2787 2788 2859
f 2788 2860 2859
f 2788 2789 2860
f 2789 2861 2860
f 2789 2790 2861
f 2790 2862 2861
f 2790 2791 2862
f 2791 2863 2862
f 2791 2792 2863
f 2792 2864 2863
f 2792 2793 2864
f 2793 2865 2864
f 2793 2794 2865
f 2794 2866 2865
f 2794 2795 2866
f 2795 2867 2866
f 2795 2796 2867
f 2796 2868 2867
f 2796 2797 2868
f 2797 2869 2868
f 2797 2798 2869
f 2798 2870 2869
f 2798 2799 2870
f 2799 2871 2870
f 2799 2800 2871
f 2800 2872 2871
f 2800 2801 2872
f 2801 2873 2872
f 2801 2802 2873
f 2802 2874 2873
f 2802 2803 2874
f 2803 2875 2874
f 2803 2804 2875
f 2804 2876 2875
f 2804 2805 2876
f 2805 2877 2876
f 2805 2806 2877
f 2806 2878 2877
f 2806 2807 2878
f 2807 2879 2878
f 2807 2808 2879
f 2808 2880 2879
f 2808 2737 2880
f 2737 2809 2880
f 2809 2810 2881
f 2810 2882 2881
f 2810 2811 2882
f 2811 2883 2882
f 2811 2812 2883
f 2812 2884 2883
f 2812 2813 2884
f 2813 2885 2884
f 2813 2814 2885
f 2814 2886 2885
f 2814 2815 2886
f 2815 2887 2886
f 2815 2816 2887
f 2816 2888 2887
f 2816 2817 2888
f 2817 2889 2888
f 2817 2818 2889
f 2818 2890 2889
f 2818 2819 2890
f 2819 2891 2890
f 2819 2820 2891
f 2820 2892 2891
f 2820 2821 2892
f 2821 2893 2892
f 2821 2822 2893
f 2822 2894 2893
f 2822 2823 2894
f 2823 2895 2894
f 2823 2824 2895
f 2824 2896 2895
f 2824 2825 2896
f 2825 2897 2896
f 2825 2826 2897
f 2826 2898 2897
f 2826 2827 2898
f 2827 2899 2898
f 2827 2828 2899
f 2828 2900 2899
f 2828 2829 2900
f 2829 2901 2900
f 2829 2830 2901
f 2830 2902 2901
f 2830 2831 2902
f 2831 2903 2902
f 2831 2832 2903
f 2832 2904 2903
f 2832 2833 2904
f 2833 2905 2904
f 2833 2834 2905
f 2834 2906 2905
f 2834 2835 2906
f 2835 2907 2906
f 2835 2836 2907
f 2836 2908 2907
f 2836 2837 2908
f 2837 2909 2908
f 2837 2838 2909
f 2838 2910 2909
f 2838 2839 2910
f 2839 2911 2910
f 2839 2840 2911
f 2840 2912 2911
f 2840 2841 2912
f 2841 2913 2912
f 2841 2842 2913
f 2842 2914 2913
f 2842 2843 2914
f 2843 2915 2914
f 2843 2844 2915
f 2844 2916 2915
f 2844 2845 2916
f 2845 2917 2916
f 2845 2846 2917
f 2846 2918 2917
f 2846 2847 2918
f 2847 2919 2918
f 2847 2848 2919
f 2848 2920 2919
f 2848 2849 2920
f 2849 2921 2920
f 2849 2850 2921
f 2850 2922 2921
f 2850 2851 2922
f 2851 2923 2922
f 2851 2852 2923
f 2852 2924 2923
f 2852 2853 2924
f 2853 2925 2924
f 2853 2854 2925
f 2854 2926 2925
f 2854 2855 2926
f 2855 2927 2926
f 2855 2856 2927
f 2856 2928 2927
f 2856 2857 2928
f 2857 2929 2928
f 2857 2858 2929
f 2858 2930 2929
f 2858 2859 2930
f 2859 2931 2930
f 2859 2860 2931
f 2860 2932 2931
f 2860 2861 2932
f 2861 2933 2932
f 2861 2862 2933
f 2862 2934 2933
f 2862 2863 2934
f 2863 2935 2934
f 2863 2864 2935
f 2864 2936 2935
f 2864 2865 2936
f 2865 2937 2936
f 2865 2866 2937
f 2866 2938 2937
f 2866 2867 2938
f 2867 2939 2938
f 2867 2868 2939
f 2868 2940 2939
f 2868 2869 2940
f 2869 2941 2940
f 2869 2870 2941
f 2870 2942 2941
f 2870 2871 2942
f 2871 2943 2942
f 2871 2872 2943
f 2872 2944 2943
f 2872 2873 2944
f 2873 2945 2944
f 2873 2874 2945
f 2874 2946 2945
f 2874 2875 2946
f 2875 2947 2946
f 2875 2876 2947
f 2876 2948 2947
f 2876 2877 2948
f 2877 2949 2948
f 2877 2878 2949
f 2878 2950 2949
f 2878 2879 2950
f 2879 2951 2950
f 2879 2880 2951
f 2880 2952 2951
f 2880 2809 2952
f 2809 2881 2952
f 2881 2882 2953
f 2882 2954 2953
f 2882 2883 2954
f 2883 2955 2954
f 2883 2884 2955
f 2884 2956 2955
f 2884 2885 2956
f 2885 2957 2956
f 2885 2886 2957
f 2886 2958 2957
f 2886 2887 2958
f 2887 2959 2958
f 2887 2888 2959
f 2888 2960 2959
f 2888 2889 2960
f 2889 2961 2960
f 2889 2890 2961
f 2890 2962 2961
f 2890 2891 2962
f 2891 2963 2962
f 2891 2892 2963
f 2892 2964 2963
f 2892 2893 2964
f 2893 2965 2964
f 2893 2894 2965
f 2894 2966 2965
f 2894 2895 2966
f 2895 2967 2966
f 2895 2896 2967
f 2896 2968 2967
f 2896 2897 2968
f 2897 2969 2968
f 2897 2898 2969
f 2898 2970 2969
f 2898 2899 2970
f 2899 2971 2970
f 2899 2900 2971
f 2900 2972 2971
f 2900 2901 2972
f 2901 2973 2972
f 2901 2902 2973
f 2902 2974 2973
f 2902 2903 2974
f 2903 2975 2974
f 2903 2904 2975
f 2904 2976 2975
f 2904 2905 2976
f 2905 2977 2976
f 2905 2906 2977
f 2906 2978 2977
f 2906 2907 2978
f 2907 2979 2978
f 2907 2908 2979
f 2908 2980 2979
f 2908 2909 2980
f 2909 2981 2980
f 2909 2910 2981
f 2910 2982 2981
f 2910 2911 2982
f 2911 2983 2982
f 2911 2912 2983
f 2912 2984 2983
f 2912 2913 2984
f 2913 2985 2984
f 2913 2914 2985
f 2914 2986 2985
f 2914 2915 2986
f 2915 2987 2986
f 2915 2916 2987
f 2916 2988 2987
f 2916 2917 2988
f 2917 2989 2988
f 2917 2918 2989
f 2918 2990 2989
f 2918 2919 2990
f 2919 2991 2990
f 2919 2920 2991
f 2920 2992 2991
f 2920 2921 2992
f 2921 2993 2992
f 2921 2922 2993
f 2922 2994 2993
f 2922 2923 2994
f 2923 2995 2994
f 2923 2924 2995
f 2924 2996 2995
f 2924 2925 2996
f 2925 2997 2996
f 2925 2926 2997
f 2926 2998 2997
f 2926 2927 2998
f 2927 2999 2998
f 2927 2928 2999
f 2928 3000 2999
f 2928 2929 3000
f 2929 3001 3000
f 2929 2930 3001
f 2930 3002 3001
f 2930 2931 3002
f 2931 3003 3002
f 2931 2932 3003
f 2932 3004 3003
f 2932 2933 3004
f 2933 3005 3004
f 2933 2934 3005
f 2934 3006 3005
f 2934 2935 3006
f 2935 3007 3006
f 2935 2936 3007
f 2936 3008 3007
f 2936 2937 3008
f 2937 3009 3008
f 2937 2938 3009
f 2938 3010 3009
f 2938 2939 3010
f 2939 3011 3010
f 2939 2940 3011
f 2940 3012 3011
f 2940 2941 3012
f 2941 3013 3012
f 2941 2942 3013
f 2942 3014 3013
f 2942 2943 3014
f 2943 3015 3014
f 2943 2944 3015
f 2944 3016 3015
f 2944 2945 3016
f 2945 3017 3016
f 2945 2946 3017
f 2946 3018 3017
f 2946 2947 3018
f 2947 3019 3018
f 2947 2948 3019
f 2948 3020 3019
f 2948 2949 3020
f 2949 3021 3020
f 2949 2950 3021
f 2950 3022 3021
f 2950 2951 3022
f 2951 3023 3022
f 2951 2952 3023
f 2952 3024 3023
f 2952 2881 3024
f 2881 2953 3024
f 2953 2954 3025
f 2954 3026 3025
f 2954 2955 3026
f 2955 3027 3026
f 2955 2956 3027
f 2956 3028 3027
f 2956 2957 3028
f 2957 3029 3028
f 2957 2958 3029
f 2958 3030 3029
f 2958 2959 3030
f 2959 3031 3030
f 2959 2960 3031
f 2960 3032 3031
f 2960 2961 3032
f 2961 3033 3032
f 2961 2962 3033
f 2962 3034 3033
f 2962 2963 3034
f 2963 3035 3034
f 2963 2964 3035
f 2964 3036 3035
f 2964 2965 3036
f 2965 3037 3036
f 2965 2966 3037
f 2966 3038 3037
f 2966 2967 3038
f 2967 3039 3038
f 2967 2968 3039
f 2968 3040 3039
f 2968 2969 3040
f 2969 3041 3040
f 2969 2970 3041
f 2970 3042 3041
f 2970 2971 3042
f 2971 3043 3042
f 2971 2972 3043
f 2972 3044 3043
f 2972 2973 3044
f 2973 3045 3044
f 2973 2974 3045
f 2974 3046 3045
f 2974 2975 3046
f 2975 3047 3046
f 2975 2976 3047
f 2976 3048 3047
f 2976 2977 3048
f 2977 3049 3048
f 2977 2978 3049
f 2978 3050 3049
f 2978 2979 3050
f 2979 3051 3050
f 2979 2980 3051
f 2980 3052 3051
f 2980 2981 3052
f 2981 3053 3052
f 2981 2982 3053
f 2982 3054 3053
f 2982 2983 3054
f 2983 3055 3054
f 2983 2984 3055
f 2984 3056 3055
f 2984 2985 3056
f 2985 3057 3056
f 2985 2986 3057
f 2986 3058 3057
f 2986 2987 3058
f 2987 3059 3058
f 2987 2988 3059
f 2988 3060 3059
f 2988 2989 3060
f 2989 3061 3060
f 2989 2990 3061
f 2990 3062 3061
f 2990 2991 3062
f 2991 3063 3062
f 2991 2992 3063
f 2992 3064 3063
f 2992 2993 3064
f 2993 3065 3064
f 2993 2994 3065
f 2994 3066 3065
f 2994 2995 3066
f 2995 3067 3066
f 2995 2996 3067
f 2996 3068 3067
f 2996 2997 3068
f 2997 3069 3068
f 2997 2998 3069
f 2998 3070 3069
f 2998 2999 3070
f 2999 3071 3070
f 2999 3000 3071
f 3000 3072 3071
f 3000 3001 3072
f 3001 3073 3072
f 3001 3002 3073
f 3002 3074 3073
f 3002 3003 3074
f 3003 3075 3074
f 3003 3004 3075
f 3004 3076 3075
f 3004 3005 3076
f 3005 3077 3076
f 3005 3006 3077
f 3006 3078 3077
f 3006 3007 3078
f 3007 3079 3078
f 3007 3008 3079
f 3008 3080 3079
f 3008 3009 3080
f 3009 3081 3080
f 3009 3010 3081
f 3010 3082 3081
f 3010 3011 3082
f 3011 3083 3082
f 3011 3012 3083
f 3012 3084 3083
f 3012 3013 3084
f 3013 3085 3084
f 3013 3014 3085
f 3014 3086 3085
f 3014 3015 3086
f 3015 3087 3086
f 3015 3016 3087
f 3016 3088 3087
f 3016 3017 3088
f 3017 3089 3088
f 3017 3018 3089
f 3018 3090 3089
f 3018 3019 3090
f 3019 3091 3090
f 3019 3020 3091
f 3020 3092 3091
f 3020 3021 3092
f 3021 3093 3092
f 3021 3022 3093
f 3022 3094 3093
f 3022 3023 3094
f 3023 3095 3094
f 3023 3024 3095
f 3024 3096 3095
f 3024 2953 3096
f 2953 3025 3096
f 3025 3026 3097
f 3026 3098 3097
f 3026 3027 3098
f 3027 3099 3098
f 3027 3028 3099
f 3028 3100 3099
f 3028 3029 3100
f 3029 3101 3100
f 3029 3030 3101
f 3030 3102 3101
f 3030 3031 3102
f 3031 3103 3102
f 3031 3032 3103
f 3032 3104 3103
f 3032 3033 3104
f 3033 3105 3104
f 3033 3034 3105
f 3034 3106 3105
f 3034 3035 3106
f 3035 3107 3106
f 3035 3036 3107
f 3036 3108 3107
f 3036 3037 3108
f 3037 3109 3108
f 3037 3038 3109
f 3038 3110 3109
f 3038 3039 3110
f 3039 3111 3110
f 3039 3040 3111
f 3040 3112 3111
f 3040 3041 3112
f 3041 3113 3112
f 3041 3042 3113
f 3042 3114 3113
f 3042 3043 3114
f 3043 3115 3114
f 3043 3044 3115
f 3044 3116 3115
f 3044 3045 3116
f 3045 3117 3116
f 3045 3046 3117
f 3046 3118 3117
f 3046 3047 3118
f 3047 3119 3118
f 3047 3048 3119
f 3048 3120 3119
f 3048 3049 3120
f 3049 3121 3120
f 3049 3050 3121
f 3050 3122 3121
f 3050 3051 3122
f 3051 3123 3122
f 3051 3052 3123
f 3052 3124 3123
f 3052 3053 3124
f 3053 3125 3124
f 3053 3054 3125
f 3054 3126 3125
f 3054 3055 3126
f 3055 3127 3126
f 3055 3056 3127
f 3056 3128 3127
f 3056 3057 3128
f 3057 3129 3128
f 3057 3058 3129
f 3058 3130 3129
f 3058 3059 3130
f 3059 3131 3130
f 3059 3060 3131
f 3060 3132 3131
f 3060 3061 3132
f 3061 3133 3132
f 3061 3062 3133
f 3062 3134 3133
f 3062 3063 3134
f 3063 3135 3134
f 3063 3064 3135
f 3064 3136 3135
f 3064 3065 3136
f 3065 3137 3136
f 3065 3066 3137
f 3066 3138 3137
f 3066 3067 3138
f 3067 3139 3138
f 3067 3068 3139
f 3068 3140 3139
f 3068 3069 3140
f 3069 3141 3140
f 3069 3070 3141
f 3070 3142 3141
f 3070 3071 3142
f 3071 3143 3142
f 3071 3072 3143
f 3072 3144 3143
f 3072 3073 3144
f 3073 3145 3144
f 3073 3074 3145
f 3074 3146 3145
f 3074 3075 3146
f 3075 3147 3146
f 3075 3076 3147
f 3076 3148 3147
f 3076 3077 3148
f 3077 3149 3148
f 3077 3078 3149
f 3078 3150 3149
f 3078 3079 3150
f 3079 3151 3150
f 3079 3080 3151
f 3080 3152 3151
f 3080 3081 3152
f 3081 3153 3152
f 3081 3082 3153
f 3082 3154 3153
f 3082 3083 3154
f 3083 3155 3154
f 3083 3084 3155
f 3084 3156 3155
f 3084 3085 3156
f 3085 3157 3156
f 3085 3086 3157
f 3086 3158 3157
f 3086 3087 3158
f 3087 3159 3158
f 3087 3088 3159
f 3088 3160 3159
f 3088 3089 3160
f 3089 3161 3160
f 3089 3090 3161
f 3090 3162 3161
f 3090 3091 3162
f 3091 3163 3162
f 3091 3092 3163
f 3092 3164 3163
f 3092 3093 3164
f 3093 3165 3164
f 3093 3094 3165
f 3094 3166 3165
f 3094 3095 3166
f 3095 3167 3166
f 3095 3096 3167
f 3096 3168 3167
f 3096 3025 3168
f 3025 3097 3168
f 3097 3098 3169
f 3098 3170 3169
f 3098 3099 3170
f 3099 3171 3170
f 3099 3100 3171
f 3100 3172 3171
f 3100 3101 3172
f 3101 3173 3172
f 3101 3102 3173
f 3102 3174 3173
f 3102 3103 3174
f 3103 3175 3174
f 3103 3104 3175
f 3104 3176 3175
f 3104 3105 3176
f 3105 3177 3176
f 3105 3106 3177
f 3106 3178 3177
f 3106 3107 3178
f 3107 3179 3178
f 3107 3108 3179
f 3108 3180 3179
f 3108 3109 3180
f 3109 3181 3180
f 3109 3110 3181
f 3110 3182 3181
f 3110 3111 3182
f 3111 3183 3182
f 3111 3112 3183
f 3112 3184 3183
f 3112 3113 3184
f 3113 3185 3184
f 3113 3114 3185
f 3114 3186 3185
f 3114 3115 3186
f 3115 3187 3186
f 3115 3116 3187
f 3116 3188 3187
f 3116 3117 3188
f 3117 3189 3188
f 3117 3118 3189
f 3118 3190 3189
f 3118 3119 3190
f 3119 3191 3190
f 3119 3120 3191
f 3120 3192 3191
f 3120 3121 3192
f 3121 3193 3192
f 3121 3122 3193
f 3122 3194 3193
f 3122 3123 3194
f 3123 3195 3194
f 3123 3124 3195
f 3124 3196 3195
f 3124 3125 3196
f 3125 3197 3196
f 3125 3126 3197
f 3126 3198 3197
f 3126 3127 3198
f 3127 3199 3198
f 3127 3128 3199
f 3128 3200 3199
f 3128 3129 3200
f 3129 3201 3200
f 3129 3130 3201
f 3130 3202 3201
f 3130 3131 3202
f 3131 3203 3202
f 3131 3132 3203
f 3132 3204 3203
f 3132 3133 3204
f 3133 3205 3204
f 3133 3134 3205
f 3134 3206 3205
f 3134 3135 3206
f 3135 3207 3206
f 3135 3136 3207
f 3136 3208 3207
f 3136 3137 3208
f 3137 3209 3208
f 3137 3138 3209
f 3138 3210 3209
f 3138 3139 3210
f 3139 3211 3210
f 3139 3140 3211
f 3140 3212 3211
f 3140 3141 3212
f 3141 3213 3212
f 3141 3142 3213
f 3142 3214 3213
f 3142 3143 3214
f 3143 3215 3214
f 3143 3144 3215
f 3144 3216 3215
f 3144 3145 3216
f 3145 3217 3216
f 3145 3146 3217
f 3146 3218 3217
f 3146 3147 3218
f 3147 3219 3218
f 3147 3148 3219
f 3148 3220 3219
f 3148 3149 3220
f 3149 3221 3220
f 3149 3150 3221
f 3150 3222 3221
f 3150 3151 3222
f 3151 3223 3222
f 3151 3152 3223
f 3152 3224 3223
f 3152 3153 3224
f 3153 3225 3224
f 3153 3154 3225
f 3154 3226 3225
f 3154 3155 3226
f 3155 3227 3226
f 3155 3156 3227
f 3156 3228 3227
f 3156 3157 3228
f 3157 3229 3228
f 3157 3158 3229
f 3158 3230 3229
f 3158 3159 3230
f 3159 3231 3230
f 3159 3160 3231
f 3160 3232 3231
f 3160 3161 3232
f 3161 3233 3232
f 3161 3162 3233
f 3162 3234 3233
f 3162 3163 3234
f 3163 3235 3234
f 3163 3164 3235
f 3164 3236 3235
f 3164 3165 3236
f 3165 3237 3236
f 3165 3166 3237
f 3166 3238 3237
f 3166 3167 3238
f 3167 3239 3238
f 3167 3168 3239
f 3168 3240 3239
f 3168 3097 3240
f 3097 3169 3240
f 3169 3170 3241
f 3170 3242 3241
f 3170 3171 3242
f 3171 3243 3242
f 3171 3172 3243
f 3172 3244 3243
f 3172 3173 3244
f 3173 3245 3244
f 3173 3174 3245
f 3174 3246 3245
f 3174 3175 3246
f 3175 3247 3246
f 3175 3176 3247
f 3176 3248 3247
f 3176 3177 3248
f 3177 3249 3248
f 3177 3178 3249
f 3178 3250 3249
f 3178 3179 3250
f 3179 3251 3250
f 3179 3180 3251
f 3180 3252 3251
f 3180 3181 3252
f 3181 3253 3252
f 3181 3182 3253
f 3182 3254 3253
f 3182 3183 3254
f 3183 3255 3254
f 3183 3184 3255
f 3184 3256 3255
f 3184 3185 3256
f 3185 3257 3256
f 3185 3186 3257
f 3186 3258 3257
f 3186 3187 3258
f 3187 3259 3258
f 3187 3188 3259
f 3188 3260 3259
f 3188 3189 3260
f 3189 3261 3260
f 3189 3190 3261
f 3190 3262 3261
f 3190 3191 3262
f 3191 3263 3262
f 3191 3192 3263
f 3192 3264 3263
f 3192 3193 3264
f 3193 3265 3264
f 3193 3194 3265
f 3194 3266 3265
f 3194 3195 3266
f 3195 3267 3266
f 3195 3196 3267
f 3196 3268 3267
f 3196 3197 3268
f 3197 3269 3268
f 3197 3198 3269
f 3198 3270 3269
f 3198 3199 3270
f 3199 3271 3270
f 3199 3200 3271
f 3200 3272 3271
f 3200 3201 3272
f 3201 3273 3272
f 3201 3202 3273
f 3202 3274 3273
f 3202 3203 3274
f 3203 3275 3274
f 3203 3204 3275
f 3204 3276 3275
f 3204 3205 3276
f 3205 3277 3276
f 3205 3206 3277
f 3206 3278 3277
f 3206 3207 3278
f 3207 3279 3278
f 3207 3208 3279
f 3208 3280 3279
f 3208 3209 3280
f 3209 3281 3280
f 3209 3210 3281
f 3210 3282 3281
f 3210 3211 3282
f 3211 3283 3282
f 3211 3212 3283
f 3212 3284 3283
f 3212 3213 3284
f 3213 3285 3284
f 3213 3214 3285
f 3214 3286 3285
f 3214 3215 3286
f 3215 3287 3286
f 3215 3216 3287
f 3216 3288 3287
f 3216 3217 3288
f 3217 3289 3288
f 3217 3218 3289
f 3218 3290 3289
f 3218 3219 3290
f 3219 3291 3290
f 3219 3220 3291
f 3220 3292 3291
f 3220 3221 3292
f 3221 3293 3292
f 3221 3222 3293
f 3222 3294 3293
f 3222 3223 3294
f 3223 3295 3294
f 3223 3224 3295
f 3224 3296 3295
f 3224 3225 3296
f 3225 3297 3296
f 3225 3226 3297
f 3226 3298 3297
f 3226 3227 3298
f 3227 3299 3298
f 3227 3228 3299
f 3228 3300 3299
f 3228 3229 3300
f 3229 3301 3300
f 3229 3230 3301
f 3230 3302 3301
f 3230 3231 3302
f 3231 3303 3302
f 3231 3232 3303
f 3232 3304 3303
f 3232 3233 3304
f 3233 3305 3304
f 3233 3234 3305
f 3234 3306 3305
f 3234 3235 3306
f 3235 3307 3306
f 3235 3236 3307
f 3236 3308 3307
f 3236 3237 3308
f 3237 3309 3308
f 3237 3238 3309
f 3238 3310 3309
f 3238 3239 3310
f 3239 3311 3310
f 3239 3240 3311
f 3240 3312 3311
f 3240 3169 3312
f 3169 3241 3312
f 3241 3242 3313
f 3242 3314 3313
f 3242 3243 3314
f 3243 3315 3314
f 3243 3244 3315
f 3244 3316 3315
f 3244 3245 3316
f 3245 3317 3316
f 3245 3246 3317
f 3246 3318 3317
f 3246 3247 3318
f 3247 3319 3318
f 3247 3248 3319
f 3248 3320 3319
f 3248 3249 3320
f 3249 3321 3320
f 3249 3250 3321
f 3250 3322 3321
f 3250 3251 3322
f 3251 3323 3322
f 3251 3252 3323
f 3252 3324 3323
f 3252 3253 3324
f 3253 3325 3324
f 3253 3254 3325
f 3254 3326 3325
f 3254 3255 3326
f 3255 3327 3326
f 3255 3256 3327
f 3256 3328 3327
f 3256 3257 3328
f 3257 3329 3328
f 3257 3258 3329
f 3258 3330 3329
f 3258 3259 3330
f 3259 3331 3330
f 3259 3260 3331
f 3260 3332 3331
f 3260 3261 3332
f 3261 3333 3332
f 3261 3262 3333
f 3262 3334 3333
f 3262 3263 3334
f 3263 3335 3334
f 3263 3264 3335
f 3264 3336 3335
f 3264 3265 3336
f 3265 3337 3336
f 3265 3266 3337
f 3266 3338 3337
f 3266 3267 3338
f 3267 3339 3338
f 3267 3268 3339
f 3268 3340 3339
f 3268 3269 3340
f 3269 3341 3340
f 3269 3270 3341
f 3270 3342 3341
f 3270 3271 3342
f 3271 3343 3342
f 3271 3272 3343
f 3272 3344 3343
f 3272 3273 3344
f 3273 3345 3344
f 3273 3274 3345
f 3274 3346 3345
f 3274 3275 3346
f 3275 3347 3346
f 3275 3276 3347
f 3276 3348 3347
f 3276 3277 3348
f 3277 3349 3348
f 3277 3278 3349
f 3278 3350 3349
f 3278 3279 3350
f 3279 3351 3350
f 3279 3280 3351
f 3280 3352 3351
f 3280 3281 3352
f 3281 3353 3352
f 3281 3282 3353
f 3282 3354 3353
f 3282 3283 3354
f 3283 3355 3354
f 3283 3284 3355
f 3284 3356 3355
f 3284 3285 3356
f 3285 3357 3356
f 3285 3286 3357
f 3286 3358 3357
f 3286 3287 3358
f 3287 3359 3358
f 3287 3288 3359
f 3288 3360 3359
f 3288 3289 3360
f 3289 3361 3360
f 3289 3290 3361
f 3290 3362 3361
f 3290 3291 3362
f 3291 3363 3362
f 3291 3292 3363
f 3292 3364 3363
f 3292 3293 3364
f 3293 3365 3364
f 3293 3294 3365
f 3294 3366 3365
f 3294 3295 3366
f 3295 3367 3366
f 3295 3296 3367
f 3296 3368 3367
f 3296 3297 3368
f 3297 3369 3368
f 3297 3298 3369
f 3298 3370 3369
f 3298 3299 3370
f 3299 3371 3370
f 3299 3300 3371
f 3300 3372 3371
f 3300 3301 3372
f 3301 3373 3372
f 3301 3302 3373
f 3302 3374 3373
f 3302 3303 3374
f 3303 3375 3374
f 3303 3304 3375
f 3304 3376 3375
f 3304 3305 3376
f 3305 3377 3376
f 3305 3306 3377
f 3306 3378 3377
f 3306 3307 3378
f 3307 3379 3378
f 3307 3308 3379
f 3308 3380 3379
f 3308 3309 3380
f 3309 3381 3380
f 3309 3310 3381
f 3310 3382 3381
f 3310 3311 3382
f 3311 3383 3382
f 3311 3312 3383
f 3312 3384 3383
f 3312 3241 3384
f 3241 3313 3384
f 3313 3314 3385
f 3314 3386 3385
f 3314 3315 3386
f 3315 3387 3386
f 3315 3316 3387
f 3316 3388 3387
f 3316 3317 3388
f 3317 3389 3388
f 3317 3318 3389
f 3318 3390 3389
f 3318 3319 3390
f 3319 3391 3390
f 3319 3320 3391
f 3320 3392 3391
f 3320 3321 3392
f 3321 3393 3392
f 3321 3322 3393
f 3322 3394 3393
f 3322 3323 3394
f 3323 3395 3394
f 3323 3324 3395
f 3324 3396 3395
f 3324 3325 3396
f 3325 3397 3396
f 3325 3326 3397
f 3326 3398 3397
f 3326 3327 3398
f 3327 3399 3398
f 3327 3328 3399
f 3328 3400 3399
f 3328 3329 3400
f 3329 3401 3400
f 3329 3330 3401
f 3330 3402 3401
f 3330 3331 3402
f 3331 3403 3402
f 3331 3332 3403
f 3332 3404 3403
f 3332 3333 3404
f 3333 3405 3404
f 3333 3334 3405
f 3334 3406 3405
f 3334 3335 3406
f 3335 3407 3406
f 3335 3336 3407
f 3336 3408 3407
f 3336 3337 3408
f 3337 3409 3408
f 3337 3338 3409
f 3338 3410 3409
f 3338 3339 3410
f 3339 3411 3410
f 3339 3340 3411
f 3340 3412 3411
f 3340 3341 3412
f 3341 3413 3412
f 3341 3342 3413
f 3342 3414 3413
f 3342 3343 3414
f 3343 3415 3414
f 3343 3344 3415
f 3344 3416 3415
f 3344 3345 3416
f 3345 3417 3416
f 3345 3346 3417
f 3346 3418 3417
f 3346 3347 3418
f 3347 3419 3418
f 3347 3348 3419
f 3348 3420 3419
f 3348 3349 3420
f 3349 3421 3420
f 3349 3350 3421
f 3350 3422 3421
f 3350 3351 3422
f 3351 3423 3422
f 3351 3352 3423
f 3352 3424 3423
f 3352 3353 3424
f 3353 3425 3424
f 3353 3354 3425
f 3354 3426 3425
f 3354 3355 3426
f 3355 3427 3426
f 3355 3356 3427
f 3356 3428 3427
f 3356 3357 3428
f 3357 3429 3428
f 3357 3358 3429
f 3358 3430 3429
f 3358 3359 3430
f 3359 3431 3430
f 3359 3360 3431
f 3360 3432 3431
f 3360 3361 3432
f 3361 3433 3432
f 3361 3362 3433
f 3362 3434 3433
f 3362 3363 3434
f 3363 3435 3434
f 3363 3364 3435
f 3364 3436 3435
f 3364 3365 3436
f 3365 3437 3436
f 3365 3366 3437
f 3366 3438 3437
f 3366 3367 3438
f 3367 3439 3438
f 3367 3368 3439
f 3368 3440 3439
f 3368 3369 3440
f 3369 3441 3440
f 3369 3370 3441
f 3370 3442 3441
f 3370 3371 3442
f 3371 3443 3442
f 3371 3372 3443
f 3372 3444 3443
f 3372 3373 3444
f 3373 3445 3444
f 3373 3374 3445
f 3374 3446 3445
f 3374 3375 3446
f 3375 3447 3446
f 3375 3376 3447
f 3376 3448 3447
f 3376 3377 3448
f 3377 3449 3448
f 3377 3378 3449
f 3378 3450 3449
f 3378 3379 3450
f 3379 3451 3450
f 3379 3380 3451
f 3380 3452 3451
f 3380 3381 3452
f 3381 3453 3452
f 3381 3382 3453
f 3382 3454 3453
f 3382 3383 3454
f 3383 3455 3454
f 3383 3384 3455
f 3384 3456 3455
f 3384 3313 3456
f 3313 3385 3456
f 3385 3386 3457
f 3386 3458 3457
f 3386 3387 3458
f 3387 3459 3458
f 3387 3388 3459
f 3388 3460 3459
f 3388 3389 3460
f 3389 3461 3460
f 3389 3390 3461
f 3390 3462 3461
f 3390 3391 3462
f 3391 3463 3462
f 3391 3392 3463
f 3392 3464 3463
f 3392 3393 3464
f 3393 3465 3464
f 3393 3394 3465
f 3394 3466 3465
f 3394 3395 3466
f 3395 3467 3466
f 3395 3396 3467
f 3396 3468 3467
f 3396 3397 3468
f 3397 3469 3468
f 3397 3398 3469
f 3398 3470 3469
f 3398 3399 3470
f 3399 3471 3470
f 3399 3400 3471
f 3400 3472 3471
f 3400 3401 3472
f 3401 3473 3472
f 3401 3402 3473
f 3402 3474 3473
f 3402 3403 3474
f 3403 3475 3474
f 3403 3404 3475
f 3404 3476 3475
f 3404 3405 3476
f 3405 3477 3476
f 3405 3406 3477
f 3406 3478 3477
f 3406 3407 3478
f 3407 3479 3478
f 3407 3408 3479
f 3408 3480 3479
f 3408 3409 3480
f 3409 3481 3480
f 3409 3410 3481
f 3410 3482 3481
f 3410 3411 3482
f 3411 3483 3482
f 3411 3412 3483
f 3412 3484 3483
f 3412 3413 3484
f 3413 3485 3484
f 3413 3414 3485
f 3414 3486 3485
f 3414 3415 3486
f 3415 3487 3486
f 3415 3416 3487
f 3416 3488 3487
f 3416 3417 3488
f 3417 3489 3488
f 3417 3418 3489
f 3418 3490 3489
f 3418 3419 3490
f 3419 3491 3490
f 3419 3420 3491
f 3420 3492 3491
f 3420 3421 3492
f 3421 3493 3492
f 3421 3422 3493
f 3422 3494 3493
f 3422 3423 3494
f 3423 3495 3494
f 3423 3424 3495
f 3424 3496 3495
f 3424 3425 3496
f 3425 3497 3496
f 3425 3426 3497
f 3426 3498 3497
f 3426 3427 3498
f 3427 3499 3498
f 3427 3428 3499
f 3428 3500 3499
f 3428 3429 3500
f 3429 3501 3500
f 3429 3430 3501
f 3430 3502 3501
f 3430 3431 3502
f 3431 3503 3502
f 3431 3432 3503
f 3432 3504 3503
f 3432 3433 3504
f 3433 3505 3504
f 3433 3434 3505
f 3434 3506 3505
f 3434 3435 3506
f 3435 3507 3506
f 3435 3436 3507
f 3436 3508 3507
f 3436 3437 3508
f 3437 3509 3508
f 3437 3438 3509
f 3438 3510 3509
f 3438 3439 3510
f 3439 3511 3510
f 3439 3440 3511
f 3440 3512 3511
f 3440 3441 3512
f 3441 3513 3512
f 3441 3442 3513
f 3442 3514 3513
f 3442 3443 3514
f 3443 3515 3514
f 3443 3444 3515
f 3444 3516 3515
f 3444 3445 3516
f 3445 3517 3516
f 3445 3446 3517
f 3446 3518 3517
f 3446 3447 3518
f 3447 3519 3518
f 3447 3448 3519
f 3448 3520 3519
f 3448 3449 3520
f 3449 3521 3520
f 3449 3450 3521
f 3450 3522 3521
f 3450 3451 3522
f 3451 3523 3522
f 3451 3452 3523
f 3452 3524 3523
f 3452 3453 3524
f 3453 3525 3524
f 3453 3454 3525
f 3454 3526 3525
f 3454 3455 3526
f 3455 3527 3526
f 3455 3456 3527
f 3456 3528 3527
f 3456 3385 3528
f 3385 3457 3528
f 3457 3458 3529
f 3458 3530 3529
f 3458 3459 3530
f 3459 3531 3530
f 3459 3460 3531
f 3460 3532 3531
f 3460 3461 3532
f 3461 3533 3532
f 3461 3462 3533
f 3462 3534 3533
f 3462 3463 3534
f 3463 3535 3534
f 3463 3464 3535
f 3464 3536 3535
f 3464 3465 3536
f 3465 3537 3536
f 3465 3466 3537
f 3466 3538 3537
f 3466 3467 3538
f 3467 3539 3538
f 3467 3468 3539
f 3468 3540 3539
f 3468 3469 3540
f 3469 3541 3540
f 3469 3470 3541
f 3470 3542 3541
f 3470 3471 3542
f 3471 3543 3542
f 3471 3472 3543
f 3472 3544 3543
f 3472 3473 3544
f 3473 3545 3544
f 3473 3474 3545
f 3474 3546 3545
f 3474 3475 3546
f 3475 3547 3546
f 3475 3476 3547
f 3476 3548 3547
f 3476 3477 3548
f 3477 3549 3548
f 3477 3478 3549
f 3478 3550 3549
f 3478 3479 3550
f 3479 3551 3550
f 3479 3480 3551
f 3480 3552 3551
f 3480 3481 3552
f 3481 3553 3552
f 3481 3482 3553
f 3482 3554 3553
f 3482 3483 3554
f 3483 3555 3554
f 3483 3484 3555
f 3484 3556 3555
f 3484 3485 3556
f 3485 3557 3556
f 3485 3486 3557
f 3486 3558 3557
f 3486 3487 3558
f 3487 3559 3558
f 3487 3488 3559
f 3488 3560 3559
f 3488 3489 3560
f 3489 3561 3560
f 3489 3490 3561
f 3490 3562 3561
f 3490 3491 3562
f 3491 3563 3562
f 3491 3492 3563
f 3492 3564 3563
f 3492 3493 3564
f 3493 3565 3564
f 3493 3494 3565
f 3494 3566 3565
f 3494 3495 3566
f 3495 3567 3566
f 3495 3496 3567
f 3496 3568 3567
f 3496 3497 3568
f 3497 3569 3568
f 3497 3498 3569
f 3498 3570 3569
f 3498 3499 3570
f 3499 3571 3570
f 3499 3500 3571
f 3500 3572 3571
f 3500 3501 3572
f 3501 3573 3572
f 3501 3502 3573
f 3502 3574 3573
f 3502 3503 3574
f 3503 3575 3574
f 3503 3504 3575
f 3504 3576 3575
f 3504 3505 3576
f 3505 3577 3576
f 3505 3506 3577
f 3506 3578 3577
f 3506 3507 3578
f 3507 3579 3578
f 3507 3508 3579
f 3508 3580 3579
f 3508 3509 3580
f 3509 3581 3580
f 3509 3510 3581
f 3510 3582 3581
f 3510 3511 3582
f 3511 3583 3582
f 3511 3512 3583
f 3512 3584 3583
f 3512 3513 3584
f 3513 3585 3584
f 3513 3514 3585
f 3514 3586 3585
f 3514 3515 3586
f 3515 3587 3586
f 3515 3516 3587
f 3516 3588 3587
f 3516 3517 3588
f 3517 3589 3588
f 3517 3518 3589
f 3518 3590 3589
f 3518 3519 3590
f 3519 3591 3590
f 3519 3520 3591
f 3520 3592 3591
f 3520 3521 3592
f 3521 3593 3592
f 3521 3522 3593
f 3522 3594 3593
f 3522 3523 3594
f 3523 3595 3594
f 3523 3524 3595
f 3524 3596 3595
f 3524 3525 3596
f 3525 3597 3596
f 3525 3526 3597
f 3526 3598 3597
f 3526 3527 3598
f 3527 3599 3598
f 3527 3528 3599
f 3528 3600 3599
f 3528 3457 3600
f 3457 3529 3600
f 3529 3530 3601
f 3530 3602 3601
f 3530 3531 3602
f 3531 3603 3602
f 3531 3532 3603
f 3532 3604 3603
f 3532 3533 3604
f 3533 3605 3604
f 3533 3534 3605
f 3534 3606 3605
f 3534 3535 3606
f 3535 3607 3606
f 3535 3536 3607
f 3536 3608 3607
f 3536 3537 3608
f 3537 3609 3608
f 3537 3538 3609
f 3538 3610 3609
f 3538 3539 3610
f 3539 3611 3610
f 3539 3540 3611
f 3540 3612 3611
f 3540 3541 3612
f 3541 3613 3612
f 3541 3542 3613
f 3542 3614 3613
f 3542 3543 3614
f 3543 3615 3614
f 3543 3544 3615
f 3544 3616 3615
f 3544 3545 3616
f 3545 3617 3616
f 3545 3546 3617
f 3546 3618 3617
f 3546 3547 3618
f 3547 3619 3618
f 3547 3548 3619
f 3548 3620 3619
f 3548 3549 3620
f 3549 3621 3620
f 3549 3550 3621
f 3550 3622 3621
f 3550 3551 3622
f 3551 3623 3622
f 3551 3552 3623
f 3552 3624 3623
f 3552 3553 3624
f 3553 3625 3624
f 3553 3554 3625
f 3554 3626 3625
f 3554 3555 3626
f 3555 3627 3626
f 3555 3556 3627
f 3556 3628 3627
f 3556 3557 3628
f 3557 3629 3628
f 3557 3558 3629
f 3558 3630 3629
f 3558 3559 3630
f 3559 3631 3630
f 3559 3560 3631
f 3560 3632 3631
f 3560 3561 3632
f 3561 3633 3632
f 3561 3562 3633
f 3562 3634 3633
f 3562 3563 3634
f 3563 3635 3634
f 3563 3564 3635
f 3564 3636 3635
f 3564 3565 3636
f 3565 3637 3636
f 3565 3566 3637
f 3566 3638 3637
f 3566 3567 3638
f 3567 3639 3638
f 3567 3568 3639
f 3568 3640 3639
f 3568 3569 3640
f 3569 3641 3640
f 3569 3570 3641
f 3570 3642 3641
f 3570 3571 3642
f 3571 3643 3642
f 3571 3572 3643
f 3572 3644 3643
f 3572 3573 3644
f 3573 3645 3644
f 3573 3574 3645
f 3574 3646 3645
f 3574 3575 3646
f 3575 3647 3646
f 3575 3576 3647
f 3576 3648 3647
f 3576 3577 3648
f 3577 3649 3648
f 3577 3578 3649
f 3578 3650 3649
f 3578 3579 3650
f 3579 3651 3650
f 3579 3580 3651
f 3580 3652 3651
f 3580 3581 3652
f 3581 3653 3652
f 3581 3582 3653
f 3582 3654 3653
f 3582 3583 3654
f 3583 3655 3654
f 3583 3584 3655
f 3584 3656 3655
f 3584 3585 3656
f 3585 3657 3656
f 3585 3586 3657
f 3586 3658 3657
f 3586 3587 3658
f 3587 3659 3658
f 3587 3588 3659
f 3588 3660 3659
f 3588 3589 3660
f 3589 3661 3660
f 3589 3590 3661
f 3590 3662 3661
f 3590 3591 3662
f 3591 3663 3662
f 3591 3592 3663
f 3592 3664 3663
f 3592 3593 3664
f 3593 3665 3664
f 3593 3594 3665
f 3594 3666 3665
f 3594 3595 3666
f 3595 3667 3666
f 3595 3596 3667
f 3596 3668 3667
f 3596 3597 3668
f 3597 3669 3668
f 3597 3598 3669
f 3598 3670 3669
f 3598 3599 3670
f 3599 3671 3670
f 3599 3600 3671
f 3600 3672 3671
f 3600 3529 3672
f 3529 3601 3672
f 3601 3602 3673
f 3602 3674 3673
f 3602 3603 3674
f 3603 3675 3674
f 3603 3604 3675
f 3604 3676 3675
f 3604 3605 3676
f 3605 3677 3676
f 3605 3606 3677
f 3606 3678 3677
f 3606 3607 3678
f 3607 3679 3678
f 3607 3608 3679
f 3608 3680 3679
f 3608 3609 3680
f 3609 3681 3680
f 3609 3610 3681
f 3610 3682 3681
f 3610 3611 3682
f 3611 3683 3682
f 3611 3612 3683
f 3612 3684 3683
f 3612 3613 3684
f 3613 3685 3684
f 3613 3614 3685
f 3614 3686 3685
f 3614 3615 3686
f 3615 3687 3686
f 3615 3616 3687
f 3616 3688 3687
f 3616 3617 3688
f 3617 3689 3688
f 3617 3618 3689
f 3618 3690 3689
f 3618 3619 3690
f 3619 3691 3690
f 3619 3620 3691
f 3620 3692 3691
f 3620 3621 3692
f 3621 3693 3692
f 3621 3622 3693
f 3622 3694 3693
f 3622 3623 3694
f 3623 3695 3694
f 3623 3624 3695
f 3624 3696 3695
f 3624 3625 3696
f 3625 3697 3696
f 3625 3626 3697
f 3626 3698 3697
f 3626 3627 3698
f 3627 3699 3698
f 3627 3628 3699
f 3628 3700 3699
f 3628 3629 3700
f 3629 3701 3700
f 3629 3630 3701
f 3630 3702 3701
f 3630 3631 3702
f 3631 3703 3702
f 3631 3632 3703
f 3632 3704 3703
f 3632 3633 3704
f 3633 3705 3704
f 3633 3634 3705
f 3634 3706 3705
f 3634 3635 3706
f 3635 3707 3706
f 3635 3636 3707
f 3636 3708 3707
f 3636 3637 3708
f 3637 3709 3708
f 3637 3638 3709
f 3638 3710 3709
f 3638 3639 3710
f 3639 3711 3710
f 3639 3640 3711
f 3640 3712 3711
f 3640 3641 3712
f 3641 3713 3712
f 3641 3642 3713
f 3642 3714 3713
f 3642 3643 3714
f 3643 3715 3714
f 3643 3644 3715
f 3644 3716 3715
f 3644 3645 3716
f 3645 3717 3716
f 3645 3646 3717
f 3646 3718 3717
f 3646 3647 3718
f 3647 3719 3718
f 3647 3648 3719
f 3648 3720 3719
f 3648 3649 3720
f 3649 3721 3720
f 3649 3650 3721
f 3650 3722 3721
f 3650 3651 3722
f 3651 3723 3722
f 3651 3652 3723
f 3652 3724 3723
f 3652 3653 3724
f 3653 3725 3724
f 3653 3654 3725
f 3654 3726 3725
f 3654 3655 3726
f 3655 3727 3726
f 3655 3656 3727
f 3656 3728 3727
f 3656 3657 3728
f 3657 3729 3728
f 3657 3658 3729
f 3658 3730 3729
f 3658 3659 3730
f 3659 3731 3730
f 3659 3660 3731
f 3660 3732 3731
f 3660 3661 3732
f 3661 3733 3732
f 3661 3662 3733
f 3662 3734 3733
f 3662 3663 3734
f 3663 3735 3734
f 3663 3664 3735
f 3664 3736 3735
f 3664 3665 3736
f 3665 3737 3736
f 3665 3666 3737
f 3666 3738 3737
f 3666 3667 3738
f 3667 3739 3738
f 3667 3668 3739
f 3668 3740 3739
f 3668 3669 3740
f 3669 3741 3740
f 3669 3670 3741
f 3670 3742 3741
f 3670 3671 3742
f 3671 3743 3742
f 3671 3672 3743
f 3672 3744 3743
f 3672 3601 3744
f 3601 3673 3744
f 3673 3674 3745
f 3674 3746 3745
f 3674 3675 3746
f 3675 3747 3746
f 3675 3676 3747
f 3676 3748 3747
f 3676 3677 3748
f 3677 3749 3748
f 3677 3678 3749
f 3678 3750 3749
f 3678 3679 3750
f 3679 3751 3750
f 3679 3680 3751
f 3680 3752 3751
f 3680 3681 3752
f 3681 3753 3752
f 3681 3682 3753
f 3682 3754 3753
f 3682 3683 3754
f 3683 3755 3754
f 3683 3684 3755
f 3684 3756 3755
f 3684 3685 3756
f 3685 3757 3756
f 3685 3686 3757
f 3686 3758 3757
f 3686 3687 3758
f 3687 3759 3758
f 3687 3688 3759
f 3688 3760 3759
f 3688 3689 3760
f 3689 3761 3760
f 3689 3690 3761
f 3690 3762 3761
f 3690 3691 3762
f 3691 3763 3762
f 3691 3692 3763
f 3692 3764 3763
f 3692 3693 3764
f 3693 3765 3764
f 3693 3694 3765
f 3694 3766 3765
f 3694 3695 3766
f 3695 3767 3766
f 3695 3696 3767
f 3696 3768 3767
f 3696 3697 3768
f 3697 3769 3768
f 3697 3698 3769
f 3698 3770 3769
f 3698 3699 3770
f 3699 3771 3770
f 3699 3700 3771
f 3700 3772 3771
f 3700 3701 3772
f 3701 3773 3772
f 3701 3702 3773
f 3702 3774 3773
f 3702 3703 3774
f 3703 3775 3774
f 3703 3704 3775
f 3704 3776 3775
f 3704 3705 3776
f 3705 3777 3776
f 3705 3706 3777
f 3706 3778 3777
f 3706 3707 3778
f 3707 3779 3778
f 3707 3708 3779
f 3708 3780 3779
f 3708 3709 3780
f 3709 3781 3780
f 3709 3710 3781
f 3710 3782 3781
f 3710 3711 3782
f 3711 3783 3782
f 3711 3712 3783
f 3712 3784 3783
f 3712 3713 3784
f 3713 3785 3784
f 3713 3714 3785
f 3714 3786 3785
f 3714 3715 3786
f 3715 3787 3786
f 3715 3716 3787
f 3716 3788 3787
f 3716 3717 3788
f 3717 3789 3788
f 3717 3718 3789
f 3718 3790 3789
f 3718 3719 3790
f 3719 3791 3790
f 3719 3720 3791
f 3720 3792 3791
f 3720 3721 3792
f 3721 3793 3792
f 3721 3722 3793
f 3722 3794 3793
f 3722 3723 3794
f 3723 3795 3794
f 3723 3724 3795
f 3724 3796 3795
f 3724 3725 3796
f 3725 3797 3796
f 3725 3726 3797
f 3726 3798 3797
f 3726 3727 3798
f 3727 3799 3798
f 3727 3728 3799
f 3728 3800 3799
f 3728 3729 3800
f 3729 3801 3800
f 3729 3730 3801
f 3730 3802 3801
f 3730 3731 3802
f 3731 3803 3802
f 3731 3732 3803
f 3732 3804 3803
f 3732 3733 3804
f 3733 3805 3804
f 3733 3734 3805
f 3734 3806 3805
f 3734 3735 3806
f 3735 3807 3806
f 3735 3736 3807
f 3736 3808 3807
f 3736 3737 3808
f 3737 3809 3808
f 3737 3738 3809
f 3738 3810 3809
f 3738 3739 3810
f 3739 3811 3810
f 3739 3740 3811
f 3740 3812 3811
f 3740 3741 3812
f 3741 3813 3812
f 3741 3742 3813
f 3742 3814 3813
f 3742 3743 3814
f 3743 3815 3814
f 3743 3744 3815
f 3744 3816 3815
f 3744 3673 3816
f 3673 3745 3816
f 3745 3746 3817
f 3746 3818 3817
f 3746 3747 3818
f 3747 3819 3818
f 3747 3748 3819
f 3748 3820 3819
f 3748 3749 3820
f 3749 3821 3820
f 3749 3750 3821
f 3750 3822 3821
f 3750 3751 3822
f 3751 3823 3822
f 3751 3752 3823
f 3752 3824 3823
f 3752 3753 3824
f 3753 3825 3824
f 3753 3754 3825
f 3754 3826 3825
f 3754 3755 3826
f 3755 3827 3826
f 3755 3756 3827
f 3756 3828 3827
f 3756 3757 3828
f 3757 3829 3828
f 3757 3758 3829
f 3758 3830 3829
f 3758 3759 3830
f 3759 3831 3830
f 3759 3760 3831
f 3760 3832 3831
f 3760 3761 3832
f 3761 3833 3832
f 3761 3762 3833
f 3762 3834 3833
f 3762 3763 3834
f 3763 3835 3834
f 3763 3764 3835
f 3764 3836 3835
f 3764 3765 3836
f 3765 3837 3836
f 3765 3766 3837
f 3766 3838 3837
f 3766 3767 3838
f 3767 3839 3838
f 3767 3768 3839
f 3768 3840 3839
f 3768 3769 3840
f 3769 3841 3840
f 3769 3770 3841
f 3770 3842 3841
f 3770 3771 3842
f 3771 3843 3842
f 3771 3772 3843
f 3772 3844 3843
f 3772 3773 3844
f 3773 3845 3844
f 3773 3774 3845
f 3774 3846 3845
f 3774 3775 3846
f 3775 3847 3846
f 3775 3776 3847
f 3776 3848 3847
f 3776 3777 3848
f 3777 3849 3848
f 3777 3778 3849
f 3778 3850 3849
f 3778 3779 3850
f 3779 3851 3850
f 3779 3780 3851
f 3780 3852 3851
f 3780 3781 3852
f 3781 3853 3852
f 3781 3782 3853
f 3782 3854 3853
f 3782 3783 3854
f 3783 3855 3854
f 3783 3784 3855
f 3784 3856 3855
f 3784 3785 3856
f 3785 3857 3856
f 3785 3786 3857
f 3786 3858 3857
f 3786 3787 3858
f 3787 3859 3858
f 3787 3788 3859
f 3788 3860 3859
f 3788 3789 3860
f 3789 3861 3860
f 3789 3790 3861
f 3790 3862 3861
f 3790 3791 3862
f 3791 3863 3862
f 3791 3792 3863
f 3792 3864 3863
f 3792 3793 3864
f 3793 3865 3864
f 3793 3794 3865
f 3794 3866 3865
f 3794 3795 3866
f 3795 3867 3866
f 3795 3796 3867
f 3796 3868 3867
f 3796 3797 3868
f 3797 3869 3868
f 3797 3798 3869
f 3798 3870 3869
f 3798 3799 3870
f 3799 3871 3870
f 3799 3800 3871
f 3800 3872 3871
f 3800 3801 3872
f 3801 3873 3872
f 3801 3802 3873
f 3802 3874 3873
f 3802 3803 3874
f 3803 3875 3874
f 3803 3804 3875
f 3804 3876 3875
f 3804 3805 3876
f 3805 3877 3876
f 3805 3806 3877
f 3806 3878 3877
f 3806 3807 3878
f 3807 3879 3878
f 3807 3808 3879
f 3808 3880 3879
f 3808 3809 3880
f 3809 3881 3880
f 3809 3810 3881
f 3810 3882 3881
f 3810 3811 3882
f 3811 3883 3882
f 3811 3812 3883
f 3812 3884 3883
f 3812 3813 3884
f 3813 3885 3884
f 3813 3814 3885
f 3814 3886 3885
f 3814 3815 3886
f 3815 3887 3886
f 3815 3816 3887
f 3816 3888 3887
f 3816 3745 3888
f 3745 3817 3888
f 3817 3818 3889
f 3818 3890 3889
f 3818 3819 3890
f 3819 3891 3890
f 3819 3820 3891
f 3820 3892 3891
f 3820 3821 3892
f 3821 3893 3892
f 3821 3822 3893
f 3822 3894 3893
f 3822 3823 3894
f 3823 3895 3894
f 3823 3824 3895
f 3824 3896 3895
f 3824 3825 3896
f 3825 3897 3896
f 3825 3826 3897
f 3826 3898 3897
f 3826 3827 3898
f 3827 3899 3898
f 3827 3828 3899
f 3828 3900 3899
f 3828 3829 3900
f 3829 3901 3900
f 3829 3830 3901
f 3830 3902 3901
f 3830 3831 3902
f 3831 3903 3902
f 3831 3832 3903
f 3832 3904 3903
f 3832 3833 3904
f 3833 3905 3904
f 3833 3834 3905
f 3834 3906 3905
f 3834 3835 3906
f 3835 3907 3906
f 3835 3836 3907
f 3836 3908 3907
f 3836 3837 3908
f 3837 3909 3908
f 3837 3838 3909
f 3838 3910 3909
f 3838 3839 3910
f 3839 3911 3910
f 3839 3840 3911
f 3840 3912 3911
f 3840 3841 3912
f 3841 3913 3912
f 3841 3842 3913
f 3842 3914 3913
f 3842 3843 3914
f 3843 3915 3914
f 3843 3844 3915
f 3844 3916 3915
f 3844 3845 3916
f 3845 3917 3916
f 3845 3846 3917
f 3846 3918 3917
f 3846 3847 3918
f 3847 3919 3918
f 3847 3848 3919
f 3848 3920 3919
f 3848 3849 3920
f 3849 3921 3920
f 3849 3850 3921
f 3850 3922 3921
f 3850 3851 3922
f 3851 3923 3922
f 3851 3852 3923
f 3852 3924 3923
f 3852 3853 3924
f 3853 3925 3924
f 3853 3854 3925
f 3854 3926 3925
f 3854 3855 3926
f 3855 3927 3926
f 3855 3856 3927
f 3856 3928 3927
f 3856 3857 3928
f 3857 3929 3928
f 3857 3858 3929
f 3858 3930 3929
f 3858 3859 3930
f 3859 3931 3930
f 3859 3860 3931
f 3860 3932 3931
f 3860 3861 3932
f 3861 3933 3932
f 3861 3862 3933
f 3862 3934 3933
f 3862 3863 3934
f 3863 3935 3934
f 3863 3864 3935
f 3864 3936 3935
f 3864 3865 3936
f 3865 3937 3936
f 3865 3866 3937
f 3866 3938 3937
f 3866 3867 3938
f 3867 3939 3938
f 3867 3868 3939
f 3868 3940 3939
f 3868 3869 3940
f 3869 3941 3940
f 3869 3870 3941
f 3870 3942 3941
f 3870 3871 3942
f 3871 3943 3942
f 3871 3872 3943
f 3872 3944 3943
f 3872 3873 3944
f 3873 3945 3944
f 3873 3874 3945
f 3874 3946 3945
f 3874 3875 3946
f 3875 3947 3946
f 3875 3876 3947
f 3876 3948 3947
f 3876 3877 3948
f 3877 3949 3948
f 3877 3878 3949
f 3878 3950 3949
f 3878 3879 3950
f 3879 3951 3950
f 3879 3880 3951
f 3880 3952 3951
f 3880 3881 3952
f 3881 3953 3952
f 3881 3882 3953
f 3882 3954 3953
f 3882 3883 3954
f 3883 3955 3954
f 3883 3884 3955
f 3884 3956 3955
f 3884 3885 3956
f 3885 3957 3956
f 3885 3886 3957
f 3886 3958 3957
f 3886 3887 3958
f 3887 3959 3958
f 3887 3888 3959
f 3888 3960 3959
f 3888 3817 3960
f 3817 3889 3960
f 3889 3890 3961
f 3890 3962 3961
f 3890 3891 3962
f 3891 3963 3962
f 3891 3892 3963
f 3892 3964 3963
f 3892 3893 3964
f 3893 3965 3964
f 3893 3894 3965
f 3894 3966 3965
f 3894 3895 3966
f 3895 3967 3966
f 3895 3896 3967
f 3896 3968 3967
f 3896 3897 3968
f 3897 3969 3968
f 3897 3898 3969
f 3898 3970 3969
f 3898 3899 3970
f 3899 3971 3970
f 3899 3900 3971
f 3900 3972 3971
f 3900 3901 3972
f 3901 3973 3972
f 3901 3902 3973
f 3902 3974 3973
f 3902 3903 3974
f 3903 3975 3974
f 3903 3904 3975
f 3904 3976 3975
f 3904 3905 3976
f 3905 3977 3976
f 3905 3906 3977
f 3906 3978 3977
f 3906 3907 3978
f 3907 3979 3978
f 3907 3908 3979
f 3908 3980 3979
f 3908 3909 3980
f 3909 3981 3980
f 3909 3910 3981
f 3910 3982 3981
f 3910 3911 3982
f 3911 3983 3982
f 3911 3912 3983
f 3912 3984 3983
f 3912 3913 3984
f 3913 3985 3984
f 3913 3914 3985
f 3914 3986 3985
f 3914 3915 3986
f 3915 3987 3986
f 3915 3916 3987
f 3916 3988 3987
f 3916 3917 3988
f 3917 3989 3988
f 3917 3918 3989
f 3918 3990 3989
f 3918 3919 3990
f 3919 3991 3990
f 3919 3920 3991
f 3920 3992 3991
f 3920 3921 3992
f 3921 3993 3992
f 3921 3922 3993
f 3922 3994 3993
f 3922 3923 3994
f 3923 3995 3994
f 3923 3924 3995
f 3924 3996 3995
f 3924 3925 3996
f 3925 3997 3996
f 3925 3926 3997
f 3926 3998 3997
f 3926 3927 3998
f 3927 3999 3998
f 3927 3928 3999
f 3928 4000 3999
f 3928 3929 4000
f 3929 4001 4000
f 3929 3930 4001
f 3930 4002 4001
f 3930 3931 4002
f 3931 4003 4002
f 3931 3932 4003
f 3932 4004 4003
f 3932 3933 4004
f 3933 4005 4004
f 3933 3934 4005
f 3934 4006 4005
f 3934 3935 4006
f 3935 4007 4006
f 3935 3936 4007
f 3936 4008 4007
f 3936 3937 4008
f 3937 4009 4008
f 3937 3938 4009
f 3938 4010 4009
f 3938 3939 4010
f 3939 4011 4010
f 3939 3940 4011
f 3940 4012 4011
f 3940 3941 4012
f 3941 4013 4012
f 3941 3942 4013
f 3942 4014 4013
f 3942 3943 4014
f 3943 4015 4014
f 3943 3944 4015
f 3944 4016 4015
f 3944 3945 4016
f 3945 4017 4016
f 3945 3946 4017
f 3946 4018 4017
f 3946 3947 4018
f 3947 4019 4018
f 3947 3948 4019
f 3948 4020 4019
f 3948 3949 4020
f 3949 4021 4020
f 3949 3950 4021
f 3950 4022 4021
f 3950 3951 4022
f 3951 4023 4022
f 3951 3952 4023
f 3952 4024 4023
f 3952 3953 4024
f 3953 4025 4024
f 3953 3954 4025
f 3954 4026 4025
f 3954 3955 4026
f 3955 4027 4026
f 3955 3956 4027
f 3956 4028 4027
f 3956 3957 4028
f 3957 4029 4028
f 3957 3958 4029
f 3958 4030 4029
f 3958 3959 4030
f 3959 4031 4030
f 3959 3960 4031
f 3960 4032 4031
f 3960 3889 4032
f 3889 3961 4032
f 3961 3962 4033
f 3962 4034 4033
f 3962 3963 4034
f 3963 4035 4034
f 3963 3964 4035
f 3964 4036 4035
f 3964 3965 4036
f 3965 4037 4036
f 3965 3966 4037
f 3966 4038 4037
f 3966 3967 4038
f 3967 4039 4038
f 3967 3968 4039
f 3968 4040 4039
f 3968 3969 4040
f 3969 4041 4040
f 3969 3970 4041
f 3970 4042 4041
f 3970 3971 4042
f 3971 4043 4042
f 3971 3972 4043
f 3972 4044 4043
f 3972 3973 4044
f 3973 4045 4044
f 3973 3974 4045
f 3974 4046 4045
f 3974 3975 4046
f 3975 4047 4046
f 3975 3976 4047
f 3976 4048 4047
f 3976 3977 4048
f 3977 4049 4048
f 3977 3978 4049
f 3978 4050 4049
f 3978 3979 4050
f 3979 4051 4050
f 3979 3980 4051
f 3980 4052 4051
f 3980 3981 4052
f 3981 4053 4052
f 3981 3982 4053
f 3982 4054 4053
f 3982 3983 4054
f 3983 4055 4054
f 3983 3984 4055
f 3984 4056 4055
f 3984 3985 4056
f 3985 4057 4056
f 3985 3986 4057
f 3986 4058 4057
f 3986 3987 4058
f 3987 4059 4058
f 3987 3988 4059
f 3988 4060 4059
f 3988 3989 4060
f 3989 4061 4060
f 3989 3990 4061
f 3990 4062 4061
f 3990 3991 4062
f 3991 4063 4062
f 3991 3992 4063
f 3992 4064 4063
f 3992 3993 4064
f 3993 4065 4064
f 3993 3994 4065
f 3994 4066 4065
f 3994 3995 4066
f 3995 4067 4066
f 3995 3996 4067
f 3996 4068 4067
f 3996 3997 4068
f 3997 4069 4068
f 3997 3998 4069
f 3998 4070 4069
f 3998 3999 4070
f 3999 4071 4070
f 3999 4000 4071
f 4000 4072 4071
f 4000 4001 4072
f 4001 4073 4072
f 4001 4002 4073
f 4002 4074 4073
f 4002 4003 4074
f 4003 4075 4074
f 4003 4004 4075
f 4004 4076 4075
f 4004 4005 4076
f 4005 4077 4076
f 4005 4006 4077
f 4006 4078 4077
f 4006 4007 4078
f 4007 4079 4078
f 4007 4008 4079
f 4008 4080 4079
f 4008 4009 4080
f 4009 4081 4080
f 4009 4010 4081
f 4010 4082 4081
f 4010 4011 4082
f 4011 4083 4082
f 4011 4012 4083
f 4012 4084 4083
f 4012 4013 4084
f 4013 4085 4084
f 4013 4014 4085
f 4014 4086 4085
f 4014 4015 4086
f 4015 4087 4086
f 4015 4016 4087
f 4016 4088 4087
f 4016 4017 4088
f 4017 4089 4088
f 4017 4018 4089
f 4018 4090 4089
f 4018 4019 4090
f 4019 4091 4090
f 4019 4020 4091
f 4020 4092 4091
f 4020 4021 4092
f 4021 4093 4092
f 4021 4022 4093
f 4022 4094 4093
f 4022 4023 4094
f 4023 4095 4094
f 4023 4024 4095
f 4024 4096 4095
f 4024 4025 4096
f 4025 4097 4096
f 4025 4026 4097
f 4026 4098 4097
f 4026 4027 4098
f 4027 4099 4098
f 4027 4028 4099
f 4028 4100 4099
f 4028 4029 4100
f 4029 4101 4100
f 4029 4030 4101
f 4030 4102 4101
f 4030 4031 4102
f 4031 4103 4102
f 4031 4032 4103
f 4032 4104 4103
f 4032 3961 4104
f 3961 4033 4104
f 4033 4034 4105
f 4034 4106 4105
f 4034 4035 4106
f 4035 4107 4106
f 4035 4036 4107
f 4036 4108 4107
f 4036 4037 4108
f 4037 4109 4108
f 4037 4038 4109
f 4038 4110 4109
f 4038 4039 4110
f 4039 4111 4110
f 4039 4040 4111
f 4040 4112 4111
f 4040 4041 4112
f 4041 4113 4112
f 4041 4042 4113
f 4042 4114 4113
f 4042 4043 4114
f 4043 4115 4114
f 4043 4044 4115
f 4044 4116 4115
f 4044 4045 4116
f 4045 4117 4116
f 4045 4046 4117
f 4046 4118 4117
f 4046 4047 4118
f 4047 4119 4118
f 4047 4048 4119
f 4048 4120 4119
f 4048 4049 4120
f 4049 4121 4120
f 4049 4050 4121
f 4050 4122 4121
f 4050 4051 4122
f 4051 4123 4122
f 4051 4052 4123
f 4052 4124 4123
f 4052 4053 4124
f 4053 4125 4124
f 4053 4054 4125
f 4054 4126 4125
f 4054 4055 4126
f 4055 4127 4126
f 4055 4056 4127
f 4056 4128 4127
f 4056 4057 4128
f 4057 4129 4128
f 4057 4058 4129
f 4058 4130 4129
f 4058 4059 4130
f 4059 4131 4130
f 4059 4060 4131
f 4060 4132 4131
f 4060 4061 4132
f 4061 4133 4132
f 4061 4062 4133
f 4062 4134 4133
f 4062 4063 4134
f 4063 4135 4134
f 4063 4064 4135
f 4064 4136 4135
f 4064 4065 4136
f 4065 4137 4136
f 4065 4066 4137
f 4066 4138 4137
f 4066 4067 4138
f 4067 4139 4138
f 4067 4068 4139
f 4068 4140 4139
f 4068 4069 4140
f 4069 4141 4140
f 4069 4070 4141
f 4070 4142 4141
f 4070 4071 4142
f 4071 4143 4142
f 4071 4072 4143
f 4072 4144 4143
f 4072 4073 4144
f 4073 4145 4144
f 4073 4074 4145
f 4074 4146 4145
f 4074 4075 4146
f 4075 4147 4146
f 4075 4076 4147
f 4076 4148 4147
f 4076 4077 4148
f 4077 4149 4148
f 4077 4078 4149
f 4078 4150 4149
f 4078 4079 4150
f 4079 4151 4150
f 4079 4080 4151
f 4080 4152 4151
f 4080 4081 4152
f 4081 4153 4152
f 4081 4082 4153
f 4082 4154 4153
f 4082 4083 4154
f 4083 4155 4154
f 4083 4084 4155
f 4084 4156 4155
f 4084 4085 4156
f 4085 4157 4156
f 4085 4086 4157
f 4086 4158 4157
f 4086 4087 4158
f 4087 4159 4158
f 4087 4088 4159
f 4088 4160 4159
f 4088 4089 4160
f 4089 4161 4160
f 4089 4090 4161
f 4090 4162 4161
f 4090 4091 4162
f 4091 4163 4162
f 4091 4092 4163
f 4092 4164 4163
f 4092 4093 4164
f 4093 4165 4164
f 4093 4094 4165
f 4094 4166 4165
f 4094 4095 4166
f 4095 4167 4166
f 4095 4096 4167
f 4096 4168 4167
f 4096 4097 4168
f 4097 4169 4168
f 4097 4098 4169
f 4098 4170 4169
f 4098 4099 4170
f 4099 4171 4170
f 4099 4100 4171
f 4100 4172 4171
f 4100 4101 4172
f 4101 4173 4172
f 4101 4102 4173
f 4102 4174 4173
f 4102 4103 4174
f 4103 4175 4174
f 4103 4104 4175
f 4104 4176 4175
f 4104 4033 4176
f 4033 4105 4176
f 4105 4106 4177
f 4106 4178 4177
f 4106 4107 4178
f 4107 4179 4178
f 4107 4108 4179
f 4108 4180 4179
f 4108 4109 4180
f 4109 4181 4180
f 4109 4110 4181
f 4110 4182 4181
f 4110 4111 4182
f 4111 4183 4182
f 4111 4112 4183
f 4112 4184 4183
f 4112 4113 4184
f 4113 4185 4184
f 4113 4114 4185
f 4114 4186 4185
f 4114 4115 4186
f 4115 4187 4186
f 4115 4116 4187
f 4116 4188 4187
f 4116 4117 4188
f 4117 4189 4188
f 4117 4118 4189
f 4118 4190 4189
f 4118 4119 4190
f 4119 4191 4190
f 4119 4120 4191
f 4120 4192 4191
f 4120 4121 4192
f 4121 4193 4192
f 4121 4122 4193
f 4122 4194 4193
f 4122 4123 4194
f 4123 4195 4194
f 4123 4124 4195
f 4124 4196 4195
f 4124 4125 4196
f 4125 4197 4196
f 4125 4126 4197
f 4126 4198 4197
f 4126 4127 4198
f 4127 4199 4198
f 4127 4128 4199
f 4128 4200 4199
f 4128 4129 4200
f 4129 4201 4200
f 4129 4130 4201
f 4130 4202 4201
f 4130 4131 4202
f 4131 4203 4202
f 4131 4132 4203
f 4132 4204 4203
f 4132 4133 4204
f 4133 4205 4204
f 4133 4134 4205
f 4134 4206 4205
f 4134 4135 4206
f 4135 4207 4206
f 4135 4136 4207
f 4136 4208 4207
f 4136 4137 4208
f 4137 4209 4208
f 4137 4138 4209
f 4138 4210 4209
f 4138 4139 4210
f 4139 4211 4210
f 4139 4140 4211
f 4140 4212 4211
f 4140 4141 4212
f 4141 4213 4212
f 4141 4142 4213
f 4142 4214 4213
f 4142 4143 4214
f 4143 4215 4214
f 4143 4144 4215
f 4144 4216 4215
f 4144 4145 4216
f 4145 4217 4216
f 4145 4146 4217
f 4146 4218 4217
f 4146 4147 4218
f 4147 4219 4218
f 4147 4148 4219
f 4148 4220 4219
f 4148 4149 4220
f 4149 4221 4220
f 4149 4150 4221
f 4150 4222 4221
f 4150 4151 4222
f 4151 4223 4222
f 4151 4152 4223
f 4152 4224 4223
f 4152 4153 4224
f 4153 4225 4224
f 4153 4154 4225
f 4154 4226 4225
f 4154 4155 4226
f 4155 4227 4226
f 4155 4156 4227
f 4156 4228 4227
f 4156 4157 4228
f 4157 4229 4228
f 4157 4158 4229
f 4158 4230 4229
f 4158 4159 4230
f 4159 4231 4230
f 4159 4160 4231
f 4160 4232 4231
f 4160 4161 4232
f 4161 4233 4232
f 4161 4162 4233
f 4162 4234 4233
f 4162 4163 4234
f 4163 4235 4234
f 4163 4164 4235
f 4164 4236 4235
f 4164 4165 4236
f 4165 4237 4236
f 4165 4166 4237
f 4166 4238 4237
f 4166 4167 4238
f 4167 4239 4238
f 4167 4168 4239
f 4168 4240 4239
f 4168 4169 4240
f 4169 4241 4240
f 4169 4170 4241
f 4170 4242 4241
f 4170 4171 4242
f 4171 4243 4242
f 4171 4172 4243
f 4172 4244 4243
f 4172 4173 4244
f 4173 4245 4244
f 4173 4174 4245
f 4174 4246 4245
f 4174 4175 4246
f 4175 4247 4246
f 4175 4176 4247
f 4176 4248 4247
f 4176 4105 4248
f 4105 4177 4248
f 4177 4178 4249
f 4178 4250 4249
f 4178 4179 4250
f 4179 4251 4250
f 4179 4180 4251
f 4180 4252 4251
f 4180 4181 4252
f 4181 4253 4252
f 4181 4182 4253
f 4182 4254 4253
f 4182 4183 4254
f 4183 4255 4254
f 4183 4184 4255
f 4184 4256 4255
f 4184 4185 4256
f 4185 4257 4256
f 4185 4186 4257
f 4186 4258 4257
f 4186 4187 4258
f 4187 4259 4258
f 4187 4188 4259
f 4188 4260 4259
f 4188 4189 4260
f 4189 4261 4260
f 4189 4190 4261
f 4190 4262 4261
f 4190 4191 4262
f 4191 4263 4262
f 4191 4192 4263
f 4192 4264 4263
f 4192 4193 4264
f 4193 4265 4264
f 4193 4194 4265
f 4194 4266 4265
f 4194 4195 4266
f 4195 4267 4266
f 4195 4196 4267
f 4196 4268 4267
f 4196 4197 4268
f 4197 4269 4268
f 4197 4198 4269
f 4198 4270 4269
f 4198 4199 4270
f 4199 4271 4270
f 4199 4200 4271
f 4200 4272 4271
f 4200 4201 4272
f 4201 4273 4272
f 4201 4202 4273
f 4202 4274 4273
f 4202 4203 4274
f 4203 4275 4274
f 4203 4204 4275
f 4204 4276 4275
f 4204 4205 4276
f 4205 4277 4276
f 4205 4206 4277
f 4206 4278 4277
f 4206 4207 4278
f 4207 4279 4278
f 4207 4208 4279
f 4208 4280 4279
f 4208 4209 4280
f 4209 4281 4280
f 4209 4210 4281
f 4210 4282 4281
f 4210 4211 4282
f 4211 4283 4282
f 4211 4212 4283
f 4212 4284 4283
f 4212 4213 4284
f 4213 4285 4284
f 4213 4214 4285
f 4214 4286 4285
f 4214 4215 4286
f 4215 4287 4286
f 4215 4216 4287
f 4216 4288 4287
f 4216 4217 4288
f 4217 4289 4288
f 4217 4218 4289
f 4218 4290 4289
f 4218 4219 4290
f 4219 4291 4290
f 4219 4220 4291
f 4220 4292 4291
f 4220 4221 4292
f 4221 4293 4292
f 4221 4222 4293
f 4222 4294 4293
f 4222 4223 4294
f 4223 4295 4294
f 4223 4224 4295
f 4224 4296 4295
f 4224 4225 4296
f 4225 4297 4296
f 4225 4226 4297
f 4226 4298 4297
f 4226 4227 4298
f 4227 4299 4298
f 4227 4228 4299
f 4228 4300 4299
f 4228 4229 4300
f 4229 4301 4300
f 4229 4230 4301
f 4230 4302 4301
f 4230 4231 4302
f 4231 4303 4302
f 4231 4232 4303
f 4232 4304 4303
f 4232 4233 4304
f 4233 4305 4304
f 4233 4234 4305
f 4234 4306 4305
f 4234 4235 4306
f 4235 4307 4306
f 4235 4236 4307
f 4236 4308 4307
f 4236 4237 4308
f 4237 4309 4308
f 4237 4238 4309
f 4238 4310 4309
f 4238 4239 4310
f 4239 4311 4310
f 4239 4240 4311
f 4240 4312 4311
f 4240 4241 4312
f 4241 4313 4312
f 4241 4242 4313
f 4242 4314 4313
f 4242 4243 4314
f 4243 4315 4314
f 4243 4244 4315
f 4244 4316 4315
f 4244 4245 4316
f 4245 4317 4316
f 4245 4246 4317
f 4246 4318 4317
f 4246 4247 4318
f 4247 4319 4318
f 4247 4248 4319
f 4248 4320 4319
f 4248 4177 4320
f 4177 4249 4320
f 4249 4250 4321
f 4250 4322 4321
f 4250 4251 4322
f 4251 4323 4322
f 4251 4252 4323
f 4252 4324 4323
f 4252 4253 4324
f 4253 4325 4324
f 4253 4254 4325
f 4254 4326 4325
f 4254 4255 4326
f 4255 4327 4326
f 4255 4256 4327
f 4256 4328 4327
f 4256 4257 4328
f 4257 4329 4328
f 4257 4258 4329
f 4258 4330 4329
f 4258 4259 4330
f 4259 4331 4330
f 4259 4260 4331
f 4260 4332 4331
f 4260 4261 4332
f 4261 4333 4332
f 4261 4262 4333
f 4262 4334 4333
f 4262 4263 4334
f 4263 4335 4334
f 4263 4264 4335
f 4264 4336 4335
f 4264 4265 4336
f 4265 4337 4336
f 4265 4266 4337
f 4266 4338 4337
f 4266 4267 4338
f 4267 4339 4338
f 4267 4268 4339
f 4268 4340 4339
f 4268 4269 4340
f 4269 4341 4340
f 4269 4270 4341
f 4270 4342 4341
f 4270 4271 4342
f 4271 4343 4342
f 4271 4272 4343
f 4272 4344 4343
f 4272 4273 4344
f 4273 4345 4344
f 4273 4274 4345
f 4274 4346 4345
f 4274 4275 4346
f 4275 4347 4346
f 4275 4276 4347
f 4276 4348 4347
f 4276 4277 4348
f 4277 4349 4348
f 4277 4278 4349
f 4278 4350 4349
f 4278 4279 4350
f 4279 4351 4350
f 4279 4280 4351
f 4280 4352 4351
f 4280 4281 4352
f 4281 4353 4352
f 4281 4282 4353
f 4282 4354 4353
f 4282 4283 4354
f 4283 4355 4354
f 4283 4284 4355
f 4284 4356 4355
f 4284 4285 4356
f 4285 4357 4356
f 4285 4286 4357
f 4286 4358 4357
f 4286 4287 4358
f 4287 4359 4358
f 4287 4288 4359
f 4288 4360 4359
f 4288 4289 4360
f 4289 4361 4360
f 4289 4290 4361
f 4290 4362 4361
f 4290 4291 4362
f 4291 4363 4362
f 4291 4292 4363
f 4292 4364 4363
f 4292 4293 4364
f 4293 4365 4364
f 4293 4294 4365
f 4294 4366 4365
f 4294 4295 4366
f 4295 4367 4366
f 4295 4296 4367
f 4296 4368 4367
f 4296 4297 4368
f 4297 4369 4368
f 4297 4298 4369
f 4298 4370 4369
f 4298 4299 4370
f 4299 4371 4370
f 4299 4300 4371
f 4300 4372 4371
f 4300 4301 4372
f 4301 4373 4372
f 4301 4302 4373
f 4302 4374 4373
f 4302 4303 4374
f 4303 4375 4374
f 4303 4304 4375
f 4304 4376 4375
f 4304 4305 4376
f 4305 4377 4376
f 4305 4306 4377
f 4306 4378 4377
f 4306 4307 4378
f 4307 4379 4378
f 4307 4308 4379
f 4308 4380 4379
f 4308 4309 4380
f 4309 4381 4380
f 4309 4310 4381
f 4310 4382 4381
f 4310 4311 4382
f 4311 4383 4382
f 4311 4312 4383
f 4312 4384 4383
f 4312 4313 4384
f 4313 4385 4384
f 4313 4314 4385
f 4314 4386 4385
f 4314 4315 4386
f 4315 4387 4386
f 4315 4316 4387
f 4316 4388 4387
f 4316 4317 4388
f 4317 4389 4388
f 4317 4318 4389
f 4318 4390 4389
f 4318 4319 4390
f 4319 4391 4390
f 4319 4320 4391
f 4320 4392 4391
f 4320 4249 4392
f 4249 4321 4392
f 4321 4322 4393
f 4322 4394 4393
f 4322 4323 4394
f 4323 4395 4394
f 4323 4324 4395
f 4324 4396 4395
f 4324 4325 4396
f 4325 4397 4396
f 4325 4326 4397
f 4326 4398 4397
f 4326 4327 4398
f 4327 4399 4398
f 4327 4328 4399
f 4328 4400 4399
f 4328 4329 4400
f 4329 4401 4400
f 4329 4330 4401
f 4330 4402 4401
f 4330 4331 4402
f 4331 4403 4402
f 4331 4332 4403
f 4332 4404 4403
f 4332 4333 4404
f 4333 4405 4404
f 4333 4334 4405
f 4334 4406 4405
f 4334 4335 4406
f 4335 4407 4406
f 4335 4336 4407
f 4336 4408 4407
f 4336 4337 4408
f 4337 4409 4408
f 4337 4338 4409
f 4338 4410 4409
f 4338 4339 4410
f 4339 4411 4410
f 4339 4340 4411
f 4340 4412 4411
f 4340 4341 4412
f 4341 4413 4412
f 4341 4342 4413
f 4342 4414 4413
f 4342 4343 4414
f 4343 4415 4414
f 4343 4344 4415
f 4344 4416 4415
f 4344 4345 4416
f 4345 4417 4416
f 4345 4346 4417
f 4346 4418 4417
f 4346 4347 4418
f 4347 4419 4418
f 4347 4348 4419
f 4348 4420 4419
f 4348 4349 4420
f 4349 4421 4420
f 4349 4350 4421
f 4350 4422 4421
f 4350 4351 4422
f 4351 4423 4422
f 4351 4352 4423
f 4352 4424 4423
f 4352 4353 4424
f 4353 4425 4424
f 4353 4354 4425
f 4354 4426 4425
f 4354 4355 4426
f 4355 4427 4426
f 4355 4356 4427
f 4356 4428 4427
f 4356 4357 4428
f 4357 4429 4428
f 4357 4358 4429
f 4358 4430 4429
f 4358 4359 4430
f 4359 4431 4430
f 4359 4360 4431
f 4360 4432 4431
f 4360 4361 4432
f 4361 4433 4432
f 4361 4362 4433
f 4362 4434 4433
f 4362 4363 4434
f 4363 4435 4434
f 4363 4364 4435
f 4364 4436 4435
f 4364 4365 4436
f 4365 4437 4436
f 4365 4366 4437
f 4366 4438 4437
f 4366 4367 4438
f 4367 4439 4438
f 4367 4368 4439
f 4368 4440 4439
f 4368 4369 4440
f 4369 4441 4440
f 4369 4370 4441
f 4370 4442 4441
f 4370 4371 4442
f 4371 4443 4442
f 4371 4372 4443
f 4372 4444 4443
f 4372 4373 4444
f 4373 4445 4444
f 4373 4374 4445
f 4374 4446 4445
f 4374 4375 4446
f 4375 4447 4446
f 4375 4376 4447
f 4376 4448 4447
f 4376 4377 4448
f 4377 4449 4448
f 4377 4378 4449
f 4378 4450 4449
f 4378 4379 4450
f 4379 4451 4450
f 4379 4380 4451
f 4380 4452 4451
f 4380 4381 4452
f 4381 4453 4452
f 4381 4382 4453
f 4382 4454 4453
f 4382 4383 4454
f 4383 4455 4454
f 4383 4384 4455
f 4384 4456 4455
f 4384 4385 4456
f 4385 4457 4456
f 4385 4386 4457
f 4386 4458 4457
f 4386 4387 4458
f 4387 4459 4458
f 4387 4388 4459
f 4388 4460 4459
f 4388 4389 4460
f 4389 4461 4460
f 4389 4390 4461
f 4390 4462 4461
f 4390 4391 4462
f 4391 4463 4462
f 4391 4392 4463
f 4392 4464 4463
f 4392 4321 4464
f 4321 4393 4464
f 4393 4394 4465
f 4394 4466 4465
f 4394 4395 4466
f 4395 4467 4466
f 4395 4396 4467
f 4396 4468 4467
f 4396 4397 4468
f 4397 4469 4468
f 4397 4398 4469
f 4398 4470 4469
f 4398 4399 4470
f 4399 4471 4470
f 4399 4400 4471
f 4400 4472 4471
f 4400 4401 4472
f 4401 4473 4472
f 4401 4402 4473
f 4402 4474 4473
f 4402 4403 4474
f 4403 4475 4474
f 4403 4404 4475
f 4404 4476 4475
f 4404 4405 4476
f 4405 4477 4476
f 4405 4406 4477
f 4406 4478 4477
f 4406 4407 4478
f 4407 4479 4478
f 4407 4408 4479
f 4408 4480 4479
f 4408 4409 4480
f 4409 4481 4480
f 4409 4410 4481
f 4410 4482 4481
f 4410 4411 4482
f 4411 4483 4482
f 4411 4412 4483
f 4412 4484 4483
f 4412 4413 4484
f 4413 4485 4484
f 4413 4414 4485
f 4414 4486 4485
f 4414 4415 4486
f 4415 4487 4486
f 4415 4416 4487
f 4416 4488 4487
f 4416 4417 4488
f 4417 4489 4488
f 4417 4418 4489
f 4418 4490 4489
f 4418 4419 4490
f 4419 4491 4490
f 4419 4420 4491
f 4420 4492 4491
f 4420 4421 4492
f 4421 4493 4492
f 4421 4422 4493
f 4422 4494 4493
f 4422 4423 4494
f 4423 4495 4494
f 4423 4424 4495
f 4424 4496 4495
f 4424 4425 4496
f 4425 4497 4496
f 4425 4426 4497
f 4426 4498 4497
f 4426 4427 4498
f 4427 4499 4498
f 4427 4428 4499
f 4428 4500 4499
f 4428 4429 4500
f 4429 4501 4500
f 4429 4430 4501
f 4430 4502 4501
f 4430 4431 4502
f 4431 4503 4502
f 4431 4432 4503
f 4432 4504 4503
f 4432 4433 4504
f 4433 4505 4504
f 4433 4434 4505
f 4434 4506 4505
f 4434 4435 4506
f 4435 4507 4506
f 4435 4436 4507
f 4436 4508 4507
f 4436 4437 4508
f 4437 4509 4508
f 4437 4438 4509
f 4438 4510 4509
f 4438 4439 4510
f 4439 4511 4510
f 4439 4440 4511
f 4440 4512 4511
f 4440 4441 4512
f 4441 4513 4512
f 4441 4442 4513
f 4442 4514 4513
f 4442 4443 4514
f 4443 4515 4514
f 4443 4444 4515
f 4444 4516 4515
f 4444 4445 4516
f 4445 4517 4516
f 4445 4446 4517
f 4446 4518 4517
f 4446 4447 4518
f 4447 4519 4518
f 4447 4448 4519
f 4448 4520 4519
f 4448 4449 4520
f 4449 4521 4520
f 4449 4450 4521
f 4450 4522 4521
f 4450 4451 4522
f 4451 4523 4522
f 4451 4452 4523
f 4452 4524 4523
f 4452 4453 4524
f 4453 4525 4524
f 4453 4454 4525
f 4454 4526 4525
f 4454 4455 4526
f 4455 4527 4526
f 4455 4456 4527
f 4456 4528 4527
f 4456 4457 4528
f 4457 4529 4528
f 4457 4458 4529
f 4458 4530 4529
f 4458 4459 4530
f 4459 4531 4530
f 4459 4460 4531
f 4460 4532 4531
f 4460 4461 4532
f 4461 4533 4532
f 4461 4462 4533
f 4462 4534 4533
f 4462 4463 4534
f 4463 4535 4534
f 4463 4464 4535
f 4464 4536 4535
f 4464 4393 4536
f 4393 4465 4536
f 4465 4466 4537
f 4466 4538 4537
f 4466 4467 4538
f 4467 4539 4538
f 4467 4468 4539
f 4468 4540 4539
f 4468 4469 4540
f 4469 4541 4540
f 4469 4470 4541
f 4470 4542 4541
f 4470 4471 4542
f 4471 4543 4542
f 4471 4472 4543
f 4472 4544 4543
f 4472 4473 4544
f 4473 4545 4544
f 4473 4474 4545
f 4474 4546 4545
f 4474 4475 4546
f 4475 4547 4546
f 4475 4476 4547
f 4476 4548 4547
f 4476 4477 4548
f 4477 4549 4548
f 4477 4478 4549
f 4478 4550 4549
f 4478 4479 4550
f 4479 4551 4550
f 4479 4480 4551
f 4480 4552 4551
f 4480 4481 4552
f 4481 4553 4552
f 4481 4482 4553
f 4482 4554 4553
f 4482 4483 4554
f 4483 4555 4554
f 4483 4484 4555
f 4484 4556 4555
f 4484 4485 4556
f 4485 4557 4556
f 4485 4486 4557
f 4486 4558 4557
f 4486 4487 4558
f 4487 4559 4558
f 4487 4488 4559
f 4488 4560 4559
f 4488 4489 4560
f 4489 4561 4560
f 4489 4490 4561
f 4490 4562 4561
f 4490 4491 4562
f 4491 4563 4562
f 4491 4492 4563
f 4492 4564 4563
f 4492 4493 4564
f 4493 4565 4564
f 4493 4494 4565
f 4494 4566 4565
f 4494 4495 4566
f 4495 4567 4566
f 4495 4496 4567
f 4496 4568 4567
f 4496 4497 4568
f 4497 4569 4568
f 4497 4498 4569
f 4498 4570 4569
f 4498 4499 4570
f 4499 4571 4570
f 4499 4500 4571
f 4500 4572 4571
f 4500 4501 4572
f 4501 4573 4572
f 4501 4502 4573
f 4502 4574 4573
f 4502 4503 4574
f 4503 4575 4574
f 4503 4504 4575
f 4504 4576 4575
f 4504 4505 4576
f 4505 4577 4576
f 4505 4506 4577
f 4506 4578 4577
f 4506 4507 4578
f 4507 4579 4578
f 4507 4508 4579
f 4508 4580 4579
f 4508 4509 4580
f 4509 4581 4580
f 4509 4510 4581
f 4510 4582 4581
f 4510 4511 4582
f 4511 4583 4582
f 4511 4512 4583
f 4512 4584 4583
f 4512 4513 4584
f 4513 4585 4584
f 4513 4514 4585
f 4514 4586 4585
f 4514 4515 4586
f 4515 4587 4586
f 4515 4516 4587
f 4516 4588 4587
f 4516 4517 4588
f 4517 4589 4588
f 4517 4518 4589
f 4518 4590 4589
f 4518 4519 4590
f 4519 4591 4590
f 4519 4520 4591
f 4520 4592 4591
f 4520 4521 4592
f 4521 4593 4592
f 4521 4522 4593
f 4522 4594 4593
f 4522 4523 4594
f 4523 4595 4594
f 4523 4524 4595
f 4524 4596 4595
f 4524 4525 4596
f 4525 4597 4596
f 4525 4526 4597
f 4526 4598 4597
f 4526 4527 4598
f 4527 4599 4598
f 4527 4528 4599
f 4528 4600 4599
f 4528 4529 4600
f 4529 4601 4600
f 4529 4530 4601
f 4530 4602 4601
f 4530 4531 4602
f 4531 4603 4602
f 4531 4532 4603
f 4532 4604 4603
f 4532 4533 4604
f 4533 4605 4604
f 4533 4534 4605
f 4534 4606 4605
f 4534 4535 4606
f 4535 4607 4606
f 4535 4536 4607
f 4536 4608 4607
f 4536 4465 4608
f 4465 4537 4608
f 4537 4538 4609
f 4538 4610 4609
f 4538 4539 4610
f 4539 4611 4610
f 4539 4540 4611
f 4540 4612 4611
f 4540 4541 4612
f 4541 4613 4612
f 4541 4542 4613
f 4542 4614 4613
f 4542 4543 4614
f 4543 4615 4614
f 4543 4544 4615
f 4544 4616 4615
f 4544 4545 4616
f 4545 4617 4616
f 4545 4546 4617
f 4546 4618 4617
f 4546 4547 4618
f 4547 4619 4618
f 4547 4548 4619
f 4548 4620 4619
f 4548 4549 4620
f 4549 4621 4620
f 4549 4550 4621
f 4550 4622 4621
f 4550 4551 4622
f 4551 4623 4622
f 4551 4552 4623
f 4552 4624 4623
f 4552 4553 4624
f 4553 4625 4624
f 4553 4554 4625
f 4554 4626 4625
f 4554 4555 4626
f 4555 4627 4626
f 4555 4556 4627
f 4556 4628 4627
f 4556 4557 4628
f 4557 4629 4628
f 4557 4558 4629
f 4558 4630 4629
f 4558 4559 4630
f 4559 4631 4630
f 4559 4560 4631
f 4560 4632 4631
f 4560 4561 4632
f 4561 4633 4632
f 4561 4562 4633
f 4562 4634 4633
f 4562 4563 4634
f 4563 4635 4634
f 4563 4564 4635
f 4564 4636 4635
f 4564 4565 4636
f 4565 4637 4636
f 4565 4566 4637
f 4566 4638 4637
f 4566 4567 4638
f 4567 4639 4638
f 4567 4568 4639
f 4568 4640 4639
f 4568 4569 4640
f 4569 4641 4640
f 4569 4570 4641
f 4570 4642 4641
f 4570 4571 4642
f 4571 4643 4642
f 4571 4572 4643
f 4572 4644 4643
f 4572 4573 4644
f 4573 4645 4644
f 4573 4574 4645
f 4574 4646 4645
f 4574 4575 4646
f 4575 4647 4646
f 4575 4576 4647
f 4576 4648 4647
f 4576 4577 4648
f 4577 4649 4648
f 4577 4578 4649
f 4578 4650 4649
f 4578 4579 4650
f 4579 4651 4650
f 4579 4580 4651
f 4580 4652 4651
f 4580 4581 4652
f 4581 4653 4652
f 4581 4582 4653
f 4582 4654 4653
f 4582 4583 4654
f 4583 4655 4654
f 4583 4584 4655
f 4584 4656 4655
f 4584 4585 4656
f 4585 4657 4656
f 4585 4586 4657
f 4586 4658 4657
f 4586 4587 4658
f 4587 4659 4658
f 4587 4588 4659
f 4588 4660 4659
f 4588 4589 4660
f 4589 4661 4660
f 4589 4590 4661
f 4590 4662 4661
f 4590 4591 4662
f 4591 4663 4662
f 4591 4592 4663
f 4592 4664 4663
f 4592 4593 4664
f 4593 4665 4664
f 4593 4594 4665
f 4594 4666 4665
f 4594 4595 4666
f 4595 4667 4666
f 4595 4596 4667
f 4596 4668 4667
f 4596 4597 4668
f 4597 4669 4668
f 4597 4598 4669
f 4598 4670 4669
f 4598 4599 4670
f 4599 4671 4670
f 4599 4600 4671
f 4600 4672 4671
f 4600 4601 4672
f 4601 4673 4672
f 4601 4602 4673
f 4602 4674 4673
f 4602 4603 4674
f 4603 4675 4674
f 4603 4604 4675
f 4604 4676 4675
f 4604 4605 4676
f 4605 4677 4676
f 4605 4606 4677
f 4606 4678 4677
f 4606 4607 4678
f 4607 4679 4678
f 4607 4608 4679
f 4608 4680 4679
f 4608 4537 4680
f 4537 4609 4680
f 4609 4610 4681
f 4610 4682 4681
f 4610 4611 4682
f 4611 4683 4682
f 4611 4612 4683
f 4612 4684 4683
f 4612 4613 4684
f 4613 4685 4684
f 4613 4614 4685
f 4614 4686 4685
f 4614 4615 4686
f 4615 4687 4686
f 4615 4616 4687
f 4616 4688 4687
f 4616 4617 4688
f 4617 4689 4688
f 4617 4618 4689
f 4618 4690 4689
f 4618 4619 4690
f 4619 4691 4690
f 4619 4620 4691
f 4620 4692 4691
f 4620 4621 4692
f 4621 4693 4692
f 4621 4622 4693
f 4622 4694 4693
f 4622 4623 4694
f 4623 4695 4694
f 4623 4624 4695
f 4624 4696 4695
f 4624 4625 4696
f 4625 4697 4696
f 4625 4626 4697
f 4626 4698 4697
f 4626 4627 4698
f 4627 4699 4698
f 4627 4628 4699
f 4628 4700 4699
f 4628 4629 4700
f 4629 4701 4700
f 4629 4630 4701
f 4630 4702 4701
f 4630 4631 4702
f 4631 4703 4702
f 4631 4632 4703
f 4632 4704 4703
f 4632 4633 4704
f 4633 4705 4704
f 4633 4634 4705
f 4634 4706 4705
f 4634 4635 4706
f 4635 4707 4706
f 4635 4636 4707
f 4636 4708 4707
f 4636 4637 4708
f 4637 4709 4708
f 4637 4638 4709
f 4638 4710 4709
f 4638 4639 4710
f 4639 4711 4710
f 4639 4640 4711
f 4640 4712 4711
f 4640 4641 4712
f 4641 4713 4712
f 4641 4642 4713
f 4642 4714 4713
f 4642 4643 4714
f 4643 4715 4714
f 4643 4644 4715
f 4644 4716 4715
f 4644 4645 4716
f 4645 4717 4716
f 4645 4646 4717
f 4646 4718 4717
f 4646 4647 4718
f 4647 4719 4718
f 4647 4648 4719
f 4648 4720 4719
f 4648 4649 4720
f 4649 4721 4720
f 4649 4650 4721
f 4650 4722 4721
f 4650 4651 4722
f 4651 4723 4722
f 4651 4652 4723
f 4652 4724 4723
f 4652 4653 4724
f 4653 4725 4724
f 4653 4654 4725
f 4654 4726 4725
f 4654 4655 4726
f 4655 4727 4726
f 4655 4656 4727
f 4656 4728 4727
f 4656 4657 4728
f 4657 4729 4728
f 4657 4658 4729
f 4658 4730 4729
f 4658 4659 4730
f 4659 4731 4730
f 4659 4660 4731
f 4660 4732 4731
f 4660 4661 4732
f 4661 4733 4732
f 4661 4662 4733
f 4662 4734 4733
f 4662 4663 4734
f 4663 4735 4734
f 4663 4664 4735
f 4664 4736 4735
f 4664 4665 4736
f 4665 4737 4736
f 4665 4666 4737
f 4666 4738 4737
f 4666 4667 4738
f 4667 4739 4738
f 4667 4668 4739
f 4668 4740 4739
f 4668 4669 4740
f 4669 4741 4740
f 4669 4670 4741
f 4670 4742 4741
f 4670 4671 4742
f 4671 4743 4742
f 4671 4672 4743
f 4672 4744 4743
f 4672 4673 4744
f 4673 4745 4744
f 4673 4674 4745
f 4674 4746 4745
f 4674 4675 4746
f 4675 4747 4746
f 4675 4676 4747
f 4676 4748 4747
f 4676 4677 4748
f 4677 4749 4748
f 4677 4678 4749
f 4678 4750 4749
f 4678 4679 4750
f 4679 4751 4750
f 4679 4680 4751
f 4680 4752 4751
f 4680 4609 4752
f 4609 4681 4752
f 4681 4682 4753
f 4682 4754 4753
f 4682 4683 4754
f 4683 4755 4754
f 4683 4684 4755
f 4684 4756 4755
f 4684 4685 4756
f 4685 4757 4756
f 4685 4686 4757
f 4686 4758 4757
f 4686 4687 4758
f 4687 4759 4758
f 4687 4688 4759
f 4688 4760 4759
f 4688 4689 4760
f 4689 4761 4760
f 4689 4690 4761
f 4690 4762 4761
f 4690 4691 4762
f 4691 4763 4762
f 4691 4692 4763
f 4692 4764 4763
f 4692 4693 4764
f 4693 4765 4764
f 4693 4694 4765
f 4694 4766 4765
f 4694 4695 4766
f 4695 4767 4766
f 4695 4696 4767
f 4696 4768 4767
f 4696 4697 4768
f 4697 4769 4768
f 4697 4698 4769
f 4698 4770 4769
f 4698 4699 4770
f 4699 4771 4770
f 4699 4700 4771
f 4700 4772 4771
f 4700 4701 4772
f 4701 4773 4772
f 4701 4702 4773
f 4702 4774 4773
f 4702 4703 4774
f 4703 4775 4774
f 4703 4704 4775
f 4704 4776 4775
f 4704 4705 4776
f 4705 4777 4776
f 4705 4706 4777
f 4706 4778 4777
f 4706 4707 4778
f 4707 4779 4778
f 4707 4708 4779
f 4708 4780 4779
f 4708 4709 4780
f 4709 4781 4780
f 4709 4710 4781
f 4710 4782 4781
f 4710 4711 4782
f 4711 4783 4782
f 4711 4712 4783
f 4712 4784 4783
f 4712 4713 4784
f 4713 4785 4784
f 4713 4714 4785
f 4714 4786 4785
f 4714 4715 4786
f 4715 4787 4786
f 4715 4716 4787
f 4716 4788 4787
f 4716 4717 4788
f 4717 4789 4788
f 4717 4718 4789
f 4718 4790 4789
f 4718 4719 4790
f 4719 4791 4790
f 4719 4720 4791
f 4720 4792 4791
f 4720 4721 4792
f 4721 4793 4792
f 4721 4722 4793
f 4722 4794 4793
f 4722 4723 4794
f 4723 4795 4794
f 4723 4724 4795
f 4724 4796 4795
f 4724 4725 4796
f 4725 4797 4796
f 4725 4726 4797
f 4726 4798 4797
f 4726 4727 4798
f 4727 4799 4798
f 4727 4728 4799
f 4728 4800 4799
f 4728 4729 4800
f 4729 4801 4800
f 4729 4730 4801
f 4730 4802 4801
f 4730 4731 4802
f 4731 4803 4802
f 4731 4732 4803
f 4732 4804 4803
f 4732 4733 4804
f 4733 4805 4804
f 4733 4734 4805
f 4734 4806 4805
f 4734 4735 4806
f 4735 4807 4806
f 4735 4736 4807
f 4736 4808 4807
f 4736 4737 4808
f 4737 4809 4808
f 4737 4738 4809
f 4738 4810 4809
f 4738 4739 4810
f 4739 4811 4810
f 4739 4740 4811
f 4740 4812 4811
f 4740 4741 4812
f 4741 4813 4812
f 4741 4742 4813
f 4742 4814 4813
f 4742 4743 4814
f 4743 4815 4814
f 4743 4744 4815
f 4744 4816 4815
f 4744 4745 4816
f 4745 4817 4816
f 4745 4746 4817
f 4746 4818 4817
f 4746 4747 4818
f 4747 4819 4818
f 4747 4748 4819
f 4748 4820 4819
f 4748 4749 4820
f 4749 4821 4820
f 4749 4750 4821
f 4750 4822 4821
f 4750 4751 4822
f 4751 4823 4822
f 4751 4752 4823
f 4752 4824 4823
f 4752 4681 4824
f 4681 4753 4824
f 4753 4754 4825
f 4754 4826 4825
f 4754 4755 4826
f 4755 4827 4826
f 4755 4756 4827
f 4756 4828 4827
f 4756 4757 4828
f 4757 4829 4828
f 4757 4758 4829
f 4758 4830 4829
f 4758 4759 4830
f 4759 4831 4830
f 4759 4760 4831
f 4760 4832 4831
f 4760 4761 4832
f 4761 4833 4832
f 4761 4762 4833
f 4762 4834 4833
f 4762 4763 4834
f 4763 4835 4834
f 4763 4764 4835
f 4764 4836 4835
f 4764 4765 4836
f 4765 4837 4836
f 4765 4766 4837
f 4766 4838 4837
f 4766 4767 4838
f 4767 4839 4838
f 4767 4768 4839
f 4768 4840 4839
f 4768 4769 4840
f 4769 4841 4840
f 4769 4770 4841
f 4770 4842 4841
f 4770 4771 4842
f 4771 4843 4842
f 4771 4772 4843
f 4772 4844 4843
f 4772 4773 4844
f 4773 4845 4844
f 4773 4774 4845
f 4774 4846 4845
f 4774 4775 4846
f 4775 4847 4846
f 4775 4776 4847
f 4776 4848 4847
f 4776 4777 4848
f 4777 4849 4848
f 4777 4778 4849
f 4778 4850 4849
f 4778 4779 4850
f 4779 4851 4850
f 4779 4780 4851
f 4780 4852 4851
f 4780 4781 4852
f 4781 4853 4852
f 4781 4782 4853
f 4782 4854 4853
f 4782 4783 4854
f 4783 4855 4854
f 4783 4784 4855
f 4784 4856 4855
f 4784 4785 4856
f 4785 4857 4856
f 4785 4786 4857
f 4786 4858 4857
f 4786 4787 4858
f 4787 4859 4858
f 4787 4788 4859
f 4788 4860 4859
f 4788 4789 4860
f 4789 4861 4860
f 4789 4790 4861
f 4790 4862 4861
f 4790 4791 4862
f 4791 4863 4862
f 4791 4792 4863
f 4792 4864 4863
f 4792 4793 4864
f 4793 4865 4864
f 4793 4794 4865
f 4794 4866 4865
f 4794 4795 4866
f 4795 4867 4866
f 4795 4796 4867
f 4796 4868 4867
f 4796 4797 4868
f 4797 4869 4868
f 4797 4798 4869
f 4798 4870 4869
f 4798 4799 4870
f 4799 4871 4870
f 4799 4800 4871
f 4800 4872 4871
f 4800 4801 4872
f 4801 4873 4872
f 4801 4802 4873
f 4802 4874 4873
f 4802 4803 4874
f 4803 4875 4874
f 4803 4804 4875
f 4804 4876 4875
f 4804 4805 4876
f 4805 4877 4876
f 4805 4806 4877
f 4806 4878 4877
f 4806 4807 4878
f 4807 4879 4878
f 4807 4808 4879
f 4808 4880 4879
f 4808 4809 4880
f 4809 4881 4880
f 4809 4810 4881
f 4810 4882 4881
f 4810 4811 4882
f 4811 4883 4882
f 4811 4812 4883
f 4812 4884 4883
f 4812 4813 4884
f 4813 4885 4884
f 4813 4814 4885
f 4814 4886 4885
f 4814 4815 4886
f 4815 4887 4886
f 4815 4816 4887
f 4816 4888 4887
f 4816 4817 4888
f 4817 4889 4888
f 4817 4818 4889
f 4818 4890 4889
f 4818 4819 4890
f 4819 4891 4890
f 4819 4820 4891
f 4820 4892 4891
f 4820 4821 4892
f 4821 4893 4892
f 4821 4822 4893
f 4822 4894 4893
f 4822 4823 4894
f 4823 4895 4894
f 4823 4824 4895
f 4824 4896 4895
f 4824 4753 4896
f 4753 4825 4896
f 4825 4826 4897
f 4826 4898 4897
f 4826 4827 4898
f 4827 4899 4898
f 4827 4828 4899
f 4828 4900 4899
f 4828 4829 4900
f 4829 4901 4900
f 4829 4830 4901
f 4830 4902 4901
f 4830 4831 4902
f 4831 4903 4902
f 4831 4832 4903
f 4832 4904 4903
f 4832 4833 4904
f 4833 4905 4904
f 4833 4834 4905
f 4834 4906 4905
f 4834 4835 4906
f 4835 4907 4906
f 4835 4836 4907
f 4836 4908 4907
f 4836 4837 4908
f 4837 4909 4908
f 4837 4838 4909
f 4838 4910 4909
f 4838 4839 4910
f 4839 4911 4910
f 4839 4840 4911
f 4840 4912 4911
f 4840 4841 4912
f 4841 4913 4912
f 4841 4842 4913
f 4842 4914 4913
f 4842 4843 4914
f 4843 4915 4914
f 4843 4844 4915
f 4844 4916 4915
f 4844 4845 4916
f 4845 4917 4916
f 4845 4846 4917
f 4846 4918 4917
f 4846 4847 4918
f 4847 4919 4918
f 4847 4848 4919
f 4848 4920 4919
f 4848 4849 4920
f 4849 4921 4920
f 4849 4850 4921
f 4850 4922 4921
f 4850 4851 4922
f 4851 4923 4922
f 4851 4852 4923
f 4852 4924 4923
f 4852 4853 4924
f 4853 4925 4924
f 4853 4854 4925
f 4854 4926 4925
f 4854 4855 4926
f 4855 4927 4926
f 4855 4856 4927
f 4856 4928 4927
f 4856 4857 4928
f 4857 4929 4928
f 4857 4858 4929
f 4858 4930 4929
f 4858 4859 4930
f 4859 4931 4930
f 4859 4860 4931
f 4860 4932 4931
f 4860 4861 4932
f 4861 4933 4932
f 4861 4862 4933
f 4862 4934 4933
f 4862 4863 4934
f 4863 4935 4934
f 4863 4864 4935
f 4864 4936 4935
f 4864 4865 4936
f 4865 4937 4936
f 4865 4866 4937
f 4866 4938 4937
f 4866 4867 4938
f 4867 4939 4938
f 4867 4868 4939
f 4868 4940 4939
f 4868 4869 4940
f 4869 4941 4940
f 4869 4870 4941
f 4870 4942 4941
f 4870 4871 4942
f 4871 4943 4942
f 4871 4872 4943
f 4872 4944 4943
f 4872 4873 4944
f 4873 4945 4944
f 4873 4874 4945
f 4874 4946 4945
f 4874 4875 4946
f 4875 4947 4946
f 4875 4876 4947
f 4876 4948 4947
f 4876 4877 4948
f 4877 4949 4948
f 4877 4878 4949
f 4878 4950 4949
f 4878 4879 4950
f 4879 4951 4950
f 4879 4880 4951
f 4880 4952 4951
f 4880 4881 4952
f 4881 4953 4952
f 4881 4882 4953
f 4882 4954 4953
f 4882 4883 4954
f 4883 4955 4954
f 4883 4884 4955
f 4884 4956 4955
f 4884 4885 4956
f 4885 4957 4956
f 4885 4886 4957
f 4886 4958 4957
f 4886 4887 4958
f 4887 4959 4958
f 4887 4888 4959
f 4888 4960 4959
f 4888 4889 4960
f 4889 4961 4960
f 4889 4890 4961
f 4890 4962 4961
f 4890 4891 4962
f 4891 4963 4962
f 4891 4892 4963
f 4892 4964 4963
f 4892 4893 4964
f 4893 4965 4964
f 4893 4894 4965
f 4894 4966 4965
f 4894 4895 4966
f 4895 4967 4966
f 4895 4896 4967
f 4896 4968 4967
f 4896 4825 4968
f 4825 4897 4968
f 4897 4898 4969
f 4898 4970 4969
f 4898 4899 4970
f 4899 4971 4970
f 4899 4900 4971
f 4900 4972 4971
f 4900 4901 4972
f 4901 4973 4972
f 4901 4902 4973
f 4902 4974 4973
f 4902 4903 4974
f 4903 4975 4974
f 4903 4904 4975
f 4904 4976 4975
f 4904 4905 4976
f 4905 4977 4976
f 4905 4906 4977
f 4906 4978 4977
f 4906 4907 4978
f 4907 4979 4978
f 4907 4908 4979
f 4908 4980 4979
f 4908 4909 4980
f 4909 4981 4980
f 4909 4910 4981
f 4910 4982 4981
f 4910 4911 4982
f 4911 4983 4982
f 4911 4912 4983
f 4912 4984 4983
f 4912 4913 4984
f 4913 4985 4984
f 4913 4914 4985
f 4914 4986 4985
f 4914 4915 4986
f 4915 4987 4986
f 4915 4916 4987
f 4916 4988 4987
f 4916 4917 4988
f 4917 4989 4988
f 4917 4918 4989
f 4918 4990 4989
f 4918 4919 4990
f 4919 4991 4990
f 4919 4920 4991
f 4920 4992 4991
f 4920 4921 4992
f 4921 4993 4992
f 4921 4922 4993
f 4922 4994 4993
f 4922 4923 4994
f 4923 4995 4994
f 4923 4924 4995
f 4924 4996 4995
f 4924 4925 4996
f 4925 4997 4996
f 4925 4926 4997
f 4926 4998 4997
f 4926 4927 4998
f 4927 4999 4998
f 4927 4928 4999
f 4928 5000 4999
f 4928 4929 5000
f 4929 5001 5000
f 4929 4930 5001
f 4930 5002 5001
f 4930 4931 5002
f 4931 5003 5002
f 4931 4932 5003
f 4932 5004 5003
f 4932 4933 5004
f 4933 5005 5004
f 4933 4934 5005
f 4934 5006 5005
f 4934 4935 5006
f 4935 5007 5006
f 4935 4936 5007
f 4936 5008 5007
f 4936 4937 5008
f 4937 5009 5008
f 4937 4938 5009
f 4938 5010 5009
f 4938 4939 5010
f 4939 5011 5010
f 4939 4940 5011
f 4940 5012 5011
f 4940 4941 5012
f 4941 5013 5012
f 4941 4942 5013
f 4942 5014 5013
f 4942 4943 5014
f 4943 5015 5014
f 4943 4944 5015
f 4944 5016 5015
f 4944 4945 5016
f 4945 5017 5016
f 4945 4946 5017
f 4946 5018 5017
f 4946 4947 5018
f 4947 5019 5018
f 4947 4948 5019
f 4948 5020 5019
f 4948 4949 5020
f 4949 5021 5020
f 4949 4950 5021
f 4950 5022 5021
f 4950 4951 5022
f 4951 5023 5022
f 4951 4952 5023
f 4952 5024 5023
f 4952 4953 5024
f 4953 5025 5024
f 4953 4954 5025
f 4954 5026 5025
f 4954 4955 5026
f 4955 5027 5026
f 4955 4956 5027
f 4956 5028 5027
f 4956 4957 5028
f 4957 5029 5028
f 4957 4958 5029
f 4958 5030 5029
f 4958 4959 5030
f 4959 5031 5030
f 4959 4960 5031
f 4960 5032 5031
f 4960 4961 5032
f 4961 5033 5032
f 4961 4962 5033
f 4962 5034 5033
f 4962 4963 5034
f 4963 5035 5034
f 4963 4964 5035
f 4964 5036 5035
f 4964 4965 5036
f 4965 5037 5036
f 4965 4966 5037
f 4966 5038 5037
f 4966 4967 5038
f 4967 5039 5038
f 4967 4968 5039
f 4968 5040 5039
f 4968 4897 5040
f 4897 4969 5040
f 4969 4970 5041
f 4970 5042 5041
f 4970 4971 5042
f 4971 5043 5042
f 4971 4972 5043
f 4972 5044 5043
f 4972 4973 5044
f 4973 5045 5044
f 4973 4974 5045
f 4974 5046 5045
f 4974 4975 5046
f 4975 5047 5046
f 4975 4976 5047
f 4976 5048 5047
f 4976 4977 5048
f 4977 5049 5048
f 4977 4978 5049
f 4978 5050 5049
f 4978 4979 5050
f 4979 5051 5050
f 4979 4980 5051
f 4980 5052 5051
f 4980 4981 5052
f 4981 5053 5052
f 4981 4982 5053
f 4982 5054 5053
f 4982 4983 5054
f 4983 5055 5054
f 4983 4984 5055
f 4984 5056 5055
f 4984 4985 5056
f 4985 5057 5056
f 4985 4986 5057
f 4986 5058 5057
f 4986 4987 5058
f 4987 5059 5058
f 4987 4988 5059
f 4988 5060 5059
f 4988 4989 5060
f 4989 5061 5060
f 4989 4990 5061
f 4990 5062 5061
f 4990 4991 5062
f 4991 5063 5062
f 4991 4992 5063
f 4992 5064 5063
f 4992 4993 5064
f 4993 5065 5064
f 4993 4994 5065
f 4994 5066 5065
f 4994 4995 5066
f 4995 5067 5066
f 4995 4996 5067
f 4996 5068 5067
f 4996 4997 5068
f 4997 5069 5068
f 4997 4998 5069
f 4998 5070 5069
f 4998 4999 5070
f 4999 5071 5070
f 4999 5000 5071
f 5000 5072 5071
f 5000 5001 5072
f 5001 5073 5072
f 5001 5002 5073
f 5002 5074 5073
f 5002 5003 5074
f 5003 5075 5074
f 5003 5004 5075
f 5004 5076 5075
f 5004 5005 5076
f 5005 5077 5076
f 5005 5006 5077
f 5006 5078 5077
f 5006 5007 5078
f 5007 5079 5078
f 5007 5008 5079
f 5008 5080 5079
f 5008 5009 5080
f 5009 5081 5080
f 5009 5010 5081
f 5010 5082 5081
f 5010 5011 5082
f 5011 5083 5082
f 5011 5012 5083
f 5012 5084 5083
f 5012 5013 5084
f 5013 5085 5084
f 5013 5014 5085
f 5014 5086 5085
f 5014 5015 5086
f 5015 5087 5086
f 5015 5016 5087
f 5016 5088 5087
f 5016 5017 5088
f 5017 5089 5088
f 5017 5018 5089
f 5018 5090 5089
f 5018 5019 5090
f 5019 5091 5090
f 5019 5020 5091
f 5020 5092 5091
f 5020 5021 5092
f 5021 5093 5092
f 5021 5022 5093
f 5022 5094 5093
f 5022 5023 5094
f 5023 5095 5094
f 5023 5024 5095
f 5024 5096 5095
f 5024 5025 5096
f 5025 5097 5096
f 5025 5026 5097
f 5026 5098 5097
f 5026 5027 5098
f 5027 5099 5098
f 5027 5028 5099
f 5028 5100 5099
f 5028 5029 5100
f 5029 5101 5100
f 5029 5030 5101
f 5030 5102 5101
f 5030 5031 5102
f 5031 5103 5102
f 5031 5032 5103
f 5032 5104 5103
f 5032 5033 5104
f 5033 5105 5104
f 5033 5034 5105
f 5034 5106 5105
f 5034 5035 5106
f 5035 5107 5106
f 5035 5036 5107
f 5036 5108 5107
f 5036 5037 5108
f 5037 5109 5108
f 5037 5038 5109
f 5038 5110 5109
f 5038 5039 5110
f 5039 5111 5110
f 5039 5040 5111
f 5040 5112 5111
f 5040 4969 5112
f 4969 5041 5112
f 5041 5042 5113
f 5042 5114 5113
f 5042 5043 5114
f 5043 5115 5114
f 5043 5044 5115
f 5044 5116 5115
f 5044 5045 5116
f 5045 5117 5116
f 5045 5046 5117
f 5046 5118 5117
f 5046 5047 5118
f 5047 5119 5118
f 5047 5048 5119
f 5048 5120 5119
f 5048 5049 5120
f 5049 5121 5120
f 5049 5050 5121
f 5050 5122 5121
f 5050 5051 5122
f 5051 5123 5122
f 5051 5052 5123
f 5052 5124 5123
f 5052 5053 5124
f 5053 5125 5124
f 5053 5054 5125
f 5054 5126 5125
f 5054 5055 5126
f 5055 5127 5126
f 5055 5056 5127
f 5056 5128 5127
f 5056 5057 5128
f 5057 5129 5128
f 5057 5058 5129
f 5058 5130 5129
f 5058 5059 5130
f 5059 5131 5130
f 5059 5060 5131
f 5060 5132 5131
f 5060 5061 5132
f 5061 5133 5132
f 5061 5062 5133
f 5062 5134 5133
f 5062 5063 5134
f 5063 5135 5134
f 5063 5064 5135
f 5064 5136 5135
f 5064 5065 5136
f 5065 5137 5136
f 5065 5066 5137
f 5066 5138 5137
f 5066 5067 5138
f 5067 5139 5138
f 5067 5068 5139
f 5068 5140 5139
f 5068 5069 5140
f 5069 5141 5140
f 5069 5070 5141
f 5070 5142 5141
f 5070 5071 5142
f 5071 5143 5142
f 5071 5072 5143
f 5072 5144 5143
f 5072 5073 5144
f 5073 5145 5144
f 5073 5074 5145
f 5074 5146 5145
f 5074 5075 5146
f 5075 5147 5146
f 5075 5076 5147
f 5076 5148 5147
f 5076 5077 5148
f 5077 5149 5148
f 5077 5078 5149
f 5078 5150 5149
f 5078 5079 5150
f 5079 5151 5150
f 5079 5080 5151
f 5080 5152 5151
f 5080 5081 5152
f 5081 5153 5152
f 5081 5082 5153
f 5082 5154 5153
f 5082 5083 5154
f 5083 5155 5154
f 5083 5084 5155
f 5084 5156 5155
f 5084 5085 5156
f 5085 5157 5156
f 5085 5086 5157
f 5086 5158 5157
f 5086 5087 5158
f 5087 5159 5158
f 5087 5088 5159
f 5088 5160 5159
f 5088 5089 5160
f 5089 5161 5160
f 5089 5090 5161
f 5090 5162 5161
f 5090 5091 5162
f 5091 5163 5162
f 5091 5092 5163
f 5092 5164 5163
f 5092 5093 5164
f 5093 5165 5164
f 5093 5094 5165
f 5094 5166 5165
f 5094 5095 5166
f 5095 5167 5166
f 5095 5096 5167
f 5096 5168 5167
f 5096 5097 5168
f 5097 5169 5168
f 5097 5098 5169
f 5098 5170 5169
f 5098 5099 5170
f 5099 5171 5170
f 5099 5100 5171
f 5100 5172 5171
f 5100 5101 5172
f 5101 5173 5172
f 5101 5102 5173
f 5102 5174 5173
f 5102 5103 5174
f 5103 5175 5174
f 5103 5104 5175
f 5104 5176 5175
f 5104 5105 5176
f 5105 5177 5176
f 5105 5106 5177
f 5106 5178 5177
f 5106 5107 5178
f 5107 5179 5178
f 5107 5108 5179
f 5108 5180 5179
f 5108 5109 5180
f 5109 5181 5180
f 5109 5110 5181
f 5110 5182 5181
f 5110 5111 5182
f 5111 5183 5182
f 5111 5112 5183
f 5112 5184 5183
f 5112 5041 5184
f 5041 5113 5184
f 5113 5114 5185
f 5114 5186 5185
f 5114 5115 5186
f 5115 5187 5186
f 5115 5116 5187
f 5116 5188 5187
f 5116 5117 5188
f 5117 5189 5188
f 5117 5118 5189
f 5118 5190 5189
f 5118 5119 5190
f 5119 5191 5190
f 5119 5120 5191
f 5120 5192 5191
f 5120 5121 5192
f 5121 5193 5192
f 5121 5122 5193
f 5122 5194 5193
f 5122 5123 5194
f 5123 5195 5194
f 5123 5124 5195
f 5124 5196 5195
f 5124 5125 5196
f 5125 5197 5196
f 5125 5126 5197
f 5126 5198 5197
f 5126 5127 5198
f 5127 5199 5198
f 5127 5128 5199
f 5128 5200 5199
f 5128 5129 5200
f 5129 5201 5200
f 5129 5130 5201
f 5130 5202 5201
f 5130 5131 5202
f 5131 5203 5202
f 5131 5132 5203
f 5132 5204 5203
f 5132 5133 5204
f 5133 5205 5204
f 5133 5134 5205
f 5134 5206 5205
f 5134 5135 5206
f 5135 5207 5206
f 5135 5136 5207
f 5136 5208 5207
f 5136 5137 5208
f 5137 5209 5208
f 5137 5138 5209
f 5138 5210 5209
f 5138 5139 5210
f 5139 5211 5210
f 5139 5140 5211
f 5140 5212 5211
f 5140 5141 5212
f 5141 5213 5212
f 5141 5142 5213
f 5142 5214 5213
f 5142 5143 5214
f 5143 5215 5214
f 5143 5144 5215
f 5144 5216 5215
f 5144 5145 5216
f 5145 5217 5216
f 5145 5146 5217
f 5146 5218 5217
f 5146 5147 5218
f 5147 5219 5218
f 5147 5148 5219
f 5148 5220 5219
f 5148 5149 5220
f 5149 5221 5220
f 5149 5150 5221
f 5150 5222 5221
f 5150 5151 5222
f 5151 5223 5222
f 5151 5152 5223
f 5152 5224 5223
f 5152 5153 5224
f 5153 5225 5224
f 5153 5154 5225
f 5154 5226 5225
f 5154 5155 5226
f 5155 5227 5226
f 5155 5156 5227
f 5156 5228 5227
f 5156 5157 5228
f 5157 5229 5228
f 5157 5158 5229
f 5158 5230 5229
f 5158 5159 5230
f 5159 5231 5230
f 5159 5160 5231
f 5160 5232 5231
f 5160 5161 5232
f 5161 5233 5232
f 5161 5162 5233
f 5162 5234 5233
f 5162 5163 5234
f 5163 5235 5234
f 5163 5164 5235
f 5164 5236 5235
f 5164 5165 5236
f 5165 5237 5236
f 5165 5166 5237
f 5166 5238 5237
f 5166 5167 5238
f 5167 5239 5238
f 5167 5168 5239
f 5168 5240 5239
f 5168 5169 5240
f 5169 5241 5240
f 5169 5170 5241
f 5170 5242 5241
f 5170 5171 5242
f 5171 5243 5242
f 5171 5172 5243
f 5172 5244 5243
f 5172 5173 5244
f 5173 5245 5244
f 5173 5174 5245
f 5174 5246 5245
f 5174 5175 5246
f 5175 5247 5246
f 5175 5176 5247
f 5176 5248 5247
f 5176 5177 5248
f 5177 5249 5248
f 5177 5178 5249
f 5178 5250 5249
f 5178 5179 5250
f 5179 5251 5250
f 5179 5180 5251
f 5180 5252 5251
f 5180 5181 5252
f 5181 5253 5252
f 5181 5182 5253
f 5182 5254 5253
f 5182 5183 5254
f 5183 5255 5254
f 5183 5184 5255
f 5184 5256 5255
f 5184 5113 5256
f 5113 5185 5256
f 5185 5186 5257
f 5186 5258 5257
f 5186 5187 5258
f 5187 5259 5258
f 5187 5188 5259
f 5188 5260 5259
f 5188 5189 5260
f 5189 5261 5260
f 5189 5190 5261
f 5190 5262 5261
f 5190 5191 5262
f 5191 5263 5262
f 5191 5192 5263
f 5192 5264 5263
f 5192 5193 5264
f 5193 5265 5264
f 5193 5194 5265
f 5194 5266 5265
f 5194 5195 5266
f 5195 5267 5266
f 5195 5196 5267
f 5196 5268 5267
f 5196 5197 5268
f 5197 5269 5268
f 5197 5198 5269
f 5198 5270 5269
f 5198 5199 5270
f 5199 5271 5270
f 5199 5200 5271
f 5200 5272 5271
f 5200 5201 5272
f 5201 5273 5272
f 5201 5202 5273
f 5202 5274 5273
f 5202 5203 5274
f 5203 5275 5274
f 5203 5204 5275
f 5204 5276 5275
f 5204 5205 5276
f 5205 5277 5276
f 5205 5206 5277
f 5206 5278 5277
f 5206 5207 5278
f 5207 5279 5278
f 5207 5208 5279
f 5208 5280 5279
f 5208 5209 5280
f 5209 5281 5280
f 5209 5210 5281
f 5210 5282 5281
f 5210 5211 5282
f 5211 5283 5282
f 5211 5212 5283
f 5212 5284 5283
f 5212 5213 5284
f 5213 5285 5284
f 5213 5214 5285
f 5214 5286 5285
f 5214 5215 5286
f 5215 5287 5286
f 5215 5216 5287
f 5216 5288 5287
f 5216 5217 5288
f 5217 5289 5288
f 5217 5218 5289
f 5218 5290 5289
f 5218 5219 5290
f 5219 5291 5290
f 5219 5220 5291
f 5220 5292 5291
f 5220 5221 5292
f 5221 5293 5292
f 5221 5222 5293
f 5222 5294 5293
f 5222 5223 5294
f 5223 5295 5294
f 5223 5224 5295
f 5224 5296 5295
f 5224 5225 5296
f 5225 5297 5296
f 5225 5226 5297
f 5226 5298 5297
f 5226 5227 5298
f 5227 5299 5298
f 5227 5228 5299
f 5228 5300 5299
f 5228 5229 5300
f 5229 5301 5300
f 5229 5230 5301
f 5230 5302 5301
f 5230 5231 5302
f 5231 5303 5302
f 5231 5232 5303
f 5232 5304 5303
f 5232 5233 5304
f 5233 5305 5304
f 5233 5234 5305
f 5234 5306 5305
f 5234 5235 5306
f 5235 5307 5306
f 5235 5236 5307
f 5236 5308 5307
f 5236 5237 5308
f 5237 5309 5308
f 5237 5238 5309
f 5238 5310 5309
f 5238 5239 5310
f 5239 5311 5310
f 5239 5240 5311
f 5240 5312 5311
f 5240 5241 5312
f 5241 5313 5312
f 5241 5242 5313
f 5242 5314 5313
f 5242 5243 5314
f 5243 5315 5314
f 5243 5244 5315
f 5244 5316 5315
f 5244 5245 5316
f 5245 5317 5316
f 5245 5246 5317
f 5246 5318 5317
f 5246 5247 5318
f 5247 5319 5318
f 5247 5248 5319
f 5248 5320 5319
f 5248 5249 5320
f 5249 5321 5320
f 5249 5250 5321
f 5250 5322 5321
f 5250 5251 5322
f 5251 5323 5322
f 5251 5252 5323
f 5252 5324 5323
f 5252 5253 5324
f 5253 5325 5324
f 5253 5254 5325
f 5254 5326 5325
f 5254 5255 5326
f 5255 5327 5326
f 5255 5256 5327
f 5256 5328 5327
f 5256 5185 5328
f 5185 5257 5328
f 5257 5258 5329
f 5258 5330 5329
f 5258 5259 5330
f 5259 5331 5330
f 5259 5260 5331
f 5260 5332 5331
f 5260 5261 5332
f 5261 5333 5332
f 5261 5262 5333
f 5262 5334 5333
f 5262 5263 5334
f 5263 5335 5334
f 5263 5264 5335
f 5264 5336 5335
f 5264 5265 5336
f 5265 5337 5336
f 5265 5266 5337
f 5266 5338 5337
f 5266 5267 5338
f 5267 5339 5338
f 5267 5268 5339
f 5268 5340 5339
f 5268 5269 5340
f 5269 5341 5340
f 5269 5270 5341
f 5270 5342 5341
f 5270 5271 5342
f 5271 5343 5342
f 5271 5272 5343
f 5272 5344 5343
f 5272 5273 5344
f 5273 5345 5344
f 5273 5274 5345
f 5274 5346 5345
f 5274 5275 5346
f 5275 5347 5346
f 5275 5276 5347
f 5276 5348 5347
f 5276 5277 5348
f 5277 5349 5348
f 5277 5278 5349
f 5278 5350 5349
f 5278 5279 5350
f 5279 5351 5350
f 5279 5280 5351
f 5280 5352 5351
f 5280 5281 5352
f 5281 5353 5352
f 5281 5282 5353
f 5282 5354 5353
f 5282 5283 5354
f 5283 5355 5354
f 5283 5284 5355
f 5284 5356 5355
f 5284 5285 5356
f 5285 5357 5356
f 5285 5286 5357
f 5286 5358 5357
f 5286 5287 5358
f 5287 5359 5358
f 5287 5288 5359
f 5288 5360 5359
f 5288 5289 5360
f 5289 5361 5360
f 5289 5290 5361
f 5290 5362 5361
f 5290 5291 5362
f 5291 5363 5362
f 5291 5292 5363
f 5292 5364 5363
f 5292 5293 5364
f 5293 5365 5364
f 5293 5294 5365
f 5294 5366 5365
f 5294 5295 5366
f 5295 5367 5366
f 5295 5296 5367
f 5296 5368 5367
f 5296 5297 5368
f 5297 5369 5368
f 5297 5298 5369
f 5298 5370 5369
f 5298 5299 5370
f 5299 5371 5370
f 5299 5300 5371
f 5300 5372 5371
f 5300 5301 5372
f 5301 5373 5372
f 5301 5302 5373
f 5302 5374 5373
f 5302 5303 5374
f 5303 5375 5374
f 5303 5304 5375
f 5304 5376 5375
f 5304 5305 5376
f 5305 5377 5376
f 5305 5306 5377
f 5306 5378 5377
f 5306 5307 5378
f 5307 5379 5378
f 5307 5308 5379
f 5308 5380 5379
f 5308 5309 5380
f 5309 5381 5380
f 5309 5310 5381
f 5310 5382 5381
f 5310 5311 5382
f 5311 5383 5382
f 5311 5312 5383
f 5312 5384 5383
f 5312 5313 5384
f 5313 5385 5384
f 5313 5314 5385
f 5314 5386 5385
f 5314 5315 5386
f 5315 5387 5386
f 5315 5316 5387
f 5316 5388 5387
f 5316 5317 5388
f 5317 5389 5388
f 5317 5318 5389
f 5318 5390 5389
f 5318 5319 5390
f 5319 5391 5390
f 5319 5320 5391
f 5320 5392 5391
f 5320 5321 5392
f 5321 5393 5392
f 5321 5322 5393
f 5322 5394 5393
f 5322 5323 5394
f 5323 5395 5394
f 5323 5324 5395
f 5324 5396 5395
f 5324 5325 5396
f 5325 5397 5396
f 5325 5326 5397
f 5326 5398 5397
f 5326 5327 5398
f 5327 5399 5398
f 5327 5328 5399
f 5328 5400 5399
f 5328 5257 5400
f 5257 5329 5400
f 5329 5330 5401
f 5330 5402 5401
f 5330 5331 5402
f 5331 5403 5402
f 5331 5332 5403
f 5332 5404 5403
f 5332 5333 5404
f 5333 5405 5404
f 5333 5334 5405
f 5334 5406 5405
f 5334 5335 5406
f 5335 5407 5406
f 5335 5336 5407
f 5336 5408 5407
f 5336 5337 5408
f 5337 5409 5408
f 5337 5338 5409
f 5338 5410 5409
f 5338 5339 5410
f 5339 5411 5410
f 5339 5340 5411
f 5340 5412 5411
f 5340 5341 5412
f 5341 5413 5412
f 5341 5342 5413
f 5342 5414 5413
f 5342 5343 5414
f 5343 5415 5414
f 5343 5344 5415
f 5344 5416 5415
f 5344 5345 5416
f 5345 5417 5416
f 5345 5346 5417
f 5346 5418 5417
f 5346 5347 5418
f 5347 5419 5418
f 5347 5348 5419
f 5348 5420 5419
f 5348 5349 5420
f 5349 5421 5420
f 5349 5350 5421
f 5350 5422 5421
f 5350 5351 5422
f 5351 5423 5422
f 5351 5352 5423
f 5352 5424 5423
f 5352 5353 5424
f 5353 5425 5424
f 5353 5354 5425
f 5354 5426 5425
f 5354 5355 5426
f 5355 5427 5426
f 5355 5356 5427
f 5356 5428 5427
f 5356 5357 5428
f 5357 5429 5428
f 5357 5358 5429
f 5358 5430 5429
f 5358 5359 5430
f 5359 5431 5430
f 5359 5360 5431
f 5360 5432 5431
f 5360 5361 5432
f 5361 5433 5432
f 5361 5362 5433
f 5362 5434 5433
f 5362 5363 5434
f 5363 5435 5434
f 5363 5364 5435
f 5364 5436 5435
f 5364 5365 5436
f 5365 5437 5436
f 5365 5366 5437
f 5366 5438 5437
f 5366 5367 5438
f 5367 5439 5438
f 5367 5368 5439
f 5368 5440 5439
f 5368 5369 5440
f 5369 5441 5440
f 5369 5370 5441
f 5370 5442 5441
f 5370 5371 5442
f 5371 5443 5442
f 5371 5372 5443
f 5372 5444 5443
f 5372 5373 5444
f 5373 5445 5444
f 5373 5374 5445
f 5374 5446 5445
f 5374 5375 5446
f 5375 5447 5446
f 5375 5376 5447
f 5376 5448 5447
f 5376 5377 5448
f 5377 5449 5448
f 5377 5378 5449
f 5378 5450 5449
f 5378 5379 5450
f 5379 5451 5450
f 5379 5380 5451
f 5380 5452 5451
f 5380 5381 5452
f 5381 5453 5452
f 5381 5382 5453
f 5382 5454 5453
f 5382 5383 5454
f 5383 5455 5454
f 5383 5384 5455
f 5384 5456 5455
f 5384 5385 5456
f 5385 5457 5456
f 5385 5386 5457
f 5386 5458 5457
f 5386 5387 5458
f 5387 5459 5458
f 5387 5388 5459
f 5388 5460 5459
f 5388 5389 5460
f 5389 5461 5460
f 5389 5390 5461
f 5390 5462 5461
f 5390 5391 5462
f 5391 5463 5462
f 5391 5392 5463
f 5392 5464 5463
f 5392 5393 5464
f 5393 5465 5464
f 5393 5394 5465
f 5394 5466 5465
f 5394 5395 5466
f 5395 5467 5466
f 5395 5396 5467
f 5396 5468 5467
f 5396 5397 5468
f 5397 5469 5468
f 5397 5398 5469
f 5398 5470 5469
f 5398 5399 5470
f 5399 5471 5470
f 5399 5400 5471
f 5400 5472 5471
f 5400 5329 5472
f 5329 5401 5472
f 5401 5402 5473
f 5402 5474 5473
f 5402 5403 5474
f 5403 5475 5474
f 5403 5404 5475
f 5404 5476 5475
f 5404 5405 5476
f 5405 5477 5476
f 5405 5406 5477
f 5406 5478 5477
f 5406 5407 5478
f 5407 5479 5478
f 5407 5408 5479
f 5408 5480 5479
f 5408 5409 5480
f 5409 5481 5480
f 5409 5410 5481
f 5410 5482 5481
f 5410 5411 5482
f 5411 5483 5482
f 5411 5412 5483
f 5412 5484 5483
f 5412 5413 5484
f 5413 5485 5484
f 5413 5414 5485
f 5414 5486 5485
f 5414 5415 5486
f 5415 5487 5486
f 5415 5416 5487
f 5416 5488 5487
f 5416 5417 5488
f 5417 5489 5488
f 5417 5418 5489
f 5418 5490 5489
f 5418 5419 5490
f 5419 5491 5490
f 5419 5420 5491
f 5420 5492 5491
f 5420 5421 5492
f 5421 5493 5492
f 5421 5422 5493
f 5422 5494 5493
f 5422 5423 5494
f 5423 5495 5494
f 5423 5424 5495
f 5424 5496 5495
f 5424 5425 5496
f 5425 5497 5496
f 5425 5426 5497
f 5426 5498 5497
f 5426 5427 5498
f 5427 5499 5498
f 5427 5428 5499
f 5428 5500 5499
f 5428 5429 5500
f 5429 5501 5500
f 5429 5430 5501
f 5430 5502 5501
f 5430 5431 5502
f 5431 5503 5502
f 5431 5432 5503
f 5432 5504 5503
f 5432 5433 5504
f 5433 5505 5504
f 5433 5434 5505
f 5434 5506 5505
f 5434 5435 5506
f 5435 5507 5506
f 5435 5436 5507
f 5436 5508 5507
f 5436 5437 5508
f 5437 5509 5508
f 5437 5438 5509
f 5438 5510 5509
f 5438 5439 5510
f 5439 5511 5510
f 5439 5440 5511
f 5440 5512 5511
f 5440 5441 5512
f 5441 5513 5512
f 5441 5442 5513
f 5442 5514 5513
f 5442 5443 5514
f 5443 5515 5514
f 5443 5444 5515
f 5444 5516 5515
f 5444 5445 5516
f 5445 5517 5516
f 5445 5446 5517
f 5446 5518 5517
f 5446 5447 5518
f 5447 5519 5518
f 5447 5448 5519
f 5448 5520 5519
f 5448 5449 5520
f 5449 5521 5520
f 5449 5450 5521
f 5450 5522 5521
f 5450 5451 5522
f 5451 5523 5522
f 5451 5452 5523
f 5452 5524 5523
f 5452 5453 5524
f 5453 5525 5524
f 5453 5454 5525
f 5454 5526 5525
f 5454 5455 5526
f 5455 5527 5526
f 5455 5456 5527
f 5456 5528 5527
f 5456 5457 5528
f 5457 5529 5528
f 5457 5458 5529
f 5458 5530 5529
f 5458 5459 5530
f 5459 5531 5530
f 5459 5460 5531
f 5460 5532 5531
f 5460 5461 5532
f 5461 5533 5532
f 5461 5462 5533
f 5462 5534 5533
f 5462 5463 5534
f 5463 5535 5534
f 5463 5464 5535
f 5464 5536 5535
f 5464 5465 5536
f 5465 5537 5536
f 5465 5466 5537
f 5466 5538 5537
f 5466 5467 5538
f 5467 5539 5538
f 5467 5468 5539
f 5468 5540 5539
f 5468 5469 5540
f 5469 5541 5540
f 5469 5470 5541
f 5470 5542 5541
f 5470 5471 5542
f 5471 5543 5542
f 5471 5472 5543
f 5472 5544 5543
f 5472 5401 5544
f 5401 5473 5544
f 5473 5474 5545
f 5474 5546 5545
f 5474 5475 5546
f 5475 5547 5546
f 5475 5476 5547
f 5476 5548 5547
f 5476 5477 5548
f 5477 5549 5548
f 5477 5478 5549
f 5478 5550 5549
f 5478 5479 5550
f 5479 5551 5550
f 5479 5480 5551
f 5480 5552 5551
f 5480 5481 5552
f 5481 5553 5552
f 5481 5482 5553
f 5482 5554 5553
f 5482 5483 5554
f 5483 5555 5554
f 5483 5484 5555
f 5484 5556 5555
f 5484 5485 5556
f 5485 5557 5556
f 5485 5486 5557
f 5486 5558 5557
f 5486 5487 5558
f 5487 5559 5558
f 5487 5488 5559
f 5488 5560 5559
f 5488 5489 5560
f 5489 5561 5560
f 5489 5490 5561
f 5490 5562 5561
f 5490 5491 5562
f 5491 5563 5562
f 5491 5492 5563
f 5492 5564 5563
f 5492 5493 5564
f 5493 5565 5564
f 5493 5494 5565
f 5494 5566 5565
f 5494 5495 5566
f 5495 5567 5566
f 5495 5496 5567
f 5496 5568 5567
f 5496 5497 5568
f 5497 5569 5568
f 5497 5498 5569
f 5498 5570 5569
f 5498 5499 5570
f 5499 5571 5570
f 5499 5500 5571
f 5500 5572 5571
f 5500 5501 5572
f 5501 5573 5572
f 5501 5502 5573
f 5502 5574 5573
f 5502 5503 5574
f 5503 5575 5574
f 5503 5504 5575
f 5504 5576 5575
f 5504 5505 5576
f 5505 5577 5576
f 5505 5506 5577
f 5506 5578 5577
f 5506 5507 5578
f 5507 5579 5578
f 5507 5508 5579
f 5508 5580 5579
f 5508 5509 5580
f 5509 5581 5580
f 5509 5510 5581
f 5510 5582 5581
f 5510 5511 5582
f 5511 5583 5582
f 5511 5512 5583
f 5512 5584 5583
f 5512 5513 5584
f 5513 5585 5584
f 5513 5514 5585
f 5514 5586 5585
f 5514 5515 5586
f 5515 5587 5586
f 5515 5516 5587
f 5516 5588 5587
f 5516 5517 5588
f 5517 5589 5588
f 5517 5518 5589
f 5518 5590 5589
f 5518 5519 5590
f 5519 5591 5590
f 5519 5520 5591
f 5520 5592 5591
f 5520 5521 5592
f 5521 5593 5592
f 5521 5522 5593
f 5522 5594 5593
f 5522 5523 5594
f 5523 5595 5594
f 5523 5524 5595
f 5524 5596 5595
f 5524 5525 5596
f 5525 5597 5596
f 5525 5526 5597
f 5526 5598 5597
f 5526 5527 5598
f 5527 5599 5598
f 5527 5528 5599
f 5528 5600 5599
f 5528 5529 5600
f 5529 5601 5600
f 5529 5530 5601
f 5530 5602 5601
f 5530 5531 5602
f 5531 5603 5602
f 5531 5532 5603
f 5532 5604 5603
f 5532 5533 5604
f 5533 5605 5604
f 5533 5534 5605
f 5534 5606 5605
f 5534 5535 5606
f 5535 5607 5606
f 5535 5536 5607
f 5536 5608 5607
f 5536 5537 5608
f 5537 5609 5608
f 5537 5538 5609
f 5538 5610 5609
f 5538 5539 5610
f 5539 5611 5610
f 5539 5540 5611
f 5540 5612 5611
f 5540 5541 5612
f 5541 5613 5612
f 5541 5542 5613
f 5542 5614 5613
f 5542 5543 5614
f 5543 5615 5614
f 5543 5544 5615
f 5544 5616 5615
f 5544 5473 5616
f 5473 5545 5616
f 5545 5546 5617
f 5546 5618 5617
f 5546 5547 5618
f 5547 5619 5618
f 5547 5548 5619
f 5548 5620 5619
f 5548 5549 5620
f 5549 5621 5620
f 5549 5550 5621
f 5550 5622 5621
f 5550 5551 5622
f 5551 5623 5622
f 5551 5552 5623
f 5552 5624 5623
f 5552 5553 5624
f 5553 5625 5624
f 5553 5554 5625
f 5554 5626 5625
f 5554 5555 5626
f 5555 5627 5626
f 5555 5556 5627
f 5556 5628 5627
f 5556 5557 5628
f 5557 5629 5628
f 5557 5558 5629
f 5558 5630 5629
f 5558 5559 5630
f 5559 5631 5630
f 5559 5560 5631
f 5560 5632 5631
f 5560 5561 5632
f 5561 5633 5632
f 5561 5562 5633
f 5562 5634 5633
f 5562 5563 5634
f 5563 5635 5634
f 5563 5564 5635
f 5564 5636 5635
f 5564 5565 5636
f 5565 5637 5636
f 5565 5566 5637
f 5566 5638 5637
f 5566 5567 5638
f 5567 5639 5638
f 5567 5568 5639
f 5568 5640 5639
f 5568 5569 5640
f 5569 5641 5640
f 5569 5570 5641
f 5570 5642 5641
f 5570 5571 5642
f 5571 5643 5642
f 5571 5572 5643
f 5572 5644 5643
f 5572 5573 5644
f 5573 5645 5644
f 5573 5574 5645
f 5574 5646 5645
f 5574 5575 5646
f 5575 5647 5646
f 5575 5576 5647
f 5576 5648 5647
f 5576 5577 5648
f 5577 5649 5648
f 5577 5578 5649
f 5578 5650 5649
f 5578 5579 5650
f 5579 5651 5650
f 5579 5580 5651
f 5580 5652 5651
f 5580 5581 5652
f 5581 5653 5652
f 5581 5582 5653
f 5582 5654 5653
f 5582 5583 5654
f 5583 5655 5654
f 5583 5584 5655
f 5584 5656 5655
f 5584 5585 5656
f 5585 5657 5656
f 5585 5586 5657
f 5586 5658 5657
f 5586 5587 5658
f 5587 5659 5658
f 5587 5588 5659
f 5588 5660 5659
f 5588 5589 5660
f 5589 5661 5660
f 5589 5590 5661
f 5590 5662 5661
f 5590 5591 5662
f 5591 5663 5662
f 5591 5592 5663
f 5592 5664 5663
f 5592 5593 5664
f 5593 5665 5664
f 5593 5594 5665
f 5594 5666 5665
f 5594 5595 5666
f 5595 5667 5666
f 5595 5596 5667
f 5596 5668 5667
f 5596 5597 5668
f 5597 5669 5668
f 5597 5598 5669
f 5598 5670 5669
f 5598 5599 5670
f 5599 5671 5670
f 5599 5600 5671
f 5600 5672 5671
f 5600 5601 5672
f 5601 5673 5672
f 5601 5602 5673
f 5602 5674 5673
f 5602 5603 5674
f 5603 5675 5674
f 5603 5604 5675
f 5604 5676 5675
f 5604 5605 5676
f 5605 5677 5676
f 5605 5606 5677
f 5606 5678 5677
f 5606 5607 5678
f 5607 5679 5678
f 5607 5608 5679
f 5608 5680 5679
f 5608 5609 5680
f 5609 5681 5680
f 5609 5610 5681
f 5610 5682 5681
f 5610 5611 5682
f 5611 5683 5682
f 5611 5612 5683
f 5612 5684 5683
f 5612 5613 5684
f 5613 5685 5684
f 5613 5614 5685
f 5614 5686 5685
f 5614 5615 5686
f 5615 5687 5686
f 5615 5616 5687
f 5616 5688 5687
f 5616 5545 5688
f 5545 5617 5688
f 5617 5618 5689
f 5618 5690 5689
f 5618 5619 5690
f 5619 5691 5690
f 5619 5620 5691
f 5620 5692 5691
f 5620 5621 5692
f 5621 5693 5692
f 5621 5622 5693
f 5622 5694 5693
f 5622 5623 5694
f 5623 5695 5694
f 5623 5624 5695
f 5624 5696 5695
f 5624 5625 5696
f 5625 5697 5696
f 5625 5626 5697
f 5626 5698 5697
f 5626 5627 5698
f 5627 5699 5698
f 5627 5628 5699
f 5628 5700 5699
f 5628 5629 5700
f 5629 5701 5700
f 5629 5630 5701
f 5630 5702 5701
f 5630 5631 5702
f 5631 5703 5702
f 5631 5632 5703
f 5632 5704 5703
f 5632 5633 5704
f 5633 5705 5704
f 5633 5634 5705
f 5634 5706 5705
f 5634 5635 5706
f 5635 5707 5706
f 5635 5636 5707
f 5636 5708 5707
f 5636 5637 5708
f 5637 5709 5708
f 5637 5638 5709
f 5638 5710 5709
f 5638 5639 5710
f 5639 5711 5710
f 5639 5640 5711
f 5640 5712 5711
f 5640 5641 5712
f 5641 5713 5712
f 5641 5642 5713
f 5642 5714 5713
f 5642 5643 5714
f 5643 5715 5714
f 5643 5644 5715
f 5644 5716 5715
f 5644 5645 5716
f 5645 5717 5716
f 5645 5646 5717
f 5646 5718 5717
f 5646 5647 5718
f 5647 5719 5718
f 5647 5648 5719
f 5648 5720 5719
f 5648 5649 5720
f 5649 5721 5720
f 5649 5650 5721
f 5650 5722 5721
f 5650 5651 5722
f 5651 5723 5722
f 5651 5652 5723
f 5652 5724 5723
f 5652 5653 5724
f 5653 5725 5724
f 5653 5654 5725
f 5654 5726 5725
f 5654 5655 5726
f 5655 5727 5726
f 5655 5656 5727
f 5656 5728 5727
f 5656 5657 5728
f 5657 5729 5728
f 5657 5658 5729
f 5658 5730 5729
f 5658 5659 5730
f 5659 5731 5730
f 5659 5660 5731
f 5660 5732 5731
f 5660 5661 5732
f 5661 5733 5732
f 5661 5662 5733
f 5662 5734 5733
f 5662 5663 5734
f 5663 5735 5734
f 5663 5664 5735
f 5664 5736 5735
f 5664 5665 5736
f 5665 5737 5736
f 5665 5666 5737
f 5666 5738 5737
f 5666 5667 5738
f 5667 5739 5738
f 5667 5668 5739
f 5668 5740 5739
f 5668 5669 5740
f 5669 5741 5740
f 5669 5670 5741
f 5670 5742 5741
f 5670 5671 5742
f 5671 5743 5742
f 5671 5672 5743
f 5672 5744 5743
f 5672 5673 5744
f 5673 5745 5744
f 5673 5674 5745
f 5674 5746 5745
f 5674 5675 5746
f 5675 5747 5746
f 5675 5676 5747
f 5676 5748 5747
f 5676 5677 5748
f 5677 5749 5748
f 5677 5678 5749
f 5678 5750 5749
f 5678 5679 5750
f 5679 5751 5750
f 5679 5680 5751
f 5680 5752 5751
f 5680 5681 5752
f 5681 5753 5752
f 5681 5682 5753
f 5682 5754 5753
f 5682 5683 5754
f 5683 5755 5754
f 5683 5684 5755
f 5684 5756 5755
f 5684 5685 5756
f 5685 5757 5756
f 5685 5686 5757
f 5686 5758 5757
f 5686 5687 5758
f 5687 5759 5758
f 5687 5688 5759
f 5688 5760 5759
f 5688 5617 5760
f 5617 5689 5760
f 5689 5690 5761
f 5690 5762 5761
f 5690 5691 5762
f 5691 5763 5762
f 5691 5692 5763
f 5692 5764 5763
f 5692 5693 5764
f 5693 5765 5764
f 5693 5694 5765
f 5694 5766 5765
f 5694 5695 5766
f 5695 5767 5766
f 5695 5696 5767
f 5696 5768 5767
f 5696 5697 5768
f 5697 5769 5768
f 5697 5698 5769
f 5698 5770 5769
f 5698 5699 5770
f 5699 5771 5770
f 5699 5700 5771
f 5700 5772 5771
f 5700 5701 5772
f 5701 5773 5772
f 5701 5702 5773
f 5702 5774 5773
f 5702 5703 5774
f 5703 5775 5774
f 5703 5704 5775
f 5704 5776 5775
f 5704 5705 5776
f 5705 5777 5776
f 5705 5706 5777
f 5706 5778 5777
f 5706 5707 5778
f 5707 5779 5778
f 5707 5708 5779
f 5708 5780 5779
f 5708 5709 5780
f 5709 5781 5780
f 5709 5710 5781
f 5710 5782 5781
f 5710 5711 5782
f 5711 5783 5782
f 5711 5712 5783
f 5712 5784 5783
f 5712 5713 5784
f 5713 5785 5784
f 5713 5714 5785
f 5714 5786 5785
f 5714 5715 5786
f 5715 5787 5786
f 5715 5716 5787
f 5716 5788 5787
f 5716 5717 5788
f 5717 5789 5788
f 5717 5718 5789
f 5718 5790 5789
f 5718 5719 5790
f 5719 5791 5790
f 5719 5720 5791
f 5720 5792 5791
f 5720 5721 5792
f 5721 5793 5792
f 5721 5722 5793
f 5722 5794 5793
f 5722 5723 5794
f 5723 5795 5794
f 5723 5724 5795
f 5724 5796 5795
f 5724 5725 5796
f 5725 5797 5796
f 5725 5726 5797
f 5726 5798 5797
f 5726 5727 5798
f 5727 5799 5798
f 5727 5728 5799
f 5728 5800 5799
f 5728 5729 5800
f 5729 5801 5800
f 5729 5730 5801
f 5730 5802 5801
f 5730 5731 5802
f 5731 5803 5802
f 5731 5732 5803
f 5732 5804 5803
f 5732 5733 5804
f 5733 5805 5804
f 5733 5734 5805
f 5734 5806 5805
f 5734 5735 5806
f 5735 5807 5806
f 5735 5736 5807
f 5736 5808 5807
f 5736 5737 5808
f 5737 5809 5808
f 5737 5738 5809
f 5738 5810 5809
f 5738 5739 5810
f 5739 5811 5810
f 5739 5740 5811
f 5740 5812 5811
f 5740 5741 5812
f 5741 5813 5812
f 5741 5742 5813
f 5742 5814 5813
f 5742 5743 5814
f 5743 5815 5814
f 5743 5744 5815
f 5744 5816 5815
f 5744 5745 5816
f 5745 5817 5816
f 5745 5746 5817
f 5746 5818 5817
f 5746 5747 5818
f 5747 5819 5818
f 5747 5748 5819
f 5748 5820 5819
f 5748 5749 5820
f 5749 5821 5820
f 5749 5750 5821
f 5750 5822 5821
f 5750 5751 5822
f 5751 5823 5822
f 5751 5752 5823
f 5752 5824 5823
f 5752 5753 5824
f 5753 5825 5824
f 5753 5754 5825
f 5754 5826 5825
f 5754 5755 5826
f 5755 5827 5826
f 5755 5756 5827
f 5756 5828 5827
f 5756 5757 5828
f 5757 5829 5828
f 5757 5758 5829
f 5758 5830 5829
f 5758 5759 5830
f 5759 5831 5830
f 5759 5760 5831
f 5760 5832 5831
f 5760 5689 5832
f 5689 5761 5832
f 5761 5762 5833
f 5762 5834 5833
f 5762 5763 5834
f 5763 5835 5834
f 5763 5764 5835
f 5764 5836 5835
f 5764 5765 5836
f 5765 5837 5836
f 5765 5766 5837
f 5766 5838 5837
f 5766 5767 5838
f 5767 5839 5838
f 5767 5768 5839
f 5768 5840 5839
f 5768 5769 5840
f 5769 5841 5840
f 5769 5770 5841
f 5770 5842 5841
f 5770 5771 5842
f 5771 5843 5842
f 5771 5772 5843
f 5772 5844 5843
f 5772 5773 5844
f 5773 5845 5844
f 5773 5774 5845
f 5774 5846 5845
f 5774 5775 5846
f 5775 5847 5846
f 5775 5776 5847
f 5776 5848 5847
f 5776 5777 5848
f 5777 5849 5848
f 5777 5778 5849
f 5778 5850 5849
f 5778 5779 5850
f 5779 5851 5850
f 5779 5780 5851
f 5780 5852 5851
f 5780 5781 5852
f 5781 5853 5852
f 5781 5782 5853
f 5782 5854 5853
f 5782 5783 5854
f 5783 5855 5854
f 5783 5784 5855
f 5784 5856 5855
f 5784 5785 5856
f 5785 5857 5856
f 5785 5786 5857
f 5786 5858 5857
f 5786 5787 5858
f 5787 5859 5858
f 5787 5788 5859
f 5788 5860 5859
f 5788 5789 5860
f 5789 5861 5860
f 5789 5790 5861
f 5790 5862 5861
f 5790 5791 5862
f 5791 5863 5862
f 5791 5792 5863
f 5792 5864 5863
f 5792 5793 5864
f 5793 5865 5864
f 5793 5794 5865
f 5794 5866 5865
f 5794 5795 5866
f 5795 5867 5866
f 5795 5796 5867
f 5796 5868 5867
f 5796 5797 5868
f 5797 5869 5868
f 5797 5798 5869
f 5798 5870 5869
f 5798 5799 5870
f 5799 5871 5870
f 5799 5800 5871
f 5800 5872 5871
f 5800 5801 5872
f 5801 5873 5872
f 5801 5802 5873
f 5802 5874 5873
f 5802 5803 5874
f 5803 5875 5874
f 5803 5804 5875
f 5804 5876 5875
f 5804 5805 5876
f 5805 5877 5876
f 5805 5806 5877
f 5806 5878 5877
f 5806 5807 5878
f 5807 5879 5878
f 5807 5808 5879
f 5808 5880 5879
f 5808 5809 5880
f 5809 5881 5880
f 5809 5810 5881
f 5810 5882 5881
f 5810 5811 5882
f 5811 5883 5882
f 5811 5812 5883
f 5812 5884 5883
f 5812 5813 5884
f 5813 5885 5884
f 5813 5814 5885
f 5814 5886 5885
f 5814 5815 5886
f 5815 5887 5886
f 5815 5816 5887
f 5816 5888 5887
f 5816 5817 5888
f 5817 5889 5888
f 5817 5818 5889
f 5818 5890 5889
f 5818 5819 5890
f 5819 5891 5890
f 5819 5820 5891
f 5820 5892 5891
f 5820 5821 5892
f 5821 5893 5892
f 5821 5822 5893
f 5822 5894 5893
f 5822 5823 5894
f 5823 5895 5894
f 5823 5824 5895
f 5824 5896 5895
f 5824 5825 5896
f 5825 5897 5896
f 5825 5826 5897
f 5826 5898 5897
f 5826 5827 5898
f 5827 5899 5898
f 5827 5828 5899
f 5828 5900 5899
f 5828 5829 5900
f 5829 5901 5900
f 5829 5830 5901
f 5830 5902 5901
f 5830 5831 5902
f 5831 5903 5902
f 5831 5832 5903
f 5832 5904 5903
f 5832 5761 5904
f 5761 5833 5904
f 5833 5834 5905
f 5834 5906 5905
f 5834 5835 5906
f 5835 5907 5906
f 5835 5836 5907
f 5836 5908 5907
f 5836 5837 5908
f 5837 5909 5908
f 5837 5838 5909
f 5838 5910 5909
f 5838 5839 5910
f 5839 5911 5910
f 5839 5840 5911
f 5840 5912 5911
f 5840 5841 5912
f 5841 5913 5912
f 5841 5842 5913
f 5842 5914 5913
f 5842 5843 5914
f 5843 5915 5914
f 5843 5844 5915
f 5844 5916 5915
f 5844 5845 5916
f 5845 5917 5916
f 5845 5846 5917
f 5846 5918 5917
f 5846 5847 5918
f 5847 5919 5918
f 5847 5848 5919
f 5848 5920 5919
f 5848 5849 5920
f 5849 5921 5920
f 5849 5850 5921
f 5850 5922 5921
f 5850 5851 5922
f 5851 5923 5922
f 5851 5852 5923
f 5852 5924 5923
f 5852 5853 5924
f 5853 5925 5924
f 5853 5854 5925
f 5854 5926 5925
f 5854 5855 5926
f 5855 5927 5926
f 5855 5856 5927
f 5856 5928 5927
f 5856 5857 5928
f 5857 5929 5928
f 5857 5858 5929
f 5858 5930 5929
f 5858 5859 5930
f 5859 5931 5930
f 5859 5860 5931
f 5860 5932 5931
f 5860 5861 5932
f 5861 5933 5932
f 5861 5862 5933
f 5862 5934 5933
f 5862 5863 5934
f 5863 5935 5934
f 5863 5864 5935
f 5864 5936 5935
f 5864 5865 5936
f 5865 5937 5936
f 5865 5866 5937
f 5866 5938 5937
f 5866 5867 5938
f 5867 5939 5938
f 5867 5868 5939
f 5868 5940 5939
f 5868 5869 5940
f 5869 5941 5940
f 5869 5870 5941
f 5870 5942 5941
f 5870 5871 5942
f 5871 5943 5942
f 5871 5872 5943
f 5872 5944 5943
f 5872 5873 5944
f 5873 5945 5944
f 5873 5874 5945
f 5874 5946 5945
f 5874 5875 5946
f 5875 5947 5946
f 5875 5876 5947
f 5876 5948 5947
f 5876 5877 5948
f 5877 5949 5948
f 5877 5878 5949
f 5878 5950 5949
f 5878 5879 5950
f 5879 5951 5950
f 5879 5880 5951
f 5880 5952 5951
f 5880 5881 5952
f 5881 5953 5952
f 5881 5882 5953
f 5882 5954 5953
f 5882 5883 5954
f 5883 5955 5954
f 5883 5884 5955
f 5884 5956 5955
f 5884 5885 5956
f 5885 5957 5956
f 5885 5886 5957
f 5886 5958 5957
f 5886 5887 5958
f 5887 5959 5958
f 5887 5888 5959
f 5888 5960 5959
f 5888 5889 5960
f 5889 5961 5960
f 5889 5890 5961
f 5890 5962 5961
f 5890 5891 5962
f 5891 5963 5962
f 5891 5892 5963
f 5892 5964 5963
f 5892 5893 5964
f 5893 5965 5964
f 5893 5894 5965
f 5894 5966 5965
f 5894 5895 5966
f 5895 5967 5966
f 5895 5896 5967
f 5896 5968 5967
f 5896 5897 5968
f 5897 5969 5968
f 5897 5898 5969
f 5898 5970 5969
f 5898 5899 5970
f 5899 5971 5970
f 5899 5900 5971
f 5900 5972 5971
f 5900 5901 5972
f 5901 5973 5972
f 5901 5902 5973
f 5902 5974 5973
f 5902 5903 5974
f 5903 5975 5974
f 5903 5904 5975
f 5904 5976 5975
f 5904 5833 5976
f 5833 5905 5976
f 5905 5906 5977
f 5906 5978 5977
f 5906 5907 5978
f 5907 5979 5978
f 5907 5908 5979
f 5908 5980 5979
f 5908 5909 5980
f 5909 5981 5980
f 5909 5910 5981
f 5910 5982 5981
f 5910 5911 5982
f 5911 5983 5982
f 5911 5912 5983
f 5912 5984 5983
f 5912 5913 5984
f 5913 5985 5984
f 5913 5914 5985
f 5914 5986 5985
f 5914 5915 5986
f 5915 5987 5986
f 5915 5916 5987
f 5916 5988 5987
f 5916 5917 5988
f 5917 5989 5988
f 5917 5918 5989
f 5918 5990 5989
f 5918 5919 5990
f 5919 5991 5990
f 5919 5920 5991
f 5920 5992 5991
f 5920 5921 5992
f 5921 5993 5992
f 5921 5922 5993
f 5922 5994 5993
f 5922 5923 5994
f 5923 5995 5994
f 5923 5924 5995
f 5924 5996 5995
f 5924 5925 5996
f 5925 5997 5996
f 5925 5926 5997
f 5926 5998 5997
f 5926 5927 5998
f 5927 5999 5998
f 5927 5928 5999
f 5928 6000 5999
f 5928 5929 6000
f 5929 6001 6000
f 5929 5930 6001
f 5930 6002 6001
f 5930 5931 6002
f 5931 6003 6002
f 5931 5932 6003
f 5932 6004 6003
f 5932 5933 6004
f 5933 6005 6004
f 5933 5934 6005
f 5934 6006 6005
f 5934 5935 6006
f 5935 6007 6006
f 5935 5936 6007
f 5936 6008 6007
f 5936 5937 6008
f 5937 6009 6008
f 5937 5938 6009
f 5938 6010 6009
f 5938 5939 6010
f 5939 6011 6010
f 5939 5940 6011
f 5940 6012 6011
f 5940 5941 6012
f 5941 6013 6012
f 5941 5942 6013
f 5942 6014 6013
f 5942 5943 6014
f 5943 6015 6014
f 5943 5944 6015
f 5944 6016 6015
f 5944 5945 6016
f 5945 6017 6016
f 5945 5946 6017
f 5946 6018 6017
f 5946 5947 6018
f 5947 6019 6018
f 5947 5948 6019
f 5948 6020 6019
f 5948 5949 6020
f 5949 6021 6020
f 5949 5950 6021
f 5950 6022 6021
f 5950 5951 6022
f 5951 6023 6022
f 5951 5952 6023
f 5952 6024 6023
f 5952 5953 6024
f 5953 6025 6024
f 5953 5954 6025
f 5954 6026 6025
f 5954 5955 6026
f 5955 6027 6026
f 5955 5956 6027
f 5956 6028 6027
f 5956 5957 6028
f 5957 6029 6028
f 5957 5958 6029
f 5958 6030 6029
f 5958 5959 6030
f 5959 6031 6030
f 5959 5960 6031
f 5960 6032 6031
f 5960 5961 6032
f 5961 6033 6032
f 5961 5962 6033
f 5962 6034 6033
f 5962 5963 6034
f 5963 6035 6034
f 5963 5964 6035
f 5964 6036 6035
f 5964 5965 6036
f 5965 6037 6036
f 5965 5966 6037
f 5966 6038 6037
f 5966 5967 6038
f 5967 6039 6038
f 5967 5968 6039
f 5968 6040 6039
f 5968 5969 6040
f 5969 6041 6040
f 5969 5970 6041
f 5970 6042 6041
f 5970 5971 6042
f 5971 6043 6042
f 5971 5972 6043
f 5972 6044 6043
f 5972 5973 6044
f 5973 6045 6044
f 5973 5974 6045
f 5974 6046 6045
f 5974 5975 6046
f 5975 6047 6046
f 5975 5976 6047
f 5976 6048 6047
f 5976 5905 6048
f 5905 5977 6048
f 5977 5978 6049
f 5978 6050 6049
f 5978 5979 6050
f 5979 6051 6050
f 5979 5980 6051
f 5980 6052 6051
f 5980 5981 6052
f 5981 6053 6052
f 5981 5982 6053
f 5982 6054 6053
f 5982 5983 6054
f 5983 6055 6054
f 5983 5984 6055
f 5984 6056 6055
f 5984 5985 6056
f 5985 6057 6056
f 5985 5986 6057
f 5986 6058 6057
f 5986 5987 6058
f 5987 6059 6058
f 5987 5988 6059
f 5988 6060 6059
f 5988 5989 6060
f 5989 6061 6060
f 5989 5990 6061
f 5990 6062 6061
f 5990 5991 6062
f 5991 6063 6062
f 5991 5992 6063
f 5992 6064 6063
f 5992 5993 6064
f 5993 6065 6064
f 5993 5994 6065
f 5994 6066 6065
f 5994 5995 6066
f 5995 6067 6066
f 5995 5996 6067
f 5996 6068 6067
f 5996 5997 6068
f 5997 6069 6068
f 5997 5998 6069
f 5998 6070 6069
f 5998 5999 6070
f 5999 6071 6070
f 5999 6000 6071
f 6000 6072 6071
f 6000 6001 6072
f 6001 6073 6072
f 6001 6002 6073
f 6002 6074 6073
f 6002 6003 6074
f 6003 6075 6074
f 6003 6004 6075
f 6004 6076 6075
f 6004 6005 6076
f 6005 6077 6076
f 6005 6006 6077
f 6006 6078 6077
f 6006 6007 6078
f 6007 6079 6078
f 6007 6008 6079
f 6008 6080 6079
f 6008 6009 6080
f 6009 6081 6080
f 6009 6010 6081
f 6010 6082 6081
f 6010 6011 6082
f 6011 6083 6082
f 6011 6012 6083
f 6012 6084 6083
f 6012 6013 6084
f 6013 6085 6084
f 6013 6014 6085
f 6014 6086 6085
f 6014 6015 6086
f 6015 6087 6086
f 6015 6016 6087
f 6016 6088 6087
f 6016 6017 6088
f 6017 6089 6088
f 6017 6018 6089
f 6018 6090 6089
f 6018 6019 6090
f 6019 6091 6090
f 6019 6020 6091
f 6020 6092 6091
f 6020 6021 6092
f 6021 6093 6092
f 6021 6022 6093
f 6022 6094 6093
f 6022 6023 6094
f 6023 6095 6094
f 6023 6024 6095
f 6024 6096 6095
f 6024 6025 6096
f 6025 6097 6096
f 6025 6026 6097
f 6026 6098 6097
f 6026 6027 6098
f 6027 6099 6098
f 6027 6028 6099
f 6028 6100 6099
f 6028 6029 6100
f 6029 6101 6100
f 6029 6030 6101
f 6030 6102 6101
f 6030 6031 6102
f 6031 6103 6102
f 6031 6032 6103
f 6032 6104 6103
f 6032 6033 6104
f 6033 6105 6104
f 6033 6034 6105
f 6034 6106 6105
f 6034 6035 6106
f 6035 6107 6106
f 6035 6036 6107
f 6036 6108 6107
f 6036 6037 6108
f 6037 6109 6108
f 6037 6038 6109
f 6038 6110 6109
f 6038 6039 6110
f 6039 6111 6110
f 6039 6040 6111
f 6040 6112 6111
f 6040 6041 6112
f 6041 6113 6112
f 6041 6042 6113
f 6042 6114 6113
f 6042 6043 6114
f 6043 6115 6114
f 6043 6044 6115
f 6044 6116 6115
f 6044 6045 6116
f 6045 6117 6116
f 6045 6046 6117
f 6046 6118 6117
f 6046 6047 6118
f 6047 6119 6118
f 6047 6048 6119
f 6048 6120 6119
f 6048 5977 6120
f 5977 6049 6120
f 6049 6050 6121
f 6050 6122 6121
f 6050 6051 6122
f 6051 6123 6122
f 6051 6052 6123
f 6052 6124 6123
f 6052 6053 6124
f 6053 6125 6124
f 6053 6054 6125
f 6054 6126 6125
f 6054 6055 6126
f 6055 6127 6126
f 6055 6056 6127
f 6056 6128 6127
f 6056 6057 6128
f 6057 6129 6128
f 6057 6058 6129
f 6058 6130 6129
f 6058 6059 6130
f 6059 6131 6130
f 6059 6060 6131
f 6060 6132 6131
f 6060 6061 6132
f 6061 6133 6132
f 6061 6062 6133
f 6062 6134 6133
f 6062 6063 6134
f 6063 6135 6134
f 6063 6064 6135
f 6064 6136 6135
f 6064 6065 6136
f 6065 6137 6136
f 6065 6066 6137
f 6066 6138 6137
f 6066 6067 6138
f 6067 6139 6138
f 6067 6068 6139
f 6068 6140 6139
f 6068 6069 6140
f 6069 6141 6140
f 6069 6070 6141
f 6070 6142 6141
f 6070 6071 6142
f 6071 6143 6142
f 6071 6072 6143
f 6072 6144 6143
f 6072 6073 6144
f 6073 6145 6144
f 6073 6074 6145
f 6074 6146 6145
f 6074 6075 6146
f 6075 6147 6146
f 6075 6076 6147
f 6076 6148 6147
f 6076 6077 6148
f 6077 6149 6148
f 6077 6078 6149
f 6078 6150 6149
f 6078 6079 6150
f 6079 6151 6150
f 6079 6080 6151
f 6080 6152 6151
f 6080 6081 6152
f 6081 6153 6152
f 6081 6082 6153
f 6082 6154 6153
f 6082 6083 6154
f 6083 6155 6154
f 6083 6084 6155
f 6084 6156 6155
f 6084 6085 6156
f 6085 6157 6156
f 6085 6086 6157
f 6086 6158 6157
f 6086 6087 6158
f 6087 6159 6158
f 6087 6088 6159
f 6088 6160 6159
f 6088 6089 6160
f 6089 6161 6160
f 6089 6090 6161
f 6090 6162 6161
f 6090 6091 6162
f 6091 6163 6162
f 6091 6092 6163
f 6092 6164 6163
f 6092 6093 6164
f 6093 6165 6164
f 6093 6094 6165
f 6094 6166 6165
f 6094 6095 6166
f 6095 6167 6166
f 6095 6096 6167
f 6096 6168 6167
f 6096 6097 6168
f 6097 6169 6168
f 6097 6098 6169
f 6098 6170 6169
f 6098 6099 6170
f 6099 6171 6170
f 6099 6100 6171
f 6100 6172 6171
f 6100 6101 6172
f 6101 6173 6172
f 6101 6102 6173
f 6102 6174 6173
f 6102 6103 6174
f 6103 6175 6174
f 6103 6104 6175
f 6104 6176 6175
f 6104 6105 6176
f 6105 6177 6176
f 6105 6106 6177
f 6106 6178 6177
f 6106 6107 6178
f 6107 6179 6178
f 6107 6108 6179
f 6108 6180 6179
f 6108 6109 6180
f 6109 6181 6180
f 6109 6110 6181
f 6110 6182 6181
f 6110 6111 6182
f 6111 6183 6182
f 6111 6112 6183
f 6112 6184 6183
f 6112 6113 6184
f 6113 6185 6184
f 6113 6114 6185
f 6114 6186 6185
f 6114 6115 6186
f 6115 6187 6186
f 6115 6116 6187
f 6116 6188 6187
f 6116 6117 6188
f 6117 6189 6188
f 6117 6118 6189
f 6118 6190 6189
f 6118 6119 6190
f 6119 6191 6190
f 6119 6120 6191
f 6120 6192 6191
f 6120 6049 6192
f 6049 6121 6192
f 6121 6122 6193
f 6122 6194 6193
f 6122 6123 6194
f 6123 6195 6194
f 6123 6124 6195
f 6124 6196 6195
f 6124 6125 6196
f 6125 6197 6196
f 6125 6126 6197
f 6126 6198 6197
f 6126 6127 6198
f 6127 6199 6198
f 6127 6128 6199
f 6128 6200 6199
f 6128 6129 6200
f 6129 6201 6200
f 6129 6130 6201
f 6130 6202 6201
f 6130 6131 6202
f 6131 6203 6202
f 6131 6132 6203
f 6132 6204 6203
f 6132 6133 6204
f 6133 6205 6204
f 6133 6134 6205
f 6134 6206 6205
f 6134 6135 6206
f 6135 6207 6206
f 6135 6136 6207
f 6136 6208 6207
f 6136 6137 6208
f 6137 6209 6208
f 6137 6138 6209
f 6138 6210 6209
f 6138 6139 6210
f 6139 6211 6210
f 6139 6140 6211
f 6140 6212 6211
f 6140 6141 6212
f 6141 6213 6212
f 6141 6142 6213
f 6142 6214 6213
f 6142 6143 6214
f 6143 6215 6214
f 6143 6144 6215
f 6144 6216 6215
f 6144 6145 6216
f 6145 6217 6216
f 6145 6146 6217
f 6146 6218 6217
f 6146 6147 6218
f 6147 6219 6218
f 6147 6148 6219
f 6148 6220 6219
f 6148 6149 6220
f 6149 6221 6220
f 6149 6150 6221
f 6150 6222 6221
f 6150 6151 6222
f 6151 6223 6222
f 6151 6152 6223
f 6152 6224 6223
f 6152 6153 6224
f 6153 6225 6224
f 6153 6154 6225
f 6154 6226 6225
f 6154 6155 6226
f 6155 6227 6226
f 6155 6156 6227
f 6156 6228 6227
f 6156 6157 6228
f 6157 6229 6228
f 6157 6158 6229
f 6158 6230 6229
f 6158 6159 6230
f 6159 6231 6230
f 6159 6160 6231
f 6160 6232 6231
f 6160 6161 6232
f 6161 6233 6232
f 6161 6162 6233
f 6162 6234 6233
f 6162 6163 6234
f 6163 6235 6234
f 6163 6164 6235
f 6164 6236 6235
f 6164 6165 6236
f 6165 6237 6236
f 6165 6166 6237
f 6166 6238 6237
f 6166 6167 6238
f 6167 6239 6238
f 6167 6168 6239
f 6168 6240 6239
f 6168 6169 6240
f 6169 6241 6240
f 6169 6170 6241
f 6170 6242 6241
f 6170 6171 6242
f 6171 6243 6242
f 6171 6172 6243
f 6172 6244 6243
f 6172 6173 6244
f 6173 6245 6244
f 6173 6174 6245
f 6174 6246 6245
f 6174 6175 6246
f 6175 6247 6246
f 6175 6176 6247
f 6176 6248 6247
f 6176 6177 6248
f 6177 6249 6248
f 6177 6178 6249
f 6178 6250 6249
f 6178 6179 6250
f 6179 6251 6250
f 6179 6180 6251
f 6180 6252 6251
f 6180 6181 6252
f 6181 6253 6252
f 6181 6182 6253
f 6182 6254 6253
f 6182 6183 6254
f 6183 6255 6254
f 6183 6184 6255
f 6184 6256 6255
f 6184 6185 6256
f 6185 6257 6256
f 6185 6186 6257
f 6186 6258 6257
f 6186 6187 6258
f 6187 6259 6258
f 6187 6188 6259
f 6188 6260 6259
f 6188 6189 6260
f 6189 6261 6260
f 6189 6190 6261
f 6190 6262 6261
f 6190 6191 6262
f 6191 6263 6262
f 6191 6192 6263
f 6192 6264 6263
f 6192 6121 6264
f 6121 6193 6264
f 6193 6194 6265
f 6194 6266 6265
f 6194 6195 6266
f 6195 6267 6266
f 6195 6196 6267
f 6196 6268 6267
f 6196 6197 6268
f 6197 6269 6268
f 6197 6198 6269
f 6198 6270 6269
f 6198 6199 6270
f 6199 6271 6270
f 6199 6200 6271
f 6200 6272 6271
f 6200 6201 6272
f 6201 6273 6272
f 6201 6202 6273
f 6202 6274 6273
f 6202 6203 6274
f 6203 6275 6274
f 6203 6204 6275
f 6204 6276 6275
f 6204 6205 6276
f 6205 6277 6276
f 6205 6206 6277
f 6206 6278 6277
f 6206 6207 6278
f 6207 6279 6278
f 6207 6208 6279
f 6208 6280 6279
f 6208 6209 6280
f 6209 6281 6280
f 6209 6210 6281
f 6210 6282 6281
f 6210 6211 6282
f 6211 6283 6282
f 6211 6212 6283
f 6212 6284 6283
f 6212 6213 6284
f 6213 6285 6284
f 6213 6214 6285
f 6214 6286 6285
f 6214 6215 6286
f 6215 6287 6286
f 6215 6216 6287
f 6216 6288 6287
f 6216 6217 6288
f 6217 6289 6288
f 6217 6218 6289
f 6218 6290 6289
f 6218 6219 6290
f 6219 6291 6290
f 6219 6220 6291
f 6220 6292 6291
f 6220 6221 6292
f 6221 6293 6292
f 6221 6222 6293
f 6222 6294 6293
f 6222 6223 6294
f 6223 6295 6294
f 6223 6224 6295
f 6224 6296 6295
f 6224 6225 6296
f 6225 6297 6296
f 6225 6226 6297
f 6226 6298 6297
f 6226 6227 6298
f 6227 6299 6298
f 6227 6228 6299
f 6228 6300 6299
f 6228 6229 6300
f 6229 6301 6300
f 6229 6230 6301
f 6230 6302 6301
f 6230 6231 6302
f 6231 6303 6302
f 6231 6232 6303
f 6232 6304 6303
f 6232 6233 6304
f 6233 6305 6304
f 6233 6234 6305
f 6234 6306 6305
f 6234 6235 6306
f 6235 6307 6306
f 6235 6236 6307
f 6236 6308 6307
f 6236 6237 6308
f 6237 6309 6308
f 6237 6238 6309
f 6238 6310 6309
f 6238 6239 6310
f 6239 6311 6310
f 6239 6240 6311
f 6240 6312 6311
f 6240 6241 6312
f 6241 6313 6312
f 6241 6242 6313
f 6242 6314 6313
f 6242 6243 6314
f 6243 6315 6314
f 6243 6244 6315
f 6244 6316 6315
f 6244 6245 6316
f 6245 6317 6316
f 6245 6246 6317
f 6246 6318 6317
f 6246 6247 6318
f 6247 6319 6318
f 6247 6248 6319
f 6248 6320 6319
f 6248 6249 6320
f 6249 6321 6320
f 6249 6250 6321
f 6250 6322 6321
f 6250 6251 6322
f 6251 6323 6322
f 6251 6252 6323
f 6252 6324 6323
f 6252 6253 6324
f 6253 6325 6324
f 6253 6254 6325
f 6254 6326 6325
f 6254 6255 6326
f 6255 6327 6326
f 6255 6256 6327
f 6256 6328 6327
f 6256 6257 6328
f 6257 6329 6328
f 6257 6258 6329
f 6258 6330 6329
f 6258 6259 6330
f 6259 6331 6330
f 6259 6260 6331
f 6260 6332 6331
f 6260 6261 6332
f 6261 6333 6332
f 6261 6262 6333
f 6262 6334 6333
f 6262 6263 6334
f 6263 6335 6334
f 6263 6264 6335
f 6264 6336 6335
f 6264 6193 6336
f 6193 6265 6336
f 6265 6266 6337
f 6266 6338 6337
f 6266 6267 6338
f 6267 6339 6338
f 6267 6268 6339
f 6268 6340 6339
f 6268 6269 6340
f 6269 6341 6340
f 6269 6270 6341
f 6270 6342 6341
f 6270 6271 6342
f 6271 6343 6342
f 6271 6272 6343
f 6272 6344 6343
f 6272 6273 6344
f 6273 6345 6344
f 6273 6274 6345
f 6274 6346 6345
f 6274 6275 6346
f 6275 6347 6346
f 6275 6276 6347
f 6276 6348 6347
f 6276 6277 6348
f 6277 6349 6348
f 6277 6278 6349
f 6278 6350 6349
f 6278 6279 6350
f 6279 6351 6350
f 6279 6280 6351
f 6280 6352 6351
f 6280 6281 6352
f 6281 6353 6352
f 6281 6282 6353
f 6282 6354 6353
f 6282 6283 6354
f 6283 6355 6354
f 6283 6284 6355
f 6284 6356 6355
f 6284 6285 6356
f 6285 6357 6356
f 6285 6286 6357
f 6286 6358 6357
f 6286 6287 6358
f 6287 6359 6358
f 6287 6288 6359
f 6288 6360 6359
f 6288 6289 6360
f 6289 6361 6360
f 6289 6290 6361
f 6290 6362 6361
f 6290 6291 6362
f 6291 6363 6362
f 6291 6292 6363
f 6292 6364 6363
f 6292 6293 6364
f 6293 6365 6364
f 6293 6294 6365
f 6294 6366 6365
f 6294 6295 6366
f 6295 6367 6366
f 6295 6296 6367
f 6296 6368 6367
f 6296 6297 6368
f 6297 6369 6368
f 6297 6298 6369
f 6298 6370 6369
f 6298 6299 6370
f 6299 6371 6370
f 6299 6300 6371
f 6300 6372 6371
f 6300 6301 6372
f 6301 6373 6372
f 6301 6302 6373
f 6302 6374 6373
f 6302 6303 6374
f 6303 6375 6374
f 6303 6304 6375
f 6304 6376 6375
f 6304 6305 6376
f 6305 6377 6376
f 6305 6306 6377
f 6306 6378 6377
f 6306 6307 6378
f 6307 6379 6378
f 6307 6308 6379
f 6308 6380 6379
f 6308 6309 6380
f 6309 6381 6380
f 6309 6310 6381
f 6310 6382 6381
f 6310 6311 6382
f 6311 6383 6382
f 6311 6312 6383
f 6312 6384 6383
f 6312 6313 6384
f 6313 6385 6384
f 6313 6314 6385
f 6314 6386 6385
f 6314 6315 6386
f 6315 6387 6386
f 6315 6316 6387
f 6316 6388 6387
f 6316 6317 6388
f 6317 6389 6388
f 6317 6318 6389
f 6318 6390 6389
f 6318 6319 6390
f 6319 6391 6390
f 6319 6320 6391
f 6320 6392 6391
f 6320 6321 6392
f 6321 6393 6392
f 6321 6322 6393
f 6322 6394 6393
f 6322 6323 6394
f 6323 6395 6394
f 6323 6324 6395
f 6324 6396 6395
f 6324 6325 6396
f 6325 6397 6396
f 6325 6326 6397
f 6326 6398 6397
f 6326 6327 6398
f 6327 6399 6398
f 6327 6328 6399
f 6328 6400 6399
f 6328 6329 6400
f 6329 6401 6400
f 6329 6330 6401
f 6330 6402 6401
f 6330 6331 6402
f 6331 6403 6402
f 6331 6332 6403
f 6332 6404 6403
f 6332 6333 6404
f 6333 6405 6404
f 6333 6334 6405
f 6334 6406 6405
f 6334 6335 6406
f 6335 6407 6406
f 6335 6336 6407
f 6336 6408 6407
f 6336 6265 6408
f 6265 6337 6408
f 6337 6338 6409
f 6338 6410 6409
f 6338 6339 6410
f 6339 6411 6410
f 6339 6340 6411
f 6340 6412 6411
f 6340 6341 6412
f 6341 6413 6412
f 6341 6342 6413
f 6342 6414 6413
f 6342 6343 6414
f 6343 6415 6414
f 6343 6344 6415
f 6344 6416 6415
f 6344 6345 6416
f 6345 6417 6416
f 6345 6346 6417
f 6346 6418 6417
f 6346 6347 6418
f 6347 6419 6418
f 6347 6348 6419
f 6348 6420 6419
f 6348 6349 6420
f 6349 6421 6420
f 6349 6350 6421
f 6350 6422 6421
f 6350 6351 6422
f 6351 6423 6422
f 6351 6352 6423
f 6352 6424 6423
f 6352 6353 6424
f 6353 6425 6424
f 6353 6354 6425
f 6354 6426 6425
f 6354 6355 6426
f 6355 6427 6426
f 6355 6356 6427
f 6356 6428 6427
f 6356 6357 6428
f 6357 6429 6428
f 6357 6358 6429
f 6358 6430 6429
f 6358 6359 6430
f 6359 6431 6430
f 6359 6360 6431
f 6360 6432 6431
f 6360 6361 6432
f 6361 6433 6432
f 6361 6362 6433
f 6362 6434 6433
f 6362 6363 6434
f 6363 6435 6434
f 6363 6364 6435
f 6364 6436 6435
f 6364 6365 6436
f 6365 6437 6436
f 6365 6366 6437
f 6366 6438 6437
f 6366 6367 6438
f 6367 6439 6438
f 6367 6368 6439
f 6368 6440 6439
f 6368 6369 6440
f 6369 6441 6440
f 6369 6370 6441
f 6370 6442 6441
f 6370 6371 6442
f 6371 6443 6442
f 6371 6372 6443
f 6372 6444 6443
f 6372 6373 6444
f 6373 6445 6444
f 6373 6374 6445
f 6374 6446 6445
f 6374 6375 6446
f 6375 6447 6446
f 6375 6376 6447
f 6376 6448 6447
f 6376 6377 6448
f 6377 6449 6448
f 6377 6378 6449
f 6378 6450 6449
f 6378 6379 6450
f 6379 6451 6450
f 6379 6380 6451
f 6380 6452 6451
f 6380 6381 6452
f 6381 6453 6452
f 6381 6382 6453
f 6382 6454 6453
f 6382 6383 6454
f 6383 6455 6454
f 6383 6384 6455
f 6384 6456 6455
f 6384 6385 6456
f 6385 6457 6456
f 6385 6386 6457
f 6386 6458 6457
f 6386 6387 6458
f 6387 6459 6458
f 6387 6388 6459
f 6388 6460 6459
f 6388 6389 6460
f 6389 6461 6460
f 6389 6390 6461
f 6390 6462 6461
f 6390 6391 6462
f 6391 6463 6462
f 6391 6392 6463
f 6392 6464 6463
f 6392 6393 6464
f 6393 6465 6464
f 6393 6394 6465
f 6394 6466 6465
f 6394 6395 6466
f 6395 6467 6466
f 6395 6396 6467
f 6396 6468 6467
f 6396 6397 6468
f 6397 6469 6468
f 6397 6398 6469
f 6398 6470 6469
f 6398 6399 6470
f 6399 6471 6470
f 6399 6400 6471
f 6400 6472 6471
f 6400 6401 6472
f 6401 6473 6472
f 6401 6402 6473
f 6402 6474 6473
f 6402 6403 6474
f 6403 6475 6474
f 6403 6404 6475
f 6404 6476 6475
f 6404 6405 6476
f 6405 6477 6476
f 6405 6406 6477
f 6406 6478 6477
f 6406 6407 6478
f 6407 6479 6478
f 6407 6408 6479
f 6408 6480 6479
f 6408 6337 6480
f 6337 6409 6480
f 6409 6410 6481
f 6410 6482 6481
f 6410 6411 6482
f 6411 6483 6482
f 6411 6412 6483
f 6412 6484 6483
f 6412 6413 6484
f 6413 6485 6484
f 6413 6414 6485
f 6414 6486 6485
f 6414 6415 6486
f 6415 6487 6486
f 6415 6416 6487
f 6416 6488 6487
f 6416 6417 6488
f 6417 6489 6488
f 6417 6418 6489
f 6418 6490 6489
f 6418 6419 6490
f 6419 6491 6490
f 6419 6420 6491
f 6420 6492 6491
f 6420 6421 6492
f 6421 6493 6492
f 6421 6422 6493
f 6422 6494 6493
f 6422 6423 6494
f 6423 6495 6494
f 6423 6424 6495
f 6424 6496 6495
f 6424 6425 6496
f 6425 6497 6496
f 6425 6426 6497
f 6426 6498 6497
f 6426 6427 6498
f 6427 6499 6498
f 6427 6428 6499
f 6428 6500 6499
f 6428 6429 6500
f 6429 6501 6500
f 6429 6430 6501
f 6430 6502 6501
f 6430 6431 6502
f 6431 6503 6502
f 6431 6432 6503
f 6432 6504 6503
f 6432 6433 6504
f 6433 6505 6504
f 6433 6434 6505
f 6434 6506 6505
f 6434 6435 6506
f 6435 6507 6506
f 6435 6436 6507
f 6436 6508 6507
f 6436 6437 6508
f 6437 6509 6508
f 6437 6438 6509
f 6438 6510 6509
f 6438 6439 6510
f 6439 6511 6510
f 6439 6440 6511
f 6440 6512 6511
f 6440 6441 6512
f 6441 6513 6512
f 6441 6442 6513
f 6442 6514 6513
f 6442 6443 6514
f 6443 6515 6514
f 6443 6444 6515
f 6444 6516 6515
f 6444 6445 6516
f 6445 6517 6516
f 6445 6446 6517
f 6446 6518 6517
f 6446 6447 6518
f 6447 6519 6518
f 6447 6448 6519
f 6448 6520 6519
f 6448 6449 6520
f 6449 6521 6520
f 6449 6450 6521
f 6450 6522 6521
f 6450 6451 6522
f 6451 6523 6522
f 6451 6452 6523
f 6452 6524 6523
f 6452 6453 6524
f 6453 6525 6524
f 6453 6454 6525
f 6454 6526 6525
f 6454 6455 6526
f 6455 6527 6526
f 6455 6456 6527
f 6456 6528 6527
f 6456 6457 6528
f 6457 6529 6528
f 6457 6458 6529
f 6458 6530 6529
f 6458 6459 6530
f 6459 6531 6530
f 6459 6460 6531
f 6460 6532 6531
f 6460 6461 6532
f 6461 6533 6532
f 6461 6462 6533
f 6462 6534 6533
f 6462 6463 6534
f 6463 6535 6534
f 6463 6464 6535
f 6464 6536 6535
f 6464 6465 6536
f 6465 6537 6536
f 6465 6466 6537
f 6466 6538 6537
f 6466 6467 6538
f 6467 6539 6538
f 6467 6468 6539
f 6468 6540 6539
f 6468 6469 6540
f 6469 6541 6540
f 6469 6470 6541
f 6470 6542 6541
f 6470 6471 6542
f 6471 6543 6542
f 6471 6472 6543
f 6472 6544 6543
f 6472 6473 6544
f 6473 6545 6544
f 6473 6474 6545
f 6474 6546 6545
f 6474 6475 6546
f 6475 6547 6546
f 6475 6476 6547
f 6476 6548 6547
f 6476 6477 6548
f 6477 6549 6548
f 6477 6478 6549
f 6478 6550 6549
f 6478 6479 6550
f 6479 6551 6550
f 6479 6480 6551
f 6480 6552 6551
f 6480 6409 6552
f 6409 6481 6552
f 6481 6482 6553
f 6482 6554 6553
f 6482 6483 6554
f 6483 6555 6554
f 6483 6484 6555
f 6484 6556 6555
f 6484 6485 6556
f 6485 6557 6556
f 6485 6486 6557
f 6486 6558 6557
f 6486 6487 6558
f 6487 6559 6558
f 6487 6488 6559
f 6488 6560 6559
f 6488 6489 6560
f 6489 6561 6560
f 6489 6490 6561
f 6490 6562 6561
f 6490 6491 6562
f 6491 6563 6562
f 6491 6492 6563
f 6492 6564 6563
f 6492 6493 6564
f 6493 6565 6564
f 6493 6494 6565
f 6494 6566 6565
f 6494 6495 6566
f 6495 6567 6566
f 6495 6496 6567
f 6496 6568 6567
f 6496 6497 6568
f 6497 6569 6568
f 6497 6498 6569
f 6498 6570 6569
f 6498 6499 6570
f 6499 6571 6570
f 6499 6500 6571
f 6500 6572 6571
f 6500 6501 6572
f 6501 6573 6572
f 6501 6502 6573
f 6502 6574 6573
f 6502 6503 6574
f 6503 6575 6574
f 6503 6504 6575
f 6504 6576 6575
f 6504 6505 6576
f 6505 6577 6576
f 6505 6506 6577
f 6506 6578 6577
f 6506 6507 6578
f 6507 6579 6578
f 6507 6508 6579
f 6508 6580 6579
f 6508 6509 6580
f 6509 6581 6580
f 6509 6510 6581
f 6510 6582 6581
f 6510 6511 6582
f 6511 6583 6582
f 6511 6512 6583
f 6512 6584 6583
f 6512 6513 6584
f 6513 6585 6584
f 6513 6514 6585
f 6514 6586 6585
f 6514 6515 6586
f 6515 6587 6586
f 6515 6516 6587
f 6516 6588 6587
f 6516 6517 6588
f 6517 6589 6588
f 6517 6518 6589
f 6518 6590 6589
f 6518 6519 6590
f 6519 6591 6590
f 6519 6520 6591
f 6520 6592 6591
f 6520 6521 6592
f 6521 6593 6592
f 6521 6522 6593
f 6522 6594 6593
f 6522 6523 6594
f 6523 6595 6594
f 6523 6524 6595
f 6524 6596 6595
f 6524 6525 6596
f 6525 6597 6596
f 6525 6526 6597
f 6526 6598 6597
f 6526 6527 6598
f 6527 6599 6598
f 6527 6528 6599
f 6528 6600 6599
f 6528 6529 6600
f 6529 6601 6600
f 6529 6530 6601
f 6530 6602 6601
f 6530 6531 6602
f 6531 6603 6602
f 6531 6532 6603
f 6532 6604 6603
f 6532 6533 6604
f 6533 6605 6604
f 6533 6534 6605
f 6534 6606 6605
f 6534 6535 6606
f 6535 6607 6606
f 6535 6536 6607
f 6536 6608 6607
f 6536 6537 6608
f 6537 6609 6608
f 6537 6538 6609
f 6538 6610 6609
f 6538 6539 6610
f 6539 6611 6610
f 6539 6540 6611
f 6540 6612 6611
f 6540 6541 6612
f 6541 6613 6612
f 6541 6542 6613
f 6542 6614 6613
f 6542 6543 6614
f 6543 6615 6614
f 6543 6544 6615
f 6544 6616 6615
f 6544 6545 6616
f 6545 6617 6616
f 6545 6546 6617
f 6546 6618 6617
f 6546 6547 6618
f 6547 6619 6618
f 6547 6548 6619
f 6548 6620 6619
f 6548 6549 6620
f 6549 6621 6620
f 6549 6550 6621
f 6550 6622 6621
f 6550 6551 6622
f 6551 6623 6622
f 6551 6552 6623
f 6552 6624 6623
f 6552 6481 6624
f 6481 6553 6624
f 6553 6554 6625
f 6554 6626 6625
f 6554 6555 6626
f 6555 6627 6626
f 6555 6556 6627
f 6556 6628 6627
f 6556 6557 6628
f 6557 6629 6628
f 6557 6558 6629
f 6558 6630 6629
f 6558 6559 6630
f 6559 6631 6630
f 6559 6560 6631
f 6560 6632 6631
f 6560 6561 6632
f 6561 6633 6632
f 6561 6562 6633
f 6562 6634 6633
f 6562 6563 6634
f 6563 6635 6634
f 6563 6564 6635
f 6564 6636 6635
f 6564 6565 6636
f 6565 6637 6636
f 6565 6566 6637
f 6566 6638 6637
f 6566 6567 6638
f 6567 6639 6638
f 6567 6568 6639
f 6568 6640 6639
f 6568 6569 6640
f 6569 6641 6640
f 6569 6570 6641
f 6570 6642 6641
f 6570 6571 6642
f 6571 6643 6642
f 6571 6572 6643
f 6572 6644 6643
f 6572 6573 6644
f 6573 6645 6644
f 6573 6574 6645
f 6574 6646 6645
f 6574 6575 6646
f 6575 6647 6646
f 6575 6576 6647
f 6576 6648 6647
f 6576 6577 6648
f 6577 6649 6648
f 6577 6578 6649
f 6578 6650 6649
f 6578 6579 6650
f 6579 6651 6650
f 6579 6580 6651
f 6580 6652 6651
f 6580 6581 6652
f 6581 6653 6652
f 6581 6582 6653
f 6582 6654 6653
f 6582 6583 6654
f 6583 6655 6654
f 6583 6584 6655
f 6584 6656 6655
f 6584 6585 6656
f 6585 6657 6656
f 6585 6586 6657
f 6586 6658 6657
f 6586 6587 6658
f 6587 6659 6658
f 6587 6588 6659
f 6588 6660 6659
f 6588 6589 6660
f 6589 6661 6660
f 6589 6590 6661
f 6590 6662 6661
f 6590 6591 6662
f 6591 6663 6662
f 6591 6592 6663
f 6592 6664 6663
f 6592 6593 6664
f 6593 6665 6664
f 6593 6594 6665
f 6594 6666 6665
f 6594 6595 6666
f 6595 6667 6666
f 6595 6596 6667
f 6596 6668 6667
f 6596 6597 6668
f 6597 6669 6668
f 6597 6598 6669
f 6598 6670 6669
f 6598 6599 6670
f 6599 6671 6670
f 6599 6600 6671
f 6600 6672 6671
f 6600 6601 6672
f 6601 6673 6672
f 6601 6602 6673
f 6602 6674 6673
f 6602 6603 6674
f 6603 6675 6674
f 6603 6604 6675
f 6604 6676 6675
f 6604 6605 6676
f 6605 6677 6676
f 6605 6606 6677
f 6606 6678 6677
f 6606 6607 6678
f 6607 6679 6678
f 6607 6608 6679
f 6608 6680 6679
f 6608 6609 6680
f 6609 6681 6680
f 6609 6610 6681
f 6610 6682 6681
f 6610 6611 6682
f 6611 6683 6682
f 6611 6612 6683
f 6612 6684 6683
f 6612 6613 6684
f 6613 6685 6684
f 6613 6614 6685
f 6614 6686 6685
f 6614 6615 6686
f 6615 6687 6686
f 6615 6616 6687
f 6616 6688 6687
f 6616 6617 6688
f 6617 6689 6688
f 6617 6618 6689
f 6618 6690 6689
f 6618 6619 6690
f 6619 6691 6690
f 6619 6620 6691
f 6620 6692 6691
f 6620 6621 6692
f 6621 6693 6692
f 6621 6622 6693
f 6622 6694 6693
f 6622 6623 6694
f 6623 6695 6694
f 6623 6624 6695
f 6624 6696 6695
f 6624 6553 6696
f 6553 6625 6696
f 6625 6626 6697
f 6626 6698 6697
f 6626 6627 6698
f 6627 6699 6698
f 6627 6628 6699
f 6628 6700 6699
f 6628 6629 6700
f 6629 6701 6700
f 6629 6630 6701
f 6630 6702 6701
f 6630 6631 6702
f 6631 6703 6702
f 6631 6632 6703
f 6632 6704 6703
f 6632 6633 6704
f 6633 6705 6704
f 6633 6634 6705
f 6634 6706 6705
f 6634 6635 6706
f 6635 6707 6706
f 6635 6636 6707
f 6636 6708 6707
f 6636 6637 6708
f 6637 6709 6708
f 6637 6638 6709
f 6638 6710 6709
f 6638 6639 6710
f 6639 6711 6710
f 6639 6640 6711
f 6640 6712 6711
f 6640 6641 6712
f 6641 6713 6712
f 6641 6642 6713
f 6642 6714 6713
f 6642 6643 6714
f 6643 6715 6714
f 6643 6644 6715
f 6644 6716 6715
f 6644 6645 6716
f 6645 6717 6716
f 6645 6646 6717
f 6646 6718 6717
f 6646 6647 6718
f 6647 6719 6718
f 6647 6648 6719
f 6648 6720 6719
f 6648 6649 6720
f 6649 6721 6720
f 6649 6650 6721
f 6650 6722 6721
f 6650 6651 6722
f 6651 6723 6722
f 6651 6652 6723
f 6652 6724 6723
f 6652 6653 6724
f 6653 6725 6724
f 6653 6654 6725
f 6654 6726 6725
f 6654 6655 6726
f 6655 6727 6726
f 6655 6656 6727
f 6656 6728 6727
f 6656 6657 6728
f 6657 6729 6728
f 6657 6658 6729
f 6658 6730 6729
f 6658 6659 6730
f 6659 6731 6730
f 6659 6660 6731
f 6660 6732 6731
f 6660 6661 6732
f 6661 6733 6732
f 6661 6662 6733
f 6662 6734 6733
f 6662 6663 6734
f 6663 6735 6734
f 6663 6664 6735
f 6664 6736 6735
f 6664 6665 6736
f 6665 6737 6736
f 6665 6666 6737
f 6666 6738 6737
f 6666 6667 6738
f 6667 6739 6738
f 6667 6668 6739
f 6668 6740 6739
f 6668 6669 6740
f 6669 6741 6740
f 6669 6670 6741
f 6670 6742 6741
f 6670 6671 6742
f 6671 6743 6742
f 6671 6672 6743
f 6672 6744 6743
f 6672 6673 6744
f 6673 6745 6744
f 6673 6674 6745
f 6674 6746 6745
f 6674 6675 6746
f 6675 6747 6746
f 6675 6676 6747
f 6676 6748 6747
f 6676 6677 6748
f 6677 6749 6748
f 6677 6678 6749
f 6678 6750 6749
f 6678 6679 6750
f 6679 6751 6750
f 6679 6680 6751
f 6680 6752 6751
f 6680 6681 6752
f 6681 6753 6752
f 6681 6682 6753
f 6682 6754 6753
f 6682 6683 6754
f 6683 6755 6754
f 6683 6684 6755
f 6684 6756 6755
f 6684 6685 6756
f 6685 6757 6756
f 6685 6686 6757
f 6686 6758 6757
f 6686 6687 6758
f 6687 6759 6758
f 6687 6688 6759
f 6688 6760 6759
f 6688 6689 6760
f 6689 6761 6760
f 6689 6690 6761
f 6690 6762 6761
f 6690 6691 6762
f 6691 6763 6762
f 6691 6692 6763
f 6692 6764 6763
f 6692 6693 6764
f 6693 6765 6764
f 6693 6694 6765
f 6694 6766 6765
f 6694 6695 6766
f 6695 6767 6766
f 6695 6696 6767
f 6696 6768 6767
f 6696 6625 6768
f 6625 6697 6768
f 6697 6698 6769
f 6698 6770 6769
f 6698 6699 6770
f 6699 6771 6770
f 6699 6700 6771
f 6700 6772 6771
f 6700 6701 6772
f 6701 6773 6772
f 6701 6702 6773
f 6702 6774 6773
f 6702 6703 6774
f 6703 6775 6774
f 6703 6704 6775
f 6704 6776 6775
f 6704 6705 6776
f 6705 6777 6776
f 6705 6706 6777
f 6706 6778 6777
f 6706 6707 6778
f 6707 6779 6778
f 6707 6708 6779
f 6708 6780 6779
f 6708 6709 6780
f 6709 6781 6780
f 6709 6710 6781
f 6710 6782 6781
f 6710 6711 6782
f 6711 6783 6782
f 6711 6712 6783
f 6712 6784 6783
f 6712 6713 6784
f 6713 6785 6784
f 6713 6714 6785
f 6714 6786 6785
f 6714 6715 6786
f 6715 6787 6786
f 6715 6716 6787
f 6716 6788 6787
f 6716 6717 6788
f 6717 6789 6788
f 6717 6718 6789
f 6718 6790 6789
f 6718 6719 6790
f 6719 6791 6790
f 6719 6720 6791
f 6720 6792 6791
f 6720 6721 6792
f 6721 6793 6792
f 6721 6722 6793
f 6722 6794 6793
f 6722 6723 6794
f 6723 6795 6794
f 6723 6724 6795
f 6724 6796 6795
f 6724 6725 6796
f 6725 6797 6796
f 6725 6726 6797
f 6726 6798 6797
f 6726 6727 6798
f 6727 6799 6798
f 6727 6728 6799
f 6728 6800 6799
f 6728 6729 6800
f 6729 6801 6800
f 6729 6730 6801
f 6730 6802 6801
f 6730 6731 6802
f 6731 6803 6802
f 6731 6732 6803
f 6732 6804 6803
f 6732 6733 6804
f 6733 6805 6804
f 6733 6734 6805
f 6734 6806 6805
f 6734 6735 6806
f 6735 6807 6806
f 6735 6736 6807
f 6736 6808 6807
f 6736 6737 6808
f 6737 6809 6808
f 6737 6738 6809
f 6738 6810 6809
f 6738 6739 6810
f 6739 6811 6810
f 6739 6740 6811
f 6740 6812 6811
f 6740 6741 6812
f 6741 6813 6812
f 6741 6742 6813
f 6742 6814 6813
f 6742 6743 6814
f 6743 6815 6814
f 6743 6744 6815
f 6744 6816 6815
f 6744 6745 6816
f 6745 6817 6816
f 6745 6746 6817
f 6746 6818 6817
f 6746 6747 6818
f 6747 6819 6818
f 6747 6748 6819
f 6748 6820 6819
f 6748 6749 6820
f 6749 6821 6820
f 6749 6750 6821
f 6750 6822 6821
f 6750 6751 6822
f 6751 6823 6822
f 6751 6752 6823
f 6752 6824 6823
f 6752 6753 6824
f 6753 6825 6824
f 6753 6754 6825
f 6754 6826 6825
f 6754 6755 6826
f 6755 6827 6826
f 6755 6756 6827
f 6756 6828 6827
f 6756 6757 6828
f 6757 6829 6828
f 6757 6758 6829
f 6758 6830 6829
f 6758 6759 6830
f 6759 6831 6830
f 6759 6760 6831
f 6760 6832 6831
f 6760 6761 6832
f 6761 6833 6832
f 6761 6762 6833
f 6762 6834 6833
f 6762 6763 6834
f 6763 6835 6834
f 6763 6764 6835
f 6764 6836 6835
f 6764 6765 6836
f 6765 6837 6836
f 6765 6766 6837
f 6766 6838 6837
f 6766 6767 6838
f 6767 6839 6838
f 6767 6768 6839
f 6768 6840 6839
f 6768 6697 6840
f 6697 6769 6840
f 6769 6770 6841
f 6770 6842 6841
f 6770 6771 6842
f 6771 6843 6842
f 6771 6772 6843
f 6772 6844 6843
f 6772 6773 6844
f 6773 6845 6844
f 6773 6774 6845
f 6774 6846 6845
f 6774 6775 6846
f 6775 6847 6846
f 6775 6776 6847
f 6776 6848 6847
f 6776 6777 6848
f 6777 6849 6848
f 6777 6778 6849
f 6778 6850 6849
f 6778 6779 6850
f 6779 6851 6850
f 6779 6780 6851
f 6780 6852 6851
f 6780 6781 6852
f 6781 6853 6852
f 6781 6782 6853
f 6782 6854 6853
f 6782 6783 6854
f 6783 6855 6854
f 6783 6784 6855
f 6784 6856 6855
f 6784 6785 6856
f 6785 6857 6856
f 6785 6786 6857
f 6786 6858 6857
f 6786 6787 6858
f 6787 6859 6858
f 6787 6788 6859
f 6788 6860 6859
f 6788 6789 6860
f 6789 6861 6860
f 6789 6790 6861
f 6790 6862 6861
f 6790 6791 6862
f 6791 6863 6862
f 6791 6792 6863
f 6792 6864 6863
f 6792 6793 6864
f 6793 6865 6864
f 6793 6794 6865
f 6794 6866 6865
f 6794 6795 6866
f 6795 6867 6866
f 6795 6796 6867
f 6796 6868 6867
f 6796 6797 6868
f 6797 6869 6868
f 6797 6798 6869
f 6798 6870 6869
f 6798 6799 6870
f 6799 6871 6870
f 6799 6800 6871
f 6800 6872 6871
f 6800 6801 6872
f 6801 6873 6872
f 6801 6802 6873
f 6802 6874 6873
f 6802 6803 6874
f 6803 6875 6874
f 6803 6804 6875
f 6804 6876 6875
f 6804 6805 6876
f 6805 6877 6876
f 6805 6806 6877
f 6806 6878 6877
f 6806 6807 6878
f 6807 6879 6878
f 6807 6808 6879
f 6808 6880 6879
f 6808 6809 6880
f 6809 6881 6880
f 6809 6810 6881
f 6810 6882 6881
f 6810 6811 6882
f 6811 6883 6882
f 6811 6812 6883
f 6812 6884 6883
f 6812 6813 6884
f 6813 6885 6884
f 6813 6814 6885
f 6814 6886 6885
f 6814 6815 6886
f 6815 6887 6886
f 6815 6816 6887
f 6816 6888 6887
f 6816 6817 6888
f 6817 6889 6888
f 6817 6818 6889
f 6818 6890 6889
f 6818 6819 6890
f 6819 6891 6890
f 6819 6820 6891
f 6820 6892 6891
f 6820 6821 6892
f 6821 6893 6892
f 6821 6822 6893
f 6822 6894 6893
f 6822 6823 6894
f 6823 6895 6894
f 6823 6824 6895
f 6824 6896 6895
f 6824 6825 6896
f 6825 6897 6896
f 6825 6826 6897
f 6826 6898 6897
f 6826 6827 6898
f 6827 6899 6898
f 6827 6828 6899
f 6828 6900 6899
f 6828 6829 6900
f 6829 6901 6900
f 6829 6830 6901
f 6830 6902 6901
f 6830 6831 6902
f 6831 6903 6902
f 6831 6832 6903
f 6832 6904 6903
f 6832 6833 6904
f 6833 6905 6904
f 6833 6834 6905
f 6834 6906 6905
f 6834 6835 6906
f 6835 6907 6906
f 6835 6836 6907
f 6836 6908 6907
f 6836 6837 6908
f 6837 6909 6908
f 6837 6838 6909
f 6838 6910 6909
f 6838 6839 6910
f 6839 6911 6910
f 6839 6840 6911
f 6840 6912 6911
f 6840 6769 6912
f 6769 6841 6912
f 6841 6842 6913
f 6842 6914 6913
f 6842 6843 6914
f 6843 6915 6914
f 6843 6844 6915
f 6844 6916 6915
f 6844 6845 6916
f 6845 6917 6916
f 6845 6846 6917
f 6846 6918 6917
f 6846 6847 6918
f 6847 6919 6918
f 6847 6848 6919
f 6848 6920 6919
f 6848 6849 6920
f 6849 6921 6920
f 6849 6850 6921
f 6850 6922 6921
f 6850 6851 6922
f 6851 6923 6922
f 6851 6852 6923
f 6852 6924 6923
f 6852 6853 6924
f 6853 6925 6924
f 6853 6854 6925
f 6854 6926 6925
f 6854 6855 6926
f 6855 6927 6926
f 6855 6856 6927
f 6856 6928 6927
f 6856 6857 6928
f 6857 6929 6928
f 6857 6858 6929
f 6858 6930 6929
f 6858 6859 6930
f 6859 6931 6930
f 6859 6860 6931
f 6860 6932 6931
f 6860 6861 6932
f 6861 6933 6932
f 6861 6862 6933
f 6862 6934 6933
f 6862 6863 6934
f 6863 6935 6934
f 6863 6864 6935
f 6864 6936 6935
f 6864 6865 6936
f 6865 6937 6936
f 6865 6866 6937
f 6866 6938 6937
f 6866 6867 6938
f 6867 6939 6938
f 6867 6868 6939
f 6868 6940 6939
f 6868 6869 6940
f 6869 6941 6940
f 6869 6870 6941
f 6870 6942 6941
f 6870 6871 6942
f 6871 6943 6942
f 6871 6872 6943
f 6872 6944 6943
f 6872 6873 6944
f 6873 6945 6944
f 6873 6874 6945
f 6874 6946 6945
f 6874 6875 6946
f 6875 6947 6946
f 6875 6876 6947
f 6876 6948 6947
f 6876 6877 6948
f 6877 6949 6948
f 6877 6878 6949
f 6878 6950 6949
f 6878 6879 6950
f 6879 6951 6950
f 6879 6880 6951
f 6880 6952 6951
f 6880 6881 6952
f 6881 6953 6952
f 6881 6882 6953
f 6882 6954 6953
f 6882 6883 6954
f 6883 6955 6954
f 6883 6884 6955
f 6884 6956 6955
f 6884 6885 6956
f 6885 6957 6956
f 6885 6886 6957
f 6886 6958 6957
f 6886 6887 6958
f 6887 6959 6958
f 6887 6888 6959
f 6888 6960 6959
f 6888 6889 6960
f 6889 6961 6960
f 6889 6890 6961
f 6890 6962 6961
f 6890 6891 6962
f 6891 6963 6962
f 6891 6892 6963
f 6892 6964 6963
f 6892 6893 6964
f 6893 6965 6964
f 6893 6894 6965
f 6894 6966 6965
f 6894 6895 6966
f 6895 6967 6966
f 6895 6896 6967
f 6896 6968 6967
f 6896 6897 6968
f 6897 6969 6968
f 6897 6898 6969
f 6898 6970 6969
f 6898 6899 6970
f 6899 6971 6970
f 6899 6900 6971
f 6900 6972 6971
f 6900 6901 6972
f 6901 6973 6972
f 6901 6902 6973
f 6902 6974 6973
f 6902 6903 6974
f 6903 6975 6974
f 6903 6904 6975
f 6904 6976 6975
f 6904 6905 6976
f 6905 6977 6976
f 6905 6906 6977
f 6906 6978 6977
f 6906 6907 6978
f 6907 6979 6978
f 6907 6908 6979
f 6908 6980 6979
f 6908 6909 6980
f 6909 6981 6980
f 6909 6910 6981
f 6910 6982 6981
f 6910 6911 6982
f 6911 6983 6982
f 6911 6912 6983
f 6912 6984 6983
f 6912 6841 6984
f 6841 6913 6984
f 6913 6914 6985
f 6914 6986 6985
f 6914 6915 6986
f 6915 6987 6986
f 6915 6916 6987
f 6916 6988 6987
f 6916 6917 6988
f 6917 6989 6988
f 6917 6918 6989
f 6918 6990 6989
f 6918 6919 6990
f 6919 6991 6990
f 6919 6920 6991
f 6920 6992 6991
f 6920 6921 6992
f 6921 6993 6992
f 6921 6922 6993
f 6922 6994 6993
f 6922 6923 6994
f 6923 6995 6994
f 6923 6924 6995
f 6924 6996 6995
f 6924 6925 6996
f 6925 6997 6996
f 6925 6926 6997
f 6926 6998 6997
f 6926 6927 6998
f 6927 6999 6998
f 6927 6928 6999
f 6928 7000 6999
f 6928 6929 7000
f 6929 7001 7000
f 6929 6930 7001
f 6930 7002 7001
f 6930 6931 7002
f 6931 7003 7002
f 6931 6932 7003
f 6932 7004 7003
f 6932 6933 7004
f 6933 7005 7004
f 6933 6934 7005
f 6934 7006 7005
f 6934 6935 7006
f 6935 7007 7006
f 6935 6936 7007
f 6936 7008 7007
f 6936 6937 7008
f 6937 7009 7008
f 6937 6938 7009
f 6938 7010 7009
f 6938 6939 7010
f 6939 7011 7010
f 6939 6940 7011
f 6940 7012 7011
f 6940 6941 7012
f 6941 7013 7012
f 6941 6942 7013
f 6942 7014 7013
f 6942 6943 7014
f 6943 7015 7014
f 6943 6944 7015
f 6944 7016 7015
f 6944 6945 7016
f 6945 7017 7016
f 6945 6946 7017
f 6946 7018 7017
f 6946 6947 7018
f 6947 7019 7018
f 6947 6948 7019
f 6948 7020 7019
f 6948 6949 7020
f 6949 7021 7020
f 6949 6950 7021
f 6950 7022 7021
f 6950 6951 7022
f 6951 7023 7022
f 6951 6952 7023
f 6952 7024 7023
f 6952 6953 7024
f 6953 7025 7024
f 6953 6954 7025
f 6954 7026 7025
f 6954 6955 7026
f 6955 7027 7026
f 6955 6956 7027
f 6956 7028 7027
f 6956 6957 7028
f 6957 7029 7028
f 6957 6958 7029
f 6958 7030 7029
f 6958 6959 7030
f 6959 7031 7030
f 6959 6960 7031
f 6960 7032 7031
f 6960 6961 7032
f 6961 7033 7032
f 6961 6962 7033
f 6962 7034 7033
f 6962 6963 7034
f 6963 7035 7034
f 6963 6964 7035
f 6964 7036 7035
f 6964 6965 7036
f 6965 7037 7036
f 6965 6966 7037
f 6966 7038 7037
f 6966 6967 7038
f 6967 7039 7038
f 6967 6968 7039
f 6968 7040 7039
f 6968 6969 7040
f 6969 7041 7040
f 6969 6970 7041
f 6970 7042 7041
f 6970 6971 7042
f 6971 7043 7042
f 6971 6972 7043
f 6972 7044 7043
f 6972 6973 7044
f 6973 7045 7044
f 6973 6974 7045
f 6974 7046 7045
f 6974 6975 7046
f 6975 7047 7046
f 6975 6976 7047
f 6976 7048 7047
f 6976 6977 7048
f 6977 7049 7048
f 6977 6978 7049
f 6978 7050 7049
f 6978 6979 7050
f 6979 7051 7050
f 6979 6980 7051
f 6980 7052 7051
f 6980 6981 7052
f 6981 7053 7052
f 6981 6982 7053
f 6982 7054 7053
f 6982 6983 7054
f 6983 7055 7054
f 6983 6984 7055
f 6984 7056 7055
f 6984 6913 7056
f 6913 6985 7056
f 6985 6986 7057
f 6986 7058 7057
f 6986 6987 7058
f 6987 7059 7058
f 6987 6988 7059
f 6988 7060 7059
f 6988 6989 7060
f 6989 7061 7060
f 6989 6990 7061
f 6990 7062 7061
f 6990 6991 7062
f 6991 7063 7062
f 6991 6992 7063
f 6992 7064 7063
f 6992 6993 7064
f 6993 7065 7064
f 6993 6994 7065
f 6994 7066 7065
f 6994 6995 7066
f 6995 7067 7066
f 6995 6996 7067
f 6996 7068 7067
f 6996 6997 7068
f 6997 7069 7068
f 6997 6998 7069
f 6998 7070 7069
f 6998 6999 7070
f 6999 7071 7070
f 6999 7000 7071
f 7000 7072 7071
f 7000 7001 7072
f 7001 7073 7072
f 7001 7002 7073
f 7002 7074 7073
f 7002 7003 7074
f 7003 7075 7074
f 7003 7004 7075
f 7004 7076 7075
f 7004 7005 7076
f 7005 7077 7076
f 7005 7006 7077
f 7006 7078 7077
f 7006 7007 7078
f 7007 7079 7078
f 7007 7008 7079
f 7008 7080 7079
f 7008 7009 7080
f 7009 7081 7080
f 7009 7010 7081
f 7010 7082 7081
f 7010 7011 7082
f 7011 7083 7082
f 7011 7012 7083
f 7012 7084 7083
f 7012 7013 7084
f 7013 7085 7084
f 7013 7014 7085
f 7014 7086 7085
f 7014 7015 7086
f 7015 7087 7086
f 7015 7016 7087
f 7016 7088 7087
f 7016 7017 7088
f 7017 7089 7088
f 7017 7018 7089
f 7018 7090 7089
f 7018 7019 7090
f 7019 7091 7090
f 7019 7020 7091
f 7020 7092 7091
f 7020 7021 7092
f 7021 7093 7092
f 7021 7022 7093
f 7022 7094 7093
f 7022 7023 7094
f 7023 7095 7094
f 7023 7024 7095
f 7024 7096 7095
f 7024 7025 7096
f 7025 7097 7096
f 7025 7026 7097
f 7026 7098 7097
f 7026 7027 7098
f 7027 7099 7098
f 7027 7028 7099
f 7028 7100 7099
f 7028 7029 7100
f 7029 7101 7100
f 7029 7030 7101
f 7030 7102 7101
f 7030 7031 7102
f 7031 7103 7102
f 7031 7032 7103
f 7032 7104 7103
f 7032 7033 7104
f 7033 7105 7104
f 7033 7034 7105
f 7034 7106 7105
f 7034 7035 7106
f 7035 7107 7106
f 7035 7036 7107
f 7036 7108 7107
f 7036 7037 7108
f 7037 7109 7108
f 7037 7038 7109
f 7038 7110 7109
f 7038 7039 7110
f 7039 7111 7110
f 7039 7040 7111
f 7040 7112 7111
f 7040 7041 7112
f 7041 7113 7112
f 7041 7042 7113
f 7042 7114 7113
f 7042 7043 7114
f 7043 7115 7114
f 7043 7044 7115
f 7044 7116 7115
f 7044 7045 7116
f 7045 7117 7116
f 7045 7046 7117
f 7046 7118 7117
f 7046 7047 7118
f 7047 7119 7118
f 7047 7048 7119
f 7048 7120 7119
f 7048 7049 7120
f 7049 7121 7120
f 7049 7050 7121
f 7050 7122 7121
f 7050 7051 7122
f 7051 7123 7122
f 7051 7052 7123
f 7052 7124 7123
f 7052 7053 7124
f 7053 7125 7124
f 7053 7054 7125
f 7054 7126 7125
f 7054 7055 7126
f 7055 7127 7126
f 7055 7056 7127
f 7056 7128 7127
f 7056 6985 7128
f 6985 7057 7128
f 7057 7058 7129
f 7058 7130 7129
f 7058 7059 7130
f 7059 7131 7130
f 7059 7060 7131
f 7060 7132 7131
f 7060 7061 7132
f 7061 7133 7132
f 7061 7062 7133
f 7062 7134 7133
f 7062 7063 7134
f 7063 7135 7134
f 7063 7064 7135
f 7064 7136 7135
f 7064 7065 7136
f 7065 7137 7136
f 7065 7066 7137
f 7066 7138 7137
f 7066 7067 7138
f 7067 7139 7138
f 7067 7068 7139
f 7068 7140 7139
f 7068 7069 7140
f 7069 7141 7140
f 7069 7070 7141
f 7070 7142 7141
f 7070 7071 7142
f 7071 7143 7142
f 7071 7072 7143
f 7072 7144 7143
f 7072 7073 7144
f 7073 7145 7144
f 7073 7074 7145
f 7074 7146 7145
f 7074 7075 7146
f 7075 7147 7146
f 7075 7076 7147
f 7076 7148 7147
f 7076 7077 7148
f 7077 7149 7148
f 7077 7078 7149
f 7078 7150 7149
f 7078 7079 7150
f 7079 7151 7150
f 7079 7080 7151
f 7080 7152 7151
f 7080 7081 7152
f 7081 7153 7152
f 7081 7082 7153
f 7082 7154 7153
f 7082 7083 7154
f 7083 7155 7154
f 7083 7084 7155
f 7084 7156 7155
f 7084 7085 7156
f 7085 7157 7156
f 7085 7086 7157
f 7086 7158 7157
f 7086 7087 7158
f 7087 7159 7158
f 7087 7088 7159
f 7088 7160 7159
f 7088 7089 7160
f 7089 7161 7160
f 7089 7090 7161
f 7090 7162 7161
f 7090 7091 7162
f 7091 7163 7162
f 7091 7092 7163
f 7092 7164 7163
f 7092 7093 7164
f 7093 7165 7164
f 7093 7094 7165
f 7094 7166 7165
f 7094 7095 7166
f 7095 7167 7166
f 7095 7096 7167
f 7096 7168 7167
f 7096 7097 7168
f 7097 7169 7168
f 7097 7098 7169
f 7098 7170 7169
f 7098 7099 7170
f 7099 7171 7170
f 7099 7100 7171
f 7100 7172 7171
f 7100 7101 7172
f 7101 7173 7172
f 7101 7102 7173
f 7102 7174 7173
f 7102 7103 7174
f 7103 7175 7174
f 7103 7104 7175
f 7104 7176 7175
f 7104 7105 7176
f 7105 7177 7176
f 7105 7106 7177
f 7106 7178 7177
f 7106 7107 7178
f 7107 7179 7178
f 7107 7108 7179
f 7108 7180 7179
f 7108 7109 7180
f 7109 7181 7180
f 7109 7110 7181
f 7110 7182 7181
f 7110 7111 7182
f 7111 7183 7182
f 7111 7112 7183
f 7112 7184 7183
f 7112 7113 7184
f 7113 7185 7184
f 7113 7114 7185
f 7114 7186 7185
f 7114 7115 7186
f 7115 7187 7186
f 7115 7116 7187
f 7116 7188 7187
f 7116 7117 7188
f 7117 7189 7188
f 7117 7118 7189
f 7118 7190 7189
f 7118 7119 7190
f 7119 7191 7190
f 7119 7120 7191
f 7120 7192 7191
f 7120 7121 7192
f 7121 7193 7192
f 7121 7122 7193
f 7122 7194 7193
f 7122 7123 7194
f 7123 7195 7194
f 7123 7124 7195
f 7124 7196 7195
f 7124 7125 7196
f 7125 7197 7196
f 7125 7126 7197
f 7126 7198 7197
f 7126 7127 7198
f 7127 7199 7198
f 7127 7128 7199
f 7128 7200 7199
f 7128 7057 7200
f 7057 7129 7200
f 7129 7130 7201
f 7130 7202 7201
f 7130 7131 7202
f 7131 7203 7202
f 7131 7132 7203
f 7132 7204 7203
f 7132 7133 7204
f 7133 7205 7204
f 7133 7134 7205
f 7134 7206 7205
f 7134 7135 7206
f 7135 7207 7206
f 7135 7136 7207
f 7136 7208 7207
f 7136 7137 7208
f 7137 7209 7208
f 7137 7138 7209
f 7138 7210 7209
f 7138 7139 7210
f 7139 7211 7210
f 7139 7140 7211
f 7140 7212 7211
f 7140 7141 7212
f 7141 7213 7212
f 7141 7142 7213
f 7142 7214 7213
f 7142 7143 7214
f 7143 7215 7214
f 7143 7144 7215
f 7144 7216 7215
f 7144 7145 7216
f 7145 7217 7216
f 7145 7146 7217
f 7146 7218 7217
f 7146 7147 7218
f 7147 7219 7218
f 7147 7148 7219
f 7148 7220 7219
f 7148 7149 7220
f 7149 7221 7220
f 7149 7150 7221
f 7150 7222 7221
f 7150 7151 7222
f 7151 7223 7222
f 7151 7152 7223
f 7152 7224 7223
f 7152 7153 7224
f 7153 7225 7224
f 7153 7154 7225
f 7154 7226 7225
f 7154 7155 7226
f 7155 7227 7226
f 7155 7156 7227
f 7156 7228 7227
f 7156 7157 7228
f 7157 7229 7228
f 7157 7158 7229
f 7158 7230 7229
f 7158 7159 7230
f 7159 7231 7230
f 7159 7160 7231
f 7160 7232 7231
f 7160 7161 7232
f 7161 7233 7232
f 7161 7162 7233
f 7162 7234 7233
f 7162 7163 7234
f 7163 7235 7234
f 7163 7164 7235
f 7164 7236 7235
f 7164 7165 7236
f 7165 7237 7236
f 7165 7166 7237
f 7166 7238 7237
f 7166 7167 7238
f 7167 7239 7238
f 7167 7168 7239
f 7168 7240 7239
f 7168 7169 7240
f 7169 7241 7240
f 7169 7170 7241
f 7170 7242 7241
f 7170 7171 7242
f 7171 7243 7242
f 7171 7172 7243
f 7172 7244 7243
f 7172 7173 7244
f 7173 7245 7244
f 7173 7174 7245
f 7174 7246 7245
f 7174 7175 7246
f 7175 7247 7246
f 7175 7176 7247
f 7176 7248 7247
f 7176 7177 7248
f 7177 7249 7248
f 7177 7178 7249
f 7178 7250 7249
f 7178 7179 7250
f 7179 7251 7250
f 7179 7180 7251
f 7180 7252 7251
f 7180 7181 7252
f 7181 7253 7252
f 7181 7182 7253
f 7182 7254 7253
f 7182 7183 7254
f 7183 7255 7254
f 7183 7184 7255
f 7184 7256 7255
f 7184 7185 7256
f 7185 7257 7256
f 7185 7186 7257
f 7186 7258 7257
f 7186 7187 7258
f 7187 7259 7258
f 7187 7188 7259
f 7188 7260 7259
f 7188 7189 7260
f 7189 7261 7260
f 7189 7190 7261
f 7190 7262 7261
f 7190 7191 7262
f 7191 7263 7262
f 7191 7192 7263
f 7192 7264 7263
f 7192 7193 7264
f 7193 7265 7264
f 7193 7194 7265
f 7194 7266 7265
f 7194 7195 7266
f 7195 7267 7266
f 7195 7196 7267
f 7196 7268 7267
f 7196 7197 7268
f 7197 7269 7268
f 7197 7198 7269
f 7198 7270 7269
f 7198 7199 7270
f 7199 7271 7270
f 7199 7200 7271
f 7200 7272 7271
f 7200 7129 7272
f 7129 7201 7272
f 7201 7202 7273
f 7202 7274 7273
f 7202 7203 7274
f 7203 7275 7274
f 7203 7204 7275
f 7204 7276 7275
f 7204 7205 7276
f 7205 7277 7276
f 7205 7206 7277
f 7206 7278 7277
f 7206 7207 7278
f 7207 7279 7278
f 7207 7208 7279
f 7208 7280 7279
f 7208 7209 7280
f 7209 7281 7280
f 7209 7210 7281
f 7210 7282 7281
f 7210 7211 7282
f 7211 7283 7282
f 7211 7212 7283
f 7212 7284 7283
f 7212 7213 7284
f 7213 7285 7284
f 7213 7214 7285
f 7214 7286 7285
f 7214 7215 7286
f 7215 7287 7286
f 7215 7216 7287
f 7216 7288 7287
f 7216 7217 7288
f 7217 7289 7288
f 7217 7218 7289
f 7218 7290 7289
f 7218 7219 7290
f 7219 7291 7290
f 7219 7220 7291
f 7220 7292 7291
f 7220 7221 7292
f 7221 7293 7292
f 7221 7222 7293
f 7222 7294 7293
f 7222 7223 7294
f 7223 7295 7294
f 7223 7224 7295
f 7224 7296 7295
f 7224 7225 7296
f 7225 7297 7296
f 7225 7226 7297
f 7226 7298 7297
f 7226 7227 7298
f 7227 7299 7298
f 7227 7228 7299
f 7228 7300 7299
f 7228 7229 7300
f 7229 7301 7300
f 7229 7230 7301
f 7230 7302 7301
f 7230 7231 7302
f 7231 7303 7302
f 7231 7232 7303
f 7232 7304 7303
f 7232 7233 7304
f 7233 7305 7304
f 7233 7234 7305
f 7234 7306 7305
f 7234 7235 7306
f 7235 7307 7306
f 7235 7236 7307
f 7236 7308 7307
f 7236 7237 7308
f 7237 7309 7308
f 7237 7238 7309
f 7238 7310 7309
f 7238 7239 7310
f 7239 7311 7310
f 7239 7240 7311
f 7240 7312 7311
f 7240 7241 7312
f 7241 7313 7312
f 7241 7242 7313
f 7242 7314 7313
f 7242 7243 7314
f 7243 7315 7314
f 7243 7244 7315
f 7244 7316 7315
f 7244 7245 7316
f 7245 7317 7316
f 7245 7246 7317
f 7246 7318 7317
f 7246 7247 7318
f 7247 7319 7318
f 7247 7248 7319
f 7248 7320 7319
f 7248 7249 7320
f 7249 7321 7320
f 7249 7250 7321
f 7250 7322 7321
f 7250 7251 7322
f 7251 7323 7322
f 7251 7252 7323
f 7252 7324 7323
f 7252 7253 7324
f 7253 7325 7324
f 7253 7254 7325
f 7254 7326 7325
f 7254 7255 7326
f 7255 7327 7326
f 7255 7256 7327
f 7256 7328 7327
f 7256 7257 7328
f 7257 7329 7328
f 7257 7258 7329
f 7258 7330 7329
f 7258 7259 7330
f 7259 7331 7330
f 7259 7260 7331
f 7260 7332 7331
f 7260 7261 7332
f 7261 7333 7332
f 7261 7262 7333
f 7262 7334 7333
f 7262 7263 7334
f 7263 7335 7334
f 7263 7264 7335
f 7264 7336 7335
f 7264 7265 7336
f 7265 7337 7336
f 7265 7266 7337
f 7266 7338 7337
f 7266 7267 7338
f 7267 7339 7338
f 7267 7268 7339
f 7268 7340 7339
f 7268 7269 7340
f 7269 7341 7340
f 7269 7270 7341
f 7270 7342 7341
f 7270 7271 7342
f 7271 7343 7342
f 7271 7272 7343
f 7272 7344 7343
f 7272 7201 7344
f 7201 7273 7344
f 7273 7274 7345
f 7274 7346 7345
f 7274 7275 7346
f 7275 7347 7346
f 7275 7276 7347
f 7276 7348 7347
f 7276 7277 7348
f 7277 7349 7348
f 7277 7278 7349
f 7278 7350 7349
f 7278 7279 7350
f 7279 7351 7350
f 7279 7280 7351
f 7280 7352 7351
f 7280 7281 7352
f 7281 7353 7352
f 7281 7282 7353
f 7282 7354 7353
f 7282 7283 7354
f 7283 7355 7354
f 7283 7284 7355
f 7284 7356 7355
f 7284 7285 7356
f 7285 7357 7356
f 7285 7286 7357
f 7286 7358 7357
f 7286 7287 7358
f 7287 7359 7358
f 7287 7288 7359
f 7288 7360 7359
f 7288 7289 7360
f 7289 7361 7360
f 7289 7290 7361
f 7290 7362 7361
f 7290 7291 7362
f 7291 7363 7362
f 7291 7292 7363
f 7292 7364 7363
f 7292 7293 7364
f 7293 7365 7364
f 7293 7294 7365
f 7294 7366 7365
f 7294 7295 7366
f 7295 7367 7366
f 7295 7296 7367
f 7296 7368 7367
f 7296 7297 7368
f 7297 7369 7368
f 7297 7298 7369
f 7298 7370 7369
f 7298 7299 7370
f 7299 7371 7370
f 7299 7300 7371
f 7300 7372 7371
f 7300 7301 7372
f 7301 7373 7372
f 7301 7302 7373
f 7302 7374 7373
f 7302 7303 7374
f 7303 7375 7374
f 7303 7304 7375
f 7304 7376 7375
f 7304 7305 7376
f 7305 7377 7376
f 7305 7306 7377
f 7306 7378 7377
f 7306 7307 7378
f 7307 7379 7378
f 7307 7308 7379
f 7308 7380 7379
f 7308 7309 7380
f 7309 7381 7380
f 7309 7310 7381
f 7310 7382 7381
f 7310 7311 7382
f 7311 7383 7382
f 7311 7312 7383
f 7312 7384 7383
f 7312 7313 7384
f 7313 7385 7384
f 7313 7314 7385
f 7314 7386 7385
f 7314 7315 7386
f 7315 7387 7386
f 7315 7316 7387
f 7316 7388 7387
f 7316 7317 7388
f 7317 7389 7388
f 7317 7318 7389
f 7318 7390 7389
f 7318 7319 7390
f 7319 7391 7390
f 7319 7320 7391
f 7320 7392 7391
f 7320 7321 7392
f 7321 7393 7392
f 7321 7322 7393
f 7322 7394 7393
f 7322 7323 7394
f 7323 7395 7394
f 7323 7324 7395
f 7324 7396 7395
f 7324 7325 7396
f 7325 7397 7396
f 7325 7326 7397
f 7326 7398 7397
f 7326 7327 7398
f 7327 7399 7398
f 7327 7328 7399
f 7328 7400 7399
f 7328 7329 7400
f 7329 7401 7400
f 7329 7330 7401
f 7330 7402 7401
f 7330 7331 7402
f 7331 7403 7402
f 7331 7332 7403
f 7332 7404 7403
f 7332 7333 7404
f 7333 7405 7404
f 7333 7334 7405
f 7334 7406 7405
f 7334 7335 7406
f 7335 7407 7406
f 7335 7336 7407
f 7336 7408 7407
f 7336 7337 7408
f 7337 7409 7408
f 7337 7338 7409
f 7338 7410 7409
f 7338 7339 7410
f 7339 7411 7410
f 7339 7340 7411
f 7340 7412 7411
f 7340 7341 7412
f 7341 7413 7412
f 7341 7342 7413
f 7342 7414 7413
f 7342 7343 7414
f 7343 7415 7414
f 7343 7344 7415
f 7344 7416 7415
f 7344 7273 7416
f 7273 7345 7416
f 7345 7346 7417
f 7346 7418 7417
f 7346 7347 7418
f 7347 7419 7418
f 7347 7348 7419
f 7348 7420 7419
f 7348 7349 7420
f 7349 7421 7420
f 7349 7350 7421
f 7350 7422 7421
f 7350 7351 7422
f 7351 7423 7422
f 7351 7352 7423
f 7352 7424 7423
f 7352 7353 7424
f 7353 7425 7424
f 7353 7354 7425
f 7354 7426 7425
f 7354 7355 7426
f 7355 7427 7426
f 7355 7356 7427
f 7356 7428 7427
f 7356 7357 7428
f 7357 7429 7428
f 7357 7358 7429
f 7358 7430 7429
f 7358 7359 7430
f 7359 7431 7430
f 7359 7360 7431
f 7360 7432 7431
f 7360 7361 7432
f 7361 7433 7432
f 7361 7362 7433
f 7362 7434 7433
f 7362 7363 7434
f 7363 7435 7434
f 7363 7364 7435
f 7364 7436 7435
f 7364 7365 7436
f 7365 7437 7436
f 7365 7366 7437
f 7366 7438 7437
f 7366 7367 7438
f 7367 7439 7438
f 7367 7368 7439
f 7368 7440 7439
f 7368 7369 7440
f 7369 7441 7440
f 7369 7370 7441
f 7370 7442 7441
f 7370 7371 7442
f 7371 7443 7442
f 7371 7372 7443
f 7372 7444 7443
f 7372 7373 7444
f 7373 7445 7444
f 7373 7374 7445
f 7374 7446 7445
f 7374 7375 7446
f 7375 7447 7446
f 7375 7376 7447
f 7376 7448 7447
f 7376 7377 7448
f 7377 7449 7448
f 7377 7378 7449
f 7378 7450 7449
f 7378 7379 7450
f 7379 7451 7450
f 7379 7380 7451
f 7380 7452 7451
f 7380 7381 7452
f 7381 7453 7452
f 7381 7382 7453
f 7382 7454 7453
f 7382 7383 7454
f 7383 7455 7454
f 7383 7384 7455
f 7384 7456 7455
f 7384 7385 7456
f 7385 7457 7456
f 7385 7386 7457
f 7386 7458 7457
f 7386 7387 7458
f 7387 7459 7458
f 7387 7388 7459
f 7388 7460 7459
f 7388 7389 7460
f 7389 7461 7460
f 7389 7390 7461
f 7390 7462 7461
f 7390 7391 7462
f 7391 7463 7462
f 7391 7392 7463
f 7392 7464 7463
f 7392 7393 7464
f 7393 7465 7464
f 7393 7394 7465
f 7394 7466 7465
f 7394 7395 7466
f 7395 7467 7466
f 7395 7396 7467
f 7396 7468 7467
f 7396 7397 7468
f 7397 7469 7468
f 7397 7398 7469
f 7398 7470 7469
f 7398 7399 7470
f 7399 7471 7470
f 7399 7400 7471
f 7400 7472 7471
f 7400 7401 7472
f 7401 7473 7472
f 7401 7402 7473
f 7402 7474 7473
f 7402 7403 7474
f 7403 7475 7474
f 7403 7404 7475
f 7404 7476 7475
f 7404 7405 7476
f 7405 7477 7476
f 7405 7406 7477
f 7406 7478 7477
f 7406 7407 7478
f 7407 7479 7478
f 7407 7408 7479
f 7408 7480 7479
f 7408 7409 7480
f 7409 7481 7480
f 7409 7410 7481
f 7410 7482 7481
f 7410 7411 7482
f 7411 7483 7482
f 7411 7412 7483
f 7412 7484 7483
f 7412 7413 7484
f 7413 7485 7484
f 7413 7414 7485
f 7414 7486 7485
f 7414 7415 7486
f 7415 7487 7486
f 7415 7416 7487
f 7416 7488 7487
f 7416 7345 7488
f 7345 7417 7488
f 7417 7418 7489
f 7418 7490 7489
f 7418 7419 7490
f 7419 7491 7490
f 7419 7420 7491
f 7420 7492 7491
f 7420 7421 7492
f 7421 7493 7492
f 7421 7422 7493
f 7422 7494 7493
f 7422 7423 7494
f 7423 7495 7494
f 7423 7424 7495
f 7424 7496 7495
f 7424 7425 7496
f 7425 7497 7496
f 7425 7426 7497
f 7426 7498 7497
f 7426 7427 7498
f 7427 7499 7498
f 7427 7428 7499
f 7428 7500 7499
f 7428 7429 7500
f 7429 7501 7500
f 7429 7430 7501
f 7430 7502 7501
f 7430 7431 7502
f 7431 7503 7502
f 7431 7432 7503
f 7432 7504 7503
f 7432 7433 7504
f 7433 7505 7504
f 7433 7434 7505
f 7434 7506 7505
f 7434 7435 7506
f 7435 7507 7506
f 7435 7436 7507
f 7436 7508 7507
f 7436 7437 7508
f 7437 7509 7508
f 7437 7438 7509
f 7438 7510 7509
f 7438 7439 7510
f 7439 7511 7510
f 7439 7440 7511
f 7440 7512 7511
f 7440 7441 7512
f 7441 7513 7512
f 7441 7442 7513
f 7442 7514 7513
f 7442 7443 7514
f 7443 7515 7514
f 7443 7444 7515
f 7444 7516 7515
f 7444 7445 7516
f 7445 7517 7516
f 7445 7446 7517
f 7446 7518 7517
f 7446 7447 7518
f 7447 7519 7518
f 7447 7448 7519
f 7448 7520 7519
f 7448 7449 7520
f 7449 7521 7520
f 7449 7450 7521
f 7450 7522 7521
f 7450 7451 7522
f 7451 7523 7522
f 7451 7452 7523
f 7452 7524 7523
f 7452 7453 7524
f 7453 7525 7524
f 7453 7454 7525
f 7454 7526 7525
f 7454 7455 7526
f 7455 7527 7526
f 7455 7456 7527
f 7456 7528 7527
f 7456 7457 7528
f 7457 7529 7528
f 7457 7458 7529
f 7458 7530 7529
f 7458 7459 7530
f 7459 7531 7530
f 7459 7460 7531
f 7460 7532 7531
f 7460 7461 7532
f 7461 7533 7532
f 7461 7462 7533
f 7462 7534 7533
f 7462 7463 7534
f 7463 7535 7534
f 7463 7464 7535
f 7464 7536 7535
f 7464 7465 7536
f 7465 7537 7536
f 7465 7466 7537
f 7466 7538 7537
f 7466 7467 7538
f 7467 7539 7538
f 7467 7468 7539
f 7468 7540 7539
f 7468 7469 7540
f 7469 7541 7540
f 7469 7470 7541
f 7470 7542 7541
f 7470 7471 7542
f 7471 7543 7542
f 7471 7472 7543
f 7472 7544 7543
f 7472 7473 7544
f 7473 7545 7544
f 7473 7474 7545
f 7474 7546 7545
f 7474 7475 7546
f 7475 7547 7546
f 7475 7476 7547
f 7476 7548 7547
f 7476 7477 7548
f 7477 7549 7548
f 7477 7478 7549
f 7478 7550 7549
f 7478 7479 7550
f 7479 7551 7550
f 7479 7480 7551
f 7480 7552 7551
f 7480 7481 7552
f 7481 7553 7552
f 7481 7482 7553
f 7482 7554 7553
f 7482 7483 7554
f 7483 7555 7554
f 7483 7484 7555
f 7484 7556 7555
f 7484 7485 7556
f 7485 7557 7556
f 7485 7486 7557
f 7486 7558 7557
f 7486 7487 7558
f 7487 7559 7558
f 7487 7488 7559
f 7488 7560 7559
f 7488 7417 7560
f 7417 7489 7560
f 7489 7490 7561
f 7490 7562 7561
f 7490 7491 7562
f 7491 7563 7562
f 7491 7492 7563
f 7492 7564 7563
f 7492 7493 7564
f 7493 7565 7564
f 7493 7494 7565
f 7494 7566 7565
f 7494 7495 7566
f 7495 7567 7566
f 7495 7496 7567
f 7496 7568 7567
f 7496 7497 7568
f 7497 7569 7568
f 7497 7498 7569
f 7498 7570 7569
f 7498 7499 7570
f 7499 7571 7570
f 7499 7500 7571
f 7500 7572 7571
f 7500 7501 7572
f 7501 7573 7572
f 7501 7502 7573
f 7502 7574 7573
f 7502 7503 7574
f 7503 7575 7574
f 7503 7504 7575
f 7504 7576 7575
f 7504 7505 7576
f 7505 7577 7576
f 7505 7506 7577
f 7506 7578 7577
f 7506 7507 7578
f 7507 7579 7578
f 7507 7508 7579
f 7508 7580 7579
f 7508 7509 7580
f 7509 7581 7580
f 7509 7510 7581
f 7510 7582 7581
f 7510 7511 7582
f 7511 7583 7582
f 7511 7512 7583
f 7512 7584 7583
f 7512 7513 7584
f 7513 7585 7584
f 7513 7514 7585
f 7514 7586 7585
f 7514 7515 7586
f 7515 7587 7586
f 7515 7516 7587
f 7516 7588 7587
f 7516 7517 7588
f 7517 7589 7588
f 7517 7518 7589
f 7518 7590 7589
f 7518 7519 7590
f 7519 7591 7590
f 7519 7520 7591
f 7520 7592 7591
f 7520 7521 7592
f 7521 7593 7592
f 7521 7522 7593
f 7522 7594 7593
f 7522 7523 7594
f 7523 7595 7594
f 7523 7524 7595
f 7524 7596 7595
f 7524 7525 7596
f 7525 7597 7596
f 7525 7526 7597
f 7526 7598 7597
f 7526 7527 7598
f 7527 7599 7598
f 7527 7528 7599
f 7528 7600 7599
f 7528 7529 7600
f 7529 7601 7600
f 7529 7530 7601
f 7530 7602 7601
f 7530 7531 7602
f 7531 7603 7602
f 7531 7532 7603
f 7532 7604 7603
f 7532 7533 7604
f 7533 7605 7604
f 7533 7534 7605
f 7534 7606 7605
f 7534 7535 7606
f 7535 7607 7606
f 7535 7536 7607
f 7536 7608 7607
f 7536 7537 7608
f 7537 7609 7608
f 7537 7538 7609
f 7538 7610 7609
f 7538 7539 7610
f 7539 7611 7610
f 7539 7540 7611
f 7540 7612 7611
f 7540 7541 7612
f 7541 7613 7612
f 7541 7542 7613
f 7542 7614 7613
f 7542 7543 7614
f 7543 7615 7614
f 7543 7544 7615
f 7544 7616 7615
f 7544 7545 7616
f 7545 7617 7616
f 7545 7546 7617
f 7546 7618 7617
f 7546 7547 7618
f 7547 7619 7618
f 7547 7548 7619
f 7548 7620 7619
f 7548 7549 7620
f 7549 7621 7620
f 7549 7550 7621
f 7550 7622 7621
f 7550 7551 7622
f 7551 7623 7622
f 7551 7552 7623
f 7552 7624 7623
f 7552 7553 7624
f 7553 7625 7624
f 7553 7554 7625
f 7554 7626 7625
f 7554 7555 7626
f 7555 7627 7626
f 7555 7556 7627
f 7556 7628 7627
f 7556 7557 7628
f 7557 7629 7628
f 7557 7558 7629
f 7558 7630 7629
f 7558 7559 7630
f 7559 7631 7630
f 7559 7560 7631
f 7560 7632 7631
f 7560 7489 7632
f 7489 7561 7632
f 7561 7562 7633
f 7562 7634 7633
f 7562 7563 7634
f 7563 7635 7634
f 7563 7564 7635
f 7564 7636 7635
f 7564 7565 7636
f 7565 7637 7636
f 7565 7566 7637
f 7566 7638 7637
f 7566 7567 7638
f 7567 7639 7638
f 7567 7568 7639
f 7568 7640 7639
f 7568 7569 7640
f 7569 7641 7640
f 7569 7570 7641
f 7570 7642 7641
f 7570 7571 7642
f 7571 7643 7642
f 7571 7572 7643
f 7572 7644 7643
f 7572 7573 7644
f 7573 7645 7644
f 7573 7574 7645
f 7574 7646 7645
f 7574 7575 7646
f 7575 7647 7646
f 7575 7576 7647
f 7576 7648 7647
f 7576 7577 7648
f 7577 7649 7648
f 7577 7578 7649
f 7578 7650 7649
f 7578 7579 7650
f 7579 7651 7650
f 7579 7580 7651
f 7580 7652 7651
f 7580 7581 7652
f 7581 7653 7652
f 7581 7582 7653
f 7582 7654 7653
f 7582 7583 7654
f 7583 7655 7654
f 7583 7584 7655
f 7584 7656 7655
f 7584 7585 7656
f 7585 7657 7656
f 7585 7586 7657
f 7586 7658 7657
f 7586 7587 7658
f 7587 7659 7658
f 7587 7588 7659
f 7588 7660 7659
f 7588 7589 7660
f 7589 7661 7660
f 7589 7590 7661
f 7590 7662 7661
f 7590 7591 7662
f 7591 7663 7662
f 7591 7592 7663
f 7592 7664 7663
f 7592 7593 7664
f 7593 7665 7664
f 7593 7594 7665
f 7594 7666 7665
f 7594 7595 7666
f 7595 7667 7666
f 7595 7596 7667
f 7596 7668 7667
f 7596 7597 7668
f 7597 7669 7668
f 7597 7598 7669
f 7598 7670 7669
f 7598 7599 7670
f 7599 7671 7670
f 7599 7600 7671
f 7600 7672 7671
f 7600 7601 7672
f 7601 7673 7672
f 7601 7602 7673
f 7602 7674 7673
f 7602 7603 7674
f 7603 7675 7674
f 7603 7604 7675
f 7604 7676 7675
f 7604 7605 7676
f 7605 7677 7676
f 7605 7606 7677
f 7606 7678 7677
f 7606 7607 7678
f 7607 7679 7678
f 7607 7608 7679
f 7608 7680 7679
f 7608 7609 7680
f 7609 7681 7680
f 7609 7610 7681
f 7610 7682 7681
f 7610 7611 7682
f 7611 7683 7682
f 7611 7612 7683
f 7612 7684 7683
f 7612 7613 7684
f 7613 7685 7684
f 7613 7614 7685
f 7614 7686 7685
f 7614 7615 7686
f 7615 7687 7686
f 7615 7616 7687
f 7616 7688 7687
f 7616 7617 7688
f 7617 7689 7688
f 7617 7618 7689
f 7618 7690 7689
f 7618 7619 7690
f 7619 7691 7690
f 7619 7620 7691
f 7620 7692 7691
f 7620 7621 7692
f 7621 7693 7692
f 7621 7622 7693
f 7622 7694 7693
f 7622 7623 7694
f 7623 7695 7694
f 7623 7624 7695
f 7624 7696 7695
f 7624 7625 7696
f 7625 7697 7696
f 7625 7626 7697
f 7626 7698 7697
f 7626 7627 7698
f 7627 7699 7698
f 7627 7628 7699
f 7628 7700 7699
f 7628 7629 7700
f 7629 7701 7700
f 7629 7630 7701
f 7630 7702 7701
f 7630 7631 7702
f 7631 7703 7702
f 7631 7632 7703
f 7632 7704 7703
f 7632 7561 7704
f 7561 7633 7704
f 7633 7634 7705
f 7634 7706 7705
f 7634 7635 7706
f 7635 7707 7706
f 7635 7636 7707
f 7636 7708 7707
f 7636 7637 7708
f 7637 7709 7708
f 7637 7638 7709
f 7638 7710 7709
f 7638 7639 7710
f 7639 7711 7710
f 7639 7640 7711
f 7640 7712 7711
f 7640 7641 7712
f 7641 7713 7712
f 7641 7642 7713
f 7642 7714 7713
f 7642 7643 7714
f 7643 7715 7714
f 7643 7644 7715
f 7644 7716 7715
f 7644 7645 7716
f 7645 7717 7716
f 7645 7646 7717
f 7646 7718 7717
f 7646 7647 7718
f 7647 7719 7718
f 7647 7648 7719
f 7648 7720 7719
f 7648 7649 7720
f 7649 7721 7720
f 7649 7650 7721
f 7650 7722 7721
f 7650 7651 7722
f 7651 7723 7722
f 7651 7652 7723
f 7652 7724 7723
f 7652 7653 7724
f 7653 7725 7724
f 7653 7654 7725
f 7654 7726 7725
f 7654 7655 7726
f 7655 7727 7726
f 7655 7656 7727
f 7656 7728 7727
f 7656 7657 7728
f 7657 7729 7728
f 7657 7658 7729
f 7658 7730 7729
f 7658 7659 7730
f 7659 7731 7730
f 7659 7660 7731
f 7660 7732 7731
f 7660 7661 7732
f 7661 7733 7732
f 7661 7662 7733
f 7662 7734 7733
f 7662 7663 7734
f 7663 7735 7734
f 7663 7664 7735
f 7664 7736 7735
f 7664 7665 7736
f 7665 7737 7736
f 7665 7666 7737
f 7666 7738 7737
f 7666 7667 7738
f 7667 7739 7738
f 7667 7668 7739
f 7668 7740 7739
f 7668 7669 7740
f 7669 7741 7740
f 7669 7670 7741
f 7670 7742 7741
f 7670 7671 7742
f 7671 7743 7742
f 7671 7672 7743
f 7672 7744 7743
f 7672 7673 7744
f 7673 7745 7744
f 7673 7674 7745
f 7674 7746 7745
f 7674 7675 7746
f 7675 7747 7746
f 7675 7676 7747
f 7676 7748 7747
f 7676 7677 7748
f 7677 7749 7748
f 7677 7678 7749
f 7678 7750 7749
f 7678 7679 7750
f 7679 7751 7750
f 7679 7680 7751
f 7680 7752 7751
f 7680 7681 7752
f 7681 7753 7752
f 7681 7682 7753
f 7682 7754 7753
f 7682 7683 7754
f 7683 7755 7754
f 7683 7684 7755
f 7684 7756 7755
f 7684 7685 7756
f 7685 7757 7756
f 7685 7686 7757
f 7686 7758 7757
f 7686 7687 7758
f 7687 7759 7758
f 7687 7688 7759
f 7688 7760 7759
f 7688 7689 7760
f 7689 7761 7760
f 7689 7690 7761
f 7690 7762 7761
f 7690 7691 7762
f 7691 7763 7762
f 7691 7692 7763
f 7692 7764 7763
f 7692 7693 7764
f 7693 7765 7764
f 7693 7694 7765
f 7694 7766 7765
f 7694 7695 7766
f 7695 7767 7766
f 7695 7696 7767
f 7696 7768 7767
f 7696 7697 7768
f 7697 7769 7768
f 7697 7698 7769
f 7698 7770 7769
f 7698 7699 7770
f 7699 7771 7770
f 7699 7700 7771
f 7700 7772 7771
f 7700 7701 7772
f 7701 7773 7772
f 7701 7702 7773
f 7702 7774 7773
f 7702 7703 7774
f 7703 7775 7774
f 7703 7704 7775
f 7704 7776 7775
f 7704 7633 7776
f 7633 7705 7776
f 7705 7706 7777
f 7706 7778 7777
f 7706 7707 7778
f 7707 7779 7778
f 7707 7708 7779
f 7708 7780 7779
f 7708 7709 7780
f 7709 7781 7780
f 7709 7710 7781
f 7710 7782 7781
f 7710 7711 7782
f 7711 7783 7782
f 7711 7712 7783
f 7712 7784 7783
f 7712 7713 7784
f 7713 7785 7784
f 7713 7714 7785
f 7714 7786 7785
f 7714 7715 7786
f 7715 7787 7786
f 7715 7716 7787
f 7716 7788 7787
f 7716 7717 7788
f 7717 7789 7788
f 7717 7718 7789
f 7718 7790 7789
f 7718 7719 7790
f 7719 7791 7790
f 7719 7720 7791
f 7720 7792 7791
f 7720 7721 7792
f 7721 7793 7792
f 7721 7722 7793
f 7722 7794 7793
f 7722 7723 7794
f 7723 7795 7794
f 7723 7724 7795
f 7724 7796 7795
f 7724 7725 7796
f 7725 7797 7796
f 7725 7726 7797
f 7726 7798 7797
f 7726 7727 7798
f 7727 7799 7798
f 7727 7728 7799
f 7728 7800 7799
f 7728 7729 7800
f 7729 7801 7800
f 7729 7730 7801
f 7730 7802 7801
f 7730 7731 7802
f 7731 7803 7802
f 7731 7732 7803
f 7732 7804 7803
f 7732 7733 7804
f 7733 7805 7804
f 7733 7734 7805
f 7734 7806 7805
f 7734 7735 7806
f 7735 7807 7806
f 7735 7736 7807
f 7736 7808 7807
f 7736 7737 7808
f 7737 7809 7808
f 7737 7738 7809
f 7738 7810 7809
f 7738 7739 7810
f 7739 7811 7810
f 7739 7740 7811
f 7740 7812 7811
f 7740 7741 7812
f 7741 7813 7812
f 7741 7742 7813
f 7742 7814 7813
f 7742 7743 7814
f 7743 7815 7814
f 7743 7744 7815
f 7744 7816 7815
f 7744 7745 7816
f 7745 7817 7816
f 7745 7746 7817
f 7746 7818 7817
f 7746 7747 7818
f 7747 7819 7818
f 7747 7748 7819
f 7748 7820 7819
f 7748 7749 7820
f 7749 7821 7820
f 7749 7750 7821
f 7750 7822 7821
f 7750 7751 7822
f 7751 7823 7822
f 7751 7752 7823
f 7752 7824 7823
f 7752 7753 7824
f 7753 7825 7824
f 7753 7754 7825
f 7754 7826 7825
f 7754 7755 7826
f 7755 7827 7826
f 7755 7756 7827
f 7756 7828 7827
f 7756 7757 7828
f 7757 7829 7828
f 7757 7758 7829
f 7758 7830 7829
f 7758 7759 7830
f 7759 7831 7830
f 7759 7760 7831
f 7760 7832 7831
f 7760 7761 7832
f 7761 7833 7832
f 7761 7762 7833
f 7762 7834 7833
f 7762 7763 7834
f 7763 7835 7834
f 7763 7764 7835
f 7764 7836 7835
f 7764 7765 7836
f 7765 7837 7836
f 7765 7766 7837
f 7766 7838 7837
f 7766 7767 7838
f 7767 7839 7838
f 7767 7768 7839
f 7768 7840 7839
f 7768 7769 7840
f 7769 7841 7840
f 7769 7770 7841
f 7770 7842 7841
f 7770 7771 7842
f 7771 7843 7842
f 7771 7772 7843
f 7772 7844 7843
f 7772 7773 7844
f 7773 7845 7844
f 7773 7774 7845
f 7774 7846 7845
f 7774 7775 7846
f 7775 7847 7846
f 7775 7776 7847
f 7776 7848 7847
f 7776 7705 7848
f 7705 7777 7848
f 7777 7778 7849
f 7778 7850 7849
f 7778 7779 7850
f 7779 7851 7850
f 7779 7780 7851
f 7780 7852 7851
f 7780 7781 7852
f 7781 7853 7852
f 7781 7782 7853
f 7782 7854 7853
f 7782 7783 7854
f 7783 7855 7854
f 7783 7784 7855
f 7784 7856 7855
f 7784 7785 7856
f 7785 7857 7856
f 7785 7786 7857
f 7786 7858 7857
f 7786 7787 7858
f 7787 7859 7858
f 7787 7788 7859
f 7788 7860 7859
f 7788 7789 7860
f 7789 7861 7860
f 7789 7790 7861
f 7790 7862 7861
f 7790 7791 7862
f 7791 7863 7862
f 7791 7792 7863
f 7792 7864 7863
f 7792 7793 7864
f 7793 7865 7864
f 7793 7794 7865
f 7794 7866 7865
f 7794 7795 7866
f 7795 7867 7866
f 7795 7796 7867
f 7796 7868 7867
f 7796 7797 7868
f 7797 7869 7868
f 7797 7798 7869
f 7798 7870 7869
f 7798 7799 7870
f 7799 7871 7870
f 7799 7800 7871
f 7800 7872 7871
f 7800 7801 7872
f 7801 7873 7872
f 7801 7802 7873
f 7802 7874 7873
f 7802 7803 7874
f 7803 7875 7874
f 7803 7804 7875
f 7804 7876 7875
f 7804 7805 7876
f 7805 7877 7876
f 7805 7806 7877
f 7806 7878 7877
f 7806 7807 7878
f 7807 7879 7878
f 7807 7808 7879
f 7808 7880 7879
f 7808 7809 7880
f 7809 7881 7880
f 7809 7810 7881
f 7810 7882 7881
f 7810 7811 7882
f 7811 7883 7882
f 7811 7812 7883
f 7812 7884 7883
f 7812 7813 7884
f 7813 7885 7884
f 7813 7814 7885
f 7814 7886 7885
f 7814 7815 7886
f 7815 7887 7886
f 7815 7816 7887
f 7816 7888 7887
f 7816 7817 7888
f 7817 7889 7888
f 7817 7818 7889
f 7818 7890 7889
f 7818 7819 7890
f 7819 7891 7890
f 7819 7820 7891
f 7820 7892 7891
f 7820 7821 7892
f 7821 7893 7892
f 7821 7822 7893
f 7822 7894 7893
f 7822 7823 7894
f 7823 7895 7894
f 7823 7824 7895
f 7824 7896 7895
f 7824 7825 7896
f 7825 7897 7896
f 7825 7826 7897
f 7826 7898 7897
f 7826 7827 7898
f 7827 7899 7898
f 7827 7828 7899
f 7828 7900 7899
f 7828 7829 7900
f 7829 7901 7900
f 7829 7830 7901
f 7830 7902 7901
f 7830 7831 7902
f 7831 7903 7902
f 7831 7832 7903
f 7832 7904 7903
f 7832 7833 7904
f 7833 7905 7904
f 7833 7834 7905
f 7834 7906 7905
f 7834 7835 7906
f 7835 7907 7906
f 7835 7836 7907
f 7836 7908 7907
f 7836 7837 7908
f 7837 7909 7908
f 7837 7838 7909
f 7838 7910 7909
f 7838 7839 7910
f 7839 7911 7910
f 7839 7840 7911
f 7840 7912 7911
f 7840 7841 7912
f 7841 7913 7912
f 7841 7842 7913
f 7842 7914 7913
f 7842 7843 7914
f 7843 7915 7914
f 7843 7844 7915
f 7844 7916 7915
f 7844 7845 7916
f 7845 7917 7916
f 7845 7846 7917
f 7846 7918 7917
f 7846 7847 7918
f 7847 7919 7918
f 7847 7848 7919
f 7848 7920 7919
f 7848 7777 7920
f 7777 7849 7920
f 7849 7850 7921
f 7850 7922 7921
f 7850 7851 7922
f 7851 7923 7922
f 7851 7852 7923
f 7852 7924 7923
f 7852 7853 7924
f 7853 7925 7924
f 7853 7854 7925
f 7854 7926 7925
f 7854 7855 7926
f 7855 7927 7926
f 7855 7856 7927
f 7856 7928 7927
f 7856 7857 7928
f 7857 7929 7928
f 7857 7858 7929
f 7858 7930 7929
f 7858 7859 7930
f 7859 7931 7930
f 7859 7860 7931
f 7860 7932 7931
f 7860 7861 7932
f 7861 7933 7932
f 7861 7862 7933
f 7862 7934 7933
f 7862 7863 7934
f 7863 7935 7934
f 7863 7864 7935
f 7864 7936 7935
f 7864 7865 7936
f 7865 7937 7936
f 7865 7866 7937
f 7866 7938 7937
f 7866 7867 7938
f 7867 7939 7938
f 7867 7868 7939
f 7868 7940 7939
f 7868 7869 7940
f 7869 7941 7940
f 7869 7870 7941
f 7870 7942 7941
f 7870 7871 7942
f 7871 7943 7942
f 7871 7872 7943
f 7872 7944 7943
f 7872 7873 7944
f 7873 7945 7944
f 7873 7874 7945
f 7874 7946 7945
f 7874 7875 7946
f 7875 7947 7946
f 7875 7876 7947
f 7876 7948 7947
f 7876 7877 7948
f 7877 7949 7948
f 7877 7878 7949
f 7878 7950 7949
f 7878 7879 7950
f 7879 7951 7950
f 7879 7880 7951
f 7880 7952 7951
f 7880 7881 7952
f 7881 7953 7952
f 7881 7882 7953
f 7882 7954 7953
f 7882 7883 7954
f 7883 7955 7954
f 7883 7884 7955
f 7884 7956 7955
f 7884 7885 7956
f 7885 7957 7956
f 7885 7886 7957
f 7886 7958 7957
f 7886 7887 7958
f 7887 7959 7958
f 7887 7888 7959
f 7888 7960 7959
f 7888 7889 7960
f 7889 7961 7960
f 7889 7890 7961
f 7890 7962 7961
f 7890 7891 7962
f 7891 7963 7962
f 7891 7892 7963
f 7892 7964 7963
f 7892 7893 7964
f 7893 7965 7964
f 7893 7894 7965
f 7894 7966 7965
f 7894 7895 7966
f 7895 7967 7966
f 7895 7896 7967
f 7896 7968 7967
f 7896 7897 7968
f 7897 7969 7968
f 7897 7898 7969
f 7898 7970 7969
f 7898 7899 7970
f 7899 7971 7970
f 7899 7900 7971
f 7900 7972 7971
f 7900 7901 7972
f 7901 7973 7972
f 7901 7902 7973
f 7902 7974 7973
f 7902 7903 7974
f 7903 7975 7974
f 7903 7904 7975
f 7904 7976 7975
f 7904 7905 7976
f 7905 7977 7976
f 7905 7906 7977
f 7906 7978 7977
f 7906 7907 7978
f 7907 7979 7978
f 7907 7908 7979
f 7908 7980 7979
f 7908 7909 7980
f 7909 7981 7980
f 7909 7910 7981
f 7910 7982 7981
f 7910 7911 7982
f 7911 7983 7982
f 7911 7912 7983
f 7912 7984 7983
f 7912 7913 7984
f 7913 7985 7984
f 7913 7914 7985
f 7914 7986 7985
f 7914 7915 7986
f 7915 7987 7986
f 7915 7916 7987
f 7916 7988 7987
f 7916 7917 7988
f 7917 7989 7988
f 7917 7918 7989
f 7918 7990 7989
f 7918 7919 7990
f 7919 7991 7990
f 7919 7920 7991
f 7920 7992 7991
f 7920 7849 7992
f 7849 7921 7992
f 7921 7922 7993
f 7922 7994 7993
f 7922 7923 7994
f 7923 7995 7994
f 7923 7924 7995
f 7924 7996 7995
f 7924 7925 7996
f 7925 7997 7996
f 7925 7926 7997
f 7926 7998 7997
f 7926 7927 7998
f 7927 7999 7998
f 7927 7928 7999
f 7928 8000 7999
f 7928 7929 8000
f 7929 8001 8000
f 7929 7930 8001
f 7930 8002 8001
f 7930 7931 8002
f 7931 8003 8002
f 7931 7932 8003
f 7932 8004 8003
f 7932 7933 8004
f 7933 8005 8004
f 7933 7934 8005
f 7934 8006 8005
f 7934 7935 8006
f 7935 8007 8006
f 7935 7936 8007
f 7936 8008 8007
f 7936 7937 8008
f 7937 8009 8008
f 7937 7938 8009
f 7938 8010 8009
f 7938 7939 8010
f 7939 8011 8010
f 7939 7940 8011
f 7940 8012 8011
f 7940 7941 8012
f 7941 8013 8012
f 7941 7942 8013
f 7942 8014 8013
f 7942 7943 8014
f 7943 8015 8014
f 7943 7944 8015
f 7944 8016 8015
f 7944 7945 8016
f 7945 8017 8016
f 7945 7946 8017
f 7946 8018 8017
f 7946 7947 8018
f 7947 8019 8018
f 7947 7948 8019
f 7948 8020 8019
f 7948 7949 8020
f 7949 8021 8020
f 7949 7950 8021
f 7950 8022 8021
f 7950 7951 8022
f 7951 8023 8022
f 7951 7952 8023
f 7952 8024 8023
f 7952 7953 8024
f 7953 8025 8024
f 7953 7954 8025
f 7954 8026 8025
f 7954 7955 8026
f 7955 8027 8026
f 7955 7956 8027
f 7956 8028 8027
f 7956 7957 8028
f 7957 8029 8028
f 7957 7958 8029
f 7958 8030 8029
f 7958 7959 8030
f 7959 8031 8030
f 7959 7960 8031
f 7960 8032 8031
f 7960 7961 8032
f 7961 8033 8032
f 7961 7962 8033
f 7962 8034 8033
f 7962 7963 8034
f 7963 8035 8034
f 7963 7964 8035
f 7964 8036 8035
f 7964 7965 8036
f 7965 8037 8036
f 7965 7966 8037
f 7966 8038 8037
f 7966 7967 8038
f 7967 8039 8038
f 7967 7968 8039
f 7968 8040 8039
f 7968 7969 8040
f 7969 8041 8040
f 7969 7970 8041
f 7970 8042 8041
f 7970 7971 8042
f 7971 8043 8042
f 7971 7972 8043
f 7972 8044 8043
f 7972 7973 8044
f 7973 8045 8044
f 7973 7974 8045
f 7974 8046 8045
f 7974 7975 8046
f 7975 8047 8046
f 7975 7976 8047
f 7976 8048 8047
f 7976 7977 8048
f 7977 8049 8048
f 7977 7978 8049
f 7978 8050 8049
f 7978 7979 8050
f 7979 8051 8050
f 7979 7980 8051
f 7980 8052 8051
f 7980 7981 8052
f 7981 8053 8052
f 7981 7982 8053
f 7982 8054 8053
f 7982 7983 8054
f 7983 8055 8054
f 7983 7984 8055
f 7984 8056 8055
f 7984 7985 8056
f 7985 8057 8056
f 7985 7986 8057
f 7986 8058 8057
f 7986 7987 8058
f 7987 8059 8058
f 7987 7988 8059
f 7988 8060 8059
f 7988 7989 8060
f 7989 8061 8060
f 7989 7990 8061
f 7990 8062 8061
f 7990 7991 8062
f 7991 8063 8062
f 7991 7992 8063
f 7992 8064 8063
f 7992 7921 8064
f 7921 7993 8064
f 7993 7994 8065
f 7994 8066 8065
f 7994 7995 8066
f 7995 8067 8066
f 7995 7996 8067
f 7996 8068 8067
f 7996 7997 8068
f 7997 8069 8068
f 7997 7998 8069
f 7998 8070 8069
f 7998 7999 8070
f 7999 8071 8070
f 7999 8000 8071
f 8000 8072 8071
f 8000 8001 8072
f 8001 8073 8072
f 8001 8002 8073
f 8002 8074 8073
f 8002 8003 8074
f 8003 8075 8074
f 8003 8004 8075
f 8004 8076 8075
f 8004 8005 8076
f 8005 8077 8076
f 8005 8006 8077
f 8006 8078 8077
f 8006 8007 8078
f 8007 8079 8078
f 8007 8008 8079
f 8008 8080 8079
f 8008 8009 8080
f 8009 8081 8080
f 8009 8010 8081
f 8010 8082 8081
f 8010 8011 8082
f 8011 8083 8082
f 8011 8012 8083
f 8012 8084 8083
f 8012 8013 8084
f 8013 8085 8084
f 8013 8014 8085
f 8014 8086 8085
f 8014 8015 8086
f 8015 8087 8086
f 8015 8016 8087
f 8016 8088 8087
f 8016 8017 8088
f 8017 8089 8088
f 8017 8018 8089
f 8018 8090 8089
f 8018 8019 8090
f 8019 8091 8090
f 8019 8020 8091
f 8020 8092 8091
f 8020 8021 8092
f 8021 8093 8092
f 8021 8022 8093
f 8022 8094 8093
f 8022 8023 8094
f 8023 8095 8094
f 8023 8024 8095
f 8024 8096 8095
f 8024 8025 8096
f 8025 8097 8096
f 8025 8026 8097
f 8026 8098 8097
f 8026 8027 8098
f 8027 8099 8098
f 8027 8028 8099
f 8028 8100 8099
f 8028 8029 8100
f 8029 8101 8100
f 8029 8030 8101
f 8030 8102 8101
f 8030 8031 8102
f 8031 8103 8102
f 8031 8032 8103
f 8032 8104 8103
f 8032 8033 8104
f 8033 8105 8104
f 8033 8034 8105
f 8034 8106 8105
f 8034 8035 8106
f 8035 8107 8106
f 8035 8036 8107
f 8036 8108 8107
f 8036 8037 8108
f 8037 8109 8108
f 8037 8038 8109
f 8038 8110 8109
f 8038 8039 8110
f 8039 8111 8110
f 8039 8040 8111
f 8040 8112 8111
f 8040 8041 8112
f 8041 8113 8112
f 8041 8042 8113
f 8042 8114 8113
f 8042 8043 8114
f 8043 8115 8114
f 8043 8044 8115
f 8044 8116 8115
f 8044 8045 8116
f 8045 8117 8116
f 8045 8046 8117
f 8046 8118 8117
f 8046 8047 8118
f 8047 8119 8118
f 8047 8048 8119
f 8048 8120 8119
f 8048 8049 8120
f 8049 8121 8120
f 8049 8050 8121
f 8050 8122 8121
f 8050 8051 8122
f 8051 8123 8122
f 8051 8052 8123
f 8052 8124 8123
f 8052 8053 8124
f 8053 8125 8124
f 8053 8054 8125
f 8054 8126 8125
f 8054 8055 8126
f 8055 8127 8126
f 8055 8056 8127
f 8056 8128 8127
f 8056 8057 8128
f 8057 8129 8128
f 8057 8058 8129
f 8058 8130 8129
f 8058 8059 8130
f 8059 8131 8130
f 8059 8060 8131
f 8060 8132 8131
f 8060 8061 8132
f 8061 8133 8132
f 8061 8062 8133
f 8062 8134 8133
f 8062 8063 8134
f 8063 8135 8134
f 8063 8064 8135
f 8064 8136 8135
f 8064 7993 8136
f 7993 8065 8136
f 8065 8066 8137
f 8066 8138 8137
f 8066 8067 8138
f 8067 8139 8138
f 8067 8068 8139
f 8068 8140 8139
f 8068 8069 8140
f 8069 8141 8140
f 8069 8070 8141
f 8070 8142 8141
f 8070 8071 8142
f 8071 8143 8142
f 8071 8072 8143
f 8072 8144 8143
f 8072 8073 8144
f 8073 8145 8144
f 8073 8074 8145
f 8074 8146 8145
f 8074 8075 8146
f 8075 8147 8146
f 8075 8076 8147
f 8076 8148 8147
f 8076 8077 8148
f 8077 8149 8148
f 8077 8078 8149
f 8078 8150 8149
f 8078 8079 8150
f 8079 8151 8150
f 8079 8080 8151
f 8080 8152 8151
f 8080 8081 8152
f 8081 8153 8152
f 8081 8082 8153
f 8082 8154 8153
f 8082 8083 8154
f 8083 8155 8154
f 8083 8084 8155
f 8084 8156 8155
f 8084 8085 8156
f 8085 8157 8156
f 8085 8086 8157
f 8086 8158 8157
f 8086 8087 8158
f 8087 8159 8158
f 8087 8088 8159
f 8088 8160 8159
f 8088 8089 8160
f 8089 8161 8160
f 8089 8090 8161
f 8090 8162 8161
f 8090 8091 8162
f 8091 8163 8162
f 8091 8092 8163
f 8092 8164 8163
f 8092 8093 8164
f 8093 8165 8164
f 8093 8094 8165
f 8094 8166 8165
f 8094 8095 8166
f 8095 8167 8166
f 8095 8096 8167
f 8096 8168 8167
f 8096 8097 8168
f 8097 8169 8168
f 8097 8098 8169
f 8098 8170 8169
f 8098 8099 8170
f 8099 8171 8170
f 8099 8100 8171
f 8100 8172 8171
f 8100 8101 8172
f 8101 8173 8172
f 8101 8102 8173
f 8102 8174 8173
f 8102 8103 8174
f 8103 8175 8174
f 8103 8104 8175
f 8104 8176 8175
f 8104 8105 8176
f 8105 8177 8176
f 8105 8106 8177
f 8106 8178 8177
f 8106 8107 8178
f 8107 8179 8178
f 8107 8108 8179
f 8108 8180 8179
f 8108 8109 8180
f 8109 8181 8180
f 8109 8110 8181
f 8110 8182 8181
f 8110 8111 8182
f 8111 8183 8182
f 8111 8112 8183
f 8112 8184 8183
f 8112 8113 8184
f 8113 8185 8184
f 8113 8114 8185
f 8114 8186 8185
f 8114 8115 8186
f 8115 8187 8186
f 8115 8116 8187
f 8116 8188 8187
f 8116 8117 8188
f 8117 8189 8188
f 8117 8118 8189
f 8118 8190 8189
f 8118 8119 8190
f 8119 8191 8190
f 8119 8120 8191
f 8120 8192 8191
f 8120 8121 8192
f 8121 8193 8192
f 8121 8122 8193
f 8122 8194 8193
f 8122 8123 8194
f 8123 8195 8194
f 8123 8124 8195
f 8124 8196 8195
f 8124 8125 8196
f 8125 8197 8196
f 8125 8126 8197
f 8126 8198 8197
f 8126 8127 8198
f 8127 8199 8198
f 8127 8128 8199
f 8128 8200 8199
f 8128 8129 8200
f 8129 8201 8200
f 8129 8130 8201
f 8130 8202 8201
f 8130 8131 8202
f 8131 8203 8202
f 8131 8132 8203
f 8132 8204 8203
f 8132 8133 8204
f 8133 8205 8204
f 8133 8134 8205
f 8134 8206 8205
f 8134 8135 8206
f 8135 8207 8206
f 8135 8136 8207
f 8136 8208 8207
f 8136 8065 8208
f 8065 8137 8208
f 8137 8138 8209
f 8138 8210 8209
f 8138 8139 8210
f 8139 8211 8210
f 8139 8140 8211
f 8140 8212 8211
f 8140 8141 8212
f 8141 8213 8212
f 8141 8142 8213
f 8142 8214 8213
f 8142 8143 8214
f 8143 8215 8214
f 8143 8144 8215
f 8144 8216 8215
f 8144 8145 8216
f 8145 8217 8216
f 8145 8146 8217
f 8146 8218 8217
f 8146 8147 8218
f 8147 8219 8218
f 8147 8148 8219
f 8148 8220 8219
f 8148 8149 8220
f 8149 8221 8220
f 8149 8150 8221
f 8150 8222 8221
f 8150 8151 8222
f 8151 8223 8222
f 8151 8152 8223
f 8152 8224 8223
f 8152 8153 8224
f 8153 8225 8224
f 8153 8154 8225
f 8154 8226 8225
f 8154 8155 8226
f 8155 8227 8226
f 8155 8156 8227
f 8156 8228 8227
f 8156 8157 8228
f 8157 8229 8228
f 8157 8158 8229
f 8158 8230 8229
f 8158 8159 8230
f 8159 8231 8230
f 8159 8160 8231
f 8160 8232 8231
f 8160 8161 8232
f 8161 8233 8232
f 8161 8162 8233
f 8162 8234 8233
f 8162 8163 8234
f 8163 8235 8234
f 8163 8164 8235
f 8164 8236 8235
f 8164 8165 8236
f 8165 8237 8236
f 8165 8166 8237
f 8166 8238 8237
f 8166 8167 8238
f 8167 8239 8238
f 8167 8168 8239
f 8168 8240 8239
f 8168 8169 8240
f 8169 8241 8240
f 8169 8170 8241
f 8170 8242 8241
f 8170 8171 8242
f 8171 8243 8242
f 8171 8172 8243
f 8172 8244 8243
f 8172 8173 8244
f 8173 8245 8244
f 8173 8174 8245
f 8174 8246 8245
f 8174 8175 8246
f 8175 8247 8246
f 8175 8176 8247
f 8176 8248 8247
f 8176 8177 8248
f 8177 8249 8248
f 8177 8178 8249
f 8178 8250 8249
f 8178 8179 8250
f 8179 8251 8250
f 8179 8180 8251
f 8180 8252 8251
f 8180 8181 8252
f 8181 8253 8252
f 8181 8182 8253
f 8182 8254 8253
f 8182 8183 8254
f 8183 8255 8254
f 8183 8184 8255
f 8184 8256 8255
f 8184 8185 8256
f 8185 8257 8256
f 8185 8186 8257
f 8186 8258 8257
f 8186 8187 8258
f 8187 8259 8258
f 8187 8188 8259
f 8188 8260 8259
f 8188 8189 8260
f 8189 8261 8260
f 8189 8190 8261
f 8190 8262 8261
f 8190 8191 8262
f 8191 8263 8262
f 8191 8192 8263
f 8192 8264 8263
f 8192 8193 8264
f 8193 8265 8264
f 8193 8194 8265
f 8194 8266 8265
f 8194 8195 8266
f 8195 8267 8266
f 8195 8196 8267
f 8196 8268 8267
f 8196 8197 8268
f 8197 8269 8268
f 8197 8198 8269
f 8198 8270 8269
f 8198 8199 8270
f 8199 8271 8270
f 8199 8200 8271
f 8200 8272 8271
f 8200 8201 8272
f 8201 8273 8272
f 8201 8202 8273
f 8202 8274 8273
f 8202 8203 8274
f 8203 8275 8274
f 8203 8204 8275
f 8204 8276 8275
f 8204 8205 8276
f 8205 8277 8276
f 8205 8206 8277
f 8206 8278 8277
f 8206 8207 8278
f 8207 8279 8278
f 8207 8208 8279
f 8208 8280 8279
f 8208 8137 8280
f 8137 8209 8280
f 8209 8210 8281
f 8210 8282 8281
f 8210 8211 8282
f 8211 8283 8282
f 8211 8212 8283
f 8212 8284 8283
f 8212 8213 8284
f 8213 8285 8284
f 8213 8214 8285
f 8214 8286 8285
f 8214 8215 8286
f 8215 8287 8286
f 8215 8216 8287
f 8216 8288 8287
f 8216 8217 8288
f 8217 8289 8288
f 8217 8218 8289
f 8218 8290 8289
f 8218 8219 8290
f 8219 8291 8290
f 8219 8220 8291
f 8220 8292 8291
f 8220 8221 8292
f 8221 8293 8292
f 8221 8222 8293
f 8222 8294 8293
f 8222 8223 8294
f 8223 8295 8294
f 8223 8224 8295
f 8224 8296 8295
f 8224 8225 8296
f 8225 8297 8296
f 8225 8226 8297
f 8226 8298 8297
f 8226 8227 8298
f 8227 8299 8298
f 8227 8228 8299
f 8228 8300 8299
f 8228 8229 8300
f 8229 8301 8300
f 8229 8230 8301
f 8230 8302 8301
f 8230 8231 8302
f 8231 8303 8302
f 8231 8232 8303
f 8232 8304 8303
f 8232 8233 8304
f 8233 8305 8304
f 8233 8234 8305
f 8234 8306 8305
f 8234 8235 8306
f 8235 8307 8306
f 8235 8236 8307
f 8236 8308 8307
f 8236 8237 8308
f 8237 8309 8308
f 8237 8238 8309
f 8238 8310 8309
f 8238 8239 8310
f 8239 8311 8310
f 8239 8240 8311
f 8240 8312 8311
f 8240 8241 8312
f 8241 8313 8312
f 8241 8242 8313
f 8242 8314 8313
f 8242 8243 8314
f 8243 8315 8314
f 8243 8244 8315
f 8244 8316 8315
f 8244 8245 8316
f 8245 8317 8316
f 8245 8246 8317
f 8246 8318 8317
f 8246 8247 8318
f 8247 8319 8318
f 8247 8248 8319
f 8248 8320 8319
f 8248 8249 8320
f 8249 8321 8320
f 8249 8250 8321
f 8250 8322 8321
f 8250 8251 8322
f 8251 8323 8322
f 8251 8252 8323
f 8252 8324 8323
f 8252 8253 8324
f 8253 8325 8324
f 8253 8254 8325
f 8254 8326 8325
f 8254 8255 8326
f 8255 8327 8326
f 8255 8256 8327
f 8256 8328 8327
f 8256 8257 8328
f 8257 8329 8328
f 8257 8258 8329
f 8258 8330 8329
f 8258 8259 8330
f 8259 8331 8330
f 8259 8260 8331
f 8260 8332 8331
f 8260 8261 8332
f 8261 8333 8332
f 8261 8262 8333
f 8262 8334 8333
f 8262 8263 8334
f 8263 8335 8334
f 8263 8264 8335
f 8264 8336 8335
f 8264 8265 8336
f 8265 8337 8336
f 8265 8266 8337
f 8266 8338 8337
f 8266 8267 8338
f 8267 8339 8338
f 8267 8268 8339
f 8268 8340 8339
f 8268 8269 8340
f 8269 8341 8340
f 8269 8270 8341
f 8270 8342 8341
f 8270 8271 8342
f 8271 8343 8342
f 8271 8272 8343
f 8272 8344 8343
f 8272 8273 8344
f 8273 8345 8344
f 8273 8274 8345
f 8274 8346 8345
f 8274 8275 8346
f 8275 8347 8346
f 8275 8276 8347
f 8276 8348 8347
f 8276 8277 8348
f 8277 8349 8348
f 8277 8278 8349
f 8278 8350 8349
f 8278 8279 8350
f 8279 8351 8350
f 8279 8280 8351
f 8280 8352 8351
f 8280 8209 8352
f 8209 8281 8352
f 8281 8282 8353
f 8282 8354 8353
f 8282 8283 8354
f 8283 8355 8354
f 8283 8284 8355
f 8284 8356 8355
f 8284 8285 8356
f 8285 8357 8356
f 8285 8286 8357
f 8286 8358 8357
f 8286 8287 8358
f 8287 8359 8358
f 8287 8288 8359
f 8288 8360 8359
f 8288 8289 8360
f 8289 8361 8360
f 8289 8290 8361
f 8290 8362 8361
f 8290 8291 8362
f 8291 8363 8362
f 8291 8292 8363
f 8292 8364 8363
f 8292 8293 8364
f 8293 8365 8364
f 8293 8294 8365
f 8294 8366 8365
f 8294 8295 8366
f 8295 8367 8366
f 8295 8296 8367
f 8296 8368 8367
f 8296 8297 8368
f 8297 8369 8368
f 8297 8298 8369
f 8298 8370 8369
f 8298 8299 8370
f 8299 8371 8370
f 8299 8300 8371
f 8300 8372 8371
f 8300 8301 8372
f 8301 8373 8372
f 8301 8302 8373
f 8302 8374 8373
f 8302 8303 8374
f 8303 8375 8374
f 8303 8304 8375
f 8304 8376 8375
f 8304 8305 8376
f 8305 8377 8376
f 8305 8306 8377
f 8306 8378 8377
f 8306 8307 8378
f 8307 8379 8378
f 8307 8308 8379
f 8308 8380 8379
f 8308 8309 8380
f 8309 8381 8380
f 8309 8310 8381
f 8310 8382 8381
f 8310 8311 8382
f 8311 8383 8382
f 8311 8312 8383
f 8312 8384 8383
f 8312 8313 8384
f 8313 8385 8384
f 8313 8314 8385
f 8314 8386 8385
f 8314 8315 8386
f 8315 8387 8386
f 8315 8316 8387
f 8316 8388 8387
f 8316 8317 8388
f 8317 8389 8388
f 8317 8318 8389
f 8318 8390 8389
f 8318 8319 8390
f 8319 8391 8390
f 8319 8320 8391
f 8320 8392 8391
f 8320 8321 8392
f 8321 8393 8392
f 8321 8322 8393
f 8322 8394 8393
f 8322 8323 8394
f 8323 8395 8394
f 8323 8324 8395
f 8324 8396 8395
f 8324 8325 8396
f 8325 8397 8396
f 8325 8326 8397
f 8326 8398 8397
f 8326 8327 8398
f 8327 8399 8398
f 8327 8328 8399
f 8328 8400 8399
f 8328 8329 8400
f 8329 8401 8400
f 8329 8330 8401
f 8330 8402 8401
f 8330 8331 8402
f 8331 8403 8402
f 8331 8332 8403
f 8332 8404 8403
f 8332 8333 8404
f 8333 8405 8404
f 8333 8334 8405
f 8334 8406 8405
f 8334 8335 8406
f 8335 8407 8406
f 8335 8336 8407
f 8336 8408 8407
f 8336 8337 8408
f 8337 8409 8408
f 8337 8338 8409
f 8338 8410 8409
f 8338 8339 8410
f 8339 8411 8410
f 8339 8340 8411
f 8340 8412 8411
f 8340 8341 8412
f 8341 8413 8412
f 8341 8342 8413
f 8342 8414 8413
f 8342 8343 8414
f 8343 8415 8414
f 8343 8344 8415
f 8344 8416 8415
f 8344 8345 8416
f 8345 8417 8416
f 8345 8346 8417
f 8346 8418 8417
f 8346 8347 8418
f 8347 8419 8418
f 8347 8348 8419
f 8348 8420 8419
f 8348 8349 8420
f 8349 8421 8420
f 8349 8350 8421
f 8350 8422 8421
f 8350 8351 8422
f 8351 8423 8422
f 8351 8352 8423
f 8352 8424 8423
f 8352 8281 8424
f 8281 8353 8424
f 8353 8354 8425
f 8354 8426 8425
f 8354 8355 8426
f 8355 8427 8426
f 8355 8356 8427
f 8356 8428 8427
f 8356 8357 8428
f 8357 8429 8428
f 8357 8358 8429
f 8358 8430 8429
f 8358 8359 8430
f 8359 8431 8430
f 8359 8360 8431
f 8360 8432 8431
f 8360 8361 8432
f 8361 8433 8432
f 8361 8362 8433
f 8362 8434 8433
f 8362 8363 8434
f 8363 8435 8434
f 8363 8364 8435
f 8364 8436 8435
f 8364 8365 8436
f 8365 8437 8436
f 8365 8366 8437
f 8366 8438 8437
f 8366 8367 8438
f 8367 8439 8438
f 8367 8368 8439
f 8368 8440 8439
f 8368 8369 8440
f 8369 8441 8440
f 8369 8370 8441
f 8370 8442 8441
f 8370 8371 8442
f 8371 8443 8442
f 8371 8372 8443
f 8372 8444 8443
f 8372 8373 8444
f 8373 8445 8444
f 8373 8374 8445
f 8374 8446 8445
f 8374 8375 8446
f 8375 8447 8446
f 8375 8376 8447
f 8376 8448 8447
f 8376 8377 8448
f 8377 8449 8448
f 8377 8378 8449
f 8378 8450 8449
f 8378 8379 8450
f 8379 8451 8450
f 8379 8380 8451
f 8380 8452 8451
f 8380 8381 8452
f 8381 8453 8452
f 8381 8382 8453
f 8382 8454 8453
f 8382 8383 8454
f 8383 8455 8454
f 8383 8384 8455
f 8384 8456 8455
f 8384 8385 8456
f 8385 8457 8456
f 8385 8386 8457
f 8386 8458 8457
f 8386 8387 8458
f 8387 8459 8458
f 8387 8388 8459
f 8388 8460 8459
f 8388 8389 8460
f 8389 8461 8460
f 8389 8390 8461
f 8390 8462 8461
f 8390 8391 8462
f 8391 8463 8462
f 8391 8392 8463
f 8392 8464 8463
f 8392 8393 8464
f 8393 8465 8464
f 8393 8394 8465
f 8394 8466 8465
f 8394 8395 8466
f 8395 8467 8466
f 8395 8396 8467
f 8396 8468 8467
f 8396 8397 8468
f 8397 8469 8468
f 8397 8398 8469
f 8398 8470 8469
f 8398 8399 8470
f 8399 8471 8470
f 8399 8400 8471
f 8400 8472 8471
f 8400 8401 8472
f 8401 8473 8472
f 8401 8402 8473
f 8402 8474 8473
f 8402 8403 8474
f 8403 8475 8474
f 8403 8404 8475
f 8404 8476 8475
f 8404 8405 8476
f 8405 8477 8476
f 8405 8406 8477
f 8406 8478 8477
f 8406 8407 8478
f 8407 8479 8478
f 8407 8408 8479
f 8408 8480 8479
f 8408 8409 8480
f 8409 8481 8480
f 8409 8410 8481
f 8410 8482 8481
f 8410 8411 8482
f 8411 8483 8482
f 8411 8412 8483
f 8412 8484 8483
f 8412 8413 8484
f 8413 8485 8484
f 8413 8414 8485
f 8414 8486 8485
f 8414 8415 8486
f 8415 8487 8486
f 8415 8416 8487
f 8416 8488 8487
f 8416 8417 8488
f 8417 8489 8488
f 8417 8418 8489
f 8418 8490 8489
f 8418 8419 8490
f 8419 8491 8490
f 8419 8420 8491
f 8420 8492 8491
f 8420 8421 8492
f 8421 8493 8492
f 8421 8422 8493
f 8422 8494 8493
f 8422 8423 8494
f 8423 8495 8494
f 8423 8424 8495
f 8424 8496 8495
f 8424 8353 8496
f 8353 8425 8496
f 8425 8426 8497
f 8426 8498 8497
f 8426 8427 8498
f 8427 8499 8498
f 8427 8428 8499
f 8428 8500 8499
f 8428 8429 8500
f 8429 8501 8500
f 8429 8430 8501
f 8430 8502 8501
f 8430 8431 8502
f 8431 8503 8502
f 8431 8432 8503
f 8432 8504 8503
f 8432 8433 8504
f 8433 8505 8504
f 8433 8434 8505
f 8434 8506 8505
f 8434 8435 8506
f 8435 8507 8506
f 8435 8436 8507
f 8436 8508 8507
f 8436 8437 8508
f 8437 8509 8508
f 8437 8438 8509
f 8438 8510 8509
f 8438 8439 8510
f 8439 8511 8510
f 8439 8440 8511
f 8440 8512 8511
f 8440 8441 8512
f 8441 8513 8512
f 8441 8442 8513
f 8442 8514 8513
f 8442 8443 8514
f 8443 8515 8514
f 8443 8444 8515
f 8444 8516 8515
f 8444 8445 8516
f 8445 8517 8516
f 8445 8446 8517
f 8446 8518 8517
f 8446 8447 8518
f 8447 8519 8518
f 8447 8448 8519
f 8448 8520 8519
f 8448 8449 8520
f 8449 8521 8520
f 8449 8450 8521
f 8450 8522 8521
f 8450 8451 8522
f 8451 8523 8522
f 8451 8452 8523
f 8452 8524 8523
f 8452 8453 8524
f 8453 8525 8524
f 8453 8454 8525
f 8454 8526 8525
f 8454 8455 8526
f 8455 8527 8526
f 8455 8456 8527
f 8456 8528 8527
f 8456 8457 8528
f 8457 8529 8528
f 8457 8458 8529
f 8458 8530 8529
f 8458 8459 8530
f 8459 8531 8530
f 8459 8460 8531
f 8460 8532 8531
f 8460 8461 8532
f 8461 8533 8532
f 8461 8462 8533
f 8462 8534 8533
f 8462 8463 8534
f 8463 8535 8534
f 8463 8464 8535
f 8464 8536 8535
f 8464 8465 8536
f 8465 8537 8536
f 8465 8466 8537
f 8466 8538 8537
f 8466 8467 8538
f 8467 8539 8538
f 8467 8468 8539
f 8468 8540 8539
f 8468 8469 8540
f 8469 8541 8540
f 8469 8470 8541
f 8470 8542 8541
f 8470 8471 8542
f 8471 8543 8542
f 8471 8472 8543
f 8472 8544 8543
f 8472 8473 8544
f 8473 8545 8544
f 8473 8474 8545
f 8474 8546 8545
f 8474 8475 8546
f 8475 8547 8546
f 8475 8476 8547
f 8476 8548 8547
f 8476 8477 8548
f 8477 8549 8548
f 8477 8478 8549
f 8478 8550 8549
f 8478 8479 8550
f 8479 8551 8550
f 8479 8480 8551
f 8480 8552 8551
f 8480 8481 8552
f 8481 8553 8552
f 8481 8482 8553
f 8482 8554 8553
f 8482 8483 8554
f 8483 8555 8554
f 8483 8484 8555
f 8484 8556 8555
f 8484 8485 8556
f 8485 8557 8556
f 8485 8486 8557
f 8486 8558 8557
f 8486 8487 8558
f 8487 8559 8558
f 8487 8488 8559
f 8488 8560 8559
f 8488 8489 8560
f 8489 8561 8560
f 8489 8490 8561
f 8490 8562 8561
f 8490 8491 8562
f 8491 8563 8562
f 8491 8492 8563
f 8492 8564 8563
f 8492 8493 8564
f 8493 8565 8564
f 8493 8494 8565
f 8494 8566 8565
f 8494 8495 8566
f 8495 8567 8566
f 8495 8496 8567
f 8496 8568 8567
f 8496 8425 8568
f 8425 8497 8568
f 8497 8498 8569
f 8498 8570 8569
f 8498 8499 8570
f 8499 8571 8570
f 8499 8500 8571
f 8500 8572 8571
f 8500 8501 8572
f 8501 8573 8572
f 8501 8502 8573
f 8502 8574 8573
f 8502 8503 8574
f 8503 8575 8574
f 8503 8504 8575
f 8504 8576 8575
f 8504 8505 8576
f 8505 8577 8576
f 8505 8506 8577
f 8506 8578 8577
f 8506 8507 8578
f 8507 8579 8578
f 8507 8508 8579
f 8508 8580 8579
f 8508 8509 8580
f 8509 8581 8580
f 8509 8510 8581
f 8510 8582 8581
f 8510 8511 8582
f 8511 8583 8582
f 8511 8512 8583
f 8512 8584 8583
f 8512 8513 8584
f 8513 8585 8584
f 8513 8514 8585
f 8514 8586 8585
f 8514 8515 8586
f 8515 8587 8586
f 8515 8516 8587
f 8516 8588 8587
f 8516 8517 8588
f 8517 8589 8588
f 8517 8518 8589
f 8518 8590 8589
f 8518 8519 8590
f 8519 8591 8590
f 8519 8520 8591
f 8520 8592 8591
f 8520 8521 8592
f 8521 8593 8592
f 8521 8522 8593
f 8522 8594 8593
f 8522 8523 8594
f 8523 8595 8594
f 8523 8524 8595
f 8524 8596 8595
f 8524 8525 8596
f 8525 8597 8596
f 8525 8526 8597
f 8526 8598 8597
f 8526 8527 8598
f 8527 8599 8598
f 8527 8528 8599
f 8528 8600 8599
f 8528 8529 8600
f 8529 8601 8600
f 8529 8530 8601
f 8530 8602 8601
f 8530 8531 8602
f 8531 8603 8602
f 8531 8532 8603
f 8532 8604 8603
f 8532 8533 8604
f 8533 8605 8604
f 8533 8534 8605
f 8534 8606 8605
f 8534 8535 8606
f 8535 8607 8606
f 8535 8536 8607
f 8536 8608 8607
f 8536 8537 8608
f 8537 8609 8608
f 8537 8538 8609
f 8538 8610 8609
f 8538 8539 8610
f 8539 8611 8610
f 8539 8540 8611
f 8540 8612 8611
f 8540 8541 8612
f 8541 8613 8612
f 8541 8542 8613
f 8542 8614 8613
f 8542 8543 8614
f 8543 8615 8614
f 8543 8544 8615
f 8544 8616 8615
f 8544 8545 8616
f 8545 8617 8616
f 8545 8546 8617
f 8546 8618 8617
f 8546 8547 8618
f 8547 8619 8618
f 8547 8548 8619
f 8548 8620 8619
f 8548 8549 8620
f 8549 8621 8620
f 8549 8550 8621
f 8550 8622 8621
f 8550 8551 8622
f 8551 8623 8622
f 8551 8552 8623
f 8552 8624 8623
f 8552 8553 8624
f 8553 8625 8624
f 8553 8554 8625
f 8554 8626 8625
f 8554 8555 8626
f 8555 8627 8626
f 8555 8556 8627
f 8556 8628 8627
f 8556 8557 8628
f 8557 8629 8628
f 8557 8558 8629
f 8558 8630 8629
f 8558 8559 8630
f 8559 8631 8630
f 8559 8560 8631
f 8560 8632 8631
f 8560 8561 8632
f 8561 8633 8632
f 8561 8562 8633
f 8562 8634 8633
f 8562 8563 8634
f 8563 8635 8634
f 8563 8564 8635
f 8564 8636 8635
f 8564 8565 8636
f 8565 8637 8636
f 8565 8566 8637
f 8566 8638 8637
f 8566 8567 8638
f 8567 8639 8638
f 8567 8568 8639
f 8568 8640 8639
f 8568 8497 8640
f 8497 8569 8640
f 8569 8570 8641
f 8570 8642 8641
f 8570 8571 8642
f 8571 8643 8642
f 8571 8572 8643
f 8572 8644 8643
f 8572 8573 8644
f 8573 8645 8644
f 8573 8574 8645
f 8574 8646 8645
f 8574 8575 8646
f 8575 8647 8646
f 8575 8576 8647
f 8576 8648 8647
f 8576 8577 8648
f 8577 8649 8648
f 8577 8578 8649
f 8578 8650 8649
f 8578 8579 8650
f 8579 8651 8650
f 8579 8580 8651
f 8580 8652 8651
f 8580 8581 8652
f 8581 8653 8652
f 8581 8582 8653
f 8582 8654 8653
f 8582 8583 8654
f 8583 8655 8654
f 8583 8584 8655
f 8584 8656 8655
f 8584 8585 8656
f 8585 8657 8656
f 8585 8586 8657
f 8586 8658 8657
f 8586 8587 8658
f 8587 8659 8658
f 8587 8588 8659
f 8588 8660 8659
f 8588 8589 8660
f 8589 8661 8660
f 8589 8590 8661
f 8590 8662 8661
f 8590 8591 8662
f 8591 8663 8662
f 8591 8592 8663
f 8592 8664 8663
f 8592 8593 8664
f 8593 8665 8664
f 8593 8594 8665
f 8594 8666 8665
f 8594 8595 8666
f 8595 8667 8666
f 8595 8596 8667
f 8596 8668 8667
f 8596 8597 8668
f 8597 8669 8668
f 8597 8598 8669
f 8598 8670 8669
f 8598 8599 8670
f 8599 8671 8670
f 8599 8600 8671
f 8600 8672 8671
f 8600 8601 8672
f 8601 8673 8672
f 8601 8602 8673
f 8602 8674 8673
f 8602 8603 8674
f 8603 8675 8674
f 8603 8604 8675
f 8604 8676 8675
f 8604 8605 8676
f 8605 8677 8676
f 8605 8606 8677
f 8606 8678 8677
f 8606 8607 8678
f 8607 8679 8678
f 8607 8608 8679
f 8608 8680 8679
f 8608 8609 8680
f 8609 8681 8680
f 8609 8610 8681
f 8610 8682 8681
f 8610 8611 8682
f 8611 8683 8682
f 8611 8612 8683
f 8612 8684 8683
f 8612 8613 8684
f 8613 8685 8684
f 8613 8614 8685
f 8614 8686 8685
f 8614 8615 8686
f 8615 8687 8686
f 8615 8616 8687
f 8616 8688 8687
f 8616 8617 8688
f 8617 8689 8688
f 8617 8618 8689
f 8618 8690 8689
f 8618 8619 8690
f 8619 8691 8690
f 8619 8620 8691
f 8620 8692 8691
f 8620 8621 8692
f 8621 8693 8692
f 8621 8622 8693
f 8622 8694 8693
f 8622 8623 8694
f 8623 8695 8694
f 8623 8624 8695
f 8624 8696 8695
f 8624 8625 8696
f 8625 8697 8696
f 8625 8626 8697
f 8626 8698 8697
f 8626 8627 8698
f 8627 8699 8698
f 8627 8628 8699
f 8628 8700 8699
f 8628 8629 8700
f 8629 8701 8700
f 8629 8630 8701
f 8630 8702 8701
f 8630 8631 8702
f 8631 8703 8702
f 8631 8632 8703
f 8632 8704 8703
f 8632 8633 8704
f 8633 8705 8704
f 8633 8634 8705
f 8634 8706 8705
f 8634 8635 8706
f 8635 8707 8706
f 8635 8636 8707
f 8636 8708 8707
f 8636 8637 8708
f 8637 8709 8708
f 8637 8638 8709
f 8638 8710 8709
f 8638 8639 8710
f 8639 8711 8710
f 8639 8640 8711
f 8640 8712 8711
f 8640 8569 8712
f 8569 8641 8712

