# https://github.com/mikedh/trimesh
v 2.00000000 0.00000000 11.00058557
v 2.00000000 -0.97237817 10.96039044
v 2.00000000 -1.93757145 10.83631358
v 2.00000000 -2.88802804 10.62897935
v 2.00000000 -3.81627077 10.33989007
v 2.00000000 -4.71506245 9.97143152
v 2.00000000 -5.57754649 9.52678656
v 2.00000000 -6.39732611 9.00978272
v 2.00000000 -7.16846814 8.42471928
v 2.00000000 -7.88544442 7.77622440
v 2.00000000 -8.54304766 7.06917884
v 2.00000000 -9.13632854 6.30871778
v 2.00000000 -9.66059390 5.50029279
v 2.00000000 -10.11148406 4.64975488
v 2.00000000 -10.48511776 3.76341221
v 2.00000000 -10.77826740 2.84802643
v 2.00000000 -10.98851372 1.91073446
v 2.00000000 -11.11433329 0.95890991
v 2.00000000 -11.15509298 0.00000000
v 2.00000000 -11.11095567 -0.95861850
v 2.00000000 -10.98273037 -1.90972882
v 2.00000000 -10.77171740 -2.84629568
v 2.00000000 -10.47959935 -3.76143150
v 2.00000000 -10.10841120 -4.64834183
v 2.00000000 -9.66059390 -5.50029279
v 2.00000000 -9.13910589 -6.31063557
v 2.00000000 -8.54754631 -7.07290137
v 2.00000000 -7.89023935 -7.78095291
v 2.00000000 -7.17224296 -8.42915562
v 2.00000000 -6.39927084 -9.01252160
v 2.00000000 -5.57754649 -9.52678656
v 2.00000000 -4.71362955 -9.96840122
v 2.00000000 -3.81426223 -10.33444810
v 2.00000000 -2.88627298 -10.62252007
v 2.00000000 -1.93655169 -10.83061034
v 2.00000000 -0.97208266 -10.95705960
v 2.00000000 -0.00000000 -11.00058557
v 2.00000000 0.97237817 -10.96039044
v 2.00000000 1.93757145 -10.83631358
v 2.00000000 2.88802804 -10.62897935
v 2.00000000 3.81627077 -10.33989007
v 2.00000000 4.71506245 -9.97143152
v 2.00000000 5.57754649 -9.52678656
v 2.00000000 6.39732611 -9.00978272
v 2.00000000 7.16846814 -8.42471928
v 2.00000000 7.88544442 -7.77622440
v 2.00000000 8.54304766 -7.06917884
v 2.00000000 9.13632854 -6.30871778
v 2.00000000 9.66059390 -5.50029279
v 2.00000000 10.11148406 -4.64975488
v 2.00000000 10.48511776 -3.76341221
v 2.00000000 10.77826740 -2.84802643
v 2.00000000 10.98851372 -1.91073446
v 2.00000000 11.11433329 -0.95890991
v 2.00000000 11.15509298 -0.00000000
v 2.00000000 11.11095567 0.95861850
v 2.00000000 10.98273037 1.90972882
v 2.00000000 10.77171740 2.84629568
v 2.00000000 10.47959935 3.76143150
v 2.00000000 10.10841120 4.64834183
v 2.00000000 9.66059390 5.50029279
v 2.00000000 9.13910589 6.31063557
v 2.00000000 8.54754631 7.07290137
v 2.00000000 7.89023935 7.78095291
v 2.00000000 7.17224296 8.42915562
v 2.00000000 6.39927084 9.01252160
v 2.00000000 5.57754649 9.52678656
v 2.00000000 4.71362955 9.96840122
v 2.00000000 3.81426223 10.33444810
v 2.00000000 2.88627298 10.62252007
v 2.00000000 1.93655169 10.83061034
v 2.00000000 0.97208266 10.95705960
v 4.00000000 0.00000000 10.98795868
v 4.00000000 -0.97613841 10.94831229
v 4.00000000 -1.94512951 10.82473583
v 4.00000000 -2.89932929 10.61775366
v 4.00000000 -3.83115724 10.32884271
v 4.00000000 -4.73329590 9.96044318
v 4.00000000 -5.59885818 9.51585136
v 4.00000000 -6.42147526 8.99902766
v 4.00000000 -7.19528629 8.41437965
v 4.00000000 -7.91484742 7.76658505
v 4.00000000 -8.57500828 7.06050286
v 4.00000000 -9.17081709 6.30118701
v 4.00000000 -9.69750683 5.49397934
v 4.00000000 -10.15058582 4.64463093
v 4.00000000 -10.52601801 3.75939130
v 4.00000000 -10.82044421 2.84501852
v 4.00000000 -11.03137762 1.90869299
v 4.00000000 -11.15731313 0.95785321
v 4.00000000 -11.19771636 0.00000000
v 4.00000000 -11.15289821 -0.95747419
v 4.00000000 -11.02381815 -1.90738502
v 4.00000000 -10.81188265 -2.84276743
v 4.00000000 -10.51880485 -3.75681511
v 4.00000000 -10.14656925 -4.64279306
v 4.00000000 -9.69750683 -5.49397934
v 4.00000000 -9.17444740 -6.30368136
v 4.00000000 -8.58088851 -7.06534453
v 4.00000000 -7.92111492 -7.77273514
v 4.00000000 -7.20022038 -8.42014973
v 4.00000000 -6.42401723 -9.00258997
v 4.00000000 -5.59885818 -9.51585136
v 4.00000000 -4.73142295 -9.95650185
v 4.00000000 -3.82853187 -10.32176467
v 4.00000000 -2.89703522 -10.60935248
v 4.00000000 -1.94379657 -10.81731797
v 4.00000000 -0.97575216 -10.94398007
v 4.00000000 -0.00000000 -10.98795868
v 4.00000000 0.97613841 -10.94831229
v 4.00000000 1.94512951 -10.82473583
v 4.00000000 2.89932929 -10.61775366
v 4.00000000 3.83115724 -10.32884271
v 4.00000000 4.73329590 -9.96044318
v 4.00000000 5.59885818 -9.51585136
v 4.00000000 6.42147526 -8.99902766
v 4.00000000 7.19528629 -8.41437965
v 4.00000000 7.91484742 -7.76658505
v 4.00000000 8.57500828 -7.06050286
v 4.00000000 9.17081709 -6.30118701
v 4.00000000 9.69750683 -5.49397934
v 4.00000000 10.15058582 -4.64463093
v 4.00000000 10.52601801 -3.75939130
v 4.00000000 10.82044421 -2.84501852
v 4.00000000 11.03137762 -1.90869299
v 4.00000000 11.15731313 -0.95785321
v 4.00000000 11.19771636 -0.00000000
v 4.00000000 11.15289821 0.95747419
v 4.00000000 11.02381815 1.90738502
v 4.00000000 10.81188265 2.84276743
v 4.00000000 10.51880485 3.75681511
v 4.00000000 10.14656925 4.64279306
v 4.00000000 9.69750683 5.49397934
v 4.00000000 9.17444740 6.30368136
v 4.00000000 8.58088851 7.06534453
v 4.00000000 7.92111492 7.77273514
v 4.00000000 7.20022038 8.42014973
v 4.00000000 6.42401723 9.00258997
v 4.00000000 5.59885818 9.51585136
v 4.00000000 4.73142295 9.95650185
v 4.00000000 3.82853187 10.32176467
v 4.00000000 2.89703522 10.60935248
v 4.00000000 1.94379657 10.81731797
v 4.00000000 0.97575216 10.94398007
v 6.00000000 0.00000000 10.98541321
v 6.00000000 -0.97602594 10.94587730
v 6.00000000 -1.94491856 10.82240161
v 6.00000000 -2.89902204 10.61549039
v 6.00000000 -3.83074176 10.32661543
v 6.00000000 -4.73275053 9.95822790
v 6.00000000 -5.59816127 9.51364691
v 6.00000000 -6.42061651 8.99685965
v 6.00000000 -7.19427528 8.41229546
v 6.00000000 -7.91371567 7.76464203
v 6.00000000 -8.57380341 7.05875401
v 6.00000000 -9.16959067 6.29966895
v 6.00000000 -9.69629975 5.49270660
v 6.00000000 -10.14941626 4.64359793
v 6.00000000 -10.52487648 3.75858064
v 6.00000000 -10.81929756 2.84441208
v 6.00000000 -11.03018128 1.90828140
v 6.00000000 -11.15602758 0.95764018
v 6.00000000 -11.19632254 0.00000000
v 6.00000000 -11.15140672 -0.95724352
v 6.00000000 -11.02226920 -1.90691257
v 6.00000000 -10.81033664 -2.84205624
v 6.00000000 -10.51732686 -3.75588456
v 6.00000000 -10.14521234 -4.64167454
v 6.00000000 -9.69629975 -5.49270660
v 6.00000000 -9.17339032 -6.30227937
v 6.00000000 -8.57995792 -7.06382098
v 6.00000000 -7.92027551 -7.77107831
v 6.00000000 -7.19943952 -8.41833403
v 6.00000000 -6.42327705 -9.00058772
v 6.00000000 -5.59816127 -9.51364691
v 6.00000000 -4.73079021 -9.95410317
v 6.00000000 -3.82799392 -10.31920802
v 6.00000000 -2.89662097 -10.60669827
v 6.00000000 -1.94352345 -10.81463858
v 6.00000000 -0.97562167 -10.94134348
v 6.00000000 -0.00000000 -10.98541321
v 6.00000000 0.97602594 -10.94587730
v 6.00000000 1.94491856 -10.82240161
v 6.00000000 2.89902204 -10.61549039
v 6.00000000 3.83074176 -10.32661543
v 6.00000000 4.73275053 -9.95822790
v 6.00000000 5.59816127 -9.51364691
v 6.00000000 6.42061651 -8.99685965
v 6.00000000 7.19427528 -8.41229546
v 6.00000000 7.91371567 -7.76464203
v 6.00000000 8.57380341 -7.05875401
v 6.00000000 9.16959067 -6.29966895
v 6.00000000 9.69629975 -5.49270660
v 6.00000000 10.14941626 -4.64359793
v 6.00000000 10.52487648 -3.75858064
v 6.00000000 10.81929756 -2.84441208
v 6.00000000 11.03018128 -1.90828140
v 6.00000000 11.15602758 -0.95764018
v 6.00000000 11.19632254 -0.00000000
v 6.00000000 11.15140672 0.95724352
v 6.00000000 11.02226920 1.90691257
v 6.00000000 10.81033664 2.84205624
v 6.00000000 10.51732686 3.75588456
v 6.00000000 10.14521234 4.64167454
v 6.00000000 9.69629975 5.49270660
v 6.00000000 9.17339032 6.30227937
v 6.00000000 8.57995792 7.06382098
v 6.00000000 7.92027551 7.77107831
v 6.00000000 7.19943952 8.41833403
v 6.00000000 6.42327705 9.00058772
v 6.00000000 5.59816127 9.51364691
v 6.00000000 4.73079021 9.95410317
v 6.00000000 3.82799392 10.31920802
v 6.00000000 2.89662097 10.60669827
v 6.00000000 1.94352345 10.81463858
v 6.00000000 0.97562167 10.94134348
v 8.00000000 0.00000000 10.99414407
v 8.00000000 -0.97648338 10.95422902
v 8.00000000 -1.94578489 10.83040753
v 8.00000000 -2.90028870 10.62325293
v 8.00000000 -3.83244809 10.33425459
v 8.00000000 -4.73496863 9.96582604
v 8.00000000 -5.60096275 9.52120805
v 8.00000000 -6.42403356 9.00429599
v 8.00000000 -7.19827145 8.41944441
v 8.00000000 -7.91817887 7.77130676
v 8.00000000 -8.57856586 7.06475270
v 8.00000000 -9.17447072 6.30487593
v 8.00000000 -9.70115205 5.49707203
v 8.00000000 -10.15417299 4.64714100
v 8.00000000 -10.52956457 3.76136106
v 8.00000000 -10.82402478 2.84649204
v 8.00000000 -11.03509446 1.90969306
v 8.00000000 -11.16125608 0.95837086
v 8.00000000 -11.20192549 0.00000000
v 8.00000000 -11.15734149 -0.95803473
v 8.00000000 -11.02839169 -1.90853310
v 8.00000000 -10.81643349 -2.84449569
v 8.00000000 -10.52316887 -3.75907640
v 8.00000000 -10.15061162 -4.64551111
v 8.00000000 -9.70115205 -5.49707203
v 8.00000000 -9.17768961 -6.30708802
v 8.00000000 -8.58377969 -7.06904647
v 8.00000000 -7.92373608 -7.77676089
v 8.00000000 -7.20264637 -8.42456153
v 8.00000000 -6.42628745 -9.00745518
v 8.00000000 -5.60096275 -9.52120805
v 8.00000000 -4.73330793 -9.96233072
v 8.00000000 -3.83012024 -10.32797752
v 8.00000000 -2.89825462 -10.61580245
v 8.00000000 -1.94460301 -10.82382910
v 8.00000000 -0.97614090 -10.95038704
v 8.00000000 -0.00000000 -10.99414407
v 8.00000000 0.97648338 -10.95422902
v 8.00000000 1.94578489 -10.83040753
v 8.00000000 2.90028870 -10.62325293
v 8.00000000 3.83244809 -10.33425459
v 8.00000000 4.73496863 -9.96582604
v 8.00000000 5.60096275 -9.52120805
v 8.00000000 6.42403356 -9.00429599
v 8.00000000 7.19827145 -8.41944441
v 8.00000000 7.91817887 -7.77130676
v 8.00000000 8.57856586 -7.06475270
v 8.00000000 9.17447072 -6.30487593
v 8.00000000 9.70115205 -5.49707203
v 8.00000000 10.15417299 -4.64714100
v 8.00000000 10.52956457 -3.76136106
v 8.00000000 10.82402478 -2.84649204
v 8.00000000 11.03509446 -1.90969306
v 8.00000000 11.16125608 -0.95837086
v 8.00000000 11.20192549 -0.00000000
v 8.00000000 11.15734149 0.95803473
v 8.00000000 11.02839169 1.90853310
v 8.00000000 10.81643349 2.84449569
v 8.00000000 10.52316887 3.75907640
v 8.00000000 10.15061162 4.64551111
v 8.00000000 9.70115205 5.49707203
v 8.00000000 9.17768961 6.30708802
v 8.00000000 8.58377969 7.06904647
v 8.00000000 7.92373608 7.77676089
v 8.00000000 7.20264637 8.42456153
v 8.00000000 6.42628745 9.00745518
v 8.00000000 5.60096275 9.52120805
v 8.00000000 4.73330793 9.96233072
v 8.00000000 3.83012024 10.32797752
v 8.00000000 2.89825462 10.61580245
v 8.00000000 1.94460301 10.82382910
v 8.00000000 0.97614090 10.95038704
v 10.00000000 0.00000000 11.01015710
v 10.00000000 -0.97703699 10.96954524
v 10.00000000 -1.94680508 10.84508851
v 10.00000000 -2.90176410 10.63748722
v 10.00000000 -3.83445748 10.34826301
v 10.00000000 -4.73765309 9.97976027
v 10.00000000 -5.60446447 9.53507574
v 10.00000000 -6.42842423 9.01793597
v 10.00000000 -7.20349847 8.43255802
v 10.00000000 -7.92405235 7.78353238
v 10.00000000 -8.58479518 7.07575633
v 10.00000000 -9.18074125 6.31442674
v 10.00000000 -9.70721721 5.50507855
v 10.00000000 -10.15992984 4.65363864
v 10.00000000 -10.53508535 3.76645971
v 10.00000000 -10.82953107 2.85030611
v 10.00000000 -11.04088028 1.91228171
v 10.00000000 -11.16758389 0.95971085
v 10.00000000 -11.20892893 0.00000000
v 10.00000000 -11.16496726 -0.95948599
v 10.00000000 -11.03639995 -1.91150572
v 10.00000000 -10.82445682 -2.84897058
v 10.00000000 -10.53081026 -3.76493130
v 10.00000000 -10.15754931 -4.65254827
v 10.00000000 -9.70721721 -5.50507855
v 10.00000000 -9.18289285 -6.31590660
v 10.00000000 -8.58828026 -7.07862880
v 10.00000000 -7.92776696 -7.78718111
v 10.00000000 -7.20642280 -8.43598130
v 10.00000000 -6.42993080 -9.02004942
v 10.00000000 -5.60446447 -9.53507574
v 10.00000000 -4.73654303 -9.97742196
v 10.00000000 -3.83290148 -10.34406374
v 10.00000000 -2.90040446 -10.63250296
v 10.00000000 -1.94601508 -10.84068763
v 10.00000000 -0.97680806 -10.96697501
v 10.00000000 -0.00000000 -11.01015710
v 10.00000000 0.97703699 -10.96954524
v 10.00000000 1.94680508 -10.84508851
v 10.00000000 2.90176410 -10.63748722
v 10.00000000 3.83445748 -10.34826301
v 10.00000000 4.73765309 -9.97976027
v 10.00000000 5.60446447 -9.53507574
v 10.00000000 6.42842423 -9.01793597
v 10.00000000 7.20349847 -8.43255802
v 10.00000000 7.92405235 -7.78353238
v 10.00000000 8.58479518 -7.07575633
v 10.00000000 9.18074125 -6.31442674
v 10.00000000 9.70721721 -5.50507855
v 10.00000000 10.15992984 -4.65363864
v 10.00000000 10.53508535 -3.76645971
v 10.00000000 10.82953107 -2.85030611
v 10.00000000 11.04088028 -1.91228171
v 10.00000000 11.16758389 -0.95971085
v 10.00000000 11.20892893 -0.00000000
v 10.00000000 11.16496726 0.95948599
v 10.00000000 11.03639995 1.91150572
v 10.00000000 10.82445682 2.84897058
v 10.00000000 10.53081026 3.76493130
v 10.00000000 10.15754931 4.65254827
v 10.00000000 9.70721721 5.50507855
v 10.00000000 9.18289285 6.31590660
v 10.00000000 8.58828026 7.07862880
v 10.00000000 7.92776696 7.78718111
v 10.00000000 7.20642280 8.43598130
v 10.00000000 6.42993080 9.02004942
v 10.00000000 5.60446447 9.53507574
v 10.00000000 4.73654303 9.97742196
v 10.00000000 3.83290148 10.34406374
v 10.00000000 2.90040446 10.63250296
v 10.00000000 1.94601508 10.84068763
v 10.00000000 0.97680806 10.96697501
v 12.00000000 0.00000000 11.03109698
v 12.00000000 -0.97625131 10.98957111
v 12.00000000 -1.94513116 10.86428169
v 12.00000000 -2.89920994 10.65609565
v 12.00000000 -3.83116049 10.36657694
v 12.00000000 -4.73384331 9.99797921
v 12.00000000 -5.60038403 9.55321021
v 12.00000000 -6.42423309 9.03577496
v 12.00000000 -7.19920338 8.44971013
v 12.00000000 -7.91948926 7.79952353
v 12.00000000 -8.57967649 7.09014866
v 12.00000000 -9.17475568 6.32691774
v 12.00000000 -9.70014969 5.51554849
v 12.00000000 -10.15175974 4.66213427
v 12.00000000 -10.52602694 3.77312544
v 12.00000000 -10.81999878 2.85529222
v 12.00000000 -11.03138697 1.91566599
v 12.00000000 -11.15860349 0.96146289
v 12.00000000 -11.20076807 0.00000000
v 12.00000000 -11.15768804 -0.96138401
v 12.00000000 -11.02981949 -1.91539379
v 12.00000000 -10.81822352 -2.85482375
v 12.00000000 -10.52453126 -3.77258930
v 12.00000000 -10.15092690 -4.66175179
v 12.00000000 -9.70014969 -5.51554849
v 12.00000000 -9.17550844 -6.32743684
v 12.00000000 -8.58089578 -7.09115626
v 12.00000000 -7.92078885 -7.80080343
v 12.00000000 -7.20022648 -8.45091095
v 12.00000000 -6.42476018 -9.03651632
v 12.00000000 -5.60038403 -9.55321021
v 12.00000000 -4.73345495 -9.99715897
v 12.00000000 -3.83061611 -10.36510392
v 12.00000000 -2.89873425 -10.65434727
v 12.00000000 -1.94485477 -10.86273796
v 12.00000000 -0.97617121 -10.98866953
v 12.00000000 -0.00000000 -11.03109698
v 12.00000000 0.97625131 -10.98957111
v 12.00000000 1.94513116 -10.86428169
v 12.00000000 2.89920994 -10.65609565
v 12.00000000 3.83116049 -10.36657694
v 12.00000000 4.73384331 -9.99797921
v 12.00000000 5.60038403 -9.55321021
v 12.00000000 6.42423309 -9.03577496
v 12.00000000 7.19920338 -8.44971013
v 12.00000000 7.91948926 -7.79952353
v 12.00000000 8.57967649 -7.09014866
v 12.00000000 9.17475568 -6.32691774
v 12.00000000 9.70014969 -5.51554849
v 12.00000000 10.15175974 -4.66213427
v 12.00000000 10.52602694 -3.77312544
v 12.00000000 10.81999878 -2.85529222
v 12.00000000 11.03138697 -1.91566599
v 12.00000000 11.15860349 -0.96146289
v 12.00000000 11.20076807 -0.00000000
v 12.00000000 11.15768804 0.96138401
v 12.00000000 11.02981949 1.91539379
v 12.00000000 10.81822352 2.85482375
v 12.00000000 10.52453126 3.77258930
v 12.00000000 10.15092690 4.66175179
v 12.00000000 9.70014969 5.51554849
v 12.00000000 9.17550844 6.32743684
v 12.00000000 8.58089578 7.09115626
v 12.00000000 7.92078885 7.80080343
v 12.00000000 7.20022648 8.45091095
v 12.00000000 6.42476018 9.03651632
v 12.00000000 5.60038403 9.55321021
v 12.00000000 4.73345495 9.99715897
v 12.00000000 3.83061611 10.36510392
v 12.00000000 2.89873425 10.65434727
v 12.00000000 1.94485477 10.86273796
v 12.00000000 0.97617121 10.98866953
v 14.00000000 0.00000000 11.05431568
v 14.00000000 -0.97491841 11.01272871
v 14.00000000 -1.94247883 10.88719431
v 14.00000000 -2.89525850 10.67857604
v 14.00000000 -3.82593641 10.38843990
v 14.00000000 -4.72738010 10.01904729
v 14.00000000 -5.59272435 9.57331820
v 14.00000000 -6.41543130 9.05477220
v 14.00000000 -7.18932724 8.46746039
v 14.00000000 -7.90861994 7.81590294
v 14.00000000 -8.56790657 7.10504289
v 14.00000000 -9.16218543 6.34021975
v 14.00000000 -9.68688273 5.52715784
v 14.00000000 -10.13789933 4.67195848
v 14.00000000 -10.51167391 3.78108290
v 14.00000000 -10.80525182 2.86131583
v 14.00000000 -11.01634485 1.91970610
v 14.00000000 -11.14336841 0.96348892
v 14.00000000 -11.18544871 0.00000000
v 14.00000000 -11.14240098 -0.96340527
v 14.00000000 -11.01468837 -1.91941744
v 14.00000000 -10.80337575 -2.86081903
v 14.00000000 -10.51009331 -3.78051436
v 14.00000000 -10.13701920 -4.67155288
v 14.00000000 -9.68688273 -5.52715784
v 14.00000000 -9.16298092 -6.34077023
v 14.00000000 -8.56919508 -7.10611141
v 14.00000000 -7.90999332 -7.81726021
v 14.00000000 -7.19040843 -8.46873380
v 14.00000000 -6.41598831 -9.05555837
v 14.00000000 -5.59272435 -9.57331820
v 14.00000000 -4.72696968 -10.01817747
v 14.00000000 -3.82536113 -10.38687784
v 14.00000000 -2.89475581 -10.67672197
v 14.00000000 -1.94218674 -10.88555725
v 14.00000000 -0.97483377 -11.01177263
v 14.00000000 -0.00000000 -11.05431568
v 14.00000000 0.97491841 -11.01272871
v 14.00000000 1.94247883 -10.88719431
v 14.00000000 2.89525850 -10.67857604
v 14.00000000 3.82593641 -10.38843990
v 14.00000000 4.72738010 -10.01904729
v 14.00000000 5.59272435 -9.57331820
v 14.00000000 6.41543130 -9.05477220
v 14.00000000 7.18932724 -8.46746039
v 14.00000000 7.90861994 -7.81590294
v 14.00000000 8.56790657 -7.10504289
v 14.00000000 9.16218543 -6.34021975
v 14.00000000 9.68688273 -5.52715784
v 14.00000000 10.13789933 -4.67195848
v 14.00000000 10.51167391 -3.78108290
v 14.00000000 10.80525182 -2.86131583
v 14.00000000 11.01634485 -1.91970610
v 14.00000000 11.14336841 -0.96348892
v 14.00000000 11.18544871 -0.00000000
v 14.00000000 11.14240098 0.96340527
v 14.00000000 11.01468837 1.91941744
v 14.00000000 10.80337575 2.86081903
v 14.00000000 10.51009331 3.78051436
v 14.00000000 10.13701920 4.67155288
v 14.00000000 9.68688273 5.52715784
v 14.00000000 9.16298092 6.34077023
v 14.00000000 8.56919508 7.10611141
v 14.00000000 7.90999332 7.81726021
v 14.00000000 7.19040843 8.46873380
v 14.00000000 6.41598831 9.05555837
v 14.00000000 5.59272435 9.57331820
v 14.00000000 4.72696968 10.01817747
v 14.00000000 3.82536113 10.38687784
v 14.00000000 2.89475581 10.67672197
v 14.00000000 1.94218674 10.88555725
v 14.00000000 0.97483377 11.01177263
v 16.00000000 0.00000000 11.07348380
v 16.00000000 -0.97548762 11.03259363
v 16.00000000 -1.94371211 10.90738921
v 16.00000000 -2.89715079 10.69858372
v 16.00000000 -3.82836550 10.40770965
v 16.00000000 -4.73014020 10.03711979
v 16.00000000 -5.59559968 9.58991827
v 16.00000000 -6.41828218 9.06984086
v 16.00000000 -7.19215495 8.48111881
v 16.00000000 -7.91158276 7.82836411
v 16.00000000 -8.57127650 7.11650367
v 16.00000000 -9.16625690 6.35077094
v 16.00000000 -9.69186295 5.53674190
v 16.00000000 -10.14381839 4.68038582
v 16.00000000 -10.51834777 3.78809652
v 16.00000000 -10.81231395 2.86667687
v 16.00000000 -11.02333913 1.92326701
v 16.00000000 -11.14987452 0.96522687
v 16.00000000 -11.19119936 0.00000000
v 16.00000000 -11.14735243 -0.96500854
v 16.00000000 -11.01902067 -1.92251356
v 16.00000000 -10.80742303 -2.86538014
v 16.00000000 -10.51422715 -3.78661251
v 16.00000000 -10.14152387 -4.67932712
v 16.00000000 -9.69186295 -5.53674190
v 16.00000000 -9.16833077 -6.35220780
v 16.00000000 -8.57463566 -7.11929269
v 16.00000000 -7.91516316 -7.83190685
v 16.00000000 -7.19497362 -8.48444264
v 16.00000000 -6.41973432 -9.07189291
v 16.00000000 -5.59559968 -9.58991827
v 16.00000000 -4.72907024 -10.03484940
v 16.00000000 -3.82686572 -10.40363237
v 16.00000000 -2.89584027 -10.69374425
v 16.00000000 -1.94295065 -10.90311618
v 16.00000000 -0.97526697 -11.03009807
v 16.00000000 -0.00000000 -11.07348380
v 16.00000000 0.97548762 -11.03259363
v 16.00000000 1.94371211 -10.90738921
v 16.00000000 2.89715079 -10.69858372
v 16.00000000 3.82836550 -10.40770965
v 16.00000000 4.73014020 -10.03711979
v 16.00000000 5.59559968 -9.58991827
v 16.00000000 6.41828218 -9.06984086
v 16.00000000 7.19215495 -8.48111881
v 16.00000000 7.91158276 -7.82836411
v 16.00000000 8.57127650 -7.11650367
v 16.00000000 9.16625690 -6.35077094
v 16.00000000 9.69186295 -5.53674190
v 16.00000000 10.14381839 -4.68038582
v 16.00000000 10.51834777 -3.78809652
v 16.00000000 10.81231395 -2.86667687
v 16.00000000 11.02333913 -1.92326701
v 16.00000000 11.14987452 -0.96522687
v 16.00000000 11.19119936 -0.00000000
v 16.00000000 11.14735243 0.96500854
v 16.00000000 11.01902067 1.92251356
v 16.00000000 10.80742303 2.86538014
v 16.00000000 10.51422715 3.78661251
v 16.00000000 10.14152387 4.67932712
v 16.00000000 9.69186295 5.53674190
v 16.00000000 9.16833077 6.35220780
v 16.00000000 8.57463566 7.11929269
v 16.00000000 7.91516316 7.83190685
v 16.00000000 7.19497362 8.48444264
v 16.00000000 6.41973432 9.07189291
v 16.00000000 5.59559968 9.58991827
v 16.00000000 4.72907024 10.03484940
v 16.00000000 3.82686572 10.40363237
v 16.00000000 2.89584027 10.69374425
v 16.00000000 1.94295065 10.90311618
v 16.00000000 0.97526697 11.03009807
v 18.00000000 0.00000000 11.09283786
v 18.00000000 -0.97218207 11.05265395
v 18.00000000 -1.93722538 10.92778464
v 18.00000000 -2.88753659 10.71879073
v 18.00000000 -3.81558915 10.42717074
v 18.00000000 -4.71411158 10.05537006
v 18.00000000 -5.57624595 9.60667939
v 18.00000000 -6.39563281 9.08505348
v 18.00000000 -7.16640530 8.49490613
v 18.00000000 -7.88310863 7.84094234
v 18.00000000 -8.54058926 7.12807260
v 18.00000000 -9.13391025 6.36142293
v 18.00000000 -9.65834130 5.54641893
v 18.00000000 -10.10944491 4.68889606
v 18.00000000 -10.48324502 3.79517978
v 18.00000000 -10.77643326 2.87209132
v 18.00000000 -10.98655108 1.92686327
v 18.00000000 -11.11209190 0.96698192
v 18.00000000 -11.15249190 0.00000000
v 18.00000000 -11.10801471 -0.96662712
v 18.00000000 -10.97956991 -1.92563889
v 18.00000000 -10.76852666 -2.86998408
v 18.00000000 -10.47658367 -3.79276821
v 18.00000000 -10.10573561 -4.68717564
v 18.00000000 -9.65834130 -5.54641893
v 18.00000000 -9.13726284 -6.36375788
v 18.00000000 -8.54601964 -7.13260486
v 18.00000000 -7.88889667 -7.84669941
v 18.00000000 -7.17096193 -8.50030747
v 18.00000000 -6.39798032 -9.08838814
v 18.00000000 -5.57624595 -9.60667939
v 18.00000000 -4.71238190 -10.05168060
v 18.00000000 -3.81316461 -10.42054502
v 18.00000000 -2.88541802 -10.71092642
v 18.00000000 -1.93599441 -10.92084081
v 18.00000000 -0.97182536 -11.04859858
v 18.00000000 -0.00000000 -11.09283786
v 18.00000000 0.97218207 -11.05265395
v 18.00000000 1.93722538 -10.92778464
v 18.00000000 2.88753659 -10.71879073
v 18.00000000 3.81558915 -10.42717074
v 18.00000000 4.71411158 -10.05537006
v 18.00000000 5.57624595 -9.60667939
v 18.00000000 6.39563281 -9.08505348
v 18.00000000 7.16640530 -8.49490613
v 18.00000000 7.88310863 -7.84094234
v 18.00000000 8.54058926 -7.12807260
v 18.00000000 9.13391025 -6.36142293
v 18.00000000 9.65834130 -5.54641893
v 18.00000000 10.10944491 -4.68889606
v 18.00000000 10.48324502 -3.79517978
v 18.00000000 10.77643326 -2.87209132
v 18.00000000 10.98655108 -1.92686327
v 18.00000000 11.11209190 -0.96698192
v 18.00000000 11.15249190 -0.00000000
v 18.00000000 11.10801471 0.96662712
v 18.00000000 10.97956991 1.92563889
v 18.00000000 10.76852666 2.86998408
v 18.00000000 10.47658367 3.79276821
v 18.00000000 10.10573561 4.68717564
v 18.00000000 9.65834130 5.54641893
v 18.00000000 9.13726284 6.36375788
v 18.00000000 8.54601964 7.13260486
v 18.00000000 7.88889667 7.84669941
v 18.00000000 7.17096193 8.50030747
v 18.00000000 6.39798032 9.08838814
v 18.00000000 5.57624595 9.60667939
v 18.00000000 4.71238190 10.05168060
v 18.00000000 3.81316461 10.42054502
v 18.00000000 2.88541802 10.71092642
v 18.00000000 1.93599441 10.92084081
v 18.00000000 0.97182536 11.04859858
v 20.00000000 0.00000000 11.10930715
v 20.00000000 -0.97054521 11.06972636
v 20.00000000 -1.93404842 10.94514373
v 20.00000000 -2.88284739 10.73598997
v 20.00000000 -3.80933177 10.44373460
v 20.00000000 -4.70617446 10.07090203
v 20.00000000 -5.56652395 9.62094221
v 20.00000000 -6.38409981 9.09799686
v 20.00000000 -7.15316860 8.50663557
v 20.00000000 -7.86842178 7.85164271
v 20.00000000 -8.52481437 7.13791477
v 20.00000000 -9.11743941 6.37048598
v 20.00000000 -9.64150230 5.55465357
v 20.00000000 -10.09242369 4.69613874
v 20.00000000 -10.46605301 3.80120853
v 20.00000000 -10.75893294 2.87669984
v 20.00000000 -10.96853367 1.92992415
v 20.00000000 -11.09338253 0.96847557
v 20.00000000 -11.13304790 0.00000000
v 20.00000000 -11.08798405 -0.96800427
v 20.00000000 -10.95929011 -1.92829773
v 20.00000000 -10.74846404 -2.87390069
v 20.00000000 -10.45723291 -3.79800512
v 20.00000000 -10.08751232 -4.69385341
v 20.00000000 -9.64150230 -5.55465357
v 20.00000000 -9.12187848 -6.37358762
v 20.00000000 -8.53200459 -7.14393521
v 20.00000000 -7.87608555 -7.85929013
v 20.00000000 -7.15920190 -8.51381045
v 20.00000000 -6.38720808 -9.10242646
v 20.00000000 -5.56652395 -9.62094221
v 20.00000000 -4.70388425 -10.06600113
v 20.00000000 -3.80612151 -10.43493330
v 20.00000000 -2.88004226 -10.72554340
v 20.00000000 -1.93241854 -10.93591988
v 20.00000000 -0.97007291 -11.06433940
v 20.00000000 -0.00000000 -11.10930715
v 20.00000000 0.97054521 -11.06972636
v 20.00000000 1.93404842 -10.94514373
v 20.00000000 2.88284739 -10.73598997
v 20.00000000 3.80933177 -10.44373460
v 20.00000000 4.70617446 -10.07090203
v 20.00000000 5.56652395 -9.62094221
v 20.00000000 6.38409981 -9.09799686
v 20.00000000 7.15316860 -8.50663557
v 20.00000000 7.86842178 -7.85164271
v 20.00000000 8.52481437 -7.13791477
v 20.00000000 9.11743941 -6.37048598
v 20.00000000 9.64150230 -5.55465357
v 20.00000000 10.09242369 -4.69613874
v 20.00000000 10.46605301 -3.80120853
v 20.00000000 10.75893294 -2.87669984
v 20.00000000 10.96853367 -1.92992415
v 20.00000000 11.09338253 -0.96847557
v 20.00000000 11.13304790 -0.00000000
v 20.00000000 11.08798405 0.96800427
v 20.00000000 10.95929011 1.92829773
v 20.00000000 10.74846404 2.87390069
v 20.00000000 10.45723291 3.79800512
v 20.00000000 10.08751232 4.69385341
v 20.00000000 9.64150230 5.55465357
v 20.00000000 9.12187848 6.37358762
v 20.00000000 8.53200459 7.14393521
v 20.00000000 7.87608555 7.85929013
v 20.00000000 7.15920190 8.51381045
v 20.00000000 6.38720808 9.10242646
v 20.00000000 5.56652395 9.62094221
v 20.00000000 4.70388425 10.06600113
v 20.00000000 3.80612151 10.43493330
v 20.00000000 2.88004226 10.72554340
v 20.00000000 1.93241854 10.93591988
v 20.00000000 0.97007291 11.06433940
v 22.00000000 0.00000000 11.11008252
v 22.00000000 -0.96904620 11.07053018
v 22.00000000 -1.93106525 10.94596109
v 22.00000000 -2.87840292 10.73679981
v 22.00000000 -3.80345606 10.44451450
v 22.00000000 -4.69890573 10.07163332
v 22.00000000 -5.55791074 9.62161370
v 22.00000000 -6.37420356 9.09860620
v 22.00000000 -7.14206543 8.50718772
v 22.00000000 -7.85620246 7.85214641
v 22.00000000 -8.51158214 7.13837808
v 22.00000000 -9.10330611 6.37091265
v 22.00000000 -9.62658378 5.55504126
v 22.00000000 -10.07683585 4.69647975
v 22.00000000 -10.44990965 3.80149239
v 22.00000000 -10.74234594 2.87691684
v 22.00000000 -10.95161526 1.93006827
v 22.00000000 -11.07624870 0.96854589
v 22.00000000 -11.11582147 0.00000000
v 22.00000000 -11.07079613 -0.96806910
v 22.00000000 -10.94227908 -1.92842290
v 22.00000000 -10.73177214 -2.87408506
v 22.00000000 -10.44100117 -3.79825164
v 22.00000000 -10.07187527 -4.69416778
v 22.00000000 -9.62658378 -5.55504126
v 22.00000000 -9.10778965 -6.37405044
v 22.00000000 -8.51884440 -7.14446869
v 22.00000000 -7.86394302 -7.85988297
v 22.00000000 -7.14815919 -8.51444623
v 22.00000000 -6.37734297 -9.10308743
v 22.00000000 -5.55791074 -9.62161370
v 22.00000000 -4.69659257 -10.06667529
v 22.00000000 -3.80021364 -10.43561062
v 22.00000000 -2.87556968 -10.72623147
v 22.00000000 -1.92941903 -10.93662973
v 22.00000000 -0.96856916 -11.06508043
v 22.00000000 -0.00000000 -11.11008252
v 22.00000000 0.96904620 -11.07053018
v 22.00000000 1.93106525 -10.94596109
v 22.00000000 2.87840292 -10.73679981
v 22.00000000 3.80345606 -10.44451450
v 22.00000000 4.69890573 -10.07163332
v 22.00000000 5.55791074 -9.62161370
v 22.00000000 6.37420356 -9.09860620
v 22.00000000 7.14206543 -8.50718772
v 22.00000000 7.85620246 -7.85214641
v 22.00000000 8.51158214 -7.13837808
v 22.00000000 9.10330611 -6.37091265
v 22.00000000 9.62658378 -5.55504126
v 22.00000000 10.07683585 -4.69647975
v 22.00000000 10.44990965 -3.80149239
v 22.00000000 10.74234594 -2.87691684
v 22.00000000 10.95161526 -1.93006827
v 22.00000000 11.07624870 -0.96854589
v 22.00000000 11.11582147 -0.00000000
v 22.00000000 11.07079613 0.96806910
v 22.00000000 10.94227908 1.92842290
v 22.00000000 10.73177214 2.87408506
v 22.00000000 10.44100117 3.79825164
v 22.00000000 10.07187527 4.69416778
v 22.00000000 9.62658378 5.55504126
v 22.00000000 9.10778965 6.37405044
v 22.00000000 8.51884440 7.14446869
v 22.00000000 7.86394302 7.85988297
v 22.00000000 7.14815919 8.51444623
v 22.00000000 6.37734297 9.10308743
v 22.00000000 5.55791074 9.62161370
v 22.00000000 4.69659257 10.06667529
v 22.00000000 3.80021364 10.43561062
v 22.00000000 2.87556968 10.72623147
v 22.00000000 1.92941903 10.93662973
v 22.00000000 0.96856916 11.06508043
v 24.00000000 0.00000000 11.10230820
v 24.00000000 -0.96703673 11.06247086
v 24.00000000 -1.92702104 10.93776623
v 24.00000000 -2.87235297 10.72868035
v 24.00000000 -3.79549052 10.43669507
v 24.00000000 -4.68916184 10.06430119
v 24.00000000 -5.54654233 9.61488094
v 24.00000000 -6.36134535 9.09249651
v 24.00000000 -7.12780588 8.50165123
v 24.00000000 -7.84057653 7.84709571
v 24.00000000 -8.49458826 7.13373241
v 24.00000000 -9.08494268 6.36663460
v 24.00000000 -9.60689313 5.55115410
v 24.00000000 -10.05594001 4.69306072
v 24.00000000 -10.42802451 3.79864635
v 24.00000000 -10.71976722 2.87474124
v 24.00000000 -10.92867940 1.92862330
v 24.00000000 -11.05328043 0.96784079
v 24.00000000 -11.09308467 0.00000000
v 24.00000000 -11.04846383 -0.96741904
v 24.00000000 -10.92043217 -1.92716788
v 24.00000000 -10.71042673 -2.87223638
v 24.00000000 -10.42015510 -3.79577973
v 24.00000000 -10.05155802 -4.69101566
v 24.00000000 -9.60689313 -5.55115410
v 24.00000000 -9.08890328 -6.36941014
v 24.00000000 -8.50100347 -7.13911989
v 24.00000000 -7.84741425 -7.85393911
v 24.00000000 -7.13318888 -8.50807177
v 24.00000000 -6.36411859 -9.09646040
v 24.00000000 -5.54654233 -9.61488094
v 24.00000000 -4.68711848 -10.05991556
v 24.00000000 -3.79262629 -10.42881911
v 24.00000000 -2.86985019 -10.71933209
v 24.00000000 -1.92556683 -10.92951215
v 24.00000000 -0.96661533 -11.05765026
v 24.00000000 -0.00000000 -11.10230820
v 24.00000000 0.96703673 -11.06247086
v 24.00000000 1.92702104 -10.93776623
v 24.00000000 2.87235297 -10.72868035
v 24.00000000 3.79549052 -10.43669507
v 24.00000000 4.68916184 -10.06430119
v 24.00000000 5.54654233 -9.61488094
v 24.00000000 6.36134535 -9.09249651
v 24.00000000 7.12780588 -8.50165123
v 24.00000000 7.84057653 -7.84709571
v 24.00000000 8.49458826 -7.13373241
v 24.00000000 9.08494268 -6.36663460
v 24.00000000 9.60689313 -5.55115410
v 24.00000000 10.05594001 -4.69306072
v 24.00000000 10.42802451 -3.79864635
v 24.00000000 10.71976722 -2.87474124
v 24.00000000 10.92867940 -1.92862330
v 24.00000000 11.05328043 -0.96784079
v 24.00000000 11.09308467 -0.00000000
v 24.00000000 11.04846383 0.96741904
v 24.00000000 10.92043217 1.92716788
v 24.00000000 10.71042673 2.87223638
v 24.00000000 10.42015510 3.79577973
v 24.00000000 10.05155802 4.69101566
v 24.00000000 9.60689313 5.55115410
v 24.00000000 9.08890328 6.36941014
v 24.00000000 8.50100347 7.13911989
v 24.00000000 7.84741425 7.85393911
v 24.00000000 7.13318888 8.50807177
v 24.00000000 6.36411859 9.09646040
v 24.00000000 5.54654233 9.61488094
v 24.00000000 4.68711848 10.05991556
v 24.00000000 3.79262629 10.42881911
v 24.00000000 2.86985019 10.71933209
v 24.00000000 1.92556683 10.92951215
v 24.00000000 0.96661533 11.05765026
v 26.00000000 0.00000000 11.09557346
v 26.00000000 -0.96635198 11.05548960
v 26.00000000 -1.92562202 10.93066781
v 26.00000000 -2.87024881 10.72164731
v 26.00000000 -3.79273499 10.42992183
v 26.00000000 -4.68584146 10.05794985
v 26.00000000 -5.54275056 9.60904849
v 26.00000000 -6.35715227 9.08720353
v 26.00000000 -7.12323536 8.49685461
v 26.00000000 -7.83560042 7.84271990
v 26.00000000 -8.48914133 7.12970757
v 26.00000000 -9.07895434 6.36292841
v 26.00000000 -9.60032558 5.54778673
v 26.00000000 -10.04881943 4.69009904
v 26.00000000 -10.42045374 3.79618109
v 26.00000000 -10.71191441 2.87285674
v 26.00000000 -10.92074516 1.92737165
v 26.00000000 -11.04545363 0.96723001
v 26.00000000 -11.08550111 0.00000000
v 26.00000000 -11.04118123 -0.96685588
v 26.00000000 -10.91342972 -1.92608057
v 26.00000000 -10.70362923 -2.87063472
v 26.00000000 -10.41347344 -3.79363816
v 26.00000000 -10.04493253 -4.68828490
v 26.00000000 -9.60032558 -5.54778673
v 26.00000000 -9.08246745 -6.36539056
v 26.00000000 -8.49483172 -7.13448672
v 26.00000000 -7.84166559 -7.84879058
v 26.00000000 -7.12801017 -8.50255018
v 26.00000000 -6.35961218 -9.09071984
v 26.00000000 -5.54275056 -9.60904849
v 26.00000000 -4.68402896 -10.05405941
v 26.00000000 -3.79019437 -10.42293518
v 26.00000000 -2.86802881 -10.71335461
v 26.00000000 -1.92433211 -10.92334573
v 26.00000000 -0.96597819 -11.05121331
v 26.00000000 -0.00000000 -11.09557346
v 26.00000000 0.96635198 -11.05548960
v 26.00000000 1.92562202 -10.93066781
v 26.00000000 2.87024881 -10.72164731
v 26.00000000 3.79273499 -10.42992183
v 26.00000000 4.68584146 -10.05794985
v 26.00000000 5.54275056 -9.60904849
v 26.00000000 6.35715227 -9.08720353
v 26.00000000 7.12323536 -8.49685461
v 26.00000000 7.83560042 -7.84271990
v 26.00000000 8.48914133 -7.12970757
v 26.00000000 9.07895434 -6.36292841
v 26.00000000 9.60032558 -5.54778673
v 26.00000000 10.04881943 -4.69009904
v 26.00000000 10.42045374 -3.79618109
v 26.00000000 10.71191441 -2.87285674
v 26.00000000 10.92074516 -1.92737165
v 26.00000000 11.04545363 -0.96723001
v 26.00000000 11.08550111 -0.00000000
v 26.00000000 11.04118123 0.96685588
v 26.00000000 10.91342972 1.92608057
v 26.00000000 10.70362923 2.87063472
v 26.00000000 10.41347344 3.79363816
v 26.00000000 10.04493253 4.68828490
v 26.00000000 9.60032558 5.54778673
v 26.00000000 9.08246745 6.36539056
v 26.00000000 8.49483172 7.13448672
v 26.00000000 7.84166559 7.84879058
v 26.00000000 7.12801017 8.50255018
v 26.00000000 6.35961218 9.09071984
v 26.00000000 5.54275056 9.60904849
v 26.00000000 4.68402896 10.05405941
v 26.00000000 3.79019437 10.42293518
v 26.00000000 2.86802881 10.71335461
v 26.00000000 1.92433211 10.92334573
v 26.00000000 0.96597819 11.05121331
v 28.00000000 0.00000000 11.08666673
v 28.00000000 -0.96615486 11.04625733
v 28.00000000 -1.92518361 10.92128096
v 28.00000000 -2.86957045 10.71234706
v 28.00000000 -3.79187148 10.42096500
v 28.00000000 -4.68488564 10.04955061
v 28.00000000 -5.54179940 9.60133503
v 28.00000000 -6.35626725 9.08020311
v 28.00000000 -7.12241264 8.49051037
v 28.00000000 -7.83476347 7.83693213
v 28.00000000 -8.48816085 7.12438412
v 28.00000000 -9.07769041 6.35802667
v 28.00000000 -9.59867812 5.54333336
v 28.00000000 -10.04676967 4.68618241
v 28.00000000 -10.41808128 3.79292107
v 28.00000000 -10.70938271 2.87036474
v 28.00000000 -10.91825879 1.92571650
v 28.00000000 -11.04320058 0.96642229
v 28.00000000 -11.08359879 0.00000000
v 28.00000000 -11.03964413 -0.96611106
v 28.00000000 -10.91216925 -1.92464245
v 28.00000000 -10.70248593 -2.86851625
v 28.00000000 -10.41227071 -3.79080561
v 28.00000000 -10.04353412 -4.68467323
v 28.00000000 -9.59867812 -5.54333336
v 28.00000000 -9.08061481 -6.36007492
v 28.00000000 -8.49289767 -7.12835989
v 28.00000000 -7.83981226 -7.84198232
v 28.00000000 -7.12638731 -8.49524850
v 28.00000000 -6.35831494 -9.08312832
v 28.00000000 -5.54179940 -9.60133503
v 28.00000000 -4.68337687 -10.04631416
v 28.00000000 -3.78975661 -10.41515282
v 28.00000000 -2.86772246 -10.70544838
v 28.00000000 -1.92410986 -10.91518974
v 28.00000000 -0.96584371 -11.04269990
v 28.00000000 -0.00000000 -11.08666673
v 28.00000000 0.96615486 -11.04625733
v 28.00000000 1.92518361 -10.92128096
v 28.00000000 2.86957045 -10.71234706
v 28.00000000 3.79187148 -10.42096500
v 28.00000000 4.68488564 -10.04955061
v 28.00000000 5.54179940 -9.60133503
v 28.00000000 6.35626725 -9.08020311
v 28.00000000 7.12241264 -8.49051037
v 28.00000000 7.83476347 -7.83693213
v 28.00000000 8.48816085 -7.12438412
v 28.00000000 9.07769041 -6.35802667
v 28.00000000 9.59867812 -5.54333336
v 28.00000000 10.04676967 -4.68618241
v 28.00000000 10.41808128 -3.79292107
v 28.00000000 10.70938271 -2.87036474
v 28.00000000 10.91825879 -1.92571650
v 28.00000000 11.04320058 -0.96642229
v 28.00000000 11.08359879 -0.00000000
v 28.00000000 11.03964413 0.96611106
v 28.00000000 10.91216925 1.92464245
v 28.00000000 10.70248593 2.86851625
v 28.00000000 10.41227071 3.79080561
v 28.00000000 10.04353412 4.68467323
v 28.00000000 9.59867812 5.54333336
v 28.00000000 9.08061481 6.36007492
v 28.00000000 8.49289767 7.12835989
v 28.00000000 7.83981226 7.84198232
v 28.00000000 7.12638731 8.49524850
v 28.00000000 6.35831494 9.08312832
v 28.00000000 5.54179940 9.60133503
v 28.00000000 4.68337687 10.04631416
v 28.00000000 3.78975661 10.41515282
v 28.00000000 2.86772246 10.70544838
v 28.00000000 1.92410986 10.91518974
v 28.00000000 0.96584371 11.04269990
v 30.00000000 0.00000000 11.07667405
v 30.00000000 -0.96631460 11.03590011
v 30.00000000 -1.92545070 10.91075080
v 30.00000000 -2.86994064 10.70191421
v 30.00000000 -3.79239756 10.41091724
v 30.00000000 -4.68566020 10.04012793
v 30.00000000 -5.54291702 9.59268112
v 30.00000000 -6.35778018 9.07234861
v 30.00000000 -7.12429751 8.48339172
v 30.00000000 -7.83691320 7.83043773
v 30.00000000 -8.49040716 7.11841086
v 30.00000000 -9.07985110 6.35252689
v 30.00000000 -9.60061390 5.53833703
v 30.00000000 -10.04843073 4.68178854
v 30.00000000 -10.41952667 3.78926399
v 30.00000000 -10.71076429 2.86756927
v 30.00000000 -10.91977358 1.92385975
v 30.00000000 -11.04502638 0.96551615
v 30.00000000 -11.08583404 0.00000000
v 30.00000000 -11.04227180 -0.96527536
v 30.00000000 -10.91505704 -1.92302878
v 30.00000000 -10.70542252 -2.86613913
v 30.00000000 -10.41502621 -3.78762731
v 30.00000000 -10.04592470 -4.68062093
v 30.00000000 -9.60061390 -5.53833703
v 30.00000000 -9.08211613 -6.35411157
v 30.00000000 -8.49407597 -7.12148681
v 30.00000000 -7.84082365 -7.83434494
v 30.00000000 -7.12737601 -8.48705750
v 30.00000000 -6.35936618 -9.07461178
v 30.00000000 -5.54291702 -9.59268112
v 30.00000000 -4.68449162 -10.03762397
v 30.00000000 -3.79075953 -10.40642050
v 30.00000000 -2.86850932 -10.69657686
v 30.00000000 -1.92461905 -10.90603817
v 30.00000000 -0.96607360 -11.03314781
v 30.00000000 -0.00000000 -11.07667405
v 30.00000000 0.96631460 -11.03590011
v 30.00000000 1.92545070 -10.91075080
v 30.00000000 2.86994064 -10.70191421
v 30.00000000 3.79239756 -10.41091724
v 30.00000000 4.68566020 -10.04012793
v 30.00000000 5.54291702 -9.59268112
v 30.00000000 6.35778018 -9.07234861
v 30.00000000 7.12429751 -8.48339172
v 30.00000000 7.83691320 -7.83043773
v 30.00000000 8.49040716 -7.11841086
v 30.00000000 9.07985110 -6.35252689
v 30.00000000 9.60061390 -5.53833703
v 30.00000000 10.04843073 -4.68178854
v 30.00000000 10.41952667 -3.78926399
v 30.00000000 10.71076429 -2.86756927
v 30.00000000 10.91977358 -1.92385975
v 30.00000000 11.04502638 -0.96551615
v 30.00000000 11.08583404 -0.00000000
v 30.00000000 11.04227180 0.96527536
v 30.00000000 10.91505704 1.92302878
v 30.00000000 10.70542252 2.86613913
v 30.00000000 10.41502621 3.78762731
v 30.00000000 10.04592470 4.68062093
v 30.00000000 9.60061390 5.53833703
v 30.00000000 9.08211613 6.35411157
v 30.00000000 8.49407597 7.12148681
v 30.00000000 7.84082365 7.83434494
v 30.00000000 7.12737601 8.48705750
v 30.00000000 6.35936618 9.07461178
v 30.00000000 5.54291702 9.59268112
v 30.00000000 4.68449162 10.03762397
v 30.00000000 3.79075953 10.40642050
v 30.00000000 2.86850932 10.69657686
v 30.00000000 1.92461905 10.90603817
v 30.00000000 0.96607360 11.03314781
v 32.00000000 0.00000000 11.07024104
v 32.00000000 -0.96649043 11.02923280
v 32.00000000 -1.92576810 10.90397243
v 32.00000000 -2.87039574 10.69519857
v 32.00000000 -3.79302271 10.40444939
v 32.00000000 -4.68651282 10.03406221
v 32.00000000 -5.54405530 9.58710997
v 32.00000000 -6.35923458 9.06729178
v 32.00000000 -7.12604933 8.47880841
v 32.00000000 -7.83888940 7.82625627
v 32.00000000 -8.49249489 7.11456501
v 32.00000000 -9.08192819 6.34898606
v 32.00000000 -9.60258547 5.53512052
v 32.00000000 -10.05025918 4.67896005
v 32.00000000 -10.42124424 3.78690988
v 32.00000000 -10.71246274 2.86576982
v 32.00000000 -10.92157361 1.92266454
v 32.00000000 -11.04703618 0.96493284
v 32.00000000 -11.08811061 0.00000000
v 32.00000000 -11.04479782 -0.96473732
v 32.00000000 -10.91774098 -1.92198983
v 32.00000000 -10.70812206 -2.86460861
v 32.00000000 -10.41758719 -3.78558097
v 32.00000000 -10.04822279 -4.67801200
v 32.00000000 -9.60258547 -5.53512052
v 32.00000000 -9.08376875 -6.35027275
v 32.00000000 -8.49547614 -7.11706255
v 32.00000000 -7.84206700 -7.82942875
v 32.00000000 -7.12855090 -8.48178486
v 32.00000000 -6.36052335 -9.06912937
v 32.00000000 -5.54405530 -9.58710997
v 32.00000000 -4.68556324 -10.03202911
v 32.00000000 -3.79169165 -10.40079824
v 32.00000000 -2.86923266 -10.69086488
v 32.00000000 -1.92509230 -10.90014598
v 32.00000000 -0.96629460 -11.02699806
v 32.00000000 -0.00000000 -11.07024104
v 32.00000000 0.96649043 -11.02923280
v 32.00000000 1.92576810 -10.90397243
v 32.00000000 2.87039574 -10.69519857
v 32.00000000 3.79302271 -10.40444939
v 32.00000000 4.68651282 -10.03406221
v 32.00000000 5.54405530 -9.58710997
v 32.00000000 6.35923458 -9.06729178
v 32.00000000 7.12604933 -8.47880841
v 32.00000000 7.83888940 -7.82625627
v 32.00000000 8.49249489 -7.11456501
v 32.00000000 9.08192819 -6.34898606
v 32.00000000 9.60258547 -5.53512052
v 32.00000000 10.05025918 -4.67896005
v 32.00000000 10.42124424 -3.78690988
v 32.00000000 10.71246274 -2.86576982
v 32.00000000 10.92157361 -1.92266454
v 32.00000000 11.04703618 -0.96493284
v 32.00000000 11.08811061 -0.00000000
v 32.00000000 11.04479782 0.96473732
v 32.00000000 10.91774098 1.92198983
v 32.00000000 10.70812206 2.86460861
v 32.00000000 10.41758719 3.78558097
v 32.00000000 10.04822279 4.67801200
v 32.00000000 9.60258547 5.53512052
v 32.00000000 9.08376875 6.35027275
v 32.00000000 8.49547614 7.11706255
v 32.00000000 7.84206700 7.82942875
v 32.00000000 7.12855090 8.48178486
v 32.00000000 6.36052335 9.06912937
v 32.00000000 5.54405530 9.58710997
v 32.00000000 4.68556324 10.03202911
v 32.00000000 3.79169165 10.40079824
v 32.00000000 2.86923266 10.69086488
v 32.00000000 1.92509230 10.90014598
v 32.00000000 0.96629460 11.02699806
v 34.00000000 0.00000000 11.06305752
v 34.00000000 -0.96714719 11.02178800
v 34.00000000 -1.92703987 10.89640386
v 34.00000000 -2.87227125 10.68770013
v 34.00000000 -3.79552761 10.39722755
v 34.00000000 -4.68969744 10.02728916
v 34.00000000 -5.54796756 9.58088885
v 34.00000000 -6.36388833 9.06164471
v 34.00000000 -7.13140064 8.47368991
v 34.00000000 -7.84483095 7.82158647
v 34.00000000 -8.49887234 7.11027008
v 34.00000000 -9.08857444 6.34503193
v 34.00000000 -9.60936169 5.53152876
v 34.00000000 -10.05708862 4.67580172
v 34.00000000 -10.42812641 3.78428135
v 34.00000000 -10.71946223 2.86376062
v 34.00000000 -10.92878620 1.92132999
v 34.00000000 -11.05454296 0.96428150
v 34.00000000 -11.09593512 0.00000000
v 34.00000000 -11.05288051 -0.96413649
v 34.00000000 -10.92593967 -1.92082956
v 34.00000000 -10.71623836 -2.86289935
v 34.00000000 -10.42541029 -3.78329569
v 34.00000000 -10.05557618 -4.67509855
v 34.00000000 -9.60936169 -5.53152876
v 34.00000000 -9.08994144 -6.34598628
v 34.00000000 -8.50108654 -7.11212251
v 34.00000000 -7.84719098 -7.82393951
v 34.00000000 -7.13325858 -8.47589756
v 34.00000000 -6.36484551 -9.06300765
v 34.00000000 -5.54796756 -9.58088885
v 34.00000000 -4.68899218 -10.02578119
v 34.00000000 -3.79453903 -10.39451947
v 34.00000000 -2.87140742 -10.68448581
v 34.00000000 -1.92653795 -10.89356577
v 34.00000000 -0.96700174 -11.02013048
v 34.00000000 -0.00000000 -11.06305752
v 34.00000000 0.96714719 -11.02178800
v 34.00000000 1.92703987 -10.89640386
v 34.00000000 2.87227125 -10.68770013
v 34.00000000 3.79552761 -10.39722755
v 34.00000000 4.68969744 -10.02728916
v 34.00000000 5.54796756 -9.58088885
v 34.00000000 6.36388833 -9.06164471
v 34.00000000 7.13140064 -8.47368991
v 34.00000000 7.84483095 -7.82158647
v 34.00000000 8.49887234 -7.11027008
v 34.00000000 9.08857444 -6.34503193
v 34.00000000 9.60936169 -5.53152876
v 34.00000000 10.05708862 -4.67580172
v 34.00000000 10.42812641 -3.78428135
v 34.00000000 10.71946223 -2.86376062
v 34.00000000 10.92878620 -1.92132999
v 34.00000000 11.05454296 -0.96428150
v 34.00000000 11.09593512 -0.00000000
v 34.00000000 11.05288051 0.96413649
v 34.00000000 10.92593967 1.92082956
v 34.00000000 10.71623836 2.86289935
v 34.00000000 10.42541029 3.78329569
v 34.00000000 10.05557618 4.67509855
v 34.00000000 9.60936169 5.53152876
v 34.00000000 9.08994144 6.34598628
v 34.00000000 8.50108654 7.11212251
v 34.00000000 7.84719098 7.82393951
v 34.00000000 7.13325858 8.47589756
v 34.00000000 6.36484551 9.06300765
v 34.00000000 5.54796756 9.58088885
v 34.00000000 4.68899218 10.02578119
v 34.00000000 3.79453903 10.39451947
v 34.00000000 2.87140742 10.68448581
v 34.00000000 1.92653795 10.89356577
v 34.00000000 0.96700174 11.02013048
v 36.00000000 0.00000000 11.05616982
v 36.00000000 -0.96737505 11.01465014
v 36.00000000 -1.92745854 10.88914758
v 36.00000000 -2.87287600 10.68051117
v 36.00000000 -3.79635223 10.39030369
v 36.00000000 -4.69080232 10.02079535
v 36.00000000 -5.54941362 9.57492393
v 36.00000000 -6.36570651 9.05622990
v 36.00000000 -7.13356891 8.46878174
v 36.00000000 -7.84726881 7.81710848
v 36.00000000 -8.50145638 7.10615163
v 36.00000000 -9.09117106 6.34124044
v 36.00000000 -9.61186635 5.52808491
v 36.00000000 -10.05945804 4.67277361
v 36.00000000 -10.43039204 3.78176127
v 36.00000000 -10.72171921 2.86183434
v 36.00000000 -10.93116059 1.92005052
v 36.00000000 -11.05714737 0.96365702
v 36.00000000 -11.09882725 0.00000000
v 36.00000000 -11.05603834 -0.96356037
v 36.00000000 -10.92926165 -1.91971697
v 36.00000000 -10.71956855 -2.86126029
v 36.00000000 -10.42858009 -3.78110431
v 36.00000000 -10.05844908 -4.67230493
v 36.00000000 -9.61186635 -5.52808491
v 36.00000000 -9.09208300 -6.34187653
v 36.00000000 -8.50293349 -7.10738631
v 36.00000000 -7.84884321 -7.81867683
v 36.00000000 -7.13480836 -8.47025317
v 36.00000000 -6.36634505 -9.05713833
v 36.00000000 -5.54941362 -9.57492393
v 36.00000000 -4.69033184 -10.01979026
v 36.00000000 -3.79569274 -10.38849871
v 36.00000000 -2.87229974 -10.67836877
v 36.00000000 -1.92712371 -10.88725594
v 36.00000000 -0.96727802 -11.01354537
v 36.00000000 -0.00000000 -11.05616982
v 36.00000000 0.96737505 -11.01465014
v 36.00000000 1.92745854 -10.88914758
v 36.00000000 2.87287600 -10.68051117
v 36.00000000 3.79635223 -10.39030369
v 36.00000000 4.69080232 -10.02079535
v 36.00000000 5.54941362 -9.57492393
v 36.00000000 6.36570651 -9.05622990
v 36.00000000 7.13356891 -8.46878174
v 36.00000000 7.84726881 -7.81710848
v 36.00000000 8.50145638 -7.10615163
v 36.00000000 9.09117106 -6.34124044
v 36.00000000 9.61186635 -5.52808491
v 36.00000000 10.05945804 -4.67277361
v 36.00000000 10.43039204 -3.78176127
v 36.00000000 10.72171921 -2.86183434
v 36.00000000 10.93116059 -1.92005052
v 36.00000000 11.05714737 -0.96365702
v 36.00000000 11.09882725 -0.00000000
v 36.00000000 11.05603834 0.96356037
v 36.00000000 10.92926165 1.91971697
v 36.00000000 10.71956855 2.86126029
v 36.00000000 10.42858009 3.78110431
v 36.00000000 10.05844908 4.67230493
v 36.00000000 9.61186635 5.52808491
v 36.00000000 9.09208300 6.34187653
v 36.00000000 8.50293349 7.10738631
v 36.00000000 7.84884321 7.81867683
v 36.00000000 7.13480836 8.47025317
v 36.00000000 6.36634505 9.05713833
v 36.00000000 5.54941362 9.57492393
v 36.00000000 4.69033184 10.01979026
v 36.00000000 3.79569274 10.38849871
v 36.00000000 2.87229974 10.67836877
v 36.00000000 1.92712371 10.88725594
v 36.00000000 0.96727802 11.01354537
v 38.00000000 0.00000000 11.05113968
v 38.00000000 -0.96833068 11.00943752
v 38.00000000 -1.92933678 10.88384863
v 38.00000000 -2.87566142 10.67526143
v 38.00000000 -3.80005164 10.38524749
v 38.00000000 -4.69543620 10.01605306
v 38.00000000 -5.55499730 9.57056770
v 38.00000000 -6.37222808 9.05227524
v 38.00000000 -7.14097278 8.46519697
v 38.00000000 -7.85545192 7.81383786
v 38.00000000 -8.51027996 7.10314365
v 38.00000000 -9.10048483 6.33847136
v 38.00000000 -9.62153756 5.52556984
v 38.00000000 -10.06939543 4.67056225
v 38.00000000 -10.44055607 3.77992096
v 38.00000000 -10.73211454 2.86042768
v 38.00000000 -10.94181261 1.91911617
v 38.00000000 -11.06807034 0.96320097
v 38.00000000 -11.10999460 0.00000000
v 38.00000000 -11.06736509 -0.96313960
v 38.00000000 -10.94060503 -1.91890437
v 38.00000000 -10.73074689 -2.86006316
v 38.00000000 -10.43940381 -3.77950379
v 38.00000000 -10.06875381 -4.67026464
v 38.00000000 -9.62153756 -5.52556984
v 38.00000000 -9.10106475 -6.33887527
v 38.00000000 -8.51121929 -7.10392767
v 38.00000000 -7.85645312 -7.81483375
v 38.00000000 -7.14176097 -8.46613132
v 38.00000000 -6.37263414 -9.05285208
v 38.00000000 -5.55499730 -9.57056770
v 38.00000000 -4.69513701 -10.01541484
v 38.00000000 -3.79963225 -10.38410133
v 38.00000000 -2.87529496 -10.67390102
v 38.00000000 -1.92912385 -10.88264745
v 38.00000000 -0.96826898 -11.00873600
v 38.00000000 -0.00000000 -11.05113968
v 38.00000000 0.96833068 -11.00943752
v 38.00000000 1.92933678 -10.88384863
v 38.00000000 2.87566142 -10.67526143
v 38.00000000 3.80005164 -10.38524749
v 38.00000000 4.69543620 -10.01605306
v 38.00000000 5.55499730 -9.57056770
v 38.00000000 6.37222808 -9.05227524
v 38.00000000 7.14097278 -8.46519697
v 38.00000000 7.85545192 -7.81383786
v 38.00000000 8.51027996 -7.10314365
v 38.00000000 9.10048483 -6.33847136
v 38.00000000 9.62153756 -5.52556984
v 38.00000000 10.06939543 -4.67056225
v 38.00000000 10.44055607 -3.77992096
v 38.00000000 10.73211454 -2.86042768
v 38.00000000 10.94181261 -1.91911617
v 38.00000000 11.06807034 -0.96320097
v 38.00000000 11.10999460 -0.00000000
v 38.00000000 11.06736509 0.96313960
v 38.00000000 10.94060503 1.91890437
v 38.00000000 10.73074689 2.86006316
v 38.00000000 10.43940381 3.77950379
v 38.00000000 10.06875381 4.67026464
v 38.00000000 9.62153756 5.52556984
v 38.00000000 9.10106475 6.33887527
v 38.00000000 8.51121929 7.10392767
v 38.00000000 7.85645312 7.81483375
v 38.00000000 7.14176097 8.46613132
v 38.00000000 6.37263414 9.05285208
v 38.00000000 5.55499730 9.57056770
v 38.00000000 4.69513701 10.01541484
v 38.00000000 3.79963225 10.38410133
v 38.00000000 2.87529496 10.67390102
v 38.00000000 1.92912385 10.88264745
v 38.00000000 0.96826898 11.00873600
v 40.00000000 0.00000000 11.04375554
v 40.00000000 -0.96887376 11.00178582
v 40.00000000 -1.93038089 10.87607044
v 40.00000000 -2.87719696 10.66755557
v 40.00000000 -3.80210813 10.37782563
v 40.00000000 -4.69806959 10.00909178
v 40.00000000 -5.55826201 9.56417285
v 40.00000000 -6.37614429 9.04646960
v 40.00000000 -7.14550190 8.45993415
v 40.00000000 -7.86049076 7.80903619
v 40.00000000 -8.51567756 7.09872763
v 40.00000000 -9.10607776 6.33440621
v 40.00000000 -9.62719220 5.52187777
v 40.00000000 -10.07504275 4.66731615
v 40.00000000 -10.44620622 3.77721962
v 40.00000000 -10.73784523 2.85836290
v 40.00000000 -10.94773403 1.91774466
v 40.00000000 -11.07427776 0.96253154
v 40.00000000 -11.11652402 0.00000000
v 40.00000000 -11.07416681 -0.96252189
v 40.00000000 -10.94754405 -1.91771138
v 40.00000000 -10.73763006 -2.85830562
v 40.00000000 -10.44602495 -3.77715408
v 40.00000000 -10.07494181 -4.66726939
v 40.00000000 -9.62719220 -5.52187777
v 40.00000000 -9.10616899 -6.33446968
v 40.00000000 -8.51582534 -7.09885082
v 40.00000000 -7.86064827 -7.80919267
v 40.00000000 -7.14562590 -8.46008096
v 40.00000000 -6.37620817 -9.04656024
v 40.00000000 -5.55826201 -9.56417285
v 40.00000000 -4.69802252 -10.00899150
v 40.00000000 -3.80204215 -10.37764554
v 40.00000000 -2.87713930 -10.66734181
v 40.00000000 -1.93034739 -10.87588171
v 40.00000000 -0.96886405 -11.00167560
v 40.00000000 -0.00000000 -11.04375554
v 40.00000000 0.96887376 -11.00178582
v 40.00000000 1.93038089 -10.87607044
v 40.00000000 2.87719696 -10.66755557
v 40.00000000 3.80210813 -10.37782563
v 40.00000000 4.69806959 -10.00909178
v 40.00000000 5.55826201 -9.56417285
v 40.00000000 6.37614429 -9.04646960
v 40.00000000 7.14550190 -8.45993415
v 40.00000000 7.86049076 -7.80903619
v 40.00000000 8.51567756 -7.09872763
v 40.00000000 9.10607776 -6.33440621
v 40.00000000 9.62719220 -5.52187777
v 40.00000000 10.07504275 -4.66731615
v 40.00000000 10.44620622 -3.77721962
v 40.00000000 10.73784523 -2.85836290
v 40.00000000 10.94773403 -1.91774466
v 40.00000000 11.07427776 -0.96253154
v 40.00000000 11.11652402 -0.00000000
v 40.00000000 11.07416681 0.96252189
v 40.00000000 10.94754405 1.91771138
v 40.00000000 10.73763006 2.85830562
v 40.00000000 10.44602495 3.77715408
v 40.00000000 10.07494181 4.66726939
v 40.00000000 9.62719220 5.52187777
v 40.00000000 9.10616899 6.33446968
v 40.00000000 8.51582534 7.09885082
v 40.00000000 7.86064827 7.80919267
v 40.00000000 7.14562590 8.46008096
v 40.00000000 6.37620817 9.04656024
v 40.00000000 5.55826201 9.56417285
v 40.00000000 4.69802252 10.00899150
v 40.00000000 3.80204215 10.37764554
v 40.00000000 2.87713930 10.66734181
v 40.00000000 1.93034739 10.87588171
v 40.00000000 0.96886405 11.00167560
v 42.00000000 0.00000000 11.04150502
v 42.00000000 -0.96877716 10.99952367
v 42.00000000 -1.93018582 10.87381953
v 42.00000000 -2.87690480 10.66534256
v 42.00000000 -3.80172393 10.37567783
v 42.00000000 -4.69760116 10.00703374
v 42.00000000 -5.55771802 9.56222384
v 42.00000000 -6.37553195 9.04464270
v 42.00000000 -7.14482528 8.45823706
v 42.00000000 -7.85975030 7.80747351
v 42.00000000 -8.51487119 7.09730360
v 42.00000000 -9.10520325 6.33312700
v 42.00000000 -9.62624998 5.52075251
v 42.00000000 -10.07403821 4.66635647
v 42.00000000 -10.44515064 3.77643789
v 42.00000000 -10.73675489 2.85776993
v 42.00000000 -10.94662776 1.91734777
v 42.00000000 -11.07317359 0.96233363
v 42.00000000 -11.11543603 0.00000000
v 42.00000000 -11.07310329 -0.96232752
v 42.00000000 -10.94650740 -1.91732668
v 42.00000000 -10.73661857 -2.85773364
v 42.00000000 -10.44503579 -3.77639637
v 42.00000000 -10.07397425 -4.66632685
v 42.00000000 -9.62624998 -5.52075251
v 42.00000000 -9.10526105 -6.33316720
v 42.00000000 -8.51496482 -7.09738164
v 42.00000000 -7.85985009 -7.80757264
v 42.00000000 -7.14490384 -8.45833006
v 42.00000000 -6.37557242 -9.04470012
v 42.00000000 -5.55771802 -9.56222384
v 42.00000000 -4.69757134 -10.00697021
v 42.00000000 -3.80168212 -10.37556374
v 42.00000000 -2.87686828 -10.66520715
v 42.00000000 -1.93016460 -10.87369996
v 42.00000000 -0.96877101 -10.99945384
v 42.00000000 -0.00000000 -11.04150502
v 42.00000000 0.96877716 -10.99952367
v 42.00000000 1.93018582 -10.87381953
v 42.00000000 2.87690480 -10.66534256
v 42.00000000 3.80172393 -10.37567783
v 42.00000000 4.69760116 -10.00703374
v 42.00000000 5.55771802 -9.56222384
v 42.00000000 6.37553195 -9.04464270
v 42.00000000 7.14482528 -8.45823706
v 42.00000000 7.85975030 -7.80747351
v 42.00000000 8.51487119 -7.09730360
v 42.00000000 9.10520325 -6.33312700
v 42.00000000 9.62624998 -5.52075251
v 42.00000000 10.07403821 -4.66635647
v 42.00000000 10.44515064 -3.77643789
v 42.00000000 10.73675489 -2.85776993
v 42.00000000 10.94662776 -1.91734777
v 42.00000000 11.07317359 -0.96233363
v 42.00000000 11.11543603 -0.00000000
v 42.00000000 11.07310329 0.96232752
v 42.00000000 10.94650740 1.91732668
v 42.00000000 10.73661857 2.85773364
v 42.00000000 10.44503579 3.77639637
v 42.00000000 10.07397425 4.66632685
v 42.00000000 9.62624998 5.52075251
v 42.00000000 9.10526105 6.33316720
v 42.00000000 8.51496482 7.09738164
v 42.00000000 7.85985009 7.80757264
v 42.00000000 7.14490384 8.45833006
v 42.00000000 6.37557242 9.04470012
v 42.00000000 5.55771802 9.56222384
v 42.00000000 4.69757134 10.00697021
v 42.00000000 3.80168212 10.37556374
v 42.00000000 2.87686828 10.66520715
v 42.00000000 1.93016460 10.87369996
v 42.00000000 0.96877101 10.99945384
v 44.00000000 0.00000000 11.03998640
v 44.00000000 -0.97000745 10.99807156
v 44.00000000 -1.93264486 10.87242796
v 44.00000000 -2.88057422 10.66399346
v 44.00000000 -3.80656729 10.37435002
v 44.00000000 -4.70356686 10.00571266
v 44.00000000 -5.56474528 9.56090868
v 44.00000000 -6.38355802 9.04334878
v 44.00000000 -7.15379088 8.45699285
v 44.00000000 -7.86960137 7.80631347
v 44.00000000 -8.52555598 7.09625958
v 44.00000000 -9.11666566 6.33222099
v 44.00000000 -9.63842156 5.51999320
v 44.00000000 -10.08683168 4.66574044
v 44.00000000 -10.45845768 3.77595461
v 44.00000000 -10.75044934 2.85740844
v 44.00000000 -10.96057369 1.91710240
v 44.00000000 -11.08723591 0.96220658
v 44.00000000 -11.12949056 0.00000000
v 44.00000000 -11.08704307 -0.96218985
v 44.00000000 -10.96024350 -1.91704464
v 44.00000000 -10.75007539 -2.85730904
v 44.00000000 -10.45814262 -3.77584086
v 44.00000000 -10.08665624 -4.66565929
v 44.00000000 -9.63842156 -5.51999320
v 44.00000000 -9.11682423 -6.33233112
v 44.00000000 -8.52581282 -7.09647336
v 44.00000000 -7.86987512 -7.80658502
v 44.00000000 -7.15400639 -8.45724762
v 44.00000000 -6.38366905 -9.04350607
v 44.00000000 -5.56474528 -9.56090868
v 44.00000000 -4.70348505 -10.00553863
v 44.00000000 -3.80645262 -10.37403749
v 44.00000000 -2.88047402 -10.66362251
v 44.00000000 -1.93258664 -10.87210043
v 44.00000000 -0.96999058 -10.99788027
v 44.00000000 -0.00000000 -11.03998640
v 44.00000000 0.97000745 -10.99807156
v 44.00000000 1.93264486 -10.87242796
v 44.00000000 2.88057422 -10.66399346
v 44.00000000 3.80656729 -10.37435002
v 44.00000000 4.70356686 -10.00571266
v 44.00000000 5.56474528 -9.56090868
v 44.00000000 6.38355802 -9.04334878
v 44.00000000 7.15379088 -8.45699285
v 44.00000000 7.86960137 -7.80631347
v 44.00000000 8.52555598 -7.09625958
v 44.00000000 9.11666566 -6.33222099
v 44.00000000 9.63842156 -5.51999320
v 44.00000000 10.08683168 -4.66574044
v 44.00000000 10.45845768 -3.77595461
v 44.00000000 10.75044934 -2.85740844
v 44.00000000 10.96057369 -1.91710240
v 44.00000000 11.08723591 -0.96220658
v 44.00000000 11.12949056 -0.00000000
v 44.00000000 11.08704307 0.96218985
v 44.00000000 10.96024350 1.91704464
v 44.00000000 10.75007539 2.85730904
v 44.00000000 10.45814262 3.77584086
v 44.00000000 10.08665624 4.66565929
v 44.00000000 9.63842156 5.51999320
v 44.00000000 9.11682423 6.33233112
v 44.00000000 8.52581282 7.09647336
v 44.00000000 7.86987512 7.80658502
v 44.00000000 7.15400639 8.45724762
v 44.00000000 6.38366905 9.04350607
v 44.00000000 5.56474528 9.56090868
v 44.00000000 4.70348505 10.00553863
v 44.00000000 3.80645262 10.37403749
v 44.00000000 2.88047402 10.66362251
v 44.00000000 1.93258664 10.87210043
v 44.00000000 0.96999058 10.99788027
v 46.00000000 0.00000000 11.03904504
v 46.00000000 -0.97052810 10.99717142
v 46.00000000 -1.93368704 10.87156535
v 46.00000000 -2.88213021 10.66315716
v 46.00000000 -3.80861998 10.37352692
v 46.00000000 -4.70609147 10.00489373
v 46.00000000 -5.56771306 9.56009344
v 46.00000000 -6.38694062 9.04254672
v 46.00000000 -7.15756369 8.45622160
v 46.00000000 -7.87374446 7.80559440
v 46.00000000 -8.53005224 7.09561242
v 46.00000000 -9.12149652 6.33165938
v 46.00000000 -9.64356190 5.51952252
v 46.00000000 -10.09224572 4.66535857
v 46.00000000 -10.46409741 3.77565502
v 46.00000000 -10.75625639 2.85718435
v 46.00000000 -10.96648418 1.91695029
v 46.00000000 -11.09318690 0.96212783
v 46.00000000 -11.13542612 0.00000000
v 46.00000000 -11.09291802 -0.96210451
v 46.00000000 -10.96602378 -1.91686981
v 46.00000000 -10.75573496 -2.85704584
v 46.00000000 -10.46365810 -3.77549651
v 46.00000000 -10.09200109 -4.66524548
v 46.00000000 -9.64356190 -5.51952252
v 46.00000000 -9.12171762 -6.33181285
v 46.00000000 -8.53041036 -7.09591033
v 46.00000000 -7.87412618 -7.80597281
v 46.00000000 -7.15786419 -8.45657662
v 46.00000000 -6.38709544 -9.04276590
v 46.00000000 -5.56771306 -9.56009344
v 46.00000000 -4.70597740 -10.00465123
v 46.00000000 -3.80846009 -10.37309141
v 46.00000000 -2.88199050 -10.66264024
v 46.00000000 -1.93360586 -10.87110893
v 46.00000000 -0.97050457 -10.99690486
v 46.00000000 -0.00000000 -11.03904504
v 46.00000000 0.97052810 -10.99717142
v 46.00000000 1.93368704 -10.87156535
v 46.00000000 2.88213021 -10.66315716
v 46.00000000 3.80861998 -10.37352692
v 46.00000000 4.70609147 -10.00489373
v 46.00000000 5.56771306 -9.56009344
v 46.00000000 6.38694062 -9.04254672
v 46.00000000 7.15756369 -8.45622160
v 46.00000000 7.87374446 -7.80559440
v 46.00000000 8.53005224 -7.09561242
v 46.00000000 9.12149652 -6.33165938
v 46.00000000 9.64356190 -5.51952252
v 46.00000000 10.09224572 -4.66535857
v 46.00000000 10.46409741 -3.77565502
v 46.00000000 10.75625639 -2.85718435
v 46.00000000 10.96648418 -1.91695029
v 46.00000000 11.09318690 -0.96212783
v 46.00000000 11.13542612 -0.00000000
v 46.00000000 11.09291802 0.96210451
v 46.00000000 10.96602378 1.91686981
v 46.00000000 10.75573496 2.85704584
v 46.00000000 10.46365810 3.77549651
v 46.00000000 10.09200109 4.66524548
v 46.00000000 9.64356190 5.51952252
v 46.00000000 9.12171762 6.33181285
v 46.00000000 8.53041036 7.09591033
v 46.00000000 7.87412618 7.80597281
v 46.00000000 7.15786419 8.45657662
v 46.00000000 6.38709544 9.04276590
v 46.00000000 5.56771306 9.56009344
v 46.00000000 4.70597740 10.00465123
v 46.00000000 3.80846009 10.37309141
v 46.00000000 2.88199050 10.66264024
v 46.00000000 1.93360586 10.87110893
v 46.00000000 0.97050457 10.99690486
v 48.00000000 0.00000000 11.03635625
v 48.00000000 -0.97154610 10.99460033
v 48.00000000 -1.93572917 10.86910142
v 48.00000000 -2.88518153 10.66076839
v 48.00000000 -3.81264219 10.37117586
v 48.00000000 -4.71102776 10.00255463
v 48.00000000 -5.57349863 9.55776488
v 48.00000000 -6.39351496 9.04025583
v 48.00000000 -7.16487997 8.45401874
v 48.00000000 -7.88177216 7.80354058
v 48.00000000 -8.53877144 7.09376400
v 48.00000000 -9.13088564 6.33005528
v 48.00000000 -9.65358279 5.51817813
v 48.00000000 -10.10283163 4.66426783
v 48.00000000 -10.47514833 3.77479931
v 48.00000000 -10.76764407 2.85654428
v 48.00000000 -10.97806566 1.91651584
v 48.00000000 -11.10482272 0.96190289
v 48.00000000 -11.14699725 0.00000000
v 48.00000000 -11.10433640 -0.96186076
v 48.00000000 -10.97723297 -1.91637047
v 48.00000000 -10.76670099 -2.85629409
v 48.00000000 -10.47435379 -3.77451299
v 48.00000000 -10.10238919 -4.66406356
v 48.00000000 -9.65358279 -5.51817813
v 48.00000000 -9.13128553 -6.33033250
v 48.00000000 -8.53941916 -7.09430211
v 48.00000000 -7.88246253 -7.80422411
v 48.00000000 -7.16542347 -8.45466002
v 48.00000000 -6.39379496 -9.04065174
v 48.00000000 -5.57349863 -9.55776488
v 48.00000000 -4.71082145 -10.00211659
v 48.00000000 -3.81235300 -10.37038920
v 48.00000000 -2.88492884 -10.65983468
v 48.00000000 -1.93558235 -10.86827699
v 48.00000000 -0.97150355 -10.99411884
v 48.00000000 -0.00000000 -11.03635625
v 48.00000000 0.97154610 -10.99460033
v 48.00000000 1.93572917 -10.86910142
v 48.00000000 2.88518153 -10.66076839
v 48.00000000 3.81264219 -10.37117586
v 48.00000000 4.71102776 -10.00255463
v 48.00000000 5.57349863 -9.55776488
v 48.00000000 6.39351496 -9.04025583
v 48.00000000 7.16487997 -8.45401874
v 48.00000000 7.88177216 -7.80354058
v 48.00000000 8.53877144 -7.09376400
v 48.00000000 9.13088564 -6.33005528
v 48.00000000 9.65358279 -5.51817813
v 48.00000000 10.10283163 -4.66426783
v 48.00000000 10.47514833 -3.77479931
v 48.00000000 10.76764407 -2.85654428
v 48.00000000 10.97806566 -1.91651584
v 48.00000000 11.10482272 -0.96190289
v 48.00000000 11.14699725 -0.00000000
v 48.00000000 11.10433640 0.96186076
v 48.00000000 10.97723297 1.91637047
v 48.00000000 10.76670099 2.85629409
v 48.00000000 10.47435379 3.77451299
v 48.00000000 10.10238919 4.66406356
v 48.00000000 9.65358279 5.51817813
v 48.00000000 9.13128553 6.33033250
v 48.00000000 8.53941916 7.09430211
v 48.00000000 7.88246253 7.80422411
v 48.00000000 7.16542347 8.45466002
v 48.00000000 6.39379496 9.04065174
v 48.00000000 5.57349863 9.55776488
v 48.00000000 4.71082145 10.00211659
v 48.00000000 3.81235300 10.37038920
v 48.00000000 2.88492884 10.65983468
v 48.00000000 1.93558235 10.86827699
v 48.00000000 0.97150355 10.99411884
v 50.00000000 0.00000000 11.03742355
v 50.00000000 -0.97091356 10.99562092
v 50.00000000 -1.93446340 10.87007947
v 50.00000000 -2.88329192 10.66171661
v 50.00000000 -3.81014911 10.37210911
v 50.00000000 -4.70796060 10.00348313
v 50.00000000 -5.56989156 9.55868919
v 50.00000000 -6.38940199 9.04116518
v 50.00000000 -7.16029113 8.45489314
v 50.00000000 -7.87673236 7.80435583
v 50.00000000 -8.53330267 7.09449772
v 50.00000000 -9.12501172 6.33069201
v 50.00000000 -9.64733518 5.51871178
v 50.00000000 -10.09625408 4.66470079
v 50.00000000 -10.46829864 3.77513898
v 50.00000000 -10.76059193 2.85679836
v 50.00000000 -10.97088711 1.91668829
v 50.00000000 -11.09759281 0.96199218
v 50.00000000 -11.13978312 0.00000000
v 50.00000000 -11.09719296 -0.96195752
v 50.00000000 -10.97020246 -1.91656868
v 50.00000000 -10.75981651 -2.85659249
v 50.00000000 -10.46764535 -3.77490339
v 50.00000000 -10.09589030 -4.66453272
v 50.00000000 -9.64733518 -5.51871178
v 50.00000000 -9.12534052 -6.33092012
v 50.00000000 -8.53383524 -7.09494049
v 50.00000000 -7.87730001 -7.80491826
v 50.00000000 -7.16073800 -8.45542082
v 50.00000000 -6.38963222 -9.04149095
v 50.00000000 -5.56989156 -9.55868919
v 50.00000000 -4.70779096 -10.00312270
v 50.00000000 -3.80991133 -10.37146182
v 50.00000000 -2.88308414 -10.66094832
v 50.00000000 -1.93434268 -10.86940110
v 50.00000000 -0.97087858 -10.99522473
v 50.00000000 -0.00000000 -11.03742355
v 50.00000000 0.97091356 -10.99562092
v 50.00000000 1.93446340 -10.87007947
v 50.00000000 2.88329192 -10.66171661
v 50.00000000 3.81014911 -10.37210911
v 50.00000000 4.70796060 -10.00348313
v 50.00000000 5.56989156 -9.55868919
v 50.00000000 6.38940199 -9.04116518
v 50.00000000 7.16029113 -8.45489314
v 50.00000000 7.87673236 -7.80435583
v 50.00000000 8.53330267 -7.09449772
v 50.00000000 9.12501172 -6.33069201
v 50.00000000 9.64733518 -5.51871178
v 50.00000000 10.09625408 -4.66470079
v 50.00000000 10.46829864 -3.77513898
v 50.00000000 10.76059193 -2.85679836
v 50.00000000 10.97088711 -1.91668829
v 50.00000000 11.09759281 -0.96199218
v 50.00000000 11.13978312 -0.00000000
v 50.00000000 11.09719296 0.96195752
v 50.00000000 10.97020246 1.91656868
v 50.00000000 10.75981651 2.85659249
v 50.00000000 10.46764535 3.77490339
v 50.00000000 10.09589030 4.66453272
v 50.00000000 9.64733518 5.51871178
v 50.00000000 9.12534052 6.33092012
v 50.00000000 8.53383524 7.09494049
v 50.00000000 7.87730001 7.80491826
v 50.00000000 7.16073800 8.45542082
v 50.00000000 6.38963222 9.04149095
v 50.00000000 5.56989156 9.55868919
v 50.00000000 4.70779096 10.00312270
v 50.00000000 3.80991133 10.37146182
v 50.00000000 2.88308414 10.66094832
v 50.00000000 1.93434268 10.86940110
v 50.00000000 0.97087858 10.99522473
v 52.00000000 0.00000000 11.03497674
v 52.00000000 -0.97140465 10.99328118
v 52.00000000 -1.93545445 10.86783724
v 52.00000000 -2.88477594 10.65954277
v 52.00000000 -3.81210110 10.36996959
v 52.00000000 -4.71034186 10.00135452
v 52.00000000 -5.57265921 9.55657019
v 52.00000000 -6.39251997 9.03908048
v 52.00000000 -7.16373863 8.45288856
v 52.00000000 -7.88050603 7.80248688
v 52.00000000 -8.53741125 7.09281568
v 52.00000000 -9.12946466 6.32923229
v 52.00000000 -9.65212888 5.51748837
v 52.00000000 -10.10136073 4.66370820
v 52.00000000 -10.47366168 3.77436026
v 52.00000000 -10.76613038 2.85621588
v 52.00000000 -10.97650764 1.91629293
v 52.00000000 -11.10320593 0.96178748
v 52.00000000 -11.14531842 0.00000000
v 52.00000000 -11.10260830 -0.96173571
v 52.00000000 -10.97548434 -1.91611428
v 52.00000000 -10.76497143 -2.85590841
v 52.00000000 -10.47268526 -3.77400839
v 52.00000000 -10.10081702 -4.66345718
v 52.00000000 -9.65212888 -5.51748837
v 52.00000000 -9.12995608 -6.32957298
v 52.00000000 -8.53820723 -7.09347697
v 52.00000000 -7.88135444 -7.80332689
v 52.00000000 -7.16440654 -8.45367667
v 52.00000000 -6.39286407 -9.03956704
v 52.00000000 -5.57265921 -9.55657019
v 52.00000000 -4.71008833 -10.00081619
v 52.00000000 -3.81174571 -10.36900284
v 52.00000000 -2.88446540 -10.65839529
v 52.00000000 -1.93527402 -10.86682407
v 52.00000000 -0.97135236 -10.99268947
v 52.00000000 -0.00000000 -11.03497674
v 52.00000000 0.97140465 -10.99328118
v 52.00000000 1.93545445 -10.86783724
v 52.00000000 2.88477594 -10.65954277
v 52.00000000 3.81210110 -10.36996959
v 52.00000000 4.71034186 -10.00135452
v 52.00000000 5.57265921 -9.55657019
v 52.00000000 6.39251997 -9.03908048
v 52.00000000 7.16373863 -8.45288856
v 52.00000000 7.88050603 -7.80248688
v 52.00000000 8.53741125 -7.09281568
v 52.00000000 9.12946466 -6.32923229
v 52.00000000 9.65212888 -5.51748837
v 52.00000000 10.10136073 -4.66370820
v 52.00000000 10.47366168 -3.77436026
v 52.00000000 10.76613038 -2.85621588
v 52.00000000 10.97650764 -1.91629293
v 52.00000000 11.10320593 -0.96178748
v 52.00000000 11.14531842 -0.00000000
v 52.00000000 11.10260830 0.96173571
v 52.00000000 10.97548434 1.91611428
v 52.00000000 10.76497143 2.85590841
v 52.00000000 10.47268526 3.77400839
v 52.00000000 10.10081702 4.66345718
v 52.00000000 9.65212888 5.51748837
v 52.00000000 9.12995608 6.32957298
v 52.00000000 8.53820723 7.09347697
v 52.00000000 7.88135444 7.80332689
v 52.00000000 7.16440654 8.45367667
v 52.00000000 6.39286407 9.03956704
v 52.00000000 5.57265921 9.55657019
v 52.00000000 4.71008833 10.00081619
v 52.00000000 3.81174571 10.36900284
v 52.00000000 2.88446540 10.65839529
v 52.00000000 1.93527402 10.86682407
v 52.00000000 0.97135236 10.99268947
v 54.00000000 0.00000000 11.03079937
v 54.00000000 -0.97173983 10.98928652
v 54.00000000 -1.93614380 10.86400895
v 54.00000000 -2.88581515 10.65583122
v 54.00000000 -3.81345885 10.36631669
v 54.00000000 -4.71196715 9.99772029
v 54.00000000 -5.57449735 9.55295248
v 54.00000000 -6.39453141 9.03552141
v 54.00000000 -7.16591304 8.44946633
v 54.00000000 -7.88286591 7.79929622
v 54.00000000 -8.54000261 7.08994408
v 54.00000000 -9.13233728 6.32674020
v 54.00000000 -9.65531264 5.51539969
v 54.00000000 -10.10484615 4.66201354
v 54.00000000 -10.47739207 3.77303071
v 54.00000000 -10.77000876 2.85522137
v 54.00000000 -10.98041712 1.91561790
v 54.00000000 -11.10703704 0.96143799
v 54.00000000 -11.14899471 0.00000000
v 54.00000000 -11.10610179 -0.96135703
v 54.00000000 -10.97881573 -1.91533852
v 54.00000000 -10.76819508 -2.85474055
v 54.00000000 -10.47586404 -3.77248045
v 54.00000000 -10.10399528 -4.66162098
v 54.00000000 -9.65531264 -5.51539969
v 54.00000000 -9.13310633 -6.32727298
v 54.00000000 -8.54124827 -7.09097824
v 54.00000000 -7.88419361 -7.80060985
v 54.00000000 -7.16695828 -8.45069879
v 54.00000000 -6.39506990 -9.03628230
v 54.00000000 -5.57449735 -9.55295248
v 54.00000000 -4.71157038 -9.99687844
v 54.00000000 -3.81290269 -10.36480485
v 54.00000000 -2.88532918 -10.65403677
v 54.00000000 -1.93586143 -10.86242453
v 54.00000000 -0.97165800 -10.98836118
v 54.00000000 -0.00000000 -11.03079937
v 54.00000000 0.97173983 -10.98928652
v 54.00000000 1.93614380 -10.86400895
v 54.00000000 2.88581515 -10.65583122
v 54.00000000 3.81345885 -10.36631669
v 54.00000000 4.71196715 -9.99772029
v 54.00000000 5.57449735 -9.55295248
v 54.00000000 6.39453141 -9.03552141
v 54.00000000 7.16591304 -8.44946633
v 54.00000000 7.88286591 -7.79929622
v 54.00000000 8.54000261 -7.08994408
v 54.00000000 9.13233728 -6.32674020
v 54.00000000 9.65531264 -5.51539969
v 54.00000000 10.10484615 -4.66201354
v 54.00000000 10.47739207 -3.77303071
v 54.00000000 10.77000876 -2.85522137
v 54.00000000 10.98041712 -1.91561790
v 54.00000000 11.10703704 -0.96143799
v 54.00000000 11.14899471 -0.00000000
v 54.00000000 11.10610179 0.96135703
v 54.00000000 10.97881573 1.91533852
v 54.00000000 10.76819508 2.85474055
v 54.00000000 10.47586404 3.77248045
v 54.00000000 10.10399528 4.66162098
v 54.00000000 9.65531264 5.51539969
v 54.00000000 9.13310633 6.32727298
v 54.00000000 8.54124827 7.09097824
v 54.00000000 7.88419361 7.80060985
v 54.00000000 7.16695828 8.45069879
v 54.00000000 6.39506990 9.03628230
v 54.00000000 5.57449735 9.55295248
v 54.00000000 4.71157038 9.99687844
v 54.00000000 3.81290269 10.36480485
v 54.00000000 2.88532918 10.65403677
v 54.00000000 1.93586143 10.86242453
v 54.00000000 0.97165800 10.98836118
v 56.00000000 0.00000000 11.03059710
v 56.00000000 -0.97232788 10.98909309
v 56.00000000 -1.93731650 10.86382358
v 56.00000000 -2.88756363 10.65565150
v 56.00000000 -3.81576862 10.36613981
v 56.00000000 -4.71481860 9.99754432
v 56.00000000 -5.57786667 9.55277731
v 56.00000000 -6.39839165 9.03534908
v 56.00000000 -7.17023509 8.44930063
v 56.00000000 -7.88761883 7.79914173
v 56.00000000 -8.54515343 7.08980504
v 56.00000000 -9.13785029 6.32661954
v 56.00000000 -9.66114846 5.51529855
v 56.00000000 -10.11096112 4.66193148
v 56.00000000 -10.48373812 3.77296633
v 56.00000000 -10.77653417 2.85517322
v 56.00000000 -10.98706785 1.91558521
v 56.00000000 -11.11375848 0.96142107
v 56.00000000 -11.15573333 0.00000000
v 56.00000000 -11.11280631 -0.96133870
v 56.00000000 -10.98543750 -1.91530096
v 56.00000000 -10.77468770 -2.85468400
v 56.00000000 -10.48218246 -3.77240647
v 56.00000000 -10.11009486 -4.66153207
v 56.00000000 -9.66114846 -5.51529855
v 56.00000000 -9.13863324 -6.32716162
v 56.00000000 -8.54642162 -7.09085725
v 56.00000000 -7.88897055 -7.80047829
v 56.00000000 -7.17129923 -8.45055460
v 56.00000000 -6.39893988 -9.03612325
v 56.00000000 -5.57786667 -9.55277731
v 56.00000000 -4.71441466 -9.99668778
v 56.00000000 -3.81520240 -10.36460159
v 56.00000000 -2.88706887 -10.65382574
v 56.00000000 -1.93702903 -10.86221151
v 56.00000000 -0.97224457 -10.98815160
v 56.00000000 -0.00000000 -11.03059710
v 56.00000000 0.97232788 -10.98909309
v 56.00000000 1.93731650 -10.86382358
v 56.00000000 2.88756363 -10.65565150
v 56.00000000 3.81576862 -10.36613981
v 56.00000000 4.71481860 -9.99754432
v 56.00000000 5.57786667 -9.55277731
v 56.00000000 6.39839165 -9.03534908
v 56.00000000 7.17023509 -8.44930063
v 56.00000000 7.88761883 -7.79914173
v 56.00000000 8.54515343 -7.08980504
v 56.00000000 9.13785029 -6.32661954
v 56.00000000 9.66114846 -5.51529855
v 56.00000000 10.11096112 -4.66193148
v 56.00000000 10.48373812 -3.77296633
v 56.00000000 10.77653417 -2.85517322
v 56.00000000 10.98706785 -1.91558521
v 56.00000000 11.11375848 -0.96142107
v 56.00000000 11.15573333 -0.00000000
v 56.00000000 11.11280631 0.96133870
v 56.00000000 10.98543750 1.91530096
v 56.00000000 10.77468770 2.85468400
v 56.00000000 10.48218246 3.77240647
v 56.00000000 10.11009486 4.66153207
v 56.00000000 9.66114846 5.51529855
v 56.00000000 9.13863324 6.32716162
v 56.00000000 8.54642162 7.09085725
v 56.00000000 7.88897055 7.80047829
v 56.00000000 7.17129923 8.45055460
v 56.00000000 6.39893988 9.03612325
v 56.00000000 5.57786667 9.55277731
v 56.00000000 4.71441466 9.99668778
v 56.00000000 3.81520240 10.36460159
v 56.00000000 2.88706887 10.65382574
v 56.00000000 1.93702903 10.86221151
v 56.00000000 0.97224457 10.98815160
v 58.00000000 0.00000000 11.02943841
v 58.00000000 -0.97191193 10.98798506
v 58.00000000 -1.93649372 10.86276167
v 58.00000000 -2.88634053 10.65462197
v 58.00000000 -3.81414806 10.36512655
v 58.00000000 -4.71280167 9.99653626
v 58.00000000 -5.57545705 9.55177385
v 58.00000000 -6.39560063 9.03436191
v 58.00000000 -7.16708527 8.44835143
v 58.00000000 -7.88414496 7.79825676
v 58.00000000 -8.54139962 7.08900857
v 58.00000000 -9.13386429 6.32592831
v 58.00000000 -9.65697488 5.51471920
v 58.00000000 -10.10663580 4.66146141
v 58.00000000 -10.47928566 3.77259754
v 58.00000000 -10.77196952 2.85489735
v 58.00000000 -10.98240163 1.91539797
v 58.00000000 -11.10900419 0.96132413
v 58.00000000 -11.15091410 0.00000000
v 58.00000000 -11.10795882 -0.96123367
v 58.00000000 -10.98061169 -1.91508579
v 58.00000000 -10.76994231 -2.85436008
v 58.00000000 -10.47757772 -3.77198267
v 58.00000000 -10.10568476 -4.66102276
v 58.00000000 -9.65697488 -5.51471920
v 58.00000000 -9.13472387 -6.32652364
v 58.00000000 -8.54279194 -7.09016414
v 58.00000000 -7.88562899 -7.79972462
v 58.00000000 -7.16825357 -8.44972858
v 58.00000000 -6.39620252 -9.03521213
v 58.00000000 -5.57545705 -9.55177385
v 58.00000000 -4.71235819 -9.99559557
v 58.00000000 -3.81352642 -10.36343722
v 58.00000000 -2.88579734 -10.65261684
v 58.00000000 -1.93617811 -10.86099124
v 58.00000000 -0.97182047 -10.98695107
v 58.00000000 -0.00000000 -11.02943841
v 58.00000000 0.97191193 -10.98798506
v 58.00000000 1.93649372 -10.86276167
v 58.00000000 2.88634053 -10.65462197
v 58.00000000 3.81414806 -10.36512655
v 58.00000000 4.71280167 -9.99653626
v 58.00000000 5.57545705 -9.55177385
v 58.00000000 6.39560063 -9.03436191
v 58.00000000 7.16708527 -8.44835143
v 58.00000000 7.88414496 -7.79825676
v 58.00000000 8.54139962 -7.08900857
v 58.00000000 9.13386429 -6.32592831
v 58.00000000 9.65697488 -5.51471920
v 58.00000000 10.10663580 -4.66146141
v 58.00000000 10.47928566 -3.77259754
v 58.00000000 10.77196952 -2.85489735
v 58.00000000 10.98240163 -1.91539797
v 58.00000000 11.10900419 -0.96132413
v 58.00000000 11.15091410 -0.00000000
v 58.00000000 11.10795882 0.96123367
v 58.00000000 10.98061169 1.91508579
v 58.00000000 10.76994231 2.85436008
v 58.00000000 10.47757772 3.77198267
v 58.00000000 10.10568476 4.66102276
v 58.00000000 9.65697488 5.51471920
v 58.00000000 9.13472387 6.32652364
v 58.00000000 8.54279194 7.09016414
v 58.00000000 7.88562899 7.79972462
v 58.00000000 7.16825357 8.44972858
v 58.00000000 6.39620252 9.03521213
v 58.00000000 5.57545705 9.55177385
v 58.00000000 4.71235819 9.99559557
v 58.00000000 3.81352642 10.36343722
v 58.00000000 2.88579734 10.65261684
v 58.00000000 1.93617811 10.86099124
v 58.00000000 0.97182047 10.98695107
v 60.00000000 0.00000000 11.02680983
v 60.00000000 -0.97071307 10.98547135
v 60.00000000 -1.93411857 10.86035260
v 60.00000000 -2.88280775 10.65228633
v 60.00000000 -3.80946992 10.36282784
v 60.00000000 -4.70698838 9.99424937
v 60.00000000 -5.56852644 9.54949743
v 60.00000000 -6.38758947 9.03212246
v 60.00000000 -7.15805766 8.44619813
v 60.00000000 -7.87419398 7.79624919
v 60.00000000 -8.53064093 7.08720174
v 60.00000000 -9.12242317 6.32436023
v 60.00000000 -9.64497072 5.51340491
v 60.00000000 -10.09416916 4.66039502
v 60.00000000 -10.46643258 3.77176088
v 60.00000000 -10.75878501 2.85427152
v 60.00000000 -10.96893146 1.91497318
v 60.00000000 -11.09530112 0.96110421
v 60.00000000 -11.13705288 0.00000000
v 60.00000000 -11.09404495 -0.96099539
v 60.00000000 -10.96678059 -1.91459768
v 60.00000000 -10.75634901 -2.85362526
v 60.00000000 -10.46438024 -3.77102128
v 60.00000000 -10.09302634 -4.65986739
v 60.00000000 -9.64497072 -5.51340491
v 60.00000000 -9.12345610 -6.32507633
v 60.00000000 -8.53231401 -7.08859172
v 60.00000000 -7.87597725 -7.79801481
v 60.00000000 -7.15946154 -8.44785465
v 60.00000000 -6.38831273 -9.03314516
v 60.00000000 -5.56852644 -9.54949743
v 60.00000000 -4.70645548 -9.99311786
v 60.00000000 -3.80872293 -10.36079581
v 60.00000000 -2.88215503 -10.64987445
v 60.00000000 -1.93373931 -10.85822302
v 60.00000000 -0.97060317 -10.98422762
v 60.00000000 -0.00000000 -11.02680983
v 60.00000000 0.97071307 -10.98547135
v 60.00000000 1.93411857 -10.86035260
v 60.00000000 2.88280775 -10.65228633
v 60.00000000 3.80946992 -10.36282784
v 60.00000000 4.70698838 -9.99424937
v 60.00000000 5.56852644 -9.54949743
v 60.00000000 6.38758947 -9.03212246
v 60.00000000 7.15805766 -8.44619813
v 60.00000000 7.87419398 -7.79624919
v 60.00000000 8.53064093 -7.08720174
v 60.00000000 9.12242317 -6.32436023
v 60.00000000 9.64497072 -5.51340491
v 60.00000000 10.09416916 -4.66039502
v 60.00000000 10.46643258 -3.77176088
v 60.00000000 10.75878501 -2.85427152
v 60.00000000 10.96893146 -1.91497318
v 60.00000000 11.09530112 -0.96110421
v 60.00000000 11.13705288 -0.00000000
v 60.00000000 11.09404495 0.96099539
v 60.00000000 10.96678059 1.91459768
v 60.00000000 10.75634901 2.85362526
v 60.00000000 10.46438024 3.77102128
v 60.00000000 10.09302634 4.65986739
v 60.00000000 9.64497072 5.51340491
v 60.00000000 9.12345610 6.32507633
v 60.00000000 8.53231401 7.08859172
v 60.00000000 7.87597725 7.79801481
v 60.00000000 7.15946154 8.44785465
v 60.00000000 6.38831273 9.03314516
v 60.00000000 5.56852644 9.54949743
v 60.00000000 4.70645548 9.99311786
v 60.00000000 3.80872293 10.36079581
v 60.00000000 2.88215503 10.64987445
v 60.00000000 1.93373931 10.85822302
v 60.00000000 0.97060317 10.98422762
v 62.00000000 0.00000000 11.02754393
v 62.00000000 -0.97131003 10.98617338
v 62.00000000 -1.93530422 10.86102541
v 62.00000000 -2.88457290 10.65293864
v 62.00000000 -3.81180519 10.36346983
v 62.00000000 -4.70988305 9.99488805
v 62.00000000 -5.57196581 9.55013319
v 62.00000000 -6.39155179 9.03274789
v 62.00000000 -7.16251191 8.44679950
v 62.00000000 -7.87909950 7.79680986
v 62.00000000 -8.53594930 7.08770634
v 62.00000000 -9.12808195 6.32479816
v 62.00000000 -9.65092788 5.51377197
v 62.00000000 -10.10037680 4.66069284
v 62.00000000 -10.47284869 3.77199454
v 62.00000000 -10.76537263 2.85444631
v 62.00000000 -10.97565561 1.91509182
v 62.00000000 -11.10212443 0.96116563
v 62.00000000 -11.14393161 0.00000000
v 62.00000000 -11.10092675 -0.96106194
v 62.00000000 -10.97360489 -1.91473400
v 62.00000000 -10.76305007 -2.85383048
v 62.00000000 -10.47089192 -3.77128977
v 62.00000000 -10.09928720 -4.66019006
v 62.00000000 -9.65092788 -5.51377197
v 62.00000000 -9.12906677 -6.32548054
v 62.00000000 -8.53754447 -7.08903087
v 62.00000000 -7.88079973 -7.79849233
v 62.00000000 -7.16385042 -8.44837801
v 62.00000000 -6.39224137 -9.03372243
v 62.00000000 -5.57196581 -9.55013319
v 62.00000000 -4.70937496 -9.99380983
v 62.00000000 -3.81109298 -10.36153349
v 62.00000000 -2.88395057 -10.65064034
v 62.00000000 -1.93494262 -10.85899611
v 62.00000000 -0.97120525 -10.98498822
v 62.00000000 -0.00000000 -11.02754393
v 62.00000000 0.97131003 -10.98617338
v 62.00000000 1.93530422 -10.86102541
v 62.00000000 2.88457290 -10.65293864
v 62.00000000 3.81180519 -10.36346983
v 62.00000000 4.70988305 -9.99488805
v 62.00000000 5.57196581 -9.55013319
v 62.00000000 6.39155179 -9.03274789
v 62.00000000 7.16251191 -8.44679950
v 62.00000000 7.87909950 -7.79680986
v 62.00000000 8.53594930 -7.08770634
v 62.00000000 9.12808195 -6.32479816
v 62.00000000 9.65092788 -5.51377197
v 62.00000000 10.10037680 -4.66069284
v 62.00000000 10.47284869 -3.77199454
v 62.00000000 10.76537263 -2.85444631
v 62.00000000 10.97565561 -1.91509182
v 62.00000000 11.10212443 -0.96116563
v 62.00000000 11.14393161 -0.00000000
v 62.00000000 11.10092675 0.96106194
v 62.00000000 10.97360489 1.91473400
v 62.00000000 10.76305007 2.85383048
v 62.00000000 10.47089192 3.77128977
v 62.00000000 10.09928720 4.66019006
v 62.00000000 9.65092788 5.51377197
v 62.00000000 9.12906677 6.32548054
v 62.00000000 8.53754447 7.08903087
v 62.00000000 7.88079973 7.79849233
v 62.00000000 7.16385042 8.44837801
v 62.00000000 6.39224137 9.03372243
v 62.00000000 5.57196581 9.55013319
v 62.00000000 4.70937496 9.99380983
v 62.00000000 3.81109298 10.36153349
v 62.00000000 2.88395057 10.65064034
v 62.00000000 1.93494262 10.85899611
v 62.00000000 0.97120525 10.98498822
v 64.00000000 0.00000000 11.02574909
v 64.00000000 -0.97146429 10.98445696
v 64.00000000 -1.93562081 10.85938042
v 64.00000000 -2.88504984 10.65134379
v 64.00000000 -3.81242877 10.36190019
v 64.00000000 -4.71063105 9.99332650
v 64.00000000 -5.57281434 9.54857881
v 64.00000000 -6.39248341 9.03121877
v 64.00000000 -7.16352167 8.44532921
v 64.00000000 -7.88019650 7.79543908
v 64.00000000 -8.53715269 7.08647263
v 64.00000000 -9.12941244 6.32372746
v 64.00000000 -9.65239758 5.51287455
v 64.00000000 -10.10198088 4.65996468
v 64.00000000 -10.47456196 3.77142324
v 64.00000000 -10.76715258 2.85401897
v 64.00000000 -10.97745113 1.91480176
v 64.00000000 -11.10388759 0.96101546
v 64.00000000 -11.14562868 0.00000000
v 64.00000000 -11.10254480 -0.96089924
v 64.00000000 -10.97515194 -1.91440071
v 64.00000000 -10.76454860 -2.85332874
v 64.00000000 -10.47236809 -3.77063333
v 64.00000000 -10.10075925 -4.65940115
v 64.00000000 -9.65239758 -5.51287455
v 64.00000000 -9.13051659 -6.32449228
v 64.00000000 -8.53894114 -7.08795718
v 64.00000000 -7.88210274 -7.79732482
v 64.00000000 -7.16502236 -8.44709843
v 64.00000000 -6.39325655 -9.03231104
v 64.00000000 -5.57281434 -9.54857881
v 64.00000000 -4.71006139 -9.99211801
v 64.00000000 -3.81163027 -10.35972992
v 64.00000000 -2.88435211 -10.64876782
v 64.00000000 -1.93521540 -10.85710595
v 64.00000000 -0.97134681 -10.98312861
v 64.00000000 -0.00000000 -11.02574909
v 64.00000000 0.97146429 -10.98445696
v 64.00000000 1.93562081 -10.85938042
v 64.00000000 2.88504984 -10.65134379
v 64.00000000 3.81242877 -10.36190019
v 64.00000000 4.71063105 -9.99332650
v 64.00000000 5.57281434 -9.54857881
v 64.00000000 6.39248341 -9.03121877
v 64.00000000 7.16352167 -8.44532921
v 64.00000000 7.88019650 -7.79543908
v 64.00000000 8.53715269 -7.08647263
v 64.00000000 9.12941244 -6.32372746
v 64.00000000 9.65239758 -5.51287455
v 64.00000000 10.10198088 -4.65996468
v 64.00000000 10.47456196 -3.77142324
v 64.00000000 10.76715258 -2.85401897
v 64.00000000 10.97745113 -1.91480176
v 64.00000000 11.10388759 -0.96101546
v 64.00000000 11.14562868 -0.00000000
v 64.00000000 11.10254480 0.96089924
v 64.00000000 10.97515194 1.91440071
v 64.00000000 10.76454860 2.85332874
v 64.00000000 10.47236809 3.77063333
v 64.00000000 10.10075925 4.65940115
v 64.00000000 9.65239758 5.51287455
v 64.00000000 9.13051659 6.32449228
v 64.00000000 8.53894114 7.08795718
v 64.00000000 7.88210274 7.79732482
v 64.00000000 7.16502236 8.44709843
v 64.00000000 6.39325655 9.03231104
v 64.00000000 5.57281434 9.54857881
v 64.00000000 4.71006139 9.99211801
v 64.00000000 3.81163027 10.35972992
v 64.00000000 2.88435211 10.64876782
v 64.00000000 1.93521540 10.85710595
v 64.00000000 0.97134681 10.98312861
v 66.00000000 0.00000000 11.02251694
v 66.00000000 -0.97144004 10.98136597
v 66.00000000 -1.93558915 10.85641801
v 66.00000000 -2.88501173 10.64847166
v 66.00000000 -3.81236641 10.35907350
v 66.00000000 -4.71051347 9.99051441
v 66.00000000 -5.57260975 9.54577968
v 66.00000000 -6.39217359 9.02846518
v 66.00000000 -7.16311284 8.44268161
v 66.00000000 -7.87972195 7.79297066
v 66.00000000 -8.53666546 7.08425102
v 66.00000000 -9.12896998 6.32179938
v 66.00000000 -9.65204321 5.51125847
v 66.00000000 -10.10172873 4.65865338
v 66.00000000 -10.47439061 3.77039441
v 66.00000000 -10.76701035 2.85324938
v 66.00000000 -10.97727156 1.91427941
v 66.00000000 -11.10361044 0.96074503
v 66.00000000 -11.14521950 0.00000000
v 66.00000000 -11.10200671 -0.96060627
v 66.00000000 -10.97452558 -1.91380055
v 66.00000000 -10.76390035 -2.85242523
v 66.00000000 -10.47177042 -3.76945124
v 66.00000000 -10.10026971 -4.65798052
v 66.00000000 -9.65204321 -5.51125847
v 66.00000000 -9.13028869 -6.32271259
v 66.00000000 -8.53880146 -7.08602361
v 66.00000000 -7.88199862 -7.79522228
v 66.00000000 -7.16490516 -8.44479409
v 66.00000000 -6.39309697 -9.02976938
v 66.00000000 -5.57260975 -9.54577968
v 66.00000000 -4.70983311 -9.98907145
v 66.00000000 -3.81141273 -10.35648215
v 66.00000000 -2.88417841 -10.64539590
v 66.00000000 -1.93510496 -10.85370226
v 66.00000000 -0.97129973 -10.97977990
v 66.00000000 -0.00000000 -11.02251694
v 66.00000000 0.97144004 -10.98136597
v 66.00000000 1.93558915 -10.85641801
v 66.00000000 2.88501173 -10.64847166
v 66.00000000 3.81236641 -10.35907350
v 66.00000000 4.71051347 -9.99051441
v 66.00000000 5.57260975 -9.54577968
v 66.00000000 6.39217359 -9.02846518
v 66.00000000 7.16311284 -8.44268161
v 66.00000000 7.87972195 -7.79297066
v 66.00000000 8.53666546 -7.08425102
v 66.00000000 9.12896998 -6.32179938
v 66.00000000 9.65204321 -5.51125847
v 66.00000000 10.10172873 -4.65865338
v 66.00000000 10.47439061 -3.77039441
v 66.00000000 10.76701035 -2.85324938
v 66.00000000 10.97727156 -1.91427941
v 66.00000000 11.10361044 -0.96074503
v 66.00000000 11.14521950 -0.00000000
v 66.00000000 11.10200671 0.96060627
v 66.00000000 10.97452558 1.91380055
v 66.00000000 10.76390035 2.85242523
v 66.00000000 10.47177042 3.76945124
v 66.00000000 10.10026971 4.65798052
v 66.00000000 9.65204321 5.51125847
v 66.00000000 9.13028869 6.32271259
v 66.00000000 8.53880146 7.08602361
v 66.00000000 7.88199862 7.79522228
v 66.00000000 7.16490516 8.44479409
v 66.00000000 6.39309697 9.02976938
v 66.00000000 5.57260975 9.54577968
v 66.00000000 4.70983311 9.98907145
v 66.00000000 3.81141273 10.35648215
v 66.00000000 2.88417841 10.64539590
v 66.00000000 1.93510496 10.85370226
v 66.00000000 0.97129973 10.97977990
v 68.00000000 0.00000000 11.02290221
v 68.00000000 -0.97082206 10.98173442
v 68.00000000 -1.93435585 10.85677114
v 68.00000000 -2.88317240 10.64881402
v 68.00000000 -3.80993728 10.35941045
v 68.00000000 -4.70751689 9.99084962
v 68.00000000 -5.56907256 9.54611334
v 68.00000000 -6.38812514 9.02879341
v 68.00000000 -7.15858346 8.44299719
v 68.00000000 -7.87474239 7.79326489
v 68.00000000 -8.53126756 7.08451583
v 68.00000000 -9.12318819 6.32202920
v 68.00000000 -9.64591662 5.51145110
v 68.00000000 -10.09530256 4.65880969
v 68.00000000 -10.46771664 3.77051705
v 68.00000000 -10.76014589 2.85334112
v 68.00000000 -10.97027717 1.91434168
v 68.00000000 -11.09654692 0.96077727
v 68.00000000 -11.13814512 0.00000000
v 68.00000000 -11.09497530 -0.96064119
v 68.00000000 -10.96758616 -1.91387209
v 68.00000000 -10.75709816 -2.85253293
v 68.00000000 -10.46514891 -3.76959214
v 68.00000000 -10.09387275 -4.65814985
v 68.00000000 -9.64591662 -5.51145110
v 68.00000000 -9.12448050 -6.32292473
v 68.00000000 -8.53336079 -7.08625409
v 68.00000000 -7.87697349 -7.79547291
v 68.00000000 -7.16033989 -8.44506877
v 68.00000000 -6.38903003 -9.03007235
v 68.00000000 -5.56907256 -9.54611334
v 68.00000000 -4.70685016 -9.98943460
v 68.00000000 -3.80900270 -10.35686928
v 68.00000000 -2.88235576 -10.64579782
v 68.00000000 -1.93388135 -10.85410797
v 68.00000000 -0.97068456 -10.98017906
v 68.00000000 -0.00000000 -11.02290221
v 68.00000000 0.97082206 -10.98173442
v 68.00000000 1.93435585 -10.85677114
v 68.00000000 2.88317240 -10.64881402
v 68.00000000 3.80993728 -10.35941045
v 68.00000000 4.70751689 -9.99084962
v 68.00000000 5.56907256 -9.54611334
v 68.00000000 6.38812514 -9.02879341
v 68.00000000 7.15858346 -8.44299719
v 68.00000000 7.87474239 -7.79326489
v 68.00000000 8.53126756 -7.08451583
v 68.00000000 9.12318819 -6.32202920
v 68.00000000 9.64591662 -5.51145110
v 68.00000000 10.09530256 -4.65880969
v 68.00000000 10.46771664 -3.77051705
v 68.00000000 10.76014589 -2.85334112
v 68.00000000 10.97027717 -1.91434168
v 68.00000000 11.09654692 -0.96077727
v 68.00000000 11.13814512 -0.00000000
v 68.00000000 11.09497530 0.96064119
v 68.00000000 10.96758616 1.91387209
v 68.00000000 10.75709816 2.85253293
v 68.00000000 10.46514891 3.76959214
v 68.00000000 10.09387275 4.65814985
v 68.00000000 9.64591662 5.51145110
v 68.00000000 9.12448050 6.32292473
v 68.00000000 8.53336079 7.08625409
v 68.00000000 7.87697349 7.79547291
v 68.00000000 7.16033989 8.44506877
v 68.00000000 6.38903003 9.03007235
v 68.00000000 5.56907256 9.54611334
v 68.00000000 4.70685016 9.98943460
v 68.00000000 3.80900270 10.35686928
v 68.00000000 2.88235576 10.64579782
v 68.00000000 1.93388135 10.85410797
v 68.00000000 0.97068456 10.98017906
v 70.00000000 0.00000000 11.02233557
v 70.00000000 -0.97059986 10.98119252
v 70.00000000 -1.93391604 10.85625178
v 70.00000000 -2.88251845 10.64831049
v 70.00000000 -3.80907102 10.35891488
v 70.00000000 -4.70643946 9.99035662
v 70.00000000 -5.56778646 9.54562261
v 70.00000000 -6.38663674 9.02831067
v 70.00000000 -7.15690475 8.44253304
v 70.00000000 -7.87289139 7.79283216
v 70.00000000 -8.52926694 7.08412636
v 70.00000000 -9.12106253 6.32169119
v 70.00000000 -9.64368904 5.51116779
v 70.00000000 -10.09299199 4.65857980
v 70.00000000 -10.46533662 3.77033668
v 70.00000000 -10.75770532 2.85320620
v 70.00000000 -10.96778289 1.91425010
v 70.00000000 -11.09400720 0.96072986
v 70.00000000 -11.13557293 0.00000000
v 70.00000000 -11.09239023 -0.96058983
v 70.00000000 -10.96501422 -1.91376687
v 70.00000000 -10.75456964 -2.85237454
v 70.00000000 -10.46269479 -3.76938491
v 70.00000000 -10.09152092 -4.65790080
v 70.00000000 -9.64368904 -5.51116779
v 70.00000000 -9.12239213 -6.32261272
v 70.00000000 -8.53142058 -7.08591510
v 70.00000000 -7.87518687 -7.79510429
v 70.00000000 -7.15871186 -8.44466478
v 70.00000000 -6.38756774 -9.02962676
v 70.00000000 -5.56778646 -9.54562261
v 70.00000000 -4.70575349 -9.98890050
v 70.00000000 -3.80810948 -10.35629992
v 70.00000000 -2.88167825 -10.64520670
v 70.00000000 -1.93342785 -10.85351127
v 70.00000000 -0.97045840 -10.97959199
v 70.00000000 -0.00000000 -11.02233557
v 70.00000000 0.97059986 -10.98119252
v 70.00000000 1.93391604 -10.85625178
v 70.00000000 2.88251845 -10.64831049
v 70.00000000 3.80907102 -10.35891488
v 70.00000000 4.70643946 -9.99035662
v 70.00000000 5.56778646 -9.54562261
v 70.00000000 6.38663674 -9.02831067
v 70.00000000 7.15690475 -8.44253304
v 70.00000000 7.87289139 -7.79283216
v 70.00000000 8.52926694 -7.08412636
v 70.00000000 9.12106253 -6.32169119
v 70.00000000 9.64368904 -5.51116779
v 70.00000000 10.09299199 -4.65857980
v 70.00000000 10.46533662 -3.77033668
v 70.00000000 10.75770532 -2.85320620
v 70.00000000 10.96778289 -1.91425010
v 70.00000000 11.09400720 -0.96072986
v 70.00000000 11.13557293 -0.00000000
v 70.00000000 11.09239023 0.96058983
v 70.00000000 10.96501422 1.91376687
v 70.00000000 10.75456964 2.85237454
v 70.00000000 10.46269479 3.76938491
v 70.00000000 10.09152092 4.65790080
v 70.00000000 9.64368904 5.51116779
v 70.00000000 9.12239213 6.32261272
v 70.00000000 8.53142058 7.08591510
v 70.00000000 7.87518687 7.79510429
v 70.00000000 7.15871186 8.44466478
v 70.00000000 6.38756774 9.02962676
v 70.00000000 5.56778646 9.54562261
v 70.00000000 4.70575349 9.98890050
v 70.00000000 3.80810948 10.35629992
v 70.00000000 2.88167825 10.64520670
v 70.00000000 1.93342785 10.85351127
v 70.00000000 0.97045840 10.97959199
v 72.00000000 0.00000000 11.02129908
v 72.00000000 -0.97146656 10.98020128
v 72.00000000 -1.93564826 10.85530177
v 72.00000000 -2.88510326 10.64738943
v 72.00000000 -3.81248283 10.35800839
v 72.00000000 -4.71064205 9.98945482
v 72.00000000 -5.57273719 9.54472499
v 72.00000000 -6.39229147 9.02742767
v 72.00000000 -7.16322170 8.44168403
v 72.00000000 -7.87983235 7.79204061
v 72.00000000 -8.53679520 7.08341396
v 72.00000000 -9.12913832 6.32107290
v 72.00000000 -9.65226395 5.51064954
v 72.00000000 -10.10200448 4.65815928
v 72.00000000 -10.47471049 3.77000674
v 72.00000000 -10.76735194 2.85295940
v 72.00000000 -10.97760680 1.91408259
v 72.00000000 -11.10391354 0.96064314
v 72.00000000 -11.14547438 0.00000000
v 72.00000000 -11.10221143 -0.96049588
v 72.00000000 -10.97469236 -1.91357442
v 72.00000000 -10.76405116 -2.85208481
v 72.00000000 -10.47192957 -3.76900584
v 72.00000000 -10.10045596 -4.65744524
v 72.00000000 -9.65226395 -5.51064954
v 72.00000000 -9.13053793 -6.32204200
v 72.00000000 -8.53906223 -7.08529503
v 72.00000000 -7.88224868 -7.79443003
v 72.00000000 -7.16512397 -8.44392580
v 72.00000000 -6.39327149 -9.02881168
v 72.00000000 -5.57273719 -9.54472499
v 72.00000000 -4.70991996 -9.98792355
v 72.00000000 -3.81147066 -10.35525845
v 72.00000000 -2.88421882 -10.64412542
v 72.00000000 -1.93513437 -10.85241980
v 72.00000000 -0.97131764 -10.97851814
v 72.00000000 -0.00000000 -11.02129908
v 72.00000000 0.97146656 -10.98020128
v 72.00000000 1.93564826 -10.85530177
v 72.00000000 2.88510326 -10.64738943
v 72.00000000 3.81248283 -10.35800839
v 72.00000000 4.71064205 -9.98945482
v 72.00000000 5.57273719 -9.54472499
v 72.00000000 6.39229147 -9.02742767
v 72.00000000 7.16322170 -8.44168403
v 72.00000000 7.87983235 -7.79204061
v 72.00000000 8.53679520 -7.08341396
v 72.00000000 9.12913832 -6.32107290
v 72.00000000 9.65226395 -5.51064954
v 72.00000000 10.10200448 -4.65815928
v 72.00000000 10.47471049 -3.77000674
v 72.00000000 10.76735194 -2.85295940
v 72.00000000 10.97760680 -1.91408259
v 72.00000000 11.10391354 -0.96064314
v 72.00000000 11.14547438 -0.00000000
v 72.00000000 11.10221143 0.96049588
v 72.00000000 10.97469236 1.91357442
v 72.00000000 10.76405116 2.85208481
v 72.00000000 10.47192957 3.76900584
v 72.00000000 10.10045596 4.65744524
v 72.00000000 9.65226395 5.51064954
v 72.00000000 9.13053793 6.32204200
v 72.00000000 8.53906223 7.08529503
v 72.00000000 7.88224868 7.79443003
v 72.00000000 7.16512397 8.44392580
v 72.00000000 6.39327149 9.02881168
v 72.00000000 5.57273719 9.54472499
v 72.00000000 4.70991996 9.98792355
v 72.00000000 3.81147066 10.35525845
v 72.00000000 2.88421882 10.64412542
v 72.00000000 1.93513437 10.85241980
v 72.00000000 0.97131764 10.97851814
v 74.00000000 0.00000000 11.02066300
v 74.00000000 -0.97100679 10.97959297
v 74.00000000 -1.93473546 10.85471875
v 74.00000000 -2.88374450 10.64682417
v 74.00000000 -3.81068495 10.35745208
v 74.00000000 -4.70841265 9.98890139
v 74.00000000 -5.57008690 9.54417413
v 74.00000000 -6.38923664 9.02688578
v 74.00000000 -7.15978633 8.44116301
v 74.00000000 -7.87604841 7.79155485
v 74.00000000 -8.53270108 7.08297677
v 74.00000000 -9.12477557 6.32069347
v 74.00000000 -9.64767352 5.51033150
v 74.00000000 -10.09722352 4.65790122
v 74.00000000 -10.46977086 3.76980426
v 74.00000000 -10.76228097 2.85280794
v 74.00000000 -10.97243001 1.91397978
v 74.00000000 -11.09865840 0.96058991
v 74.00000000 -11.14017381 0.00000000
v 74.00000000 -11.09690576 -0.96043822
v 74.00000000 -10.96942906 -1.91345631
v 74.00000000 -10.75888221 -2.85190701
v 74.00000000 -10.46690738 -3.76877322
v 74.00000000 -10.09562902 -4.65716567
v 74.00000000 -9.64767352 -5.51033150
v 74.00000000 -9.12621673 -6.32169175
v 74.00000000 -8.53503540 -7.08491449
v 74.00000000 -7.87853648 -7.79401623
v 74.00000000 -7.16174506 -8.44347230
v 74.00000000 -6.39024575 -9.02831148
v 74.00000000 -5.57008690 -9.54417413
v 74.00000000 -4.70766913 -9.98732400
v 74.00000000 -3.80964273 -10.35461932
v 74.00000000 -2.88283380 -10.64346187
v 74.00000000 -1.93420631 -10.85174999
v 74.00000000 -0.97085345 -10.97785914
v 74.00000000 -0.00000000 -11.02066300
v 74.00000000 0.97100679 -10.97959297
v 74.00000000 1.93473546 -10.85471875
v 74.00000000 2.88374450 -10.64682417
v 74.00000000 3.81068495 -10.35745208
v 74.00000000 4.70841265 -9.98890139
v 74.00000000 5.57008690 -9.54417413
v 74.00000000 6.38923664 -9.02688578
v 74.00000000 7.15978633 -8.44116301
v 74.00000000 7.87604841 -7.79155485
v 74.00000000 8.53270108 -7.08297677
v 74.00000000 9.12477557 -6.32069347
v 74.00000000 9.64767352 -5.51033150
v 74.00000000 10.09722352 -4.65790122
v 74.00000000 10.46977086 -3.76980426
v 74.00000000 10.76228097 -2.85280794
v 74.00000000 10.97243001 -1.91397978
v 74.00000000 11.09865840 -0.96058991
v 74.00000000 11.14017381 -0.00000000
v 74.00000000 11.09690576 0.96043822
v 74.00000000 10.96942906 1.91345631
v 74.00000000 10.75888221 2.85190701
v 74.00000000 10.46690738 3.76877322
v 74.00000000 10.09562902 4.65716567
v 74.00000000 9.64767352 5.51033150
v 74.00000000 9.12621673 6.32169175
v 74.00000000 8.53503540 7.08491449
v 74.00000000 7.87853648 7.79401623
v 74.00000000 7.16174506 8.44347230
v 74.00000000 6.39024575 9.02831148
v 74.00000000 5.57008690 9.54417413
v 74.00000000 4.70766913 9.98732400
v 74.00000000 3.80964273 10.35461932
v 74.00000000 2.88283380 10.64346187
v 74.00000000 1.93420631 10.85174999
v 74.00000000 0.97085345 10.97785914
v 76.00000000 0.00000000 11.02069604
v 76.00000000 -0.97106465 10.97962457
v 76.00000000 -1.93485057 10.85474903
v 76.00000000 -2.88391599 10.64685353
v 76.00000000 -3.81091169 10.35748098
v 76.00000000 -4.70869322 9.98893014
v 76.00000000 -5.57041948 9.54420274
v 76.00000000 -6.38961890 9.02691393
v 76.00000000 -7.16021532 8.44119008
v 76.00000000 -7.87652057 7.79158009
v 76.00000000 -8.53321233 7.08299948
v 76.00000000 -9.12532149 6.32071318
v 76.00000000 -9.64824957 5.51034802
v 76.00000000 -10.09782519 4.65791462
v 76.00000000 -10.47039381 3.76981478
v 76.00000000 -10.76292098 2.85281581
v 76.00000000 -10.97308288 1.91398512
v 76.00000000 -11.09931975 0.96059268
v 76.00000000 -11.14083897 0.00000000
v 76.00000000 -11.09756968 -0.96044122
v 76.00000000 -10.97008631 -1.91346245
v 76.00000000 -10.75952719 -2.85191625
v 76.00000000 -10.46753452 -3.76878530
v 76.00000000 -10.09623303 -4.65718019
v 76.00000000 -9.64824957 -5.51034802
v 76.00000000 -9.12676054 -6.32170995
v 76.00000000 -8.53554324 -7.08493426
v 76.00000000 -7.87900500 -7.79403773
v 76.00000000 -7.16217119 -8.44349585
v 76.00000000 -6.39062653 -9.02833746
v 76.00000000 -5.57041948 -9.54420274
v 76.00000000 -4.70795078 -9.98735515
v 76.00000000 -3.80987099 -10.35465252
v 76.00000000 -2.88300662 -10.64349633
v 76.00000000 -1.93432220 -10.85178478
v 76.00000000 -0.97091154 -10.97789337
v 76.00000000 -0.00000000 -11.02069604
v 76.00000000 0.97106465 -10.97962457
v 76.00000000 1.93485057 -10.85474903
v 76.00000000 2.88391599 -10.64685353
v 76.00000000 3.81091169 -10.35748098
v 76.00000000 4.70869322 -9.98893014
v 76.00000000 5.57041948 -9.54420274
v 76.00000000 6.38961890 -9.02691393
v 76.00000000 7.16021532 -8.44119008
v 76.00000000 7.87652057 -7.79158009
v 76.00000000 8.53321233 -7.08299948
v 76.00000000 9.12532149 -6.32071318
v 76.00000000 9.64824957 -5.51034802
v 76.00000000 10.09782519 -4.65791462
v 76.00000000 10.47039381 -3.76981478
v 76.00000000 10.76292098 -2.85281581
v 76.00000000 10.97308288 -1.91398512
v 76.00000000 11.09931975 -0.96059268
v 76.00000000 11.14083897 -0.00000000
v 76.00000000 11.09756968 0.96044122
v 76.00000000 10.97008631 1.91346245
v 76.00000000 10.75952719 2.85191625
v 76.00000000 10.46753452 3.76878530
v 76.00000000 10.09623303 4.65718019
v 76.00000000 9.64824957 5.51034802
v 76.00000000 9.12676054 6.32170995
v 76.00000000 8.53554324 7.08493426
v 76.00000000 7.87900500 7.79403773
v 76.00000000 7.16217119 8.44349585
v 76.00000000 6.39062653 9.02833746
v 76.00000000 5.57041948 9.54420274
v 76.00000000 4.70795078 9.98735515
v 76.00000000 3.80987099 10.35465252
v 76.00000000 2.88300662 10.64349633
v 76.00000000 1.93432220 10.85178478
v 76.00000000 0.97091154 10.97789337
v 78.00000000 0.00000000 11.01924315
v 78.00000000 -0.97116268 10.97823509
v 78.00000000 -1.93505337 10.85341732
v 78.00000000 -2.88422234 10.64556239
v 78.00000000 -3.81131112 10.35621027
v 78.00000000 -4.70916854 9.98766603
v 78.00000000 -5.57095236 9.54294450
v 78.00000000 -6.39019637 9.02567619
v 78.00000000 -7.16083474 8.44000000
v 78.00000000 -7.87719080 7.79047057
v 78.00000000 -8.53395052 7.08200089
v 78.00000000 -9.12614621 6.31984651
v 78.00000000 -9.64917253 5.50962158
v 78.00000000 -10.09884452 4.65732516
v 78.00000000 -10.47149124 3.76935228
v 78.00000000 -10.76406430 2.85246985
v 78.00000000 -10.97423299 1.91375031
v 78.00000000 -11.10044017 0.96047112
v 78.00000000 -11.14190472 0.00000000
v 78.00000000 -11.09857265 -0.96030953
v 78.00000000 -10.97103532 -1.91319268
v 78.00000000 -10.76044274 -2.85151014
v 78.00000000 -10.46844006 -3.76825397
v 78.00000000 -10.09714550 -4.65654162
v 78.00000000 -9.64917253 -5.50962158
v 78.00000000 -9.12768184 -6.32090993
v 78.00000000 -8.53643787 -7.08406504
v 78.00000000 -7.87984197 -7.79309255
v 78.00000000 -7.16292187 -8.44245997
v 78.00000000 -6.39127163 -9.02719492
v 78.00000000 -5.57095236 -9.54294450
v 78.00000000 -4.70837627 -9.98598572
v 78.00000000 -3.81020058 -10.35319268
v 78.00000000 -2.88325194 -10.64198070
v 78.00000000 -1.93448953 -10.85025486
v 78.00000000 -0.97099929 -10.97638813
v 78.00000000 -0.00000000 -11.01924315
v 78.00000000 0.97116268 -10.97823509
v 78.00000000 1.93505337 -10.85341732
v 78.00000000 2.88422234 -10.64556239
v 78.00000000 3.81131112 -10.35621027
v 78.00000000 4.70916854 -9.98766603
v 78.00000000 5.57095236 -9.54294450
v 78.00000000 6.39019637 -9.02567619
v 78.00000000 7.16083474 -8.44000000
v 78.00000000 7.87719080 -7.79047057
v 78.00000000 8.53395052 -7.08200089
v 78.00000000 9.12614621 -6.31984651
v 78.00000000 9.64917253 -5.50962158
v 78.00000000 10.09884452 -4.65732516
v 78.00000000 10.47149124 -3.76935228
v 78.00000000 10.76406430 -2.85246985
v 78.00000000 10.97423299 -1.91375031
v 78.00000000 11.10044017 -0.96047112
v 78.00000000 11.14190472 -0.00000000
v 78.00000000 11.09857265 0.96030953
v 78.00000000 10.97103532 1.91319268
v 78.00000000 10.76044274 2.85151014
v 78.00000000 10.46844006 3.76825397
v 78.00000000 10.09714550 4.65654162
v 78.00000000 9.64917253 5.50962158
v 78.00000000 9.12768184 6.32090993
v 78.00000000 8.53643787 7.08406504
v 78.00000000 7.87984197 7.79309255
v 78.00000000 7.16292187 8.44245997
v 78.00000000 6.39127163 9.02719492
v 78.00000000 5.57095236 9.54294450
v 78.00000000 4.70837627 9.98598572
v 78.00000000 3.81020058 10.35319268
v 78.00000000 2.88325194 10.64198070
v 78.00000000 1.93448953 10.85025486
v 78.00000000 0.97099929 10.97638813
v 80.00000000 0.00000000 11.01702240
v 80.00000000 -0.97118781 10.97611122
v 80.00000000 -1.93511489 10.85138174
v 80.00000000 -2.88432028 10.64358882
v 80.00000000 -3.81143230 10.35426794
v 80.00000000 -4.70929043 9.98573381
v 80.00000000 -5.57105157 9.54102127
v 80.00000000 -6.39025857 9.02378433
v 80.00000000 -7.16086208 8.43818101
v 80.00000000 -7.87720383 7.78877470
v 80.00000000 -8.53398312 7.08047457
v 80.00000000 -9.12623503 6.31852181
v 80.00000000 -9.64934437 5.50851120
v 80.00000000 -10.09910591 4.65642415
v 80.00000000 -10.47182417 3.76864533
v 80.00000000 -10.76442982 2.85194103
v 80.00000000 -10.97458190 1.91339138
v 80.00000000 -11.10072749 0.96028530
v 80.00000000 -11.14210314 0.00000000
v 80.00000000 -11.09868066 -0.96010824
v 80.00000000 -10.97107722 -1.91278035
v 80.00000000 -10.76046055 -2.85088940
v 80.00000000 -10.46848004 -3.76744183
v 80.00000000 -10.09724377 -4.65556556
v 80.00000000 -9.64934437 -5.50851120
v 80.00000000 -9.12791810 -6.31968708
v 80.00000000 -8.53670928 -7.08273641
v 80.00000000 -7.88010954 -7.79164779
v 80.00000000 -7.16314961 -8.44087656
v 80.00000000 -6.39143706 -9.02544850
v 80.00000000 -5.57105157 -9.54102127
v 80.00000000 -4.70842210 -9.98389257
v 80.00000000 -3.81021513 -10.35096135
v 80.00000000 -2.88325671 -10.63966410
v 80.00000000 -1.93449692 -10.84791640
v 80.00000000 -0.97100874 -10.97408737
v 80.00000000 -0.00000000 -11.01702240
v 80.00000000 0.97118781 -10.97611122
v 80.00000000 1.93511489 -10.85138174
v 80.00000000 2.88432028 -10.64358882
v 80.00000000 3.81143230 -10.35426794
v 80.00000000 4.70929043 -9.98573381
v 80.00000000 5.57105157 -9.54102127
v 80.00000000 6.39025857 -9.02378433
v 80.00000000 7.16086208 -8.43818101
v 80.00000000 7.87720383 -7.78877470
v 80.00000000 8.53398312 -7.08047457
v 80.00000000 9.12623503 -6.31852181
v 80.00000000 9.64934437 -5.50851120
v 80.00000000 10.09910591 -4.65642415
v 80.00000000 10.47182417 -3.76864533
v 80.00000000 10.76442982 -2.85194103
v 80.00000000 10.97458190 -1.91339138
v 80.00000000 11.10072749 -0.96028530
v 80.00000000 11.14210314 -0.00000000
v 80.00000000 11.09868066 0.96010824
v 80.00000000 10.97107722 1.91278035
v 80.00000000 10.76046055 2.85088940
v 80.00000000 10.46848004 3.76744183
v 80.00000000 10.09724377 4.65556556
v 80.00000000 9.64934437 5.50851120
v 80.00000000 9.12791810 6.31968708
v 80.00000000 8.53670928 7.08273641
v 80.00000000 7.88010954 7.79164779
v 80.00000000 7.16314961 8.44087656
v 80.00000000 6.39143706 9.02544850
v 80.00000000 5.57105157 9.54102127
v 80.00000000 4.70842210 9.98389257
v 80.00000000 3.81021513 10.35096135
v 80.00000000 2.88325671 10.63966410
v 80.00000000 1.93449692 10.84791640
v 80.00000000 0.97100874 10.97408737
v 82.00000000 0.00000000 11.01429389
v 82.00000000 -0.97110995 10.97350172
v 82.00000000 -1.93497379 10.84888067
v 82.00000000 -2.88411763 10.64116392
v 82.00000000 -3.81115439 10.35188145
v 82.00000000 -4.70891286 9.98335976
v 82.00000000 -5.57054965 9.53865832
v 82.00000000 -6.38961943 9.02145996
v 82.00000000 -7.16009386 8.43594619
v 82.00000000 -7.87633781 7.78669117
v 82.00000000 -8.53306758 7.07859934
v 82.00000000 -9.12532226 6.31689427
v 82.00000000 -9.64847502 5.50714695
v 82.00000000 -10.09829622 4.65531711
v 82.00000000 -10.47106062 3.76777672
v 82.00000000 -10.76367355 2.85129128
v 82.00000000 -10.97378170 1.91295037
v 82.00000000 -11.09983749 0.96005700
v 82.00000000 -11.14109930 0.00000000
v 82.00000000 -11.09757061 -0.95986093
v 82.00000000 -10.96990023 -1.91227375
v 82.00000000 -10.75927754 -2.85012678
v 82.00000000 -10.46735697 -3.76644404
v 82.00000000 -10.09623388 -4.65436637
v 82.00000000 -9.64847502 -5.50714695
v 82.00000000 -9.12718627 -6.31818461
v 82.00000000 -8.53608683 -7.08110395
v 82.00000000 -7.87955591 -7.78987264
v 82.00000000 -7.16262731 -8.43893107
v 82.00000000 -6.39092463 -9.02330276
v 82.00000000 -5.57054965 -9.53865832
v 82.00000000 -4.70795118 -9.98132089
v 82.00000000 -3.80980637 -10.34821994
v 82.00000000 -2.88293973 -10.63681794
v 82.00000000 -1.93428939 -10.84504337
v 82.00000000 -0.97091162 -10.97126064
v 82.00000000 -0.00000000 -11.01429389
v 82.00000000 0.97110995 -10.97350172
v 82.00000000 1.93497379 -10.84888067
v 82.00000000 2.88411763 -10.64116392
v 82.00000000 3.81115439 -10.35188145
v 82.00000000 4.70891286 -9.98335976
v 82.00000000 5.57054965 -9.53865832
v 82.00000000 6.38961943 -9.02145996
v 82.00000000 7.16009386 -8.43594619
v 82.00000000 7.87633781 -7.78669117
v 82.00000000 8.53306758 -7.07859934
v 82.00000000 9.12532226 -6.31689427
v 82.00000000 9.64847502 -5.50714695
v 82.00000000 10.09829622 -4.65531711
v 82.00000000 10.47106062 -3.76777672
v 82.00000000 10.76367355 -2.85129128
v 82.00000000 10.97378170 -1.91295037
v 82.00000000 11.09983749 -0.96005700
v 82.00000000 11.14109930 -0.00000000
v 82.00000000 11.09757061 0.95986093
v 82.00000000 10.96990023 1.91227375
v 82.00000000 10.75927754 2.85012678
v 82.00000000 10.46735697 3.76644404
v 82.00000000 10.09623388 4.65436637
v 82.00000000 9.64847502 5.50714695
v 82.00000000 9.12718627 6.31818461
v 82.00000000 8.53608683 7.08110395
v 82.00000000 7.87955591 7.78987264
v 82.00000000 7.16262731 8.43893107
v 82.00000000 6.39092463 9.02330276
v 82.00000000 5.57054965 9.53865832
v 82.00000000 4.70795118 9.98132089
v 82.00000000 3.80980637 10.34821994
v 82.00000000 2.88293973 10.63681794
v 82.00000000 1.93428939 10.84504337
v 82.00000000 0.97091162 10.97126064
v 84.00000000 0.00000000 11.01290406
v 84.00000000 -0.96992239 10.97217248
v 84.00000000 -1.93261468 10.84760664
v 84.00000000 -2.88060523 10.63992869
v 84.00000000 -3.80650785 10.35066579
v 84.00000000 -4.70315438 9.98215045
v 84.00000000 -5.56370936 9.53745468
v 84.00000000 -6.38174113 9.02027600
v 84.00000000 -7.15123910 8.43480785
v 84.00000000 -7.86658663 7.78562989
v 84.00000000 -8.52251489 7.07764416
v 84.00000000 -9.11407087 6.31606525
v 84.00000000 -9.63662730 5.50645203
v 84.00000000 -10.08594712 4.65475320
v 84.00000000 -10.45829436 3.76733425
v 84.00000000 -10.75056508 2.85096030
v 84.00000000 -10.96040252 1.91272573
v 84.00000000 -11.08626361 0.95994071
v 84.00000000 -11.12741873 0.00000000
v 84.00000000 -11.08388747 -0.95973496
v 84.00000000 -10.95633396 -1.91201571
v 84.00000000 -10.74595718 -2.84973832
v 84.00000000 -10.45441218 -3.76593580
v 84.00000000 -10.08378537 -4.65375554
v 84.00000000 -9.63662730 -5.50645203
v 84.00000000 -9.11602473 -6.31741928
v 84.00000000 -8.52567967 -7.08027239
v 84.00000000 -7.86995985 -7.78896839
v 84.00000000 -7.15389467 -8.43794006
v 84.00000000 -6.38310923 -9.02220975
v 84.00000000 -5.56370936 -9.53745468
v 84.00000000 -4.70214634 -9.98001096
v 84.00000000 -3.80509485 -10.34682357
v 84.00000000 -2.87937055 -10.63536822
v 84.00000000 -1.93189729 -10.84357995
v 84.00000000 -0.96971450 -10.96982079
v 84.00000000 -0.00000000 -11.01290406
v 84.00000000 0.96992239 -10.97217248
v 84.00000000 1.93261468 -10.84760664
v 84.00000000 2.88060523 -10.63992869
v 84.00000000 3.80650785 -10.35066579
v 84.00000000 4.70315438 -9.98215045
v 84.00000000 5.56370936 -9.53745468
v 84.00000000 6.38174113 -9.02027600
v 84.00000000 7.15123910 -8.43480785
v 84.00000000 7.86658663 -7.78562989
v 84.00000000 8.52251489 -7.07764416
v 84.00000000 9.11407087 -6.31606525
v 84.00000000 9.63662730 -5.50645203
v 84.00000000 10.08594712 -4.65475320
v 84.00000000 10.45829436 -3.76733425
v 84.00000000 10.75056508 -2.85096030
v 84.00000000 10.96040252 -1.91272573
v 84.00000000 11.08626361 -0.95994071
v 84.00000000 11.12741873 -0.00000000
v 84.00000000 11.08388747 0.95973496
v 84.00000000 10.95633396 1.91201571
v 84.00000000 10.74595718 2.84973832
v 84.00000000 10.45441218 3.76593580
v 84.00000000 10.08378537 4.65375554
v 84.00000000 9.63662730 5.50645203
v 84.00000000 9.11602473 6.31741928
v 84.00000000 8.52567967 7.08027239
v 84.00000000 7.86995985 7.78896839
v 84.00000000 7.15389467 8.43794006
v 84.00000000 6.38310923 9.02220975
v 84.00000000 5.56370936 9.53745468
v 84.00000000 4.70214634 9.98001096
v 84.00000000 3.80509485 10.34682357
v 84.00000000 2.87937055 10.63536822
v 84.00000000 1.93189729 10.84357995
v 84.00000000 0.96971450 10.96982079
v 86.00000000 0.00000000 11.01256391
v 86.00000000 -0.96977059 10.97184716
v 86.00000000 -1.93231397 10.84729484
v 86.00000000 -2.88015797 10.63962638
v 86.00000000 -3.80591557 10.35036827
v 86.00000000 -4.70241833 9.98185449
v 86.00000000 -5.56283176 9.53716011
v 86.00000000 -6.38072659 9.01998624
v 86.00000000 -7.15009576 8.43452926
v 86.00000000 -7.86532631 7.78537016
v 86.00000000 -8.52115231 7.07741039
v 86.00000000 -9.11262196 6.31586236
v 86.00000000 -9.63510723 5.50628196
v 86.00000000 -10.08436865 4.65461519
v 86.00000000 -10.45666708 3.76722596
v 86.00000000 -10.74889589 2.85087930
v 86.00000000 -10.95869711 1.91267075
v 86.00000000 -11.08452860 0.95991224
v 86.00000000 -11.12566351 0.00000000
v 86.00000000 -11.08212541 -0.95970413
v 86.00000000 -10.95458225 -1.91195256
v 86.00000000 -10.74423555 -2.84964326
v 86.00000000 -10.45274072 -3.76581141
v 86.00000000 -10.08218230 -4.65360604
v 86.00000000 -9.63510723 -5.50628196
v 86.00000000 -9.11459806 -6.31723197
v 86.00000000 -8.52435311 -7.08006888
v 86.00000000 -7.86873791 -7.78874708
v 86.00000000 -7.15278155 -8.43769752
v 86.00000000 -6.38211027 -9.02194225
v 86.00000000 -5.56283176 -9.53716011
v 86.00000000 -4.70139882 -9.97969037
v 86.00000000 -3.80448649 -10.34648182
v 86.00000000 -2.87890924 -10.63501342
v 86.00000000 -1.93158841 -10.84322180
v 86.00000000 -0.96956034 -10.96946840
v 86.00000000 -0.00000000 -11.01256391
v 86.00000000 0.96977059 -10.97184716
v 86.00000000 1.93231397 -10.84729484
v 86.00000000 2.88015797 -10.63962638
v 86.00000000 3.80591557 -10.35036827
v 86.00000000 4.70241833 -9.98185449
v 86.00000000 5.56283176 -9.53716011
v 86.00000000 6.38072659 -9.01998624
v 86.00000000 7.15009576 -8.43452926
v 86.00000000 7.86532631 -7.78537016
v 86.00000000 8.52115231 -7.07741039
v 86.00000000 9.11262196 -6.31586236
v 86.00000000 9.63510723 -5.50628196
v 86.00000000 10.08436865 -4.65461519
v 86.00000000 10.45666708 -3.76722596
v 86.00000000 10.74889589 -2.85087930
v 86.00000000 10.95869711 -1.91267075
v 86.00000000 11.08452860 -0.95991224
v 86.00000000 11.12566351 -0.00000000
v 86.00000000 11.08212541 0.95970413
v 86.00000000 10.95458225 1.91195256
v 86.00000000 10.74423555 2.84964326
v 86.00000000 10.45274072 3.76581141
v 86.00000000 10.08218230 4.65360604
v 86.00000000 9.63510723 5.50628196
v 86.00000000 9.11459806 6.31723197
v 86.00000000 8.52435311 7.08006888
v 86.00000000 7.86873791 7.78874708
v 86.00000000 7.15278155 8.43769752
v 86.00000000 6.38211027 9.02194225
v 86.00000000 5.56283176 9.53716011
v 86.00000000 4.70139882 9.97969037
v 86.00000000 3.80448649 10.34648182
v 86.00000000 2.87890924 10.63501342
v 86.00000000 1.93158841 10.84322180
v 86.00000000 0.96956034 10.96946840
v 88.00000000 0.00000000 11.01038154
v 88.00000000 -0.97172505 10.96975990
v 88.00000000 -1.93621956 10.84529426
v 88.00000000 -2.88598547 10.63768671
v 88.00000000 -3.81360807 10.34845934
v 88.00000000 -4.71189547 9.97995556
v 88.00000000 -5.57399873 9.53527012
v 88.00000000 -6.39348468 9.01812716
v 88.00000000 -7.16435055 8.43274184
v 88.00000000 -7.88099026 7.78370375
v 88.00000000 -8.53814051 7.07591057
v 88.00000000 -9.13084241 6.31456062
v 88.00000000 -9.65444900 5.50519077
v 88.00000000 -10.10469245 4.65372971
v 88.00000000 -10.47780206 3.76653117
v 88.00000000 -10.77064441 2.85035956
v 88.00000000 -10.98084679 1.91231799
v 88.00000000 -11.10686810 0.95972963
v 88.00000000 -11.14799746 0.00000000
v 88.00000000 -11.10428382 -0.95950633
v 88.00000000 -10.97642186 -1.91154739
v 88.00000000 -10.76563290 -2.84903331
v 88.00000000 -10.47357983 -3.76501337
v 88.00000000 -10.10234136 -4.65264691
v 88.00000000 -9.65444900 -5.50519077
v 88.00000000 -9.13296741 -6.31603019
v 88.00000000 -8.54158250 -7.07876309
v 88.00000000 -7.88465894 -7.78732715
v 88.00000000 -7.16723872 -8.43614134
v 88.00000000 -6.39497263 -9.02022593
v 88.00000000 -5.57399873 -9.53527012
v 88.00000000 -4.71079914 -9.97763349
v 88.00000000 -3.81207131 -10.34428923
v 88.00000000 -2.88464264 -10.63273706
v 88.00000000 -1.93543933 -10.84092395
v 88.00000000 -0.97149895 -10.96720752
v 88.00000000 -0.00000000 -11.01038154
v 88.00000000 0.97172505 -10.96975990
v 88.00000000 1.93621956 -10.84529426
v 88.00000000 2.88598547 -10.63768671
v 88.00000000 3.81360807 -10.34845934
v 88.00000000 4.71189547 -9.97995556
v 88.00000000 5.57399873 -9.53527012
v 88.00000000 6.39348468 -9.01812716
v 88.00000000 7.16435055 -8.43274184
v 88.00000000 7.88099026 -7.78370375
v 88.00000000 8.53814051 -7.07591057
v 88.00000000 9.13084241 -6.31456062
v 88.00000000 9.65444900 -5.50519077
v 88.00000000 10.10469245 -4.65372971
v 88.00000000 10.47780206 -3.76653117
v 88.00000000 10.77064441 -2.85035956
v 88.00000000 10.98084679 -1.91231799
v 88.00000000 11.10686810 -0.95972963
v 88.00000000 11.14799746 -0.00000000
v 88.00000000 11.10428382 0.95950633
v 88.00000000 10.97642186 1.91154739
v 88.00000000 10.76563290 2.84903331
v 88.00000000 10.47357983 3.76501337
v 88.00000000 10.10234136 4.65264691
v 88.00000000 9.65444900 5.50519077
v 88.00000000 9.13296741 6.31603019
v 88.00000000 8.54158250 7.07876309
v 88.00000000 7.88465894 7.78732715
v 88.00000000 7.16723872 8.43614134
v 88.00000000 6.39497263 9.02022593
v 88.00000000 5.57399873 9.53527012
v 88.00000000 4.71079914 9.97763349
v 88.00000000 3.81207131 10.34428923
v 88.00000000 2.88464264 10.63273706
v 88.00000000 1.93543933 10.84092395
v 88.00000000 0.97149895 10.96720752
v 90.00000000 0.00000000 11.00958298
v 90.00000000 -0.97117384 10.96899613
v 90.00000000 -1.93512535 10.84456220
v 90.00000000 -2.88435677 10.63697694
v 90.00000000 -3.81145290 10.34776082
v 90.00000000 -4.70922265 9.97926071
v 90.00000000 -5.57082070 9.53457854
v 90.00000000 -6.38982087 9.01744690
v 90.00000000 -7.16022976 8.43208781
v 90.00000000 -7.87645114 7.78309400
v 90.00000000 -8.53322955 7.07536178
v 90.00000000 -9.12560994 6.31408430
v 90.00000000 -9.64894450 5.50479149
v 90.00000000 -10.09896057 4.65340569
v 90.00000000 -10.47188078 3.76627693
v 90.00000000 -10.76456601 2.85016938
v 90.00000000 -10.97464123 1.91218891
v 90.00000000 -11.10056773 0.95966281
v 90.00000000 -11.14164141 0.00000000
v 90.00000000 -11.09792047 -0.95943395
v 90.00000000 -10.97010845 -1.91139913
v 90.00000000 -10.75943235 -2.84881013
v 90.00000000 -10.46755565 -3.76472137
v 90.00000000 -10.09655217 -4.65229595
v 90.00000000 -9.64894450 -5.50479149
v 90.00000000 -9.12778673 -6.31559044
v 90.00000000 -8.53675543 -7.07828528
v 90.00000000 -7.88020924 -7.78680756
v 90.00000000 -7.16318833 -8.43557191
v 90.00000000 -6.39134508 -9.01959790
v 90.00000000 -5.57082070 -9.53457854
v 90.00000000 -4.70809960 -9.97688086
v 90.00000000 -3.80987868 -10.34348695
v 90.00000000 -2.88298121 -10.63190413
v 90.00000000 -1.93432610 -10.84008314
v 90.00000000 -0.97094223 -10.96638025
v 90.00000000 -0.00000000 -11.00958298
v 90.00000000 0.97117384 -10.96899613
v 90.00000000 1.93512535 -10.84456220
v 90.00000000 2.88435677 -10.63697694
v 90.00000000 3.81145290 -10.34776082
v 90.00000000 4.70922265 -9.97926071
v 90.00000000 5.57082070 -9.53457854
v 90.00000000 6.38982087 -9.01744690
v 90.00000000 7.16022976 -8.43208781
v 90.00000000 7.87645114 -7.78309400
v 90.00000000 8.53322955 -7.07536178
v 90.00000000 9.12560994 -6.31408430
v 90.00000000 9.64894450 -5.50479149
v 90.00000000 10.09896057 -4.65340569
v 90.00000000 10.47188078 -3.76627693
v 90.00000000 10.76456601 -2.85016938
v 90.00000000 10.97464123 -1.91218891
v 90.00000000 11.10056773 -0.95966281
v 90.00000000 11.14164141 -0.00000000
v 90.00000000 11.09792047 0.95943395
v 90.00000000 10.97010845 1.91139913
v 90.00000000 10.75943235 2.84881013
v 90.00000000 10.46755565 3.76472137
v 90.00000000 10.09655217 4.65229595
v 90.00000000 9.64894450 5.50479149
v 90.00000000 9.12778673 6.31559044
v 90.00000000 8.53675543 7.07828528
v 90.00000000 7.88020924 7.78680756
v 90.00000000 7.16318833 8.43557191
v 90.00000000 6.39134508 9.01959790
v 90.00000000 5.57082070 9.53457854
v 90.00000000 4.70809960 9.97688086
v 90.00000000 3.80987868 10.34348695
v 90.00000000 2.88298121 10.63190413
v 90.00000000 1.93432610 10.84008314
v 90.00000000 0.97094223 10.96638025
v 92.00000000 0.00000000 11.00821531
v 92.00000000 -0.97226540 10.96768805
v 92.00000000 -1.93730742 10.84330842
v 92.00000000 -2.88761304 10.63576132
v 92.00000000 -3.81575073 10.34656447
v 92.00000000 -4.71451565 9.97807065
v 92.00000000 -5.57705437 9.53339411
v 92.00000000 -6.39693917 9.01628186
v 92.00000000 -7.16818020 8.43096770
v 92.00000000 -7.88518633 7.78204972
v 92.00000000 -8.54270451 7.07442188
v 92.00000000 -9.13577593 6.31326853
v 92.00000000 -9.65974153 5.50410765
v 92.00000000 -10.11031144 4.65285076
v 92.00000000 -10.48368896 3.76584149
v 92.00000000 -10.77671858 2.84984366
v 92.00000000 -10.98701632 1.91196783
v 92.00000000 -11.11304437 0.95954837
v 92.00000000 -11.15410875 0.00000000
v 92.00000000 -11.11028362 -0.95930999
v 92.00000000 -10.98228922 -1.91114522
v 92.00000000 -10.77136484 -2.84842789
v 92.00000000 -10.47917841 -3.76422126
v 92.00000000 -10.10779979 -4.65169488
v 92.00000000 -9.65974153 -5.50410765
v 92.00000000 -9.13804604 -6.31483729
v 92.00000000 -8.54638154 -7.07746693
v 92.00000000 -7.88910554 -7.78591767
v 92.00000000 -7.17126560 -8.43459664
v 92.00000000 -6.39852872 -9.01852228
v 92.00000000 -5.57705437 -9.53339411
v 92.00000000 -4.71334445 -9.97559186
v 92.00000000 -3.81410902 -10.34211292
v 92.00000000 -2.88617851 -10.63047761
v 92.00000000 -1.93647390 -10.83864315
v 92.00000000 -0.97202387 -10.96496340
v 92.00000000 -0.00000000 -11.00821531
v 92.00000000 0.97226540 -10.96768805
v 92.00000000 1.93730742 -10.84330842
v 92.00000000 2.88761304 -10.63576132
v 92.00000000 3.81575073 -10.34656447
v 92.00000000 4.71451565 -9.97807065
v 92.00000000 5.57705437 -9.53339411
v 92.00000000 6.39693917 -9.01628186
v 92.00000000 7.16818020 -8.43096770
v 92.00000000 7.88518633 -7.78204972
v 92.00000000 8.54270451 -7.07442188
v 92.00000000 9.13577593 -6.31326853
v 92.00000000 9.65974153 -5.50410765
v 92.00000000 10.11031144 -4.65285076
v 92.00000000 10.48368896 -3.76584149
v 92.00000000 10.77671858 -2.84984366
v 92.00000000 10.98701632 -1.91196783
v 92.00000000 11.11304437 -0.95954837
v 92.00000000 11.15410875 -0.00000000
v 92.00000000 11.11028362 0.95930999
v 92.00000000 10.98228922 1.91114522
v 92.00000000 10.77136484 2.84842789
v 92.00000000 10.47917841 3.76422126
v 92.00000000 10.10779979 4.65169488
v 92.00000000 9.65974153 5.50410765
v 92.00000000 9.13804604 6.31483729
v 92.00000000 8.54638154 7.07746693
v 92.00000000 7.88910554 7.78591767
v 92.00000000 7.17126560 8.43459664
v 92.00000000 6.39852872 9.01852228
v 92.00000000 5.57705437 9.53339411
v 92.00000000 4.71334445 9.97559186
v 92.00000000 3.81410902 10.34211292
v 92.00000000 2.88617851 10.63047761
v 92.00000000 1.93647390 10.83864315
v 92.00000000 0.97202387 10.96496340
v 94.00000000 0.00000000 11.00778465
v 94.00000000 -0.97249296 10.96727615
v 94.00000000 -1.93776306 10.84291362
v 94.00000000 -2.88829340 10.63537854
v 94.00000000 -3.81664817 10.34618776
v 94.00000000 -4.71561907 9.97769592
v 94.00000000 -5.57835093 9.53302115
v 94.00000000 -6.39841632 9.01591501
v 94.00000000 -7.16982722 8.43061499
v 94.00000000 -7.88699478 7.78172090
v 94.00000000 -8.54466734 7.07412593
v 94.00000000 -9.13788551 6.31301166
v 94.00000000 -9.66198724 5.50389233
v 94.00000000 -10.11267773 4.65267602
v 94.00000000 -10.48615465 3.76570438
v 94.00000000 -10.77925771 2.84974109
v 94.00000000 -10.98960040 1.91189822
v 94.00000000 -11.11564535 0.95951233
v 94.00000000 -11.15670187 0.00000000
v 94.00000000 -11.11284915 -0.95927096
v 94.00000000 -10.98481259 -1.91106527
v 94.00000000 -10.77383523 -2.84830753
v 94.00000000 -10.48158618 -3.76406379
v 94.00000000 -10.11013383 -4.65150561
v 94.00000000 -9.66198724 -5.50389233
v 94.00000000 -9.14018477 -6.31460013
v 94.00000000 -8.54839160 -7.07720924
v 94.00000000 -7.89096431 -7.78563745
v 94.00000000 -7.17295223 -8.43428954
v 94.00000000 -6.40002628 -9.01818359
v 94.00000000 -5.57835093 -9.53302115
v 94.00000000 -4.71443283 -9.97518598
v 94.00000000 -3.81498538 -10.34168026
v 94.00000000 -2.88684045 -10.63002843
v 94.00000000 -1.93691884 -10.83818972
v 94.00000000 -0.97224832 -10.96451727
v 94.00000000 -0.00000000 -11.00778465
v 94.00000000 0.97249296 -10.96727615
v 94.00000000 1.93776306 -10.84291362
v 94.00000000 2.88829340 -10.63537854
v 94.00000000 3.81664817 -10.34618776
v 94.00000000 4.71561907 -9.97769592
v 94.00000000 5.57835093 -9.53302115
v 94.00000000 6.39841632 -9.01591501
v 94.00000000 7.16982722 -8.43061499
v 94.00000000 7.88699478 -7.78172090
v 94.00000000 8.54466734 -7.07412593
v 94.00000000 9.13788551 -6.31301166
v 94.00000000 9.66198724 -5.50389233
v 94.00000000 10.11267773 -4.65267602
v 94.00000000 10.48615465 -3.76570438
v 94.00000000 10.77925771 -2.84974109
v 94.00000000 10.98960040 -1.91189822
v 94.00000000 11.11564535 -0.95951233
v 94.00000000 11.15670187 -0.00000000
v 94.00000000 11.11284915 0.95927096
v 94.00000000 10.98481259 1.91106527
v 94.00000000 10.77383523 2.84830753
v 94.00000000 10.48158618 3.76406379
v 94.00000000 10.11013383 4.65150561
v 94.00000000 9.66198724 5.50389233
v 94.00000000 9.14018477 6.31460013
v 94.00000000 8.54839160 7.07720924
v 94.00000000 7.89096431 7.78563745
v 94.00000000 7.17295223 8.43428954
v 94.00000000 6.40002628 9.01818359
v 94.00000000 5.57835093 9.53302115
v 94.00000000 4.71443283 9.97518598
v 94.00000000 3.81498538 10.34168026
v 94.00000000 2.88684045 10.63002843
v 94.00000000 1.93691884 10.83818972
v 94.00000000 0.97224832 10.96451727
v 96.00000000 0.00000000 11.00526251
v 96.00000000 -0.97193842 10.96486384
v 96.00000000 -1.93667110 10.84060142
v 96.00000000 -2.88667289 10.63313671
v 96.00000000 -3.81449743 10.34398148
v 96.00000000 -4.71293012 9.97550127
v 96.00000000 -5.57511891 9.53083691
v 96.00000000 -6.39465050 9.01376657
v 96.00000000 -7.16555925 8.42854942
v 96.00000000 -7.88228053 7.77979518
v 96.00000000 -8.53958098 7.07239271
v 96.00000000 -9.13250736 6.31150730
v 96.00000000 -9.65638920 5.50263125
v 96.00000000 -10.10691125 4.65165264
v 96.00000000 -10.48024555 3.76490136
v 96.00000000 -10.77320990 2.84914039
v 96.00000000 -10.98340760 1.91149052
v 96.00000000 -11.10930696 0.95930128
v 96.00000000 -11.15023781 0.00000000
v 96.00000000 -11.10630862 -0.95904237
v 96.00000000 -10.97827369 -1.91059704
v 96.00000000 -10.76739544 -2.84760267
v 96.00000000 -10.47534683 -3.76314156
v 96.00000000 -10.10418346 -4.65039719
v 96.00000000 -9.65638920 -5.50263125
v 96.00000000 -9.13497283 -6.31321120
v 96.00000000 -8.54357445 -7.07570006
v 96.00000000 -7.88653701 -7.78399632
v 96.00000000 -7.16891017 -8.43249096
v 96.00000000 -6.39637684 -9.01619999
v 96.00000000 -5.57511891 -9.53083691
v 96.00000000 -4.71165813 -9.97280895
v 96.00000000 -3.81271444 -10.33914646
v 96.00000000 -2.88511491 -10.62739785
v 96.00000000 -1.93576585 -10.83553427
v 96.00000000 -0.97167610 -10.96190449
v 96.00000000 -0.00000000 -11.00526251
v 96.00000000 0.97193842 -10.96486384
v 96.00000000 1.93667110 -10.84060142
v 96.00000000 2.88667289 -10.63313671
v 96.00000000 3.81449743 -10.34398148
v 96.00000000 4.71293012 -9.97550127
v 96.00000000 5.57511891 -9.53083691
v 96.00000000 6.39465050 -9.01376657
v 96.00000000 7.16555925 -8.42854942
v 96.00000000 7.88228053 -7.77979518
v 96.00000000 8.53958098 -7.07239271
v 96.00000000 9.13250736 -6.31150730
v 96.00000000 9.65638920 -5.50263125
v 96.00000000 10.10691125 -4.65165264
v 96.00000000 10.48024555 -3.76490136
v 96.00000000 10.77320990 -2.84914039
v 96.00000000 10.98340760 -1.91149052
v 96.00000000 11.10930696 -0.95930128
v 96.00000000 11.15023781 -0.00000000
v 96.00000000 11.10630862 0.95904237
v 96.00000000 10.97827369 1.91059704
v 96.00000000 10.76739544 2.84760267
v 96.00000000 10.47534683 3.76314156
v 96.00000000 10.10418346 4.65039719
v 96.00000000 9.65638920 5.50263125
v 96.00000000 9.13497283 6.31321120
v 96.00000000 8.54357445 7.07570006
v 96.00000000 7.88653701 7.78399632
v 96.00000000 7.16891017 8.43249096
v 96.00000000 6.39637684 9.01619999
v 96.00000000 5.57511891 9.53083691
v 96.00000000 4.71165813 9.97280895
v 96.00000000 3.81271444 10.33914646
v 96.00000000 2.88511491 10.62739785
v 96.00000000 1.93576585 10.83553427
v 96.00000000 0.97167610 10.96190449
v 98.00000000 0.00000000 11.00180237
v 98.00000000 -0.97016970 10.96155430
v 98.00000000 -1.93316458 10.83742917
v 98.00000000 -2.88145602 10.63006100
v 98.00000000 -3.80759094 10.34095456
v 98.00000000 -4.70435362 9.97249036
v 98.00000000 -5.56490341 9.52784034
v 98.00000000 -6.38285302 9.01081918
v 98.00000000 -7.15227362 8.42571575
v 98.00000000 -7.86763948 7.77715339
v 98.00000000 -8.52374778 7.07001498
v 98.00000000 -9.11565881 6.30944352
v 98.00000000 -9.63869544 5.50090119
v 98.00000000 -10.08851890 4.65024862
v 98.00000000 -10.46127013 3.76379965
v 98.00000000 -10.75374028 2.84831626
v 98.00000000 -10.96352115 1.91093116
v 98.00000000 -11.08909046 0.95901174
v 98.00000000 -11.12980681 0.00000000
v 98.00000000 -11.08581861 -0.95872878
v 98.00000000 -10.95791892 -1.90995470
v 98.00000000 -10.74739540 -2.84663571
v 98.00000000 -10.45592454 -3.76187639
v 98.00000000 -10.08554227 -4.64887656
v 98.00000000 -9.63869544 -5.50090119
v 98.00000000 -9.11834919 -6.31130568
v 98.00000000 -8.52810554 -7.07362952
v 98.00000000 -7.87228425 -7.78174474
v 98.00000000 -7.15593022 -8.43002339
v 98.00000000 -6.38473684 -9.01347862
v 98.00000000 -5.56490341 -9.52784034
v 98.00000000 -4.70296560 -9.96954796
v 98.00000000 -3.80564530 -10.33567045
v 98.00000000 -2.87975592 -10.62378909
v 98.00000000 -1.93217676 -10.83189137
v 98.00000000 -0.96988345 -10.95832008
v 98.00000000 -0.00000000 -11.00180237
v 98.00000000 0.97016970 -10.96155430
v 98.00000000 1.93316458 -10.83742917
v 98.00000000 2.88145602 -10.63006100
v 98.00000000 3.80759094 -10.34095456
v 98.00000000 4.70435362 -9.97249036
v 98.00000000 5.56490341 -9.52784034
v 98.00000000 6.38285302 -9.01081918
v 98.00000000 7.15227362 -8.42571575
v 98.00000000 7.86763948 -7.77715339
v 98.00000000 8.52374778 -7.07001498
v 98.00000000 9.11565881 -6.30944352
v 98.00000000 9.63869544 -5.50090119
v 98.00000000 10.08851890 -4.65024862
v 98.00000000 10.46127013 -3.76379965
v 98.00000000 10.75374028 -2.84831626
v 98.00000000 10.96352115 -1.91093116
v 98.00000000 11.08909046 -0.95901174
v 98.00000000 11.12980681 -0.00000000
v 98.00000000 11.08581861 0.95872878
v 98.00000000 10.95791892 1.90995470
v 98.00000000 10.74739540 2.84663571
v 98.00000000 10.45592454 3.76187639
v 98.00000000 10.08554227 4.64887656
v 98.00000000 9.63869544 5.50090119
v 98.00000000 9.11834919 6.31130568
v 98.00000000 8.52810554 7.07362952
v 98.00000000 7.87228425 7.78174474
v 98.00000000 7.15593022 8.43002339
v 98.00000000 6.38473684 9.01347862
v 98.00000000 5.56490341 9.52784034
v 98.00000000 4.70296560 9.96954796
v 98.00000000 3.80564530 10.33567045
v 98.00000000 2.87975592 10.62378909
v 98.00000000 1.93217676 10.83189137
v 98.00000000 0.96988345 10.95832008
v 100.00000000 0.00000000 11.00063676
v 100.00000000 -0.97117356 10.96043940
v 100.00000000 -1.93517087 10.83636051
v 100.00000000 -2.88444974 10.62902484
v 100.00000000 -3.81154255 10.33993485
v 100.00000000 -4.70922131 9.97147605
v 100.00000000 -5.57063791 9.52683089
v 100.00000000 -6.38940331 9.00982631
v 100.00000000 -7.15959130 8.42476120
v 100.00000000 -7.87568012 7.77626347
v 100.00000000 -8.53246865 7.06921401
v 100.00000000 -9.12501361 6.30874830
v 100.00000000 -9.64862789 5.50031838
v 100.00000000 -10.09895768 4.64977565
v 100.00000000 -10.47212709 3.76342851
v 100.00000000 -10.76491299 2.84803862
v 100.00000000 -10.97489936 1.91074273
v 100.00000000 -11.10056456 0.95891419
v 100.00000000 -11.14127582 0.00000000
v 100.00000000 -11.09719525 -0.95862314
v 100.00000000 -10.96913025 -1.90973832
v 100.00000000 -10.75837912 -2.84630998
v 100.00000000 -10.46662227 -3.76145021
v 100.00000000 -10.09589239 -4.64836432
v 100.00000000 -9.64862789 -5.50031838
v 100.00000000 -9.12778413 -6.31066375
v 100.00000000 -8.53695622 -7.07293200
v 100.00000000 -7.88046325 -7.78098622
v 100.00000000 -7.16335682 -8.42919212
v 100.00000000 -6.39134325 -9.01256186
v 100.00000000 -5.57063791 -9.52683089
v 100.00000000 -4.70779194 -9.96844945
v 100.00000000 -3.80953896 -10.33449952
v 100.00000000 -2.88269900 -10.62257345
v 100.00000000 -1.93415362 -10.83066422
v 100.00000000 -0.97087878 -10.95711262
v 100.00000000 -0.00000000 -11.00063676
v 100.00000000 0.97117356 -10.96043940
v 100.00000000 1.93517087 -10.83636051
v 100.00000000 2.88444974 -10.62902484
v 100.00000000 3.81154255 -10.33993485
v 100.00000000 4.70922131 -9.97147605
v 100.00000000 5.57063791 -9.52683089
v 100.00000000 6.38940331 -9.00982631
v 100.00000000 7.15959130 -8.42476120
v 100.00000000 7.87568012 -7.77626347
v 100.00000000 8.53246865 -7.06921401
v 100.00000000 9.12501361 -6.30874830
v 100.00000000 9.64862789 -5.50031838
v 100.00000000 10.09895768 -4.64977565
v 100.00000000 10.47212709 -3.76342851
v 100.00000000 10.76491299 -2.84803862
v 100.00000000 10.97489936 -1.91074273
v 100.00000000 11.10056456 -0.95891419
v 100.00000000 11.14127582 -0.00000000
v 100.00000000 11.09719525 0.95862314
v 100.00000000 10.96913025 1.90973832
v 100.00000000 10.75837912 2.84630998
v 100.00000000 10.46662227 3.76145021
v 100.00000000 10.09589239 4.64836432
v 100.00000000 9.64862789 5.50031838
v 100.00000000 9.12778413 6.31066375
v 100.00000000 8.53695622 7.07293200
v 100.00000000 7.88046325 7.78098622
v 100.00000000 7.16335682 8.42919212
v 100.00000000 6.39134325 9.01256186
v 100.00000000 5.57063791 9.52683089
v 100.00000000 4.70779194 9.96844945
v 100.00000000 3.80953896 10.33449952
v 100.00000000 2.88269900 10.62257345
v 100.00000000 1.93415362 10.83066422
v 100.00000000 0.97087878 10.95711262
v 100.09615237 0.00000000 11.01797026
v 100.09579484 -0.97075794 10.97700099
v 100.09470591 -1.93425133 10.85222191
v 100.09289226 -2.88302928 10.64439872
v 100.09036732 -3.80973141 10.35506962
v 100.08715124 -4.70720599 9.98654329
v 100.08327039 -5.56861339 9.54184214
v 100.07875654 -6.38749362 9.02460558
v 100.07364586 -7.15778977 8.43897969
v 100.06797813 -7.87383468 7.78952230
v 100.06179621 -8.53032168 7.08114475
v 100.05514592 -9.12228628 6.31909686
v 100.04807618 -9.64512131 5.50898513
v 100.04063929 -10.09463582 4.65680161
v 100.03289102 -10.46715102 3.76893712
v 100.02489041 -10.75961176 2.85215804
v 100.01669921 -10.96968439 1.91353952
v 100.00838096 -11.09581406 0.96036315
v 100.00000000 -11.13722677 0.00000000
v 99.99162050 -11.09387847 -0.96019562
v 99.98330584 -10.96637016 -1.91296139
v 99.97511828 -10.75585819 -2.85116304
v 99.96711892 -10.46398862 -3.76779842
v 99.95936780 -10.09287488 -4.65598926
v 99.95192382 -9.64512131 -5.50898513
v 99.94484446 -9.12387788 -6.32019938
v 99.93818511 -8.53289969 -7.08328479
v 99.93199815 -7.87658248 -7.79224068
v 99.92633188 -7.15995298 -8.44153010
v 99.92122972 -6.38860807 -9.02618014
v 99.91672961 -5.56861339 -9.54184214
v 99.91286396 -4.70638485 -9.98480120
v 99.90965998 -3.80858039 -10.35194108
v 99.90714015 -2.88202352 -10.64068534
v 99.90532271 -1.93366694 -10.84894317
v 99.90422187 -0.97058860 -10.97508612
v 99.90384763 -0.00000000 -11.01797026
v 99.90420516 0.97075794 -10.97700099
v 99.90529409 1.93425133 -10.85222191
v 99.90710774 2.88302928 -10.64439872
v 99.90963268 3.80973141 -10.35506962
v 99.91284876 4.70720599 -9.98654329
v 99.91672961 5.56861339 -9.54184214
v 99.92124346 6.38749362 -9.02460558
v 99.92635414 7.15778977 -8.43897969
v 99.93202187 7.87383468 -7.78952230
v 99.93820379 8.53032168 -7.08114475
v 99.94485408 9.12228628 -6.31909686
v 99.95192382 9.64512131 -5.50898513
v 99.95936071 10.09463582 -4.65680161
v 99.96710898 10.46715102 -3.76893712
v 99.97510959 10.75961176 -2.85215804
v 99.98330079 10.96968439 -1.91353952
v 99.99161904 11.09581406 -0.96036315
v 100.00000000 11.13722677 -0.00000000
v 100.00837950 11.09387847 0.96019562
v 100.01669416 10.96637016 1.91296139
v 100.02488172 10.75585819 2.85116304
v 100.03288108 10.46398862 3.76779842
v 100.04063220 10.09287488 4.65598926
v 100.04807618 9.64512131 5.50898513
v 100.05515554 9.12387788 6.32019938
v 100.06181489 8.53289969 7.08328479
v 100.06800185 7.87658248 7.79224068
v 100.07366812 7.15995298 8.44153010
v 100.07877028 6.38860807 9.02618014
v 100.08327039 5.56861339 9.54184214
v 100.08713604 4.70638485 9.98480120
v 100.09034002 3.80858039 10.35194108
v 100.09285985 2.88202352 10.64068534
v 100.09467729 1.93366694 10.84894317
v 100.09577813 0.97058860 10.97508612
v 101.07363625 0.00000000 11.00203738
v 101.07257029 -0.97040020 10.96133018
v 101.06930979 -1.93356797 10.83681653
v 101.06387359 -2.88202680 10.62921642
v 101.05630166 -3.80838546 10.34005601
v 101.04665508 -4.70547128 9.97166805
v 101.03501433 -5.56644535 9.52712564
v 101.02147625 -6.38487383 9.01012757
v 101.00615069 -7.15474499 8.42486790
v 100.98915754 -7.87044138 7.77592565
v 100.97062511 -8.52669305 7.06820078
v 100.95068987 -9.11854484 6.30690455
v 100.92949727 -9.64136617 5.49759183
v 100.90720298 -10.09091572 4.64620740
v 100.88397361 -10.46345305 3.75911344
v 100.85998624 -10.75587044 2.84307269
v 100.83542660 -10.96580888 1.90517792
v 100.81048608 -11.09172500 0.95273803
v 100.78535829 -11.13289071 -0.00685372
v 100.76023592 -11.08932839 -0.96623813
v 100.73530872 -10.96170528 -1.91816984
v 100.71076259 -10.75122287 -2.85554868
v 100.68677987 -10.45953744 -3.77141158
v 100.66353992 -10.08873536 -4.65890944
v 100.64121931 -9.64136617 -5.51129927
v 100.61999098 -9.12051552 -6.32197650
v 100.60002211 -8.52988508 -7.08455681
v 100.58147094 -7.87384364 -7.79299745
v 100.56448323 -7.15742342 -8.44173181
v 100.54918930 -6.38625372 -9.02578374
v 100.53570225 -5.56644535 -9.54083308
v 100.52411796 -4.70445456 -9.98321941
v 100.51451631 -3.80696029 -10.34989145
v 100.50696334 -2.88078149 -10.63832805
v 100.50151305 -1.93284440 -10.84646608
v 100.49820834 -0.97019052 -10.97266771
v 100.49708033 -0.00000000 -11.01574482
v 100.49814629 0.97040020 -10.97503762
v 100.50140679 1.93356797 -10.85052397
v 100.50684299 2.88202680 -10.64292385
v 100.51441492 3.80838546 -10.35376344
v 100.52406150 4.70547128 -9.98537549
v 100.53570225 5.56644535 -9.54083308
v 100.54924033 6.38487383 -9.02383500
v 100.56456589 7.15474499 -8.43857533
v 100.58155904 7.87044138 -7.78963309
v 100.60009147 8.52669305 -7.08190821
v 100.62002671 9.11854484 -6.32061198
v 100.64121931 9.64136617 -5.51129927
v 100.66351360 10.09091572 -4.65991484
v 100.68674297 10.46345305 -3.77282088
v 100.71073034 10.75587044 -2.85678012
v 100.73528998 10.96580888 -1.91888535
v 100.76023050 11.09172500 -0.96644547
v 100.78535829 11.13289071 -0.00685372
v 100.81048065 11.08932839 0.95253069
v 100.83540786 10.96170528 1.90446240
v 100.85995399 10.75122287 2.84184124
v 100.88393671 10.45953744 3.75770415
v 100.90717666 10.08873536 4.64520201
v 100.92949727 9.64136617 5.49759183
v 100.95072560 9.12051552 6.30826907
v 100.97069447 8.52988508 7.07084938
v 100.98924564 7.87384364 7.77929001
v 101.00623335 7.15742342 8.42802437
v 101.02152728 6.38625372 9.01207630
v 101.03501433 5.56644535 9.52712564
v 101.04659862 4.70445456 9.96951198
v 101.05620026 3.80696029 10.33618402
v 101.06375324 2.88078149 10.62462061
v 101.06920353 1.93284440 10.83275865
v 101.07250823 0.97019052 10.95896027
v 102.05037821 0.00000000 10.96412388
v 102.04862222 -0.96991319 10.92390517
v 102.04320760 -1.93265239 10.79989003
v 102.03416208 -2.88069200 10.59271349
v 102.02155131 -3.80658211 10.30387931
v 102.00547908 -4.70310977 9.93576486
v 101.98608368 -5.56343619 9.49153719
v 101.96353141 -6.38117492 8.97500520
v 101.93800926 -7.15039715 8.39045190
v 101.90971887 -7.86557691 7.74249542
v 101.87887324 -8.52151149 7.03601436
v 101.84569677 -9.11326224 6.27614815
v 101.81042778 -9.63615414 5.46835555
v 101.77332199 -10.08585146 4.61849325
v 101.73465484 -10.45849840 3.73287002
v 101.69472130 -10.75088891 2.81824147
v 101.65383245 -10.96061636 1.88173283
v 101.61230961 -11.08615847 0.93070339
v 101.57047735 -11.12687238 -0.02741278
v 101.52865738 -11.08290407 -0.98524770
v 101.48716463 -10.95504401 -1.93558779
v 101.44630634 -10.74457788 -2.87139657
v 101.40638333 -10.45318132 -3.78578387
v 101.36769226 -10.08289070 -4.67195499
v 101.33052692 -9.63615414 -5.52318112
v 101.29517712 -9.11593827 -6.33282471
v 101.26192459 -8.52584601 -7.09443279
v 101.23103657 -7.87019691 -7.80188480
v 101.20275849 -7.15403425 -8.44955927
v 101.17730788 -6.38304869 -9.03247425
v 101.15487102 -5.56343619 -9.54636276
v 101.13560332 -4.70172915 -9.98766568
v 101.11963272 -3.80464686 -10.35345247
v 101.10706482 -2.87900097 -10.64130478
v 101.09798744 -1.93166983 -10.84921102
v 101.09247285 -0.96962846 -10.97551592
v 101.09057650 -0.00000000 -11.01894945
v 101.09233248 0.96991319 -10.97873074
v 101.09774710 1.93265239 -10.85471560
v 101.10679262 2.88069200 -10.64753905
v 101.11940340 3.80658211 -10.35870488
v 101.13547562 4.70310977 -9.99059043
v 101.15487102 5.56343619 -9.54636276
v 101.17742329 6.38117492 -9.02983077
v 101.20294544 7.15039715 -8.44527746
v 101.23123583 7.86557691 -7.79732099
v 101.26208146 8.52151149 -7.09083993
v 101.29525794 9.11326224 -6.33097372
v 101.33052692 9.63615414 -5.52318112
v 101.36763271 10.08585146 -4.67331882
v 101.40629986 10.45849840 -3.78769559
v 101.44623340 10.75088891 -2.87306704
v 101.48712225 10.96061636 -1.93655840
v 101.52864510 11.08615847 -0.98552896
v 101.57047735 11.12687238 -0.02741278
v 101.61229733 11.08290407 0.93042213
v 101.65379007 10.95504401 1.88076222
v 101.69464837 10.74457788 2.81657100
v 101.73457138 10.45318132 3.73095830
v 101.77326244 10.08289070 4.61712942
v 101.81042778 9.63615414 5.46835555
v 101.84577758 9.11593827 6.27799914
v 101.87903011 8.52584601 7.03960722
v 101.90991813 7.87019691 7.74705923
v 101.93819621 7.15403425 8.39473370
v 101.96364683 6.38304869 8.97764869
v 101.98608368 5.56343619 9.49153719
v 102.00535138 4.70172915 9.93284011
v 102.02132198 3.80464686 10.29862690
v 102.03388988 2.87900097 10.58647921
v 102.04296727 1.93166983 10.79438545
v 102.04848186 0.96962846 10.92069035
v 103.02550731 0.00000000 10.89909692
v 103.02310473 -0.96963782 10.85981501
v 103.01557677 -1.93221040 10.73673407
v 103.00295223 -2.88009141 10.53032456
v 102.98532043 -3.80571156 10.24204720
v 102.96283211 -4.70177450 9.87436645
v 102.93569218 -5.56143692 9.43063247
v 102.90414671 -6.37840022 8.91486869
v 102.86846830 -7.14689284 8.33153170
v 102.82894410 -7.86156298 7.68531676
v 102.78587005 -8.51733522 6.98106230
v 102.73955205 -9.10929956 6.22376977
v 102.69031267 -9.63269131 5.41871299
v 102.63849976 -10.08298796 4.57157939
v 102.58449295 -10.45610658 3.68857577
v 102.52870468 -10.74864747 2.77644570
v 102.47157473 -10.95810971 1.84237922
v 102.41355929 -11.08301097 0.89383527
v 102.35511803 -11.12287384 -0.06167094
v 102.29670274 -11.07808493 -1.01675245
v 102.23875097 -10.94967509 -1.96425551
v 102.18168565 -10.73909475 -2.89726524
v 102.12591967 -10.44805837 -3.80903102
v 102.07186226 -10.07850640 -4.69286193
v 102.01992339 -9.63269131 -5.54205486
v 101.97051306 -9.11335014 -6.34990656
v 101.92403420 -8.52389618 -7.10982924
v 101.88087048 -7.86855606 -7.81554979
v 101.84137233 -7.15239814 -8.46133892
v 101.80584521 -6.38123647 -9.04220211
v 101.77454388 -5.56143692 -9.55397435
v 101.74767406 -4.69968472 -9.99329208
v 101.72540071 -3.80278225 -10.35745815
v 101.70785959 -2.87753177 -10.64425294
v 101.69516765 -1.93072315 -10.85176426
v 101.68742823 -0.96920685 -10.97830264
v 101.68472875 -0.00000000 -11.02243879
v 101.68713133 0.96963782 -10.98315688
v 101.69465929 1.93221040 -10.86007595
v 101.70728383 2.88009141 -10.65366643
v 101.72491563 3.80571156 -10.36538907
v 101.74740395 4.70177450 -9.99770832
v 101.77454388 5.56143692 -9.55397435
v 101.80608935 6.37840022 -9.03821056
v 101.84176777 7.14689284 -8.45487357
v 101.88129196 7.86156298 -7.80865864
v 101.92436601 8.51733522 -7.10440417
v 101.97068401 9.10929956 -6.34711165
v 102.01992339 9.63269131 -5.54205486
v 102.07173630 10.08298796 -4.69492126
v 102.12574312 10.45610658 -3.81191764
v 102.18153138 10.74864747 -2.89978758
v 102.23866133 10.95810971 -1.96572109
v 102.29667677 11.08301097 -1.01717715
v 102.35511803 11.12287384 -0.06167094
v 102.41353332 11.07808493 0.89341058
v 102.47148509 10.94967509 1.84091364
v 102.52855041 10.73909475 2.77392337
v 102.58431639 10.44805837 3.68568915
v 102.63837381 10.07850640 4.56952006
v 102.69031267 9.63269131 5.41871299
v 102.73972300 9.11335014 6.22656469
v 102.78620186 8.52389618 6.98648737
v 102.82936558 7.86855606 7.69220792
v 102.86886373 7.15239814 8.33799705
v 102.90439085 6.38123647 8.91886024
v 102.93569218 5.56143692 9.43063247
v 102.96256200 4.69968472 9.86995020
v 102.98483535 3.80278225 10.23411628
v 103.00237647 2.87753177 10.52091107
v 103.01506841 1.93072315 10.72842239
v 103.02280783 0.96920685 10.85496077
v 103.99874132 0.00000000 10.81390645
v 103.99573485 -0.96946356 10.77570566
v 103.98613420 -1.93198622 10.65371791
v 103.96996155 -2.87982438 10.44822485
v 103.94732794 -3.80527001 10.16063760
v 103.91843517 -4.70092951 9.79352005
v 103.88356336 -5.55995336 9.35043171
v 103.84304847 -6.37614328 8.83564120
v 103.79725684 -7.14390821 8.25380341
v 103.74656489 -7.85809636 7.60970112
v 103.69134972 -8.51377828 6.90812586
v 103.63199243 -9.10607632 6.15392000
v 103.56889132 -9.63012170 5.35214436
v 103.50247864 -10.08117587 4.50829125
v 103.43323359 -10.45489343 3.62844950
v 103.36168572 -10.74765091 2.71934766
v 103.28840665 -10.95683831 1.78824874
v 103.21399229 -11.08101916 0.84272466
v 103.13904132 -11.11990671 -0.10961774
v 103.06413671 -11.07416507 -1.06137107
v 102.98983597 -10.94510238 -2.00545140
v 102.91667226 -10.73435925 -2.93508454
v 102.84516416 -10.44369513 -3.84368111
v 102.77582880 -10.07494022 -4.72467035
v 102.70919132 -9.63012170 -5.57137983
v 102.64578511 -9.11171231 -6.37703215
v 102.58614070 -8.52290721 -7.13488614
v 102.53076549 -7.86782653 -7.83849493
v 102.48012002 -7.15156830 -8.48200660
v 102.43459844 -6.38008965 -9.06041313
v 102.39451928 -5.55995336 -9.56966718
v 102.36012956 -4.69802178 -10.00663001
v 102.33162045 -3.80119416 -10.36887254
v 102.30914869 -2.87626289 -10.65440340
v 102.29285576 -1.92991686 -10.86142471
v 102.28287769 -0.96886390 -10.98820810
v 102.27934132 -0.00000000 -11.03314192
v 102.28234779 0.96946356 -10.99494114
v 102.29194843 1.93198622 -10.87295338
v 102.30812109 2.87982438 -10.66746033
v 102.33075469 3.80527001 -10.37987308
v 102.35964747 4.70092951 -10.01275553
v 102.39451928 5.55995336 -9.56966718
v 102.43503417 6.37614328 -9.05487668
v 102.48082580 7.14390821 -8.47303888
v 102.53151775 7.85809636 -7.82893660
v 102.58673292 8.51377828 -7.12736134
v 102.64609021 9.10607632 -6.37315548
v 102.70919132 9.63012170 -5.57137983
v 102.77560400 10.08117587 -4.72752673
v 102.84484905 10.45489343 -3.84768498
v 102.91639691 10.74765091 -2.93858313
v 102.98967599 10.95683831 -2.00748422
v 103.06409035 11.08101916 -1.06196013
v 103.13904132 11.11990671 -0.10961774
v 103.21394593 11.07416507 0.84213559
v 103.28824666 10.94510238 1.78621592
v 103.36141038 10.73435925 2.71584906
v 103.43291848 10.44369513 3.62444564
v 103.50225384 10.07494022 4.50543488
v 103.56889132 9.63012170 5.35214436
v 103.63229753 9.11171231 6.15779667
v 103.69194193 8.52290721 6.91565067
v 103.74731715 7.86782653 7.61925946
v 103.79796261 7.15156830 8.26277112
v 103.84348419 6.38008965 8.84117766
v 103.88356336 5.55995336 9.35043171
v 103.91795308 4.69802178 9.78739453
v 103.94646218 3.80119416 10.14963707
v 103.96893395 2.87626289 10.43516792
v 103.98522688 1.92991686 10.64218923
v 103.99520495 0.96886390 10.76897262
v 104.96941481 0.00000000 10.70649264
v 104.96586293 -0.96937635 10.66960499
v 104.95424516 -1.93196275 10.54894984
v 104.93456658 -2.87987140 10.34457995
v 104.90695726 -3.80522379 10.05784616
v 104.87167566 -4.70050663 9.69143280
v 104.82908896 -5.55886192 9.24915299
v 104.77963678 -6.37421313 8.73557248
v 104.72379046 -7.14118884 8.15558625
v 104.66202072 -7.85488087 7.51408299
v 104.59478344 -8.51053745 6.81579706
v 104.52252627 -9.10331977 6.06537766
v 104.44571162 -9.62823128 5.26762703
v 104.36484553 -10.08026901 4.42780061
v 104.28050048 -10.45476644 3.55184378
v 104.19332256 -10.74782637 2.64646650
v 104.10401961 -10.95670522 1.71901987
v 104.01333386 -11.08002235 0.77721233
v 103.92200842 -11.11772385 -0.17123859
v 103.83075890 -11.07081275 -1.11890116
v 103.74025919 -10.94093605 -2.05877654
v 103.65114512 -10.72996682 -2.98426152
v 103.56403232 -10.43971967 -3.88896260
v 103.47953940 -10.07189039 -4.76645511
v 103.39830523 -9.62823128 -5.61010420
v 103.32099102 -9.11089266 -6.41304296
v 103.24826374 -8.52280369 -7.16834465
v 103.18076441 -7.86795497 -7.86935204
v 103.11907078 -7.15148143 -8.51006487
v 103.06366662 -6.37951572 -9.08545906
v 103.01492789 -5.55886192 -9.59163016
v 102.97313054 -4.69659962 -10.02571222
v 102.93847715 -3.79974722 -10.38560137
v 102.91113282 -2.87508594 -10.66958309
v 102.89125730 -1.92918222 -10.87599825
v 102.87902156 -0.96857061 -11.00307136
v 102.87460204 -0.00000000 -11.04896981
v 102.87815391 0.96937635 -11.01208216
v 102.88977168 1.93196275 -10.89142702
v 102.90945027 2.87987140 -10.68705712
v 102.93705959 3.80522379 -10.40032333
v 102.97234118 4.70050663 -10.03390998
v 103.01492789 5.55886192 -9.59163016
v 103.06438006 6.37421313 -9.07804965
v 103.12022639 7.14118884 -8.49806342
v 103.18199612 7.85488087 -7.85656016
v 103.24923341 8.51053745 -7.15827423
v 103.32149058 9.10331977 -6.40785483
v 103.39830523 9.62823128 -5.61010420
v 103.47917132 10.08026901 -4.77027779
v 103.56351637 10.45476644 -3.89432096
v 103.65069428 10.74782637 -2.98894367
v 103.73999724 10.95670522 -2.06149704
v 103.83068299 11.08002235 -1.11968950
v 103.92200842 11.11772385 -0.17123859
v 104.01325795 11.07081275 0.77642399
v 104.10375766 10.94093605 1.71629936
v 104.19287172 10.72996682 2.64178435
v 104.27998453 10.43971967 3.54648543
v 104.36447745 10.07189039 4.42397794
v 104.44571162 9.62823128 5.26762703
v 104.52302583 9.11089266 6.07056579
v 104.59575311 8.52280369 6.82586747
v 104.66325244 7.86795497 7.52687486
v 104.72494607 7.15148143 8.16758770
v 104.78035023 6.37951572 8.74298189
v 104.82908896 5.55886192 9.24915299
v 104.87088631 4.69659962 9.68323505
v 104.90553969 3.79974722 10.04312420
v 104.93288402 2.87508594 10.32710592
v 104.95275954 1.92918222 10.53352107
v 104.96499529 0.96857061 10.66059419
v 105.93802687 0.00000000 10.58632358
v 105.93395370 -0.96926889 10.55057385
v 105.92034351 -1.93187759 10.43111871
v 105.89718009 -2.87981481 10.22781599
v 105.86461142 -3.80505606 9.94196451
v 105.82295488 -4.69998557 9.57634969
v 105.77266925 -5.55773829 9.13499844
v 105.71430330 -6.37234235 8.62272700
v 105.64843770 -7.13861502 8.04463208
v 105.57563943 -7.85185733 7.40568987
v 105.49644206 -8.50747010 6.71058350
v 105.41135628 -9.10064803 5.96379519
v 105.32090386 -9.62628509 5.16990443
v 105.22566027 -10.07915158 4.33396219
v 105.12628862 -10.45430561 3.46178846
v 105.02355121 -10.74761520 2.56007374
v 104.91829367 -10.95622227 1.63624015
v 104.81140703 -11.07879410 0.69810814
v 104.70378085 -11.11547657 -0.24651471
v 104.59626377 -11.06756356 -1.19017999
v 104.48964452 -10.93699274 -2.12596510
v 104.38465846 -10.72583658 -3.04741598
v 104.28201462 -10.43595701 -3.94830935
v 104.18243045 -10.06893437 -4.82234839
v 104.08665784 -9.62628509 -5.66293385
v 103.99548742 -9.10988269 -6.46312637
v 103.90972597 -8.52242802 -7.21584496
v 103.83015197 -7.86780039 -7.91425695
v 103.75746309 -7.15116621 -8.55223907
v 103.69223300 -6.37880853 -9.12475626
v 103.63489244 -5.55773829 -9.62802786
v 103.58574132 -4.69522121 -10.05942170
v 103.54498767 -3.79837772 -10.41711189
v 103.51279987 -2.87397925 -10.69962056
v 103.48935341 -1.92848691 -10.90540756
v 103.47485502 -0.96828634 -11.03265829
v 103.46953483 -0.00000000 -11.07935300
v 103.47360799 0.96926889 -11.04360326
v 103.48721819 1.93187759 -10.92414813
v 103.51038161 2.87981481 -10.72084540
v 103.54295027 3.80505606 -10.43499393
v 103.58460682 4.69998557 -10.06937911
v 103.63489244 5.55773829 -9.62802786
v 103.69325840 6.37234235 -9.11575641
v 103.75912399 7.13861502 -8.53766149
v 103.83192226 7.85185733 -7.89871929
v 103.91111963 8.50747010 -7.20361292
v 103.99620541 9.10064803 -6.45682461
v 104.08665784 9.62628509 -5.66293385
v 104.18190143 10.07915158 -4.82699160
v 104.28127307 10.45430561 -3.95481788
v 104.38401048 10.74761520 -3.05310316
v 104.48926803 10.95622227 -2.12926957
v 104.59615467 11.07879410 -1.19113756
v 104.70378085 11.11547657 -0.24651471
v 104.81129793 11.06756356 0.69715058
v 104.91791717 10.93699274 1.63293568
v 105.02290324 10.72583658 2.55438656
v 105.12554707 10.43595701 3.45527993
v 105.22513124 10.06893437 4.32931897
v 105.32090386 9.62628509 5.16990443
v 105.41207428 9.10988269 5.97009695
v 105.49783573 8.52242802 6.72281554
v 105.57740972 7.86780039 7.42122754
v 105.65009860 7.15116621 8.05920965
v 105.71532870 6.37880853 8.63172684
v 105.77266925 5.55773829 9.13499844
v 105.82182037 4.69522121 9.56639228
v 105.86257402 3.79837772 9.92408247
v 105.89476182 2.87397925 10.20659114
v 105.91820829 1.92848691 10.41237814
v 105.93270668 0.96828634 10.53962887
v 106.90477289 0.00000000 10.45550339
v 106.90018173 -0.96918764 10.42063011
v 106.88458523 -1.93181261 10.30216288
v 106.85794553 -2.87977082 10.09981426
v 106.82042839 -3.80492807 9.81484330
v 106.77241015 -4.69959158 9.45010858
v 106.71444155 -5.55689103 9.00979336
v 106.64718076 -6.37093320 8.49889691
v 106.57131805 -7.13667715 7.92266245
v 106.48751664 -7.84958112 7.28612753
v 106.39638756 -8.50516063 6.59393342
v 106.29850405 -9.09863555 5.85043434
v 106.19444667 -9.62481760 5.06004011
v 106.08485980 -10.07830668 4.22764522
v 105.97049676 -10.45395395 3.35897169
v 105.85223577 -10.74745101 2.46069027
v 105.73106018 -10.95585373 1.54027025
v 105.60800976 -11.07786540 0.60560955
v 105.48412045 -11.11378206 -0.33542318
v 105.36037373 -11.06511613 -1.27537289
v 105.23767277 -10.93402375 -2.20737921
v 105.11685196 -10.72272723 -3.12510435
v 104.99871327 -10.43312403 -4.02245681
v 104.88407248 -10.06670777 -4.89324004
v 104.77379424 -9.62481760 -5.73088646
v 104.66879852 -9.10911904 -6.52840807
v 104.57003199 -8.52214134 -7.27861436
v 104.47841070 -7.86768019 -7.97454717
v 104.39475225 -7.15092566 -8.60999622
v 104.31972007 -6.37827382 -9.17992220
v 104.25379936 -5.55689103 -9.68063971
v 104.19731342 -4.69418293 -10.10969297
v 104.15047517 -3.79734660 -10.46546483
v 104.11345577 -2.87314610 -10.74665505
v 104.08644616 -1.92796339 -10.95181341
v 104.06968889 -0.96807222 -11.07909755
v 104.06346802 -0.00000000 -11.12634974
v 104.06805917 0.96918764 -11.09147646
v 104.08365568 1.93181261 -10.97300923
v 104.11029538 2.87977082 -10.77066062
v 104.14781252 3.80492807 -10.48568965
v 104.19583076 4.69959158 -10.12095493
v 104.25379936 5.55689103 -9.68063971
v 104.32106015 6.37093320 -9.16974326
v 104.39692286 7.13667715 -8.59350880
v 104.48072427 7.84958112 -7.95697388
v 104.57185335 8.50516063 -7.26477978
v 104.66973686 9.09863555 -6.52128069
v 104.77379424 9.62481760 -5.73088646
v 104.88338110 10.07830668 -4.89849157
v 104.99774414 10.45395395 -4.02981804
v 105.11600513 10.74745101 -3.13153662
v 105.23718073 10.95585373 -2.21111661
v 105.36023114 11.07786540 -1.27645590
v 105.48412045 11.11378206 -0.33542318
v 105.60786718 11.06511613 0.60452654
v 105.73056814 10.93402375 1.53653286
v 105.85138895 10.72272723 2.45425800
v 105.96952764 10.43312403 3.35161046
v 106.08416843 10.06670777 4.22239368
v 106.19444667 9.62481760 5.06004011
v 106.29944238 9.10911904 5.85756171
v 106.39820891 8.52214134 6.60776801
v 106.48983021 7.86768019 7.30370082
v 106.57348866 7.15092566 7.93914986
v 106.64852084 6.37827382 8.50907585
v 106.71444155 5.55689103 9.00979336
v 106.77092748 4.69418293 9.43884662
v 106.81776574 3.79734660 9.79461848
v 106.85478513 2.87314610 10.07580870
v 106.88179474 1.92796339 10.28096706
v 106.89855202 0.96807222 10.40825120
v 107.86952368 0.00000000 10.31297221
v 107.86441108 -0.96902908 10.27876301
v 107.84682861 -1.93156705 10.16111599
v 107.81671770 -2.87944319 9.95963915
v 107.77426203 -3.80444440 9.67556166
v 107.71989634 -4.69882272 9.31179235
v 107.65426212 -5.55570467 8.87262350
v 107.57812557 -6.36925482 8.36318196
v 107.49228539 -7.13453583 7.78881190
v 107.39750039 -7.84712068 7.15459062
v 107.29445905 -8.50260871 6.46512498
v 107.18379774 -9.09623858 5.72467287
v 107.06615661 -9.62276276 4.93751765
v 106.94224960 -10.07665784 4.10843651
v 106.81292054 -10.45262509 3.24307554
v 106.67916334 -10.74622829 2.34808520
v 106.54209837 -10.95446107 1.43096209
v 106.40291327 -11.07605304 0.49965285
v 106.26278954 -11.11140934 -0.43793691
v 106.12284106 -11.06220110 -1.37435409
v 105.98408546 -10.93074306 -2.30278946
v 105.84745655 -10.71936620 -3.21699486
v 105.71384966 -10.42999363 -4.11097942
v 105.58417923 -10.06405577 -4.97862454
v 105.45942248 -9.62276276 -5.81339147
v 105.34062807 -9.10762876 -6.60826341
v 105.22888147 -8.52105805 -7.35597736
v 105.12523518 -7.86678510 -8.04949086
v 105.03062588 -7.15001666 -8.68253648
v 104.94580647 -6.37723032 -9.25007641
v 104.87131697 -5.55570467 -9.74849732
v 104.80750503 -4.69294628 -10.17547295
v 104.75458961 -3.79620723 -10.52953827
v 104.71274571 -2.87224552 -10.80952239
v 104.68218015 -1.92738492 -11.01404131
v 104.66317103 -0.96781719 -11.14123431
v 104.65605541 -0.00000000 -11.18884602
v 104.66116801 0.96902908 -11.15463683
v 104.67875047 1.93156705 -11.03698981
v 104.70886139 2.87944319 -10.83551297
v 104.75131706 3.80444440 -10.55143547
v 104.80568274 4.69882272 -10.18766616
v 104.87131697 5.55570467 -9.74849732
v 104.94745352 6.36925482 -9.23905577
v 105.03329370 7.13453583 -8.66468571
v 105.12807870 7.84712068 -8.03046444
v 105.23112003 8.50260871 -7.34099880
v 105.34178134 9.09623858 -6.60054668
v 105.45942248 9.62276276 -5.81339147
v 105.58332948 10.07665784 -4.98431032
v 105.71265855 10.45262509 -4.11894935
v 105.84641575 10.74622829 -3.22395902
v 105.98348072 10.95446107 -2.30683590
v 106.12266582 11.07605304 -1.37552666
v 106.26278954 11.11140934 -0.43793691
v 106.40273803 11.06220110 0.49848028
v 106.54149363 10.93074306 1.42691565
v 106.67812254 10.71936620 2.34112105
v 106.81172942 10.42999363 3.23510561
v 106.94139986 10.06405577 4.10275072
v 107.06615661 9.62276276 4.93751765
v 107.18495102 9.10762876 5.73238960
v 107.29669762 8.52105805 6.48010355
v 107.40034390 7.86678510 7.17361705
v 107.49495320 7.15001666 7.80666266
v 107.57977262 6.37723032 8.37420259
v 107.65426212 5.55570467 8.87262350
v 107.71807406 4.69294628 9.29959914
v 107.77098947 3.79620723 9.65366446
v 107.81283338 2.87224552 9.93364858
v 107.84339894 1.92738492 10.13816750
v 107.86240806 0.96781719 10.26536050
v 108.83195450 0.00000000 10.15695673
v 108.82631858 -0.96879430 10.12327778
v 108.80675239 -1.93115239 10.00635487
v 108.77317726 -2.87885413 9.80571781
v 108.72579494 -3.80362769 9.52257220
v 108.66509806 -4.69768429 9.15986196
v 108.59181796 -5.55414889 8.72195732
v 108.50682781 -6.36723046 8.21407625
v 108.41103381 -7.13207060 7.64163387
v 108.30528981 -7.84432961 7.00973265
v 108.19036171 -8.49967076 6.32294938
v 108.06694926 -9.09334749 5.58546569
v 107.93575271 -9.62006806 4.80146603
v 107.79755600 -10.07421646 3.97563505
v 107.65329355 -10.45038119 3.11355665
v 107.50407470 -10.74402988 2.22185996
v 107.35115623 -10.95210943 1.30805517
v 107.19587284 -11.07336952 0.38011825
v 107.03955093 -11.10829777 -0.55402467
v 106.88343631 -11.05868516 -1.48692883
v 106.72866100 -10.92696610 -2.41182964
v 106.57625834 -10.71555352 -3.32255200
v 106.42721730 -10.42638970 -4.21318614
v 106.28255104 -10.06085708 -5.07767763
v 106.14334914 -9.62006806 -5.90951538
v 106.01078835 -9.10542216 -6.70166740
v 105.88609209 -8.51922880 -7.44682289
v 105.77044837 -7.86517575 -8.13788252
v 105.66491221 -7.14848174 -8.76854171
v 105.57032571 -6.37568524 -9.33376838
v 105.48728390 -5.55414889 -9.83000667
v 105.41615943 -4.69145470 -10.25502975
v 105.35717811 -3.79489550 -10.60748818
v 105.31051946 -2.87122391 -10.88630932
v 105.27640652 -1.92671894 -11.09016020
v 105.25515270 -0.96750959 -11.21716799
v 105.24714735 -0.00000000 -11.26500608
v 105.25278328 0.96879430 -11.23132713
v 105.27234946 1.93115239 -11.11440421
v 105.30592459 2.87885413 -10.91376715
v 105.35330692 3.80362769 -10.63062155
v 105.41400379 4.69768429 -10.26791130
v 105.48728390 5.55414889 -9.83000667
v 105.57227404 6.36723046 -9.32212559
v 105.66806804 7.13207060 -8.74968321
v 105.77381204 7.84432961 -8.11778199
v 105.88874015 8.49967076 -7.43099873
v 106.01215259 9.09334749 -6.69351503
v 106.14334914 9.62006806 -5.90951538
v 106.28154585 10.07421646 -5.08368440
v 106.42580830 10.45038119 -4.22160600
v 106.57502715 10.74402988 -3.32990930
v 106.72794563 10.95210943 -2.41610451
v 106.88322901 11.07336952 -1.48816760
v 107.03955093 11.10829777 -0.55402467
v 107.19566554 11.05868516 0.37887948
v 107.35044086 10.92696610 1.30378029
v 107.50284351 10.71555352 2.21450265
v 107.65188455 10.42638970 3.10513679
v 107.79655082 10.06085708 3.96962829
v 107.93575271 9.62006806 4.80146603
v 108.06831350 9.10542216 5.59361806
v 108.19300976 8.51922880 6.33877354
v 108.30865349 7.86517575 7.02983318
v 108.41418964 7.14848174 7.66049236
v 108.50877615 6.37568524 8.22571904
v 108.59181796 5.55414889 8.72195732
v 108.66294243 4.69145470 9.14698041
v 108.72192374 3.79489550 9.49943883
v 108.76858240 2.87122391 9.77825998
v 108.80269533 1.92671894 9.98211085
v 108.82394915 0.96750959 10.10911865
v 109.79172216 0.00000000 9.98627632
v 109.78556337 -0.96893863 9.95304648
v 109.76401829 -1.93148258 9.83679965
v 109.72698840 -2.87936953 9.63700425
v 109.67469349 -3.80427804 9.35484617
v 109.60768384 -4.69838414 8.99329444
v 109.52678014 -5.55480920 8.55677710
v 109.43296196 -6.36779559 8.05057953
v 109.32724246 -7.13254612 7.48016817
v 109.21057018 -7.84478917 6.85066088
v 109.08378822 -8.50023746 6.16660663
v 108.94765973 -9.09415458 5.43212302
v 108.80294508 -9.62121176 4.65131260
v 108.65049817 -10.07571730 3.82878271
v 108.49134390 -10.45216800 2.97006309
v 108.32670668 -10.74595338 2.08176016
v 108.15797921 -10.95398203 1.17138820
v 107.98664274 -11.07501921 0.24693934
v 107.81416800 -11.10961840 -0.68365111
v 107.64193234 -11.05966669 -1.61295156
v 107.47118186 -10.92769464 -2.53423871
v 107.30304932 -10.71618129 -3.44140071
v 107.13861718 -10.42708486 -4.32859713
v 106.97899717 -10.06175004 -5.18982967
v 106.82539091 -9.62121176 -6.01861483
v 106.67910280 -9.10677867 -6.80791489
v 106.54149360 -8.52068542 -7.55038767
v 106.41388627 -7.86658385 -8.23889521
v 106.29745371 -7.14970400 -8.86710908
v 106.19312689 -6.37663507 -9.43000621
v 106.10155585 -5.55480920 -9.92407933
v 106.02313837 -4.69187110 -10.34718220
v 105.95810739 -3.79514852 -10.69805799
v 105.90664713 -2.87139212 -10.97571270
v 105.86899695 -1.92684740 -11.17885488
v 105.84550543 -0.96759546 -11.30560380
v 105.83661383 -0.00000000 -11.35357855
v 105.84277262 0.96893863 -11.32034871
v 105.86431770 1.93148258 -11.20410188
v 105.90134759 2.87936953 -11.00430648
v 105.95364250 3.80427804 -10.72214840
v 106.02065215 4.69838414 -10.36059667
v 106.10155585 5.55480920 -9.92407933
v 106.19537403 6.36779559 -9.41788176
v 106.30109353 7.13254612 -8.84747039
v 106.41776581 7.84478917 -8.21796311
v 106.54454777 8.50023746 -7.53390886
v 106.68067626 9.09415458 -6.79942525
v 106.82539091 9.62121176 -6.01861483
v 106.97783782 10.07571730 -5.19608494
v 107.13699209 10.45216800 -4.33736532
v 107.30162931 10.74595338 -3.44906238
v 107.47035678 10.95398203 -2.53869043
v 107.64169325 11.07501921 -1.61424157
v 107.81416800 11.10961840 -0.68365111
v 107.98640365 11.05966669 0.24564933
v 108.15715413 10.92769464 1.16693648
v 108.32528667 10.71618129 2.07409848
v 108.48971881 10.42708486 2.96129490
v 108.64933882 10.06175004 3.82252744
v 108.80294508 9.62121176 4.65131260
v 108.94923319 9.10677867 5.44061266
v 109.08684239 8.52068542 6.18308544
v 109.21444972 7.86658385 6.87159298
v 109.33088228 7.14970400 7.49980685
v 109.43520910 6.37663507 8.06270399
v 109.52678014 5.55480920 8.55677710
v 109.60519762 4.69187110 8.97987997
v 109.67022860 3.79514852 9.33075576
v 109.72168886 2.87139212 9.60841047
v 109.75933904 1.92684740 9.81155265
v 109.78283056 0.96759546 9.93830157
v 110.74933728 0.00000000 9.80437609
v 110.74262224 -0.96930153 9.77137062
v 110.71907252 -1.93221980 9.65562003
v 110.67857619 -2.88047608 9.45657421
v 110.62137265 -3.80573008 9.17540984
v 110.54806617 -4.70014385 8.81509698
v 110.45955927 -5.55683535 8.38007168
v 110.35692914 -6.37005591 7.87562844
v 110.24128862 -7.13502670 7.30723715
v 110.11367749 -7.84749683 6.68000841
v 109.97501720 -8.50319370 5.99847131
v 109.82613928 -9.09738265 5.26671296
v 109.66787104 -9.62472115 4.48879967
v 109.50114252 -10.07949101 3.66930281
v 109.32707252 -10.45615745 2.81372145
v 109.14700043 -10.75008307 1.92863884
v 108.96245165 -10.95816302 1.02155263
v 108.77504937 -11.07916719 0.10044100
v 108.58640479 -11.11367069 -0.82677674
v 108.39802540 -11.06359244 -1.75269104
v 108.21127308 -10.93149510 -2.67060800
v 108.02738418 -10.71988002 -3.57445081
v 107.84753956 -10.43071122 -4.45841538
v 107.67295298 -10.06532157 -5.31653585
v 107.50493855 -9.62472115 -6.14235316
v 107.34492507 -9.11018948 -6.92884455
v 107.19440479 -8.52393765 -7.66867533
v 107.05482903 -7.86960699 -8.35471211
v 106.92748379 -7.15243294 -8.98063396
v 106.81338799 -6.37902335 -9.54143272
v 106.71325031 -5.55683535 -10.03362517
v 106.62750106 -4.69353653 -10.45509622
v 106.55638925 -3.79646841 -10.80462190
v 106.50011148 -2.87238320 -11.08123597
v 106.45892715 -1.92751753 -11.28366344
v 106.43321849 -0.96793892 -11.41002556
v 106.42347230 -0.00000000 -11.45792958
v 106.43018734 0.96930153 -11.42492411
v 106.45373706 1.93221980 -11.30917352
v 106.49423340 2.88047608 -11.11012770
v 106.55143693 3.80573008 -10.82896333
v 106.62474341 4.70014385 -10.46865047
v 106.71325031 5.55683535 -10.03362517
v 106.81588045 6.37005591 -9.52918193
v 106.93152096 7.13502670 -8.96079064
v 107.05913209 7.84749683 -8.33356190
v 107.19779238 8.50319370 -7.65202480
v 107.34667030 9.09738265 -6.92026645
v 107.50493855 9.62472115 -6.14235316
v 107.67166707 10.07949101 -5.32285630
v 107.84573706 10.45615745 -4.46727494
v 108.02580916 10.75008307 -3.58219233
v 108.21035793 10.95816302 -2.67510612
v 108.39776021 11.07916719 -1.75399449
v 108.58640479 11.11367069 -0.82677674
v 108.77478418 11.06359244 0.09913755
v 108.96153650 10.93149510 1.01705451
v 109.14542540 10.71988002 1.92089732
v 109.32527002 10.43071122 2.80486189
v 109.49985661 10.06532157 3.66298236
v 109.66787104 9.62472115 4.48879967
v 109.82788452 9.11018948 5.27529106
v 109.97840479 8.52393765 6.01512184
v 110.11798055 7.86960699 6.70115862
v 110.24532579 7.15243294 7.32708047
v 110.35942159 6.37902335 7.88787923
v 110.45955927 5.55683535 8.38007168
v 110.54530853 4.69353653 8.80154273
v 110.61642033 3.79646841 9.15106841
v 110.67269810 2.87238320 9.42768248
v 110.71388243 1.92751753 9.63010995
v 110.73959110 0.96793892 9.75647207
v 111.70330635 0.00000000 9.60453906
v 111.69605285 -0.96970752 9.57182064
v 111.67052009 -1.93304955 9.45664982
v 111.62657992 -2.88172419 9.25844854
v 111.56449056 -3.80736437 8.97838151
v 111.48491161 -4.70211247 8.61942408
v 111.38883042 -5.55908234 8.18602984
v 111.27742522 -6.37253939 7.68351345
v 111.15191135 -7.13773259 7.11735697
v 111.01342090 -7.85044237 6.49266689
v 110.86295275 -8.50641845 5.81394895
v 110.70140424 -9.10092942 5.08525073
v 110.52966622 -9.62861305 4.31059055
v 110.34874171 -10.08371274 3.49449284
v 110.15984142 -10.46064763 2.64241869
v 109.96441915 -10.75474109 1.76092581
v 109.76413383 -10.96286877 0.85749708
v 109.56075190 -11.08380763 -0.05989950
v 109.35602609 -11.11816467 -0.98335797
v 109.15159399 -11.06790577 -1.90549156
v 108.94893195 -10.93564077 -2.81964097
v 108.74937748 -10.72390371 -3.71977298
v 108.55420716 -10.43466697 -4.60012943
v 108.36473470 -10.06924570 -5.45478444
v 108.18238596 -9.62861305 -6.27730648
v 108.00871495 -9.11400522 -7.06068576
v 107.84534742 -8.52759808 -7.79758910
v 107.69386532 -7.87301690 -8.48088069
v 107.55566935 -7.15550440 -9.10424240
v 107.43186637 -6.38169516 -9.66268155
v 107.32322175 -5.55908234 -10.15274577
v 107.23019486 -4.69536638 -10.57236297
v 107.15304668 -3.79790818 -10.92035591
v 107.09198267 -2.87346134 -11.19579784
v 107.04728049 -1.92824852 -11.39743635
v 107.01935655 -0.96831628 -11.52339313
v 107.00874583 -0.00000000 -11.57125500
v 107.01599933 0.96970752 -11.53853657
v 107.04153208 1.93304955 -11.42336575
v 107.08547225 2.88172419 -11.22516447
v 107.14756161 3.80736437 -10.94509745
v 107.22714056 4.70211247 -10.58614002
v 107.32322175 5.55908234 -10.15274577
v 107.43462695 6.37253939 -9.65022938
v 107.56014082 7.13773259 -9.08407291
v 107.69863128 7.85044237 -8.45938282
v 107.84909942 8.50641845 -7.78066489
v 108.01064793 9.10092942 -7.05196667
v 108.18238596 9.62861305 -6.27730648
v 108.36331046 10.08371274 -5.46120878
v 108.55221075 10.46064763 -4.60913462
v 108.74763302 10.75474109 -3.72764175
v 108.94791835 10.96286877 -2.82421302
v 109.15130027 11.08380763 -1.90681644
v 109.35602609 11.11816467 -0.98335797
v 109.56045818 11.06790577 -0.06122438
v 109.76312023 10.93564077 0.85292503
v 109.96267469 10.72390371 1.75305705
v 110.15784502 10.43466697 2.63341350
v 110.34731747 10.06924570 3.48806850
v 110.52966622 9.62861305 4.31059055
v 110.70333722 9.11400522 5.09396983
v 110.86670476 8.52759808 5.83087316
v 111.01818686 7.87301690 6.51416475
v 111.15638282 7.15550440 7.13752646
v 111.28018580 6.38169516 7.69596561
v 111.38883042 5.55908234 8.18602984
v 111.48185732 4.69536638 8.60564704
v 111.55900549 3.79790818 8.95363997
v 111.62006950 2.87346134 9.22908191
v 111.66477168 1.92824852 9.43072042
v 111.69269563 0.96831628 9.55667720
v 112.65364394 0.00000000 9.38838723
v 112.64585698 -0.96988923 9.35595223
v 112.61835154 -1.93343073 9.24138381
v 112.57098276 -2.88230276 9.04407863
v 112.50402745 -3.80811514 8.76518969
v 112.41820065 -4.70299362 8.40769537
v 112.31457480 -5.56004960 7.97606263
v 112.19442950 -6.37356270 7.47562144
v 112.05908275 -7.13880858 6.91186164
v 111.90975885 -7.85159753 6.28988283
v 111.74753373 -8.50770077 5.61416658
v 111.57336983 -9.10239086 4.88872173
v 111.38822069 -9.63028841 4.11752007
v 111.19316154 -10.08560238 3.30504023
v 110.98949429 -10.46271037 2.45670507
v 110.77878672 -10.75690035 1.57904490
v 110.56283096 -10.96503055 0.67952443
v 110.34353655 -11.08588468 -0.23390253
v 110.12279745 -11.12009921 -1.15334708
v 109.90238094 -11.06968307 -2.07144790
v 109.68387720 -10.93728929 -2.98158148
v 109.46872418 -10.72548168 -3.87775832
v 109.25829333 -10.43623997 -4.75426590
v 109.05399765 -10.07086264 -5.60521863
v 108.85737420 -9.63028841 -6.42421424
v 108.67010200 -9.11571314 -7.20425908
v 108.49394019 -8.52927964 -7.93802582
v 108.33060141 -7.87459759 -8.61838081
v 108.18160096 -7.15691540 -9.23901235
v 108.04813334 -6.38289106 -9.79494499
v 107.93102009 -5.56004960 -10.28275680
v 107.83074888 -4.69612037 -10.70041643
v 107.74759190 -3.79848071 -11.04679021
v 107.68176278 -2.87388415 -11.32098823
v 107.63355704 -1.92853920 -11.52177956
v 107.60342527 -0.96847178 -11.64728744
v 107.59195095 -0.00000000 -11.69508140
v 107.59973791 0.96988923 -11.66264640
v 107.62724335 1.93343073 -11.54807798
v 107.67461213 2.88230276 -11.35077280
v 107.74156744 3.80811514 -11.07188386
v 107.82739424 4.70299362 -10.71438954
v 107.93102009 5.56004960 -10.28275680
v 108.05116539 6.37356270 -9.78231561
v 108.18651214 7.13880858 -9.21855581
v 108.33583604 7.85159753 -8.59657700
v 108.49806116 8.50770077 -7.92086075
v 108.67222506 9.10239086 -7.19541589
v 108.85737420 9.63028841 -6.42421424
v 109.05243335 10.08560238 -5.61173440
v 109.25610060 10.46271037 -4.76339924
v 109.46680817 10.75690035 -3.88573907
v 109.68276393 10.96503055 -2.98621860
v 109.90205834 11.08588468 -2.07279164
v 110.12279745 11.12009921 -1.15334708
v 110.34321395 11.06968307 -0.23524627
v 110.56171769 10.93728929 0.67488731
v 110.77687071 10.72548168 1.57106415
v 110.98730157 10.43623997 2.44757173
v 111.19159724 10.07086264 3.29852446
v 111.38822069 9.63028841 4.11752007
v 111.57549289 9.11571314 4.89756491
v 111.75165470 8.52927964 5.63133166
v 111.91499348 7.87459759 6.31168664
v 112.06399393 7.15691540 6.93231818
v 112.19746155 6.38289106 7.48825082
v 112.31457480 5.56004960 7.97606263
v 112.41484601 4.69612037 8.39372226
v 112.49800299 3.79848071 8.74009604
v 112.56383212 2.87388415 9.01429406
v 112.61203785 1.92853920 9.21508539
v 112.64216962 0.96847178 9.34059327
v 113.60033043 0.00000000 9.15696816
v 113.59200376 -0.96981365 9.12477134
v 113.56252610 -1.93329224 9.01078968
v 113.51173751 -2.88210296 8.81440476
v 113.43993371 -3.80784238 8.53676009
v 113.34788412 -4.70262710 8.18083070
v 113.23674412 -5.55956832 7.75108424
v 113.10789225 -6.37295592 7.25285100
v 112.96274704 -7.13808374 6.69161613
v 112.80262388 -7.85078209 6.07246583
v 112.62867576 -8.50683694 5.39985834
v 112.44193119 -9.10152429 4.67777066
v 112.24340786 -9.62945479 3.91013792
v 112.03425442 -10.08481636 3.10140155
v 111.81586452 -10.46196096 2.25695047
v 111.58991951 -10.75615469 1.38328595
v 111.35834350 -10.96424516 0.48784794
v 111.12318750 -11.08502071 -0.42143284
v 110.88648530 -11.11913663 -1.33669232
v 110.65013312 -11.06862921 -2.25059839
v 110.41583498 -10.93617876 -3.15656210
v 110.18512990 -10.72436778 -4.04863242
v 109.95948512 -10.43518032 -4.92113605
v 109.74041340 -10.06990387 -5.76822355
v 109.52956274 -9.62945479 -6.58352256
v 109.32873596 -9.11500271 -7.36006210
v 109.13982372 -8.52866872 -8.09053153
v 108.96466730 -7.87405173 -8.76781113
v 108.80489509 -7.15640278 -9.38560446
v 108.66178868 -6.38239361 -9.93895587
v 108.53622648 -5.55956832 -10.42446887
v 108.42872618 -4.69567329 -10.84014171
v 108.33957324 -3.79809503 -11.18487055
v 108.26899132 -2.87358569 -11.45779057
v 108.21729466 -1.92834338 -11.65768671
v 108.18496751 -0.96837958 -11.78268653
v 108.17264018 -0.00000000 -11.83035280
v 108.18096684 0.96981365 -11.79815597
v 108.21044450 1.93329224 -11.68417431
v 108.26123310 2.88210296 -11.48778940
v 108.33303689 3.80784238 -11.21014472
v 108.42508649 4.70262710 -10.85421534
v 108.53622648 5.55956832 -10.42446887
v 108.66507836 6.37295592 -9.92623563
v 108.81022356 7.13808374 -9.36500077
v 108.97034672 7.85078209 -8.74585047
v 109.14429484 8.50683694 -8.07324298
v 109.33103941 9.10152429 -7.35115530
v 109.52956274 9.62945479 -6.58352256
v 109.73871619 10.08481636 -5.77478619
v 109.95710609 10.46196096 -4.93033510
v 110.18305109 10.75615469 -4.05667058
v 110.41462711 10.96424516 -3.16123258
v 110.64978311 11.08502071 -2.25195179
v 110.88648530 11.11913663 -1.33669232
v 111.12283748 11.06862921 -0.42278625
v 111.35713563 10.93617876 0.48317746
v 111.58784070 10.72436778 1.37524779
v 111.81348548 10.43518032 2.24775142
v 112.03255720 10.06990387 3.09483891
v 112.24340786 9.62945479 3.91013792
v 112.44423464 9.11500271 4.68667746
v 112.63314688 8.52866872 5.41714689
v 112.80830330 7.87405173 6.09442650
v 112.96807552 7.15640278 6.71221983
v 113.11118192 6.38239361 7.26557123
v 113.23674412 5.55956832 7.75108424
v 113.34424443 4.69567329 8.16675707
v 113.43339737 3.79809503 8.51148591
v 113.50397928 2.87358569 8.78440594
v 113.55567594 1.92834338 8.98430208
v 113.58800309 0.96837958 9.10930189
v 114.54285419 0.00000000 8.90929059
v 114.53399119 -0.96971446 8.87733164
v 114.50255106 -1.93310554 8.76396218
v 114.44835868 -2.88183065 8.56855077
v 114.37172856 -3.80747465 8.29223148
v 114.27348431 -4.70214612 7.93797418
v 114.15486414 -5.55895628 7.51024367
v 114.01734525 -6.37220451 7.01436656
v 113.86244648 -7.13720120 6.45581963
v 113.69157395 -7.84979497 5.83967321
v 113.50595732 -8.50578518 5.17036125
v 113.30669075 -9.10045117 4.45182923
v 113.09485561 -9.62839471 3.68797639
v 112.87167345 -10.08378489 2.88320750
v 112.63862916 -10.46095064 2.04287694
v 112.39751713 -10.75513841 1.17345507
v 112.15039294 -10.96318633 0.28235400
v 111.89944854 -11.08388694 -0.62252226
v 111.64685703 -11.11791256 -1.53333782
v 111.39464297 -11.06732415 -2.44279233
v 111.14462368 -10.93482664 -3.34433279
v 110.89843869 -10.72301934 -4.23204716
v 110.65765043 -10.43389014 -5.10030159
v 110.42387087 -10.06871657 -5.94328343
v 110.19885845 -9.62839471 -6.75465202
v 109.98453929 -9.11407044 -7.52746195
v 109.78293513 -8.52784509 -8.25442306
v 109.59601549 -7.87330776 -8.92843351
v 109.42552141 -7.15571167 -9.54321530
v 109.27282126 -6.38174082 -10.09383425
v 109.13884992 -5.55895628 -10.57691930
v 109.02415475 -4.69511964 -10.99049671
v 108.92903423 -3.79762544 -11.33349023
v 108.85372177 -2.87322437 -11.60505819
v 108.79855014 -1.92810497 -11.80400066
v 108.76403715 -0.96826540 -11.92845048
v 108.75085987 -0.00000000 -11.97596623
v 108.75972287 0.96971446 -11.94400727
v 108.79116300 1.93310554 -11.83063782
v 108.84535538 2.88183065 -11.63522640
v 108.92198550 3.80747465 -11.35890712
v 109.02022975 4.70214612 -11.00464981
v 109.13884992 5.55895628 -10.57691930
v 109.27636881 6.37220451 -10.08104220
v 109.43126758 7.13720120 -9.52249527
v 109.60214011 7.84979497 -8.90634885
v 109.78775674 8.50578518 -8.23703689
v 109.98702331 9.10045117 -7.51850486
v 110.19885845 9.62839471 -6.75465202
v 110.42204061 10.08378489 -5.94988313
v 110.65508490 10.46095064 -5.10955258
v 110.89619693 10.75513841 -4.24013070
v 111.14332112 10.96318633 -3.34902964
v 111.39426552 11.08388694 -2.44415337
v 111.64685703 11.11791256 -1.53333782
v 111.89907109 11.06732415 -0.62388330
v 112.14909038 10.93482664 0.27765715
v 112.39527537 10.72301934 1.16537152
v 112.63606363 10.43389014 2.03362595
v 112.86984319 10.06871657 2.87660780
v 113.09485561 9.62839471 3.68797639
v 113.30917477 9.11407044 4.46078632
v 113.51077893 8.52784509 5.18774742
v 113.69769857 7.87330776 5.86175788
v 113.86819265 7.15571167 6.47653966
v 114.02089280 6.38174082 7.02715862
v 114.15486414 5.55895628 7.51024367
v 114.26955931 4.69511964 7.92382108
v 114.36467983 3.79762544 8.26681460
v 114.43999229 2.87322437 8.53838255
v 114.49516392 1.92810497 8.73732502
v 114.52967691 0.96826540 8.86177484
v 115.48099148 0.00000000 8.64560235
v 115.47159299 -0.96979530 8.61387359
v 115.43819828 -1.93327564 8.50113492
v 115.38061741 -2.88208911 8.30674517
v 115.29918368 -3.80780968 8.03182952
v 115.19477448 -4.70253811 7.67934996
v 115.06871005 -5.55938452 7.25376357
v 114.92256538 -6.37265501 6.76038743
v 114.75795877 -7.13767264 6.20468484
v 114.57638651 -7.85030011 5.59170717
v 114.37915461 -8.50634701 4.92586342
v 114.16742283 -9.10109456 4.21106892
v 113.94233625 -9.62913645 3.45118933
v 113.70518927 -10.08462553 2.65059457
v 113.45755780 -10.46187112 1.81460472
v 113.20134872 -10.75610298 0.94965736
v 112.93874828 -10.96415100 0.06313314
v 112.67208853 -11.08481095 -0.83709508
v 112.40368101 -11.11876905 -1.74322368
v 112.13567797 -11.06810660 -2.64798678
v 111.87000957 -10.93554892 -3.54486828
v 111.60841560 -10.72370938 -4.42799471
v 111.35255346 -10.43457933 -5.29177081
v 111.10413407 -10.06942841 -6.13042063
v 110.86502578 -9.62913645 -6.93763670
v 110.63727729 -9.11483023 -7.70650270
v 110.42304053 -8.52859548 -8.42975388
v 110.22441232 -7.87401387 -9.10031150
v 110.04324561 -7.15634132 -9.71192007
v 109.88099506 -6.38227284 -10.25966873
v 109.73865197 -5.55938452 -10.74021094
v 109.61679360 -4.69545158 -11.15159790
v 109.51573181 -3.79787628 -11.49277680
v 109.43571010 -2.87340927 -11.76292556
v 109.37707986 -1.92823232 -11.96085792
v 109.34039225 -0.96833385 -12.08471323
v 109.32637054 -0.00000000 -12.13204971
v 109.33576903 0.96979530 -12.10032095
v 109.36916375 1.93327564 -11.98758228
v 109.42674461 2.88208911 -11.79319254
v 109.50817834 3.80780968 -11.51827689
v 109.61258754 4.70253811 -11.16579733
v 109.73865197 5.55938452 -10.74021094
v 109.88479664 6.37265501 -10.24683480
v 110.04940325 7.13767264 -9.69113220
v 110.23097551 7.85030011 -9.07815454
v 110.42820741 8.50634701 -8.41231079
v 110.63993919 9.10109456 -7.69751629
v 110.86502578 9.62913645 -6.93763670
v 111.10217275 10.08462553 -6.13704193
v 111.34980423 10.46187112 -5.30105209
v 111.60601331 10.75610298 -4.43610472
v 111.86861374 10.96415100 -3.54958050
v 112.13527349 11.08481095 -2.64935228
v 112.40368101 11.11876905 -1.74322368
v 112.67168405 11.06810660 -0.83846058
v 112.93735245 10.93554892 0.05842091
v 113.19894642 10.72370938 0.94154734
v 113.45480856 10.43457933 1.80532345
v 113.70322795 10.06942841 2.64397326
v 113.94233625 9.62913645 3.45118933
v 114.17008473 9.11483023 4.22005534
v 114.38432149 8.52859548 4.94330651
v 114.58294971 7.87401387 5.61386413
v 114.76411642 7.15634132 6.22547270
v 114.92636696 6.38227284 6.77322136
v 115.06871005 5.55938452 7.25376357
v 115.19056842 4.69545158 7.66515053
v 115.29163021 3.79787628 8.00632943
v 115.37165192 2.87340927 8.27647820
v 115.43028216 1.92823232 8.47441056
v 115.46696977 0.96833385 8.59826587
v 116.41436829 0.00000000 8.36563312
v 116.40443907 -0.97016851 8.33414166
v 116.36910168 -1.93402835 8.22206577
v 116.30815111 -2.88321599 8.02875525
v 116.22193923 -3.80929224 7.75532611
v 116.11139713 -4.70434782 7.40473135
v 115.97792708 -5.56148969 6.98141843
v 115.82320183 -6.37502878 6.49069264
v 115.64893903 -7.14029905 5.93800165
v 115.45672484 -7.85317572 5.32837613
v 115.24794115 -8.50947704 4.66619886
v 115.02381269 -9.10448464 3.95535420
v 114.78554750 -9.63278271 3.19967357
v 114.53451216 -10.08850646 2.40349117
v 114.27237283 -10.46594440 1.57209145
v 114.00114833 -10.76030856 0.71187725
v 113.72315509 -10.96841984 -0.16980468
v 113.44086473 -11.08907679 -1.06511533
v 113.15672671 -11.12297938 -1.96628598
v 112.87302038 -11.07222938 -2.86608750
v 112.59178804 -10.93957281 -3.75804253
v 112.31486897 -10.72763753 -4.63631763
v 112.04401475 -10.43841889 -5.49535745
v 111.78103451 -10.07317919 -6.32942421
v 111.52790592 -9.63278271 -7.13224553
v 111.28679979 -9.11833795 -7.89693648
v 111.05999786 -8.53191605 -8.61626031
v 110.84972394 -7.87709257 -9.28316399
v 110.65794257 -7.15912761 -9.89141677
v 110.48619431 -6.38472897 -10.43613267
v 110.33552635 -5.56148969 -10.91399039
v 110.20654527 -4.69720060 -11.32306612
v 110.09957573 -3.79927377 -11.66233016
v 110.01487084 -2.87446181 -11.93097974
v 109.95280031 -1.92894184 -12.12784229
v 109.91394854 -0.96869455 -12.25106439
v 109.89908513 -0.00000000 -12.29820508
v 109.90901435 0.97016851 -12.26671363
v 109.94435174 1.93402835 -12.15463774
v 110.00530232 2.88321599 -11.96132722
v 110.09151419 3.80929224 -11.68789808
v 110.20205630 4.70434782 -11.33730332
v 110.33552635 5.56148969 -10.91399039
v 110.49025160 6.37502878 -10.42326460
v 110.66451439 7.14029905 -9.87057362
v 110.85672858 7.85317572 -9.26094809
v 111.06551228 8.50947704 -8.59877082
v 111.28964074 9.10448464 -7.88792616
v 111.52790592 9.63278271 -7.13224553
v 111.77894127 10.08850646 -6.33606313
v 112.04108059 10.46594440 -5.50466341
v 112.31230509 10.76030856 -4.64444921
v 112.59029833 10.96841984 -3.76276729
v 112.87258870 11.08907679 -2.86745663
v 113.15672671 11.12297938 -1.96628598
v 113.44043304 11.07222938 -1.06648446
v 113.72166538 10.93957281 -0.17452944
v 113.99858446 10.72763753 0.70374566
v 114.26943867 10.43841889 1.56278549
v 114.53241891 10.07317919 2.39685225
v 114.78554750 9.63278271 3.19967357
v 115.02665363 9.11833795 3.96436452
v 115.25345556 8.53191605 4.68368834
v 115.46372949 7.87709257 5.35059203
v 115.65551085 7.15912761 5.95884481
v 115.82725912 6.38472897 6.50356071
v 115.97792708 5.56148969 6.98141843
v 116.10690816 4.69720060 7.39049415
v 116.21387770 3.79927377 7.72975820
v 116.29858258 2.87446181 7.99840777
v 116.36065311 1.92894184 8.19527033
v 116.39950489 0.96869455 8.31849243
v 117.34217672 0.00000000 8.06789603
v 117.33174382 -0.97048769 8.03671538
v 117.29449656 -1.93468166 7.92539504
v 117.23021054 -2.88419920 7.73326438
v 117.13925501 -3.81057900 7.46142695
v 117.02261682 -4.70589555 7.11283217
v 116.88178482 -5.56325251 6.69192966
v 116.71853479 -6.37697265 6.20402676
v 116.53468793 -7.14241319 5.65456642
v 116.33192194 -7.85547553 5.04856276
v 116.11169322 -8.51199658 4.39036849
v 115.87528753 -9.10726077 3.68382637
v 115.62397073 -9.63583600 2.93271963
v 115.35917674 -10.09182558 2.14133380
v 115.08265895 -10.46947975 1.31490925
v 114.79654731 -10.76397796 0.45981169
v 114.50328960 -10.97212493 -0.41664324
v 114.20549908 -11.09272510 -1.30664528
v 113.90576475 -11.12650501 -2.20245677
v 113.60649300 -11.07560551 -3.09688573
v 113.30983624 -10.94281187 -3.98349933
v 113.01772958 -10.73077913 -4.85651412
v 112.73201472 -10.44150956 -5.71042582
v 112.45459583 -10.07625070 -6.53954349
v 112.18755876 -9.63583600 -7.33763316
v 111.93319766 -9.12133788 -8.09783834
v 111.69392714 -8.53479809 -8.81294256
v 111.47210152 -7.87977876 -9.47590946
v 111.26979934 -7.16154593 -10.08052695
v 111.08864700 -6.38682954 -10.62193421
v 110.92974468 -5.56325251 -11.09684319
v 110.79372296 -4.69863287 -11.50336926
v 110.68091306 -3.80039868 -11.84052252
v 110.59157239 -2.87530360 -12.10753364
v 110.52608625 -1.92951298 -12.30325108
v 110.48507304 -0.96898992 -12.42582663
v 110.46935277 -0.00000000 -12.47280956
v 110.47978567 0.97048769 -12.44162891
v 110.51703293 1.93468166 -12.33030858
v 110.58131895 2.88419920 -12.13817792
v 110.67227449 3.81057900 -11.86634049
v 110.78891267 4.70589555 -11.51774570
v 110.92974468 5.56325251 -11.09684319
v 111.09299470 6.37697265 -10.60894030
v 111.27684156 7.14241319 -10.05947995
v 111.47960755 7.85547553 -9.45347629
v 111.69983627 8.51199658 -8.79528203
v 111.93624196 9.10726077 -8.08873990
v 112.18755876 9.63583600 -7.33763316
v 112.45235275 10.09182558 -6.54624733
v 112.72887054 10.46947975 -5.71982279
v 113.01498218 10.76397796 -4.86472522
v 113.30823990 10.97212493 -3.98827030
v 113.60603042 11.09272510 -3.09826825
v 113.90576475 11.12650501 -2.20245677
v 114.20503649 11.07560551 -1.30802780
v 114.50169325 10.94281187 -0.42141420
v 114.79379991 10.73077913 0.45160058
v 115.07951477 10.44150956 1.30551228
v 115.35693367 10.07625070 2.13462996
v 115.62397073 9.63583600 2.93271963
v 115.87833183 9.12133788 3.69292481
v 116.11760235 8.53479809 4.40802902
v 116.33942797 7.87977876 5.07099592
v 116.54173016 7.16154593 5.67561342
v 116.72288249 6.38682954 6.21702068
v 116.88178482 5.56325251 6.69192966
v 117.01780653 4.69863287 7.09845573
v 117.13061644 3.80039868 7.43560898
v 117.21995711 2.87530360 7.70262011
v 117.28544325 1.92951298 7.89833754
v 117.32645645 0.96898992 8.02091309
v 118.26338342 0.00000000 7.75061488
v 118.25250570 -0.97039980 7.71989716
v 118.21341102 -1.93454207 7.60949719
v 118.14584555 -2.88401053 7.41869817
v 118.05019320 -3.81030405 7.14858427
v 117.92750182 -4.70546934 6.80211449
v 117.77935779 -5.56260850 6.38376868
v 117.60765289 -6.37607355 5.89888898
v 117.41432220 -7.14127409 5.35293997
v 117.20113948 -7.85416949 4.75093053
v 116.96963296 -8.51063905 4.09717630
v 116.72114081 -9.10597674 3.39545611
v 116.45697519 -9.63472055 2.64947539
v 116.17862677 -10.09091156 1.86344373
v 115.88792971 -10.46872434 1.04254055
v 115.58712403 -10.76327381 0.19309150
v 115.27879249 -10.97133325 -0.67760991
v 114.96569576 -11.09172043 -1.56176780
v 114.65056695 -11.12521700 -2.45166410
v 114.33594035 -11.07404396 -3.34014220
v 114.02407450 -10.94106666 -4.22082421
v 113.71699261 -10.72899504 -5.08799671
v 113.41661770 -10.43984430 -5.93622929
v 113.12494234 -10.07483004 -6.75989509
v 112.84415872 -9.63472055 -7.55280359
v 112.57668802 -9.12051177 -8.30811753
v 112.32508564 -8.53418228 -9.01862074
v 112.09184543 -7.87926328 -9.67727077
v 111.87916624 -7.16102920 -10.27785827
v 111.68876089 -6.38625109 -10.81554639
v 111.52177611 -5.56260850 -11.28709687
v 111.37885442 -4.69797040 -11.69069528
v 111.26031924 -3.79979258 -12.02542828
v 111.16642008 -2.87482556 -12.29059134
v 111.09755169 -1.92920525 -12.48506969
v 111.05436848 -0.96885331 -12.60701530
v 111.03775048 -0.00000000 -12.65394308
v 111.04862820 0.97039980 -12.62322535
v 111.08772288 1.93454207 -12.51282539
v 111.15528835 2.88401053 -12.32202637
v 111.25094070 3.81030405 -12.05191246
v 111.37363208 4.70546934 -11.70544269
v 111.52177611 5.56260850 -11.28709687
v 111.69348102 6.37607355 -10.80221717
v 111.88681170 7.14127409 -10.25626817
v 112.09999442 7.85416949 -9.65425873
v 112.33150094 8.51063905 -9.00050449
v 112.57999309 9.10597674 -8.29878431
v 112.84415872 9.63472055 -7.55280359
v 113.12250713 10.09091156 -6.76677192
v 113.41320419 10.46872434 -5.94586874
v 113.71400987 10.76327381 -5.09641970
v 114.02234141 10.97133325 -4.22571829
v 114.33543814 11.09172043 -3.34156040
v 114.65056695 11.12521700 -2.45166410
v 114.96519355 11.07404396 -1.56318599
v 115.27705940 10.94106666 -0.68250398
v 115.58414129 10.72899504 0.18466851
v 115.88451620 10.43984430 1.03290109
v 116.17619156 10.07483004 1.85656690
v 116.45697519 9.63472055 2.64947539
v 116.72444588 9.12051177 3.40478933
v 116.97604826 8.53418228 4.11529255
v 117.20928847 7.87926328 4.77394257
v 117.42196766 7.16102920 5.37453007
v 117.61237301 6.38625109 5.91221819
v 117.77935779 5.56260850 6.38376868
v 117.92227948 4.69797040 6.78736708
v 118.04081466 3.79979258 7.12210009
v 118.13471382 2.87482556 7.38726314
v 118.20358222 1.92920525 7.58174149
v 118.24676542 0.96885331 7.70368711
v 119.17893772 0.00000000 7.41771778
v 119.16762215 -0.96983898 7.38745293
v 119.12669534 -1.93345763 7.27798921
v 119.05587343 -2.88241215 7.08856740
v 118.95555472 -3.80816813 6.82025283
v 118.82684809 -4.70274996 6.47601131
v 118.67143776 -5.55926172 6.06034748
v 118.49133173 -6.37208576 5.57863202
v 118.28857916 -7.13668325 5.03634564
v 118.06504960 -7.84907021 4.43848870
v 117.82234255 -8.50516790 3.78933919
v 117.56184760 -9.10028157 3.09261380
v 117.28492208 -9.62892376 2.35194286
v 116.99311235 -10.08507984 1.57146228
v 116.68833232 -10.46285594 0.75629105
v 116.37293139 -10.75730860 -0.08728705
v 116.04962683 -10.96518310 -0.95200439
v 115.72132626 -11.08531032 -1.83008414
v 115.39090645 -11.11852345 -2.71383206
v 115.06102890 -11.06711790 -3.59612964
v 114.73405737 -10.93403309 -4.47065472
v 114.41210212 -10.72202930 -5.33176316
v 114.09716632 -10.43313294 -6.17409721
v 113.79132997 -10.06852893 -6.99209369
v 113.49689082 -9.62892376 -7.77960699
v 113.21639665 -9.11524085 -8.52982271
v 112.95254342 -8.52939831 -9.23553023
v 112.70796441 -7.87489645 -9.88968651
v 112.48497855 -7.15701497 -10.48608928
v 112.28538461 -6.38256036 -11.01992752
v 112.11037514 -5.55926172 -11.48801161
v 111.96060362 -4.69503215 -11.88859373
v 111.83638467 -3.79734984 -12.22083243
v 111.73795897 -2.87295909 -12.48408392
v 111.66573022 -1.92796504 -12.67726847
v 111.62038882 -0.96824735 -12.79853955
v 111.60287518 -0.00000000 -12.84538191
v 111.61419075 0.96983898 -12.81511706
v 111.65511755 1.93345763 -12.70565334
v 111.72593947 2.88241215 -12.51623153
v 111.82625817 3.80816813 -12.24791696
v 111.95496480 4.70274996 -11.90367544
v 112.11037514 5.55926172 -11.48801161
v 112.29048117 6.37208576 -11.00629615
v 112.49323374 7.13668325 -10.46400977
v 112.71676329 7.84907021 -9.86615282
v 112.95947035 8.50516790 -9.21700332
v 113.21996530 9.10028157 -8.52027793
v 113.49689082 9.62892376 -7.77960699
v 113.78870055 10.08507984 -6.99912641
v 114.09348058 10.46285594 -6.18395518
v 114.40888151 10.75730860 -5.34037708
v 114.73218607 10.96518310 -4.47565974
v 115.06048664 11.08531032 -3.59757999
v 115.39090645 11.11852345 -2.71383206
v 115.72078400 11.06711790 -1.83153448
v 116.04775553 10.93403309 -0.95700941
v 116.36971078 10.72202930 -0.09590097
v 116.68464658 10.43313294 0.74643308
v 116.99048293 10.06852893 1.56442956
v 117.28492208 9.62892376 2.35194286
v 117.56541625 9.11524085 3.10215858
v 117.82926948 8.52939831 3.80786610
v 118.07384849 7.87489645 4.46202238
v 118.29683435 7.15701497 5.05842515
v 118.49642829 6.38256036 5.59226339
v 118.67143776 5.55926172 6.06034748
v 118.82120927 4.69503215 6.46092960
v 118.94542823 3.79734984 6.79316830
v 119.04385393 2.87295909 7.05641979
v 119.11608268 1.92796504 7.24960434
v 119.16142408 0.96824735 7.37087543
v 120.08817353 0.00000000 7.06826681
v 120.07644353 -0.96856965 7.03848847
v 120.03371542 -1.93096429 6.93001684
v 119.95967176 -2.87871535 6.74204605
v 119.85472421 -3.80325721 6.47562117
v 119.72004429 -4.69659493 6.13371629
v 119.55741765 -5.55183936 5.72086452
v 119.36897276 -6.36341018 5.24246929
v 119.15687611 -7.12682874 4.70403058
v 118.92309431 -7.83817645 4.11054089
v 118.66929677 -8.49342376 3.46623830
v 118.39692118 -9.08789156 2.77477258
v 118.10736563 -9.61606785 2.03969300
v 117.80222803 -10.07188034 1.26505608
v 117.48349936 -10.44936331 0.45591620
v 117.15363754 -10.74351194 -0.38148681
v 116.81549505 -10.95104268 -1.23991153
v 116.47212796 -11.07080170 -2.11159967
v 116.12655773 -11.10367873 -2.98888081
v 115.78157282 -11.05205005 -3.86467601
v 115.43964032 -10.91893511 -4.73272225
v 115.10295430 -10.70714815 -5.58744950
v 114.77359455 -10.41872662 -6.42357794
v 114.45372567 -10.05482065 -7.23561241
v 114.14574983 -9.61606785 -8.01745462
v 113.85234223 -9.10331069 -8.76231320
v 113.57634166 -8.51839901 -9.46298145
v 113.32052351 -7.86479659 -10.11241367
v 113.08732857 -7.14778547 -10.70441351
v 112.87864140 -6.37420677 -11.23419677
v 112.69569781 -5.55183936 -11.69862613
v 112.53915779 -4.68863987 -12.09602611
v 112.40932194 -3.79210637 -12.42563363
v 112.30641772 -2.86897170 -12.68687120
v 112.23085551 -1.92530286 -12.87869705
v 112.18336222 -0.96692909 -12.99926580
v 112.16494193 -0.00000000 -13.04602843
v 112.17667193 0.96856965 -13.01625009
v 112.21940004 1.93096429 -12.90777846
v 112.29344370 2.87871535 -12.71980767
v 112.39839125 3.80325721 -12.45338279
v 112.53307117 4.69659493 -12.11147791
v 112.69569781 5.55183936 -11.69862613
v 112.88414270 6.36341018 -11.22023091
v 113.09623935 7.12682874 -10.68179220
v 113.33002115 7.83817645 -10.08830250
v 113.58381869 8.49342376 -9.44399992
v 113.85619428 9.08789156 -8.75253420
v 114.14574983 9.61606785 -8.01745462
v 114.45088743 10.07188034 -7.24281770
v 114.76961610 10.44936331 -6.43367781
v 115.09947792 10.74351194 -5.59627480
v 115.43762041 10.95104268 -4.73785008
v 115.78098750 11.07080170 -3.86616194
v 116.12655773 11.10367873 -2.98888081
v 116.47154263 11.05205005 -2.11308560
v 116.81347514 10.91893511 -1.24503937
v 117.15016116 10.70714815 -0.39031211
v 117.47952091 10.41872662 0.44581633
v 117.79938979 10.05482065 1.25785079
v 118.10736563 9.61606785 2.03969300
v 118.40077323 9.10331069 2.78455158
v 118.67677379 8.51839901 3.48521984
v 118.93259195 7.86479659 4.13465206
v 119.16578689 7.14778547 4.72665190
v 119.37447406 6.37420677 5.25643516
v 119.55741765 5.55183936 5.72086452
v 119.71395767 4.68863987 6.11826450
v 119.84379352 3.79210637 6.44787202
v 119.94669774 2.86897170 6.70910958
v 120.02225995 1.92530286 6.90093544
v 120.06975324 0.96692909 7.02150418
v 120.99126939 0.00000000 6.70356638
v 120.97912928 -0.96613845 6.67425757
v 120.93461360 -1.92615165 6.56678720
v 120.85737129 -2.87155924 6.38030777
v 120.74782720 -3.79377815 6.11584495
v 120.60721524 -4.68480609 5.77637765
v 120.43742207 -5.53776912 5.36646067
v 120.24069615 -6.34712854 4.89152228
v 120.01932079 -7.10846685 4.35707490
v 119.77535912 -7.81793067 3.76809931
v 119.51054995 -8.47154091 3.12879343
v 119.22637850 -9.06463897 2.44274285
v 118.92428305 -9.59169748 1.71341992
v 118.60591244 -10.04659908 0.94480527
v 118.27333400 -10.42331979 0.14188990
v 117.92911346 -10.71680497 -0.68913200
v 117.57623768 -10.92374881 -1.54104949
v 117.21791033 -11.04301307 -2.40612824
v 116.85729670 -11.07553825 -3.27672654
v 116.49731141 -11.02377190 -4.14580793
v 116.14052403 -10.89080306 -5.00716885
v 115.78921173 -10.67949190 -5.85531177
v 115.44553014 -10.39188333 -6.68503253
v 115.11172773 -10.02909404 -7.49090283
v 114.79031036 -9.59169748 -8.26687301
v 114.48407985 -9.08046062 -9.00617885
v 114.19601711 -8.49716815 -9.70162384
v 113.92903887 -7.84524573 -10.34616631
v 113.68570718 -7.12997066 -10.93362098
v 113.46799179 -6.35820698 -11.45923243
v 113.27717134 -5.53776912 -11.91991376
v 113.11391196 -4.67664336 -12.31405675
v 112.97849994 -3.78233621 -12.64097029
v 112.87114932 -2.86156123 -12.90013762
v 112.79227689 -1.92034242 -13.09055251
v 112.74264594 -0.96445507 -13.21037223
v 112.72332402 -0.00000000 -13.25701947
v 112.73546412 0.96613845 -13.22771066
v 112.77997981 1.92615165 -13.12024029
v 112.85722212 2.87155924 -12.93376085
v 112.96676620 3.79377815 -12.66929804
v 113.10737817 4.68480609 -12.32983073
v 113.27717134 5.53776912 -11.91991376
v 113.47389726 6.34712854 -11.44497537
v 113.69527261 7.10846685 -10.91052799
v 113.93923429 7.81793067 -10.32155240
v 114.20404346 8.47154091 -9.68224652
v 114.48821491 9.06463897 -8.99619594
v 114.79031036 9.59169748 -8.26687301
v 115.10868097 10.04659908 -7.49825836
v 115.44125941 10.42331979 -6.69534299
v 115.78547995 10.71680497 -5.86432109
v 116.13835573 10.92374881 -5.01240360
v 116.49668308 11.04301307 -4.14732485
v 116.85729670 11.07553825 -3.27672654
v 117.21728200 11.02377190 -2.40764516
v 117.57406937 10.89080306 -1.54628424
v 117.92538168 10.67949190 -0.69814132
v 118.26906327 10.39188333 0.13157944
v 118.60286568 10.02909404 0.93744974
v 118.92428305 9.59169748 1.71341992
v 119.23051355 9.08046062 2.45272576
v 119.51857630 8.49716815 3.14817075
v 119.78555453 7.84524573 3.79271322
v 120.02888623 7.12997066 4.38016789
v 120.24660162 6.35820698 4.90577934
v 120.43742207 5.53776912 5.36646067
v 120.60068144 4.67664336 5.76060366
v 120.73609346 3.78233621 6.08751720
v 120.84344409 2.86156123 6.34668453
v 120.92231652 1.92034242 6.53709942
v 120.97194747 0.96445507 6.65691914
v 121.88745505 0.00000000 6.32251545
v 121.87493010 -0.96488507 6.29371004
v 121.82866024 -1.92369086 6.18729665
v 121.74825701 -2.86791137 6.00238187
v 121.63415730 -3.78893134 5.73997053
v 121.48765916 -4.67872842 5.40304786
v 121.31075413 -5.53043529 4.99619414
v 121.10581516 -6.33855108 4.52486679
v 120.87524595 -7.09871949 3.99459391
v 120.62120741 -7.80715364 3.41034527
v 120.34550640 -8.45992445 2.77627635
v 120.04967199 -9.05238909 2.09590378
v 119.73517791 -9.57899492 1.37261693
v 119.40371952 -10.03356549 0.61031480
v 119.05743757 -10.41000331 -0.18607916
v 118.69900462 -10.70319093 -1.01041850
v 118.33154273 -10.90979299 -1.85552299
v 117.95840469 -11.02868681 -2.71368173
v 117.58290078 -11.06087059 -3.57728159
v 117.20807144 -11.00887446 -4.43933006
v 116.83658672 -10.87586923 -5.29368643
v 116.47080337 -10.66477020 -6.13493054
v 116.11294904 -10.37763364 -6.95793916
v 115.76535304 -10.01554081 -7.75735523
v 115.43062365 -9.57899492 -8.52718012
v 115.11169020 -9.06868042 -9.26067684
v 114.81167811 -8.48631245 -9.95065741
v 114.53364839 -7.83527956 -10.59008197
v 114.28028621 -7.12086165 -11.17277511
v 114.05364631 -6.34995839 -11.69401118
v 113.85504744 -5.53043529 -12.15075733
v 113.68515706 -4.67032338 -12.54147844
v 113.54424155 -3.77714975 -12.86556193
v 113.43249674 -2.85761656 -13.12255741
v 113.35034342 -1.91770918 -13.31149711
v 113.29858183 -0.96315171 -13.43054061
v 113.27834652 -0.00000000 -13.47707864
v 113.29087146 0.96488507 -13.44827323
v 113.33714132 1.92369086 -13.34185984
v 113.41754456 2.86791137 -13.15694506
v 113.53164426 3.78893134 -12.89453372
v 113.67814240 4.67872842 -12.55761105
v 113.85504744 5.53043529 -12.15075733
v 114.05998640 6.33855108 -11.67942998
v 114.29055561 7.09871949 -11.14915710
v 114.54459415 7.80715364 -10.56490846
v 114.82029516 8.45992445 -9.93083954
v 115.11612958 9.05238909 -9.25046697
v 115.43062365 9.57899492 -8.52718012
v 115.76208205 10.03356549 -7.76487799
v 116.10836400 10.41000331 -6.96848403
v 116.46679695 10.70319093 -6.14414468
v 116.83425884 10.90979299 -5.29904020
v 117.20739687 11.02868681 -4.44088146
v 117.58290078 11.06087059 -3.57728159
v 117.95773012 11.00887446 -2.71523313
v 118.32921484 10.87586923 -1.86087676
v 118.69499819 10.66477020 -1.01963265
v 119.05285253 10.37763364 -0.19662402
v 119.40044853 10.01554081 0.60279204
v 119.73517791 9.57899492 1.37261693
v 120.05411137 9.06868042 2.10611365
v 120.35412346 8.48631245 2.79609422
v 120.63215317 7.83527956 3.43551878
v 120.88551536 7.12086165 4.01821193
v 121.11215525 6.34995839 4.53944799
v 121.31075413 5.53043529 4.99619414
v 121.48064450 4.67032338 5.38691525
v 121.62156001 3.77714975 5.71099874
v 121.73330483 2.85761656 5.96799422
v 121.81545815 1.91770918 6.15693392
v 121.86721974 0.96315171 6.27597742
v 122.77899846 0.00000000 5.93090099
v 122.76600733 -0.96468692 5.90239456
v 122.71791917 -1.92330596 5.79687472
v 122.63432368 -2.86734308 5.61344117
v 122.51567366 -3.78817324 5.35308746
v 122.36332243 -4.67776759 5.01878320
v 122.17934832 -5.52925962 4.61508887
v 121.96622752 -6.33715776 4.14743795
v 121.72646663 -7.09712141 3.62133067
v 121.46231606 -7.80538091 3.04170516
v 121.17565355 -8.45801994 2.41268168
v 120.86806418 -9.05039922 1.73773841
v 120.54107370 -9.57695858 1.02022329
v 120.19643893 -10.03150497 0.26399132
v 119.83638255 -10.40792043 -0.52608031
v 119.46368371 -10.70107005 -1.34389326
v 119.08159204 -10.90761011 -2.18231691
v 118.69359845 -11.02642194 -3.03369114
v 118.30314894 -11.05851923 -3.89045441
v 117.91340648 -11.00645452 -4.74566619
v 117.52714582 -10.87342084 -5.59323784
v 117.14681352 -10.66234860 -6.42780091
v 116.77472116 -10.37529741 -7.24428307
v 116.41328745 -10.01333921 -8.03737697
v 116.06522418 -9.57695858 -8.80113210
v 115.73358054 -9.06681805 -9.52885764
v 115.42161232 -8.48461447 -10.21340943
v 115.13250897 -7.83372697 -10.84778884
v 114.86906732 -7.11943687 -11.42585877
v 114.63342496 -6.34865435 -11.94292875
v 114.42694955 -5.52925962 -12.39599768
v 114.25032789 -4.66929676 -12.78355854
v 114.10382813 -3.77629943 -13.10502292
v 113.98764639 -2.85696770 -13.35996048
v 113.90221655 -1.91727747 -13.54741916
v 113.84837221 -0.96294000 -13.66556979
v 113.82729942 -0.00000000 -13.71180980
v 113.84029055 0.96468692 -13.68330337
v 113.88837871 1.92330596 -13.57778353
v 113.97197419 2.86734308 -13.39434999
v 114.09062422 3.78817324 -13.13399627
v 114.24297544 4.67776759 -12.79969202
v 114.42694955 5.52925962 -12.39599768
v 114.64007035 6.33715776 -11.92834676
v 114.87983125 7.09712141 -11.40223949
v 115.14398182 7.80538091 -10.82261397
v 115.43064433 8.45801994 -10.19359050
v 115.73823370 9.05039922 -9.51864723
v 116.06522418 9.57695858 -8.80113210
v 116.40985894 10.03150497 -8.04490013
v 116.76991533 10.40792043 -7.25482850
v 117.14261416 10.70107005 -6.43701555
v 117.52470583 10.90761011 -5.59859190
v 117.91269942 11.02642194 -4.74721767
v 118.30314894 11.05851923 -3.89045441
v 118.69289140 11.00645452 -3.03524263
v 119.07915206 10.87342084 -2.18767097
v 119.45948436 10.66234860 -1.35310790
v 119.83157672 10.37529741 -0.53662574
v 120.19301043 10.01333921 0.25646816
v 120.54107370 9.57695858 1.02022329
v 120.87271733 9.06681805 1.74794883
v 121.18468556 8.48461447 2.43250062
v 121.47378891 7.83372697 3.06688003
v 121.73723055 7.11943687 3.64494996
v 121.97287292 6.34865435 4.16201994
v 122.17934832 5.52925962 4.61508887
v 122.35596999 4.66929676 5.00264973
v 122.50246975 3.77629943 5.32411411
v 122.61865148 2.85696770 5.57905167
v 122.70408133 1.91727747 5.76651035
v 122.75792567 0.96294000 5.88466098
v 123.66366734 0.00000000 5.52406819
v 123.65021128 -0.96560567 5.49585697
v 123.60031698 -1.92514633 5.39125140
v 123.51355294 -2.87009149 5.20934682
v 123.39038781 -3.79179806 4.95112574
v 123.23222955 -4.68222261 4.61954005
v 123.04124206 -5.53449155 4.21912645
v 122.82000335 -6.34311508 3.75528986
v 122.57112165 -7.10376106 3.23349851
v 122.29693595 -7.81267024 2.65865625
v 121.99939439 -8.46593277 2.03484738
v 121.68013798 -9.05890715 1.36551241
v 121.34074456 -9.58602056 0.65395930
v 120.98303240 -10.04105878 -0.09599984
v 120.60930566 -10.41787955 -0.87953424
v 120.22244931 -10.71132728 -1.69059543
v 119.82583932 -10.91804737 -2.52210558
v 119.42310334 -11.03692329 -3.36645911
v 119.01782178 -11.06898310 -4.21614958
v 118.61327910 -11.01680126 -5.06429094
v 118.21235409 -10.88359337 -5.90484771
v 117.81758269 -10.67230602 -6.73250316
v 117.43136013 -10.38500393 -7.54223560
v 117.05619404 -10.02275237 -8.32878765
v 116.69489900 -9.58602056 -9.08625847
v 116.35064290 -9.07545311 -9.80800640
v 116.02681046 -8.49273322 -10.48693522
v 115.72671815 -7.84123578 -11.11609183
v 115.45327329 -7.12624931 -11.68938089
v 115.20869557 -6.35470068 -12.20214875
v 114.99440150 -5.53449155 -12.65142562
v 114.81109753 -4.67368619 -13.03573038
v 114.65905422 -3.77983231 -13.35449580
v 114.53846852 -2.85963578 -13.60730899
v 114.44978752 -1.91907116 -13.79323257
v 114.39387784 -0.96384522 -13.91044964
v 114.37197622 -0.00000000 -13.95636736
v 114.38543228 0.96560567 -13.92815614
v 114.43532658 1.92514633 -13.82355057
v 114.52209061 2.87009149 -13.64164598
v 114.64525575 3.79179806 -13.38342490
v 114.80341401 4.68222261 -13.05183922
v 114.99440150 5.53449155 -12.65142562
v 115.21564020 6.34311508 -12.18758903
v 115.46452191 7.10376106 -11.66579768
v 115.73870761 7.81267024 -11.09095541
v 116.03624917 8.46593277 -10.46714655
v 116.35550558 9.05890715 -9.79781157
v 116.69489900 9.58602056 -9.08625847
v 117.05261116 10.04105878 -8.33629933
v 117.42633790 10.41787955 -7.55276493
v 117.81319424 10.71132728 -6.74170373
v 118.20980424 10.91804737 -5.91019359
v 118.61254021 11.03692329 -5.06584006
v 119.01782178 11.06898310 -4.21614958
v 119.42236445 11.01680126 -3.36800823
v 119.82328947 10.88359337 -2.52745146
v 120.21806087 10.67230602 -1.69979600
v 120.60428343 10.38500393 -0.89006357
v 120.97944951 10.02275237 -0.10351151
v 121.34074456 9.58602056 0.65395930
v 121.68500066 9.07545311 1.37570723
v 122.00883310 8.49273322 2.05463605
v 122.30892541 7.84123578 2.68379267
v 122.58237026 7.12624931 3.25708173
v 122.82694798 6.35470068 3.76984958
v 123.04124206 5.53449155 4.21912645
v 123.22454603 4.67368619 4.60343122
v 123.37658933 3.77983231 4.92219664
v 123.49717504 2.85963578 5.17500982
v 123.58585604 1.91907116 5.36093340
v 123.64176571 0.96384522 5.47815047
v 124.53947131 0.00000000 5.09865474
v 124.52562393 -0.96680290 5.07088119
v 124.47400257 -1.92756033 4.96734478
v 124.38414204 -2.87370514 4.78711244
v 124.25652347 -3.79655272 4.53114917
v 124.09261590 -4.68802800 4.20240144
v 123.89468243 -5.54124724 3.80540832
v 123.66541889 -6.35073563 3.34557681
v 123.40754796 -7.11219512 2.82836773
v 123.12350275 -7.82190554 2.25866119
v 122.81529842 -8.47598409 1.64049894
v 122.48462114 -9.06979043 0.97726291
v 122.13308646 -9.59772175 0.27219341
v 121.76256087 -10.05350848 -0.47096594
v 121.37542193 -10.43094286 -1.24744653
v 120.97465901 -10.72481360 -2.05125259
v 120.56377885 -10.93173786 -2.87535070
v 120.14655291 -11.05060774 -3.71217648
v 119.72670161 -11.08249448 -4.55426792
v 119.30763187 -11.03003674 -5.39479177
v 118.89232148 -10.89651510 -6.22777556
v 118.48338609 -10.68492167 -7.04797304
v 118.08329356 -10.39733370 -7.85043451
v 117.69463214 -10.03479361 -8.62996872
v 117.32031676 -9.59772175 -9.38072924
v 116.96363855 -9.08670558 -10.09611504
v 116.62812096 -8.50338253 -10.76905922
v 116.31721857 -7.85110846 -11.39263295
v 116.03395699 -7.13518515 -11.96076778
v 115.78063862 -6.36257975 -12.46884584
v 115.55872078 -5.54124724 -12.91394416
v 115.36891458 -4.67930111 -13.29463650
v 115.21147512 -3.78431998 -13.61041121
v 115.08658495 -2.86301613 -13.86090215
v 114.99469675 -1.92134961 -14.04520136
v 114.93671261 -0.96500317 -14.16149955
v 114.91393191 -0.00000000 -14.20719057
v 114.92777929 0.96680290 -14.17941702
v 114.97940064 1.92756033 -14.07588061
v 115.06926117 2.87370514 -13.89564827
v 115.19687975 3.79655272 -13.63968500
v 115.36078732 4.68802800 -13.31093727
v 115.55872078 5.54124724 -12.91394416
v 115.78798432 6.35073563 -12.45411264
v 116.04585525 7.11219512 -11.93690357
v 116.32990046 7.82190554 -11.36719702
v 116.63810479 8.47598409 -10.74903477
v 116.96878207 9.06979043 -10.08579874
v 117.32031676 9.59772175 -9.38072924
v 117.69084234 10.05350848 -8.63756990
v 118.07798128 10.43094286 -7.86108930
v 118.47874420 10.72481360 -7.05728324
v 118.88962436 10.93173786 -6.23318513
v 119.30685031 11.05060774 -5.39635935
v 119.72670161 11.08249448 -4.55426792
v 120.14577134 11.03003674 -3.71374406
v 120.56108174 10.89651510 -2.88076028
v 120.97001712 10.68492167 -2.06056279
v 121.37010965 10.39733370 -1.25810132
v 121.75877107 10.03479361 -0.47856711
v 122.13308646 9.59772175 0.27219341
v 122.48976466 9.08670558 0.98757921
v 122.82528225 8.50338253 1.66052339
v 123.13618464 7.85110846 2.28409711
v 123.41944622 7.13518515 2.85223195
v 123.67276459 6.36257975 3.36031001
v 123.89468243 5.54124724 3.80540832
v 124.08448863 4.67930111 4.18610066
v 124.24192809 3.78431998 4.50187537
v 124.36681827 2.86301613 4.75236631
v 124.45870647 1.92134961 4.93666553
v 124.51669060 0.96500317 5.05296372
v 125.40832690 0.00000000 4.65939183
v 125.39407026 -0.96708634 4.63200508
v 125.34071723 -1.92814483 4.52951486
v 125.24777306 -2.87458711 4.35097077
v 125.11573226 -3.79770395 4.09732275
v 124.94612231 -4.68940239 3.77150508
v 124.74130029 -5.54279550 3.37804563
v 124.50407365 -6.35242248 2.92233749
v 124.23727434 -7.11401232 2.40982080
v 123.94342688 -7.82387509 1.84534507
v 123.62461371 -8.47814974 1.23291067
v 123.28256891 -9.07219951 0.57584873
v 122.91894969 -9.60040342 -0.12265729
v 122.53567426 -10.05645588 -0.85892255
v 122.13519516 -10.43410585 -1.62823575
v 121.72060544 -10.72810515 -2.42465518
v 121.29553981 -10.93505271 -3.24119866
v 120.86390976 -11.05384746 -4.07035227
v 120.42957249 -11.08559099 -4.90470641
v 119.99605569 -11.03296649 -5.73748444
v 119.56643655 -10.89929921 -6.56277512
v 119.14341252 -10.68761213 -7.37539673
v 118.72952656 -10.39999026 -8.17046425
v 118.32744919 -10.03745900 -8.94284770
v 117.94019528 -9.60040342 -9.68675553
v 117.57117649 -9.08936954 -10.39563404
v 117.22405042 -8.50596102 -11.06245702
v 116.90240487 -7.85351804 -11.68033237
v 116.60938004 -7.13734876 -12.24322782
v 116.34735994 -6.36444507 -12.74656376
v 116.11784469 -5.54279550 -13.18745845
v 115.92155453 -4.68054400 -13.56452834
v 115.75873469 -3.78528689 -13.87730233
v 115.62955812 -2.86373704 -14.12544822
v 115.53448534 -1.92184052 -14.30808134
v 115.47445277 -0.96525949 -14.42340284
v 115.45081808 -0.00000000 -14.46880465
v 115.46507471 0.96708634 -14.44141790
v 115.51842775 1.92814483 -14.33892768
v 115.61137192 2.87458711 -14.16038360
v 115.74341272 3.79770395 -13.90673557
v 115.91302266 4.68940239 -13.58091790
v 116.11784469 5.54279550 -13.18745845
v 116.35507133 6.35242248 -12.73175031
v 116.62187063 7.11401232 -12.21923362
v 116.91571810 7.82387509 -11.65475790
v 117.23453126 8.47814974 -11.04232350
v 117.57657606 9.07219951 -10.38526155
v 117.94019528 9.60040342 -9.68675553
v 118.32347072 10.05645588 -8.95049027
v 118.72394982 10.43410585 -8.18117707
v 119.13853954 10.72810515 -7.38475764
v 119.56360516 10.93505271 -6.56821416
v 119.99523521 11.05384746 -5.73906055
v 120.42957249 11.08559099 -4.90470641
v 120.86308929 11.03296649 -4.07192838
v 121.29270843 10.89929921 -3.24663770
v 121.71573246 10.68761213 -2.43401609
v 122.12961841 10.39999026 -1.63894857
v 122.53169579 10.03745900 -0.86656513
v 122.91894969 9.60040342 -0.12265729
v 123.28796849 9.08936954 0.58622122
v 123.63509456 8.50596102 1.25304420
v 123.95674011 7.85351804 1.87091955
v 124.24976493 7.13734876 2.43381500
v 124.51178504 6.36444507 2.93715094
v 124.74130029 5.54279550 3.37804563
v 124.93759045 4.68054400 3.75511552
v 125.10041028 3.78528689 4.06788951
v 125.22958685 2.86373704 4.31603540
v 125.32465964 1.92184052 4.49866851
v 125.38469221 0.96525949 4.61399001
v 126.27015962 0.00000000 4.20659931
v 126.25546799 -0.96663300 4.17954069
v 126.20037189 -1.92725141 4.07806629
v 126.10435265 -2.87326084 3.90122086
v 125.96791939 -3.79594426 3.64994206
v 125.79265462 -4.68720414 3.32714450
v 125.58100243 -5.54015614 2.93732966
v 125.33587384 -6.34935046 2.48585896
v 125.06020331 -7.11053327 1.97813701
v 124.75660326 -7.82003329 1.41897526
v 124.42722400 -8.47400357 0.81233414
v 124.07385145 -9.06781220 0.16150286
v 123.69818997 -9.59583192 -0.53037950
v 123.30221437 -10.05174171 -1.25967584
v 122.88845467 -10.42927113 -2.02172641
v 122.46010686 -10.72315545 -2.81064494
v 122.02093015 -10.92998587 -3.61950782
v 121.57497135 -11.04866574 -4.44086175
v 121.12622033 -11.08031228 -5.26735832
v 120.67832365 -11.02763095 -6.09228138
v 120.23445878 -10.89396900 -6.90977877
v 119.79740795 -10.68236414 -7.71472627
v 119.36979296 -10.39490424 -8.50229511
v 118.95436900 -10.03260489 -9.26741085
v 118.55425068 -9.59583192 -10.00433714
v 118.17296671 -9.08510871 -10.70657485
v 117.81430311 -8.50201973 -11.36715103
v 117.48197454 -7.84989461 -11.97922411
v 117.17923108 -7.13404162 -12.53680819
v 116.90853706 -6.36146160 -13.03536457
v 116.67143822 -5.54015614 -13.47204631
v 116.46867014 -4.67828049 -13.84549866
v 116.30047579 -3.78343573 -14.15527410
v 116.16702502 -2.86233084 -14.40105986
v 116.06878929 -1.92090066 -14.58198757
v 116.00673788 -0.96479269 -14.69627204
v 115.98228103 -0.00000000 -14.74131596
v 115.99697266 0.96663300 -14.71425733
v 116.05206876 1.92725141 -14.61278294
v 116.14808800 2.87326084 -14.43593750
v 116.28452126 3.79594426 -14.18465870
v 116.45978604 4.68720414 -13.86186114
v 116.67143822 5.54015614 -13.47204631
v 116.91656681 6.34935046 -13.02057560
v 117.19223734 7.11053327 -12.51285365
v 117.49583740 7.82003329 -11.95369191
v 117.82521665 8.47400357 -11.34705078
v 118.17858920 9.06781220 -10.69621951
v 118.55425068 9.59583192 -10.00433714
v 118.95022628 10.05174171 -9.27504080
v 119.36398598 10.42927113 -8.51299023
v 119.79233379 10.72315545 -7.72407171
v 120.23151050 10.92998587 -6.91520883
v 120.67746930 11.04866574 -6.09385489
v 121.12622033 11.08031228 -5.26735832
v 121.57411700 11.02763095 -4.44243526
v 122.01798187 10.89396900 -3.62493787
v 122.45503270 10.68236414 -2.81999037
v 122.88264769 10.39490424 -2.03242153
v 123.29807165 10.03260489 -1.26730579
v 123.69818997 9.59583192 -0.53037950
v 124.07947394 9.08510871 0.17185821
v 124.43813754 8.50201973 0.83243439
v 124.77046611 7.84989461 1.44450747
v 125.07320957 7.13404162 2.00209155
v 125.34390359 6.36146160 2.50064793
v 125.58100243 5.54015614 2.93732966
v 125.78377052 4.67828049 3.31078202
v 125.95196486 3.78343573 3.62055746
v 126.08541563 2.86233084 3.86634321
v 126.18365136 1.92090066 4.04727092
v 126.24570277 0.96479269 4.16155540
v 127.12364348 0.00000000 3.73834975
v 127.10853584 -0.96641181 3.71164708
v 127.05172679 -1.92682379 3.61123743
v 126.95267127 -2.87263062 3.43615740
v 126.81189219 -3.79510201 3.18733121
v 126.63102799 -4.68613157 2.86765482
v 126.41261209 -5.53883573 2.48160601
v 126.15966162 -6.34777673 2.03451757
v 125.87521553 -7.10872123 1.53176081
v 125.56197464 -7.81802044 0.97810941
v 125.22215591 -8.47184407 0.37748184
v 124.85759439 -9.06556469 -0.26687846
v 124.47003820 -9.59354491 -0.95188172
v 124.06151547 -10.04944158 -1.67394319
v 123.63463140 -10.42695706 -2.42845824
v 123.19268383 -10.72080341 -3.20959791
v 122.73955647 -10.92756070 -4.01049780
v 122.27943192 -11.04613749 -4.82376519
v 121.81643291 -11.07767147 -5.64211318
v 121.35432417 -11.02489768 -6.45888762
v 120.89638159 -10.89119279 -7.26829839
v 120.44546949 -10.67961452 -8.06528282
v 120.00428556 -10.39225521 -8.84507279
v 119.57566726 -10.03011825 -9.60265306
v 119.16282763 -9.59354491 -10.33234464
v 118.76941254 -9.08302977 -11.02770345
v 118.39933751 -8.50013328 -11.68180885
v 118.05644547 -7.84817279 -12.28786848
v 117.74409719 -7.13245870 -12.83994219
v 117.46483684 -6.36000592 -13.33353319
v 117.22025373 -5.53883573 -13.76583237
v 117.01109546 -4.67712095 -14.13551837
v 116.83759897 -3.78247156 -14.44217237
v 116.69992776 -2.86159409 -14.68550541
v 116.59856256 -1.92041114 -14.86466780
v 116.53450578 -0.96455356 -14.97788778
v 116.50922234 -0.00000000 -15.02257610
v 116.52432998 0.96641181 -14.99587344
v 116.58113903 1.92682379 -14.89546379
v 116.68019455 2.87263062 -14.72038375
v 116.82097363 3.79510201 -14.47155756
v 117.00183783 4.68613157 -14.15188118
v 117.22025373 5.53883573 -13.76583237
v 117.47320420 6.34777673 -13.31874393
v 117.75765030 7.10872123 -12.81598716
v 118.07089119 7.81802044 -12.26233576
v 118.41070992 8.47184407 -11.66170819
v 118.77527143 9.06556469 -11.01734790
v 119.16282763 9.59354491 -10.33234464
v 119.57135035 10.04944158 -9.61028317
v 119.99823443 10.42695706 -8.85576812
v 120.44018199 10.72080341 -8.07462845
v 120.89330935 10.92756070 -7.27372855
v 121.35343390 11.04613749 -6.46046116
v 121.81643291 11.07767147 -5.64211318
v 122.27854166 11.02489768 -4.82533874
v 122.73648424 10.89119279 -4.01592797
v 123.18739633 10.67961452 -3.21894353
v 123.62858027 10.39225521 -2.43915357
v 124.05719856 10.03011825 -1.68157329
v 124.47003820 9.59354491 -0.95188172
v 124.86345328 9.08302977 -0.25652291
v 125.23352831 8.50013328 0.39758249
v 125.57642035 7.84817279 1.00364213
v 125.88876863 7.13245870 1.55571583
v 126.16802898 6.36000592 2.04930684
v 126.41261209 5.53883573 2.48160601
v 126.62177036 4.67712095 2.85129201
v 126.79526685 3.78247156 3.15794602
v 126.93293806 2.86159409 3.40127905
v 127.03430326 1.92041114 3.58044144
v 127.09836005 0.96455356 3.69366143
v 127.96910192 0.00000000 3.25583579
v 127.95357294 -0.96647239 3.22947281
v 127.89505912 -1.92695477 3.13013607
v 127.79299097 -2.87283146 2.95685874
v 127.64790550 -3.79536000 2.71055247
v 127.46149561 -4.68642533 2.39409128
v 127.23638120 -5.53914283 2.01192285
v 126.97568223 -6.34808260 1.56934383
v 126.68253925 -7.10902594 1.07168581
v 126.35973979 -7.81834030 0.52368106
v 126.00956715 -8.47220720 -0.07079412
v 125.63390644 -9.06600152 -0.70853945
v 125.23455096 -9.59407681 -1.38651052
v 124.81358340 -10.05007156 -2.10117162
v 124.37368437 -10.42766591 -2.84797198
v 123.91825266 -10.72155299 -3.62114160
v 123.45129449 -10.92830358 -4.41387927
v 122.97712581 -11.04682995 -5.21885794
v 122.50000000 -11.07828566 -6.02885683
v 122.02379853 -11.02542893 -6.83728651
v 121.55189532 -10.89165963 -7.63841917
v 121.08723719 -10.68005147 -8.42725216
v 120.63259833 -10.39270066 -9.19907578
v 120.19089871 -10.03060156 -9.94893293
v 119.76544904 -9.59407681 -10.67120314
v 119.36001046 -9.08359917 -11.35950126
v 118.97862525 -8.50071114 -12.00696487
v 118.62526168 -7.84872152 -12.60685717
v 118.30338899 -7.13294358 -13.15328857
v 118.01563020 -6.36040461 -13.64180605
v 117.76361880 -5.53914283 -14.06963651
v 117.54811630 -4.67734632 -14.43548717
v 117.36935607 -3.78263369 -14.73896181
v 117.22749740 -2.86171117 -14.97979004
v 117.12303118 -1.92049346 -15.15713849
v 117.05699227 -0.96460004 -15.26925031
v 117.03089808 -0.00000000 -15.31354945
v 117.04642706 0.96647239 -15.28718647
v 117.10494088 1.92695477 -15.18784972
v 117.20700903 2.87283146 -15.01457240
v 117.35209450 3.79536000 -14.76826613
v 117.53850439 4.68642533 -14.45180494
v 117.76361880 5.53914283 -14.06963651
v 118.02431777 6.34808260 -13.62705749
v 118.31746075 7.10902594 -13.12939947
v 118.64026021 7.81834030 -12.58139472
v 118.99043285 8.47220720 -11.98691954
v 119.36609356 9.06600152 -11.34917421
v 119.76544904 9.59407681 -10.67120314
v 120.18641660 10.05007156 -9.95654204
v 120.62631563 10.42766591 -9.20974168
v 121.08174734 10.72155299 -8.43657206
v 121.54870551 10.92830358 -7.64383439
v 122.02287419 11.04682995 -6.83885572
v 122.50000000 11.07828566 -6.02885683
v 122.97620147 11.02542893 -5.22042715
v 123.44810468 10.89165963 -4.41929449
v 123.91276281 10.68005147 -3.63046150
v 124.36740167 10.39270066 -2.85863788
v 124.80910129 10.03060156 -2.10878072
v 125.23455096 9.59407681 -1.38651052
v 125.63998954 9.08359917 -0.69821240
v 126.02137475 8.50071114 -0.05074879
v 126.37473832 7.84872152 0.54914351
v 126.69661101 7.13294358 1.09557491
v 126.98436980 6.36040461 1.58409239
v 127.23638120 5.53914283 2.01192285
v 127.45188370 4.67734632 2.37777351
v 127.63064393 3.78263369 2.68124815
v 127.77250260 2.86171117 2.92207638
v 127.87696882 1.92049346 3.09942483
v 127.94300773 0.96460004 3.21153665
v 128.80648909 0.00000000 2.75948754
v 128.79052472 -0.96690432 2.73343605
v 128.73030669 -1.92782118 2.63516915
v 128.62524466 -2.87412601 2.46372351
v 128.47589043 -3.79706649 2.21999956
v 128.28398903 -4.68851976 1.90684494
v 128.05224216 -5.54159779 1.52866842
v 127.78386714 -6.35087249 1.09072019
v 127.48210147 -7.11213086 0.59828336
v 127.14981682 -7.82174721 0.05604410
v 126.78936293 -8.47590750 -0.53216318
v 126.40267717 -9.06998588 -1.16317700
v 125.99160123 -9.59832892 -1.83399196
v 125.55827512 -10.05456306 -2.54111590
v 125.10545609 -10.43235444 -3.28004941
v 124.63664293 -10.72638429 -4.04508295
v 124.15596171 -10.93321721 -4.82948341
v 123.66785822 -11.05176691 -5.62599591
v 123.17671337 -11.08319558 -6.42747147
v 122.68652365 -11.03027443 -7.22738839
v 122.20076112 -10.89641665 -8.02008079
v 121.72245658 -10.68470540 -8.80060287
v 121.25446269 -10.39723975 -9.56429949
v 120.79978306 -10.03500985 -10.30626920
v 120.36182551 -9.59832892 -11.02095097
v 119.94446378 -9.08765875 -11.70202342
v 119.55186277 -8.50453326 -12.34269003
v 119.18811164 -7.85225828 -12.93627793
v 118.85678465 -7.13615072 -13.47695444
v 118.56058256 -6.36324716 -13.96031232
v 118.30118458 -5.54159779 -14.38361136
v 118.07936988 -4.67940194 -14.74558004
v 117.89537303 -3.78428579 -15.04583562
v 117.74935313 -2.86295818 -15.28411844
v 117.64181313 -1.92133225 -15.45960777
v 117.57381926 -0.96502397 -15.57056367
v 117.54693765 -0.00000000 -15.61443048
v 117.56290203 0.96690432 -15.58837898
v 117.62312006 1.92782118 -15.49011209
v 117.72818208 2.87412601 -15.31866645
v 117.87753631 3.79706649 -15.07494250
v 118.06943771 4.68851976 -14.76178788
v 118.30118458 5.54159779 -14.38361136
v 118.56955960 6.35087249 -13.94566313
v 118.87132528 7.11213086 -13.45322630
v 119.20360992 7.82174721 -12.91098704
v 119.56406381 8.47590750 -12.32277975
v 119.95074957 9.06998588 -11.69176594
v 120.36182551 9.59832892 -11.02095097
v 120.79515162 10.05456306 -10.31382703
v 121.24797065 10.43235444 -9.57489353
v 121.71678381 10.72638429 -8.80985998
v 122.19746503 10.93321721 -8.02545953
v 122.68556852 11.05176691 -7.22894702
v 123.17671337 11.08319558 -6.42747147
v 123.66690309 11.03027443 -5.62755455
v 124.15266562 10.89641665 -4.83486214
v 124.63097017 10.68470540 -4.05434006
v 125.09896405 10.39723975 -3.29064345
v 125.55364368 10.03500985 -2.54867374
v 125.99160123 9.59832892 -1.83399196
v 126.40896296 9.08765875 -1.15291952
v 126.80156397 8.50453326 -0.51225291
v 127.16531510 7.85225828 0.08133500
v 127.49664209 7.13615072 0.62201150
v 127.79284418 6.36324716 1.10536938
v 128.05224216 5.54159779 1.52866842
v 128.27405686 4.67940194 1.89063711
v 128.45805372 3.78428579 2.19089268
v 128.60407362 2.86295818 2.42917550
v 128.71161362 1.92133225 2.60466483
v 128.77960748 0.96502397 2.71562073
v 129.63630803 0.00000000 2.25055142
v 129.61986260 -0.96721286 2.22473727
v 129.55791224 -1.92842979 2.12749469
v 129.44985514 -2.87502979 1.95787901
v 129.29626004 -3.79826522 1.71678299
v 129.09891855 -4.69001587 1.40701891
v 128.86060300 -5.54339192 1.03293843
v 128.58461489 -6.35295825 0.59972387
v 128.27427776 -7.11449096 0.11259215
v 127.93254207 -7.82435260 -0.42382542
v 127.56182527 -8.47872017 -1.00573425
v 127.16412385 -9.07296466 -1.63000042
v 126.74133746 -9.60143645 -2.29364213
v 126.29567196 -10.05777149 -2.99319684
v 125.82996578 -10.43564793 -3.72420911
v 125.34781704 -10.72975726 -4.48103103
v 124.85346644 -10.93666883 -5.25700604
v 124.35148231 -11.05529355 -6.04496328
v 123.84636689 -11.08678384 -6.83783567
v 123.34222907 -11.03389701 -7.62917353
v 122.84264098 -10.90003254 -8.41336975
v 122.35072297 -10.68826442 -9.18552636
v 121.86941278 -10.40068999 -9.94103203
v 121.40180224 -10.03830556 -10.67503355
v 120.95139632 -9.60143645 -11.38202922
v 120.52217625 -9.09055863 -12.05576978
v 120.11842042 -8.50721814 -12.68953948
v 119.74432879 -7.85472747 -13.27674571
v 119.40357329 -7.13840360 -13.81162470
v 119.09893065 -6.36527768 -14.28981787
v 118.83213078 -5.54339192 -14.70860977
v 118.60398108 -4.68093876 -15.06673307
v 118.41473012 -3.78554157 -15.36379758
v 118.26454779 -2.86391182 -15.59953661
v 118.15395440 -1.92196983 -15.77313345
v 118.08404527 -0.96534090 -15.88286880
v 118.05642576 -0.00000000 -15.92622277
v 118.07287118 0.96721286 -15.90040861
v 118.13482154 1.92842979 -15.80316604
v 118.24287864 2.87502979 -15.63355036
v 118.39647375 3.79826522 -15.39245434
v 118.59381523 4.69001587 -15.08269026
v 118.83213078 5.54339192 -14.70860977
v 119.10811889 6.35295825 -14.27539521
v 119.41845602 7.11449096 -13.78826350
v 119.76019171 7.82435260 -13.25184592
v 120.13090851 8.47872017 -12.66993710
v 120.52860993 9.07296466 -12.04567093
v 120.95139632 9.60143645 -11.38202922
v 121.39706183 10.05777149 -10.68247451
v 121.86276801 10.43564793 -9.95146223
v 122.34491674 10.72975726 -9.19464032
v 122.83926734 10.93666883 -8.41866531
v 123.34125147 11.05529355 -7.63070807
v 123.84636689 11.08678384 -6.83783567
v 124.35050471 11.03389701 -6.04649781
v 124.85009280 10.90003254 -5.26230159
v 125.34201081 10.68826442 -4.49014498
v 125.82332100 10.40068999 -3.73463932
v 126.29093154 10.03830556 -3.00063780
v 126.74133746 9.60143645 -2.29364213
v 127.17055753 9.09055863 -1.61990157
v 127.57431336 8.50721814 -0.98613187
v 127.94840499 7.85472747 -0.39892564
v 128.28916049 7.13840360 0.13595336
v 128.59380313 6.36527768 0.61414652
v 128.86060300 5.54339192 1.03293843
v 129.08875270 4.68093876 1.39106173
v 129.27800367 3.78554157 1.68812623
v 129.42818599 2.86391182 1.92386527
v 129.53877938 1.92196983 2.09746211
v 129.60868851 0.96534090 2.20719746
v 130.45688886 0.00000000 1.72682315
v 130.43997621 -0.96732929 1.70127092
v 130.37632051 -1.92865767 1.60509764
v 130.26530703 -2.87536721 1.43737458
v 130.10752091 -3.79871406 1.19898576
v 129.90480069 -4.69058043 0.89270891
v 129.65999024 -5.54407595 0.52284067
v 129.37647638 -6.35376139 0.09449795
v 129.05766944 -7.11540617 -0.38716680
v 128.70659852 -7.82536548 -0.91757710
v 128.32574768 -8.47981086 -1.49297995
v 127.91717068 -9.07411167 -2.11027246
v 127.48282272 -9.60262122 -2.76650065
v 127.02497327 -10.05898219 -3.45823571
v 126.54654014 -10.43688109 -4.18106931
v 126.05121962 -10.73101652 -4.92941699
v 125.54336641 -10.93796119 -5.69669950
v 125.02767105 -11.05662433 -6.47583019
v 124.50875658 -11.08815189 -7.25982444
v 123.99084328 -11.03529192 -8.04230608
v 123.47760174 -10.90143471 -8.81772945
v 122.97223978 -10.68964804 -9.58124809
v 122.47777803 -10.40202793 -10.32829831
v 121.99739462 -10.03957461 -11.05407848
v 121.53469043 -9.60262122 -11.75314824
v 121.09375364 -9.09165291 -12.41933106
v 120.67897621 -8.50822342 -13.04599140
v 120.29466917 -7.85564931 -13.62661601
v 119.94460207 -7.13924713 -14.15550970
v 119.63162694 -6.36604390 -14.62836354
v 119.35752291 -5.54407595 -15.04248955
v 119.12312347 -4.68153053 -15.39662847
v 118.92868888 -3.78602854 -15.69038710
v 118.77439784 -2.86428256 -15.92349543
v 118.66078692 -1.92221707 -16.09514280
v 118.58898051 -0.96546294 -16.20363046
v 118.56062429 -0.00000000 -16.24647204
v 118.57753695 0.96732929 -16.22091980
v 118.64119265 1.92865767 -16.12474653
v 118.75220612 2.87536721 -15.95702346
v 118.90999224 3.79871406 -15.71863464
v 119.11271246 4.69058043 -15.41235780
v 119.35752291 5.54407595 -15.04248955
v 119.64103677 6.35376139 -14.61414684
v 119.95984371 7.11540617 -14.13248209
v 120.31091463 7.82536548 -13.60207178
v 120.69176547 8.47981086 -13.02666894
v 121.10034247 9.07411167 -12.40937642
v 121.53469043 9.60262122 -11.75314824
v 121.99253988 10.05898219 -11.06141318
v 122.47097301 10.43688109 -10.33857957
v 122.96629353 10.73101652 -9.59023190
v 123.47414674 10.93796119 -8.82294939
v 123.98984210 11.05662433 -8.04381870
v 124.50875658 11.08815189 -7.25982444
v 125.02666987 11.03529192 -6.47734281
v 125.53991141 10.90143471 -5.70191943
v 126.04527337 10.68964804 -4.93840080
v 126.53973512 10.40202793 -4.19135058
v 127.02011854 10.03957461 -3.46557041
v 127.48282272 9.60262122 -2.76650065
v 127.92375951 9.09165291 -2.10031782
v 128.33853694 8.50822342 -1.47365749
v 128.72284398 7.85564931 -0.89303288
v 129.07291108 7.13924713 -0.36413919
v 129.38588621 6.36604390 0.10871465
v 129.65999024 5.54407595 0.52284067
v 129.89438968 4.68153053 0.87697959
v 130.08882427 3.78602854 1.17073821
v 130.24311531 2.86428256 1.40384654
v 130.35672623 1.92221707 1.57549392
v 130.42853264 0.96546294 1.68398157
v 131.26823197 0.00000000 1.18886805
v 131.25085557 -0.96705069 1.16358523
v 131.18551239 -1.92809781 1.06851030
v 131.07157526 -2.87453013 0.90273075
v 130.90964561 -3.79761134 0.66712166
v 130.70160817 -4.68922951 0.36442530
v 130.45037717 -5.54249650 -0.00111807
v 130.15942332 -6.35197113 -0.42445856
v 129.83224233 -7.11341760 -0.90050985
v 129.47194091 -7.82318506 -1.42475167
v 129.08106904 -8.47744098 -1.99347377
v 128.66173733 -9.07155490 -2.60360519
v 128.21595631 -9.59988554 -3.25222059
v 127.74605867 -10.05608513 -3.93592591
v 127.25504087 -10.43385140 -4.65036124
v 126.74669624 -10.72789250 -5.39000726
v 126.22549206 -10.93478604 -6.14836405
v 125.69623945 -11.05343994 -6.91843138
v 125.16368066 -11.08499300 -7.69330924
v 124.63214605 -11.03218256 -8.46669689
v 124.10540364 -10.89838804 -9.23311185
v 123.58674796 -10.68666954 -9.98776055
v 123.07928184 -10.39912084 -10.72612834
v 122.58626893 -10.03674581 -11.44346656
v 122.11140500 -9.59988554 -12.13439788
v 121.65888375 -9.08903444 -12.79282038
v 121.23320914 -8.50575360 -13.41218078
v 120.83880164 -7.85336237 -13.98604725
v 120.47952710 -7.13717471 -14.50879494
v 120.15831194 -6.36421043 -14.97616591
v 119.87698414 -5.54249650 -15.38550040
v 119.63640338 -4.68021144 -15.73554757
v 119.43684196 -3.78497045 -16.02591124
v 119.27848771 -2.86348447 -16.25631811
v 119.16189346 -1.92167986 -16.42596380
v 119.08821226 -0.96519091 -16.53317060
v 119.05912934 -0.00000000 -16.57548652
v 119.07650574 0.96705069 -16.55020370
v 119.14184893 1.92809781 -16.45512877
v 119.25578605 2.87453013 -16.28934922
v 119.41771570 3.79761134 -16.05374013
v 119.62575314 4.68922951 -15.75104377
v 119.87698414 5.54249650 -15.38550040
v 120.16793799 6.35197113 -14.96215992
v 120.49511898 7.11341760 -14.48610862
v 120.85542041 7.82318506 -13.96186680
v 121.24629228 8.47744098 -13.39314470
v 121.66562398 9.07155490 -12.78301328
v 122.11140500 9.59988554 -12.13439788
v 122.58130265 10.05608513 -11.45069256
v 123.07232044 10.43385140 -10.73625723
v 123.58066507 10.72789250 -9.99661121
v 124.10186925 10.93478604 -9.23825442
v 124.63112186 11.05343994 -8.46818709
v 125.16368066 11.08499300 -7.69330924
v 125.69521527 11.03218256 -6.91992158
v 126.22195767 10.89838804 -6.15350662
v 126.74061335 10.68666954 -5.39885792
v 127.24807948 10.39912084 -4.66049013
v 127.74109238 10.03674581 -3.94315191
v 128.21595631 9.59988554 -3.25222059
v 128.66847756 9.08903444 -2.59379809
v 129.09415217 8.50575360 -1.97443769
v 129.48855967 7.85336237 -1.40057122
v 129.84783421 7.13717471 -0.87782353
v 130.16904937 6.36421043 -0.41045256
v 130.45037717 5.54249650 -0.00111807
v 130.69095793 4.68021144 0.34892910
v 130.89051935 3.78497045 0.63929277
v 131.04887360 2.86348447 0.86969964
v 131.16546786 1.92167986 1.03934533
v 131.23914905 0.96519091 1.14655213
v 132.06931961 0.00000000 0.63576712
v 132.05151538 -0.96645324 0.61080651
v 131.98453275 -1.92690889 0.51690033
v 131.86772680 -2.87275886 0.35314442
v 131.70171362 -3.79526963 0.12040253
v 131.48842658 -4.68633250 -0.17861487
v 131.23085568 -5.53906344 -0.53971595
v 130.93256183 -6.34802645 -0.95790851
v 130.59713109 -7.10899165 -1.42816506
v 130.22774954 -7.81831412 -1.94601889
v 129.82703112 -8.47216634 -2.50780540
v 129.39713810 -9.06592132 -3.11049318
v 128.94012962 -9.59393930 -3.75119544
v 128.45839528 -10.04987248 -4.42656209
v 127.95500602 -10.42741762 -5.13228779
v 127.43385086 -10.72128201 -5.86292038
v 126.89951067 -10.92804337 -6.61203770
v 126.35691927 -11.04661112 -7.37272279
v 125.81093964 -11.07812688 -8.13815801
v 125.26601176 -11.02533140 -8.90211872
v 124.72599811 -10.89160711 -9.65918992
v 124.19427501 -10.68001571 -10.40463823
v 123.67402199 -10.39265054 -11.13400605
v 123.16858394 -10.03051283 -11.84260406
v 122.68174965 -9.59393930 -12.52512057
v 122.21781954 -9.08341924 -13.17552660
v 121.78141291 -8.50050873 -13.78734613
v 121.37706370 -7.84852315 -14.35422281
v 121.00873668 -7.13277374 -14.87059824
v 120.67943233 -6.36027862 -15.33226593
v 120.39102359 -5.53906344 -15.73660006
v 120.14438957 -4.67730495 -16.08236821
v 119.93980666 -3.78261545 -16.36918287
v 119.77746510 -2.86170158 -16.59677734
v 119.65793051 -1.92048420 -16.76435866
v 119.58238548 -0.96459151 -16.87026889
v 119.55255966 -0.00000000 -16.91208314
v 119.57036390 0.96645324 -16.88712252
v 119.63734652 1.92690889 -16.79321634
v 119.75415248 2.87275886 -16.62946044
v 119.92016565 3.79526963 -16.39671855
v 120.13345270 4.68633250 -16.09770114
v 120.39102359 5.53906344 -15.73660006
v 120.68931745 6.34802645 -15.31840750
v 121.02474818 7.10899165 -14.84815095
v 121.39412973 7.81831412 -14.33029712
v 121.79484815 8.47216634 -13.76851061
v 122.22474117 9.06592132 -13.16582283
v 122.68174965 9.59393930 -12.52512057
v 123.16348400 10.04987248 -11.84975393
v 123.66687325 10.42741762 -11.14402822
v 124.18802841 10.72128201 -10.41339564
v 124.72236860 10.92804337 -9.66427831
v 125.26496000 11.04661112 -8.90359322
v 125.81093964 11.07812688 -8.13815801
v 126.35586751 11.02533140 -7.37419730
v 126.89588116 10.89160711 -6.61712609
v 127.42760427 10.68001571 -5.87167779
v 127.94785728 10.39265054 -5.14230996
v 128.45329533 10.03051283 -4.43371195
v 128.94012962 9.59393930 -3.75119544
v 129.40405974 9.08341924 -3.10078941
v 129.84046636 8.50050873 -2.48896989
v 130.24481557 7.84852315 -1.92209321
v 130.61314259 7.13277374 -1.40571777
v 130.94244694 6.36027862 -0.94405009
v 131.23085568 5.53906344 -0.53971595
v 131.47748970 4.67730495 -0.19394780
v 131.68207261 3.78261545 0.09286685
v 131.84441417 2.86170158 0.32046133
v 131.96394876 1.92048420 0.48804264
v 132.03949379 0.96459151 0.59395287
v 132.86011575 0.00000000 0.06808444
v 132.84191100 -0.96593389 0.04348214
v 132.77332947 -1.92588006 -0.04920048
v 132.65370466 -2.87122864 -0.21086413
v 132.48366616 -3.79324324 -0.44065797
v 132.26519753 -4.68381417 -0.73590139
v 132.00136814 -5.53606072 -1.09244634
v 131.69583329 -6.34455516 -1.50535299
v 131.35227260 -7.10507958 -1.96964861
v 130.97395253 -7.81400178 -2.48091886
v 130.56354925 -8.46750412 -3.03554705
v 130.12327285 -9.06096381 -3.63054646
v 129.65522605 -9.58873844 -4.26307540
v 129.16185065 -10.04447190 -4.92983399
v 128.64628882 -10.42185014 -5.62657582
v 128.11252388 -10.71557116 -6.34791773
v 127.56525064 -10.92220860 -7.08751507
v 127.00952668 -11.04067492 -7.83853290
v 126.45033635 -11.07212143 -8.59423525
v 125.89222851 -11.01930242 -9.34847472
v 125.33915762 -10.88561347 -10.09590713
v 124.79457792 -10.67412493 -10.83186436
v 124.26174148 -10.38693148 -11.55195147
v 123.74407100 -10.02502785 -12.25154298
v 123.24544666 -9.58873844 -12.92539510
v 122.77027600 -9.07853801 -13.56755138
v 122.32329570 -8.49597008 -14.17161059
v 121.90915557 -7.84434252 -14.73128885
v 121.53192083 -7.12896536 -15.24109235
v 121.19466550 -6.35686075 -15.69686677
v 120.89930456 -5.53606072 -16.09602417
v 120.64673157 -4.67474726 -16.43735698
v 120.43722136 -3.78053388 -16.72049377
v 120.27096174 -2.86012316 -16.94518075
v 120.14852858 -1.91942736 -17.11063968
v 120.07113450 -0.96406404 -17.21523178
v 120.04055696 -0.00000000 -17.25655495
v 120.05876171 0.96593389 -17.23195264
v 120.12734324 1.92588006 -17.13927003
v 120.24696804 2.87122864 -16.97760638
v 120.41700654 3.79324324 -16.74781253
v 120.63547518 4.68381417 -16.45256912
v 120.89930456 5.53606072 -16.09602417
v 121.20483941 6.34455516 -15.68311752
v 121.54840010 7.10507958 -15.21882189
v 121.92672018 7.81400178 -14.70755165
v 122.33712345 8.46750412 -14.15292346
v 122.77739985 9.06096381 -13.55792405
v 123.24544666 9.58873844 -12.92539510
v 123.73882206 10.04447190 -12.25863651
v 124.25438389 10.42185014 -11.56189469
v 124.78814882 10.71557116 -10.84055278
v 125.33542207 10.92220860 -10.10095543
v 125.89114603 11.04067492 -9.34993760
v 126.45033635 11.07212143 -8.59423525
v 127.00844420 11.01930242 -7.83999579
v 127.56151509 10.88561347 -7.09256337
v 128.10609479 10.67412493 -6.35660615
v 128.63893122 10.38693148 -5.63651904
v 129.15660171 10.02502785 -4.93692753
v 129.65522605 9.58873844 -4.26307540
v 130.13039670 9.07853801 -3.62091913
v 130.57737701 8.49597008 -3.01685991
v 130.99151713 7.84434252 -2.45718165
v 131.36875188 7.12896536 -1.94737815
v 131.70600720 6.35686075 -1.49160374
v 132.00136814 5.53606072 -1.09244634
v 132.25394114 4.67474726 -0.75111353
v 132.46345134 3.78053388 -0.46797673
v 132.62971096 2.86012316 -0.24328975
v 132.75214413 1.91942736 -0.07783083
v 132.82953821 0.96406404 0.02676127
v 133.63975885 0.00000000 -0.51474214
v 133.62120699 -0.96577917 -0.53891939
v 133.55109146 -1.92558752 -0.63029573
v 133.42871570 -2.87080119 -0.78977892
v 133.25472038 -3.79266705 -1.01653403
v 133.03114338 -4.68306392 -1.30790526
v 132.76114235 -5.53511124 -1.65977745
v 132.44847740 -6.34339501 -2.06725035
v 132.09692997 -7.10372123 -2.52539588
v 131.70985018 -7.81248406 -3.02984808
v 131.28997376 -8.46588530 -3.57704168
v 130.83955081 -9.05930694 -4.16404430
v 130.36071744 -9.58709390 -4.78807209
v 129.85595822 -10.04286300 -5.44588712
v 129.32848044 -10.42026707 -6.13330955
v 128.78236019 -10.71397591 -6.84502731
v 128.22240853 -10.92054952 -7.57477053
v 127.65381086 -11.03890644 -8.31578143
v 127.08167604 -11.07022249 -9.06140205
v 126.51066171 -11.01728745 -9.80556242
v 125.94481027 -10.88353235 -10.54299436
v 125.38764673 -10.67205170 -11.26910402
v 124.84248760 -10.38494570 -11.97956925
v 124.31282711 -10.02319469 -12.66983623
v 123.80263464 -9.58709390 -13.33473200
v 123.31642728 -9.07708382 -13.96836977
v 122.85906502 -8.49467955 -14.56441587
v 122.43532053 -7.84317472 -15.11665044
v 122.04936419 -7.12788247 -15.61963854
v 121.70434352 -6.35584252 -16.06927822
v 121.40220973 -5.53511124 -16.46302665
v 121.14386035 -4.67389245 -16.79971411
v 120.92955635 -3.77981112 -17.07900053
v 120.75947260 -2.85956763 -17.30065799
v 120.63418988 -1.91906040 -17.46392961
v 120.55495235 -0.96388776 -17.56719397
v 120.52359324 -0.00000000 -17.60806196
v 120.54214510 0.96577917 -17.58388470
v 120.61226062 1.92558752 -17.49250837
v 120.73463638 2.87080119 -17.33302518
v 120.90863170 3.79266705 -17.10627006
v 121.13220870 4.68306392 -16.81489884
v 121.40220973 5.53511124 -16.46302665
v 121.71487468 6.34339501 -16.05555375
v 122.06642212 7.10372123 -15.59740822
v 122.45350191 7.81248406 -15.09295601
v 122.87337832 8.46588530 -14.54576241
v 123.32380128 9.05930694 -13.95875979
v 123.80263464 9.58709390 -13.33473200
v 124.30739386 10.04286300 -12.67691698
v 124.83487165 10.42026707 -11.98949454
v 125.38099189 10.71397591 -11.27777679
v 125.94094355 10.92054952 -10.54803357
v 126.50954122 11.03890644 -9.80702267
v 127.08167604 11.07022249 -9.06140205
v 127.65269038 11.01728745 -8.31724168
v 128.21854181 10.88353235 -7.57980973
v 128.77570535 10.67205170 -6.85370007
v 129.32086449 10.38494570 -6.14323485
v 129.85052497 10.02319469 -5.45296787
v 130.36071744 9.58709390 -4.78807209
v 130.84692481 9.07708382 -4.15443432
v 131.30428706 8.49467955 -3.55838822
v 131.72803155 7.84317472 -3.00615366
v 132.11398790 7.12788247 -2.50316555
v 132.45900856 6.35584252 -2.05352587
v 132.76114235 5.53511124 -1.65977745
v 133.01949173 4.67389245 -1.32308998
v 133.23379574 3.77981112 -1.04380356
v 133.40387949 2.85956763 -0.82214611
v 133.52916221 1.91906040 -0.65887448
v 133.60839974 0.96388776 -0.55561013
v 134.40785368 0.00000000 -1.11258043
v 134.38901474 -0.96598360 -1.13626422
v 134.31743660 -1.92602105 -1.22625028
v 134.19238296 -2.87146166 -1.38346425
v 134.01450286 -3.79352093 -1.60709018
v 133.78589325 -4.68405521 -1.89449186
v 133.50981026 -5.53618091 -2.24157574
v 133.19013079 -6.34450378 -2.64346791
v 132.83074762 -7.10486674 -3.09527448
v 132.43509839 -7.81370512 -3.59267374
v 132.00597535 -8.46725046 -4.13215533
v 131.54565990 -9.06089043 -4.71085117
v 131.05631003 -9.58894662 -5.32604826
v 130.54044241 -10.04498882 -5.97458274
v 130.00132265 -10.42261308 -6.65234917
v 129.44311801 -10.71644080 -7.35410858
v 128.87075856 -10.92300817 -8.07366303
v 128.28956234 -11.04124311 -8.80432681
v 127.70476639 -11.07236182 -9.53951609
v 127.12113724 -11.01921318 -10.27323848
v 126.54280078 -10.88528737 -11.00030707
v 125.97334471 -10.67371969 -11.71621146
v 125.41614090 -10.38662032 -12.41671265
v 124.87474822 -10.02494666 -13.09733654
v 124.35322275 -9.58894662 -13.75298391
v 123.85619406 -9.07900522 -14.37783461
v 123.38865244 -8.49659203 -14.96561498
v 122.95550144 -7.84497914 -15.51016042
v 122.56102209 -7.12948724 -16.00608894
v 122.20843549 -6.35718789 -16.44935104
v 121.89972252 -5.53618091 -16.83745644
v 121.63577284 -4.67470940 -17.16928666
v 121.41681954 -3.78042063 -17.44454868
v 121.24301271 -2.86001457 -17.66305381
v 121.11493194 -1.91936986 -17.82407341
v 121.03385471 -0.96405623 -17.92600146
v 121.00167910 -0.00000000 -17.96645174
v 121.02051804 0.96598360 -17.94276796
v 121.09209618 1.92602105 -17.85278189
v 121.21714982 2.87146166 -17.69556793
v 121.39502992 3.79352093 -17.47194199
v 121.62363953 4.68405521 -17.18454032
v 121.89972252 5.53618091 -16.83745644
v 122.21940198 6.34450378 -16.43556427
v 122.57878516 7.10486674 -15.98375770
v 122.97443439 7.81370512 -15.48635844
v 123.40355743 8.46725046 -14.94687685
v 123.86387288 9.06089043 -14.36818101
v 124.35322275 9.58894662 -13.75298391
v 124.86909037 10.04498882 -13.10444943
v 125.40821013 10.42261308 -12.42668300
v 125.96641477 10.71644080 -11.72492359
v 126.53877422 10.92300817 -11.00536915
v 127.11997043 11.04124311 -10.27470536
v 127.70476639 11.07236182 -9.53951609
v 128.28839554 11.01921318 -8.80579369
v 128.86673200 10.88528737 -8.07872511
v 129.43618807 10.67371969 -7.36282071
v 129.99339188 10.38662032 -6.66231952
v 130.53478456 10.02494666 -5.98169564
v 131.05631003 9.58894662 -5.32604826
v 131.55333872 9.07900522 -4.70119756
v 132.02088034 8.49659203 -4.11341720
v 132.45403134 7.84497914 -3.56887175
v 132.84851069 7.12948724 -3.07294324
v 133.20109729 6.35718789 -2.62968113
v 133.50981026 5.53618091 -2.24157574
v 133.77375994 4.67470940 -1.90974551
v 133.99271323 3.78042063 -1.63448350
v 134.16652007 2.86001457 -1.41597836
v 134.29460084 1.91936986 -1.25495876
v 134.37567807 0.96405623 -1.15303072
v 135.16510263 0.00000000 -1.72395173
v 135.14599750 -0.96638055 -1.74712811
v 135.07299249 -1.92684025 -1.83569027
v 134.94530907 -2.87269812 -1.99058263
v 134.76360375 -3.79513443 -2.21100882
v 134.53003339 -4.68597999 -2.49435232
v 134.24795474 -5.53834667 -2.83654108
v 133.92136394 -6.34686039 -3.23272741
v 133.55426687 -7.10740282 -3.67805176
v 133.15018901 -7.81645273 -4.16823741
v 132.71197769 -8.47027285 -4.69983024
v 132.24194265 -9.06425601 -5.27002834
v 131.74226011 -9.59269782 -5.87619173
v 131.21547530 -10.04911652 -6.51523281
v 130.66490954 -10.42704616 -7.18312248
v 130.09481987 -10.72105532 -7.87469656
v 129.51025507 -10.92765408 -8.58383037
v 128.91666595 -11.04578018 -9.30391155
v 128.31941760 -11.07669334 -10.02843173
v 127.72338442 -11.02330616 -10.75147779
v 127.13277360 -10.88917287 -11.46794601
v 126.55123254 -10.67747300 -12.17341173
v 125.98218519 -10.39032782 -12.86372137
v 125.42925228 -10.02867033 -13.53448262
v 124.89657508 -9.59269782 -14.18067174
v 124.38889540 -9.08273597 -14.79653643
v 123.91133465 -8.50020591 -15.37586395
v 123.46892839 -7.84835721 -15.91254566
v 123.06606891 -7.13251964 -16.40125329
v 122.70605016 -6.35980019 -16.83799096
v 122.39088045 -5.53834667 -17.22032238
v 122.12143808 -4.67644578 -17.54718212
v 121.89792433 -3.78177005 -17.81832598
v 121.72046113 -2.86102027 -18.03360606
v 121.58962509 -1.92005498 -18.19232286
v 121.50672723 -0.96441432 -18.29288601
v 121.47373256 -0.00000000 -18.33291174
v 121.49283770 0.96638055 -18.30973536
v 121.56584271 1.92684025 -18.22117320
v 121.69352612 2.87269812 -18.06628083
v 121.87523144 3.79513443 -17.84585465
v 122.10880181 4.68597999 -17.56251114
v 122.39088045 5.53834667 -17.22032238
v 122.71747126 6.34686039 -16.82413606
v 123.08456832 7.10740282 -16.37881170
v 123.48864619 7.81645273 -15.88862606
v 123.92685750 8.47027285 -15.35703323
v 124.39689254 9.06425601 -14.78683513
v 124.89657508 9.59269782 -14.18067174
v 125.42335989 10.04911652 -13.54163066
v 125.97392565 10.42704616 -12.87374099
v 126.54401533 10.72105532 -12.18216691
v 127.12858013 10.92765408 -11.47303310
v 127.72216925 11.04578018 -10.75295192
v 128.31941760 11.07669334 -10.02843173
v 128.91545077 11.02330616 -9.30538567
v 129.50606159 10.88917287 -8.58891746
v 130.08760265 10.67747300 -7.88345174
v 130.65665001 10.39032782 -7.19314210
v 131.20958291 10.02867033 -6.52238085
v 131.74226011 9.59269782 -5.87619173
v 132.24993979 9.08273597 -5.26032703
v 132.72750054 8.50020591 -4.68099952
v 133.16990680 7.84835721 -4.14431781
v 133.57276628 7.13251964 -3.65561018
v 133.93278504 6.35980019 -3.21887251
v 134.24795474 5.53834667 -2.83654108
v 134.51739711 4.67644578 -2.50968135
v 134.74091086 3.78177005 -2.23853749
v 134.91837407 2.86102027 -2.02325741
v 135.04921010 1.92005498 -1.86454061
v 135.13210797 0.96441432 -1.76397746
v 135.91570358 0.00000000 -2.34345584
v 135.89616822 -0.96674407 -2.36632880
v 135.82160236 -1.92755966 -2.45363421
v 135.69121629 -2.87376773 -2.60629667
v 135.50568165 -3.79655140 -2.82352984
v 135.26719779 -4.68774270 -3.10275855
v 134.97918616 -5.54045126 -3.43997684
v 134.64571997 -6.34929662 -3.83041559
v 134.27088369 -7.11015102 -4.26929249
v 133.85827433 -7.81948317 -4.75239598
v 133.41080022 -8.47354802 -5.27632085
v 132.93082388 -9.06773531 -5.83830093
v 132.42057301 -9.59634308 -6.43572795
v 131.88265152 -10.05289667 -7.06555308
v 131.32045364 -10.43093925 -7.72380223
v 130.73832608 -10.72504719 -8.40538603
v 130.14142149 -10.93173407 -9.10427151
v 129.53530192 -11.04993525 -9.81394635
v 128.92544244 -11.08090252 -10.52800006
v 128.31681912 -11.02753744 -11.24060641
v 127.71372928 -10.89338336 -11.94673389
v 127.11990065 -10.68161266 -12.64201788
v 126.53883341 -10.39434542 -13.32236020
v 125.97422750 -10.03251982 -13.98342879
v 125.43031187 -9.59634308 -14.62027217
v 124.91192574 -9.08615260 -15.22722435
v 124.42429372 -8.50337958 -15.79816808
v 123.97255222 -7.85127946 -16.32708942
v 123.56118228 -7.13518267 -16.80874173
v 123.19354656 -6.36219255 -17.23918786
v 122.87169871 -5.54045126 -17.61602327
v 122.59654158 -4.67824082 -17.93819088
v 122.36828803 -3.78323234 -18.20544146
v 122.18706876 -2.86212949 -18.41762195
v 122.05347563 -1.92079740 -18.57403942
v 121.96884605 -0.96478451 -18.67312792
v 121.93518130 -0.00000000 -18.71254428
v 121.95471665 0.96674407 -18.68967132
v 122.02928251 1.92755966 -18.60236591
v 122.15966858 2.87376773 -18.44970345
v 122.34520323 3.79655140 -18.23247028
v 122.58368708 4.68774270 -17.95324157
v 122.87169871 5.54045126 -17.61602327
v 123.20516490 6.34929662 -17.22558452
v 123.58000118 7.11015102 -16.78670763
v 123.99261054 7.81948317 -16.30360414
v 124.44008465 8.47354802 -15.77967927
v 124.92006099 9.06773531 -15.21769919
v 125.43031187 9.59634308 -14.62027217
v 125.96823335 10.05289667 -13.99044704
v 126.53043123 10.43093925 -13.33219789
v 127.11255879 10.72504719 -12.65061408
v 127.70946338 10.93173407 -11.95172861
v 128.31558295 11.04993525 -11.24205377
v 128.92544244 11.08090252 -10.52800006
v 129.53406576 11.02753744 -9.81539371
v 130.13715559 10.89338336 -9.10926623
v 130.73098422 10.68161266 -8.41398224
v 131.31205146 10.39434542 -7.73363992
v 131.87665737 10.03251982 -7.07257133
v 132.42057301 9.59634308 -6.43572795
v 132.93895913 9.08615260 -5.82877577
v 133.42659115 8.50337958 -5.25783204
v 133.87833265 7.85127946 -4.72891070
v 134.28970259 7.13518267 -4.24725839
v 134.65733831 6.36219255 -3.81681226
v 134.97918616 5.54045126 -3.43997684
v 135.25434329 4.67824082 -3.11780924
v 135.48259685 3.78323234 -2.85055866
v 135.66381611 2.86212949 -2.63837816
v 135.79740925 1.92079740 -2.48196070
v 135.88203882 0.96478451 -2.38287220
v 136.65412117 0.00000000 -2.97741419
v 136.63421349 -0.96704032 -2.99991573
v 136.55815726 -1.92815477 -3.08588166
v 136.42514245 -2.87465738 -3.23622755
v 136.23585318 -3.79772354 -3.45018015
v 135.99253580 -4.68917925 -3.72520041
v 135.69868604 -5.54213175 -4.05733715
v 135.35846548 -6.35120249 -4.44188653
v 134.97604613 -7.11226890 -4.87413298
v 134.55510008 -7.82180575 -5.34992594
v 134.09859370 -8.47607202 -5.86591254
v 133.60893388 -9.07045718 -6.41937228
v 133.08838874 -9.59925377 -7.00774154
v 132.53961066 -10.05597735 -7.62802232
v 131.96606014 -10.43415967 -8.27630325
v 131.37217189 -10.72836740 -8.94757180
v 130.76320495 -10.93510911 -9.63588372
v 130.14483694 -11.05332147 -10.33482161
v 129.52265630 -11.08426350 -11.03806889
v 128.90174070 -11.03084759 -11.73988631
v 128.28647319 -10.89662814 -12.43531972
v 127.68065404 -10.68478535 -13.12007371
v 127.08785087 -10.39744156 -13.79011580
v 126.51183609 -10.03553129 -14.44118207
v 125.95692387 -9.59925377 -15.06839624
v 125.42805348 -9.08893703 -15.66617548
v 124.93055919 -8.50600490 -16.22849048
v 124.46968575 -7.85371002 -16.74941314
v 124.05000807 -7.13738557 -17.22377247
v 123.67495744 -6.36414222 -17.64769009
v 123.34662657 -5.54213175 -18.01880063
v 123.06593152 -4.67964509 -18.33606866
v 122.83308336 -3.78435924 -18.59925563
v 122.64821026 -2.86297961 -18.80821666
v 122.51191348 -1.92136954 -18.96227215
v 122.42555851 -0.96507411 -19.05987868
v 122.39119144 -0.00000000 -19.09872359
v 122.41109912 0.96704032 -19.07622205
v 122.48715535 1.92815477 -18.99025612
v 122.62017016 2.87465738 -18.83991023
v 122.80945943 3.79772354 -18.62595763
v 123.05277681 4.68917925 -18.35093737
v 123.34662657 5.54213175 -18.01880063
v 123.68684712 6.35120249 -17.63425125
v 124.06926648 7.11226890 -17.20200480
v 124.49021253 7.82180575 -16.72621184
v 124.94671891 8.47607202 -16.21022524
v 125.43637873 9.07045718 -15.65676550
v 125.95692387 9.59925377 -15.06839624
v 126.50570195 10.05597735 -14.44811546
v 127.07925246 10.43415967 -13.79983453
v 127.67314072 10.72836740 -13.12856598
v 128.28210766 10.93510911 -12.44025406
v 128.90047567 11.05332147 -11.74131617
v 129.52265630 11.08426350 -11.03806889
v 130.14357191 11.03084759 -10.33625147
v 130.75883942 10.89662814 -9.64081806
v 131.36465857 10.68478535 -8.95606407
v 131.95746173 10.39744156 -8.28602198
v 132.53347652 10.03553129 -7.63495571
v 133.08838874 9.59925377 -7.00774154
v 133.61725913 9.08893703 -6.40996230
v 134.11475342 8.50600490 -5.84764730
v 134.57562686 7.85371002 -5.32672464
v 134.99530454 7.13738557 -4.85236531
v 135.37035517 6.36414222 -4.42844769
v 135.69868604 5.54213175 -4.05733715
v 135.97938109 4.67964509 -3.74006912
v 136.21222924 3.78435924 -3.47688215
v 136.39710235 2.86297961 -3.26792112
v 136.53339913 1.92136954 -3.11386563
v 136.61975410 0.96507411 -3.01625910
v 137.37960110 0.00000000 -3.62606277
v 137.35940117 -0.96731414 -3.64810712
v 137.28194585 -1.92871841 -3.73263477
v 137.14639154 -2.87550733 -3.88056634
v 136.95343127 -3.79883368 -4.09114552
v 136.70536494 -4.69050698 -4.36186241
v 136.40577676 -5.54363146 -4.68880555
v 136.05893323 -6.35284129 -5.06731884
v 135.66910714 -7.11403851 -5.49273936
v 135.24005119 -7.82372547 -5.96097177
v 134.77478591 -8.47818095 -6.46871973
v 134.27575090 -9.07279763 -7.01332088
v 133.74523919 -9.60185135 -7.59227281
v 133.18593738 -10.05882468 -8.20264363
v 132.60136326 -10.43720975 -8.84059434
v 131.99603765 -10.73153945 -9.50119132
v 131.37533015 -10.93830563 -10.17857469
v 130.74504095 -11.05645120 -10.86641465
v 130.11087729 -11.08726292 -11.55848285
v 129.47801891 -11.03369387 -12.24912658
v 128.85092887 -10.89933934 -12.93347527
v 128.23346934 -10.68740774 -13.60731411
v 127.62926334 -10.40002855 -14.26668925
v 127.04214654 -10.03812076 -14.90741480
v 126.47651538 -9.60185135 -15.52469290
v 125.93741350 -9.09151055 -16.11301936
v 125.43029470 -8.50849135 -16.66644242
v 124.96052339 -7.85603212 -17.17910784
v 124.53277617 -7.13947195 -17.64591202
v 124.15055330 -6.36594422 -18.06303509
v 123.81597781 -5.54363146 -18.42816016
v 123.52996296 -4.68085258 -18.74029060
v 123.29269901 -3.78530083 -18.99921876
v 123.10429544 -2.86368227 -19.20482519
v 122.96535472 -1.92184760 -19.35645237
v 122.87727293 -0.96532313 -19.45257678
v 122.84215348 -0.00000000 -19.49090294
v 122.86235340 0.96731414 -19.46885859
v 122.93980872 1.92871841 -19.38433094
v 123.07536303 2.87550733 -19.23639937
v 123.26832330 3.79883368 -19.02582018
v 123.51638963 4.69050698 -18.75510329
v 123.81597781 5.54363146 -18.42816016
v 124.16282134 6.35284129 -18.04964687
v 124.55264743 7.11403851 -17.62422634
v 124.98170339 7.82372547 -17.15599393
v 125.44696867 8.47818095 -16.64824598
v 125.94600368 9.07279763 -16.10364483
v 126.47651538 9.60185135 -15.52469290
v 127.03581719 10.05882468 -14.91432208
v 127.62039131 10.43720975 -14.27637137
v 128.22571692 10.73153945 -13.61577438
v 128.84642442 10.93830563 -12.93839102
v 129.47671362 11.05645120 -12.25055105
v 130.11087729 11.08726292 -11.55848285
v 130.74373566 11.03369387 -10.86783913
v 131.37082571 10.89933934 -10.18349043
v 131.98828523 10.68740774 -9.50965160
v 132.59249123 10.40002855 -8.85027646
v 133.17960803 10.03812076 -8.20955090
v 133.74523919 9.60185135 -7.59227281
v 134.28434107 9.09151055 -7.00394634
v 134.79145987 8.50849135 -6.45052329
v 135.26123118 7.85603212 -5.93785787
v 135.68897840 7.13947195 -5.47105369
v 136.07120128 6.36594422 -5.05393061
v 136.40577676 5.54363146 -4.68880555
v 136.69179161 4.68085258 -4.37667511
v 136.92905556 3.78530083 -4.11774694
v 137.11745913 2.86368227 -3.91214052
v 137.25639985 1.92184760 -3.76051334
v 137.34448164 0.96532313 -3.66438892
v 138.09372781 0.00000000 -4.28710444
v 138.07324037 -0.96804668 -4.30869370
v 137.99440824 -1.93019580 -4.39176543
v 137.85635481 -2.87771912 -4.53724339
v 137.65978184 -3.80174358 -4.74438808
v 137.40704198 -4.69405909 -5.01072033
v 137.10180648 -5.54776362 -5.33237142
v 136.74844517 -6.35750081 -5.70473655
v 136.35133000 -7.11919408 -6.12320863
v 135.91429301 -7.82937026 -6.58374952
v 135.44040804 -8.48432512 -7.08312008
v 134.93214685 -9.07945212 -7.61871562
v 134.39182701 -9.60900846 -8.18809393
v 133.82216873 -10.06644221 -8.78838851
v 133.22674619 -10.44520465 -9.41583294
v 132.61016496 -10.73979396 -10.06557399
v 131.97790347 -10.94668437 -10.73183859
v 131.33588249 -11.06482422 -11.40838753
v 130.68992620 -11.09552724 -12.08908343
v 130.04531483 -11.04178659 -12.76836208
v 129.40659015 -10.90723813 -13.44143745
v 128.77767523 -10.69511867 -14.10417549
v 128.16224761 -10.40756549 -14.75270089
v 127.56420519 -10.04548327 -15.38290610
v 126.98802540 -9.60900846 -15.99007292
v 126.43885457 -9.09839552 -16.56877823
v 125.92226416 -8.51500885 -17.11315094
v 125.44373635 -7.86207484 -17.61741402
v 125.00804783 -7.14494078 -18.07653393
v 124.61876672 -6.37076513 -18.48675063
v 124.27804592 -5.54776362 -18.84579543
v 123.98679587 -4.68428578 -19.15270895
v 123.74518636 -3.78804405 -19.40731225
v 123.55330843 -2.86574841 -19.60950940
v 123.41176578 -1.92324037 -19.75866423
v 123.32198454 -0.96603115 -19.85327391
v 123.28612459 -0.00000000 -19.89106242
v 123.30661204 0.96804668 -19.86947315
v 123.38544417 1.93019580 -19.78640142
v 123.52349760 2.87771912 -19.64092346
v 123.72007057 3.80174358 -19.43377877
v 123.97281043 4.69405909 -19.16744653
v 124.27804592 5.54776362 -18.84579543
v 124.63140724 6.35750081 -18.47343030
v 125.02852241 7.11919408 -18.05495823
v 125.46555940 7.82937026 -17.59441733
v 125.93944437 8.48432512 -17.09504677
v 126.44770555 9.07945212 -16.55945124
v 126.98802540 9.60900846 -15.99007292
v 127.55768368 10.06644221 -15.38977835
v 128.15310621 10.44520465 -14.76233391
v 128.76968745 10.73979396 -14.11259287
v 129.40194894 10.94668437 -13.44632827
v 130.04396991 11.06482422 -12.76977933
v 130.68992620 11.09552724 -12.08908343
v 131.33453757 11.04178659 -11.40980478
v 131.97326226 10.90723813 -10.73672940
v 132.60217717 10.69511867 -10.07399136
v 133.21760479 10.40756549 -9.42546597
v 133.81564721 10.04548327 -8.79526075
v 134.39182701 9.60900846 -8.18809393
v 134.94099784 9.09839552 -7.60938863
v 135.45758825 8.51500885 -7.06501592
v 135.93611605 7.86207484 -6.56075283
v 136.37180457 7.14494078 -6.10163293
v 136.76108569 6.37076513 -5.69141622
v 137.10180648 5.54776362 -5.33237142
v 137.39305654 4.68428578 -5.02545790
v 137.63466605 3.78804405 -4.77085460
v 137.82654397 2.86574841 -4.56865746
v 137.96808663 1.92324037 -4.41950262
v 138.05786786 0.96603115 -4.32489294
v 138.79938324 0.00000000 -4.95719696
v 138.77848376 -0.96923302 -4.97846442
v 138.69817854 -1.93255452 -5.06018361
v 138.55758192 -2.88123204 -5.20325577
v 138.35741025 -3.80638934 -5.40695194
v 138.10005530 -4.69981163 -5.66883824
v 137.78924740 -5.55458883 -5.98511866
v 137.42942682 -6.36535261 -6.35127474
v 137.02503773 -7.12801155 -6.76278406
v 136.57997864 -7.83907738 -7.21567949
v 136.09738097 -8.49483337 -7.70677445
v 135.57976724 -9.09066564 -8.23350200
v 135.02950496 -9.62083007 -8.79345297
v 134.44937093 -10.07877856 -9.38380165
v 133.84300862 -10.45796877 -10.00084041
v 133.21510789 -10.75290438 -10.63979684
v 132.57124406 -10.96006130 -11.29499743
v 131.91744143 -11.07838409 -11.96031182
v 131.25962667 -11.10917766 -12.62970898
v 130.60317526 -11.05542368 -13.29771879
v 129.95271408 -10.92074728 -13.95963289
v 129.31224269 -10.70837884 -14.61138132
v 128.68551138 -10.42045577 -15.24914774
v 128.07649329 -10.05788988 -15.86888904
v 127.48974838 -9.62083007 -16.46596500
v 126.93051383 -9.10954554 -17.03504621
v 126.40445676 -8.52541425 -17.57036578
v 125.91715263 -7.87167233 -18.06625006
v 125.47346048 -7.15367196 -18.51775447
v 125.07701280 -6.37857246 -18.92118257
v 124.73000594 -5.55458883 -19.27429931
v 124.43337511 -4.69007108 -19.57615304
v 124.18730302 -3.79273573 -19.82655781
v 123.99189073 -2.86930146 -20.02541081
v 123.84775708 -1.92562239 -20.17208228
v 123.75635272 -0.96722424 -20.26509603
v 123.71987010 -0.00000000 -20.30222101
v 123.74076958 0.96923302 -20.28095355
v 123.82107480 1.93255452 -20.19923436
v 123.96167142 2.88123204 -20.05616220
v 124.16184309 3.80638934 -19.85246603
v 124.41919804 4.69981163 -19.59057973
v 124.73000594 5.55458883 -19.27429931
v 125.08982652 6.36535261 -18.90814323
v 125.49421561 7.12801155 -18.49663390
v 125.93927471 7.83907738 -18.04373848
v 126.42187238 8.49483337 -17.55264352
v 126.93948610 9.09066564 -17.02591597
v 127.48974838 9.62083007 -16.46596500
v 128.06988242 10.07877856 -15.87561632
v 128.67624472 10.45796877 -15.25857756
v 129.30414545 10.75290438 -14.61962113
v 129.94800928 10.96006130 -13.96442054
v 130.60181191 11.07838409 -13.29910615
v 131.25962667 11.10917766 -12.62970898
v 131.91607808 11.05542368 -11.96169918
v 132.56653926 10.92074728 -11.29978508
v 133.20701065 10.70837884 -10.64803665
v 133.83374197 10.42045577 -10.01027023
v 134.44276005 10.05788988 -9.39052893
v 135.02950496 9.62083007 -8.79345297
v 135.58873951 9.10954554 -8.22437176
v 136.11479658 8.52541425 -7.68905219
v 136.60210071 7.87167233 -7.19316791
v 137.04579286 7.15367196 -6.74166350
v 137.44224054 6.37857246 -6.33823540
v 137.78924740 5.55458883 -5.98511866
v 138.08587823 4.69007108 -5.68326493
v 138.33195032 3.79273573 -5.43286016
v 138.52736261 2.86930146 -5.23400716
v 138.67149626 1.92562239 -5.08733569
v 138.76290062 0.96722424 -4.99432194
v 139.44802935 0.00000000 -5.58915840
v 139.42675845 -0.97041964 -5.61032560
v 139.34542108 -1.93489707 -5.69126644
v 139.20314614 -2.88471176 -5.83284780
v 139.00066429 -3.81100327 -6.03434254
v 138.74038104 -4.70556557 -6.29335690
v 138.42604109 -5.56148152 -6.60616444
v 138.06210232 -6.37335732 -6.96832900
v 137.65303265 -7.13706235 -7.37540445
v 137.20276253 -7.84906611 -7.82347949
v 136.71446420 -8.50561969 -8.30939736
v 136.19070869 -9.10209755 -8.83059955
v 135.63391725 -9.63276856 -9.38467662
v 135.04692269 -10.09111792 -9.96880957
v 134.43342414 -10.47064544 -10.57931731
v 133.79816541 -10.76589084 -11.21147914
v 133.14677429 -10.97334658 -11.85969471
v 132.48532733 -11.09194726 -12.51791710
v 131.81980515 -11.12296305 -13.18019485
v 131.15564024 -11.06932637 -13.84112194
v 130.49751983 -10.93461390 -14.49603400
v 129.84950601 -10.72202371 -15.14088875
v 129.21541147 -10.43368715 -15.77189206
v 128.59926899 -10.07053812 -16.38503083
v 128.00569306 -9.63276856 -16.97571307
v 127.43996939 -9.12069828 -17.53867882
v 126.90780821 -8.53574837 -18.06824571
v 126.41482442 -7.88117908 -18.55882619
v 125.96591515 -7.16234331 -19.00554702
v 125.56475144 -6.38638169 -19.40475505
v 125.21356922 -5.56148152 -19.75422525
v 124.91334307 -4.69596905 -20.05298779
v 124.66429233 -3.79755156 -20.30082441
v 124.46654863 -2.87295759 -20.49760410
v 124.32075243 -1.92806746 -20.64268954
v 124.22836546 -0.96844057 -20.73462612
v 124.19158096 -0.00000000 -20.77123130
v 124.21285186 0.97041964 -20.75006410
v 124.29418922 1.93489707 -20.66912325
v 124.43646417 2.88471176 -20.52754190
v 124.63894601 3.81100327 -20.32604716
v 124.89922926 4.70556557 -20.06703279
v 125.21356922 5.56148152 -19.75422525
v 125.57750798 6.37335732 -19.39206070
v 125.98657765 7.13706235 -18.98498525
v 126.43684777 7.84906611 -18.53691020
v 126.92514611 8.50561969 -18.05099233
v 127.44890162 9.10209755 -17.52979014
v 128.00569306 9.63276856 -16.97571307
v 128.59268762 10.09111792 -16.39158012
v 129.20618617 10.47064544 -15.78107239
v 129.84144490 10.76589084 -15.14891056
v 130.49283602 10.97334658 -14.50069498
v 131.15428298 11.09194726 -13.84247259
v 131.81980515 11.12296305 -13.18019485
v 132.48397007 11.06932637 -12.51926775
v 133.14209048 10.93461390 -11.86435569
v 133.79010430 10.72202371 -11.21950095
v 134.42419883 10.43368715 -10.58849764
v 135.04034131 10.07053812 -9.97535886
v 135.63391725 9.63276856 -9.38467662
v 136.19964091 9.12069828 -8.82171087
v 136.73180210 8.53574837 -8.29214398
v 137.22478588 7.88117908 -7.80156350
v 137.67369516 7.16234331 -7.35484267
v 138.07485886 6.38638169 -6.95563465
v 138.42604109 5.56148152 -6.60616444
v 138.72626724 4.69596905 -6.30740190
v 138.97531798 3.79755156 -6.05956529
v 139.17306168 2.87295759 -5.86278559
v 139.31885788 1.92806746 -5.71770015
v 139.41124485 0.96844057 -5.62576357
v 139.62266939 0.00000000 -5.76271611
v 139.60130531 -0.97069294 -5.78387240
v 139.51973220 -1.93543481 -5.86465209
v 139.37708439 -2.88550954 -6.00591245
v 139.17409626 -3.81206240 -6.20692624
v 138.91317504 -4.70689079 -6.46530964
v 138.59806599 -5.56307607 -6.77735382
v 138.23322782 -6.37521711 -7.13864343
v 137.82313114 -7.13917165 -7.54475135
v 137.37171223 -7.85139659 -7.99177958
v 136.88215269 -8.50813347 -8.47657748
v 136.35703596 -9.10475360 -8.99658672
v 135.79879744 -9.63553040 -9.54939560
v 135.21028438 -10.09395987 -10.13218454
v 134.59520935 -10.47355538 -10.74127711
v 133.95832798 -10.76886820 -11.37196393
v 133.30527847 -10.97639623 -12.01866163
v 132.64214726 -11.09507107 -12.67534297
v 131.97492548 -11.12615214 -13.33607509
v 131.30905765 -11.07255647 -13.99546642
v 130.64924488 -10.93784555 -14.64886160
v 129.99956443 -10.72520719 -15.29222301
v 129.36384441 -10.43677075 -15.92175976
v 128.74613190 -10.07347677 -16.53346416
v 128.15105352 -9.63553040 -17.12275458
v 127.58390455 -9.12326693 -17.68438724
v 127.05040263 -8.53812057 -18.21270011
v 126.55616906 -7.88335866 -18.70212657
v 126.10610768 -7.16433382 -19.14781048
v 125.70389769 -6.38818028 -19.54610842
v 125.35178496 -5.56307607 -19.89479636
v 125.05075531 -4.69733936 -20.19289808
v 124.80103921 -3.79867389 -20.44018534
v 124.60277767 -2.87381061 -20.63651852
v 124.45661720 -1.92863728 -20.78125738
v 124.36402142 -0.96872317 -20.87295253
v 124.32718156 -0.00000000 -20.90943407
v 124.34854565 0.97069294 -20.88827778
v 124.43011875 1.93543481 -20.80749809
v 124.57276656 2.88550954 -20.66623773
v 124.77575469 3.81206240 -20.46522394
v 125.03667591 4.70689079 -20.20684054
v 125.35178496 5.56307607 -19.89479636
v 125.71662313 6.37521711 -19.53350675
v 126.12671981 7.13917165 -19.12739883
v 126.57813872 7.85139659 -18.68037060
v 127.06769826 8.50813347 -18.19557271
v 127.59281500 9.10475360 -17.67556346
v 128.15105352 9.63553040 -17.12275458
v 128.73956657 10.09395987 -16.53996564
v 129.35464160 10.47355538 -15.93087307
v 129.99152297 10.76886820 -15.30018625
v 130.64457249 10.97639623 -14.65348855
v 131.30770370 11.09507107 -13.99680721
v 131.97492548 11.12615214 -13.33607509
v 132.64079330 11.07255647 -12.67668376
v 133.30060608 10.93784555 -12.02328858
v 133.95028653 10.72520719 -11.37992717
v 134.58600654 10.43677075 -10.75039042
v 135.20371905 10.07347677 -10.13868602
v 135.79879744 9.63553040 -9.54939560
v 136.36594640 9.12326693 -8.98776294
v 136.89944833 8.53812057 -8.45945007
v 137.39368189 7.88335866 -7.97002361
v 137.84374327 7.16433382 -7.52433970
v 138.24595326 6.38818028 -7.12604176
v 138.59806599 5.56307607 -6.77735382
v 138.89909565 4.69733936 -6.47925210
v 139.14881174 3.79867389 -6.23196484
v 139.34707329 2.87381061 -6.03563166
v 139.49323376 1.92863728 -5.89089280
v 139.58582953 0.96872317 -5.79919765
v 141.04190971 0.00000000 -7.17198542
v 141.02004539 -0.97056349 -7.19363708
v 140.93801226 -1.93509027 -7.27487232
v 140.79503551 -2.88494876 -7.41645843
v 140.59187265 -3.81138381 -7.61764524
v 140.33088157 -4.70626311 -7.87609782
v 140.01570467 -5.56267420 -8.18820919
v 139.65068007 -6.37514697 -8.54968342
v 139.24018024 -7.13941372 -8.95619056
v 138.78809664 -7.85179200 -9.40387703
v 138.29763084 -8.50842195 -9.88957237
v 137.77144030 -9.10465344 -10.41064497
v 137.21206037 -9.63483433 -10.96458415
v 136.62242932 -10.09261381 -11.54848022
v 136.00631326 -10.47169095 -12.15860370
v 135.36847136 -10.76677535 -12.79024170
v 134.71450265 -10.97444229 -13.43784966
v 134.05043495 -11.09359151 -14.09545837
v 133.38221103 -11.12534839 -14.75718289
v 132.71526149 -11.07243466 -15.41764541
v 132.05431721 -10.93821642 -16.07216109
v 131.40351957 -10.72574733 -16.71662883
v 130.76677078 -10.43712463 -17.34718435
v 130.14817224 -10.07336595 -17.95976616
v 129.55236169 -9.63483433 -18.54978162
v 128.98459496 -9.12205032 -19.11202603
v 128.45051203 -8.53660068 -19.64091427
v 127.95564688 -7.88182659 -20.13096616
v 127.50484103 -7.16305848 -20.57738730
v 127.10176440 -6.38732840 -20.97654345
v 126.74871739 -5.56267420 -21.32615659
v 126.44679246 -4.69728769 -21.62514488
v 126.19634800 -3.79880270 -21.87315342
v 125.99763396 -2.87395534 -22.06993469
v 125.85135097 -1.92870268 -22.21479487
v 125.75894296 -0.96871251 -22.30630408
v 125.72251235 -0.00000000 -22.34238036
v 125.74437667 0.97056349 -22.32072870
v 125.82640980 1.93509027 -22.23949346
v 125.96938655 2.88494876 -22.09790735
v 126.17254941 3.81138381 -21.89672054
v 126.43354048 4.70626311 -21.63826796
v 126.74871739 5.56267420 -21.32615659
v 127.11374199 6.37514697 -20.96468236
v 127.52424181 7.13941372 -20.55817522
v 127.97632542 7.85179200 -20.11048875
v 128.46679122 8.50842195 -19.62479341
v 128.99298176 9.10465344 -19.10372081
v 129.55236169 9.63483433 -18.54978162
v 130.14199274 10.09261381 -17.96588555
v 130.75810880 10.47169095 -17.35576208
v 131.39595070 10.76677535 -16.72412408
v 132.04991941 10.97444229 -16.07651612
v 132.71398711 11.09359151 -15.41890740
v 133.38221103 11.12534839 -14.75718289
v 134.04916056 11.07243466 -14.09672036
v 134.71010485 10.93821642 -13.44220468
v 135.36090249 10.72574733 -12.79773695
v 135.99765128 10.43712463 -12.16718143
v 136.61624982 10.07336595 -11.55459962
v 137.21206037 9.63483433 -10.96458415
v 137.77982710 9.12205032 -10.40233974
v 138.31391003 8.53660068 -9.87345151
v 138.80877517 7.88182659 -9.38339962
v 139.25958103 7.16305848 -8.93697847
v 139.66265765 6.38732840 -8.53782233
v 140.01570467 5.56267420 -8.18820919
v 140.31762960 4.69728769 -7.88922090
v 140.56807406 3.79880270 -7.64121236
v 140.76678810 2.87395534 -7.44443109
v 140.91307109 1.92870268 -7.29957091
v 141.00547910 0.96871251 -7.20806169
v 142.44822149 0.00000000 -8.59405752
v 142.42639797 -0.97007833 -8.61566877
v 142.34440235 -1.93413000 -8.69686687
v 142.20145241 -2.88352096 -8.83842643
v 141.99830376 -3.80949243 -9.03959917
v 141.73731834 -4.70391054 -9.29804615
v 141.42214691 -5.55986584 -9.61015209
v 141.05713745 -6.37189665 -9.97161133
v 140.64667044 -7.13574764 -10.37808598
v 140.19464097 -7.84774959 -10.82571884
v 139.70424900 -8.50405289 -11.31134106
v 139.17814596 -9.10001150 -11.83232702
v 138.61885904 -9.62997012 -12.38617410
v 138.02931907 -10.08756870 -12.96997997
v 137.41328782 -10.46649443 -13.58001946
v 136.77552416 -10.76144671 -14.21157999
v 136.12163031 -10.96899628 -14.85911381
v 135.45763888 -11.08804603 -15.51664700
v 134.78949658 -11.11973168 -16.17829069
v 134.12263516 -11.06678946 -16.83866595
v 133.46178306 -10.93259966 -17.49309035
v 132.81107642 -10.72022531 -18.13746796
v 132.17441144 -10.43176518 -18.76794050
v 131.55588506 -10.06823012 -19.38045085
v 130.96013413 -9.62997012 -19.97040727
v 130.39241768 -9.11749038 -20.53260188
v 129.85838205 -8.53236444 -21.06144328
v 129.36356833 -7.87792576 -21.55144425
v 128.91282312 -7.15950385 -21.99780533
v 128.50981712 -6.38413549 -22.39689154
v 128.15684625 -5.55986584 -22.74642928
v 127.85499429 -4.69489281 -23.04534531
v 127.60460920 -3.79685202 -23.29329506
v 127.40593203 -2.87247571 -23.49003981
v 127.25965901 -1.92771229 -23.63489012
v 127.16723567 -0.96821862 -23.72641452
v 127.13077167 -0.00000000 -23.76252386
v 127.15259519 0.97007833 -23.74091260
v 127.23459081 1.93413000 -23.65971451
v 127.37754076 2.88352096 -23.51815495
v 127.58068940 3.80949243 -23.31698221
v 127.84167482 4.70391054 -23.05853523
v 128.15684625 5.55986584 -22.74642928
v 128.52185571 6.37189665 -22.38497004
v 128.93232272 7.13574764 -21.97849539
v 129.38435219 7.84774959 -21.53086254
v 129.87474416 8.50405289 -21.04524032
v 130.40084720 9.10001150 -20.52425436
v 130.96013413 9.62997012 -19.97040727
v 131.54967409 10.08756870 -19.38660141
v 132.16570534 10.46649443 -18.77656191
v 132.80346900 10.76144671 -18.14500139
v 133.45736286 10.96899628 -17.49746756
v 134.12135428 11.08804603 -16.83993437
v 134.78949658 11.11973168 -16.17829069
v 135.45635800 11.06678946 -15.51791542
v 136.11721010 10.93259966 -14.86349102
v 136.76791674 10.72022531 -14.21911341
v 137.40458172 10.43176518 -13.58864088
v 138.02310810 10.06823012 -12.97613053
v 138.61885904 9.62997012 -12.38617410
v 139.18657548 9.11749038 -11.82397949
v 139.72061111 8.53236444 -11.29513809
v 140.21542483 7.87792576 -10.80513713
v 140.66617004 7.15950385 -10.35877604
v 141.06917604 6.38413549 -9.95968983
v 141.42214691 5.55986584 -9.61015209
v 141.72399887 4.69489281 -9.31123607
v 141.97438396 3.79685202 -9.06328632
v 142.17306113 2.87247571 -8.86654156
v 142.31933415 1.92771229 -8.72169125
v 142.41175749 0.96821862 -8.63016686
v 143.85212494 0.00000000 -10.01851452
v 143.83044306 -0.97357395 -10.03998552
v 143.74857767 -1.94112405 -10.12105466
v 143.60572081 -2.89396150 -10.26252203
v 143.40262156 -3.82326803 -10.46364586
v 143.14165581 -4.72086081 -10.72207335
v 142.82650348 -5.57980401 -11.03416039
v 142.46154667 -6.39463604 -11.39556749
v 142.05119365 -7.16112201 -11.80192925
v 141.59935222 -7.87561915 -12.24937590
v 141.10921668 -8.53429289 -12.73474419
v 140.58341749 -9.13248672 -13.25542926
v 140.02445354 -9.66450404 -13.80895650
v 139.43522992 -10.12391867 -14.39244911
v 138.81949320 -10.50434258 -15.00219693
v 138.18200127 -10.80041135 -15.63348837
v 137.52836744 -11.00866154 -16.28076470
v 136.86464092 -11.12800116 -16.93803555
v 136.19678213 -11.15960802 -17.59939849
v 135.53022675 -11.10628352 -18.25947070
v 134.86969478 -10.97147545 -18.91357807
v 134.21930423 -10.75829583 -19.55764267
v 133.58293031 -10.46886003 -20.18782697
v 132.96465457 -10.10416062 -20.80008912
v 132.36911073 -9.66450404 -21.38984047
v 131.80156899 -9.15034472 -21.95186208
v 131.26769766 -8.56321853 -22.48054076
v 130.77306259 -7.90644985 -22.97036482
v 130.32252801 -7.18539351 -23.41651733
v 129.91976724 -6.40714035 -23.81536069
v 129.56706078 -5.57980401 -24.16463659
v 129.26546221 -4.71164748 -24.46330169
v 129.01528326 -3.81035344 -24.71104730
v 128.81673415 -2.88267668 -24.90766526
v 128.67049576 -1.93456714 -25.05248127
v 128.57801922 -0.97167390 -25.14405835
v 128.54143932 -0.00000000 -25.18028246
v 128.56312121 0.97357395 -25.15881146
v 128.64498660 1.94112405 -25.07774232
v 128.78784346 2.89396150 -24.93627494
v 128.99094270 3.82326803 -24.73515112
v 129.25190845 4.72086081 -24.47672363
v 129.56706078 5.57980401 -24.16463659
v 129.93201760 6.39463604 -23.80322949
v 130.34237061 7.16112201 -23.39686772
v 130.79421204 7.87561915 -22.94942108
v 131.28434759 8.53429289 -22.46405278
v 131.81014678 9.13248672 -21.94336772
v 132.36911073 9.66450404 -21.38984047
v 132.95833435 10.12391867 -20.80634787
v 133.57407107 10.50434258 -20.19660004
v 134.21156300 10.80041135 -19.56530861
v 134.86519683 11.00866154 -18.91803228
v 135.52892334 11.12800116 -18.26076142
v 136.19678213 11.15960802 -17.59939849
v 136.86333752 11.10628352 -16.93932628
v 137.52386948 10.97147545 -16.28521890
v 138.17426003 10.75829583 -15.64115431
v 138.81063396 10.46886003 -15.01097000
v 139.42890969 10.10416062 -14.39870786
v 140.02445354 9.66450404 -13.80895650
v 140.59199528 9.15034472 -13.24693490
v 141.12586660 8.56321853 -12.71825621
v 141.62050167 7.90644985 -12.22843215
v 142.07103626 7.18539351 -11.78227965
v 142.47379702 6.40714035 -11.38343629
v 142.82650348 5.57980401 -11.03416039
v 143.12810205 4.71164748 -10.73549528
v 143.37828100 3.81035344 -10.48774967
v 143.57683012 2.88267668 -10.29113172
v 143.72306850 1.93456714 -10.14631571
v 143.81554505 0.97167390 -10.05473863
v 145.26624395 0.00000000 -11.43285533
v 145.24427577 -0.97103085 -11.45460983
v 145.16214718 -1.93600416 -11.53593961
v 145.01910221 -2.88630146 -11.67759327
v 144.81590320 -3.81318381 -11.87881589
v 144.55489778 -4.70852933 -12.13728267
v 144.23970698 -5.56542330 -12.44940780
v 143.87464389 -6.37837856 -12.81092015
v 143.46406061 -7.14309919 -13.21750994
v 143.01183926 -7.85587199 -13.66533280
v 142.52118558 -8.51281413 -14.15121419
v 141.99477241 -9.10926863 -14.67250726
v 141.43515582 -9.63959593 -15.22668081
v 140.84529299 -10.09747373 -15.81080640
v 140.22896115 -10.47663642 -16.42114356
v 139.59092020 -10.77182371 -17.05297867
v 138.93676102 -10.97962519 -17.70077524
v 138.27249928 -11.09893343 -18.35857612
v 137.60406768 -11.13084661 -19.02050629
v 136.93689395 -11.07804732 -19.68119083
v 136.27571513 -10.94386289 -20.33593877
v 135.62468591 -10.73132071 -20.98063582
v 134.98772390 -10.44251243 -21.61140249
v 134.36894176 -10.07847218 -22.22416612
v 133.77297955 -9.63959593 -22.81433176
v 133.20508490 -9.12644288 -23.37670285
v 132.67088165 -8.54063226 -23.90571023
v 132.17588567 -7.88552224 -24.39589169
v 131.72492551 -7.16644138 -24.84246564
v 131.32166919 -6.39040410 -25.24179973
v 130.96842839 -5.56542330 -25.59160477
v 130.66631775 -4.69966876 -25.89077696
v 130.41572221 -3.80076369 -26.13893512
v 130.21691433 -2.87544872 -26.33580931
v 130.07060600 -1.92969830 -26.48069459
v 129.97823703 -0.96920355 -26.57216514
v 129.94189142 -0.00000000 -26.60815724
v 129.96385959 0.97103085 -26.58640274
v 130.04598819 1.93600416 -26.50507296
v 130.18903316 2.88630146 -26.36341930
v 130.39223217 3.81318381 -26.16219668
v 130.65323759 4.70852933 -25.90372990
v 130.96842839 5.56542330 -25.59160477
v 131.33349148 6.37837856 -25.23009242
v 131.74407476 7.14309919 -24.82350264
v 132.19629611 7.85587199 -24.37567977
v 132.68694978 8.51281413 -23.88979838
v 133.21336296 9.10926863 -23.36850531
v 133.77297955 9.63959593 -22.81433176
v 134.36284238 10.09747373 -22.23020617
v 134.97917422 10.47663642 -21.61986901
v 135.61721517 10.77182371 -20.98803390
v 136.27137435 10.97962519 -20.34023733
v 136.93563609 11.09893343 -19.68243646
v 137.60406768 11.13084661 -19.02050629
v 138.27124142 11.07804732 -18.35982175
v 138.93242024 10.94386289 -17.70507381
v 139.58344946 10.73132071 -17.06037675
v 140.22041147 10.44251243 -16.42961008
v 140.83919361 10.07847218 -15.81684646
v 141.43515582 9.63959593 -15.22668081
v 142.00305047 9.12644288 -14.66430972
v 142.53725372 8.54063226 -14.13530234
v 143.03224970 7.88552224 -13.64512088
v 143.48320986 7.16644138 -13.19854693
v 143.88646618 6.39040410 -12.79921284
v 144.23970698 5.56542330 -12.44940780
v 144.54181762 4.69966876 -12.15023561
v 144.79241316 3.80076369 -11.90207746
v 144.99122104 2.87544872 -11.70520326
v 145.13752937 1.92969830 -11.56031798
v 145.22989833 0.96920355 -11.46884743
v 146.68874671 0.00000000 -12.83889392
v 146.66613930 -0.97155035 -12.86128145
v 146.58342337 -1.93692976 -12.94319285
v 146.43995912 -2.88762135 -13.08526171
v 146.23653846 -3.81500690 -13.28670382
v 145.97544593 -4.71104839 -13.54525687
v 145.66017102 -5.56883407 -13.85746529
v 145.29487267 -6.38278505 -14.21921060
v 144.88377750 -7.14844251 -14.62630731
v 144.43071028 -7.86191310 -15.07496782
v 143.93890227 -8.51918204 -15.56199231
v 143.41112091 -9.11556174 -16.08464026
v 142.85004997 -9.64550355 -16.64025400
v 142.25876299 -10.10287587 -17.22578990
v 141.64110559 -10.48164531 -17.83743972
v 141.00184218 -10.77674960 -18.47048541
v 140.34651350 -10.98487456 -19.11944011
v 139.68106024 -11.10487135 -19.77842091
v 139.01135324 -11.13766815 -20.44161409
v 138.34280238 -11.08570056 -21.10366236
v 137.68018273 -10.95204932 -21.75983711
v 137.02773089 -10.73957301 -22.40594295
v 136.38945916 -10.45032383 -23.03800660
v 135.76954962 -10.08543487 -23.65188666
v 135.17265650 -9.64550355 -24.24297417
v 134.60397693 -9.13132552 -24.80612254
v 134.06903546 -8.54471555 -25.33586095
v 133.57323630 -7.88912825 -25.82683778
v 133.12132827 -7.16986766 -26.27435037
v 132.71696755 -6.39382296 -26.67477813
v 132.36253545 -5.56883407 -27.02576288
v 132.05928294 -4.70291551 -27.32606584
v 131.80775846 -3.80360681 -27.57514389
v 131.60837384 -2.87765992 -27.77258922
v 131.46191013 -1.93114179 -27.91762837
v 131.36978194 -0.96987313 -28.00886048
v 131.33395976 -0.00000000 -28.04433425
v 131.35656717 0.97155035 -28.02194672
v 131.43928310 1.93692976 -27.94003532
v 131.58274735 2.88762135 -27.79796646
v 131.78616801 3.81500690 -27.59652435
v 132.04726054 4.71104839 -27.33797130
v 132.36253545 5.56883407 -27.02576288
v 132.72783380 6.38278505 -26.66401757
v 133.13892897 7.14844251 -26.25692086
v 133.59199619 7.86191310 -25.80826035
v 134.08380420 8.51918204 -25.32123586
v 134.61158556 9.11556174 -24.79858791
v 135.17265650 9.64550355 -24.24297417
v 135.76394348 10.10287587 -23.65743827
v 136.38160088 10.48164531 -23.04578845
v 137.02086429 10.77674960 -22.41274276
v 137.67619297 10.98487456 -21.76378806
v 138.34164623 11.10487135 -21.10480726
v 139.01135324 11.13766815 -20.44161409
v 139.67990410 11.08570056 -19.77956581
v 140.34252374 10.95204932 -19.12339106
v 140.99497559 10.73957301 -18.47728522
v 141.63324731 10.45032383 -17.84522157
v 142.25315685 10.08543487 -17.23134151
v 142.85004997 9.64550355 -16.64025400
v 143.41872954 9.13132552 -16.07710563
v 143.95367101 8.54471555 -15.54736722
v 144.44947017 7.88912825 -15.05639039
v 144.90137820 7.16986766 -14.60887780
v 145.30573893 6.39382296 -14.20845004
v 145.66017102 5.56883407 -13.85746529
v 145.96342353 4.70291551 -13.55716233
v 146.21494801 3.80360681 -13.30808428
v 146.41433263 2.87765992 -13.11063895
v 146.56079634 1.93114179 -12.96559980
v 146.65292453 0.96987313 -12.87436769
v 148.11006207 0.00000000 -14.24610837
v 148.08686321 -0.97309762 -14.26908160
v 148.00360428 -1.93991272 -14.35153072
v 147.85975299 -2.89201295 -14.49398285
v 147.65612862 -3.82088218 -14.69562669
v 147.39495729 -4.71855106 -14.95425777
v 147.07960674 -5.57810299 -15.26654109
v 146.71409321 -6.39386817 -15.62849950
v 146.30252715 -7.16123237 -16.03606251
v 145.84868025 -7.87613148 -16.48549512
v 145.35580734 -8.53442440 -16.97357415
v 144.82676343 -9.13139008 -17.49747238
v 144.26435043 -9.66155779 -18.05441513
v 143.67174953 -10.11896541 -18.64125216
v 143.05286966 -10.49778752 -19.25411257
v 142.41247933 -10.79313928 -19.88827421
v 141.75607285 -11.00179177 -20.53829622
v 141.08952149 -11.12255664 -21.19836444
v 140.41863879 -11.15620598 -21.86272188
v 139.74881807 -11.10494986 -22.52602766
v 139.08486958 -10.97164452 -23.18351834
v 138.43110567 -10.75899568 -23.83092348
v 137.79162627 -10.46902135 -24.46418306
v 137.17067765 -10.10294730 -25.07909209
v 136.57292714 -9.66155779 -25.67102864
v 136.00352511 -9.14586779 -26.23489245
v 135.46790416 -8.55787480 -26.76530373
v 134.97136512 -7.90112633 -27.25701324
v 134.51858302 -7.18090958 -27.70539142
v 134.11320299 -6.40400557 -28.10682856
v 133.75767083 -5.57810299 -28.45890268
v 133.45336365 -4.71108170 -28.76025004
v 133.20098121 -3.81041215 -29.01017771
v 133.00106421 -2.88286420 -29.20815025
v 132.85445771 -1.93459695 -29.35333079
v 132.76255301 -0.97155722 -29.44434159
v 132.72721550 -0.00000000 -29.47933540
v 132.75041437 0.97309762 -29.45636217
v 132.83367329 1.93991272 -29.37391305
v 132.97752458 2.89201295 -29.23146092
v 133.18114895 3.82088218 -29.02981708
v 133.44232029 4.71855106 -28.77118600
v 133.75767083 5.57810299 -28.45890268
v 134.12318436 6.39386817 -28.09694427
v 134.53475042 7.16123237 -27.68938126
v 134.98859732 7.87613148 -27.23994865
v 135.48147023 8.53442440 -26.75186962
v 136.01051414 9.13139008 -26.22797139
v 136.57292714 9.66155779 -25.67102864
v 137.16552804 10.11896541 -25.08419161
v 137.78440792 10.49778752 -24.47133120
v 138.42479824 10.79313928 -23.83716956
v 139.08120472 11.00179177 -23.18714754
v 139.74775608 11.12255664 -22.52707932
v 140.41863879 11.15620598 -21.86272188
v 141.08845950 11.10494986 -21.19941611
v 141.75240800 10.97164452 -20.54192543
v 142.40617191 10.75899568 -19.89452029
v 143.04565131 10.46902135 -19.26126071
v 143.66659992 10.10294730 -18.64635168
v 144.26435043 9.66155779 -18.05441513
v 144.83375246 9.14586779 -17.49055132
v 145.36937341 8.55787480 -16.96014003
v 145.86591245 7.90112633 -16.46843052
v 146.31869456 7.18090958 -16.02005235
v 146.72407458 6.40400557 -15.61861521
v 147.07960674 5.57810299 -15.26654109
v 147.38391392 4.71108170 -14.96519373
v 147.63629636 3.81041215 -14.71526605
v 147.83621337 2.88286420 -14.51729352
v 147.98281986 1.93459695 -14.37211298
v 148.07472457 0.97155722 -14.28110217
v 149.52871139 0.00000000 -15.65596293
v 149.50503199 -0.97350700 -15.67941202
v 149.42133221 -1.94064640 -15.76229770
v 149.27716710 -2.89306175 -15.90506061
v 149.07337818 -3.82232723 -16.10686740
v 148.81214408 -4.72053615 -16.36556063
v 148.49673361 -5.58077399 -16.67790330
v 148.13104699 -6.39730210 -17.04003311
v 147.71910028 -7.16538410 -17.44797306
v 147.26462198 -7.88082083 -17.89803093
v 146.77088610 -8.53937225 -18.38696455
v 146.24081875 -9.13629424 -18.91187625
v 145.67731787 -9.66618410 -19.46989631
v 145.08365211 -10.12322245 -20.05778784
v 144.46378181 -10.50175776 -20.67162904
v 143.82247882 -10.79705345 -21.30669447
v 143.16519968 -11.00595262 -21.95758066
v 142.49775920 -11.12723588 -22.61852934
v 141.82592434 -11.16154798 -23.28382968
v 141.15507495 -11.11091395 -23.94815413
v 140.49004981 -10.97800535 -24.60671098
v 139.83522284 -10.76540146 -25.25516885
v 139.19476514 -10.47509079 -25.88939720
v 138.57297515 -10.10837325 -26.50513942
v 137.97453081 -9.66618410 -27.09776306
v 137.40454445 -9.14971545 -27.66220551
v 136.86837394 -8.56111136 -28.19316102
v 136.37123606 -7.90399170 -28.68546354
v 135.91774584 -7.18362539 -29.13454294
v 135.51153946 -6.40669973 -29.53679839
v 135.15511507 -5.58077399 -29.88975607
v 134.84995230 -4.71361186 -30.19195071
v 134.59687386 -3.81262125 -30.44256760
v 134.39652519 -2.88458063 -30.64096760
v 134.24980338 -1.93571854 -30.78626234
v 134.15808074 -0.97207901 -30.87709285
v 134.12313728 -0.00000000 -30.91169644
v 134.14681668 0.97350700 -30.88824735
v 134.23051647 1.94064640 -30.80536166
v 134.37468158 2.89306175 -30.66259876
v 134.57847050 3.82232723 -30.46079196
v 134.83970460 4.72053615 -30.20209873
v 135.15511507 5.58077399 -29.88975607
v 135.52080169 6.39730210 -29.52762626
v 135.93274840 7.16538410 -29.11968630
v 136.38722669 7.88082083 -28.66962844
v 136.88096258 8.53937225 -28.18069482
v 137.41102993 9.13629424 -27.65578311
v 137.97453081 9.66618410 -27.09776306
v 138.56819657 10.12322245 -26.50987152
v 139.18806687 10.50175776 -25.89603033
v 139.82936986 10.79705345 -25.26096490
v 140.48664900 11.00595262 -24.61007871
v 141.15408947 11.12723588 -23.94913002
v 141.82592434 11.16154798 -23.28382968
v 142.49677373 11.11091395 -22.61950524
v 143.16179887 10.97800535 -21.96094839
v 143.81662584 10.76540146 -21.31249052
v 144.45708353 10.47509079 -20.67826217
v 145.07887352 10.10837325 -20.06251995
v 145.67731787 9.66618410 -19.46989631
v 146.24730423 9.14971545 -18.90545386
v 146.78347474 8.56111136 -18.37449835
v 147.28061262 7.90399170 -17.88219583
v 147.73410284 7.18362539 -17.43311643
v 148.14030921 6.40669973 -17.03086097
v 148.49673361 5.58077399 -16.67790330
v 148.80189638 4.71361186 -16.37570866
v 149.05497481 3.81262125 -16.12509177
v 149.25532348 2.88458063 -15.92669176
v 149.40204529 1.93571854 -15.78139703
v 149.49376793 0.97207901 -15.69056652
v 150.94346965 0.00000000 -17.06967071
v 150.91947354 -0.97344379 -17.09343342
v 150.83548334 -1.94046617 -17.17660670
v 150.69111170 -2.89276351 -17.31957413
v 150.48721478 -3.82197226 -17.52148786
v 150.22593994 -4.72022965 -17.78022145
v 149.91049071 -5.58062489 -18.09260249
v 149.54469087 -6.39737601 -18.45484443
v 149.13249421 -7.16566788 -18.86303190
v 148.67760077 -7.88121392 -19.31350086
v 148.18329719 -8.53971044 -19.80299666
v 147.65255645 -9.13639979 -20.32857521
v 147.08833977 -9.66592585 -20.88730410
v 146.49397346 -10.12256515 -21.47588936
v 145.87345175 -10.50078247 -22.09037564
v 145.23154866 -10.79594041 -22.72603534
v 144.57369581 -11.00493051 -23.37748965
v 143.90567082 -11.12651339 -24.03901716
v 143.23320989 -11.16124978 -24.70493748
v 142.56168399 -11.11104232 -25.36993186
v 141.89595070 -10.97844013 -26.02918997
v 141.24042452 -10.76593843 -26.67834025
v 140.59932345 -10.47550565 -27.31320571
v 139.97698031 -10.10849004 -27.92949571
v 139.37808001 -9.66592585 -28.52257087
v 138.80770981 -9.14912136 -29.08739342
v 138.27117830 -8.56031630 -29.61870642
v 137.77364685 -7.90317689 -30.11139869
v 137.31969092 -7.18295825 -30.56093927
v 136.91294078 -6.40628374 -30.96373320
v 136.55592907 -5.58062489 -31.31727247
v 136.25020302 -4.71366632 -31.62002491
v 135.99666638 -3.81277224 -31.87109555
v 135.79603363 -2.88472451 -32.06977687
v 135.64923616 -1.93579520 -32.21514653
v 135.55763375 -0.97209024 -32.30585798
v 135.52295013 -0.00000000 -32.34020426
v 135.54694624 0.97344379 -32.31644154
v 135.63093644 1.94046617 -32.23326826
v 135.77530808 2.89276351 -32.09030083
v 135.97920500 3.82197226 -31.88838710
v 136.24047984 4.72022965 -31.62965352
v 136.55592907 5.58062489 -31.31727247
v 136.92172891 6.39737601 -30.95503054
v 137.33392557 7.16566788 -30.54684307
v 137.78881901 7.88121392 -30.09637410
v 138.28312259 8.53971044 -29.60687830
v 138.81386333 9.13639979 -29.08129975
v 139.37808001 9.66592585 -28.52257087
v 139.97244632 10.12256515 -27.93398560
v 140.59296803 10.50078247 -27.31949932
v 141.23487112 10.79594041 -26.68383963
v 141.89272397 11.00493051 -26.03238532
v 142.56074896 11.12651339 -25.37085780
v 143.23320989 11.16124978 -24.70493748
v 143.90473579 11.11104232 -24.03994311
v 144.57046908 10.97844013 -23.38068500
v 145.22599526 10.76593843 -22.73153472
v 145.86709633 10.47550565 -22.09666925
v 146.48943947 10.10849004 -21.48037926
v 147.08833977 9.66592585 -20.88730410
v 147.65870997 9.14912136 -20.32248154
v 148.19524148 8.56031630 -19.79116854
v 148.69277293 7.90317689 -19.29847628
v 149.14672886 7.18295825 -18.84893570
v 149.55347900 6.40628374 -18.44614177
v 149.91049071 5.58062489 -18.09260249
v 150.21621677 4.71366632 -17.78985005
v 150.46975340 3.81277224 -17.53877941
v 150.67038615 2.88472451 -17.34009810
v 150.81718362 1.93579520 -17.19472843
v 150.90878603 0.97209024 -17.10401698
v 152.35745698 0.00000000 -18.48414191
v 152.33317635 -0.97373117 -18.50818638
v 152.24892535 -1.94099039 -18.59161792
v 152.10436837 -2.89351847 -18.73476888
v 151.90037476 -3.82300477 -18.93677837
v 151.63906372 -4.72162315 -19.19554780
v 151.32358018 -5.58246373 -19.50796283
v 150.95767918 -6.39970360 -19.87030493
v 150.54525861 -7.16845533 -20.27871414
v 150.08999291 -7.88435235 -20.72955175
v 149.59518004 -8.54303239 -21.21955188
v 149.06383512 -9.13972394 -21.74572873
v 148.49897621 -9.66911081 -22.30509360
v 147.90398142 -10.12555352 -22.89430123
v 147.28287542 -10.50361927 -23.50936612
v 146.64043417 -10.79875795 -24.14555874
v 145.98206692 -11.00790350 -24.79752245
v 145.31351781 -11.12979815 -25.45956899
v 144.64049544 -11.16492745 -26.12604528
v 143.96836278 -11.11508492 -26.79164052
v 143.30199430 -10.98271074 -27.45152764
v 142.64584093 -10.77022560 -28.10129901
v 142.00416283 -10.47958061 -28.73673589
v 141.38132368 -10.11216787 -29.35351707
v 140.78201467 -9.66911081 -29.94699697
v 140.21130052 -9.15182235 -30.51216013
v 139.67444551 -8.56262888 -31.04379348
v 139.17656124 -7.90523948 -31.53683514
v 138.72218759 -7.18489873 -31.98678936
v 138.31494954 -6.40817500 -32.39006646
v 137.95741071 -5.58246373 -32.74412773
v 137.65117904 -4.71538132 -33.04738087
v 137.39723113 -3.81425541 -33.29885879
v 137.19634346 -2.88587325 -33.49779254
v 137.04947824 -1.93654822 -33.64322930
v 136.95798400 -0.97244392 -33.73383362
v 136.92353390 -0.00000000 -33.76794865
v 136.94781453 0.97373117 -33.74390418
v 137.03206553 1.94099039 -33.66047264
v 137.17662251 2.89351847 -33.51732168
v 137.38061612 3.82300477 -33.31531219
v 137.64192717 4.72162315 -33.05654276
v 137.95741071 5.58246373 -32.74412773
v 138.32331170 6.39970360 -32.38178564
v 138.73573227 7.16845533 -31.97337642
v 139.19099797 7.88435235 -31.52253882
v 139.68581085 8.54303239 -31.03253869
v 140.21715577 9.13972394 -30.50636183
v 140.78201467 9.66911081 -29.94699697
v 141.37700946 10.12555352 -29.35778933
v 141.99811546 10.50361927 -28.74272444
v 142.64055672 10.79875795 -28.10653182
v 143.29892397 11.00790350 -27.45456811
v 143.96747307 11.12979815 -26.79252158
v 144.64049544 11.16492745 -26.12604528
v 145.31262810 11.11508492 -25.46045005
v 145.97899659 10.98271074 -24.80056292
v 146.63514995 10.77022560 -24.15079156
v 147.27682805 10.47958061 -23.51535467
v 147.89966720 10.11216787 -22.89857349
v 148.49897621 9.66911081 -22.30509360
v 149.06969037 9.15182235 -21.73993043
v 149.60654537 8.56262888 -21.20829708
v 150.10442965 7.90523948 -20.71525543
v 150.55880329 7.18489873 -20.26530120
v 150.96604135 6.40817500 -19.86202410
v 151.32358018 5.58246373 -19.50796283
v 151.62981184 4.71538132 -19.20470969
v 151.88375975 3.81425541 -18.95323178
v 152.08464742 2.88587325 -18.75429802
v 152.23151265 1.93654822 -18.60886126
v 152.32300688 0.97244392 -18.51825694
v 153.77288608 0.00000000 -19.89718537
v 153.74825910 -0.97317313 -19.92157282
v 153.66369075 -1.93981895 -20.00531862
v 153.51890843 -2.89173995 -20.14869274
v 153.31479751 -3.82069749 -20.35081840
v 153.05344292 -4.71891725 -20.60963094
v 152.73791825 -5.57949687 -20.92208671
v 152.37189485 -6.39656916 -21.28455002
v 151.95920250 -7.16516335 -21.69322836
v 151.50348450 -7.88081983 -22.14451386
v 151.00805260 -8.53910916 -22.63512700
v 150.47597319 -9.13524750 -23.16203121
v 149.91033354 -9.66397206 -23.72216923
v 149.31457480 -10.11975070 -24.31213338
v 148.69275870 -10.49728009 -24.92790146
v 148.04966356 -10.79212042 -25.56474161
v 147.39067137 -11.00125997 -26.21732418
v 146.72148553 -11.12341982 -26.88000125
v 146.04778099 -11.15899374 -27.54715308
v 145.37491099 -11.10964099 -28.21347849
v 144.70777053 -10.97766714 -28.87413008
v 144.05085491 -10.76540009 -29.52465628
v 143.40847560 -10.47476807 -30.16078756
v 142.78503383 -10.10721515 -30.77816549
v 142.18522845 -9.66397206 -31.37213693
v 141.61409670 -9.14657757 -31.93771364
v 141.07684894 -8.55746113 -32.46973592
v 140.57853612 -7.90038047 -32.96320195
v 140.12365485 -7.18056248 -33.41365886
v 139.71582360 -6.40450256 -33.81752339
v 139.35764374 -5.57949687 -34.17221945
v 139.05079713 -4.71307182 -34.47608155
v 138.79634902 -3.81250379 -34.72805481
v 138.59515140 -2.88458026 -34.92729550
v 138.44820399 -1.93565890 -35.07281364
v 138.35684164 -0.97196764 -35.16328736
v 138.32267591 -0.00000000 -35.19712079
v 138.34730289 0.97317313 -35.17273334
v 138.43187123 1.93981895 -35.08898754
v 138.57665356 2.89173995 -34.94561342
v 138.78076448 3.82069749 -34.74348776
v 139.04211906 4.71891725 -34.48467522
v 139.35764374 5.57949687 -34.17221945
v 139.72366714 6.39656916 -33.80975614
v 140.13635948 7.16516335 -33.40107780
v 140.59207748 7.88081983 -32.94979230
v 141.08750938 8.53910916 -32.45917916
v 141.61958880 9.13524750 -31.93227495
v 142.18522845 9.66397206 -31.37213693
v 142.78098718 10.11975070 -30.78217278
v 143.40280329 10.49728009 -30.16640470
v 144.04589843 10.79212042 -29.52956455
v 144.70489062 11.00125997 -28.87698198
v 145.37407646 11.12341982 -28.21430491
v 146.04778099 11.15899374 -27.54715308
v 146.72065100 11.10964099 -26.88082767
v 147.38779146 10.97766714 -26.22017608
v 148.04470707 10.76540009 -25.56964988
v 148.68708639 10.47476807 -24.93351860
v 149.31052815 10.10721515 -24.31614067
v 149.91033354 9.66397206 -23.72216923
v 150.48146529 9.14657757 -23.15659252
v 151.01871305 8.55746113 -22.62457024
v 151.51702587 7.90038047 -22.13110421
v 151.97190713 7.18056248 -21.68064730
v 152.37973839 6.40450256 -21.27678277
v 152.73791825 5.57949687 -20.92208671
v 153.04476485 4.71307182 -20.61822461
v 153.29921297 3.81250379 -20.36625135
v 153.50041058 2.88458026 -20.16701066
v 153.64735800 1.93565890 -20.02149252
v 153.73872035 0.97196764 -19.93101880
v 155.18446249 0.00000000 -21.31404405
v 155.15965275 -0.97288402 -21.33861248
v 155.07491700 -1.93921155 -21.42252406
v 154.93001588 -2.89081750 -21.56601581
v 154.72584322 -3.81950113 -21.76820261
v 154.46446590 -4.71751534 -22.02703767
v 154.14891979 -5.57796171 -22.33951466
v 153.78283212 -6.39494970 -22.70204161
v 153.36999672 -7.16346464 -23.11086162
v 152.91404043 -7.87899792 -23.56238310
v 152.41828227 -8.53708472 -24.05331932
v 151.88581570 -9.13293467 -24.58060691
v 151.31976452 -9.66131308 -25.14115246
v 150.72360314 -10.11674430 -25.73151534
v 150.10141283 -10.49399311 -26.34765398
v 149.45797318 -10.78867778 -26.98483529
v 148.79865177 -10.99781518 -27.63774389
v 148.12913049 -11.12011524 -28.30075314
v 147.45506654 -11.15592342 -28.96826088
v 146.78180801 -11.10682828 -29.63497104
v 146.11426073 -10.97506456 -30.29602550
v 145.45694343 -10.76291131 -30.94694948
v 144.81419462 -10.47228472 -31.58344666
v 144.19043538 -10.10465623 -32.20113897
v 143.59036857 -9.66131308 -32.79536930
v 143.01901694 -9.14386028 -33.36116374
v 142.48156238 -8.55478156 -33.89339080
v 141.98302385 -7.89786028 -34.38708036
v 141.52787509 -7.17831405 -34.83780216
v 141.11973114 -6.40259989 -35.24197634
v 140.76121330 -5.57796171 -35.59700710
v 140.45404243 -4.71187858 -35.90119031
v 140.19933055 -3.81159992 -36.15342476
v 139.99796954 -2.88391339 -36.35282725
v 139.85097889 -1.93520000 -36.49838822
v 139.75968622 -0.97172156 -36.58879294
v 139.72567060 -0.00000000 -36.62247771
v 139.75048034 0.97288402 -36.59790928
v 139.83521609 1.93921155 -36.51399770
v 139.98011721 2.89081750 -36.37050595
v 140.18428987 3.81950113 -36.16831915
v 140.44566719 4.71751534 -35.90948408
v 140.76121330 5.57796171 -35.59700710
v 141.12730097 6.39494970 -35.23448015
v 141.54013637 7.16346464 -34.82566014
v 141.99609266 7.87899792 -34.37413866
v 142.49185082 8.53708472 -33.88320244
v 143.02431739 9.13293467 -33.35591485
v 143.59036857 9.66131308 -32.79536930
v 144.18652995 10.11674430 -32.20500642
v 144.80872025 10.49399311 -31.58886778
v 145.45215991 10.78867778 -30.95168647
v 146.11148132 10.99781518 -30.29877787
v 146.78100259 11.12011524 -29.63576862
v 147.45506654 11.15592342 -28.96826088
v 148.12832508 11.10682828 -28.30155071
v 148.79587236 10.97506456 -27.64049626
v 149.45318966 10.76291131 -26.98957228
v 150.09593847 10.47228472 -26.35307510
v 150.71969771 10.10465623 -25.73538279
v 151.31976452 9.66131308 -25.14115246
v 151.89111615 9.14386028 -24.57535802
v 152.42857071 8.55478156 -24.04313095
v 152.92710924 7.89786028 -23.54944140
v 153.38225800 7.17831405 -23.09871960
v 153.79040195 6.40259989 -22.69454541
v 154.14891979 5.57796171 -22.33951466
v 154.45609066 4.71187858 -22.03533145
v 154.71080254 3.81159992 -21.78309700
v 154.91216355 2.88391339 -21.58369451
v 155.05915420 1.93520000 -21.43813354
v 155.15044686 0.97172156 -21.34772882
v 156.59773494 0.00000000 -22.72922318
v 156.57266988 -0.97391866 -22.75404445
v 156.48770033 -1.94123037 -22.83818755
v 156.34263338 -2.89380330 -22.98184352
v 156.13837469 -3.82347745 -23.18411551
v 155.87696586 -4.72253229 -23.44298177
v 155.56139015 -5.58406471 -23.75548808
v 155.19521306 -6.40214286 -24.11810358
v 154.78217821 -7.17168335 -24.52712110
v 154.32588946 -7.88810246 -24.97897180
v 153.82967601 -8.54687939 -25.47035889
v 153.29666908 -9.14320756 -25.99818158
v 152.73004352 -9.67188379 -26.55929593
v 152.13332022 -10.12750319 -27.15021527
v 151.51060775 -10.50491795 -27.76687099
v 150.86668743 -10.79982093 -28.40452829
v 150.20690673 -11.00926453 -29.05789171
v 149.53691749 -11.13194119 -29.72136437
v 148.86235210 -11.16812942 -30.38936868
v 148.18855142 -11.11932145 -31.05661571
v 147.52043646 -10.98765635 -31.71823232
v 146.86255863 -10.77534835 -32.36971138
v 146.21929425 -10.48429966 -33.00671912
v 145.59509211 -10.11602213 -33.62485002
v 144.99466068 -9.67188379 -34.21944143
v 144.42300244 -9.15358453 -34.78553950
v 143.88525951 -8.56368757 -35.31805212
v 143.38640614 -7.90601763 -35.81205345
v 142.93088413 -7.18578708 -36.26314488
v 142.52230373 -6.40940889 -36.66775127
v 142.16331405 -5.58406471 -37.02324928
v 141.85569045 -4.71717859 -37.32788080
v 141.60061034 -3.81597300 -37.58047990
v 141.39902126 -2.88724589 -37.78010826
v 141.25197034 -1.93742027 -37.92572890
v 141.16077513 -0.97281457 -38.01603711
v 141.12696925 -0.00000000 -38.04951418
v 141.15203432 0.97391866 -38.02469291
v 141.23700386 1.94123037 -37.94054981
v 141.38207081 2.89380330 -37.79689384
v 141.58632950 3.82347745 -37.59462185
v 141.84773833 4.72253229 -37.33575558
v 142.16331405 5.58406471 -37.02324928
v 142.52949113 6.40214286 -36.66063377
v 142.94252598 7.17168335 -36.25161626
v 143.39881473 7.88810246 -35.79976555
v 143.89502819 8.54687939 -35.30837846
v 144.42803511 9.14320756 -34.78055577
v 144.99466068 9.67188379 -34.21944143
v 145.59138398 10.12750319 -33.62852209
v 146.21409645 10.50491795 -33.01186636
v 146.85801677 10.79982093 -32.37420906
v 147.51779747 11.00926453 -31.72084565
v 148.18778670 11.13194119 -31.05737299
v 148.86235210 11.16812942 -30.38936868
v 149.53615277 11.11932145 -29.72212165
v 150.20426773 10.98765635 -29.06050503
v 150.86214557 10.77534835 -28.40902598
v 151.50540994 10.48429966 -27.77201824
v 152.12961208 10.11602213 -27.15388734
v 152.73004352 9.67188379 -26.55929593
v 153.30170176 9.15358453 -25.99319786
v 153.83944468 8.56368757 -25.46068523
v 154.33829805 7.90601763 -24.96668390
v 154.79382006 7.18578708 -24.51559248
v 155.20240047 6.40940889 -24.11098609
v 155.56139015 5.58406471 -23.75548808
v 155.86901374 4.71717859 -23.45085655
v 156.12409385 3.81597300 -23.19825745
v 156.32568293 2.88724589 -22.99862910
v 156.47273385 1.93742027 -22.85300846
v 156.56392907 0.97281457 -22.76270024
v 158.01006001 0.00000000 -24.14534047
v 157.98477975 -0.97382030 -24.17037485
v 157.89961320 -1.94099773 -24.25471303
v 157.75440661 -2.89343654 -24.39850729
v 157.55007558 -3.82301923 -24.60085091
v 157.28864044 -4.72205535 -24.85974324
v 156.97304005 -5.58364468 -25.17227397
v 156.60678794 -6.40182649 -25.53496378
v 156.19358534 -7.17146455 -25.94414740
v 155.73701677 -7.88791643 -26.39627521
v 155.24041997 -8.54661864 -26.88804191
v 154.70695805 -9.14275574 -27.41631518
v 154.13984883 -9.67115628 -27.97790847
v 153.54265240 -10.12648038 -28.56929634
v 152.91950035 -10.50365901 -29.18638737
v 152.27517545 -10.79845218 -29.82444532
v 151.61500820 -11.00794515 -30.47819152
v 150.94462512 -11.13081693 -31.14205420
v 150.26963765 -11.16728936 -31.81047648
v 149.59538060 -11.11877197 -32.47817544
v 148.92678772 -10.98732113 -33.14026532
v 148.26843800 -10.77509422 -33.79221168
v 147.62473962 -10.48397980 -34.42964920
v 147.00016471 -10.11552224 -35.04814925
v 146.39942647 -9.67115628 -35.64304448
v 145.82751030 -9.15266008 -36.20939797
v 145.28952479 -8.56266128 -36.74215081
v 144.79040649 -7.90501564 -37.23641450
v 144.33457026 -7.18492592 -37.68781709
v 143.92562233 -6.40876158 -38.09278744
v 143.56623524 -5.58364468 -38.44867898
v 143.25823031 -4.71694549 -38.75368814
v 143.00284003 -3.81585658 -39.00659439
v 142.80105887 -2.88717780 -39.20641295
v 142.65395729 -1.93736116 -39.35208376
v 142.56284431 -0.97276650 -39.44231054
v 142.52921528 -0.00000000 -39.47561248
v 142.55449554 0.97382030 -39.45057811
v 142.63966209 1.94099773 -39.36623992
v 142.78486869 2.89343654 -39.22244566
v 142.98919971 3.82301923 -39.02010204
v 143.25063486 4.72205535 -38.76120972
v 143.56623524 5.58364468 -38.44867898
v 143.93248736 6.40182649 -38.08598918
v 144.34568995 7.17146455 -37.67680555
v 144.80225852 7.88791643 -37.22467774
v 145.29885532 8.54661864 -36.73291104
v 145.83231725 9.14275574 -36.20463777
v 146.39942647 9.67115628 -35.64304448
v 146.99662289 10.12648038 -35.05165662
v 147.61977495 10.50365901 -34.43456558
v 148.26409985 10.79845218 -33.79650763
v 148.92426710 11.00794515 -33.14276143
v 149.59465018 11.13081693 -32.47889876
v 150.26963765 11.16728936 -31.81047648
v 150.94389470 11.11877197 -31.14277751
v 151.61248757 10.98732113 -30.48068763
v 152.27083730 10.77509422 -29.82874127
v 152.91453568 10.48397980 -29.19130375
v 153.53911058 10.11552224 -28.57280371
v 154.13984883 9.67115628 -27.97790847
v 154.71176500 9.15266008 -27.41155499
v 155.24975050 8.56266128 -26.87880214
v 155.74886881 7.90501564 -26.38453845
v 156.20470503 7.18492592 -25.93313587
v 156.61365297 6.40876158 -25.52816552
v 156.97304005 5.58364468 -25.17227397
v 157.28104498 4.71694549 -24.86726482
v 157.53643527 3.81585658 -24.61435856
v 157.73821642 2.88717780 -24.41454000
v 157.88531801 1.93736116 -24.26886919
v 157.97643099 0.97276650 -24.17864241
v 159.42203951 0.00000000 -25.56179998
v 159.39655858 -0.97403237 -25.58703308
v 159.31120837 -1.94138634 -25.67155314
v 159.16587165 -2.89399725 -25.81547625
v 158.96147332 -3.82378464 -26.01788652
v 158.70001383 -4.72308369 -26.27680295
v 158.38439068 -5.58499474 -26.58935623
v 158.01806887 -6.40352828 -26.95211506
v 157.60471016 -7.17349726 -27.36145328
v 157.14788097 -7.89020310 -27.81383917
v 156.65092705 -8.54904114 -28.30595952
v 156.11704120 -9.14518615 -28.83465259
v 155.54948136 -9.67349465 -29.39669213
v 154.95184415 -10.12868566 -29.98851648
v 154.32828261 -10.50576195 -30.60601302
v 153.68358089 -10.80054476 -31.24444412
v 153.02305365 -11.01014905 -31.89854681
v 152.35230378 -11.13324093 -32.56277271
v 151.67692320 -11.16998948 -33.23158428
v 151.00224105 -11.12172767 -33.89970420
v 150.33320299 -10.99043543 -34.56223494
v 149.67441367 -10.77821788 -35.21461662
v 149.03031103 -10.48695143 -35.85245446
v 148.40538896 -10.11821124 -36.47129830
v 147.80436504 -9.67349465 -37.06647642
v 147.23220877 -9.15465329 -37.63306768
v 146.69399745 -8.56437561 -38.16604415
v 146.19463244 -7.90654751 -38.66055214
v 145.73850353 -7.18636442 -39.11224456
v 145.32921315 -6.41015724 -39.51755403
v 144.96945572 -5.58499474 -39.87381232
v 144.66109538 -4.71819939 -40.17917342
v 144.40541603 -3.81693817 -40.43236594
v 144.20345590 -2.88801478 -40.63236172
v 144.05630718 -1.93791030 -40.77807922
v 143.96527096 -0.97302509 -40.86822998
v 143.93180689 -0.00000000 -40.90136857
v 143.95728782 0.97403237 -40.87613547
v 144.04263803 1.94138634 -40.79161542
v 144.18797475 2.89399725 -40.64769230
v 144.39237308 3.82378464 -40.44528203
v 144.65383256 4.72308369 -40.18636560
v 144.96945572 5.58499474 -39.87381232
v 145.33577753 6.40352828 -39.51105349
v 145.74913624 7.17349726 -39.10171527
v 146.20596543 7.89020310 -38.64932938
v 146.70291935 8.54904114 -38.15720903
v 147.23680520 9.14518615 -37.62851596
v 147.80436504 9.67349465 -37.06647642
v 148.40200225 10.12868566 -36.47465207
v 149.02556379 10.50576195 -35.85715554
v 149.67026551 10.80054476 -35.21872443
v 150.33079275 11.01014905 -34.56462174
v 151.00154262 11.13324093 -33.90039584
v 151.67692320 11.16998948 -33.23158428
v 152.35160535 11.12172767 -32.56346435
v 153.02064341 10.99043543 -31.90093361
v 153.67943273 10.77821788 -31.24855194
v 154.32353537 10.48695143 -30.61071409
v 154.94845744 10.11821124 -29.99187025
v 155.54948136 9.67349465 -29.39669213
v 156.12163763 9.15465329 -28.83010087
v 156.65984895 8.56437561 -28.29712440
v 157.15921396 7.90654751 -27.80261641
v 157.61534287 7.18636442 -27.35092399
v 158.02463325 6.41015724 -26.94561452
v 158.38439068 5.58499474 -26.58935623
v 158.69275102 4.71819939 -26.28399513
v 158.94843037 3.81693817 -26.03080261
v 159.15039050 2.88801478 -25.83080683
v 159.29753922 1.93791030 -25.68508934
v 159.38857544 0.97302509 -25.59493857
v 160.83543904 0.00000000 -26.97685327
v 160.80969638 -0.97421531 -27.00234554
v 160.72410672 -1.94170655 -27.08710273
v 160.57860043 -2.89445036 -27.23119377
v 160.37411454 -3.82441533 -27.43369075
v 160.11262359 -4.72397077 -27.69263833
v 159.79697109 -5.58621840 -28.00522067
v 159.43055878 -6.40513179 -28.36806912
v 159.01699689 -7.17545816 -28.77760855
v 158.55982827 -7.89242621 -29.23033056
v 158.06240909 -8.55137804 -29.72291165
v 157.52797088 -9.14747620 -30.25215171
v 156.95982390 -9.67561410 -30.81477267
v 156.36161242 -10.13058801 -31.40716571
v 155.73751747 -10.50749477 -32.02519047
v 155.09232495 -10.80223581 -32.66410760
v 154.43132889 -11.01196507 -33.31867455
v 153.76010134 -11.13533196 -33.98337348
v 153.08420875 -11.17243681 -34.65269208
v 152.40897287 -11.12451266 -35.32136035
v 151.73935486 -10.99343970 -35.98446539
v 151.07999290 -10.78125470 -36.63741414
v 150.43536368 -10.48981807 -37.27577345
v 149.80998947 -10.12074494 -37.89506502
v 149.20859361 -9.67561410 -38.49061148
v 148.63612478 -9.15637270 -39.05751225
v 148.09761950 -8.56578822 -39.59077981
v 147.59793327 -7.90778545 -40.08560590
v 147.14142310 -7.18754974 -40.53767588
v 146.73168650 -6.41136119 -40.94342722
v 146.37144641 -5.58621840 -41.30016348
v 146.06262285 -4.71938087 -41.60598330
v 145.80656673 -3.81798154 -41.85954892
v 145.60437338 -2.88882849 -42.05977566
v 145.45716334 -1.93844003 -42.20555387
v 145.36622734 -0.97326875 -42.29560539
v 145.33297846 -0.00000000 -42.32853088
v 145.35872112 0.97421531 -42.30303861
v 145.44431079 1.94170655 -42.21828142
v 145.58981707 2.89445036 -42.07419038
v 145.79430296 3.82441533 -41.87169340
v 146.05579391 4.72397077 -41.61274582
v 146.37144641 5.58621840 -41.30016348
v 146.73785873 6.40513179 -40.93731503
v 147.15142062 7.17545816 -40.52777560
v 147.60858923 7.89242621 -40.07505359
v 148.10600842 8.55137804 -39.58247250
v 148.64044662 9.14747620 -39.05323244
v 149.20859361 9.67561410 -38.49061148
v 149.80680509 10.13058801 -37.89821844
v 150.43090003 10.50749477 -37.28019368
v 151.07609255 10.80223581 -36.64127655
v 151.73708861 11.01196507 -35.98670960
v 152.40831616 11.13533196 -35.32201067
v 153.08420875 11.17243681 -34.65269208
v 153.75944463 11.12451266 -33.98402380
v 154.42906264 10.99343970 -33.32091876
v 155.08842460 10.78125470 -32.66797001
v 155.73305382 10.48981807 -32.02961070
v 156.35842803 10.12074494 -31.41031913
v 156.95982390 9.67561410 -30.81477267
v 157.53229272 9.15637270 -30.24787190
v 158.07079800 8.56578822 -29.71460434
v 158.57048423 7.90778545 -29.21977825
v 159.02699440 7.18754974 -28.76770827
v 159.43673100 6.41136119 -28.36195693
v 159.79697109 5.58621840 -28.00522067
v 160.10579465 4.71938087 -27.69940085
v 160.36185077 3.81798154 -27.44583523
v 160.56404412 2.88882849 -27.24560850
v 160.71125416 1.93844003 -27.09983028
v 160.80219016 0.97326875 -27.00977876
v 162.24503301 0.00000000 -28.39567510
v 162.21919143 -0.97320331 -28.42126533
v 162.13351128 -1.93967278 -28.50611212
v 161.98794095 -2.89140954 -28.65026658
v 161.78342203 -3.82040959 -28.85279627
v 161.52191928 -4.71906357 -29.11175555
v 161.20625579 -5.58048141 -29.42434877
v 160.83980938 -6.39862940 -29.78723098
v 160.42617083 -7.16823583 -30.19684632
v 159.96887407 -7.88450722 -30.64969523
v 159.47127919 -8.54277080 -31.14245031
v 158.93663238 -9.13818983 -31.67189694
v 158.36826365 -9.66567733 -32.23473749
v 157.76983531 -10.12006449 -32.82734529
v 157.14553895 -10.49648907 -33.44556950
v 156.50016113 -10.79088729 -34.08467012
v 155.83898808 -11.00043098 -34.73941234
v 155.16758020 -11.12376472 -35.40428985
v 154.49149430 -11.16096281 -36.07379987
v 153.81604935 -11.11321924 -36.74267519
v 153.14621235 -10.98237444 -37.40599709
v 152.48663416 -10.77043716 -38.05915997
v 151.84180611 -10.47925973 -38.69771617
v 151.21626121 -10.11047053 -39.31717678
v 150.61472495 -9.66567733 -39.91286226
v 150.04213818 -9.14686118 -40.47987983
v 149.50352197 -8.55681629 -41.01325725
v 149.00371448 -7.89947776 -41.50820342
v 148.54706035 -7.18002139 -41.96041595
v 148.13715522 -6.40470115 -42.36633418
v 147.77673281 -5.58048141 -42.72325098
v 147.46773427 -4.71458983 -43.02924409
v 147.21153582 -3.81413862 -43.28295065
v 147.00925439 -2.88592994 -43.48326461
v 146.86202122 -1.93648893 -43.62906573
v 146.77112314 -0.97228070 -43.71907971
v 146.73795560 -0.00000000 -43.75192464
v 146.76379717 0.97320331 -43.72633442
v 146.84947732 1.93967278 -43.64148762
v 146.99504765 2.89140954 -43.49733317
v 147.19956657 3.82040959 -43.29480348
v 147.46106933 4.71906357 -43.03584420
v 147.77673281 5.58048141 -42.72325098
v 148.14317922 6.39862940 -42.36036877
v 148.55681777 7.16823583 -41.95075343
v 149.01411453 7.88450722 -41.49790452
v 149.51170942 8.54277080 -41.00514943
v 150.04635623 9.13818983 -40.47570281
v 150.61472495 9.66567733 -39.91286226
v 151.21315330 10.12006449 -39.32025446
v 151.83744966 10.49648907 -38.70203025
v 152.48282748 10.79088729 -38.06292962
v 153.14400052 11.00043098 -37.40818741
v 153.81540841 11.12376472 -36.74330989
v 154.49149430 11.16096281 -36.07379987
v 155.16693926 11.11321924 -35.40492456
v 155.83677625 10.98237444 -34.74160266
v 156.49635444 10.77043716 -34.08843978
v 157.14118250 10.47925973 -33.44988358
v 157.76672740 10.11047053 -32.83042297
v 158.36826365 9.66567733 -32.23473749
v 158.94085043 9.14686118 -31.66771992
v 159.47946664 8.55681629 -31.13434250
v 159.97927413 7.89947776 -30.63939633
v 160.43592825 7.18002139 -30.18718380
v 160.84583338 6.40470115 -29.78126557
v 161.20625579 5.58048141 -29.42434877
v 161.51525434 4.71458983 -29.11835566
v 161.77145278 3.81413862 -28.86464910
v 161.97373421 2.88592994 -28.66433514
v 162.12096738 1.93648893 -28.51853402
v 162.21186547 0.97228070 -28.42852004
v 163.65708413 0.00000000 -29.81206368
v 163.63103818 -0.97396787 -29.83785630
v 163.54517111 -1.94116201 -29.92288819
v 163.39946853 -2.89361060 -30.06717362
v 163.19488148 -3.82334279 -30.26977078
v 162.93335447 -4.72277095 -30.52875407
v 162.61766845 -5.58500167 -30.84136960
v 162.25115181 -6.40396864 -31.20432136
v 161.83735508 -7.17434549 -31.61409334
v 161.37979379 -7.89127904 -32.06720422
v 160.88183613 -8.55005202 -32.56031854
v 160.34675858 -9.14581504 -33.09019172
v 159.77793199 -9.67350666 -33.65348568
v 159.17905587 -10.12801499 -34.24653690
v 158.55434367 -10.50454798 -34.86517290
v 157.90858333 -10.79910179 -35.50465233
v 157.24704494 -11.00887680 -36.15975634
v 156.57526480 -11.13250374 -36.82500248
v 155.89877985 -11.17000335 -37.49490767
v 155.22290326 -11.12249248 -38.16421043
v 154.55261414 -10.99173500 -38.82798006
v 153.89258952 -10.77968764 -39.48158502
v 153.24735099 -10.48819146 -40.12054771
v 152.62145373 -10.11890705 -40.74035725
v 152.01962771 -9.67350666 -41.33632967
v 151.44679754 -9.15404711 -41.90358827
v 150.90795241 -8.56338597 -42.43719239
v 150.40789465 -7.90549118 -42.93238639
v 149.95094332 -7.18553401 -43.38489324
v 149.54069019 -6.40973279 -43.79115609
v 149.17989126 -5.58500167 -44.14844574
v 148.87053131 -4.71852385 -44.45479674
v 148.61403891 -3.81738950 -44.70879439
v 148.41157559 -2.88840860 -44.90928848
v 148.26429471 -1.93813944 -45.05513685
v 148.17347501 -0.97309200 -45.14507320
v 148.14047558 -0.00000000 -45.17775167
v 148.16652153 0.97396787 -45.15195905
v 148.25238859 1.94116201 -45.06692716
v 148.39809118 2.89361060 -44.92264173
v 148.60267823 3.82334279 -44.72004457
v 148.86420524 4.72277095 -44.46106128
v 149.17989126 5.58500167 -44.14844574
v 149.54640790 6.40396864 -43.78549398
v 149.96020463 7.17434549 -43.37572200
v 150.41776592 7.89127904 -42.92261113
v 150.91572357 8.55005202 -42.42949681
v 151.45080113 9.14581504 -41.89962363
v 152.01962771 9.67350666 -41.33632967
v 152.61850384 10.12801499 -40.74327845
v 153.24321604 10.50454798 -40.12464244
v 153.88897638 10.79910179 -39.48516302
v 154.55051477 11.00887680 -38.83005901
v 155.22229491 11.13250374 -38.16481286
v 155.89877985 11.17000335 -37.49490767
v 156.57465645 11.12249248 -36.82560492
v 157.24494557 10.99173500 -36.16183529
v 157.90497019 10.77968764 -35.50823032
v 158.55020872 10.48819146 -34.86926764
v 159.17610598 10.11890705 -34.24945810
v 159.77793199 9.67350666 -33.65348568
v 160.35076217 9.15404711 -33.08622707
v 160.88960730 8.56338597 -32.55262296
v 161.38966505 7.90549118 -32.05742896
v 161.84661639 7.18553401 -31.60492211
v 162.25686952 6.40973279 -31.19865926
v 162.61766845 5.58500167 -30.84136960
v 162.92702840 4.71852385 -30.53501860
v 163.18352079 3.81738950 -30.28102096
v 163.38598412 2.88840860 -30.08052687
v 163.53326500 1.93813944 -29.93467850
v 163.62408470 0.97309200 -29.84474215
v 165.07223928 0.00000000 -31.22537843
v 165.04585533 -0.97392804 -31.25150576
v 164.95967924 -1.94102546 -31.33684367
v 164.81375813 -2.89337588 -31.48134549
v 164.60905872 -3.82307384 -31.68405391
v 164.34749204 -4.72257779 -31.94307650
v 164.03176927 -5.58499808 -32.25572842
v 163.66513706 -6.40422255 -32.61879462
v 163.25107939 -7.17484172 -33.02882501
v 162.79308130 -7.89191016 -33.48236843
v 162.29452445 -8.55064340 -33.97607612
v 161.75873532 -9.14617766 -34.50665396
v 161.18915234 -9.67350044 -35.07069695
v 160.58953657 -10.12760076 -35.66448063
v 159.96413759 -10.50380904 -36.28379673
v 159.31774561 -10.79822578 -36.92390165
v 158.65560402 -11.00810238 -37.57960299
v 157.98320928 -11.13204844 -38.24545776
v 157.30606541 -11.16999616 -38.91601547
v 156.62947598 -11.12293348 -39.58602413
v 155.95844014 -10.99249527 -40.25053321
v 155.29767820 -10.78054977 -40.90486833
v 154.65176179 -10.48891690 -41.54450230
v 154.02528276 -10.11930825 -42.16488795
v 153.42297847 -9.67350044 -42.76133400
v 152.84974665 -9.15367272 -43.32899034
v 152.31052376 -8.56278358 -43.86296853
v 151.81005288 -7.90484990 -44.35857164
v 151.35261071 -7.18502854 -44.81156455
v 150.94178265 -6.40947064 -45.21839674
v 150.58036154 -5.58499808 -45.57630253
v 150.27040432 -4.71871093 -45.88324498
v 150.01342616 -3.81765354 -46.13772367
v 149.81066230 -2.88863960 -46.33851537
v 149.66330275 -1.93827350 -46.48444165
v 149.57261285 -0.97313058 -46.57424946
v 149.53989153 -0.00000000 -46.60665252
v 149.56627548 0.97392804 -46.58052519
v 149.65245158 1.94102546 -46.49518728
v 149.79837268 2.89337588 -46.35068546
v 150.00307209 3.82307384 -46.14797703
v 150.26463877 4.72257779 -45.88895445
v 150.58036154 5.58499808 -45.57630253
v 150.94699375 6.40422255 -45.21323632
v 151.36105142 7.17484172 -44.80320594
v 151.81904951 7.89191016 -44.34966252
v 152.31760636 8.55064340 -43.85595482
v 152.85339549 9.14617766 -43.32537698
v 153.42297847 9.67350044 -42.76133400
v 154.02259424 10.12760076 -42.16755032
v 154.64799322 10.50380904 -41.54823422
v 155.29438520 10.79822578 -40.90812929
v 155.95652679 11.00810238 -40.25242795
v 156.62892153 11.13204844 -39.58657318
v 157.30606541 11.16999616 -38.91601547
v 157.98265483 11.12293348 -38.24600682
v 158.65369067 10.99249527 -37.58149774
v 159.31445262 10.78054977 -36.92716262
v 159.96036902 10.48891690 -36.28752865
v 160.58684805 10.11930825 -35.66714300
v 161.18915234 9.67350044 -35.07069695
v 161.76238417 9.15367272 -34.50304060
v 162.30160705 8.56278358 -33.96906241
v 162.80207793 7.90484990 -33.47345931
v 163.25952010 7.18502854 -33.02046639
v 163.67034816 6.40947064 -32.61363421
v 164.03176927 5.58499808 -32.25572842
v 164.34172649 4.71871093 -31.94878596
v 164.59870465 3.81765354 -31.69430727
v 164.80146851 2.88863960 -31.49351557
v 164.94882806 1.93827350 -31.34758930
v 165.03951796 0.97313058 -31.25778149
v 166.48409659 0.00000000 -32.64195893
v 166.45751599 -0.97307066 -32.66828100
v 166.37116016 -1.93928353 -32.75379690
v 166.22511205 -2.89076118 -32.89842449
v 166.02034746 -3.81964290 -33.10119746
v 165.75875793 -4.71842035 -33.36024267
v 165.44301408 -5.58021192 -33.67291547
v 165.07631498 -6.39888411 -34.03604792
v 164.66210586 -7.16898383 -34.44622828
v 164.20385405 -7.88551633 -34.90002295
v 163.70494900 -8.54366224 -35.39407545
v 163.16874633 -9.13855358 -35.92506281
v 162.59872377 -9.66521056 -36.48954110
v 161.99867818 -10.11868509 -37.08375042
v 161.37288018 -10.49438262 -37.70346166
v 160.72612128 -10.78846761 -38.34392994
v 160.06362933 -10.99822340 -38.99997823
v 159.39087761 -11.12224851 -39.66618651
v 158.71335096 -11.16042384 -40.33712327
v 158.03634739 -11.11366161 -41.00754204
v 157.36487770 -10.98352045 -41.67248076
v 156.70368735 -10.77181563 -42.32724011
v 156.05737711 -10.48035323 -42.96726408
v 155.43056016 -10.11087298 -43.58798437
v 154.82797814 -9.66521056 -44.18470544
v 154.25451315 -9.14561443 -44.75259268
v 153.71507098 -8.55509910 -45.28678804
v 153.21436018 -7.89770643 -45.78262872
v 152.75663283 -7.17858050 -46.23590404
v 152.34547063 -6.40382816 -46.64306711
v 151.98368783 -5.58021192 -47.00133107
v 151.67338337 -4.71477750 -47.30861739
v 151.41612280 -3.81453662 -47.56337575
v 151.21318426 -2.88629930 -47.76434043
v 151.06577907 -1.93669100 -47.91031190
v 150.97516479 -0.97231940 -48.00004483
v 150.94260532 -0.00000000 -48.03228761
v 150.96918593 0.97307066 -48.00596554
v 151.05554175 1.93928353 -47.92044965
v 151.20158986 2.89076118 -47.77582205
v 151.40635446 3.81964290 -47.57304908
v 151.66794399 4.71842035 -47.31400387
v 151.98368783 5.58021192 -47.00133107
v 152.35038694 6.39888411 -46.63819863
v 152.76459606 7.16898383 -46.22801827
v 153.22284787 7.88551633 -45.77422359
v 153.72175292 8.54366224 -45.28017109
v 154.25795559 9.13855358 -44.74918373
v 154.82797814 9.66521056 -44.18470544
v 155.42802373 10.11868509 -43.59049613
v 156.05382173 10.49438262 -42.97078488
v 156.70058064 10.78846761 -42.33031660
v 157.36307258 10.99822340 -41.67426831
v 158.03582431 11.12224851 -41.00806003
v 158.71335096 11.16042384 -40.33712327
v 159.39035452 11.11366161 -39.66670451
v 160.06182422 10.98352045 -39.00176579
v 160.72301457 10.77181563 -38.34700643
v 161.36932480 10.48035323 -37.70698246
v 161.99614175 10.11087298 -37.08626217
v 162.59872377 9.66521056 -36.48954110
v 163.17218876 9.14561443 -35.92165386
v 163.71163094 8.55509910 -35.38745851
v 164.21234173 7.89770643 -34.89161782
v 164.67006908 7.17858050 -34.43834251
v 165.08123128 6.40382816 -34.03117943
v 165.44301408 5.58021192 -33.67291547
v 165.75331854 4.71477750 -33.36562915
v 166.01057912 3.81453662 -33.11087079
v 166.21351766 2.88629930 -32.90990611
v 166.36092284 1.93669100 -32.76393465
v 166.45153713 0.97231940 -32.67420171
v 167.89303849 0.00000000 -34.06142649
v 167.86638659 -0.97356952 -34.08781917
v 167.77996561 -1.94026571 -34.17339958
v 167.63387147 -2.89221870 -34.31807275
v 167.42908328 -3.82157742 -34.52086910
v 167.16748551 -4.72083933 -34.77992246
v 166.85173408 -5.58312002 -35.09260278
v 166.48501078 -6.40227314 -35.45575918
v 166.07074681 -7.17282529 -35.86599385
v 165.61240308 -7.88975969 -36.31987955
v 165.11337187 -8.54824031 -36.81405699
v 164.57701935 -9.14339363 -37.34519275
v 164.00683750 -9.67024754 -37.90982878
v 163.40663617 -10.12387261 -38.50419232
v 162.78069359 -10.49969767 -39.12404674
v 162.13380175 -10.79390712 -39.76464666
v 161.47118288 -11.00379362 -40.42082063
v 160.79830183 -11.12795053 -41.08715698
v 160.12063651 -11.16624004 -41.75823107
v 159.44348290 -11.11954773 -42.42879842
v 158.77185600 -10.98940591 -43.09389281
v 158.11051043 -10.77761216 -43.74880588
v 157.46405751 -10.48596908 -44.38897115
v 156.83711813 -10.11622800 -45.00981267
v 156.23443552 -9.67024754 -45.60663336
v 155.66088608 -9.15030309 -46.17460423
v 155.12136449 -8.55943196 -46.70887823
v 154.62056679 -7.90168842 -47.20480498
v 154.16273611 -7.18221620 -47.65818261
v 153.75145283 -6.40711120 -48.06546559
v 153.38953894 -5.58312002 -48.42385936
v 153.07910863 -4.71727459 -48.73127031
v 152.82174570 -3.81658062 -48.98613003
v 152.61874386 -2.88785247 -49.18715740
v 152.47132215 -1.93772876 -49.33314522
v 152.38073530 -0.97283437 -49.42285099
v 152.34823452 -0.00000000 -49.45503565
v 152.37488642 0.97356952 -49.42864297
v 152.46130740 1.94026571 -49.34306256
v 152.60740154 2.89221870 -49.19838939
v 152.81218974 3.82157742 -48.99559304
v 153.07378750 4.72083933 -48.73653968
v 153.38953894 5.58312002 -48.42385936
v 153.75626224 6.40227314 -48.06070296
v 154.17052620 7.17282529 -47.65046829
v 154.62886993 7.88975969 -47.19658259
v 155.12790115 8.54824031 -46.70240515
v 155.66425367 9.14339363 -46.17126939
v 156.23443552 9.67024754 -45.60663336
v 156.83463685 10.12387261 -45.01226982
v 157.46057943 10.49969767 -44.39241540
v 158.10747127 10.79390712 -43.75181548
v 158.77009013 11.00379362 -43.09564151
v 159.44297119 11.12795053 -42.42930516
v 160.12063651 11.16624004 -41.75823107
v 160.79779012 11.11954773 -41.08766372
v 161.46941701 10.98940591 -40.42256933
v 162.13076259 10.77761216 -39.76765626
v 162.77721551 10.48596908 -39.12749099
v 163.40415488 10.11622800 -38.50664947
v 164.00683750 9.67024754 -37.90982878
v 164.58038694 9.15030309 -37.34185791
v 165.11990853 8.55943196 -36.80758391
v 165.62070623 7.90168842 -36.31165717
v 166.07853690 7.18221620 -35.85827953
v 166.48982019 6.40711120 -35.45099655
v 166.85173408 5.58312002 -35.09260278
v 167.16216439 4.71727459 -34.78519183
v 167.41952732 3.81658062 -34.53033211
v 167.62252916 2.88785247 -34.32930474
v 167.76995087 1.93772876 -34.18331692
v 167.86053772 0.97283437 -34.09361115
v 169.30430379 0.00000000 -35.47859325
v 169.27748047 -0.97305187 -35.50515568
v 169.19090286 -1.93920519 -35.59089120
v 169.04469810 -2.89062210 -35.73567392
v 168.83985324 -3.81948861 -35.93852638
v 168.57823576 -4.71832927 -36.19759926
v 168.26246619 -5.58026510 -36.51029754
v 167.89568485 -6.39912973 -36.87351141
v 167.48128918 -7.16941055 -37.28387651
v 167.02272460 -7.88604673 -37.73798091
v 166.52339022 -8.54417078 -38.23245858
v 165.98667757 -9.13890437 -38.76395095
v 165.41611293 -9.66530267 -39.32896606
v 164.81553733 -10.11848977 -39.92370022
v 164.18924736 -10.49395870 -40.54389865
v 163.54203613 -10.78794855 -41.18481486
v 162.87911233 -10.99777912 -41.84129080
v 162.20592057 -11.12203382 -42.50793484
v 161.52792206 -11.16053020 -43.17933887
v 160.85040792 -11.11408821 -43.85026325
v 160.17840329 -10.98417422 -44.51573169
v 159.51668474 -10.77254017 -45.17101411
v 158.86988897 -10.48097705 -45.81151889
v 158.24265547 -10.11126109 -46.43265168
v 157.63973119 -9.66530267 -47.02971168
v 157.06597892 -9.14543789 -47.59788341
v 156.52626656 -8.55475351 -48.13234632
v 156.02526009 -7.89732645 -48.62847981
v 155.56718115 -7.17829052 -49.08210329
v 155.15560686 -6.40370455 -49.48967445
v 154.79337793 -5.58026510 -49.84838020
v 154.48264512 -4.71495848 -50.15609070
v 154.22503617 -3.81476367 -50.41119405
v 154.02188220 -2.88649344 -50.61237207
v 153.87442082 -1.93680628 -50.75839918
v 153.78389996 -0.97235672 -50.84803960
v 153.75154033 -0.00000000 -50.88008449
v 153.77836365 0.97305187 -50.85352206
v 153.86494126 1.93920519 -50.76778654
v 154.01114602 2.89062210 -50.62300382
v 154.21599088 3.81948861 -50.42015136
v 154.47760836 4.71832927 -50.16107848
v 154.79337793 5.58026510 -49.84838020
v 155.16015927 6.39912973 -49.48516632
v 155.57455494 7.16941055 -49.07480122
v 156.03311952 7.88604673 -48.62069682
v 156.53245390 8.54417078 -48.12621916
v 157.06916655 9.13890437 -47.59472679
v 157.63973119 9.66530267 -47.02971168
v 158.24030679 10.11848977 -46.43497752
v 158.86659676 10.49395870 -45.81477909
v 159.51380799 10.78794855 -45.17386288
v 160.17673179 10.99777912 -44.51738693
v 160.84992355 11.12203382 -43.85074290
v 161.52792206 11.16053020 -43.17933887
v 162.20543620 11.11408821 -42.50841449
v 162.87744083 10.98417422 -41.84294605
v 163.53915938 10.77254017 -41.18766363
v 164.18595515 10.48097705 -40.54715885
v 164.81318865 10.11126109 -39.92602606
v 165.41611293 9.66530267 -39.32896606
v 165.98986520 9.14543789 -38.76079433
v 166.52957756 8.55475351 -38.22633142
v 167.03058403 7.89732645 -37.73019793
v 167.48866297 7.17829052 -37.27657445
v 167.90023726 6.40370455 -36.86900329
v 168.26246619 5.58026510 -36.51029754
v 168.57319900 4.71495848 -36.20258704
v 168.83080795 3.81476367 -35.94748369
v 169.03396192 2.88649344 -35.74630567
v 169.18142330 1.93680628 -35.60027856
v 169.27194416 0.97235672 -35.51063814
v 170.71857293 0.00000000 -36.89278539
v 170.69144840 -0.97234880 -36.91964610
v 170.60459567 -1.93775337 -37.00565407
v 170.45819671 -2.88843037 -37.15062909
v 170.25325252 -3.81662909 -37.35357991
v 169.99160074 -4.71492007 -37.61268676
v 169.67579970 -5.57643234 -37.92541620
v 169.30891685 -6.39496316 -38.28873061
v 168.89429025 -7.16493007 -38.69932439
v 168.43533816 -7.88119396 -39.15381253
v 167.93547165 -8.53883115 -39.64881714
v 167.39812686 -9.13295389 -40.18093551
v 166.82689027 -9.65866414 -40.74661603
v 166.22565777 -10.11117871 -41.34200071
v 165.59875813 -10.48610225 -41.96280288
v 164.95098647 -10.77976890 -42.60427406
v 164.28752765 -10.98954548 -43.26127982
v 163.61379075 -11.11399766 -43.92846369
v 162.93520761 -11.15286468 -44.60044667
v 162.25706078 -11.10685166 -45.27199758
v 161.58439324 -10.97730973 -45.93812249
v 160.92202011 -10.76591116 -46.59405313
v 160.27462269 -10.47442703 -47.23515371
v 159.64687313 -10.10467750 -47.85679753
v 159.04352495 -9.65866414 -48.45427731
v 158.46941698 -9.13882991 -49.02280128
v 157.92937008 -8.54834887 -49.55759548
v 157.42799737 -7.89133853 -50.05409164
v 156.96948274 -7.17291639 -50.50814657
v 156.55739762 -6.39907759 -50.91622360
v 156.19461552 -5.57643234 -51.27547714
v 155.88335155 -4.71188850 -51.58371364
v 155.62531061 -3.81237966 -51.83924477
v 155.42188956 -2.88471720 -52.04068727
v 155.27435865 -1.93559588 -52.18678324
v 155.18395387 -0.97172361 -52.27630870
v 155.15184229 -0.00000000 -52.30810795
v 155.17896682 0.97234880 -52.28124724
v 155.26581956 1.93775337 -52.19523927
v 155.41221851 2.88843037 -52.05026425
v 155.61716270 3.81662909 -51.84731342
v 155.87881448 4.71492007 -51.58820657
v 156.19461552 5.57643234 -51.27547714
v 156.56149838 6.39496316 -50.91216273
v 156.97612498 7.16493007 -50.50156895
v 157.43507706 7.88119396 -50.04708081
v 157.93494357 8.53883115 -49.55207620
v 158.47228836 9.13295389 -49.01995783
v 159.04352495 9.65866414 -48.45427731
v 159.64475746 10.11117871 -47.85889263
v 160.27165709 10.48610225 -47.23809046
v 160.91942876 10.77976890 -46.59661927
v 161.58288757 10.98954548 -45.93961352
v 162.25662447 11.11399766 -45.27242965
v 162.93520761 11.15286468 -44.60044667
v 163.61335444 11.10685166 -43.92889576
v 164.28602198 10.97730973 -43.26277085
v 164.94839512 10.76591116 -42.60684021
v 165.59579254 10.47442703 -41.96573963
v 166.22354210 10.10467750 -41.34409580
v 166.82689027 9.65866414 -40.74661603
v 167.40099824 9.13882991 -40.17809205
v 167.94104515 8.54834887 -39.64329786
v 168.44241786 7.89133853 -39.14680169
v 168.90093248 7.17291639 -38.69274676
v 169.31301760 6.39907759 -38.28466974
v 169.67579970 5.57643234 -37.92541620
v 169.98706368 4.71188850 -37.61717970
v 170.24510461 3.81237966 -37.36164857
v 170.44852567 2.88471720 -37.16020607
v 170.59605658 1.93559588 -37.01411010
v 170.68646135 0.97172361 -36.92458464
v 172.13002277 0.00000000 -38.30976940
v 172.10271840 -0.97247152 -38.33680820
v 172.01570144 -1.93796773 -38.42297880
v 171.86918663 -2.88873341 -38.56806855
v 171.66418328 -3.81705128 -38.77107796
v 171.40251122 -4.71551513 -39.03020489
v 171.08669164 -5.57725495 -39.34295269
v 170.71974844 -6.39604287 -39.70632686
v 170.30498426 -7.16625167 -40.11705688
v 169.84580112 -7.88269275 -40.57177382
v 169.34561724 -8.54040618 -41.06709272
v 168.80789538 -9.13449588 -41.59958449
v 168.23625797 -9.66008895 -42.16566193
v 167.63463365 -10.11245483 -42.76143462
v 167.00737043 -10.48726221 -43.38259683
v 166.35926460 -10.78089986 -44.02439894
v 165.69548681 -10.99076113 -44.68172056
v 165.02142490 -11.11540034 -45.34922629
v 164.34249316 -11.15450991 -46.02155447
v 163.66396904 -11.10872692 -46.69347900
v 162.99090616 -10.97933455 -47.35999541
v 162.32814264 -10.76795855 -48.01631263
v 161.68038645 -10.47635909 -48.65776850
v 161.05232920 -10.10638355 -49.27971702
v 160.44872836 -9.66008895 -49.87744700
v 159.87440842 -9.13998331 -50.44618088
v 159.33416216 -8.54929448 -50.98117250
v 158.83257113 -7.89216645 -51.47788485
v 158.37379669 -7.17370985 -51.93219707
v 157.96140684 -6.39988521 -52.34057586
v 157.59829469 -5.57725495 -52.70015624
v 157.28671377 -4.71268405 -53.00870660
v 157.02841507 -3.81308287 -53.26449299
v 156.82483468 -2.88526580 -53.46609327
v 156.67726237 -1.93595291 -53.61223024
v 156.58692698 -0.97188767 -53.70168699
v 156.55496356 -0.00000000 -53.73333953
v 156.58226793 0.97247152 -53.70630073
v 156.66928489 1.93796773 -53.62013013
v 156.81579970 2.88873341 -53.47504038
v 157.02080304 3.81705128 -53.27203098
v 157.28247510 4.71551513 -53.01290404
v 157.59829469 5.57725495 -52.70015624
v 157.96523789 6.39604287 -52.33678207
v 158.38000207 7.16625167 -51.92605205
v 158.83918520 7.88269275 -51.47133511
v 159.33936909 8.54040618 -50.97601621
v 159.87709095 9.13449588 -50.44352444
v 160.44872836 9.66008895 -49.87744700
v 161.05035268 10.11245483 -49.28167432
v 161.67761590 10.48726221 -48.66051210
v 162.32572173 10.78089986 -48.01871000
v 162.98949952 10.99076113 -47.36138837
v 163.66356143 11.11540034 -46.69388265
v 164.34249316 11.15450991 -46.02155447
v 165.02101728 11.10872692 -45.34962994
v 165.69408017 10.97933455 -44.68311353
v 166.35684368 10.76795855 -44.02679631
v 167.00459988 10.47635909 -43.38534044
v 167.63265713 10.10638355 -42.76339192
v 168.23625797 9.66008895 -42.16566193
v 168.81057791 9.13998331 -41.59692805
v 169.35082417 8.54929448 -41.06193644
v 169.85241519 7.89216645 -40.56522408
v 170.31118963 7.17370985 -40.11091186
v 170.72357949 6.39988521 -39.70253307
v 171.08669164 5.57725495 -39.34295269
v 171.39827256 4.71268405 -39.03440233
v 171.65657126 3.81308287 -38.77861594
v 171.86015164 2.88526580 -38.57701566
v 172.00772396 1.93595291 -38.43087869
v 172.09805934 0.97188767 -38.34142194
v 173.54157404 0.00000000 -39.72665298
v 173.51408525 -0.97265133 -39.75387439
v 173.42689994 -1.93829510 -39.84021171
v 173.28026641 -2.88920452 -39.98541902
v 173.07520253 -3.81769609 -40.18848838
v 172.81350982 -4.71638703 -40.44763576
v 172.49767140 -5.57840793 -40.76040221
v 172.13066654 -6.39750481 -41.12383744
v 171.71576152 -7.16800430 -41.53470693
v 171.25634173 -7.88466677 -41.98965822
v 170.75583269 -8.54249488 -42.48529912
v 170.21772447 -9.13658375 -43.01817349
v 169.64567638 -9.66208596 -43.58465762
v 169.04365063 -10.11432462 -44.18082784
v 168.41601494 -10.48903381 -44.80235890
v 167.76756681 -10.78265805 -45.44449996
v 167.10346232 -10.99261779 -46.10214511
v 166.42906752 -11.11745558 -46.76998049
v 165.74977871 -11.15681586 -47.44266227
v 165.07086810 -11.11126604 -48.11496953
v 164.39740020 -10.98201973 -48.78188702
v 163.73423676 -10.77065510 -49.43860027
v 163.08611303 -10.47892126 -50.08042010
v 162.45774064 -10.10869356 -50.70268070
v 161.85388105 -9.66208596 -51.30066691
v 161.27934409 -9.14167329 -51.86961571
v 160.73889371 -8.55073870 -52.40480945
v 160.23707912 -7.89345353 -52.90174320
v 159.77803851 -7.17492169 -53.35631900
v 159.36533641 -6.40106855 -53.76500700
v 159.00188603 -5.57840793 -54.12492232
v 158.68998027 -4.71376122 -54.43379436
v 158.43141740 -3.81401543 -54.68984236
v 158.22767374 -2.88598834 -54.89160432
v 158.08005906 -1.93642638 -55.03778325
v 157.98979488 -0.97210982 -55.12716948
v 157.95798339 -0.00000000 -55.15867155
v 157.98547217 0.97265133 -55.13145014
v 158.07265749 1.93829510 -55.04511282
v 158.21929102 2.88920452 -54.89990551
v 158.42435490 3.81769609 -54.69683615
v 158.68604761 4.71638703 -54.43768878
v 159.00188603 5.57840793 -54.12492232
v 159.36889089 6.39750481 -53.76148709
v 159.78379591 7.16800430 -53.35061761
v 160.24321570 7.88466677 -52.89566631
v 160.74372474 8.54249488 -52.40002541
v 161.28183296 9.13658375 -51.86715104
v 161.85388105 9.66208596 -51.30066691
v 162.45590680 10.11432462 -50.70449670
v 163.08354249 10.48903381 -50.08296564
v 163.73199062 10.78265805 -49.44082457
v 164.39609511 10.99261779 -48.78317942
v 165.07048991 11.11745558 -48.11534404
v 165.74977871 11.15681586 -47.44266227
v 166.42868933 11.11126604 -46.77035500
v 167.10215723 10.98201973 -46.10343752
v 167.76532067 10.77065510 -45.44672426
v 168.41344440 10.47892126 -44.80490443
v 169.04181679 10.10869356 -44.18264383
v 169.64567638 9.66208596 -43.58465762
v 170.22021334 9.14167329 -43.01570882
v 170.76066372 8.55073870 -42.48051508
v 171.26247831 7.89345353 -41.98358133
v 171.72151892 7.17492169 -41.52900553
v 172.13422102 6.40106855 -41.12031753
v 172.49767140 5.57840793 -40.76040221
v 172.80957716 4.71376122 -40.45153017
v 173.06814003 3.81401543 -40.19548218
v 173.27188369 2.88598834 -39.99372022
v 173.41949837 1.93642638 -39.84754129
v 173.50976255 0.97210982 -39.75815505
v 174.95588388 0.00000000 -41.14080480
v 174.92809104 -0.97245655 -41.16832732
v 174.84062820 -1.93785598 -41.25493946
v 174.69379909 -2.88852217 -41.40034045
v 174.48863564 -3.81683119 -41.60350840
v 174.22690924 -4.71544253 -41.86268916
v 173.91104017 -5.57749125 -42.17548595
v 173.54393411 -6.39668354 -42.53902141
v 173.12879738 -7.16727286 -42.95012035
v 172.66898792 -7.88393820 -43.40545752
v 172.16794332 -8.54162318 -43.90162877
v 171.62919867 -9.13541084 -44.43513338
v 171.05647408 -9.66049822 -45.00228743
v 170.45378712 -10.11229914 -45.59911242
v 169.82553802 -10.48665752 -46.22125093
v 169.17652628 -10.78011151 -46.86395013
v 168.51188390 -10.99012741 -47.52212794
v 167.83694101 -11.11522921 -48.19050606
v 167.15706427 -11.15498250 -48.86377007
v 166.47751718 -11.10983963 -49.53670761
v 165.80338227 -10.98089909 -50.20428563
v 165.13956018 -10.76965987 -50.86165112
v 164.49083121 -10.47785196 -51.50407030
v 163.86193994 -10.10739587 -52.12684473
v 163.25765446 -9.66049822 -52.72525270
v 162.68276035 -9.13984259 -53.29455516
v 162.14197408 -8.54880154 -53.83008153
v 161.63979145 -7.89158934 -54.32737974
v 161.18031252 -7.17329622 -54.78238960
v 160.76709604 -6.39978668 -55.19158697
v 160.40308836 -5.57749125 -55.55205418
v 160.09064734 -4.71315610 -55.86145627
v 159.83164915 -3.81362623 -56.11793534
v 159.62763653 -2.88572166 -56.31996366
v 159.47995216 -1.93622878 -56.46621160
v 159.38980553 -0.97198502 -56.55548142
v 159.35824465 -0.00000000 -56.58673533
v 159.38603749 0.97245655 -56.55921281
v 159.47350033 1.93785598 -56.47260067
v 159.62032944 2.88852217 -56.32719968
v 159.82549289 3.81683119 -56.12403173
v 160.08721930 4.71544253 -55.86485097
v 160.40308836 5.57749125 -55.55205418
v 160.77019443 6.39668354 -55.18851872
v 161.18533115 7.16727286 -54.77741978
v 161.64514061 7.88393820 -54.32208261
v 162.14618521 8.54162318 -53.82591136
v 162.68492986 9.13541084 -53.29240675
v 163.25765446 9.66049822 -52.72525270
v 163.86034141 10.11229914 -52.12842771
v 164.48859051 10.48665752 -51.50628920
v 165.13760226 10.78011151 -50.86359000
v 165.80224464 10.99012741 -50.20541219
v 166.47718752 11.11522921 -49.53703407
v 167.15706427 11.15498250 -48.86377007
v 167.83661135 11.10983963 -48.19083252
v 168.51074627 10.98089909 -47.52325450
v 169.17456835 10.76965987 -46.86588901
v 169.82329732 10.47785196 -46.22346983
v 170.45218860 10.10739587 -45.60069540
v 171.05647408 9.66049822 -45.00228743
v 171.63136819 9.13984259 -44.43298497
v 172.17215445 8.54880154 -43.89745860
v 172.67433708 7.89158934 -43.40016039
v 173.13381601 7.17329622 -42.94515053
v 173.54703249 6.39978668 -42.53595316
v 173.91104017 5.57749125 -42.17548595
v 174.22348119 4.71315610 -41.86608386
v 174.48247938 3.81362623 -41.60960479
v 174.68649200 2.88572166 -41.40757647
v 174.83417638 1.93622878 -41.26132854
v 174.92432300 0.97198502 -41.17205871
f 1 2 73
f 2 74 73
f 2 3 74
f 3 75 74
f 3 4 75
f 4 76 75
f 4 5 76
f 5 77 76
f 5 6 77
f 6 78 77
f 6 7 78
f 7 79 78
f 7 8 79
f 8 80 79
f 8 9 80
f 9 81 80
f 9 10 81
f 10 82 81
f 10 11 82
f 11 83 82
f 11 12 83
f 12 84 83
f 12 13 84
f 13 85 84
f 13 14 85
f 14 86 85
f 14 15 86
f 15 87 86
f 15 16 87
f 16 88 87
f 16 17 88
f 17 89 88
f 17 18 89
f 18 90 89
f 18 19 90
f 19 91 90
f 19 20 91
f 20 92 91
f 20 21 92
f 21 93 92
f 21 22 93
f 22 94 93
f 22 23 94
f 23 95 94
f 23 24 95
f 24 96 95
f 24 25 96
f 25 97 96
f 25 26 97
f 26 98 97
f 26 27 98
f 27 99 98
f 27 28 99
f 28 100 99
f 28 29 100
f 29 101 100
f 29 30 101
f 30 102 101
f 30 31 102
f 31 103 102
f 31 32 103
f 32 104 103
f 32 33 104
f 33 105 104
f 33 34 105
f 34 106 105
f 34 35 106
f 35 107 106
f 35 36 107
f 36 108 107
f 36 37 108
f 37 109 108
f 37 38 109
f 38 110 109
f 38 39 110
f 39 111 110
f 39 40 111
f 40 112 111
f 40 41 112
f 41 113 112
f 41 42 113
f 42 114 113
f 42 43 114
f 43 115 114
f 43 44 115
f 44 116 115
f 44 45 116
f 45 117 116
f 45 46 117
f 46 118 117
f 46 47 118
f 47 119 118
f 47 48 119
f 48 120 119
f 48 49 120
f 49 121 120
f 49 50 121
f 50 122 121
f 50 51 122
f 51 123 122
f 51 52 123
f 52 124 123
f 52 53 124
f 53 125 124
f 53 54 125
f 54 126 125
f 54 55 126
f 55 127 126
f 55 56 127
f 56 128 127
f 56 57 128
f 57 129 128
f 57 58 129
f 58 130 129
f 58 59 130
f 59 131 130
f 59 60 131
f 60 132 131
f 60 61 132
f 61 133 132
f 61 62 133
f 62 134 133
f 62 63 134
f 63 135 134
f 63 64 135
f 64 136 135
f 64 65 136
f 65 137 136
f 65 66 137
f 66 138 137
f 66 67 138
f 67 139 138
f 67 68 139
f 68 140 139
f 68 69 140
f 69 141 140
f 69 70 141
f 70 142 141
f 70 71 142
f 71 143 142
f 71 72 143
f 72 144 143
f 72 1 144
f 1 73 144
f 73 74 145
f 74 146 145
f 74 75 146
f 75 147 146
f 75 76 147
f 76 148 147
f 76 77 148
f 77 149 148
f 77 78 149
f 78 150 149
f 78 79 150
f 79 151 150
f 79 80 151
f 80 152 151
f 80 81 152
f 81 153 152
f 81 82 153
f 82 154 153
f 82 83 154
f 83 155 154
f 83 84 155
f 84 156 155
f 84 85 156
f 85 157 156
f 85 86 157
f 86 158 157
f 86 87 158
f 87 159 158
f 87 88 159
f 88 160 159
f 88 89 160
f 89 161 160
f 89 90 161
f 90 162 161
f 90 91 162
f 91 163 162
f 91 92 163
f 92 164 163
f 92 93 164
f 93 165 164
f 93 94 165
f 94 166 165
f 94 95 166
f 95 167 166
f 95 96 167
f 96 168 167
f 96 97 168
f 97 169 168
f 97 98 169
f 98 170 169
f 98 99 170
f 99 171 170
f 99 100 171
f 100 172 171
f 100 101 172
f 101 173 172
f 101 102 173
f 102 174 173
f 102 103 174
f 103 175 174
f 103 104 175
f 104 176 175
f 104 105 176
f 105 177 176
f 105 106 177
f 106 178 177
f 106 107 178
f 107 179 178
f 107 108 179
f 108 180 179
f 108 109 180
f 109 181 180
f 109 110 181
f 110 182 181
f 110 111 182
f 111 183 182
f 111 112 183
f 112 184 183
f 112 113 184
f 113 185 184
f 113 114 185
f 114 186 185
f 114 115 186
f 115 187 186
f 115 116 187
f 116 188 187
f 116 117 188
f 117 189 188
f 117 118 189
f 118 190 189
f 118 119 190
f 119 191 190
f 119 120 191
f 120 192 191
f 120 121 192
f 121 193 192
f 121 122 193
f 122 194 193
f 122 123 194
f 123 195 194
f 123 124 195
f 124 196 195
f 124 125 196
f 125 197 196
f 125 126 197
f 126 198 197
f 126 127 198
f 127 199 198
f 127 128 199
f 128 200 199
f 128 129 200
f 129 201 200
f 129 130 201
f 130 202 201
f 130 131 202
f 131 203 202
f 131 132 203
f 132 204 203
f 132 133 204
f 133 205 204
f 133 134 205
f 134 206 205
f 134 135 206
f 135 207 206
f 135 136 207
f 136 208 207
f 136 137 208
f 137 209 208
f 137 138 209
f 138 210 209
f 138 139 210
f 139 211 210
f 139 140 211
f 140 212 211
f 140 141 212
f 141 213 212
f 141 142 213
f 142 214 213
f 142 143 214
f 143 215 214
f 143 144 215
f 144 216 215
f 144 73 216
f 73 145 216
f 145 146 217
f 146 218 217
f 146 147 218
f 147 219 218
f 147 148 219
f 148 220 219
f 148 149 220
f 149 221 220
f 149 150 221
f 150 222 221
f 150 151 222
f 151 223 222
f 151 152 223
f 152 224 223
f 152 153 224
f 153 225 224
f 153 154 225
f 154 226 225
f 154 155 226
f 155 227 226
f 155 156 227
f 156 228 227
f 156 157 228
f 157 229 228
f 157 158 229
f 158 230 229
f 158 159 230
f 159 231 230
f 159 160 231
f 160 232 231
f 160 161 232
f 161 233 232
f 161 162 233
f 162 234 233
f 162 163 234
f 163 235 234
f 163 164 235
f 164 236 235
f 164 165 236
f 165 237 236
f 165 166 237
f 166 238 237
f 166 167 238
f 167 239 238
f 167 168 239
f 168 240 239
f 168 169 240
f 169 241 240
f 169 170 241
f 170 242 241
f 170 171 242
f 171 243 242
f 171 172 243
f 172 244 243
f 172 173 244
f 173 245 244
f 173 174 245
f 174 246 245
f 174 175 246
f 175 247 246
f 175 176 247
f 176 248 247
f 176 177 248
f 177 249 248
f 177 178 249
f 178 250 249
f 178 179 250
f 179 251 250
f 179 180 251
f 180 252 251
f 180 181 252
f 181 253 252
f 181 182 253
f 182 254 253
f 182 183 254
f 183 255 254
f 183 184 255
f 184 256 255
f 184 185 256
f 185 257 256
f 185 186 257
f 186 258 257
f 186 187 258
f 187 259 258
f 187 188 259
f 188 260 259
f 188 189 260
f 189 261 260
f 189 190 261
f 190 262 261
f 190 191 262
f 191 263 262
f 191 192 263
f 192 264 263
f 192 193 264
f 193 265 264
f 193 194 265
f 194 266 265
f 194 195 266
f 195 267 266
f 195 196 267
f 196 268 267
f 196 197 268
f 197 269 268
f 197 198 269
f 198 270 269
f 198 199 270
f 199 271 270
f 199 200 271
f 200 272 271
f 200 201 272
f 201 273 272
f 201 202 273
f 202 274 273
f 202 203 274
f 203 275 274
f 203 204 275
f 204 276 275
f 204 205 276
f 205 277 276
f 205 206 277
f 206 278 277
f 206 207 278
f 207 279 278
f 207 208 279
f 208 280 279
f 208 209 280
f 209 281 280
f 209 210 281
f 210 282 281
f 210 211 282
f 211 283 282
f 211 212 283
f 212 284 283
f 212 213 284
f 213 285 284
f 213 214 285
f 214 286 285
f 214 215 286
f 215 287 286
f 215 216 287
f 216 288 287
f 216 145 288
f 145 217 288
f 217 218 289
f 218 290 289
f 218 219 290
f 219 291 290
f 219 220 291
f 220 292 291
f 220 221 292
f 221 293 292
f 221 222 293
f 222 294 293
f 222 223 294
f 223 295 294
f 223 224 295
f 224 296 295
f 224 225 296
f 225 297 296
f 225 226 297
f 226 298 297
f 226 227 298
f 227 299 298
f 227 228 299
f 228 300 299
f 228 229 300
f 229 301 300
f 229 230 301
f 230 302 301
f 230 231 302
f 231 303 302
f 231 232 303
f 232 304 303
f 232 233 304
f 233 305 304
f 233 234 305
f 234 306 305
f 234 235 306
f 235 307 306
f 235 236 307
f 236 308 307
f 236 237 308
f 237 309 308
f 237 238 309
f 238 310 309
f 238 239 310
f 239 311 310
f 239 240 311
f 240 312 311
f 240 241 312
f 241 313 312
f 241 242 313
f 242 314 313
f 242 243 314
f 243 315 314
f 243 244 315
f 244 316 315
f 244 245 316
f 245 317 316
f 245 246 317
f 246 318 317
f 246 247 318
f 247 319 318
f 247 248 319
f 248 320 319
f 248 249 320
f 249 321 320
f 249 250 321
f 250 322 321
f 250 251 322
f 251 323 322
f 251 252 323
f 252 324 323
f 252 253 324
f 253 325 324
f 253 254 325
f 254 326 325
f 254 255 326
f 255 327 326
f 255 256 327
f 256 328 327
f 256 257 328
f 257 329 328
f 257 258 329
f 258 330 329
f 258 259 330
f 259 331 330
f 259 260 331
f 260 332 331
f 260 261 332
f 261 333 332
f 261 262 333
f 262 334 333
f 262 263 334
f 263 335 334
f 263 264 335
f 264 336 335
f 264 265 336
f 265 337 336
f 265 266 337
f 266 338 337
f 266 267 338
f 267 339 338
f 267 268 339
f 268 340 339
f 268 269 340
f 269 341 340
f 269 270 341
f 270 342 341
f 270 271 342
f 271 343 342
f 271 272 343
f 272 344 343
f 272 273 344
f 273 345 344
f 273 274 345
f 274 346 345
f 274 275 346
f 275 347 346
f 275 276 347
f 276 348 347
f 276 277 348
f 277 349 348
f 277 278 349
f 278 350 349
f 278 279 350
f 279 351 350
f 279 280 351
f 280 352 351
f 280 281 352
f 281 353 352
f 281 282 353
f 282 354 353
f 282 283 354
f 283 355 354
f 283 284 355
f 284 356 355
f 284 285 356
f 285 357 356
f 285 286 357
f 286 358 357
f 286 287 358
f 287 359 358
f 287 288 359
f 288 360 359
f 288 217 360
f 217 289 360
f 289 290 361
f 290 362 361
f 290 291 362
f 291 363 362
f 291 292 363
f 292 364 363
f 292 293 364
f 293 365 364
f 293 294 365
f 294 366 365
f 294 295 366
f 295 367 366
f 295 296 367
f 296 368 367
f 296 297 368
f 297 369 368
f 297 298 369
f 298 370 369
f 298 299 370
f 299 371 370
f 299 300 371
f 300 372 371
f 300 301 372
f 301 373 372
f 301 302 373
f 302 374 373
f 302 303 374
f 303 375 374
f 303 304 375
f 304 376 375
f 304 305 376
f 305 377 376
f 305 306 377
f 306 378 377
f 306 307 378
f 307 379 378
f 307 308 379
f 308 380 379
f 308 309 380
f 309 381 380
f 309 310 381
f 310 382 381
f 310 311 382
f 311 383 382
f 311 312 383
f 312 384 383
f 312 313 384
f 313 385 384
f 313 314 385
f 314 386 385
f 314 315 386
f 315 387 386
f 315 316 387
f 316 388 387
f 316 317 388
f 317 389 388
f 317 318 389
f 318 390 389
f 318 319 390
f 319 391 390
f 319 320 391
f 320 392 391
f 320 321 392
f 321 393 392
f 321 322 393
f 322 394 393
f 322 323 394
f 323 395 394
f 323 324 395
f 324 396 395
f 324 325 396
f 325 397 396
f 325 326 397
f 326 398 397
f 326 327 398
f 327 399 398
f 327 328 399
f 328 400 399
f 328 329 400
f 329 401 400
f 329 330 401
f 330 402 401
f 330 331 402
f 331 403 402
f 331 332 403
f 332 404 403
f 332 333 404
f 333 405 404
f 333 334 405
f 334 406 405
f 334 335 406
f 335 407 406
f 335 336 407
f 336 408 407
f 336 337 408
f 337 409 408
f 337 338 409
f 338 410 409
f 338 339 410
f 339 411 410
f 339 340 411
f 340 412 411
f 340 341 412
f 341 413 412
f 341 342 413
f 342 414 413
f 342 343 414
f 343 415 414
f 343 344 415
f 344 416 415
f 344 345 416
f 345 417 416
f 345 346 417
f 346 418 417
f 346 347 418
f 347 419 418
f 347 348 419
f 348 420 419
f 348 349 420
f 349 421 420
f 349 350 421
f 350 422 421
f 350 351 422
f 351 423 422
f 351 352 423
f 352 424 423
f 352 353 424
f 353 425 424
f 353 354 425
f 354 426 425
f 354 355 426
f 355 427 426
f 355 356 427
f 356 428 427
f 356 357 428
f 357 429 428
f 357 358 429
f 358 430 429
f 358 359 430
f 359 431 430
f 359 360 431
f 360 432 431
f 360 289 432
f 289 361 432
f 361 362 433
f 362 434 433
f 362 363 434
f 363 435 434
f 363 364 435
f 364 436 435
f 364 365 436
f 365 437 436
f 365 366 437
f 366 438 437
f 366 367 438
f 367 439 438
f 367 368 439
f 368 440 439
f 368 369 440
f 369 441 440
f 369 370 441
f 370 442 441
f 370 371 442
f 371 443 442
f 371 372 443
f 372 444 443
f 372 373 444
f 373 445 444
f 373 374 445
f 374 446 445
f 374 375 446
f 375 447 446
f 375 376 447
f 376 448 447
f 376 377 448
f 377 449 448
f 377 378 449
f 378 450 449
f 378 379 450
f 379 451 450
f 379 380 451
f 380 452 451
f 380 381 452
f 381 453 452
f 381 382 453
f 382 454 453
f 382 383 454
f 383 455 454
f 383 384 455
f 384 456 455
f 384 385 456
f 385 457 456
f 385 386 457
f 386 458 457
f 386 387 458
f 387 459 458
f 387 388 459
f 388 460 459
f 388 389 460
f 389 461 460
f 389 390 461
f 390 462 461
f 390 391 462
f 391 463 462
f 391 392 463
f 392 464 463
f 392 393 464
f 393 465 464
f 393 394 465
f 394 466 465
f 394 395 466
f 395 467 466
f 395 396 467
f 396 468 467
f 396 397 468
f 397 469 468
f 397 398 469
f 398 470 469
f 398 399 470
f 399 471 470
f 399 400 471
f 400 472 471
f 400 401 472
f 401 473 472
f 401 402 473
f 402 474 473
f 402 403 474
f 403 475 474
f 403 404 475
f 404 476 475
f 404 405 476
f 405 477 476
f 405 406 477
f 406 478 477
f 406 407 478
f 407 479 478
f 407 408 479
f 408 480 479
f 408 409 480
f 409 481 480
f 409 410 481
f 410 482 481
f 410 411 482
f 411 483 482
f 411 412 483
f 412 484 483
f 412 413 484
f 413 485 484
f 413 414 485
f 414 486 485
f 414 415 486
f 415 487 486
f 415 416 487
f 416 488 487
f 416 417 488
f 417 489 488
f 417 418 489
f 418 490 489
f 418 419 490
f 419 491 490
f 419 420 491
f 420 492 491
f 420 421 492
f 421 493 492
f 421 422 493
f 422 494 493
f 422 423 494
f 423 495 494
f 423 424 495
f 424 496 495
f 424 425 496
f 425 497 496
f 425 426 497
f 426 498 497
f 426 427 498
f 427 499 498
f 427 428 499
f 428 500 499
f 428 429 500
f 429 501 500
f 429 430 501
f 430 502 501
f 430 431 502
f 431 503 502
f 431 432 503
f 432 504 503
f 432 361 504
f 361 433 504
f 433 434 505
f 434 506 505
f 434 435 506
f 435 507 506
f 435 436 507
f 436 508 507
f 436 437 508
f 437 509 508
f 437 438 509
f 438 510 509
f 438 439 510
f 439 511 510
f 439 440 511
f 440 512 511
f 440 441 512
f 441 513 512
f 441 442 513
f 442 514 513
f 442 443 514
f 443 515 514
f 443 444 515
f 444 516 515
f 444 445 516
f 445 517 516
f 445 446 517
f 446 518 517
f 446 447 518
f 447 519 518
f 447 448 519
f 448 520 519
f 448 449 520
f 449 521 520
f 449 450 521
f 450 522 521
f 450 451 522
f 451 523 522
f 451 452 523
f 452 524 523
f 452 453 524
f 453 525 524
f 453 454 525
f 454 526 525
f 454 455 526
f 455 527 526
f 455 456 527
f 456 528 527
f 456 457 528
f 457 529 528
f 457 458 529
f 458 530 529
f 458 459 530
f 459 531 530
f 459 460 531
f 460 532 531
f 460 461 532
f 461 533 532
f 461 462 533
f 462 534 533
f 462 463 534
f 463 535 534
f 463 464 535
f 464 536 535
f 464 465 536
f 465 537 536
f 465 466 537
f 466 538 537
f 466 467 538
f 467 539 538
f 467 468 539
f 468 540 539
f 468 469 540
f 469 541 540
f 469 470 541
f 470 542 541
f 470 471 542
f 471 543 542
f 471 472 543
f 472 544 543
f 472 473 544
f 473 545 544
f 473 474 545
f 474 546 545
f 474 475 546
f 475 547 546
f 475 476 547
f 476 548 547
f 476 477 548
f 477 549 548
f 477 478 549
f 478 550 549
f 478 479 550
f 479 551 550
f 479 480 551
f 480 552 551
f 480 481 552
f 481 553 552
f 481 482 553
f 482 554 553
f 482 483 554
f 483 555 554
f 483 484 555
f 484 556 555
f 484 485 556
f 485 557 556
f 485 486 557
f 486 558 557
f 486 487 558
f 487 559 558
f 487 488 559
f 488 560 559
f 488 489 560
f 489 561 560
f 489 490 561
f 490 562 561
f 490 491 562
f 491 563 562
f 491 492 563
f 492 564 563
f 492 493 564
f 493 565 564
f 493 494 565
f 494 566 565
f 494 495 566
f 495 567 566
f 495 496 567
f 496 568 567
f 496 497 568
f 497 569 568
f 497 498 569
f 498 570 569
f 498 499 570
f 499 571 570
f 499 500 571
f 500 572 571
f 500 501 572
f 501 573 572
f 501 502 573
f 502 574 573
f 502 503 574
f 503 575 574
f 503 504 575
f 504 576 575
f 504 433 576
f 433 505 576
f 505 506 577
f 506 578 577
f 506 507 578
f 507 579 578
f 507 508 579
f 508 580 579
f 508 509 580
f 509 581 580
f 509 510 581
f 510 582 581
f 510 511 582
f 511 583 582
f 511 512 583
f 512 584 583
f 512 513 584
f 513 585 584
f 513 514 585
f 514 586 585
f 514 515 586
f 515 587 586
f 515 516 587
f 516 588 587
f 516 517 588
f 517 589 588
f 517 518 589
f 518 590 589
f 518 519 590
f 519 591 590
f 519 520 591
f 520 592 591
f 520 521 592
f 521 593 592
f 521 522 593
f 522 594 593
f 522 523 594
f 523 595 594
f 523 524 595
f 524 596 595
f 524 525 596
f 525 597 596
f 525 526 597
f 526 598 597
f 526 527 598
f 527 599 598
f 527 528 599
f 528 600 599
f 528 529 600
f 529 601 600
f 529 530 601
f 530 602 601
f 530 531 602
f 531 603 602
f 531 532 603
f 532 604 603
f 532 533 604
f 533 605 604
f 533 534 605
f 534 606 605
f 534 535 606
f 535 607 606
f 535 536 607
f 536 608 607
f 536 537 608
f 537 609 608
f 537 538 609
f 538 610 609
f 538 539 610
f 539 611 610
f 539 540 611
f 540 612 611
f 540 541 612
f 541 613 612
f 541 542 613
f 542 614 613
f 542 543 614
f 543 615 614
f 543 544 615
f 544 616 615
f 544 545 616
f 545 617 616
f 545 546 617
f 546 618 617
f 546 547 618
f 547 619 618
f 547 548 619
f 548 620 619
f 548 549 620
f 549 621 620
f 549 550 621
f 550 622 621
f 550 551 622
f 551 623 622
f 551 552 623
f 552 624 623
f 552 553 624
f 553 625 624
f 553 554 625
f 554 626 625
f 554 555 626
f 555 627 626
f 555 556 627
f 556 628 627
f 556 557 628
f 557 629 628
f 557 558 629
f 558 630 629
f 558 559 630
f 559 631 630
f 559 560 631
f 560 632 631
f 560 561 632
f 561 633 632
f 561 562 633
f 562 634 633
f 562 563 634
f 563 635 634
f 563 564 635
f 564 636 635
f 564 565 636
f 565 637 636
f 565 566 637
f 566 638 637
f 566 567 638
f 567 639 638
f 567 568 639
f 568 640 639
f 568 569 640
f 569 641 640
f 569 570 641
f 570 642 641
f 570 571 642
f 571 643 642
f 571 572 643
f 572 644 643
f 572 573 644
f 573 645 644
f 573 574 645
f 574 646 645
f 574 575 646
f 575 647 646
f 575 576 647
f 576 648 647
f 576 505 648
f 505 577 648
f 577 578 649
f 578 650 649
f 578 579 650
f 579 651 650
f 579 580 651
f 580 652 651
f 580 581 652
f 581 653 652
f 581 582 653
f 582 654 653
f 582 583 654
f 583 655 654
f 583 584 655
f 584 656 655
f 584 585 656
f 585 657 656
f 585 586 657
f 586 658 657
f 586 587 658
f 587 659 658
f 587 588 659
f 588 660 659
f 588 589 660
f 589 661 660
f 589 590 661
f 590 662 661
f 590 591 662
f 591 663 662
f 591 592 663
f 592 664 663
f 592 593 664
f 593 665 664
f 593 594 665
f 594 666 665
f 594 595 666
f 595 667 666
f 595 596 667
f 596 668 667
f 596 597 668
f 597 669 668
f 597 598 669
f 598 670 669
f 598 599 670
f 599 671 670
f 599 600 671
f 600 672 671
f 600 601 672
f 601 673 672
f 601 602 673
f 602 674 673
f 602 603 674
f 603 675 674
f 603 604 675
f 604 676 675
f 604 605 676
f 605 677 676
f 605 606 677
f 606 678 677
f 606 607 678
f 607 679 678
f 607 608 679
f 608 680 679
f 608 609 680
f 609 681 680
f 609 610 681
f 610 682 681
f 610 611 682
f 611 683 682
f 611 612 683
f 612 684 683
f 612 613 684
f 613 685 684
f 613 614 685
f 614 686 685
f 614 615 686
f 615 687 686
f 615 616 687
f 616 688 687
f 616 617 688
f 617 689 688
f 617 618 689
f 618 690 689
f 618 619 690
f 619 691 690
f 619 620 691
f 620 692 691
f 620 621 692
f 621 693 692
f 621 622 693
f 622 694 693
f 622 623 694
f 623 695 694
f 623 624 695
f 624 696 695
f 624 625 696
f 625 697 696
f 625 626 697
f 626 698 697
f 626 627 698
f 627 699 698
f 627 628 699
f 628 700 699
f 628 629 700
f 629 701 700
f 629 630 701
f 630 702 701
f 630 631 702
f 631 703 702
f 631 632 703
f 632 704 703
f 632 633 704
f 633 705 704
f 633 634 705
f 634 706 705
f 634 635 706
f 635 707 706
f 635 636 707
f 636 708 707
f 636 637 708
f 637 709 708
f 637 638 709
f 638 710 709
f 638 639 710
f 639 711 710
f 639 640 711
f 640 712 711
f 640 641 712
f 641 713 712
f 641 642 713
f 642 714 713
f 642 643 714
f 643 715 714
f 643 644 715
f 644 716 715
f 644 645 716
f 645 717 716
f 645 646 717
f 646 718 717
f 646 647 718
f 647 719 718
f 647 648 719
f 648 720 719
f 648 577 720
f 577 649 720
f 649 650 721
f 650 722 721
f 650 651 722
f 651 723 722
f 651 652 723
f 652 724 723
f 652 653 724
f 653 725 724
f 653 654 725
f 654 726 725
f 654 655 726
f 655 727 726
f 655 656 727
f 656 728 727
f 656 657 728
f 657 729 728
f 657 658 729
f 658 730 729
f 658 659 730
f 659 731 730
f 659 660 731
f 660 732 731
f 660 661 732
f 661 733 732
f 661 662 733
f 662 734 733
f 662 663 734
f 663 735 734
f 663 664 735
f 664 736 735
f 664 665 736
f 665 737 736
f 665 666 737
f 666 738 737
f 666 667 738
f 667 739 738
f 667 668 739
f 668 740 739
f 668 669 740
f 669 741 740
f 669 670 741
f 670 742 741
f 670 671 742
f 671 743 742
f 671 672 743
f 672 744 743
f 672 673 744
f 673 745 744
f 673 674 745
f 674 746 745
f 674 675 746
f 675 747 746
f 675 676 747
f 676 748 747
f 676 677 748
f 677 749 748
f 677 678 749
f 678 750 749
f 678 679 750
f 679 751 750
f 679 680 751
f 680 752 751
f 680 681 752
f 681 753 752
f 681 682 753
f 682 754 753
f 682 683 754
f 683 755 754
f 683 684 755
f 684 756 755
f 684 685 756
f 685 757 756
f 685 686 757
f 686 758 757
f 686 687 758
f 687 759 758
f 687 688 759
f 688 760 759
f 688 689 760
f 689 761 760
f 689 690 761
f 690 762 761
f 690 691 762
f 691 763 762
f 691 692 763
f 692 764 763
f 692 693 764
f 693 765 764
f 693 694 765
f 694 766 765
f 694 695 766
f 695 767 766
f 695 696 767
f 696 768 767
f 696 697 768
f 697 769 768
f 697 698 769
f 698 770 769
f 698 699 770
f 699 771 770
f 699 700 771
f 700 772 771
f 700 701 772
f 701 773 772
f 701 702 773
f 702 774 773
f 702 703 774
f 703 775 774
f 703 704 775
f 704 776 775
f 704 705 776
f 705 777 776
f 705 706 777
f 706 778 777
f 706 707 778
f 707 779 778
f 707 708 779
f 708 780 779
f 708 709 780
f 709 781 780
f 709 710 781
f 710 782 781
f 710 711 782
f 711 783 782
f 711 712 783
f 712 784 783
f 712 713 784
f 713 785 784
f 713 714 785
f 714 786 785
f 714 715 786
f 715 787 786
f 715 716 787
f 716 788 787
f 716 717 788
f 717 789 788
f 717 718 789
f 718 790 789
f 718 719 790
f 719 791 790
f 719 720 791
f 720 792 791
f 720 649 792
f 649 721 792
f 721 722 793
f 722 794 793
f 722 723 794
f 723 795 794
f 723 724 795
f 724 796 795
f 724 725 796
f 725 797 796
f 725 726 797
f 726 798 797
f 726 727 798
f 727 799 798
f 727 728 799
f 728 800 799
f 728 729 800
f 729 801 800
f 729 730 801
f 730 802 801
f 730 731 802
f 731 803 802
f 731 732 803
f 732 804 803
f 732 733 804
f 733 805 804
f 733 734 805
f 734 806 805
f 734 735 806
f 735 807 806
f 735 736 807
f 736 808 807
f 736 737 808
f 737 809 808
f 737 738 809
f 738 810 809
f 738 739 810
f 739 811 810
f 739 740 811
f 740 812 811
f 740 741 812
f 741 813 812
f 741 742 813
f 742 814 813
f 742 743 814
f 743 815 814
f 743 744 815
f 744 816 815
f 744 745 816
f 745 817 816
f 745 746 817
f 746 818 817
f 746 747 818
f 747 819 818
f 747 748 819
f 748 820 819
f 748 749 820
f 749 821 820
f 749 750 821
f 750 822 821
f 750 751 822
f 751 823 822
f 751 752 823
f 752 824 823
f 752 753 824
f 753 825 824
f 753 754 825
f 754 826 825
f 754 755 826
f 755 827 826
f 755 756 827
f 756 828 827
f 756 757 828
f 757 829 828
f 757 758 829
f 758 830 829
f 758 759 830
f 759 831 830
f 759 760 831
f 760 832 831
f 760 761 832
f 761 833 832
f 761 762 833
f 762 834 833
f 762 763 834
f 763 835 834
f 763 764 835
f 764 836 835
f 764 765 836
f 765 837 836
f 765 766 837
f 766 838 837
f 766 767 838
f 767 839 838
f 767 768 839
f 768 840 839
f 768 769 840
f 769 841 840
f 769 770 841
f 770 842 841
f 770 771 842
f 771 843 842
f 771 772 843
f 772 844 843
f 772 773 844
f 773 845 844
f 773 774 845
f 774 846 845
f 774 775 846
f 775 847 846
f 775 776 847
f 776 848 847
f 776 777 848
f 777 849 848
f 777 778 849
f 778 850 849
f 778 779 850
f 779 851 850
f 779 780 851
f 780 852 851
f 780 781 852
f 781 853 852
f 781 782 853
f 782 854 853
f 782 783 854
f 783 855 854
f 783 784 855
f 784 856 855
f 784 785 856
f 785 857 856
f 785 786 857
f 786 858 857
f 786 787 858
f 787 859 858
f 787 788 859
f 788 860 859
f 788 789 860
f 789 861 860
f 789 790 861
f 790 862 861
f 790 791 862
f 791 863 862
f 791 792 863
f 792 864 863
f 792 721 864
f 721 793 864
f 793 794 865
f 794 866 865
f 794 795 866
f 795 867 866
f 795 796 867
f 796 868 867
f 796 797 868
f 797 869 868
f 797 798 869
f 798 870 869
f 798 799 870
f 799 871 870
f 799 800 871
f 800 872 871
f 800 801 872
f 801 873 872
f 801 802 873
f 802 874 873
f 802 803 874
f 803 875 874
f 803 804 875
f 804 876 875
f 804 805 876
f 805 877 876
f 805 806 877
f 806 878 877
f 806 807 878
f 807 879 878
f 807 808 879
f 808 880 879
f 808 809 880
f 809 881 880
f 809 810 881
f 810 882 881
f 810 811 882
f 811 883 882
f 811 812 883
f 812 884 883
f 812 813 884
f 813 885 884
f 813 814 885
f 814 886 885
f 814 815 886
f 815 887 886
f 815 816 887
f 816 888 887
f 816 817 888
f 817 889 888
f 817 818 889
f 818 890 889
f 818 819 890
f 819 891 890
f 819 820 891
f 820 892 891
f 820 821 892
f 821 893 892
f 821 822 893
f 822 894 893
f 822 823 894
f 823 895 894
f 823 824 895
f 824 896 895
f 824 825 896
f 825 897 896
f 825 826 897
f 826 898 897
f 826 827 898
f 827 899 898
f 827 828 899
f 828 900 899
f 828 829 900
f 829 901 900
f 829 830 901
f 830 902 901
f 830 831 902
f 831 903 902
f 831 832 903
f 832 904 903
f 832 833 904
f 833 905 904
f 833 834 905
f 834 906 905
f 834 835 906
f 835 907 906
f 835 836 907
f 836 908 907
f 836 837 908
f 837 909 908
f 837 838 909
f 838 910 909
f 838 839 910
f 839 911 910
f 839 840 911
f 840 912 911
f 840 841 912
f 841 913 912
f 841 842 913
f 842 914 913
f 842 843 914
f 843 915 914
f 843 844 915
f 844 916 915
f 844 845 916
f 845 917 916
f 845 846 917
f 846 918 917
f 846 847 918
f 847 919 918
f 847 848 919
f 848 920 919
f 848 849 920
f 849 921 920
f 849 850 921
f 850 922 921
f 850 851 922
f 851 923 922
f 851 852 923
f 852 924 923
f 852 853 924
f 853 925 924
f 853 854 925
f 854 926 925
f 854 855 926
f 855 927 926
f 855 856 927
f 856 928 927
f 856 857 928
f 857 929 928
f 857 858 929
f 858 930 929
f 858 859 930
f 859 931 930
f 859 860 931
f 860 932 931
f 860 861 932
f 861 933 932
f 861 862 933
f 862 934 933
f 862 863 934
f 863 935 934
f 863 864 935
f 864 936 935
f 864 793 936
f 793 865 936
f 865 866 937
f 866 938 937
f 866 867 938
f 867 939 938
f 867 868 939
f 868 940 939
f 868 869 940
f 869 941 940
f 869 870 941
f 870 942 941
f 870 871 942
f 871 943 942
f 871 872 943
f 872 944 943
f 872 873 944
f 873 945 944
f 873 874 945
f 874 946 945
f 874 875 946
f 875 947 946
f 875 876 947
f 876 948 947
f 876 877 948
f 877 949 948
f 877 878 949
f 878 950 949
f 878 879 950
f 879 951 950
f 879 880 951
f 880 952 951
f 880 881 952
f 881 953 952
f 881 882 953
f 882 954 953
f 882 883 954
f 883 955 954
f 883 884 955
f 884 956 955
f 884 885 956
f 885 957 956
f 885 886 957
f 886 958 957
f 886 887 958
f 887 959 958
f 887 888 959
f 888 960 959
f 888 889 960
f 889 961 960
f 889 890 961
f 890 962 961
f 890 891 962
f 891 963 962
f 891 892 963
f 892 964 963
f 892 893 964
f 893 965 964
f 893 894 965
f 894 966 965
f 894 895 966
f 895 967 966
f 895 896 967
f 896 968 967
f 896 897 968
f 897 969 968
f 897 898 969
f 898 970 969
f 898 899 970
f 899 971 970
f 899 900 971
f 900 972 971
f 900 901 972
f 901 973 972
f 901 902 973
f 902 974 973
f 902 903 974
f 903 975 974
f 903 904 975
f 904 976 975
f 904 905 976
f 905 977 976
f 905 906 977
f 906 978 977
f 906 907 978
f 907 979 978
f 907 908 979
f 908 980 979
f 908 909 980
f 909 981 980
f 909 910 981
f 910 982 981
f 910 911 982
f 911 983 982
f 911 912 983
f 912 984 983
f 912 913 984
f 913 985 984
f 913 914 985
f 914 986 985
f 914 915 986
f 915 987 986
f 915 916 987
f 916 988 987
f 916 917 988
f 917 989 988
f 917 918 989
f 918 990 989
f 918 919 990
f 919 991 990
f 919 920 991
f 920 992 991
f 920 921 992
f 921 993 992
f 921 922 993
f 922 994 993
f 922 923 994
f 923 995 994
f 923 924 995
f 924 996 995
f 924 925 996
f 925 997 996
f 925 926 997
f 926 998 997
f 926 927 998
f 927 999 998
f 927 928 999
f 928 1000 999
f 928 929 1000
f 929 1001 1000
f 929 930 1001
f 930 1002 1001
f 930 931 1002
f 931 1003 1002
f 931 932 1003
f 932 1004 1003
f 932 933 1004
f 933 1005 1004
f 933 934 1005
f 934 1006 1005
f 934 935 1006
f 935 1007 1006
f 935 936 1007
f 936 1008 1007
f 936 865 1008
f 865 937 1008
f 937 938 1009
f 938 1010 1009
f 938 939 1010
f 939 1011 1010
f 939 940 1011
f 940 1012 1011
f 940 941 1012
f 941 1013 1012
f 941 942 1013
f 942 1014 1013
f 942 943 1014
f 943 1015 1014
f 943 944 1015
f 944 1016 1015
f 944 945 1016
f 945 1017 1016
f 945 946 1017
f 946 1018 1017
f 946 947 1018
f 947 1019 1018
f 947 948 1019
f 948 1020 1019
f 948 949 1020
f 949 1021 1020
f 949 950 1021
f 950 1022 1021
f 950 951 1022
f 951 1023 1022
f 951 952 1023
f 952 1024 1023
f 952 953 1024
f 953 1025 1024
f 953 954 1025
f 954 1026 1025
f 954 955 1026
f 955 1027 1026
f 955 956 1027
f 956 1028 1027
f 956 957 1028
f 957 1029 1028
f 957 958 1029
f 958 1030 1029
f 958 959 1030
f 959 1031 1030
f 959 960 1031
f 960 1032 1031
f 960 961 1032
f 961 1033 1032
f 961 962 1033
f 962 1034 1033
f 962 963 1034
f 963 1035 1034
f 963 964 1035
f 964 1036 1035
f 964 965 1036
f 965 1037 1036
f 965 966 1037
f 966 1038 1037
f 966 967 1038
f 967 1039 1038
f 967 968 1039
f 968 1040 1039
f 968 969 1040
f 969 1041 1040
f 969 970 1041
f 970 1042 1041
f 970 971 1042
f 971 1043 1042
f 971 972 1043
f 972 1044 1043
f 972 973 1044
f 973 1045 1044
f 973 974 1045
f 974 1046 1045
f 974 975 1046
f 975 1047 1046
f 975 976 1047
f 976 1048 1047
f 976 977 1048
f 977 1049 1048
f 977 978 1049
f 978 1050 1049
f 978 979 1050
f 979 1051 1050
f 979 980 1051
f 980 1052 1051
f 980 981 1052
f 981 1053 1052
f 981 982 1053
f 982 1054 1053
f 982 983 1054
f 983 1055 1054
f 983 984 1055
f 984 1056 1055
f 984 985 1056
f 985 1057 1056
f 985 986 1057
f 986 1058 1057
f 986 987 1058
f 987 1059 1058
f 987 988 1059
f 988 1060 1059
f 988 989 1060
f 989 1061 1060
f 989 990 1061
f 990 1062 1061
f 990 991 1062
f 991 1063 1062
f 991 992 1063
f 992 1064 1063
f 992 993 1064
f 993 1065 1064
f 993 994 1065
f 994 1066 1065
f 994 995 1066
f 995 1067 1066
f 995 996 1067
f 996 1068 1067
f 996 997 1068
f 997 1069 1068
f 997 998 1069
f 998 1070 1069
f 998 999 1070
f 999 1071 1070
f 999 1000 1071
f 1000 1072 1071
f 1000 1001 1072
f 1001 1073 1072
f 1001 1002 1073
f 1002 1074 1073
f 1002 1003 1074
f 1003 1075 1074
f 1003 1004 1075
f 1004 1076 1075
f 1004 1005 1076
f 1005 1077 1076
f 1005 1006 1077
f 1006 1078 1077
f 1006 1007 1078
f 1007 1079 1078
f 1007 1008 1079
f 1008 1080 1079
f 1008 937 1080
f 937 1009 1080
f 1009 1010 1081
f 1010 1082 1081
f 1010 1011 1082
f 1011 1083 1082
f 1011 1012 1083
f 1012 1084 1083
f 1012 1013 1084
f 1013 1085 1084
f 1013 1014 1085
f 1014 1086 1085
f 1014 1015 1086
f 1015 1087 1086
f 1015 1016 1087
f 1016 1088 1087
f 1016 1017 1088
f 1017 1089 1088
f 1017 1018 1089
f 1018 1090 1089
f 1018 1019 1090
f 1019 1091 1090
f 1019 1020 1091
f 1020 1092 1091
f 1020 1021 1092
f 1021 1093 1092
f 1021 1022 1093
f 1022 1094 1093
f 1022 1023 1094
f 1023 1095 1094
f 1023 1024 1095
f 1024 1096 1095
f 1024 1025 1096
f 1025 1097 1096
f 1025 1026 1097
f 1026 1098 1097
f 1026 1027 1098
f 1027 1099 1098
f 1027 1028 1099
f 1028 1100 1099
f 1028 1029 1100
f 1029 1101 1100
f 1029 1030 1101
f 1030 1102 1101
f 1030 1031 1102
f 1031 1103 1102
f 1031 1032 1103
f 1032 1104 1103
f 1032 1033 1104
f 1033 1105 1104
f 1033 1034 1105
f 1034 1106 1105
f 1034 1035 1106
f 1035 1107 1106
f 1035 1036 1107
f 1036 1108 1107
f 1036 1037 1108
f 1037 1109 1108
f 1037 1038 1109
f 1038 1110 1109
f 1038 1039 1110
f 1039 1111 1110
f 1039 1040 1111
f 1040 1112 1111
f 1040 1041 1112
f 1041 1113 1112
f 1041 1042 1113
f 1042 1114 1113
f 1042 1043 1114
f 1043 1115 1114
f 1043 1044 1115
f 1044 1116 1115
f 1044 1045 1116
f 1045 1117 1116
f 1045 1046 1117
f 1046 1118 1117
f 1046 1047 1118
f 1047 1119 1118
f 1047 1048 1119
f 1048 1120 1119
f 1048 1049 1120
f 1049 1121 1120
f 1049 1050 1121
f 1050 1122 1121
f 1050 1051 1122
f 1051 1123 1122
f 1051 1052 1123
f 1052 1124 1123
f 1052 1053 1124
f 1053 1125 1124
f 1053 1054 1125
f 1054 1126 1125
f 1054 1055 1126
f 1055 1127 1126
f 1055 1056 1127
f 1056 1128 1127
f 1056 1057 1128
f 1057 1129 1128
f 1057 1058 1129
f 1058 1130 1129
f 1058 1059 1130
f 1059 1131 1130
f 1059 1060 1131
f 1060 1132 1131
f 1060 1061 1132
f 1061 1133 1132
f 1061 1062 1133
f 1062 1134 1133
f 1062 1063 1134
f 1063 1135 1134
f 1063 1064 1135
f 1064 1136 1135
f 1064 1065 1136
f 1065 1137 1136
f 1065 1066 1137
f 1066 1138 1137
f 1066 1067 1138
f 1067 1139 1138
f 1067 1068 1139
f 1068 1140 1139
f 1068 1069 1140
f 1069 1141 1140
f 1069 1070 1141
f 1070 1142 1141
f 1070 1071 1142
f 1071 1143 1142
f 1071 1072 1143
f 1072 1144 1143
f 1072 1073 1144
f 1073 1145 1144
f 1073 1074 1145
f 1074 1146 1145
f 1074 1075 1146
f 1075 1147 1146
f 1075 1076 1147
f 1076 1148 1147
f 1076 1077 1148
f 1077 1149 1148
f 1077 1078 1149
f 1078 1150 1149
f 1078 1079 1150
f 1079 1151 1150
f 1079 1080 1151
f 1080 1152 1151
f 1080 1009 1152
f 1009 1081 1152
f 1081 1082 1153
f 1082 1154 1153
f 1082 1083 1154
f 1083 1155 1154
f 1083 1084 1155
f 1084 1156 1155
f 1084 1085 1156
f 1085 1157 1156
f 1085 1086 1157
f 1086 1158 1157
f 1086 1087 1158
f 1087 1159 1158
f 1087 1088 1159
f 1088 1160 1159
f 1088 1089 1160
f 1089 1161 1160
f 1089 1090 1161
f 1090 1162 1161
f 1090 1091 1162
f 1091 1163 1162
f 1091 1092 1163
f 1092 1164 1163
f 1092 1093 1164
f 1093 1165 1164
f 1093 1094 1165
f 1094 1166 1165
f 1094 1095 1166
f 1095 1167 1166
f 1095 1096 1167
f 1096 1168 1167
f 1096 1097 1168
f 1097 1169 1168
f 1097 1098 1169
f 1098 1170 1169
f 1098 1099 1170
f 1099 1171 1170
f 1099 1100 1171
f 1100 1172 1171
f 1100 1101 1172
f 1101 1173 1172
f 1101 1102 1173
f 1102 1174 1173
f 1102 1103 1174
f 1103 1175 1174
f 1103 1104 1175
f 1104 1176 1175
f 1104 1105 1176
f 1105 1177 1176
f 1105 1106 1177
f 1106 1178 1177
f 1106 1107 1178
f 1107 1179 1178
f 1107 1108 1179
f 1108 1180 1179
f 1108 1109 1180
f 1109 1181 1180
f 1109 1110 1181
f 1110 1182 1181
f 1110 1111 1182
f 1111 1183 1182
f 1111 1112 1183
f 1112 1184 1183
f 1112 1113 1184
f 1113 1185 1184
f 1113 1114 1185
f 1114 1186 1185
f 1114 1115 1186
f 1115 1187 1186
f 1115 1116 1187
f 1116 1188 1187
f 1116 1117 1188
f 1117 1189 1188
f 1117 1118 1189
f 1118 1190 1189
f 1118 1119 1190
f 1119 1191 1190
f 1119 1120 1191
f 1120 1192 1191
f 1120 1121 1192
f 1121 1193 1192
f 1121 1122 1193
f 1122 1194 1193
f 1122 1123 1194
f 1123 1195 1194
f 1123 1124 1195
f 1124 1196 1195
f 1124 1125 1196
f 1125 1197 1196
f 1125 1126 1197
f 1126 1198 1197
f 1126 1127 1198
f 1127 1199 1198
f 1127 1128 1199
f 1128 1200 1199
f 1128 1129 1200
f 1129 1201 1200
f 1129 1130 1201
f 1130 1202 1201
f 1130 1131 1202
f 1131 1203 1202
f 1131 1132 1203
f 1132 1204 1203
f 1132 1133 1204
f 1133 1205 1204
f 1133 1134 1205
f 1134 1206 1205
f 1134 1135 1206
f 1135 1207 1206
f 1135 1136 1207
f 1136 1208 1207
f 1136 1137 1208
f 1137 1209 1208
f 1137 1138 1209
f 1138 1210 1209
f 1138 1139 1210
f 1139 1211 1210
f 1139 1140 1211
f 1140 1212 1211
f 1140 1141 1212
f 1141 1213 1212
f 1141 1142 1213
f 1142 1214 1213
f 1142 1143 1214
f 1143 1215 1214
f 1143 1144 1215
f 1144 1216 1215
f 1144 1145 1216
f 1145 1217 1216
f 1145 1146 1217
f 1146 1218 1217
f 1146 1147 1218
f 1147 1219 1218
f 1147 1148 1219
f 1148 1220 1219
f 1148 1149 1220
f 1149 1221 1220
f 1149 1150 1221
f 1150 1222 1221
f 1150 1151 1222
f 1151 1223 1222
f 1151 1152 1223
f 1152 1224 1223
f 1152 1081 1224
f 1081 1153 1224
f 1153 1154 1225
f 1154 1226 1225
f 1154 1155 1226
f 1155 1227 1226
f 1155 1156 1227
f 1156 1228 1227
f 1156 1157 1228
f 1157 1229 1228
f 1157 1158 1229
f 1158 1230 1229
f 1158 1159 1230
f 1159 1231 1230
f 1159 1160 1231
f 1160 1232 1231
f 1160 1161 1232
f 1161 1233 1232
f 1161 1162 1233
f 1162 1234 1233
f 1162 1163 1234
f 1163 1235 1234
f 1163 1164 1235
f 1164 1236 1235
f 1164 1165 1236
f 1165 1237 1236
f 1165 1166 1237
f 1166 1238 1237
f 1166 1167 1238
f 1167 1239 1238
f 1167 1168 1239
f 1168 1240 1239
f 1168 1169 1240
f 1169 1241 1240
f 1169 1170 1241
f 1170 1242 1241
f 1170 1171 1242
f 1171 1243 1242
f 1171 1172 1243
f 1172 1244 1243
f 1172 1173 1244
f 1173 1245 1244
f 1173 1174 1245
f 1174 1246 1245
f 1174 1175 1246
f 1175 1247 1246
f 1175 1176 1247
f 1176 1248 1247
f 1176 1177 1248
f 1177 1249 1248
f 1177 1178 1249
f 1178 1250 1249
f 1178 1179 1250
f 1179 1251 1250
f 1179 1180 1251
f 1180 1252 1251
f 1180 1181 1252
f 1181 1253 1252
f 1181 1182 1253
f 1182 1254 1253
f 1182 1183 1254
f 1183 1255 1254
f 1183 1184 1255
f 1184 1256 1255
f 1184 1185 1256
f 1185 1257 1256
f 1185 1186 1257
f 1186 1258 1257
f 1186 1187 1258
f 1187 1259 1258
f 1187 1188 1259
f 1188 1260 1259
f 1188 1189 1260
f 1189 1261 1260
f 1189 1190 1261
f 1190 1262 1261
f 1190 1191 1262
f 1191 1263 1262
f 1191 1192 1263
f 1192 1264 1263
f 1192 1193 1264
f 1193 1265 1264
f 1193 1194 1265
f 1194 1266 1265
f 1194 1195 1266
f 1195 1267 1266
f 1195 1196 1267
f 1196 1268 1267
f 1196 1197 1268
f 1197 1269 1268
f 1197 1198 1269
f 1198 1270 1269
f 1198 1199 1270
f 1199 1271 1270
f 1199 1200 1271
f 1200 1272 1271
f 1200 1201 1272
f 1201 1273 1272
f 1201 1202 1273
f 1202 1274 1273
f 1202 1203 1274
f 1203 1275 1274
f 1203 1204 1275
f 1204 1276 1275
f 1204 1205 1276
f 1205 1277 1276
f 1205 1206 1277
f 1206 1278 1277
f 1206 1207 1278
f 1207 1279 1278
f 1207 1208 1279
f 1208 1280 1279
f 1208 1209 1280
f 1209 1281 1280
f 1209 1210 1281
f 1210 1282 1281
f 1210 1211 1282
f 1211 1283 1282
f 1211 1212 1283
f 1212 1284 1283
f 1212 1213 1284
f 1213 1285 1284
f 1213 1214 1285
f 1214 1286 1285
f 1214 1215 1286
f 1215 1287 1286
f 1215 1216 1287
f 1216 1288 1287
f 1216 1217 1288
f 1217 1289 1288
f 1217 1218 1289
f 1218 1290 1289
f 1218 1219 1290
f 1219 1291 1290
f 1219 1220 1291
f 1220 1292 1291
f 1220 1221 1292
f 1221 1293 1292
f 1221 1222 1293
f 1222 1294 1293
f 1222 1223 1294
f 1223 1295 1294
f 1223 1224 1295
f 1224 1296 1295
f 1224 1153 1296
f 1153 1225 1296
f 1225 1226 1297
f 1226 1298 1297
f 1226 1227 1298
f 1227 1299 1298
f 1227 1228 1299
f 1228 1300 1299
f 1228 1229 1300
f 1229 1301 1300
f 1229 1230 1301
f 1230 1302 1301
f 1230 1231 1302
f 1231 1303 1302
f 1231 1232 1303
f 1232 1304 1303
f 1232 1233 1304
f 1233 1305 1304
f 1233 1234 1305
f 1234 1306 1305
f 1234 1235 1306
f 1235 1307 1306
f 1235 1236 1307
f 1236 1308 1307
f 1236 1237 1308
f 1237 1309 1308
f 1237 1238 1309
f 1238 1310 1309
f 1238 1239 1310
f 1239 1311 1310
f 1239 1240 1311
f 1240 1312 1311
f 1240 1241 1312
f 1241 1313 1312
f 1241 1242 1313
f 1242 1314 1313
f 1242 1243 1314
f 1243 1315 1314
f 1243 1244 1315
f 1244 1316 1315
f 1244 1245 1316
f 1245 1317 1316
f 1245 1246 1317
f 1246 1318 1317
f 1246 1247 1318
f 1247 1319 1318
f 1247 1248 1319
f 1248 1320 1319
f 1248 1249 1320
f 1249 1321 1320
f 1249 1250 1321
f 1250 1322 1321
f 1250 1251 1322
f 1251 1323 1322
f 1251 1252 1323
f 1252 1324 1323
f 1252 1253 1324
f 1253 1325 1324
f 1253 1254 1325
f 1254 1326 1325
f 1254 1255 1326
f 1255 1327 1326
f 1255 1256 1327
f 1256 1328 1327
f 1256 1257 1328
f 1257 1329 1328
f 1257 1258 1329
f 1258 1330 1329
f 1258 1259 1330
f 1259 1331 1330
f 1259 1260 1331
f 1260 1332 1331
f 1260 1261 1332
f 1261 1333 1332
f 1261 1262 1333
f 1262 1334 1333
f 1262 1263 1334
f 1263 1335 1334
f 1263 1264 1335
f 1264 1336 1335
f 1264 1265 1336
f 1265 1337 1336
f 1265 1266 1337
f 1266 1338 1337
f 1266 1267 1338
f 1267 1339 1338
f 1267 1268 1339
f 1268 1340 1339
f 1268 1269 1340
f 1269 1341 1340
f 1269 1270 1341
f 1270 1342 1341
f 1270 1271 1342
f 1271 1343 1342
f 1271 1272 1343
f 1272 1344 1343
f 1272 1273 1344
f 1273 1345 1344
f 1273 1274 1345
f 1274 1346 1345
f 1274 1275 1346
f 1275 1347 1346
f 1275 1276 1347
f 1276 1348 1347
f 1276 1277 1348
f 1277 1349 1348
f 1277 1278 1349
f 1278 1350 1349
f 1278 1279 1350
f 1279 1351 1350
f 1279 1280 1351
f 1280 1352 1351
f 1280 1281 1352
f 1281 1353 1352
f 1281 1282 1353
f 1282 1354 1353
f 1282 1283 1354
f 1283 1355 1354
f 1283 1284 1355
f 1284 1356 1355
f 1284 1285 1356
f 1285 1357 1356
f 1285 1286 1357
f 1286 1358 1357
f 1286 1287 1358
f 1287 1359 1358
f 1287 1288 1359
f 1288 1360 1359
f 1288 1289 1360
f 1289 1361 1360
f 1289 1290 1361
f 1290 1362 1361
f 1290 1291 1362
f 1291 1363 1362
f 1291 1292 1363
f 1292 1364 1363
f 1292 1293 1364
f 1293 1365 1364
f 1293 1294 1365
f 1294 1366 1365
f 1294 1295 1366
f 1295 1367 1366
f 1295 1296 1367
f 1296 1368 1367
f 1296 1225 1368
f 1225 1297 1368
f 1297 1298 1369
f 1298 1370 1369
f 1298 1299 1370
f 1299 1371 1370
f 1299 1300 1371
f 1300 1372 1371
f 1300 1301 1372
f 1301 1373 1372
f 1301 1302 1373
f 1302 1374 1373
f 1302 1303 1374
f 1303 1375 1374
f 1303 1304 1375
f 1304 1376 1375
f 1304 1305 1376
f 1305 1377 1376
f 1305 1306 1377
f 1306 1378 1377
f 1306 1307 1378
f 1307 1379 1378
f 1307 1308 1379
f 1308 1380 1379
f 1308 1309 1380
f 1309 1381 1380
f 1309 1310 1381
f 1310 1382 1381
f 1310 1311 1382
f 1311 1383 1382
f 1311 1312 1383
f 1312 1384 1383
f 1312 1313 1384
f 1313 1385 1384
f 1313 1314 1385
f 1314 1386 1385
f 1314 1315 1386
f 1315 1387 1386
f 1315 1316 1387
f 1316 1388 1387
f 1316 1317 1388
f 1317 1389 1388
f 1317 1318 1389
f 1318 1390 1389
f 1318 1319 1390
f 1319 1391 1390
f 1319 1320 1391
f 1320 1392 1391
f 1320 1321 1392
f 1321 1393 1392
f 1321 1322 1393
f 1322 1394 1393
f 1322 1323 1394
f 1323 1395 1394
f 1323 1324 1395
f 1324 1396 1395
f 1324 1325 1396
f 1325 1397 1396
f 1325 1326 1397
f 1326 1398 1397
f 1326 1327 1398
f 1327 1399 1398
f 1327 1328 1399
f 1328 1400 1399
f 1328 1329 1400
f 1329 1401 1400
f 1329 1330 1401
f 1330 1402 1401
f 1330 1331 1402
f 1331 1403 1402
f 1331 1332 1403
f 1332 1404 1403
f 1332 1333 1404
f 1333 1405 1404
f 1333 1334 1405
f 1334 1406 1405
f 1334 1335 1406
f 1335 1407 1406
f 1335 1336 1407
f 1336 1408 1407
f 1336 1337 1408
f 1337 1409 1408
f 1337 1338 1409
f 1338 1410 1409
f 1338 1339 1410
f 1339 1411 1410
f 1339 1340 1411
f 1340 1412 1411
f 1340 1341 1412
f 1341 1413 1412
f 1341 1342 1413
f 1342 1414 1413
f 1342 1343 1414
f 1343 1415 1414
f 1343 1344 1415
f 1344 1416 1415
f 1344 1345 1416
f 1345 1417 1416
f 1345 1346 1417
f 1346 1418 1417
f 1346 1347 1418
f 1347 1419 1418
f 1347 1348 1419
f 1348 1420 1419
f 1348 1349 1420
f 1349 1421 1420
f 1349 1350 1421
f 1350 1422 1421
f 1350 1351 1422
f 1351 1423 1422
f 1351 1352 1423
f 1352 1424 1423
f 1352 1353 1424
f 1353 1425 1424
f 1353 1354 1425
f 1354 1426 1425
f 1354 1355 1426
f 1355 1427 1426
f 1355 1356 1427
f 1356 1428 1427
f 1356 1357 1428
f 1357 1429 1428
f 1357 1358 1429
f 1358 1430 1429
f 1358 1359 1430
f 1359 1431 1430
f 1359 1360 1431
f 1360 1432 1431
f 1360 1361 1432
f 1361 1433 1432
f 1361 1362 1433
f 1362 1434 1433
f 1362 1363 1434
f 1363 1435 1434
f 1363 1364 1435
f 1364 1436 1435
f 1364 1365 1436
f 1365 1437 1436
f 1365 1366 1437
f 1366 1438 1437
f 1366 1367 1438
f 1367 1439 1438
f 1367 1368 1439
f 1368 1440 1439
f 1368 1297 1440
f 1297 1369 1440
f 1369 1370 1441
f 1370 1442 1441
f 1370 1371 1442
f 1371 1443 1442
f 1371 1372 1443
f 1372 1444 1443
f 1372 1373 1444
f 1373 1445 1444
f 1373 1374 1445
f 1374 1446 1445
f 1374 1375 1446
f 1375 1447 1446
f 1375 1376 1447
f 1376 1448 1447
f 1376 1377 1448
f 1377 1449 1448
f 1377 1378 1449
f 1378 1450 1449
f 1378 1379 1450
f 1379 1451 1450
f 1379 1380 1451
f 1380 1452 1451
f 1380 1381 1452
f 1381 1453 1452
f 1381 1382 1453
f 1382 1454 1453
f 1382 1383 1454
f 1383 1455 1454
f 1383 1384 1455
f 1384 1456 1455
f 1384 1385 1456
f 1385 1457 1456
f 1385 1386 1457
f 1386 1458 1457
f 1386 1387 1458
f 1387 1459 1458
f 1387 1388 1459
f 1388 1460 1459
f 1388 1389 1460
f 1389 1461 1460
f 1389 1390 1461
f 1390 1462 1461
f 1390 1391 1462
f 1391 1463 1462
f 1391 1392 1463
f 1392 1464 1463
f 1392 1393 1464
f 1393 1465 1464
f 1393 1394 1465
f 1394 1466 1465
f 1394 1395 1466
f 1395 1467 1466
f 1395 1396 1467
f 1396 1468 1467
f 1396 1397 1468
f 1397 1469 1468
f 1397 1398 1469
f 1398 1470 1469
f 1398 1399 1470
f 1399 1471 1470
f 1399 1400 1471
f 1400 1472 1471
f 1400 1401 1472
f 1401 1473 1472
f 1401 1402 1473
f 1402 1474 1473
f 1402 1403 1474
f 1403 1475 1474
f 1403 1404 1475
f 1404 1476 1475
f 1404 1405 1476
f 1405 1477 1476
f 1405 1406 1477
f 1406 1478 1477
f 1406 1407 1478
f 1407 1479 1478
f 1407 1408 1479
f 1408 1480 1479
f 1408 1409 1480
f 1409 1481 1480
f 1409 1410 1481
f 1410 1482 1481
f 1410 1411 1482
f 1411 1483 1482
f 1411 1412 1483
f 1412 1484 1483
f 1412 1413 1484
f 1413 1485 1484
f 1413 1414 1485
f 1414 1486 1485
f 1414 1415 1486
f 1415 1487 1486
f 1415 1416 1487
f 1416 1488 1487
f 1416 1417 1488
f 1417 1489 1488
f 1417 1418 1489
f 1418 1490 1489
f 1418 1419 1490
f 1419 1491 1490
f 1419 1420 1491
f 1420 1492 1491
f 1420 1421 1492
f 1421 1493 1492
f 1421 1422 1493
f 1422 1494 1493
f 1422 1423 1494
f 1423 1495 1494
f 1423 1424 1495
f 1424 1496 1495
f 1424 1425 1496
f 1425 1497 1496
f 1425 1426 1497
f 1426 1498 1497
f 1426 1427 1498
f 1427 1499 1498
f 1427 1428 1499
f 1428 1500 1499
f 1428 1429 1500
f 1429 1501 1500
f 1429 1430 1501
f 1430 1502 1501
f 1430 1431 1502
f 1431 1503 1502
f 1431 1432 1503
f 1432 1504 1503
f 1432 1433 1504
f 1433 1505 1504
f 1433 1434 1505
f 1434 1506 1505
f 1434 1435 1506
f 1435 1507 1506
f 1435 1436 1507
f 1436 1508 1507
f 1436 1437 1508
f 1437 1509 1508
f 1437 1438 1509
f 1438 1510 1509
f 1438 1439 1510
f 1439 1511 1510
f 1439 1440 1511
f 1440 1512 1511
f 1440 1369 1512
f 1369 1441 1512
f 1441 1442 1513
f 1442 1514 1513
f 1442 1443 1514
f 1443 1515 1514
f 1443 1444 1515
f 1444 1516 1515
f 1444 1445 1516
f 1445 1517 1516
f 1445 1446 1517
f 1446 1518 1517
f 1446 1447 1518
f 1447 1519 1518
f 1447 1448 1519
f 1448 1520 1519
f 1448 1449 1520
f 1449 1521 1520
f 1449 1450 1521
f 1450 1522 1521
f 1450 1451 1522
f 1451 1523 1522
f 1451 1452 1523
f 1452 1524 1523
f 1452 1453 1524
f 1453 1525 1524
f 1453 1454 1525
f 1454 1526 1525
f 1454 1455 1526
f 1455 1527 1526
f 1455 1456 1527
f 1456 1528 1527
f 1456 1457 1528
f 1457 1529 1528
f 1457 1458 1529
f 1458 1530 1529
f 1458 1459 1530
f 1459 1531 1530
f 1459 1460 1531
f 1460 1532 1531
f 1460 1461 1532
f 1461 1533 1532
f 1461 1462 1533
f 1462 1534 1533
f 1462 1463 1534
f 1463 1535 1534
f 1463 1464 1535
f 1464 1536 1535
f 1464 1465 1536
f 1465 1537 1536
f 1465 1466 1537
f 1466 1538 1537
f 1466 1467 1538
f 1467 1539 1538
f 1467 1468 1539
f 1468 1540 1539
f 1468 1469 1540
f 1469 1541 1540
f 1469 1470 1541
f 1470 1542 1541
f 1470 1471 1542
f 1471 1543 1542
f 1471 1472 1543
f 1472 1544 1543
f 1472 1473 1544
f 1473 1545 1544
f 1473 1474 1545
f 1474 1546 1545
f 1474 1475 1546
f 1475 1547 1546
f 1475 1476 1547
f 1476 1548 1547
f 1476 1477 1548
f 1477 1549 1548
f 1477 1478 1549
f 1478 1550 1549
f 1478 1479 1550
f 1479 1551 1550
f 1479 1480 1551
f 1480 1552 1551
f 1480 1481 1552
f 1481 1553 1552
f 1481 1482 1553
f 1482 1554 1553
f 1482 1483 1554
f 1483 1555 1554
f 1483 1484 1555
f 1484 1556 1555
f 1484 1485 1556
f 1485 1557 1556
f 1485 1486 1557
f 1486 1558 1557
f 1486 1487 1558
f 1487 1559 1558
f 1487 1488 1559
f 1488 1560 1559
f 1488 1489 1560
f 1489 1561 1560
f 1489 1490 1561
f 1490 1562 1561
f 1490 1491 1562
f 1491 1563 1562
f 1491 1492 1563
f 1492 1564 1563
f 1492 1493 1564
f 1493 1565 1564
f 1493 1494 1565
f 1494 1566 1565
f 1494 1495 1566
f 1495 1567 1566
f 1495 1496 1567
f 1496 1568 1567
f 1496 1497 1568
f 1497 1569 1568
f 1497 1498 1569
f 1498 1570 1569
f 1498 1499 1570
f 1499 1571 1570
f 1499 1500 1571
f 1500 1572 1571
f 1500 1501 1572
f 1501 1573 1572
f 1501 1502 1573
f 1502 1574 1573
f 1502 1503 1574
f 1503 1575 1574
f 1503 1504 1575
f 1504 1576 1575
f 1504 1505 1576
f 1505 1577 1576
f 1505 1506 1577
f 1506 1578 1577
f 1506 1507 1578
f 1507 1579 1578
f 1507 1508 1579
f 1508 1580 1579
f 1508 1509 1580
f 1509 1581 1580
f 1509 1510 1581
f 1510 1582 1581
f 1510 1511 1582
f 1511 1583 1582
f 1511 1512 1583
f 1512 1584 1583
f 1512 1441 1584
f 1441 1513 1584
f 1513 1514 1585
f 1514 1586 1585
f 1514 1515 1586
f 1515 1587 1586
f 1515 1516 1587
f 1516 1588 1587
f 1516 1517 1588
f 1517 1589 1588
f 1517 1518 1589
f 1518 1590 1589
f 1518 1519 1590
f 1519 1591 1590
f 1519 1520 1591
f 1520 1592 1591
f 1520 1521 1592
f 1521 1593 1592
f 1521 1522 1593
f 1522 1594 1593
f 1522 1523 1594
f 1523 1595 1594
f 1523 1524 1595
f 1524 1596 1595
f 1524 1525 1596
f 1525 1597 1596
f 1525 1526 1597
f 1526 1598 1597
f 1526 1527 1598
f 1527 1599 1598
f 1527 1528 1599
f 1528 1600 1599
f 1528 1529 1600
f 1529 1601 1600
f 1529 1530 1601
f 1530 1602 1601
f 1530 1531 1602
f 1531 1603 1602
f 1531 1532 1603
f 1532 1604 1603
f 1532 1533 1604
f 1533 1605 1604
f 1533 1534 1605
f 1534 1606 1605
f 1534 1535 1606
f 1535 1607 1606
f 1535 1536 1607
f 1536 1608 1607
f 1536 1537 1608
f 1537 1609 1608
f 1537 1538 1609
f 1538 1610 1609
f 1538 1539 1610
f 1539 1611 1610
f 1539 1540 1611
f 1540 1612 1611
f 1540 1541 1612
f 1541 1613 1612
f 1541 1542 1613
f 1542 1614 1613
f 1542 1543 1614
f 1543 1615 1614
f 1543 1544 1615
f 1544 1616 1615
f 1544 1545 1616
f 1545 1617 1616
f 1545 1546 1617
f 1546 1618 1617
f 1546 1547 1618
f 1547 1619 1618
f 1547 1548 1619
f 1548 1620 1619
f 1548 1549 1620
f 1549 1621 1620
f 1549 1550 1621
f 1550 1622 1621
f 1550 1551 1622
f 1551 1623 1622
f 1551 1552 1623
f 1552 1624 1623
f 1552 1553 1624
f 1553 1625 1624
f 1553 1554 1625
f 1554 1626 1625
f 1554 1555 1626
f 1555 1627 1626
f 1555 1556 1627
f 1556 1628 1627
f 1556 1557 1628
f 1557 1629 1628
f 1557 1558 1629
f 1558 1630 1629
f 1558 1559 1630
f 1559 1631 1630
f 1559 1560 1631
f 1560 1632 1631
f 1560 1561 1632
f 1561 1633 1632
f 1561 1562 1633
f 1562 1634 1633
f 1562 1563 1634
f 1563 1635 1634
f 1563 1564 1635
f 1564 1636 1635
f 1564 1565 1636
f 1565 1637 1636
f 1565 1566 1637
f 1566 1638 1637
f 1566 1567 1638
f 1567 1639 1638
f 1567 1568 1639
f 1568 1640 1639
f 1568 1569 1640
f 1569 1641 1640
f 1569 1570 1641
f 1570 1642 1641
f 1570 1571 1642
f 1571 1643 1642
f 1571 1572 1643
f 1572 1644 1643
f 1572 1573 1644
f 1573 1645 1644
f 1573 1574 1645
f 1574 1646 1645
f 1574 1575 1646
f 1575 1647 1646
f 1575 1576 1647
f 1576 1648 1647
f 1576 1577 1648
f 1577 1649 1648
f 1577 1578 1649
f 1578 1650 1649
f 1578 1579 1650
f 1579 1651 1650
f 1579 1580 1651
f 1580 1652 1651
f 1580 1581 1652
f 1581 1653 1652
f 1581 1582 1653
f 1582 1654 1653
f 1582 1583 1654
f 1583 1655 1654
f 1583 1584 1655
f 1584 1656 1655
f 1584 1513 1656
f 1513 1585 1656
f 1585 1586 1657
f 1586 1658 1657
f 1586 1587 1658
f 1587 1659 1658
f 1587 1588 1659
f 1588 1660 1659
f 1588 1589 1660
f 1589 1661 1660
f 1589 1590 1661
f 1590 1662 1661
f 1590 1591 1662
f 1591 1663 1662
f 1591 1592 1663
f 1592 1664 1663
f 1592 1593 1664
f 1593 1665 1664
f 1593 1594 1665
f 1594 1666 1665
f 1594 1595 1666
f 1595 1667 1666
f 1595 1596 1667
f 1596 1668 1667
f 1596 1597 1668
f 1597 1669 1668
f 1597 1598 1669
f 1598 1670 1669
f 1598 1599 1670
f 1599 1671 1670
f 1599 1600 1671
f 1600 1672 1671
f 1600 1601 1672
f 1601 1673 1672
f 1601 1602 1673
f 1602 1674 1673
f 1602 1603 1674
f 1603 1675 1674
f 1603 1604 1675
f 1604 1676 1675
f 1604 1605 1676
f 1605 1677 1676
f 1605 1606 1677
f 1606 1678 1677
f 1606 1607 1678
f 1607 1679 1678
f 1607 1608 1679
f 1608 1680 1679
f 1608 1609 1680
f 1609 1681 1680
f 1609 1610 1681
f 1610 1682 1681
f 1610 1611 1682
f 1611 1683 1682
f 1611 1612 1683
f 1612 1684 1683
f 1612 1613 1684
f 1613 1685 1684
f 1613 1614 1685
f 1614 1686 1685
f 1614 1615 1686
f 1615 1687 1686
f 1615 1616 1687
f 1616 1688 1687
f 1616 1617 1688
f 1617 1689 1688
f 1617 1618 1689
f 1618 1690 1689
f 1618 1619 1690
f 1619 1691 1690
f 1619 1620 1691
f 1620 1692 1691
f 1620 1621 1692
f 1621 1693 1692
f 1621 1622 1693
f 1622 1694 1693
f 1622 1623 1694
f 1623 1695 1694
f 1623 1624 1695
f 1624 1696 1695
f 1624 1625 1696
f 1625 1697 1696
f 1625 1626 1697
f 1626 1698 1697
f 1626 1627 1698
f 1627 1699 1698
f 1627 1628 1699
f 1628 1700 1699
f 1628 1629 1700
f 1629 1701 1700
f 1629 1630 1701
f 1630 1702 1701
f 1630 1631 1702
f 1631 1703 1702
f 1631 1632 1703
f 1632 1704 1703
f 1632 1633 1704
f 1633 1705 1704
f 1633 1634 1705
f 1634 1706 1705
f 1634 1635 1706
f 1635 1707 1706
f 1635 1636 1707
f 1636 1708 1707
f 1636 1637 1708
f 1637 1709 1708
f 1637 1638 1709
f 1638 1710 1709
f 1638 1639 1710
f 1639 1711 1710
f 1639 1640 1711
f 1640 1712 1711
f 1640 1641 1712
f 1641 1713 1712
f 1641 1642 1713
f 1642 1714 1713
f 1642 1643 1714
f 1643 1715 1714
f 1643 1644 1715
f 1644 1716 1715
f 1644 1645 1716
f 1645 1717 1716
f 1645 1646 1717
f 1646 1718 1717
f 1646 1647 1718
f 1647 1719 1718
f 1647 1648 1719
f 1648 1720 1719
f 1648 1649 1720
f 1649 1721 1720
f 1649 1650 1721
f 1650 1722 1721
f 1650 1651 1722
f 1651 1723 1722
f 1651 1652 1723
f 1652 1724 1723
f 1652 1653 1724
f 1653 1725 1724
f 1653 1654 1725
f 1654 1726 1725
f 1654 1655 1726
f 1655 1727 1726
f 1655 1656 1727
f 1656 1728 1727
f 1656 1585 1728
f 1585 1657 1728
f 1657 1658 1729
f 1658 1730 1729
f 1658 1659 1730
f 1659 1731 1730
f 1659 1660 1731
f 1660 1732 1731
f 1660 1661 1732
f 1661 1733 1732
f 1661 1662 1733
f 1662 1734 1733
f 1662 1663 1734
f 1663 1735 1734
f 1663 1664 1735
f 1664 1736 1735
f 1664 1665 1736
f 1665 1737 1736
f 1665 1666 1737
f 1666 1738 1737
f 1666 1667 1738
f 1667 1739 1738
f 1667 1668 1739
f 1668 1740 1739
f 1668 1669 1740
f 1669 1741 1740
f 1669 1670 1741
f 1670 1742 1741
f 1670 1671 1742
f 1671 1743 1742
f 1671 1672 1743
f 1672 1744 1743
f 1672 1673 1744
f 1673 1745 1744
f 1673 1674 1745
f 1674 1746 1745
f 1674 1675 1746
f 1675 1747 1746
f 1675 1676 1747
f 1676 1748 1747
f 1676 1677 1748
f 1677 1749 1748
f 1677 1678 1749
f 1678 1750 1749
f 1678 1679 1750
f 1679 1751 1750
f 1679 1680 1751
f 1680 1752 1751
f 1680 1681 1752
f 1681 1753 1752
f 1681 1682 1753
f 1682 1754 1753
f 1682 1683 1754
f 1683 1755 1754
f 1683 1684 1755
f 1684 1756 1755
f 1684 1685 1756
f 1685 1757 1756
f 1685 1686 1757
f 1686 1758 1757
f 1686 1687 1758
f 1687 1759 1758
f 1687 1688 1759
f 1688 1760 1759
f 1688 1689 1760
f 1689 1761 1760
f 1689 1690 1761
f 1690 1762 1761
f 1690 1691 1762
f 1691 1763 1762
f 1691 1692 1763
f 1692 1764 1763
f 1692 1693 1764
f 1693 1765 1764
f 1693 1694 1765
f 1694 1766 1765
f 1694 1695 1766
f 1695 1767 1766
f 1695 1696 1767
f 1696 1768 1767
f 1696 1697 1768
f 1697 1769 1768
f 1697 1698 1769
f 1698 1770 1769
f 1698 1699 1770
f 1699 1771 1770
f 1699 1700 1771
f 1700 1772 1771
f 1700 1701 1772
f 1701 1773 1772
f 1701 1702 1773
f 1702 1774 1773
f 1702 1703 1774
f 1703 1775 1774
f 1703 1704 1775
f 1704 1776 1775
f 1704 1705 1776
f 1705 1777 1776
f 1705 1706 1777
f 1706 1778 1777
f 1706 1707 1778
f 1707 1779 1778
f 1707 1708 1779
f 1708 1780 1779
f 1708 1709 1780
f 1709 1781 1780
f 1709 1710 1781
f 1710 1782 1781
f 1710 1711 1782
f 1711 1783 1782
f 1711 1712 1783
f 1712 1784 1783
f 1712 1713 1784
f 1713 1785 1784
f 1713 1714 1785
f 1714 1786 1785
f 1714 1715 1786
f 1715 1787 1786
f 1715 1716 1787
f 1716 1788 1787
f 1716 1717 1788
f 1717 1789 1788
f 1717 1718 1789
f 1718 1790 1789
f 1718 1719 1790
f 1719 1791 1790
f 1719 1720 1791
f 1720 1792 1791
f 1720 1721 1792
f 1721 1793 1792
f 1721 1722 1793
f 1722 1794 1793
f 1722 1723 1794
f 1723 1795 1794
f 1723 1724 1795
f 1724 1796 1795
f 1724 1725 1796
f 1725 1797 1796
f 1725 1726 1797
f 1726 1798 1797
f 1726 1727 1798
f 1727 1799 1798
f 1727 1728 1799
f 1728 1800 1799
f 1728 1657 1800
f 1657 1729 1800
f 1729 1730 1801
f 1730 1802 1801
f 1730 1731 1802
f 1731 1803 1802
f 1731 1732 1803
f 1732 1804 1803
f 1732 1733 1804
f 1733 1805 1804
f 1733 1734 1805
f 1734 1806 1805
f 1734 1735 1806
f 1735 1807 1806
f 1735 1736 1807
f 1736 1808 1807
f 1736 1737 1808
f 1737 1809 1808
f 1737 1738 1809
f 1738 1810 1809
f 1738 1739 1810
f 1739 1811 1810
f 1739 1740 1811
f 1740 1812 1811
f 1740 1741 1812
f 1741 1813 1812
f 1741 1742 1813
f 1742 1814 1813
f 1742 1743 1814
f 1743 1815 1814
f 1743 1744 1815
f 1744 1816 1815
f 1744 1745 1816
f 1745 1817 1816
f 1745 1746 1817
f 1746 1818 1817
f 1746 1747 1818
f 1747 1819 1818
f 1747 1748 1819
f 1748 1820 1819
f 1748 1749 1820
f 1749 1821 1820
f 1749 1750 1821
f 1750 1822 1821
f 1750 1751 1822
f 1751 1823 1822
f 1751 1752 1823
f 1752 1824 1823
f 1752 1753 1824
f 1753 1825 1824
f 1753 1754 1825
f 1754 1826 1825
f 1754 1755 1826
f 1755 1827 1826
f 1755 1756 1827
f 1756 1828 1827
f 1756 1757 1828
f 1757 1829 1828
f 1757 1758 1829
f 1758 1830 1829
f 1758 1759 1830
f 1759 1831 1830
f 1759 1760 1831
f 1760 1832 1831
f 1760 1761 1832
f 1761 1833 1832
f 1761 1762 1833
f 1762 1834 1833
f 1762 1763 1834
f 1763 1835 1834
f 1763 1764 1835
f 1764 1836 1835
f 1764 1765 1836
f 1765 1837 1836
f 1765 1766 1837
f 1766 1838 1837
f 1766 1767 1838
f 1767 1839 1838
f 1767 1768 1839
f 1768 1840 1839
f 1768 1769 1840
f 1769 1841 1840
f 1769 1770 1841
f 1770 1842 1841
f 1770 1771 1842
f 1771 1843 1842
f 1771 1772 1843
f 1772 1844 1843
f 1772 1773 1844
f 1773 1845 1844
f 1773 1774 1845
f 1774 1846 1845
f 1774 1775 1846
f 1775 1847 1846
f 1775 1776 1847
f 1776 1848 1847
f 1776 1777 1848
f 1777 1849 1848
f 1777 1778 1849
f 1778 1850 1849
f 1778 1779 1850
f 1779 1851 1850
f 1779 1780 1851
f 1780 1852 1851
f 1780 1781 1852
f 1781 1853 1852
f 1781 1782 1853
f 1782 1854 1853
f 1782 1783 1854
f 1783 1855 1854
f 1783 1784 1855
f 1784 1856 1855
f 1784 1785 1856
f 1785 1857 1856
f 1785 1786 1857
f 1786 1858 1857
f 1786 1787 1858
f 1787 1859 1858
f 1787 1788 1859
f 1788 1860 1859
f 1788 1789 1860
f 1789 1861 1860
f 1789 1790 1861
f 1790 1862 1861
f 1790 1791 1862
f 1791 1863 1862
f 1791 1792 1863
f 1792 1864 1863
f 1792 1793 1864
f 1793 1865 1864
f 1793 1794 1865
f 1794 1866 1865
f 1794 1795 1866
f 1795 1867 1866
f 1795 1796 1867
f 1796 1868 1867
f 1796 1797 1868
f 1797 1869 1868
f 1797 1798 1869
f 1798 1870 1869
f 1798 1799 1870
f 1799 1871 1870
f 1799 1800 1871
f 1800 1872 1871
f 1800 1729 1872
f 1729 1801 1872
f 1801 1802 1873
f 1802 1874 1873
f 1802 1803 1874
f 1803 1875 1874
f 1803 1804 1875
f 1804 1876 1875
f 1804 1805 1876
f 1805 1877 1876
f 1805 1806 1877
f 1806 1878 1877
f 1806 1807 1878
f 1807 1879 1878
f 1807 1808 1879
f 1808 1880 1879
f 1808 1809 1880
f 1809 1881 1880
f 1809 1810 1881
f 1810 1882 1881
f 1810 1811 1882
f 1811 1883 1882
f 1811 1812 1883
f 1812 1884 1883
f 1812 1813 1884
f 1813 1885 1884
f 1813 1814 1885
f 1814 1886 1885
f 1814 1815 1886
f 1815 1887 1886
f 1815 1816 1887
f 1816 1888 1887
f 1816 1817 1888
f 1817 1889 1888
f 1817 1818 1889
f 1818 1890 1889
f 1818 1819 1890
f 1819 1891 1890
f 1819 1820 1891
f 1820 1892 1891
f 1820 1821 1892
f 1821 1893 1892
f 1821 1822 1893
f 1822 1894 1893
f 1822 1823 1894
f 1823 1895 1894
f 1823 1824 1895
f 1824 1896 1895
f 1824 1825 1896
f 1825 1897 1896
f 1825 1826 1897
f 1826 1898 1897
f 1826 1827 1898
f 1827 1899 1898
f 1827 1828 1899
f 1828 1900 1899
f 1828 1829 1900
f 1829 1901 1900
f 1829 1830 1901
f 1830 1902 1901
f 1830 1831 1902
f 1831 1903 1902
f 1831 1832 1903
f 1832 1904 1903
f 1832 1833 1904
f 1833 1905 1904
f 1833 1834 1905
f 1834 1906 1905
f 1834 1835 1906
f 1835 1907 1906
f 1835 1836 1907
f 1836 1908 1907
f 1836 1837 1908
f 1837 1909 1908
f 1837 1838 1909
f 1838 1910 1909
f 1838 1839 1910
f 1839 1911 1910
f 1839 1840 1911
f 1840 1912 1911
f 1840 1841 1912
f 1841 1913 1912
f 1841 1842 1913
f 1842 1914 1913
f 1842 1843 1914
f 1843 1915 1914
f 1843 1844 1915
f 1844 1916 1915
f 1844 1845 1916
f 1845 1917 1916
f 1845 1846 1917
f 1846 1918 1917
f 1846 1847 1918
f 1847 1919 1918
f 1847 1848 1919
f 1848 1920 1919
f 1848 1849 1920
f 1849 1921 1920
f 1849 1850 1921
f 1850 1922 1921
f 1850 1851 1922
f 1851 1923 1922
f 1851 1852 1923
f 1852 1924 1923
f 1852 1853 1924
f 1853 1925 1924
f 1853 1854 1925
f 1854 1926 1925
f 1854 1855 1926
f 1855 1927 1926
f 1855 1856 1927
f 1856 1928 1927
f 1856 1857 1928
f 1857 1929 1928
f 1857 1858 1929
f 1858 1930 1929
f 1858 1859 1930
f 1859 1931 1930
f 1859 1860 1931
f 1860 1932 1931
f 1860 1861 1932
f 1861 1933 1932
f 1861 1862 1933
f 1862 1934 1933
f 1862 1863 1934
f 1863 1935 1934
f 1863 1864 1935
f 1864 1936 1935
f 1864 1865 1936
f 1865 1937 1936
f 1865 1866 1937
f 1866 1938 1937
f 1866 1867 1938
f 1867 1939 1938
f 1867 1868 1939
f 1868 1940 1939
f 1868 1869 1940
f 1869 1941 1940
f 1869 1870 1941
f 1870 1942 1941
f 1870 1871 1942
f 1871 1943 1942
f 1871 1872 1943
f 1872 1944 1943
f 1872 1801 1944
f 1801 1873 1944
f 1873 1874 1945
f 1874 1946 1945
f 1874 1875 1946
f 1875 1947 1946
f 1875 1876 1947
f 1876 1948 1947
f 1876 1877 1948
f 1877 1949 1948
f 1877 1878 1949
f 1878 1950 1949
f 1878 1879 1950
f 1879 1951 1950
f 1879 1880 1951
f 1880 1952 1951
f 1880 1881 1952
f 1881 1953 1952
f 1881 1882 1953
f 1882 1954 1953
f 1882 1883 1954
f 1883 1955 1954
f 1883 1884 1955
f 1884 1956 1955
f 1884 1885 1956
f 1885 1957 1956
f 1885 1886 1957
f 1886 1958 1957
f 1886 1887 1958
f 1887 1959 1958
f 1887 1888 1959
f 1888 1960 1959
f 1888 1889 1960
f 1889 1961 1960
f 1889 1890 1961
f 1890 1962 1961
f 1890 1891 1962
f 1891 1963 1962
f 1891 1892 1963
f 1892 1964 1963
f 1892 1893 1964
f 1893 1965 1964
f 1893 1894 1965
f 1894 1966 1965
f 1894 1895 1966
f 1895 1967 1966
f 1895 1896 1967
f 1896 1968 1967
f 1896 1897 1968
f 1897 1969 1968
f 1897 1898 1969
f 1898 1970 1969
f 1898 1899 1970
f 1899 1971 1970
f 1899 1900 1971
f 1900 1972 1971
f 1900 1901 1972
f 1901 1973 1972
f 1901 1902 1973
f 1902 1974 1973
f 1902 1903 1974
f 1903 1975 1974
f 1903 1904 1975
f 1904 1976 1975
f 1904 1905 1976
f 1905 1977 1976
f 1905 1906 1977
f 1906 1978 1977
f 1906 1907 1978
f 1907 1979 1978
f 1907 1908 1979
f 1908 1980 1979
f 1908 1909 1980
f 1909 1981 1980
f 1909 1910 1981
f 1910 1982 1981
f 1910 1911 1982
f 1911 1983 1982
f 1911 1912 1983
f 1912 1984 1983
f 1912 1913 1984
f 1913 1985 1984
f 1913 1914 1985
f 1914 1986 1985
f 1914 1915 1986
f 1915 1987 1986
f 1915 1916 1987
f 1916 1988 1987
f 1916 1917 1988
f 1917 1989 1988
f 1917 1918 1989
f 1918 1990 1989
f 1918 1919 1990
f 1919 1991 1990
f 1919 1920 1991
f 1920 1992 1991
f 1920 1921 1992
f 1921 1993 1992
f 1921 1922 1993
f 1922 1994 1993
f 1922 1923 1994
f 1923 1995 1994
f 1923 1924 1995
f 1924 1996 1995
f 1924 1925 1996
f 1925 1997 1996
f 1925 1926 1997
f 1926 1998 1997
f 1926 1927 1998
f 1927 1999 1998
f 1927 1928 1999
f 1928 2000 1999
f 1928 1929 2000
f 1929 2001 2000
f 1929 1930 2001
f 1930 2002 2001
f 1930 1931 2002
f 1931 2003 2002
f 1931 1932 2003
f 1932 2004 2003
f 1932 1933 2004
f 1933 2005 2004
f 1933 1934 2005
f 1934 2006 2005
f 1934 1935 2006
f 1935 2007 2006
f 1935 1936 2007
f 1936 2008 2007
f 1936 1937 2008
f 1937 2009 2008
f 1937 1938 2009
f 1938 2010 2009
f 1938 1939 2010
f 1939 2011 2010
f 1939 1940 2011
f 1940 2012 2011
f 1940 1941 2012
f 1941 2013 2012
f 1941 1942 2013
f 1942 2014 2013
f 1942 1943 2014
f 1943 2015 2014
f 1943 1944 2015
f 1944 2016 2015
f 1944 1873 2016
f 1873 1945 2016
f 1945 1946 2017
f 1946 2018 2017
f 1946 1947 2018
f 1947 2019 2018
f 1947 1948 2019
f 1948 2020 2019
f 1948 1949 2020
f 1949 2021 2020
f 1949 1950 2021
f 1950 2022 2021
f 1950 1951 2022
f 1951 2023 2022
f 1951 1952 2023
f 1952 2024 2023
f 1952 1953 2024
f 1953 2025 2024
f 1953 1954 2025
f 1954 2026 2025
f 1954 1955 2026
f 1955 2027 2026
f 1955 1956 2027
f 1956 2028 2027
f 1956 1957 2028
f 1957 2029 2028
f 1957 1958 2029
f 1958 2030 2029
f 1958 1959 2030
f 1959 2031 2030
f 1959 1960 2031
f 1960 2032 2031
f 1960 1961 2032
f 1961 2033 2032
f 1961 1962 2033
f 1962 2034 2033
f 1962 1963 2034
f 1963 2035 2034
f 1963 1964 2035
f 1964 2036 2035
f 1964 1965 2036
f 1965 2037 2036
f 1965 1966 2037
f 1966 2038 2037
f 1966 1967 2038
f 1967 2039 2038
f 1967 1968 2039
f 1968 2040 2039
f 1968 1969 2040
f 1969 2041 2040
f 1969 1970 2041
f 1970 2042 2041
f 1970 1971 2042
f 1971 2043 2042
f 1971 1972 2043
f 1972 2044 2043
f 1972 1973 2044
f 1973 2045 2044
f 1973 1974 2045
f 1974 2046 2045
f 1974 1975 2046
f 1975 2047 2046
f 1975 1976 2047
f 1976 2048 2047
f 1976 1977 2048
f 1977 2049 2048
f 1977 1978 2049
f 1978 2050 2049
f 1978 1979 2050
f 1979 2051 2050
f 1979 1980 2051
f 1980 2052 2051
f 1980 1981 2052
f 1981 2053 2052
f 1981 1982 2053
f 1982 2054 2053
f 1982 1983 2054
f 1983 2055 2054
f 1983 1984 2055
f 1984 2056 2055
f 1984 1985 2056
f 1985 2057 2056
f 1985 1986 2057
f 1986 2058 2057
f 1986 1987 2058
f 1987 2059 2058
f 1987 1988 2059
f 1988 2060 2059
f 1988 1989 2060
f 1989 2061 2060
f 1989 1990 2061
f 1990 2062 2061
f 1990 1991 2062
f 1991 2063 2062
f 1991 1992 2063
f 1992 2064 2063
f 1992 1993 2064
f 1993 2065 2064
f 1993 1994 2065
f 1994 2066 2065
f 1994 1995 2066
f 1995 2067 2066
f 1995 1996 2067
f 1996 2068 2067
f 1996 1997 2068
f 1997 2069 2068
f 1997 1998 2069
f 1998 2070 2069
f 1998 1999 2070
f 1999 2071 2070
f 1999 2000 2071
f 2000 2072 2071
f 2000 2001 2072
f 2001 2073 2072
f 2001 2002 2073
f 2002 2074 2073
f 2002 2003 2074
f 2003 2075 2074
f 2003 2004 2075
f 2004 2076 2075
f 2004 2005 2076
f 2005 2077 2076
f 2005 2006 2077
f 2006 2078 2077
f 2006 2007 2078
f 2007 2079 2078
f 2007 2008 2079
f 2008 2080 2079
f 2008 2009 2080
f 2009 2081 2080
f 2009 2010 2081
f 2010 2082 2081
f 2010 2011 2082
f 2011 2083 2082
f 2011 2012 2083
f 2012 2084 2083
f 2012 2013 2084
f 2013 2085 2084
f 2013 2014 2085
f 2014 2086 2085
f 2014 2015 2086
f 2015 2087 2086
f 2015 2016 2087
f 2016 2088 2087
f 2016 1945 2088
f 1945 2017 2088
f 2017 2018 2089
f 2018 2090 2089
f 2018 2019 2090
f 2019 2091 2090
f 2019 2020 2091
f 2020 2092 2091
f 2020 2021 2092
f 2021 2093 2092
f 2021 2022 2093
f 2022 2094 2093
f 2022 2023 2094
f 2023 2095 2094
f 2023 2024 2095
f 2024 2096 2095
f 2024 2025 2096
f 2025 2097 2096
f 2025 2026 2097
f 2026 2098 2097
f 2026 2027 2098
f 2027 2099 2098
f 2027 2028 2099
f 2028 2100 2099
f 2028 2029 2100
f 2029 2101 2100
f 2029 2030 2101
f 2030 2102 2101
f 2030 2031 2102
f 2031 2103 2102
f 2031 2032 2103
f 2032 2104 2103
f 2032 2033 2104
f 2033 2105 2104
f 2033 2034 2105
f 2034 2106 2105
f 2034 2035 2106
f 2035 2107 2106
f 2035 2036 2107
f 2036 2108 2107
f 2036 2037 2108
f 2037 2109 2108
f 2037 2038 2109
f 2038 2110 2109
f 2038 2039 2110
f 2039 2111 2110
f 2039 2040 2111
f 2040 2112 2111
f 2040 2041 2112
f 2041 2113 2112
f 2041 2042 2113
f 2042 2114 2113
f 2042 2043 2114
f 2043 2115 2114
f 2043 2044 2115
f 2044 2116 2115
f 2044 2045 2116
f 2045 2117 2116
f 2045 2046 2117
f 2046 2118 2117
f 2046 2047 2118
f 2047 2119 2118
f 2047 2048 2119
f 2048 2120 2119
f 2048 2049 2120
f 2049 2121 2120
f 2049 2050 2121
f 2050 2122 2121
f 2050 2051 2122
f 2051 2123 2122
f 2051 2052 2123
f 2052 2124 2123
f 2052 2053 2124
f 2053 2125 2124
f 2053 2054 2125
f 2054 2126 2125
f 2054 2055 2126
f 2055 2127 2126
f 2055 2056 2127
f 2056 2128 2127
f 2056 2057 2128
f 2057 2129 2128
f 2057 2058 2129
f 2058 2130 2129
f 2058 2059 2130
f 2059 2131 2130
f 2059 2060 2131
f 2060 2132 2131
f 2060 2061 2132
f 2061 2133 2132
f 2061 2062 2133
f 2062 2134 2133
f 2062 2063 2134
f 2063 2135 2134
f 2063 2064 2135
f 2064 2136 2135
f 2064 2065 2136
f 2065 2137 2136
f 2065 2066 2137
f 2066 2138 2137
f 2066 2067 2138
f 2067 2139 2138
f 2067 2068 2139
f 2068 2140 2139
f 2068 2069 2140
f 2069 2141 2140
f 2069 2070 2141
f 2070 2142 2141
f 2070 2071 2142
f 2071 2143 2142
f 2071 2072 2143
f 2072 2144 2143
f 2072 2073 2144
f 2073 2145 2144
f 2073 2074 2145
f 2074 2146 2145
f 2074 2075 2146
f 2075 2147 2146
f 2075 2076 2147
f 2076 2148 2147
f 2076 2077 2148
f 2077 2149 2148
f 2077 2078 2149
f 2078 2150 2149
f 2078 2079 2150
f 2079 2151 2150
f 2079 2080 2151
f 2080 2152 2151
f 2080 2081 2152
f 2081 2153 2152
f 2081 2082 2153
f 2082 2154 2153
f 2082 2083 2154
f 2083 2155 2154
f 2083 2084 2155
f 2084 2156 2155
f 2084 2085 2156
f 2085 2157 2156
f 2085 2086 2157
f 2086 2158 2157
f 2086 2087 2158
f 2087 2159 2158
f 2087 2088 2159
f 2088 2160 2159
f 2088 2017 2160
f 2017 2089 2160
f 2089 2090 2161
f 2090 2162 2161
f 2090 2091 2162
f 2091 2163 2162
f 2091 2092 2163
f 2092 2164 2163
f 2092 2093 2164
f 2093 2165 2164
f 2093 2094 2165
f 2094 2166 2165
f 2094 2095 2166
f 2095 2167 2166
f 2095 2096 2167
f 2096 2168 2167
f 2096 2097 2168
f 2097 2169 2168
f 2097 2098 2169
f 2098 2170 2169
f 2098 2099 2170
f 2099 2171 2170
f 2099 2100 2171
f 2100 2172 2171
f 2100 2101 2172
f 2101 2173 2172
f 2101 2102 2173
f 2102 2174 2173
f 2102 2103 2174
f 2103 2175 2174
f 2103 2104 2175
f 2104 2176 2175
f 2104 2105 2176
f 2105 2177 2176
f 2105 2106 2177
f 2106 2178 2177
f 2106 2107 2178
f 2107 2179 2178
f 2107 2108 2179
f 2108 2180 2179
f 2108 2109 2180
f 2109 2181 2180
f 2109 2110 2181
f 2110 2182 2181
f 2110 2111 2182
f 2111 2183 2182
f 2111 2112 2183
f 2112 2184 2183
f 2112 2113 2184
f 2113 2185 2184
f 2113 2114 2185
f 2114 2186 2185
f 2114 2115 2186
f 2115 2187 2186
f 2115 2116 2187
f 2116 2188 2187
f 2116 2117 2188
f 2117 2189 2188
f 2117 2118 2189
f 2118 2190 2189
f 2118 2119 2190
f 2119 2191 2190
f 2119 2120 2191
f 2120 2192 2191
f 2120 2121 2192
f 2121 2193 2192
f 2121 2122 2193
f 2122 2194 2193
f 2122 2123 2194
f 2123 2195 2194
f 2123 2124 2195
f 2124 2196 2195
f 2124 2125 2196
f 2125 2197 2196
f 2125 2126 2197
f 2126 2198 2197
f 2126 2127 2198
f 2127 2199 2198
f 2127 2128 2199
f 2128 2200 2199
f 2128 2129 2200
f 2129 2201 2200
f 2129 2130 2201
f 2130 2202 2201
f 2130 2131 2202
f 2131 2203 2202
f 2131 2132 2203
f 2132 2204 2203
f 2132 2133 2204
f 2133 2205 2204
f 2133 2134 2205
f 2134 2206 2205
f 2134 2135 2206
f 2135 2207 2206
f 2135 2136 2207
f 2136 2208 2207
f 2136 2137 2208
f 2137 2209 2208
f 2137 2138 2209
f 2138 2210 2209
f 2138 2139 2210
f 2139 2211 2210
f 2139 2140 2211
f 2140 2212 2211
f 2140 2141 2212
f 2141 2213 2212
f 2141 2142 2213
f 2142 2214 2213
f 2142 2143 2214
f 2143 2215 2214
f 2143 2144 2215
f 2144 2216 2215
f 2144 2145 2216
f 2145 2217 2216
f 2145 2146 2217
f 2146 2218 2217
f 2146 2147 2218
f 2147 2219 2218
f 2147 2148 2219
f 2148 2220 2219
f 2148 2149 2220
f 2149 2221 2220
f 2149 2150 2221
f 2150 2222 2221
f 2150 2151 2222
f 2151 2223 2222
f 2151 2152 2223
f 2152 2224 2223
f 2152 2153 2224
f 2153 2225 2224
f 2153 2154 2225
f 2154 2226 2225
f 2154 2155 2226
f 2155 2227 2226
f 2155 2156 2227
f 2156 2228 2227
f 2156 2157 2228
f 2157 2229 2228
f 2157 2158 2229
f 2158 2230 2229
f 2158 2159 2230
f 2159 2231 2230
f 2159 2160 2231
f 2160 2232 2231
f 2160 2089 2232
f 2089 2161 2232
f 2161 2162 2233
f 2162 2234 2233
f 2162 2163 2234
f 2163 2235 2234
f 2163 2164 2235
f 2164 2236 2235
f 2164 2165 2236
f 2165 2237 2236
f 2165 2166 2237
f 2166 2238 2237
f 2166 2167 2238
f 2167 2239 2238
f 2167 2168 2239
f 2168 2240 2239
f 2168 2169 2240
f 2169 2241 2240
f 2169 2170 2241
f 2170 2242 2241
f 2170 2171 2242
f 2171 2243 2242
f 2171 2172 2243
f 2172 2244 2243
f 2172 2173 2244
f 2173 2245 2244
f 2173 2174 2245
f 2174 2246 2245
f 2174 2175 2246
f 2175 2247 2246
f 2175 2176 2247
f 2176 2248 2247
f 2176 2177 2248
f 2177 2249 2248
f 2177 2178 2249
f 2178 2250 2249
f 2178 2179 2250
f 2179 2251 2250
f 2179 2180 2251
f 2180 2252 2251
f 2180 2181 2252
f 2181 2253 2252
f 2181 2182 2253
f 2182 2254 2253
f 2182 2183 2254
f 2183 2255 2254
f 2183 2184 2255
f 2184 2256 2255
f 2184 2185 2256
f 2185 2257 2256
f 2185 2186 2257
f 2186 2258 2257
f 2186 2187 2258
f 2187 2259 2258
f 2187 2188 2259
f 2188 2260 2259
f 2188 2189 2260
f 2189 2261 2260
f 2189 2190 2261
f 2190 2262 2261
f 2190 2191 2262
f 2191 2263 2262
f 2191 2192 2263
f 2192 2264 2263
f 2192 2193 2264
f 2193 2265 2264
f 2193 2194 2265
f 2194 2266 2265
f 2194 2195 2266
f 2195 2267 2266
f 2195 2196 2267
f 2196 2268 2267
f 2196 2197 2268
f 2197 2269 2268
f 2197 2198 2269
f 2198 2270 2269
f 2198 2199 2270
f 2199 2271 2270
f 2199 2200 2271
f 2200 2272 2271
f 2200 2201 2272
f 2201 2273 2272
f 2201 2202 2273
f 2202 2274 2273
f 2202 2203 2274
f 2203 2275 2274
f 2203 2204 2275
f 2204 2276 2275
f 2204 2205 2276
f 2205 2277 2276
f 2205 2206 2277
f 2206 2278 2277
f 2206 2207 2278
f 2207 2279 2278
f 2207 2208 2279
f 2208 2280 2279
f 2208 2209 2280
f 2209 2281 2280
f 2209 2210 2281
f 2210 2282 2281
f 2210 2211 2282
f 2211 2283 2282
f 2211 2212 2283
f 2212 2284 2283
f 2212 2213 2284
f 2213 2285 2284
f 2213 2214 2285
f 2214 2286 2285
f 2214 2215 2286
f 2215 2287 2286
f 2215 2216 2287
f 2216 2288 2287
f 2216 2217 2288
f 2217 2289 2288
f 2217 2218 2289
f 2218 2290 2289
f 2218 2219 2290
f 2219 2291 2290
f 2219 2220 2291
f 2220 2292 2291
f 2220 2221 2292
f 2221 2293 2292
f 2221 2222 2293
f 2222 2294 2293
f 2222 2223 2294
f 2223 2295 2294
f 2223 2224 2295
f 2224 2296 2295
f 2224 2225 2296
f 2225 2297 2296
f 2225 2226 2297
f 2226 2298 2297
f 2226 2227 2298
f 2227 2299 2298
f 2227 2228 2299
f 2228 2300 2299
f 2228 2229 2300
f 2229 2301 2300
f 2229 2230 2301
f 2230 2302 2301
f 2230 2231 2302
f 2231 2303 2302
f 2231 2232 2303
f 2232 2304 2303
f 2232 2161 2304
f 2161 2233 2304
f 2233 2234 2305
f 2234 2306 2305
f 2234 2235 2306
f 2235 2307 2306
f 2235 2236 2307
f 2236 2308 2307
f 2236 2237 2308
f 2237 2309 2308
f 2237 2238 2309
f 2238 2310 2309
f 2238 2239 2310
f 2239 2311 2310
f 2239 2240 2311
f 2240 2312 2311
f 2240 2241 2312
f 2241 2313 2312
f 2241 2242 2313
f 2242 2314 2313
f 2242 2243 2314
f 2243 2315 2314
f 2243 2244 2315
f 2244 2316 2315
f 2244 2245 2316
f 2245 2317 2316
f 2245 2246 2317
f 2246 2318 2317
f 2246 2247 2318
f 2247 2319 2318
f 2247 2248 2319
f 2248 2320 2319
f 2248 2249 2320
f 2249 2321 2320
f 2249 2250 2321
f 2250 2322 2321
f 2250 2251 2322
f 2251 2323 2322
f 2251 2252 2323
f 2252 2324 2323
f 2252 2253 2324
f 2253 2325 2324
f 2253 2254 2325
f 2254 2326 2325
f 2254 2255 2326
f 2255 2327 2326
f 2255 2256 2327
f 2256 2328 2327
f 2256 2257 2328
f 2257 2329 2328
f 2257 2258 2329
f 2258 2330 2329
f 2258 2259 2330
f 2259 2331 2330
f 2259 2260 2331
f 2260 2332 2331
f 2260 2261 2332
f 2261 2333 2332
f 2261 2262 2333
f 2262 2334 2333
f 2262 2263 2334
f 2263 2335 2334
f 2263 2264 2335
f 2264 2336 2335
f 2264 2265 2336
f 2265 2337 2336
f 2265 2266 2337
f 2266 2338 2337
f 2266 2267 2338
f 2267 2339 2338
f 2267 2268 2339
f 2268 2340 2339
f 2268 2269 2340
f 2269 2341 2340
f 2269 2270 2341
f 2270 2342 2341
f 2270 2271 2342
f 2271 2343 2342
f 2271 2272 2343
f 2272 2344 2343
f 2272 2273 2344
f 2273 2345 2344
f 2273 2274 2345
f 2274 2346 2345
f 2274 2275 2346
f 2275 2347 2346
f 2275 2276 2347
f 2276 2348 2347
f 2276 2277 2348
f 2277 2349 2348
f 2277 2278 2349
f 2278 2350 2349
f 2278 2279 2350
f 2279 2351 2350
f 2279 2280 2351
f 2280 2352 2351
f 2280 2281 2352
f 2281 2353 2352
f 2281 2282 2353
f 2282 2354 2353
f 2282 2283 2354
f 2283 2355 2354
f 2283 2284 2355
f 2284 2356 2355
f 2284 2285 2356
f 2285 2357 2356
f 2285 2286 2357
f 2286 2358 2357
f 2286 2287 2358
f 2287 2359 2358
f 2287 2288 2359
f 2288 2360 2359
f 2288 2289 2360
f 2289 2361 2360
f 2289 2290 2361
f 2290 2362 2361
f 2290 2291 2362
f 2291 2363 2362
f 2291 2292 2363
f 2292 2364 2363
f 2292 2293 2364
f 2293 2365 2364
f 2293 2294 2365
f 2294 2366 2365
f 2294 2295 2366
f 2295 2367 2366
f 2295 2296 2367
f 2296 2368 2367
f 2296 2297 2368
f 2297 2369 2368
f 2297 2298 2369
f 2298 2370 2369
f 2298 2299 2370
f 2299 2371 2370
f 2299 2300 2371
f 2300 2372 2371
f 2300 2301 2372
f 2301 2373 2372
f 2301 2302 2373
f 2302 2374 2373
f 2302 2303 2374
f 2303 2375 2374
f 2303 2304 2375
f 2304 2376 2375
f 2304 2233 2376
f 2233 2305 2376
f 2305 2306 2377
f 2306 2378 2377
f 2306 2307 2378
f 2307 2379 2378
f 2307 2308 2379
f 2308 2380 2379
f 2308 2309 2380
f 2309 2381 2380
f 2309 2310 2381
f 2310 2382 2381
f 2310 2311 2382
f 2311 2383 2382
f 2311 2312 2383
f 2312 2384 2383
f 2312 2313 2384
f 2313 2385 2384
f 2313 2314 2385
f 2314 2386 2385
f 2314 2315 2386
f 2315 2387 2386
f 2315 2316 2387
f 2316 2388 2387
f 2316 2317 2388
f 2317 2389 2388
f 2317 2318 2389
f 2318 2390 2389
f 2318 2319 2390
f 2319 2391 2390
f 2319 2320 2391
f 2320 2392 2391
f 2320 2321 2392
f 2321 2393 2392
f 2321 2322 2393
f 2322 2394 2393
f 2322 2323 2394
f 2323 2395 2394
f 2323 2324 2395
f 2324 2396 2395
f 2324 2325 2396
f 2325 2397 2396
f 2325 2326 2397
f 2326 2398 2397
f 2326 2327 2398
f 2327 2399 2398
f 2327 2328 2399
f 2328 2400 2399
f 2328 2329 2400
f 2329 2401 2400
f 2329 2330 2401
f 2330 2402 2401
f 2330 2331 2402
f 2331 2403 2402
f 2331 2332 2403
f 2332 2404 2403
f 2332 2333 2404
f 2333 2405 2404
f 2333 2334 2405
f 2334 2406 2405
f 2334 2335 2406
f 2335 2407 2406
f 2335 2336 2407
f 2336 2408 2407
f 2336 2337 2408
f 2337 2409 2408
f 2337 2338 2409
f 2338 2410 2409
f 2338 2339 2410
f 2339 2411 2410
f 2339 2340 2411
f 2340 2412 2411
f 2340 2341 2412
f 2341 2413 2412
f 2341 2342 2413
f 2342 2414 2413
f 2342 2343 2414
f 2343 2415 2414
f 2343 2344 2415
f 2344 2416 2415
f 2344 2345 2416
f 2345 2417 2416
f 2345 2346 2417
f 2346 2418 2417
f 2346 2347 2418
f 2347 2419 2418
f 2347 2348 2419
f 2348 2420 2419
f 2348 2349 2420
f 2349 2421 2420
f 2349 2350 2421
f 2350 2422 2421
f 2350 2351 2422
f 2351 2423 2422
f 2351 2352 2423
f 2352 2424 2423
f 2352 2353 2424
f 2353 2425 2424
f 2353 2354 2425
f 2354 2426 2425
f 2354 2355 2426
f 2355 2427 2426
f 2355 2356 2427
f 2356 2428 2427
f 2356 2357 2428
f 2357 2429 2428
f 2357 2358 2429
f 2358 2430 2429
f 2358 2359 2430
f 2359 2431 2430
f 2359 2360 2431
f 2360 2432 2431
f 2360 2361 2432
f 2361 2433 2432
f 2361 2362 2433
f 2362 2434 2433
f 2362 2363 2434
f 2363 2435 2434
f 2363 2364 2435
f 2364 2436 2435
f 2364 2365 2436
f 2365 2437 2436
f 2365 2366 2437
f 2366 2438 2437
f 2366 2367 2438
f 2367 2439 2438
f 2367 2368 2439
f 2368 2440 2439
f 2368 2369 2440
f 2369 2441 2440
f 2369 2370 2441
f 2370 2442 2441
f 2370 2371 2442
f 2371 2443 2442
f 2371 2372 2443
f 2372 2444 2443
f 2372 2373 2444
f 2373 2445 2444
f 2373 2374 2445
f 2374 2446 2445
f 2374 2375 2446
f 2375 2447 2446
f 2375 2376 2447
f 2376 2448 2447
f 2376 2305 2448
f 2305 2377 2448
f 2377 2378 2449
f 2378 2450 2449
f 2378 2379 2450
f 2379 2451 2450
f 2379 2380 2451
f 2380 2452 2451
f 2380 2381 2452
f 2381 2453 2452
f 2381 2382 2453
f 2382 2454 2453
f 2382 2383 2454
f 2383 2455 2454
f 2383 2384 2455
f 2384 2456 2455
f 2384 2385 2456
f 2385 2457 2456
f 2385 2386 2457
f 2386 2458 2457
f 2386 2387 2458
f 2387 2459 2458
f 2387 2388 2459
f 2388 2460 2459
f 2388 2389 2460
f 2389 2461 2460
f 2389 2390 2461
f 2390 2462 2461
f 2390 2391 2462
f 2391 2463 2462
f 2391 2392 2463
f 2392 2464 2463
f 2392 2393 2464
f 2393 2465 2464
f 2393 2394 2465
f 2394 2466 2465
f 2394 2395 2466
f 2395 2467 2466
f 2395 2396 2467
f 2396 2468 2467
f 2396 2397 2468
f 2397 2469 2468
f 2397 2398 2469
f 2398 2470 2469
f 2398 2399 2470
f 2399 2471 2470
f 2399 2400 2471
f 2400 2472 2471
f 2400 2401 2472
f 2401 2473 2472
f 2401 2402 2473
f 2402 2474 2473
f 2402 2403 2474
f 2403 2475 2474
f 2403 2404 2475
f 2404 2476 2475
f 2404 2405 2476
f 2405 2477 2476
f 2405 2406 2477
f 2406 2478 2477
f 2406 2407 2478
f 2407 2479 2478
f 2407 2408 2479
f 2408 2480 2479
f 2408 2409 2480
f 2409 2481 2480
f 2409 2410 2481
f 2410 2482 2481
f 2410 2411 2482
f 2411 2483 2482
f 2411 2412 2483
f 2412 2484 2483
f 2412 2413 2484
f 2413 2485 2484
f 2413 2414 2485
f 2414 2486 2485
f 2414 2415 2486
f 2415 2487 2486
f 2415 2416 2487
f 2416 2488 2487
f 2416 2417 2488
f 2417 2489 2488
f 2417 2418 2489
f 2418 2490 2489
f 2418 2419 2490
f 2419 2491 2490
f 2419 2420 2491
f 2420 2492 2491
f 2420 2421 2492
f 2421 2493 2492
f 2421 2422 2493
f 2422 2494 2493
f 2422 2423 2494
f 2423 2495 2494
f 2423 2424 2495
f 2424 2496 2495
f 2424 2425 2496
f 2425 2497 2496
f 2425 2426 2497
f 2426 2498 2497
f 2426 2427 2498
f 2427 2499 2498
f 2427 2428 2499
f 2428 2500 2499
f 2428 2429 2500
f 2429 2501 2500
f 2429 2430 2501
f 2430 2502 2501
f 2430 2431 2502
f 2431 2503 2502
f 2431 2432 2503
f 2432 2504 2503
f 2432 2433 2504
f 2433 2505 2504
f 2433 2434 2505
f 2434 2506 2505
f 2434 2435 2506
f 2435 2507 2506
f 2435 2436 2507
f 2436 2508 2507
f 2436 2437 2508
f 2437 2509 2508
f 2437 2438 2509
f 2438 2510 2509
f 2438 2439 2510
f 2439 2511 2510
f 2439 2440 2511
f 2440 2512 2511
f 2440 2441 2512
f 2441 2513 2512
f 2441 2442 2513
f 2442 2514 2513
f 2442 2443 2514
f 2443 2515 2514
f 2443 2444 2515
f 2444 2516 2515
f 2444 2445 2516
f 2445 2517 2516
f 2445 2446 2517
f 2446 2518 2517
f 2446 2447 2518
f 2447 2519 2518
f 2447 2448 2519
f 2448 2520 2519
f 2448 2377 2520
f 2377 2449 2520
f 2449 2450 2521
f 2450 2522 2521
f 2450 2451 2522
f 2451 2523 2522
f 2451 2452 2523
f 2452 2524 2523
f 2452 2453 2524
f 2453 2525 2524
f 2453 2454 2525
f 2454 2526 2525
f 2454 2455 2526
f 2455 2527 2526
f 2455 2456 2527
f 2456 2528 2527
f 2456 2457 2528
f 2457 2529 2528
f 2457 2458 2529
f 2458 2530 2529
f 2458 2459 2530
f 2459 2531 2530
f 2459 2460 2531
f 2460 2532 2531
f 2460 2461 2532
f 2461 2533 2532
f 2461 2462 2533
f 2462 2534 2533
f 2462 2463 2534
f 2463 2535 2534
f 2463 2464 2535
f 2464 2536 2535
f 2464 2465 2536
f 2465 2537 2536
f 2465 2466 2537
f 2466 2538 2537
f 2466 2467 2538
f 2467 2539 2538
f 2467 2468 2539
f 2468 2540 2539
f 2468 2469 2540
f 2469 2541 2540
f 2469 2470 2541
f 2470 2542 2541
f 2470 2471 2542
f 2471 2543 2542
f 2471 2472 2543
f 2472 2544 2543
f 2472 2473 2544
f 2473 2545 2544
f 2473 2474 2545
f 2474 2546 2545
f 2474 2475 2546
f 2475 2547 2546
f 2475 2476 2547
f 2476 2548 2547
f 2476 2477 2548
f 2477 2549 2548
f 2477 2478 2549
f 2478 2550 2549
f 2478 2479 2550
f 2479 2551 2550
f 2479 2480 2551
f 2480 2552 2551
f 2480 2481 2552
f 2481 2553 2552
f 2481 2482 2553
f 2482 2554 2553
f 2482 2483 2554
f 2483 2555 2554
f 2483 2484 2555
f 2484 2556 2555
f 2484 2485 2556
f 2485 2557 2556
f 2485 2486 2557
f 2486 2558 2557
f 2486 2487 2558
f 2487 2559 2558
f 2487 2488 2559
f 2488 2560 2559
f 2488 2489 2560
f 2489 2561 2560
f 2489 2490 2561
f 2490 2562 2561
f 2490 2491 2562
f 2491 2563 2562
f 2491 2492 2563
f 2492 2564 2563
f 2492 2493 2564
f 2493 2565 2564
f 2493 2494 2565
f 2494 2566 2565
f 2494 2495 2566
f 2495 2567 2566
f 2495 2496 2567
f 2496 2568 2567
f 2496 2497 2568
f 2497 2569 2568
f 2497 2498 2569
f 2498 2570 2569
f 2498 2499 2570
f 2499 2571 2570
f 2499 2500 2571
f 2500 2572 2571
f 2500 2501 2572
f 2501 2573 2572
f 2501 2502 2573
f 2502 2574 2573
f 2502 2503 2574
f 2503 2575 2574
f 2503 2504 2575
f 2504 2576 2575
f 2504 2505 2576
f 2505 2577 2576
f 2505 2506 2577
f 2506 2578 2577
f 2506 2507 2578
f 2507 2579 2578
f 2507 2508 2579
f 2508 2580 2579
f 2508 2509 2580
f 2509 2581 2580
f 2509 2510 2581
f 2510 2582 2581
f 2510 2511 2582
f 2511 2583 2582
f 2511 2512 2583
f 2512 2584 2583
f 2512 2513 2584
f 2513 2585 2584
f 2513 2514 2585
f 2514 2586 2585
f 2514 2515 2586
f 2515 2587 2586
f 2515 2516 2587
f 2516 2588 2587
f 2516 2517 2588
f 2517 2589 2588
f 2517 2518 2589
f 2518 2590 2589
f 2518 2519 2590
f 2519 2591 2590
f 2519 2520 2591
f 2520 2592 2591
f 2520 2449 2592
f 2449 2521 2592
f 2521 2522 2593
f 2522 2594 2593
f 2522 2523 2594
f 2523 2595 2594
f 2523 2524 2595
f 2524 2596 2595
f 2524 2525 2596
f 2525 2597 2596
f 2525 2526 2597
f 2526 2598 2597
f 2526 2527 2598
f 2527 2599 2598
f 2527 2528 2599
f 2528 2600 2599
f 2528 2529 2600
f 2529 2601 2600
f 2529 2530 2601
f 2530 2602 2601
f 2530 2531 2602
f 2531 2603 2602
f 2531 2532 2603
f 2532 2604 2603
f 2532 2533 2604
f 2533 2605 2604
f 2533 2534 2605
f 2534 2606 2605
f 2534 2535 2606
f 2535 2607 2606
f 2535 2536 2607
f 2536 2608 2607
f 2536 2537 2608
f 2537 2609 2608
f 2537 2538 2609
f 2538 2610 2609
f 2538 2539 2610
f 2539 2611 2610
f 2539 2540 2611
f 2540 2612 2611
f 2540 2541 2612
f 2541 2613 2612
f 2541 2542 2613
f 2542 2614 2613
f 2542 2543 2614
f 2543 2615 2614
f 2543 2544 2615
f 2544 2616 2615
f 2544 2545 2616
f 2545 2617 2616
f 2545 2546 2617
f 2546 2618 2617
f 2546 2547 2618
f 2547 2619 2618
f 2547 2548 2619
f 2548 2620 2619
f 2548 2549 2620
f 2549 2621 2620
f 2549 2550 2621
f 2550 2622 2621
f 2550 2551 2622
f 2551 2623 2622
f 2551 2552 2623
f 2552 2624 2623
f 2552 2553 2624
f 2553 2625 2624
f 2553 2554 2625
f 2554 2626 2625
f 2554 2555 2626
f 2555 2627 2626
f 2555 2556 2627
f 2556 2628 2627
f 2556 2557 2628
f 2557 2629 2628
f 2557 2558 2629
f 2558 2630 2629
f 2558 2559 2630
f 2559 2631 2630
f 2559 2560 2631
f 2560 2632 2631
f 2560 2561 2632
f 2561 2633 2632
f 2561 2562 2633
f 2562 2634 2633
f 2562 2563 2634
f 2563 2635 2634
f 2563 2564 2635
f 2564 2636 2635
f 2564 2565 2636
f 2565 2637 2636
f 2565 2566 2637
f 2566 2638 2637
f 2566 2567 2638
f 2567 2639 2638
f 2567 2568 2639
f 2568 2640 2639
f 2568 2569 2640
f 2569 2641 2640
f 2569 2570 2641
f 2570 2642 2641
f 2570 2571 2642
f 2571 2643 2642
f 2571 2572 2643
f 2572 2644 2643
f 2572 2573 2644
f 2573 2645 2644
f 2573 2574 2645
f 2574 2646 2645
f 2574 2575 2646
f 2575 2647 2646
f 2575 2576 2647
f 2576 2648 2647
f 2576 2577 2648
f 2577 2649 2648
f 2577 2578 2649
f 2578 2650 2649
f 2578 2579 2650
f 2579 2651 2650
f 2579 2580 2651
f 2580 2652 2651
f 2580 2581 2652
f 2581 2653 2652
f 2581 2582 2653
f 2582 2654 2653
f 2582 2583 2654
f 2583 2655 2654
f 2583 2584 2655
f 2584 2656 2655
f 2584 2585 2656
f 2585 2657 2656
f 2585 2586 2657
f 2586 2658 2657
f 2586 2587 2658
f 2587 2659 2658
f 2587 2588 2659
f 2588 2660 2659
f 2588 2589 2660
f 2589 2661 2660
f 2589 2590 2661
f 2590 2662 2661
f 2590 2591 2662
f 2591 2663 2662
f 2591 2592 2663
f 2592 2664 2663
f 2592 2521 2664
f 2521 2593 2664
f 2593 2594 2665
f 2594 2666 2665
f 2594 2595 2666
f 2595 2667 2666
f 2595 2596 2667
f 2596 2668 2667
f 2596 2597 2668
f 2597 2669 2668
f 2597 2598 2669
f 2598 2670 2669
f 2598 2599 2670
f 2599 2671 2670
f 2599 2600 2671
f 2600 2672 2671
f 2600 2601 2672
f 2601 2673 2672
f 2601 2602 2673
f 2602 2674 2673
f 2602 2603 2674
f 2603 2675 2674
f 2603 2604 2675
f 2604 2676 2675
f 2604 2605 2676
f 2605 2677 2676
f 2605 2606 2677
f 2606 2678 2677
f 2606 2607 2678
f 2607 2679 2678
f 2607 2608 2679
f 2608 2680 2679
f 2608 2609 2680
f 2609 2681 2680
f 2609 2610 2681
f 2610 2682 2681
f 2610 2611 2682
f 2611 2683 2682
f 2611 2612 2683
f 2612 2684 2683
f 2612 2613 2684
f 2613 2685 2684
f 2613 2614 2685
f 2614 2686 2685
f 2614 2615 2686
f 2615 2687 2686
f 2615 2616 2687
f 2616 2688 2687
f 2616 2617 2688
f 2617 2689 2688
f 2617 2618 2689
f 2618 2690 2689
f 2618 2619 2690
f 2619 2691 2690
f 2619 2620 2691
f 2620 2692 2691
f 2620 2621 2692
f 2621 2693 2692
f 2621 2622 2693
f 2622 2694 2693
f 2622 2623 2694
f 2623 2695 2694
f 2623 2624 2695
f 2624 2696 2695
f 2624 2625 2696
f 2625 2697 2696
f 2625 2626 2697
f 2626 2698 2697
f 2626 2627 2698
f 2627 2699 2698
f 2627 2628 2699
f 2628 2700 2699
f 2628 2629 2700
f 2629 2701 2700
f 2629 2630 2701
f 2630 2702 2701
f 2630 2631 2702
f 2631 2703 2702
f 2631 2632 2703
f 2632 2704 2703
f 2632 2633 2704
f 2633 2705 2704
f 2633 2634 2705
f 2634 2706 2705
f 2634 2635 2706
f 2635 2707 2706
f 2635 2636 2707
f 2636 2708 2707
f 2636 2637 2708
f 2637 2709 2708
f 2637 2638 2709
f 2638 2710 2709
f 2638 2639 2710
f 2639 2711 2710
f 2639 2640 2711
f 2640 2712 2711
f 2640 2641 2712
f 2641 2713 2712
f 2641 2642 2713
f 2642 2714 2713
f 2642 2643 2714
f 2643 2715 2714
f 2643 2644 2715
f 2644 2716 2715
f 2644 2645 2716
f 2645 2717 2716
f 2645 2646 2717
f 2646 2718 2717
f 2646 2647 2718
f 2647 2719 2718
f 2647 2648 2719
f 2648 2720 2719
f 2648 2649 2720
f 2649 2721 2720
f 2649 2650 2721
f 2650 2722 2721
f 2650 2651 2722
f 2651 2723 2722
f 2651 2652 2723
f 2652 2724 2723
f 2652 2653 2724
f 2653 2725 2724
f 2653 2654 2725
f 2654 2726 2725
f 2654 2655 2726
f 2655 2727 2726
f 2655 2656 2727
f 2656 2728 2727
f 2656 2657 2728
f 2657 2729 2728
f 2657 2658 2729
f 2658 2730 2729
f 2658 2659 2730
f 2659 2731 2730
f 2659 2660 2731
f 2660 2732 2731
f 2660 2661 2732
f 2661 2733 2732
f 2661 2662 2733
f 2662 2734 2733
f 2662 2663 2734
f 2663 2735 2734
f 2663 2664 2735
f 2664 2736 2735
f 2664 2593 2736
f 2593 2665 2736
f 2665 2666 2737
f 2666 2738 2737
f 2666 2667 2738
f 2667 2739 2738
f 2667 2668 2739
f 2668 2740 2739
f 2668 2669 2740
f 2669 2741 2740
f 2669 2670 2741
f 2670 2742 2741
f 2670 2671 2742
f 2671 2743 2742
f 2671 2672 2743
f 2672 2744 2743
f 2672 2673 2744
f 2673 2745 2744
f 2673 2674 2745
f 2674 2746 2745
f 2674 2675 2746
f 2675 2747 2746
f 2675 2676 2747
f 2676 2748 2747
f 2676 2677 2748
f 2677 2749 2748
f 2677 2678 2749
f 2678 2750 2749
f 2678 2679 2750
f 2679 2751 2750
f 2679 2680 2751
f 2680 2752 2751
f 2680 2681 2752
f 2681 2753 2752
f 2681 2682 2753
f 2682 2754 2753
f 2682 2683 2754
f 2683 2755 2754
f 2683 2684 2755
f 2684 2756 2755
f 2684 2685 2756
f 2685 2757 2756
f 2685 2686 2757
f 2686 2758 2757
f 2686 2687 2758
f 2687 2759 2758
f 2687 2688 2759
f 2688 2760 2759
f 2688 2689 2760
f 2689 2761 2760
f 2689 2690 2761
f 2690 2762 2761
f 2690 2691 2762
f 2691 2763 2762
f 2691 2692 2763
f 2692 2764 2763
f 2692 2693 2764
f 2693 2765 2764
f 2693 2694 2765
f 2694 2766 2765
f 2694 2695 2766
f 2695 2767 2766
f 2695 2696 2767
f 2696 2768 2767
f 2696 2697 2768
f 2697 2769 2768
f 2697 2698 2769
f 2698 2770 2769
f 2698 2699 2770
f 2699 2771 2770
f 2699 2700 2771
f 2700 2772 2771
f 2700 2701 2772
f 2701 2773 2772
f 2701 2702 2773
f 2702 2774 2773
f 2702 2703 2774
f 2703 2775 2774
f 2703 2704 2775
f 2704 2776 2775
f 2704 2705 2776
f 2705 2777 2776
f 2705 2706 2777
f 2706 2778 2777
f 2706 2707 2778
f 2707 2779 2778
f 2707 2708 2779
f 2708 2780 2779
f 2708 2709 2780
f 2709 2781 2780
f 2709 2710 2781
f 2710 2782 2781
f 2710 2711 2782
f 2711 2783 2782
f 2711 2712 2783
f 2712 2784 2783
f 2712 2713 2784
f 2713 2785 2784
f 2713 2714 2785
f 2714 2786 2785
f 2714 2715 2786
f 2715 2787 2786
f 2715 2716 2787
f 2716 2788 2787
f 2716 2717 2788
f 2717 2789 2788
f 2717 2718 2789
f 2718 2790 2789
f 2718 2719 2790
f 2719 2791 2790
f 2719 2720 2791
f 2720 2792 2791
f 2720 2721 2792
f 2721 2793 2792
f 2721 2722 2793
f 2722 2794 2793
f 2722 2723 2794
f 2723 2795 2794
f 2723 2724 2795
f 2724 2796 2795
f 2724 2725 2796
f 2725 2797 2796
f 2725 2726 2797
f 2726 2798 2797
f 2726 2727 2798
f 2727 2799 2798
f 2727 2728 2799
f 2728 2800 2799
f 2728 2729 2800
f 2729 2801 2800
f 2729 2730 2801
f 2730 2802 2801
f 2730 2731 2802
f 2731 2803 2802
f 2731 2732 2803
f 2732 2804 2803
f 2732 2733 2804
f 2733 2805 2804
f 2733 2734 2805
f 2734 2806 2805
f 2734 2735 2806
f 2735 2807 2806
f 2735 2736 2807
f 2736 2808 2807
f 2736 2665 2808
f 2665 2737 2808
f 2737 2738 2809
f 2738 2810 2809
f 2738 2739 2810
f 2739 2811 2810
f 2739 2740 2811
f 2740 2812 2811
f 2740 2741 2812
f 2741 2813 2812
f 2741 2742 2813
f 2742 2814 2813
f 2742 2743 2814
f 2743 2815 2814
f 2743 2744 2815
f 2744 2816 2815
f 2744 2745 2816
f 2745 2817 2816
f 2745 2746 2817
f 2746 2818 2817
f 2746 2747 2818
f 2747 2819 2818
f 2747 2748 2819
f 2748 2820 2819
f 2748 2749 2820
f 2749 2821 2820
f 2749 2750 2821
f 2750 2822 2821
f 2750 2751 2822
f 2751 2823 2822
f 2751 2752 2823
f 2752 2824 2823
f 2752 2753 2824
f 2753 2825 2824
f 2753 2754 2825
f 2754 2826 2825
f 2754 2755 2826
f 2755 2827 2826
f 2755 2756 2827
f 2756 2828 2827
f 2756 2757 2828
f 2757 2829 2828
f 2757 2758 2829
f 2758 2830 2829
f 2758 2759 2830
f 2759 2831 2830
f 2759 2760 2831
f 2760 2832 2831
f 2760 2761 2832
f 2761 2833 2832
f 2761 2762 2833
f 2762 2834 2833
f 2762 2763 2834
f 2763 2835 2834
f 2763 2764 2835
f 2764 2836 2835
f 2764 2765 2836
f 2765 2837 2836
f 2765 2766 2837
f 2766 2838 2837
f 2766 2767 2838
f 2767 2839 2838
f 2767 2768 2839
f 2768 2840 2839
f 2768 2769 2840
f 2769 2841 2840
f 2769 2770 2841
f 2770 2842 2841
f 2770 2771 2842
f 2771 2843 2842
f 2771 2772 2843
f 2772 2844 2843
f 2772 2773 2844
f 2773 2845 2844
f 2773 2774 2845
f 2774 2846 2845
f 2774 2775 2846
f 2775 2847 2846
f 2775 2776 2847
f 2776 2848 2847
f 2776 2777 2848
f 2777 2849 2848
f 2777 2778 2849
f 2778 2850 2849
f 2778 2779 2850
f 2779 2851 2850
f 2779 2780 2851
f 2780 2852 2851
f 2780 2781 2852
f 2781 2853 2852
f 2781 2782 2853
f 2782 2854 2853
f 2782 2783 2854
f 2783 2855 2854
f 2783 2784 2855
f 2784 2856 2855
f 2784 2785 2856
f 2785 2857 2856
f 2785 2786 2857
f 2786 2858 2857
f 2786 2787 2858
f 2787 2859 2858
f 2787 2788 2859
f 2788 2860 2859
f 2788 2789 2860
f 2789 2861 2860
f 2789 2790 2861
f 2790 2862 2861
f 2790 2791 2862
f 2791 2863 2862
f 2791 2792 2863
f 2792 2864 2863
f 2792 2793 2864
f 2793 2865 2864
f 2793 2794 2865
f 2794 2866 2865
f 2794 2795 2866
f 2795 2867 2866
f 2795 2796 2867
f 2796 2868 2867
f 2796 2797 2868
f 2797 2869 2868
f 2797 2798 2869
f 2798 2870 2869
f 2798 2799 2870
f 2799 2871 2870
f 2799 2800 2871
f 2800 2872 2871
f 2800 2801 2872
f 2801 2873 2872
f 2801 2802 2873
f 2802 2874 2873
f 2802 2803 2874
f 2803 2875 2874
f 2803 2804 2875
f 2804 2876 2875
f 2804 2805 2876
f 2805 2877 2876
f 2805 2806 2877
f 2806 2878 2877
f 2806 2807 2878
f 2807 2879 2878
f 2807 2808 2879
f 2808 2880 2879
f 2808 2737 2880
f 2737 2809 2880
f 2809 2810 2881
f 2810 2882 2881
f 2810 2811 2882
f 2811 2883 2882
f 2811 2812 2883
f 2812 2884 2883
f 2812 2813 2884
f 2813 2885 2884
f 2813 2814 2885
f 2814 2886 2885
f 2814 2815 2886
f 2815 2887 2886
f 2815 2816 2887
f 2816 2888 2887
f 2816 2817 2888
f 2817 2889 2888
f 2817 2818 2889
f 2818 2890 2889
f 2818 2819 2890
f 2819 2891 2890
f 2819 2820 2891
f 2820 2892 2891
f 2820 2821 2892
f 2821 2893 2892
f 2821 2822 2893
f 2822 2894 2893
f 2822 2823 2894
f 2823 2895 2894
f 2823 2824 2895
f 2824 2896 2895
f 2824 2825 2896
f 2825 2897 2896
f 2825 2826 2897
f 2826 2898 2897
f 2826 2827 2898
f 2827 2899 2898
f 2827 2828 2899
f 2828 2900 2899
f 2828 2829 2900
f 2829 2901 2900
f 2829 2830 2901
f 2830 2902 2901
f 2830 2831 2902
f 2831 2903 2902
f 2831 2832 2903
f 2832 2904 2903
f 2832 2833 2904
f 2833 2905 2904
f 2833 2834 2905
f 2834 2906 2905
f 2834 2835 2906
f 2835 2907 2906
f 2835 2836 2907
f 2836 2908 2907
f 2836 2837 2908
f 2837 2909 2908
f 2837 2838 2909
f 2838 2910 2909
f 2838 2839 2910
f 2839 2911 2910
f 2839 2840 2911
f 2840 2912 2911
f 2840 2841 2912
f 2841 2913 2912
f 2841 2842 2913
f 2842 2914 2913
f 2842 2843 2914
f 2843 2915 2914
f 2843 2844 2915
f 2844 2916 2915
f 2844 2845 2916
f 2845 2917 2916
f 2845 2846 2917
f 2846 2918 2917
f 2846 2847 2918
f 2847 2919 2918
f 2847 2848 2919
f 2848 2920 2919
f 2848 2849 2920
f 2849 2921 2920
f 2849 2850 2921
f 2850 2922 2921
f 2850 2851 2922
f 2851 2923 2922
f 2851 2852 2923
f 2852 2924 2923
f 2852 2853 2924
f 2853 2925 2924
f 2853 2854 2925
f 2854 2926 2925
f 2854 2855 2926
f 2855 2927 2926
f 2855 2856 2927
f 2856 2928 2927
f 2856 2857 2928
f 2857 2929 2928
f 2857 2858 2929
f 2858 2930 2929
f 2858 2859 2930
f 2859 2931 2930
f 2859 2860 2931
f 2860 2932 2931
f 2860 2861 2932
f 2861 2933 2932
f 2861 2862 2933
f 2862 2934 2933
f 2862 2863 2934
f 2863 2935 2934
f 2863 2864 2935
f 2864 2936 2935
f 2864 2865 2936
f 2865 2937 2936
f 2865 2866 2937
f 2866 2938 2937
f 2866 2867 2938
f 2867 2939 2938
f 2867 2868 2939
f 2868 2940 2939
f 2868 2869 2940
f 2869 2941 2940
f 2869 2870 2941
f 2870 2942 2941
f 2870 2871 2942
f 2871 2943 2942
f 2871 2872 2943
f 2872 2944 2943
f 2872 2873 2944
f 2873 2945 2944
f 2873 2874 2945
f 2874 2946 2945
f 2874 2875 2946
f 2875 2947 2946
f 2875 2876 2947
f 2876 2948 2947
f 2876 2877 2948
f 2877 2949 2948
f 2877 2878 2949
f 2878 2950 2949
f 2878 2879 2950
f 2879 2951 2950
f 2879 2880 2951
f 2880 2952 2951
f 2880 2809 2952
f 2809 2881 2952
f 2881 2882 2953
f 2882 2954 2953
f 2882 2883 2954
f 2883 2955 2954
f 2883 2884 2955
f 2884 2956 2955
f 2884 2885 2956
f 2885 2957 2956
f 2885 2886 2957
f 2886 2958 2957
f 2886 2887 2958
f 2887 2959 2958
f 2887 2888 2959
f 2888 2960 2959
f 2888 2889 2960
f 2889 2961 2960
f 2889 2890 2961
f 2890 2962 2961
f 2890 2891 2962
f 2891 2963 2962
f 2891 2892 2963
f 2892 2964 2963
f 2892 2893 2964
f 2893 2965 2964
f 2893 2894 2965
f 2894 2966 2965
f 2894 2895 2966
f 2895 2967 2966
f 2895 2896 2967
f 2896 2968 2967
f 2896 2897 2968
f 2897 2969 2968
f 2897 2898 2969
f 2898 2970 2969
f 2898 2899 2970
f 2899 2971 2970
f 2899 2900 2971
f 2900 2972 2971
f 2900 2901 2972
f 2901 2973 2972
f 2901 2902 2973
f 2902 2974 2973
f 2902 2903 2974
f 2903 2975 2974
f 2903 2904 2975
f 2904 2976 2975
f 2904 2905 2976
f 2905 2977 2976
f 2905 2906 2977
f 2906 2978 2977
f 2906 2907 2978
f 2907 2979 2978
f 2907 2908 2979
f 2908 2980 2979
f 2908 2909 2980
f 2909 2981 2980
f 2909 2910 2981
f 2910 2982 2981
f 2910 2911 2982
f 2911 2983 2982
f 2911 2912 2983
f 2912 2984 2983
f 2912 2913 2984
f 2913 2985 2984
f 2913 2914 2985
f 2914 2986 2985
f 2914 2915 2986
f 2915 2987 2986
f 2915 2916 2987
f 2916 2988 2987
f 2916 2917 2988
f 2917 2989 2988
f 2917 2918 2989
f 2918 2990 2989
f 2918 2919 2990
f 2919 2991 2990
f 2919 2920 2991
f 2920 2992 2991
f 2920 2921 2992
f 2921 2993 2992
f 2921 2922 2993
f 2922 2994 2993
f 2922 2923 2994
f 2923 2995 2994
f 2923 2924 2995
f 2924 2996 2995
f 2924 2925 2996
f 2925 2997 2996
f 2925 2926 2997
f 2926 2998 2997
f 2926 2927 2998
f 2927 2999 2998
f 2927 2928 2999
f 2928 3000 2999
f 2928 2929 3000
f 2929 3001 3000
f 2929 2930 3001
f 2930 3002 3001
f 2930 2931 3002
f 2931 3003 3002
f 2931 2932 3003
f 2932 3004 3003
f 2932 2933 3004
f 2933 3005 3004
f 2933 2934 3005
f 2934 3006 3005
f 2934 2935 3006
f 2935 3007 3006
f 2935 2936 3007
f 2936 3008 3007
f 2936 2937 3008
f 2937 3009 3008
f 2937 2938 3009
f 2938 3010 3009
f 2938 2939 3010
f 2939 3011 3010
f 2939 2940 3011
f 2940 3012 3011
f 2940 2941 3012
f 2941 3013 3012
f 2941 2942 3013
f 2942 3014 3013
f 2942 2943 3014
f 2943 3015 3014
f 2943 2944 3015
f 2944 3016 3015
f 2944 2945 3016
f 2945 3017 3016
f 2945 2946 3017
f 2946 3018 3017
f 2946 2947 3018
f 2947 3019 3018
f 2947 2948 3019
f 2948 3020 3019
f 2948 2949 3020
f 2949 3021 3020
f 2949 2950 3021
f 2950 3022 3021
f 2950 2951 3022
f 2951 3023 3022
f 2951 2952 3023
f 2952 3024 3023
f 2952 2881 3024
f 2881 2953 3024
f 2953 2954 3025
f 2954 3026 3025
f 2954 2955 3026
f 2955 3027 3026
f 2955 2956 3027
f 2956 3028 3027
f 2956 2957 3028
f 2957 3029 3028
f 2957 2958 3029
f 2958 3030 3029
f 2958 2959 3030
f 2959 3031 3030
f 2959 2960 3031
f 2960 3032 3031
f 2960 2961 3032
f 2961 3033 3032
f 2961 2962 3033
f 2962 3034 3033
f 2962 2963 3034
f 2963 3035 3034
f 2963 2964 3035
f 2964 3036 3035
f 2964 2965 3036
f 2965 3037 3036
f 2965 2966 3037
f 2966 3038 3037
f 2966 2967 3038
f 2967 3039 3038
f 2967 2968 3039
f 2968 3040 3039
f 2968 2969 3040
f 2969 3041 3040
f 2969 2970 3041
f 2970 3042 3041
f 2970 2971 3042
f 2971 3043 3042
f 2971 2972 3043
f 2972 3044 3043
f 2972 2973 3044
f 2973 3045 3044
f 2973 2974 3045
f 2974 3046 3045
f 2974 2975 3046
f 2975 3047 3046
f 2975 2976 3047
f 2976 3048 3047
f 2976 2977 3048
f 2977 3049 3048
f 2977 2978 3049
f 2978 3050 3049
f 2978 2979 3050
f 2979 3051 3050
f 2979 2980 3051
f 2980 3052 3051
f 2980 2981 3052
f 2981 3053 3052
f 2981 2982 3053
f 2982 3054 3053
f 2982 2983 3054
f 2983 3055 3054
f 2983 2984 3055
f 2984 3056 3055
f 2984 2985 3056
f 2985 3057 3056
f 2985 2986 3057
f 2986 3058 3057
f 2986 2987 3058
f 2987 3059 3058
f 2987 2988 3059
f 2988 3060 3059
f 2988 2989 3060
f 2989 3061 3060
f 2989 2990 3061
f 2990 3062 3061
f 2990 2991 3062
f 2991 3063 3062
f 2991 2992 3063
f 2992 3064 3063
f 2992 2993 3064
f 2993 3065 3064
f 2993 2994 3065
f 2994 3066 3065
f 2994 2995 3066
f 2995 3067 3066
f 2995 2996 3067
f 2996 3068 3067
f 2996 2997 3068
f 2997 3069 3068
f 2997 2998 3069
f 2998 3070 3069
f 2998 2999 3070
f 2999 3071 3070
f 2999 3000 3071
f 3000 3072 3071
f 3000 3001 3072
f 3001 3073 3072
f 3001 3002 3073
f 3002 3074 3073
f 3002 3003 3074
f 3003 3075 3074
f 3003 3004 3075
f 3004 3076 3075
f 3004 3005 3076
f 3005 3077 3076
f 3005 3006 3077
f 3006 3078 3077
f 3006 3007 3078
f 3007 3079 3078
f 3007 3008 3079
f 3008 3080 3079
f 3008 3009 3080
f 3009 3081 3080
f 3009 3010 3081
f 3010 3082 3081
f 3010 3011 3082
f 3011 3083 3082
f 3011 3012 3083
f 3012 3084 3083
f 3012 3013 3084
f 3013 3085 3084
f 3013 3014 3085
f 3014 3086 3085
f 3014 3015 3086
f 3015 3087 3086
f 3015 3016 3087
f 3016 3088 3087
f 3016 3017 3088
f 3017 3089 3088
f 3017 3018 3089
f 3018 3090 3089
f 3018 3019 3090
f 3019 3091 3090
f 3019 3020 3091
f 3020 3092 3091
f 3020 3021 3092
f 3021 3093 3092
f 3021 3022 3093
f 3022 3094 3093
f 3022 3023 3094
f 3023 3095 3094
f 3023 3024 3095
f 3024 3096 3095
f 3024 2953 3096
f 2953 3025 3096
f 3025 3026 3097
f 3026 3098 3097
f 3026 3027 3098
f 3027 3099 3098
f 3027 3028 3099
f 3028 3100 3099
f 3028 3029 3100
f 3029 3101 3100
f 3029 3030 3101
f 3030 3102 3101
f 3030 3031 3102
f 3031 3103 3102
f 3031 3032 3103
f 3032 3104 3103
f 3032 3033 3104
f 3033 3105 3104
f 3033 3034 3105
f 3034 3106 3105
f 3034 3035 3106
f 3035 3107 3106
f 3035 3036 3107
f 3036 3108 3107
f 3036 3037 3108
f 3037 3109 3108
f 3037 3038 3109
f 3038 3110 3109
f 3038 3039 3110
f 3039 3111 3110
f 3039 3040 3111
f 3040 3112 3111
f 3040 3041 3112
f 3041 3113 3112
f 3041 3042 3113
f 3042 3114 3113
f 3042 3043 3114
f 3043 3115 3114
f 3043 3044 3115
f 3044 3116 3115
f 3044 3045 3116
f 3045 3117 3116
f 3045 3046 3117
f 3046 3118 3117
f 3046 3047 3118
f 3047 3119 3118
f 3047 3048 3119
f 3048 3120 3119
f 3048 3049 3120
f 3049 3121 3120
f 3049 3050 3121
f 3050 3122 3121
f 3050 3051 3122
f 3051 3123 3122
f 3051 3052 3123
f 3052 3124 3123
f 3052 3053 3124
f 3053 3125 3124
f 3053 3054 3125
f 3054 3126 3125
f 3054 3055 3126
f 3055 3127 3126
f 3055 3056 3127
f 3056 3128 3127
f 3056 3057 3128
f 3057 3129 3128
f 3057 3058 3129
f 3058 3130 3129
f 3058 3059 3130
f 3059 3131 3130
f 3059 3060 3131
f 3060 3132 3131
f 3060 3061 3132
f 3061 3133 3132
f 3061 3062 3133
f 3062 3134 3133
f 3062 3063 3134
f 3063 3135 3134
f 3063 3064 3135
f 3064 3136 3135
f 3064 3065 3136
f 3065 3137 3136
f 3065 3066 3137
f 3066 3138 3137
f 3066 3067 3138
f 3067 3139 3138
f 3067 3068 3139
f 3068 3140 3139
f 3068 3069 3140
f 3069 3141 3140
f 3069 3070 3141
f 3070 3142 3141
f 3070 3071 3142
f 3071 3143 3142
f 3071 3072 3143
f 3072 3144 3143
f 3072 3073 3144
f 3073 3145 3144
f 3073 3074 3145
f 3074 3146 3145
f 3074 3075 3146
f 3075 3147 3146
f 3075 3076 3147
f 3076 3148 3147
f 3076 3077 3148
f 3077 3149 3148
f 3077 3078 3149
f 3078 3150 3149
f 3078 3079 3150
f 3079 3151 3150
f 3079 3080 3151
f 3080 3152 3151
f 3080 3081 3152
f 3081 3153 3152
f 3081 3082 3153
f 3082 3154 3153
f 3082 3083 3154
f 3083 3155 3154
f 3083 3084 3155
f 3084 3156 3155
f 3084 3085 3156
f 3085 3157 3156
f 3085 3086 3157
f 3086 3158 3157
f 3086 3087 3158
f 3087 3159 3158
f 3087 3088 3159
f 3088 3160 3159
f 3088 3089 3160
f 3089 3161 3160
f 3089 3090 3161
f 3090 3162 3161
f 3090 3091 3162
f 3091 3163 3162
f 3091 3092 3163
f 3092 3164 3163
f 3092 3093 3164
f 3093 3165 3164
f 3093 3094 3165
f 3094 3166 3165
f 3094 3095 3166
f 3095 3167 3166
f 3095 3096 3167
f 3096 3168 3167
f 3096 3025 3168
f 3025 3097 3168
f 3097 3098 3169
f 3098 3170 3169
f 3098 3099 3170
f 3099 3171 3170
f 3099 3100 3171
f 3100 3172 3171
f 3100 3101 3172
f 3101 3173 3172
f 3101 3102 3173
f 3102 3174 3173
f 3102 3103 3174
f 3103 3175 3174
f 3103 3104 3175
f 3104 3176 3175
f 3104 3105 3176
f 3105 3177 3176
f 3105 3106 3177
f 3106 3178 3177
f 3106 3107 3178
f 3107 3179 3178
f 3107 3108 3179
f 3108 3180 3179
f 3108 3109 3180
f 3109 3181 3180
f 3109 3110 3181
f 3110 3182 3181
f 3110 3111 3182
f 3111 3183 3182
f 3111 3112 3183
f 3112 3184 3183
f 3112 3113 3184
f 3113 3185 3184
f 3113 3114 3185
f 3114 3186 3185
f 3114 3115 3186
f 3115 3187 3186
f 3115 3116 3187
f 3116 3188 3187
f 3116 3117 3188
f 3117 3189 3188
f 3117 3118 3189
f 3118 3190 3189
f 3118 3119 3190
f 3119 3191 3190
f 3119 3120 3191
f 3120 3192 3191
f 3120 3121 3192
f 3121 3193 3192
f 3121 3122 3193
f 3122 3194 3193
f 3122 3123 3194
f 3123 3195 3194
f 3123 3124 3195
f 3124 3196 3195
f 3124 3125 3196
f 3125 3197 3196
f 3125 3126 3197
f 3126 3198 3197
f 3126 3127 3198
f 3127 3199 3198
f 3127 3128 3199
f 3128 3200 3199
f 3128 3129 3200
f 3129 3201 3200
f 3129 3130 3201
f 3130 3202 3201
f 3130 3131 3202
f 3131 3203 3202
f 3131 3132 3203
f 3132 3204 3203
f 3132 3133 3204
f 3133 3205 3204
f 3133 3134 3205
f 3134 3206 3205
f 3134 3135 3206
f 3135 3207 3206
f 3135 3136 3207
f 3136 3208 3207
f 3136 3137 3208
f 3137 3209 3208
f 3137 3138 3209
f 3138 3210 3209
f 3138 3139 3210
f 3139 3211 3210
f 3139 3140 3211
f 3140 3212 3211
f 3140 3141 3212
f 3141 3213 3212
f 3141 3142 3213
f 3142 3214 3213
f 3142 3143 3214
f 3143 3215 3214
f 3143 3144 3215
f 3144 3216 3215
f 3144 3145 3216
f 3145 3217 3216
f 3145 3146 3217
f 3146 3218 3217
f 3146 3147 3218
f 3147 3219 3218
f 3147 3148 3219
f 3148 3220 3219
f 3148 3149 3220
f 3149 3221 3220
f 3149 3150 3221
f 3150 3222 3221
f 3150 3151 3222
f 3151 3223 3222
f 3151 3152 3223
f 3152 3224 3223
f 3152 3153 3224
f 3153 3225 3224
f 3153 3154 3225
f 3154 3226 3225
f 3154 3155 3226
f 3155 3227 3226
f 3155 3156 3227
f 3156 3228 3227
f 3156 3157 3228
f 3157 3229 3228
f 3157 3158 3229
f 3158 3230 3229
f 3158 3159 3230
f 3159 3231 3230
f 3159 3160 3231
f 3160 3232 3231
f 3160 3161 3232
f 3161 3233 3232
f 3161 3162 3233
f 3162 3234 3233
f 3162 3163 3234
f 3163 3235 3234
f 3163 3164 3235
f 3164 3236 3235
f 3164 3165 3236
f 3165 3237 3236
f 3165 3166 3237
f 3166 3238 3237
f 3166 3167 3238
f 3167 3239 3238
f 3167 3168 3239
f 3168 3240 3239
f 3168 3097 3240
f 3097 3169 3240
f 3169 3170 3241
f 3170 3242 3241
f 3170 3171 3242
f 3171 3243 3242
f 3171 3172 3243
f 3172 3244 3243
f 3172 3173 3244
f 3173 3245 3244
f 3173 3174 3245
f 3174 3246 3245
f 3174 3175 3246
f 3175 3247 3246
f 3175 3176 3247
f 3176 3248 3247
f 3176 3177 3248
f 3177 3249 3248
f 3177 3178 3249
f 3178 3250 3249
f 3178 3179 3250
f 3179 3251 3250
f 3179 3180 3251
f 3180 3252 3251
f 3180 3181 3252
f 3181 3253 3252
f 3181 3182 3253
f 3182 3254 3253
f 3182 3183 3254
f 3183 3255 3254
f 3183 3184 3255
f 3184 3256 3255
f 3184 3185 3256
f 3185 3257 3256
f 3185 3186 3257
f 3186 3258 3257
f 3186 3187 3258
f 3187 3259 3258
f 3187 3188 3259
f 3188 3260 3259
f 3188 3189 3260
f 3189 3261 3260
f 3189 3190 3261
f 3190 3262 3261
f 3190 3191 3262
f 3191 3263 3262
f 3191 3192 3263
f 3192 3264 3263
f 3192 3193 3264
f 3193 3265 3264
f 3193 3194 3265
f 3194 3266 3265
f 3194 3195 3266
f 3195 3267 3266
f 3195 3196 3267
f 3196 3268 3267
f 3196 3197 3268
f 3197 3269 3268
f 3197 3198 3269
f 3198 3270 3269
f 3198 3199 3270
f 3199 3271 3270
f 3199 3200 3271
f 3200 3272 3271
f 3200 3201 3272
f 3201 3273 3272
f 3201 3202 3273
f 3202 3274 3273
f 3202 3203 3274
f 3203 3275 3274
f 3203 3204 3275
f 3204 3276 3275
f 3204 3205 3276
f 3205 3277 3276
f 3205 3206 3277
f 3206 3278 3277
f 3206 3207 3278
f 3207 3279 3278
f 3207 3208 3279
f 3208 3280 3279
f 3208 3209 3280
f 3209 3281 3280
f 3209 3210 3281
f 3210 3282 3281
f 3210 3211 3282
f 3211 3283 3282
f 3211 3212 3283
f 3212 3284 3283
f 3212 3213 3284
f 3213 3285 3284
f 3213 3214 3285
f 3214 3286 3285
f 3214 3215 3286
f 3215 3287 3286
f 3215 3216 3287
f 3216 3288 3287
f 3216 3217 3288
f 3217 3289 3288
f 3217 3218 3289
f 3218 3290 3289
f 3218 3219 3290
f 3219 3291 3290
f 3219 3220 3291
f 3220 3292 3291
f 3220 3221 3292
f 3221 3293 3292
f 3221 3222 3293
f 3222 3294 3293
f 3222 3223 3294
f 3223 3295 3294
f 3223 3224 3295
f 3224 3296 3295
f 3224 3225 3296
f 3225 3297 3296
f 3225 3226 3297
f 3226 3298 3297
f 3226 3227 3298
f 3227 3299 3298
f 3227 3228 3299
f 3228 3300 3299
f 3228 3229 3300
f 3229 3301 3300
f 3229 3230 3301
f 3230 3302 3301
f 3230 3231 3302
f 3231 3303 3302
f 3231 3232 3303
f 3232 3304 3303
f 3232 3233 3304
f 3233 3305 3304
f 3233 3234 3305
f 3234 3306 3305
f 3234 3235 3306
f 3235 3307 3306
f 3235 3236 3307
f 3236 3308 3307
f 3236 3237 3308
f 3237 3309 3308
f 3237 3238 3309
f 3238 3310 3309
f 3238 3239 3310
f 3239 3311 3310
f 3239 3240 3311
f 3240 3312 3311
f 3240 3169 3312
f 3169 3241 3312
f 3241 3242 3313
f 3242 3314 3313
f 3242 3243 3314
f 3243 3315 3314
f 3243 3244 3315
f 3244 3316 3315
f 3244 3245 3316
f 3245 3317 3316
f 3245 3246 3317
f 3246 3318 3317
f 3246 3247 3318
f 3247 3319 3318
f 3247 3248 3319
f 3248 3320 3319
f 3248 3249 3320
f 3249 3321 3320
f 3249 3250 3321
f 3250 3322 3321
f 3250 3251 3322
f 3251 3323 3322
f 3251 3252 3323
f 3252 3324 3323
f 3252 3253 3324
f 3253 3325 3324
f 3253 3254 3325
f 3254 3326 3325
f 3254 3255 3326
f 3255 3327 3326
f 3255 3256 3327
f 3256 3328 3327
f 3256 3257 3328
f 3257 3329 3328
f 3257 3258 3329
f 3258 3330 3329
f 3258 3259 3330
f 3259 3331 3330
f 3259 3260 3331
f 3260 3332 3331
f 3260 3261 3332
f 3261 3333 3332
f 3261 3262 3333
f 3262 3334 3333
f 3262 3263 3334
f 3263 3335 3334
f 3263 3264 3335
f 3264 3336 3335
f 3264 3265 3336
f 3265 3337 3336
f 3265 3266 3337
f 3266 3338 3337
f 3266 3267 3338
f 3267 3339 3338
f 3267 3268 3339
f 3268 3340 3339
f 3268 3269 3340
f 3269 3341 3340
f 3269 3270 3341
f 3270 3342 3341
f 3270 3271 3342
f 3271 3343 3342
f 3271 3272 3343
f 3272 3344 3343
f 3272 3273 3344
f 3273 3345 3344
f 3273 3274 3345
f 3274 3346 3345
f 3274 3275 3346
f 3275 3347 3346
f 3275 3276 3347
f 3276 3348 3347
f 3276 3277 3348
f 3277 3349 3348
f 3277 3278 3349
f 3278 3350 3349
f 3278 3279 3350
f 3279 3351 3350
f 3279 3280 3351
f 3280 3352 3351
f 3280 3281 3352
f 3281 3353 3352
f 3281 3282 3353
f 3282 3354 3353
f 3282 3283 3354
f 3283 3355 3354
f 3283 3284 3355
f 3284 3356 3355
f 3284 3285 3356
f 3285 3357 3356
f 3285 3286 3357
f 3286 3358 3357
f 3286 3287 3358
f 3287 3359 3358
f 3287 3288 3359
f 3288 3360 3359
f 3288 3289 3360
f 3289 3361 3360
f 3289 3290 3361
f 3290 3362 3361
f 3290 3291 3362
f 3291 3363 3362
f 3291 3292 3363
f 3292 3364 3363
f 3292 3293 3364
f 3293 3365 3364
f 3293 3294 3365
f 3294 3366 3365
f 3294 3295 3366
f 3295 3367 3366
f 3295 3296 3367
f 3296 3368 3367
f 3296 3297 3368
f 3297 3369 3368
f 3297 3298 3369
f 3298 3370 3369
f 3298 3299 3370
f 3299 3371 3370
f 3299 3300 3371
f 3300 3372 3371
f 3300 3301 3372
f 3301 3373 3372
f 3301 3302 3373
f 3302 3374 3373
f 3302 3303 3374
f 3303 3375 3374
f 3303 3304 3375
f 3304 3376 3375
f 3304 3305 3376
f 3305 3377 3376
f 3305 3306 3377
f 3306 3378 3377
f 3306 3307 3378
f 3307 3379 3378
f 3307 3308 3379
f 3308 3380 3379
f 3308 3309 3380
f 3309 3381 3380
f 3309 3310 3381
f 3310 3382 3381
f 3310 3311 3382
f 3311 3383 3382
f 3311 3312 3383
f 3312 3384 3383
f 3312 3241 3384
f 3241 3313 3384
f 3313 3314 3385
f 3314 3386 3385
f 3314 3315 3386
f 3315 3387 3386
f 3315 3316 3387
f 3316 3388 3387
f 3316 3317 3388
f 3317 3389 3388
f 3317 3318 3389
f 3318 3390 3389
f 3318 3319 3390
f 3319 3391 3390
f 3319 3320 3391
f 3320 3392 3391
f 3320 3321 3392
f 3321 3393 3392
f 3321 3322 3393
f 3322 3394 3393
f 3322 3323 3394
f 3323 3395 3394
f 3323 3324 3395
f 3324 3396 3395
f 3324 3325 3396
f 3325 3397 3396
f 3325 3326 3397
f 3326 3398 3397
f 3326 3327 3398
f 3327 3399 3398
f 3327 3328 3399
f 3328 3400 3399
f 3328 3329 3400
f 3329 3401 3400
f 3329 3330 3401
f 3330 3402 3401
f 3330 3331 3402
f 3331 3403 3402
f 3331 3332 3403
f 3332 3404 3403
f 3332 3333 3404
f 3333 3405 3404
f 3333 3334 3405
f 3334 3406 3405
f 3334 3335 3406
f 3335 3407 3406
f 3335 3336 3407
f 3336 3408 3407
f 3336 3337 3408
f 3337 3409 3408
f 3337 3338 3409
f 3338 3410 3409
f 3338 3339 3410
f 3339 3411 3410
f 3339 3340 3411
f 3340 3412 3411
f 3340 3341 3412
f 3341 3413 3412
f 3341 3342 3413
f 3342 3414 3413
f 3342 3343 3414
f 3343 3415 3414
f 3343 3344 3415
f 3344 3416 3415
f 3344 3345 3416
f 3345 3417 3416
f 3345 3346 3417
f 3346 3418 3417
f 3346 3347 3418
f 3347 3419 3418
f 3347 3348 3419
f 3348 3420 3419
f 3348 3349 3420
f 3349 3421 3420
f 3349 3350 3421
f 3350 3422 3421
f 3350 3351 3422
f 3351 3423 3422
f 3351 3352 3423
f 3352 3424 3423
f 3352 3353 3424
f 3353 3425 3424
f 3353 3354 3425
f 3354 3426 3425
f 3354 3355 3426
f 3355 3427 3426
f 3355 3356 3427
f 3356 3428 3427
f 3356 3357 3428
f 3357 3429 3428
f 3357 3358 3429
f 3358 3430 3429
f 3358 3359 3430
f 3359 3431 3430
f 3359 3360 3431
f 3360 3432 3431
f 3360 3361 3432
f 3361 3433 3432
f 3361 3362 3433
f 3362 3434 3433
f 3362 3363 3434
f 3363 3435 3434
f 3363 3364 3435
f 3364 3436 3435
f 3364 3365 3436
f 3365 3437 3436
f 3365 3366 3437
f 3366 3438 3437
f 3366 3367 3438
f 3367 3439 3438
f 3367 3368 3439
f 3368 3440 3439
f 3368 3369 3440
f 3369 3441 3440
f 3369 3370 3441
f 3370 3442 3441
f 3370 3371 3442
f 3371 3443 3442
f 3371 3372 3443
f 3372 3444 3443
f 3372 3373 3444
f 3373 3445 3444
f 3373 3374 3445
f 3374 3446 3445
f 3374 3375 3446
f 3375 3447 3446
f 3375 3376 3447
f 3376 3448 3447
f 3376 3377 3448
f 3377 3449 3448
f 3377 3378 3449
f 3378 3450 3449
f 3378 3379 3450
f 3379 3451 3450
f 3379 3380 3451
f 3380 3452 3451
f 3380 3381 3452
f 3381 3453 3452
f 3381 3382 3453
f 3382 3454 3453
f 3382 3383 3454
f 3383 3455 3454
f 3383 3384 3455
f 3384 3456 3455
f 3384 3313 3456
f 3313 3385 3456
f 3385 3386 3457
f 3386 3458 3457
f 3386 3387 3458
f 3387 3459 3458
f 3387 3388 3459
f 3388 3460 3459
f 3388 3389 3460
f 3389 3461 3460
f 3389 3390 3461
f 3390 3462 3461
f 3390 3391 3462
f 3391 3463 3462
f 3391 3392 3463
f 3392 3464 3463
f 3392 3393 3464
f 3393 3465 3464
f 3393 3394 3465
f 3394 3466 3465
f 3394 3395 3466
f 3395 3467 3466
f 3395 3396 3467
f 3396 3468 3467
f 3396 3397 3468
f 3397 3469 3468
f 3397 3398 3469
f 3398 3470 3469
f 3398 3399 3470
f 3399 3471 3470
f 3399 3400 3471
f 3400 3472 3471
f 3400 3401 3472
f 3401 3473 3472
f 3401 3402 3473
f 3402 3474 3473
f 3402 3403 3474
f 3403 3475 3474
f 3403 3404 3475
f 3404 3476 3475
f 3404 3405 3476
f 3405 3477 3476
f 3405 3406 3477
f 3406 3478 3477
f 3406 3407 3478
f 3407 3479 3478
f 3407 3408 3479
f 3408 3480 3479
f 3408 3409 3480
f 3409 3481 3480
f 3409 3410 3481
f 3410 3482 3481
f 3410 3411 3482
f 3411 3483 3482
f 3411 3412 3483
f 3412 3484 3483
f 3412 3413 3484
f 3413 3485 3484
f 3413 3414 3485
f 3414 3486 3485
f 3414 3415 3486
f 3415 3487 3486
f 3415 3416 3487
f 3416 3488 3487
f 3416 3417 3488
f 3417 3489 3488
f 3417 3418 3489
f 3418 3490 3489
f 3418 3419 3490
f 3419 3491 3490
f 3419 3420 3491
f 3420 3492 3491
f 3420 3421 3492
f 3421 3493 3492
f 3421 3422 3493
f 3422 3494 3493
f 3422 3423 3494
f 3423 3495 3494
f 3423 3424 3495
f 3424 3496 3495
f 3424 3425 3496
f 3425 3497 3496
f 3425 3426 3497
f 3426 3498 3497
f 3426 3427 3498
f 3427 3499 3498
f 3427 3428 3499
f 3428 3500 3499
f 3428 3429 3500
f 3429 3501 3500
f 3429 3430 3501
f 3430 3502 3501
f 3430 3431 3502
f 3431 3503 3502
f 3431 3432 3503
f 3432 3504 3503
f 3432 3433 3504
f 3433 3505 3504
f 3433 3434 3505
f 3434 3506 3505
f 3434 3435 3506
f 3435 3507 3506
f 3435 3436 3507
f 3436 3508 3507
f 3436 3437 3508
f 3437 3509 3508
f 3437 3438 3509
f 3438 3510 3509
f 3438 3439 3510
f 3439 3511 3510
f 3439 3440 3511
f 3440 3512 3511
f 3440 3441 3512
f 3441 3513 3512
f 3441 3442 3513
f 3442 3514 3513
f 3442 3443 3514
f 3443 3515 3514
f 3443 3444 3515
f 3444 3516 3515
f 3444 3445 3516
f 3445 3517 3516
f 3445 3446 3517
f 3446 3518 3517
f 3446 3447 3518
f 3447 3519 3518
f 3447 3448 3519
f 3448 3520 3519
f 3448 3449 3520
f 3449 3521 3520
f 3449 3450 3521
f 3450 3522 3521
f 3450 3451 3522
f 3451 3523 3522
f 3451 3452 3523
f 3452 3524 3523
f 3452 3453 3524
f 3453 3525 3524
f 3453 3454 3525
f 3454 3526 3525
f 3454 3455 3526
f 3455 3527 3526
f 3455 3456 3527
f 3456 3528 3527
f 3456 3385 3528
f 3385 3457 3528
f 3457 3458 3529
f 3458 3530 3529
f 3458 3459 3530
f 3459 3531 3530
f 3459 3460 3531
f 3460 3532 3531
f 3460 3461 3532
f 3461 3533 3532
f 3461 3462 3533
f 3462 3534 3533
f 3462 3463 3534
f 3463 3535 3534
f 3463 3464 3535
f 3464 3536 3535
f 3464 3465 3536
f 3465 3537 3536
f 3465 3466 3537
f 3466 3538 3537
f 3466 3467 3538
f 3467 3539 3538
f 3467 3468 3539
f 3468 3540 3539
f 3468 3469 3540
f 3469 3541 3540
f 3469 3470 3541
f 3470 3542 3541
f 3470 3471 3542
f 3471 3543 3542
f 3471 3472 3543
f 3472 3544 3543
f 3472 3473 3544
f 3473 3545 3544
f 3473 3474 3545
f 3474 3546 3545
f 3474 3475 3546
f 3475 3547 3546
f 3475 3476 3547
f 3476 3548 3547
f 3476 3477 3548
f 3477 3549 3548
f 3477 3478 3549
f 3478 3550 3549
f 3478 3479 3550
f 3479 3551 3550
f 3479 3480 3551
f 3480 3552 3551
f 3480 3481 3552
f 3481 3553 3552
f 3481 3482 3553
f 3482 3554 3553
f 3482 3483 3554
f 3483 3555 3554
f 3483 3484 3555
f 3484 3556 3555
f 3484 3485 3556
f 3485 3557 3556
f 3485 3486 3557
f 3486 3558 3557
f 3486 3487 3558
f 3487 3559 3558
f 3487 3488 3559
f 3488 3560 3559
f 3488 3489 3560
f 3489 3561 3560
f 3489 3490 3561
f 3490 3562 3561
f 3490 3491 3562
f 3491 3563 3562
f 3491 3492 3563
f 3492 3564 3563
f 3492 3493 3564
f 3493 3565 3564
f 3493 3494 3565
f 3494 3566 3565
f 3494 3495 3566
f 3495 3567 3566
f 3495 3496 3567
f 3496 3568 3567
f 3496 3497 3568
f 3497 3569 3568
f 3497 3498 3569
f 3498 3570 3569
f 3498 3499 3570
f 3499 3571 3570
f 3499 3500 3571
f 3500 3572 3571
f 3500 3501 3572
f 3501 3573 3572
f 3501 3502 3573
f 3502 3574 3573
f 3502 3503 3574
f 3503 3575 3574
f 3503 3504 3575
f 3504 3576 3575
f 3504 3505 3576
f 3505 3577 3576
f 3505 3506 3577
f 3506 3578 3577
f 3506 3507 3578
f 3507 3579 3578
f 3507 3508 3579
f 3508 3580 3579
f 3508 3509 3580
f 3509 3581 3580
f 3509 3510 3581
f 3510 3582 3581
f 3510 3511 3582
f 3511 3583 3582
f 3511 3512 3583
f 3512 3584 3583
f 3512 3513 3584
f 3513 3585 3584
f 3513 3514 3585
f 3514 3586 3585
f 3514 3515 3586
f 3515 3587 3586
f 3515 3516 3587
f 3516 3588 3587
f 3516 3517 3588
f 3517 3589 3588
f 3517 3518 3589
f 3518 3590 3589
f 3518 3519 3590
f 3519 3591 3590
f 3519 3520 3591
f 3520 3592 3591
f 3520 3521 3592
f 3521 3593 3592
f 3521 3522 3593
f 3522 3594 3593
f 3522 3523 3594
f 3523 3595 3594
f 3523 3524 3595
f 3524 3596 3595
f 3524 3525 3596
f 3525 3597 3596
f 3525 3526 3597
f 3526 3598 3597
f 3526 3527 3598
f 3527 3599 3598
f 3527 3528 3599
f 3528 3600 3599
f 3528 3457 3600
f 3457 3529 3600
f 3529 3530 3601
f 3530 3602 3601
f 3530 3531 3602
f 3531 3603 3602
f 3531 3532 3603
f 3532 3604 3603
f 3532 3533 3604
f 3533 3605 3604
f 3533 3534 3605
f 3534 3606 3605
f 3534 3535 3606
f 3535 3607 3606
f 3535 3536 3607
f 3536 3608 3607
f 3536 3537 3608
f 3537 3609 3608
f 3537 3538 3609
f 3538 3610 3609
f 3538 3539 3610
f 3539 3611 3610
f 3539 3540 3611
f 3540 3612 3611
f 3540 3541 3612
f 3541 3613 3612
f 3541 3542 3613
f 3542 3614 3613
f 3542 3543 3614
f 3543 3615 3614
f 3543 3544 3615
f 3544 3616 3615
f 3544 3545 3616
f 3545 3617 3616
f 3545 3546 3617
f 3546 3618 3617
f 3546 3547 3618
f 3547 3619 3618
f 3547 3548 3619
f 3548 3620 3619
f 3548 3549 3620
f 3549 3621 3620
f 3549 3550 3621
f 3550 3622 3621
f 3550 3551 3622
f 3551 3623 3622
f 3551 3552 3623
f 3552 3624 3623
f 3552 3553 3624
f 3553 3625 3624
f 3553 3554 3625
f 3554 3626 3625
f 3554 3555 3626
f 3555 3627 3626
f 3555 3556 3627
f 3556 3628 3627
f 3556 3557 3628
f 3557 3629 3628
f 3557 3558 3629
f 3558 3630 3629
f 3558 3559 3630
f 3559 3631 3630
f 3559 3560 3631
f 3560 3632 3631
f 3560 3561 3632
f 3561 3633 3632
f 3561 3562 3633
f 3562 3634 3633
f 3562 3563 3634
f 3563 3635 3634
f 3563 3564 3635
f 3564 3636 3635
f 3564 3565 3636
f 3565 3637 3636
f 3565 3566 3637
f 3566 3638 3637
f 3566 3567 3638
f 3567 3639 3638
f 3567 3568 3639
f 3568 3640 3639
f 3568 3569 3640
f 3569 3641 3640
f 3569 3570 3641
f 3570 3642 3641
f 3570 3571 3642
f 3571 3643 3642
f 3571 3572 3643
f 3572 3644 3643
f 3572 3573 3644
f 3573 3645 3644
f 3573 3574 3645
f 3574 3646 3645
f 3574 3575 3646
f 3575 3647 3646
f 3575 3576 3647
f 3576 3648 3647
f 3576 3577 3648
f 3577 3649 3648
f 3577 3578 3649
f 3578 3650 3649
f 3578 3579 3650
f 3579 3651 3650
f 3579 3580 3651
f 3580 3652 3651
f 3580 3581 3652
f 3581 3653 3652
f 3581 3582 3653
f 3582 3654 3653
f 3582 3583 3654
f 3583 3655 3654
f 3583 3584 3655
f 3584 3656 3655
f 3584 3585 3656
f 3585 3657 3656
f 3585 3586 3657
f 3586 3658 3657
f 3586 3587 3658
f 3587 3659 3658
f 3587 3588 3659
f 3588 3660 3659
f 3588 3589 3660
f 3589 3661 3660
f 3589 3590 3661
f 3590 3662 3661
f 3590 3591 3662
f 3591 3663 3662
f 3591 3592 3663
f 3592 3664 3663
f 3592 3593 3664
f 3593 3665 3664
f 3593 3594 3665
f 3594 3666 3665
f 3594 3595 3666
f 3595 3667 3666
f 3595 3596 3667
f 3596 3668 3667
f 3596 3597 3668
f 3597 3669 3668
f 3597 3598 3669
f 3598 3670 3669
f 3598 3599 3670
f 3599 3671 3670
f 3599 3600 3671
f 3600 3672 3671
f 3600 3529 3672
f 3529 3601 3672
f 3601 3602 3673
f 3602 3674 3673
f 3602 3603 3674
f 3603 3675 3674
f 3603 3604 3675
f 3604 3676 3675
f 3604 3605 3676
f 3605 3677 3676
f 3605 3606 3677
f 3606 3678 3677
f 3606 3607 3678
f 3607 3679 3678
f 3607 3608 3679
f 3608 3680 3679
f 3608 3609 3680
f 3609 3681 3680
f 3609 3610 3681
f 3610 3682 3681
f 3610 3611 3682
f 3611 3683 3682
f 3611 3612 3683
f 3612 3684 3683
f 3612 3613 3684
f 3613 3685 3684
f 3613 3614 3685
f 3614 3686 3685
f 3614 3615 3686
f 3615 3687 3686
f 3615 3616 3687
f 3616 3688 3687
f 3616 3617 3688
f 3617 3689 3688
f 3617 3618 3689
f 3618 3690 3689
f 3618 3619 3690
f 3619 3691 3690
f 3619 3620 3691
f 3620 3692 3691
f 3620 3621 3692
f 3621 3693 3692
f 3621 3622 3693
f 3622 3694 3693
f 3622 3623 3694
f 3623 3695 3694
f 3623 3624 3695
f 3624 3696 3695
f 3624 3625 3696
f 3625 3697 3696
f 3625 3626 3697
f 3626 3698 3697
f 3626 3627 3698
f 3627 3699 3698
f 3627 3628 3699
f 3628 3700 3699
f 3628 3629 3700
f 3629 3701 3700
f 3629 3630 3701
f 3630 3702 3701
f 3630 3631 3702
f 3631 3703 3702
f 3631 3632 3703
f 3632 3704 3703
f 3632 3633 3704
f 3633 3705 3704
f 3633 3634 3705
f 3634 3706 3705
f 3634 3635 3706
f 3635 3707 3706
f 3635 3636 3707
f 3636 3708 3707
f 3636 3637 3708
f 3637 3709 3708
f 3637 3638 3709
f 3638 3710 3709
f 3638 3639 3710
f 3639 3711 3710
f 3639 3640 3711
f 3640 3712 3711
f 3640 3641 3712
f 3641 3713 3712
f 3641 3642 3713
f 3642 3714 3713
f 3642 3643 3714
f 3643 3715 3714
f 3643 3644 3715
f 3644 3716 3715
f 3644 3645 3716
f 3645 3717 3716
f 3645 3646 3717
f 3646 3718 3717
f 3646 3647 3718
f 3647 3719 3718
f 3647 3648 3719
f 3648 3720 3719
f 3648 3649 3720
f 3649 3721 3720
f 3649 3650 3721
f 3650 3722 3721
f 3650 3651 3722
f 3651 3723 3722
f 3651 3652 3723
f 3652 3724 3723
f 3652 3653 3724
f 3653 3725 3724
f 3653 3654 3725
f 3654 3726 3725
f 3654 3655 3726
f 3655 3727 3726
f 3655 3656 3727
f 3656 3728 3727
f 3656 3657 3728
f 3657 3729 3728
f 3657 3658 3729
f 3658 3730 3729
f 3658 3659 3730
f 3659 3731 3730
f 3659 3660 3731
f 3660 3732 3731
f 3660 3661 3732
f 3661 3733 3732
f 3661 3662 3733
f 3662 3734 3733
f 3662 3663 3734
f 3663 3735 3734
f 3663 3664 3735
f 3664 3736 3735
f 3664 3665 3736
f 3665 3737 3736
f 3665 3666 3737
f 3666 3738 3737
f 3666 3667 3738
f 3667 3739 3738
f 3667 3668 3739
f 3668 3740 3739
f 3668 3669 3740
f 3669 3741 3740
f 3669 3670 3741
f 3670 3742 3741
f 3670 3671 3742
f 3671 3743 3742
f 3671 3672 3743
f 3672 3744 3743
f 3672 3601 3744
f 3601 3673 3744
f 3673 3674 3745
f 3674 3746 3745
f 3674 3675 3746
f 3675 3747 3746
f 3675 3676 3747
f 3676 3748 3747
f 3676 3677 3748
f 3677 3749 3748
f 3677 3678 3749
f 3678 3750 3749
f 3678 3679 3750
f 3679 3751 3750
f 3679 3680 3751
f 3680 3752 3751
f 3680 3681 3752
f 3681 3753 3752
f 3681 3682 3753
f 3682 3754 3753
f 3682 3683 3754
f 3683 3755 3754
f 3683 3684 3755
f 3684 3756 3755
f 3684 3685 3756
f 3685 3757 3756
f 3685 3686 3757
f 3686 3758 3757
f 3686 3687 3758
f 3687 3759 3758
f 3687 3688 3759
f 3688 3760 3759
f 3688 3689 3760
f 3689 3761 3760
f 3689 3690 3761
f 3690 3762 3761
f 3690 3691 3762
f 3691 3763 3762
f 3691 3692 3763
f 3692 3764 3763
f 3692 3693 3764
f 3693 3765 3764
f 3693 3694 3765
f 3694 3766 3765
f 3694 3695 3766
f 3695 3767 3766
f 3695 3696 3767
f 3696 3768 3767
f 3696 3697 3768
f 3697 3769 3768
f 3697 3698 3769
f 3698 3770 3769
f 3698 3699 3770
f 3699 3771 3770
f 3699 3700 3771
f 3700 3772 3771
f 3700 3701 3772
f 3701 3773 3772
f 3701 3702 3773
f 3702 3774 3773
f 3702 3703 3774
f 3703 3775 3774
f 3703 3704 3775
f 3704 3776 3775
f 3704 3705 3776
f 3705 3777 3776
f 3705 3706 3777
f 3706 3778 3777
f 3706 3707 3778
f 3707 3779 3778
f 3707 3708 3779
f 3708 3780 3779
f 3708 3709 3780
f 3709 3781 3780
f 3709 3710 3781
f 3710 3782 3781
f 3710 3711 3782
f 3711 3783 3782
f 3711 3712 3783
f 3712 3784 3783
f 3712 3713 3784
f 3713 3785 3784
f 3713 3714 3785
f 3714 3786 3785
f 3714 3715 3786
f 3715 3787 3786
f 3715 3716 3787
f 3716 3788 3787
f 3716 3717 3788
f 3717 3789 3788
f 3717 3718 3789
f 3718 3790 3789
f 3718 3719 3790
f 3719 3791 3790
f 3719 3720 3791
f 3720 3792 3791
f 3720 3721 3792
f 3721 3793 3792
f 3721 3722 3793
f 3722 3794 3793
f 3722 3723 3794
f 3723 3795 3794
f 3723 3724 3795
f 3724 3796 3795
f 3724 3725 3796
f 3725 3797 3796
f 3725 3726 3797
f 3726 3798 3797
f 3726 3727 3798
f 3727 3799 3798
f 3727 3728 3799
f 3728 3800 3799
f 3728 3729 3800
f 3729 3801 3800
f 3729 3730 3801
f 3730 3802 3801
f 3730 3731 3802
f 3731 3803 3802
f 3731 3732 3803
f 3732 3804 3803
f 3732 3733 3804
f 3733 3805 3804
f 3733 3734 3805
f 3734 3806 3805
f 3734 3735 3806
f 3735 3807 3806
f 3735 3736 3807
f 3736 3808 3807
f 3736 3737 3808
f 3737 3809 3808
f 3737 3738 3809
f 3738 3810 3809
f 3738 3739 3810
f 3739 3811 3810
f 3739 3740 3811
f 3740 3812 3811
f 3740 3741 3812
f 3741 3813 3812
f 3741 3742 3813
f 3742 3814 3813
f 3742 3743 3814
f 3743 3815 3814
f 3743 3744 3815
f 3744 3816 3815
f 3744 3673 3816
f 3673 3745 3816
f 3745 3746 3817
f 3746 3818 3817
f 3746 3747 3818
f 3747 3819 3818
f 3747 3748 3819
f 3748 3820 3819
f 3748 3749 3820
f 3749 3821 3820
f 3749 3750 3821
f 3750 3822 3821
f 3750 3751 3822
f 3751 3823 3822
f 3751 3752 3823
f 3752 3824 3823
f 3752 3753 3824
f 3753 3825 3824
f 3753 3754 3825
f 3754 3826 3825
f 3754 3755 3826
f 3755 3827 3826
f 3755 3756 3827
f 3756 3828 3827
f 3756 3757 3828
f 3757 3829 3828
f 3757 3758 3829
f 3758 3830 3829
f 3758 3759 3830
f 3759 3831 3830
f 3759 3760 3831
f 3760 3832 3831
f 3760 3761 3832
f 3761 3833 3832
f 3761 3762 3833
f 3762 3834 3833
f 3762 3763 3834
f 3763 3835 3834
f 3763 3764 3835
f 3764 3836 3835
f 3764 3765 3836
f 3765 3837 3836
f 3765 3766 3837
f 3766 3838 3837
f 3766 3767 3838
f 3767 3839 3838
f 3767 3768 3839
f 3768 3840 3839
f 3768 3769 3840
f 3769 3841 3840
f 3769 3770 3841
f 3770 3842 3841
f 3770 3771 3842
f 3771 3843 3842
f 3771 3772 3843
f 3772 3844 3843
f 3772 3773 3844
f 3773 3845 3844
f 3773 3774 3845
f 3774 3846 3845
f 3774 3775 3846
f 3775 3847 3846
f 3775 3776 3847
f 3776 3848 3847
f 3776 3777 3848
f 3777 3849 3848
f 3777 3778 3849
f 3778 3850 3849
f 3778 3779 3850
f 3779 3851 3850
f 3779 3780 3851
f 3780 3852 3851
f 3780 3781 3852
f 3781 3853 3852
f 3781 3782 3853
f 3782 3854 3853
f 3782 3783 3854
f 3783 3855 3854
f 3783 3784 3855
f 3784 3856 3855
f 3784 3785 3856
f 3785 3857 3856
f 3785 3786 3857
f 3786 3858 3857
f 3786 3787 3858
f 3787 3859 3858
f 3787 3788 3859
f 3788 3860 3859
f 3788 3789 3860
f 3789 3861 3860
f 3789 3790 3861
f 3790 3862 3861
f 3790 3791 3862
f 3791 3863 3862
f 3791 3792 3863
f 3792 3864 3863
f 3792 3793 3864
f 3793 3865 3864
f 3793 3794 3865
f 3794 3866 3865
f 3794 3795 3866
f 3795 3867 3866
f 3795 3796 3867
f 3796 3868 3867
f 3796 3797 3868
f 3797 3869 3868
f 3797 3798 3869
f 3798 3870 3869
f 3798 3799 3870
f 3799 3871 3870
f 3799 3800 3871
f 3800 3872 3871
f 3800 3801 3872
f 3801 3873 3872
f 3801 3802 3873
f 3802 3874 3873
f 3802 3803 3874
f 3803 3875 3874
f 3803 3804 3875
f 3804 3876 3875
f 3804 3805 3876
f 3805 3877 3876
f 3805 3806 3877
f 3806 3878 3877
f 3806 3807 3878
f 3807 3879 3878
f 3807 3808 3879
f 3808 3880 3879
f 3808 3809 3880
f 3809 3881 3880
f 3809 3810 3881
f 3810 3882 3881
f 3810 3811 3882
f 3811 3883 3882
f 3811 3812 3883
f 3812 3884 3883
f 3812 3813 3884
f 3813 3885 3884
f 3813 3814 3885
f 3814 3886 3885
f 3814 3815 3886
f 3815 3887 3886
f 3815 3816 3887
f 3816 3888 3887
f 3816 3745 3888
f 3745 3817 3888
f 3817 3818 3889
f 3818 3890 3889
f 3818 3819 3890
f 3819 3891 3890
f 3819 3820 3891
f 3820 3892 3891
f 3820 3821 3892
f 3821 3893 3892
f 3821 3822 3893
f 3822 3894 3893
f 3822 3823 3894
f 3823 3895 3894
f 3823 3824 3895
f 3824 3896 3895
f 3824 3825 3896
f 3825 3897 3896
f 3825 3826 3897
f 3826 3898 3897
f 3826 3827 3898
f 3827 3899 3898
f 3827 3828 3899
f 3828 3900 3899
f 3828 3829 3900
f 3829 3901 3900
f 3829 3830 3901
f 3830 3902 3901
f 3830 3831 3902
f 3831 3903 3902
f 3831 3832 3903
f 3832 3904 3903
f 3832 3833 3904
f 3833 3905 3904
f 3833 3834 3905
f 3834 3906 3905
f 3834 3835 3906
f 3835 3907 3906
f 3835 3836 3907
f 3836 3908 3907
f 3836 3837 3908
f 3837 3909 3908
f 3837 3838 3909
f 3838 3910 3909
f 3838 3839 3910
f 3839 3911 3910
f 3839 3840 3911
f 3840 3912 3911
f 3840 3841 3912
f 3841 3913 3912
f 3841 3842 3913
f 3842 3914 3913
f 3842 3843 3914
f 3843 3915 3914
f 3843 3844 3915
f 3844 3916 3915
f 3844 3845 3916
f 3845 3917 3916
f 3845 3846 3917
f 3846 3918 3917
f 3846 3847 3918
f 3847 3919 3918
f 3847 3848 3919
f 3848 3920 3919
f 3848 3849 3920
f 3849 3921 3920
f 3849 3850 3921
f 3850 3922 3921
f 3850 3851 3922
f 3851 3923 3922
f 3851 3852 3923
f 3852 3924 3923
f 3852 3853 3924
f 3853 3925 3924
f 3853 3854 3925
f 3854 3926 3925
f 3854 3855 3926
f 3855 3927 3926
f 3855 3856 3927
f 3856 3928 3927
f 3856 3857 3928
f 3857 3929 3928
f 3857 3858 3929
f 3858 3930 3929
f 3858 3859 3930
f 3859 3931 3930
f 3859 3860 3931
f 3860 3932 3931
f 3860 3861 3932
f 3861 3933 3932
f 3861 3862 3933
f 3862 3934 3933
f 3862 3863 3934
f 3863 3935 3934
f 3863 3864 3935
f 3864 3936 3935
f 3864 3865 3936
f 3865 3937 3936
f 3865 3866 3937
f 3866 3938 3937
f 3866 3867 3938
f 3867 3939 3938
f 3867 3868 3939
f 3868 3940 3939
f 3868 3869 3940
f 3869 3941 3940
f 3869 3870 3941
f 3870 3942 3941
f 3870 3871 3942
f 3871 3943 3942
f 3871 3872 3943
f 3872 3944 3943
f 3872 3873 3944
f 3873 3945 3944
f 3873 3874 3945
f 3874 3946 3945
f 3874 3875 3946
f 3875 3947 3946
f 3875 3876 3947
f 3876 3948 3947
f 3876 3877 3948
f 3877 3949 3948
f 3877 3878 3949
f 3878 3950 3949
f 3878 3879 3950
f 3879 3951 3950
f 3879 3880 3951
f 3880 3952 3951
f 3880 3881 3952
f 3881 3953 3952
f 3881 3882 3953
f 3882 3954 3953
f 3882 3883 3954
f 3883 3955 3954
f 3883 3884 3955
f 3884 3956 3955
f 3884 3885 3956
f 3885 3957 3956
f 3885 3886 3957
f 3886 3958 3957
f 3886 3887 3958
f 3887 3959 3958
f 3887 3888 3959
f 3888 3960 3959
f 3888 3817 3960
f 3817 3889 3960
f 3889 3890 3961
f 3890 3962 3961
f 3890 3891 3962
f 3891 3963 3962
f 3891 3892 3963
f 3892 3964 3963
f 3892 3893 3964
f 3893 3965 3964
f 3893 3894 3965
f 3894 3966 3965
f 3894 3895 3966
f 3895 3967 3966
f 3895 3896 3967
f 3896 3968 3967
f 3896 3897 3968
f 3897 3969 3968
f 3897 3898 3969
f 3898 3970 3969
f 3898 3899 3970
f 3899 3971 3970
f 3899 3900 3971
f 3900 3972 3971
f 3900 3901 3972
f 3901 3973 3972
f 3901 3902 3973
f 3902 3974 3973
f 3902 3903 3974
f 3903 3975 3974
f 3903 3904 3975
f 3904 3976 3975
f 3904 3905 3976
f 3905 3977 3976
f 3905 3906 3977
f 3906 3978 3977
f 3906 3907 3978
f 3907 3979 3978
f 3907 3908 3979
f 3908 3980 3979
f 3908 3909 3980
f 3909 3981 3980
f 3909 3910 3981
f 3910 3982 3981
f 3910 3911 3982
f 3911 3983 3982
f 3911 3912 3983
f 3912 3984 3983
f 3912 3913 3984
f 3913 3985 3984
f 3913 3914 3985
f 3914 3986 3985
f 3914 3915 3986
f 3915 3987 3986
f 3915 3916 3987
f 3916 3988 3987
f 3916 3917 3988
f 3917 3989 3988
f 3917 3918 3989
f 3918 3990 3989
f 3918 3919 3990
f 3919 3991 3990
f 3919 3920 3991
f 3920 3992 3991
f 3920 3921 3992
f 3921 3993 3992
f 3921 3922 3993
f 3922 3994 3993
f 3922 3923 3994
f 3923 3995 3994
f 3923 3924 3995
f 3924 3996 3995
f 3924 3925 3996
f 3925 3997 3996
f 3925 3926 3997
f 3926 3998 3997
f 3926 3927 3998
f 3927 3999 3998
f 3927 3928 3999
f 3928 4000 3999
f 3928 3929 4000
f 3929 4001 4000
f 3929 3930 4001
f 3930 4002 4001
f 3930 3931 4002
f 3931 4003 4002
f 3931 3932 4003
f 3932 4004 4003
f 3932 3933 4004
f 3933 4005 4004
f 3933 3934 4005
f 3934 4006 4005
f 3934 3935 4006
f 3935 4007 4006
f 3935 3936 4007
f 3936 4008 4007
f 3936 3937 4008
f 3937 4009 4008
f 3937 3938 4009
f 3938 4010 4009
f 3938 3939 4010
f 3939 4011 4010
f 3939 3940 4011
f 3940 4012 4011
f 3940 3941 4012
f 3941 4013 4012
f 3941 3942 4013
f 3942 4014 4013
f 3942 3943 4014
f 3943 4015 4014
f 3943 3944 4015
f 3944 4016 4015
f 3944 3945 4016
f 3945 4017 4016
f 3945 3946 4017
f 3946 4018 4017
f 3946 3947 4018
f 3947 4019 4018
f 3947 3948 4019
f 3948 4020 4019
f 3948 3949 4020
f 3949 4021 4020
f 3949 3950 4021
f 3950 4022 4021
f 3950 3951 4022
f 3951 4023 4022
f 3951 3952 4023
f 3952 4024 4023
f 3952 3953 4024
f 3953 4025 4024
f 3953 3954 4025
f 3954 4026 4025
f 3954 3955 4026
f 3955 4027 4026
f 3955 3956 4027
f 3956 4028 4027
f 3956 3957 4028
f 3957 4029 4028
f 3957 3958 4029
f 3958 4030 4029
f 3958 3959 4030
f 3959 4031 4030
f 3959 3960 4031
f 3960 4032 4031
f 3960 3889 4032
f 3889 3961 4032
f 3961 3962 4033
f 3962 4034 4033
f 3962 3963 4034
f 3963 4035 4034
f 3963 3964 4035
f 3964 4036 4035
f 3964 3965 4036
f 3965 4037 4036
f 3965 3966 4037
f 3966 4038 4037
f 3966 3967 4038
f 3967 4039 4038
f 3967 3968 4039
f 3968 4040 4039
f 3968 3969 4040
f 3969 4041 4040
f 3969 3970 4041
f 3970 4042 4041
f 3970 3971 4042
f 3971 4043 4042
f 3971 3972 4043
f 3972 4044 4043
f 3972 3973 4044
f 3973 4045 4044
f 3973 3974 4045
f 3974 4046 4045
f 3974 3975 4046
f 3975 4047 4046
f 3975 3976 4047
f 3976 4048 4047
f 3976 3977 4048
f 3977 4049 4048
f 3977 3978 4049
f 3978 4050 4049
f 3978 3979 4050
f 3979 4051 4050
f 3979 3980 4051
f 3980 4052 4051
f 3980 3981 4052
f 3981 4053 4052
f 3981 3982 4053
f 3982 4054 4053
f 3982 3983 4054
f 3983 4055 4054
f 3983 3984 4055
f 3984 4056 4055
f 3984 3985 4056
f 3985 4057 4056
f 3985 3986 4057
f 3986 4058 4057
f 3986 3987 4058
f 3987 4059 4058
f 3987 3988 4059
f 3988 4060 4059
f 3988 3989 4060
f 3989 4061 4060
f 3989 3990 4061
f 3990 4062 4061
f 3990 3991 4062
f 3991 4063 4062
f 3991 3992 4063
f 3992 4064 4063
f 3992 3993 4064
f 3993 4065 4064
f 3993 3994 4065
f 3994 4066 4065
f 3994 3995 4066
f 3995 4067 4066
f 3995 3996 4067
f 3996 4068 4067
f 3996 3997 4068
f 3997 4069 4068
f 3997 3998 4069
f 3998 4070 4069
f 3998 3999 4070
f 3999 4071 4070
f 3999 4000 4071
f 4000 4072 4071
f 4000 4001 4072
f 4001 4073 4072
f 4001 4002 4073
f 4002 4074 4073
f 4002 4003 4074
f 4003 4075 4074
f 4003 4004 4075
f 4004 4076 4075
f 4004 4005 4076
f 4005 4077 4076
f 4005 4006 4077
f 4006 4078 4077
f 4006 4007 4078
f 4007 4079 4078
f 4007 4008 4079
f 4008 4080 4079
f 4008 4009 4080
f 4009 4081 4080
f 4009 4010 4081
f 4010 4082 4081
f 4010 4011 4082
f 4011 4083 4082
f 4011 4012 4083
f 4012 4084 4083
f 4012 4013 4084
f 4013 4085 4084
f 4013 4014 4085
f 4014 4086 4085
f 4014 4015 4086
f 4015 4087 4086
f 4015 4016 4087
f 4016 4088 4087
f 4016 4017 4088
f 4017 4089 4088
f 4017 4018 4089
f 4018 4090 4089
f 4018 4019 4090
f 4019 4091 4090
f 4019 4020 4091
f 4020 4092 4091
f 4020 4021 4092
f 4021 4093 4092
f 4021 4022 4093
f 4022 4094 4093
f 4022 4023 4094
f 4023 4095 4094
f 4023 4024 4095
f 4024 4096 4095
f 4024 4025 4096
f 4025 4097 4096
f 4025 4026 4097
f 4026 4098 4097
f 4026 4027 4098
f 4027 4099 4098
f 4027 4028 4099
f 4028 4100 4099
f 4028 4029 4100
f 4029 4101 4100
f 4029 4030 4101
f 4030 4102 4101
f 4030 4031 4102
f 4031 4103 4102
f 4031 4032 4103
f 4032 4104 4103
f 4032 3961 4104
f 3961 4033 4104
f 4033 4034 4105
f 4034 4106 4105
f 4034 4035 4106
f 4035 4107 4106
f 4035 4036 4107
f 4036 4108 4107
f 4036 4037 4108
f 4037 4109 4108
f 4037 4038 4109
f 4038 4110 4109
f 4038 4039 4110
f 4039 4111 4110
f 4039 4040 4111
f 4040 4112 4111
f 4040 4041 4112
f 4041 4113 4112
f 4041 4042 4113
f 4042 4114 4113
f 4042 4043 4114
f 4043 4115 4114
f 4043 4044 4115
f 4044 4116 4115
f 4044 4045 4116
f 4045 4117 4116
f 4045 4046 4117
f 4046 4118 4117
f 4046 4047 4118
f 4047 4119 4118
f 4047 4048 4119
f 4048 4120 4119
f 4048 4049 4120
f 4049 4121 4120
f 4049 4050 4121
f 4050 4122 4121
f 4050 4051 4122
f 4051 4123 4122
f 4051 4052 4123
f 4052 4124 4123
f 4052 4053 4124
f 4053 4125 4124
f 4053 4054 4125
f 4054 4126 4125
f 4054 4055 4126
f 4055 4127 4126
f 4055 4056 4127
f 4056 4128 4127
f 4056 4057 4128
f 4057 4129 4128
f 4057 4058 4129
f 4058 4130 4129
f 4058 4059 4130
f 4059 4131 4130
f 4059 4060 4131
f 4060 4132 4131
f 4060 4061 4132
f 4061 4133 4132
f 4061 4062 4133
f 4062 4134 4133
f 4062 4063 4134
f 4063 4135 4134
f 4063 4064 4135
f 4064 4136 4135
f 4064 4065 4136
f 4065 4137 4136
f 4065 4066 4137
f 4066 4138 4137
f 4066 4067 4138
f 4067 4139 4138
f 4067 4068 4139
f 4068 4140 4139
f 4068 4069 4140
f 4069 4141 4140
f 4069 4070 4141
f 4070 4142 4141
f 4070 4071 4142
f 4071 4143 4142
f 4071 4072 4143
f 4072 4144 4143
f 4072 4073 4144
f 4073 4145 4144
f 4073 4074 4145
f 4074 4146 4145
f 4074 4075 4146
f 4075 4147 4146
f 4075 4076 4147
f 4076 4148 4147
f 4076 4077 4148
f 4077 4149 4148
f 4077 4078 4149
f 4078 4150 4149
f 4078 4079 4150
f 4079 4151 4150
f 4079 4080 4151
f 4080 4152 4151
f 4080 4081 4152
f 4081 4153 4152
f 4081 4082 4153
f 4082 4154 4153
f 4082 4083 4154
f 4083 4155 4154
f 4083 4084 4155
f 4084 4156 4155
f 4084 4085 4156
f 4085 4157 4156
f 4085 4086 4157
f 4086 4158 4157
f 4086 4087 4158
f 4087 4159 4158
f 4087 4088 4159
f 4088 4160 4159
f 4088 4089 4160
f 4089 4161 4160
f 4089 4090 4161
f 4090 4162 4161
f 4090 4091 4162
f 4091 4163 4162
f 4091 4092 4163
f 4092 4164 4163
f 4092 4093 4164
f 4093 4165 4164
f 4093 4094 4165
f 4094 4166 4165
f 4094 4095 4166
f 4095 4167 4166
f 4095 4096 4167
f 4096 4168 4167
f 4096 4097 4168
f 4097 4169 4168
f 4097 4098 4169
f 4098 4170 4169
f 4098 4099 4170
f 4099 4171 4170
f 4099 4100 4171
f 4100 4172 4171
f 4100 4101 4172
f 4101 4173 4172
f 4101 4102 4173
f 4102 4174 4173
f 4102 4103 4174
f 4103 4175 4174
f 4103 4104 4175
f 4104 4176 4175
f 4104 4033 4176
f 4033 4105 4176
f 4105 4106 4177
f 4106 4178 4177
f 4106 4107 4178
f 4107 4179 4178
f 4107 4108 4179
f 4108 4180 4179
f 4108 4109 4180
f 4109 4181 4180
f 4109 4110 4181
f 4110 4182 4181
f 4110 4111 4182
f 4111 4183 4182
f 4111 4112 4183
f 4112 4184 4183
f 4112 4113 4184
f 4113 4185 4184
f 4113 4114 4185
f 4114 4186 4185
f 4114 4115 4186
f 4115 4187 4186
f 4115 4116 4187
f 4116 4188 4187
f 4116 4117 4188
f 4117 4189 4188
f 4117 4118 4189
f 4118 4190 4189
f 4118 4119 4190
f 4119 4191 4190
f 4119 4120 4191
f 4120 4192 4191
f 4120 4121 4192
f 4121 4193 4192
f 4121 4122 4193
f 4122 4194 4193
f 4122 4123 4194
f 4123 4195 4194
f 4123 4124 4195
f 4124 4196 4195
f 4124 4125 4196
f 4125 4197 4196
f 4125 4126 4197
f 4126 4198 4197
f 4126 4127 4198
f 4127 4199 4198
f 4127 4128 4199
f 4128 4200 4199
f 4128 4129 4200
f 4129 4201 4200
f 4129 4130 4201
f 4130 4202 4201
f 4130 4131 4202
f 4131 4203 4202
f 4131 4132 4203
f 4132 4204 4203
f 4132 4133 4204
f 4133 4205 4204
f 4133 4134 4205
f 4134 4206 4205
f 4134 4135 4206
f 4135 4207 4206
f 4135 4136 4207
f 4136 4208 4207
f 4136 4137 4208
f 4137 4209 4208
f 4137 4138 4209
f 4138 4210 4209
f 4138 4139 4210
f 4139 4211 4210
f 4139 4140 4211
f 4140 4212 4211
f 4140 4141 4212
f 4141 4213 4212
f 4141 4142 4213
f 4142 4214 4213
f 4142 4143 4214
f 4143 4215 4214
f 4143 4144 4215
f 4144 4216 4215
f 4144 4145 4216
f 4145 4217 4216
f 4145 4146 4217
f 4146 4218 4217
f 4146 4147 4218
f 4147 4219 4218
f 4147 4148 4219
f 4148 4220 4219
f 4148 4149 4220
f 4149 4221 4220
f 4149 4150 4221
f 4150 4222 4221
f 4150 4151 4222
f 4151 4223 4222
f 4151 4152 4223
f 4152 4224 4223
f 4152 4153 4224
f 4153 4225 4224
f 4153 4154 4225
f 4154 4226 4225
f 4154 4155 4226
f 4155 4227 4226
f 4155 4156 4227
f 4156 4228 4227
f 4156 4157 4228
f 4157 4229 4228
f 4157 4158 4229
f 4158 4230 4229
f 4158 4159 4230
f 4159 4231 4230
f 4159 4160 4231
f 4160 4232 4231
f 4160 4161 4232
f 4161 4233 4232
f 4161 4162 4233
f 4162 4234 4233
f 4162 4163 4234
f 4163 4235 4234
f 4163 4164 4235
f 4164 4236 4235
f 4164 4165 4236
f 4165 4237 4236
f 4165 4166 4237
f 4166 4238 4237
f 4166 4167 4238
f 4167 4239 4238
f 4167 4168 4239
f 4168 4240 4239
f 4168 4169 4240
f 4169 4241 4240
f 4169 4170 4241
f 4170 4242 4241
f 4170 4171 4242
f 4171 4243 4242
f 4171 4172 4243
f 4172 4244 4243
f 4172 4173 4244
f 4173 4245 4244
f 4173 4174 4245
f 4174 4246 4245
f 4174 4175 4246
f 4175 4247 4246
f 4175 4176 4247
f 4176 4248 4247
f 4176 4105 4248
f 4105 4177 4248
f 4177 4178 4249
f 4178 4250 4249
f 4178 4179 4250
f 4179 4251 4250
f 4179 4180 4251
f 4180 4252 4251
f 4180 4181 4252
f 4181 4253 4252
f 4181 4182 4253
f 4182 4254 4253
f 4182 4183 4254
f 4183 4255 4254
f 4183 4184 4255
f 4184 4256 4255
f 4184 4185 4256
f 4185 4257 4256
f 4185 4186 4257
f 4186 4258 4257
f 4186 4187 4258
f 4187 4259 4258
f 4187 4188 4259
f 4188 4260 4259
f 4188 4189 4260
f 4189 4261 4260
f 4189 4190 4261
f 4190 4262 4261
f 4190 4191 4262
f 4191 4263 4262
f 4191 4192 4263
f 4192 4264 4263
f 4192 4193 4264
f 4193 4265 4264
f 4193 4194 4265
f 4194 4266 4265
f 4194 4195 4266
f 4195 4267 4266
f 4195 4196 4267
f 4196 4268 4267
f 4196 4197 4268
f 4197 4269 4268
f 4197 4198 4269
f 4198 4270 4269
f 4198 4199 4270
f 4199 4271 4270
f 4199 4200 4271
f 4200 4272 4271
f 4200 4201 4272
f 4201 4273 4272
f 4201 4202 4273
f 4202 4274 4273
f 4202 4203 4274
f 4203 4275 4274
f 4203 4204 4275
f 4204 4276 4275
f 4204 4205 4276
f 4205 4277 4276
f 4205 4206 4277
f 4206 4278 4277
f 4206 4207 4278
f 4207 4279 4278
f 4207 4208 4279
f 4208 4280 4279
f 4208 4209 4280
f 4209 4281 4280
f 4209 4210 4281
f 4210 4282 4281
f 4210 4211 4282
f 4211 4283 4282
f 4211 4212 4283
f 4212 4284 4283
f 4212 4213 4284
f 4213 4285 4284
f 4213 4214 4285
f 4214 4286 4285
f 4214 4215 4286
f 4215 4287 4286
f 4215 4216 4287
f 4216 4288 4287
f 4216 4217 4288
f 4217 4289 4288
f 4217 4218 4289
f 4218 4290 4289
f 4218 4219 4290
f 4219 4291 4290
f 4219 4220 4291
f 4220 4292 4291
f 4220 4221 4292
f 4221 4293 4292
f 4221 4222 4293
f 4222 4294 4293
f 4222 4223 4294
f 4223 4295 4294
f 4223 4224 4295
f 4224 4296 4295
f 4224 4225 4296
f 4225 4297 4296
f 4225 4226 4297
f 4226 4298 4297
f 4226 4227 4298
f 4227 4299 4298
f 4227 4228 4299
f 4228 4300 4299
f 4228 4229 4300
f 4229 4301 4300
f 4229 4230 4301
f 4230 4302 4301
f 4230 4231 4302
f 4231 4303 4302
f 4231 4232 4303
f 4232 4304 4303
f 4232 4233 4304
f 4233 4305 4304
f 4233 4234 4305
f 4234 4306 4305
f 4234 4235 4306
f 4235 4307 4306
f 4235 4236 4307
f 4236 4308 4307
f 4236 4237 4308
f 4237 4309 4308
f 4237 4238 4309
f 4238 4310 4309
f 4238 4239 4310
f 4239 4311 4310
f 4239 4240 4311
f 4240 4312 4311
f 4240 4241 4312
f 4241 4313 4312
f 4241 4242 4313
f 4242 4314 4313
f 4242 4243 4314
f 4243 4315 4314
f 4243 4244 4315
f 4244 4316 4315
f 4244 4245 4316
f 4245 4317 4316
f 4245 4246 4317
f 4246 4318 4317
f 4246 4247 4318
f 4247 4319 4318
f 4247 4248 4319
f 4248 4320 4319
f 4248 4177 4320
f 4177 4249 4320
f 4249 4250 4321
f 4250 4322 4321
f 4250 4251 4322
f 4251 4323 4322
f 4251 4252 4323
f 4252 4324 4323
f 4252 4253 4324
f 4253 4325 4324
f 4253 4254 4325
f 4254 4326 4325
f 4254 4255 4326
f 4255 4327 4326
f 4255 4256 4327
f 4256 4328 4327
f 4256 4257 4328
f 4257 4329 4328
f 4257 4258 4329
f 4258 4330 4329
f 4258 4259 4330
f 4259 4331 4330
f 4259 4260 4331
f 4260 4332 4331
f 4260 4261 4332
f 4261 4333 4332
f 4261 4262 4333
f 4262 4334 4333
f 4262 4263 4334
f 4263 4335 4334
f 4263 4264 4335
f 4264 4336 4335
f 4264 4265 4336
f 4265 4337 4336
f 4265 4266 4337
f 4266 4338 4337
f 4266 4267 4338
f 4267 4339 4338
f 4267 4268 4339
f 4268 4340 4339
f 4268 4269 4340
f 4269 4341 4340
f 4269 4270 4341
f 4270 4342 4341
f 4270 4271 4342
f 4271 4343 4342
f 4271 4272 4343
f 4272 4344 4343
f 4272 4273 4344
f 4273 4345 4344
f 4273 4274 4345
f 4274 4346 4345
f 4274 4275 4346
f 4275 4347 4346
f 4275 4276 4347
f 4276 4348 4347
f 4276 4277 4348
f 4277 4349 4348
f 4277 4278 4349
f 4278 4350 4349
f 4278 4279 4350
f 4279 4351 4350
f 4279 4280 4351
f 4280 4352 4351
f 4280 4281 4352
f 4281 4353 4352
f 4281 4282 4353
f 4282 4354 4353
f 4282 4283 4354
f 4283 4355 4354
f 4283 4284 4355
f 4284 4356 4355
f 4284 4285 4356
f 4285 4357 4356
f 4285 4286 4357
f 4286 4358 4357
f 4286 4287 4358
f 4287 4359 4358
f 4287 4288 4359
f 4288 4360 4359
f 4288 4289 4360
f 4289 4361 4360
f 4289 4290 4361
f 4290 4362 4361
f 4290 4291 4362
f 4291 4363 4362
f 4291 4292 4363
f 4292 4364 4363
f 4292 4293 4364
f 4293 4365 4364
f 4293 4294 4365
f 4294 4366 4365
f 4294 4295 4366
f 4295 4367 4366
f 4295 4296 4367
f 4296 4368 4367
f 4296 4297 4368
f 4297 4369 4368
f 4297 4298 4369
f 4298 4370 4369
f 4298 4299 4370
f 4299 4371 4370
f 4299 4300 4371
f 4300 4372 4371
f 4300 4301 4372
f 4301 4373 4372
f 4301 4302 4373
f 4302 4374 4373
f 4302 4303 4374
f 4303 4375 4374
f 4303 4304 4375
f 4304 4376 4375
f 4304 4305 4376
f 4305 4377 4376
f 4305 4306 4377
f 4306 4378 4377
f 4306 4307 4378
f 4307 4379 4378
f 4307 4308 4379
f 4308 4380 4379
f 4308 4309 4380
f 4309 4381 4380
f 4309 4310 4381
f 4310 4382 4381
f 4310 4311 4382
f 4311 4383 4382
f 4311 4312 4383
f 4312 4384 4383
f 4312 4313 4384
f 4313 4385 4384
f 4313 4314 4385
f 4314 4386 4385
f 4314 4315 4386
f 4315 4387 4386
f 4315 4316 4387
f 4316 4388 4387
f 4316 4317 4388
f 4317 4389 4388
f 4317 4318 4389
f 4318 4390 4389
f 4318 4319 4390
f 4319 4391 4390
f 4319 4320 4391
f 4320 4392 4391
f 4320 4249 4392
f 4249 4321 4392
f 4321 4322 4393
f 4322 4394 4393
f 4322 4323 4394
f 4323 4395 4394
f 4323 4324 4395
f 4324 4396 4395
f 4324 4325 4396
f 4325 4397 4396
f 4325 4326 4397
f 4326 4398 4397
f 4326 4327 4398
f 4327 4399 4398
f 4327 4328 4399
f 4328 4400 4399
f 4328 4329 4400
f 4329 4401 4400
f 4329 4330 4401
f 4330 4402 4401
f 4330 4331 4402
f 4331 4403 4402
f 4331 4332 4403
f 4332 4404 4403
f 4332 4333 4404
f 4333 4405 4404
f 4333 4334 4405
f 4334 4406 4405
f 4334 4335 4406
f 4335 4407 4406
f 4335 4336 4407
f 4336 4408 4407
f 4336 4337 4408
f 4337 4409 4408
f 4337 4338 4409
f 4338 4410 4409
f 4338 4339 4410
f 4339 4411 4410
f 4339 4340 4411
f 4340 4412 4411
f 4340 4341 4412
f 4341 4413 4412
f 4341 4342 4413
f 4342 4414 4413
f 4342 4343 4414
f 4343 4415 4414
f 4343 4344 4415
f 4344 4416 4415
f 4344 4345 4416
f 4345 4417 4416
f 4345 4346 4417
f 4346 4418 4417
f 4346 4347 4418
f 4347 4419 4418
f 4347 4348 4419
f 4348 4420 4419
f 4348 4349 4420
f 4349 4421 4420
f 4349 4350 4421
f 4350 4422 4421
f 4350 4351 4422
f 4351 4423 4422
f 4351 4352 4423
f 4352 4424 4423
f 4352 4353 4424
f 4353 4425 4424
f 4353 4354 4425
f 4354 4426 4425
f 4354 4355 4426
f 4355 4427 4426
f 4355 4356 4427
f 4356 4428 4427
f 4356 4357 4428
f 4357 4429 4428
f 4357 4358 4429
f 4358 4430 4429
f 4358 4359 4430
f 4359 4431 4430
f 4359 4360 4431
f 4360 4432 4431
f 4360 4361 4432
f 4361 4433 4432
f 4361 4362 4433
f 4362 4434 4433
f 4362 4363 4434
f 4363 4435 4434
f 4363 4364 4435
f 4364 4436 4435
f 4364 4365 4436
f 4365 4437 4436
f 4365 4366 4437
f 4366 4438 4437
f 4366 4367 4438
f 4367 4439 4438
f 4367 4368 4439
f 4368 4440 4439
f 4368 4369 4440
f 4369 4441 4440
f 4369 4370 4441
f 4370 4442 4441
f 4370 4371 4442
f 4371 4443 4442
f 4371 4372 4443
f 4372 4444 4443
f 4372 4373 4444
f 4373 4445 4444
f 4373 4374 4445
f 4374 4446 4445
f 4374 4375 4446
f 4375 4447 4446
f 4375 4376 4447
f 4376 4448 4447
f 4376 4377 4448
f 4377 4449 4448
f 4377 4378 4449
f 4378 4450 4449
f 4378 4379 4450
f 4379 4451 4450
f 4379 4380 4451
f 4380 4452 4451
f 4380 4381 4452
f 4381 4453 4452
f 4381 4382 4453
f 4382 4454 4453
f 4382 4383 4454
f 4383 4455 4454
f 4383 4384 4455
f 4384 4456 4455
f 4384 4385 4456
f 4385 4457 4456
f 4385 4386 4457
f 4386 4458 4457
f 4386 4387 4458
f 4387 4459 4458
f 4387 4388 4459
f 4388 4460 4459
f 4388 4389 4460
f 4389 4461 4460
f 4389 4390 4461
f 4390 4462 4461
f 4390 4391 4462
f 4391 4463 4462
f 4391 4392 4463
f 4392 4464 4463
f 4392 4321 4464
f 4321 4393 4464
f 4393 4394 4465
f 4394 4466 4465
f 4394 4395 4466
f 4395 4467 4466
f 4395 4396 4467
f 4396 4468 4467
f 4396 4397 4468
f 4397 4469 4468
f 4397 4398 4469
f 4398 4470 4469
f 4398 4399 4470
f 4399 4471 4470
f 4399 4400 4471
f 4400 4472 4471
f 4400 4401 4472
f 4401 4473 4472
f 4401 4402 4473
f 4402 4474 4473
f 4402 4403 4474
f 4403 4475 4474
f 4403 4404 4475
f 4404 4476 4475
f 4404 4405 4476
f 4405 4477 4476
f 4405 4406 4477
f 4406 4478 4477
f 4406 4407 4478
f 4407 4479 4478
f 4407 4408 4479
f 4408 4480 4479
f 4408 4409 4480
f 4409 4481 4480
f 4409 4410 4481
f 4410 4482 4481
f 4410 4411 4482
f 4411 4483 4482
f 4411 4412 4483
f 4412 4484 4483
f 4412 4413 4484
f 4413 4485 4484
f 4413 4414 4485
f 4414 4486 4485
f 4414 4415 4486
f 4415 4487 4486
f 4415 4416 4487
f 4416 4488 4487
f 4416 4417 4488
f 4417 4489 4488
f 4417 4418 4489
f 4418 4490 4489
f 4418 4419 4490
f 4419 4491 4490
f 4419 4420 4491
f 4420 4492 4491
f 4420 4421 4492
f 4421 4493 4492
f 4421 4422 4493
f 4422 4494 4493
f 4422 4423 4494
f 4423 4495 4494
f 4423 4424 4495
f 4424 4496 4495
f 4424 4425 4496
f 4425 4497 4496
f 4425 4426 4497
f 4426 4498 4497
f 4426 4427 4498
f 4427 4499 4498
f 4427 4428 4499
f 4428 4500 4499
f 4428 4429 4500
f 4429 4501 4500
f 4429 4430 4501
f 4430 4502 4501
f 4430 4431 4502
f 4431 4503 4502
f 4431 4432 4503
f 4432 4504 4503
f 4432 4433 4504
f 4433 4505 4504
f 4433 4434 4505
f 4434 4506 4505
f 4434 4435 4506
f 4435 4507 4506
f 4435 4436 4507
f 4436 4508 4507
f 4436 4437 4508
f 4437 4509 4508
f 4437 4438 4509
f 4438 4510 4509
f 4438 4439 4510
f 4439 4511 4510
f 4439 4440 4511
f 4440 4512 4511
f 4440 4441 4512
f 4441 4513 4512
f 4441 4442 4513
f 4442 4514 4513
f 4442 4443 4514
f 4443 4515 4514
f 4443 4444 4515
f 4444 4516 4515
f 4444 4445 4516
f 4445 4517 4516
f 4445 4446 4517
f 4446 4518 4517
f 4446 4447 4518
f 4447 4519 4518
f 4447 4448 4519
f 4448 4520 4519
f 4448 4449 4520
f 4449 4521 4520
f 4449 4450 4521
f 4450 4522 4521
f 4450 4451 4522
f 4451 4523 4522
f 4451 4452 4523
f 4452 4524 4523
f 4452 4453 4524
f 4453 4525 4524
f 4453 4454 4525
f 4454 4526 4525
f 4454 4455 4526
f 4455 4527 4526
f 4455 4456 4527
f 4456 4528 4527
f 4456 4457 4528
f 4457 4529 4528
f 4457 4458 4529
f 4458 4530 4529
f 4458 4459 4530
f 4459 4531 4530
f 4459 4460 4531
f 4460 4532 4531
f 4460 4461 4532
f 4461 4533 4532
f 4461 4462 4533
f 4462 4534 4533
f 4462 4463 4534
f 4463 4535 4534
f 4463 4464 4535
f 4464 4536 4535
f 4464 4393 4536
f 4393 4465 4536
f 4465 4466 4537
f 4466 4538 4537
f 4466 4467 4538
f 4467 4539 4538
f 4467 4468 4539
f 4468 4540 4539
f 4468 4469 4540
f 4469 4541 4540
f 4469 4470 4541
f 4470 4542 4541
f 4470 4471 4542
f 4471 4543 4542
f 4471 4472 4543
f 4472 4544 4543
f 4472 4473 4544
f 4473 4545 4544
f 4473 4474 4545
f 4474 4546 4545
f 4474 4475 4546
f 4475 4547 4546
f 4475 4476 4547
f 4476 4548 4547
f 4476 4477 4548
f 4477 4549 4548
f 4477 4478 4549
f 4478 4550 4549
f 4478 4479 4550
f 4479 4551 4550
f 4479 4480 4551
f 4480 4552 4551
f 4480 4481 4552
f 4481 4553 4552
f 4481 4482 4553
f 4482 4554 4553
f 4482 4483 4554
f 4483 4555 4554
f 4483 4484 4555
f 4484 4556 4555
f 4484 4485 4556
f 4485 4557 4556
f 4485 4486 4557
f 4486 4558 4557
f 4486 4487 4558
f 4487 4559 4558
f 4487 4488 4559
f 4488 4560 4559
f 4488 4489 4560
f 4489 4561 4560
f 4489 4490 4561
f 4490 4562 4561
f 4490 4491 4562
f 4491 4563 4562
f 4491 4492 4563
f 4492 4564 4563
f 4492 4493 4564
f 4493 4565 4564
f 4493 4494 4565
f 4494 4566 4565
f 4494 4495 4566
f 4495 4567 4566
f 4495 4496 4567
f 4496 4568 4567
f 4496 4497 4568
f 4497 4569 4568
f 4497 4498 4569
f 4498 4570 4569
f 4498 4499 4570
f 4499 4571 4570
f 4499 4500 4571
f 4500 4572 4571
f 4500 4501 4572
f 4501 4573 4572
f 4501 4502 4573
f 4502 4574 4573
f 4502 4503 4574
f 4503 4575 4574
f 4503 4504 4575
f 4504 4576 4575
f 4504 4505 4576
f 4505 4577 4576
f 4505 4506 4577
f 4506 4578 4577
f 4506 4507 4578
f 4507 4579 4578
f 4507 4508 4579
f 4508 4580 4579
f 4508 4509 4580
f 4509 4581 4580
f 4509 4510 4581
f 4510 4582 4581
f 4510 4511 4582
f 4511 4583 4582
f 4511 4512 4583
f 4512 4584 4583
f 4512 4513 4584
f 4513 4585 4584
f 4513 4514 4585
f 4514 4586 4585
f 4514 4515 4586
f 4515 4587 4586
f 4515 4516 4587
f 4516 4588 4587
f 4516 4517 4588
f 4517 4589 4588
f 4517 4518 4589
f 4518 4590 4589
f 4518 4519 4590
f 4519 4591 4590
f 4519 4520 4591
f 4520 4592 4591
f 4520 4521 4592
f 4521 4593 4592
f 4521 4522 4593
f 4522 4594 4593
f 4522 4523 4594
f 4523 4595 4594
f 4523 4524 4595
f 4524 4596 4595
f 4524 4525 4596
f 4525 4597 4596
f 4525 4526 4597
f 4526 4598 4597
f 4526 4527 4598
f 4527 4599 4598
f 4527 4528 4599
f 4528 4600 4599
f 4528 4529 4600
f 4529 4601 4600
f 4529 4530 4601
f 4530 4602 4601
f 4530 4531 4602
f 4531 4603 4602
f 4531 4532 4603
f 4532 4604 4603
f 4532 4533 4604
f 4533 4605 4604
f 4533 4534 4605
f 4534 4606 4605
f 4534 4535 4606
f 4535 4607 4606
f 4535 4536 4607
f 4536 4608 4607
f 4536 4465 4608
f 4465 4537 4608
f 4537 4538 4609
f 4538 4610 4609
f 4538 4539 4610
f 4539 4611 4610
f 4539 4540 4611
f 4540 4612 4611
f 4540 4541 4612
f 4541 4613 4612
f 4541 4542 4613
f 4542 4614 4613
f 4542 4543 4614
f 4543 4615 4614
f 4543 4544 4615
f 4544 4616 4615
f 4544 4545 4616
f 4545 4617 4616
f 4545 4546 4617
f 4546 4618 4617
f 4546 4547 4618
f 4547 4619 4618
f 4547 4548 4619
f 4548 4620 4619
f 4548 4549 4620
f 4549 4621 4620
f 4549 4550 4621
f 4550 4622 4621
f 4550 4551 4622
f 4551 4623 4622
f 4551 4552 4623
f 4552 4624 4623
f 4552 4553 4624
f 4553 4625 4624
f 4553 4554 4625
f 4554 4626 4625
f 4554 4555 4626
f 4555 4627 4626
f 4555 4556 4627
f 4556 4628 4627
f 4556 4557 4628
f 4557 4629 4628
f 4557 4558 4629
f 4558 4630 4629
f 4558 4559 4630
f 4559 4631 4630
f 4559 4560 4631
f 4560 4632 4631
f 4560 4561 4632
f 4561 4633 4632
f 4561 4562 4633
f 4562 4634 4633
f 4562 4563 4634
f 4563 4635 4634
f 4563 4564 4635
f 4564 4636 4635
f 4564 4565 4636
f 4565 4637 4636
f 4565 4566 4637
f 4566 4638 4637
f 4566 4567 4638
f 4567 4639 4638
f 4567 4568 4639
f 4568 4640 4639
f 4568 4569 4640
f 4569 4641 4640
f 4569 4570 4641
f 4570 4642 4641
f 4570 4571 4642
f 4571 4643 4642
f 4571 4572 4643
f 4572 4644 4643
f 4572 4573 4644
f 4573 4645 4644
f 4573 4574 4645
f 4574 4646 4645
f 4574 4575 4646
f 4575 4647 4646
f 4575 4576 4647
f 4576 4648 4647
f 4576 4577 4648
f 4577 4649 4648
f 4577 4578 4649
f 4578 4650 4649
f 4578 4579 4650
f 4579 4651 4650
f 4579 4580 4651
f 4580 4652 4651
f 4580 4581 4652
f 4581 4653 4652
f 4581 4582 4653
f 4582 4654 4653
f 4582 4583 4654
f 4583 4655 4654
f 4583 4584 4655
f 4584 4656 4655
f 4584 4585 4656
f 4585 4657 4656
f 4585 4586 4657
f 4586 4658 4657
f 4586 4587 4658
f 4587 4659 4658
f 4587 4588 4659
f 4588 4660 4659
f 4588 4589 4660
f 4589 4661 4660
f 4589 4590 4661
f 4590 4662 4661
f 4590 4591 4662
f 4591 4663 4662
f 4591 4592 4663
f 4592 4664 4663
f 4592 4593 4664
f 4593 4665 4664
f 4593 4594 4665
f 4594 4666 4665
f 4594 4595 4666
f 4595 4667 4666
f 4595 4596 4667
f 4596 4668 4667
f 4596 4597 4668
f 4597 4669 4668
f 4597 4598 4669
f 4598 4670 4669
f 4598 4599 4670
f 4599 4671 4670
f 4599 4600 4671
f 4600 4672 4671
f 4600 4601 4672
f 4601 4673 4672
f 4601 4602 4673
f 4602 4674 4673
f 4602 4603 4674
f 4603 4675 4674
f 4603 4604 4675
f 4604 4676 4675
f 4604 4605 4676
f 4605 4677 4676
f 4605 4606 4677
f 4606 4678 4677
f 4606 4607 4678
f 4607 4679 4678
f 4607 4608 4679
f 4608 4680 4679
f 4608 4537 4680
f 4537 4609 4680
f 4609 4610 4681
f 4610 4682 4681
f 4610 4611 4682
f 4611 4683 4682
f 4611 4612 4683
f 4612 4684 4683
f 4612 4613 4684
f 4613 4685 4684
f 4613 4614 4685
f 4614 4686 4685
f 4614 4615 4686
f 4615 4687 4686
f 4615 4616 4687
f 4616 4688 4687
f 4616 4617 4688
f 4617 4689 4688
f 4617 4618 4689
f 4618 4690 4689
f 4618 4619 4690
f 4619 4691 4690
f 4619 4620 4691
f 4620 4692 4691
f 4620 4621 4692
f 4621 4693 4692
f 4621 4622 4693
f 4622 4694 4693
f 4622 4623 4694
f 4623 4695 4694
f 4623 4624 4695
f 4624 4696 4695
f 4624 4625 4696
f 4625 4697 4696
f 4625 4626 4697
f 4626 4698 4697
f 4626 4627 4698
f 4627 4699 4698
f 4627 4628 4699
f 4628 4700 4699
f 4628 4629 4700
f 4629 4701 4700
f 4629 4630 4701
f 4630 4702 4701
f 4630 4631 4702
f 4631 4703 4702
f 4631 4632 4703
f 4632 4704 4703
f 4632 4633 4704
f 4633 4705 4704
f 4633 4634 4705
f 4634 4706 4705
f 4634 4635 4706
f 4635 4707 4706
f 4635 4636 4707
f 4636 4708 4707
f 4636 4637 4708
f 4637 4709 4708
f 4637 4638 4709
f 4638 4710 4709
f 4638 4639 4710
f 4639 4711 4710
f 4639 4640 4711
f 4640 4712 4711
f 4640 4641 4712
f 4641 4713 4712
f 4641 4642 4713
f 4642 4714 4713
f 4642 4643 4714
f 4643 4715 4714
f 4643 4644 4715
f 4644 4716 4715
f 4644 4645 4716
f 4645 4717 4716
f 4645 4646 4717
f 4646 4718 4717
f 4646 4647 4718
f 4647 4719 4718
f 4647 4648 4719
f 4648 4720 4719
f 4648 4649 4720
f 4649 4721 4720
f 4649 4650 4721
f 4650 4722 4721
f 4650 4651 4722
f 4651 4723 4722
f 4651 4652 4723
f 4652 4724 4723
f 4652 4653 4724
f 4653 4725 4724
f 4653 4654 4725
f 4654 4726 4725
f 4654 4655 4726
f 4655 4727 4726
f 4655 4656 4727
f 4656 4728 4727
f 4656 4657 4728
f 4657 4729 4728
f 4657 4658 4729
f 4658 4730 4729
f 4658 4659 4730
f 4659 4731 4730
f 4659 4660 4731
f 4660 4732 4731
f 4660 4661 4732
f 4661 4733 4732
f 4661 4662 4733
f 4662 4734 4733
f 4662 4663 4734
f 4663 4735 4734
f 4663 4664 4735
f 4664 4736 4735
f 4664 4665 4736
f 4665 4737 4736
f 4665 4666 4737
f 4666 4738 4737
f 4666 4667 4738
f 4667 4739 4738
f 4667 4668 4739
f 4668 4740 4739
f 4668 4669 4740
f 4669 4741 4740
f 4669 4670 4741
f 4670 4742 4741
f 4670 4671 4742
f 4671 4743 4742
f 4671 4672 4743
f 4672 4744 4743
f 4672 4673 4744
f 4673 4745 4744
f 4673 4674 4745
f 4674 4746 4745
f 4674 4675 4746
f 4675 4747 4746
f 4675 4676 4747
f 4676 4748 4747
f 4676 4677 4748
f 4677 4749 4748
f 4677 4678 4749
f 4678 4750 4749
f 4678 4679 4750
f 4679 4751 4750
f 4679 4680 4751
f 4680 4752 4751
f 4680 4609 4752
f 4609 4681 4752
f 4681 4682 4753
f 4682 4754 4753
f 4682 4683 4754
f 4683 4755 4754
f 4683 4684 4755
f 4684 4756 4755
f 4684 4685 4756
f 4685 4757 4756
f 4685 4686 4757
f 4686 4758 4757
f 4686 4687 4758
f 4687 4759 4758
f 4687 4688 4759
f 4688 4760 4759
f 4688 4689 4760
f 4689 4761 4760
f 4689 4690 4761
f 4690 4762 4761
f 4690 4691 4762
f 4691 4763 4762
f 4691 4692 4763
f 4692 4764 4763
f 4692 4693 4764
f 4693 4765 4764
f 4693 4694 4765
f 4694 4766 4765
f 4694 4695 4766
f 4695 4767 4766
f 4695 4696 4767
f 4696 4768 4767
f 4696 4697 4768
f 4697 4769 4768
f 4697 4698 4769
f 4698 4770 4769
f 4698 4699 4770
f 4699 4771 4770
f 4699 4700 4771
f 4700 4772 4771
f 4700 4701 4772
f 4701 4773 4772
f 4701 4702 4773
f 4702 4774 4773
f 4702 4703 4774
f 4703 4775 4774
f 4703 4704 4775
f 4704 4776 4775
f 4704 4705 4776
f 4705 4777 4776
f 4705 4706 4777
f 4706 4778 4777
f 4706 4707 4778
f 4707 4779 4778
f 4707 4708 4779
f 4708 4780 4779
f 4708 4709 4780
f 4709 4781 4780
f 4709 4710 4781
f 4710 4782 4781
f 4710 4711 4782
f 4711 4783 4782
f 4711 4712 4783
f 4712 4784 4783
f 4712 4713 4784
f 4713 4785 4784
f 4713 4714 4785
f 4714 4786 4785
f 4714 4715 4786
f 4715 4787 4786
f 4715 4716 4787
f 4716 4788 4787
f 4716 4717 4788
f 4717 4789 4788
f 4717 4718 4789
f 4718 4790 4789
f 4718 4719 4790
f 4719 4791 4790
f 4719 4720 4791
f 4720 4792 4791
f 4720 4721 4792
f 4721 4793 4792
f 4721 4722 4793
f 4722 4794 4793
f 4722 4723 4794
f 4723 4795 4794
f 4723 4724 4795
f 4724 4796 4795
f 4724 4725 4796
f 4725 4797 4796
f 4725 4726 4797
f 4726 4798 4797
f 4726 4727 4798
f 4727 4799 4798
f 4727 4728 4799
f 4728 4800 4799
f 4728 4729 4800
f 4729 4801 4800
f 4729 4730 4801
f 4730 4802 4801
f 4730 4731 4802
f 4731 4803 4802
f 4731 4732 4803
f 4732 4804 4803
f 4732 4733 4804
f 4733 4805 4804
f 4733 4734 4805
f 4734 4806 4805
f 4734 4735 4806
f 4735 4807 4806
f 4735 4736 4807
f 4736 4808 4807
f 4736 4737 4808
f 4737 4809 4808
f 4737 4738 4809
f 4738 4810 4809
f 4738 4739 4810
f 4739 4811 4810
f 4739 4740 4811
f 4740 4812 4811
f 4740 4741 4812
f 4741 4813 4812
f 4741 4742 4813
f 4742 4814 4813
f 4742 4743 4814
f 4743 4815 4814
f 4743 4744 4815
f 4744 4816 4815
f 4744 4745 4816
f 4745 4817 4816
f 4745 4746 4817
f 4746 4818 4817
f 4746 4747 4818
f 4747 4819 4818
f 4747 4748 4819
f 4748 4820 4819
f 4748 4749 4820
f 4749 4821 4820
f 4749 4750 4821
f 4750 4822 4821
f 4750 4751 4822
f 4751 4823 4822
f 4751 4752 4823
f 4752 4824 4823
f 4752 4681 4824
f 4681 4753 4824
f 4753 4754 4825
f 4754 4826 4825
f 4754 4755 4826
f 4755 4827 4826
f 4755 4756 4827
f 4756 4828 4827
f 4756 4757 4828
f 4757 4829 4828
f 4757 4758 4829
f 4758 4830 4829
f 4758 4759 4830
f 4759 4831 4830
f 4759 4760 4831
f 4760 4832 4831
f 4760 4761 4832
f 4761 4833 4832
f 4761 4762 4833
f 4762 4834 4833
f 4762 4763 4834
f 4763 4835 4834
f 4763 4764 4835
f 4764 4836 4835
f 4764 4765 4836
f 4765 4837 4836
f 4765 4766 4837
f 4766 4838 4837
f 4766 4767 4838
f 4767 4839 4838
f 4767 4768 4839
f 4768 4840 4839
f 4768 4769 4840
f 4769 4841 4840
f 4769 4770 4841
f 4770 4842 4841
f 4770 4771 4842
f 4771 4843 4842
f 4771 4772 4843
f 4772 4844 4843
f 4772 4773 4844
f 4773 4845 4844
f 4773 4774 4845
f 4774 4846 4845
f 4774 4775 4846
f 4775 4847 4846
f 4775 4776 4847
f 4776 4848 4847
f 4776 4777 4848
f 4777 4849 4848
f 4777 4778 4849
f 4778 4850 4849
f 4778 4779 4850
f 4779 4851 4850
f 4779 4780 4851
f 4780 4852 4851
f 4780 4781 4852
f 4781 4853 4852
f 4781 4782 4853
f 4782 4854 4853
f 4782 4783 4854
f 4783 4855 4854
f 4783 4784 4855
f 4784 4856 4855
f 4784 4785 4856
f 4785 4857 4856
f 4785 4786 4857
f 4786 4858 4857
f 4786 4787 4858
f 4787 4859 4858
f 4787 4788 4859
f 4788 4860 4859
f 4788 4789 4860
f 4789 4861 4860
f 4789 4790 4861
f 4790 4862 4861
f 4790 4791 4862
f 4791 4863 4862
f 4791 4792 4863
f 4792 4864 4863
f 4792 4793 4864
f 4793 4865 4864
f 4793 4794 4865
f 4794 4866 4865
f 4794 4795 4866
f 4795 4867 4866
f 4795 4796 4867
f 4796 4868 4867
f 4796 4797 4868
f 4797 4869 4868
f 4797 4798 4869
f 4798 4870 4869
f 4798 4799 4870
f 4799 4871 4870
f 4799 4800 4871
f 4800 4872 4871
f 4800 4801 4872
f 4801 4873 4872
f 4801 4802 4873
f 4802 4874 4873
f 4802 4803 4874
f 4803 4875 4874
f 4803 4804 4875
f 4804 4876 4875
f 4804 4805 4876
f 4805 4877 4876
f 4805 4806 4877
f 4806 4878 4877
f 4806 4807 4878
f 4807 4879 4878
f 4807 4808 4879
f 4808 4880 4879
f 4808 4809 4880
f 4809 4881 4880
f 4809 4810 4881
f 4810 4882 4881
f 4810 4811 4882
f 4811 4883 4882
f 4811 4812 4883
f 4812 4884 4883
f 4812 4813 4884
f 4813 4885 4884
f 4813 4814 4885
f 4814 4886 4885
f 4814 4815 4886
f 4815 4887 4886
f 4815 4816 4887
f 4816 4888 4887
f 4816 4817 4888
f 4817 4889 4888
f 4817 4818 4889
f 4818 4890 4889
f 4818 4819 4890
f 4819 4891 4890
f 4819 4820 4891
f 4820 4892 4891
f 4820 4821 4892
f 4821 4893 4892
f 4821 4822 4893
f 4822 4894 4893
f 4822 4823 4894
f 4823 4895 4894
f 4823 4824 4895
f 4824 4896 4895
f 4824 4753 4896
f 4753 4825 4896
f 4825 4826 4897
f 4826 4898 4897
f 4826 4827 4898
f 4827 4899 4898
f 4827 4828 4899
f 4828 4900 4899
f 4828 4829 4900
f 4829 4901 4900
f 4829 4830 4901
f 4830 4902 4901
f 4830 4831 4902
f 4831 4903 4902
f 4831 4832 4903
f 4832 4904 4903
f 4832 4833 4904
f 4833 4905 4904
f 4833 4834 4905
f 4834 4906 4905
f 4834 4835 4906
f 4835 4907 4906
f 4835 4836 4907
f 4836 4908 4907
f 4836 4837 4908
f 4837 4909 4908
f 4837 4838 4909
f 4838 4910 4909
f 4838 4839 4910
f 4839 4911 4910
f 4839 4840 4911
f 4840 4912 4911
f 4840 4841 4912
f 4841 4913 4912
f 4841 4842 4913
f 4842 4914 4913
f 4842 4843 4914
f 4843 4915 4914
f 4843 4844 4915
f 4844 4916 4915
f 4844 4845 4916
f 4845 4917 4916
f 4845 4846 4917
f 4846 4918 4917
f 4846 4847 4918
f 4847 4919 4918
f 4847 4848 4919
f 4848 4920 4919
f 4848 4849 4920
f 4849 4921 4920
f 4849 4850 4921
f 4850 4922 4921
f 4850 4851 4922
f 4851 4923 4922
f 4851 4852 4923
f 4852 4924 4923
f 4852 4853 4924
f 4853 4925 4924
f 4853 4854 4925
f 4854 4926 4925
f 4854 4855 4926
f 4855 4927 4926
f 4855 4856 4927
f 4856 4928 4927
f 4856 4857 4928
f 4857 4929 4928
f 4857 4858 4929
f 4858 4930 4929
f 4858 4859 4930
f 4859 4931 4930
f 4859 4860 4931
f 4860 4932 4931
f 4860 4861 4932
f 4861 4933 4932
f 4861 4862 4933
f 4862 4934 4933
f 4862 4863 4934
f 4863 4935 4934
f 4863 4864 4935
f 4864 4936 4935
f 4864 4865 4936
f 4865 4937 4936
f 4865 4866 4937
f 4866 4938 4937
f 4866 4867 4938
f 4867 4939 4938
f 4867 4868 4939
f 4868 4940 4939
f 4868 4869 4940
f 4869 4941 4940
f 4869 4870 4941
f 4870 4942 4941
f 4870 4871 4942
f 4871 4943 4942
f 4871 4872 4943
f 4872 4944 4943
f 4872 4873 4944
f 4873 4945 4944
f 4873 4874 4945
f 4874 4946 4945
f 4874 4875 4946
f 4875 4947 4946
f 4875 4876 4947
f 4876 4948 4947
f 4876 4877 4948
f 4877 4949 4948
f 4877 4878 4949
f 4878 4950 4949
f 4878 4879 4950
f 4879 4951 4950
f 4879 4880 4951
f 4880 4952 4951
f 4880 4881 4952
f 4881 4953 4952
f 4881 4882 4953
f 4882 4954 4953
f 4882 4883 4954
f 4883 4955 4954
f 4883 4884 4955
f 4884 4956 4955
f 4884 4885 4956
f 4885 4957 4956
f 4885 4886 4957
f 4886 4958 4957
f 4886 4887 4958
f 4887 4959 4958
f 4887 4888 4959
f 4888 4960 4959
f 4888 4889 4960
f 4889 4961 4960
f 4889 4890 4961
f 4890 4962 4961
f 4890 4891 4962
f 4891 4963 4962
f 4891 4892 4963
f 4892 4964 4963
f 4892 4893 4964
f 4893 4965 4964
f 4893 4894 4965
f 4894 4966 4965
f 4894 4895 4966
f 4895 4967 4966
f 4895 4896 4967
f 4896 4968 4967
f 4896 4825 4968
f 4825 4897 4968
f 4897 4898 4969
f 4898 4970 4969
f 4898 4899 4970
f 4899 4971 4970
f 4899 4900 4971
f 4900 4972 4971
f 4900 4901 4972
f 4901 4973 4972
f 4901 4902 4973
f 4902 4974 4973
f 4902 4903 4974
f 4903 4975 4974
f 4903 4904 4975
f 4904 4976 4975
f 4904 4905 4976
f 4905 4977 4976
f 4905 4906 4977
f 4906 4978 4977
f 4906 4907 4978
f 4907 4979 4978
f 4907 4908 4979
f 4908 4980 4979
f 4908 4909 4980
f 4909 4981 4980
f 4909 4910 4981
f 4910 4982 4981
f 4910 4911 4982
f 4911 4983 4982
f 4911 4912 4983
f 4912 4984 4983
f 4912 4913 4984
f 4913 4985 4984
f 4913 4914 4985
f 4914 4986 4985
f 4914 4915 4986
f 4915 4987 4986
f 4915 4916 4987
f 4916 4988 4987
f 4916 4917 4988
f 4917 4989 4988
f 4917 4918 4989
f 4918 4990 4989
f 4918 4919 4990
f 4919 4991 4990
f 4919 4920 4991
f 4920 4992 4991
f 4920 4921 4992
f 4921 4993 4992
f 4921 4922 4993
f 4922 4994 4993
f 4922 4923 4994
f 4923 4995 4994
f 4923 4924 4995
f 4924 4996 4995
f 4924 4925 4996
f 4925 4997 4996
f 4925 4926 4997
f 4926 4998 4997
f 4926 4927 4998
f 4927 4999 4998
f 4927 4928 4999
f 4928 5000 4999
f 4928 4929 5000
f 4929 5001 5000
f 4929 4930 5001
f 4930 5002 5001
f 4930 4931 5002
f 4931 5003 5002
f 4931 4932 5003
f 4932 5004 5003
f 4932 4933 5004
f 4933 5005 5004
f 4933 4934 5005
f 4934 5006 5005
f 4934 4935 5006
f 4935 5007 5006
f 4935 4936 5007
f 4936 5008 5007
f 4936 4937 5008
f 4937 5009 5008
f 4937 4938 5009
f 4938 5010 5009
f 4938 4939 5010
f 4939 5011 5010
f 4939 4940 5011
f 4940 5012 5011
f 4940 4941 5012
f 4941 5013 5012
f 4941 4942 5013
f 4942 5014 5013
f 4942 4943 5014
f 4943 5015 5014
f 4943 4944 5015
f 4944 5016 5015
f 4944 4945 5016
f 4945 5017 5016
f 4945 4946 5017
f 4946 5018 5017
f 4946 4947 5018
f 4947 5019 5018
f 4947 4948 5019
f 4948 5020 5019
f 4948 4949 5020
f 4949 5021 5020
f 4949 4950 5021
f 4950 5022 5021
f 4950 4951 5022
f 4951 5023 5022
f 4951 4952 5023
f 4952 5024 5023
f 4952 4953 5024
f 4953 5025 5024
f 4953 4954 5025
f 4954 5026 5025
f 4954 4955 5026
f 4955 5027 5026
f 4955 4956 5027
f 4956 5028 5027
f 4956 4957 5028
f 4957 5029 5028
f 4957 4958 5029
f 4958 5030 5029
f 4958 4959 5030
f 4959 5031 5030
f 4959 4960 5031
f 4960 5032 5031
f 4960 4961 5032
f 4961 5033 5032
f 4961 4962 5033
f 4962 5034 5033
f 4962 4963 5034
f 4963 5035 5034
f 4963 4964 5035
f 4964 5036 5035
f 4964 4965 5036
f 4965 5037 5036
f 4965 4966 5037
f 4966 5038 5037
f 4966 4967 5038
f 4967 5039 5038
f 4967 4968 5039
f 4968 5040 5039
f 4968 4897 5040
f 4897 4969 5040
f 4969 4970 5041
f 4970 5042 5041
f 4970 4971 5042
f 4971 5043 5042
f 4971 4972 5043
f 4972 5044 5043
f 4972 4973 5044
f 4973 5045 5044
f 4973 4974 5045
f 4974 5046 5045
f 4974 4975 5046
f 4975 5047 5046
f 4975 4976 5047
f 4976 5048 5047
f 4976 4977 5048
f 4977 5049 5048
f 4977 4978 5049
f 4978 5050 5049
f 4978 4979 5050
f 4979 5051 5050
f 4979 4980 5051
f 4980 5052 5051
f 4980 4981 5052
f 4981 5053 5052
f 4981 4982 5053
f 4982 5054 5053
f 4982 4983 5054
f 4983 5055 5054
f 4983 4984 5055
f 4984 5056 5055
f 4984 4985 5056
f 4985 5057 5056
f 4985 4986 5057
f 4986 5058 5057
f 4986 4987 5058
f 4987 5059 5058
f 4987 4988 5059
f 4988 5060 5059
f 4988 4989 5060
f 4989 5061 5060
f 4989 4990 5061
f 4990 5062 5061
f 4990 4991 5062
f 4991 5063 5062
f 4991 4992 5063
f 4992 5064 5063
f 4992 4993 5064
f 4993 5065 5064
f 4993 4994 5065
f 4994 5066 5065
f 4994 4995 5066
f 4995 5067 5066
f 4995 4996 5067
f 4996 5068 5067
f 4996 4997 5068
f 4997 5069 5068
f 4997 4998 5069
f 4998 5070 5069
f 4998 4999 5070
f 4999 5071 5070
f 4999 5000 5071
f 5000 5072 5071
f 5000 5001 5072
f 5001 5073 5072
f 5001 5002 5073
f 5002 5074 5073
f 5002 5003 5074
f 5003 5075 5074
f 5003 5004 5075
f 5004 5076 5075
f 5004 5005 5076
f 5005 5077 5076
f 5005 5006 5077
f 5006 5078 5077
f 5006 5007 5078
f 5007 5079 5078
f 5007 5008 5079
f 5008 5080 5079
f 5008 5009 5080
f 5009 5081 5080
f 5009 5010 5081
f 5010 5082 5081
f 5010 5011 5082
f 5011 5083 5082
f 5011 5012 5083
f 5012 5084 5083
f 5012 5013 5084
f 5013 5085 5084
f 5013 5014 5085
f 5014 5086 5085
f 5014 5015 5086
f 5015 5087 5086
f 5015 5016 5087
f 5016 5088 5087
f 5016 5017 5088
f 5017 5089 5088
f 5017 5018 5089
f 5018 5090 5089
f 5018 5019 5090
f 5019 5091 5090
f 5019 5020 5091
f 5020 5092 5091
f 5020 5021 5092
f 5021 5093 5092
f 5021 5022 5093
f 5022 5094 5093
f 5022 5023 5094
f 5023 5095 5094
f 5023 5024 5095
f 5024 5096 5095
f 5024 5025 5096
f 5025 5097 5096
f 5025 5026 5097
f 5026 5098 5097
f 5026 5027 5098
f 5027 5099 5098
f 5027 5028 5099
f 5028 5100 5099
f 5028 5029 5100
f 5029 5101 5100
f 5029 5030 5101
f 5030 5102 5101
f 5030 5031 5102
f 5031 5103 5102
f 5031 5032 5103
f 5032 5104 5103
f 5032 5033 5104
f 5033 5105 5104
f 5033 5034 5105
f 5034 5106 5105
f 5034 5035 5106
f 5035 5107 5106
f 5035 5036 5107
f 5036 5108 5107
f 5036 5037 5108
f 5037 5109 5108
f 5037 5038 5109
f 5038 5110 5109
f 5038 5039 5110
f 5039 5111 5110
f 5039 5040 5111
f 5040 5112 5111
f 5040 4969 5112
f 4969 5041 5112
f 5041 5042 5113
f 5042 5114 5113
f 5042 5043 5114
f 5043 5115 5114
f 5043 5044 5115
f 5044 5116 5115
f 5044 5045 5116
f 5045 5117 5116
f 5045 5046 5117
f 5046 5118 5117
f 5046 5047 5118
f 5047 5119 5118
f 5047 5048 5119
f 5048 5120 5119
f 5048 5049 5120
f 5049 5121 5120
f 5049 5050 5121
f 5050 5122 5121
f 5050 5051 5122
f 5051 5123 5122
f 5051 5052 5123
f 5052 5124 5123
f 5052 5053 5124
f 5053 5125 5124
f 5053 5054 5125
f 5054 5126 5125
f 5054 5055 5126
f 5055 5127 5126
f 5055 5056 5127
f 5056 5128 5127
f 5056 5057 5128
f 5057 5129 5128
f 5057 5058 5129
f 5058 5130 5129
f 5058 5059 5130
f 5059 5131 5130
f 5059 5060 5131
f 5060 5132 5131
f 5060 5061 5132
f 5061 5133 5132
f 5061 5062 5133
f 5062 5134 5133
f 5062 5063 5134
f 5063 5135 5134
f 5063 5064 5135
f 5064 5136 5135
f 5064 5065 5136
f 5065 5137 5136
f 5065 5066 5137
f 5066 5138 5137
f 5066 5067 5138
f 5067 5139 5138
f 5067 5068 5139
f 5068 5140 5139
f 5068 5069 5140
f 5069 5141 5140
f 5069 5070 5141
f 5070 5142 5141
f 5070 5071 5142
f 5071 5143 5142
f 5071 5072 5143
f 5072 5144 5143
f 5072 5073 5144
f 5073 5145 5144
f 5073 5074 5145
f 5074 5146 5145
f 5074 5075 5146
f 5075 5147 5146
f 5075 5076 5147
f 5076 5148 5147
f 5076 5077 5148
f 5077 5149 5148
f 5077 5078 5149
f 5078 5150 5149
f 5078 5079 5150
f 5079 5151 5150
f 5079 5080 5151
f 5080 5152 5151
f 5080 5081 5152
f 5081 5153 5152
f 5081 5082 5153
f 5082 5154 5153
f 5082 5083 5154
f 5083 5155 5154
f 5083 5084 5155
f 5084 5156 5155
f 5084 5085 5156
f 5085 5157 5156
f 5085 5086 5157
f 5086 5158 5157
f 5086 5087 5158
f 5087 5159 5158
f 5087 5088 5159
f 5088 5160 5159
f 5088 5089 5160
f 5089 5161 5160
f 5089 5090 5161
f 5090 5162 5161
f 5090 5091 5162
f 5091 5163 5162
f 5091 5092 5163
f 5092 5164 5163
f 5092 5093 5164
f 5093 5165 5164
f 5093 5094 5165
f 5094 5166 5165
f 5094 5095 5166
f 5095 5167 5166
f 5095 5096 5167
f 5096 5168 5167
f 5096 5097 5168
f 5097 5169 5168
f 5097 5098 5169
f 5098 5170 5169
f 5098 5099 5170
f 5099 5171 5170
f 5099 5100 5171
f 5100 5172 5171
f 5100 5101 5172
f 5101 5173 5172
f 5101 5102 5173
f 5102 5174 5173
f 5102 5103 5174
f 5103 5175 5174
f 5103 5104 5175
f 5104 5176 5175
f 5104 5105 5176
f 5105 5177 5176
f 5105 5106 5177
f 5106 5178 5177
f 5106 5107 5178
f 5107 5179 5178
f 5107 5108 5179
f 5108 5180 5179
f 5108 5109 5180
f 5109 5181 5180
f 5109 5110 5181
f 5110 5182 5181
f 5110 5111 5182
f 5111 5183 5182
f 5111 5112 5183
f 5112 5184 5183
f 5112 5041 5184
f 5041 5113 5184
f 5113 5114 5185
f 5114 5186 5185
f 5114 5115 5186
f 5115 5187 5186
f 5115 5116 5187
f 5116 5188 5187
f 5116 5117 5188
f 5117 5189 5188
f 5117 5118 5189
f 5118 5190 5189
f 5118 5119 5190
f 5119 5191 5190
f 5119 5120 5191
f 5120 5192 5191
f 5120 5121 5192
f 5121 5193 5192
f 5121 5122 5193
f 5122 5194 5193
f 5122 5123 5194
f 5123 5195 5194
f 5123 5124 5195
f 5124 5196 5195
f 5124 5125 5196
f 5125 5197 5196
f 5125 5126 5197
f 5126 5198 5197
f 5126 5127 5198
f 5127 5199 5198
f 5127 5128 5199
f 5128 5200 5199
f 5128 5129 5200
f 5129 5201 5200
f 5129 5130 5201
f 5130 5202 5201
f 5130 5131 5202
f 5131 5203 5202
f 5131 5132 5203
f 5132 5204 5203
f 5132 5133 5204
f 5133 5205 5204
f 5133 5134 5205
f 5134 5206 5205
f 5134 5135 5206
f 5135 5207 5206
f 5135 5136 5207
f 5136 5208 5207
f 5136 5137 5208
f 5137 5209 5208
f 5137 5138 5209
f 5138 5210 5209
f 5138 5139 5210
f 5139 5211 5210
f 5139 5140 5211
f 5140 5212 5211
f 5140 5141 5212
f 5141 5213 5212
f 5141 5142 5213
f 5142 5214 5213
f 5142 5143 5214
f 5143 5215 5214
f 5143 5144 5215
f 5144 5216 5215
f 5144 5145 5216
f 5145 5217 5216
f 5145 5146 5217
f 5146 5218 5217
f 5146 5147 5218
f 5147 5219 5218
f 5147 5148 5219
f 5148 5220 5219
f 5148 5149 5220
f 5149 5221 5220
f 5149 5150 5221
f 5150 5222 5221
f 5150 5151 5222
f 5151 5223 5222
f 5151 5152 5223
f 5152 5224 5223
f 5152 5153 5224
f 5153 5225 5224
f 5153 5154 5225
f 5154 5226 5225
f 5154 5155 5226
f 5155 5227 5226
f 5155 5156 5227
f 5156 5228 5227
f 5156 5157 5228
f 5157 5229 5228
f 5157 5158 5229
f 5158 5230 5229
f 5158 5159 5230
f 5159 5231 5230
f 5159 5160 5231
f 5160 5232 5231
f 5160 5161 5232
f 5161 5233 5232
f 5161 5162 5233
f 5162 5234 5233
f 5162 5163 5234
f 5163 5235 5234
f 5163 5164 5235
f 5164 5236 5235
f 5164 5165 5236
f 5165 5237 5236
f 5165 5166 5237
f 5166 5238 5237
f 5166 5167 5238
f 5167 5239 5238
f 5167 5168 5239
f 5168 5240 5239
f 5168 5169 5240
f 5169 5241 5240
f 5169 5170 5241
f 5170 5242 5241
f 5170 5171 5242
f 5171 5243 5242
f 5171 5172 5243
f 5172 5244 5243
f 5172 5173 5244
f 5173 5245 5244
f 5173 5174 5245
f 5174 5246 5245
f 5174 5175 5246
f 5175 5247 5246
f 5175 5176 5247
f 5176 5248 5247
f 5176 5177 5248
f 5177 5249 5248
f 5177 5178 5249
f 5178 5250 5249
f 5178 5179 5250
f 5179 5251 5250
f 5179 5180 5251
f 5180 5252 5251
f 5180 5181 5252
f 5181 5253 5252
f 5181 5182 5253
f 5182 5254 5253
f 5182 5183 5254
f 5183 5255 5254
f 5183 5184 5255
f 5184 5256 5255
f 5184 5113 5256
f 5113 5185 5256
f 5185 5186 5257
f 5186 5258 5257
f 5186 5187 5258
f 5187 5259 5258
f 5187 5188 5259
f 5188 5260 5259
f 5188 5189 5260
f 5189 5261 5260
f 5189 5190 5261
f 5190 5262 5261
f 5190 5191 5262
f 5191 5263 5262
f 5191 5192 5263
f 5192 5264 5263
f 5192 5193 5264
f 5193 5265 5264
f 5193 5194 5265
f 5194 5266 5265
f 5194 5195 5266
f 5195 5267 5266
f 5195 5196 5267
f 5196 5268 5267
f 5196 5197 5268
f 5197 5269 5268
f 5197 5198 5269
f 5198 5270 5269
f 5198 5199 5270
f 5199 5271 5270
f 5199 5200 5271
f 5200 5272 5271
f 5200 5201 5272
f 5201 5273 5272
f 5201 5202 5273
f 5202 5274 5273
f 5202 5203 5274
f 5203 5275 5274
f 5203 5204 5275
f 5204 5276 5275
f 5204 5205 5276
f 5205 5277 5276
f 5205 5206 5277
f 5206 5278 5277
f 5206 5207 5278
f 5207 5279 5278
f 5207 5208 5279
f 5208 5280 5279
f 5208 5209 5280
f 5209 5281 5280
f 5209 5210 5281
f 5210 5282 5281
f 5210 5211 5282
f 5211 5283 5282
f 5211 5212 5283
f 5212 5284 5283
f 5212 5213 5284
f 5213 5285 5284
f 5213 5214 5285
f 5214 5286 5285
f 5214 5215 5286
f 5215 5287 5286
f 5215 5216 5287
f 5216 5288 5287
f 5216 5217 5288
f 5217 5289 5288
f 5217 5218 5289
f 5218 5290 5289
f 5218 5219 5290
f 5219 5291 5290
f 5219 5220 5291
f 5220 5292 5291
f 5220 5221 5292
f 5221 5293 5292
f 5221 5222 5293
f 5222 5294 5293
f 5222 5223 5294
f 5223 5295 5294
f 5223 5224 5295
f 5224 5296 5295
f 5224 5225 5296
f 5225 5297 5296
f 5225 5226 5297
f 5226 5298 5297
f 5226 5227 5298
f 5227 5299 5298
f 5227 5228 5299
f 5228 5300 5299
f 5228 5229 5300
f 5229 5301 5300
f 5229 5230 5301
f 5230 5302 5301
f 5230 5231 5302
f 5231 5303 5302
f 5231 5232 5303
f 5232 5304 5303
f 5232 5233 5304
f 5233 5305 5304
f 5233 5234 5305
f 5234 5306 5305
f 5234 5235 5306
f 5235 5307 5306
f 5235 5236 5307
f 5236 5308 5307
f 5236 5237 5308
f 5237 5309 5308
f 5237 5238 5309
f 5238 5310 5309
f 5238 5239 5310
f 5239 5311 5310
f 5239 5240 5311
f 5240 5312 5311
f 5240 5241 5312
f 5241 5313 5312
f 5241 5242 5313
f 5242 5314 5313
f 5242 5243 5314
f 5243 5315 5314
f 5243 5244 5315
f 5244 5316 5315
f 5244 5245 5316
f 5245 5317 5316
f 5245 5246 5317
f 5246 5318 5317
f 5246 5247 5318
f 5247 5319 5318
f 5247 5248 5319
f 5248 5320 5319
f 5248 5249 5320
f 5249 5321 5320
f 5249 5250 5321
f 5250 5322 5321
f 5250 5251 5322
f 5251 5323 5322
f 5251 5252 5323
f 5252 5324 5323
f 5252 5253 5324
f 5253 5325 5324
f 5253 5254 5325
f 5254 5326 5325
f 5254 5255 5326
f 5255 5327 5326
f 5255 5256 5327
f 5256 5328 5327
f 5256 5185 5328
f 5185 5257 5328
f 5257 5258 5329
f 5258 5330 5329
f 5258 5259 5330
f 5259 5331 5330
f 5259 5260 5331
f 5260 5332 5331
f 5260 5261 5332
f 5261 5333 5332
f 5261 5262 5333
f 5262 5334 5333
f 5262 5263 5334
f 5263 5335 5334
f 5263 5264 5335
f 5264 5336 5335
f 5264 5265 5336
f 5265 5337 5336
f 5265 5266 5337
f 5266 5338 5337
f 5266 5267 5338
f 5267 5339 5338
f 5267 5268 5339
f 5268 5340 5339
f 5268 5269 5340
f 5269 5341 5340
f 5269 5270 5341
f 5270 5342 5341
f 5270 5271 5342
f 5271 5343 5342
f 5271 5272 5343
f 5272 5344 5343
f 5272 5273 5344
f 5273 5345 5344
f 5273 5274 5345
f 5274 5346 5345
f 5274 5275 5346
f 5275 5347 5346
f 5275 5276 5347
f 5276 5348 5347
f 5276 5277 5348
f 5277 5349 5348
f 5277 5278 5349
f 5278 5350 5349
f 5278 5279 5350
f 5279 5351 5350
f 5279 5280 5351
f 5280 5352 5351
f 5280 5281 5352
f 5281 5353 5352
f 5281 5282 5353
f 5282 5354 5353
f 5282 5283 5354
f 5283 5355 5354
f 5283 5284 5355
f 5284 5356 5355
f 5284 5285 5356
f 5285 5357 5356
f 5285 5286 5357
f 5286 5358 5357
f 5286 5287 5358
f 5287 5359 5358
f 5287 5288 5359
f 5288 5360 5359
f 5288 5289 5360
f 5289 5361 5360
f 5289 5290 5361
f 5290 5362 5361
f 5290 5291 5362
f 5291 5363 5362
f 5291 5292 5363
f 5292 5364 5363
f 5292 5293 5364
f 5293 5365 5364
f 5293 5294 5365
f 5294 5366 5365
f 5294 5295 5366
f 5295 5367 5366
f 5295 5296 5367
f 5296 5368 5367
f 5296 5297 5368
f 5297 5369 5368
f 5297 5298 5369
f 5298 5370 5369
f 5298 5299 5370
f 5299 5371 5370
f 5299 5300 5371
f 5300 5372 5371
f 5300 5301 5372
f 5301 5373 5372
f 5301 5302 5373
f 5302 5374 5373
f 5302 5303 5374
f 5303 5375 5374
f 5303 5304 5375
f 5304 5376 5375
f 5304 5305 5376
f 5305 5377 5376
f 5305 5306 5377
f 5306 5378 5377
f 5306 5307 5378
f 5307 5379 5378
f 5307 5308 5379
f 5308 5380 5379
f 5308 5309 5380
f 5309 5381 5380
f 5309 5310 5381
f 5310 5382 5381
f 5310 5311 5382
f 5311 5383 5382
f 5311 5312 5383
f 5312 5384 5383
f 5312 5313 5384
f 5313 5385 5384
f 5313 5314 5385
f 5314 5386 5385
f 5314 5315 5386
f 5315 5387 5386
f 5315 5316 5387
f 5316 5388 5387
f 5316 5317 5388
f 5317 5389 5388
f 5317 5318 5389
f 5318 5390 5389
f 5318 5319 5390
f 5319 5391 5390
f 5319 5320 5391
f 5320 5392 5391
f 5320 5321 5392
f 5321 5393 5392
f 5321 5322 5393
f 5322 5394 5393
f 5322 5323 5394
f 5323 5395 5394
f 5323 5324 5395
f 5324 5396 5395
f 5324 5325 5396
f 5325 5397 5396
f 5325 5326 5397
f 5326 5398 5397
f 5326 5327 5398
f 5327 5399 5398
f 5327 5328 5399
f 5328 5400 5399
f 5328 5257 5400
f 5257 5329 5400
f 5329 5330 5401
f 5330 5402 5401
f 5330 5331 5402
f 5331 5403 5402
f 5331 5332 5403
f 5332 5404 5403
f 5332 5333 5404
f 5333 5405 5404
f 5333 5334 5405
f 5334 5406 5405
f 5334 5335 5406
f 5335 5407 5406
f 5335 5336 5407
f 5336 5408 5407
f 5336 5337 5408
f 5337 5409 5408
f 5337 5338 5409
f 5338 5410 5409
f 5338 5339 5410
f 5339 5411 5410
f 5339 5340 5411
f 5340 5412 5411
f 5340 5341 5412
f 5341 5413 5412
f 5341 5342 5413
f 5342 5414 5413
f 5342 5343 5414
f 5343 5415 5414
f 5343 5344 5415
f 5344 5416 5415
f 5344 5345 5416
f 5345 5417 5416
f 5345 5346 5417
f 5346 5418 5417
f 5346 5347 5418
f 5347 5419 5418
f 5347 5348 5419
f 5348 5420 5419
f 5348 5349 5420
f 5349 5421 5420
f 5349 5350 5421
f 5350 5422 5421
f 5350 5351 5422
f 5351 5423 5422
f 5351 5352 5423
f 5352 5424 5423
f 5352 5353 5424
f 5353 5425 5424
f 5353 5354 5425
f 5354 5426 5425
f 5354 5355 5426
f 5355 5427 5426
f 5355 5356 5427
f 5356 5428 5427
f 5356 5357 5428
f 5357 5429 5428
f 5357 5358 5429
f 5358 5430 5429
f 5358 5359 5430
f 5359 5431 5430
f 5359 5360 5431
f 5360 5432 5431
f 5360 5361 5432
f 5361 5433 5432
f 5361 5362 5433
f 5362 5434 5433
f 5362 5363 5434
f 5363 5435 5434
f 5363 5364 5435
f 5364 5436 5435
f 5364 5365 5436
f 5365 5437 5436
f 5365 5366 5437
f 5366 5438 5437
f 5366 5367 5438
f 5367 5439 5438
f 5367 5368 5439
f 5368 5440 5439
f 5368 5369 5440
f 5369 5441 5440
f 5369 5370 5441
f 5370 5442 5441
f 5370 5371 5442
f 5371 5443 5442
f 5371 5372 5443
f 5372 5444 5443
f 5372 5373 5444
f 5373 5445 5444
f 5373 5374 5445
f 5374 5446 5445
f 5374 5375 5446
f 5375 5447 5446
f 5375 5376 5447
f 5376 5448 5447
f 5376 5377 5448
f 5377 5449 5448
f 5377 5378 5449
f 5378 5450 5449
f 5378 5379 5450
f 5379 5451 5450
f 5379 5380 5451
f 5380 5452 5451
f 5380 5381 5452
f 5381 5453 5452
f 5381 5382 5453
f 5382 5454 5453
f 5382 5383 5454
f 5383 5455 5454
f 5383 5384 5455
f 5384 5456 5455
f 5384 5385 5456
f 5385 5457 5456
f 5385 5386 5457
f 5386 5458 5457
f 5386 5387 5458
f 5387 5459 5458
f 5387 5388 5459
f 5388 5460 5459
f 5388 5389 5460
f 5389 5461 5460
f 5389 5390 5461
f 5390 5462 5461
f 5390 5391 5462
f 5391 5463 5462
f 5391 5392 5463
f 5392 5464 5463
f 5392 5393 5464
f 5393 5465 5464
f 5393 5394 5465
f 5394 5466 5465
f 5394 5395 5466
f 5395 5467 5466
f 5395 5396 5467
f 5396 5468 5467
f 5396 5397 5468
f 5397 5469 5468
f 5397 5398 5469
f 5398 5470 5469
f 5398 5399 5470
f 5399 5471 5470
f 5399 5400 5471
f 5400 5472 5471
f 5400 5329 5472
f 5329 5401 5472
f 5401 5402 5473
f 5402 5474 5473
f 5402 5403 5474
f 5403 5475 5474
f 5403 5404 5475
f 5404 5476 5475
f 5404 5405 5476
f 5405 5477 5476
f 5405 5406 5477
f 5406 5478 5477
f 5406 5407 5478
f 5407 5479 5478
f 5407 5408 5479
f 5408 5480 5479
f 5408 5409 5480
f 5409 5481 5480
f 5409 5410 5481
f 5410 5482 5481
f 5410 5411 5482
f 5411 5483 5482
f 5411 5412 5483
f 5412 5484 5483
f 5412 5413 5484
f 5413 5485 5484
f 5413 5414 5485
f 5414 5486 5485
f 5414 5415 5486
f 5415 5487 5486
f 5415 5416 5487
f 5416 5488 5487
f 5416 5417 5488
f 5417 5489 5488
f 5417 5418 5489
f 5418 5490 5489
f 5418 5419 5490
f 5419 5491 5490
f 5419 5420 5491
f 5420 5492 5491
f 5420 5421 5492
f 5421 5493 5492
f 5421 5422 5493
f 5422 5494 5493
f 5422 5423 5494
f 5423 5495 5494
f 5423 5424 5495
f 5424 5496 5495
f 5424 5425 5496
f 5425 5497 5496
f 5425 5426 5497
f 5426 5498 5497
f 5426 5427 5498
f 5427 5499 5498
f 5427 5428 5499
f 5428 5500 5499
f 5428 5429 5500
f 5429 5501 5500
f 5429 5430 5501
f 5430 5502 5501
f 5430 5431 5502
f 5431 5503 5502
f 5431 5432 5503
f 5432 5504 5503
f 5432 5433 5504
f 5433 5505 5504
f 5433 5434 5505
f 5434 5506 5505
f 5434 5435 5506
f 5435 5507 5506
f 5435 5436 5507
f 5436 5508 5507
f 5436 5437 5508
f 5437 5509 5508
f 5437 5438 5509
f 5438 5510 5509
f 5438 5439 5510
f 5439 5511 5510
f 5439 5440 5511
f 5440 5512 5511
f 5440 5441 5512
f 5441 5513 5512
f 5441 5442 5513
f 5442 5514 5513
f 5442 5443 5514
f 5443 5515 5514
f 5443 5444 5515
f 5444 5516 5515
f 5444 5445 5516
f 5445 5517 5516
f 5445 5446 5517
f 5446 5518 5517
f 5446 5447 5518
f 5447 5519 5518
f 5447 5448 5519
f 5448 5520 5519
f 5448 5449 5520
f 5449 5521 5520
f 5449 5450 5521
f 5450 5522 5521
f 5450 5451 5522
f 5451 5523 5522
f 5451 5452 5523
f 5452 5524 5523
f 5452 5453 5524
f 5453 5525 5524
f 5453 5454 5525
f 5454 5526 5525
f 5454 5455 5526
f 5455 5527 5526
f 5455 5456 5527
f 5456 5528 5527
f 5456 5457 5528
f 5457 5529 5528
f 5457 5458 5529
f 5458 5530 5529
f 5458 5459 5530
f 5459 5531 5530
f 5459 5460 5531
f 5460 5532 5531
f 5460 5461 5532
f 5461 5533 5532
f 5461 5462 5533
f 5462 5534 5533
f 5462 5463 5534
f 5463 5535 5534
f 5463 5464 5535
f 5464 5536 5535
f 5464 5465 5536
f 5465 5537 5536
f 5465 5466 5537
f 5466 5538 5537
f 5466 5467 5538
f 5467 5539 5538
f 5467 5468 5539
f 5468 5540 5539
f 5468 5469 5540
f 5469 5541 5540
f 5469 5470 5541
f 5470 5542 5541
f 5470 5471 5542
f 5471 5543 5542
f 5471 5472 5543
f 5472 5544 5543
f 5472 5401 5544
f 5401 5473 5544
f 5473 5474 5545
f 5474 5546 5545
f 5474 5475 5546
f 5475 5547 5546
f 5475 5476 5547
f 5476 5548 5547
f 5476 5477 5548
f 5477 5549 5548
f 5477 5478 5549
f 5478 5550 5549
f 5478 5479 5550
f 5479 5551 5550
f 5479 5480 5551
f 5480 5552 5551
f 5480 5481 5552
f 5481 5553 5552
f 5481 5482 5553
f 5482 5554 5553
f 5482 5483 5554
f 5483 5555 5554
f 5483 5484 5555
f 5484 5556 5555
f 5484 5485 5556
f 5485 5557 5556
f 5485 5486 5557
f 5486 5558 5557
f 5486 5487 5558
f 5487 5559 5558
f 5487 5488 5559
f 5488 5560 5559
f 5488 5489 5560
f 5489 5561 5560
f 5489 5490 5561
f 5490 5562 5561
f 5490 5491 5562
f 5491 5563 5562
f 5491 5492 5563
f 5492 5564 5563
f 5492 5493 5564
f 5493 5565 5564
f 5493 5494 5565
f 5494 5566 5565
f 5494 5495 5566
f 5495 5567 5566
f 5495 5496 5567
f 5496 5568 5567
f 5496 5497 5568
f 5497 5569 5568
f 5497 5498 5569
f 5498 5570 5569
f 5498 5499 5570
f 5499 5571 5570
f 5499 5500 5571
f 5500 5572 5571
f 5500 5501 5572
f 5501 5573 5572
f 5501 5502 5573
f 5502 5574 5573
f 5502 5503 5574
f 5503 5575 5574
f 5503 5504 5575
f 5504 5576 5575
f 5504 5505 5576
f 5505 5577 5576
f 5505 5506 5577
f 5506 5578 5577
f 5506 5507 5578
f 5507 5579 5578
f 5507 5508 5579
f 5508 5580 5579
f 5508 5509 5580
f 5509 5581 5580
f 5509 5510 5581
f 5510 5582 5581
f 5510 5511 5582
f 5511 5583 5582
f 5511 5512 5583
f 5512 5584 5583
f 5512 5513 5584
f 5513 5585 5584
f 5513 5514 5585
f 5514 5586 5585
f 5514 5515 5586
f 5515 5587 5586
f 5515 5516 5587
f 5516 5588 5587
f 5516 5517 5588
f 5517 5589 5588
f 5517 5518 5589
f 5518 5590 5589
f 5518 5519 5590
f 5519 5591 5590
f 5519 5520 5591
f 5520 5592 5591
f 5520 5521 5592
f 5521 5593 5592
f 5521 5522 5593
f 5522 5594 5593
f 5522 5523 5594
f 5523 5595 5594
f 5523 5524 5595
f 5524 5596 5595
f 5524 5525 5596
f 5525 5597 5596
f 5525 5526 5597
f 5526 5598 5597
f 5526 5527 5598
f 5527 5599 5598
f 5527 5528 5599
f 5528 5600 5599
f 5528 5529 5600
f 5529 5601 5600
f 5529 5530 5601
f 5530 5602 5601
f 5530 5531 5602
f 5531 5603 5602
f 5531 5532 5603
f 5532 5604 5603
f 5532 5533 5604
f 5533 5605 5604
f 5533 5534 5605
f 5534 5606 5605
f 5534 5535 5606
f 5535 5607 5606
f 5535 5536 5607
f 5536 5608 5607
f 5536 5537 5608
f 5537 5609 5608
f 5537 5538 5609
f 5538 5610 5609
f 5538 5539 5610
f 5539 5611 5610
f 5539 5540 5611
f 5540 5612 5611
f 5540 5541 5612
f 5541 5613 5612
f 5541 5542 5613
f 5542 5614 5613
f 5542 5543 5614
f 5543 5615 5614
f 5543 5544 5615
f 5544 5616 5615
f 5544 5473 5616
f 5473 5545 5616
f 5545 5546 5617
f 5546 5618 5617
f 5546 5547 5618
f 5547 5619 5618
f 5547 5548 5619
f 5548 5620 5619
f 5548 5549 5620
f 5549 5621 5620
f 5549 5550 5621
f 5550 5622 5621
f 5550 5551 5622
f 5551 5623 5622
f 5551 5552 5623
f 5552 5624 5623
f 5552 5553 5624
f 5553 5625 5624
f 5553 5554 5625
f 5554 5626 5625
f 5554 5555 5626
f 5555 5627 5626
f 5555 5556 5627
f 5556 5628 5627
f 5556 5557 5628
f 5557 5629 5628
f 5557 5558 5629
f 5558 5630 5629
f 5558 5559 5630
f 5559 5631 5630
f 5559 5560 5631
f 5560 5632 5631
f 5560 5561 5632
f 5561 5633 5632
f 5561 5562 5633
f 5562 5634 5633
f 5562 5563 5634
f 5563 5635 5634
f 5563 5564 5635
f 5564 5636 5635
f 5564 5565 5636
f 5565 5637 5636
f 5565 5566 5637
f 5566 5638 5637
f 5566 5567 5638
f 5567 5639 5638
f 5567 5568 5639
f 5568 5640 5639
f 5568 5569 5640
f 5569 5641 5640
f 5569 5570 5641
f 5570 5642 5641
f 5570 5571 5642
f 5571 5643 5642
f 5571 5572 5643
f 5572 5644 5643
f 5572 5573 5644
f 5573 5645 5644
f 5573 5574 5645
f 5574 5646 5645
f 5574 5575 5646
f 5575 5647 5646
f 5575 5576 5647
f 5576 5648 5647
f 5576 5577 5648
f 5577 5649 5648
f 5577 5578 5649
f 5578 5650 5649
f 5578 5579 5650
f 5579 5651 5650
f 5579 5580 5651
f 5580 5652 5651
f 5580 5581 5652
f 5581 5653 5652
f 5581 5582 5653
f 5582 5654 5653
f 5582 5583 5654
f 5583 5655 5654
f 5583 5584 5655
f 5584 5656 5655
f 5584 5585 5656
f 5585 5657 5656
f 5585 5586 5657
f 5586 5658 5657
f 5586 5587 5658
f 5587 5659 5658
f 5587 5588 5659
f 5588 5660 5659
f 5588 5589 5660
f 5589 5661 5660
f 5589 5590 5661
f 5590 5662 5661
f 5590 5591 5662
f 5591 5663 5662
f 5591 5592 5663
f 5592 5664 5663
f 5592 5593 5664
f 5593 5665 5664
f 5593 5594 5665
f 5594 5666 5665
f 5594 5595 5666
f 5595 5667 5666
f 5595 5596 5667
f 5596 5668 5667
f 5596 5597 5668
f 5597 5669 5668
f 5597 5598 5669
f 5598 5670 5669
f 5598 5599 5670
f 5599 5671 5670
f 5599 5600 5671
f 5600 5672 5671
f 5600 5601 5672
f 5601 5673 5672
f 5601 5602 5673
f 5602 5674 5673
f 5602 5603 5674
f 5603 5675 5674
f 5603 5604 5675
f 5604 5676 5675
f 5604 5605 5676
f 5605 5677 5676
f 5605 5606 5677
f 5606 5678 5677
f 5606 5607 5678
f 5607 5679 5678
f 5607 5608 5679
f 5608 5680 5679
f 5608 5609 5680
f 5609 5681 5680
f 5609 5610 5681
f 5610 5682 5681
f 5610 5611 5682
f 5611 5683 5682
f 5611 5612 5683
f 5612 5684 5683
f 5612 5613 5684
f 5613 5685 5684
f 5613 5614 5685
f 5614 5686 5685
f 5614 5615 5686
f 5615 5687 5686
f 5615 5616 5687
f 5616 5688 5687
f 5616 5545 5688
f 5545 5617 5688
f 5617 5618 5689
f 5618 5690 5689
f 5618 5619 5690
f 5619 5691 5690
f 5619 5620 5691
f 5620 5692 5691
f 5620 5621 5692
f 5621 5693 5692
f 5621 5622 5693
f 5622 5694 5693
f 5622 5623 5694
f 5623 5695 5694
f 5623 5624 5695
f 5624 5696 5695
f 5624 5625 5696
f 5625 5697 5696
f 5625 5626 5697
f 5626 5698 5697
f 5626 5627 5698
f 5627 5699 5698
f 5627 5628 5699
f 5628 5700 5699
f 5628 5629 5700
f 5629 5701 5700
f 5629 5630 5701
f 5630 5702 5701
f 5630 5631 5702
f 5631 5703 5702
f 5631 5632 5703
f 5632 5704 5703
f 5632 5633 5704
f 5633 5705 5704
f 5633 5634 5705
f 5634 5706 5705
f 5634 5635 5706
f 5635 5707 5706
f 5635 5636 5707
f 5636 5708 5707
f 5636 5637 5708
f 5637 5709 5708
f 5637 5638 5709
f 5638 5710 5709
f 5638 5639 5710
f 5639 5711 5710
f 5639 5640 5711
f 5640 5712 5711
f 5640 5641 5712
f 5641 5713 5712
f 5641 5642 5713
f 5642 5714 5713
f 5642 5643 5714
f 5643 5715 5714
f 5643 5644 5715
f 5644 5716 5715
f 5644 5645 5716
f 5645 5717 5716
f 5645 5646 5717
f 5646 5718 5717
f 5646 5647 5718
f 5647 5719 5718
f 5647 5648 5719
f 5648 5720 5719
f 5648 5649 5720
f 5649 5721 5720
f 5649 5650 5721
f 5650 5722 5721
f 5650 5651 5722
f 5651 5723 5722
f 5651 5652 5723
f 5652 5724 5723
f 5652 5653 5724
f 5653 5725 5724
f 5653 5654 5725
f 5654 5726 5725
f 5654 5655 5726
f 5655 5727 5726
f 5655 5656 5727
f 5656 5728 5727
f 5656 5657 5728
f 5657 5729 5728
f 5657 5658 5729
f 5658 5730 5729
f 5658 5659 5730
f 5659 5731 5730
f 5659 5660 5731
f 5660 5732 5731
f 5660 5661 5732
f 5661 5733 5732
f 5661 5662 5733
f 5662 5734 5733
f 5662 5663 5734
f 5663 5735 5734
f 5663 5664 5735
f 5664 5736 5735
f 5664 5665 5736
f 5665 5737 5736
f 5665 5666 5737
f 5666 5738 5737
f 5666 5667 5738
f 5667 5739 5738
f 5667 5668 5739
f 5668 5740 5739
f 5668 5669 5740
f 5669 5741 5740
f 5669 5670 5741
f 5670 5742 5741
f 5670 5671 5742
f 5671 5743 5742
f 5671 5672 5743
f 5672 5744 5743
f 5672 5673 5744
f 5673 5745 5744
f 5673 5674 5745
f 5674 5746 5745
f 5674 5675 5746
f 5675 5747 5746
f 5675 5676 5747
f 5676 5748 5747
f 5676 5677 5748
f 5677 5749 5748
f 5677 5678 5749
f 5678 5750 5749
f 5678 5679 5750
f 5679 5751 5750
f 5679 5680 5751
f 5680 5752 5751
f 5680 5681 5752
f 5681 5753 5752
f 5681 5682 5753
f 5682 5754 5753
f 5682 5683 5754
f 5683 5755 5754
f 5683 5684 5755
f 5684 5756 5755
f 5684 5685 5756
f 5685 5757 5756
f 5685 5686 5757
f 5686 5758 5757
f 5686 5687 5758
f 5687 5759 5758
f 5687 5688 5759
f 5688 5760 5759
f 5688 5617 5760
f 5617 5689 5760
f 5689 5690 5761
f 5690 5762 5761
f 5690 5691 5762
f 5691 5763 5762
f 5691 5692 5763
f 5692 5764 5763
f 5692 5693 5764
f 5693 5765 5764
f 5693 5694 5765
f 5694 5766 5765
f 5694 5695 5766
f 5695 5767 5766
f 5695 5696 5767
f 5696 5768 5767
f 5696 5697 5768
f 5697 5769 5768
f 5697 5698 5769
f 5698 5770 5769
f 5698 5699 5770
f 5699 5771 5770
f 5699 5700 5771
f 5700 5772 5771
f 5700 5701 5772
f 5701 5773 5772
f 5701 5702 5773
f 5702 5774 5773
f 5702 5703 5774
f 5703 5775 5774
f 5703 5704 5775
f 5704 5776 5775
f 5704 5705 5776
f 5705 5777 5776
f 5705 5706 5777
f 5706 5778 5777
f 5706 5707 5778
f 5707 5779 5778
f 5707 5708 5779
f 5708 5780 5779
f 5708 5709 5780
f 5709 5781 5780
f 5709 5710 5781
f 5710 5782 5781
f 5710 5711 5782
f 5711 5783 5782
f 5711 5712 5783
f 5712 5784 5783
f 5712 5713 5784
f 5713 5785 5784
f 5713 5714 5785
f 5714 5786 5785
f 5714 5715 5786
f 5715 5787 5786
f 5715 5716 5787
f 5716 5788 5787
f 5716 5717 5788
f 5717 5789 5788
f 5717 5718 5789
f 5718 5790 5789
f 5718 5719 5790
f 5719 5791 5790
f 5719 5720 5791
f 5720 5792 5791
f 5720 5721 5792
f 5721 5793 5792
f 5721 5722 5793
f 5722 5794 5793
f 5722 5723 5794
f 5723 5795 5794
f 5723 5724 5795
f 5724 5796 5795
f 5724 5725 5796
f 5725 5797 5796
f 5725 5726 5797
f 5726 5798 5797
f 5726 5727 5798
f 5727 5799 5798
f 5727 5728 5799
f 5728 5800 5799
f 5728 5729 5800
f 5729 5801 5800
f 5729 5730 5801
f 5730 5802 5801
f 5730 5731 5802
f 5731 5803 5802
f 5731 5732 5803
f 5732 5804 5803
f 5732 5733 5804
f 5733 5805 5804
f 5733 5734 5805
f 5734 5806 5805
f 5734 5735 5806
f 5735 5807 5806
f 5735 5736 5807
f 5736 5808 5807
f 5736 5737 5808
f 5737 5809 5808
f 5737 5738 5809
f 5738 5810 5809
f 5738 5739 5810
f 5739 5811 5810
f 5739 5740 5811
f 5740 5812 5811
f 5740 5741 5812
f 5741 5813 5812
f 5741 5742 5813
f 5742 5814 5813
f 5742 5743 5814
f 5743 5815 5814
f 5743 5744 5815
f 5744 5816 5815
f 5744 5745 5816
f 5745 5817 5816
f 5745 5746 5817
f 5746 5818 5817
f 5746 5747 5818
f 5747 5819 5818
f 5747 5748 5819
f 5748 5820 5819
f 5748 5749 5820
f 5749 5821 5820
f 5749 5750 5821
f 5750 5822 5821
f 5750 5751 5822
f 5751 5823 5822
f 5751 5752 5823
f 5752 5824 5823
f 5752 5753 5824
f 5753 5825 5824
f 5753 5754 5825
f 5754 5826 5825
f 5754 5755 5826
f 5755 5827 5826
f 5755 5756 5827
f 5756 5828 5827
f 5756 5757 5828
f 5757 5829 5828
f 5757 5758 5829
f 5758 5830 5829
f 5758 5759 5830
f 5759 5831 5830
f 5759 5760 5831
f 5760 5832 5831
f 5760 5689 5832
f 5689 5761 5832
f 5761 5762 5833
f 5762 5834 5833
f 5762 5763 5834
f 5763 5835 5834
f 5763 5764 5835
f 5764 5836 5835
f 5764 5765 5836
f 5765 5837 5836
f 5765 5766 5837
f 5766 5838 5837
f 5766 5767 5838
f 5767 5839 5838
f 5767 5768 5839
f 5768 5840 5839
f 5768 5769 5840
f 5769 5841 5840
f 5769 5770 5841
f 5770 5842 5841
f 5770 5771 5842
f 5771 5843 5842
f 5771 5772 5843
f 5772 5844 5843
f 5772 5773 5844
f 5773 5845 5844
f 5773 5774 5845
f 5774 5846 5845
f 5774 5775 5846
f 5775 5847 5846
f 5775 5776 5847
f 5776 5848 5847
f 5776 5777 5848
f 5777 5849 5848
f 5777 5778 5849
f 5778 5850 5849
f 5778 5779 5850
f 5779 5851 5850
f 5779 5780 5851
f 5780 5852 5851
f 5780 5781 5852
f 5781 5853 5852
f 5781 5782 5853
f 5782 5854 5853
f 5782 5783 5854
f 5783 5855 5854
f 5783 5784 5855
f 5784 5856 5855
f 5784 5785 5856
f 5785 5857 5856
f 5785 5786 5857
f 5786 5858 5857
f 5786 5787 5858
f 5787 5859 5858
f 5787 5788 5859
f 5788 5860 5859
f 5788 5789 5860
f 5789 5861 5860
f 5789 5790 5861
f 5790 5862 5861
f 5790 5791 5862
f 5791 5863 5862
f 5791 5792 5863
f 5792 5864 5863
f 5792 5793 5864
f 5793 5865 5864
f 5793 5794 5865
f 5794 5866 5865
f 5794 5795 5866
f 5795 5867 5866
f 5795 5796 5867
f 5796 5868 5867
f 5796 5797 5868
f 5797 5869 5868
f 5797 5798 5869
f 5798 5870 5869
f 5798 5799 5870
f 5799 5871 5870
f 5799 5800 5871
f 5800 5872 5871
f 5800 5801 5872
f 5801 5873 5872
f 5801 5802 5873
f 5802 5874 5873
f 5802 5803 5874
f 5803 5875 5874
f 5803 5804 5875
f 5804 5876 5875
f 5804 5805 5876
f 5805 5877 5876
f 5805 5806 5877
f 5806 5878 5877
f 5806 5807 5878
f 5807 5879 5878
f 5807 5808 5879
f 5808 5880 5879
f 5808 5809 5880
f 5809 5881 5880
f 5809 5810 5881
f 5810 5882 5881
f 5810 5811 5882
f 5811 5883 5882
f 5811 5812 5883
f 5812 5884 5883
f 5812 5813 5884
f 5813 5885 5884
f 5813 5814 5885
f 5814 5886 5885
f 5814 5815 5886
f 5815 5887 5886
f 5815 5816 5887
f 5816 5888 5887
f 5816 5817 5888
f 5817 5889 5888
f 5817 5818 5889
f 5818 5890 5889
f 5818 5819 5890
f 5819 5891 5890
f 5819 5820 5891
f 5820 5892 5891
f 5820 5821 5892
f 5821 5893 5892
f 5821 5822 5893
f 5822 5894 5893
f 5822 5823 5894
f 5823 5895 5894
f 5823 5824 5895
f 5824 5896 5895
f 5824 5825 5896
f 5825 5897 5896
f 5825 5826 5897
f 5826 5898 5897
f 5826 5827 5898
f 5827 5899 5898
f 5827 5828 5899
f 5828 5900 5899
f 5828 5829 5900
f 5829 5901 5900
f 5829 5830 5901
f 5830 5902 5901
f 5830 5831 5902
f 5831 5903 5902
f 5831 5832 5903
f 5832 5904 5903
f 5832 5761 5904
f 5761 5833 5904
f 5833 5834 5905
f 5834 5906 5905
f 5834 5835 5906
f 5835 5907 5906
f 5835 5836 5907
f 5836 5908 5907
f 5836 5837 5908
f 5837 5909 5908
f 5837 5838 5909
f 5838 5910 5909
f 5838 5839 5910
f 5839 5911 5910
f 5839 5840 5911
f 5840 5912 5911
f 5840 5841 5912
f 5841 5913 5912
f 5841 5842 5913
f 5842 5914 5913
f 5842 5843 5914
f 5843 5915 5914
f 5843 5844 5915
f 5844 5916 5915
f 5844 5845 5916
f 5845 5917 5916
f 5845 5846 5917
f 5846 5918 5917
f 5846 5847 5918
f 5847 5919 5918
f 5847 5848 5919
f 5848 5920 5919
f 5848 5849 5920
f 5849 5921 5920
f 5849 5850 5921
f 5850 5922 5921
f 5850 5851 5922
f 5851 5923 5922
f 5851 5852 5923
f 5852 5924 5923
f 5852 5853 5924
f 5853 5925 5924
f 5853 5854 5925
f 5854 5926 5925
f 5854 5855 5926
f 5855 5927 5926
f 5855 5856 5927
f 5856 5928 5927
f 5856 5857 5928
f 5857 5929 5928
f 5857 5858 5929
f 5858 5930 5929
f 5858 5859 5930
f 5859 5931 5930
f 5859 5860 5931
f 5860 5932 5931
f 5860 5861 5932
f 5861 5933 5932
f 5861 5862 5933
f 5862 5934 5933
f 5862 5863 5934
f 5863 5935 5934
f 5863 5864 5935
f 5864 5936 5935
f 5864 5865 5936
f 5865 5937 5936
f 5865 5866 5937
f 5866 5938 5937
f 5866 5867 5938
f 5867 5939 5938
f 5867 5868 5939
f 5868 5940 5939
f 5868 5869 5940
f 5869 5941 5940
f 5869 5870 5941
f 5870 5942 5941
f 5870 5871 5942
f 5871 5943 5942
f 5871 5872 5943
f 5872 5944 5943
f 5872 5873 5944
f 5873 5945 5944
f 5873 5874 5945
f 5874 5946 5945
f 5874 5875 5946
f 5875 5947 5946
f 5875 5876 5947
f 5876 5948 5947
f 5876 5877 5948
f 5877 5949 5948
f 5877 5878 5949
f 5878 5950 5949
f 5878 5879 5950
f 5879 5951 5950
f 5879 5880 5951
f 5880 5952 5951
f 5880 5881 5952
f 5881 5953 5952
f 5881 5882 5953
f 5882 5954 5953
f 5882 5883 5954
f 5883 5955 5954
f 5883 5884 5955
f 5884 5956 5955
f 5884 5885 5956
f 5885 5957 5956
f 5885 5886 5957
f 5886 5958 5957
f 5886 5887 5958
f 5887 5959 5958
f 5887 5888 5959
f 5888 5960 5959
f 5888 5889 5960
f 5889 5961 5960
f 5889 5890 5961
f 5890 5962 5961
f 5890 5891 5962
f 5891 5963 5962
f 5891 5892 5963
f 5892 5964 5963
f 5892 5893 5964
f 5893 5965 5964
f 5893 5894 5965
f 5894 5966 5965
f 5894 5895 5966
f 5895 5967 5966
f 5895 5896 5967
f 5896 5968 5967
f 5896 5897 5968
f 5897 5969 5968
f 5897 5898 5969
f 5898 5970 5969
f 5898 5899 5970
f 5899 5971 5970
f 5899 5900 5971
f 5900 5972 5971
f 5900 5901 5972
f 5901 5973 5972
f 5901 5902 5973
f 5902 5974 5973
f 5902 5903 5974
f 5903 5975 5974
f 5903 5904 5975
f 5904 5976 5975
f 5904 5833 5976
f 5833 5905 5976
f 5905 5906 5977
f 5906 5978 5977
f 5906 5907 5978
f 5907 5979 5978
f 5907 5908 5979
f 5908 5980 5979
f 5908 5909 5980
f 5909 5981 5980
f 5909 5910 5981
f 5910 5982 5981
f 5910 5911 5982
f 5911 5983 5982
f 5911 5912 5983
f 5912 5984 5983
f 5912 5913 5984
f 5913 5985 5984
f 5913 5914 5985
f 5914 5986 5985
f 5914 5915 5986
f 5915 5987 5986
f 5915 5916 5987
f 5916 5988 5987
f 5916 5917 5988
f 5917 5989 5988
f 5917 5918 5989
f 5918 5990 5989
f 5918 5919 5990
f 5919 5991 5990
f 5919 5920 5991
f 5920 5992 5991
f 5920 5921 5992
f 5921 5993 5992
f 5921 5922 5993
f 5922 5994 5993
f 5922 5923 5994
f 5923 5995 5994
f 5923 5924 5995
f 5924 5996 5995
f 5924 5925 5996
f 5925 5997 5996
f 5925 5926 5997
f 5926 5998 5997
f 5926 5927 5998
f 5927 5999 5998
f 5927 5928 5999
f 5928 6000 5999
f 5928 5929 6000
f 5929 6001 6000
f 5929 5930 6001
f 5930 6002 6001
f 5930 5931 6002
f 5931 6003 6002
f 5931 5932 6003
f 5932 6004 6003
f 5932 5933 6004
f 5933 6005 6004
f 5933 5934 6005
f 5934 6006 6005
f 5934 5935 6006
f 5935 6007 6006
f 5935 5936 6007
f 5936 6008 6007
f 5936 5937 6008
f 5937 6009 6008
f 5937 5938 6009
f 5938 6010 6009
f 5938 5939 6010
f 5939 6011 6010
f 5939 5940 6011
f 5940 6012 6011
f 5940 5941 6012
f 5941 6013 6012
f 5941 5942 6013
f 5942 6014 6013
f 5942 5943 6014
f 5943 6015 6014
f 5943 5944 6015
f 5944 6016 6015
f 5944 5945 6016
f 5945 6017 6016
f 5945 5946 6017
f 5946 6018 6017
f 5946 5947 6018
f 5947 6019 6018
f 5947 5948 6019
f 5948 6020 6019
f 5948 5949 6020
f 5949 6021 6020
f 5949 5950 6021
f 5950 6022 6021
f 5950 5951 6022
f 5951 6023 6022
f 5951 5952 6023
f 5952 6024 6023
f 5952 5953 6024
f 5953 6025 6024
f 5953 5954 6025
f 5954 6026 6025
f 5954 5955 6026
f 5955 6027 6026
f 5955 5956 6027
f 5956 6028 6027
f 5956 5957 6028
f 5957 6029 6028
f 5957 5958 6029
f 5958 6030 6029
f 5958 5959 6030
f 5959 6031 6030
f 5959 5960 6031
f 5960 6032 6031
f 5960 5961 6032
f 5961 6033 6032
f 5961 5962 6033
f 5962 6034 6033
f 5962 5963 6034
f 5963 6035 6034
f 5963 5964 6035
f 5964 6036 6035
f 5964 5965 6036
f 5965 6037 6036
f 5965 5966 6037
f 5966 6038 6037
f 5966 5967 6038
f 5967 6039 6038
f 5967 5968 6039
f 5968 6040 6039
f 5968 5969 6040
f 5969 6041 6040
f 5969 5970 6041
f 5970 6042 6041
f 5970 5971 6042
f 5971 6043 6042
f 5971 5972 6043
f 5972 6044 6043
f 5972 5973 6044
f 5973 6045 6044
f 5973 5974 6045
f 5974 6046 6045
f 5974 5975 6046
f 5975 6047 6046
f 5975 5976 6047
f 5976 6048 6047
f 5976 5905 6048
f 5905 5977 6048
f 5977 5978 6049
f 5978 6050 6049
f 5978 5979 6050
f 5979 6051 6050
f 5979 5980 6051
f 5980 6052 6051
f 5980 5981 6052
f 5981 6053 6052
f 5981 5982 6053
f 5982 6054 6053
f 5982 5983 6054
f 5983 6055 6054
f 5983 5984 6055
f 5984 6056 6055
f 5984 5985 6056
f 5985 6057 6056
f 5985 5986 6057
f 5986 6058 6057
f 5986 5987 6058
f 5987 6059 6058
f 5987 5988 6059
f 5988 6060 6059
f 5988 5989 6060
f 5989 6061 6060
f 5989 5990 6061
f 5990 6062 6061
f 5990 5991 6062
f 5991 6063 6062
f 5991 5992 6063
f 5992 6064 6063
f 5992 5993 6064
f 5993 6065 6064
f 5993 5994 6065
f 5994 6066 6065
f 5994 5995 6066
f 5995 6067 6066
f 5995 5996 6067
f 5996 6068 6067
f 5996 5997 6068
f 5997 6069 6068
f 5997 5998 6069
f 5998 6070 6069
f 5998 5999 6070
f 5999 6071 6070
f 5999 6000 6071
f 6000 6072 6071
f 6000 6001 6072
f 6001 6073 6072
f 6001 6002 6073
f 6002 6074 6073
f 6002 6003 6074
f 6003 6075 6074
f 6003 6004 6075
f 6004 6076 6075
f 6004 6005 6076
f 6005 6077 6076
f 6005 6006 6077
f 6006 6078 6077
f 6006 6007 6078
f 6007 6079 6078
f 6007 6008 6079
f 6008 6080 6079
f 6008 6009 6080
f 6009 6081 6080
f 6009 6010 6081
f 6010 6082 6081
f 6010 6011 6082
f 6011 6083 6082
f 6011 6012 6083
f 6012 6084 6083
f 6012 6013 6084
f 6013 6085 6084
f 6013 6014 6085
f 6014 6086 6085
f 6014 6015 6086
f 6015 6087 6086
f 6015 6016 6087
f 6016 6088 6087
f 6016 6017 6088
f 6017 6089 6088
f 6017 6018 6089
f 6018 6090 6089
f 6018 6019 6090
f 6019 6091 6090
f 6019 6020 6091
f 6020 6092 6091
f 6020 6021 6092
f 6021 6093 6092
f 6021 6022 6093
f 6022 6094 6093
f 6022 6023 6094
f 6023 6095 6094
f 6023 6024 6095
f 6024 6096 6095
f 6024 6025 6096
f 6025 6097 6096
f 6025 6026 6097
f 6026 6098 6097
f 6026 6027 6098
f 6027 6099 6098
f 6027 6028 6099
f 6028 6100 6099
f 6028 6029 6100
f 6029 6101 6100
f 6029 6030 6101
f 6030 6102 6101
f 6030 6031 6102
f 6031 6103 6102
f 6031 6032 6103
f 6032 6104 6103
f 6032 6033 6104
f 6033 6105 6104
f 6033 6034 6105
f 6034 6106 6105
f 6034 6035 6106
f 6035 6107 6106
f 6035 6036 6107
f 6036 6108 6107
f 6036 6037 6108
f 6037 6109 6108
f 6037 6038 6109
f 6038 6110 6109
f 6038 6039 6110
f 6039 6111 6110
f 6039 6040 6111
f 6040 6112 6111
f 6040 6041 6112
f 6041 6113 6112
f 6041 6042 6113
f 6042 6114 6113
f 6042 6043 6114
f 6043 6115 6114
f 6043 6044 6115
f 6044 6116 6115
f 6044 6045 6116
f 6045 6117 6116
f 6045 6046 6117
f 6046 6118 6117
f 6046 6047 6118
f 6047 6119 6118
f 6047 6048 6119
f 6048 6120 6119
f 6048 5977 6120
f 5977 6049 6120
f 6049 6050 6121
f 6050 6122 6121
f 6050 6051 6122
f 6051 6123 6122
f 6051 6052 6123
f 6052 6124 6123
f 6052 6053 6124
f 6053 6125 6124
f 6053 6054 6125
f 6054 6126 6125
f 6054 6055 6126
f 6055 6127 6126
f 6055 6056 6127
f 6056 6128 6127
f 6056 6057 6128
f 6057 6129 6128
f 6057 6058 6129
f 6058 6130 6129
f 6058 6059 6130
f 6059 6131 6130
f 6059 6060 6131
f 6060 6132 6131
f 6060 6061 6132
f 6061 6133 6132
f 6061 6062 6133
f 6062 6134 6133
f 6062 6063 6134
f 6063 6135 6134
f 6063 6064 6135
f 6064 6136 6135
f 6064 6065 6136
f 6065 6137 6136
f 6065 6066 6137
f 6066 6138 6137
f 6066 6067 6138
f 6067 6139 6138
f 6067 6068 6139
f 6068 6140 6139
f 6068 6069 6140
f 6069 6141 6140
f 6069 6070 6141
f 6070 6142 6141
f 6070 6071 6142
f 6071 6143 6142
f 6071 6072 6143
f 6072 6144 6143
f 6072 6073 6144
f 6073 6145 6144
f 6073 6074 6145
f 6074 6146 6145
f 6074 6075 6146
f 6075 6147 6146
f 6075 6076 6147
f 6076 6148 6147
f 6076 6077 6148
f 6077 6149 6148
f 6077 6078 6149
f 6078 6150 6149
f 6078 6079 6150
f 6079 6151 6150
f 6079 6080 6151
f 6080 6152 6151
f 6080 6081 6152
f 6081 6153 6152
f 6081 6082 6153
f 6082 6154 6153
f 6082 6083 6154
f 6083 6155 6154
f 6083 6084 6155
f 6084 6156 6155
f 6084 6085 6156
f 6085 6157 6156
f 6085 6086 6157
f 6086 6158 6157
f 6086 6087 6158
f 6087 6159 6158
f 6087 6088 6159
f 6088 6160 6159
f 6088 6089 6160
f 6089 6161 6160
f 6089 6090 6161
f 6090 6162 6161
f 6090 6091 6162
f 6091 6163 6162
f 6091 6092 6163
f 6092 6164 6163
f 6092 6093 6164
f 6093 6165 6164
f 6093 6094 6165
f 6094 6166 6165
f 6094 6095 6166
f 6095 6167 6166
f 6095 6096 6167
f 6096 6168 6167
f 6096 6097 6168
f 6097 6169 6168
f 6097 6098 6169
f 6098 6170 6169
f 6098 6099 6170
f 6099 6171 6170
f 6099 6100 6171
f 6100 6172 6171
f 6100 6101 6172
f 6101 6173 6172
f 6101 6102 6173
f 6102 6174 6173
f 6102 6103 6174
f 6103 6175 6174
f 6103 6104 6175
f 6104 6176 6175
f 6104 6105 6176
f 6105 6177 6176
f 6105 6106 6177
f 6106 6178 6177
f 6106 6107 6178
f 6107 6179 6178
f 6107 6108 6179
f 6108 6180 6179
f 6108 6109 6180
f 6109 6181 6180
f 6109 6110 6181
f 6110 6182 6181
f 6110 6111 6182
f 6111 6183 6182
f 6111 6112 6183
f 6112 6184 6183
f 6112 6113 6184
f 6113 6185 6184
f 6113 6114 6185
f 6114 6186 6185
f 6114 6115 6186
f 6115 6187 6186
f 6115 6116 6187
f 6116 6188 6187
f 6116 6117 6188
f 6117 6189 6188
f 6117 6118 6189
f 6118 6190 6189
f 6118 6119 6190
f 6119 6191 6190
f 6119 6120 6191
f 6120 6192 6191
f 6120 6049 6192
f 6049 6121 6192
f 6121 6122 6193
f 6122 6194 6193
f 6122 6123 6194
f 6123 6195 6194
f 6123 6124 6195
f 6124 6196 6195
f 6124 6125 6196
f 6125 6197 6196
f 6125 6126 6197
f 6126 6198 6197
f 6126 6127 6198
f 6127 6199 6198
f 6127 6128 6199
f 6128 6200 6199
f 6128 6129 6200
f 6129 6201 6200
f 6129 6130 6201
f 6130 6202 6201
f 6130 6131 6202
f 6131 6203 6202
f 6131 6132 6203
f 6132 6204 6203
f 6132 6133 6204
f 6133 6205 6204
f 6133 6134 6205
f 6134 6206 6205
f 6134 6135 6206
f 6135 6207 6206
f 6135 6136 6207
f 6136 6208 6207
f 6136 6137 6208
f 6137 6209 6208
f 6137 6138 6209
f 6138 6210 6209
f 6138 6139 6210
f 6139 6211 6210
f 6139 6140 6211
f 6140 6212 6211
f 6140 6141 6212
f 6141 6213 6212
f 6141 6142 6213
f 6142 6214 6213
f 6142 6143 6214
f 6143 6215 6214
f 6143 6144 6215
f 6144 6216 6215
f 6144 6145 6216
f 6145 6217 6216
f 6145 6146 6217
f 6146 6218 6217
f 6146 6147 6218
f 6147 6219 6218
f 6147 6148 6219
f 6148 6220 6219
f 6148 6149 6220
f 6149 6221 6220
f 6149 6150 6221
f 6150 6222 6221
f 6150 6151 6222
f 6151 6223 6222
f 6151 6152 6223
f 6152 6224 6223
f 6152 6153 6224
f 6153 6225 6224
f 6153 6154 6225
f 6154 6226 6225
f 6154 6155 6226
f 6155 6227 6226
f 6155 6156 6227
f 6156 6228 6227
f 6156 6157 6228
f 6157 6229 6228
f 6157 6158 6229
f 6158 6230 6229
f 6158 6159 6230
f 6159 6231 6230
f 6159 6160 6231
f 6160 6232 6231
f 6160 6161 6232
f 6161 6233 6232
f 6161 6162 6233
f 6162 6234 6233
f 6162 6163 6234
f 6163 6235 6234
f 6163 6164 6235
f 6164 6236 6235
f 6164 6165 6236
f 6165 6237 6236
f 6165 6166 6237
f 6166 6238 6237
f 6166 6167 6238
f 6167 6239 6238
f 6167 6168 6239
f 6168 6240 6239
f 6168 6169 6240
f 6169 6241 6240
f 6169 6170 6241
f 6170 6242 6241
f 6170 6171 6242
f 6171 6243 6242
f 6171 6172 6243
f 6172 6244 6243
f 6172 6173 6244
f 6173 6245 6244
f 6173 6174 6245
f 6174 6246 6245
f 6174 6175 6246
f 6175 6247 6246
f 6175 6176 6247
f 6176 6248 6247
f 6176 6177 6248
f 6177 6249 6248
f 6177 6178 6249
f 6178 6250 6249
f 6178 6179 6250
f 6179 6251 6250
f 6179 6180 6251
f 6180 6252 6251
f 6180 6181 6252
f 6181 6253 6252
f 6181 6182 6253
f 6182 6254 6253
f 6182 6183 6254
f 6183 6255 6254
f 6183 6184 6255
f 6184 6256 6255
f 6184 6185 6256
f 6185 6257 6256
f 6185 6186 6257
f 6186 6258 6257
f 6186 6187 6258
f 6187 6259 6258
f 6187 6188 6259
f 6188 6260 6259
f 6188 6189 6260
f 6189 6261 6260
f 6189 6190 6261
f 6190 6262 6261
f 6190 6191 6262
f 6191 6263 6262
f 6191 6192 6263
f 6192 6264 6263
f 6192 6121 6264
f 6121 6193 6264
f 6193 6194 6265
f 6194 6266 6265
f 6194 6195 6266
f 6195 6267 6266
f 6195 6196 6267
f 6196 6268 6267
f 6196 6197 6268
f 6197 6269 6268
f 6197 6198 6269
f 6198 6270 6269
f 6198 6199 6270
f 6199 6271 6270
f 6199 6200 6271
f 6200 6272 6271
f 6200 6201 6272
f 6201 6273 6272
f 6201 6202 6273
f 6202 6274 6273
f 6202 6203 6274
f 6203 6275 6274
f 6203 6204 6275
f 6204 6276 6275
f 6204 6205 6276
f 6205 6277 6276
f 6205 6206 6277
f 6206 6278 6277
f 6206 6207 6278
f 6207 6279 6278
f 6207 6208 6279
f 6208 6280 6279
f 6208 6209 6280
f 6209 6281 6280
f 6209 6210 6281
f 6210 6282 6281
f 6210 6211 6282
f 6211 6283 6282
f 6211 6212 6283
f 6212 6284 6283
f 6212 6213 6284
f 6213 6285 6284
f 6213 6214 6285
f 6214 6286 6285
f 6214 6215 6286
f 6215 6287 6286
f 6215 6216 6287
f 6216 6288 6287
f 6216 6217 6288
f 6217 6289 6288
f 6217 6218 6289
f 6218 6290 6289
f 6218 6219 6290
f 6219 6291 6290
f 6219 6220 6291
f 6220 6292 6291
f 6220 6221 6292
f 6221 6293 6292
f 6221 6222 6293
f 6222 6294 6293
f 6222 6223 6294
f 6223 6295 6294
f 6223 6224 6295
f 6224 6296 6295
f 6224 6225 6296
f 6225 6297 6296
f 6225 6226 6297
f 6226 6298 6297
f 6226 6227 6298
f 6227 6299 6298
f 6227 6228 6299
f 6228 6300 6299
f 6228 6229 6300
f 6229 6301 6300
f 6229 6230 6301
f 6230 6302 6301
f 6230 6231 6302
f 6231 6303 6302
f 6231 6232 6303
f 6232 6304 6303
f 6232 6233 6304
f 6233 6305 6304
f 6233 6234 6305
f 6234 6306 6305
f 6234 6235 6306
f 6235 6307 6306
f 6235 6236 6307
f 6236 6308 6307
f 6236 6237 6308
f 6237 6309 6308
f 6237 6238 6309
f 6238 6310 6309
f 6238 6239 6310
f 6239 6311 6310
f 6239 6240 6311
f 6240 6312 6311
f 6240 6241 6312
f 6241 6313 6312
f 6241 6242 6313
f 6242 6314 6313
f 6242 6243 6314
f 6243 6315 6314
f 6243 6244 6315
f 6244 6316 6315
f 6244 6245 6316
f 6245 6317 6316
f 6245 6246 6317
f 6246 6318 6317
f 6246 6247 6318
f 6247 6319 6318
f 6247 6248 6319
f 6248 6320 6319
f 6248 6249 6320
f 6249 6321 6320
f 6249 6250 6321
f 6250 6322 6321
f 6250 6251 6322
f 6251 6323 6322
f 6251 6252 6323
f 6252 6324 6323
f 6252 6253 6324
f 6253 6325 6324
f 6253 6254 6325
f 6254 6326 6325
f 6254 6255 6326
f 6255 6327 6326
f 6255 6256 6327
f 6256 6328 6327
f 6256 6257 6328
f 6257 6329 6328
f 6257 6258 6329
f 6258 6330 6329
f 6258 6259 6330
f 6259 6331 6330
f 6259 6260 6331
f 6260 6332 6331
f 6260 6261 6332
f 6261 6333 6332
f 6261 6262 6333
f 6262 6334 6333
f 6262 6263 6334
f 6263 6335 6334
f 6263 6264 6335
f 6264 6336 6335
f 6264 6193 6336
f 6193 6265 6336
f 6265 6266 6337
f 6266 6338 6337
f 6266 6267 6338
f 6267 6339 6338
f 6267 6268 6339
f 6268 6340 6339
f 6268 6269 6340
f 6269 6341 6340
f 6269 6270 6341
f 6270 6342 6341
f 6270 6271 6342
f 6271 6343 6342
f 6271 6272 6343
f 6272 6344 6343
f 6272 6273 6344
f 6273 6345 6344
f 6273 6274 6345
f 6274 6346 6345
f 6274 6275 6346
f 6275 6347 6346
f 6275 6276 6347
f 6276 6348 6347
f 6276 6277 6348
f 6277 6349 6348
f 6277 6278 6349
f 6278 6350 6349
f 6278 6279 6350
f 6279 6351 6350
f 6279 6280 6351
f 6280 6352 6351
f 6280 6281 6352
f 6281 6353 6352
f 6281 6282 6353
f 6282 6354 6353
f 6282 6283 6354
f 6283 6355 6354
f 6283 6284 6355
f 6284 6356 6355
f 6284 6285 6356
f 6285 6357 6356
f 6285 6286 6357
f 6286 6358 6357
f 6286 6287 6358
f 6287 6359 6358
f 6287 6288 6359
f 6288 6360 6359
f 6288 6289 6360
f 6289 6361 6360
f 6289 6290 6361
f 6290 6362 6361
f 6290 6291 6362
f 6291 6363 6362
f 6291 6292 6363
f 6292 6364 6363
f 6292 6293 6364
f 6293 6365 6364
f 6293 6294 6365
f 6294 6366 6365
f 6294 6295 6366
f 6295 6367 6366
f 6295 6296 6367
f 6296 6368 6367
f 6296 6297 6368
f 6297 6369 6368
f 6297 6298 6369
f 6298 6370 6369
f 6298 6299 6370
f 6299 6371 6370
f 6299 6300 6371
f 6300 6372 6371
f 6300 6301 6372
f 6301 6373 6372
f 6301 6302 6373
f 6302 6374 6373
f 6302 6303 6374
f 6303 6375 6374
f 6303 6304 6375
f 6304 6376 6375
f 6304 6305 6376
f 6305 6377 6376
f 6305 6306 6377
f 6306 6378 6377
f 6306 6307 6378
f 6307 6379 6378
f 6307 6308 6379
f 6308 6380 6379
f 6308 6309 6380
f 6309 6381 6380
f 6309 6310 6381
f 6310 6382 6381
f 6310 6311 6382
f 6311 6383 6382
f 6311 6312 6383
f 6312 6384 6383
f 6312 6313 6384
f 6313 6385 6384
f 6313 6314 6385
f 6314 6386 6385
f 6314 6315 6386
f 6315 6387 6386
f 6315 6316 6387
f 6316 6388 6387
f 6316 6317 6388
f 6317 6389 6388
f 6317 6318 6389
f 6318 6390 6389
f 6318 6319 6390
f 6319 6391 6390
f 6319 6320 6391
f 6320 6392 6391
f 6320 6321 6392
f 6321 6393 6392
f 6321 6322 6393
f 6322 6394 6393
f 6322 6323 6394
f 6323 6395 6394
f 6323 6324 6395
f 6324 6396 6395
f 6324 6325 6396
f 6325 6397 6396
f 6325 6326 6397
f 6326 6398 6397
f 6326 6327 6398
f 6327 6399 6398
f 6327 6328 6399
f 6328 6400 6399
f 6328 6329 6400
f 6329 6401 6400
f 6329 6330 6401
f 6330 6402 6401
f 6330 6331 6402
f 6331 6403 6402
f 6331 6332 6403
f 6332 6404 6403
f 6332 6333 6404
f 6333 6405 6404
f 6333 6334 6405
f 6334 6406 6405
f 6334 6335 6406
f 6335 6407 6406
f 6335 6336 6407
f 6336 6408 6407
f 6336 6265 6408
f 6265 6337 6408
f 6337 6338 6409
f 6338 6410 6409
f 6338 6339 6410
f 6339 6411 6410
f 6339 6340 6411
f 6340 6412 6411
f 6340 6341 6412
f 6341 6413 6412
f 6341 6342 6413
f 6342 6414 6413
f 6342 6343 6414
f 6343 6415 6414
f 6343 6344 6415
f 6344 6416 6415
f 6344 6345 6416
f 6345 6417 6416
f 6345 6346 6417
f 6346 6418 6417
f 6346 6347 6418
f 6347 6419 6418
f 6347 6348 6419
f 6348 6420 6419
f 6348 6349 6420
f 6349 6421 6420
f 6349 6350 6421
f 6350 6422 6421
f 6350 6351 6422
f 6351 6423 6422
f 6351 6352 6423
f 6352 6424 6423
f 6352 6353 6424
f 6353 6425 6424
f 6353 6354 6425
f 6354 6426 6425
f 6354 6355 6426
f 6355 6427 6426
f 6355 6356 6427
f 6356 6428 6427
f 6356 6357 6428
f 6357 6429 6428
f 6357 6358 6429
f 6358 6430 6429
f 6358 6359 6430
f 6359 6431 6430
f 6359 6360 6431
f 6360 6432 6431
f 6360 6361 6432
f 6361 6433 6432
f 6361 6362 6433
f 6362 6434 6433
f 6362 6363 6434
f 6363 6435 6434
f 6363 6364 6435
f 6364 6436 6435
f 6364 6365 6436
f 6365 6437 6436
f 6365 6366 6437
f 6366 6438 6437
f 6366 6367 6438
f 6367 6439 6438
f 6367 6368 6439
f 6368 6440 6439
f 6368 6369 6440
f 6369 6441 6440
f 6369 6370 6441
f 6370 6442 6441
f 6370 6371 6442
f 6371 6443 6442
f 6371 6372 6443
f 6372 6444 6443
f 6372 6373 6444
f 6373 6445 6444
f 6373 6374 6445
f 6374 6446 6445
f 6374 6375 6446
f 6375 6447 6446
f 6375 6376 6447
f 6376 6448 6447
f 6376 6377 6448
f 6377 6449 6448
f 6377 6378 6449
f 6378 6450 6449
f 6378 6379 6450
f 6379 6451 6450
f 6379 6380 6451
f 6380 6452 6451
f 6380 6381 6452
f 6381 6453 6452
f 6381 6382 6453
f 6382 6454 6453
f 6382 6383 6454
f 6383 6455 6454
f 6383 6384 6455
f 6384 6456 6455
f 6384 6385 6456
f 6385 6457 6456
f 6385 6386 6457
f 6386 6458 6457
f 6386 6387 6458
f 6387 6459 6458
f 6387 6388 6459
f 6388 6460 6459
f 6388 6389 6460
f 6389 6461 6460
f 6389 6390 6461
f 6390 6462 6461
f 6390 6391 6462
f 6391 6463 6462
f 6391 6392 6463
f 6392 6464 6463
f 6392 6393 6464
f 6393 6465 6464
f 6393 6394 6465
f 6394 6466 6465
f 6394 6395 6466
f 6395 6467 6466
f 6395 6396 6467
f 6396 6468 6467
f 6396 6397 6468
f 6397 6469 6468
f 6397 6398 6469
f 6398 6470 6469
f 6398 6399 6470
f 6399 6471 6470
f 6399 6400 6471
f 6400 6472 6471
f 6400 6401 6472
f 6401 6473 6472
f 6401 6402 6473
f 6402 6474 6473
f 6402 6403 6474
f 6403 6475 6474
f 6403 6404 6475
f 6404 6476 6475
f 6404 6405 6476
f 6405 6477 6476
f 6405 6406 6477
f 6406 6478 6477
f 6406 6407 6478
f 6407 6479 6478
f 6407 6408 6479
f 6408 6480 6479
f 6408 6337 6480
f 6337 6409 6480
f 6409 6410 6481
f 6410 6482 6481
f 6410 6411 6482
f 6411 6483 6482
f 6411 6412 6483
f 6412 6484 6483
f 6412 6413 6484
f 6413 6485 6484
f 6413 6414 6485
f 6414 6486 6485
f 6414 6415 6486
f 6415 6487 6486
f 6415 6416 6487
f 6416 6488 6487
f 6416 6417 6488
f 6417 6489 6488
f 6417 6418 6489
f 6418 6490 6489
f 6418 6419 6490
f 6419 6491 6490
f 6419 6420 6491
f 6420 6492 6491
f 6420 6421 6492
f 6421 6493 6492
f 6421 6422 6493
f 6422 6494 6493
f 6422 6423 6494
f 6423 6495 6494
f 6423 6424 6495
f 6424 6496 6495
f 6424 6425 6496
f 6425 6497 6496
f 6425 6426 6497
f 6426 6498 6497
f 6426 6427 6498
f 6427 6499 6498
f 6427 6428 6499
f 6428 6500 6499
f 6428 6429 6500
f 6429 6501 6500
f 6429 6430 6501
f 6430 6502 6501
f 6430 6431 6502
f 6431 6503 6502
f 6431 6432 6503
f 6432 6504 6503
f 6432 6433 6504
f 6433 6505 6504
f 6433 6434 6505
f 6434 6506 6505
f 6434 6435 6506
f 6435 6507 6506
f 6435 6436 6507
f 6436 6508 6507
f 6436 6437 6508
f 6437 6509 6508
f 6437 6438 6509
f 6438 6510 6509
f 6438 6439 6510
f 6439 6511 6510
f 6439 6440 6511
f 6440 6512 6511
f 6440 6441 6512
f 6441 6513 6512
f 6441 6442 6513
f 6442 6514 6513
f 6442 6443 6514
f 6443 6515 6514
f 6443 6444 6515
f 6444 6516 6515
f 6444 6445 6516
f 6445 6517 6516
f 6445 6446 6517
f 6446 6518 6517
f 6446 6447 6518
f 6447 6519 6518
f 6447 6448 6519
f 6448 6520 6519
f 6448 6449 6520
f 6449 6521 6520
f 6449 6450 6521
f 6450 6522 6521
f 6450 6451 6522
f 6451 6523 6522
f 6451 6452 6523
f 6452 6524 6523
f 6452 6453 6524
f 6453 6525 6524
f 6453 6454 6525
f 6454 6526 6525
f 6454 6455 6526
f 6455 6527 6526
f 6455 6456 6527
f 6456 6528 6527
f 6456 6457 6528
f 6457 6529 6528
f 6457 6458 6529
f 6458 6530 6529
f 6458 6459 6530
f 6459 6531 6530
f 6459 6460 6531
f 6460 6532 6531
f 6460 6461 6532
f 6461 6533 6532
f 6461 6462 6533
f 6462 6534 6533
f 6462 6463 6534
f 6463 6535 6534
f 6463 6464 6535
f 6464 6536 6535
f 6464 6465 6536
f 6465 6537 6536
f 6465 6466 6537
f 6466 6538 6537
f 6466 6467 6538
f 6467 6539 6538
f 6467 6468 6539
f 6468 6540 6539
f 6468 6469 6540
f 6469 6541 6540
f 6469 6470 6541
f 6470 6542 6541
f 6470 6471 6542
f 6471 6543 6542
f 6471 6472 6543
f 6472 6544 6543
f 6472 6473 6544
f 6473 6545 6544
f 6473 6474 6545
f 6474 6546 6545
f 6474 6475 6546
f 6475 6547 6546
f 6475 6476 6547
f 6476 6548 6547
f 6476 6477 6548
f 6477 6549 6548
f 6477 6478 6549
f 6478 6550 6549
f 6478 6479 6550
f 6479 6551 6550
f 6479 6480 6551
f 6480 6552 6551
f 6480 6409 6552
f 6409 6481 6552
f 6481 6482 6553
f 6482 6554 6553
f 6482 6483 6554
f 6483 6555 6554
f 6483 6484 6555
f 6484 6556 6555
f 6484 6485 6556
f 6485 6557 6556
f 6485 6486 6557
f 6486 6558 6557
f 6486 6487 6558
f 6487 6559 6558
f 6487 6488 6559
f 6488 6560 6559
f 6488 6489 6560
f 6489 6561 6560
f 6489 6490 6561
f 6490 6562 6561
f 6490 6491 6562
f 6491 6563 6562
f 6491 6492 6563
f 6492 6564 6563
f 6492 6493 6564
f 6493 6565 6564
f 6493 6494 6565
f 6494 6566 6565
f 6494 6495 6566
f 6495 6567 6566
f 6495 6496 6567
f 6496 6568 6567
f 6496 6497 6568
f 6497 6569 6568
f 6497 6498 6569
f 6498 6570 6569
f 6498 6499 6570
f 6499 6571 6570
f 6499 6500 6571
f 6500 6572 6571
f 6500 6501 6572
f 6501 6573 6572
f 6501 6502 6573
f 6502 6574 6573
f 6502 6503 6574
f 6503 6575 6574
f 6503 6504 6575
f 6504 6576 6575
f 6504 6505 6576
f 6505 6577 6576
f 6505 6506 6577
f 6506 6578 6577
f 6506 6507 6578
f 6507 6579 6578
f 6507 6508 6579
f 6508 6580 6579
f 6508 6509 6580
f 6509 6581 6580
f 6509 6510 6581
f 6510 6582 6581
f 6510 6511 6582
f 6511 6583 6582
f 6511 6512 6583
f 6512 6584 6583
f 6512 6513 6584
f 6513 6585 6584
f 6513 6514 6585
f 6514 6586 6585
f 6514 6515 6586
f 6515 6587 6586
f 6515 6516 6587
f 6516 6588 6587
f 6516 6517 6588
f 6517 6589 6588
f 6517 6518 6589
f 6518 6590 6589
f 6518 6519 6590
f 6519 6591 6590
f 6519 6520 6591
f 6520 6592 6591
f 6520 6521 6592
f 6521 6593 6592
f 6521 6522 6593
f 6522 6594 6593
f 6522 6523 6594
f 6523 6595 6594
f 6523 6524 6595
f 6524 6596 6595
f 6524 6525 6596
f 6525 6597 6596
f 6525 6526 6597
f 6526 6598 6597
f 6526 6527 6598
f 6527 6599 6598
f 6527 6528 6599
f 6528 6600 6599
f 6528 6529 6600
f 6529 6601 6600
f 6529 6530 6601
f 6530 6602 6601
f 6530 6531 6602
f 6531 6603 6602
f 6531 6532 6603
f 6532 6604 6603
f 6532 6533 6604
f 6533 6605 6604
f 6533 6534 6605
f 6534 6606 6605
f 6534 6535 6606
f 6535 6607 6606
f 6535 6536 6607
f 6536 6608 6607
f 6536 6537 6608
f 6537 6609 6608
f 6537 6538 6609
f 6538 6610 6609
f 6538 6539 6610
f 6539 6611 6610
f 6539 6540 6611
f 6540 6612 6611
f 6540 6541 6612
f 6541 6613 6612
f 6541 6542 6613
f 6542 6614 6613
f 6542 6543 6614
f 6543 6615 6614
f 6543 6544 6615
f 6544 6616 6615
f 6544 6545 6616
f 6545 6617 6616
f 6545 6546 6617
f 6546 6618 6617
f 6546 6547 6618
f 6547 6619 6618
f 6547 6548 6619
f 6548 6620 6619
f 6548 6549 6620
f 6549 6621 6620
f 6549 6550 6621
f 6550 6622 6621
f 6550 6551 6622
f 6551 6623 6622
f 6551 6552 6623
f 6552 6624 6623
f 6552 6481 6624
f 6481 6553 6624
f 6553 6554 6625
f 6554 6626 6625
f 6554 6555 6626
f 6555 6627 6626
f 6555 6556 6627
f 6556 6628 6627
f 6556 6557 6628
f 6557 6629 6628
f 6557 6558 6629
f 6558 6630 6629
f 6558 6559 6630
f 6559 6631 6630
f 6559 6560 6631
f 6560 6632 6631
f 6560 6561 6632
f 6561 6633 6632
f 6561 6562 6633
f 6562 6634 6633
f 6562 6563 6634
f 6563 6635 6634
f 6563 6564 6635
f 6564 6636 6635
f 6564 6565 6636
f 6565 6637 6636
f 6565 6566 6637
f 6566 6638 6637
f 6566 6567 6638
f 6567 6639 6638
f 6567 6568 6639
f 6568 6640 6639
f 6568 6569 6640
f 6569 6641 6640
f 6569 6570 6641
f 6570 6642 6641
f 6570 6571 6642
f 6571 6643 6642
f 6571 6572 6643
f 6572 6644 6643
f 6572 6573 6644
f 6573 6645 6644
f 6573 6574 6645
f 6574 6646 6645
f 6574 6575 6646
f 6575 6647 6646
f 6575 6576 6647
f 6576 6648 6647
f 6576 6577 6648
f 6577 6649 6648
f 6577 6578 6649
f 6578 6650 6649
f 6578 6579 6650
f 6579 6651 6650
f 6579 6580 6651
f 6580 6652 6651
f 6580 6581 6652
f 6581 6653 6652
f 6581 6582 6653
f 6582 6654 6653
f 6582 6583 6654
f 6583 6655 6654
f 6583 6584 6655
f 6584 6656 6655
f 6584 6585 6656
f 6585 6657 6656
f 6585 6586 6657
f 6586 6658 6657
f 6586 6587 6658
f 6587 6659 6658
f 6587 6588 6659
f 6588 6660 6659
f 6588 6589 6660
f 6589 6661 6660
f 6589 6590 6661
f 6590 6662 6661
f 6590 6591 6662
f 6591 6663 6662
f 6591 6592 6663
f 6592 6664 6663
f 6592 6593 6664
f 6593 6665 6664
f 6593 6594 6665
f 6594 6666 6665
f 6594 6595 6666
f 6595 6667 6666
f 6595 6596 6667
f 6596 6668 6667
f 6596 6597 6668
f 6597 6669 6668
f 6597 6598 6669
f 6598 6670 6669
f 6598 6599 6670
f 6599 6671 6670
f 6599 6600 6671
f 6600 6672 6671
f 6600 6601 6672
f 6601 6673 6672
f 6601 6602 6673
f 6602 6674 6673
f 6602 6603 6674
f 6603 6675 6674
f 6603 6604 6675
f 6604 6676 6675
f 6604 6605 6676
f 6605 6677 6676
f 6605 6606 6677
f 6606 6678 6677
f 6606 6607 6678
f 6607 6679 6678
f 6607 6608 6679
f 6608 6680 6679
f 6608 6609 6680
f 6609 6681 6680
f 6609 6610 6681
f 6610 6682 6681
f 6610 6611 6682
f 6611 6683 6682
f 6611 6612 6683
f 6612 6684 6683
f 6612 6613 6684
f 6613 6685 6684
f 6613 6614 6685
f 6614 6686 6685
f 6614 6615 6686
f 6615 6687 6686
f 6615 6616 6687
f 6616 6688 6687
f 6616 6617 6688
f 6617 6689 6688
f 6617 6618 6689
f 6618 6690 6689
f 6618 6619 6690
f 6619 6691 6690
f 6619 6620 6691
f 6620 6692 6691
f 6620 6621 6692
f 6621 6693 6692
f 6621 6622 6693
f 6622 6694 6693
f 6622 6623 6694
f 6623 6695 6694
f 6623 6624 6695
f 6624 6696 6695
f 6624 6553 6696
f 6553 6625 6696
f 6625 6626 6697
f 6626 6698 6697
f 6626 6627 6698
f 6627 6699 6698
f 6627 6628 6699
f 6628 6700 6699
f 6628 6629 6700
f 6629 6701 6700
f 6629 6630 6701
f 6630 6702 6701
f 6630 6631 6702
f 6631 6703 6702
f 6631 6632 6703
f 6632 6704 6703
f 6632 6633 6704
f 6633 6705 6704
f 6633 6634 6705
f 6634 6706 6705
f 6634 6635 6706
f 6635 6707 6706
f 6635 6636 6707
f 6636 6708 6707
f 6636 6637 6708
f 6637 6709 6708
f 6637 6638 6709
f 6638 6710 6709
f 6638 6639 6710
f 6639 6711 6710
f 6639 6640 6711
f 6640 6712 6711
f 6640 6641 6712
f 6641 6713 6712
f 6641 6642 6713
f 6642 6714 6713
f 6642 6643 6714
f 6643 6715 6714
f 6643 6644 6715
f 6644 6716 6715
f 6644 6645 6716
f 6645 6717 6716
f 6645 6646 6717
f 6646 6718 6717
f 6646 6647 6718
f 6647 6719 6718
f 6647 6648 6719
f 6648 6720 6719
f 6648 6649 6720
f 6649 6721 6720
f 6649 6650 6721
f 6650 6722 6721
f 6650 6651 6722
f 6651 6723 6722
f 6651 6652 6723
f 6652 6724 6723
f 6652 6653 6724
f 6653 6725 6724
f 6653 6654 6725
f 6654 6726 6725
f 6654 6655 6726
f 6655 6727 6726
f 6655 6656 6727
f 6656 6728 6727
f 6656 6657 6728
f 6657 6729 6728
f 6657 6658 6729
f 6658 6730 6729
f 6658 6659 6730
f 6659 6731 6730
f 6659 6660 6731
f 6660 6732 6731
f 6660 6661 6732
f 6661 6733 6732
f 6661 6662 6733
f 6662 6734 6733
f 6662 6663 6734
f 6663 6735 6734
f 6663 6664 6735
f 6664 6736 6735
f 6664 6665 6736
f 6665 6737 6736
f 6665 6666 6737
f 6666 6738 6737
f 6666 6667 6738
f 6667 6739 6738
f 6667 6668 6739
f 6668 6740 6739
f 6668 6669 6740
f 6669 6741 6740
f 6669 6670 6741
f 6670 6742 6741
f 6670 6671 6742
f 6671 6743 6742
f 6671 6672 6743
f 6672 6744 6743
f 6672 6673 6744
f 6673 6745 6744
f 6673 6674 6745
f 6674 6746 6745
f 6674 6675 6746
f 6675 6747 6746
f 6675 6676 6747
f 6676 6748 6747
f 6676 6677 6748
f 6677 6749 6748
f 6677 6678 6749
f 6678 6750 6749
f 6678 6679 6750
f 6679 6751 6750
f 6679 6680 6751
f 6680 6752 6751
f 6680 6681 6752
f 6681 6753 6752
f 6681 6682 6753
f 6682 6754 6753
f 6682 6683 6754
f 6683 6755 6754
f 6683 6684 6755
f 6684 6756 6755
f 6684 6685 6756
f 6685 6757 6756
f 6685 6686 6757
f 6686 6758 6757
f 6686 6687 6758
f 6687 6759 6758
f 6687 6688 6759
f 6688 6760 6759
f 6688 6689 6760
f 6689 6761 6760
f 6689 6690 6761
f 6690 6762 6761
f 6690 6691 6762
f 6691 6763 6762
f 6691 6692 6763
f 6692 6764 6763
f 6692 6693 6764
f 6693 6765 6764
f 6693 6694 6765
f 6694 6766 6765
f 6694 6695 6766
f 6695 6767 6766
f 6695 6696 6767
f 6696 6768 6767
f 6696 6625 6768
f 6625 6697 6768
f 6697 6698 6769
f 6698 6770 6769
f 6698 6699 6770
f 6699 6771 6770
f 6699 6700 6771
f 6700 6772 6771
f 6700 6701 6772
f 6701 6773 6772
f 6701 6702 6773
f 6702 6774 6773
f 6702 6703 6774
f 6703 6775 6774
f 6703 6704 6775
f 6704 6776 6775
f 6704 6705 6776
f 6705 6777 6776
f 6705 6706 6777
f 6706 6778 6777
f 6706 6707 6778
f 6707 6779 6778
f 6707 6708 6779
f 6708 6780 6779
f 6708 6709 6780
f 6709 6781 6780
f 6709 6710 6781
f 6710 6782 6781
f 6710 6711 6782
f 6711 6783 6782
f 6711 6712 6783
f 6712 6784 6783
f 6712 6713 6784
f 6713 6785 6784
f 6713 6714 6785
f 6714 6786 6785
f 6714 6715 6786
f 6715 6787 6786
f 6715 6716 6787
f 6716 6788 6787
f 6716 6717 6788
f 6717 6789 6788
f 6717 6718 6789
f 6718 6790 6789
f 6718 6719 6790
f 6719 6791 6790
f 6719 6720 6791
f 6720 6792 6791
f 6720 6721 6792
f 6721 6793 6792
f 6721 6722 6793
f 6722 6794 6793
f 6722 6723 6794
f 6723 6795 6794
f 6723 6724 6795
f 6724 6796 6795
f 6724 6725 6796
f 6725 6797 6796
f 6725 6726 6797
f 6726 6798 6797
f 6726 6727 6798
f 6727 6799 6798
f 6727 6728 6799
f 6728 6800 6799
f 6728 6729 6800
f 6729 6801 6800
f 6729 6730 6801
f 6730 6802 6801
f 6730 6731 6802
f 6731 6803 6802
f 6731 6732 6803
f 6732 6804 6803
f 6732 6733 6804
f 6733 6805 6804
f 6733 6734 6805
f 6734 6806 6805
f 6734 6735 6806
f 6735 6807 6806
f 6735 6736 6807
f 6736 6808 6807
f 6736 6737 6808
f 6737 6809 6808
f 6737 6738 6809
f 6738 6810 6809
f 6738 6739 6810
f 6739 6811 6810
f 6739 6740 6811
f 6740 6812 6811
f 6740 6741 6812
f 6741 6813 6812
f 6741 6742 6813
f 6742 6814 6813
f 6742 6743 6814
f 6743 6815 6814
f 6743 6744 6815
f 6744 6816 6815
f 6744 6745 6816
f 6745 6817 6816
f 6745 6746 6817
f 6746 6818 6817
f 6746 6747 6818
f 6747 6819 6818
f 6747 6748 6819
f 6748 6820 6819
f 6748 6749 6820
f 6749 6821 6820
f 6749 6750 6821
f 6750 6822 6821
f 6750 6751 6822
f 6751 6823 6822
f 6751 6752 6823
f 6752 6824 6823
f 6752 6753 6824
f 6753 6825 6824
f 6753 6754 6825
f 6754 6826 6825
f 6754 6755 6826
f 6755 6827 6826
f 6755 6756 6827
f 6756 6828 6827
f 6756 6757 6828
f 6757 6829 6828
f 6757 6758 6829
f 6758 6830 6829
f 6758 6759 6830
f 6759 6831 6830
f 6759 6760 6831
f 6760 6832 6831
f 6760 6761 6832
f 6761 6833 6832
f 6761 6762 6833
f 6762 6834 6833
f 6762 6763 6834
f 6763 6835 6834
f 6763 6764 6835
f 6764 6836 6835
f 6764 6765 6836
f 6765 6837 6836
f 6765 6766 6837
f 6766 6838 6837
f 6766 6767 6838
f 6767 6839 6838
f 6767 6768 6839
f 6768 6840 6839
f 6768 6697 6840
f 6697 6769 6840
f 6769 6770 6841
f 6770 6842 6841
f 6770 6771 6842
f 6771 6843 6842
f 6771 6772 6843
f 6772 6844 6843
f 6772 6773 6844
f 6773 6845 6844
f 6773 6774 6845
f 6774 6846 6845
f 6774 6775 6846
f 6775 6847 6846
f 6775 6776 6847
f 6776 6848 6847
f 6776 6777 6848
f 6777 6849 6848
f 6777 6778 6849
f 6778 6850 6849
f 6778 6779 6850
f 6779 6851 6850
f 6779 6780 6851
f 6780 6852 6851
f 6780 6781 6852
f 6781 6853 6852
f 6781 6782 6853
f 6782 6854 6853
f 6782 6783 6854
f 6783 6855 6854
f 6783 6784 6855
f 6784 6856 6855
f 6784 6785 6856
f 6785 6857 6856
f 6785 6786 6857
f 6786 6858 6857
f 6786 6787 6858
f 6787 6859 6858
f 6787 6788 6859
f 6788 6860 6859
f 6788 6789 6860
f 6789 6861 6860
f 6789 6790 6861
f 6790 6862 6861
f 6790 6791 6862
f 6791 6863 6862
f 6791 6792 6863
f 6792 6864 6863
f 6792 6793 6864
f 6793 6865 6864
f 6793 6794 6865
f 6794 6866 6865
f 6794 6795 6866
f 6795 6867 6866
f 6795 6796 6867
f 6796 6868 6867
f 6796 6797 6868
f 6797 6869 6868
f 6797 6798 6869
f 6798 6870 6869
f 6798 6799 6870
f 6799 6871 6870
f 6799 6800 6871
f 6800 6872 6871
f 6800 6801 6872
f 6801 6873 6872
f 6801 6802 6873
f 6802 6874 6873
f 6802 6803 6874
f 6803 6875 6874
f 6803 6804 6875
f 6804 6876 6875
f 6804 6805 6876
f 6805 6877 6876
f 6805 6806 6877
f 6806 6878 6877
f 6806 6807 6878
f 6807 6879 6878
f 6807 6808 6879
f 6808 6880 6879
f 6808 6809 6880
f 6809 6881 6880
f 6809 6810 6881
f 6810 6882 6881
f 6810 6811 6882
f 6811 6883 6882
f 6811 6812 6883
f 6812 6884 6883
f 6812 6813 6884
f 6813 6885 6884
f 6813 6814 6885
f 6814 6886 6885
f 6814 6815 6886
f 6815 6887 6886
f 6815 6816 6887
f 6816 6888 6887
f 6816 6817 6888
f 6817 6889 6888
f 6817 6818 6889
f 6818 6890 6889
f 6818 6819 6890
f 6819 6891 6890
f 6819 6820 6891
f 6820 6892 6891
f 6820 6821 6892
f 6821 6893 6892
f 6821 6822 6893
f 6822 6894 6893
f 6822 6823 6894
f 6823 6895 6894
f 6823 6824 6895
f 6824 6896 6895
f 6824 6825 6896
f 6825 6897 6896
f 6825 6826 6897
f 6826 6898 6897
f 6826 6827 6898
f 6827 6899 6898
f 6827 6828 6899
f 6828 6900 6899
f 6828 6829 6900
f 6829 6901 6900
f 6829 6830 6901
f 6830 6902 6901
f 6830 6831 6902
f 6831 6903 6902
f 6831 6832 6903
f 6832 6904 6903
f 6832 6833 6904
f 6833 6905 6904
f 6833 6834 6905
f 6834 6906 6905
f 6834 6835 6906
f 6835 6907 6906
f 6835 6836 6907
f 6836 6908 6907
f 6836 6837 6908
f 6837 6909 6908
f 6837 6838 6909
f 6838 6910 6909
f 6838 6839 6910
f 6839 6911 6910
f 6839 6840 6911
f 6840 6912 6911
f 6840 6769 6912
f 6769 6841 6912
f 6841 6842 6913
f 6842 6914 6913
f 6842 6843 6914
f 6843 6915 6914
f 6843 6844 6915
f 6844 6916 6915
f 6844 6845 6916
f 6845 6917 6916
f 6845 6846 6917
f 6846 6918 6917
f 6846 6847 6918
f 6847 6919 6918
f 6847 6848 6919
f 6848 6920 6919
f 6848 6849 6920
f 6849 6921 6920
f 6849 6850 6921
f 6850 6922 6921
f 6850 6851 6922
f 6851 6923 6922
f 6851 6852 6923
f 6852 6924 6923
f 6852 6853 6924
f 6853 6925 6924
f 6853 6854 6925
f 6854 6926 6925
f 6854 6855 6926
f 6855 6927 6926
f 6855 6856 6927
f 6856 6928 6927
f 6856 6857 6928
f 6857 6929 6928
f 6857 6858 6929
f 6858 6930 6929
f 6858 6859 6930
f 6859 6931 6930
f 6859 6860 6931
f 6860 6932 6931
f 6860 6861 6932
f 6861 6933 6932
f 6861 6862 6933
f 6862 6934 6933
f 6862 6863 6934
f 6863 6935 6934
f 6863 6864 6935
f 6864 6936 6935
f 6864 6865 6936
f 6865 6937 6936
f 6865 6866 6937
f 6866 6938 6937
f 6866 6867 6938
f 6867 6939 6938
f 6867 6868 6939
f 6868 6940 6939
f 6868 6869 6940
f 6869 6941 6940
f 6869 6870 6941
f 6870 6942 6941
f 6870 6871 6942
f 6871 6943 6942
f 6871 6872 6943
f 6872 6944 6943
f 6872 6873 6944
f 6873 6945 6944
f 6873 6874 6945
f 6874 6946 6945
f 6874 6875 6946
f 6875 6947 6946
f 6875 6876 6947
f 6876 6948 6947
f 6876 6877 6948
f 6877 6949 6948
f 6877 6878 6949
f 6878 6950 6949
f 6878 6879 6950
f 6879 6951 6950
f 6879 6880 6951
f 6880 6952 6951
f 6880 6881 6952
f 6881 6953 6952
f 6881 6882 6953
f 6882 6954 6953
f 6882 6883 6954
f 6883 6955 6954
f 6883 6884 6955
f 6884 6956 6955
f 6884 6885 6956
f 6885 6957 6956
f 6885 6886 6957
f 6886 6958 6957
f 6886 6887 6958
f 6887 6959 6958
f 6887 6888 6959
f 6888 6960 6959
f 6888 6889 6960
f 6889 6961 6960
f 6889 6890 6961
f 6890 6962 6961
f 6890 6891 6962
f 6891 6963 6962
f 6891 6892 6963
f 6892 6964 6963
f 6892 6893 6964
f 6893 6965 6964
f 6893 6894 6965
f 6894 6966 6965
f 6894 6895 6966
f 6895 6967 6966
f 6895 6896 6967
f 6896 6968 6967
f 6896 6897 6968
f 6897 6969 6968
f 6897 6898 6969
f 6898 6970 6969
f 6898 6899 6970
f 6899 6971 6970
f 6899 6900 6971
f 6900 6972 6971
f 6900 6901 6972
f 6901 6973 6972
f 6901 6902 6973
f 6902 6974 6973
f 6902 6903 6974
f 6903 6975 6974
f 6903 6904 6975
f 6904 6976 6975
f 6904 6905 6976
f 6905 6977 6976
f 6905 6906 6977
f 6906 6978 6977
f 6906 6907 6978
f 6907 6979 6978
f 6907 6908 6979
f 6908 6980 6979
f 6908 6909 6980
f 6909 6981 6980
f 6909 6910 6981
f 6910 6982 6981
f 6910 6911 6982
f 6911 6983 6982
f 6911 6912 6983
f 6912 6984 6983
f 6912 6841 6984
f 6841 6913 6984
f 6913 6914 6985
f 6914 6986 6985
f 6914 6915 6986
f 6915 6987 6986
f 6915 6916 6987
f 6916 6988 6987
f 6916 6917 6988
f 6917 6989 6988
f 6917 6918 6989
f 6918 6990 6989
f 6918 6919 6990
f 6919 6991 6990
f 6919 6920 6991
f 6920 6992 6991
f 6920 6921 6992
f 6921 6993 6992
f 6921 6922 6993
f 6922 6994 6993
f 6922 6923 6994
f 6923 6995 6994
f 6923 6924 6995
f 6924 6996 6995
f 6924 6925 6996
f 6925 6997 6996
f 6925 6926 6997
f 6926 6998 6997
f 6926 6927 6998
f 6927 6999 6998
f 6927 6928 6999
f 6928 7000 6999
f 6928 6929 7000
f 6929 7001 7000
f 6929 6930 7001
f 6930 7002 7001
f 6930 6931 7002
f 6931 7003 7002
f 6931 6932 7003
f 6932 7004 7003
f 6932 6933 7004
f 6933 7005 7004
f 6933 6934 7005
f 6934 7006 7005
f 6934 6935 7006
f 6935 7007 7006
f 6935 6936 7007
f 6936 7008 7007
f 6936 6937 7008
f 6937 7009 7008
f 6937 6938 7009
f 6938 7010 7009
f 6938 6939 7010
f 6939 7011 7010
f 6939 6940 7011
f 6940 7012 7011
f 6940 6941 7012
f 6941 7013 7012
f 6941 6942 7013
f 6942 7014 7013
f 6942 6943 7014
f 6943 7015 7014
f 6943 6944 7015
f 6944 7016 7015
f 6944 6945 7016
f 6945 7017 7016
f 6945 6946 7017
f 6946 7018 7017
f 6946 6947 7018
f 6947 7019 7018
f 6947 6948 7019
f 6948 7020 7019
f 6948 6949 7020
f 6949 7021 7020
f 6949 6950 7021
f 6950 7022 7021
f 6950 6951 7022
f 6951 7023 7022
f 6951 6952 7023
f 6952 7024 7023
f 6952 6953 7024
f 6953 7025 7024
f 6953 6954 7025
f 6954 7026 7025
f 6954 6955 7026
f 6955 7027 7026
f 6955 6956 7027
f 6956 7028 7027
f 6956 6957 7028
f 6957 7029 7028
f 6957 6958 7029
f 6958 7030 7029
f 6958 6959 7030
f 6959 7031 7030
f 6959 6960 7031
f 6960 7032 7031
f 6960 6961 7032
f 6961 7033 7032
f 6961 6962 7033
f 6962 7034 7033
f 6962 6963 7034
f 6963 7035 7034
f 6963 6964 7035
f 6964 7036 7035
f 6964 6965 7036
f 6965 7037 7036
f 6965 6966 7037
f 6966 7038 7037
f 6966 6967 7038
f 6967 7039 7038
f 6967 6968 7039
f 6968 7040 7039
f 6968 6969 7040
f 6969 7041 7040
f 6969 6970 7041
f 6970 7042 7041
f 6970 6971 7042
f 6971 7043 7042
f 6971 6972 7043
f 6972 7044 7043
f 6972 6973 7044
f 6973 7045 7044
f 6973 6974 7045
f 6974 7046 7045
f 6974 6975 7046
f 6975 7047 7046
f 6975 6976 7047
f 6976 7048 7047
f 6976 6977 7048
f 6977 7049 7048
f 6977 6978 7049
f 6978 7050 7049
f 6978 6979 7050
f 6979 7051 7050
f 6979 6980 7051
f 6980 7052 7051
f 6980 6981 7052
f 6981 7053 7052
f 6981 6982 7053
f 6982 7054 7053
f 6982 6983 7054
f 6983 7055 7054
f 6983 6984 7055
f 6984 7056 7055
f 6984 6913 7056
f 6913 6985 7056
f 6985 6986 7057
f 6986 7058 7057
f 6986 6987 7058
f 6987 7059 7058
f 6987 6988 7059
f 6988 7060 7059
f 6988 6989 7060
f 6989 7061 7060
f 6989 6990 7061
f 6990 7062 7061
f 6990 6991 7062
f 6991 7063 7062
f 6991 6992 7063
f 6992 7064 7063
f 6992 6993 7064
f 6993 7065 7064
f 6993 6994 7065
f 6994 7066 7065
f 6994 6995 7066
f 6995 7067 7066
f 6995 6996 7067
f 6996 7068 7067
f 6996 6997 7068
f 6997 7069 7068
f 6997 6998 7069
f 6998 7070 7069
f 6998 6999 7070
f 6999 7071 7070
f 6999 7000 7071
f 7000 7072 7071
f 7000 7001 7072
f 7001 7073 7072
f 7001 7002 7073
f 7002 7074 7073
f 7002 7003 7074
f 7003 7075 7074
f 7003 7004 7075
f 7004 7076 7075
f 7004 7005 7076
f 7005 7077 7076
f 7005 7006 7077
f 7006 7078 7077
f 7006 7007 7078
f 7007 7079 7078
f 7007 7008 7079
f 7008 7080 7079
f 7008 7009 7080
f 7009 7081 7080
f 7009 7010 7081
f 7010 7082 7081
f 7010 7011 7082
f 7011 7083 7082
f 7011 7012 7083
f 7012 7084 7083
f 7012 7013 7084
f 7013 7085 7084
f 7013 7014 7085
f 7014 7086 7085
f 7014 7015 7086
f 7015 7087 7086
f 7015 7016 7087
f 7016 7088 7087
f 7016 7017 7088
f 7017 7089 7088
f 7017 7018 7089
f 7018 7090 7089
f 7018 7019 7090
f 7019 7091 7090
f 7019 7020 7091
f 7020 7092 7091
f 7020 7021 7092
f 7021 7093 7092
f 7021 7022 7093
f 7022 7094 7093
f 7022 7023 7094
f 7023 7095 7094
f 7023 7024 7095
f 7024 7096 7095
f 7024 7025 7096
f 7025 7097 7096
f 7025 7026 7097
f 7026 7098 7097
f 7026 7027 7098
f 7027 7099 7098
f 7027 7028 7099
f 7028 7100 7099
f 7028 7029 7100
f 7029 7101 7100
f 7029 7030 7101
f 7030 7102 7101
f 7030 7031 7102
f 7031 7103 7102
f 7031 7032 7103
f 7032 7104 7103
f 7032 7033 7104
f 7033 7105 7104
f 7033 7034 7105
f 7034 7106 7105
f 7034 7035 7106
f 7035 7107 7106
f 7035 7036 7107
f 7036 7108 7107
f 7036 7037 7108
f 7037 7109 7108
f 7037 7038 7109
f 7038 7110 7109
f 7038 7039 7110
f 7039 7111 7110
f 7039 7040 7111
f 7040 7112 7111
f 7040 7041 7112
f 7041 7113 7112
f 7041 7042 7113
f 7042 7114 7113
f 7042 7043 7114
f 7043 7115 7114
f 7043 7044 7115
f 7044 7116 7115
f 7044 7045 7116
f 7045 7117 7116
f 7045 7046 7117
f 7046 7118 7117
f 7046 7047 7118
f 7047 7119 7118
f 7047 7048 7119
f 7048 7120 7119
f 7048 7049 7120
f 7049 7121 7120
f 7049 7050 7121
f 7050 7122 7121
f 7050 7051 7122
f 7051 7123 7122
f 7051 7052 7123
f 7052 7124 7123
f 7052 7053 7124
f 7053 7125 7124
f 7053 7054 7125
f 7054 7126 7125
f 7054 7055 7126
f 7055 7127 7126
f 7055 7056 7127
f 7056 7128 7127
f 7056 6985 7128
f 6985 7057 7128
f 7057 7058 7129
f 7058 7130 7129
f 7058 7059 7130
f 7059 7131 7130
f 7059 7060 7131
f 7060 7132 7131
f 7060 7061 7132
f 7061 7133 7132
f 7061 7062 7133
f 7062 7134 7133
f 7062 7063 7134
f 7063 7135 7134
f 7063 7064 7135
f 7064 7136 7135
f 7064 7065 7136
f 7065 7137 7136
f 7065 7066 7137
f 7066 7138 7137
f 7066 7067 7138
f 7067 7139 7138
f 7067 7068 7139
f 7068 7140 7139
f 7068 7069 7140
f 7069 7141 7140
f 7069 7070 7141
f 7070 7142 7141
f 7070 7071 7142
f 7071 7143 7142
f 7071 7072 7143
f 7072 7144 7143
f 7072 7073 7144
f 7073 7145 7144
f 7073 7074 7145
f 7074 7146 7145
f 7074 7075 7146
f 7075 7147 7146
f 7075 7076 7147
f 7076 7148 7147
f 7076 7077 7148
f 7077 7149 7148
f 7077 7078 7149
f 7078 7150 7149
f 7078 7079 7150
f 7079 7151 7150
f 7079 7080 7151
f 7080 7152 7151
f 7080 7081 7152
f 7081 7153 7152
f 7081 7082 7153
f 7082 7154 7153
f 7082 7083 7154
f 7083 7155 7154
f 7083 7084 7155
f 7084 7156 7155
f 7084 7085 7156
f 7085 7157 7156
f 7085 7086 7157
f 7086 7158 7157
f 7086 7087 7158
f 7087 7159 7158
f 7087 7088 7159
f 7088 7160 7159
f 7088 7089 7160
f 7089 7161 7160
f 7089 7090 7161
f 7090 7162 7161
f 7090 7091 7162
f 7091 7163 7162
f 7091 7092 7163
f 7092 7164 7163
f 7092 7093 7164
f 7093 7165 7164
f 7093 7094 7165
f 7094 7166 7165
f 7094 7095 7166
f 7095 7167 7166
f 7095 7096 7167
f 7096 7168 7167
f 7096 7097 7168
f 7097 7169 7168
f 7097 7098 7169
f 7098 7170 7169
f 7098 7099 7170
f 7099 7171 7170
f 7099 7100 7171
f 7100 7172 7171
f 7100 7101 7172
f 7101 7173 7172
f 7101 7102 7173
f 7102 7174 7173
f 7102 7103 7174
f 7103 7175 7174
f 7103 7104 7175
f 7104 7176 7175
f 7104 7105 7176
f 7105 7177 7176
f 7105 7106 7177
f 7106 7178 7177
f 7106 7107 7178
f 7107 7179 7178
f 7107 7108 7179
f 7108 7180 7179
f 7108 7109 7180
f 7109 7181 7180
f 7109 7110 7181
f 7110 7182 7181
f 7110 7111 7182
f 7111 7183 7182
f 7111 7112 7183
f 7112 7184 7183
f 7112 7113 7184
f 7113 7185 7184
f 7113 7114 7185
f 7114 7186 7185
f 7114 7115 7186
f 7115 7187 7186
f 7115 7116 7187
f 7116 7188 7187
f 7116 7117 7188
f 7117 7189 7188
f 7117 7118 7189
f 7118 7190 7189
f 7118 7119 7190
f 7119 7191 7190
f 7119 7120 7191
f 7120 7192 7191
f 7120 7121 7192
f 7121 7193 7192
f 7121 7122 7193
f 7122 7194 7193
f 7122 7123 7194
f 7123 7195 7194
f 7123 7124 7195
f 7124 7196 7195
f 7124 7125 7196
f 7125 7197 7196
f 7125 7126 7197
f 7126 7198 7197
f 7126 7127 7198
f 7127 7199 7198
f 7127 7128 7199
f 7128 7200 7199
f 7128 7057 7200
f 7057 7129 7200
f 7129 7130 7201
f 7130 7202 7201
f 7130 7131 7202
f 7131 7203 7202
f 7131 7132 7203
f 7132 7204 7203
f 7132 7133 7204
f 7133 7205 7204
f 7133 7134 7205
f 7134 7206 7205
f 7134 7135 7206
f 7135 7207 7206
f 7135 7136 7207
f 7136 7208 7207
f 7136 7137 7208
f 7137 7209 7208
f 7137 7138 7209
f 7138 7210 7209
f 7138 7139 7210
f 7139 7211 7210
f 7139 7140 7211
f 7140 7212 7211
f 7140 7141 7212
f 7141 7213 7212
f 7141 7142 7213
f 7142 7214 7213
f 7142 7143 7214
f 7143 7215 7214
f 7143 7144 7215
f 7144 7216 7215
f 7144 7145 7216
f 7145 7217 7216
f 7145 7146 7217
f 7146 7218 7217
f 7146 7147 7218
f 7147 7219 7218
f 7147 7148 7219
f 7148 7220 7219
f 7148 7149 7220
f 7149 7221 7220
f 7149 7150 7221
f 7150 7222 7221
f 7150 7151 7222
f 7151 7223 7222
f 7151 7152 7223
f 7152 7224 7223
f 7152 7153 7224
f 7153 7225 7224
f 7153 7154 7225
f 7154 7226 7225
f 7154 7155 7226
f 7155 7227 7226
f 7155 7156 7227
f 7156 7228 7227
f 7156 7157 7228
f 7157 7229 7228
f 7157 7158 7229
f 7158 7230 7229
f 7158 7159 7230
f 7159 7231 7230
f 7159 7160 7231
f 7160 7232 7231
f 7160 7161 7232
f 7161 7233 7232
f 7161 7162 7233
f 7162 7234 7233
f 7162 7163 7234
f 7163 7235 7234
f 7163 7164 7235
f 7164 7236 7235
f 7164 7165 7236
f 7165 7237 7236
f 7165 7166 7237
f 7166 7238 7237
f 7166 7167 7238
f 7167 7239 7238
f 7167 7168 7239
f 7168 7240 7239
f 7168 7169 7240
f 7169 7241 7240
f 7169 7170 7241
f 7170 7242 7241
f 7170 7171 7242
f 7171 7243 7242
f 7171 7172 7243
f 7172 7244 7243
f 7172 7173 7244
f 7173 7245 7244
f 7173 7174 7245
f 7174 7246 7245
f 7174 7175 7246
f 7175 7247 7246
f 7175 7176 7247
f 7176 7248 7247
f 7176 7177 7248
f 7177 7249 7248
f 7177 7178 7249
f 7178 7250 7249
f 7178 7179 7250
f 7179 7251 7250
f 7179 7180 7251
f 7180 7252 7251
f 7180 7181 7252
f 7181 7253 7252
f 7181 7182 7253
f 7182 7254 7253
f 7182 7183 7254
f 7183 7255 7254
f 7183 7184 7255
f 7184 7256 7255
f 7184 7185 7256
f 7185 7257 7256
f 7185 7186 7257
f 7186 7258 7257
f 7186 7187 7258
f 7187 7259 7258
f 7187 7188 7259
f 7188 7260 7259
f 7188 7189 7260
f 7189 7261 7260
f 7189 7190 7261
f 7190 7262 7261
f 7190 7191 7262
f 7191 7263 7262
f 7191 7192 7263
f 7192 7264 7263
f 7192 7193 7264
f 7193 7265 7264
f 7193 7194 7265
f 7194 7266 7265
f 7194 7195 7266
f 7195 7267 7266
f 7195 7196 7267
f 7196 7268 7267
f 7196 7197 7268
f 7197 7269 7268
f 7197 7198 7269
f 7198 7270 7269
f 7198 7199 7270
f 7199 7271 7270
f 7199 7200 7271
f 7200 7272 7271
f 7200 7129 7272
f 7129 7201 7272
f 7201 7202 7273
f 7202 7274 7273
f 7202 7203 7274
f 7203 7275 7274
f 7203 7204 7275
f 7204 7276 7275
f 7204 7205 7276
f 7205 7277 7276
f 7205 7206 7277
f 7206 7278 7277
f 7206 7207 7278
f 7207 7279 7278
f 7207 7208 7279
f 7208 7280 7279
f 7208 7209 7280
f 7209 7281 7280
f 7209 7210 7281
f 7210 7282 7281
f 7210 7211 7282
f 7211 7283 7282
f 7211 7212 7283
f 7212 7284 7283
f 7212 7213 7284
f 7213 7285 7284
f 7213 7214 7285
f 7214 7286 7285
f 7214 7215 7286
f 7215 7287 7286
f 7215 7216 7287
f 7216 7288 7287
f 7216 7217 7288
f 7217 7289 7288
f 7217 7218 7289
f 7218 7290 7289
f 7218 7219 7290
f 7219 7291 7290
f 7219 7220 7291
f 7220 7292 7291
f 7220 7221 7292
f 7221 7293 7292
f 7221 7222 7293
f 7222 7294 7293
f 7222 7223 7294
f 7223 7295 7294
f 7223 7224 7295
f 7224 7296 7295
f 7224 7225 7296
f 7225 7297 7296
f 7225 7226 7297
f 7226 7298 7297
f 7226 7227 7298
f 7227 7299 7298
f 7227 7228 7299
f 7228 7300 7299
f 7228 7229 7300
f 7229 7301 7300
f 7229 7230 7301
f 7230 7302 7301
f 7230 7231 7302
f 7231 7303 7302
f 7231 7232 7303
f 7232 7304 7303
f 7232 7233 7304
f 7233 7305 7304
f 7233 7234 7305
f 7234 7306 7305
f 7234 7235 7306
f 7235 7307 7306
f 7235 7236 7307
f 7236 7308 7307
f 7236 7237 7308
f 7237 7309 7308
f 7237 7238 7309
f 7238 7310 7309
f 7238 7239 7310
f 7239 7311 7310
f 7239 7240 7311
f 7240 7312 7311
f 7240 7241 7312
f 7241 7313 7312
f 7241 7242 7313
f 7242 7314 7313
f 7242 7243 7314
f 7243 7315 7314
f 7243 7244 7315
f 7244 7316 7315
f 7244 7245 7316
f 7245 7317 7316
f 7245 7246 7317
f 7246 7318 7317
f 7246 7247 7318
f 7247 7319 7318
f 7247 7248 7319
f 7248 7320 7319
f 7248 7249 7320
f 7249 7321 7320
f 7249 7250 7321
f 7250 7322 7321
f 7250 7251 7322
f 7251 7323 7322
f 7251 7252 7323
f 7252 7324 7323
f 7252 7253 7324
f 7253 7325 7324
f 7253 7254 7325
f 7254 7326 7325
f 7254 7255 7326
f 7255 7327 7326
f 7255 7256 7327
f 7256 7328 7327
f 7256 7257 7328
f 7257 7329 7328
f 7257 7258 7329
f 7258 7330 7329
f 7258 7259 7330
f 7259 7331 7330
f 7259 7260 7331
f 7260 7332 7331
f 7260 7261 7332
f 7261 7333 7332
f 7261 7262 7333
f 7262 7334 7333
f 7262 7263 7334
f 7263 7335 7334
f 7263 7264 7335
f 7264 7336 7335
f 7264 7265 7336
f 7265 7337 7336
f 7265 7266 7337
f 7266 7338 7337
f 7266 7267 7338
f 7267 7339 7338
f 7267 7268 7339
f 7268 7340 7339
f 7268 7269 7340
f 7269 7341 7340
f 7269 7270 7341
f 7270 7342 7341
f 7270 7271 7342
f 7271 7343 7342
f 7271 7272 7343
f 7272 7344 7343
f 7272 7201 7344
f 7201 7273 7344
f 7273 7274 7345
f 7274 7346 7345
f 7274 7275 7346
f 7275 7347 7346
f 7275 7276 7347
f 7276 7348 7347
f 7276 7277 7348
f 7277 7349 7348
f 7277 7278 7349
f 7278 7350 7349
f 7278 7279 7350
f 7279 7351 7350
f 7279 7280 7351
f 7280 7352 7351
f 7280 7281 7352
f 7281 7353 7352
f 7281 7282 7353
f 7282 7354 7353
f 7282 7283 7354
f 7283 7355 7354
f 7283 7284 7355
f 7284 7356 7355
f 7284 7285 7356
f 7285 7357 7356
f 7285 7286 7357
f 7286 7358 7357
f 7286 7287 7358
f 7287 7359 7358
f 7287 7288 7359
f 7288 7360 7359
f 7288 7289 7360
f 7289 7361 7360
f 7289 7290 7361
f 7290 7362 7361
f 7290 7291 7362
f 7291 7363 7362
f 7291 7292 7363
f 7292 7364 7363
f 7292 7293 7364
f 7293 7365 7364
f 7293 7294 7365
f 7294 7366 7365
f 7294 7295 7366
f 7295 7367 7366
f 7295 7296 7367
f 7296 7368 7367
f 7296 7297 7368
f 7297 7369 7368
f 7297 7298 7369
f 7298 7370 7369
f 7298 7299 7370
f 7299 7371 7370
f 7299 7300 7371
f 7300 7372 7371
f 7300 7301 7372
f 7301 7373 7372
f 7301 7302 7373
f 7302 7374 7373
f 7302 7303 7374
f 7303 7375 7374
f 7303 7304 7375
f 7304 7376 7375
f 7304 7305 7376
f 7305 7377 7376
f 7305 7306 7377
f 7306 7378 7377
f 7306 7307 7378
f 7307 7379 7378
f 7307 7308 7379
f 7308 7380 7379
f 7308 7309 7380
f 7309 7381 7380
f 7309 7310 7381
f 7310 7382 7381
f 7310 7311 7382
f 7311 7383 7382
f 7311 7312 7383
f 7312 7384 7383
f 7312 7313 7384
f 7313 7385 7384
f 7313 7314 7385
f 7314 7386 7385
f 7314 7315 7386
f 7315 7387 7386
f 7315 7316 7387
f 7316 7388 7387
f 7316 7317 7388
f 7317 7389 7388
f 7317 7318 7389
f 7318 7390 7389
f 7318 7319 7390
f 7319 7391 7390
f 7319 7320 7391
f 7320 7392 7391
f 7320 7321 7392
f 7321 7393 7392
f 7321 7322 7393
f 7322 7394 7393
f 7322 7323 7394
f 7323 7395 7394
f 7323 7324 7395
f 7324 7396 7395
f 7324 7325 7396
f 7325 7397 7396
f 7325 7326 7397
f 7326 7398 7397
f 7326 7327 7398
f 7327 7399 7398
f 7327 7328 7399
f 7328 7400 7399
f 7328 7329 7400
f 7329 7401 7400
f 7329 7330 7401
f 7330 7402 7401
f 7330 7331 7402
f 7331 7403 7402
f 7331 7332 7403
f 7332 7404 7403
f 7332 7333 7404
f 7333 7405 7404
f 7333 7334 7405
f 7334 7406 7405
f 7334 7335 7406
f 7335 7407 7406
f 7335 7336 7407
f 7336 7408 7407
f 7336 7337 7408
f 7337 7409 7408
f 7337 7338 7409
f 7338 7410 7409
f 7338 7339 7410
f 7339 7411 7410
f 7339 7340 7411
f 7340 7412 7411
f 7340 7341 7412
f 7341 7413 7412
f 7341 7342 7413
f 7342 7414 7413
f 7342 7343 7414
f 7343 7415 7414
f 7343 7344 7415
f 7344 7416 7415
f 7344 7273 7416
f 7273 7345 7416
f 7345 7346 7417
f 7346 7418 7417
f 7346 7347 7418
f 7347 7419 7418
f 7347 7348 7419
f 7348 7420 7419
f 7348 7349 7420
f 7349 7421 7420
f 7349 7350 7421
f 7350 7422 7421
f 7350 7351 7422
f 7351 7423 7422
f 7351 7352 7423
f 7352 7424 7423
f 7352 7353 7424
f 7353 7425 7424
f 7353 7354 7425
f 7354 7426 7425
f 7354 7355 7426
f 7355 7427 7426
f 7355 7356 7427
f 7356 7428 7427
f 7356 7357 7428
f 7357 7429 7428
f 7357 7358 7429
f 7358 7430 7429
f 7358 7359 7430
f 7359 7431 7430
f 7359 7360 7431
f 7360 7432 7431
f 7360 7361 7432
f 7361 7433 7432
f 7361 7362 7433
f 7362 7434 7433
f 7362 7363 7434
f 7363 7435 7434
f 7363 7364 7435
f 7364 7436 7435
f 7364 7365 7436
f 7365 7437 7436
f 7365 7366 7437
f 7366 7438 7437
f 7366 7367 7438
f 7367 7439 7438
f 7367 7368 7439
f 7368 7440 7439
f 7368 7369 7440
f 7369 7441 7440
f 7369 7370 7441
f 7370 7442 7441
f 7370 7371 7442
f 7371 7443 7442
f 7371 7372 7443
f 7372 7444 7443
f 7372 7373 7444
f 7373 7445 7444
f 7373 7374 7445
f 7374 7446 7445
f 7374 7375 7446
f 7375 7447 7446
f 7375 7376 7447
f 7376 7448 7447
f 7376 7377 7448
f 7377 7449 7448
f 7377 7378 7449
f 7378 7450 7449
f 7378 7379 7450
f 7379 7451 7450
f 7379 7380 7451
f 7380 7452 7451
f 7380 7381 7452
f 7381 7453 7452
f 7381 7382 7453
f 7382 7454 7453
f 7382 7383 7454
f 7383 7455 7454
f 7383 7384 7455
f 7384 7456 7455
f 7384 7385 7456
f 7385 7457 7456
f 7385 7386 7457
f 7386 7458 7457
f 7386 7387 7458
f 7387 7459 7458
f 7387 7388 7459
f 7388 7460 7459
f 7388 7389 7460
f 7389 7461 7460
f 7389 7390 7461
f 7390 7462 7461
f 7390 7391 7462
f 7391 7463 7462
f 7391 7392 7463
f 7392 7464 7463
f 7392 7393 7464
f 7393 7465 7464
f 7393 7394 7465
f 7394 7466 7465
f 7394 7395 7466
f 7395 7467 7466
f 7395 7396 7467
f 7396 7468 7467
f 7396 7397 7468
f 7397 7469 7468
f 7397 7398 7469
f 7398 7470 7469
f 7398 7399 7470
f 7399 7471 7470
f 7399 7400 7471
f 7400 7472 7471
f 7400 7401 7472
f 7401 7473 7472
f 7401 7402 7473
f 7402 7474 7473
f 7402 7403 7474
f 7403 7475 7474
f 7403 7404 7475
f 7404 7476 7475
f 7404 7405 7476
f 7405 7477 7476
f 7405 7406 7477
f 7406 7478 7477
f 7406 7407 7478
f 7407 7479 7478
f 7407 7408 7479
f 7408 7480 7479
f 7408 7409 7480
f 7409 7481 7480
f 7409 7410 7481
f 7410 7482 7481
f 7410 7411 7482
f 7411 7483 7482
f 7411 7412 7483
f 7412 7484 7483
f 7412 7413 7484
f 7413 7485 7484
f 7413 7414 7485
f 7414 7486 7485
f 7414 7415 7486
f 7415 7487 7486
f 7415 7416 7487
f 7416 7488 7487
f 7416 7345 7488
f 7345 7417 7488
f 7417 7418 7489
f 7418 7490 7489
f 7418 7419 7490
f 7419 7491 7490
f 7419 7420 7491
f 7420 7492 7491
f 7420 7421 7492
f 7421 7493 7492
f 7421 7422 7493
f 7422 7494 7493
f 7422 7423 7494
f 7423 7495 7494
f 7423 7424 7495
f 7424 7496 7495
f 7424 7425 7496
f 7425 7497 7496
f 7425 7426 7497
f 7426 7498 7497
f 7426 7427 7498
f 7427 7499 7498
f 7427 7428 7499
f 7428 7500 7499
f 7428 7429 7500
f 7429 7501 7500
f 7429 7430 7501
f 7430 7502 7501
f 7430 7431 7502
f 7431 7503 7502
f 7431 7432 7503
f 7432 7504 7503
f 7432 7433 7504
f 7433 7505 7504
f 7433 7434 7505
f 7434 7506 7505
f 7434 7435 7506
f 7435 7507 7506
f 7435 7436 7507
f 7436 7508 7507
f 7436 7437 7508
f 7437 7509 7508
f 7437 7438 7509
f 7438 7510 7509
f 7438 7439 7510
f 7439 7511 7510
f 7439 7440 7511
f 7440 7512 7511
f 7440 7441 7512
f 7441 7513 7512
f 7441 7442 7513
f 7442 7514 7513
f 7442 7443 7514
f 7443 7515 7514
f 7443 7444 7515
f 7444 7516 7515
f 7444 7445 7516
f 7445 7517 7516
f 7445 7446 7517
f 7446 7518 7517
f 7446 7447 7518
f 7447 7519 7518
f 7447 7448 7519
f 7448 7520 7519
f 7448 7449 7520
f 7449 7521 7520
f 7449 7450 7521
f 7450 7522 7521
f 7450 7451 7522
f 7451 7523 7522
f 7451 7452 7523
f 7452 7524 7523
f 7452 7453 7524
f 7453 7525 7524
f 7453 7454 7525
f 7454 7526 7525
f 7454 7455 7526
f 7455 7527 7526
f 7455 7456 7527
f 7456 7528 7527
f 7456 7457 7528
f 7457 7529 7528
f 7457 7458 7529
f 7458 7530 7529
f 7458 7459 7530
f 7459 7531 7530
f 7459 7460 7531
f 7460 7532 7531
f 7460 7461 7532
f 7461 7533 7532
f 7461 7462 7533
f 7462 7534 7533
f 7462 7463 7534
f 7463 7535 7534
f 7463 7464 7535
f 7464 7536 7535
f 7464 7465 7536
f 7465 7537 7536
f 7465 7466 7537
f 7466 7538 7537
f 7466 7467 7538
f 7467 7539 7538
f 7467 7468 7539
f 7468 7540 7539
f 7468 7469 7540
f 7469 7541 7540
f 7469 7470 7541
f 7470 7542 7541
f 7470 7471 7542
f 7471 7543 7542
f 7471 7472 7543
f 7472 7544 7543
f 7472 7473 7544
f 7473 7545 7544
f 7473 7474 7545
f 7474 7546 7545
f 7474 7475 7546
f 7475 7547 7546
f 7475 7476 7547
f 7476 7548 7547
f 7476 7477 7548
f 7477 7549 7548
f 7477 7478 7549
f 7478 7550 7549
f 7478 7479 7550
f 7479 7551 7550
f 7479 7480 7551
f 7480 7552 7551
f 7480 7481 7552
f 7481 7553 7552
f 7481 7482 7553
f 7482 7554 7553
f 7482 7483 7554
f 7483 7555 7554
f 7483 7484 7555
f 7484 7556 7555
f 7484 7485 7556
f 7485 7557 7556
f 7485 7486 7557
f 7486 7558 7557
f 7486 7487 7558
f 7487 7559 7558
f 7487 7488 7559
f 7488 7560 7559
f 7488 7417 7560
f 7417 7489 7560
f 7489 7490 7561
f 7490 7562 7561
f 7490 7491 7562
f 7491 7563 7562
f 7491 7492 7563
f 7492 7564 7563
f 7492 7493 7564
f 7493 7565 7564
f 7493 7494 7565
f 7494 7566 7565
f 7494 7495 7566
f 7495 7567 7566
f 7495 7496 7567
f 7496 7568 7567
f 7496 7497 7568
f 7497 7569 7568
f 7497 7498 7569
f 7498 7570 7569
f 7498 7499 7570
f 7499 7571 7570
f 7499 7500 7571
f 7500 7572 7571
f 7500 7501 7572
f 7501 7573 7572
f 7501 7502 7573
f 7502 7574 7573
f 7502 7503 7574
f 7503 7575 7574
f 7503 7504 7575
f 7504 7576 7575
f 7504 7505 7576
f 7505 7577 7576
f 7505 7506 7577
f 7506 7578 7577
f 7506 7507 7578
f 7507 7579 7578
f 7507 7508 7579
f 7508 7580 7579
f 7508 7509 7580
f 7509 7581 7580
f 7509 7510 7581
f 7510 7582 7581
f 7510 7511 7582
f 7511 7583 7582
f 7511 7512 7583
f 7512 7584 7583
f 7512 7513 7584
f 7513 7585 7584
f 7513 7514 7585
f 7514 7586 7585
f 7514 7515 7586
f 7515 7587 7586
f 7515 7516 7587
f 7516 7588 7587
f 7516 7517 7588
f 7517 7589 7588
f 7517 7518 7589
f 7518 7590 7589
f 7518 7519 7590
f 7519 7591 7590
f 7519 7520 7591
f 7520 7592 7591
f 7520 7521 7592
f 7521 7593 7592
f 7521 7522 7593
f 7522 7594 7593
f 7522 7523 7594
f 7523 7595 7594
f 7523 7524 7595
f 7524 7596 7595
f 7524 7525 7596
f 7525 7597 7596
f 7525 7526 7597
f 7526 7598 7597
f 7526 7527 7598
f 7527 7599 7598
f 7527 7528 7599
f 7528 7600 7599
f 7528 7529 7600
f 7529 7601 7600
f 7529 7530 7601
f 7530 7602 7601
f 7530 7531 7602
f 7531 7603 7602
f 7531 7532 7603
f 7532 7604 7603
f 7532 7533 7604
f 7533 7605 7604
f 7533 7534 7605
f 7534 7606 7605
f 7534 7535 7606
f 7535 7607 7606
f 7535 7536 7607
f 7536 7608 7607
f 7536 7537 7608
f 7537 7609 7608
f 7537 7538 7609
f 7538 7610 7609
f 7538 7539 7610
f 7539 7611 7610
f 7539 7540 7611
f 7540 7612 7611
f 7540 7541 7612
f 7541 7613 7612
f 7541 7542 7613
f 7542 7614 7613
f 7542 7543 7614
f 7543 7615 7614
f 7543 7544 7615
f 7544 7616 7615
f 7544 7545 7616
f 7545 7617 7616
f 7545 7546 7617
f 7546 7618 7617
f 7546 7547 7618
f 7547 7619 7618
f 7547 7548 7619
f 7548 7620 7619
f 7548 7549 7620
f 7549 7621 7620
f 7549 7550 7621
f 7550 7622 7621
f 7550 7551 7622
f 7551 7623 7622
f 7551 7552 7623
f 7552 7624 7623
f 7552 7553 7624
f 7553 7625 7624
f 7553 7554 7625
f 7554 7626 7625
f 7554 7555 7626
f 7555 7627 7626
f 7555 7556 7627
f 7556 7628 7627
f 7556 7557 7628
f 7557 7629 7628
f 7557 7558 7629
f 7558 7630 7629
f 7558 7559 7630
f 7559 7631 7630
f 7559 7560 7631
f 7560 7632 7631
f 7560 7489 7632
f 7489 7561 7632
f 7561 7562 7633
f 7562 7634 7633
f 7562 7563 7634
f 7563 7635 7634
f 7563 7564 7635
f 7564 7636 7635
f 7564 7565 7636
f 7565 7637 7636
f 7565 7566 7637
f 7566 7638 7637
f 7566 7567 7638
f 7567 7639 7638
f 7567 7568 7639
f 7568 7640 7639
f 7568 7569 7640
f 7569 7641 7640
f 7569 7570 7641
f 7570 7642 7641
f 7570 7571 7642
f 7571 7643 7642
f 7571 7572 7643
f 7572 7644 7643
f 7572 7573 7644
f 7573 7645 7644
f 7573 7574 7645
f 7574 7646 7645
f 7574 7575 7646
f 7575 7647 7646
f 7575 7576 7647
f 7576 7648 7647
f 7576 7577 7648
f 7577 7649 7648
f 7577 7578 7649
f 7578 7650 7649
f 7578 7579 7650
f 7579 7651 7650
f 7579 7580 7651
f 7580 7652 7651
f 7580 7581 7652
f 7581 7653 7652
f 7581 7582 7653
f 7582 7654 7653
f 7582 7583 7654
f 7583 7655 7654
f 7583 7584 7655
f 7584 7656 7655
f 7584 7585 7656
f 7585 7657 7656
f 7585 7586 7657
f 7586 7658 7657
f 7586 7587 7658
f 7587 7659 7658
f 7587 7588 7659
f 7588 7660 7659
f 7588 7589 7660
f 7589 7661 7660
f 7589 7590 7661
f 7590 7662 7661
f 7590 7591 7662
f 7591 7663 7662
f 7591 7592 7663
f 7592 7664 7663
f 7592 7593 7664
f 7593 7665 7664
f 7593 7594 7665
f 7594 7666 7665
f 7594 7595 7666
f 7595 7667 7666
f 7595 7596 7667
f 7596 7668 7667
f 7596 7597 7668
f 7597 7669 7668
f 7597 7598 7669
f 7598 7670 7669
f 7598 7599 7670
f 7599 7671 7670
f 7599 7600 7671
f 7600 7672 7671
f 7600 7601 7672
f 7601 7673 7672
f 7601 7602 7673
f 7602 7674 7673
f 7602 7603 7674
f 7603 7675 7674
f 7603 7604 7675
f 7604 7676 7675
f 7604 7605 7676
f 7605 7677 7676
f 7605 7606 7677
f 7606 7678 7677
f 7606 7607 7678
f 7607 7679 7678
f 7607 7608 7679
f 7608 7680 7679
f 7608 7609 7680
f 7609 7681 7680
f 7609 7610 7681
f 7610 7682 7681
f 7610 7611 7682
f 7611 7683 7682
f 7611 7612 7683
f 7612 7684 7683
f 7612 7613 7684
f 7613 7685 7684
f 7613 7614 7685
f 7614 7686 7685
f 7614 7615 7686
f 7615 7687 7686
f 7615 7616 7687
f 7616 7688 7687
f 7616 7617 7688
f 7617 7689 7688
f 7617 7618 7689
f 7618 7690 7689
f 7618 7619 7690
f 7619 7691 7690
f 7619 7620 7691
f 7620 7692 7691
f 7620 7621 7692
f 7621 7693 7692
f 7621 7622 7693
f 7622 7694 7693
f 7622 7623 7694
f 7623 7695 7694
f 7623 7624 7695
f 7624 7696 7695
f 7624 7625 7696
f 7625 7697 7696
f 7625 7626 7697
f 7626 7698 7697
f 7626 7627 7698
f 7627 7699 7698
f 7627 7628 7699
f 7628 7700 7699
f 7628 7629 7700
f 7629 7701 7700
f 7629 7630 7701
f 7630 7702 7701
f 7630 7631 7702
f 7631 7703 7702
f 7631 7632 7703
f 7632 7704 7703
f 7632 7561 7704
f 7561 7633 7704
f 7633 7634 7705
f 7634 7706 7705
f 7634 7635 7706
f 7635 7707 7706
f 7635 7636 7707
f 7636 7708 7707
f 7636 7637 7708
f 7637 7709 7708
f 7637 7638 7709
f 7638 7710 7709
f 7638 7639 7710
f 7639 7711 7710
f 7639 7640 7711
f 7640 7712 7711
f 7640 7641 7712
f 7641 7713 7712
f 7641 7642 7713
f 7642 7714 7713
f 7642 7643 7714
f 7643 7715 7714
f 7643 7644 7715
f 7644 7716 7715
f 7644 7645 7716
f 7645 7717 7716
f 7645 7646 7717
f 7646 7718 7717
f 7646 7647 7718
f 7647 7719 7718
f 7647 7648 7719
f 7648 7720 7719
f 7648 7649 7720
f 7649 7721 7720
f 7649 7650 7721
f 7650 7722 7721
f 7650 7651 7722
f 7651 7723 7722
f 7651 7652 7723
f 7652 7724 7723
f 7652 7653 7724
f 7653 7725 7724
f 7653 7654 7725
f 7654 7726 7725
f 7654 7655 7726
f 7655 7727 7726
f 7655 7656 7727
f 7656 7728 7727
f 7656 7657 7728
f 7657 7729 7728
f 7657 7658 7729
f 7658 7730 7729
f 7658 7659 7730
f 7659 7731 7730
f 7659 7660 7731
f 7660 7732 7731
f 7660 7661 7732
f 7661 7733 7732
f 7661 7662 7733
f 7662 7734 7733
f 7662 7663 7734
f 7663 7735 7734
f 7663 7664 7735
f 7664 7736 7735
f 7664 7665 7736
f 7665 7737 7736
f 7665 7666 7737
f 7666 7738 7737
f 7666 7667 7738
f 7667 7739 7738
f 7667 7668 7739
f 7668 7740 7739
f 7668 7669 7740
f 7669 7741 7740
f 7669 7670 7741
f 7670 7742 7741
f 7670 7671 7742
f 7671 7743 7742
f 7671 7672 7743
f 7672 7744 7743
f 7672 7673 7744
f 7673 7745 7744
f 7673 7674 7745
f 7674 7746 7745
f 7674 7675 7746
f 7675 7747 7746
f 7675 7676 7747
f 7676 7748 7747
f 7676 7677 7748
f 7677 7749 7748
f 7677 7678 7749
f 7678 7750 7749
f 7678 7679 7750
f 7679 7751 7750
f 7679 7680 7751
f 7680 7752 7751
f 7680 7681 7752
f 7681 7753 7752
f 7681 7682 7753
f 7682 7754 7753
f 7682 7683 7754
f 7683 7755 7754
f 7683 7684 7755
f 7684 7756 7755
f 7684 7685 7756
f 7685 7757 7756
f 7685 7686 7757
f 7686 7758 7757
f 7686 7687 7758
f 7687 7759 7758
f 7687 7688 7759
f 7688 7760 7759
f 7688 7689 7760
f 7689 7761 7760
f 7689 7690 7761
f 7690 7762 7761
f 7690 7691 7762
f 7691 7763 7762
f 7691 7692 7763
f 7692 7764 7763
f 7692 7693 7764
f 7693 7765 7764
f 7693 7694 7765
f 7694 7766 7765
f 7694 7695 7766
f 7695 7767 7766
f 7695 7696 7767
f 7696 7768 7767
f 7696 7697 7768
f 7697 7769 7768
f 7697 7698 7769
f 7698 7770 7769
f 7698 7699 7770
f 7699 7771 7770
f 7699 7700 7771
f 7700 7772 7771
f 7700 7701 7772
f 7701 7773 7772
f 7701 7702 7773
f 7702 7774 7773
f 7702 7703 7774
f 7703 7775 7774
f 7703 7704 7775
f 7704 7776 7775
f 7704 7633 7776
f 7633 7705 7776
f 7705 7706 7777
f 7706 7778 7777
f 7706 7707 7778
f 7707 7779 7778
f 7707 7708 7779
f 7708 7780 7779
f 7708 7709 7780
f 7709 7781 7780
f 7709 7710 7781
f 7710 7782 7781
f 7710 7711 7782
f 7711 7783 7782
f 7711 7712 7783
f 7712 7784 7783
f 7712 7713 7784
f 7713 7785 7784
f 7713 7714 7785
f 7714 7786 7785
f 7714 7715 7786
f 7715 7787 7786
f 7715 7716 7787
f 7716 7788 7787
f 7716 7717 7788
f 7717 7789 7788
f 7717 7718 7789
f 7718 7790 7789
f 7718 7719 7790
f 7719 7791 7790
f 7719 7720 7791
f 7720 7792 7791
f 7720 7721 7792
f 7721 7793 7792
f 7721 7722 7793
f 7722 7794 7793
f 7722 7723 7794
f 7723 7795 7794
f 7723 7724 7795
f 7724 7796 7795
f 7724 7725 7796
f 7725 7797 7796
f 7725 7726 7797
f 7726 7798 7797
f 7726 7727 7798
f 7727 7799 7798
f 7727 7728 7799
f 7728 7800 7799
f 7728 7729 7800
f 7729 7801 7800
f 7729 7730 7801
f 7730 7802 7801
f 7730 7731 7802
f 7731 7803 7802
f 7731 7732 7803
f 7732 7804 7803
f 7732 7733 7804
f 7733 7805 7804
f 7733 7734 7805
f 7734 7806 7805
f 7734 7735 7806
f 7735 7807 7806
f 7735 7736 7807
f 7736 7808 7807
f 7736 7737 7808
f 7737 7809 7808
f 7737 7738 7809
f 7738 7810 7809
f 7738 7739 7810
f 7739 7811 7810
f 7739 7740 7811
f 7740 7812 7811
f 7740 7741 7812
f 7741 7813 7812
f 7741 7742 7813
f 7742 7814 7813
f 7742 7743 7814
f 7743 7815 7814
f 7743 7744 7815
f 7744 7816 7815
f 7744 7745 7816
f 7745 7817 7816
f 7745 7746 7817
f 7746 7818 7817
f 7746 7747 7818
f 7747 7819 7818
f 7747 7748 7819
f 7748 7820 7819
f 7748 7749 7820
f 7749 7821 7820
f 7749 7750 7821
f 7750 7822 7821
f 7750 7751 7822
f 7751 7823 7822
f 7751 7752 7823
f 7752 7824 7823
f 7752 7753 7824
f 7753 7825 7824
f 7753 7754 7825
f 7754 7826 7825
f 7754 7755 7826
f 7755 7827 7826
f 7755 7756 7827
f 7756 7828 7827
f 7756 7757 7828
f 7757 7829 7828
f 7757 7758 7829
f 7758 7830 7829
f 7758 7759 7830
f 7759 7831 7830
f 7759 7760 7831
f 7760 7832 7831
f 7760 7761 7832
f 7761 7833 7832
f 7761 7762 7833
f 7762 7834 7833
f 7762 7763 7834
f 7763 7835 7834
f 7763 7764 7835
f 7764 7836 7835
f 7764 7765 7836
f 7765 7837 7836
f 7765 7766 7837
f 7766 7838 7837
f 7766 7767 7838
f 7767 7839 7838
f 7767 7768 7839
f 7768 7840 7839
f 7768 7769 7840
f 7769 7841 7840
f 7769 7770 7841
f 7770 7842 7841
f 7770 7771 7842
f 7771 7843 7842
f 7771 7772 7843
f 7772 7844 7843
f 7772 7773 7844
f 7773 7845 7844
f 7773 7774 7845
f 7774 7846 7845
f 7774 7775 7846
f 7775 7847 7846
f 7775 7776 7847
f 7776 7848 7847
f 7776 7705 7848
f 7705 7777 7848
f 7777 7778 7849
f 7778 7850 7849
f 7778 7779 7850
f 7779 7851 7850
f 7779 7780 7851
f 7780 7852 7851
f 7780 7781 7852
f 7781 7853 7852
f 7781 7782 7853
f 7782 7854 7853
f 7782 7783 7854
f 7783 7855 7854
f 7783 7784 7855
f 7784 7856 7855
f 7784 7785 7856
f 7785 7857 7856
f 7785 7786 7857
f 7786 7858 7857
f 7786 7787 7858
f 7787 7859 7858
f 7787 7788 7859
f 7788 7860 7859
f 7788 7789 7860
f 7789 7861 7860
f 7789 7790 7861
f 7790 7862 7861
f 7790 7791 7862
f 7791 7863 7862
f 7791 7792 7863
f 7792 7864 7863
f 7792 7793 7864
f 7793 7865 7864
f 7793 7794 7865
f 7794 7866 7865
f 7794 7795 7866
f 7795 7867 7866
f 7795 7796 7867
f 7796 7868 7867
f 7796 7797 7868
f 7797 7869 7868
f 7797 7798 7869
f 7798 7870 7869
f 7798 7799 7870
f 7799 7871 7870
f 7799 7800 7871
f 7800 7872 7871
f 7800 7801 7872
f 7801 7873 7872
f 7801 7802 7873
f 7802 7874 7873
f 7802 7803 7874
f 7803 7875 7874
f 7803 7804 7875
f 7804 7876 7875
f 7804 7805 7876
f 7805 7877 7876
f 7805 7806 7877
f 7806 7878 7877
f 7806 7807 7878
f 7807 7879 7878
f 7807 7808 7879
f 7808 7880 7879
f 7808 7809 7880
f 7809 7881 7880
f 7809 7810 7881
f 7810 7882 7881
f 7810 7811 7882
f 7811 7883 7882
f 7811 7812 7883
f 7812 7884 7883
f 7812 7813 7884
f 7813 7885 7884
f 7813 7814 7885
f 7814 7886 7885
f 7814 7815 7886
f 7815 7887 7886
f 7815 7816 7887
f 7816 7888 7887
f 7816 7817 7888
f 7817 7889 7888
f 7817 7818 7889
f 7818 7890 7889
f 7818 7819 7890
f 7819 7891 7890
f 7819 7820 7891
f 7820 7892 7891
f 7820 7821 7892
f 7821 7893 7892
f 7821 7822 7893
f 7822 7894 7893
f 7822 7823 7894
f 7823 7895 7894
f 7823 7824 7895
f 7824 7896 7895
f 7824 7825 7896
f 7825 7897 7896
f 7825 7826 7897
f 7826 7898 7897
f 7826 7827 7898
f 7827 7899 7898
f 7827 7828 7899
f 7828 7900 7899
f 7828 7829 7900
f 7829 7901 7900
f 7829 7830 7901
f 7830 7902 7901
f 7830 7831 7902
f 7831 7903 7902
f 7831 7832 7903
f 7832 7904 7903
f 7832 7833 7904
f 7833 7905 7904
f 7833 7834 7905
f 7834 7906 7905
f 7834 7835 7906
f 7835 7907 7906
f 7835 7836 7907
f 7836 7908 7907
f 7836 7837 7908
f 7837 7909 7908
f 7837 7838 7909
f 7838 7910 7909
f 7838 7839 7910
f 7839 7911 7910
f 7839 7840 7911
f 7840 7912 7911
f 7840 7841 7912
f 7841 7913 7912
f 7841 7842 7913
f 7842 7914 7913
f 7842 7843 7914
f 7843 7915 7914
f 7843 7844 7915
f 7844 7916 7915
f 7844 7845 7916
f 7845 7917 7916
f 7845 7846 7917
f 7846 7918 7917
f 7846 7847 7918
f 7847 7919 7918
f 7847 7848 7919
f 7848 7920 7919
f 7848 7777 7920
f 7777 7849 7920
f 7849 7850 7921
f 7850 7922 7921
f 7850 7851 7922
f 7851 7923 7922
f 7851 7852 7923
f 7852 7924 7923
f 7852 7853 7924
f 7853 7925 7924
f 7853 7854 7925
f 7854 7926 7925
f 7854 7855 7926
f 7855 7927 7926
f 7855 7856 7927
f 7856 7928 7927
f 7856 7857 7928
f 7857 7929 7928
f 7857 7858 7929
f 7858 7930 7929
f 7858 7859 7930
f 7859 7931 7930
f 7859 7860 7931
f 7860 7932 7931
f 7860 7861 7932
f 7861 7933 7932
f 7861 7862 7933
f 7862 7934 7933
f 7862 7863 7934
f 7863 7935 7934
f 7863 7864 7935
f 7864 7936 7935
f 7864 7865 7936
f 7865 7937 7936
f 7865 7866 7937
f 7866 7938 7937
f 7866 7867 7938
f 7867 7939 7938
f 7867 7868 7939
f 7868 7940 7939
f 7868 7869 7940
f 7869 7941 7940
f 7869 7870 7941
f 7870 7942 7941
f 7870 7871 7942
f 7871 7943 7942
f 7871 7872 7943
f 7872 7944 7943
f 7872 7873 7944
f 7873 7945 7944
f 7873 7874 7945
f 7874 7946 7945
f 7874 7875 7946
f 7875 7947 7946
f 7875 7876 7947
f 7876 7948 7947
f 7876 7877 7948
f 7877 7949 7948
f 7877 7878 7949
f 7878 7950 7949
f 7878 7879 7950
f 7879 7951 7950
f 7879 7880 7951
f 7880 7952 7951
f 7880 7881 7952
f 7881 7953 7952
f 7881 7882 7953
f 7882 7954 7953
f 7882 7883 7954
f 7883 7955 7954
f 7883 7884 7955
f 7884 7956 7955
f 7884 7885 7956
f 7885 7957 7956
f 7885 7886 7957
f 7886 7958 7957
f 7886 7887 7958
f 7887 7959 7958
f 7887 7888 7959
f 7888 7960 7959
f 7888 7889 7960
f 7889 7961 7960
f 7889 7890 7961
f 7890 7962 7961
f 7890 7891 7962
f 7891 7963 7962
f 7891 7892 7963
f 7892 7964 7963
f 7892 7893 7964
f 7893 7965 7964
f 7893 7894 7965
f 7894 7966 7965
f 7894 7895 7966
f 7895 7967 7966
f 7895 7896 7967
f 7896 7968 7967
f 7896 7897 7968
f 7897 7969 7968
f 7897 7898 7969
f 7898 7970 7969
f 7898 7899 7970
f 7899 7971 7970
f 7899 7900 7971
f 7900 7972 7971
f 7900 7901 7972
f 7901 7973 7972
f 7901 7902 7973
f 7902 7974 7973
f 7902 7903 7974
f 7903 7975 7974
f 7903 7904 7975
f 7904 7976 7975
f 7904 7905 7976
f 7905 7977 7976
f 7905 7906 7977
f 7906 7978 7977
f 7906 7907 7978
f 7907 7979 7978
f 7907 7908 7979
f 7908 7980 7979
f 7908 7909 7980
f 7909 7981 7980
f 7909 7910 7981
f 7910 7982 7981
f 7910 7911 7982
f 7911 7983 7982
f 7911 7912 7983
f 7912 7984 7983
f 7912 7913 7984
f 7913 7985 7984
f 7913 7914 7985
f 7914 7986 7985
f 7914 7915 7986
f 7915 7987 7986
f 7915 7916 7987
f 7916 7988 7987
f 7916 7917 7988
f 7917 7989 7988
f 7917 7918 7989
f 7918 7990 7989
f 7918 7919 7990
f 7919 7991 7990
f 7919 7920 7991
f 7920 7992 7991
f 7920 7849 7992
f 7849 7921 7992
f 7921 7922 7993
f 7922 7994 7993
f 7922 7923 7994
f 7923 7995 7994
f 7923 7924 7995
f 7924 7996 7995
f 7924 7925 7996
f 7925 7997 7996
f 7925 7926 7997
f 7926 7998 7997
f 7926 7927 7998
f 7927 7999 7998
f 7927 7928 7999
f 7928 8000 7999
f 7928 7929 8000
f 7929 8001 8000
f 7929 7930 8001
f 7930 8002 8001
f 7930 7931 8002
f 7931 8003 8002
f 7931 7932 8003
f 7932 8004 8003
f 7932 7933 8004
f 7933 8005 8004
f 7933 7934 8005
f 7934 8006 8005
f 7934 7935 8006
f 7935 8007 8006
f 7935 7936 8007
f 7936 8008 8007
f 7936 7937 8008
f 7937 8009 8008
f 7937 7938 8009
f 7938 8010 8009
f 7938 7939 8010
f 7939 8011 8010
f 7939 7940 8011
f 7940 8012 8011
f 7940 7941 8012
f 7941 8013 8012
f 7941 7942 8013
f 7942 8014 8013
f 7942 7943 8014
f 7943 8015 8014
f 7943 7944 8015
f 7944 8016 8015
f 7944 7945 8016
f 7945 8017 8016
f 7945 7946 8017
f 7946 8018 8017
f 7946 7947 8018
f 7947 8019 8018
f 7947 7948 8019
f 7948 8020 8019
f 7948 7949 8020
f 7949 8021 8020
f 7949 7950 8021
f 7950 8022 8021
f 7950 7951 8022
f 7951 8023 8022
f 7951 7952 8023
f 7952 8024 8023
f 7952 7953 8024
f 7953 8025 8024
f 7953 7954 8025
f 7954 8026 8025
f 7954 7955 8026
f 7955 8027 8026
f 7955 7956 8027
f 7956 8028 8027
f 7956 7957 8028
f 7957 8029 8028
f 7957 7958 8029
f 7958 8030 8029
f 7958 7959 8030
f 7959 8031 8030
f 7959 7960 8031
f 7960 8032 8031
f 7960 7961 8032
f 7961 8033 8032
f 7961 7962 8033
f 7962 8034 8033
f 7962 7963 8034
f 7963 8035 8034
f 7963 7964 8035
f 7964 8036 8035
f 7964 7965 8036
f 7965 8037 8036
f 7965 7966 8037
f 7966 8038 8037
f 7966 7967 8038
f 7967 8039 8038
f 7967 7968 8039
f 7968 8040 8039
f 7968 7969 8040
f 7969 8041 8040
f 7969 7970 8041
f 7970 8042 8041
f 7970 7971 8042
f 7971 8043 8042
f 7971 7972 8043
f 7972 8044 8043
f 7972 7973 8044
f 7973 8045 8044
f 7973 7974 8045
f 7974 8046 8045
f 7974 7975 8046
f 7975 8047 8046
f 7975 7976 8047
f 7976 8048 8047
f 7976 7977 8048
f 7977 8049 8048
f 7977 7978 8049
f 7978 8050 8049
f 7978 7979 8050
f 7979 8051 8050
f 7979 7980 8051
f 7980 8052 8051
f 7980 7981 8052
f 7981 8053 8052
f 7981 7982 8053
f 7982 8054 8053
f 7982 7983 8054
f 7983 8055 8054
f 7983 7984 8055
f 7984 8056 8055
f 7984 7985 8056
f 7985 8057 8056
f 7985 7986 8057
f 7986 8058 8057
f 7986 7987 8058
f 7987 8059 8058
f 7987 7988 8059
f 7988 8060 8059
f 7988 7989 8060
f 7989 8061 8060
f 7989 7990 8061
f 7990 8062 8061
f 7990 7991 8062
f 7991 8063 8062
f 7991 7992 8063
f 7992 8064 8063
f 7992 7921 8064
f 7921 7993 8064
f 7993 7994 8065
f 7994 8066 8065
f 7994 7995 8066
f 7995 8067 8066
f 7995 7996 8067
f 7996 8068 8067
f 7996 7997 8068
f 7997 8069 8068
f 7997 7998 8069
f 7998 8070 8069
f 7998 7999 8070
f 7999 8071 8070
f 7999 8000 8071
f 8000 8072 8071
f 8000 8001 8072
f 8001 8073 8072
f 8001 8002 8073
f 8002 8074 8073
f 8002 8003 8074
f 8003 8075 8074
f 8003 8004 8075
f 8004 8076 8075
f 8004 8005 8076
f 8005 8077 8076
f 8005 8006 8077
f 8006 8078 8077
f 8006 8007 8078
f 8007 8079 8078
f 8007 8008 8079
f 8008 8080 8079
f 8008 8009 8080
f 8009 8081 8080
f 8009 8010 8081
f 8010 8082 8081
f 8010 8011 8082
f 8011 8083 8082
f 8011 8012 8083
f 8012 8084 8083
f 8012 8013 8084
f 8013 8085 8084
f 8013 8014 8085
f 8014 8086 8085
f 8014 8015 8086
f 8015 8087 8086
f 8015 8016 8087
f 8016 8088 8087
f 8016 8017 8088
f 8017 8089 8088
f 8017 8018 8089
f 8018 8090 8089
f 8018 8019 8090
f 8019 8091 8090
f 8019 8020 8091
f 8020 8092 8091
f 8020 8021 8092
f 8021 8093 8092
f 8021 8022 8093
f 8022 8094 8093
f 8022 8023 8094
f 8023 8095 8094
f 8023 8024 8095
f 8024 8096 8095
f 8024 8025 8096
f 8025 8097 8096
f 8025 8026 8097
f 8026 8098 8097
f 8026 8027 8098
f 8027 8099 8098
f 8027 8028 8099
f 8028 8100 8099
f 8028 8029 8100
f 8029 8101 8100
f 8029 8030 8101
f 8030 8102 8101
f 8030 8031 8102
f 8031 8103 8102
f 8031 8032 8103
f 8032 8104 8103
f 8032 8033 8104
f 8033 8105 8104
f 8033 8034 8105
f 8034 8106 8105
f 8034 8035 8106
f 8035 8107 8106
f 8035 8036 8107
f 8036 8108 8107
f 8036 8037 8108
f 8037 8109 8108
f 8037 8038 8109
f 8038 8110 8109
f 8038 8039 8110
f 8039 8111 8110
f 8039 8040 8111
f 8040 8112 8111
f 8040 8041 8112
f 8041 8113 8112
f 8041 8042 8113
f 8042 8114 8113
f 8042 8043 8114
f 8043 8115 8114
f 8043 8044 8115
f 8044 8116 8115
f 8044 8045 8116
f 8045 8117 8116
f 8045 8046 8117
f 8046 8118 8117
f 8046 8047 8118
f 8047 8119 8118
f 8047 8048 8119
f 8048 8120 8119
f 8048 8049 8120
f 8049 8121 8120
f 8049 8050 8121
f 8050 8122 8121
f 8050 8051 8122
f 8051 8123 8122
f 8051 8052 8123
f 8052 8124 8123
f 8052 8053 8124
f 8053 8125 8124
f 8053 8054 8125
f 8054 8126 8125
f 8054 8055 8126
f 8055 8127 8126
f 8055 8056 8127
f 8056 8128 8127
f 8056 8057 8128
f 8057 8129 8128
f 8057 8058 8129
f 8058 8130 8129
f 8058 8059 8130
f 8059 8131 8130
f 8059 8060 8131
f 8060 8132 8131
f 8060 8061 8132
f 8061 8133 8132
f 8061 8062 8133
f 8062 8134 8133
f 8062 8063 8134
f 8063 8135 8134
f 8063 8064 8135
f 8064 8136 8135
f 8064 7993 8136
f 7993 8065 8136
f 8065 8066 8137
f 8066 8138 8137
f 8066 8067 8138
f 8067 8139 8138
f 8067 8068 8139
f 8068 8140 8139
f 8068 8069 8140
f 8069 8141 8140
f 8069 8070 8141
f 8070 8142 8141
f 8070 8071 8142
f 8071 8143 8142
f 8071 8072 8143
f 8072 8144 8143
f 8072 8073 8144
f 8073 8145 8144
f 8073 8074 8145
f 8074 8146 8145
f 8074 8075 8146
f 8075 8147 8146
f 8075 8076 8147
f 8076 8148 8147
f 8076 8077 8148
f 8077 8149 8148
f 8077 8078 8149
f 8078 8150 8149
f 8078 8079 8150
f 8079 8151 8150
f 8079 8080 8151
f 8080 8152 8151
f 8080 8081 8152
f 8081 8153 8152
f 8081 8082 8153
f 8082 8154 8153
f 8082 8083 8154
f 8083 8155 8154
f 8083 8084 8155
f 8084 8156 8155
f 8084 8085 8156
f 8085 8157 8156
f 8085 8086 8157
f 8086 8158 8157
f 8086 8087 8158
f 8087 8159 8158
f 8087 8088 8159
f 8088 8160 8159
f 8088 8089 8160
f 8089 8161 8160
f 8089 8090 8161
f 8090 8162 8161
f 8090 8091 8162
f 8091 8163 8162
f 8091 8092 8163
f 8092 8164 8163
f 8092 8093 8164
f 8093 8165 8164
f 8093 8094 8165
f 8094 8166 8165
f 8094 8095 8166
f 8095 8167 8166
f 8095 8096 8167
f 8096 8168 8167
f 8096 8097 8168
f 8097 8169 8168
f 8097 8098 8169
f 8098 8170 8169
f 8098 8099 8170
f 8099 8171 8170
f 8099 8100 8171
f 8100 8172 8171
f 8100 8101 8172
f 8101 8173 8172
f 8101 8102 8173
f 8102 8174 8173
f 8102 8103 8174
f 8103 8175 8174
f 8103 8104 8175
f 8104 8176 8175
f 8104 8105 8176
f 8105 8177 8176
f 8105 8106 8177
f 8106 8178 8177
f 8106 8107 8178
f 8107 8179 8178
f 8107 8108 8179
f 8108 8180 8179
f 8108 8109 8180
f 8109 8181 8180
f 8109 8110 8181
f 8110 8182 8181
f 8110 8111 8182
f 8111 8183 8182
f 8111 8112 8183
f 8112 8184 8183
f 8112 8113 8184
f 8113 8185 8184
f 8113 8114 8185
f 8114 8186 8185
f 8114 8115 8186
f 8115 8187 8186
f 8115 8116 8187
f 8116 8188 8187
f 8116 8117 8188
f 8117 8189 8188
f 8117 8118 8189
f 8118 8190 8189
f 8118 8119 8190
f 8119 8191 8190
f 8119 8120 8191
f 8120 8192 8191
f 8120 8121 8192
f 8121 8193 8192
f 8121 8122 8193
f 8122 8194 8193
f 8122 8123 8194
f 8123 8195 8194
f 8123 8124 8195
f 8124 8196 8195
f 8124 8125 8196
f 8125 8197 8196
f 8125 8126 8197
f 8126 8198 8197
f 8126 8127 8198
f 8127 8199 8198
f 8127 8128 8199
f 8128 8200 8199
f 8128 8129 8200
f 8129 8201 8200
f 8129 8130 8201
f 8130 8202 8201
f 8130 8131 8202
f 8131 8203 8202
f 8131 8132 8203
f 8132 8204 8203
f 8132 8133 8204
f 8133 8205 8204
f 8133 8134 8205
f 8134 8206 8205
f 8134 8135 8206
f 8135 8207 8206
f 8135 8136 8207
f 8136 8208 8207
f 8136 8065 8208
f 8065 8137 8208
f 8137 8138 8209
f 8138 8210 8209
f 8138 8139 8210
f 8139 8211 8210
f 8139 8140 8211
f 8140 8212 8211
f 8140 8141 8212
f 8141 8213 8212
f 8141 8142 8213
f 8142 8214 8213
f 8142 8143 8214
f 8143 8215 8214
f 8143 8144 8215
f 8144 8216 8215
f 8144 8145 8216
f 8145 8217 8216
f 8145 8146 8217
f 8146 8218 8217
f 8146 8147 8218
f 8147 8219 8218
f 8147 8148 8219
f 8148 8220 8219
f 8148 8149 8220
f 8149 8221 8220
f 8149 8150 8221
f 8150 8222 8221
f 8150 8151 8222
f 8151 8223 8222
f 8151 8152 8223
f 8152 8224 8223
f 8152 8153 8224
f 8153 8225 8224
f 8153 8154 8225
f 8154 8226 8225
f 8154 8155 8226
f 8155 8227 8226
f 8155 8156 8227
f 8156 8228 8227
f 8156 8157 8228
f 8157 8229 8228
f 8157 8158 8229
f 8158 8230 8229
f 8158 8159 8230
f 8159 8231 8230
f 8159 8160 8231
f 8160 8232 8231
f 8160 8161 8232
f 8161 8233 8232
f 8161 8162 8233
f 8162 8234 8233
f 8162 8163 8234
f 8163 8235 8234
f 8163 8164 8235
f 8164 8236 8235
f 8164 8165 8236
f 8165 8237 8236
f 8165 8166 8237
f 8166 8238 8237
f 8166 8167 8238
f 8167 8239 8238
f 8167 8168 8239
f 8168 8240 8239
f 8168 8169 8240
f 8169 8241 8240
f 8169 8170 8241
f 8170 8242 8241
f 8170 8171 8242
f 8171 8243 8242
f 8171 8172 8243
f 8172 8244 8243
f 8172 8173 8244
f 8173 8245 8244
f 8173 8174 8245
f 8174 8246 8245
f 8174 8175 8246
f 8175 8247 8246
f 8175 8176 8247
f 8176 8248 8247
f 8176 8177 8248
f 8177 8249 8248
f 8177 8178 8249
f 8178 8250 8249
f 8178 8179 8250
f 8179 8251 8250
f 8179 8180 8251
f 8180 8252 8251
f 8180 8181 8252
f 8181 8253 8252
f 8181 8182 8253
f 8182 8254 8253
f 8182 8183 8254
f 8183 8255 8254
f 8183 8184 8255
f 8184 8256 8255
f 8184 8185 8256
f 8185 8257 8256
f 8185 8186 8257
f 8186 8258 8257
f 8186 8187 8258
f 8187 8259 8258
f 8187 8188 8259
f 8188 8260 8259
f 8188 8189 8260
f 8189 8261 8260
f 8189 8190 8261
f 8190 8262 8261
f 8190 8191 8262
f 8191 8263 8262
f 8191 8192 8263
f 8192 8264 8263
f 8192 8193 8264
f 8193 8265 8264
f 8193 8194 8265
f 8194 8266 8265
f 8194 8195 8266
f 8195 8267 8266
f 8195 8196 8267
f 8196 8268 8267
f 8196 8197 8268
f 8197 8269 8268
f 8197 8198 8269
f 8198 8270 8269
f 8198 8199 8270
f 8199 8271 8270
f 8199 8200 8271
f 8200 8272 8271
f 8200 8201 8272
f 8201 8273 8272
f 8201 8202 8273
f 8202 8274 8273
f 8202 8203 8274
f 8203 8275 8274
f 8203 8204 8275
f 8204 8276 8275
f 8204 8205 8276
f 8205 8277 8276
f 8205 8206 8277
f 8206 8278 8277
f 8206 8207 8278
f 8207 8279 8278
f 8207 8208 8279
f 8208 8280 8279
f 8208 8137 8280
f 8137 8209 8280
f 8209 8210 8281
f 8210 8282 8281
f 8210 8211 8282
f 8211 8283 8282
f 8211 8212 8283
f 8212 8284 8283
f 8212 8213 8284
f 8213 8285 8284
f 8213 8214 8285
f 8214 8286 8285
f 8214 8215 8286
f 8215 8287 8286
f 8215 8216 8287
f 8216 8288 8287
f 8216 8217 8288
f 8217 8289 8288
f 8217 8218 8289
f 8218 8290 8289
f 8218 8219 8290
f 8219 8291 8290
f 8219 8220 8291
f 8220 8292 8291
f 8220 8221 8292
f 8221 8293 8292
f 8221 8222 8293
f 8222 8294 8293
f 8222 8223 8294
f 8223 8295 8294
f 8223 8224 8295
f 8224 8296 8295
f 8224 8225 8296
f 8225 8297 8296
f 8225 8226 8297
f 8226 8298 8297
f 8226 8227 8298
f 8227 8299 8298
f 8227 8228 8299
f 8228 8300 8299
f 8228 8229 8300
f 8229 8301 8300
f 8229 8230 8301
f 8230 8302 8301
f 8230 8231 8302
f 8231 8303 8302
f 8231 8232 8303
f 8232 8304 8303
f 8232 8233 8304
f 8233 8305 8304
f 8233 8234 8305
f 8234 8306 8305
f 8234 8235 8306
f 8235 8307 8306
f 8235 8236 8307
f 8236 8308 8307
f 8236 8237 8308
f 8237 8309 8308
f 8237 8238 8309
f 8238 8310 8309
f 8238 8239 8310
f 8239 8311 8310
f 8239 8240 8311
f 8240 8312 8311
f 8240 8241 8312
f 8241 8313 8312
f 8241 8242 8313
f 8242 8314 8313
f 8242 8243 8314
f 8243 8315 8314
f 8243 8244 8315
f 8244 8316 8315
f 8244 8245 8316
f 8245 8317 8316
f 8245 8246 8317
f 8246 8318 8317
f 8246 8247 8318
f 8247 8319 8318
f 8247 8248 8319
f 8248 8320 8319
f 8248 8249 8320
f 8249 8321 8320
f 8249 8250 8321
f 8250 8322 8321
f 8250 8251 8322
f 8251 8323 8322
f 8251 8252 8323
f 8252 8324 8323
f 8252 8253 8324
f 8253 8325 8324
f 8253 8254 8325
f 8254 8326 8325
f 8254 8255 8326
f 8255 8327 8326
f 8255 8256 8327
f 8256 8328 8327
f 8256 8257 8328
f 8257 8329 8328
f 8257 8258 8329
f 8258 8330 8329
f 8258 8259 8330
f 8259 8331 8330
f 8259 8260 8331
f 8260 8332 8331
f 8260 8261 8332
f 8261 8333 8332
f 8261 8262 8333
f 8262 8334 8333
f 8262 8263 8334
f 8263 8335 8334
f 8263 8264 8335
f 8264 8336 8335
f 8264 8265 8336
f 8265 8337 8336
f 8265 8266 8337
f 8266 8338 8337
f 8266 8267 8338
f 8267 8339 8338
f 8267 8268 8339
f 8268 8340 8339
f 8268 8269 8340
f 8269 8341 8340
f 8269 8270 8341
f 8270 8342 8341
f 8270 8271 8342
f 8271 8343 8342
f 8271 8272 8343
f 8272 8344 8343
f 8272 8273 8344
f 8273 8345 8344
f 8273 8274 8345
f 8274 8346 8345
f 8274 8275 8346
f 8275 8347 8346
f 8275 8276 8347
f 8276 8348 8347
f 8276 8277 8348
f 8277 8349 8348
f 8277 8278 8349
f 8278 8350 8349
f 8278 8279 8350
f 8279 8351 8350
f 8279 8280 8351
f 8280 8352 8351
f 8280 8209 8352
f 8209 8281 8352
f 8281 8282 8353
f 8282 8354 8353
f 8282 8283 8354
f 8283 8355 8354
f 8283 8284 8355
f 8284 8356 8355
f 8284 8285 8356
f 8285 8357 8356
f 8285 8286 8357
f 8286 8358 8357
f 8286 8287 8358
f 8287 8359 8358
f 8287 8288 8359
f 8288 8360 8359
f 8288 8289 8360
f 8289 8361 8360
f 8289 8290 8361
f 8290 8362 8361
f 8290 8291 8362
f 8291 8363 8362
f 8291 8292 8363
f 8292 8364 8363
f 8292 8293 8364
f 8293 8365 8364
f 8293 8294 8365
f 8294 8366 8365
f 8294 8295 8366
f 8295 8367 8366
f 8295 8296 8367
f 8296 8368 8367
f 8296 8297 8368
f 8297 8369 8368
f 8297 8298 8369
f 8298 8370 8369
f 8298 8299 8370
f 8299 8371 8370
f 8299 8300 8371
f 8300 8372 8371
f 8300 8301 8372
f 8301 8373 8372
f 8301 8302 8373
f 8302 8374 8373
f 8302 8303 8374
f 8303 8375 8374
f 8303 8304 8375
f 8304 8376 8375
f 8304 8305 8376
f 8305 8377 8376
f 8305 8306 8377
f 8306 8378 8377
f 8306 8307 8378
f 8307 8379 8378
f 8307 8308 8379
f 8308 8380 8379
f 8308 8309 8380
f 8309 8381 8380
f 8309 8310 8381
f 8310 8382 8381
f 8310 8311 8382
f 8311 8383 8382
f 8311 8312 8383
f 8312 8384 8383
f 8312 8313 8384
f 8313 8385 8384
f 8313 8314 8385
f 8314 8386 8385
f 8314 8315 8386
f 8315 8387 8386
f 8315 8316 8387
f 8316 8388 8387
f 8316 8317 8388
f 8317 8389 8388
f 8317 8318 8389
f 8318 8390 8389
f 8318 8319 8390
f 8319 8391 8390
f 8319 8320 8391
f 8320 8392 8391
f 8320 8321 8392
f 8321 8393 8392
f 8321 8322 8393
f 8322 8394 8393
f 8322 8323 8394
f 8323 8395 8394
f 8323 8324 8395
f 8324 8396 8395
f 8324 8325 8396
f 8325 8397 8396
f 8325 8326 8397
f 8326 8398 8397
f 8326 8327 8398
f 8327 8399 8398
f 8327 8328 8399
f 8328 8400 8399
f 8328 8329 8400
f 8329 8401 8400
f 8329 8330 8401
f 8330 8402 8401
f 8330 8331 8402
f 8331 8403 8402
f 8331 8332 8403
f 8332 8404 8403
f 8332 8333 8404
f 8333 8405 8404
f 8333 8334 8405
f 8334 8406 8405
f 8334 8335 8406
f 8335 8407 8406
f 8335 8336 8407
f 8336 8408 8407
f 8336 8337 8408
f 8337 8409 8408
f 8337 8338 8409
f 8338 8410 8409
f 8338 8339 8410
f 8339 8411 8410
f 8339 8340 8411
f 8340 8412 8411
f 8340 8341 8412
f 8341 8413 8412
f 8341 8342 8413
f 8342 8414 8413
f 8342 8343 8414
f 8343 8415 8414
f 8343 8344 8415
f 8344 8416 8415
f 8344 8345 8416
f 8345 8417 8416
f 8345 8346 8417
f 8346 8418 8417
f 8346 8347 8418
f 8347 8419 8418
f 8347 8348 8419
f 8348 8420 8419
f 8348 8349 8420
f 8349 8421 8420
f 8349 8350 8421
f 8350 8422 8421
f 8350 8351 8422
f 8351 8423 8422
f 8351 8352 8423
f 8352 8424 8423
f 8352 8281 8424
f 8281 8353 8424
f 8353 8354 8425
f 8354 8426 8425
f 8354 8355 8426
f 8355 8427 8426
f 8355 8356 8427
f 8356 8428 8427
f 8356 8357 8428
f 8357 8429 8428
f 8357 8358 8429
f 8358 8430 8429
f 8358 8359 8430
f 8359 8431 8430
f 8359 8360 8431
f 8360 8432 8431
f 8360 8361 8432
f 8361 8433 8432
f 8361 8362 8433
f 8362 8434 8433
f 8362 8363 8434
f 8363 8435 8434
f 8363 8364 8435
f 8364 8436 8435
f 8364 8365 8436
f 8365 8437 8436
f 8365 8366 8437
f 8366 8438 8437
f 8366 8367 8438
f 8367 8439 8438
f 8367 8368 8439
f 8368 8440 8439
f 8368 8369 8440
f 8369 8441 8440
f 8369 8370 8441
f 8370 8442 8441
f 8370 8371 8442
f 8371 8443 8442
f 8371 8372 8443
f 8372 8444 8443
f 8372 8373 8444
f 8373 8445 8444
f 8373 8374 8445
f 8374 8446 8445
f 8374 8375 8446
f 8375 8447 8446
f 8375 8376 8447
f 8376 8448 8447
f 8376 8377 8448
f 8377 8449 8448
f 8377 8378 8449
f 8378 8450 8449
f 8378 8379 8450
f 8379 8451 8450
f 8379 8380 8451
f 8380 8452 8451
f 8380 8381 8452
f 8381 8453 8452
f 8381 8382 8453
f 8382 8454 8453
f 8382 8383 8454
f 8383 8455 8454
f 8383 8384 8455
f 8384 8456 8455
f 8384 8385 8456
f 8385 8457 8456
f 8385 8386 8457
f 8386 8458 8457
f 8386 8387 8458
f 8387 8459 8458
f 8387 8388 8459
f 8388 8460 8459
f 8388 8389 8460
f 8389 8461 8460
f 8389 8390 8461
f 8390 8462 8461
f 8390 8391 8462
f 8391 8463 8462
f 8391 8392 8463
f 8392 8464 8463
f 8392 8393 8464
f 8393 8465 8464
f 8393 8394 8465
f 8394 8466 8465
f 8394 8395 8466
f 8395 8467 8466
f 8395 8396 8467
f 8396 8468 8467
f 8396 8397 8468
f 8397 8469 8468
f 8397 8398 8469
f 8398 8470 8469
f 8398 8399 8470
f 8399 8471 8470
f 8399 8400 8471
f 8400 8472 8471
f 8400 8401 8472
f 8401 8473 8472
f 8401 8402 8473
f 8402 8474 8473
f 8402 8403 8474
f 8403 8475 8474
f 8403 8404 8475
f 8404 8476 8475
f 8404 8405 8476
f 8405 8477 8476
f 8405 8406 8477
f 8406 8478 8477
f 8406 8407 8478
f 8407 8479 8478
f 8407 8408 8479
f 8408 8480 8479
f 8408 8409 8480
f 8409 8481 8480
f 8409 8410 8481
f 8410 8482 8481
f 8410 8411 8482
f 8411 8483 8482
f 8411 8412 8483
f 8412 8484 8483
f 8412 8413 8484
f 8413 8485 8484
f 8413 8414 8485
f 8414 8486 8485
f 8414 8415 8486
f 8415 8487 8486
f 8415 8416 8487
f 8416 8488 8487
f 8416 8417 8488
f 8417 8489 8488
f 8417 8418 8489
f 8418 8490 8489
f 8418 8419 8490
f 8419 8491 8490
f 8419 8420 8491
f 8420 8492 8491
f 8420 8421 8492
f 8421 8493 8492
f 8421 8422 8493
f 8422 8494 8493
f 8422 8423 8494
f 8423 8495 8494
f 8423 8424 8495
f 8424 8496 8495
f 8424 8353 8496
f 8353 8425 8496
f 8425 8426 8497
f 8426 8498 8497
f 8426 8427 8498
f 8427 8499 8498
f 8427 8428 8499
f 8428 8500 8499
f 8428 8429 8500
f 8429 8501 8500
f 8429 8430 8501
f 8430 8502 8501
f 8430 8431 8502
f 8431 8503 8502
f 8431 8432 8503
f 8432 8504 8503
f 8432 8433 8504
f 8433 8505 8504
f 8433 8434 8505
f 8434 8506 8505
f 8434 8435 8506
f 8435 8507 8506
f 8435 8436 8507
f 8436 8508 8507
f 8436 8437 8508
f 8437 8509 8508
f 8437 8438 8509
f 8438 8510 8509
f 8438 8439 8510
f 8439 8511 8510
f 8439 8440 8511
f 8440 8512 8511
f 8440 8441 8512
f 8441 8513 8512
f 8441 8442 8513
f 8442 8514 8513
f 8442 8443 8514
f 8443 8515 8514
f 8443 8444 8515
f 8444 8516 8515
f 8444 8445 8516
f 8445 8517 8516
f 8445 8446 8517
f 8446 8518 8517
f 8446 8447 8518
f 8447 8519 8518
f 8447 8448 8519
f 8448 8520 8519
f 8448 8449 8520
f 8449 8521 8520
f 8449 8450 8521
f 8450 8522 8521
f 8450 8451 8522
f 8451 8523 8522
f 8451 8452 8523
f 8452 8524 8523
f 8452 8453 8524
f 8453 8525 8524
f 8453 8454 8525
f 8454 8526 8525
f 8454 8455 8526
f 8455 8527 8526
f 8455 8456 8527
f 8456 8528 8527
f 8456 8457 8528
f 8457 8529 8528
f 8457 8458 8529
f 8458 8530 8529
f 8458 8459 8530
f 8459 8531 8530
f 8459 8460 8531
f 8460 8532 8531
f 8460 8461 8532
f 8461 8533 8532
f 8461 8462 8533
f 8462 8534 8533
f 8462 8463 8534
f 8463 8535 8534
f 8463 8464 8535
f 8464 8536 8535
f 8464 8465 8536
f 8465 8537 8536
f 8465 8466 8537
f 8466 8538 8537
f 8466 8467 8538
f 8467 8539 8538
f 8467 8468 8539
f 8468 8540 8539
f 8468 8469 8540
f 8469 8541 8540
f 8469 8470 8541
f 8470 8542 8541
f 8470 8471 8542
f 8471 8543 8542
f 8471 8472 8543
f 8472 8544 8543
f 8472 8473 8544
f 8473 8545 8544
f 8473 8474 8545
f 8474 8546 8545
f 8474 8475 8546
f 8475 8547 8546
f 8475 8476 8547
f 8476 8548 8547
f 8476 8477 8548
f 8477 8549 8548
f 8477 8478 8549
f 8478 8550 8549
f 8478 8479 8550
f 8479 8551 8550
f 8479 8480 8551
f 8480 8552 8551
f 8480 8481 8552
f 8481 8553 8552
f 8481 8482 8553
f 8482 8554 8553
f 8482 8483 8554
f 8483 8555 8554
f 8483 8484 8555
f 8484 8556 8555
f 8484 8485 8556
f 8485 8557 8556
f 8485 8486 8557
f 8486 8558 8557
f 8486 8487 8558
f 8487 8559 8558
f 8487 8488 8559
f 8488 8560 8559
f 8488 8489 8560
f 8489 8561 8560
f 8489 8490 8561
f 8490 8562 8561
f 8490 8491 8562
f 8491 8563 8562
f 8491 8492 8563
f 8492 8564 8563
f 8492 8493 8564
f 8493 8565 8564
f 8493 8494 8565
f 8494 8566 8565
f 8494 8495 8566
f 8495 8567 8566
f 8495 8496 8567
f 8496 8568 8567
f 8496 8425 8568
f 8425 8497 8568
f 8497 8498 8569
f 8498 8570 8569
f 8498 8499 8570
f 8499 8571 8570
f 8499 8500 8571
f 8500 8572 8571
f 8500 8501 8572
f 8501 8573 8572
f 8501 8502 8573
f 8502 8574 8573
f 8502 8503 8574
f 8503 8575 8574
f 8503 8504 8575
f 8504 8576 8575
f 8504 8505 8576
f 8505 8577 8576
f 8505 8506 8577
f 8506 8578 8577
f 8506 8507 8578
f 8507 8579 8578
f 8507 8508 8579
f 8508 8580 8579
f 8508 8509 8580
f 8509 8581 8580
f 8509 8510 8581
f 8510 8582 8581
f 8510 8511 8582
f 8511 8583 8582
f 8511 8512 8583
f 8512 8584 8583
f 8512 8513 8584
f 8513 8585 8584
f 8513 8514 8585
f 8514 8586 8585
f 8514 8515 8586
f 8515 8587 8586
f 8515 8516 8587
f 8516 8588 8587
f 8516 8517 8588
f 8517 8589 8588
f 8517 8518 8589
f 8518 8590 8589
f 8518 8519 8590
f 8519 8591 8590
f 8519 8520 8591
f 8520 8592 8591
f 8520 8521 8592
f 8521 8593 8592
f 8521 8522 8593
f 8522 8594 8593
f 8522 8523 8594
f 8523 8595 8594
f 8523 8524 8595
f 8524 8596 8595
f 8524 8525 8596
f 8525 8597 8596
f 8525 8526 8597
f 8526 8598 8597
f 8526 8527 8598
f 8527 8599 8598
f 8527 8528 8599
f 8528 8600 8599
f 8528 8529 8600
f 8529 8601 8600
f 8529 8530 8601
f 8530 8602 8601
f 8530 8531 8602
f 8531 8603 8602
f 8531 8532 8603
f 8532 8604 8603
f 8532 8533 8604
f 8533 8605 8604
f 8533 8534 8605
f 8534 8606 8605
f 8534 8535 8606
f 8535 8607 8606
f 8535 8536 8607
f 8536 8608 8607
f 8536 8537 8608
f 8537 8609 8608
f 8537 8538 8609
f 8538 8610 8609
f 8538 8539 8610
f 8539 8611 8610
f 8539 8540 8611
f 8540 8612 8611
f 8540 8541 8612
f 8541 8613 8612
f 8541 8542 8613
f 8542 8614 8613
f 8542 8543 8614
f 8543 8615 8614
f 8543 8544 8615
f 8544 8616 8615
f 8544 8545 8616
f 8545 8617 8616
f 8545 8546 8617
f 8546 8618 8617
f 8546 8547 8618
f 8547 8619 8618
f 8547 8548 8619
f 8548 8620 8619
f 8548 8549 8620
f 8549 8621 8620
f 8549 8550 8621
f 8550 8622 8621
f 8550 8551 8622
f 8551 8623 8622
f 8551 8552 8623
f 8552 8624 8623
f 8552 8553 8624
f 8553 8625 8624
f 8553 8554 8625
f 8554 8626 8625
f 8554 8555 8626
f 8555 8627 8626
f 8555 8556 8627
f 8556 8628 8627
f 8556 8557 8628
f 8557 8629 8628
f 8557 8558 8629
f 8558 8630 8629
f 8558 8559 8630
f 8559 8631 8630
f 8559 8560 8631
f 8560 8632 8631
f 8560 8561 8632
f 8561 8633 8632
f 8561 8562 8633
f 8562 8634 8633
f 8562 8563 8634
f 8563 8635 8634
f 8563 8564 8635
f 8564 8636 8635
f 8564 8565 8636
f 8565 8637 8636
f 8565 8566 8637
f 8566 8638 8637
f 8566 8567 8638
f 8567 8639 8638
f 8567 8568 8639
f 8568 8640 8639
f 8568 8497 8640
f 8497 8569 8640
f 8569 8570 8641
f 8570 8642 8641
f 8570 8571 8642
f 8571 8643 8642
f 8571 8572 8643
f 8572 8644 8643
f 8572 8573 8644
f 8573 8645 8644
f 8573 8574 8645
f 8574 8646 8645
f 8574 8575 8646
f 8575 8647 8646
f 8575 8576 8647
f 8576 8648 8647
f 8576 8577 8648
f 8577 8649 8648
f 8577 8578 8649
f 8578 8650 8649
f 8578 8579 8650
f 8579 8651 8650
f 8579 8580 8651
f 8580 8652 8651
f 8580 8581 8652
f 8581 8653 8652
f 8581 8582 8653
f 8582 8654 8653
f 8582 8583 8654
f 8583 8655 8654
f 8583 8584 8655
f 8584 8656 8655
f 8584 8585 8656
f 8585 8657 8656
f 8585 8586 8657
f 8586 8658 8657
f 8586 8587 8658
f 8587 8659 8658
f 8587 8588 8659
f 8588 8660 8659
f 8588 8589 8660
f 8589 8661 8660
f 8589 8590 8661
f 8590 8662 8661
f 8590 8591 8662
f 8591 8663 8662
f 8591 8592 8663
f 8592 8664 8663
f 8592 8593 8664
f 8593 8665 8664
f 8593 8594 8665
f 8594 8666 8665
f 8594 8595 8666
f 8595 8667 8666
f 8595 8596 8667
f 8596 8668 8667
f 8596 8597 8668
f 8597 8669 8668
f 8597 8598 8669
f 8598 8670 8669
f 8598 8599 8670
f 8599 8671 8670
f 8599 8600 8671
f 8600 8672 8671
f 8600 8601 8672
f 8601 8673 8672
f 8601 8602 8673
f 8602 8674 8673
f 8602 8603 8674
f 8603 8675 8674
f 8603 8604 8675
f 8604 8676 8675
f 8604 8605 8676
f 8605 8677 8676
f 8605 8606 8677
f 8606 8678 8677
f 8606 8607 8678
f 8607 8679 8678
f 8607 8608 8679
f 8608 8680 8679
f 8608 8609 8680
f 8609 8681 8680
f 8609 8610 8681
f 8610 8682 8681
f 8610 8611 8682
f 8611 8683 8682
f 8611 8612 8683
f 8612 8684 8683
f 8612 8613 8684
f 8613 8685 8684
f 8613 8614 8685
f 8614 8686 8685
f 8614 8615 8686
f 8615 8687 8686
f 8615 8616 8687
f 8616 8688 8687
f 8616 8617 8688
f 8617 8689 8688
f 8617 8618 8689
f 8618 8690 8689
f 8618 8619 8690
f 8619 8691 8690
f 8619 8620 8691
f 8620 8692 8691
f 8620 8621 8692
f 8621 8693 8692
f 8621 8622 8693
f 8622 8694 8693
f 8622 8623 8694
f 8623 8695 8694
f 8623 8624 8695
f 8624 8696 8695
f 8624 8625 8696
f 8625 8697 8696
f 8625 8626 8697
f 8626 8698 8697
f 8626 8627 8698
f 8627 8699 8698
f 8627 8628 8699
f 8628 8700 8699
f 8628 8629 8700
f 8629 8701 8700
f 8629 8630 8701
f 8630 8702 8701
f 8630 8631 8702
f 8631 8703 8702
f 8631 8632 8703
f 8632 8704 8703
f 8632 8633 8704
f 8633 8705 8704
f 8633 8634 8705
f 8634 8706 8705
f 8634 8635 8706
f 8635 8707 8706
f 8635 8636 8707
f 8636 8708 8707
f 8636 8637 8708
f 8637 8709 8708
f 8637 8638 8709
f 8638 8710 8709
f 8638 8639 8710
f 8639 8711 8710
f 8639 8640 8711
f 8640 8712 8711
f 8640 8569 8712
f 8569 8641 8712
f 8641 8642 8713
f 8642 8714 8713
f 8642 8643 8714
f 8643 8715 8714
f 8643 8644 8715
f 8644 8716 8715
f 8644 8645 8716
f 8645 8717 8716
f 8645 8646 8717
f 8646 8718 8717
f 8646 8647 8718
f 8647 8719 8718
f 8647 8648 8719
f 8648 8720 8719
f 8648 8649 8720
f 8649 8721 8720
f 8649 8650 8721
f 8650 8722 8721
f 8650 8651 8722
f 8651 8723 8722
f 8651 8652 8723
f 8652 8724 8723
f 8652 8653 8724
f 8653 8725 8724
f 8653 8654 8725
f 8654 8726 8725
f 8654 8655 8726
f 8655 8727 8726
f 8655 8656 8727
f 8656 8728 8727
f 8656 8657 8728
f 8657 8729 8728
f 8657 8658 8729
f 8658 8730 8729
f 8658 8659 8730
f 8659 8731 8730
f 8659 8660 8731
f 8660 8732 8731
f 8660 8661 8732
f 8661 8733 8732
f 8661 8662 8733
f 8662 8734 8733
f 8662 8663 8734
f 8663 8735 8734
f 8663 8664 8735
f 8664 8736 8735
f 8664 8665 8736
f 8665 8737 8736
f 8665 8666 8737
f 8666 8738 8737
f 8666 8667 8738
f 8667 8739 8738
f 8667 8668 8739
f 8668 8740 8739
f 8668 8669 8740
f 8669 8741 8740
f 8669 8670 8741
f 8670 8742 8741
f 8670 8671 8742
f 8671 8743 8742
f 8671 8672 8743
f 8672 8744 8743
f 8672 8673 8744
f 8673 8745 8744
f 8673 8674 8745
f 8674 8746 8745
f 8674 8675 8746
f 8675 8747 8746
f 8675 8676 8747
f 8676 8748 8747
f 8676 8677 8748
f 8677 8749 8748
f 8677 8678 8749
f 8678 8750 8749
f 8678 8679 8750
f 8679 8751 8750
f 8679 8680 8751
f 8680 8752 8751
f 8680 8681 8752
f 8681 8753 8752
f 8681 8682 8753
f 8682 8754 8753
f 8682 8683 8754
f 8683 8755 8754
f 8683 8684 8755
f 8684 8756 8755
f 8684 8685 8756
f 8685 8757 8756
f 8685 8686 8757
f 8686 8758 8757
f 8686 8687 8758
f 8687 8759 8758
f 8687 8688 8759
f 8688 8760 8759
f 8688 8689 8760
f 8689 8761 8760
f 8689 8690 8761
f 8690 8762 8761
f 8690 8691 8762
f 8691 8763 8762
f 8691 8692 8763
f 8692 8764 8763
f 8692 8693 8764
f 8693 8765 8764
f 8693 8694 8765
f 8694 8766 8765
f 8694 8695 8766
f 8695 8767 8766
f 8695 8696 8767
f 8696 8768 8767
f 8696 8697 8768
f 8697 8769 8768
f 8697 8698 8769
f 8698 8770 8769
f 8698 8699 8770
f 8699 8771 8770
f 8699 8700 8771
f 8700 8772 8771
f 8700 8701 8772
f 8701 8773 8772
f 8701 8702 8773
f 8702 8774 8773
f 8702 8703 8774
f 8703 8775 8774
f 8703 8704 8775
f 8704 8776 8775
f 8704 8705 8776
f 8705 8777 8776
f 8705 8706 8777
f 8706 8778 8777
f 8706 8707 8778
f 8707 8779 8778
f 8707 8708 8779
f 8708 8780 8779
f 8708 8709 8780
f 8709 8781 8780
f 8709 8710 8781
f 8710 8782 8781
f 8710 8711 8782
f 8711 8783 8782
f 8711 8712 8783
f 8712 8784 8783
f 8712 8641 8784
f 8641 8713 8784

